mtllib hm_ped_ivy.mtl
o Ped
v 0.06000 1.00814 0.06000
v 0.06000 1.00814 0.06000
v 0.06000 1.00814 0.06000
v 0.06000 1.00814 0.06000
v 0.06000 1.00814 0.06000
v 0.06000 1.00814 0.06000
v 0.06000 1.00814 0.06000
v 0.06000 1.00814 0.06000
v 0.06000 1.00814 0.06000
v 0.06000 1.00814 0.06000
v 0.06000 1.00814 0.06000
v 0.06000 1.00814 0.06000
v 0.12766 1.00129 0.06000
v 0.11859 1.00129 0.08487
v 0.09383 1.00129 0.10308
v 0.06000 1.00129 0.10975
v 0.02617 1.00129 0.10308
v 0.00141 1.00129 0.08487
v -0.00766 1.00129 0.06000
v 0.00141 1.00129 0.03513
v 0.02617 1.00129 0.01692
v 0.06000 1.00129 0.01025
v 0.09383 1.00129 0.01692
v 0.11859 1.00129 0.03513
v 0.18502 0.98178 0.06000
v 0.16827 0.98178 0.10596
v 0.12251 0.98178 0.13961
v 0.06000 0.98178 0.15192
v -0.00251 0.98178 0.13961
v -0.04827 0.98178 0.10596
v -0.06502 0.98178 0.06000
v -0.04827 0.98178 0.01404
v -0.00251 0.98178 -0.01961
v 0.06000 0.98178 -0.03192
v 0.12251 0.98178 -0.01961
v 0.16827 0.98178 0.01404
v 0.22334 0.95258 0.06000
v 0.20146 0.95258 0.12005
v 0.14167 0.95258 0.16401
v 0.06000 0.95258 0.18010
v -0.02167 0.95258 0.16401
v -0.08146 0.95258 0.12005
v -0.10334 0.95258 0.06000
v -0.08146 0.95258 -0.00005
v -0.02167 0.95258 -0.04401
v 0.06000 0.95258 -0.06010
v 0.14167 0.95258 -0.04401
v 0.20146 0.95258 -0.00005
v 0.23680 0.91814 0.06000
v 0.21311 0.91814 0.12500
v 0.14840 0.91814 0.17258
v 0.06000 0.91814 0.19000
v -0.02840 0.91814 0.17258
v -0.09311 0.91814 0.12500
v -0.11680 0.91814 0.06000
v -0.09311 0.91814 -0.00500
v -0.02840 0.91814 -0.05258
v 0.06000 0.91814 -0.07000
v 0.14840 0.91814 -0.05258
v 0.21311 0.91814 -0.00500
v 0.22334 0.88370 0.06000
v 0.20146 0.88370 0.12005
v 0.14167 0.88370 0.16401
v 0.06000 0.88370 0.18010
v -0.02167 0.88370 0.16401
v -0.08146 0.88370 0.12005
v -0.10334 0.88370 0.06000
v -0.08146 0.88370 -0.00005
v -0.02167 0.88370 -0.04401
v 0.06000 0.88370 -0.06010
v 0.14167 0.88370 -0.04401
v 0.20146 0.88370 -0.00005
v 0.18502 0.85450 0.06000
v 0.16827 0.85450 0.10596
v 0.12251 0.85450 0.13961
v 0.06000 0.85450 0.15192
v -0.00251 0.85450 0.13961
v -0.04827 0.85450 0.10596
v -0.06502 0.85450 0.06000
v -0.04827 0.85450 0.01404
v -0.00251 0.85450 -0.01961
v 0.06000 0.85450 -0.03192
v 0.12251 0.85450 -0.01961
v 0.16827 0.85450 0.01404
v 0.12766 0.83499 0.06000
v 0.11859 0.83499 0.08487
v 0.09383 0.83499 0.10308
v 0.06000 0.83499 0.10975
v 0.02617 0.83499 0.10308
v 0.00141 0.83499 0.08487
v -0.00766 0.83499 0.06000
v 0.00141 0.83499 0.03513
v 0.02617 0.83499 0.01692
v 0.06000 0.83499 0.01025
v 0.09383 0.83499 0.01692
v 0.11859 0.83499 0.03513
v 0.06000 0.82814 0.06000
v 0.06000 0.82814 0.06000
v 0.06000 0.82814 0.06000
v 0.06000 0.82814 0.06000
v 0.06000 0.82814 0.06000
v 0.06000 0.82814 0.06000
v 0.06000 0.82814 0.06000
v 0.06000 0.82814 0.06000
v 0.06000 0.82814 0.06000
v 0.06000 0.82814 0.06000
v 0.06000 0.82814 0.06000
v 0.06000 0.82814 0.06000
v 0.06000 1.04381 0.07000
v 0.06000 1.04381 0.07000
v 0.06000 1.04381 0.07000
v 0.06000 1.04381 0.07000
v 0.06000 1.04381 0.07000
v 0.06000 1.04381 0.07000
v 0.06000 1.04381 0.07000
v 0.06000 1.04381 0.07000
v 0.06000 1.04381 0.07000
v 0.06000 1.04381 0.07000
v 0.16992 1.03847 0.07000
v 0.14892 1.03847 0.11837
v 0.09397 1.03847 0.14826
v 0.02603 1.03847 0.14826
v -0.02892 1.03847 0.11837
v -0.04992 1.03847 0.07000
v -0.02892 1.03847 0.02163
v 0.02603 1.03847 -0.00826
v 0.09397 1.03847 -0.00826
v 0.14892 1.03847 0.02163
v 0.23785 1.02447 0.07000
v 0.20388 1.02447 0.14826
v 0.11496 1.02447 0.19663
v 0.00504 1.02447 0.19663
v -0.08388 1.02447 0.14826
v -0.11785 1.02447 0.07000
v -0.08388 1.02447 -0.00826
v 0.00504 1.02447 -0.05663
v 0.11496 1.02447 -0.05663
v 0.20388 1.02447 -0.00826
v 0.23785 1.00716 0.07000
v 0.20388 1.00716 0.14826
v 0.11496 1.00716 0.19663
v 0.00504 1.00716 0.19663
v -0.08388 1.00716 0.14826
v -0.11785 1.00716 0.07000
v -0.08388 1.00716 -0.00826
v 0.00504 1.00716 -0.05663
v 0.11496 1.00716 -0.05663
v 0.20388 1.00716 -0.00826
v 0.16992 0.99316 0.07000
v 0.14892 0.99316 0.11837
v 0.09397 0.99316 0.14826
v 0.02603 0.99316 0.14826
v -0.02892 0.99316 0.11837
v -0.04992 0.99316 0.07000
v -0.02892 0.99316 0.02163
v 0.02603 0.99316 -0.00826
v 0.09397 0.99316 -0.00826
v 0.14892 0.99316 0.02163
v 0.06000 0.98781 0.07000
v 0.06000 0.98781 0.07000
v 0.06000 0.98781 0.07000
v 0.06000 0.98781 0.07000
v 0.06000 0.98781 0.07000
v 0.06000 0.98781 0.07000
v 0.06000 0.98781 0.07000
v 0.06000 0.98781 0.07000
v 0.06000 0.98781 0.07000
v 0.06000 0.98781 0.07000
v 0.06000 1.03781 0.19000
v 0.06000 1.03781 0.19000
v 0.06000 1.03781 0.19000
v 0.06000 1.03781 0.19000
v 0.06000 1.03781 0.19000
v 0.06000 1.03781 0.19000
v 0.07980 1.03137 0.19000
v 0.06990 1.03137 0.19857
v 0.05010 1.03137 0.19857
v 0.04020 1.03137 0.19000
v 0.05010 1.03137 0.18143
v 0.06990 1.03137 0.18143
v 0.08800 1.01581 0.19000
v 0.07400 1.01581 0.20212
v 0.04600 1.01581 0.20212
v 0.03200 1.01581 0.19000
v 0.04600 1.01581 0.17788
v 0.07400 1.01581 0.17788
v 0.07980 1.00026 0.19000
v 0.06990 1.00026 0.19857
v 0.05010 1.00026 0.19857
v 0.04020 1.00026 0.19000
v 0.05010 1.00026 0.18143
v 0.06990 1.00026 0.18143
v 0.06000 0.99381 0.19000
v 0.06000 0.99381 0.19000
v 0.06000 0.99381 0.19000
v 0.06000 0.99381 0.19000
v 0.06000 0.99381 0.19000
v 0.06000 0.99381 0.19000
v 0.06000 1.48362 0.13000
v 0.06000 1.48362 0.13000
v 0.06000 1.48362 0.13000
v 0.06000 1.48362 0.13000
v 0.06000 1.48362 0.13000
v 0.06000 1.48362 0.13000
v 0.06000 1.48362 0.13000
v 0.06000 1.48362 0.13000
v 0.06000 1.48362 0.13000
v 0.06000 1.48362 0.13000
v 0.06000 1.48362 0.13000
v 0.06000 1.48362 0.13000
v 0.06000 1.48362 0.13000
v 0.06000 1.48362 0.13000
v 0.10845 1.47476 0.13000
v 0.10365 1.47476 0.14572
v 0.09021 1.47476 0.15833
v 0.07078 1.47476 0.16533
v 0.04922 1.47476 0.16533
v 0.02979 1.47476 0.15833
v 0.01635 1.47476 0.14572
v 0.01155 1.47476 0.13000
v 0.01635 1.47476 0.11428
v 0.02979 1.47476 0.10167
v 0.04922 1.47476 0.09467
v 0.07078 1.47476 0.09467
v 0.09021 1.47476 0.10167
v 0.10365 1.47476 0.11428
v 0.15360 1.44879 0.13000
v 0.14433 1.44879 0.16037
v 0.11836 1.44879 0.18473
v 0.08083 1.44879 0.19824
v 0.03917 1.44879 0.19824
v 0.00164 1.44879 0.18473
v -0.02433 1.44879 0.16037
v -0.03360 1.44879 0.13000
v -0.02433 1.44879 0.09963
v 0.00164 1.44879 0.07527
v 0.03917 1.44879 0.06176
v 0.08083 1.44879 0.06176
v 0.11836 1.44879 0.07527
v 0.14433 1.44879 0.09963
v 0.19237 1.40747 0.13000
v 0.17926 1.40747 0.17295
v 0.14253 1.40747 0.20740
v 0.08946 1.40747 0.22651
v 0.03054 1.40747 0.22651
v -0.02253 1.40747 0.20740
v -0.05926 1.40747 0.17295
v -0.07237 1.40747 0.13000
v -0.05926 1.40747 0.08705
v -0.02253 1.40747 0.05260
v 0.03054 1.40747 0.03349
v 0.08946 1.40747 0.03349
v 0.14253 1.40747 0.05260
v 0.17926 1.40747 0.08705
v 0.22212 1.35362 0.13000
v 0.20607 1.35362 0.18261
v 0.16108 1.35362 0.22479
v 0.09608 1.35362 0.24820
v 0.02392 1.35362 0.24820
v -0.04108 1.35362 0.22479
v -0.08607 1.35362 0.18261
v -0.10212 1.35362 0.13000
v -0.08607 1.35362 0.07739
v -0.04108 1.35362 0.03521
v 0.02392 1.35362 0.01180
v 0.09608 1.35362 0.01180
v 0.16108 1.35362 0.03521
v 0.20607 1.35362 0.07739
v 0.24082 1.29091 0.13000
v 0.22291 1.29091 0.18867
v 0.17274 1.29091 0.23573
v 0.10024 1.29091 0.26184
v 0.01976 1.29091 0.26184
v -0.05274 1.29091 0.23573
v -0.10291 1.29091 0.18867
v -0.12082 1.29091 0.13000
v -0.10291 1.29091 0.07133
v -0.05274 1.29091 0.02427
v 0.01976 1.29091 -0.00184
v 0.10024 1.29091 -0.00184
v 0.17274 1.29091 0.02427
v 0.22291 1.29091 0.07133
v 0.24720 1.22362 0.13000
v 0.22866 1.22362 0.19074
v 0.17672 1.22362 0.23946
v 0.10166 1.22362 0.26649
v 0.01834 1.22362 0.26649
v -0.05672 1.22362 0.23946
v -0.10866 1.22362 0.19074
v -0.12720 1.22362 0.13000
v -0.10866 1.22362 0.06926
v -0.05672 1.22362 0.02054
v 0.01834 1.22362 -0.00649
v 0.10166 1.22362 -0.00649
v 0.17672 1.22362 0.02054
v 0.22866 1.22362 0.06926
v 0.24082 1.15633 0.13000
v 0.22291 1.15633 0.18867
v 0.17274 1.15633 0.23573
v 0.10024 1.15633 0.26184
v 0.01976 1.15633 0.26184
v -0.05274 1.15633 0.23573
v -0.10291 1.15633 0.18867
v -0.12082 1.15633 0.13000
v -0.10291 1.15633 0.07133
v -0.05274 1.15633 0.02427
v 0.01976 1.15633 -0.00184
v 0.10024 1.15633 -0.00184
v 0.17274 1.15633 0.02427
v 0.22291 1.15633 0.07133
v 0.22212 1.09362 0.13000
v 0.20607 1.09362 0.18261
v 0.16108 1.09362 0.22479
v 0.09608 1.09362 0.24820
v 0.02392 1.09362 0.24820
v -0.04108 1.09362 0.22479
v -0.08607 1.09362 0.18261
v -0.10212 1.09362 0.13000
v -0.08607 1.09362 0.07739
v -0.04108 1.09362 0.03521
v 0.02392 1.09362 0.01180
v 0.09608 1.09362 0.01180
v 0.16108 1.09362 0.03521
v 0.20607 1.09362 0.07739
v 0.19237 1.03977 0.13000
v 0.17926 1.03977 0.17295
v 0.14253 1.03977 0.20740
v 0.08946 1.03977 0.22651
v 0.03054 1.03977 0.22651
v -0.02253 1.03977 0.20740
v -0.05926 1.03977 0.17295
v -0.07237 1.03977 0.13000
v -0.05926 1.03977 0.08705
v -0.02253 1.03977 0.05260
v 0.03054 1.03977 0.03349
v 0.08946 1.03977 0.03349
v 0.14253 1.03977 0.05260
v 0.17926 1.03977 0.08705
v 0.15360 0.99845 0.13000
v 0.14433 0.99845 0.16037
v 0.11836 0.99845 0.18473
v 0.08083 0.99845 0.19824
v 0.03917 0.99845 0.19824
v 0.00164 0.99845 0.18473
v -0.02433 0.99845 0.16037
v -0.03360 0.99845 0.13000
v -0.02433 0.99845 0.09963
v 0.00164 0.99845 0.07527
v 0.03917 0.99845 0.06176
v 0.08083 0.99845 0.06176
v 0.11836 0.99845 0.07527
v 0.14433 0.99845 0.09963
v 0.10845 0.97248 0.13000
v 0.10365 0.97248 0.14572
v 0.09021 0.97248 0.15833
v 0.07078 0.97248 0.16533
v 0.04922 0.97248 0.16533
v 0.02979 0.97248 0.15833
v 0.01635 0.97248 0.14572
v 0.01155 0.97248 0.13000
v 0.01635 0.97248 0.11428
v 0.02979 0.97248 0.10167
v 0.04922 0.97248 0.09467
v 0.07078 0.97248 0.09467
v 0.09021 0.97248 0.10167
v 0.10365 0.97248 0.11428
v 0.06000 0.96362 0.13000
v 0.06000 0.96362 0.13000
v 0.06000 0.96362 0.13000
v 0.06000 0.96362 0.13000
v 0.06000 0.96362 0.13000
v 0.06000 0.96362 0.13000
v 0.06000 0.96362 0.13000
v 0.06000 0.96362 0.13000
v 0.06000 0.96362 0.13000
v 0.06000 0.96362 0.13000
v 0.06000 0.96362 0.13000
v 0.06000 0.96362 0.13000
v 0.06000 0.96362 0.13000
v 0.06000 0.96362 0.13000
v 0.06000 1.17953 0.17000
v 0.06000 1.17953 0.17000
v 0.06000 1.17953 0.17000
v 0.06000 1.17953 0.17000
v 0.06000 1.17953 0.17000
v 0.06000 1.17953 0.17000
v 0.06000 1.17953 0.17000
v 0.06000 1.17953 0.17000
v 0.06000 1.17953 0.17000
v 0.06000 1.17953 0.17000
v 0.06000 1.17953 0.17000
v 0.06000 1.17953 0.17000
v 0.12452 1.16387 0.17000
v 0.11588 1.16387 0.19472
v 0.09226 1.16387 0.21282
v 0.06000 1.16387 0.21944
v 0.02774 1.16387 0.21282
v 0.00412 1.16387 0.19472
v -0.00452 1.16387 0.17000
v 0.00412 1.16387 0.14528
v 0.02774 1.16387 0.12718
v 0.06000 1.16387 0.12056
v 0.09226 1.16387 0.12718
v 0.11588 1.16387 0.14528
v 0.18273 1.11842 0.17000
v 0.16629 1.11842 0.21702
v 0.12136 1.11842 0.25145
v 0.06000 1.11842 0.26405
v -0.00136 1.11842 0.25145
v -0.04629 1.11842 0.21702
v -0.06273 1.11842 0.17000
v -0.04629 1.11842 0.12298
v -0.00136 1.11842 0.08855
v 0.06000 1.11842 0.07595
v 0.12136 1.11842 0.08855
v 0.16629 1.11842 0.12298
v 0.22892 1.04763 0.17000
v 0.20629 1.04763 0.23472
v 0.14446 1.04763 0.28210
v 0.06000 1.04763 0.29944
v -0.02446 1.04763 0.28210
v -0.08629 1.04763 0.23472
v -0.10892 1.04763 0.17000
v -0.08629 1.04763 0.10528
v -0.02446 1.04763 0.05790
v 0.06000 1.04763 0.04056
v 0.14446 1.04763 0.05790
v 0.20629 1.04763 0.10528
v 0.25858 0.95842 0.17000
v 0.23198 0.95842 0.24608
v 0.15929 0.95842 0.30178
v 0.06000 0.95842 0.32217
v -0.03929 0.95842 0.30178
v -0.11198 0.95842 0.24608
v -0.13858 0.95842 0.17000
v -0.11198 0.95842 0.09392
v -0.03929 0.95842 0.03822
v 0.06000 0.95842 0.01783
v 0.15929 0.95842 0.03822
v 0.23198 0.95842 0.09392
v 0.26880 0.85953 0.17000
v 0.24083 0.85953 0.25000
v 0.16440 0.85953 0.30856
v 0.06000 0.85953 0.33000
v -0.04440 0.85953 0.30856
v -0.12083 0.85953 0.25000
v -0.14880 0.85953 0.17000
v -0.12083 0.85953 0.09000
v -0.04440 0.85953 0.03144
v 0.06000 0.85953 0.01000
v 0.16440 0.85953 0.03144
v 0.24083 0.85953 0.09000
v 0.25858 0.76065 0.17000
v 0.23198 0.76065 0.24608
v 0.15929 0.76065 0.30178
v 0.06000 0.76065 0.32217
v -0.03929 0.76065 0.30178
v -0.11198 0.76065 0.24608
v -0.13858 0.76065 0.17000
v -0.11198 0.76065 0.09392
v -0.03929 0.76065 0.03822
v 0.06000 0.76065 0.01783
v 0.15929 0.76065 0.03822
v 0.23198 0.76065 0.09392
v 0.22892 0.67144 0.17000
v 0.20629 0.67144 0.23472
v 0.14446 0.67144 0.28210
v 0.06000 0.67144 0.29944
v -0.02446 0.67144 0.28210
v -0.08629 0.67144 0.23472
v -0.10892 0.67144 0.17000
v -0.08629 0.67144 0.10528
v -0.02446 0.67144 0.05790
v 0.06000 0.67144 0.04056
v 0.14446 0.67144 0.05790
v 0.20629 0.67144 0.10528
v 0.18273 0.60065 0.17000
v 0.16629 0.60065 0.21702
v 0.12136 0.60065 0.25145
v 0.06000 0.60065 0.26405
v -0.00136 0.60065 0.25145
v -0.04629 0.60065 0.21702
v -0.06273 0.60065 0.17000
v -0.04629 0.60065 0.12298
v -0.00136 0.60065 0.08855
v 0.06000 0.60065 0.07595
v 0.12136 0.60065 0.08855
v 0.16629 0.60065 0.12298
v 0.12452 0.55520 0.17000
v 0.11588 0.55520 0.19472
v 0.09226 0.55520 0.21282
v 0.06000 0.55520 0.21944
v 0.02774 0.55520 0.21282
v 0.00412 0.55520 0.19472
v -0.00452 0.55520 0.17000
v 0.00412 0.55520 0.14528
v 0.02774 0.55520 0.12718
v 0.06000 0.55520 0.12056
v 0.09226 0.55520 0.12718
v 0.11588 0.55520 0.14528
v 0.06000 0.53953 0.17000
v 0.06000 0.53953 0.17000
v 0.06000 0.53953 0.17000
v 0.06000 0.53953 0.17000
v 0.06000 0.53953 0.17000
v 0.06000 0.53953 0.17000
v 0.06000 0.53953 0.17000
v 0.06000 0.53953 0.17000
v 0.06000 0.53953 0.17000
v 0.06000 0.53953 0.17000
v 0.06000 0.53953 0.17000
v 0.06000 0.53953 0.17000
v 0.06000 1.52362 0.18000
v 0.06000 1.52362 0.18000
v 0.06000 1.52362 0.18000
v 0.06000 1.52362 0.18000
v 0.06000 1.52362 0.18000
v 0.06000 1.52362 0.18000
v 0.06000 1.52362 0.18000
v 0.06000 1.52362 0.18000
v 0.06000 1.52362 0.18000
v 0.06000 1.52362 0.18000
v 0.06000 1.52362 0.18000
v 0.06000 1.52362 0.18000
v 0.13138 1.50991 0.18000
v 0.12182 1.50991 0.20627
v 0.09569 1.50991 0.22549
v 0.06000 1.50991 0.23253
v 0.02431 1.50991 0.22549
v -0.00182 1.50991 0.20627
v -0.01138 1.50991 0.18000
v -0.00182 1.50991 0.15373
v 0.02431 1.50991 0.13451
v 0.06000 1.50991 0.12747
v 0.09569 1.50991 0.13451
v 0.12182 1.50991 0.15373
v 0.19578 1.47014 0.18000
v 0.17759 1.47014 0.22996
v 0.12789 1.47014 0.26654
v 0.06000 1.47014 0.27992
v -0.00789 1.47014 0.26654
v -0.05759 1.47014 0.22996
v -0.07578 1.47014 0.18000
v -0.05759 1.47014 0.13004
v -0.00789 1.47014 0.09346
v 0.06000 1.47014 0.08008
v 0.12789 1.47014 0.09346
v 0.17759 1.47014 0.13004
v 0.24688 1.40820 0.18000
v 0.22185 1.40820 0.24877
v 0.15344 1.40820 0.29911
v 0.06000 1.40820 0.31753
v -0.03344 1.40820 0.29911
v -0.10185 1.40820 0.24877
v -0.12688 1.40820 0.18000
v -0.10185 1.40820 0.11123
v -0.03344 1.40820 0.06089
v 0.06000 1.40820 0.04247
v 0.15344 1.40820 0.06089
v 0.22185 1.40820 0.11123
v 0.27969 1.33014 0.18000
v 0.25026 1.33014 0.26084
v 0.16985 1.33014 0.32002
v 0.06000 1.33014 0.34168
v -0.04985 1.33014 0.32002
v -0.13026 1.33014 0.26084
v -0.15969 1.33014 0.18000
v -0.13026 1.33014 0.09916
v -0.04985 1.33014 0.03998
v 0.06000 1.33014 0.01832
v 0.16985 1.33014 0.03998
v 0.25026 1.33014 0.09916
v 0.29100 1.24362 0.18000
v 0.26005 1.24362 0.26500
v 0.17550 1.24362 0.32722
v 0.06000 1.24362 0.35000
v -0.05550 1.24362 0.32722
v -0.14005 1.24362 0.26500
v -0.17100 1.24362 0.18000
v -0.14005 1.24362 0.09500
v -0.05550 1.24362 0.03278
v 0.06000 1.24362 0.01000
v 0.17550 1.24362 0.03278
v 0.26005 1.24362 0.09500
v 0.27969 1.15709 0.18000
v 0.25026 1.15709 0.26084
v 0.16985 1.15709 0.32002
v 0.06000 1.15709 0.34168
v -0.04985 1.15709 0.32002
v -0.13026 1.15709 0.26084
v -0.15969 1.15709 0.18000
v -0.13026 1.15709 0.09916
v -0.04985 1.15709 0.03998
v 0.06000 1.15709 0.01832
v 0.16985 1.15709 0.03998
v 0.25026 1.15709 0.09916
v 0.24688 1.07904 0.18000
v 0.22185 1.07904 0.24877
v 0.15344 1.07904 0.29911
v 0.06000 1.07904 0.31753
v -0.03344 1.07904 0.29911
v -0.10185 1.07904 0.24877
v -0.12688 1.07904 0.18000
v -0.10185 1.07904 0.11123
v -0.03344 1.07904 0.06089
v 0.06000 1.07904 0.04247
v 0.15344 1.07904 0.06089
v 0.22185 1.07904 0.11123
v 0.19578 1.01709 0.18000
v 0.17759 1.01709 0.22996
v 0.12789 1.01709 0.26654
v 0.06000 1.01709 0.27992
v -0.00789 1.01709 0.26654
v -0.05759 1.01709 0.22996
v -0.07578 1.01709 0.18000
v -0.05759 1.01709 0.13004
v -0.00789 1.01709 0.09346
v 0.06000 1.01709 0.08008
v 0.12789 1.01709 0.09346
v 0.17759 1.01709 0.13004
v 0.13138 0.97732 0.18000
v 0.12182 0.97732 0.20627
v 0.09569 0.97732 0.22549
v 0.06000 0.97732 0.23253
v 0.02431 0.97732 0.22549
v -0.00182 0.97732 0.20627
v -0.01138 0.97732 0.18000
v -0.00182 0.97732 0.15373
v 0.02431 0.97732 0.13451
v 0.06000 0.97732 0.12747
v 0.09569 0.97732 0.13451
v 0.12182 0.97732 0.15373
v 0.06000 0.96362 0.18000
v 0.06000 0.96362 0.18000
v 0.06000 0.96362 0.18000
v 0.06000 0.96362 0.18000
v 0.06000 0.96362 0.18000
v 0.06000 0.96362 0.18000
v 0.06000 0.96362 0.18000
v 0.06000 0.96362 0.18000
v 0.06000 0.96362 0.18000
v 0.06000 0.96362 0.18000
v 0.06000 0.96362 0.18000
v 0.06000 0.96362 0.18000
v -0.01000 1.44362 0.27000
v -0.01000 1.44362 0.27000
v -0.01000 1.44362 0.27000
v -0.01000 1.44362 0.27000
v -0.01000 1.44362 0.27000
v -0.01000 1.44362 0.27000
v -0.01000 1.44362 0.27000
v -0.01000 1.44362 0.27000
v 0.02527 1.42070 0.27000
v 0.01494 1.42070 0.28663
v -0.01000 1.42070 0.29351
v -0.03494 1.42070 0.28663
v -0.04527 1.42070 0.27000
v -0.03494 1.42070 0.25337
v -0.01000 1.42070 0.24649
v 0.01494 1.42070 0.25337
v 0.04706 1.36070 0.27000
v 0.03035 1.36070 0.29690
v -0.01000 1.36070 0.30804
v -0.05035 1.36070 0.29690
v -0.06706 1.36070 0.27000
v -0.05035 1.36070 0.24310
v -0.01000 1.36070 0.23196
v 0.03035 1.36070 0.24310
v 0.04706 1.28654 0.27000
v 0.03035 1.28654 0.29690
v -0.01000 1.28654 0.30804
v -0.05035 1.28654 0.29690
v -0.06706 1.28654 0.27000
v -0.05035 1.28654 0.24310
v -0.01000 1.28654 0.23196
v 0.03035 1.28654 0.24310
v 0.02527 1.22654 0.27000
v 0.01494 1.22654 0.28663
v -0.01000 1.22654 0.29351
v -0.03494 1.22654 0.28663
v -0.04527 1.22654 0.27000
v -0.03494 1.22654 0.25337
v -0.01000 1.22654 0.24649
v 0.01494 1.22654 0.25337
v -0.01000 1.20362 0.27000
v -0.01000 1.20362 0.27000
v -0.01000 1.20362 0.27000
v -0.01000 1.20362 0.27000
v -0.01000 1.20362 0.27000
v -0.01000 1.20362 0.27000
v -0.01000 1.20362 0.27000
v -0.01000 1.20362 0.27000
v 0.13000 1.44362 0.27000
v 0.13000 1.44362 0.27000
v 0.13000 1.44362 0.27000
v 0.13000 1.44362 0.27000
v 0.13000 1.44362 0.27000
v 0.13000 1.44362 0.27000
v 0.13000 1.44362 0.27000
v 0.13000 1.44362 0.27000
v 0.16527 1.42070 0.27000
v 0.15494 1.42070 0.28663
v 0.13000 1.42070 0.29351
v 0.10506 1.42070 0.28663
v 0.09473 1.42070 0.27000
v 0.10506 1.42070 0.25337
v 0.13000 1.42070 0.24649
v 0.15494 1.42070 0.25337
v 0.18706 1.36070 0.27000
v 0.17035 1.36070 0.29690
v 0.13000 1.36070 0.30804
v 0.08965 1.36070 0.29690
v 0.07294 1.36070 0.27000
v 0.08965 1.36070 0.24310
v 0.13000 1.36070 0.23196
v 0.17035 1.36070 0.24310
v 0.18706 1.28654 0.27000
v 0.17035 1.28654 0.29690
v 0.13000 1.28654 0.30804
v 0.08965 1.28654 0.29690
v 0.07294 1.28654 0.27000
v 0.08965 1.28654 0.24310
v 0.13000 1.28654 0.23196
v 0.17035 1.28654 0.24310
v 0.16527 1.22654 0.27000
v 0.15494 1.22654 0.28663
v 0.13000 1.22654 0.29351
v 0.10506 1.22654 0.28663
v 0.09473 1.22654 0.27000
v 0.10506 1.22654 0.25337
v 0.13000 1.22654 0.24649
v 0.15494 1.22654 0.25337
v 0.13000 1.20362 0.27000
v 0.13000 1.20362 0.27000
v 0.13000 1.20362 0.27000
v 0.13000 1.20362 0.27000
v 0.13000 1.20362 0.27000
v 0.13000 1.20362 0.27000
v 0.13000 1.20362 0.27000
v 0.13000 1.20362 0.27000
v 0.06000 1.05558 0.27000
v 0.06000 1.05558 0.27000
v 0.06000 1.05558 0.27000
v 0.06000 1.05558 0.27000
v 0.06000 1.05558 0.27000
v 0.06000 1.05558 0.27000
v 0.06000 1.05558 0.27000
v 0.06000 1.05558 0.27000
v 0.20001 1.04679 0.27000
v 0.15900 1.04679 0.29500
v 0.06000 1.04679 0.30536
v -0.03900 1.04679 0.29500
v -0.08001 1.04679 0.27000
v -0.03900 1.04679 0.24500
v 0.06000 1.04679 0.23464
v 0.15900 1.04679 0.24500
v 0.25800 1.02558 0.27000
v 0.20001 1.02558 0.30536
v 0.06000 1.02558 0.32000
v -0.08001 1.02558 0.30536
v -0.13800 1.02558 0.27000
v -0.08001 1.02558 0.23464
v 0.06000 1.02558 0.22000
v 0.20001 1.02558 0.23464
v 0.20001 1.00437 0.27000
v 0.15900 1.00437 0.29500
v 0.06000 1.00437 0.30536
v -0.03900 1.00437 0.29500
v -0.08001 1.00437 0.27000
v -0.03900 1.00437 0.24500
v 0.06000 1.00437 0.23464
v 0.15900 1.00437 0.24500
v 0.06000 0.99558 0.27000
v 0.06000 0.99558 0.27000
v 0.06000 0.99558 0.27000
v 0.06000 0.99558 0.27000
v 0.06000 0.99558 0.27000
v 0.06000 0.99558 0.27000
v 0.06000 0.99558 0.27000
v 0.06000 0.99558 0.27000
v 0.06000 1.47850 0.18000
v 0.06000 1.47850 0.18000
v 0.06000 1.47850 0.18000
v 0.06000 1.47850 0.18000
v 0.06000 1.47850 0.18000
v 0.06000 1.47850 0.18000
v 0.06000 1.47850 0.18000
v 0.06000 1.47850 0.18000
v 0.11878 1.47086 0.18000
v 0.10156 1.47086 0.21741
v 0.06000 1.47086 0.23290
v 0.01844 1.47086 0.21741
v 0.00122 1.47086 0.18000
v 0.01844 1.47086 0.14259
v 0.06000 1.47086 0.12710
v 0.10156 1.47086 0.14259
v 0.15511 1.45086 0.18000
v 0.12725 1.45086 0.24052
v 0.06000 1.45086 0.26560
v -0.00725 1.45086 0.24052
v -0.03511 1.45086 0.18000
v -0.00725 1.45086 0.11948
v 0.06000 1.45086 0.09440
v 0.12725 1.45086 0.11948
v 0.15511 1.42614 0.18000
v 0.12725 1.42614 0.24052
v 0.06000 1.42614 0.26560
v -0.00725 1.42614 0.24052
v -0.03511 1.42614 0.18000
v -0.00725 1.42614 0.11948
v 0.06000 1.42614 0.09440
v 0.12725 1.42614 0.11948
v 0.11878 1.40614 0.18000
v 0.10156 1.40614 0.21741
v 0.06000 1.40614 0.23290
v 0.01844 1.40614 0.21741
v 0.00122 1.40614 0.18000
v 0.01844 1.40614 0.14259
v 0.06000 1.40614 0.12710
v 0.10156 1.40614 0.14259
v 0.06000 1.39850 0.18000
v 0.06000 1.39850 0.18000
v 0.06000 1.39850 0.18000
v 0.06000 1.39850 0.18000
v 0.06000 1.39850 0.18000
v 0.06000 1.39850 0.18000
v 0.06000 1.39850 0.18000
v 0.06000 1.39850 0.18000
v 0.06000 1.37562 0.26000
v 0.06000 1.37562 0.26000
v 0.06000 1.37562 0.26000
v 0.06000 1.37562 0.26000
v 0.06000 1.37562 0.26000
v 0.07039 1.36962 0.26000
v 0.06321 1.36962 0.26824
v 0.05159 1.36962 0.26509
v 0.05159 1.36962 0.25491
v 0.06321 1.36962 0.25176
v 0.07039 1.35762 0.26000
v 0.06321 1.35762 0.26824
v 0.05159 1.35762 0.26509
v 0.05159 1.35762 0.25491
v 0.06321 1.35762 0.25176
v 0.06000 1.35162 0.26000
v 0.06000 1.35162 0.26000
v 0.06000 1.35162 0.26000
v 0.06000 1.35162 0.26000
v 0.06000 1.35162 0.26000
v 0.06000 1.27562 0.26000
v 0.06000 1.27562 0.26000
v 0.06000 1.27562 0.26000
v 0.06000 1.27562 0.26000
v 0.06000 1.27562 0.26000
v 0.07039 1.26962 0.26000
v 0.06321 1.26962 0.26824
v 0.05159 1.26962 0.26509
v 0.05159 1.26962 0.25491
v 0.06321 1.26962 0.25176
v 0.07039 1.25762 0.26000
v 0.06321 1.25762 0.26824
v 0.05159 1.25762 0.26509
v 0.05159 1.25762 0.25491
v 0.06321 1.25762 0.25176
v 0.06000 1.25162 0.26000
v 0.06000 1.25162 0.26000
v 0.06000 1.25162 0.26000
v 0.06000 1.25162 0.26000
v 0.06000 1.25162 0.26000
v 0.06000 1.17562 0.26000
v 0.06000 1.17562 0.26000
v 0.06000 1.17562 0.26000
v 0.06000 1.17562 0.26000
v 0.06000 1.17562 0.26000
v 0.07039 1.16962 0.26000
v 0.06321 1.16962 0.26824
v 0.05159 1.16962 0.26509
v 0.05159 1.16962 0.25491
v 0.06321 1.16962 0.25176
v 0.07039 1.15762 0.26000
v 0.06321 1.15762 0.26824
v 0.05159 1.15762 0.26509
v 0.05159 1.15762 0.25491
v 0.06321 1.15762 0.25176
v 0.06000 1.15162 0.26000
v 0.06000 1.15162 0.26000
v 0.06000 1.15162 0.26000
v 0.06000 1.15162 0.26000
v 0.06000 1.15162 0.26000
v 0.06000 1.07562 0.26000
v 0.06000 1.07562 0.26000
v 0.06000 1.07562 0.26000
v 0.06000 1.07562 0.26000
v 0.06000 1.07562 0.26000
v 0.07039 1.06962 0.26000
v 0.06321 1.06962 0.26824
v 0.05159 1.06962 0.26509
v 0.05159 1.06962 0.25491
v 0.06321 1.06962 0.25176
v 0.07039 1.05762 0.26000
v 0.06321 1.05762 0.26824
v 0.05159 1.05762 0.26509
v 0.05159 1.05762 0.25491
v 0.06321 1.05762 0.25176
v 0.06000 1.05162 0.26000
v 0.06000 1.05162 0.26000
v 0.06000 1.05162 0.26000
v 0.06000 1.05162 0.26000
v 0.06000 1.05162 0.26000
v 0.06000 1.39050 0.13000
v 0.06000 1.39050 0.13000
v 0.06000 1.39050 0.13000
v 0.06000 1.39050 0.13000
v 0.06000 1.39050 0.13000
v 0.06000 1.39050 0.13000
v 0.06000 1.39050 0.13000
v 0.06000 1.39050 0.13000
v 0.06000 1.39693 0.15400
v 0.07697 1.39693 0.14697
v 0.08400 1.39693 0.13000
v 0.07697 1.39693 0.11303
v 0.06000 1.39693 0.10600
v 0.04303 1.39693 0.11303
v 0.03600 1.39693 0.13000
v 0.04303 1.39693 0.14697
v 0.06000 1.41450 0.17157
v 0.08939 1.41450 0.15939
v 0.10157 1.41450 0.13000
v 0.08939 1.41450 0.10061
v 0.06000 1.41450 0.08843
v 0.03061 1.41450 0.10061
v 0.01843 1.41450 0.13000
v 0.03061 1.41450 0.15939
v 0.06000 1.43850 0.17800
v 0.09394 1.43850 0.16394
v 0.10800 1.43850 0.13000
v 0.09394 1.43850 0.09606
v 0.06000 1.43850 0.08200
v 0.02606 1.43850 0.09606
v 0.01200 1.43850 0.13000
v 0.02606 1.43850 0.16394
v 0.06000 1.46455 0.17800
v 0.09394 1.46455 0.16394
v 0.10800 1.46455 0.13000
v 0.09394 1.46455 0.09606
v 0.06000 1.46455 0.08200
v 0.02606 1.46455 0.09606
v 0.01200 1.46455 0.13000
v 0.02606 1.46455 0.16394
v 0.06000 1.49060 0.17800
v 0.09394 1.49060 0.16394
v 0.10800 1.49060 0.13000
v 0.09394 1.49060 0.09606
v 0.06000 1.49060 0.08200
v 0.02606 1.49060 0.09606
v 0.01200 1.49060 0.13000
v 0.02606 1.49060 0.16394
v 0.06000 1.51664 0.17800
v 0.09394 1.51664 0.16394
v 0.10800 1.51664 0.13000
v 0.09394 1.51664 0.09606
v 0.06000 1.51664 0.08200
v 0.02606 1.51664 0.09606
v 0.01200 1.51664 0.13000
v 0.02606 1.51664 0.16394
v 0.06000 1.54064 0.17157
v 0.08939 1.54064 0.15939
v 0.10157 1.54064 0.13000
v 0.08939 1.54064 0.10061
v 0.06000 1.54064 0.08843
v 0.03061 1.54064 0.10061
v 0.01843 1.54064 0.13000
v 0.03061 1.54064 0.15939
v 0.06000 1.55821 0.15400
v 0.07697 1.55821 0.14697
v 0.08400 1.55821 0.13000
v 0.07697 1.55821 0.11303
v 0.06000 1.55821 0.10600
v 0.04303 1.55821 0.11303
v 0.03600 1.55821 0.13000
v 0.04303 1.55821 0.14697
v 0.06000 1.56464 0.13000
v 0.06000 1.56464 0.13000
v 0.06000 1.56464 0.13000
v 0.06000 1.56464 0.13000
v 0.06000 1.56464 0.13000
v 0.06000 1.56464 0.13000
v 0.06000 1.56464 0.13000
v 0.06000 1.56464 0.13000
v 0.06358 1.71978 0.14984
v 0.06358 1.71978 0.14984
v 0.06358 1.71978 0.14984
v 0.06358 1.71978 0.14984
v 0.06358 1.71978 0.14984
v 0.06358 1.71978 0.14984
v 0.06358 1.71978 0.14984
v 0.06358 1.71978 0.14984
v 0.06358 1.71978 0.14984
v 0.06358 1.71978 0.14984
v 0.06358 1.71978 0.14984
v 0.06358 1.71978 0.14984
v 0.06358 1.71978 0.14984
v 0.06358 1.71978 0.14984
v 0.06358 1.71978 0.14984
v 0.06358 1.71978 0.14984
v 0.06358 1.71978 0.14984
v 0.06358 1.71978 0.14984
v 0.08373 1.71738 0.15351
v 0.08114 1.71738 0.16083
v 0.07644 1.71738 0.16684
v 0.07018 1.71738 0.17079
v 0.06312 1.71738 0.17221
v 0.05613 1.71738 0.17094
v 0.05003 1.71738 0.16712
v 0.04556 1.71738 0.16122
v 0.04327 1.71738 0.15394
v 0.04343 1.71738 0.14617
v 0.04602 1.71738 0.13884
v 0.05072 1.71738 0.13284
v 0.05698 1.71738 0.12889
v 0.06404 1.71738 0.12746
v 0.07104 1.71738 0.12874
v 0.07714 1.71738 0.13256
v 0.08160 1.71738 0.13846
v 0.08389 1.71738 0.14574
v 0.10311 1.71027 0.15703
v 0.09803 1.71027 0.17141
v 0.08880 1.71027 0.18318
v 0.07652 1.71027 0.19093
v 0.06269 1.71027 0.19373
v 0.04896 1.71027 0.19123
v 0.03699 1.71027 0.18374
v 0.02823 1.71027 0.17216
v 0.02374 1.71027 0.15789
v 0.02405 1.71027 0.14264
v 0.02913 1.71027 0.12827
v 0.03836 1.71027 0.11650
v 0.05064 1.71027 0.10874
v 0.06447 1.71027 0.10595
v 0.07820 1.71027 0.10845
v 0.09017 1.71027 0.11594
v 0.09893 1.71027 0.12752
v 0.10342 1.71027 0.14179
v 0.12097 1.69872 0.16028
v 0.11360 1.69872 0.18115
v 0.10019 1.69872 0.19824
v 0.08237 1.69872 0.20950
v 0.06228 1.69872 0.21356
v 0.04235 1.69872 0.20993
v 0.02498 1.69872 0.19905
v 0.01226 1.69872 0.18224
v 0.00574 1.69872 0.16152
v 0.00619 1.69872 0.13939
v 0.01356 1.69872 0.11853
v 0.02697 1.69872 0.10143
v 0.04479 1.69872 0.09018
v 0.06488 1.69872 0.08612
v 0.08481 1.69872 0.08975
v 0.10218 1.69872 0.10062
v 0.11490 1.69872 0.11743
v 0.12142 1.69872 0.13815
v 0.13663 1.68317 0.16313
v 0.12724 1.68317 0.18969
v 0.11018 1.68317 0.21145
v 0.08750 1.68317 0.22577
v 0.06193 1.68317 0.23093
v 0.03656 1.68317 0.22632
v 0.01445 1.68317 0.21248
v -0.00173 1.68317 0.19108
v -0.01004 1.68317 0.16471
v -0.00947 1.68317 0.13655
v -0.00008 1.68317 0.10998
v 0.01698 1.68317 0.08823
v 0.03967 1.68317 0.07391
v 0.06523 1.68317 0.06874
v 0.09060 1.68317 0.07336
v 0.11271 1.68317 0.08720
v 0.12890 1.68317 0.10860
v 0.13720 1.68317 0.13497
v 0.14947 1.66423 0.16547
v 0.13844 1.66423 0.19670
v 0.11838 1.66423 0.22228
v 0.09170 1.66423 0.23912
v 0.06164 1.66423 0.24520
v 0.03181 1.66423 0.23977
v 0.00581 1.66423 0.22349
v -0.01322 1.66423 0.19833
v -0.02299 1.66423 0.16733
v -0.02231 1.66423 0.13421
v -0.01128 1.66423 0.10298
v 0.00879 1.66423 0.07740
v 0.03546 1.66423 0.06055
v 0.06552 1.66423 0.05448
v 0.09535 1.66423 0.05991
v 0.12135 1.66423 0.07618
v 0.14038 1.66423 0.10134
v 0.15015 1.66423 0.13235
v 0.15902 1.64262 0.16721
v 0.14676 1.64262 0.20191
v 0.12447 1.64262 0.23033
v 0.09483 1.64262 0.24905
v 0.06142 1.64262 0.25580
v 0.02828 1.64262 0.24976
v -0.00061 1.64262 0.23168
v -0.02176 1.64262 0.20372
v -0.03261 1.64262 0.16927
v -0.03186 1.64262 0.13247
v -0.01960 1.64262 0.09777
v 0.00270 1.64262 0.06934
v 0.03233 1.64262 0.05063
v 0.06574 1.64262 0.04388
v 0.09889 1.64262 0.04991
v 0.12777 1.64262 0.06800
v 0.14892 1.64262 0.09595
v 0.15977 1.64262 0.13041
v 0.16490 1.61917 0.16828
v 0.15188 1.61917 0.20512
v 0.12822 1.61917 0.23529
v 0.09675 1.61917 0.25516
v 0.06129 1.61917 0.26232
v 0.02610 1.61917 0.25592
v -0.00457 1.61917 0.23672
v -0.02701 1.61917 0.20704
v -0.03853 1.61917 0.17047
v -0.03774 1.61917 0.13140
v -0.02472 1.61917 0.09456
v -0.00105 1.61917 0.06439
v 0.03041 1.61917 0.04452
v 0.06587 1.61917 0.03735
v 0.10106 1.61917 0.04376
v 0.13173 1.61917 0.06296
v 0.15417 1.61917 0.09263
v 0.16570 1.61917 0.12921
v 0.16688 1.59478 0.16864
v 0.15361 1.59478 0.20620
v 0.12948 1.59478 0.23696
v 0.09740 1.59478 0.25722
v 0.06124 1.59478 0.26453
v 0.02537 1.59478 0.25800
v -0.00590 1.59478 0.23842
v -0.02879 1.59478 0.20816
v -0.04053 1.59478 0.17087
v -0.03972 1.59478 0.13104
v -0.02645 1.59478 0.09348
v -0.00232 1.59478 0.06271
v 0.02976 1.59478 0.04246
v 0.06592 1.59478 0.03515
v 0.10179 1.59478 0.04168
v 0.13306 1.59478 0.06125
v 0.15595 1.59478 0.09151
v 0.16770 1.59478 0.12881
v 0.16490 1.57040 0.16828
v 0.15188 1.57040 0.20512
v 0.12822 1.57040 0.23529
v 0.09675 1.57040 0.25516
v 0.06129 1.57040 0.26232
v 0.02610 1.57040 0.25592
v -0.00457 1.57040 0.23672
v -0.02701 1.57040 0.20704
v -0.03853 1.57040 0.17047
v -0.03774 1.57040 0.13140
v -0.02472 1.57040 0.09456
v -0.00105 1.57040 0.06439
v 0.03041 1.57040 0.04452
v 0.06587 1.57040 0.03735
v 0.10106 1.57040 0.04376
v 0.13173 1.57040 0.06296
v 0.15417 1.57040 0.09263
v 0.16570 1.57040 0.12921
v 0.15902 1.54695 0.16721
v 0.14676 1.54695 0.20191
v 0.12447 1.54695 0.23033
v 0.09483 1.54695 0.24905
v 0.06142 1.54695 0.25580
v 0.02828 1.54695 0.24976
v -0.00061 1.54695 0.23168
v -0.02176 1.54695 0.20372
v -0.03261 1.54695 0.16927
v -0.03186 1.54695 0.13247
v -0.01960 1.54695 0.09777
v 0.00270 1.54695 0.06934
v 0.03233 1.54695 0.05063
v 0.06574 1.54695 0.04388
v 0.09889 1.54695 0.04991
v 0.12777 1.54695 0.06800
v 0.14892 1.54695 0.09595
v 0.15977 1.54695 0.13041
v 0.14947 1.52534 0.16547
v 0.13844 1.52534 0.19670
v 0.11838 1.52534 0.22228
v 0.09170 1.52534 0.23912
v 0.06164 1.52534 0.24520
v 0.03181 1.52534 0.23977
v 0.00581 1.52534 0.22349
v -0.01322 1.52534 0.19833
v -0.02299 1.52534 0.16733
v -0.02231 1.52534 0.13421
v -0.01128 1.52534 0.10298
v 0.00879 1.52534 0.07740
v 0.03546 1.52534 0.06055
v 0.06552 1.52534 0.05448
v 0.09535 1.52534 0.05991
v 0.12135 1.52534 0.07618
v 0.14038 1.52534 0.10134
v 0.15015 1.52534 0.13235
v 0.13663 1.50639 0.16313
v 0.12724 1.50639 0.18969
v 0.11018 1.50639 0.21145
v 0.08750 1.50639 0.22577
v 0.06193 1.50639 0.23093
v 0.03656 1.50639 0.22632
v 0.01445 1.50639 0.21248
v -0.00173 1.50639 0.19108
v -0.01004 1.50639 0.16471
v -0.00947 1.50639 0.13655
v -0.00008 1.50639 0.10998
v 0.01698 1.50639 0.08823
v 0.03967 1.50639 0.07391
v 0.06523 1.50639 0.06874
v 0.09060 1.50639 0.07336
v 0.11271 1.50639 0.08720
v 0.12890 1.50639 0.10860
v 0.13720 1.50639 0.13497
v 0.12097 1.49085 0.16028
v 0.11360 1.49085 0.18115
v 0.10019 1.49085 0.19824
v 0.08237 1.49085 0.20950
v 0.06228 1.49085 0.21356
v 0.04235 1.49085 0.20993
v 0.02498 1.49085 0.19905
v 0.01226 1.49085 0.18224
v 0.00574 1.49085 0.16152
v 0.00619 1.49085 0.13939
v 0.01356 1.49085 0.11853
v 0.02697 1.49085 0.10143
v 0.04479 1.49085 0.09018
v 0.06488 1.49085 0.08612
v 0.08481 1.49085 0.08975
v 0.10218 1.49085 0.10062
v 0.11490 1.49085 0.11743
v 0.12142 1.49085 0.13815
v 0.10311 1.47930 0.15703
v 0.09803 1.47930 0.17141
v 0.08880 1.47930 0.18318
v 0.07652 1.47930 0.19093
v 0.06269 1.47930 0.19373
v 0.04896 1.47930 0.19123
v 0.03699 1.47930 0.18374
v 0.02823 1.47930 0.17216
v 0.02374 1.47930 0.15789
v 0.02405 1.47930 0.14264
v 0.02913 1.47930 0.12827
v 0.03836 1.47930 0.11650
v 0.05064 1.47930 0.10874
v 0.06447 1.47930 0.10595
v 0.07820 1.47930 0.10845
v 0.09017 1.47930 0.11594
v 0.09893 1.47930 0.12752
v 0.10342 1.47930 0.14179
v 0.08373 1.47218 0.15351
v 0.08114 1.47218 0.16083
v 0.07644 1.47218 0.16684
v 0.07018 1.47218 0.17079
v 0.06312 1.47218 0.17221
v 0.05613 1.47218 0.17094
v 0.05003 1.47218 0.16712
v 0.04556 1.47218 0.16122
v 0.04327 1.47218 0.15394
v 0.04343 1.47218 0.14617
v 0.04602 1.47218 0.13884
v 0.05072 1.47218 0.13284
v 0.05698 1.47218 0.12889
v 0.06404 1.47218 0.12746
v 0.07104 1.47218 0.12874
v 0.07714 1.47218 0.13256
v 0.08160 1.47218 0.13846
v 0.08389 1.47218 0.14574
v 0.06358 1.46978 0.14984
v 0.06358 1.46978 0.14984
v 0.06358 1.46978 0.14984
v 0.06358 1.46978 0.14984
v 0.06358 1.46978 0.14984
v 0.06358 1.46978 0.14984
v 0.06358 1.46978 0.14984
v 0.06358 1.46978 0.14984
v 0.06358 1.46978 0.14984
v 0.06358 1.46978 0.14984
v 0.06358 1.46978 0.14984
v 0.06358 1.46978 0.14984
v 0.06358 1.46978 0.14984
v 0.06358 1.46978 0.14984
v 0.06358 1.46978 0.14984
v 0.06358 1.46978 0.14984
v 0.06358 1.46978 0.14984
v 0.06358 1.46978 0.14984
v 0.06358 1.66878 0.23784
v 0.06358 1.66878 0.23784
v 0.06358 1.66878 0.23784
v 0.06358 1.66878 0.23784
v 0.06358 1.66878 0.23784
v 0.06358 1.66878 0.23784
v 0.06358 1.66878 0.23784
v 0.06358 1.66878 0.23784
v 0.06358 1.66878 0.23784
v 0.06358 1.66878 0.23784
v 0.10590 1.66573 0.23784
v 0.09782 1.66573 0.24751
v 0.07666 1.66573 0.25349
v 0.05050 1.66573 0.25349
v 0.02934 1.66573 0.24751
v 0.02126 1.66573 0.23784
v 0.02934 1.66573 0.22816
v 0.05050 1.66573 0.22219
v 0.07666 1.66573 0.22219
v 0.09782 1.66573 0.22816
v 0.13206 1.65773 0.23784
v 0.11898 1.65773 0.25349
v 0.08474 1.65773 0.26316
v 0.04242 1.65773 0.26316
v 0.00818 1.65773 0.25349
v -0.00490 1.65773 0.23784
v 0.00818 1.65773 0.22219
v 0.04242 1.65773 0.21251
v 0.08474 1.65773 0.21251
v 0.11898 1.65773 0.22219
v 0.13206 1.64784 0.23784
v 0.11898 1.64784 0.25349
v 0.08474 1.64784 0.26316
v 0.04242 1.64784 0.26316
v 0.00818 1.64784 0.25349
v -0.00490 1.64784 0.23784
v 0.00818 1.64784 0.22219
v 0.04242 1.64784 0.21251
v 0.08474 1.64784 0.21251
v 0.11898 1.64784 0.22219
v 0.10590 1.63984 0.23784
v 0.09782 1.63984 0.24751
v 0.07666 1.63984 0.25349
v 0.05050 1.63984 0.25349
v 0.02934 1.63984 0.24751
v 0.02126 1.63984 0.23784
v 0.02934 1.63984 0.22816
v 0.05050 1.63984 0.22219
v 0.07666 1.63984 0.22219
v 0.09782 1.63984 0.22816
v 0.06358 1.63678 0.23784
v 0.06358 1.63678 0.23784
v 0.06358 1.63678 0.23784
v 0.06358 1.63678 0.23784
v 0.06358 1.63678 0.23784
v 0.06358 1.63678 0.23784
v 0.06358 1.63678 0.23784
v 0.06358 1.63678 0.23784
v 0.06358 1.63678 0.23784
v 0.06358 1.63678 0.23784
v 0.02558 1.66478 0.24984
v 0.02558 1.66478 0.24984
v 0.02558 1.66478 0.24984
v 0.02558 1.66478 0.24984
v 0.02558 1.66478 0.24984
v 0.02558 1.66478 0.24984
v 0.04983 1.66078 0.24984
v 0.03770 1.66078 0.25884
v 0.01346 1.66078 0.25884
v 0.00133 1.66078 0.24984
v 0.01346 1.66078 0.24084
v 0.03770 1.66078 0.24084
v 0.04983 1.65278 0.24984
v 0.03770 1.65278 0.25884
v 0.01346 1.65278 0.25884
v 0.00133 1.65278 0.24984
v 0.01346 1.65278 0.24084
v 0.03770 1.65278 0.24084
v 0.02558 1.64878 0.24984
v 0.02558 1.64878 0.24984
v 0.02558 1.64878 0.24984
v 0.02558 1.64878 0.24984
v 0.02558 1.64878 0.24984
v 0.02558 1.64878 0.24984
v 0.10158 1.66478 0.24984
v 0.10158 1.66478 0.24984
v 0.10158 1.66478 0.24984
v 0.10158 1.66478 0.24984
v 0.10158 1.66478 0.24984
v 0.10158 1.66478 0.24984
v 0.12583 1.66078 0.24984
v 0.11370 1.66078 0.25884
v 0.08946 1.66078 0.25884
v 0.07733 1.66078 0.24984
v 0.08946 1.66078 0.24084
v 0.11370 1.66078 0.24084
v 0.12583 1.65278 0.24984
v 0.11370 1.65278 0.25884
v 0.08946 1.65278 0.25884
v 0.07733 1.65278 0.24984
v 0.08946 1.65278 0.24084
v 0.11370 1.65278 0.24084
v 0.10158 1.64878 0.24984
v 0.10158 1.64878 0.24984
v 0.10158 1.64878 0.24984
v 0.10158 1.64878 0.24984
v 0.10158 1.64878 0.24984
v 0.10158 1.64878 0.24984
v 0.06358 1.65278 0.26784
v 0.06358 1.65278 0.26784
v 0.06358 1.65278 0.26784
v 0.06358 1.65278 0.26784
v 0.06358 1.65278 0.26784
v 0.06358 1.65278 0.26784
v 0.06358 1.65278 0.26784
v 0.06358 1.65278 0.26784
v 0.06970 1.64974 0.26784
v 0.06791 1.64974 0.27542
v 0.06358 1.64974 0.27855
v 0.05925 1.64974 0.27542
v 0.05746 1.64974 0.26784
v 0.05925 1.64974 0.26026
v 0.06358 1.64974 0.25712
v 0.06791 1.64974 0.26026
v 0.07489 1.64107 0.26784
v 0.07158 1.64107 0.28184
v 0.06358 1.64107 0.28764
v 0.05558 1.64107 0.28184
v 0.05227 1.64107 0.26784
v 0.05558 1.64107 0.25384
v 0.06358 1.64107 0.24804
v 0.07158 1.64107 0.25384
v 0.07836 1.62809 0.26784
v 0.07403 1.62809 0.28613
v 0.06358 1.62809 0.29371
v 0.05313 1.62809 0.28613
v 0.04880 1.62809 0.26784
v 0.05313 1.62809 0.24955
v 0.06358 1.62809 0.24197
v 0.07403 1.62809 0.24955
v 0.07958 1.61278 0.26784
v 0.07489 1.61278 0.28764
v 0.06358 1.61278 0.29584
v 0.05227 1.61278 0.28764
v 0.04758 1.61278 0.26784
v 0.05227 1.61278 0.24804
v 0.06358 1.61278 0.23984
v 0.07489 1.61278 0.24804
v 0.07836 1.59747 0.26784
v 0.07403 1.59747 0.28613
v 0.06358 1.59747 0.29371
v 0.05313 1.59747 0.28613
v 0.04880 1.59747 0.26784
v 0.05313 1.59747 0.24955
v 0.06358 1.59747 0.24197
v 0.07403 1.59747 0.24955
v 0.07489 1.58450 0.26784
v 0.07158 1.58450 0.28184
v 0.06358 1.58450 0.28764
v 0.05558 1.58450 0.28184
v 0.05227 1.58450 0.26784
v 0.05558 1.58450 0.25384
v 0.06358 1.58450 0.24804
v 0.07158 1.58450 0.25384
v 0.06970 1.57583 0.26784
v 0.06791 1.57583 0.27542
v 0.06358 1.57583 0.27855
v 0.05925 1.57583 0.27542
v 0.05746 1.57583 0.26784
v 0.05925 1.57583 0.26026
v 0.06358 1.57583 0.25712
v 0.06791 1.57583 0.26026
v 0.06358 1.57278 0.26784
v 0.06358 1.57278 0.26784
v 0.06358 1.57278 0.26784
v 0.06358 1.57278 0.26784
v 0.06358 1.57278 0.26784
v 0.06358 1.57278 0.26784
v 0.06358 1.57278 0.26784
v 0.06358 1.57278 0.26784
v 0.06358 1.60278 0.29184
v 0.06358 1.60278 0.29184
v 0.06358 1.60278 0.29184
v 0.06358 1.60278 0.29184
v 0.06358 1.60278 0.29184
v 0.06358 1.60278 0.29184
v 0.06358 1.60278 0.29184
v 0.06358 1.60278 0.29184
v 0.07358 1.60064 0.29184
v 0.07065 1.60064 0.30032
v 0.06358 1.60064 0.30384
v 0.05651 1.60064 0.30032
v 0.05358 1.60064 0.29184
v 0.05651 1.60064 0.28335
v 0.06358 1.60064 0.27984
v 0.07065 1.60064 0.28335
v 0.08090 1.59478 0.29184
v 0.07583 1.59478 0.30654
v 0.06358 1.59478 0.31262
v 0.05133 1.59478 0.30654
v 0.04626 1.59478 0.29184
v 0.05133 1.59478 0.27714
v 0.06358 1.59478 0.27105
v 0.07583 1.59478 0.27714
v 0.08358 1.58678 0.29184
v 0.07772 1.58678 0.30881
v 0.06358 1.58678 0.31584
v 0.04944 1.58678 0.30881
v 0.04358 1.58678 0.29184
v 0.04944 1.58678 0.27487
v 0.06358 1.58678 0.26784
v 0.07772 1.58678 0.27487
v 0.08090 1.57878 0.29184
v 0.07583 1.57878 0.30654
v 0.06358 1.57878 0.31262
v 0.05133 1.57878 0.30654
v 0.04626 1.57878 0.29184
v 0.05133 1.57878 0.27714
v 0.06358 1.57878 0.27105
v 0.07583 1.57878 0.27714
v 0.07358 1.57292 0.29184
v 0.07065 1.57292 0.30032
v 0.06358 1.57292 0.30384
v 0.05651 1.57292 0.30032
v 0.05358 1.57292 0.29184
v 0.05651 1.57292 0.28335
v 0.06358 1.57292 0.27984
v 0.07065 1.57292 0.28335
v 0.06358 1.57078 0.29184
v 0.06358 1.57078 0.29184
v 0.06358 1.57078 0.29184
v 0.06358 1.57078 0.29184
v 0.06358 1.57078 0.29184
v 0.06358 1.57078 0.29184
v 0.06358 1.57078 0.29184
v 0.06358 1.57078 0.29184
v 0.05158 1.58878 0.28784
v 0.05158 1.58878 0.28784
v 0.05158 1.58878 0.28784
v 0.05158 1.58878 0.28784
v 0.05158 1.58878 0.28784
v 0.05851 1.58578 0.28784
v 0.05372 1.58578 0.29443
v 0.04598 1.58578 0.29191
v 0.04598 1.58578 0.28377
v 0.05372 1.58578 0.28125
v 0.05851 1.57978 0.28784
v 0.05372 1.57978 0.29443
v 0.04598 1.57978 0.29191
v 0.04598 1.57978 0.28377
v 0.05372 1.57978 0.28125
v 0.05158 1.57678 0.28784
v 0.05158 1.57678 0.28784
v 0.05158 1.57678 0.28784
v 0.05158 1.57678 0.28784
v 0.05158 1.57678 0.28784
v 0.07558 1.58878 0.28784
v 0.07558 1.58878 0.28784
v 0.07558 1.58878 0.28784
v 0.07558 1.58878 0.28784
v 0.07558 1.58878 0.28784
v 0.08251 1.58578 0.28784
v 0.07772 1.58578 0.29443
v 0.06998 1.58578 0.29191
v 0.06998 1.58578 0.28377
v 0.07772 1.58578 0.28125
v 0.08251 1.57978 0.28784
v 0.07772 1.57978 0.29443
v 0.06998 1.57978 0.29191
v 0.06998 1.57978 0.28377
v 0.07772 1.57978 0.28125
v 0.07558 1.57678 0.28784
v 0.07558 1.57678 0.28784
v 0.07558 1.57678 0.28784
v 0.07558 1.57678 0.28784
v 0.07558 1.57678 0.28784
v -0.00842 1.63478 0.21984
v -0.00842 1.63478 0.21984
v -0.00842 1.63478 0.21984
v -0.00842 1.63478 0.21984
v -0.00842 1.63478 0.21984
v -0.00842 1.63478 0.21984
v -0.00842 1.63478 0.21984
v -0.00842 1.63478 0.21984
v 0.01058 1.63049 0.21984
v 0.00502 1.63049 0.23115
v -0.00842 1.63049 0.23584
v -0.02185 1.63049 0.23115
v -0.02742 1.63049 0.21984
v -0.02185 1.63049 0.20852
v -0.00842 1.63049 0.20384
v 0.00502 1.63049 0.20852
v 0.02449 1.61878 0.21984
v 0.01485 1.61878 0.23943
v -0.00842 1.61878 0.24755
v -0.03169 1.61878 0.23943
v -0.04133 1.61878 0.21984
v -0.03169 1.61878 0.20024
v -0.00842 1.61878 0.19213
v 0.01485 1.61878 0.20024
v 0.02958 1.60278 0.21984
v 0.01845 1.60278 0.24247
v -0.00842 1.60278 0.25184
v -0.03529 1.60278 0.24247
v -0.04642 1.60278 0.21984
v -0.03529 1.60278 0.19721
v -0.00842 1.60278 0.18784
v 0.01845 1.60278 0.19721
v 0.02449 1.58678 0.21984
v 0.01485 1.58678 0.23943
v -0.00842 1.58678 0.24755
v -0.03169 1.58678 0.23943
v -0.04133 1.58678 0.21984
v -0.03169 1.58678 0.20024
v -0.00842 1.58678 0.19213
v 0.01485 1.58678 0.20024
v 0.01058 1.57507 0.21984
v 0.00502 1.57507 0.23115
v -0.00842 1.57507 0.23584
v -0.02185 1.57507 0.23115
v -0.02742 1.57507 0.21984
v -0.02185 1.57507 0.20852
v -0.00842 1.57507 0.20384
v 0.00502 1.57507 0.20852
v -0.00842 1.57078 0.21984
v -0.00842 1.57078 0.21984
v -0.00842 1.57078 0.21984
v -0.00842 1.57078 0.21984
v -0.00842 1.57078 0.21984
v -0.00842 1.57078 0.21984
v -0.00842 1.57078 0.21984
v -0.00842 1.57078 0.21984
v 0.13558 1.63478 0.21984
v 0.13558 1.63478 0.21984
v 0.13558 1.63478 0.21984
v 0.13558 1.63478 0.21984
v 0.13558 1.63478 0.21984
v 0.13558 1.63478 0.21984
v 0.13558 1.63478 0.21984
v 0.13558 1.63478 0.21984
v 0.15458 1.63049 0.21984
v 0.14902 1.63049 0.23115
v 0.13558 1.63049 0.23584
v 0.12215 1.63049 0.23115
v 0.11658 1.63049 0.21984
v 0.12215 1.63049 0.20852
v 0.13558 1.63049 0.20384
v 0.14902 1.63049 0.20852
v 0.16849 1.61878 0.21984
v 0.15885 1.61878 0.23943
v 0.13558 1.61878 0.24755
v 0.11231 1.61878 0.23943
v 0.10267 1.61878 0.21984
v 0.11231 1.61878 0.20024
v 0.13558 1.61878 0.19213
v 0.15885 1.61878 0.20024
v 0.17358 1.60278 0.21984
v 0.16245 1.60278 0.24247
v 0.13558 1.60278 0.25184
v 0.10871 1.60278 0.24247
v 0.09758 1.60278 0.21984
v 0.10871 1.60278 0.19721
v 0.13558 1.60278 0.18784
v 0.16245 1.60278 0.19721
v 0.16849 1.58678 0.21984
v 0.15885 1.58678 0.23943
v 0.13558 1.58678 0.24755
v 0.11231 1.58678 0.23943
v 0.10267 1.58678 0.21984
v 0.11231 1.58678 0.20024
v 0.13558 1.58678 0.19213
v 0.15885 1.58678 0.20024
v 0.15458 1.57507 0.21984
v 0.14902 1.57507 0.23115
v 0.13558 1.57507 0.23584
v 0.12215 1.57507 0.23115
v 0.11658 1.57507 0.21984
v 0.12215 1.57507 0.20852
v 0.13558 1.57507 0.20384
v 0.14902 1.57507 0.20852
v 0.13558 1.57078 0.21984
v 0.13558 1.57078 0.21984
v 0.13558 1.57078 0.21984
v 0.13558 1.57078 0.21984
v 0.13558 1.57078 0.21984
v 0.13558 1.57078 0.21984
v 0.13558 1.57078 0.21984
v 0.13558 1.57078 0.21984
v 0.06358 1.53678 0.20484
v 0.06358 1.53678 0.20484
v 0.06358 1.53678 0.20484
v 0.06358 1.53678 0.20484
v 0.06358 1.53678 0.20484
v 0.06358 1.53678 0.20484
v 0.06358 1.53678 0.20484
v 0.06358 1.53678 0.20484
v 0.06358 1.53678 0.20484
v 0.06358 1.53678 0.20484
v 0.09108 1.53249 0.20484
v 0.08583 1.53249 0.21806
v 0.07208 1.53249 0.22624
v 0.05508 1.53249 0.22624
v 0.04133 1.53249 0.21806
v 0.03608 1.53249 0.20484
v 0.04133 1.53249 0.19161
v 0.05508 1.53249 0.18344
v 0.07208 1.53249 0.18344
v 0.08583 1.53249 0.19161
v 0.11121 1.52078 0.20484
v 0.10212 1.52078 0.22775
v 0.07830 1.52078 0.24190
v 0.04886 1.52078 0.24190
v 0.02505 1.52078 0.22775
v 0.01595 1.52078 0.20484
v 0.02505 1.52078 0.18193
v 0.04886 1.52078 0.16777
v 0.07830 1.52078 0.16777
v 0.10212 1.52078 0.18193
v 0.11858 1.50478 0.20484
v 0.10808 1.50478 0.23129
v 0.08058 1.50478 0.24764
v 0.04658 1.50478 0.24764
v 0.01908 1.50478 0.23129
v 0.00858 1.50478 0.20484
v 0.01908 1.50478 0.17839
v 0.04658 1.50478 0.16204
v 0.08058 1.50478 0.16204
v 0.10808 1.50478 0.17839
v 0.11121 1.48878 0.20484
v 0.10212 1.48878 0.22775
v 0.07830 1.48878 0.24190
v 0.04886 1.48878 0.24190
v 0.02505 1.48878 0.22775
v 0.01595 1.48878 0.20484
v 0.02505 1.48878 0.18193
v 0.04886 1.48878 0.16777
v 0.07830 1.48878 0.16777
v 0.10212 1.48878 0.18193
v 0.09108 1.47707 0.20484
v 0.08583 1.47707 0.21806
v 0.07208 1.47707 0.22624
v 0.05508 1.47707 0.22624
v 0.04133 1.47707 0.21806
v 0.03608 1.47707 0.20484
v 0.04133 1.47707 0.19161
v 0.05508 1.47707 0.18344
v 0.07208 1.47707 0.18344
v 0.08583 1.47707 0.19161
v 0.06358 1.47278 0.20484
v 0.06358 1.47278 0.20484
v 0.06358 1.47278 0.20484
v 0.06358 1.47278 0.20484
v 0.06358 1.47278 0.20484
v 0.06358 1.47278 0.20484
v 0.06358 1.47278 0.20484
v 0.06358 1.47278 0.20484
v 0.06358 1.47278 0.20484
v 0.06358 1.47278 0.20484
v 0.06358 1.50178 0.22484
v 0.06358 1.50178 0.22484
v 0.06358 1.50178 0.22484
v 0.06358 1.50178 0.22484
v 0.06358 1.50178 0.22484
v 0.06358 1.50178 0.22484
v 0.06358 1.50178 0.22484
v 0.06358 1.50178 0.22484
v 0.08592 1.49758 0.22484
v 0.07937 1.49758 0.23814
v 0.06358 1.49758 0.24365
v 0.04779 1.49758 0.23814
v 0.04124 1.49758 0.22484
v 0.04779 1.49758 0.21154
v 0.06358 1.49758 0.20603
v 0.07937 1.49758 0.21154
v 0.09972 1.48658 0.22484
v 0.08914 1.48658 0.24636
v 0.06358 1.48658 0.25527
v 0.03803 1.48658 0.24636
v 0.02744 1.48658 0.22484
v 0.03803 1.48658 0.20332
v 0.06358 1.48658 0.19440
v 0.08914 1.48658 0.20332
v 0.09972 1.47298 0.22484
v 0.08914 1.47298 0.24636
v 0.06358 1.47298 0.25527
v 0.03803 1.47298 0.24636
v 0.02744 1.47298 0.22484
v 0.03803 1.47298 0.20332
v 0.06358 1.47298 0.19440
v 0.08914 1.47298 0.20332
v 0.08592 1.46198 0.22484
v 0.07937 1.46198 0.23814
v 0.06358 1.46198 0.24365
v 0.04779 1.46198 0.23814
v 0.04124 1.46198 0.22484
v 0.04779 1.46198 0.21154
v 0.06358 1.46198 0.20603
v 0.07937 1.46198 0.21154
v 0.06358 1.45778 0.22484
v 0.06358 1.45778 0.22484
v 0.06358 1.45778 0.22484
v 0.06358 1.45778 0.22484
v 0.06358 1.45778 0.22484
v 0.06358 1.45778 0.22484
v 0.06358 1.45778 0.22484
v 0.06358 1.45778 0.22484
v 0.06358 1.55278 0.26784
v 0.06358 1.55278 0.26784
v 0.06358 1.55278 0.26784
v 0.06358 1.55278 0.26784
v 0.06358 1.55278 0.26784
v 0.06358 1.55278 0.26784
v 0.06358 1.55278 0.26784
v 0.06358 1.55278 0.26784
v 0.08621 1.54985 0.26784
v 0.07958 1.54985 0.27484
v 0.06358 1.54985 0.27774
v 0.04758 1.54985 0.27484
v 0.04095 1.54985 0.26784
v 0.04758 1.54985 0.26084
v 0.06358 1.54985 0.25794
v 0.07958 1.54985 0.26084
v 0.09558 1.54278 0.26784
v 0.08621 1.54278 0.27774
v 0.06358 1.54278 0.28184
v 0.04095 1.54278 0.27774
v 0.03158 1.54278 0.26784
v 0.04095 1.54278 0.25794
v 0.06358 1.54278 0.25384
v 0.08621 1.54278 0.25794
v 0.08621 1.53571 0.26784
v 0.07958 1.53571 0.27484
v 0.06358 1.53571 0.27774
v 0.04758 1.53571 0.27484
v 0.04095 1.53571 0.26784
v 0.04758 1.53571 0.26084
v 0.06358 1.53571 0.25794
v 0.07958 1.53571 0.26084
v 0.06358 1.53278 0.26784
v 0.06358 1.53278 0.26784
v 0.06358 1.53278 0.26784
v 0.06358 1.53278 0.26784
v 0.06358 1.53278 0.26784
v 0.06358 1.53278 0.26784
v 0.06358 1.53278 0.26784
v 0.06358 1.53278 0.26784
v 0.06358 1.53778 0.26584
v 0.06358 1.53778 0.26584
v 0.06358 1.53778 0.26584
v 0.06358 1.53778 0.26584
v 0.06358 1.53778 0.26584
v 0.06358 1.53778 0.26584
v 0.06358 1.53778 0.26584
v 0.06358 1.53778 0.26584
v 0.08479 1.53456 0.26584
v 0.07858 1.53456 0.27234
v 0.06358 1.53456 0.27503
v 0.04858 1.53456 0.27234
v 0.04237 1.53456 0.26584
v 0.04858 1.53456 0.25934
v 0.06358 1.53456 0.25665
v 0.07858 1.53456 0.25934
v 0.09358 1.52678 0.26584
v 0.08479 1.52678 0.27503
v 0.06358 1.52678 0.27884
v 0.04237 1.52678 0.27503
v 0.03358 1.52678 0.26584
v 0.04237 1.52678 0.25665
v 0.06358 1.52678 0.25284
v 0.08479 1.52678 0.25665
v 0.08479 1.51900 0.26584
v 0.07858 1.51900 0.27234
v 0.06358 1.51900 0.27503
v 0.04858 1.51900 0.27234
v 0.04237 1.51900 0.26584
v 0.04858 1.51900 0.25934
v 0.06358 1.51900 0.25665
v 0.07858 1.51900 0.25934
v 0.06358 1.51578 0.26584
v 0.06358 1.51578 0.26584
v 0.06358 1.51578 0.26584
v 0.06358 1.51578 0.26584
v 0.06358 1.51578 0.26584
v 0.06358 1.51578 0.26584
v 0.06358 1.51578 0.26584
v 0.06358 1.51578 0.26584
v 0.02358 1.64478 0.25284
v 0.02358 1.64478 0.25284
v 0.02358 1.64478 0.25284
v 0.02358 1.64478 0.25284
v 0.02358 1.64478 0.25284
v 0.02358 1.64478 0.25284
v 0.03914 1.64185 0.25284
v 0.03136 1.64185 0.26141
v 0.01580 1.64185 0.26141
v 0.00802 1.64185 0.25284
v 0.01580 1.64185 0.24427
v 0.03136 1.64185 0.24427
v 0.04558 1.63478 0.25284
v 0.03458 1.63478 0.26496
v 0.01258 1.63478 0.26496
v 0.00158 1.63478 0.25284
v 0.01258 1.63478 0.24071
v 0.03458 1.63478 0.24071
v 0.03914 1.62771 0.25284
v 0.03136 1.62771 0.26141
v 0.01580 1.62771 0.26141
v 0.00802 1.62771 0.25284
v 0.01580 1.62771 0.24427
v 0.03136 1.62771 0.24427
v 0.02358 1.62478 0.25284
v 0.02358 1.62478 0.25284
v 0.02358 1.62478 0.25284
v 0.02358 1.62478 0.25284
v 0.02358 1.62478 0.25284
v 0.02358 1.62478 0.25284
v 0.02358 1.63578 0.26584
v 0.02358 1.63578 0.26584
v 0.02358 1.63578 0.26584
v 0.02358 1.63578 0.26584
v 0.02358 1.63578 0.26584
v 0.02358 1.63578 0.26584
v 0.02358 1.63578 0.26584
v 0.02358 1.63578 0.26584
v 0.03258 1.63404 0.26584
v 0.02994 1.63404 0.27008
v 0.02358 1.63404 0.27184
v 0.01722 1.63404 0.27008
v 0.01458 1.63404 0.26584
v 0.01722 1.63404 0.26160
v 0.02358 1.63404 0.25984
v 0.02994 1.63404 0.26160
v 0.03917 1.62928 0.26584
v 0.03460 1.62928 0.27319
v 0.02358 1.62928 0.27623
v 0.01256 1.62928 0.27319
v 0.00799 1.62928 0.26584
v 0.01256 1.62928 0.25849
v 0.02358 1.62928 0.25545
v 0.03460 1.62928 0.25849
v 0.04158 1.62278 0.26584
v 0.03631 1.62278 0.27432
v 0.02358 1.62278 0.27784
v 0.01085 1.62278 0.27432
v 0.00558 1.62278 0.26584
v 0.01085 1.62278 0.25735
v 0.02358 1.62278 0.25384
v 0.03631 1.62278 0.25735
v 0.03917 1.61628 0.26584
v 0.03460 1.61628 0.27319
v 0.02358 1.61628 0.27623
v 0.01256 1.61628 0.27319
v 0.00799 1.61628 0.26584
v 0.01256 1.61628 0.25849
v 0.02358 1.61628 0.25545
v 0.03460 1.61628 0.25849
v 0.03258 1.61152 0.26584
v 0.02994 1.61152 0.27008
v 0.02358 1.61152 0.27184
v 0.01722 1.61152 0.27008
v 0.01458 1.61152 0.26584
v 0.01722 1.61152 0.26160
v 0.02358 1.61152 0.25984
v 0.02994 1.61152 0.26160
v 0.02358 1.60978 0.26584
v 0.02358 1.60978 0.26584
v 0.02358 1.60978 0.26584
v 0.02358 1.60978 0.26584
v 0.02358 1.60978 0.26584
v 0.02358 1.60978 0.26584
v 0.02358 1.60978 0.26584
v 0.02358 1.60978 0.26584
v 0.02158 1.63278 0.27384
v 0.02158 1.63278 0.27384
v 0.02158 1.63278 0.27384
v 0.02158 1.63278 0.27384
v 0.02158 1.63278 0.27384
v 0.02158 1.63278 0.27384
v 0.02158 1.63278 0.27384
v 0.02746 1.63087 0.27384
v 0.02525 1.63087 0.27751
v 0.02027 1.63087 0.27842
v 0.01628 1.63087 0.27588
v 0.01628 1.63087 0.27180
v 0.02027 1.63087 0.26925
v 0.02525 1.63087 0.27016
v 0.03109 1.62587 0.27384
v 0.02751 1.62587 0.27979
v 0.01946 1.62587 0.28126
v 0.01301 1.62587 0.27714
v 0.01301 1.62587 0.27054
v 0.01946 1.62587 0.26642
v 0.02751 1.62587 0.26789
v 0.03109 1.61969 0.27384
v 0.02751 1.61969 0.27979
v 0.01946 1.61969 0.28126
v 0.01301 1.61969 0.27714
v 0.01301 1.61969 0.27054
v 0.01946 1.61969 0.26642
v 0.02751 1.61969 0.26789
v 0.02746 1.61469 0.27384
v 0.02525 1.61469 0.27751
v 0.02027 1.61469 0.27842
v 0.01628 1.61469 0.27588
v 0.01628 1.61469 0.27180
v 0.02027 1.61469 0.26925
v 0.02525 1.61469 0.27016
v 0.02158 1.61278 0.27384
v 0.02158 1.61278 0.27384
v 0.02158 1.61278 0.27384
v 0.02158 1.61278 0.27384
v 0.02158 1.61278 0.27384
v 0.02158 1.61278 0.27384
v 0.02158 1.61278 0.27384
v 0.02158 1.62778 0.27784
v 0.02158 1.62778 0.27784
v 0.02158 1.62778 0.27784
v 0.02158 1.62778 0.27784
v 0.02158 1.62778 0.27784
v 0.02512 1.62632 0.27784
v 0.02267 1.62632 0.28053
v 0.01872 1.62632 0.27950
v 0.01872 1.62632 0.27618
v 0.02267 1.62632 0.27515
v 0.02658 1.62278 0.27784
v 0.02313 1.62278 0.28164
v 0.01754 1.62278 0.28019
v 0.01754 1.62278 0.27549
v 0.02313 1.62278 0.27403
v 0.02512 1.61925 0.27784
v 0.02267 1.61925 0.28053
v 0.01872 1.61925 0.27950
v 0.01872 1.61925 0.27618
v 0.02267 1.61925 0.27515
v 0.02158 1.61778 0.27784
v 0.02158 1.61778 0.27784
v 0.02158 1.61778 0.27784
v 0.02158 1.61778 0.27784
v 0.02158 1.61778 0.27784
v 0.02358 1.61878 0.26184
v 0.02358 1.61878 0.26184
v 0.02358 1.61878 0.26184
v 0.02358 1.61878 0.26184
v 0.02358 1.61878 0.26184
v 0.02358 1.61878 0.26184
v 0.04090 1.61478 0.26184
v 0.03224 1.61478 0.27084
v 0.01492 1.61478 0.27084
v 0.00626 1.61478 0.26184
v 0.01492 1.61478 0.25284
v 0.03224 1.61478 0.25284
v 0.04090 1.60678 0.26184
v 0.03224 1.60678 0.27084
v 0.01492 1.60678 0.27084
v 0.00626 1.60678 0.26184
v 0.01492 1.60678 0.25284
v 0.03224 1.60678 0.25284
v 0.02358 1.60278 0.26184
v 0.02358 1.60278 0.26184
v 0.02358 1.60278 0.26184
v 0.02358 1.60278 0.26184
v 0.02358 1.60278 0.26184
v 0.02358 1.60278 0.26184
v 0.10358 1.64478 0.25284
v 0.10358 1.64478 0.25284
v 0.10358 1.64478 0.25284
v 0.10358 1.64478 0.25284
v 0.10358 1.64478 0.25284
v 0.10358 1.64478 0.25284
v 0.11914 1.64185 0.25284
v 0.11136 1.64185 0.26141
v 0.09580 1.64185 0.26141
v 0.08802 1.64185 0.25284
v 0.09580 1.64185 0.24427
v 0.11136 1.64185 0.24427
v 0.12558 1.63478 0.25284
v 0.11458 1.63478 0.26496
v 0.09258 1.63478 0.26496
v 0.08158 1.63478 0.25284
v 0.09258 1.63478 0.24071
v 0.11458 1.63478 0.24071
v 0.11914 1.62771 0.25284
v 0.11136 1.62771 0.26141
v 0.09580 1.62771 0.26141
v 0.08802 1.62771 0.25284
v 0.09580 1.62771 0.24427
v 0.11136 1.62771 0.24427
v 0.10358 1.62478 0.25284
v 0.10358 1.62478 0.25284
v 0.10358 1.62478 0.25284
v 0.10358 1.62478 0.25284
v 0.10358 1.62478 0.25284
v 0.10358 1.62478 0.25284
v 0.10358 1.63578 0.26584
v 0.10358 1.63578 0.26584
v 0.10358 1.63578 0.26584
v 0.10358 1.63578 0.26584
v 0.10358 1.63578 0.26584
v 0.10358 1.63578 0.26584
v 0.10358 1.63578 0.26584
v 0.10358 1.63578 0.26584
v 0.11258 1.63404 0.26584
v 0.10994 1.63404 0.27008
v 0.10358 1.63404 0.27184
v 0.09722 1.63404 0.27008
v 0.09458 1.63404 0.26584
v 0.09722 1.63404 0.26160
v 0.10358 1.63404 0.25984
v 0.10994 1.63404 0.26160
v 0.11917 1.62928 0.26584
v 0.11460 1.62928 0.27319
v 0.10358 1.62928 0.27623
v 0.09256 1.62928 0.27319
v 0.08799 1.62928 0.26584
v 0.09256 1.62928 0.25849
v 0.10358 1.62928 0.25545
v 0.11460 1.62928 0.25849
v 0.12158 1.62278 0.26584
v 0.11631 1.62278 0.27432
v 0.10358 1.62278 0.27784
v 0.09085 1.62278 0.27432
v 0.08558 1.62278 0.26584
v 0.09085 1.62278 0.25735
v 0.10358 1.62278 0.25384
v 0.11631 1.62278 0.25735
v 0.11917 1.61628 0.26584
v 0.11460 1.61628 0.27319
v 0.10358 1.61628 0.27623
v 0.09256 1.61628 0.27319
v 0.08799 1.61628 0.26584
v 0.09256 1.61628 0.25849
v 0.10358 1.61628 0.25545
v 0.11460 1.61628 0.25849
v 0.11258 1.61152 0.26584
v 0.10994 1.61152 0.27008
v 0.10358 1.61152 0.27184
v 0.09722 1.61152 0.27008
v 0.09458 1.61152 0.26584
v 0.09722 1.61152 0.26160
v 0.10358 1.61152 0.25984
v 0.10994 1.61152 0.26160
v 0.10358 1.60978 0.26584
v 0.10358 1.60978 0.26584
v 0.10358 1.60978 0.26584
v 0.10358 1.60978 0.26584
v 0.10358 1.60978 0.26584
v 0.10358 1.60978 0.26584
v 0.10358 1.60978 0.26584
v 0.10358 1.60978 0.26584
v 0.10558 1.63278 0.27384
v 0.10558 1.63278 0.27384
v 0.10558 1.63278 0.27384
v 0.10558 1.63278 0.27384
v 0.10558 1.63278 0.27384
v 0.10558 1.63278 0.27384
v 0.10558 1.63278 0.27384
v 0.11146 1.63087 0.27384
v 0.10925 1.63087 0.27751
v 0.10427 1.63087 0.27842
v 0.10028 1.63087 0.27588
v 0.10028 1.63087 0.27180
v 0.10427 1.63087 0.26925
v 0.10925 1.63087 0.27016
v 0.11509 1.62587 0.27384
v 0.11151 1.62587 0.27979
v 0.10346 1.62587 0.28126
v 0.09701 1.62587 0.27714
v 0.09701 1.62587 0.27054
v 0.10346 1.62587 0.26642
v 0.11151 1.62587 0.26789
v 0.11509 1.61969 0.27384
v 0.11151 1.61969 0.27979
v 0.10346 1.61969 0.28126
v 0.09701 1.61969 0.27714
v 0.09701 1.61969 0.27054
v 0.10346 1.61969 0.26642
v 0.11151 1.61969 0.26789
v 0.11146 1.61469 0.27384
v 0.10925 1.61469 0.27751
v 0.10427 1.61469 0.27842
v 0.10028 1.61469 0.27588
v 0.10028 1.61469 0.27180
v 0.10427 1.61469 0.26925
v 0.10925 1.61469 0.27016
v 0.10558 1.61278 0.27384
v 0.10558 1.61278 0.27384
v 0.10558 1.61278 0.27384
v 0.10558 1.61278 0.27384
v 0.10558 1.61278 0.27384
v 0.10558 1.61278 0.27384
v 0.10558 1.61278 0.27384
v 0.10558 1.62778 0.27784
v 0.10558 1.62778 0.27784
v 0.10558 1.62778 0.27784
v 0.10558 1.62778 0.27784
v 0.10558 1.62778 0.27784
v 0.10912 1.62632 0.27784
v 0.10667 1.62632 0.28053
v 0.10272 1.62632 0.27950
v 0.10272 1.62632 0.27618
v 0.10667 1.62632 0.27515
v 0.11058 1.62278 0.27784
v 0.10713 1.62278 0.28164
v 0.10154 1.62278 0.28019
v 0.10154 1.62278 0.27549
v 0.10713 1.62278 0.27403
v 0.10912 1.61925 0.27784
v 0.10667 1.61925 0.28053
v 0.10272 1.61925 0.27950
v 0.10272 1.61925 0.27618
v 0.10667 1.61925 0.27515
v 0.10558 1.61778 0.27784
v 0.10558 1.61778 0.27784
v 0.10558 1.61778 0.27784
v 0.10558 1.61778 0.27784
v 0.10558 1.61778 0.27784
v 0.10358 1.61878 0.26184
v 0.10358 1.61878 0.26184
v 0.10358 1.61878 0.26184
v 0.10358 1.61878 0.26184
v 0.10358 1.61878 0.26184
v 0.10358 1.61878 0.26184
v 0.12090 1.61478 0.26184
v 0.11224 1.61478 0.27084
v 0.09492 1.61478 0.27084
v 0.08626 1.61478 0.26184
v 0.09492 1.61478 0.25284
v 0.11224 1.61478 0.25284
v 0.12090 1.60678 0.26184
v 0.11224 1.60678 0.27084
v 0.09492 1.60678 0.27084
v 0.08626 1.60678 0.26184
v 0.09492 1.60678 0.25284
v 0.11224 1.60678 0.25284
v 0.10358 1.60278 0.26184
v 0.10358 1.60278 0.26184
v 0.10358 1.60278 0.26184
v 0.10358 1.60278 0.26184
v 0.10358 1.60278 0.26184
v 0.10358 1.60278 0.26184
v -0.04842 1.64278 0.14484
v -0.04842 1.64278 0.14484
v -0.04842 1.64278 0.14484
v -0.04842 1.64278 0.14484
v -0.04842 1.64278 0.14484
v -0.04842 1.64278 0.14484
v -0.04842 1.64278 0.14484
v -0.04842 1.64278 0.14484
v -0.04842 1.64278 0.14484
v -0.03801 1.63803 0.14484
v -0.04044 1.63803 0.15042
v -0.04661 1.63803 0.15338
v -0.05363 1.63803 0.15235
v -0.05820 1.63803 0.14781
v -0.05820 1.63803 0.14187
v -0.05363 1.63803 0.13732
v -0.04661 1.63803 0.13629
v -0.04044 1.63803 0.13926
v -0.02966 1.62471 0.14484
v -0.03405 1.62471 0.15489
v -0.04516 1.62471 0.16024
v -0.05780 1.62471 0.15838
v -0.06605 1.62471 0.15019
v -0.06605 1.62471 0.13949
v -0.05780 1.62471 0.13130
v -0.04516 1.62471 0.12944
v -0.03405 1.62471 0.13479
v -0.02502 1.60546 0.14484
v -0.03050 1.60546 0.15737
v -0.04436 1.60546 0.16404
v -0.06012 1.60546 0.16172
v -0.07041 1.60546 0.15151
v -0.07041 1.60546 0.13817
v -0.06012 1.60546 0.12795
v -0.04436 1.60546 0.12564
v -0.03050 1.60546 0.13231
v -0.02502 1.58410 0.14484
v -0.03050 1.58410 0.15737
v -0.04436 1.58410 0.16404
v -0.06012 1.58410 0.16172
v -0.07041 1.58410 0.15151
v -0.07041 1.58410 0.13817
v -0.06012 1.58410 0.12795
v -0.04436 1.58410 0.12564
v -0.03050 1.58410 0.13231
v -0.02966 1.56485 0.14484
v -0.03405 1.56485 0.15489
v -0.04516 1.56485 0.16024
v -0.05780 1.56485 0.15838
v -0.06605 1.56485 0.15019
v -0.06605 1.56485 0.13949
v -0.05780 1.56485 0.13130
v -0.04516 1.56485 0.12944
v -0.03405 1.56485 0.13479
v -0.03801 1.55153 0.14484
v -0.04044 1.55153 0.15042
v -0.04661 1.55153 0.15338
v -0.05363 1.55153 0.15235
v -0.05820 1.55153 0.14781
v -0.05820 1.55153 0.14187
v -0.05363 1.55153 0.13732
v -0.04661 1.55153 0.13629
v -0.04044 1.55153 0.13926
v -0.04842 1.54678 0.14484
v -0.04842 1.54678 0.14484
v -0.04842 1.54678 0.14484
v -0.04842 1.54678 0.14484
v -0.04842 1.54678 0.14484
v -0.04842 1.54678 0.14484
v -0.04842 1.54678 0.14484
v -0.04842 1.54678 0.14484
v -0.04842 1.54678 0.14484
v -0.05442 1.58478 0.14984
v -0.05442 1.58478 0.14984
v -0.05442 1.58478 0.14984
v -0.05442 1.58478 0.14984
v -0.05442 1.58478 0.14984
v -0.05442 1.58478 0.14984
v -0.04452 1.57951 0.14984
v -0.04947 1.57951 0.15719
v -0.05937 1.57951 0.15719
v -0.06432 1.57951 0.14984
v -0.05937 1.57951 0.14249
v -0.04947 1.57951 0.14249
v -0.04042 1.56678 0.14984
v -0.04742 1.56678 0.16023
v -0.06142 1.56678 0.16023
v -0.06842 1.56678 0.14984
v -0.06142 1.56678 0.13945
v -0.04742 1.56678 0.13945
v -0.04452 1.55405 0.14984
v -0.04947 1.55405 0.15719
v -0.05937 1.55405 0.15719
v -0.06432 1.55405 0.14984
v -0.05937 1.55405 0.14249
v -0.04947 1.55405 0.14249
v -0.05442 1.54878 0.14984
v -0.05442 1.54878 0.14984
v -0.05442 1.54878 0.14984
v -0.05442 1.54878 0.14984
v -0.05442 1.54878 0.14984
v -0.05442 1.54878 0.14984
v 0.17558 1.64278 0.14484
v 0.17558 1.64278 0.14484
v 0.17558 1.64278 0.14484
v 0.17558 1.64278 0.14484
v 0.17558 1.64278 0.14484
v 0.17558 1.64278 0.14484
v 0.17558 1.64278 0.14484
v 0.17558 1.64278 0.14484
v 0.17558 1.64278 0.14484
v 0.18599 1.63803 0.14484
v 0.18356 1.63803 0.15042
v 0.17739 1.63803 0.15338
v 0.17037 1.63803 0.15235
v 0.16580 1.63803 0.14781
v 0.16580 1.63803 0.14187
v 0.17037 1.63803 0.13732
v 0.17739 1.63803 0.13629
v 0.18356 1.63803 0.13926
v 0.19434 1.62471 0.14484
v 0.18995 1.62471 0.15489
v 0.17884 1.62471 0.16024
v 0.16620 1.62471 0.15838
v 0.15795 1.62471 0.15019
v 0.15795 1.62471 0.13949
v 0.16620 1.62471 0.13130
v 0.17884 1.62471 0.12944
v 0.18995 1.62471 0.13479
v 0.19898 1.60546 0.14484
v 0.19350 1.60546 0.15737
v 0.17964 1.60546 0.16404
v 0.16388 1.60546 0.16172
v 0.15359 1.60546 0.15151
v 0.15359 1.60546 0.13817
v 0.16388 1.60546 0.12795
v 0.17964 1.60546 0.12564
v 0.19350 1.60546 0.13231
v 0.19898 1.58410 0.14484
v 0.19350 1.58410 0.15737
v 0.17964 1.58410 0.16404
v 0.16388 1.58410 0.16172
v 0.15359 1.58410 0.15151
v 0.15359 1.58410 0.13817
v 0.16388 1.58410 0.12795
v 0.17964 1.58410 0.12564
v 0.19350 1.58410 0.13231
v 0.19434 1.56485 0.14484
v 0.18995 1.56485 0.15489
v 0.17884 1.56485 0.16024
v 0.16620 1.56485 0.15838
v 0.15795 1.56485 0.15019
v 0.15795 1.56485 0.13949
v 0.16620 1.56485 0.13130
v 0.17884 1.56485 0.12944
v 0.18995 1.56485 0.13479
v 0.18599 1.55153 0.14484
v 0.18356 1.55153 0.15042
v 0.17739 1.55153 0.15338
v 0.17037 1.55153 0.15235
v 0.16580 1.55153 0.14781
v 0.16580 1.55153 0.14187
v 0.17037 1.55153 0.13732
v 0.17739 1.55153 0.13629
v 0.18356 1.55153 0.13926
v 0.17558 1.54678 0.14484
v 0.17558 1.54678 0.14484
v 0.17558 1.54678 0.14484
v 0.17558 1.54678 0.14484
v 0.17558 1.54678 0.14484
v 0.17558 1.54678 0.14484
v 0.17558 1.54678 0.14484
v 0.17558 1.54678 0.14484
v 0.17558 1.54678 0.14484
v 0.18158 1.58478 0.14984
v 0.18158 1.58478 0.14984
v 0.18158 1.58478 0.14984
v 0.18158 1.58478 0.14984
v 0.18158 1.58478 0.14984
v 0.18158 1.58478 0.14984
v 0.19148 1.57951 0.14984
v 0.18653 1.57951 0.15719
v 0.17663 1.57951 0.15719
v 0.17168 1.57951 0.14984
v 0.17663 1.57951 0.14249
v 0.18653 1.57951 0.14249
v 0.19558 1.56678 0.14984
v 0.18858 1.56678 0.16023
v 0.17458 1.56678 0.16023
v 0.16758 1.56678 0.14984
v 0.17458 1.56678 0.13945
v 0.18858 1.56678 0.13945
v 0.19148 1.55405 0.14984
v 0.18653 1.55405 0.15719
v 0.17663 1.55405 0.15719
v 0.17168 1.55405 0.14984
v 0.17663 1.55405 0.14249
v 0.18653 1.55405 0.14249
v 0.18158 1.54878 0.14984
v 0.18158 1.54878 0.14984
v 0.18158 1.54878 0.14984
v 0.18158 1.54878 0.14984
v 0.18158 1.54878 0.14984
v 0.18158 1.54878 0.14984
v 0.06358 1.75478 0.12984
v 0.06358 1.75478 0.12984
v 0.06358 1.75478 0.12984
v 0.06358 1.75478 0.12984
v 0.06358 1.75478 0.12984
v 0.06358 1.75478 0.12984
v 0.06358 1.75478 0.12984
v 0.06358 1.75478 0.12984
v 0.06358 1.75478 0.12984
v 0.06358 1.75478 0.12984
v 0.06358 1.75478 0.12984
v 0.06358 1.75478 0.12984
v 0.06358 1.75478 0.12984
v 0.06358 1.75478 0.12984
v 0.06358 1.75478 0.12984
v 0.06358 1.75478 0.12984
v 0.09852 1.75154 0.12984
v 0.09586 1.75154 0.14370
v 0.08829 1.75154 0.15546
v 0.07695 1.75154 0.16331
v 0.06358 1.75154 0.16607
v 0.05021 1.75154 0.16331
v 0.03887 1.75154 0.15546
v 0.03130 1.75154 0.14370
v 0.02864 1.75154 0.12984
v 0.03130 1.75154 0.11597
v 0.03887 1.75154 0.10422
v 0.05021 1.75154 0.09636
v 0.06358 1.75154 0.09360
v 0.07695 1.75154 0.09636
v 0.08829 1.75154 0.10422
v 0.09586 1.75154 0.11597
v 0.13108 1.74205 0.12984
v 0.12594 1.74205 0.15663
v 0.11131 1.74205 0.17934
v 0.08941 1.74205 0.19451
v 0.06358 1.74205 0.19984
v 0.03775 1.74205 0.19451
v 0.01585 1.74205 0.17934
v 0.00122 1.74205 0.15663
v -0.00392 1.74205 0.12984
v 0.00122 1.74205 0.10305
v 0.01585 1.74205 0.08034
v 0.03775 1.74205 0.06517
v 0.06358 1.74205 0.05984
v 0.08941 1.74205 0.06517
v 0.11131 1.74205 0.08034
v 0.12594 1.74205 0.10305
v 0.15904 1.72696 0.12984
v 0.15177 1.72696 0.16772
v 0.13108 1.72696 0.19984
v 0.10011 1.72696 0.22130
v 0.06358 1.72696 0.22883
v 0.02705 1.72696 0.22130
v -0.00392 1.72696 0.19984
v -0.02461 1.72696 0.16772
v -0.03188 1.72696 0.12984
v -0.02461 1.72696 0.09195
v -0.00392 1.72696 0.05984
v 0.02705 1.72696 0.03838
v 0.06358 1.72696 0.03084
v 0.10011 1.72696 0.03838
v 0.13108 1.72696 0.05984
v 0.15177 1.72696 0.09195
v 0.18049 1.70728 0.12984
v 0.17159 1.70728 0.17624
v 0.14625 1.70728 0.21557
v 0.10832 1.70728 0.24185
v 0.06358 1.70728 0.25108
v 0.01884 1.70728 0.24185
v -0.01909 1.70728 0.21557
v -0.04443 1.70728 0.17624
v -0.05333 1.70728 0.12984
v -0.04443 1.70728 0.08344
v -0.01909 1.70728 0.04411
v 0.01884 1.70728 0.01782
v 0.06358 1.70728 0.00859
v 0.10832 1.70728 0.01782
v 0.14625 1.70728 0.04411
v 0.17159 1.70728 0.08344
v 0.19398 1.68437 0.12984
v 0.18405 1.68437 0.18159
v 0.15579 1.68437 0.22546
v 0.11348 1.68437 0.25477
v 0.06358 1.68437 0.26507
v 0.01368 1.68437 0.25477
v -0.02863 1.68437 0.22546
v -0.05689 1.68437 0.18159
v -0.06682 1.68437 0.12984
v -0.05689 1.68437 0.07809
v -0.02863 1.68437 0.03422
v 0.01368 1.68437 0.00490
v 0.06358 1.68437 -0.00539
v 0.11348 1.68437 0.00490
v 0.15579 1.68437 0.03422
v 0.18405 1.68437 0.07809
v 0.19858 1.65978 0.12984
v 0.18830 1.65978 0.18341
v 0.15904 1.65978 0.22883
v 0.11524 1.65978 0.25918
v 0.06358 1.65978 0.26984
v 0.01192 1.65978 0.25918
v -0.03188 1.65978 0.22883
v -0.06114 1.65978 0.18341
v -0.07142 1.65978 0.12984
v -0.06114 1.65978 0.07626
v -0.03188 1.65978 0.03084
v 0.01192 1.65978 0.00050
v 0.06358 1.65978 -0.01016
v 0.11524 1.65978 0.00050
v 0.15904 1.65978 0.03084
v 0.18830 1.65978 0.07626
v 0.19398 1.63519 0.12984
v 0.18405 1.63519 0.18159
v 0.15579 1.63519 0.22546
v 0.11348 1.63519 0.25477
v 0.06358 1.63519 0.26507
v 0.01368 1.63519 0.25477
v -0.02863 1.63519 0.22546
v -0.05689 1.63519 0.18159
v -0.06682 1.63519 0.12984
v -0.05689 1.63519 0.07809
v -0.02863 1.63519 0.03422
v 0.01368 1.63519 0.00490
v 0.06358 1.63519 -0.00539
v 0.11348 1.63519 0.00490
v 0.15579 1.63519 0.03422
v 0.18405 1.63519 0.07809
v 0.18049 1.61228 0.12984
v 0.17159 1.61228 0.17624
v 0.14625 1.61228 0.21557
v 0.10832 1.61228 0.24185
v 0.06358 1.61228 0.25108
v 0.01884 1.61228 0.24185
v -0.01909 1.61228 0.21557
v -0.04443 1.61228 0.17624
v -0.05333 1.61228 0.12984
v -0.04443 1.61228 0.08344
v -0.01909 1.61228 0.04411
v 0.01884 1.61228 0.01782
v 0.06358 1.61228 0.00859
v 0.10832 1.61228 0.01782
v 0.14625 1.61228 0.04411
v 0.17159 1.61228 0.08344
v 0.15904 1.59261 0.12984
v 0.15177 1.59261 0.16772
v 0.13108 1.59261 0.19984
v 0.10011 1.59261 0.22130
v 0.06358 1.59261 0.22883
v 0.02705 1.59261 0.22130
v -0.00392 1.59261 0.19984
v -0.02461 1.59261 0.16772
v -0.03188 1.59261 0.12984
v -0.02461 1.59261 0.09195
v -0.00392 1.59261 0.05984
v 0.02705 1.59261 0.03838
v 0.06358 1.59261 0.03084
v 0.10011 1.59261 0.03838
v 0.13108 1.59261 0.05984
v 0.15177 1.59261 0.09195
v 0.13108 1.57751 0.12984
v 0.12594 1.57751 0.15663
v 0.11131 1.57751 0.17934
v 0.08941 1.57751 0.19451
v 0.06358 1.57751 0.19984
v 0.03775 1.57751 0.19451
v 0.01585 1.57751 0.17934
v 0.00122 1.57751 0.15663
v -0.00392 1.57751 0.12984
v 0.00122 1.57751 0.10305
v 0.01585 1.57751 0.08034
v 0.03775 1.57751 0.06517
v 0.06358 1.57751 0.05984
v 0.08941 1.57751 0.06517
v 0.11131 1.57751 0.08034
v 0.12594 1.57751 0.10305
v 0.09852 1.56802 0.12984
v 0.09586 1.56802 0.14370
v 0.08829 1.56802 0.15546
v 0.07695 1.56802 0.16331
v 0.06358 1.56802 0.16607
v 0.05021 1.56802 0.16331
v 0.03887 1.56802 0.15546
v 0.03130 1.56802 0.14370
v 0.02864 1.56802 0.12984
v 0.03130 1.56802 0.11597
v 0.03887 1.56802 0.10422
v 0.05021 1.56802 0.09636
v 0.06358 1.56802 0.09360
v 0.07695 1.56802 0.09636
v 0.08829 1.56802 0.10422
v 0.09586 1.56802 0.11597
v 0.06358 1.56478 0.12984
v 0.06358 1.56478 0.12984
v 0.06358 1.56478 0.12984
v 0.06358 1.56478 0.12984
v 0.06358 1.56478 0.12984
v 0.06358 1.56478 0.12984
v 0.06358 1.56478 0.12984
v 0.06358 1.56478 0.12984
v 0.06358 1.56478 0.12984
v 0.06358 1.56478 0.12984
v 0.06358 1.56478 0.12984
v 0.06358 1.56478 0.12984
v 0.06358 1.56478 0.12984
v 0.06358 1.56478 0.12984
v 0.06358 1.56478 0.12984
v 0.06358 1.56478 0.12984
v -0.01142 1.62978 0.12984
v -0.01142 1.62978 0.12984
v -0.01142 1.62978 0.12984
v -0.01142 1.62978 0.12984
v -0.01142 1.62978 0.12984
v -0.01142 1.62978 0.12984
v -0.01142 1.62978 0.12984
v 0.01679 1.61928 0.12984
v 0.00617 1.61928 0.14914
v -0.01770 1.61928 0.15391
v -0.03684 1.61928 0.14055
v -0.03684 1.61928 0.11913
v -0.01770 1.61928 0.10577
v 0.00617 1.61928 0.11054
v 0.03423 1.59178 0.12984
v 0.01704 1.59178 0.16107
v -0.02158 1.59178 0.16878
v -0.05255 1.59178 0.14717
v -0.05255 1.59178 0.11251
v -0.02158 1.59178 0.09090
v 0.01704 1.59178 0.09861
v 0.03423 1.55779 0.12984
v 0.01704 1.55779 0.16107
v -0.02158 1.55779 0.16878
v -0.05255 1.55779 0.14717
v -0.05255 1.55779 0.11251
v -0.02158 1.55779 0.09090
v 0.01704 1.55779 0.09861
v 0.01679 1.53029 0.12984
v 0.00617 1.53029 0.14914
v -0.01770 1.53029 0.15391
v -0.03684 1.53029 0.14055
v -0.03684 1.53029 0.11913
v -0.01770 1.53029 0.10577
v 0.00617 1.53029 0.11054
v -0.01142 1.51978 0.12984
v -0.01142 1.51978 0.12984
v -0.01142 1.51978 0.12984
v -0.01142 1.51978 0.12984
v -0.01142 1.51978 0.12984
v -0.01142 1.51978 0.12984
v -0.01142 1.51978 0.12984
v -0.02142 1.54978 0.13984
v -0.02142 1.54978 0.13984
v -0.02142 1.54978 0.13984
v -0.02142 1.54978 0.13984
v -0.02142 1.54978 0.13984
v -0.02142 1.54978 0.13984
v -0.02142 1.54978 0.13984
v 0.00679 1.53928 0.13984
v -0.00383 1.53928 0.15914
v -0.02770 1.53928 0.16391
v -0.04684 1.53928 0.15055
v -0.04684 1.53928 0.12913
v -0.02770 1.53928 0.11577
v -0.00383 1.53928 0.12054
v 0.02423 1.51178 0.13984
v 0.00704 1.51178 0.17107
v -0.03158 1.51178 0.17878
v -0.06255 1.51178 0.15717
v -0.06255 1.51178 0.12251
v -0.03158 1.51178 0.10090
v 0.00704 1.51178 0.10861
v 0.02423 1.47779 0.13984
v 0.00704 1.47779 0.17107
v -0.03158 1.47779 0.17878
v -0.06255 1.47779 0.15717
v -0.06255 1.47779 0.12251
v -0.03158 1.47779 0.10090
v 0.00704 1.47779 0.10861
v 0.00679 1.45029 0.13984
v -0.00383 1.45029 0.15914
v -0.02770 1.45029 0.16391
v -0.04684 1.45029 0.15055
v -0.04684 1.45029 0.12913
v -0.02770 1.45029 0.11577
v -0.00383 1.45029 0.12054
v -0.02142 1.43978 0.13984
v -0.02142 1.43978 0.13984
v -0.02142 1.43978 0.13984
v -0.02142 1.43978 0.13984
v -0.02142 1.43978 0.13984
v -0.02142 1.43978 0.13984
v -0.02142 1.43978 0.13984
v -0.03142 1.46978 0.14984
v -0.03142 1.46978 0.14984
v -0.03142 1.46978 0.14984
v -0.03142 1.46978 0.14984
v -0.03142 1.46978 0.14984
v -0.03142 1.46978 0.14984
v -0.03142 1.46978 0.14984
v -0.00321 1.45928 0.14984
v -0.01383 1.45928 0.16914
v -0.03770 1.45928 0.17391
v -0.05684 1.45928 0.16055
v -0.05684 1.45928 0.13913
v -0.03770 1.45928 0.12577
v -0.01383 1.45928 0.13054
v 0.01423 1.43178 0.14984
v -0.00296 1.43178 0.18107
v -0.04158 1.43178 0.18878
v -0.07255 1.43178 0.16717
v -0.07255 1.43178 0.13251
v -0.04158 1.43178 0.11090
v -0.00296 1.43178 0.11861
v 0.01423 1.39779 0.14984
v -0.00296 1.39779 0.18107
v -0.04158 1.39779 0.18878
v -0.07255 1.39779 0.16717
v -0.07255 1.39779 0.13251
v -0.04158 1.39779 0.11090
v -0.00296 1.39779 0.11861
v -0.00321 1.37029 0.14984
v -0.01383 1.37029 0.16914
v -0.03770 1.37029 0.17391
v -0.05684 1.37029 0.16055
v -0.05684 1.37029 0.13913
v -0.03770 1.37029 0.12577
v -0.01383 1.37029 0.13054
v -0.03142 1.35978 0.14984
v -0.03142 1.35978 0.14984
v -0.03142 1.35978 0.14984
v -0.03142 1.35978 0.14984
v -0.03142 1.35978 0.14984
v -0.03142 1.35978 0.14984
v -0.03142 1.35978 0.14984
v -0.04142 1.36978 0.16984
v -0.04142 1.36978 0.16984
v -0.04142 1.36978 0.16984
v -0.04142 1.36978 0.16984
v -0.04142 1.36978 0.16984
v -0.04142 1.36978 0.16984
v -0.04142 1.36978 0.16984
v -0.01321 1.35928 0.16984
v -0.02383 1.35928 0.18914
v -0.04770 1.35928 0.19391
v -0.06684 1.35928 0.18055
v -0.06684 1.35928 0.15913
v -0.04770 1.35928 0.14577
v -0.02383 1.35928 0.15054
v 0.00423 1.33178 0.16984
v -0.01296 1.33178 0.20107
v -0.05158 1.33178 0.20878
v -0.08255 1.33178 0.18717
v -0.08255 1.33178 0.15251
v -0.05158 1.33178 0.13090
v -0.01296 1.33178 0.13861
v 0.00423 1.29779 0.16984
v -0.01296 1.29779 0.20107
v -0.05158 1.29779 0.20878
v -0.08255 1.29779 0.18717
v -0.08255 1.29779 0.15251
v -0.05158 1.29779 0.13090
v -0.01296 1.29779 0.13861
v -0.01321 1.27029 0.16984
v -0.02383 1.27029 0.18914
v -0.04770 1.27029 0.19391
v -0.06684 1.27029 0.18055
v -0.06684 1.27029 0.15913
v -0.04770 1.27029 0.14577
v -0.02383 1.27029 0.15054
v -0.04142 1.25978 0.16984
v -0.04142 1.25978 0.16984
v -0.04142 1.25978 0.16984
v -0.04142 1.25978 0.16984
v -0.04142 1.25978 0.16984
v -0.04142 1.25978 0.16984
v -0.04142 1.25978 0.16984
v -0.05142 1.28978 0.18984
v -0.05142 1.28978 0.18984
v -0.05142 1.28978 0.18984
v -0.05142 1.28978 0.18984
v -0.05142 1.28978 0.18984
v -0.05142 1.28978 0.18984
v -0.05142 1.28978 0.18984
v -0.02321 1.27928 0.18984
v -0.03383 1.27928 0.20914
v -0.05770 1.27928 0.21391
v -0.07684 1.27928 0.20055
v -0.07684 1.27928 0.17913
v -0.05770 1.27928 0.16577
v -0.03383 1.27928 0.17054
v -0.00577 1.25178 0.18984
v -0.02296 1.25178 0.22107
v -0.06158 1.25178 0.22878
v -0.09255 1.25178 0.20717
v -0.09255 1.25178 0.17251
v -0.06158 1.25178 0.15090
v -0.02296 1.25178 0.15861
v -0.00577 1.21779 0.18984
v -0.02296 1.21779 0.22107
v -0.06158 1.21779 0.22878
v -0.09255 1.21779 0.20717
v -0.09255 1.21779 0.17251
v -0.06158 1.21779 0.15090
v -0.02296 1.21779 0.15861
v -0.02321 1.19029 0.18984
v -0.03383 1.19029 0.20914
v -0.05770 1.19029 0.21391
v -0.07684 1.19029 0.20055
v -0.07684 1.19029 0.17913
v -0.05770 1.19029 0.16577
v -0.03383 1.19029 0.17054
v -0.05142 1.17978 0.18984
v -0.05142 1.17978 0.18984
v -0.05142 1.17978 0.18984
v -0.05142 1.17978 0.18984
v -0.05142 1.17978 0.18984
v -0.05142 1.17978 0.18984
v -0.05142 1.17978 0.18984
v 0.13858 1.62978 0.12984
v 0.13858 1.62978 0.12984
v 0.13858 1.62978 0.12984
v 0.13858 1.62978 0.12984
v 0.13858 1.62978 0.12984
v 0.13858 1.62978 0.12984
v 0.13858 1.62978 0.12984
v 0.16679 1.61928 0.12984
v 0.15617 1.61928 0.14914
v 0.13230 1.61928 0.15391
v 0.11316 1.61928 0.14055
v 0.11316 1.61928 0.11913
v 0.13230 1.61928 0.10577
v 0.15617 1.61928 0.11054
v 0.18423 1.59178 0.12984
v 0.16704 1.59178 0.16107
v 0.12842 1.59178 0.16878
v 0.09745 1.59178 0.14717
v 0.09745 1.59178 0.11251
v 0.12842 1.59178 0.09090
v 0.16704 1.59178 0.09861
v 0.18423 1.55779 0.12984
v 0.16704 1.55779 0.16107
v 0.12842 1.55779 0.16878
v 0.09745 1.55779 0.14717
v 0.09745 1.55779 0.11251
v 0.12842 1.55779 0.09090
v 0.16704 1.55779 0.09861
v 0.16679 1.53029 0.12984
v 0.15617 1.53029 0.14914
v 0.13230 1.53029 0.15391
v 0.11316 1.53029 0.14055
v 0.11316 1.53029 0.11913
v 0.13230 1.53029 0.10577
v 0.15617 1.53029 0.11054
v 0.13858 1.51978 0.12984
v 0.13858 1.51978 0.12984
v 0.13858 1.51978 0.12984
v 0.13858 1.51978 0.12984
v 0.13858 1.51978 0.12984
v 0.13858 1.51978 0.12984
v 0.13858 1.51978 0.12984
v 0.14858 1.54978 0.13984
v 0.14858 1.54978 0.13984
v 0.14858 1.54978 0.13984
v 0.14858 1.54978 0.13984
v 0.14858 1.54978 0.13984
v 0.14858 1.54978 0.13984
v 0.14858 1.54978 0.13984
v 0.17679 1.53928 0.13984
v 0.16617 1.53928 0.15914
v 0.14230 1.53928 0.16391
v 0.12316 1.53928 0.15055
v 0.12316 1.53928 0.12913
v 0.14230 1.53928 0.11577
v 0.16617 1.53928 0.12054
v 0.19423 1.51178 0.13984
v 0.17704 1.51178 0.17107
v 0.13842 1.51178 0.17878
v 0.10745 1.51178 0.15717
v 0.10745 1.51178 0.12251
v 0.13842 1.51178 0.10090
v 0.17704 1.51178 0.10861
v 0.19423 1.47779 0.13984
v 0.17704 1.47779 0.17107
v 0.13842 1.47779 0.17878
v 0.10745 1.47779 0.15717
v 0.10745 1.47779 0.12251
v 0.13842 1.47779 0.10090
v 0.17704 1.47779 0.10861
v 0.17679 1.45029 0.13984
v 0.16617 1.45029 0.15914
v 0.14230 1.45029 0.16391
v 0.12316 1.45029 0.15055
v 0.12316 1.45029 0.12913
v 0.14230 1.45029 0.11577
v 0.16617 1.45029 0.12054
v 0.14858 1.43978 0.13984
v 0.14858 1.43978 0.13984
v 0.14858 1.43978 0.13984
v 0.14858 1.43978 0.13984
v 0.14858 1.43978 0.13984
v 0.14858 1.43978 0.13984
v 0.14858 1.43978 0.13984
v 0.15858 1.46978 0.14984
v 0.15858 1.46978 0.14984
v 0.15858 1.46978 0.14984
v 0.15858 1.46978 0.14984
v 0.15858 1.46978 0.14984
v 0.15858 1.46978 0.14984
v 0.15858 1.46978 0.14984
v 0.18679 1.45928 0.14984
v 0.17617 1.45928 0.16914
v 0.15230 1.45928 0.17391
v 0.13316 1.45928 0.16055
v 0.13316 1.45928 0.13913
v 0.15230 1.45928 0.12577
v 0.17617 1.45928 0.13054
v 0.20423 1.43178 0.14984
v 0.18704 1.43178 0.18107
v 0.14842 1.43178 0.18878
v 0.11745 1.43178 0.16717
v 0.11745 1.43178 0.13251
v 0.14842 1.43178 0.11090
v 0.18704 1.43178 0.11861
v 0.20423 1.39779 0.14984
v 0.18704 1.39779 0.18107
v 0.14842 1.39779 0.18878
v 0.11745 1.39779 0.16717
v 0.11745 1.39779 0.13251
v 0.14842 1.39779 0.11090
v 0.18704 1.39779 0.11861
v 0.18679 1.37029 0.14984
v 0.17617 1.37029 0.16914
v 0.15230 1.37029 0.17391
v 0.13316 1.37029 0.16055
v 0.13316 1.37029 0.13913
v 0.15230 1.37029 0.12577
v 0.17617 1.37029 0.13054
v 0.15858 1.35978 0.14984
v 0.15858 1.35978 0.14984
v 0.15858 1.35978 0.14984
v 0.15858 1.35978 0.14984
v 0.15858 1.35978 0.14984
v 0.15858 1.35978 0.14984
v 0.15858 1.35978 0.14984
v 0.16858 1.36978 0.16984
v 0.16858 1.36978 0.16984
v 0.16858 1.36978 0.16984
v 0.16858 1.36978 0.16984
v 0.16858 1.36978 0.16984
v 0.16858 1.36978 0.16984
v 0.16858 1.36978 0.16984
v 0.19679 1.35928 0.16984
v 0.18617 1.35928 0.18914
v 0.16230 1.35928 0.19391
v 0.14316 1.35928 0.18055
v 0.14316 1.35928 0.15913
v 0.16230 1.35928 0.14577
v 0.18617 1.35928 0.15054
v 0.21423 1.33178 0.16984
v 0.19704 1.33178 0.20107
v 0.15842 1.33178 0.20878
v 0.12745 1.33178 0.18717
v 0.12745 1.33178 0.15251
v 0.15842 1.33178 0.13090
v 0.19704 1.33178 0.13861
v 0.21423 1.29779 0.16984
v 0.19704 1.29779 0.20107
v 0.15842 1.29779 0.20878
v 0.12745 1.29779 0.18717
v 0.12745 1.29779 0.15251
v 0.15842 1.29779 0.13090
v 0.19704 1.29779 0.13861
v 0.19679 1.27029 0.16984
v 0.18617 1.27029 0.18914
v 0.16230 1.27029 0.19391
v 0.14316 1.27029 0.18055
v 0.14316 1.27029 0.15913
v 0.16230 1.27029 0.14577
v 0.18617 1.27029 0.15054
v 0.16858 1.25978 0.16984
v 0.16858 1.25978 0.16984
v 0.16858 1.25978 0.16984
v 0.16858 1.25978 0.16984
v 0.16858 1.25978 0.16984
v 0.16858 1.25978 0.16984
v 0.16858 1.25978 0.16984
v 0.17858 1.28978 0.18984
v 0.17858 1.28978 0.18984
v 0.17858 1.28978 0.18984
v 0.17858 1.28978 0.18984
v 0.17858 1.28978 0.18984
v 0.17858 1.28978 0.18984
v 0.17858 1.28978 0.18984
v 0.20679 1.27928 0.18984
v 0.19617 1.27928 0.20914
v 0.17230 1.27928 0.21391
v 0.15316 1.27928 0.20055
v 0.15316 1.27928 0.17913
v 0.17230 1.27928 0.16577
v 0.19617 1.27928 0.17054
v 0.22423 1.25178 0.18984
v 0.20704 1.25178 0.22107
v 0.16842 1.25178 0.22878
v 0.13745 1.25178 0.20717
v 0.13745 1.25178 0.17251
v 0.16842 1.25178 0.15090
v 0.20704 1.25178 0.15861
v 0.22423 1.21779 0.18984
v 0.20704 1.21779 0.22107
v 0.16842 1.21779 0.22878
v 0.13745 1.21779 0.20717
v 0.13745 1.21779 0.17251
v 0.16842 1.21779 0.15090
v 0.20704 1.21779 0.15861
v 0.20679 1.19029 0.18984
v 0.19617 1.19029 0.20914
v 0.17230 1.19029 0.21391
v 0.15316 1.19029 0.20055
v 0.15316 1.19029 0.17913
v 0.17230 1.19029 0.16577
v 0.19617 1.19029 0.17054
v 0.17858 1.17978 0.18984
v 0.17858 1.17978 0.18984
v 0.17858 1.17978 0.18984
v 0.17858 1.17978 0.18984
v 0.17858 1.17978 0.18984
v 0.17858 1.17978 0.18984
v 0.17858 1.17978 0.18984
v 0.06358 1.57478 0.10984
v 0.06358 1.57478 0.10984
v 0.06358 1.57478 0.10984
v 0.06358 1.57478 0.10984
v 0.06358 1.57478 0.10984
v 0.06358 1.57478 0.10984
v 0.06358 1.57478 0.10984
v 0.06358 1.57478 0.10984
v 0.06358 1.57478 0.10984
v 0.06358 1.57478 0.10984
v 0.11358 1.55602 0.10984
v 0.10403 1.55602 0.12453
v 0.07903 1.55602 0.13361
v 0.04813 1.55602 0.13361
v 0.02313 1.55602 0.12453
v 0.01358 1.55602 0.10984
v 0.02313 1.55602 0.09514
v 0.04813 1.55602 0.08606
v 0.07903 1.55602 0.08606
v 0.10403 1.55602 0.09514
v 0.15018 1.50478 0.10984
v 0.13364 1.50478 0.13529
v 0.09034 1.50478 0.15102
v 0.03682 1.50478 0.15102
v -0.00648 1.50478 0.13529
v -0.02302 1.50478 0.10984
v -0.00648 1.50478 0.08439
v 0.03682 1.50478 0.06866
v 0.09034 1.50478 0.06866
v 0.13364 1.50478 0.08439
v 0.16358 1.43478 0.10984
v 0.14448 1.43478 0.13923
v 0.09448 1.43478 0.15739
v 0.03268 1.43478 0.15739
v -0.01732 1.43478 0.13923
v -0.03642 1.43478 0.10984
v -0.01732 1.43478 0.08045
v 0.03268 1.43478 0.06229
v 0.09448 1.43478 0.06229
v 0.14448 1.43478 0.08045
v 0.15018 1.36478 0.10984
v 0.13364 1.36478 0.13529
v 0.09034 1.36478 0.15102
v 0.03682 1.36478 0.15102
v -0.00648 1.36478 0.13529
v -0.02302 1.36478 0.10984
v -0.00648 1.36478 0.08439
v 0.03682 1.36478 0.06866
v 0.09034 1.36478 0.06866
v 0.13364 1.36478 0.08439
v 0.11358 1.31354 0.10984
v 0.10403 1.31354 0.12453
v 0.07903 1.31354 0.13361
v 0.04813 1.31354 0.13361
v 0.02313 1.31354 0.12453
v 0.01358 1.31354 0.10984
v 0.02313 1.31354 0.09514
v 0.04813 1.31354 0.08606
v 0.07903 1.31354 0.08606
v 0.10403 1.31354 0.09514
v 0.06358 1.29478 0.10984
v 0.06358 1.29478 0.10984
v 0.06358 1.29478 0.10984
v 0.06358 1.29478 0.10984
v 0.06358 1.29478 0.10984
v 0.06358 1.29478 0.10984
v 0.06358 1.29478 0.10984
v 0.06358 1.29478 0.10984
v 0.06358 1.29478 0.10984
v 0.06358 1.29478 0.10984
v 0.01858 1.67778 0.26484
v 0.01858 1.67778 0.26484
v 0.01858 1.67778 0.26484
v 0.01858 1.67778 0.26484
v 0.01858 1.67778 0.26484
v 0.01858 1.67778 0.26484
v 0.03414 1.66665 0.26484
v 0.02636 1.66665 0.27709
v 0.01080 1.66665 0.27709
v 0.00302 1.66665 0.26484
v 0.01080 1.66665 0.25259
v 0.02636 1.66665 0.25259
v 0.04058 1.63978 0.26484
v 0.02958 1.63978 0.28216
v 0.00758 1.63978 0.28216
v -0.00342 1.63978 0.26484
v 0.00758 1.63978 0.24752
v 0.02958 1.63978 0.24752
v 0.03414 1.61291 0.26484
v 0.02636 1.61291 0.27709
v 0.01080 1.61291 0.27709
v 0.00302 1.61291 0.26484
v 0.01080 1.61291 0.25259
v 0.02636 1.61291 0.25259
v 0.01858 1.60178 0.26484
v 0.01858 1.60178 0.26484
v 0.01858 1.60178 0.26484
v 0.01858 1.60178 0.26484
v 0.01858 1.60178 0.26484
v 0.01858 1.60178 0.26484
v 0.06358 1.67778 0.26484
v 0.06358 1.67778 0.26484
v 0.06358 1.67778 0.26484
v 0.06358 1.67778 0.26484
v 0.06358 1.67778 0.26484
v 0.06358 1.67778 0.26484
v 0.07914 1.66665 0.26484
v 0.07136 1.66665 0.27709
v 0.05580 1.66665 0.27709
v 0.04802 1.66665 0.26484
v 0.05580 1.66665 0.25259
v 0.07136 1.66665 0.25259
v 0.08558 1.63978 0.26484
v 0.07458 1.63978 0.28216
v 0.05258 1.63978 0.28216
v 0.04158 1.63978 0.26484
v 0.05258 1.63978 0.24752
v 0.07458 1.63978 0.24752
v 0.07914 1.61291 0.26484
v 0.07136 1.61291 0.27709
v 0.05580 1.61291 0.27709
v 0.04802 1.61291 0.26484
v 0.05580 1.61291 0.25259
v 0.07136 1.61291 0.25259
v 0.06358 1.60178 0.26484
v 0.06358 1.60178 0.26484
v 0.06358 1.60178 0.26484
v 0.06358 1.60178 0.26484
v 0.06358 1.60178 0.26484
v 0.06358 1.60178 0.26484
v 0.10858 1.67778 0.26484
v 0.10858 1.67778 0.26484
v 0.10858 1.67778 0.26484
v 0.10858 1.67778 0.26484
v 0.10858 1.67778 0.26484
v 0.10858 1.67778 0.26484
v 0.12414 1.66665 0.26484
v 0.11636 1.66665 0.27709
v 0.10080 1.66665 0.27709
v 0.09302 1.66665 0.26484
v 0.10080 1.66665 0.25259
v 0.11636 1.66665 0.25259
v 0.13058 1.63978 0.26484
v 0.11958 1.63978 0.28216
v 0.09758 1.63978 0.28216
v 0.08658 1.63978 0.26484
v 0.09758 1.63978 0.24752
v 0.11958 1.63978 0.24752
v 0.12414 1.61291 0.26484
v 0.11636 1.61291 0.27709
v 0.10080 1.61291 0.27709
v 0.09302 1.61291 0.26484
v 0.10080 1.61291 0.25259
v 0.11636 1.61291 0.25259
v 0.10858 1.60178 0.26484
v 0.10858 1.60178 0.26484
v 0.10858 1.60178 0.26484
v 0.10858 1.60178 0.26484
v 0.10858 1.60178 0.26484
v 0.10858 1.60178 0.26484
v -0.22300 1.46990 0.14000
v -0.22300 1.46990 0.14000
v -0.22300 1.46990 0.14000
v -0.22300 1.46990 0.14000
v -0.22300 1.46990 0.14000
v -0.22300 1.46990 0.14000
v -0.22300 1.46990 0.14000
v -0.22300 1.46990 0.14000
v -0.22300 1.46990 0.14000
v -0.19263 1.46297 0.14000
v -0.19973 1.46297 0.15952
v -0.21773 1.46297 0.16991
v -0.23819 1.46297 0.16630
v -0.25154 1.46297 0.15039
v -0.25154 1.46297 0.12961
v -0.23819 1.46297 0.11370
v -0.21773 1.46297 0.11009
v -0.19973 1.46297 0.12048
v -0.16827 1.44354 0.14000
v -0.18108 1.44354 0.17518
v -0.21350 1.44354 0.19390
v -0.25036 1.44354 0.18740
v -0.27443 1.44354 0.15872
v -0.27443 1.44354 0.12128
v -0.25036 1.44354 0.09260
v -0.21350 1.44354 0.08610
v -0.18108 1.44354 0.10482
v -0.15476 1.41547 0.14000
v -0.17072 1.41547 0.18387
v -0.21115 1.41547 0.20721
v -0.25712 1.41547 0.19910
v -0.28713 1.41547 0.16334
v -0.28713 1.41547 0.11666
v -0.25712 1.41547 0.08090
v -0.21115 1.41547 0.07279
v -0.17072 1.41547 0.09613
v -0.15476 1.38432 0.14000
v -0.17072 1.38432 0.18387
v -0.21115 1.38432 0.20721
v -0.25712 1.38432 0.19910
v -0.28713 1.38432 0.16334
v -0.28713 1.38432 0.11666
v -0.25712 1.38432 0.08090
v -0.21115 1.38432 0.07279
v -0.17072 1.38432 0.09613
v -0.16827 1.35625 0.14000
v -0.18108 1.35625 0.17518
v -0.21350 1.35625 0.19390
v -0.25036 1.35625 0.18740
v -0.27443 1.35625 0.15872
v -0.27443 1.35625 0.12128
v -0.25036 1.35625 0.09260
v -0.21350 1.35625 0.08610
v -0.18108 1.35625 0.10482
v -0.19263 1.33683 0.14000
v -0.19973 1.33683 0.15952
v -0.21773 1.33683 0.16991
v -0.23819 1.33683 0.16630
v -0.25154 1.33683 0.15039
v -0.25154 1.33683 0.12961
v -0.23819 1.33683 0.11370
v -0.21773 1.33683 0.11009
v -0.19973 1.33683 0.12048
v -0.22300 1.32990 0.14000
v -0.22300 1.32990 0.14000
v -0.22300 1.32990 0.14000
v -0.22300 1.32990 0.14000
v -0.22300 1.32990 0.14000
v -0.22300 1.32990 0.14000
v -0.22300 1.32990 0.14000
v -0.22300 1.32990 0.14000
v -0.22300 1.32990 0.14000
v -0.22007 1.40709 0.13172
v -0.22007 1.40709 0.13172
v -0.22007 1.40709 0.13172
v -0.22007 1.40709 0.13172
v -0.22007 1.40709 0.13172
v -0.22007 1.40709 0.13172
v -0.22007 1.40709 0.13172
v -0.22007 1.40709 0.13172
v -0.22046 1.39662 0.10919
v -0.20353 1.39681 0.11629
v -0.19651 1.39932 0.13308
v -0.20353 1.40268 0.14973
v -0.22046 1.40491 0.15647
v -0.23740 1.40472 0.14937
v -0.24442 1.40221 0.13258
v -0.23740 1.39885 0.11594
v -0.22154 1.37631 0.09492
v -0.19220 1.37665 0.10722
v -0.18004 1.38099 0.13630
v -0.19220 1.38680 0.16512
v -0.22154 1.39067 0.17680
v -0.25087 1.39034 0.16450
v -0.26303 1.38599 0.13542
v -0.25087 1.38018 0.10660
v -0.22300 1.35160 0.09272
v -0.18912 1.35199 0.10693
v -0.17509 1.35701 0.14051
v -0.18912 1.36372 0.17379
v -0.22300 1.36819 0.18728
v -0.25688 1.36780 0.17307
v -0.27091 1.36278 0.13949
v -0.25688 1.35607 0.10621
v -0.22583 1.30600 0.10072
v -0.19195 1.30639 0.11493
v -0.17792 1.31141 0.14851
v -0.19195 1.31812 0.18179
v -0.22583 1.32259 0.19528
v -0.25971 1.32220 0.18107
v -0.27374 1.31718 0.14749
v -0.25971 1.31047 0.11421
v -0.22866 1.26039 0.10872
v -0.19478 1.26078 0.12293
v -0.18075 1.26580 0.15651
v -0.19478 1.27251 0.18979
v -0.22866 1.27698 0.20328
v -0.26254 1.27659 0.18907
v -0.27657 1.27157 0.15549
v -0.26254 1.26486 0.12221
v -0.23149 1.21479 0.11672
v -0.19761 1.21518 0.13093
v -0.18358 1.22020 0.16451
v -0.19761 1.22691 0.19779
v -0.23149 1.23138 0.21128
v -0.26537 1.23099 0.19707
v -0.27940 1.22597 0.16349
v -0.26537 1.21926 0.13021
v -0.23432 1.16919 0.12472
v -0.20044 1.16958 0.13893
v -0.18641 1.17459 0.17251
v -0.20044 1.18130 0.20579
v -0.23432 1.18577 0.21928
v -0.26820 1.18538 0.20507
v -0.28223 1.18036 0.17149
v -0.26820 1.17365 0.13821
v -0.23715 1.12358 0.13272
v -0.20327 1.12397 0.14693
v -0.18924 1.12899 0.18051
v -0.20327 1.13570 0.21379
v -0.23715 1.14017 0.22728
v -0.27103 1.13978 0.21307
v -0.28506 1.13476 0.17949
v -0.27103 1.12805 0.14621
v -0.23861 1.10110 0.14320
v -0.20928 1.10143 0.15550
v -0.19712 1.10578 0.18458
v -0.20928 1.11159 0.21340
v -0.23861 1.11546 0.22508
v -0.26795 1.11512 0.21278
v -0.28011 1.11078 0.18370
v -0.26795 1.10497 0.15488
v -0.23969 1.08686 0.16353
v -0.22275 1.08705 0.17063
v -0.21573 1.08956 0.18742
v -0.22275 1.09292 0.20406
v -0.23969 1.09515 0.21081
v -0.25662 1.09496 0.20371
v -0.26364 1.09245 0.18692
v -0.25662 1.08909 0.17027
v -0.24008 1.08468 0.18828
v -0.24008 1.08468 0.18828
v -0.24008 1.08468 0.18828
v -0.24008 1.08468 0.18828
v -0.24008 1.08468 0.18828
v -0.24008 1.08468 0.18828
v -0.24008 1.08468 0.18828
v -0.24008 1.08468 0.18828
v -0.23555 1.16917 0.16564
v -0.23555 1.16917 0.16564
v -0.23555 1.16917 0.16564
v -0.23555 1.16917 0.16564
v -0.23555 1.16917 0.16564
v -0.23555 1.16917 0.16564
v -0.23555 1.16917 0.16564
v -0.23555 1.16917 0.16564
v -0.23576 1.15699 0.14890
v -0.22163 1.15856 0.15457
v -0.21578 1.16343 0.16785
v -0.22163 1.16873 0.18096
v -0.23576 1.17136 0.18622
v -0.24989 1.16979 0.18055
v -0.25574 1.16492 0.16727
v -0.24989 1.15962 0.15416
v -0.23635 1.13807 0.14049
v -0.21187 1.14080 0.15031
v -0.20173 1.14923 0.17332
v -0.21187 1.15841 0.19603
v -0.23635 1.16297 0.20514
v -0.26082 1.16024 0.19532
v -0.27096 1.15182 0.17232
v -0.26082 1.14264 0.14961
v -0.23715 1.11750 0.14267
v -0.20889 1.12065 0.15401
v -0.19718 1.13038 0.18058
v -0.20889 1.14098 0.20680
v -0.23715 1.14625 0.21733
v -0.26541 1.14310 0.20599
v -0.27712 1.13337 0.17942
v -0.26541 1.12277 0.15320
v -0.23857 1.08461 0.15534
v -0.21030 1.08776 0.16668
v -0.19860 1.09749 0.19324
v -0.21030 1.10809 0.21947
v -0.23857 1.11336 0.22999
v -0.26683 1.11021 0.21865
v -0.27853 1.10048 0.19209
v -0.26683 1.08988 0.16586
v -0.23998 1.05172 0.16801
v -0.21172 1.05487 0.17935
v -0.20001 1.06460 0.20591
v -0.21172 1.07520 0.23214
v -0.23998 1.08047 0.24266
v -0.26824 1.07732 0.23132
v -0.27995 1.06759 0.20476
v -0.26824 1.05699 0.17853
v -0.24140 1.01883 0.18067
v -0.21313 1.02198 0.19201
v -0.20143 1.03171 0.21858
v -0.21313 1.04231 0.24480
v -0.24140 1.04758 0.25533
v -0.26966 1.04443 0.24399
v -0.28136 1.03470 0.21742
v -0.26966 1.02410 0.19120
v -0.24281 0.98594 0.19334
v -0.21455 0.98909 0.20468
v -0.20284 0.99882 0.23124
v -0.21455 1.00942 0.25747
v -0.24281 1.01469 0.26799
v -0.27107 1.01154 0.25665
v -0.28278 1.00181 0.23009
v -0.27107 0.99121 0.20386
v -0.24423 0.95305 0.20601
v -0.21596 0.95620 0.21735
v -0.20426 0.96593 0.24391
v -0.21596 0.97653 0.27014
v -0.24423 0.98180 0.28066
v -0.27249 0.97865 0.26932
v -0.28419 0.96892 0.24276
v -0.27249 0.95832 0.21653
v -0.24564 0.92016 0.21867
v -0.21738 0.92331 0.23001
v -0.20567 0.93304 0.25658
v -0.21738 0.94364 0.28280
v -0.24564 0.94891 0.29333
v -0.27390 0.94576 0.28199
v -0.28561 0.93603 0.25542
v -0.27390 0.92543 0.22920
v -0.24644 0.90344 0.23086
v -0.22197 0.90617 0.24068
v -0.21183 0.91459 0.26368
v -0.22197 0.92377 0.28639
v -0.24644 0.92834 0.29551
v -0.27092 0.92561 0.28569
v -0.28106 0.91718 0.26268
v -0.27092 0.90800 0.23997
v -0.24703 0.89505 0.24978
v -0.23290 0.89662 0.25545
v -0.22705 0.90149 0.26873
v -0.23290 0.90679 0.28184
v -0.24703 0.90942 0.28710
v -0.26116 0.90785 0.28143
v -0.26701 0.90298 0.26815
v -0.26116 0.89768 0.25504
v -0.24724 0.89724 0.27036
v -0.24724 0.89724 0.27036
v -0.24724 0.89724 0.27036
v -0.24724 0.89724 0.27036
v -0.24724 0.89724 0.27036
v -0.24724 0.89724 0.27036
v -0.24724 0.89724 0.27036
v -0.24724 0.89724 0.27036
v -0.24564 0.94253 0.27600
v -0.24564 0.94253 0.27600
v -0.24564 0.94253 0.27600
v -0.24564 0.94253 0.27600
v -0.24564 0.94253 0.27600
v -0.24564 0.94253 0.27600
v -0.24564 0.94253 0.27600
v -0.24564 0.94253 0.27600
v -0.24564 0.94253 0.27600
v -0.24564 0.94253 0.27600
v -0.22742 0.93976 0.27600
v -0.23090 0.93976 0.29003
v -0.24001 0.93976 0.29870
v -0.25127 0.93976 0.29870
v -0.26038 0.93976 0.29003
v -0.26386 0.93976 0.27600
v -0.26038 0.93976 0.26197
v -0.25127 0.93976 0.25330
v -0.24001 0.93976 0.25330
v -0.23090 0.93976 0.26197
v -0.21280 0.93199 0.27600
v -0.21907 0.93199 0.30128
v -0.23549 0.93199 0.31690
v -0.25579 0.93199 0.31690
v -0.27221 0.93199 0.30128
v -0.27848 0.93199 0.27600
v -0.27221 0.93199 0.25072
v -0.25579 0.93199 0.23510
v -0.23549 0.93199 0.23510
v -0.21907 0.93199 0.25072
v -0.20469 0.92077 0.27600
v -0.21251 0.92077 0.30752
v -0.23299 0.92077 0.32700
v -0.25829 0.92077 0.32700
v -0.27877 0.92077 0.30752
v -0.28659 0.92077 0.27600
v -0.27877 0.92077 0.24448
v -0.25829 0.92077 0.22500
v -0.23299 0.92077 0.22500
v -0.21251 0.92077 0.24448
v -0.20469 0.90830 0.27600
v -0.21251 0.90830 0.30752
v -0.23299 0.90830 0.32700
v -0.25829 0.90830 0.32700
v -0.27877 0.90830 0.30752
v -0.28659 0.90830 0.27600
v -0.27877 0.90830 0.24448
v -0.25829 0.90830 0.22500
v -0.23299 0.90830 0.22500
v -0.21251 0.90830 0.24448
v -0.21280 0.89708 0.27600
v -0.21907 0.89708 0.30128
v -0.23549 0.89708 0.31690
v -0.25579 0.89708 0.31690
v -0.27221 0.89708 0.30128
v -0.27848 0.89708 0.27600
v -0.27221 0.89708 0.25072
v -0.25579 0.89708 0.23510
v -0.23549 0.89708 0.23510
v -0.21907 0.89708 0.25072
v -0.22742 0.88931 0.27600
v -0.23090 0.88931 0.29003
v -0.24001 0.88931 0.29870
v -0.25127 0.88931 0.29870
v -0.26038 0.88931 0.29003
v -0.26386 0.88931 0.27600
v -0.26038 0.88931 0.26197
v -0.25127 0.88931 0.25330
v -0.24001 0.88931 0.25330
v -0.23090 0.88931 0.26197
v -0.24564 0.88653 0.27600
v -0.24564 0.88653 0.27600
v -0.24564 0.88653 0.27600
v -0.24564 0.88653 0.27600
v -0.24564 0.88653 0.27600
v -0.24564 0.88653 0.27600
v -0.24564 0.88653 0.27600
v -0.24564 0.88653 0.27600
v -0.24564 0.88653 0.27600
v -0.24564 0.88653 0.27600
v -0.24564 0.94053 0.31100
v -0.24564 0.94053 0.31100
v -0.24564 0.94053 0.31100
v -0.24564 0.94053 0.31100
v -0.24564 0.94053 0.31100
v -0.24564 0.94053 0.31100
v -0.24564 0.94053 0.31100
v -0.24564 0.94053 0.31100
v -0.22330 0.93748 0.31100
v -0.22985 0.93748 0.32014
v -0.24564 0.93748 0.32393
v -0.26143 0.93748 0.32014
v -0.26798 0.93748 0.31100
v -0.26143 0.93748 0.30186
v -0.24564 0.93748 0.29807
v -0.22985 0.93748 0.30186
v -0.20950 0.92948 0.31100
v -0.22009 0.92948 0.32579
v -0.24564 0.92948 0.33192
v -0.27119 0.92948 0.32579
v -0.28178 0.92948 0.31100
v -0.27119 0.92948 0.29621
v -0.24564 0.92948 0.29008
v -0.22009 0.92948 0.29621
v -0.20950 0.91959 0.31100
v -0.22009 0.91959 0.32579
v -0.24564 0.91959 0.33192
v -0.27119 0.91959 0.32579
v -0.28178 0.91959 0.31100
v -0.27119 0.91959 0.29621
v -0.24564 0.91959 0.29008
v -0.22009 0.91959 0.29621
v -0.22330 0.91159 0.31100
v -0.22985 0.91159 0.32014
v -0.24564 0.91159 0.32393
v -0.26143 0.91159 0.32014
v -0.26798 0.91159 0.31100
v -0.26143 0.91159 0.30186
v -0.24564 0.91159 0.29807
v -0.22985 0.91159 0.30186
v -0.24564 0.90853 0.31100
v -0.24564 0.90853 0.31100
v -0.24564 0.90853 0.31100
v -0.24564 0.90853 0.31100
v -0.24564 0.90853 0.31100
v -0.24564 0.90853 0.31100
v -0.24564 0.90853 0.31100
v -0.24564 0.90853 0.31100
v -0.21764 0.91144 0.32242
v -0.21764 0.91144 0.32242
v -0.21764 0.91144 0.32242
v -0.21764 0.91144 0.32242
v -0.21764 0.91144 0.32242
v -0.21764 0.91144 0.32242
v -0.21314 0.91107 0.32357
v -0.21539 0.91479 0.32474
v -0.21989 0.91479 0.32474
v -0.22214 0.91107 0.32357
v -0.21989 0.90736 0.32240
v -0.21539 0.90736 0.32240
v -0.20985 0.91009 0.32671
v -0.21374 0.91652 0.32873
v -0.22154 0.91652 0.32873
v -0.22543 0.91009 0.32671
v -0.22154 0.90365 0.32468
v -0.21374 0.90365 0.32468
v -0.20864 0.90873 0.33100
v -0.21314 0.91617 0.33334
v -0.22214 0.91617 0.33334
v -0.22664 0.90873 0.33100
v -0.22214 0.90130 0.32866
v -0.21314 0.90130 0.32866
v -0.20864 0.90573 0.34053
v -0.21314 0.91317 0.34287
v -0.22214 0.91317 0.34287
v -0.22664 0.90573 0.34053
v -0.22214 0.89830 0.33819
v -0.21314 0.89830 0.33819
v -0.20864 0.90273 0.35007
v -0.21314 0.91017 0.35241
v -0.22214 0.91017 0.35241
v -0.22664 0.90273 0.35007
v -0.22214 0.89530 0.34773
v -0.21314 0.89530 0.34773
v -0.20864 0.89973 0.35960
v -0.21314 0.90717 0.36194
v -0.22214 0.90717 0.36194
v -0.22664 0.89973 0.35960
v -0.22214 0.89230 0.35726
v -0.21314 0.89230 0.35726
v -0.20985 0.89838 0.36389
v -0.21374 0.90482 0.36592
v -0.22154 0.90482 0.36592
v -0.22543 0.89838 0.36389
v -0.22154 0.89195 0.36187
v -0.21374 0.89195 0.36187
v -0.21314 0.89740 0.36703
v -0.21539 0.90111 0.36820
v -0.21989 0.90111 0.36820
v -0.22214 0.89740 0.36703
v -0.21989 0.89368 0.36586
v -0.21539 0.89368 0.36586
v -0.21764 0.89703 0.36818
v -0.21764 0.89703 0.36818
v -0.21764 0.89703 0.36818
v -0.21764 0.89703 0.36818
v -0.21764 0.89703 0.36818
v -0.21764 0.89703 0.36818
v -0.21729 0.90278 0.35275
v -0.21729 0.90278 0.35275
v -0.21729 0.90278 0.35275
v -0.21729 0.90278 0.35275
v -0.21729 0.90278 0.35275
v -0.21729 0.90278 0.35275
v -0.21359 0.90237 0.35386
v -0.21553 0.90534 0.35508
v -0.21928 0.90534 0.35489
v -0.22108 0.90237 0.35348
v -0.21914 0.89940 0.35226
v -0.21540 0.89940 0.35245
v -0.21098 0.90126 0.35651
v -0.21434 0.90640 0.35862
v -0.22082 0.90640 0.35829
v -0.22395 0.90126 0.35584
v -0.22059 0.89612 0.35373
v -0.21410 0.89612 0.35406
v -0.21015 0.89973 0.35998
v -0.21403 0.90567 0.36242
v -0.22152 0.90567 0.36204
v -0.22513 0.89973 0.35922
v -0.22125 0.89380 0.35678
v -0.21376 0.89380 0.35716
v -0.21045 0.89713 0.36583
v -0.21433 0.90307 0.36827
v -0.22182 0.90307 0.36789
v -0.22543 0.89713 0.36507
v -0.22155 0.89120 0.36263
v -0.21406 0.89120 0.36301
v -0.21075 0.89453 0.37168
v -0.21463 0.90047 0.37412
v -0.22212 0.90047 0.37374
v -0.22573 0.89453 0.37092
v -0.22185 0.88860 0.36848
v -0.21436 0.88860 0.36886
v -0.21105 0.89193 0.37753
v -0.21493 0.89787 0.37997
v -0.22242 0.89787 0.37959
v -0.22603 0.89193 0.37677
v -0.22215 0.88600 0.37433
v -0.21466 0.88600 0.37471
v -0.21135 0.88933 0.38338
v -0.21523 0.89527 0.38582
v -0.22272 0.89527 0.38544
v -0.22633 0.88933 0.38262
v -0.22245 0.88340 0.38018
v -0.21496 0.88340 0.38056
v -0.21253 0.88781 0.38676
v -0.21589 0.89295 0.38887
v -0.22238 0.89295 0.38854
v -0.22550 0.88781 0.38609
v -0.22214 0.88267 0.38398
v -0.21566 0.88267 0.38431
v -0.21540 0.88670 0.38912
v -0.21734 0.88967 0.39034
v -0.22108 0.88967 0.39015
v -0.22289 0.88670 0.38874
v -0.22095 0.88373 0.38752
v -0.21720 0.88373 0.38771
v -0.21919 0.88629 0.38985
v -0.21919 0.88629 0.38985
v -0.21919 0.88629 0.38985
v -0.21919 0.88629 0.38985
v -0.21919 0.88629 0.38985
v -0.21919 0.88629 0.38985
v -0.23564 0.91159 0.32246
v -0.23564 0.91159 0.32246
v -0.23564 0.91159 0.32246
v -0.23564 0.91159 0.32246
v -0.23564 0.91159 0.32246
v -0.23564 0.91159 0.32246
v -0.23114 0.91120 0.32361
v -0.23339 0.91490 0.32484
v -0.23789 0.91490 0.32484
v -0.24014 0.91120 0.32361
v -0.23789 0.90751 0.32237
v -0.23339 0.90751 0.32237
v -0.22785 0.91016 0.32673
v -0.23174 0.91656 0.32887
v -0.23954 0.91656 0.32887
v -0.24343 0.91016 0.32673
v -0.23954 0.90376 0.32459
v -0.23174 0.90376 0.32459
v -0.22664 0.90873 0.33100
v -0.23114 0.91613 0.33347
v -0.24014 0.91613 0.33347
v -0.24464 0.90873 0.33100
v -0.24014 0.90134 0.32853
v -0.23114 0.90134 0.32853
v -0.22664 0.90573 0.33998
v -0.23114 0.91313 0.34245
v -0.24014 0.91313 0.34245
v -0.24464 0.90573 0.33998
v -0.24014 0.89834 0.33751
v -0.23114 0.89834 0.33751
v -0.22664 0.90273 0.34897
v -0.23114 0.91013 0.35144
v -0.24014 0.91013 0.35144
v -0.24464 0.90273 0.34897
v -0.24014 0.89534 0.34650
v -0.23114 0.89534 0.34650
v -0.22664 0.89973 0.35795
v -0.23114 0.90713 0.36042
v -0.24014 0.90713 0.36042
v -0.24464 0.89973 0.35795
v -0.24014 0.89234 0.35548
v -0.23114 0.89234 0.35548
v -0.22785 0.89831 0.36222
v -0.23174 0.90471 0.36436
v -0.23954 0.90471 0.36436
v -0.24343 0.89831 0.36222
v -0.23954 0.89191 0.36008
v -0.23174 0.89191 0.36008
v -0.23114 0.89727 0.36534
v -0.23339 0.90096 0.36658
v -0.23789 0.90096 0.36658
v -0.24014 0.89727 0.36534
v -0.23789 0.89357 0.36411
v -0.23339 0.89357 0.36411
v -0.23564 0.89688 0.36649
v -0.23564 0.89688 0.36649
v -0.23564 0.89688 0.36649
v -0.23564 0.89688 0.36649
v -0.23564 0.89688 0.36649
v -0.23564 0.89688 0.36649
v -0.23527 0.90293 0.35118
v -0.23527 0.90293 0.35118
v -0.23527 0.90293 0.35118
v -0.23527 0.90293 0.35118
v -0.23527 0.90293 0.35118
v -0.23527 0.90293 0.35118
v -0.23158 0.90250 0.35229
v -0.23352 0.90544 0.35357
v -0.23727 0.90544 0.35336
v -0.23907 0.90250 0.35188
v -0.23712 0.89956 0.35060
v -0.23337 0.89956 0.35080
v -0.22897 0.90133 0.35492
v -0.23234 0.90642 0.35713
v -0.23883 0.90642 0.35678
v -0.24194 0.90133 0.35421
v -0.23857 0.89624 0.35199
v -0.23208 0.89624 0.35235
v -0.22815 0.89973 0.35836
v -0.23205 0.90561 0.36092
v -0.23953 0.90561 0.36051
v -0.24313 0.89973 0.35754
v -0.23923 0.89386 0.35498
v -0.23175 0.89386 0.35539
v -0.22855 0.89627 0.36571
v -0.23245 0.90214 0.36827
v -0.23993 0.90214 0.36786
v -0.24353 0.89627 0.36489
v -0.23963 0.89039 0.36233
v -0.23215 0.89039 0.36274
v -0.22895 0.89280 0.37306
v -0.23285 0.89868 0.37562
v -0.24033 0.89868 0.37521
v -0.24393 0.89280 0.37224
v -0.24003 0.88693 0.36968
v -0.23255 0.88693 0.37009
v -0.22935 0.88933 0.38041
v -0.23325 0.89521 0.38297
v -0.24073 0.89521 0.38256
v -0.24433 0.88933 0.37959
v -0.24043 0.88346 0.37703
v -0.23295 0.88346 0.37744
v -0.23054 0.88774 0.38374
v -0.23391 0.89283 0.38596
v -0.24040 0.89283 0.38560
v -0.24351 0.88774 0.38303
v -0.24014 0.88265 0.38082
v -0.23365 0.88265 0.38117
v -0.23341 0.88657 0.38607
v -0.23536 0.88951 0.38735
v -0.23911 0.88951 0.38715
v -0.24090 0.88657 0.38566
v -0.23896 0.88363 0.38438
v -0.23521 0.88363 0.38459
v -0.23721 0.88614 0.38677
v -0.23721 0.88614 0.38677
v -0.23721 0.88614 0.38677
v -0.23721 0.88614 0.38677
v -0.23721 0.88614 0.38677
v -0.23721 0.88614 0.38677
v -0.25564 0.91175 0.32252
v -0.25564 0.91175 0.32252
v -0.25564 0.91175 0.32252
v -0.25564 0.91175 0.32252
v -0.25564 0.91175 0.32252
v -0.25564 0.91175 0.32252
v -0.25114 0.91135 0.32366
v -0.25339 0.91502 0.32496
v -0.25789 0.91502 0.32496
v -0.26014 0.91135 0.32366
v -0.25789 0.90768 0.32235
v -0.25339 0.90768 0.32235
v -0.24785 0.91024 0.32676
v -0.25174 0.91660 0.32902
v -0.25954 0.91660 0.32902
v -0.26343 0.91024 0.32676
v -0.25954 0.90388 0.32450
v -0.25174 0.90388 0.32450
v -0.24664 0.90873 0.33100
v -0.25114 0.91608 0.33361
v -0.26014 0.91608 0.33361
v -0.26464 0.90873 0.33100
v -0.26014 0.90139 0.32839
v -0.25114 0.90139 0.32839
v -0.24664 0.90573 0.33943
v -0.25114 0.91308 0.34205
v -0.26014 0.91308 0.34205
v -0.26464 0.90573 0.33943
v -0.26014 0.89839 0.33682
v -0.25114 0.89839 0.33682
v -0.24664 0.90273 0.34787
v -0.25114 0.91008 0.35048
v -0.26014 0.91008 0.35048
v -0.26464 0.90273 0.34787
v -0.26014 0.89539 0.34525
v -0.25114 0.89539 0.34525
v -0.24664 0.89973 0.35630
v -0.25114 0.90708 0.35891
v -0.26014 0.90708 0.35891
v -0.26464 0.89973 0.35630
v -0.26014 0.89239 0.35369
v -0.25114 0.89239 0.35369
v -0.24785 0.89823 0.36054
v -0.25174 0.90459 0.36280
v -0.25954 0.90459 0.36280
v -0.26343 0.89823 0.36054
v -0.25954 0.89187 0.35828
v -0.25174 0.89187 0.35828
v -0.25114 0.89712 0.36364
v -0.25339 0.90079 0.36495
v -0.25789 0.90079 0.36495
v -0.26014 0.89712 0.36364
v -0.25789 0.89345 0.36234
v -0.25339 0.89345 0.36234
v -0.25564 0.89672 0.36478
v -0.25564 0.89672 0.36478
v -0.25564 0.89672 0.36478
v -0.25564 0.89672 0.36478
v -0.25564 0.89672 0.36478
v -0.25564 0.89672 0.36478
v -0.25525 0.90310 0.34961
v -0.25525 0.90310 0.34961
v -0.25525 0.90310 0.34961
v -0.25525 0.90310 0.34961
v -0.25525 0.90310 0.34961
v -0.25525 0.90310 0.34961
v -0.25156 0.90265 0.35072
v -0.25352 0.90555 0.35207
v -0.25726 0.90555 0.35185
v -0.25905 0.90265 0.35029
v -0.25709 0.89974 0.34894
v -0.25335 0.89974 0.34916
v -0.24896 0.90142 0.35333
v -0.25235 0.90644 0.35566
v -0.25883 0.90644 0.35528
v -0.26193 0.90142 0.35258
v -0.25854 0.89639 0.35025
v -0.25206 0.89639 0.35062
v -0.24815 0.89973 0.35673
v -0.25206 0.90554 0.35942
v -0.25955 0.90554 0.35899
v -0.26313 0.89973 0.35587
v -0.25922 0.89393 0.35318
v -0.25173 0.89393 0.35361
v -0.24855 0.89627 0.36363
v -0.25246 0.90207 0.36632
v -0.25995 0.90207 0.36589
v -0.26353 0.89627 0.36277
v -0.25962 0.89046 0.36008
v -0.25213 0.89046 0.36051
v -0.24895 0.89280 0.37053
v -0.25286 0.89861 0.37322
v -0.26035 0.89861 0.37279
v -0.26393 0.89280 0.36967
v -0.26002 0.88700 0.36698
v -0.25253 0.88700 0.36741
v -0.24935 0.88933 0.37743
v -0.25326 0.89514 0.38012
v -0.26075 0.89514 0.37969
v -0.26433 0.88933 0.37657
v -0.26042 0.88353 0.37388
v -0.25293 0.88353 0.37431
v -0.25055 0.88765 0.38072
v -0.25394 0.89268 0.38305
v -0.26042 0.89268 0.38268
v -0.26352 0.88765 0.37997
v -0.26013 0.88263 0.37764
v -0.25365 0.88263 0.37802
v -0.25343 0.88642 0.38301
v -0.25539 0.88933 0.38436
v -0.25913 0.88933 0.38414
v -0.26092 0.88642 0.38258
v -0.25896 0.88352 0.38123
v -0.25522 0.88352 0.38145
v -0.25723 0.88597 0.38369
v -0.25723 0.88597 0.38369
v -0.25723 0.88597 0.38369
v -0.25723 0.88597 0.38369
v -0.25723 0.88597 0.38369
v -0.25723 0.88597 0.38369
v -0.27164 0.91194 0.32259
v -0.27164 0.91194 0.32259
v -0.27164 0.91194 0.32259
v -0.27164 0.91194 0.32259
v -0.27164 0.91194 0.32259
v -0.27164 0.91194 0.32259
v -0.26714 0.91151 0.32372
v -0.26939 0.91515 0.32510
v -0.27389 0.91515 0.32510
v -0.27614 0.91151 0.32372
v -0.27389 0.90786 0.32233
v -0.26939 0.90786 0.32233
v -0.26385 0.91034 0.32679
v -0.26774 0.91664 0.32920
v -0.27554 0.91664 0.32920
v -0.27943 0.91034 0.32679
v -0.27554 0.90403 0.32439
v -0.26774 0.90403 0.32439
v -0.26264 0.90873 0.33100
v -0.26714 0.91602 0.33377
v -0.27614 0.91602 0.33377
v -0.28064 0.90873 0.33100
v -0.27614 0.90145 0.32823
v -0.26714 0.90145 0.32823
v -0.26264 0.90573 0.33888
v -0.26714 0.91302 0.34166
v -0.27614 0.91302 0.34166
v -0.28064 0.90573 0.33888
v -0.27614 0.89845 0.33611
v -0.26714 0.89845 0.33611
v -0.26264 0.90273 0.34677
v -0.26714 0.91002 0.34954
v -0.27614 0.91002 0.34954
v -0.28064 0.90273 0.34677
v -0.27614 0.89545 0.34399
v -0.26714 0.89545 0.34399
v -0.26264 0.89973 0.35465
v -0.26714 0.90702 0.35742
v -0.27614 0.90702 0.35742
v -0.28064 0.89973 0.35465
v -0.27614 0.89245 0.35188
v -0.26714 0.89245 0.35188
v -0.26385 0.89813 0.35886
v -0.26774 0.90444 0.36126
v -0.27554 0.90444 0.36126
v -0.27943 0.89813 0.35886
v -0.27554 0.89183 0.35645
v -0.26774 0.89183 0.35645
v -0.26714 0.89696 0.36193
v -0.26939 0.90060 0.36332
v -0.27389 0.90060 0.36332
v -0.27614 0.89696 0.36193
v -0.27389 0.89332 0.36055
v -0.26939 0.89332 0.36055
v -0.27164 0.89653 0.36306
v -0.27164 0.89653 0.36306
v -0.27164 0.89653 0.36306
v -0.27164 0.89653 0.36306
v -0.27164 0.89653 0.36306
v -0.27164 0.89653 0.36306
v -0.27123 0.90328 0.34805
v -0.27123 0.90328 0.34805
v -0.27123 0.90328 0.34805
v -0.27123 0.90328 0.34805
v -0.27123 0.90328 0.34805
v -0.27123 0.90328 0.34805
v -0.26754 0.90281 0.34917
v -0.26951 0.90567 0.35059
v -0.27325 0.90567 0.35035
v -0.27503 0.90281 0.34871
v -0.27306 0.89994 0.34729
v -0.26932 0.89994 0.34752
v -0.26495 0.90151 0.35175
v -0.26836 0.90646 0.35421
v -0.27484 0.90646 0.35380
v -0.27792 0.90151 0.35095
v -0.27451 0.89655 0.34850
v -0.26803 0.89655 0.34890
v -0.26415 0.89973 0.35511
v -0.26809 0.90546 0.35795
v -0.27557 0.90546 0.35748
v -0.27913 0.89973 0.35419
v -0.27519 0.89401 0.35135
v -0.26771 0.89401 0.35182
v -0.26455 0.89627 0.36156
v -0.26849 0.90199 0.36440
v -0.27597 0.90199 0.36393
v -0.27953 0.89627 0.36064
v -0.27559 0.89054 0.35780
v -0.26811 0.89054 0.35827
v -0.26495 0.89280 0.36801
v -0.26889 0.89852 0.37085
v -0.27637 0.89852 0.37038
v -0.27993 0.89280 0.36709
v -0.27599 0.88708 0.36425
v -0.26851 0.88708 0.36472
v -0.26535 0.88933 0.37446
v -0.26929 0.89506 0.37730
v -0.27677 0.89506 0.37683
v -0.28033 0.88933 0.37354
v -0.27639 0.88361 0.37070
v -0.26891 0.88361 0.37117
v -0.26656 0.88756 0.37770
v -0.26997 0.89252 0.38015
v -0.27645 0.89252 0.37975
v -0.27953 0.88756 0.37690
v -0.27612 0.88261 0.37444
v -0.26964 0.88261 0.37485
v -0.26945 0.88626 0.37994
v -0.27142 0.88913 0.38136
v -0.27516 0.88913 0.38113
v -0.27694 0.88626 0.37948
v -0.27497 0.88340 0.37806
v -0.27123 0.88340 0.37830
v -0.27325 0.88579 0.38060
v -0.27325 0.88579 0.38060
v -0.27325 0.88579 0.38060
v -0.27325 0.88579 0.38060
v -0.27325 0.88579 0.38060
v -0.27325 0.88579 0.38060
v -0.28231 0.92276 0.27184
v -0.28231 0.92276 0.27184
v -0.28231 0.92276 0.27184
v -0.28231 0.92276 0.27184
v -0.28231 0.92276 0.27184
v -0.28231 0.92276 0.27184
v -0.27806 0.92246 0.27477
v -0.28073 0.92668 0.27482
v -0.28543 0.92668 0.27311
v -0.28745 0.92246 0.27136
v -0.28478 0.91824 0.27131
v -0.28008 0.91824 0.27302
v -0.27584 0.92165 0.27938
v -0.28047 0.92896 0.27946
v -0.28861 0.92896 0.27650
v -0.29211 0.92165 0.27346
v -0.28747 0.91433 0.27337
v -0.27934 0.91433 0.27633
v -0.27624 0.92053 0.28442
v -0.28160 0.92898 0.28452
v -0.29100 0.92898 0.28110
v -0.29504 0.92053 0.27758
v -0.28968 0.91209 0.27748
v -0.28028 0.91209 0.28090
v -0.27924 0.91853 0.29267
v -0.28460 0.92698 0.29277
v -0.29400 0.92698 0.28935
v -0.29804 0.91853 0.28583
v -0.29268 0.91009 0.28573
v -0.28328 0.91009 0.28915
v -0.28224 0.91653 0.30092
v -0.28760 0.92498 0.30102
v -0.29700 0.92498 0.29760
v -0.30104 0.91653 0.29408
v -0.29568 0.90809 0.29398
v -0.28628 0.90809 0.29740
v -0.28524 0.91453 0.30917
v -0.29060 0.92298 0.30927
v -0.30000 0.92298 0.30585
v -0.30404 0.91453 0.30233
v -0.29868 0.90609 0.30223
v -0.28928 0.90609 0.30565
v -0.28824 0.91253 0.31742
v -0.29360 0.92098 0.31752
v -0.30300 0.92098 0.31410
v -0.30704 0.91253 0.31058
v -0.30168 0.90409 0.31048
v -0.29228 0.90409 0.31390
v -0.29117 0.91142 0.32154
v -0.29581 0.91874 0.32163
v -0.30394 0.91874 0.31867
v -0.30744 0.91142 0.31562
v -0.30281 0.90411 0.31554
v -0.29467 0.90411 0.31850
v -0.29583 0.91061 0.32364
v -0.29850 0.91483 0.32369
v -0.30320 0.91483 0.32198
v -0.30522 0.91061 0.32023
v -0.30255 0.90639 0.32018
v -0.29785 0.90639 0.32189
v -0.30097 0.91031 0.32316
v -0.30097 0.91031 0.32316
v -0.30097 0.91031 0.32316
v -0.30097 0.91031 0.32316
v -0.30097 0.91031 0.32316
v -0.30097 0.91031 0.32316
v 0.34300 1.44350 0.14000
v 0.34300 1.44350 0.14000
v 0.34300 1.44350 0.14000
v 0.34300 1.44350 0.14000
v 0.34300 1.44350 0.14000
v 0.34300 1.44350 0.14000
v 0.34300 1.44350 0.14000
v 0.34300 1.44350 0.14000
v 0.34300 1.44350 0.14000
v 0.37337 1.43657 0.14000
v 0.36627 1.43657 0.15952
v 0.34827 1.43657 0.16991
v 0.32781 1.43657 0.16630
v 0.31446 1.43657 0.15039
v 0.31446 1.43657 0.12961
v 0.32781 1.43657 0.11370
v 0.34827 1.43657 0.11009
v 0.36627 1.43657 0.12048
v 0.39773 1.41714 0.14000
v 0.38492 1.41714 0.17518
v 0.35250 1.41714 0.19390
v 0.31564 1.41714 0.18740
v 0.29157 1.41714 0.15872
v 0.29157 1.41714 0.12128
v 0.31564 1.41714 0.09260
v 0.35250 1.41714 0.08610
v 0.38492 1.41714 0.10482
v 0.41124 1.38907 0.14000
v 0.39528 1.38907 0.18387
v 0.35485 1.38907 0.20721
v 0.30888 1.38907 0.19910
v 0.27887 1.38907 0.16334
v 0.27887 1.38907 0.11666
v 0.30888 1.38907 0.08090
v 0.35485 1.38907 0.07279
v 0.39528 1.38907 0.09613
v 0.41124 1.35792 0.14000
v 0.39528 1.35792 0.18387
v 0.35485 1.35792 0.20721
v 0.30888 1.35792 0.19910
v 0.27887 1.35792 0.16334
v 0.27887 1.35792 0.11666
v 0.30888 1.35792 0.08090
v 0.35485 1.35792 0.07279
v 0.39528 1.35792 0.09613
v 0.39773 1.32985 0.14000
v 0.38492 1.32985 0.17518
v 0.35250 1.32985 0.19390
v 0.31564 1.32985 0.18740
v 0.29157 1.32985 0.15872
v 0.29157 1.32985 0.12128
v 0.31564 1.32985 0.09260
v 0.35250 1.32985 0.08610
v 0.38492 1.32985 0.10482
v 0.37337 1.31043 0.14000
v 0.36627 1.31043 0.15952
v 0.34827 1.31043 0.16991
v 0.32781 1.31043 0.16630
v 0.31446 1.31043 0.15039
v 0.31446 1.31043 0.12961
v 0.32781 1.31043 0.11370
v 0.34827 1.31043 0.11009
v 0.36627 1.31043 0.12048
v 0.34300 1.30350 0.14000
v 0.34300 1.30350 0.14000
v 0.34300 1.30350 0.14000
v 0.34300 1.30350 0.14000
v 0.34300 1.30350 0.14000
v 0.34300 1.30350 0.14000
v 0.34300 1.30350 0.14000
v 0.34300 1.30350 0.14000
v 0.34300 1.30350 0.14000
v 0.34040 1.38143 0.14000
v 0.34040 1.38143 0.14000
v 0.34040 1.38143 0.14000
v 0.34040 1.38143 0.14000
v 0.34040 1.38143 0.14000
v 0.34040 1.38143 0.14000
v 0.34040 1.38143 0.14000
v 0.34040 1.38143 0.14000
v 0.34075 1.37501 0.11600
v 0.35770 1.37592 0.12303
v 0.36471 1.37630 0.14000
v 0.35770 1.37592 0.15697
v 0.34075 1.37501 0.16400
v 0.32380 1.37409 0.15697
v 0.31679 1.37371 0.14000
v 0.32380 1.37409 0.12303
v 0.34170 1.35746 0.09843
v 0.37105 1.35905 0.11061
v 0.38321 1.35971 0.14000
v 0.37105 1.35905 0.16939
v 0.34170 1.35746 0.18157
v 0.31235 1.35587 0.16939
v 0.30019 1.35521 0.14000
v 0.31235 1.35587 0.11061
v 0.34300 1.33350 0.09200
v 0.37689 1.33533 0.10606
v 0.39093 1.33610 0.14000
v 0.37689 1.33533 0.17394
v 0.34300 1.33350 0.18800
v 0.30911 1.33166 0.17394
v 0.29507 1.33090 0.14000
v 0.30911 1.33166 0.10606
v 0.34536 1.28999 0.09200
v 0.37925 1.29183 0.10606
v 0.39329 1.29259 0.14000
v 0.37925 1.29183 0.17394
v 0.34536 1.28999 0.18800
v 0.31147 1.28816 0.17394
v 0.29743 1.28740 0.14000
v 0.31147 1.28816 0.10606
v 0.34772 1.24649 0.09200
v 0.38161 1.24833 0.10606
v 0.39565 1.24909 0.14000
v 0.38161 1.24833 0.17394
v 0.34772 1.24649 0.18800
v 0.31383 1.24465 0.17394
v 0.29979 1.24389 0.14000
v 0.31383 1.24465 0.10606
v 0.35008 1.20299 0.09200
v 0.38397 1.20482 0.10606
v 0.39800 1.20558 0.14000
v 0.38397 1.20482 0.17394
v 0.35008 1.20299 0.18800
v 0.31618 1.20115 0.17394
v 0.30215 1.20039 0.14000
v 0.31618 1.20115 0.10606
v 0.35243 1.15948 0.09200
v 0.38632 1.16132 0.10606
v 0.40036 1.16208 0.14000
v 0.38632 1.16132 0.17394
v 0.35243 1.15948 0.18800
v 0.31854 1.15764 0.17394
v 0.30450 1.15688 0.14000
v 0.31854 1.15764 0.10606
v 0.35479 1.11598 0.09200
v 0.38868 1.11782 0.10606
v 0.40272 1.11858 0.14000
v 0.38868 1.11782 0.17394
v 0.35479 1.11598 0.18800
v 0.32090 1.11414 0.17394
v 0.30686 1.11338 0.14000
v 0.32090 1.11414 0.10606
v 0.35715 1.07247 0.09200
v 0.39104 1.07431 0.10606
v 0.40508 1.07507 0.14000
v 0.39104 1.07431 0.17394
v 0.35715 1.07247 0.18800
v 0.32326 1.07064 0.17394
v 0.30922 1.06988 0.14000
v 0.32326 1.07064 0.10606
v 0.35845 1.04851 0.09843
v 0.38780 1.05010 0.11061
v 0.39996 1.05076 0.14000
v 0.38780 1.05010 0.16939
v 0.35845 1.04851 0.18157
v 0.32910 1.04692 0.16939
v 0.31694 1.04626 0.14000
v 0.32910 1.04692 0.11061
v 0.35940 1.03097 0.11600
v 0.37635 1.03188 0.12303
v 0.38336 1.03227 0.14000
v 0.37635 1.03188 0.15697
v 0.35940 1.03097 0.16400
v 0.34245 1.03005 0.15697
v 0.33544 1.02967 0.14000
v 0.34245 1.03005 0.12303
v 0.35975 1.02454 0.14000
v 0.35975 1.02454 0.14000
v 0.35975 1.02454 0.14000
v 0.35975 1.02454 0.14000
v 0.35975 1.02454 0.14000
v 0.35975 1.02454 0.14000
v 0.35975 1.02454 0.14000
v 0.35975 1.02454 0.14000
v 0.35574 1.11178 0.13270
v 0.35574 1.11178 0.13270
v 0.35574 1.11178 0.13270
v 0.35574 1.11178 0.13270
v 0.35574 1.11178 0.13270
v 0.35574 1.11178 0.13270
v 0.35574 1.11178 0.13270
v 0.35574 1.11178 0.13270
v 0.35593 1.10286 0.11402
v 0.37006 1.10442 0.11968
v 0.37592 1.10720 0.13355
v 0.37006 1.10958 0.14749
v 0.35593 1.11016 0.15334
v 0.34180 1.10860 0.14767
v 0.33594 1.10582 0.13381
v 0.34180 1.10344 0.11987
v 0.35645 1.08580 0.10229
v 0.38093 1.08850 0.11211
v 0.39107 1.09333 0.13613
v 0.38093 1.09745 0.16028
v 0.35645 1.09845 0.17041
v 0.33197 1.09575 0.16059
v 0.32183 1.09093 0.13657
v 0.33197 1.08681 0.11242
v 0.35715 1.06517 0.10067
v 0.38542 1.06829 0.11201
v 0.39712 1.07386 0.13974
v 0.38542 1.07862 0.16763
v 0.35715 1.07978 0.17933
v 0.32888 1.07666 0.16799
v 0.31718 1.07109 0.14026
v 0.32888 1.06633 0.11237
v 0.35836 1.03132 0.10696
v 0.38663 1.03444 0.11830
v 0.39834 1.04001 0.14603
v 0.38663 1.04477 0.17391
v 0.35836 1.04593 0.18561
v 0.33010 1.04281 0.17428
v 0.31839 1.03724 0.14654
v 0.33010 1.03248 0.11866
v 0.35958 0.99747 0.11324
v 0.38784 1.00059 0.12458
v 0.39955 1.00616 0.15231
v 0.38784 1.01092 0.18020
v 0.35958 1.01208 0.19190
v 0.33131 1.00896 0.18056
v 0.31960 1.00339 0.15283
v 0.33131 0.99863 0.12494
v 0.36079 0.96363 0.11953
v 0.38906 0.96674 0.13087
v 0.40076 0.97231 0.15860
v 0.38906 0.97707 0.18648
v 0.36079 0.97823 0.19818
v 0.33252 0.97511 0.18685
v 0.32081 0.96954 0.15911
v 0.33252 0.96479 0.13123
v 0.36200 0.92978 0.12582
v 0.39027 0.93290 0.13715
v 0.40198 0.93846 0.16489
v 0.39027 0.94322 0.19277
v 0.36200 0.94438 0.20447
v 0.33373 0.94127 0.19313
v 0.32203 0.93570 0.16540
v 0.33373 0.93094 0.13752
v 0.36321 0.89593 0.13210
v 0.39148 0.89905 0.14344
v 0.40319 0.90462 0.17117
v 0.39148 0.90938 0.19906
v 0.36321 0.91054 0.21076
v 0.33495 0.90742 0.19942
v 0.32324 0.90185 0.17169
v 0.33495 0.89709 0.14380
v 0.36443 0.86208 0.13839
v 0.39269 0.86520 0.14972
v 0.40440 0.87077 0.17746
v 0.39269 0.87553 0.20534
v 0.36443 0.87669 0.21704
v 0.33616 0.87357 0.20570
v 0.32445 0.86800 0.17797
v 0.33616 0.86324 0.15009
v 0.36564 0.82823 0.14467
v 0.39391 0.83135 0.15601
v 0.40561 0.83692 0.18374
v 0.39391 0.84168 0.21163
v 0.36564 0.84284 0.22333
v 0.33737 0.83972 0.21199
v 0.32567 0.83415 0.18426
v 0.33737 0.82939 0.15637
v 0.36634 0.80956 0.15359
v 0.39082 0.81226 0.16341
v 0.40096 0.81708 0.18743
v 0.39082 0.82120 0.21158
v 0.36634 0.82221 0.22171
v 0.34186 0.81951 0.21189
v 0.33172 0.81468 0.18787
v 0.34186 0.81056 0.16372
v 0.36686 0.79785 0.17066
v 0.38099 0.79940 0.17633
v 0.38685 0.80219 0.19019
v 0.38099 0.80457 0.20413
v 0.36686 0.80515 0.20998
v 0.35273 0.80359 0.20432
v 0.34687 0.80081 0.19045
v 0.35273 0.79843 0.17651
v 0.36705 0.79623 0.19130
v 0.36705 0.79623 0.19130
v 0.36705 0.79623 0.19130
v 0.36705 0.79623 0.19130
v 0.36705 0.79623 0.19130
v 0.36705 0.79623 0.19130
v 0.36705 0.79623 0.19130
v 0.36705 0.79623 0.19130
v 0.36564 0.84353 0.20400
v 0.36564 0.84353 0.20400
v 0.36564 0.84353 0.20400
v 0.36564 0.84353 0.20400
v 0.36564 0.84353 0.20400
v 0.36564 0.84353 0.20400
v 0.36564 0.84353 0.20400
v 0.36564 0.84353 0.20400
v 0.36564 0.84353 0.20400
v 0.36564 0.84353 0.20400
v 0.38386 0.84076 0.20400
v 0.38038 0.84076 0.21803
v 0.37127 0.84076 0.22670
v 0.36001 0.84076 0.22670
v 0.35090 0.84076 0.21803
v 0.34742 0.84076 0.20400
v 0.35090 0.84076 0.18997
v 0.36001 0.84076 0.18130
v 0.37127 0.84076 0.18130
v 0.38038 0.84076 0.18997
v 0.39848 0.83299 0.20400
v 0.39221 0.83299 0.22928
v 0.37579 0.83299 0.24490
v 0.35549 0.83299 0.24490
v 0.33907 0.83299 0.22928
v 0.33280 0.83299 0.20400
v 0.33907 0.83299 0.17872
v 0.35549 0.83299 0.16310
v 0.37579 0.83299 0.16310
v 0.39221 0.83299 0.17872
v 0.40659 0.82177 0.20400
v 0.39877 0.82177 0.23552
v 0.37829 0.82177 0.25500
v 0.35299 0.82177 0.25500
v 0.33251 0.82177 0.23552
v 0.32469 0.82177 0.20400
v 0.33251 0.82177 0.17248
v 0.35299 0.82177 0.15300
v 0.37829 0.82177 0.15300
v 0.39877 0.82177 0.17248
v 0.40659 0.80930 0.20400
v 0.39877 0.80930 0.23552
v 0.37829 0.80930 0.25500
v 0.35299 0.80930 0.25500
v 0.33251 0.80930 0.23552
v 0.32469 0.80930 0.20400
v 0.33251 0.80930 0.17248
v 0.35299 0.80930 0.15300
v 0.37829 0.80930 0.15300
v 0.39877 0.80930 0.17248
v 0.39848 0.79808 0.20400
v 0.39221 0.79808 0.22928
v 0.37579 0.79808 0.24490
v 0.35549 0.79808 0.24490
v 0.33907 0.79808 0.22928
v 0.33280 0.79808 0.20400
v 0.33907 0.79808 0.17872
v 0.35549 0.79808 0.16310
v 0.37579 0.79808 0.16310
v 0.39221 0.79808 0.17872
v 0.38386 0.79031 0.20400
v 0.38038 0.79031 0.21803
v 0.37127 0.79031 0.22670
v 0.36001 0.79031 0.22670
v 0.35090 0.79031 0.21803
v 0.34742 0.79031 0.20400
v 0.35090 0.79031 0.18997
v 0.36001 0.79031 0.18130
v 0.37127 0.79031 0.18130
v 0.38038 0.79031 0.18997
v 0.36564 0.78753 0.20400
v 0.36564 0.78753 0.20400
v 0.36564 0.78753 0.20400
v 0.36564 0.78753 0.20400
v 0.36564 0.78753 0.20400
v 0.36564 0.78753 0.20400
v 0.36564 0.78753 0.20400
v 0.36564 0.78753 0.20400
v 0.36564 0.78753 0.20400
v 0.36564 0.78753 0.20400
v 0.36564 0.84153 0.23900
v 0.36564 0.84153 0.23900
v 0.36564 0.84153 0.23900
v 0.36564 0.84153 0.23900
v 0.36564 0.84153 0.23900
v 0.36564 0.84153 0.23900
v 0.36564 0.84153 0.23900
v 0.36564 0.84153 0.23900
v 0.38798 0.83848 0.23900
v 0.38143 0.83848 0.24814
v 0.36564 0.83848 0.25193
v 0.34985 0.83848 0.24814
v 0.34330 0.83848 0.23900
v 0.34985 0.83848 0.22986
v 0.36564 0.83848 0.22607
v 0.38143 0.83848 0.22986
v 0.40178 0.83048 0.23900
v 0.39119 0.83048 0.25379
v 0.36564 0.83048 0.25992
v 0.34009 0.83048 0.25379
v 0.32950 0.83048 0.23900
v 0.34009 0.83048 0.22421
v 0.36564 0.83048 0.21808
v 0.39119 0.83048 0.22421
v 0.40178 0.82059 0.23900
v 0.39119 0.82059 0.25379
v 0.36564 0.82059 0.25992
v 0.34009 0.82059 0.25379
v 0.32950 0.82059 0.23900
v 0.34009 0.82059 0.22421
v 0.36564 0.82059 0.21808
v 0.39119 0.82059 0.22421
v 0.38798 0.81259 0.23900
v 0.38143 0.81259 0.24814
v 0.36564 0.81259 0.25193
v 0.34985 0.81259 0.24814
v 0.34330 0.81259 0.23900
v 0.34985 0.81259 0.22986
v 0.36564 0.81259 0.22607
v 0.38143 0.81259 0.22986
v 0.36564 0.80953 0.23900
v 0.36564 0.80953 0.23900
v 0.36564 0.80953 0.23900
v 0.36564 0.80953 0.23900
v 0.36564 0.80953 0.23900
v 0.36564 0.80953 0.23900
v 0.36564 0.80953 0.23900
v 0.36564 0.80953 0.23900
v 0.33764 0.81244 0.25042
v 0.33764 0.81244 0.25042
v 0.33764 0.81244 0.25042
v 0.33764 0.81244 0.25042
v 0.33764 0.81244 0.25042
v 0.33764 0.81244 0.25042
v 0.34214 0.81207 0.25157
v 0.33989 0.81579 0.25274
v 0.33539 0.81579 0.25274
v 0.33314 0.81207 0.25157
v 0.33539 0.80836 0.25040
v 0.33989 0.80836 0.25040
v 0.34543 0.81109 0.25471
v 0.34154 0.81752 0.25673
v 0.33374 0.81752 0.25673
v 0.32985 0.81109 0.25471
v 0.33374 0.80465 0.25268
v 0.34154 0.80465 0.25268
v 0.34664 0.80973 0.25900
v 0.34214 0.81717 0.26134
v 0.33314 0.81717 0.26134
v 0.32864 0.80973 0.25900
v 0.33314 0.80230 0.25666
v 0.34214 0.80230 0.25666
v 0.34664 0.80673 0.26853
v 0.34214 0.81417 0.27087
v 0.33314 0.81417 0.27087
v 0.32864 0.80673 0.26853
v 0.33314 0.79930 0.26619
v 0.34214 0.79930 0.26619
v 0.34664 0.80373 0.27807
v 0.34214 0.81117 0.28041
v 0.33314 0.81117 0.28041
v 0.32864 0.80373 0.27807
v 0.33314 0.79630 0.27573
v 0.34214 0.79630 0.27573
v 0.34664 0.80073 0.28760
v 0.34214 0.80817 0.28994
v 0.33314 0.80817 0.28994
v 0.32864 0.80073 0.28760
v 0.33314 0.79330 0.28526
v 0.34214 0.79330 0.28526
v 0.34543 0.79938 0.29189
v 0.34154 0.80582 0.29392
v 0.33374 0.80582 0.29392
v 0.32985 0.79938 0.29189
v 0.33374 0.79295 0.28987
v 0.34154 0.79295 0.28987
v 0.34214 0.79840 0.29503
v 0.33989 0.80211 0.29620
v 0.33539 0.80211 0.29620
v 0.33314 0.79840 0.29503
v 0.33539 0.79468 0.29386
v 0.33989 0.79468 0.29386
v 0.33764 0.79803 0.29618
v 0.33764 0.79803 0.29618
v 0.33764 0.79803 0.29618
v 0.33764 0.79803 0.29618
v 0.33764 0.79803 0.29618
v 0.33764 0.79803 0.29618
v 0.33729 0.80378 0.28075
v 0.33729 0.80378 0.28075
v 0.33729 0.80378 0.28075
v 0.33729 0.80378 0.28075
v 0.33729 0.80378 0.28075
v 0.33729 0.80378 0.28075
v 0.34108 0.80337 0.28148
v 0.33928 0.80634 0.28289
v 0.33553 0.80634 0.28308
v 0.33359 0.80337 0.28186
v 0.33540 0.80040 0.28045
v 0.33914 0.80040 0.28026
v 0.34395 0.80226 0.28384
v 0.34082 0.80740 0.28629
v 0.33434 0.80740 0.28662
v 0.33098 0.80226 0.28451
v 0.33410 0.79712 0.28206
v 0.34059 0.79712 0.28173
v 0.34513 0.80073 0.28722
v 0.34152 0.80667 0.29004
v 0.33403 0.80667 0.29042
v 0.33015 0.80073 0.28798
v 0.33376 0.79480 0.28516
v 0.34125 0.79480 0.28478
v 0.34543 0.79813 0.29307
v 0.34182 0.80407 0.29589
v 0.33433 0.80407 0.29627
v 0.33045 0.79813 0.29383
v 0.33406 0.79220 0.29101
v 0.34155 0.79220 0.29063
v 0.34573 0.79553 0.29892
v 0.34212 0.80147 0.30174
v 0.33463 0.80147 0.30212
v 0.33075 0.79553 0.29968
v 0.33436 0.78960 0.29686
v 0.34185 0.78960 0.29648
v 0.34603 0.79293 0.30477
v 0.34242 0.79887 0.30759
v 0.33493 0.79887 0.30797
v 0.33105 0.79293 0.30553
v 0.33466 0.78700 0.30271
v 0.34215 0.78700 0.30233
v 0.34633 0.79033 0.31062
v 0.34272 0.79627 0.31344
v 0.33523 0.79627 0.31382
v 0.33135 0.79033 0.31138
v 0.33496 0.78440 0.30856
v 0.34245 0.78440 0.30818
v 0.34550 0.78881 0.31409
v 0.34238 0.79395 0.31654
v 0.33589 0.79395 0.31687
v 0.33253 0.78881 0.31476
v 0.33566 0.78367 0.31231
v 0.34214 0.78367 0.31198
v 0.34289 0.78770 0.31674
v 0.34108 0.79067 0.31815
v 0.33734 0.79067 0.31834
v 0.33540 0.78770 0.31712
v 0.33720 0.78473 0.31571
v 0.34095 0.78473 0.31552
v 0.33919 0.78729 0.31785
v 0.33919 0.78729 0.31785
v 0.33919 0.78729 0.31785
v 0.33919 0.78729 0.31785
v 0.33919 0.78729 0.31785
v 0.33919 0.78729 0.31785
v 0.35564 0.81259 0.25046
v 0.35564 0.81259 0.25046
v 0.35564 0.81259 0.25046
v 0.35564 0.81259 0.25046
v 0.35564 0.81259 0.25046
v 0.35564 0.81259 0.25046
v 0.36014 0.81220 0.25161
v 0.35789 0.81590 0.25284
v 0.35339 0.81590 0.25284
v 0.35114 0.81220 0.25161
v 0.35339 0.80851 0.25037
v 0.35789 0.80851 0.25037
v 0.36343 0.81116 0.25473
v 0.35954 0.81756 0.25687
v 0.35174 0.81756 0.25687
v 0.34785 0.81116 0.25473
v 0.35174 0.80476 0.25259
v 0.35954 0.80476 0.25259
v 0.36464 0.80973 0.25900
v 0.36014 0.81713 0.26147
v 0.35114 0.81713 0.26147
v 0.34664 0.80973 0.25900
v 0.35114 0.80234 0.25653
v 0.36014 0.80234 0.25653
v 0.36464 0.80673 0.26798
v 0.36014 0.81413 0.27045
v 0.35114 0.81413 0.27045
v 0.34664 0.80673 0.26798
v 0.35114 0.79934 0.26551
v 0.36014 0.79934 0.26551
v 0.36464 0.80373 0.27697
v 0.36014 0.81113 0.27944
v 0.35114 0.81113 0.27944
v 0.34664 0.80373 0.27697
v 0.35114 0.79634 0.27450
v 0.36014 0.79634 0.27450
v 0.36464 0.80073 0.28595
v 0.36014 0.80813 0.28842
v 0.35114 0.80813 0.28842
v 0.34664 0.80073 0.28595
v 0.35114 0.79334 0.28348
v 0.36014 0.79334 0.28348
v 0.36343 0.79931 0.29022
v 0.35954 0.80571 0.29236
v 0.35174 0.80571 0.29236
v 0.34785 0.79931 0.29022
v 0.35174 0.79291 0.28808
v 0.35954 0.79291 0.28808
v 0.36014 0.79827 0.29334
v 0.35789 0.80196 0.29458
v 0.35339 0.80196 0.29458
v 0.35114 0.79827 0.29334
v 0.35339 0.79457 0.29211
v 0.35789 0.79457 0.29211
v 0.35564 0.79788 0.29449
v 0.35564 0.79788 0.29449
v 0.35564 0.79788 0.29449
v 0.35564 0.79788 0.29449
v 0.35564 0.79788 0.29449
v 0.35564 0.79788 0.29449
v 0.35527 0.80393 0.27918
v 0.35527 0.80393 0.27918
v 0.35527 0.80393 0.27918
v 0.35527 0.80393 0.27918
v 0.35527 0.80393 0.27918
v 0.35527 0.80393 0.27918
v 0.35907 0.80350 0.27988
v 0.35727 0.80644 0.28136
v 0.35352 0.80644 0.28157
v 0.35158 0.80350 0.28029
v 0.35337 0.80056 0.27880
v 0.35712 0.80056 0.27860
v 0.36194 0.80233 0.28221
v 0.35883 0.80742 0.28478
v 0.35234 0.80742 0.28513
v 0.34897 0.80233 0.28292
v 0.35208 0.79724 0.28035
v 0.35857 0.79724 0.27999
v 0.36313 0.80073 0.28554
v 0.35953 0.80661 0.28851
v 0.35205 0.80661 0.28892
v 0.34815 0.80073 0.28636
v 0.35175 0.79486 0.28339
v 0.35923 0.79486 0.28298
v 0.36353 0.79727 0.29289
v 0.35993 0.80314 0.29586
v 0.35245 0.80314 0.29627
v 0.34855 0.79727 0.29371
v 0.35215 0.79139 0.29074
v 0.35963 0.79139 0.29033
v 0.36393 0.79380 0.30024
v 0.36033 0.79968 0.30321
v 0.35285 0.79968 0.30362
v 0.34895 0.79380 0.30106
v 0.35255 0.78793 0.29809
v 0.36003 0.78793 0.29768
v 0.36433 0.79033 0.30759
v 0.36073 0.79621 0.31056
v 0.35325 0.79621 0.31097
v 0.34935 0.79033 0.30841
v 0.35295 0.78446 0.30544
v 0.36043 0.78446 0.30503
v 0.36351 0.78874 0.31103
v 0.36040 0.79383 0.31360
v 0.35391 0.79383 0.31396
v 0.35054 0.78874 0.31174
v 0.35365 0.78365 0.30917
v 0.36014 0.78365 0.30882
v 0.36090 0.78757 0.31366
v 0.35911 0.79051 0.31515
v 0.35536 0.79051 0.31535
v 0.35341 0.78757 0.31407
v 0.35521 0.78463 0.31259
v 0.35896 0.78463 0.31238
v 0.35721 0.78714 0.31477
v 0.35721 0.78714 0.31477
v 0.35721 0.78714 0.31477
v 0.35721 0.78714 0.31477
v 0.35721 0.78714 0.31477
v 0.35721 0.78714 0.31477
v 0.37564 0.81275 0.25052
v 0.37564 0.81275 0.25052
v 0.37564 0.81275 0.25052
v 0.37564 0.81275 0.25052
v 0.37564 0.81275 0.25052
v 0.37564 0.81275 0.25052
v 0.38014 0.81235 0.25166
v 0.37789 0.81602 0.25296
v 0.37339 0.81602 0.25296
v 0.37114 0.81235 0.25166
v 0.37339 0.80868 0.25035
v 0.37789 0.80868 0.25035
v 0.38343 0.81124 0.25476
v 0.37954 0.81760 0.25702
v 0.37174 0.81760 0.25702
v 0.36785 0.81124 0.25476
v 0.37174 0.80488 0.25250
v 0.37954 0.80488 0.25250
v 0.38464 0.80973 0.25900
v 0.38014 0.81708 0.26161
v 0.37114 0.81708 0.26161
v 0.36664 0.80973 0.25900
v 0.37114 0.80239 0.25639
v 0.38014 0.80239 0.25639
v 0.38464 0.80673 0.26743
v 0.38014 0.81408 0.27005
v 0.37114 0.81408 0.27005
v 0.36664 0.80673 0.26743
v 0.37114 0.79939 0.26482
v 0.38014 0.79939 0.26482
v 0.38464 0.80373 0.27587
v 0.38014 0.81108 0.27848
v 0.37114 0.81108 0.27848
v 0.36664 0.80373 0.27587
v 0.37114 0.79639 0.27325
v 0.38014 0.79639 0.27325
v 0.38464 0.80073 0.28430
v 0.38014 0.80808 0.28691
v 0.37114 0.80808 0.28691
v 0.36664 0.80073 0.28430
v 0.37114 0.79339 0.28169
v 0.38014 0.79339 0.28169
v 0.38343 0.79923 0.28854
v 0.37954 0.80559 0.29080
v 0.37174 0.80559 0.29080
v 0.36785 0.79923 0.28854
v 0.37174 0.79287 0.28628
v 0.37954 0.79287 0.28628
v 0.38014 0.79812 0.29164
v 0.37789 0.80179 0.29295
v 0.37339 0.80179 0.29295
v 0.37114 0.79812 0.29164
v 0.37339 0.79445 0.29034
v 0.37789 0.79445 0.29034
v 0.37564 0.79772 0.29278
v 0.37564 0.79772 0.29278
v 0.37564 0.79772 0.29278
v 0.37564 0.79772 0.29278
v 0.37564 0.79772 0.29278
v 0.37564 0.79772 0.29278
v 0.37525 0.80410 0.27761
v 0.37525 0.80410 0.27761
v 0.37525 0.80410 0.27761
v 0.37525 0.80410 0.27761
v 0.37525 0.80410 0.27761
v 0.37525 0.80410 0.27761
v 0.37905 0.80365 0.27829
v 0.37726 0.80655 0.27985
v 0.37352 0.80655 0.28007
v 0.37156 0.80365 0.27872
v 0.37335 0.80074 0.27716
v 0.37709 0.80074 0.27694
v 0.38193 0.80242 0.28058
v 0.37883 0.80744 0.28328
v 0.37235 0.80744 0.28366
v 0.36896 0.80242 0.28133
v 0.37206 0.79739 0.27862
v 0.37854 0.79739 0.27825
v 0.38313 0.80073 0.28387
v 0.37955 0.80654 0.28699
v 0.37206 0.80654 0.28742
v 0.36815 0.80073 0.28473
v 0.37173 0.79493 0.28161
v 0.37922 0.79493 0.28118
v 0.38353 0.79727 0.29077
v 0.37995 0.80307 0.29389
v 0.37246 0.80307 0.29432
v 0.36855 0.79727 0.29163
v 0.37213 0.79146 0.28851
v 0.37962 0.79146 0.28808
v 0.38393 0.79380 0.29767
v 0.38035 0.79961 0.30079
v 0.37286 0.79961 0.30122
v 0.36895 0.79380 0.29853
v 0.37253 0.78800 0.29541
v 0.38002 0.78800 0.29498
v 0.38433 0.79033 0.30457
v 0.38075 0.79614 0.30769
v 0.37326 0.79614 0.30812
v 0.36935 0.79033 0.30543
v 0.37293 0.78453 0.30231
v 0.38042 0.78453 0.30188
v 0.38352 0.78865 0.30797
v 0.38042 0.79368 0.31068
v 0.37394 0.79368 0.31105
v 0.37055 0.78865 0.30872
v 0.37365 0.78363 0.30602
v 0.38013 0.78363 0.30564
v 0.38092 0.78742 0.31058
v 0.37913 0.79033 0.31214
v 0.37539 0.79033 0.31236
v 0.37343 0.78742 0.31101
v 0.37522 0.78452 0.30945
v 0.37896 0.78452 0.30923
v 0.37723 0.78697 0.31169
v 0.37723 0.78697 0.31169
v 0.37723 0.78697 0.31169
v 0.37723 0.78697 0.31169
v 0.37723 0.78697 0.31169
v 0.37723 0.78697 0.31169
v 0.39164 0.81294 0.25059
v 0.39164 0.81294 0.25059
v 0.39164 0.81294 0.25059
v 0.39164 0.81294 0.25059
v 0.39164 0.81294 0.25059
v 0.39164 0.81294 0.25059
v 0.39614 0.81251 0.25172
v 0.39389 0.81615 0.25310
v 0.38939 0.81615 0.25310
v 0.38714 0.81251 0.25172
v 0.38939 0.80886 0.25033
v 0.39389 0.80886 0.25033
v 0.39943 0.81134 0.25479
v 0.39554 0.81764 0.25720
v 0.38774 0.81764 0.25720
v 0.38385 0.81134 0.25479
v 0.38774 0.80503 0.25239
v 0.39554 0.80503 0.25239
v 0.40064 0.80973 0.25900
v 0.39614 0.81702 0.26177
v 0.38714 0.81702 0.26177
v 0.38264 0.80973 0.25900
v 0.38714 0.80245 0.25623
v 0.39614 0.80245 0.25623
v 0.40064 0.80673 0.26688
v 0.39614 0.81402 0.26966
v 0.38714 0.81402 0.26966
v 0.38264 0.80673 0.26688
v 0.38714 0.79945 0.26411
v 0.39614 0.79945 0.26411
v 0.40064 0.80373 0.27477
v 0.39614 0.81102 0.27754
v 0.38714 0.81102 0.27754
v 0.38264 0.80373 0.27477
v 0.38714 0.79645 0.27199
v 0.39614 0.79645 0.27199
v 0.40064 0.80073 0.28265
v 0.39614 0.80802 0.28542
v 0.38714 0.80802 0.28542
v 0.38264 0.80073 0.28265
v 0.38714 0.79345 0.27988
v 0.39614 0.79345 0.27988
v 0.39943 0.79913 0.28686
v 0.39554 0.80544 0.28926
v 0.38774 0.80544 0.28926
v 0.38385 0.79913 0.28686
v 0.38774 0.79283 0.28445
v 0.39554 0.79283 0.28445
v 0.39614 0.79796 0.28993
v 0.39389 0.80160 0.29132
v 0.38939 0.80160 0.29132
v 0.38714 0.79796 0.28993
v 0.38939 0.79432 0.28855
v 0.39389 0.79432 0.28855
v 0.39164 0.79753 0.29106
v 0.39164 0.79753 0.29106
v 0.39164 0.79753 0.29106
v 0.39164 0.79753 0.29106
v 0.39164 0.79753 0.29106
v 0.39164 0.79753 0.29106
v 0.39123 0.80428 0.27605
v 0.39123 0.80428 0.27605
v 0.39123 0.80428 0.27605
v 0.39123 0.80428 0.27605
v 0.39123 0.80428 0.27605
v 0.39123 0.80428 0.27605
v 0.39503 0.80381 0.27671
v 0.39325 0.80667 0.27835
v 0.38951 0.80667 0.27859
v 0.38754 0.80381 0.27717
v 0.38932 0.80094 0.27552
v 0.39306 0.80094 0.27529
v 0.39792 0.80251 0.27895
v 0.39484 0.80746 0.28180
v 0.38836 0.80746 0.28221
v 0.38495 0.80251 0.27975
v 0.38803 0.79755 0.27690
v 0.39451 0.79755 0.27650
v 0.39913 0.80073 0.28219
v 0.39557 0.80646 0.28548
v 0.38809 0.80646 0.28595
v 0.38415 0.80073 0.28311
v 0.38771 0.79501 0.27982
v 0.39519 0.79501 0.27935
v 0.39953 0.79727 0.28864
v 0.39597 0.80299 0.29193
v 0.38849 0.80299 0.29240
v 0.38455 0.79727 0.28956
v 0.38811 0.79154 0.28627
v 0.39559 0.79154 0.28580
v 0.39993 0.79380 0.29509
v 0.39637 0.79952 0.29838
v 0.38889 0.79952 0.29885
v 0.38495 0.79380 0.29601
v 0.38851 0.78808 0.29272
v 0.39599 0.78808 0.29225
v 0.40033 0.79033 0.30154
v 0.39677 0.79606 0.30483
v 0.38929 0.79606 0.30530
v 0.38535 0.79033 0.30246
v 0.38891 0.78461 0.29917
v 0.39639 0.78461 0.29870
v 0.39953 0.78856 0.30490
v 0.39645 0.79352 0.30775
v 0.38997 0.79352 0.30815
v 0.38656 0.78856 0.30570
v 0.38964 0.78361 0.30285
v 0.39612 0.78361 0.30244
v 0.39694 0.78726 0.30748
v 0.39516 0.79013 0.30913
v 0.39142 0.79013 0.30936
v 0.38945 0.78726 0.30794
v 0.39123 0.78440 0.30630
v 0.39497 0.78440 0.30606
v 0.39325 0.78679 0.30860
v 0.39325 0.78679 0.30860
v 0.39325 0.78679 0.30860
v 0.39325 0.78679 0.30860
v 0.39325 0.78679 0.30860
v 0.39325 0.78679 0.30860
v 0.40231 0.82376 0.19984
v 0.40231 0.82376 0.19984
v 0.40231 0.82376 0.19984
v 0.40231 0.82376 0.19984
v 0.40231 0.82376 0.19984
v 0.40231 0.82376 0.19984
v 0.40745 0.82346 0.19936
v 0.40543 0.82768 0.20111
v 0.40073 0.82768 0.20282
v 0.39806 0.82346 0.20277
v 0.40008 0.81924 0.20102
v 0.40478 0.81924 0.19931
v 0.41211 0.82265 0.20146
v 0.40861 0.82996 0.20450
v 0.40047 0.82996 0.20746
v 0.39584 0.82265 0.20738
v 0.39934 0.81533 0.20433
v 0.40747 0.81533 0.20137
v 0.41504 0.82153 0.20558
v 0.41100 0.82998 0.20910
v 0.40160 0.82998 0.21252
v 0.39624 0.82153 0.21242
v 0.40028 0.81309 0.20890
v 0.40968 0.81309 0.20548
v 0.41804 0.81953 0.21383
v 0.41400 0.82798 0.21735
v 0.40460 0.82798 0.22077
v 0.39924 0.81953 0.22067
v 0.40328 0.81109 0.21715
v 0.41268 0.81109 0.21373
v 0.42104 0.81753 0.22208
v 0.41700 0.82598 0.22560
v 0.40760 0.82598 0.22902
v 0.40224 0.81753 0.22892
v 0.40628 0.80909 0.22540
v 0.41568 0.80909 0.22198
v 0.42404 0.81553 0.23033
v 0.42000 0.82398 0.23385
v 0.41060 0.82398 0.23727
v 0.40524 0.81553 0.23717
v 0.40928 0.80709 0.23365
v 0.41868 0.80709 0.23023
v 0.42704 0.81353 0.23858
v 0.42300 0.82198 0.24210
v 0.41360 0.82198 0.24552
v 0.40824 0.81353 0.24542
v 0.41228 0.80509 0.24190
v 0.42168 0.80509 0.23848
v 0.42744 0.81242 0.24362
v 0.42394 0.81974 0.24667
v 0.41581 0.81974 0.24963
v 0.41117 0.81242 0.24954
v 0.41467 0.80511 0.24650
v 0.42281 0.80511 0.24354
v 0.42522 0.81161 0.24823
v 0.42320 0.81583 0.24998
v 0.41850 0.81583 0.25169
v 0.41583 0.81161 0.25164
v 0.41785 0.80739 0.24989
v 0.42255 0.80739 0.24818
v 0.42097 0.81131 0.25116
v 0.42097 0.81131 0.25116
v 0.42097 0.81131 0.25116
v 0.42097 0.81131 0.25116
v 0.42097 0.81131 0.25116
v 0.42097 0.81131 0.25116
v -0.04000 0.97054 0.03902
v -0.04000 0.97054 0.03902
v -0.04000 0.97054 0.03902
v -0.04000 0.97054 0.03902
v -0.04000 0.97054 0.03902
v -0.04000 0.97054 0.03902
v -0.04000 0.97054 0.03902
v -0.04000 0.97054 0.03902
v -0.04000 0.97054 0.03902
v -0.04000 0.96241 0.00265
v -0.01686 0.96206 0.01106
v -0.00455 0.96117 0.03237
v -0.00882 0.96015 0.05660
v -0.02769 0.95948 0.07241
v -0.05231 0.95948 0.07241
v -0.07118 0.96015 0.05660
v -0.07545 0.96117 0.03237
v -0.06314 0.96206 0.01106
v -0.04000 0.93719 -0.02479
v 0.00008 0.93658 -0.01021
v 0.02141 0.93503 0.02669
v 0.01400 0.93327 0.06866
v -0.01867 0.93212 0.09605
v -0.06133 0.93212 0.09605
v -0.09400 0.93327 0.06866
v -0.10141 0.93503 0.02669
v -0.08008 0.93658 -0.01021
v -0.04000 0.90162 -0.03594
v 0.00628 0.90092 -0.01911
v 0.03091 0.89913 0.02351
v 0.02235 0.89709 0.07197
v -0.01537 0.89577 0.10360
v -0.06463 0.89577 0.10360
v -0.10235 0.89709 0.07197
v -0.11091 0.89913 0.02351
v -0.08628 0.90092 -0.01911
v -0.04000 0.83651 -0.03867
v 0.00628 0.83580 -0.02184
v 0.03091 0.83401 0.02078
v 0.02235 0.83198 0.06923
v -0.01537 0.83065 0.10086
v -0.06463 0.83065 0.10086
v -0.10235 0.83198 0.06923
v -0.11091 0.83401 0.02078
v -0.08628 0.83580 -0.02184
v -0.04000 0.77139 -0.04140
v 0.00628 0.77069 -0.02457
v 0.03091 0.76890 0.01804
v 0.02235 0.76686 0.06650
v -0.01537 0.76553 0.09813
v -0.06463 0.76553 0.09813
v -0.10235 0.76686 0.06650
v -0.11091 0.76890 0.01804
v -0.08628 0.77069 -0.02457
v -0.04000 0.70628 -0.04414
v 0.00628 0.70557 -0.02731
v 0.03091 0.70378 0.01531
v 0.02235 0.70175 0.06377
v -0.01537 0.70042 0.09540
v -0.06463 0.70042 0.09540
v -0.10235 0.70175 0.06377
v -0.11091 0.70378 0.01531
v -0.08628 0.70557 -0.02731
v -0.04000 0.64116 -0.04687
v 0.00628 0.64045 -0.03004
v 0.03091 0.63866 0.01258
v 0.02235 0.63663 0.06103
v -0.01537 0.63530 0.09266
v -0.06463 0.63530 0.09266
v -0.10235 0.63663 0.06103
v -0.11091 0.63866 0.01258
v -0.08628 0.64045 -0.03004
v -0.04000 0.57604 -0.04960
v 0.00628 0.57534 -0.03277
v 0.03091 0.57355 0.00984
v 0.02235 0.57151 0.05830
v -0.01537 0.57019 0.08993
v -0.06463 0.57019 0.08993
v -0.10235 0.57151 0.05830
v -0.11091 0.57355 0.00984
v -0.08628 0.57534 -0.03277
v -0.04000 0.51093 -0.05234
v 0.00628 0.51022 -0.03551
v 0.03091 0.50843 0.00711
v 0.02235 0.50640 0.05557
v -0.01537 0.50507 0.08720
v -0.06463 0.50507 0.08720
v -0.10235 0.50640 0.05557
v -0.11091 0.50843 0.00711
v -0.08628 0.51022 -0.03551
v -0.04000 0.47455 -0.04421
v 0.00008 0.47394 -0.02963
v 0.02141 0.47239 0.00727
v 0.01400 0.47063 0.04924
v -0.01867 0.46948 0.07663
v -0.06133 0.46948 0.07663
v -0.09400 0.47063 0.04924
v -0.10141 0.47239 0.00727
v -0.08008 0.47394 -0.02963
v -0.04000 0.44712 -0.01898
v -0.01686 0.44676 -0.01057
v -0.00455 0.44587 0.01074
v -0.00882 0.44485 0.03497
v -0.02769 0.44419 0.05078
v -0.05231 0.44419 0.05078
v -0.07118 0.44485 0.03497
v -0.07545 0.44587 0.01074
v -0.06314 0.44676 -0.01057
v -0.04000 0.43597 0.01658
v -0.04000 0.43597 0.01658
v -0.04000 0.43597 0.01658
v -0.04000 0.43597 0.01658
v -0.04000 0.43597 0.01658
v -0.04000 0.43597 0.01658
v -0.04000 0.43597 0.01658
v -0.04000 0.43597 0.01658
v -0.04000 0.43597 0.01658
v -0.04000 0.55791 0.01960
v -0.04000 0.55791 0.01960
v -0.04000 0.55791 0.01960
v -0.04000 0.55791 0.01960
v -0.04000 0.55791 0.01960
v -0.04000 0.55791 0.01960
v -0.04000 0.55791 0.01960
v -0.04000 0.55791 0.01960
v -0.00179 0.54836 0.01960
v -0.01298 0.54836 0.04869
v -0.04000 0.54836 0.06074
v -0.06702 0.54836 0.04869
v -0.07821 0.54836 0.01960
v -0.06702 0.54836 -0.00949
v -0.04000 0.54836 -0.02154
v -0.01298 0.54836 -0.00949
v 0.02182 0.52336 0.01960
v 0.00371 0.52336 0.06667
v -0.04000 0.52336 0.08617
v -0.08371 0.52336 0.06667
v -0.10182 0.52336 0.01960
v -0.08371 0.52336 -0.02747
v -0.04000 0.52336 -0.04697
v 0.00371 0.52336 -0.02747
v 0.02182 0.49246 0.01960
v 0.00371 0.49246 0.06667
v -0.04000 0.49246 0.08617
v -0.08371 0.49246 0.06667
v -0.10182 0.49246 0.01960
v -0.08371 0.49246 -0.02747
v -0.04000 0.49246 -0.04697
v 0.00371 0.49246 -0.02747
v -0.00179 0.46746 0.01960
v -0.01298 0.46746 0.04869
v -0.04000 0.46746 0.06074
v -0.06702 0.46746 0.04869
v -0.07821 0.46746 0.01960
v -0.06702 0.46746 -0.00949
v -0.04000 0.46746 -0.02154
v -0.01298 0.46746 -0.00949
v -0.04000 0.45791 0.01960
v -0.04000 0.45791 0.01960
v -0.04000 0.45791 0.01960
v -0.04000 0.45791 0.01960
v -0.04000 0.45791 0.01960
v -0.04000 0.45791 0.01960
v -0.04000 0.45791 0.01960
v -0.04000 0.45791 0.01960
v -0.04000 0.56289 0.01842
v -0.04000 0.56289 0.01842
v -0.04000 0.56289 0.01842
v -0.04000 0.56289 0.01842
v -0.04000 0.56289 0.01842
v -0.04000 0.56289 0.01842
v -0.04000 0.56289 0.01842
v -0.04000 0.56289 0.01842
v -0.04000 0.55494 -0.00892
v -0.02055 0.55511 -0.00086
v -0.01250 0.55553 0.01858
v -0.02055 0.55595 0.03802
v -0.04000 0.55612 0.04607
v -0.05945 0.55595 0.03802
v -0.06750 0.55553 0.01858
v -0.05945 0.55511 -0.00086
v -0.04000 0.53438 -0.02861
v -0.00632 0.53468 -0.01466
v 0.00763 0.53540 0.01901
v -0.00632 0.53612 0.05268
v -0.04000 0.53642 0.06663
v -0.07368 0.53612 0.05268
v -0.08763 0.53540 0.01901
v -0.07368 0.53468 -0.01466
v -0.04000 0.50672 -0.03539
v -0.00111 0.50707 -0.01928
v 0.01500 0.50791 0.01960
v -0.00111 0.50874 0.05848
v -0.04000 0.50909 0.07459
v -0.07889 0.50874 0.05848
v -0.09500 0.50791 0.01960
v -0.07889 0.50707 -0.01928
v -0.04000 0.45789 -0.03434
v -0.00111 0.45823 -0.01823
v 0.01500 0.45907 0.02065
v -0.00111 0.45991 0.05953
v -0.04000 0.46025 0.07564
v -0.07889 0.45991 0.05953
v -0.09500 0.45907 0.02065
v -0.07889 0.45823 -0.01823
v -0.04000 0.40905 -0.03329
v -0.00111 0.40940 -0.01718
v 0.01500 0.41023 0.02170
v -0.00111 0.41107 0.06058
v -0.04000 0.41141 0.07669
v -0.07889 0.41107 0.06058
v -0.09500 0.41023 0.02170
v -0.07889 0.40940 -0.01718
v -0.04000 0.36021 -0.03224
v -0.00111 0.36056 -0.01613
v 0.01500 0.36140 0.02275
v -0.00111 0.36223 0.06163
v -0.04000 0.36258 0.07774
v -0.07889 0.36223 0.06163
v -0.09500 0.36140 0.02275
v -0.07889 0.36056 -0.01613
v -0.04000 0.31138 -0.03119
v -0.00111 0.31172 -0.01508
v 0.01500 0.31256 0.02380
v -0.00111 0.31339 0.06268
v -0.04000 0.31374 0.07879
v -0.07889 0.31339 0.06268
v -0.09500 0.31256 0.02380
v -0.07889 0.31172 -0.01508
v -0.04000 0.26254 -0.03014
v -0.00111 0.26288 -0.01403
v 0.01500 0.26372 0.02485
v -0.00111 0.26456 0.06373
v -0.04000 0.26490 0.07984
v -0.07889 0.26456 0.06373
v -0.09500 0.26372 0.02485
v -0.07889 0.26288 -0.01403
v -0.04000 0.21370 -0.02909
v -0.00111 0.21405 -0.01298
v 0.01500 0.21488 0.02590
v -0.00111 0.21572 0.06478
v -0.04000 0.21607 0.08089
v -0.07889 0.21572 0.06478
v -0.09500 0.21488 0.02590
v -0.07889 0.21405 -0.01298
v -0.04000 0.16486 -0.02804
v -0.00111 0.16521 -0.01193
v 0.01500 0.16605 0.02695
v -0.00111 0.16688 0.06583
v -0.04000 0.16723 0.08194
v -0.07889 0.16688 0.06583
v -0.09500 0.16605 0.02695
v -0.07889 0.16521 -0.01193
v -0.04000 0.11603 -0.02699
v -0.00111 0.11637 -0.01088
v 0.01500 0.11721 0.02800
v -0.00111 0.11805 0.06688
v -0.04000 0.11839 0.08299
v -0.07889 0.11805 0.06688
v -0.09500 0.11721 0.02800
v -0.07889 0.11637 -0.01088
v -0.04000 0.08869 -0.01903
v -0.00632 0.08899 -0.00508
v 0.00763 0.08972 0.02859
v -0.00632 0.09044 0.06226
v -0.04000 0.09074 0.07621
v -0.07368 0.09044 0.06226
v -0.08763 0.08972 0.02859
v -0.07368 0.08899 -0.00508
v -0.04000 0.06900 0.00153
v -0.02055 0.06917 0.00958
v -0.01250 0.06959 0.02902
v -0.02055 0.07001 0.04846
v -0.04000 0.07018 0.05652
v -0.05945 0.07001 0.04846
v -0.06750 0.06959 0.02902
v -0.05945 0.06917 0.00958
v -0.04000 0.06222 0.02918
v -0.04000 0.06222 0.02918
v -0.04000 0.06222 0.02918
v -0.04000 0.06222 0.02918
v -0.04000 0.06222 0.02918
v -0.04000 0.06222 0.02918
v -0.04000 0.06222 0.02918
v -0.04000 0.06222 0.02918
v -0.04000 0.16721 0.02800
v -0.04000 0.16721 0.02800
v -0.04000 0.16721 0.02800
v -0.04000 0.16721 0.02800
v -0.04000 0.16721 0.02800
v -0.04000 0.16721 0.02800
v -0.04000 0.16721 0.02800
v -0.04000 0.16721 0.02800
v 0.00243 0.15842 0.02800
v -0.01000 0.15842 0.06050
v -0.04000 0.15842 0.07396
v -0.07000 0.15842 0.06050
v -0.08243 0.15842 0.02800
v -0.07000 0.15842 -0.00450
v -0.04000 0.15842 -0.01796
v -0.01000 0.15842 -0.00450
v 0.02000 0.13721 0.02800
v 0.00243 0.13721 0.07396
v -0.04000 0.13721 0.09300
v -0.08243 0.13721 0.07396
v -0.10000 0.13721 0.02800
v -0.08243 0.13721 -0.01796
v -0.04000 0.13721 -0.03700
v 0.00243 0.13721 -0.01796
v 0.00243 0.11600 0.02800
v -0.01000 0.11600 0.06050
v -0.04000 0.11600 0.07396
v -0.07000 0.11600 0.06050
v -0.08243 0.11600 0.02800
v -0.07000 0.11600 -0.00450
v -0.04000 0.11600 -0.01796
v -0.01000 0.11600 -0.00450
v -0.04000 0.10721 0.02800
v -0.04000 0.10721 0.02800
v -0.04000 0.10721 0.02800
v -0.04000 0.10721 0.02800
v -0.04000 0.10721 0.02800
v -0.04000 0.10721 0.02800
v -0.04000 0.10721 0.02800
v -0.04000 0.10721 0.02800
v -0.04000 0.07084 0.09080
v -0.04000 0.07084 0.09080
v -0.04000 0.07084 0.09080
v -0.04000 0.07084 0.09080
v -0.04000 0.07084 0.09080
v -0.04000 0.07084 0.09080
v -0.04000 0.07084 0.09080
v -0.04000 0.07084 0.09080
v -0.04000 0.07084 0.09080
v -0.04000 0.07084 0.09080
v -0.00750 0.06789 0.09080
v -0.01371 0.06789 0.13635
v -0.02996 0.06789 0.16451
v -0.05004 0.06789 0.16451
v -0.06629 0.06789 0.13635
v -0.07250 0.06789 0.09080
v -0.06629 0.06789 0.04525
v -0.05004 0.06789 0.01709
v -0.02996 0.06789 0.01709
v -0.01371 0.06789 0.04525
v 0.01629 0.05984 0.09080
v 0.00554 0.05984 0.16970
v -0.02260 0.05984 0.21846
v -0.05740 0.05984 0.21846
v -0.08554 0.05984 0.16970
v -0.09629 0.05984 0.09080
v -0.08554 0.05984 0.01190
v -0.05740 0.05984 -0.03686
v -0.02260 0.05984 -0.03686
v 0.00554 0.05984 0.01190
v 0.02500 0.04884 0.09080
v 0.01259 0.04884 0.18191
v -0.01991 0.04884 0.23821
v -0.06009 0.04884 0.23821
v -0.09259 0.04884 0.18191
v -0.10500 0.04884 0.09080
v -0.09259 0.04884 -0.00031
v -0.06009 0.04884 -0.05661
v -0.01991 0.04884 -0.05661
v 0.01259 0.04884 -0.00031
v 0.01629 0.03784 0.09080
v 0.00554 0.03784 0.16970
v -0.02260 0.03784 0.21846
v -0.05740 0.03784 0.21846
v -0.08554 0.03784 0.16970
v -0.09629 0.03784 0.09080
v -0.08554 0.03784 0.01190
v -0.05740 0.03784 -0.03686
v -0.02260 0.03784 -0.03686
v 0.00554 0.03784 0.01190
v -0.00750 0.02978 0.09080
v -0.01371 0.02978 0.13635
v -0.02996 0.02978 0.16451
v -0.05004 0.02978 0.16451
v -0.06629 0.02978 0.13635
v -0.07250 0.02978 0.09080
v -0.06629 0.02978 0.04525
v -0.05004 0.02978 0.01709
v -0.02996 0.02978 0.01709
v -0.01371 0.02978 0.04525
v -0.04000 0.02684 0.09080
v -0.04000 0.02684 0.09080
v -0.04000 0.02684 0.09080
v -0.04000 0.02684 0.09080
v -0.04000 0.02684 0.09080
v -0.04000 0.02684 0.09080
v -0.04000 0.02684 0.09080
v -0.04000 0.02684 0.09080
v -0.04000 0.02684 0.09080
v -0.04000 0.02684 0.09080
v -0.04000 0.13384 0.06080
v -0.04000 0.13384 0.06080
v -0.04000 0.13384 0.06080
v -0.04000 0.13384 0.06080
v -0.04000 0.13384 0.06080
v -0.04000 0.13384 0.06080
v -0.04000 0.13384 0.06080
v -0.04000 0.13384 0.06080
v -0.04000 0.13384 0.06080
v -0.04000 0.13384 0.06080
v -0.01397 0.12988 0.06080
v -0.01894 0.12988 0.09140
v -0.03196 0.12988 0.11032
v -0.04804 0.12988 0.11032
v -0.06106 0.12988 0.09140
v -0.06603 0.12988 0.06080
v -0.06106 0.12988 0.03020
v -0.04804 0.12988 0.01128
v -0.03196 0.12988 0.01128
v -0.01894 0.12988 0.03020
v 0.00691 0.11878 0.06080
v -0.00205 0.11878 0.11595
v -0.02550 0.11878 0.15003
v -0.05450 0.11878 0.15003
v -0.07795 0.11878 0.11595
v -0.08691 0.11878 0.06080
v -0.07795 0.11878 0.00565
v -0.05450 0.11878 -0.02843
v -0.02550 0.11878 -0.02843
v -0.00205 0.11878 0.00565
v 0.01850 0.10274 0.06080
v 0.00732 0.10274 0.12957
v -0.02192 0.10274 0.17207
v -0.05808 0.10274 0.17207
v -0.08732 0.10274 0.12957
v -0.09850 0.10274 0.06080
v -0.08732 0.10274 -0.00797
v -0.05808 0.10274 -0.05047
v -0.02192 0.10274 -0.05047
v 0.00732 0.10274 -0.00797
v 0.01850 0.08494 0.06080
v 0.00732 0.08494 0.12957
v -0.02192 0.08494 0.17207
v -0.05808 0.08494 0.17207
v -0.08732 0.08494 0.12957
v -0.09850 0.08494 0.06080
v -0.08732 0.08494 -0.00797
v -0.05808 0.08494 -0.05047
v -0.02192 0.08494 -0.05047
v 0.00732 0.08494 -0.00797
v 0.00691 0.06890 0.06080
v -0.00205 0.06890 0.11595
v -0.02550 0.06890 0.15003
v -0.05450 0.06890 0.15003
v -0.07795 0.06890 0.11595
v -0.08691 0.06890 0.06080
v -0.07795 0.06890 0.00565
v -0.05450 0.06890 -0.02843
v -0.02550 0.06890 -0.02843
v -0.00205 0.06890 0.00565
v -0.01397 0.05780 0.06080
v -0.01894 0.05780 0.09140
v -0.03196 0.05780 0.11032
v -0.04804 0.05780 0.11032
v -0.06106 0.05780 0.09140
v -0.06603 0.05780 0.06080
v -0.06106 0.05780 0.03020
v -0.04804 0.05780 0.01128
v -0.03196 0.05780 0.01128
v -0.01894 0.05780 0.03020
v -0.04000 0.05384 0.06080
v -0.04000 0.05384 0.06080
v -0.04000 0.05384 0.06080
v -0.04000 0.05384 0.06080
v -0.04000 0.05384 0.06080
v -0.04000 0.05384 0.06080
v -0.04000 0.05384 0.06080
v -0.04000 0.05384 0.06080
v -0.04000 0.05384 0.06080
v -0.04000 0.05384 0.06080
v -0.04000 0.11284 0.19080
v -0.04000 0.11284 0.19080
v -0.04000 0.11284 0.19080
v -0.04000 0.11284 0.19080
v -0.04000 0.11284 0.19080
v -0.04000 0.11284 0.19080
v -0.04000 0.11284 0.19080
v -0.04000 0.11284 0.19080
v -0.04000 0.11284 0.19080
v -0.01400 0.10855 0.19080
v -0.02008 0.10855 0.20623
v -0.03549 0.10855 0.21444
v -0.05300 0.10855 0.21158
v -0.06443 0.10855 0.19901
v -0.06443 0.10855 0.18259
v -0.05300 0.10855 0.17002
v -0.03549 0.10855 0.16716
v -0.02008 0.10855 0.17537
v 0.00503 0.09684 0.19080
v -0.00550 0.09684 0.21752
v -0.03218 0.09684 0.23174
v -0.06252 0.09684 0.22680
v -0.08232 0.09684 0.20502
v -0.08232 0.09684 0.17658
v -0.06252 0.09684 0.15480
v -0.03218 0.09684 0.14986
v -0.00550 0.09684 0.16408
v 0.01200 0.08084 0.19080
v -0.00017 0.08084 0.22165
v -0.03097 0.08084 0.23807
v -0.06600 0.08084 0.23237
v -0.08886 0.08084 0.20722
v -0.08886 0.08084 0.17438
v -0.06600 0.08084 0.14923
v -0.03097 0.08084 0.14353
v -0.00017 0.08084 0.15995
v 0.00503 0.06484 0.19080
v -0.00550 0.06484 0.21752
v -0.03218 0.06484 0.23174
v -0.06252 0.06484 0.22680
v -0.08232 0.06484 0.20502
v -0.08232 0.06484 0.17658
v -0.06252 0.06484 0.15480
v -0.03218 0.06484 0.14986
v -0.00550 0.06484 0.16408
v -0.01400 0.05312 0.19080
v -0.02008 0.05312 0.20623
v -0.03549 0.05312 0.21444
v -0.05300 0.05312 0.21158
v -0.06443 0.05312 0.19901
v -0.06443 0.05312 0.18259
v -0.05300 0.05312 0.17002
v -0.03549 0.05312 0.16716
v -0.02008 0.05312 0.17537
v -0.04000 0.04884 0.19080
v -0.04000 0.04884 0.19080
v -0.04000 0.04884 0.19080
v -0.04000 0.04884 0.19080
v -0.04000 0.04884 0.19080
v -0.04000 0.04884 0.19080
v -0.04000 0.04884 0.19080
v -0.04000 0.04884 0.19080
v -0.04000 0.04884 0.19080
v -0.04000 0.12184 -0.02920
v -0.04000 0.12184 -0.02920
v -0.04000 0.12184 -0.02920
v -0.04000 0.12184 -0.02920
v -0.04000 0.12184 -0.02920
v -0.04000 0.12184 -0.02920
v -0.04000 0.12184 -0.02920
v -0.04000 0.12184 -0.02920
v -0.00767 0.11458 -0.02920
v -0.01714 0.11458 -0.01257
v -0.04000 0.11458 -0.00569
v -0.06286 0.11458 -0.01257
v -0.07233 0.11458 -0.02920
v -0.06286 0.11458 -0.04583
v -0.04000 0.11458 -0.05271
v -0.01714 0.11458 -0.04583
v 0.01231 0.09558 -0.02920
v -0.00301 0.09558 -0.00230
v -0.04000 0.09558 0.00884
v -0.07699 0.09558 -0.00230
v -0.09231 0.09558 -0.02920
v -0.07699 0.09558 -0.05610
v -0.04000 0.09558 -0.06724
v -0.00301 0.09558 -0.05610
v 0.01231 0.07209 -0.02920
v -0.00301 0.07209 -0.00230
v -0.04000 0.07209 0.00884
v -0.07699 0.07209 -0.00230
v -0.09231 0.07209 -0.02920
v -0.07699 0.07209 -0.05610
v -0.04000 0.07209 -0.06724
v -0.00301 0.07209 -0.05610
v -0.00767 0.05309 -0.02920
v -0.01714 0.05309 -0.01257
v -0.04000 0.05309 -0.00569
v -0.06286 0.05309 -0.01257
v -0.07233 0.05309 -0.02920
v -0.06286 0.05309 -0.04583
v -0.04000 0.05309 -0.05271
v -0.01714 0.05309 -0.04583
v -0.04000 0.04584 -0.02920
v -0.04000 0.04584 -0.02920
v -0.04000 0.04584 -0.02920
v -0.04000 0.04584 -0.02920
v -0.04000 0.04584 -0.02920
v -0.04000 0.04584 -0.02920
v -0.04000 0.04584 -0.02920
v -0.04000 0.04584 -0.02920
v -0.06500 0.11284 0.03080
v -0.01500 0.11284 0.03080
v -0.01500 0.12884 0.03080
v -0.06500 0.12884 0.03080
v -0.06500 0.11284 0.15080
v -0.01500 0.11284 0.15080
v -0.01500 0.12884 0.15080
v -0.06500 0.12884 0.15080
v -0.04000 0.11884 0.05080
v -0.04000 0.11884 0.05080
v -0.04000 0.11884 0.05080
v -0.04000 0.11884 0.05080
v -0.04000 0.11884 0.05080
v -0.02268 0.11134 0.05080
v -0.03465 0.11134 0.06727
v -0.05401 0.11134 0.06098
v -0.05401 0.11134 0.04062
v -0.03465 0.11134 0.03433
v -0.02268 0.09634 0.05080
v -0.03465 0.09634 0.06727
v -0.05401 0.09634 0.06098
v -0.05401 0.09634 0.04062
v -0.03465 0.09634 0.03433
v -0.04000 0.08884 0.05080
v -0.04000 0.08884 0.05080
v -0.04000 0.08884 0.05080
v -0.04000 0.08884 0.05080
v -0.04000 0.08884 0.05080
v 0.16000 0.96989 0.04614
v 0.16000 0.96989 0.04614
v 0.16000 0.96989 0.04614
v 0.16000 0.96989 0.04614
v 0.16000 0.96989 0.04614
v 0.16000 0.96989 0.04614
v 0.16000 0.96989 0.04614
v 0.16000 0.96989 0.04614
v 0.16000 0.96989 0.04614
v 0.16000 0.96541 0.00914
v 0.18314 0.96422 0.01748
v 0.19545 0.96122 0.03860
v 0.19118 0.95780 0.06261
v 0.17231 0.95557 0.07828
v 0.14769 0.95557 0.07828
v 0.12882 0.95780 0.06261
v 0.12455 0.96122 0.03860
v 0.13686 0.96422 0.01748
v 0.16000 0.94303 -0.02066
v 0.20008 0.94098 -0.00622
v 0.22141 0.93577 0.03035
v 0.21400 0.92985 0.07194
v 0.18133 0.92599 0.09908
v 0.13867 0.92599 0.09908
v 0.10600 0.92985 0.07194
v 0.09859 0.93577 0.03035
v 0.11992 0.94098 -0.00622
v 0.16000 0.90875 -0.03528
v 0.20628 0.90638 -0.01860
v 0.23091 0.90037 0.02362
v 0.22235 0.89353 0.07164
v 0.18463 0.88907 0.10298
v 0.13537 0.88907 0.10298
v 0.09765 0.89353 0.07164
v 0.08909 0.90037 0.02362
v 0.11372 0.90638 -0.01860
v 0.16000 0.84363 -0.04455
v 0.20628 0.84126 -0.02787
v 0.23091 0.83525 0.01436
v 0.22235 0.82842 0.06237
v 0.18463 0.82396 0.09372
v 0.13537 0.82396 0.09372
v 0.09765 0.82842 0.06237
v 0.08909 0.83525 0.01436
v 0.11372 0.84126 -0.02787
v 0.16000 0.77852 -0.05382
v 0.20628 0.77614 -0.03714
v 0.23091 0.77013 0.00509
v 0.22235 0.76330 0.05311
v 0.18463 0.75884 0.08445
v 0.13537 0.75884 0.08445
v 0.09765 0.76330 0.05311
v 0.08909 0.77013 0.00509
v 0.11372 0.77614 -0.03714
v 0.16000 0.71340 -0.06308
v 0.20628 0.71103 -0.04640
v 0.23091 0.70502 -0.00418
v 0.22235 0.69818 0.04384
v 0.18463 0.69372 0.07518
v 0.13537 0.69372 0.07518
v 0.09765 0.69818 0.04384
v 0.08909 0.70502 -0.00418
v 0.11372 0.71103 -0.04640
v 0.16000 0.64828 -0.07235
v 0.20628 0.64591 -0.05567
v 0.23091 0.63990 -0.01344
v 0.22235 0.63307 0.03457
v 0.18463 0.62861 0.06592
v 0.13537 0.62861 0.06592
v 0.09765 0.63307 0.03457
v 0.08909 0.63990 -0.01344
v 0.11372 0.64591 -0.05567
v 0.16000 0.58317 -0.08162
v 0.20628 0.58079 -0.06494
v 0.23091 0.57478 -0.02271
v 0.22235 0.56795 0.02531
v 0.18463 0.56349 0.05665
v 0.13537 0.56349 0.05665
v 0.09765 0.56795 0.02531
v 0.08909 0.57478 -0.02271
v 0.11372 0.58079 -0.06494
v 0.16000 0.51805 -0.09088
v 0.20628 0.51568 -0.07420
v 0.23091 0.50967 -0.03198
v 0.22235 0.50283 0.01604
v 0.18463 0.49837 0.04738
v 0.13537 0.49837 0.04738
v 0.09765 0.50283 0.01604
v 0.08909 0.50967 -0.03198
v 0.11372 0.51568 -0.07420
v 0.16000 0.48105 -0.08640
v 0.20008 0.47900 -0.07196
v 0.22141 0.47379 -0.03539
v 0.21400 0.46787 0.00619
v 0.18133 0.46401 0.03334
v 0.13867 0.46401 0.03334
v 0.10600 0.46787 0.00619
v 0.09859 0.47379 -0.03539
v 0.11992 0.47900 -0.07196
v 0.16000 0.45125 -0.06403
v 0.18314 0.45006 -0.05569
v 0.19545 0.44706 -0.03457
v 0.19118 0.44364 -0.01056
v 0.17231 0.44141 0.00511
v 0.14769 0.44141 0.00511
v 0.12882 0.44364 -0.01056
v 0.12455 0.44706 -0.03457
v 0.13686 0.45006 -0.05569
v 0.16000 0.43663 -0.02974
v 0.16000 0.43663 -0.02974
v 0.16000 0.43663 -0.02974
v 0.16000 0.43663 -0.02974
v 0.16000 0.43663 -0.02974
v 0.16000 0.43663 -0.02974
v 0.16000 0.43663 -0.02974
v 0.16000 0.43663 -0.02974
v 0.16000 0.43663 -0.02974
v 0.16000 0.55791 -0.01960
v 0.16000 0.55791 -0.01960
v 0.16000 0.55791 -0.01960
v 0.16000 0.55791 -0.01960
v 0.16000 0.55791 -0.01960
v 0.16000 0.55791 -0.01960
v 0.16000 0.55791 -0.01960
v 0.16000 0.55791 -0.01960
v 0.19821 0.54836 -0.01960
v 0.18702 0.54836 0.00949
v 0.16000 0.54836 0.02154
v 0.13298 0.54836 0.00949
v 0.12179 0.54836 -0.01960
v 0.13298 0.54836 -0.04869
v 0.16000 0.54836 -0.06074
v 0.18702 0.54836 -0.04869
v 0.22182 0.52336 -0.01960
v 0.20371 0.52336 0.02747
v 0.16000 0.52336 0.04697
v 0.11629 0.52336 0.02747
v 0.09818 0.52336 -0.01960
v 0.11629 0.52336 -0.06667
v 0.16000 0.52336 -0.08617
v 0.20371 0.52336 -0.06667
v 0.22182 0.49246 -0.01960
v 0.20371 0.49246 0.02747
v 0.16000 0.49246 0.04697
v 0.11629 0.49246 0.02747
v 0.09818 0.49246 -0.01960
v 0.11629 0.49246 -0.06667
v 0.16000 0.49246 -0.08617
v 0.20371 0.49246 -0.06667
v 0.19821 0.46746 -0.01960
v 0.18702 0.46746 0.00949
v 0.16000 0.46746 0.02154
v 0.13298 0.46746 0.00949
v 0.12179 0.46746 -0.01960
v 0.13298 0.46746 -0.04869
v 0.16000 0.46746 -0.06074
v 0.18702 0.46746 -0.04869
v 0.16000 0.45791 -0.01960
v 0.16000 0.45791 -0.01960
v 0.16000 0.45791 -0.01960
v 0.16000 0.45791 -0.01960
v 0.16000 0.45791 -0.01960
v 0.16000 0.45791 -0.01960
v 0.16000 0.45791 -0.01960
v 0.16000 0.45791 -0.01960
v 0.16000 0.56289 -0.01842
v 0.16000 0.56289 -0.01842
v 0.16000 0.56289 -0.01842
v 0.16000 0.56289 -0.01842
v 0.16000 0.56289 -0.01842
v 0.16000 0.56289 -0.01842
v 0.16000 0.56289 -0.01842
v 0.16000 0.56289 -0.01842
v 0.16000 0.55612 -0.04607
v 0.17945 0.55595 -0.03802
v 0.18750 0.55553 -0.01858
v 0.17945 0.55511 0.00086
v 0.16000 0.55494 0.00892
v 0.14055 0.55511 0.00086
v 0.13250 0.55553 -0.01858
v 0.14055 0.55595 -0.03802
v 0.16000 0.53642 -0.06663
v 0.19368 0.53612 -0.05268
v 0.20763 0.53540 -0.01901
v 0.19368 0.53468 0.01466
v 0.16000 0.53438 0.02861
v 0.12632 0.53468 0.01466
v 0.11237 0.53540 -0.01901
v 0.12632 0.53612 -0.05268
v 0.16000 0.50909 -0.07459
v 0.19889 0.50874 -0.05848
v 0.21500 0.50791 -0.01960
v 0.19889 0.50707 0.01928
v 0.16000 0.50672 0.03539
v 0.12111 0.50707 0.01928
v 0.10500 0.50791 -0.01960
v 0.12111 0.50874 -0.05848
v 0.16000 0.46025 -0.07564
v 0.19889 0.45991 -0.05953
v 0.21500 0.45907 -0.02065
v 0.19889 0.45823 0.01823
v 0.16000 0.45789 0.03434
v 0.12111 0.45823 0.01823
v 0.10500 0.45907 -0.02065
v 0.12111 0.45991 -0.05953
v 0.16000 0.41141 -0.07669
v 0.19889 0.41107 -0.06058
v 0.21500 0.41023 -0.02170
v 0.19889 0.40940 0.01718
v 0.16000 0.40905 0.03329
v 0.12111 0.40940 0.01718
v 0.10500 0.41023 -0.02170
v 0.12111 0.41107 -0.06058
v 0.16000 0.36258 -0.07774
v 0.19889 0.36223 -0.06163
v 0.21500 0.36140 -0.02275
v 0.19889 0.36056 0.01613
v 0.16000 0.36021 0.03224
v 0.12111 0.36056 0.01613
v 0.10500 0.36140 -0.02275
v 0.12111 0.36223 -0.06163
v 0.16000 0.31374 -0.07879
v 0.19889 0.31339 -0.06268
v 0.21500 0.31256 -0.02380
v 0.19889 0.31172 0.01508
v 0.16000 0.31138 0.03119
v 0.12111 0.31172 0.01508
v 0.10500 0.31256 -0.02380
v 0.12111 0.31339 -0.06268
v 0.16000 0.26490 -0.07984
v 0.19889 0.26456 -0.06373
v 0.21500 0.26372 -0.02485
v 0.19889 0.26288 0.01403
v 0.16000 0.26254 0.03014
v 0.12111 0.26288 0.01403
v 0.10500 0.26372 -0.02485
v 0.12111 0.26456 -0.06373
v 0.16000 0.21607 -0.08089
v 0.19889 0.21572 -0.06478
v 0.21500 0.21488 -0.02590
v 0.19889 0.21405 0.01298
v 0.16000 0.21370 0.02909
v 0.12111 0.21405 0.01298
v 0.10500 0.21488 -0.02590
v 0.12111 0.21572 -0.06478
v 0.16000 0.16723 -0.08194
v 0.19889 0.16688 -0.06583
v 0.21500 0.16605 -0.02695
v 0.19889 0.16521 0.01193
v 0.16000 0.16486 0.02804
v 0.12111 0.16521 0.01193
v 0.10500 0.16605 -0.02695
v 0.12111 0.16688 -0.06583
v 0.16000 0.11839 -0.08299
v 0.19889 0.11805 -0.06688
v 0.21500 0.11721 -0.02800
v 0.19889 0.11637 0.01088
v 0.16000 0.11603 0.02699
v 0.12111 0.11637 0.01088
v 0.10500 0.11721 -0.02800
v 0.12111 0.11805 -0.06688
v 0.16000 0.09074 -0.07621
v 0.19368 0.09044 -0.06226
v 0.20763 0.08972 -0.02859
v 0.19368 0.08899 0.00508
v 0.16000 0.08869 0.01903
v 0.12632 0.08899 0.00508
v 0.11237 0.08972 -0.02859
v 0.12632 0.09044 -0.06226
v 0.16000 0.07018 -0.05652
v 0.17945 0.07001 -0.04846
v 0.18750 0.06959 -0.02902
v 0.17945 0.06917 -0.00958
v 0.16000 0.06900 -0.00153
v 0.14055 0.06917 -0.00958
v 0.13250 0.06959 -0.02902
v 0.14055 0.07001 -0.04846
v 0.16000 0.06222 -0.02918
v 0.16000 0.06222 -0.02918
v 0.16000 0.06222 -0.02918
v 0.16000 0.06222 -0.02918
v 0.16000 0.06222 -0.02918
v 0.16000 0.06222 -0.02918
v 0.16000 0.06222 -0.02918
v 0.16000 0.06222 -0.02918
v 0.16000 0.16721 -0.02800
v 0.16000 0.16721 -0.02800
v 0.16000 0.16721 -0.02800
v 0.16000 0.16721 -0.02800
v 0.16000 0.16721 -0.02800
v 0.16000 0.16721 -0.02800
v 0.16000 0.16721 -0.02800
v 0.16000 0.16721 -0.02800
v 0.20243 0.15842 -0.02800
v 0.19000 0.15842 0.00450
v 0.16000 0.15842 0.01796
v 0.13000 0.15842 0.00450
v 0.11757 0.15842 -0.02800
v 0.13000 0.15842 -0.06050
v 0.16000 0.15842 -0.07396
v 0.19000 0.15842 -0.06050
v 0.22000 0.13721 -0.02800
v 0.20243 0.13721 0.01796
v 0.16000 0.13721 0.03700
v 0.11757 0.13721 0.01796
v 0.10000 0.13721 -0.02800
v 0.11757 0.13721 -0.07396
v 0.16000 0.13721 -0.09300
v 0.20243 0.13721 -0.07396
v 0.20243 0.11600 -0.02800
v 0.19000 0.11600 0.00450
v 0.16000 0.11600 0.01796
v 0.13000 0.11600 0.00450
v 0.11757 0.11600 -0.02800
v 0.13000 0.11600 -0.06050
v 0.16000 0.11600 -0.07396
v 0.19000 0.11600 -0.06050
v 0.16000 0.10721 -0.02800
v 0.16000 0.10721 -0.02800
v 0.16000 0.10721 -0.02800
v 0.16000 0.10721 -0.02800
v 0.16000 0.10721 -0.02800
v 0.16000 0.10721 -0.02800
v 0.16000 0.10721 -0.02800
v 0.16000 0.10721 -0.02800
v 0.16000 0.07084 0.02920
v 0.16000 0.07084 0.02920
v 0.16000 0.07084 0.02920
v 0.16000 0.07084 0.02920
v 0.16000 0.07084 0.02920
v 0.16000 0.07084 0.02920
v 0.16000 0.07084 0.02920
v 0.16000 0.07084 0.02920
v 0.16000 0.07084 0.02920
v 0.16000 0.07084 0.02920
v 0.19250 0.06789 0.02920
v 0.18629 0.06789 0.07475
v 0.17004 0.06789 0.10291
v 0.14996 0.06789 0.10291
v 0.13371 0.06789 0.07475
v 0.12750 0.06789 0.02920
v 0.13371 0.06789 -0.01635
v 0.14996 0.06789 -0.04451
v 0.17004 0.06789 -0.04451
v 0.18629 0.06789 -0.01635
v 0.21629 0.05984 0.02920
v 0.20554 0.05984 0.10810
v 0.17740 0.05984 0.15686
v 0.14260 0.05984 0.15686
v 0.11446 0.05984 0.10810
v 0.10371 0.05984 0.02920
v 0.11446 0.05984 -0.04970
v 0.14260 0.05984 -0.09846
v 0.17740 0.05984 -0.09846
v 0.20554 0.05984 -0.04970
v 0.22500 0.04884 0.02920
v 0.21259 0.04884 0.12031
v 0.18009 0.04884 0.17661
v 0.13991 0.04884 0.17661
v 0.10741 0.04884 0.12031
v 0.09500 0.04884 0.02920
v 0.10741 0.04884 -0.06191
v 0.13991 0.04884 -0.11821
v 0.18009 0.04884 -0.11821
v 0.21259 0.04884 -0.06191
v 0.21629 0.03784 0.02920
v 0.20554 0.03784 0.10810
v 0.17740 0.03784 0.15686
v 0.14260 0.03784 0.15686
v 0.11446 0.03784 0.10810
v 0.10371 0.03784 0.02920
v 0.11446 0.03784 -0.04970
v 0.14260 0.03784 -0.09846
v 0.17740 0.03784 -0.09846
v 0.20554 0.03784 -0.04970
v 0.19250 0.02978 0.02920
v 0.18629 0.02978 0.07475
v 0.17004 0.02978 0.10291
v 0.14996 0.02978 0.10291
v 0.13371 0.02978 0.07475
v 0.12750 0.02978 0.02920
v 0.13371 0.02978 -0.01635
v 0.14996 0.02978 -0.04451
v 0.17004 0.02978 -0.04451
v 0.18629 0.02978 -0.01635
v 0.16000 0.02684 0.02920
v 0.16000 0.02684 0.02920
v 0.16000 0.02684 0.02920
v 0.16000 0.02684 0.02920
v 0.16000 0.02684 0.02920
v 0.16000 0.02684 0.02920
v 0.16000 0.02684 0.02920
v 0.16000 0.02684 0.02920
v 0.16000 0.02684 0.02920
v 0.16000 0.02684 0.02920
v 0.16000 0.13384 -0.00080
v 0.16000 0.13384 -0.00080
v 0.16000 0.13384 -0.00080
v 0.16000 0.13384 -0.00080
v 0.16000 0.13384 -0.00080
v 0.16000 0.13384 -0.00080
v 0.16000 0.13384 -0.00080
v 0.16000 0.13384 -0.00080
v 0.16000 0.13384 -0.00080
v 0.16000 0.13384 -0.00080
v 0.18603 0.12988 -0.00080
v 0.18106 0.12988 0.02980
v 0.16804 0.12988 0.04872
v 0.15196 0.12988 0.04872
v 0.13894 0.12988 0.02980
v 0.13397 0.12988 -0.00080
v 0.13894 0.12988 -0.03140
v 0.15196 0.12988 -0.05032
v 0.16804 0.12988 -0.05032
v 0.18106 0.12988 -0.03140
v 0.20691 0.11878 -0.00080
v 0.19795 0.11878 0.05435
v 0.17450 0.11878 0.08843
v 0.14550 0.11878 0.08843
v 0.12205 0.11878 0.05435
v 0.11309 0.11878 -0.00080
v 0.12205 0.11878 -0.05595
v 0.14550 0.11878 -0.09003
v 0.17450 0.11878 -0.09003
v 0.19795 0.11878 -0.05595
v 0.21850 0.10274 -0.00080
v 0.20732 0.10274 0.06797
v 0.17808 0.10274 0.11047
v 0.14192 0.10274 0.11047
v 0.11268 0.10274 0.06797
v 0.10150 0.10274 -0.00080
v 0.11268 0.10274 -0.06957
v 0.14192 0.10274 -0.11207
v 0.17808 0.10274 -0.11207
v 0.20732 0.10274 -0.06957
v 0.21850 0.08494 -0.00080
v 0.20732 0.08494 0.06797
v 0.17808 0.08494 0.11047
v 0.14192 0.08494 0.11047
v 0.11268 0.08494 0.06797
v 0.10150 0.08494 -0.00080
v 0.11268 0.08494 -0.06957
v 0.14192 0.08494 -0.11207
v 0.17808 0.08494 -0.11207
v 0.20732 0.08494 -0.06957
v 0.20691 0.06890 -0.00080
v 0.19795 0.06890 0.05435
v 0.17450 0.06890 0.08843
v 0.14550 0.06890 0.08843
v 0.12205 0.06890 0.05435
v 0.11309 0.06890 -0.00080
v 0.12205 0.06890 -0.05595
v 0.14550 0.06890 -0.09003
v 0.17450 0.06890 -0.09003
v 0.19795 0.06890 -0.05595
v 0.18603 0.05780 -0.00080
v 0.18106 0.05780 0.02980
v 0.16804 0.05780 0.04872
v 0.15196 0.05780 0.04872
v 0.13894 0.05780 0.02980
v 0.13397 0.05780 -0.00080
v 0.13894 0.05780 -0.03140
v 0.15196 0.05780 -0.05032
v 0.16804 0.05780 -0.05032
v 0.18106 0.05780 -0.03140
v 0.16000 0.05384 -0.00080
v 0.16000 0.05384 -0.00080
v 0.16000 0.05384 -0.00080
v 0.16000 0.05384 -0.00080
v 0.16000 0.05384 -0.00080
v 0.16000 0.05384 -0.00080
v 0.16000 0.05384 -0.00080
v 0.16000 0.05384 -0.00080
v 0.16000 0.05384 -0.00080
v 0.16000 0.05384 -0.00080
v 0.16000 0.11284 0.12920
v 0.16000 0.11284 0.12920
v 0.16000 0.11284 0.12920
v 0.16000 0.11284 0.12920
v 0.16000 0.11284 0.12920
v 0.16000 0.11284 0.12920
v 0.16000 0.11284 0.12920
v 0.16000 0.11284 0.12920
v 0.16000 0.11284 0.12920
v 0.18600 0.10855 0.12920
v 0.17992 0.10855 0.14463
v 0.16451 0.10855 0.15284
v 0.14700 0.10855 0.14998
v 0.13557 0.10855 0.13741
v 0.13557 0.10855 0.12099
v 0.14700 0.10855 0.10842
v 0.16451 0.10855 0.10556
v 0.17992 0.10855 0.11377
v 0.20503 0.09684 0.12920
v 0.19450 0.09684 0.15592
v 0.16782 0.09684 0.17014
v 0.13748 0.09684 0.16520
v 0.11768 0.09684 0.14342
v 0.11768 0.09684 0.11498
v 0.13748 0.09684 0.09320
v 0.16782 0.09684 0.08826
v 0.19450 0.09684 0.10248
v 0.21200 0.08084 0.12920
v 0.19983 0.08084 0.16005
v 0.16903 0.08084 0.17647
v 0.13400 0.08084 0.17077
v 0.11114 0.08084 0.14562
v 0.11114 0.08084 0.11278
v 0.13400 0.08084 0.08763
v 0.16903 0.08084 0.08193
v 0.19983 0.08084 0.09835
v 0.20503 0.06484 0.12920
v 0.19450 0.06484 0.15592
v 0.16782 0.06484 0.17014
v 0.13748 0.06484 0.16520
v 0.11768 0.06484 0.14342
v 0.11768 0.06484 0.11498
v 0.13748 0.06484 0.09320
v 0.16782 0.06484 0.08826
v 0.19450 0.06484 0.10248
v 0.18600 0.05312 0.12920
v 0.17992 0.05312 0.14463
v 0.16451 0.05312 0.15284
v 0.14700 0.05312 0.14998
v 0.13557 0.05312 0.13741
v 0.13557 0.05312 0.12099
v 0.14700 0.05312 0.10842
v 0.16451 0.05312 0.10556
v 0.17992 0.05312 0.11377
v 0.16000 0.04884 0.12920
v 0.16000 0.04884 0.12920
v 0.16000 0.04884 0.12920
v 0.16000 0.04884 0.12920
v 0.16000 0.04884 0.12920
v 0.16000 0.04884 0.12920
v 0.16000 0.04884 0.12920
v 0.16000 0.04884 0.12920
v 0.16000 0.04884 0.12920
v 0.16000 0.12184 -0.09080
v 0.16000 0.12184 -0.09080
v 0.16000 0.12184 -0.09080
v 0.16000 0.12184 -0.09080
v 0.16000 0.12184 -0.09080
v 0.16000 0.12184 -0.09080
v 0.16000 0.12184 -0.09080
v 0.16000 0.12184 -0.09080
v 0.19233 0.11458 -0.09080
v 0.18286 0.11458 -0.07417
v 0.16000 0.11458 -0.06729
v 0.13714 0.11458 -0.07417
v 0.12767 0.11458 -0.09080
v 0.13714 0.11458 -0.10743
v 0.16000 0.11458 -0.11431
v 0.18286 0.11458 -0.10743
v 0.21231 0.09558 -0.09080
v 0.19699 0.09558 -0.06390
v 0.16000 0.09558 -0.05276
v 0.12301 0.09558 -0.06390
v 0.10769 0.09558 -0.09080
v 0.12301 0.09558 -0.11770
v 0.16000 0.09558 -0.12884
v 0.19699 0.09558 -0.11770
v 0.21231 0.07209 -0.09080
v 0.19699 0.07209 -0.06390
v 0.16000 0.07209 -0.05276
v 0.12301 0.07209 -0.06390
v 0.10769 0.07209 -0.09080
v 0.12301 0.07209 -0.11770
v 0.16000 0.07209 -0.12884
v 0.19699 0.07209 -0.11770
v 0.19233 0.05309 -0.09080
v 0.18286 0.05309 -0.07417
v 0.16000 0.05309 -0.06729
v 0.13714 0.05309 -0.07417
v 0.12767 0.05309 -0.09080
v 0.13714 0.05309 -0.10743
v 0.16000 0.05309 -0.11431
v 0.18286 0.05309 -0.10743
v 0.16000 0.04584 -0.09080
v 0.16000 0.04584 -0.09080
v 0.16000 0.04584 -0.09080
v 0.16000 0.04584 -0.09080
v 0.16000 0.04584 -0.09080
v 0.16000 0.04584 -0.09080
v 0.16000 0.04584 -0.09080
v 0.16000 0.04584 -0.09080
v 0.13500 0.11284 -0.03080
v 0.18500 0.11284 -0.03080
v 0.18500 0.12884 -0.03080
v 0.13500 0.12884 -0.03080
v 0.13500 0.11284 0.08920
v 0.18500 0.11284 0.08920
v 0.18500 0.12884 0.08920
v 0.13500 0.12884 0.08920
v 0.16000 0.11884 -0.01080
v 0.16000 0.11884 -0.01080
v 0.16000 0.11884 -0.01080
v 0.16000 0.11884 -0.01080
v 0.16000 0.11884 -0.01080
v 0.17732 0.11134 -0.01080
v 0.16535 0.11134 0.00567
v 0.14599 0.11134 -0.00062
v 0.14599 0.11134 -0.02098
v 0.16535 0.11134 -0.02727
v 0.17732 0.09634 -0.01080
v 0.16535 0.09634 0.00567
v 0.14599 0.09634 -0.00062
v 0.14599 0.09634 -0.02098
v 0.16535 0.09634 -0.02727
v 0.16000 0.08884 -0.01080
v 0.16000 0.08884 -0.01080
v 0.16000 0.08884 -0.01080
v 0.16000 0.08884 -0.01080
v 0.16000 0.08884 -0.01080
vn 0.00000 1.00000 0.00000
vn 0.00000 1.00000 0.00000
vn 0.00000 1.00000 0.00000
vn 0.00000 1.00000 0.00000
vn -0.00000 1.00000 0.00000
vn -0.00000 1.00000 0.00000
vn -0.00000 1.00000 0.00000
vn 0.00000 1.00000 -0.00000
vn 0.00000 1.00000 -0.00000
vn 0.00000 1.00000 -0.00000
vn 0.00000 1.00000 0.00000
vn 0.00000 1.00000 0.00000
vn 0.38268 0.92388 0.00000
vn 0.33141 0.92388 0.19134
vn 0.19134 0.92388 0.33141
vn 0.00000 0.92388 0.38268
vn -0.19134 0.92388 0.33141
vn -0.33141 0.92388 0.19134
vn -0.38268 0.92388 0.00000
vn -0.33141 0.92388 -0.19134
vn -0.19134 0.92388 -0.33141
vn -0.00000 0.92388 -0.38268
vn 0.19134 0.92388 -0.33141
vn 0.33141 0.92388 -0.19134
vn 0.70711 0.70711 0.00000
vn 0.61237 0.70711 0.35355
vn 0.35355 0.70711 0.61237
vn 0.00000 0.70711 0.70711
vn -0.35355 0.70711 0.61237
vn -0.61237 0.70711 0.35355
vn -0.70711 0.70711 0.00000
vn -0.61237 0.70711 -0.35355
vn -0.35355 0.70711 -0.61237
vn -0.00000 0.70711 -0.70711
vn 0.35355 0.70711 -0.61237
vn 0.61237 0.70711 -0.35355
vn 0.92388 0.38268 0.00000
vn 0.80010 0.38268 0.46194
vn 0.46194 0.38268 0.80010
vn 0.00000 0.38268 0.92388
vn -0.46194 0.38268 0.80010
vn -0.80010 0.38268 0.46194
vn -0.92388 0.38268 0.00000
vn -0.80010 0.38268 -0.46194
vn -0.46194 0.38268 -0.80010
vn -0.00000 0.38268 -0.92388
vn 0.46194 0.38268 -0.80010
vn 0.80010 0.38268 -0.46194
vn 1.00000 0.00000 0.00000
vn 0.86603 0.00000 0.50000
vn 0.50000 0.00000 0.86603
vn 0.00000 0.00000 1.00000
vn -0.50000 0.00000 0.86603
vn -0.86603 0.00000 0.50000
vn -1.00000 0.00000 0.00000
vn -0.86603 0.00000 -0.50000
vn -0.50000 0.00000 -0.86603
vn -0.00000 0.00000 -1.00000
vn 0.50000 0.00000 -0.86603
vn 0.86603 0.00000 -0.50000
vn 0.92388 -0.38268 0.00000
vn 0.80010 -0.38268 0.46194
vn 0.46194 -0.38268 0.80010
vn 0.00000 -0.38268 0.92388
vn -0.46194 -0.38268 0.80010
vn -0.80010 -0.38268 0.46194
vn -0.92388 -0.38268 0.00000
vn -0.80010 -0.38268 -0.46194
vn -0.46194 -0.38268 -0.80010
vn -0.00000 -0.38268 -0.92388
vn 0.46194 -0.38268 -0.80010
vn 0.80010 -0.38268 -0.46194
vn 0.70711 -0.70711 0.00000
vn 0.61237 -0.70711 0.35355
vn 0.35355 -0.70711 0.61237
vn 0.00000 -0.70711 0.70711
vn -0.35355 -0.70711 0.61237
vn -0.61237 -0.70711 0.35355
vn -0.70711 -0.70711 0.00000
vn -0.61237 -0.70711 -0.35355
vn -0.35355 -0.70711 -0.61237
vn -0.00000 -0.70711 -0.70711
vn 0.35355 -0.70711 -0.61237
vn 0.61237 -0.70711 -0.35355
vn 0.38268 -0.92388 0.00000
vn 0.33141 -0.92388 0.19134
vn 0.19134 -0.92388 0.33141
vn 0.00000 -0.92388 0.38268
vn -0.19134 -0.92388 0.33141
vn -0.33141 -0.92388 0.19134
vn -0.38268 -0.92388 0.00000
vn -0.33141 -0.92388 -0.19134
vn -0.19134 -0.92388 -0.33141
vn -0.00000 -0.92388 -0.38268
vn 0.19134 -0.92388 -0.33141
vn 0.33141 -0.92388 -0.19134
vn 0.00000 -1.00000 0.00000
vn 0.00000 -1.00000 0.00000
vn 0.00000 -1.00000 0.00000
vn 0.00000 -1.00000 0.00000
vn -0.00000 -1.00000 0.00000
vn -0.00000 -1.00000 0.00000
vn -0.00000 -1.00000 0.00000
vn -0.00000 -1.00000 -0.00000
vn -0.00000 -1.00000 -0.00000
vn -0.00000 -1.00000 -0.00000
vn 0.00000 -1.00000 -0.00000
vn 0.00000 -1.00000 -0.00000
vn 0.00000 1.00000 0.00000
vn 0.00000 1.00000 0.00000
vn 0.00000 1.00000 0.00000
vn -0.00000 1.00000 0.00000
vn -0.00000 1.00000 0.00000
vn -0.00000 1.00000 0.00000
vn 0.00000 1.00000 -0.00000
vn 0.00000 1.00000 -0.00000
vn 0.00000 1.00000 0.00000
vn 0.00000 1.00000 0.00000
vn 0.58779 0.80902 0.00000
vn 0.47553 0.80902 0.34549
vn 0.18164 0.80902 0.55902
vn -0.18164 0.80902 0.55902
vn -0.47553 0.80902 0.34549
vn -0.58779 0.80902 0.00000
vn -0.47553 0.80902 -0.34549
vn -0.18164 0.80902 -0.55902
vn 0.18164 0.80902 -0.55902
vn 0.47553 0.80902 -0.34549
vn 0.95106 0.30902 0.00000
vn 0.76942 0.30902 0.55902
vn 0.29389 0.30902 0.90451
vn -0.29389 0.30902 0.90451
vn -0.76942 0.30902 0.55902
vn -0.95106 0.30902 0.00000
vn -0.76942 0.30902 -0.55902
vn -0.29389 0.30902 -0.90451
vn 0.29389 0.30902 -0.90451
vn 0.76942 0.30902 -0.55902
vn 0.95106 -0.30902 0.00000
vn 0.76942 -0.30902 0.55902
vn 0.29389 -0.30902 0.90451
vn -0.29389 -0.30902 0.90451
vn -0.76942 -0.30902 0.55902
vn -0.95106 -0.30902 0.00000
vn -0.76942 -0.30902 -0.55902
vn -0.29389 -0.30902 -0.90451
vn 0.29389 -0.30902 -0.90451
vn 0.76942 -0.30902 -0.55902
vn 0.58779 -0.80902 0.00000
vn 0.47553 -0.80902 0.34549
vn 0.18164 -0.80902 0.55902
vn -0.18164 -0.80902 0.55902
vn -0.47553 -0.80902 0.34549
vn -0.58779 -0.80902 0.00000
vn -0.47553 -0.80902 -0.34549
vn -0.18164 -0.80902 -0.55902
vn 0.18164 -0.80902 -0.55902
vn 0.47553 -0.80902 -0.34549
vn 0.00000 -1.00000 0.00000
vn 0.00000 -1.00000 0.00000
vn 0.00000 -1.00000 0.00000
vn -0.00000 -1.00000 0.00000
vn -0.00000 -1.00000 0.00000
vn -0.00000 -1.00000 0.00000
vn -0.00000 -1.00000 -0.00000
vn -0.00000 -1.00000 -0.00000
vn 0.00000 -1.00000 -0.00000
vn 0.00000 -1.00000 -0.00000
vn 0.00000 1.00000 0.00000
vn 0.00000 1.00000 0.00000
vn -0.00000 1.00000 0.00000
vn -0.00000 1.00000 0.00000
vn 0.00000 1.00000 -0.00000
vn 0.00000 1.00000 0.00000
vn 0.70711 0.70711 0.00000
vn 0.35355 0.70711 0.61237
vn -0.35355 0.70711 0.61237
vn -0.70711 0.70711 0.00000
vn -0.35355 0.70711 -0.61237
vn 0.35355 0.70711 -0.61237
vn 1.00000 0.00000 0.00000
vn 0.50000 0.00000 0.86603
vn -0.50000 0.00000 0.86603
vn -1.00000 0.00000 0.00000
vn -0.50000 0.00000 -0.86603
vn 0.50000 0.00000 -0.86603
vn 0.70711 -0.70711 0.00000
vn 0.35355 -0.70711 0.61237
vn -0.35355 -0.70711 0.61237
vn -0.70711 -0.70711 0.00000
vn -0.35355 -0.70711 -0.61237
vn 0.35355 -0.70711 -0.61237
vn 0.00000 -1.00000 0.00000
vn 0.00000 -1.00000 0.00000
vn -0.00000 -1.00000 0.00000
vn -0.00000 -1.00000 0.00000
vn -0.00000 -1.00000 -0.00000
vn 0.00000 -1.00000 -0.00000
vn 0.00000 1.00000 0.00000
vn 0.00000 1.00000 0.00000
vn 0.00000 1.00000 0.00000
vn 0.00000 1.00000 0.00000
vn -0.00000 1.00000 0.00000
vn -0.00000 1.00000 0.00000
vn -0.00000 1.00000 0.00000
vn -0.00000 1.00000 0.00000
vn 0.00000 1.00000 -0.00000
vn 0.00000 1.00000 -0.00000
vn 0.00000 1.00000 -0.00000
vn 0.00000 1.00000 0.00000
vn 0.00000 1.00000 0.00000
vn 0.00000 1.00000 0.00000
vn 0.25882 0.96593 0.00000
vn 0.23319 0.96593 0.11230
vn 0.16137 0.96593 0.20235
vn 0.05759 0.96593 0.25233
vn -0.05759 0.96593 0.25233
vn -0.16137 0.96593 0.20235
vn -0.23319 0.96593 0.11230
vn -0.25882 0.96593 0.00000
vn -0.23319 0.96593 -0.11230
vn -0.16137 0.96593 -0.20235
vn -0.05759 0.96593 -0.25233
vn 0.05759 0.96593 -0.25233
vn 0.16137 0.96593 -0.20235
vn 0.23319 0.96593 -0.11230
vn 0.50000 0.86603 0.00000
vn 0.45048 0.86603 0.21694
vn 0.31174 0.86603 0.39092
vn 0.11126 0.86603 0.48746
vn -0.11126 0.86603 0.48746
vn -0.31174 0.86603 0.39092
vn -0.45048 0.86603 0.21694
vn -0.50000 0.86603 0.00000
vn -0.45048 0.86603 -0.21694
vn -0.31174 0.86603 -0.39092
vn -0.11126 0.86603 -0.48746
vn 0.11126 0.86603 -0.48746
vn 0.31174 0.86603 -0.39092
vn 0.45048 0.86603 -0.21694
vn 0.70711 0.70711 0.00000
vn 0.63708 0.70711 0.30680
vn 0.44087 0.70711 0.55284
vn 0.15735 0.70711 0.68938
vn -0.15735 0.70711 0.68938
vn -0.44087 0.70711 0.55284
vn -0.63708 0.70711 0.30680
vn -0.70711 0.70711 0.00000
vn -0.63708 0.70711 -0.30680
vn -0.44087 0.70711 -0.55284
vn -0.15735 0.70711 -0.68938
vn 0.15735 0.70711 -0.68938
vn 0.44087 0.70711 -0.55284
vn 0.63708 0.70711 -0.30680
vn 0.86603 0.50000 0.00000
vn 0.78026 0.50000 0.37575
vn 0.53996 0.50000 0.67709
vn 0.19271 0.50000 0.84431
vn -0.19271 0.50000 0.84431
vn -0.53996 0.50000 0.67709
vn -0.78026 0.50000 0.37575
vn -0.86603 0.50000 0.00000
vn -0.78026 0.50000 -0.37575
vn -0.53996 0.50000 -0.67709
vn -0.19271 0.50000 -0.84431
vn 0.19271 0.50000 -0.84431
vn 0.53996 0.50000 -0.67709
vn 0.78026 0.50000 -0.37575
vn 0.96593 0.25882 0.00000
vn 0.87027 0.25882 0.41910
vn 0.60224 0.25882 0.75519
vn 0.21494 0.25882 0.94171
vn -0.21494 0.25882 0.94171
vn -0.60224 0.25882 0.75519
vn -0.87027 0.25882 0.41910
vn -0.96593 0.25882 0.00000
vn -0.87027 0.25882 -0.41910
vn -0.60224 0.25882 -0.75519
vn -0.21494 0.25882 -0.94171
vn 0.21494 0.25882 -0.94171
vn 0.60224 0.25882 -0.75519
vn 0.87027 0.25882 -0.41910
vn 1.00000 0.00000 0.00000
vn 0.90097 0.00000 0.43388
vn 0.62349 0.00000 0.78183
vn 0.22252 0.00000 0.97493
vn -0.22252 0.00000 0.97493
vn -0.62349 0.00000 0.78183
vn -0.90097 0.00000 0.43388
vn -1.00000 0.00000 0.00000
vn -0.90097 0.00000 -0.43388
vn -0.62349 0.00000 -0.78183
vn -0.22252 0.00000 -0.97493
vn 0.22252 0.00000 -0.97493
vn 0.62349 0.00000 -0.78183
vn 0.90097 0.00000 -0.43388
vn 0.96593 -0.25882 0.00000
vn 0.87027 -0.25882 0.41910
vn 0.60224 -0.25882 0.75519
vn 0.21494 -0.25882 0.94171
vn -0.21494 -0.25882 0.94171
vn -0.60224 -0.25882 0.75519
vn -0.87027 -0.25882 0.41910
vn -0.96593 -0.25882 0.00000
vn -0.87027 -0.25882 -0.41910
vn -0.60224 -0.25882 -0.75519
vn -0.21494 -0.25882 -0.94171
vn 0.21494 -0.25882 -0.94171
vn 0.60224 -0.25882 -0.75519
vn 0.87027 -0.25882 -0.41910
vn 0.86603 -0.50000 0.00000
vn 0.78026 -0.50000 0.37575
vn 0.53996 -0.50000 0.67709
vn 0.19271 -0.50000 0.84431
vn -0.19271 -0.50000 0.84431
vn -0.53996 -0.50000 0.67709
vn -0.78026 -0.50000 0.37575
vn -0.86603 -0.50000 0.00000
vn -0.78026 -0.50000 -0.37575
vn -0.53996 -0.50000 -0.67709
vn -0.19271 -0.50000 -0.84431
vn 0.19271 -0.50000 -0.84431
vn 0.53996 -0.50000 -0.67709
vn 0.78026 -0.50000 -0.37575
vn 0.70711 -0.70711 0.00000
vn 0.63708 -0.70711 0.30680
vn 0.44087 -0.70711 0.55284
vn 0.15735 -0.70711 0.68938
vn -0.15735 -0.70711 0.68938
vn -0.44087 -0.70711 0.55284
vn -0.63708 -0.70711 0.30680
vn -0.70711 -0.70711 0.00000
vn -0.63708 -0.70711 -0.30680
vn -0.44087 -0.70711 -0.55284
vn -0.15735 -0.70711 -0.68938
vn 0.15735 -0.70711 -0.68938
vn 0.44087 -0.70711 -0.55284
vn 0.63708 -0.70711 -0.30680
vn 0.50000 -0.86603 0.00000
vn 0.45048 -0.86603 0.21694
vn 0.31174 -0.86603 0.39092
vn 0.11126 -0.86603 0.48746
vn -0.11126 -0.86603 0.48746
vn -0.31174 -0.86603 0.39092
vn -0.45048 -0.86603 0.21694
vn -0.50000 -0.86603 0.00000
vn -0.45048 -0.86603 -0.21694
vn -0.31174 -0.86603 -0.39092
vn -0.11126 -0.86603 -0.48746
vn 0.11126 -0.86603 -0.48746
vn 0.31174 -0.86603 -0.39092
vn 0.45048 -0.86603 -0.21694
vn 0.25882 -0.96593 0.00000
vn 0.23319 -0.96593 0.11230
vn 0.16137 -0.96593 0.20235
vn 0.05759 -0.96593 0.25233
vn -0.05759 -0.96593 0.25233
vn -0.16137 -0.96593 0.20235
vn -0.23319 -0.96593 0.11230
vn -0.25882 -0.96593 0.00000
vn -0.23319 -0.96593 -0.11230
vn -0.16137 -0.96593 -0.20235
vn -0.05759 -0.96593 -0.25233
vn 0.05759 -0.96593 -0.25233
vn 0.16137 -0.96593 -0.20235
vn 0.23319 -0.96593 -0.11230
vn 0.00000 -1.00000 0.00000
vn 0.00000 -1.00000 0.00000
vn 0.00000 -1.00000 0.00000
vn 0.00000 -1.00000 0.00000
vn -0.00000 -1.00000 0.00000
vn -0.00000 -1.00000 0.00000
vn -0.00000 -1.00000 0.00000
vn -0.00000 -1.00000 0.00000
vn -0.00000 -1.00000 -0.00000
vn -0.00000 -1.00000 -0.00000
vn -0.00000 -1.00000 -0.00000
vn 0.00000 -1.00000 -0.00000
vn 0.00000 -1.00000 -0.00000
vn 0.00000 -1.00000 -0.00000
vn 0.00000 1.00000 0.00000
vn 0.00000 1.00000 0.00000
vn 0.00000 1.00000 0.00000
vn 0.00000 1.00000 0.00000
vn -0.00000 1.00000 0.00000
vn -0.00000 1.00000 0.00000
vn -0.00000 1.00000 0.00000
vn 0.00000 1.00000 -0.00000
vn 0.00000 1.00000 -0.00000
vn 0.00000 1.00000 -0.00000
vn 0.00000 1.00000 0.00000
vn 0.00000 1.00000 0.00000
vn 0.30902 0.95106 0.00000
vn 0.26762 0.95106 0.15451
vn 0.15451 0.95106 0.26762
vn 0.00000 0.95106 0.30902
vn -0.15451 0.95106 0.26762
vn -0.26762 0.95106 0.15451
vn -0.30902 0.95106 0.00000
vn -0.26762 0.95106 -0.15451
vn -0.15451 0.95106 -0.26762
vn -0.00000 0.95106 -0.30902
vn 0.15451 0.95106 -0.26762
vn 0.26762 0.95106 -0.15451
vn 0.58779 0.80902 0.00000
vn 0.50904 0.80902 0.29389
vn 0.29389 0.80902 0.50904
vn 0.00000 0.80902 0.58779
vn -0.29389 0.80902 0.50904
vn -0.50904 0.80902 0.29389
vn -0.58779 0.80902 0.00000
vn -0.50904 0.80902 -0.29389
vn -0.29389 0.80902 -0.50904
vn -0.00000 0.80902 -0.58779
vn 0.29389 0.80902 -0.50904
vn 0.50904 0.80902 -0.29389
vn 0.80902 0.58779 0.00000
vn 0.70063 0.58779 0.40451
vn 0.40451 0.58779 0.70063
vn 0.00000 0.58779 0.80902
vn -0.40451 0.58779 0.70063
vn -0.70063 0.58779 0.40451
vn -0.80902 0.58779 0.00000
vn -0.70063 0.58779 -0.40451
vn -0.40451 0.58779 -0.70063
vn -0.00000 0.58779 -0.80902
vn 0.40451 0.58779 -0.70063
vn 0.70063 0.58779 -0.40451
vn 0.95106 0.30902 0.00000
vn 0.82364 0.30902 0.47553
vn 0.47553 0.30902 0.82364
vn 0.00000 0.30902 0.95106
vn -0.47553 0.30902 0.82364
vn -0.82364 0.30902 0.47553
vn -0.95106 0.30902 0.00000
vn -0.82364 0.30902 -0.47553
vn -0.47553 0.30902 -0.82364
vn -0.00000 0.30902 -0.95106
vn 0.47553 0.30902 -0.82364
vn 0.82364 0.30902 -0.47553
vn 1.00000 0.00000 0.00000
vn 0.86603 0.00000 0.50000
vn 0.50000 0.00000 0.86603
vn 0.00000 0.00000 1.00000
vn -0.50000 0.00000 0.86603
vn -0.86603 0.00000 0.50000
vn -1.00000 0.00000 0.00000
vn -0.86603 0.00000 -0.50000
vn -0.50000 0.00000 -0.86603
vn -0.00000 0.00000 -1.00000
vn 0.50000 0.00000 -0.86603
vn 0.86603 0.00000 -0.50000
vn 0.95106 -0.30902 0.00000
vn 0.82364 -0.30902 0.47553
vn 0.47553 -0.30902 0.82364
vn 0.00000 -0.30902 0.95106
vn -0.47553 -0.30902 0.82364
vn -0.82364 -0.30902 0.47553
vn -0.95106 -0.30902 0.00000
vn -0.82364 -0.30902 -0.47553
vn -0.47553 -0.30902 -0.82364
vn -0.00000 -0.30902 -0.95106
vn 0.47553 -0.30902 -0.82364
vn 0.82364 -0.30902 -0.47553
vn 0.80902 -0.58779 0.00000
vn 0.70063 -0.58779 0.40451
vn 0.40451 -0.58779 0.70063
vn 0.00000 -0.58779 0.80902
vn -0.40451 -0.58779 0.70063
vn -0.70063 -0.58779 0.40451
vn -0.80902 -0.58779 0.00000
vn -0.70063 -0.58779 -0.40451
vn -0.40451 -0.58779 -0.70063
vn -0.00000 -0.58779 -0.80902
vn 0.40451 -0.58779 -0.70063
vn 0.70063 -0.58779 -0.40451
vn 0.58779 -0.80902 0.00000
vn 0.50904 -0.80902 0.29389
vn 0.29389 -0.80902 0.50904
vn 0.00000 -0.80902 0.58779
vn -0.29389 -0.80902 0.50904
vn -0.50904 -0.80902 0.29389
vn -0.58779 -0.80902 0.00000
vn -0.50904 -0.80902 -0.29389
vn -0.29389 -0.80902 -0.50904
vn -0.00000 -0.80902 -0.58779
vn 0.29389 -0.80902 -0.50904
vn 0.50904 -0.80902 -0.29389
vn 0.30902 -0.95106 0.00000
vn 0.26762 -0.95106 0.15451
vn 0.15451 -0.95106 0.26762
vn 0.00000 -0.95106 0.30902
vn -0.15451 -0.95106 0.26762
vn -0.26762 -0.95106 0.15451
vn -0.30902 -0.95106 0.00000
vn -0.26762 -0.95106 -0.15451
vn -0.15451 -0.95106 -0.26762
vn -0.00000 -0.95106 -0.30902
vn 0.15451 -0.95106 -0.26762
vn 0.26762 -0.95106 -0.15451
vn 0.00000 -1.00000 0.00000
vn 0.00000 -1.00000 0.00000
vn 0.00000 -1.00000 0.00000
vn 0.00000 -1.00000 0.00000
vn -0.00000 -1.00000 0.00000
vn -0.00000 -1.00000 0.00000
vn -0.00000 -1.00000 0.00000
vn -0.00000 -1.00000 -0.00000
vn -0.00000 -1.00000 -0.00000
vn -0.00000 -1.00000 -0.00000
vn 0.00000 -1.00000 -0.00000
vn 0.00000 -1.00000 -0.00000
vn 0.00000 1.00000 0.00000
vn 0.00000 1.00000 0.00000
vn 0.00000 1.00000 0.00000
vn 0.00000 1.00000 0.00000
vn -0.00000 1.00000 0.00000
vn -0.00000 1.00000 0.00000
vn -0.00000 1.00000 0.00000
vn 0.00000 1.00000 -0.00000
vn 0.00000 1.00000 -0.00000
vn 0.00000 1.00000 -0.00000
vn 0.00000 1.00000 0.00000
vn 0.00000 1.00000 0.00000
vn 0.30902 0.95106 0.00000
vn 0.26762 0.95106 0.15451
vn 0.15451 0.95106 0.26762
vn 0.00000 0.95106 0.30902
vn -0.15451 0.95106 0.26762
vn -0.26762 0.95106 0.15451
vn -0.30902 0.95106 0.00000
vn -0.26762 0.95106 -0.15451
vn -0.15451 0.95106 -0.26762
vn -0.00000 0.95106 -0.30902
vn 0.15451 0.95106 -0.26762
vn 0.26762 0.95106 -0.15451
vn 0.58779 0.80902 0.00000
vn 0.50904 0.80902 0.29389
vn 0.29389 0.80902 0.50904
vn 0.00000 0.80902 0.58779
vn -0.29389 0.80902 0.50904
vn -0.50904 0.80902 0.29389
vn -0.58779 0.80902 0.00000
vn -0.50904 0.80902 -0.29389
vn -0.29389 0.80902 -0.50904
vn -0.00000 0.80902 -0.58779
vn 0.29389 0.80902 -0.50904
vn 0.50904 0.80902 -0.29389
vn 0.80902 0.58779 0.00000
vn 0.70063 0.58779 0.40451
vn 0.40451 0.58779 0.70063
vn 0.00000 0.58779 0.80902
vn -0.40451 0.58779 0.70063
vn -0.70063 0.58779 0.40451
vn -0.80902 0.58779 0.00000
vn -0.70063 0.58779 -0.40451
vn -0.40451 0.58779 -0.70063
vn -0.00000 0.58779 -0.80902
vn 0.40451 0.58779 -0.70063
vn 0.70063 0.58779 -0.40451
vn 0.95106 0.30902 0.00000
vn 0.82364 0.30902 0.47553
vn 0.47553 0.30902 0.82364
vn 0.00000 0.30902 0.95106
vn -0.47553 0.30902 0.82364
vn -0.82364 0.30902 0.47553
vn -0.95106 0.30902 0.00000
vn -0.82364 0.30902 -0.47553
vn -0.47553 0.30902 -0.82364
vn -0.00000 0.30902 -0.95106
vn 0.47553 0.30902 -0.82364
vn 0.82364 0.30902 -0.47553
vn 1.00000 0.00000 0.00000
vn 0.86603 0.00000 0.50000
vn 0.50000 0.00000 0.86603
vn 0.00000 0.00000 1.00000
vn -0.50000 0.00000 0.86603
vn -0.86603 0.00000 0.50000
vn -1.00000 0.00000 0.00000
vn -0.86603 0.00000 -0.50000
vn -0.50000 0.00000 -0.86603
vn -0.00000 0.00000 -1.00000
vn 0.50000 0.00000 -0.86603
vn 0.86603 0.00000 -0.50000
vn 0.95106 -0.30902 0.00000
vn 0.82364 -0.30902 0.47553
vn 0.47553 -0.30902 0.82364
vn 0.00000 -0.30902 0.95106
vn -0.47553 -0.30902 0.82364
vn -0.82364 -0.30902 0.47553
vn -0.95106 -0.30902 0.00000
vn -0.82364 -0.30902 -0.47553
vn -0.47553 -0.30902 -0.82364
vn -0.00000 -0.30902 -0.95106
vn 0.47553 -0.30902 -0.82364
vn 0.82364 -0.30902 -0.47553
vn 0.80902 -0.58779 0.00000
vn 0.70063 -0.58779 0.40451
vn 0.40451 -0.58779 0.70063
vn 0.00000 -0.58779 0.80902
vn -0.40451 -0.58779 0.70063
vn -0.70063 -0.58779 0.40451
vn -0.80902 -0.58779 0.00000
vn -0.70063 -0.58779 -0.40451
vn -0.40451 -0.58779 -0.70063
vn -0.00000 -0.58779 -0.80902
vn 0.40451 -0.58779 -0.70063
vn 0.70063 -0.58779 -0.40451
vn 0.58779 -0.80902 0.00000
vn 0.50904 -0.80902 0.29389
vn 0.29389 -0.80902 0.50904
vn 0.00000 -0.80902 0.58779
vn -0.29389 -0.80902 0.50904
vn -0.50904 -0.80902 0.29389
vn -0.58779 -0.80902 0.00000
vn -0.50904 -0.80902 -0.29389
vn -0.29389 -0.80902 -0.50904
vn -0.00000 -0.80902 -0.58779
vn 0.29389 -0.80902 -0.50904
vn 0.50904 -0.80902 -0.29389
vn 0.30902 -0.95106 0.00000
vn 0.26762 -0.95106 0.15451
vn 0.15451 -0.95106 0.26762
vn 0.00000 -0.95106 0.30902
vn -0.15451 -0.95106 0.26762
vn -0.26762 -0.95106 0.15451
vn -0.30902 -0.95106 0.00000
vn -0.26762 -0.95106 -0.15451
vn -0.15451 -0.95106 -0.26762
vn -0.00000 -0.95106 -0.30902
vn 0.15451 -0.95106 -0.26762
vn 0.26762 -0.95106 -0.15451
vn 0.00000 -1.00000 0.00000
vn 0.00000 -1.00000 0.00000
vn 0.00000 -1.00000 0.00000
vn 0.00000 -1.00000 0.00000
vn -0.00000 -1.00000 0.00000
vn -0.00000 -1.00000 0.00000
vn -0.00000 -1.00000 0.00000
vn -0.00000 -1.00000 -0.00000
vn -0.00000 -1.00000 -0.00000
vn -0.00000 -1.00000 -0.00000
vn 0.00000 -1.00000 -0.00000
vn 0.00000 -1.00000 -0.00000
vn 0.00000 1.00000 0.00000
vn 0.00000 1.00000 0.00000
vn 0.00000 1.00000 0.00000
vn -0.00000 1.00000 0.00000
vn -0.00000 1.00000 0.00000
vn 0.00000 1.00000 -0.00000
vn 0.00000 1.00000 -0.00000
vn 0.00000 1.00000 0.00000
vn 0.58779 0.80902 0.00000
vn 0.41563 0.80902 0.41563
vn 0.00000 0.80902 0.58779
vn -0.41563 0.80902 0.41563
vn -0.58779 0.80902 0.00000
vn -0.41563 0.80902 -0.41563
vn -0.00000 0.80902 -0.58779
vn 0.41563 0.80902 -0.41563
vn 0.95106 0.30902 0.00000
vn 0.67250 0.30902 0.67250
vn 0.00000 0.30902 0.95106
vn -0.67250 0.30902 0.67250
vn -0.95106 0.30902 0.00000
vn -0.67250 0.30902 -0.67250
vn -0.00000 0.30902 -0.95106
vn 0.67250 0.30902 -0.67250
vn 0.95106 -0.30902 0.00000
vn 0.67250 -0.30902 0.67250
vn 0.00000 -0.30902 0.95106
vn -0.67250 -0.30902 0.67250
vn -0.95106 -0.30902 0.00000
vn -0.67250 -0.30902 -0.67250
vn -0.00000 -0.30902 -0.95106
vn 0.67250 -0.30902 -0.67250
vn 0.58779 -0.80902 0.00000
vn 0.41563 -0.80902 0.41563
vn 0.00000 -0.80902 0.58779
vn -0.41563 -0.80902 0.41563
vn -0.58779 -0.80902 0.00000
vn -0.41563 -0.80902 -0.41563
vn -0.00000 -0.80902 -0.58779
vn 0.41563 -0.80902 -0.41563
vn 0.00000 -1.00000 0.00000
vn 0.00000 -1.00000 0.00000
vn 0.00000 -1.00000 0.00000
vn -0.00000 -1.00000 0.00000
vn -0.00000 -1.00000 0.00000
vn -0.00000 -1.00000 -0.00000
vn -0.00000 -1.00000 -0.00000
vn 0.00000 -1.00000 -0.00000
vn 0.00000 1.00000 0.00000
vn 0.00000 1.00000 0.00000
vn 0.00000 1.00000 0.00000
vn -0.00000 1.00000 0.00000
vn -0.00000 1.00000 0.00000
vn 0.00000 1.00000 -0.00000
vn 0.00000 1.00000 -0.00000
vn 0.00000 1.00000 0.00000
vn 0.58779 0.80902 0.00000
vn 0.41563 0.80902 0.41563
vn 0.00000 0.80902 0.58779
vn -0.41563 0.80902 0.41563
vn -0.58779 0.80902 0.00000
vn -0.41563 0.80902 -0.41563
vn -0.00000 0.80902 -0.58779
vn 0.41563 0.80902 -0.41563
vn 0.95106 0.30902 0.00000
vn 0.67250 0.30902 0.67250
vn 0.00000 0.30902 0.95106
vn -0.67250 0.30902 0.67250
vn -0.95106 0.30902 0.00000
vn -0.67250 0.30902 -0.67250
vn -0.00000 0.30902 -0.95106
vn 0.67250 0.30902 -0.67250
vn 0.95106 -0.30902 0.00000
vn 0.67250 -0.30902 0.67250
vn 0.00000 -0.30902 0.95106
vn -0.67250 -0.30902 0.67250
vn -0.95106 -0.30902 0.00000
vn -0.67250 -0.30902 -0.67250
vn -0.00000 -0.30902 -0.95106
vn 0.67250 -0.30902 -0.67250
vn 0.58779 -0.80902 0.00000
vn 0.41563 -0.80902 0.41563
vn 0.00000 -0.80902 0.58779
vn -0.41563 -0.80902 0.41563
vn -0.58779 -0.80902 0.00000
vn -0.41563 -0.80902 -0.41563
vn -0.00000 -0.80902 -0.58779
vn 0.41563 -0.80902 -0.41563
vn 0.00000 -1.00000 0.00000
vn 0.00000 -1.00000 0.00000
vn 0.00000 -1.00000 0.00000
vn -0.00000 -1.00000 0.00000
vn -0.00000 -1.00000 0.00000
vn -0.00000 -1.00000 -0.00000
vn -0.00000 -1.00000 -0.00000
vn 0.00000 -1.00000 -0.00000
vn 0.00000 1.00000 0.00000
vn 0.00000 1.00000 0.00000
vn 0.00000 1.00000 0.00000
vn -0.00000 1.00000 0.00000
vn -0.00000 1.00000 0.00000
vn 0.00000 1.00000 -0.00000
vn 0.00000 1.00000 -0.00000
vn 0.00000 1.00000 0.00000
vn 0.70711 0.70711 0.00000
vn 0.50000 0.70711 0.50000
vn 0.00000 0.70711 0.70711
vn -0.50000 0.70711 0.50000
vn -0.70711 0.70711 0.00000
vn -0.50000 0.70711 -0.50000
vn -0.00000 0.70711 -0.70711
vn 0.50000 0.70711 -0.50000
vn 1.00000 0.00000 0.00000
vn 0.70711 0.00000 0.70711
vn 0.00000 0.00000 1.00000
vn -0.70711 0.00000 0.70711
vn -1.00000 0.00000 0.00000
vn -0.70711 0.00000 -0.70711
vn -0.00000 0.00000 -1.00000
vn 0.70711 0.00000 -0.70711
vn 0.70711 -0.70711 0.00000
vn 0.50000 -0.70711 0.50000
vn 0.00000 -0.70711 0.70711
vn -0.50000 -0.70711 0.50000
vn -0.70711 -0.70711 0.00000
vn -0.50000 -0.70711 -0.50000
vn -0.00000 -0.70711 -0.70711
vn 0.50000 -0.70711 -0.50000
vn 0.00000 -1.00000 0.00000
vn 0.00000 -1.00000 0.00000
vn 0.00000 -1.00000 0.00000
vn -0.00000 -1.00000 0.00000
vn -0.00000 -1.00000 0.00000
vn -0.00000 -1.00000 -0.00000
vn -0.00000 -1.00000 -0.00000
vn 0.00000 -1.00000 -0.00000
vn 0.00000 1.00000 0.00000
vn 0.00000 1.00000 0.00000
vn 0.00000 1.00000 0.00000
vn -0.00000 1.00000 0.00000
vn -0.00000 1.00000 0.00000
vn 0.00000 1.00000 -0.00000
vn 0.00000 1.00000 -0.00000
vn 0.00000 1.00000 0.00000
vn 0.58779 0.80902 0.00000
vn 0.41563 0.80902 0.41563
vn 0.00000 0.80902 0.58779
vn -0.41563 0.80902 0.41563
vn -0.58779 0.80902 0.00000
vn -0.41563 0.80902 -0.41563
vn -0.00000 0.80902 -0.58779
vn 0.41563 0.80902 -0.41563
vn 0.95106 0.30902 0.00000
vn 0.67250 0.30902 0.67250
vn 0.00000 0.30902 0.95106
vn -0.67250 0.30902 0.67250
vn -0.95106 0.30902 0.00000
vn -0.67250 0.30902 -0.67250
vn -0.00000 0.30902 -0.95106
vn 0.67250 0.30902 -0.67250
vn 0.95106 -0.30902 0.00000
vn 0.67250 -0.30902 0.67250
vn 0.00000 -0.30902 0.95106
vn -0.67250 -0.30902 0.67250
vn -0.95106 -0.30902 0.00000
vn -0.67250 -0.30902 -0.67250
vn -0.00000 -0.30902 -0.95106
vn 0.67250 -0.30902 -0.67250
vn 0.58779 -0.80902 0.00000
vn 0.41563 -0.80902 0.41563
vn 0.00000 -0.80902 0.58779
vn -0.41563 -0.80902 0.41563
vn -0.58779 -0.80902 0.00000
vn -0.41563 -0.80902 -0.41563
vn -0.00000 -0.80902 -0.58779
vn 0.41563 -0.80902 -0.41563
vn 0.00000 -1.00000 0.00000
vn 0.00000 -1.00000 0.00000
vn 0.00000 -1.00000 0.00000
vn -0.00000 -1.00000 0.00000
vn -0.00000 -1.00000 0.00000
vn -0.00000 -1.00000 -0.00000
vn -0.00000 -1.00000 -0.00000
vn 0.00000 -1.00000 -0.00000
vn 0.00000 1.00000 0.00000
vn 0.00000 1.00000 0.00000
vn -0.00000 1.00000 0.00000
vn 0.00000 1.00000 -0.00000
vn 0.00000 1.00000 0.00000
vn 0.86603 0.50000 0.00000
vn 0.26762 0.50000 0.82364
vn -0.70063 0.50000 0.50904
vn -0.70063 0.50000 -0.50904
vn 0.26762 0.50000 -0.82364
vn 0.86603 -0.50000 0.00000
vn 0.26762 -0.50000 0.82364
vn -0.70063 -0.50000 0.50904
vn -0.70063 -0.50000 -0.50904
vn 0.26762 -0.50000 -0.82364
vn 0.00000 -1.00000 0.00000
vn 0.00000 -1.00000 0.00000
vn -0.00000 -1.00000 0.00000
vn -0.00000 -1.00000 -0.00000
vn 0.00000 -1.00000 -0.00000
vn 0.00000 1.00000 0.00000
vn 0.00000 1.00000 0.00000
vn -0.00000 1.00000 0.00000
vn 0.00000 1.00000 -0.00000
vn 0.00000 1.00000 0.00000
vn 0.86603 0.50000 0.00000
vn 0.26762 0.50000 0.82364
vn -0.70063 0.50000 0.50904
vn -0.70063 0.50000 -0.50904
vn 0.26762 0.50000 -0.82364
vn 0.86603 -0.50000 0.00000
vn 0.26762 -0.50000 0.82364
vn -0.70063 -0.50000 0.50904
vn -0.70063 -0.50000 -0.50904
vn 0.26762 -0.50000 -0.82364
vn 0.00000 -1.00000 0.00000
vn 0.00000 -1.00000 0.00000
vn -0.00000 -1.00000 0.00000
vn -0.00000 -1.00000 -0.00000
vn 0.00000 -1.00000 -0.00000
vn 0.00000 1.00000 0.00000
vn 0.00000 1.00000 0.00000
vn -0.00000 1.00000 0.00000
vn 0.00000 1.00000 -0.00000
vn 0.00000 1.00000 0.00000
vn 0.86603 0.50000 0.00000
vn 0.26762 0.50000 0.82364
vn -0.70063 0.50000 0.50904
vn -0.70063 0.50000 -0.50904
vn 0.26762 0.50000 -0.82364
vn 0.86603 -0.50000 0.00000
vn 0.26762 -0.50000 0.82364
vn -0.70063 -0.50000 0.50904
vn -0.70063 -0.50000 -0.50904
vn 0.26762 -0.50000 -0.82364
vn 0.00000 -1.00000 0.00000
vn 0.00000 -1.00000 0.00000
vn -0.00000 -1.00000 0.00000
vn -0.00000 -1.00000 -0.00000
vn 0.00000 -1.00000 -0.00000
vn 0.00000 1.00000 0.00000
vn 0.00000 1.00000 0.00000
vn -0.00000 1.00000 0.00000
vn 0.00000 1.00000 -0.00000
vn 0.00000 1.00000 0.00000
vn 0.86603 0.50000 0.00000
vn 0.26762 0.50000 0.82364
vn -0.70063 0.50000 0.50904
vn -0.70063 0.50000 -0.50904
vn 0.26762 0.50000 -0.82364
vn 0.86603 -0.50000 0.00000
vn 0.26762 -0.50000 0.82364
vn -0.70063 -0.50000 0.50904
vn -0.70063 -0.50000 -0.50904
vn 0.26762 -0.50000 -0.82364
vn 0.00000 -1.00000 0.00000
vn 0.00000 -1.00000 0.00000
vn -0.00000 -1.00000 0.00000
vn -0.00000 -1.00000 -0.00000
vn 0.00000 -1.00000 -0.00000
vn 0.00000 -1.00000 0.00000
vn 0.00000 -1.00000 0.00000
vn 0.00000 -1.00000 0.00000
vn 0.00000 -1.00000 -0.00000
vn 0.00000 -1.00000 -0.00000
vn -0.00000 -1.00000 -0.00000
vn -0.00000 -1.00000 -0.00000
vn -0.00000 -1.00000 0.00000
vn 0.00000 -0.86602 0.50000
vn 0.35355 -0.86602 0.35356
vn 0.50000 -0.86602 0.00000
vn 0.35355 -0.86602 -0.35356
vn 0.00000 -0.86602 -0.50000
vn -0.35355 -0.86602 -0.35356
vn -0.50000 -0.86602 -0.00000
vn -0.35355 -0.86602 0.35356
vn 0.00000 -0.50000 0.86603
vn 0.61237 -0.50000 0.61238
vn 0.86602 -0.50000 0.00000
vn 0.61237 -0.50000 -0.61238
vn 0.00000 -0.50000 -0.86603
vn -0.61237 -0.50000 -0.61238
vn -0.86602 -0.50000 -0.00000
vn -0.61237 -0.50000 0.61238
vn 0.00000 -0.00000 1.00000
vn 0.70710 -0.00000 0.70711
vn 1.00000 -0.00000 0.00000
vn 0.70710 -0.00000 -0.70711
vn 0.00000 -0.00000 -1.00000
vn -0.70710 -0.00000 -0.70711
vn -1.00000 -0.00000 -0.00000
vn -0.70710 -0.00000 0.70711
vn 0.00000 0.00000 1.00000
vn 0.70710 0.00000 0.70711
vn 1.00000 0.00000 0.00000
vn 0.70710 0.00000 -0.70711
vn 0.00000 0.00000 -1.00000
vn -0.70710 0.00000 -0.70711
vn -1.00000 0.00000 -0.00000
vn -0.70710 0.00000 0.70711
vn 0.00000 0.00000 1.00000
vn 0.70710 0.00000 0.70711
vn 1.00000 0.00000 0.00000
vn 0.70710 0.00000 -0.70711
vn 0.00000 0.00000 -1.00000
vn -0.70710 0.00000 -0.70711
vn -1.00000 0.00000 -0.00000
vn -0.70710 0.00000 0.70711
vn 0.00000 0.00000 1.00000
vn 0.70710 0.00000 0.70711
vn 1.00000 0.00000 0.00000
vn 0.70710 0.00000 -0.70711
vn 0.00000 0.00000 -1.00000
vn -0.70710 0.00000 -0.70711
vn -1.00000 0.00000 -0.00000
vn -0.70710 0.00000 0.70711
vn 0.00000 0.50000 0.86603
vn 0.61237 0.50000 0.61238
vn 0.86602 0.50000 0.00000
vn 0.61237 0.50000 -0.61238
vn 0.00000 0.50000 -0.86603
vn -0.61237 0.50000 -0.61238
vn -0.86602 0.50000 -0.00000
vn -0.61237 0.50000 0.61238
vn 0.00000 0.86602 0.50000
vn 0.35355 0.86602 0.35356
vn 0.50000 0.86602 0.00000
vn 0.35355 0.86602 -0.35356
vn 0.00000 0.86602 -0.50000
vn -0.35355 0.86602 -0.35356
vn -0.50000 0.86602 -0.00000
vn -0.35355 0.86602 0.35356
vn 0.00000 1.00000 0.00000
vn 0.00000 1.00000 0.00000
vn 0.00000 1.00000 0.00000
vn 0.00000 1.00000 -0.00000
vn 0.00000 1.00000 -0.00000
vn -0.00000 1.00000 -0.00000
vn -0.00000 1.00000 -0.00000
vn -0.00000 1.00000 0.00000
vn 0.00000 1.00000 0.00000
vn 0.00000 1.00000 0.00000
vn 0.00000 1.00000 0.00000
vn 0.00000 1.00000 0.00000
vn 0.00000 1.00000 0.00000
vn -0.00000 1.00000 0.00000
vn -0.00000 1.00000 0.00000
vn -0.00000 1.00000 0.00000
vn -0.00000 1.00000 0.00000
vn -0.00000 1.00000 0.00000
vn 0.00000 1.00000 -0.00000
vn 0.00000 1.00000 -0.00000
vn 0.00000 1.00000 -0.00000
vn 0.00000 1.00000 -0.00000
vn 0.00000 1.00000 0.00000
vn 0.00000 1.00000 0.00000
vn 0.00000 1.00000 0.00000
vn 0.00000 1.00000 0.00000
vn 0.19194 0.98079 0.03493
vn 0.16842 0.98079 0.09847
vn 0.12458 0.98079 0.15013
vn 0.06572 0.98079 0.18369
vn -0.00107 0.98079 0.19509
vn -0.06773 0.98079 0.18296
vn -0.12622 0.98079 0.14876
vn -0.16948 0.98079 0.09662
vn -0.19231 0.98079 0.03283
vn -0.19194 0.98079 -0.03493
vn -0.16842 0.98079 -0.09847
vn -0.12458 0.98079 -0.15013
vn -0.06572 0.98079 -0.18369
vn 0.00107 0.98079 -0.19509
vn 0.06773 0.98079 -0.18296
vn 0.12622 0.98079 -0.14876
vn 0.16948 0.98079 -0.09662
vn 0.19231 0.98079 -0.03283
vn 0.37650 0.92388 0.06851
vn 0.33036 0.92388 0.19315
vn 0.24438 0.92388 0.29449
vn 0.12892 0.92388 0.36031
vn -0.00209 0.92388 0.38268
vn -0.13285 0.92388 0.35888
vn -0.24758 0.92388 0.29180
vn -0.33245 0.92388 0.18953
vn -0.37723 0.92388 0.06439
vn -0.37650 0.92388 -0.06851
vn -0.33036 0.92388 -0.19315
vn -0.24438 0.92388 -0.29449
vn -0.12892 0.92388 -0.36031
vn 0.00209 0.92388 -0.38268
vn 0.13285 0.92388 -0.35888
vn 0.24758 0.92388 -0.29180
vn 0.33245 0.92388 -0.18953
vn 0.37723 0.92388 -0.06439
vn 0.54659 0.83147 0.09946
vn 0.47961 0.83147 0.28041
vn 0.35478 0.83147 0.42754
vn 0.18716 0.83147 0.52310
vn -0.00304 0.83147 0.55556
vn -0.19287 0.83147 0.52102
vn -0.35944 0.83147 0.42363
vn -0.48265 0.83147 0.27515
vn -0.54765 0.83147 0.09348
vn -0.54659 0.83147 -0.09946
vn -0.47961 0.83147 -0.28041
vn -0.35478 0.83147 -0.42754
vn -0.18716 0.83147 -0.52310
vn 0.00304 0.83147 -0.55556
vn 0.19287 0.83147 -0.52102
vn 0.35944 0.83147 -0.42363
vn 0.48265 0.83147 -0.27515
vn 0.54765 0.83147 -0.09348
vn 0.69568 0.70711 0.12659
vn 0.61043 0.70711 0.35690
vn 0.45155 0.70711 0.54415
vn 0.23821 0.70711 0.66578
vn -0.00387 0.70711 0.70710
vn -0.24547 0.70711 0.66313
vn -0.45747 0.70711 0.53918
vn -0.61430 0.70711 0.35020
vn -0.69703 0.70711 0.11898
vn -0.69568 0.70711 -0.12659
vn -0.61043 0.70711 -0.35690
vn -0.45155 0.70711 -0.54415
vn -0.23821 0.70711 -0.66578
vn 0.00387 0.70711 -0.70710
vn 0.24547 0.70711 -0.66313
vn 0.45747 0.70711 -0.53918
vn 0.61430 0.70711 -0.35020
vn 0.69703 0.70711 -0.11898
vn 0.81804 0.55557 0.14886
vn 0.71779 0.55557 0.41967
vn 0.53097 0.55557 0.63986
vn 0.28010 0.55557 0.78287
vn -0.00455 0.55557 0.83146
vn -0.28865 0.55557 0.77976
vn -0.53793 0.55557 0.63401
vn -0.72234 0.55557 0.41179
vn -0.81961 0.55557 0.13990
vn -0.81804 0.55557 -0.14886
vn -0.71779 0.55557 -0.41967
vn -0.53097 0.55557 -0.63986
vn -0.28010 0.55557 -0.78287
vn 0.00455 0.55557 -0.83146
vn 0.28865 0.55557 -0.77976
vn 0.53793 0.55557 -0.63401
vn 0.72234 0.55557 -0.41179
vn 0.81961 0.55557 -0.13990
vn 0.90895 0.38268 0.16540
vn 0.79757 0.38268 0.46631
vn 0.58998 0.38268 0.71097
vn 0.31123 0.38268 0.86988
vn -0.00505 0.38268 0.92387
vn -0.32073 0.38268 0.86642
vn -0.59772 0.38268 0.70448
vn -0.80262 0.38268 0.45756
vn -0.91071 0.38268 0.15545
vn -0.90895 0.38268 -0.16540
vn -0.79757 0.38268 -0.46631
vn -0.58998 0.38268 -0.71097
vn -0.31123 0.38268 -0.86988
vn 0.00505 0.38268 -0.92387
vn 0.32073 0.38268 -0.86642
vn 0.59772 0.38268 -0.70448
vn 0.80262 0.38268 -0.45756
vn 0.91071 0.38268 -0.15545
vn 0.96494 0.19509 0.17559
vn 0.84669 0.19509 0.49503
vn 0.62632 0.19509 0.75476
vn 0.33040 0.19509 0.92346
vn -0.00536 0.19509 0.98077
vn -0.34048 0.19509 0.91979
vn -0.63453 0.19509 0.74787
vn -0.85205 0.19509 0.48574
vn -0.96680 0.19509 0.16503
vn -0.96494 0.19509 -0.17559
vn -0.84669 0.19509 -0.49503
vn -0.62632 0.19509 -0.75476
vn -0.33040 0.19509 -0.92346
vn 0.00536 0.19509 -0.98077
vn 0.34048 0.19509 -0.91979
vn 0.63453 0.19509 -0.74787
vn 0.85205 0.19509 -0.48574
vn 0.96680 0.19509 -0.16503
vn 0.98384 0.00000 0.17903
vn 0.86328 0.00000 0.50473
vn 0.63859 0.00000 0.76955
vn 0.33688 0.00000 0.94155
vn -0.00547 0.00000 0.99999
vn -0.34715 0.00000 0.93781
vn -0.64697 0.00000 0.76252
vn -0.86875 0.00000 0.49526
vn -0.98574 0.00000 0.16826
vn -0.98384 0.00000 -0.17903
vn -0.86328 0.00000 -0.50473
vn -0.63859 0.00000 -0.76955
vn -0.33688 0.00000 -0.94155
vn 0.00547 0.00000 -0.99999
vn 0.34715 0.00000 -0.93781
vn 0.64697 0.00000 -0.76252
vn 0.86875 0.00000 -0.49526
vn 0.98574 0.00000 -0.16826
vn 0.96494 -0.19509 0.17559
vn 0.84669 -0.19509 0.49503
vn 0.62632 -0.19509 0.75476
vn 0.33040 -0.19509 0.92346
vn -0.00536 -0.19509 0.98077
vn -0.34048 -0.19509 0.91979
vn -0.63453 -0.19509 0.74787
vn -0.85205 -0.19509 0.48574
vn -0.96680 -0.19509 0.16503
vn -0.96494 -0.19509 -0.17559
vn -0.84669 -0.19509 -0.49503
vn -0.62632 -0.19509 -0.75476
vn -0.33040 -0.19509 -0.92346
vn 0.00536 -0.19509 -0.98077
vn 0.34048 -0.19509 -0.91979
vn 0.63453 -0.19509 -0.74787
vn 0.85205 -0.19509 -0.48574
vn 0.96680 -0.19509 -0.16503
vn 0.90895 -0.38268 0.16540
vn 0.79757 -0.38268 0.46631
vn 0.58998 -0.38268 0.71097
vn 0.31123 -0.38268 0.86988
vn -0.00505 -0.38268 0.92387
vn -0.32073 -0.38268 0.86642
vn -0.59772 -0.38268 0.70448
vn -0.80262 -0.38268 0.45756
vn -0.91071 -0.38268 0.15545
vn -0.90895 -0.38268 -0.16540
vn -0.79757 -0.38268 -0.46631
vn -0.58998 -0.38268 -0.71097
vn -0.31123 -0.38268 -0.86988
vn 0.00505 -0.38268 -0.92387
vn 0.32073 -0.38268 -0.86642
vn 0.59772 -0.38268 -0.70448
vn 0.80262 -0.38268 -0.45756
vn 0.91071 -0.38268 -0.15545
vn 0.81804 -0.55557 0.14886
vn 0.71779 -0.55557 0.41967
vn 0.53097 -0.55557 0.63986
vn 0.28010 -0.55557 0.78287
vn -0.00455 -0.55557 0.83146
vn -0.28865 -0.55557 0.77976
vn -0.53793 -0.55557 0.63401
vn -0.72234 -0.55557 0.41179
vn -0.81961 -0.55557 0.13990
vn -0.81804 -0.55557 -0.14886
vn -0.71779 -0.55557 -0.41967
vn -0.53097 -0.55557 -0.63986
vn -0.28010 -0.55557 -0.78287
vn 0.00455 -0.55557 -0.83146
vn 0.28865 -0.55557 -0.77976
vn 0.53793 -0.55557 -0.63401
vn 0.72234 -0.55557 -0.41179
vn 0.81961 -0.55557 -0.13990
vn 0.69568 -0.70711 0.12659
vn 0.61043 -0.70711 0.35690
vn 0.45155 -0.70711 0.54415
vn 0.23821 -0.70711 0.66578
vn -0.00387 -0.70711 0.70710
vn -0.24547 -0.70711 0.66313
vn -0.45747 -0.70711 0.53918
vn -0.61430 -0.70711 0.35020
vn -0.69703 -0.70711 0.11898
vn -0.69568 -0.70711 -0.12659
vn -0.61043 -0.70711 -0.35690
vn -0.45155 -0.70711 -0.54415
vn -0.23821 -0.70711 -0.66578
vn 0.00387 -0.70711 -0.70710
vn 0.24547 -0.70711 -0.66313
vn 0.45747 -0.70711 -0.53918
vn 0.61430 -0.70711 -0.35020
vn 0.69703 -0.70711 -0.11898
vn 0.54659 -0.83147 0.09946
vn 0.47961 -0.83147 0.28041
vn 0.35478 -0.83147 0.42754
vn 0.18716 -0.83147 0.52310
vn -0.00304 -0.83147 0.55556
vn -0.19287 -0.83147 0.52102
vn -0.35944 -0.83147 0.42363
vn -0.48265 -0.83147 0.27515
vn -0.54765 -0.83147 0.09348
vn -0.54659 -0.83147 -0.09946
vn -0.47961 -0.83147 -0.28041
vn -0.35478 -0.83147 -0.42754
vn -0.18716 -0.83147 -0.52310
vn 0.00304 -0.83147 -0.55556
vn 0.19287 -0.83147 -0.52102
vn 0.35944 -0.83147 -0.42363
vn 0.48265 -0.83147 -0.27515
vn 0.54765 -0.83147 -0.09348
vn 0.37650 -0.92388 0.06851
vn 0.33036 -0.92388 0.19315
vn 0.24438 -0.92388 0.29449
vn 0.12892 -0.92388 0.36031
vn -0.00209 -0.92388 0.38268
vn -0.13285 -0.92388 0.35888
vn -0.24758 -0.92388 0.29180
vn -0.33245 -0.92388 0.18953
vn -0.37723 -0.92388 0.06439
vn -0.37650 -0.92388 -0.06851
vn -0.33036 -0.92388 -0.19315
vn -0.24438 -0.92388 -0.29449
vn -0.12892 -0.92388 -0.36031
vn 0.00209 -0.92388 -0.38268
vn 0.13285 -0.92388 -0.35888
vn 0.24758 -0.92388 -0.29180
vn 0.33245 -0.92388 -0.18953
vn 0.37723 -0.92388 -0.06439
vn 0.19194 -0.98079 0.03493
vn 0.16842 -0.98079 0.09847
vn 0.12458 -0.98079 0.15013
vn 0.06572 -0.98079 0.18369
vn -0.00107 -0.98079 0.19509
vn -0.06773 -0.98079 0.18296
vn -0.12622 -0.98079 0.14876
vn -0.16948 -0.98079 0.09662
vn -0.19231 -0.98079 0.03283
vn -0.19194 -0.98079 -0.03493
vn -0.16842 -0.98079 -0.09847
vn -0.12458 -0.98079 -0.15013
vn -0.06572 -0.98079 -0.18369
vn 0.00107 -0.98079 -0.19509
vn 0.06773 -0.98079 -0.18296
vn 0.12622 -0.98079 -0.14876
vn 0.16948 -0.98079 -0.09662
vn 0.19231 -0.98079 -0.03283
vn 0.00000 -1.00000 0.00000
vn 0.00000 -1.00000 0.00000
vn 0.00000 -1.00000 0.00000
vn 0.00000 -1.00000 0.00000
vn -0.00000 -1.00000 0.00000
vn -0.00000 -1.00000 0.00000
vn -0.00000 -1.00000 0.00000
vn -0.00000 -1.00000 0.00000
vn -0.00000 -1.00000 0.00000
vn -0.00000 -1.00000 -0.00000
vn -0.00000 -1.00000 -0.00000
vn -0.00000 -1.00000 -0.00000
vn -0.00000 -1.00000 -0.00000
vn 0.00000 -1.00000 -0.00000
vn 0.00000 -1.00000 -0.00000
vn 0.00000 -1.00000 -0.00000
vn 0.00000 -1.00000 -0.00000
vn 0.00000 -1.00000 -0.00000
vn 0.00000 1.00000 0.00000
vn 0.00000 1.00000 0.00000
vn 0.00000 1.00000 0.00000
vn -0.00000 1.00000 0.00000
vn -0.00000 1.00000 0.00000
vn -0.00000 1.00000 0.00000
vn 0.00000 1.00000 -0.00000
vn 0.00000 1.00000 -0.00000
vn 0.00000 1.00000 0.00000
vn 0.00000 1.00000 0.00000
vn 0.58779 0.80902 0.00000
vn 0.47553 0.80902 0.34549
vn 0.18164 0.80902 0.55902
vn -0.18164 0.80902 0.55902
vn -0.47553 0.80902 0.34549
vn -0.58779 0.80902 0.00000
vn -0.47553 0.80902 -0.34549
vn -0.18164 0.80902 -0.55902
vn 0.18164 0.80902 -0.55902
vn 0.47553 0.80902 -0.34549
vn 0.95106 0.30902 0.00000
vn 0.76942 0.30902 0.55902
vn 0.29389 0.30902 0.90451
vn -0.29389 0.30902 0.90451
vn -0.76942 0.30902 0.55902
vn -0.95106 0.30902 0.00000
vn -0.76942 0.30902 -0.55902
vn -0.29389 0.30902 -0.90451
vn 0.29389 0.30902 -0.90451
vn 0.76942 0.30902 -0.55902
vn 0.95106 -0.30902 0.00000
vn 0.76942 -0.30902 0.55902
vn 0.29389 -0.30902 0.90451
vn -0.29389 -0.30902 0.90451
vn -0.76942 -0.30902 0.55902
vn -0.95106 -0.30902 0.00000
vn -0.76942 -0.30902 -0.55902
vn -0.29389 -0.30902 -0.90451
vn 0.29389 -0.30902 -0.90451
vn 0.76942 -0.30902 -0.55902
vn 0.58779 -0.80902 0.00000
vn 0.47553 -0.80902 0.34549
vn 0.18164 -0.80902 0.55902
vn -0.18164 -0.80902 0.55902
vn -0.47553 -0.80902 0.34549
vn -0.58779 -0.80902 0.00000
vn -0.47553 -0.80902 -0.34549
vn -0.18164 -0.80902 -0.55902
vn 0.18164 -0.80902 -0.55902
vn 0.47553 -0.80902 -0.34549
vn 0.00000 -1.00000 0.00000
vn 0.00000 -1.00000 0.00000
vn 0.00000 -1.00000 0.00000
vn -0.00000 -1.00000 0.00000
vn -0.00000 -1.00000 0.00000
vn -0.00000 -1.00000 0.00000
vn -0.00000 -1.00000 -0.00000
vn -0.00000 -1.00000 -0.00000
vn 0.00000 -1.00000 -0.00000
vn 0.00000 -1.00000 -0.00000
vn 0.00000 1.00000 0.00000
vn 0.00000 1.00000 0.00000
vn -0.00000 1.00000 0.00000
vn -0.00000 1.00000 0.00000
vn 0.00000 1.00000 -0.00000
vn 0.00000 1.00000 0.00000
vn 0.86603 0.50000 0.00000
vn 0.43301 0.50000 0.75000
vn -0.43301 0.50000 0.75000
vn -0.86603 0.50000 0.00000
vn -0.43301 0.50000 -0.75000
vn 0.43301 0.50000 -0.75000
vn 0.86603 -0.50000 0.00000
vn 0.43301 -0.50000 0.75000
vn -0.43301 -0.50000 0.75000
vn -0.86603 -0.50000 0.00000
vn -0.43301 -0.50000 -0.75000
vn 0.43301 -0.50000 -0.75000
vn 0.00000 -1.00000 0.00000
vn 0.00000 -1.00000 0.00000
vn -0.00000 -1.00000 0.00000
vn -0.00000 -1.00000 0.00000
vn -0.00000 -1.00000 -0.00000
vn 0.00000 -1.00000 -0.00000
vn 0.00000 1.00000 0.00000
vn 0.00000 1.00000 0.00000
vn -0.00000 1.00000 0.00000
vn -0.00000 1.00000 0.00000
vn 0.00000 1.00000 -0.00000
vn 0.00000 1.00000 0.00000
vn 0.86603 0.50000 0.00000
vn 0.43301 0.50000 0.75000
vn -0.43301 0.50000 0.75000
vn -0.86603 0.50000 0.00000
vn -0.43301 0.50000 -0.75000
vn 0.43301 0.50000 -0.75000
vn 0.86603 -0.50000 0.00000
vn 0.43301 -0.50000 0.75000
vn -0.43301 -0.50000 0.75000
vn -0.86603 -0.50000 0.00000
vn -0.43301 -0.50000 -0.75000
vn 0.43301 -0.50000 -0.75000
vn 0.00000 -1.00000 0.00000
vn 0.00000 -1.00000 0.00000
vn -0.00000 -1.00000 0.00000
vn -0.00000 -1.00000 0.00000
vn -0.00000 -1.00000 -0.00000
vn 0.00000 -1.00000 -0.00000
vn 0.00000 1.00000 0.00000
vn 0.00000 1.00000 0.00000
vn 0.00000 1.00000 0.00000
vn -0.00000 1.00000 0.00000
vn -0.00000 1.00000 0.00000
vn 0.00000 1.00000 -0.00000
vn 0.00000 1.00000 -0.00000
vn 0.00000 1.00000 0.00000
vn 0.38268 0.92388 0.00000
vn 0.27060 0.92388 0.27060
vn 0.00000 0.92388 0.38268
vn -0.27060 0.92388 0.27060
vn -0.38268 0.92388 0.00000
vn -0.27060 0.92388 -0.27060
vn -0.00000 0.92388 -0.38268
vn 0.27060 0.92388 -0.27060
vn 0.70711 0.70711 0.00000
vn 0.50000 0.70711 0.50000
vn 0.00000 0.70711 0.70711
vn -0.50000 0.70711 0.50000
vn -0.70711 0.70711 0.00000
vn -0.50000 0.70711 -0.50000
vn -0.00000 0.70711 -0.70711
vn 0.50000 0.70711 -0.50000
vn 0.92388 0.38268 0.00000
vn 0.65328 0.38268 0.65328
vn 0.00000 0.38268 0.92388
vn -0.65328 0.38268 0.65328
vn -0.92388 0.38268 0.00000
vn -0.65328 0.38268 -0.65328
vn -0.00000 0.38268 -0.92388
vn 0.65328 0.38268 -0.65328
vn 1.00000 0.00000 0.00000
vn 0.70711 0.00000 0.70711
vn 0.00000 0.00000 1.00000
vn -0.70711 0.00000 0.70711
vn -1.00000 0.00000 0.00000
vn -0.70711 0.00000 -0.70711
vn -0.00000 0.00000 -1.00000
vn 0.70711 0.00000 -0.70711
vn 0.92388 -0.38268 0.00000
vn 0.65328 -0.38268 0.65328
vn 0.00000 -0.38268 0.92388
vn -0.65328 -0.38268 0.65328
vn -0.92388 -0.38268 0.00000
vn -0.65328 -0.38268 -0.65328
vn -0.00000 -0.38268 -0.92388
vn 0.65328 -0.38268 -0.65328
vn 0.70711 -0.70711 0.00000
vn 0.50000 -0.70711 0.50000
vn 0.00000 -0.70711 0.70711
vn -0.50000 -0.70711 0.50000
vn -0.70711 -0.70711 0.00000
vn -0.50000 -0.70711 -0.50000
vn -0.00000 -0.70711 -0.70711
vn 0.50000 -0.70711 -0.50000
vn 0.38268 -0.92388 0.00000
vn 0.27060 -0.92388 0.27060
vn 0.00000 -0.92388 0.38268
vn -0.27060 -0.92388 0.27060
vn -0.38268 -0.92388 0.00000
vn -0.27060 -0.92388 -0.27060
vn -0.00000 -0.92388 -0.38268
vn 0.27060 -0.92388 -0.27060
vn 0.00000 -1.00000 0.00000
vn 0.00000 -1.00000 0.00000
vn 0.00000 -1.00000 0.00000
vn -0.00000 -1.00000 0.00000
vn -0.00000 -1.00000 0.00000
vn -0.00000 -1.00000 -0.00000
vn -0.00000 -1.00000 -0.00000
vn 0.00000 -1.00000 -0.00000
vn 0.00000 1.00000 0.00000
vn 0.00000 1.00000 0.00000
vn 0.00000 1.00000 0.00000
vn -0.00000 1.00000 0.00000
vn -0.00000 1.00000 0.00000
vn 0.00000 1.00000 -0.00000
vn 0.00000 1.00000 -0.00000
vn 0.00000 1.00000 0.00000
vn 0.50000 0.86603 0.00000
vn 0.35355 0.86603 0.35355
vn 0.00000 0.86603 0.50000
vn -0.35355 0.86603 0.35355
vn -0.50000 0.86603 0.00000
vn -0.35355 0.86603 -0.35355
vn -0.00000 0.86603 -0.50000
vn 0.35355 0.86603 -0.35355
vn 0.86603 0.50000 0.00000
vn 0.61237 0.50000 0.61237
vn 0.00000 0.50000 0.86603
vn -0.61237 0.50000 0.61237
vn -0.86603 0.50000 0.00000
vn -0.61237 0.50000 -0.61237
vn -0.00000 0.50000 -0.86603
vn 0.61237 0.50000 -0.61237
vn 1.00000 0.00000 0.00000
vn 0.70711 0.00000 0.70711
vn 0.00000 0.00000 1.00000
vn -0.70711 0.00000 0.70711
vn -1.00000 0.00000 0.00000
vn -0.70711 0.00000 -0.70711
vn -0.00000 0.00000 -1.00000
vn 0.70711 0.00000 -0.70711
vn 0.86603 -0.50000 0.00000
vn 0.61237 -0.50000 0.61237
vn 0.00000 -0.50000 0.86603
vn -0.61237 -0.50000 0.61237
vn -0.86603 -0.50000 0.00000
vn -0.61237 -0.50000 -0.61237
vn -0.00000 -0.50000 -0.86603
vn 0.61237 -0.50000 -0.61237
vn 0.50000 -0.86603 0.00000
vn 0.35355 -0.86603 0.35355
vn 0.00000 -0.86603 0.50000
vn -0.35355 -0.86603 0.35355
vn -0.50000 -0.86603 0.00000
vn -0.35355 -0.86603 -0.35355
vn -0.00000 -0.86603 -0.50000
vn 0.35355 -0.86603 -0.35355
vn 0.00000 -1.00000 0.00000
vn 0.00000 -1.00000 0.00000
vn 0.00000 -1.00000 0.00000
vn -0.00000 -1.00000 0.00000
vn -0.00000 -1.00000 0.00000
vn -0.00000 -1.00000 -0.00000
vn -0.00000 -1.00000 -0.00000
vn 0.00000 -1.00000 -0.00000
vn 0.00000 1.00000 0.00000
vn 0.00000 1.00000 0.00000
vn -0.00000 1.00000 0.00000
vn 0.00000 1.00000 -0.00000
vn 0.00000 1.00000 0.00000
vn 0.86603 0.50000 0.00000
vn 0.26762 0.50000 0.82364
vn -0.70063 0.50000 0.50904
vn -0.70063 0.50000 -0.50904
vn 0.26762 0.50000 -0.82364
vn 0.86603 -0.50000 0.00000
vn 0.26762 -0.50000 0.82364
vn -0.70063 -0.50000 0.50904
vn -0.70063 -0.50000 -0.50904
vn 0.26762 -0.50000 -0.82364
vn 0.00000 -1.00000 0.00000
vn 0.00000 -1.00000 0.00000
vn -0.00000 -1.00000 0.00000
vn -0.00000 -1.00000 -0.00000
vn 0.00000 -1.00000 -0.00000
vn 0.00000 1.00000 0.00000
vn 0.00000 1.00000 0.00000
vn -0.00000 1.00000 0.00000
vn 0.00000 1.00000 -0.00000
vn 0.00000 1.00000 0.00000
vn 0.86603 0.50000 0.00000
vn 0.26762 0.50000 0.82364
vn -0.70063 0.50000 0.50904
vn -0.70063 0.50000 -0.50904
vn 0.26762 0.50000 -0.82364
vn 0.86603 -0.50000 0.00000
vn 0.26762 -0.50000 0.82364
vn -0.70063 -0.50000 0.50904
vn -0.70063 -0.50000 -0.50904
vn 0.26762 -0.50000 -0.82364
vn 0.00000 -1.00000 0.00000
vn 0.00000 -1.00000 0.00000
vn -0.00000 -1.00000 0.00000
vn -0.00000 -1.00000 -0.00000
vn 0.00000 -1.00000 -0.00000
vn 0.00000 1.00000 0.00000
vn 0.00000 1.00000 0.00000
vn 0.00000 1.00000 0.00000
vn -0.00000 1.00000 0.00000
vn -0.00000 1.00000 0.00000
vn 0.00000 1.00000 -0.00000
vn 0.00000 1.00000 -0.00000
vn 0.00000 1.00000 0.00000
vn 0.50000 0.86603 0.00000
vn 0.35355 0.86603 0.35355
vn 0.00000 0.86603 0.50000
vn -0.35355 0.86603 0.35355
vn -0.50000 0.86603 0.00000
vn -0.35355 0.86603 -0.35355
vn -0.00000 0.86603 -0.50000
vn 0.35355 0.86603 -0.35355
vn 0.86603 0.50000 0.00000
vn 0.61237 0.50000 0.61237
vn 0.00000 0.50000 0.86603
vn -0.61237 0.50000 0.61237
vn -0.86603 0.50000 0.00000
vn -0.61237 0.50000 -0.61237
vn -0.00000 0.50000 -0.86603
vn 0.61237 0.50000 -0.61237
vn 1.00000 0.00000 0.00000
vn 0.70711 0.00000 0.70711
vn 0.00000 0.00000 1.00000
vn -0.70711 0.00000 0.70711
vn -1.00000 0.00000 0.00000
vn -0.70711 0.00000 -0.70711
vn -0.00000 0.00000 -1.00000
vn 0.70711 0.00000 -0.70711
vn 0.86603 -0.50000 0.00000
vn 0.61237 -0.50000 0.61237
vn 0.00000 -0.50000 0.86603
vn -0.61237 -0.50000 0.61237
vn -0.86603 -0.50000 0.00000
vn -0.61237 -0.50000 -0.61237
vn -0.00000 -0.50000 -0.86603
vn 0.61237 -0.50000 -0.61237
vn 0.50000 -0.86603 0.00000
vn 0.35355 -0.86603 0.35355
vn 0.00000 -0.86603 0.50000
vn -0.35355 -0.86603 0.35355
vn -0.50000 -0.86603 0.00000
vn -0.35355 -0.86603 -0.35355
vn -0.00000 -0.86603 -0.50000
vn 0.35355 -0.86603 -0.35355
vn 0.00000 -1.00000 0.00000
vn 0.00000 -1.00000 0.00000
vn 0.00000 -1.00000 0.00000
vn -0.00000 -1.00000 0.00000
vn -0.00000 -1.00000 0.00000
vn -0.00000 -1.00000 -0.00000
vn -0.00000 -1.00000 -0.00000
vn 0.00000 -1.00000 -0.00000
vn 0.00000 1.00000 0.00000
vn 0.00000 1.00000 0.00000
vn 0.00000 1.00000 0.00000
vn -0.00000 1.00000 0.00000
vn -0.00000 1.00000 0.00000
vn 0.00000 1.00000 -0.00000
vn 0.00000 1.00000 -0.00000
vn 0.00000 1.00000 0.00000
vn 0.50000 0.86603 0.00000
vn 0.35355 0.86603 0.35355
vn 0.00000 0.86603 0.50000
vn -0.35355 0.86603 0.35355
vn -0.50000 0.86603 0.00000
vn -0.35355 0.86603 -0.35355
vn -0.00000 0.86603 -0.50000
vn 0.35355 0.86603 -0.35355
vn 0.86603 0.50000 0.00000
vn 0.61237 0.50000 0.61237
vn 0.00000 0.50000 0.86603
vn -0.61237 0.50000 0.61237
vn -0.86603 0.50000 0.00000
vn -0.61237 0.50000 -0.61237
vn -0.00000 0.50000 -0.86603
vn 0.61237 0.50000 -0.61237
vn 1.00000 0.00000 0.00000
vn 0.70711 0.00000 0.70711
vn 0.00000 0.00000 1.00000
vn -0.70711 0.00000 0.70711
vn -1.00000 0.00000 0.00000
vn -0.70711 0.00000 -0.70711
vn -0.00000 0.00000 -1.00000
vn 0.70711 0.00000 -0.70711
vn 0.86603 -0.50000 0.00000
vn 0.61237 -0.50000 0.61237
vn 0.00000 -0.50000 0.86603
vn -0.61237 -0.50000 0.61237
vn -0.86603 -0.50000 0.00000
vn -0.61237 -0.50000 -0.61237
vn -0.00000 -0.50000 -0.86603
vn 0.61237 -0.50000 -0.61237
vn 0.50000 -0.86603 0.00000
vn 0.35355 -0.86603 0.35355
vn 0.00000 -0.86603 0.50000
vn -0.35355 -0.86603 0.35355
vn -0.50000 -0.86603 0.00000
vn -0.35355 -0.86603 -0.35355
vn -0.00000 -0.86603 -0.50000
vn 0.35355 -0.86603 -0.35355
vn 0.00000 -1.00000 0.00000
vn 0.00000 -1.00000 0.00000
vn 0.00000 -1.00000 0.00000
vn -0.00000 -1.00000 0.00000
vn -0.00000 -1.00000 0.00000
vn -0.00000 -1.00000 -0.00000
vn -0.00000 -1.00000 -0.00000
vn 0.00000 -1.00000 -0.00000
vn 0.00000 1.00000 0.00000
vn 0.00000 1.00000 0.00000
vn 0.00000 1.00000 0.00000
vn -0.00000 1.00000 0.00000
vn -0.00000 1.00000 0.00000
vn -0.00000 1.00000 0.00000
vn 0.00000 1.00000 -0.00000
vn 0.00000 1.00000 -0.00000
vn 0.00000 1.00000 0.00000
vn 0.00000 1.00000 0.00000
vn 0.50000 0.86603 0.00000
vn 0.40451 0.86603 0.29389
vn 0.15451 0.86603 0.47553
vn -0.15451 0.86603 0.47553
vn -0.40451 0.86603 0.29389
vn -0.50000 0.86603 0.00000
vn -0.40451 0.86603 -0.29389
vn -0.15451 0.86603 -0.47553
vn 0.15451 0.86603 -0.47553
vn 0.40451 0.86603 -0.29389
vn 0.86603 0.50000 0.00000
vn 0.70063 0.50000 0.50904
vn 0.26762 0.50000 0.82364
vn -0.26762 0.50000 0.82364
vn -0.70063 0.50000 0.50904
vn -0.86603 0.50000 0.00000
vn -0.70063 0.50000 -0.50904
vn -0.26762 0.50000 -0.82364
vn 0.26762 0.50000 -0.82364
vn 0.70063 0.50000 -0.50904
vn 1.00000 0.00000 0.00000
vn 0.80902 0.00000 0.58779
vn 0.30902 0.00000 0.95106
vn -0.30902 0.00000 0.95106
vn -0.80902 0.00000 0.58779
vn -1.00000 0.00000 0.00000
vn -0.80902 0.00000 -0.58779
vn -0.30902 0.00000 -0.95106
vn 0.30902 0.00000 -0.95106
vn 0.80902 0.00000 -0.58779
vn 0.86603 -0.50000 0.00000
vn 0.70063 -0.50000 0.50904
vn 0.26762 -0.50000 0.82364
vn -0.26762 -0.50000 0.82364
vn -0.70063 -0.50000 0.50904
vn -0.86603 -0.50000 0.00000
vn -0.70063 -0.50000 -0.50904
vn -0.26762 -0.50000 -0.82364
vn 0.26762 -0.50000 -0.82364
vn 0.70063 -0.50000 -0.50904
vn 0.50000 -0.86603 0.00000
vn 0.40451 -0.86603 0.29389
vn 0.15451 -0.86603 0.47553
vn -0.15451 -0.86603 0.47553
vn -0.40451 -0.86603 0.29389
vn -0.50000 -0.86603 0.00000
vn -0.40451 -0.86603 -0.29389
vn -0.15451 -0.86603 -0.47553
vn 0.15451 -0.86603 -0.47553
vn 0.40451 -0.86603 -0.29389
vn 0.00000 -1.00000 0.00000
vn 0.00000 -1.00000 0.00000
vn 0.00000 -1.00000 0.00000
vn -0.00000 -1.00000 0.00000
vn -0.00000 -1.00000 0.00000
vn -0.00000 -1.00000 0.00000
vn -0.00000 -1.00000 -0.00000
vn -0.00000 -1.00000 -0.00000
vn 0.00000 -1.00000 -0.00000
vn 0.00000 -1.00000 -0.00000
vn 0.00000 1.00000 0.00000
vn 0.00000 1.00000 0.00000
vn 0.00000 1.00000 0.00000
vn -0.00000 1.00000 0.00000
vn -0.00000 1.00000 0.00000
vn 0.00000 1.00000 -0.00000
vn 0.00000 1.00000 -0.00000
vn 0.00000 1.00000 0.00000
vn 0.58779 0.80902 0.00000
vn 0.41563 0.80902 0.41563
vn 0.00000 0.80902 0.58779
vn -0.41563 0.80902 0.41563
vn -0.58779 0.80902 0.00000
vn -0.41563 0.80902 -0.41563
vn -0.00000 0.80902 -0.58779
vn 0.41563 0.80902 -0.41563
vn 0.95106 0.30902 0.00000
vn 0.67250 0.30902 0.67250
vn 0.00000 0.30902 0.95106
vn -0.67250 0.30902 0.67250
vn -0.95106 0.30902 0.00000
vn -0.67250 0.30902 -0.67250
vn -0.00000 0.30902 -0.95106
vn 0.67250 0.30902 -0.67250
vn 0.95106 -0.30902 0.00000
vn 0.67250 -0.30902 0.67250
vn 0.00000 -0.30902 0.95106
vn -0.67250 -0.30902 0.67250
vn -0.95106 -0.30902 0.00000
vn -0.67250 -0.30902 -0.67250
vn -0.00000 -0.30902 -0.95106
vn 0.67250 -0.30902 -0.67250
vn 0.58779 -0.80902 0.00000
vn 0.41563 -0.80902 0.41563
vn 0.00000 -0.80902 0.58779
vn -0.41563 -0.80902 0.41563
vn -0.58779 -0.80902 0.00000
vn -0.41563 -0.80902 -0.41563
vn -0.00000 -0.80902 -0.58779
vn 0.41563 -0.80902 -0.41563
vn 0.00000 -1.00000 0.00000
vn 0.00000 -1.00000 0.00000
vn 0.00000 -1.00000 0.00000
vn -0.00000 -1.00000 0.00000
vn -0.00000 -1.00000 0.00000
vn -0.00000 -1.00000 -0.00000
vn -0.00000 -1.00000 -0.00000
vn 0.00000 -1.00000 -0.00000
vn 0.00000 1.00000 0.00000
vn 0.00000 1.00000 0.00000
vn 0.00000 1.00000 0.00000
vn -0.00000 1.00000 0.00000
vn -0.00000 1.00000 0.00000
vn 0.00000 1.00000 -0.00000
vn 0.00000 1.00000 -0.00000
vn 0.00000 1.00000 0.00000
vn 0.70711 0.70711 0.00000
vn 0.50000 0.70711 0.50000
vn 0.00000 0.70711 0.70711
vn -0.50000 0.70711 0.50000
vn -0.70711 0.70711 0.00000
vn -0.50000 0.70711 -0.50000
vn -0.00000 0.70711 -0.70711
vn 0.50000 0.70711 -0.50000
vn 1.00000 0.00000 0.00000
vn 0.70711 0.00000 0.70711
vn 0.00000 0.00000 1.00000
vn -0.70711 0.00000 0.70711
vn -1.00000 0.00000 0.00000
vn -0.70711 0.00000 -0.70711
vn -0.00000 0.00000 -1.00000
vn 0.70711 0.00000 -0.70711
vn 0.70711 -0.70711 0.00000
vn 0.50000 -0.70711 0.50000
vn 0.00000 -0.70711 0.70711
vn -0.50000 -0.70711 0.50000
vn -0.70711 -0.70711 0.00000
vn -0.50000 -0.70711 -0.50000
vn -0.00000 -0.70711 -0.70711
vn 0.50000 -0.70711 -0.50000
vn 0.00000 -1.00000 0.00000
vn 0.00000 -1.00000 0.00000
vn 0.00000 -1.00000 0.00000
vn -0.00000 -1.00000 0.00000
vn -0.00000 -1.00000 0.00000
vn -0.00000 -1.00000 -0.00000
vn -0.00000 -1.00000 -0.00000
vn 0.00000 -1.00000 -0.00000
vn 0.00000 1.00000 0.00000
vn 0.00000 1.00000 0.00000
vn 0.00000 1.00000 0.00000
vn -0.00000 1.00000 0.00000
vn -0.00000 1.00000 0.00000
vn 0.00000 1.00000 -0.00000
vn 0.00000 1.00000 -0.00000
vn 0.00000 1.00000 0.00000
vn 0.70711 0.70711 0.00000
vn 0.50000 0.70711 0.50000
vn 0.00000 0.70711 0.70711
vn -0.50000 0.70711 0.50000
vn -0.70711 0.70711 0.00000
vn -0.50000 0.70711 -0.50000
vn -0.00000 0.70711 -0.70711
vn 0.50000 0.70711 -0.50000
vn 1.00000 0.00000 0.00000
vn 0.70711 0.00000 0.70711
vn 0.00000 0.00000 1.00000
vn -0.70711 0.00000 0.70711
vn -1.00000 0.00000 0.00000
vn -0.70711 0.00000 -0.70711
vn -0.00000 0.00000 -1.00000
vn 0.70711 0.00000 -0.70711
vn 0.70711 -0.70711 0.00000
vn 0.50000 -0.70711 0.50000
vn 0.00000 -0.70711 0.70711
vn -0.50000 -0.70711 0.50000
vn -0.70711 -0.70711 0.00000
vn -0.50000 -0.70711 -0.50000
vn -0.00000 -0.70711 -0.70711
vn 0.50000 -0.70711 -0.50000
vn 0.00000 -1.00000 0.00000
vn 0.00000 -1.00000 0.00000
vn 0.00000 -1.00000 0.00000
vn -0.00000 -1.00000 0.00000
vn -0.00000 -1.00000 0.00000
vn -0.00000 -1.00000 -0.00000
vn -0.00000 -1.00000 -0.00000
vn 0.00000 -1.00000 -0.00000
vn 0.00000 1.00000 0.00000
vn 0.00000 1.00000 0.00000
vn -0.00000 1.00000 0.00000
vn -0.00000 1.00000 0.00000
vn 0.00000 1.00000 -0.00000
vn 0.00000 1.00000 0.00000
vn 0.70711 0.70711 0.00000
vn 0.35355 0.70711 0.61237
vn -0.35355 0.70711 0.61237
vn -0.70711 0.70711 0.00000
vn -0.35355 0.70711 -0.61237
vn 0.35355 0.70711 -0.61237
vn 1.00000 0.00000 0.00000
vn 0.50000 0.00000 0.86603
vn -0.50000 0.00000 0.86603
vn -1.00000 0.00000 0.00000
vn -0.50000 0.00000 -0.86603
vn 0.50000 0.00000 -0.86603
vn 0.70711 -0.70711 0.00000
vn 0.35355 -0.70711 0.61237
vn -0.35355 -0.70711 0.61237
vn -0.70711 -0.70711 0.00000
vn -0.35355 -0.70711 -0.61237
vn 0.35355 -0.70711 -0.61237
vn 0.00000 -1.00000 0.00000
vn 0.00000 -1.00000 0.00000
vn -0.00000 -1.00000 0.00000
vn -0.00000 -1.00000 0.00000
vn -0.00000 -1.00000 -0.00000
vn 0.00000 -1.00000 -0.00000
vn 0.00000 1.00000 0.00000
vn 0.00000 1.00000 0.00000
vn 0.00000 1.00000 0.00000
vn -0.00000 1.00000 0.00000
vn -0.00000 1.00000 0.00000
vn 0.00000 1.00000 -0.00000
vn 0.00000 1.00000 -0.00000
vn 0.00000 1.00000 0.00000
vn 0.50000 0.86603 0.00000
vn 0.35355 0.86603 0.35355
vn 0.00000 0.86603 0.50000
vn -0.35355 0.86603 0.35355
vn -0.50000 0.86603 0.00000
vn -0.35355 0.86603 -0.35355
vn -0.00000 0.86603 -0.50000
vn 0.35355 0.86603 -0.35355
vn 0.86603 0.50000 0.00000
vn 0.61237 0.50000 0.61237
vn 0.00000 0.50000 0.86603
vn -0.61237 0.50000 0.61237
vn -0.86603 0.50000 0.00000
vn -0.61237 0.50000 -0.61237
vn -0.00000 0.50000 -0.86603
vn 0.61237 0.50000 -0.61237
vn 1.00000 0.00000 0.00000
vn 0.70711 0.00000 0.70711
vn 0.00000 0.00000 1.00000
vn -0.70711 0.00000 0.70711
vn -1.00000 0.00000 0.00000
vn -0.70711 0.00000 -0.70711
vn -0.00000 0.00000 -1.00000
vn 0.70711 0.00000 -0.70711
vn 0.86603 -0.50000 0.00000
vn 0.61237 -0.50000 0.61237
vn 0.00000 -0.50000 0.86603
vn -0.61237 -0.50000 0.61237
vn -0.86603 -0.50000 0.00000
vn -0.61237 -0.50000 -0.61237
vn -0.00000 -0.50000 -0.86603
vn 0.61237 -0.50000 -0.61237
vn 0.50000 -0.86603 0.00000
vn 0.35355 -0.86603 0.35355
vn 0.00000 -0.86603 0.50000
vn -0.35355 -0.86603 0.35355
vn -0.50000 -0.86603 0.00000
vn -0.35355 -0.86603 -0.35355
vn -0.00000 -0.86603 -0.50000
vn 0.35355 -0.86603 -0.35355
vn 0.00000 -1.00000 0.00000
vn 0.00000 -1.00000 0.00000
vn 0.00000 -1.00000 0.00000
vn -0.00000 -1.00000 0.00000
vn -0.00000 -1.00000 0.00000
vn -0.00000 -1.00000 -0.00000
vn -0.00000 -1.00000 -0.00000
vn 0.00000 -1.00000 -0.00000
vn 0.00000 1.00000 0.00000
vn 0.00000 1.00000 0.00000
vn -0.00000 1.00000 0.00000
vn -0.00000 1.00000 0.00000
vn 0.00000 1.00000 -0.00000
vn 0.00000 1.00000 -0.00000
vn 0.00000 1.00000 0.00000
vn 0.58779 0.80902 0.00000
vn 0.36648 0.80902 0.45955
vn -0.13079 0.80902 0.57305
vn -0.52958 0.80902 0.25503
vn -0.52958 0.80902 -0.25503
vn -0.13079 0.80902 -0.57305
vn 0.36648 0.80902 -0.45955
vn 0.95106 0.30902 0.00000
vn 0.59297 0.30902 0.74357
vn -0.21163 0.30902 0.92721
vn -0.85687 0.30902 0.41265
vn -0.85687 0.30902 -0.41265
vn -0.21163 0.30902 -0.92721
vn 0.59297 0.30902 -0.74357
vn 0.95106 -0.30902 0.00000
vn 0.59297 -0.30902 0.74357
vn -0.21163 -0.30902 0.92721
vn -0.85687 -0.30902 0.41265
vn -0.85687 -0.30902 -0.41265
vn -0.21163 -0.30902 -0.92721
vn 0.59297 -0.30902 -0.74357
vn 0.58779 -0.80902 0.00000
vn 0.36648 -0.80902 0.45955
vn -0.13079 -0.80902 0.57305
vn -0.52958 -0.80902 0.25503
vn -0.52958 -0.80902 -0.25503
vn -0.13079 -0.80902 -0.57305
vn 0.36648 -0.80902 -0.45955
vn 0.00000 -1.00000 0.00000
vn 0.00000 -1.00000 0.00000
vn -0.00000 -1.00000 0.00000
vn -0.00000 -1.00000 0.00000
vn -0.00000 -1.00000 -0.00000
vn -0.00000 -1.00000 -0.00000
vn 0.00000 -1.00000 -0.00000
vn 0.00000 1.00000 0.00000
vn 0.00000 1.00000 0.00000
vn -0.00000 1.00000 0.00000
vn 0.00000 1.00000 -0.00000
vn 0.00000 1.00000 0.00000
vn 0.70711 0.70711 0.00000
vn 0.21851 0.70711 0.67250
vn -0.57206 0.70711 0.41563
vn -0.57206 0.70711 -0.41563
vn 0.21851 0.70711 -0.67250
vn 1.00000 0.00000 0.00000
vn 0.30902 0.00000 0.95106
vn -0.80902 0.00000 0.58779
vn -0.80902 0.00000 -0.58779
vn 0.30902 0.00000 -0.95106
vn 0.70711 -0.70711 0.00000
vn 0.21851 -0.70711 0.67250
vn -0.57206 -0.70711 0.41563
vn -0.57206 -0.70711 -0.41563
vn 0.21851 -0.70711 -0.67250
vn 0.00000 -1.00000 0.00000
vn 0.00000 -1.00000 0.00000
vn -0.00000 -1.00000 0.00000
vn -0.00000 -1.00000 -0.00000
vn 0.00000 -1.00000 -0.00000
vn 0.00000 1.00000 0.00000
vn 0.00000 1.00000 0.00000
vn -0.00000 1.00000 0.00000
vn -0.00000 1.00000 0.00000
vn 0.00000 1.00000 -0.00000
vn 0.00000 1.00000 0.00000
vn 0.86603 0.50000 0.00000
vn 0.43301 0.50000 0.75000
vn -0.43301 0.50000 0.75000
vn -0.86603 0.50000 0.00000
vn -0.43301 0.50000 -0.75000
vn 0.43301 0.50000 -0.75000
vn 0.86603 -0.50000 0.00000
vn 0.43301 -0.50000 0.75000
vn -0.43301 -0.50000 0.75000
vn -0.86603 -0.50000 0.00000
vn -0.43301 -0.50000 -0.75000
vn 0.43301 -0.50000 -0.75000
vn 0.00000 -1.00000 0.00000
vn 0.00000 -1.00000 0.00000
vn -0.00000 -1.00000 0.00000
vn -0.00000 -1.00000 0.00000
vn -0.00000 -1.00000 -0.00000
vn 0.00000 -1.00000 -0.00000
vn 0.00000 1.00000 0.00000
vn 0.00000 1.00000 0.00000
vn -0.00000 1.00000 0.00000
vn -0.00000 1.00000 0.00000
vn 0.00000 1.00000 -0.00000
vn 0.00000 1.00000 0.00000
vn 0.70711 0.70711 0.00000
vn 0.35355 0.70711 0.61237
vn -0.35355 0.70711 0.61237
vn -0.70711 0.70711 0.00000
vn -0.35355 0.70711 -0.61237
vn 0.35355 0.70711 -0.61237
vn 1.00000 0.00000 0.00000
vn 0.50000 0.00000 0.86603
vn -0.50000 0.00000 0.86603
vn -1.00000 0.00000 0.00000
vn -0.50000 0.00000 -0.86603
vn 0.50000 0.00000 -0.86603
vn 0.70711 -0.70711 0.00000
vn 0.35355 -0.70711 0.61237
vn -0.35355 -0.70711 0.61237
vn -0.70711 -0.70711 0.00000
vn -0.35355 -0.70711 -0.61237
vn 0.35355 -0.70711 -0.61237
vn 0.00000 -1.00000 0.00000
vn 0.00000 -1.00000 0.00000
vn -0.00000 -1.00000 0.00000
vn -0.00000 -1.00000 0.00000
vn -0.00000 -1.00000 -0.00000
vn 0.00000 -1.00000 -0.00000
vn 0.00000 1.00000 0.00000
vn 0.00000 1.00000 0.00000
vn 0.00000 1.00000 0.00000
vn -0.00000 1.00000 0.00000
vn -0.00000 1.00000 0.00000
vn 0.00000 1.00000 -0.00000
vn 0.00000 1.00000 -0.00000
vn 0.00000 1.00000 0.00000
vn 0.50000 0.86603 0.00000
vn 0.35355 0.86603 0.35355
vn 0.00000 0.86603 0.50000
vn -0.35355 0.86603 0.35355
vn -0.50000 0.86603 0.00000
vn -0.35355 0.86603 -0.35355
vn -0.00000 0.86603 -0.50000
vn 0.35355 0.86603 -0.35355
vn 0.86603 0.50000 0.00000
vn 0.61237 0.50000 0.61237
vn 0.00000 0.50000 0.86603
vn -0.61237 0.50000 0.61237
vn -0.86603 0.50000 0.00000
vn -0.61237 0.50000 -0.61237
vn -0.00000 0.50000 -0.86603
vn 0.61237 0.50000 -0.61237
vn 1.00000 0.00000 0.00000
vn 0.70711 0.00000 0.70711
vn 0.00000 0.00000 1.00000
vn -0.70711 0.00000 0.70711
vn -1.00000 0.00000 0.00000
vn -0.70711 0.00000 -0.70711
vn -0.00000 0.00000 -1.00000
vn 0.70711 0.00000 -0.70711
vn 0.86603 -0.50000 0.00000
vn 0.61237 -0.50000 0.61237
vn 0.00000 -0.50000 0.86603
vn -0.61237 -0.50000 0.61237
vn -0.86603 -0.50000 0.00000
vn -0.61237 -0.50000 -0.61237
vn -0.00000 -0.50000 -0.86603
vn 0.61237 -0.50000 -0.61237
vn 0.50000 -0.86603 0.00000
vn 0.35355 -0.86603 0.35355
vn 0.00000 -0.86603 0.50000
vn -0.35355 -0.86603 0.35355
vn -0.50000 -0.86603 0.00000
vn -0.35355 -0.86603 -0.35355
vn -0.00000 -0.86603 -0.50000
vn 0.35355 -0.86603 -0.35355
vn 0.00000 -1.00000 0.00000
vn 0.00000 -1.00000 0.00000
vn 0.00000 -1.00000 0.00000
vn -0.00000 -1.00000 0.00000
vn -0.00000 -1.00000 0.00000
vn -0.00000 -1.00000 -0.00000
vn -0.00000 -1.00000 -0.00000
vn 0.00000 -1.00000 -0.00000
vn 0.00000 1.00000 0.00000
vn 0.00000 1.00000 0.00000
vn -0.00000 1.00000 0.00000
vn -0.00000 1.00000 0.00000
vn 0.00000 1.00000 -0.00000
vn 0.00000 1.00000 -0.00000
vn 0.00000 1.00000 0.00000
vn 0.58779 0.80902 0.00000
vn 0.36648 0.80902 0.45955
vn -0.13079 0.80902 0.57305
vn -0.52958 0.80902 0.25503
vn -0.52958 0.80902 -0.25503
vn -0.13079 0.80902 -0.57305
vn 0.36648 0.80902 -0.45955
vn 0.95106 0.30902 0.00000
vn 0.59297 0.30902 0.74357
vn -0.21163 0.30902 0.92721
vn -0.85687 0.30902 0.41265
vn -0.85687 0.30902 -0.41265
vn -0.21163 0.30902 -0.92721
vn 0.59297 0.30902 -0.74357
vn 0.95106 -0.30902 0.00000
vn 0.59297 -0.30902 0.74357
vn -0.21163 -0.30902 0.92721
vn -0.85687 -0.30902 0.41265
vn -0.85687 -0.30902 -0.41265
vn -0.21163 -0.30902 -0.92721
vn 0.59297 -0.30902 -0.74357
vn 0.58779 -0.80902 0.00000
vn 0.36648 -0.80902 0.45955
vn -0.13079 -0.80902 0.57305
vn -0.52958 -0.80902 0.25503
vn -0.52958 -0.80902 -0.25503
vn -0.13079 -0.80902 -0.57305
vn 0.36648 -0.80902 -0.45955
vn 0.00000 -1.00000 0.00000
vn 0.00000 -1.00000 0.00000
vn -0.00000 -1.00000 0.00000
vn -0.00000 -1.00000 0.00000
vn -0.00000 -1.00000 -0.00000
vn -0.00000 -1.00000 -0.00000
vn 0.00000 -1.00000 -0.00000
vn 0.00000 1.00000 0.00000
vn 0.00000 1.00000 0.00000
vn -0.00000 1.00000 0.00000
vn 0.00000 1.00000 -0.00000
vn 0.00000 1.00000 0.00000
vn 0.70711 0.70711 0.00000
vn 0.21851 0.70711 0.67250
vn -0.57206 0.70711 0.41563
vn -0.57206 0.70711 -0.41563
vn 0.21851 0.70711 -0.67250
vn 1.00000 0.00000 0.00000
vn 0.30902 0.00000 0.95106
vn -0.80902 0.00000 0.58779
vn -0.80902 0.00000 -0.58779
vn 0.30902 0.00000 -0.95106
vn 0.70711 -0.70711 0.00000
vn 0.21851 -0.70711 0.67250
vn -0.57206 -0.70711 0.41563
vn -0.57206 -0.70711 -0.41563
vn 0.21851 -0.70711 -0.67250
vn 0.00000 -1.00000 0.00000
vn 0.00000 -1.00000 0.00000
vn -0.00000 -1.00000 0.00000
vn -0.00000 -1.00000 -0.00000
vn 0.00000 -1.00000 -0.00000
vn 0.00000 1.00000 0.00000
vn 0.00000 1.00000 0.00000
vn -0.00000 1.00000 0.00000
vn -0.00000 1.00000 0.00000
vn 0.00000 1.00000 -0.00000
vn 0.00000 1.00000 0.00000
vn 0.86603 0.50000 0.00000
vn 0.43301 0.50000 0.75000
vn -0.43301 0.50000 0.75000
vn -0.86603 0.50000 0.00000
vn -0.43301 0.50000 -0.75000
vn 0.43301 0.50000 -0.75000
vn 0.86603 -0.50000 0.00000
vn 0.43301 -0.50000 0.75000
vn -0.43301 -0.50000 0.75000
vn -0.86603 -0.50000 0.00000
vn -0.43301 -0.50000 -0.75000
vn 0.43301 -0.50000 -0.75000
vn 0.00000 -1.00000 0.00000
vn 0.00000 -1.00000 0.00000
vn -0.00000 -1.00000 0.00000
vn -0.00000 -1.00000 0.00000
vn -0.00000 -1.00000 -0.00000
vn 0.00000 -1.00000 -0.00000
vn 0.00000 1.00000 0.00000
vn 0.00000 1.00000 0.00000
vn 0.00000 1.00000 0.00000
vn -0.00000 1.00000 0.00000
vn -0.00000 1.00000 0.00000
vn 0.00000 1.00000 -0.00000
vn 0.00000 1.00000 -0.00000
vn 0.00000 1.00000 0.00000
vn 0.00000 1.00000 0.00000
vn 0.43388 0.90097 0.00000
vn 0.33237 0.90097 0.27890
vn 0.07534 0.90097 0.42729
vn -0.21694 0.90097 0.37575
vn -0.40772 0.90097 0.14840
vn -0.40772 0.90097 -0.14840
vn -0.21694 0.90097 -0.37575
vn 0.07534 0.90097 -0.42729
vn 0.33237 0.90097 -0.27890
vn 0.78183 0.62349 0.00000
vn 0.59892 0.62349 0.50255
vn 0.13576 0.62349 0.76995
vn -0.39092 0.62349 0.67709
vn -0.73468 0.62349 0.26740
vn -0.73468 0.62349 -0.26740
vn -0.39092 0.62349 -0.67709
vn 0.13576 0.62349 -0.76995
vn 0.59892 0.62349 -0.50255
vn 0.97493 0.22252 0.00000
vn 0.74684 0.22252 0.62667
vn 0.16929 0.22252 0.96012
vn -0.48746 0.22252 0.84431
vn -0.91613 0.22252 0.33344
vn -0.91613 0.22252 -0.33344
vn -0.48746 0.22252 -0.84431
vn 0.16929 0.22252 -0.96012
vn 0.74684 0.22252 -0.62667
vn 0.97493 -0.22252 0.00000
vn 0.74684 -0.22252 0.62667
vn 0.16929 -0.22252 0.96012
vn -0.48746 -0.22252 0.84431
vn -0.91613 -0.22252 0.33344
vn -0.91613 -0.22252 -0.33344
vn -0.48746 -0.22252 -0.84431
vn 0.16929 -0.22252 -0.96012
vn 0.74684 -0.22252 -0.62667
vn 0.78183 -0.62349 0.00000
vn 0.59892 -0.62349 0.50255
vn 0.13576 -0.62349 0.76995
vn -0.39092 -0.62349 0.67709
vn -0.73468 -0.62349 0.26740
vn -0.73468 -0.62349 -0.26740
vn -0.39092 -0.62349 -0.67709
vn 0.13576 -0.62349 -0.76995
vn 0.59892 -0.62349 -0.50255
vn 0.43388 -0.90097 0.00000
vn 0.33237 -0.90097 0.27890
vn 0.07534 -0.90097 0.42729
vn -0.21694 -0.90097 0.37575
vn -0.40772 -0.90097 0.14840
vn -0.40772 -0.90097 -0.14840
vn -0.21694 -0.90097 -0.37575
vn 0.07534 -0.90097 -0.42729
vn 0.33237 -0.90097 -0.27890
vn 0.00000 -1.00000 0.00000
vn 0.00000 -1.00000 0.00000
vn 0.00000 -1.00000 0.00000
vn -0.00000 -1.00000 0.00000
vn -0.00000 -1.00000 0.00000
vn -0.00000 -1.00000 -0.00000
vn -0.00000 -1.00000 -0.00000
vn 0.00000 -1.00000 -0.00000
vn 0.00000 -1.00000 -0.00000
vn 0.00000 1.00000 0.00000
vn 0.00000 1.00000 0.00000
vn -0.00000 1.00000 0.00000
vn -0.00000 1.00000 0.00000
vn 0.00000 1.00000 -0.00000
vn 0.00000 1.00000 0.00000
vn 0.70711 0.70711 0.00000
vn 0.35355 0.70711 0.61237
vn -0.35355 0.70711 0.61237
vn -0.70711 0.70711 0.00000
vn -0.35355 0.70711 -0.61237
vn 0.35355 0.70711 -0.61237
vn 1.00000 0.00000 0.00000
vn 0.50000 0.00000 0.86603
vn -0.50000 0.00000 0.86603
vn -1.00000 0.00000 0.00000
vn -0.50000 0.00000 -0.86603
vn 0.50000 0.00000 -0.86603
vn 0.70711 -0.70711 0.00000
vn 0.35355 -0.70711 0.61237
vn -0.35355 -0.70711 0.61237
vn -0.70711 -0.70711 0.00000
vn -0.35355 -0.70711 -0.61237
vn 0.35355 -0.70711 -0.61237
vn 0.00000 -1.00000 0.00000
vn 0.00000 -1.00000 0.00000
vn -0.00000 -1.00000 0.00000
vn -0.00000 -1.00000 0.00000
vn -0.00000 -1.00000 -0.00000
vn 0.00000 -1.00000 -0.00000
vn 0.00000 1.00000 0.00000
vn 0.00000 1.00000 0.00000
vn 0.00000 1.00000 0.00000
vn -0.00000 1.00000 0.00000
vn -0.00000 1.00000 0.00000
vn 0.00000 1.00000 -0.00000
vn 0.00000 1.00000 -0.00000
vn 0.00000 1.00000 0.00000
vn 0.00000 1.00000 0.00000
vn 0.43388 0.90097 0.00000
vn 0.33237 0.90097 0.27890
vn 0.07534 0.90097 0.42729
vn -0.21694 0.90097 0.37575
vn -0.40772 0.90097 0.14840
vn -0.40772 0.90097 -0.14840
vn -0.21694 0.90097 -0.37575
vn 0.07534 0.90097 -0.42729
vn 0.33237 0.90097 -0.27890
vn 0.78183 0.62349 0.00000
vn 0.59892 0.62349 0.50255
vn 0.13576 0.62349 0.76995
vn -0.39092 0.62349 0.67709
vn -0.73468 0.62349 0.26740
vn -0.73468 0.62349 -0.26740
vn -0.39092 0.62349 -0.67709
vn 0.13576 0.62349 -0.76995
vn 0.59892 0.62349 -0.50255
vn 0.97493 0.22252 0.00000
vn 0.74684 0.22252 0.62667
vn 0.16929 0.22252 0.96012
vn -0.48746 0.22252 0.84431
vn -0.91613 0.22252 0.33344
vn -0.91613 0.22252 -0.33344
vn -0.48746 0.22252 -0.84431
vn 0.16929 0.22252 -0.96012
vn 0.74684 0.22252 -0.62667
vn 0.97493 -0.22252 0.00000
vn 0.74684 -0.22252 0.62667
vn 0.16929 -0.22252 0.96012
vn -0.48746 -0.22252 0.84431
vn -0.91613 -0.22252 0.33344
vn -0.91613 -0.22252 -0.33344
vn -0.48746 -0.22252 -0.84431
vn 0.16929 -0.22252 -0.96012
vn 0.74684 -0.22252 -0.62667
vn 0.78183 -0.62349 0.00000
vn 0.59892 -0.62349 0.50255
vn 0.13576 -0.62349 0.76995
vn -0.39092 -0.62349 0.67709
vn -0.73468 -0.62349 0.26740
vn -0.73468 -0.62349 -0.26740
vn -0.39092 -0.62349 -0.67709
vn 0.13576 -0.62349 -0.76995
vn 0.59892 -0.62349 -0.50255
vn 0.43388 -0.90097 0.00000
vn 0.33237 -0.90097 0.27890
vn 0.07534 -0.90097 0.42729
vn -0.21694 -0.90097 0.37575
vn -0.40772 -0.90097 0.14840
vn -0.40772 -0.90097 -0.14840
vn -0.21694 -0.90097 -0.37575
vn 0.07534 -0.90097 -0.42729
vn 0.33237 -0.90097 -0.27890
vn 0.00000 -1.00000 0.00000
vn 0.00000 -1.00000 0.00000
vn 0.00000 -1.00000 0.00000
vn -0.00000 -1.00000 0.00000
vn -0.00000 -1.00000 0.00000
vn -0.00000 -1.00000 -0.00000
vn -0.00000 -1.00000 -0.00000
vn 0.00000 -1.00000 -0.00000
vn 0.00000 -1.00000 -0.00000
vn 0.00000 1.00000 0.00000
vn 0.00000 1.00000 0.00000
vn -0.00000 1.00000 0.00000
vn -0.00000 1.00000 0.00000
vn 0.00000 1.00000 -0.00000
vn 0.00000 1.00000 0.00000
vn 0.70711 0.70711 0.00000
vn 0.35355 0.70711 0.61237
vn -0.35355 0.70711 0.61237
vn -0.70711 0.70711 0.00000
vn -0.35355 0.70711 -0.61237
vn 0.35355 0.70711 -0.61237
vn 1.00000 0.00000 0.00000
vn 0.50000 0.00000 0.86603
vn -0.50000 0.00000 0.86603
vn -1.00000 0.00000 0.00000
vn -0.50000 0.00000 -0.86603
vn 0.50000 0.00000 -0.86603
vn 0.70711 -0.70711 0.00000
vn 0.35355 -0.70711 0.61237
vn -0.35355 -0.70711 0.61237
vn -0.70711 -0.70711 0.00000
vn -0.35355 -0.70711 -0.61237
vn 0.35355 -0.70711 -0.61237
vn 0.00000 -1.00000 0.00000
vn 0.00000 -1.00000 0.00000
vn -0.00000 -1.00000 0.00000
vn -0.00000 -1.00000 0.00000
vn -0.00000 -1.00000 -0.00000
vn 0.00000 -1.00000 -0.00000
vn 0.00000 1.00000 0.00000
vn 0.00000 1.00000 0.00000
vn 0.00000 1.00000 0.00000
vn 0.00000 1.00000 0.00000
vn 0.00000 1.00000 0.00000
vn -0.00000 1.00000 0.00000
vn -0.00000 1.00000 0.00000
vn -0.00000 1.00000 0.00000
vn -0.00000 1.00000 0.00000
vn 0.00000 1.00000 -0.00000
vn 0.00000 1.00000 -0.00000
vn 0.00000 1.00000 -0.00000
vn 0.00000 1.00000 -0.00000
vn 0.00000 1.00000 0.00000
vn 0.00000 1.00000 0.00000
vn 0.00000 1.00000 0.00000
vn 0.25882 0.96593 0.00000
vn 0.23912 0.96593 0.09905
vn 0.18301 0.96593 0.18301
vn 0.09905 0.96593 0.23912
vn 0.00000 0.96593 0.25882
vn -0.09905 0.96593 0.23912
vn -0.18301 0.96593 0.18301
vn -0.23912 0.96593 0.09905
vn -0.25882 0.96593 0.00000
vn -0.23912 0.96593 -0.09905
vn -0.18301 0.96593 -0.18301
vn -0.09905 0.96593 -0.23912
vn -0.00000 0.96593 -0.25882
vn 0.09905 0.96593 -0.23912
vn 0.18301 0.96593 -0.18301
vn 0.23912 0.96593 -0.09905
vn 0.50000 0.86603 0.00000
vn 0.46194 0.86603 0.19134
vn 0.35355 0.86603 0.35355
vn 0.19134 0.86603 0.46194
vn 0.00000 0.86603 0.50000
vn -0.19134 0.86603 0.46194
vn -0.35355 0.86603 0.35355
vn -0.46194 0.86603 0.19134
vn -0.50000 0.86603 0.00000
vn -0.46194 0.86603 -0.19134
vn -0.35355 0.86603 -0.35355
vn -0.19134 0.86603 -0.46194
vn -0.00000 0.86603 -0.50000
vn 0.19134 0.86603 -0.46194
vn 0.35355 0.86603 -0.35355
vn 0.46194 0.86603 -0.19134
vn 0.70711 0.70711 0.00000
vn 0.65328 0.70711 0.27060
vn 0.50000 0.70711 0.50000
vn 0.27060 0.70711 0.65328
vn 0.00000 0.70711 0.70711
vn -0.27060 0.70711 0.65328
vn -0.50000 0.70711 0.50000
vn -0.65328 0.70711 0.27060
vn -0.70711 0.70711 0.00000
vn -0.65328 0.70711 -0.27060
vn -0.50000 0.70711 -0.50000
vn -0.27060 0.70711 -0.65328
vn -0.00000 0.70711 -0.70711
vn 0.27060 0.70711 -0.65328
vn 0.50000 0.70711 -0.50000
vn 0.65328 0.70711 -0.27060
vn 0.86603 0.50000 0.00000
vn 0.80010 0.50000 0.33141
vn 0.61237 0.50000 0.61237
vn 0.33141 0.50000 0.80010
vn 0.00000 0.50000 0.86603
vn -0.33141 0.50000 0.80010
vn -0.61237 0.50000 0.61237
vn -0.80010 0.50000 0.33141
vn -0.86603 0.50000 0.00000
vn -0.80010 0.50000 -0.33141
vn -0.61237 0.50000 -0.61237
vn -0.33141 0.50000 -0.80010
vn -0.00000 0.50000 -0.86603
vn 0.33141 0.50000 -0.80010
vn 0.61237 0.50000 -0.61237
vn 0.80010 0.50000 -0.33141
vn 0.96593 0.25882 0.00000
vn 0.89240 0.25882 0.36964
vn 0.68301 0.25882 0.68301
vn 0.36964 0.25882 0.89240
vn 0.00000 0.25882 0.96593
vn -0.36964 0.25882 0.89240
vn -0.68301 0.25882 0.68301
vn -0.89240 0.25882 0.36964
vn -0.96593 0.25882 0.00000
vn -0.89240 0.25882 -0.36964
vn -0.68301 0.25882 -0.68301
vn -0.36964 0.25882 -0.89240
vn -0.00000 0.25882 -0.96593
vn 0.36964 0.25882 -0.89240
vn 0.68301 0.25882 -0.68301
vn 0.89240 0.25882 -0.36964
vn 1.00000 0.00000 0.00000
vn 0.92388 0.00000 0.38268
vn 0.70711 0.00000 0.70711
vn 0.38268 0.00000 0.92388
vn 0.00000 0.00000 1.00000
vn -0.38268 0.00000 0.92388
vn -0.70711 0.00000 0.70711
vn -0.92388 0.00000 0.38268
vn -1.00000 0.00000 0.00000
vn -0.92388 0.00000 -0.38268
vn -0.70711 0.00000 -0.70711
vn -0.38268 0.00000 -0.92388
vn -0.00000 0.00000 -1.00000
vn 0.38268 0.00000 -0.92388
vn 0.70711 0.00000 -0.70711
vn 0.92388 0.00000 -0.38268
vn 0.96593 -0.25882 0.00000
vn 0.89240 -0.25882 0.36964
vn 0.68301 -0.25882 0.68301
vn 0.36964 -0.25882 0.89240
vn 0.00000 -0.25882 0.96593
vn -0.36964 -0.25882 0.89240
vn -0.68301 -0.25882 0.68301
vn -0.89240 -0.25882 0.36964
vn -0.96593 -0.25882 0.00000
vn -0.89240 -0.25882 -0.36964
vn -0.68301 -0.25882 -0.68301
vn -0.36964 -0.25882 -0.89240
vn -0.00000 -0.25882 -0.96593
vn 0.36964 -0.25882 -0.89240
vn 0.68301 -0.25882 -0.68301
vn 0.89240 -0.25882 -0.36964
vn 0.86603 -0.50000 0.00000
vn 0.80010 -0.50000 0.33141
vn 0.61237 -0.50000 0.61237
vn 0.33141 -0.50000 0.80010
vn 0.00000 -0.50000 0.86603
vn -0.33141 -0.50000 0.80010
vn -0.61237 -0.50000 0.61237
vn -0.80010 -0.50000 0.33141
vn -0.86603 -0.50000 0.00000
vn -0.80010 -0.50000 -0.33141
vn -0.61237 -0.50000 -0.61237
vn -0.33141 -0.50000 -0.80010
vn -0.00000 -0.50000 -0.86603
vn 0.33141 -0.50000 -0.80010
vn 0.61237 -0.50000 -0.61237
vn 0.80010 -0.50000 -0.33141
vn 0.70711 -0.70711 0.00000
vn 0.65328 -0.70711 0.27060
vn 0.50000 -0.70711 0.50000
vn 0.27060 -0.70711 0.65328
vn 0.00000 -0.70711 0.70711
vn -0.27060 -0.70711 0.65328
vn -0.50000 -0.70711 0.50000
vn -0.65328 -0.70711 0.27060
vn -0.70711 -0.70711 0.00000
vn -0.65328 -0.70711 -0.27060
vn -0.50000 -0.70711 -0.50000
vn -0.27060 -0.70711 -0.65328
vn -0.00000 -0.70711 -0.70711
vn 0.27060 -0.70711 -0.65328
vn 0.50000 -0.70711 -0.50000
vn 0.65328 -0.70711 -0.27060
vn 0.50000 -0.86603 0.00000
vn 0.46194 -0.86603 0.19134
vn 0.35355 -0.86603 0.35355
vn 0.19134 -0.86603 0.46194
vn 0.00000 -0.86603 0.50000
vn -0.19134 -0.86603 0.46194
vn -0.35355 -0.86603 0.35355
vn -0.46194 -0.86603 0.19134
vn -0.50000 -0.86603 0.00000
vn -0.46194 -0.86603 -0.19134
vn -0.35355 -0.86603 -0.35355
vn -0.19134 -0.86603 -0.46194
vn -0.00000 -0.86603 -0.50000
vn 0.19134 -0.86603 -0.46194
vn 0.35355 -0.86603 -0.35355
vn 0.46194 -0.86603 -0.19134
vn 0.25882 -0.96593 0.00000
vn 0.23912 -0.96593 0.09905
vn 0.18301 -0.96593 0.18301
vn 0.09905 -0.96593 0.23912
vn 0.00000 -0.96593 0.25882
vn -0.09905 -0.96593 0.23912
vn -0.18301 -0.96593 0.18301
vn -0.23912 -0.96593 0.09905
vn -0.25882 -0.96593 0.00000
vn -0.23912 -0.96593 -0.09905
vn -0.18301 -0.96593 -0.18301
vn -0.09905 -0.96593 -0.23912
vn -0.00000 -0.96593 -0.25882
vn 0.09905 -0.96593 -0.23912
vn 0.18301 -0.96593 -0.18301
vn 0.23912 -0.96593 -0.09905
vn 0.00000 -1.00000 0.00000
vn 0.00000 -1.00000 0.00000
vn 0.00000 -1.00000 0.00000
vn 0.00000 -1.00000 0.00000
vn 0.00000 -1.00000 0.00000
vn -0.00000 -1.00000 0.00000
vn -0.00000 -1.00000 0.00000
vn -0.00000 -1.00000 0.00000
vn -0.00000 -1.00000 0.00000
vn -0.00000 -1.00000 -0.00000
vn -0.00000 -1.00000 -0.00000
vn -0.00000 -1.00000 -0.00000
vn -0.00000 -1.00000 -0.00000
vn 0.00000 -1.00000 -0.00000
vn 0.00000 -1.00000 -0.00000
vn 0.00000 -1.00000 -0.00000
vn 0.00000 1.00000 0.00000
vn 0.00000 1.00000 0.00000
vn -0.00000 1.00000 0.00000
vn -0.00000 1.00000 0.00000
vn 0.00000 1.00000 -0.00000
vn 0.00000 1.00000 -0.00000
vn 0.00000 1.00000 0.00000
vn 0.58779 0.80902 0.00000
vn 0.36648 0.80902 0.45955
vn -0.13079 0.80902 0.57305
vn -0.52958 0.80902 0.25503
vn -0.52958 0.80902 -0.25503
vn -0.13079 0.80902 -0.57305
vn 0.36648 0.80902 -0.45955
vn 0.95106 0.30902 0.00000
vn 0.59297 0.30902 0.74357
vn -0.21163 0.30902 0.92721
vn -0.85687 0.30902 0.41265
vn -0.85687 0.30902 -0.41265
vn -0.21163 0.30902 -0.92721
vn 0.59297 0.30902 -0.74357
vn 0.95106 -0.30902 0.00000
vn 0.59297 -0.30902 0.74357
vn -0.21163 -0.30902 0.92721
vn -0.85687 -0.30902 0.41265
vn -0.85687 -0.30902 -0.41265
vn -0.21163 -0.30902 -0.92721
vn 0.59297 -0.30902 -0.74357
vn 0.58779 -0.80902 0.00000
vn 0.36648 -0.80902 0.45955
vn -0.13079 -0.80902 0.57305
vn -0.52958 -0.80902 0.25503
vn -0.52958 -0.80902 -0.25503
vn -0.13079 -0.80902 -0.57305
vn 0.36648 -0.80902 -0.45955
vn 0.00000 -1.00000 0.00000
vn 0.00000 -1.00000 0.00000
vn -0.00000 -1.00000 0.00000
vn -0.00000 -1.00000 0.00000
vn -0.00000 -1.00000 -0.00000
vn -0.00000 -1.00000 -0.00000
vn 0.00000 -1.00000 -0.00000
vn 0.00000 1.00000 0.00000
vn 0.00000 1.00000 0.00000
vn -0.00000 1.00000 0.00000
vn -0.00000 1.00000 0.00000
vn 0.00000 1.00000 -0.00000
vn 0.00000 1.00000 -0.00000
vn 0.00000 1.00000 0.00000
vn 0.58779 0.80902 0.00000
vn 0.36648 0.80902 0.45955
vn -0.13079 0.80902 0.57305
vn -0.52958 0.80902 0.25503
vn -0.52958 0.80902 -0.25503
vn -0.13079 0.80902 -0.57305
vn 0.36648 0.80902 -0.45955
vn 0.95106 0.30902 0.00000
vn 0.59297 0.30902 0.74357
vn -0.21163 0.30902 0.92721
vn -0.85687 0.30902 0.41265
vn -0.85687 0.30902 -0.41265
vn -0.21163 0.30902 -0.92721
vn 0.59297 0.30902 -0.74357
vn 0.95106 -0.30902 0.00000
vn 0.59297 -0.30902 0.74357
vn -0.21163 -0.30902 0.92721
vn -0.85687 -0.30902 0.41265
vn -0.85687 -0.30902 -0.41265
vn -0.21163 -0.30902 -0.92721
vn 0.59297 -0.30902 -0.74357
vn 0.58779 -0.80902 0.00000
vn 0.36648 -0.80902 0.45955
vn -0.13079 -0.80902 0.57305
vn -0.52958 -0.80902 0.25503
vn -0.52958 -0.80902 -0.25503
vn -0.13079 -0.80902 -0.57305
vn 0.36648 -0.80902 -0.45955
vn 0.00000 -1.00000 0.00000
vn 0.00000 -1.00000 0.00000
vn -0.00000 -1.00000 0.00000
vn -0.00000 -1.00000 0.00000
vn -0.00000 -1.00000 -0.00000
vn -0.00000 -1.00000 -0.00000
vn 0.00000 -1.00000 -0.00000
vn 0.00000 1.00000 0.00000
vn 0.00000 1.00000 0.00000
vn -0.00000 1.00000 0.00000
vn -0.00000 1.00000 0.00000
vn 0.00000 1.00000 -0.00000
vn 0.00000 1.00000 -0.00000
vn 0.00000 1.00000 0.00000
vn 0.58779 0.80902 0.00000
vn 0.36648 0.80902 0.45955
vn -0.13079 0.80902 0.57305
vn -0.52958 0.80902 0.25503
vn -0.52958 0.80902 -0.25503
vn -0.13079 0.80902 -0.57305
vn 0.36648 0.80902 -0.45955
vn 0.95106 0.30902 0.00000
vn 0.59297 0.30902 0.74357
vn -0.21163 0.30902 0.92721
vn -0.85687 0.30902 0.41265
vn -0.85687 0.30902 -0.41265
vn -0.21163 0.30902 -0.92721
vn 0.59297 0.30902 -0.74357
vn 0.95106 -0.30902 0.00000
vn 0.59297 -0.30902 0.74357
vn -0.21163 -0.30902 0.92721
vn -0.85687 -0.30902 0.41265
vn -0.85687 -0.30902 -0.41265
vn -0.21163 -0.30902 -0.92721
vn 0.59297 -0.30902 -0.74357
vn 0.58779 -0.80902 0.00000
vn 0.36648 -0.80902 0.45955
vn -0.13079 -0.80902 0.57305
vn -0.52958 -0.80902 0.25503
vn -0.52958 -0.80902 -0.25503
vn -0.13079 -0.80902 -0.57305
vn 0.36648 -0.80902 -0.45955
vn 0.00000 -1.00000 0.00000
vn 0.00000 -1.00000 0.00000
vn -0.00000 -1.00000 0.00000
vn -0.00000 -1.00000 0.00000
vn -0.00000 -1.00000 -0.00000
vn -0.00000 -1.00000 -0.00000
vn 0.00000 -1.00000 -0.00000
vn 0.00000 1.00000 0.00000
vn 0.00000 1.00000 0.00000
vn -0.00000 1.00000 0.00000
vn -0.00000 1.00000 0.00000
vn 0.00000 1.00000 -0.00000
vn 0.00000 1.00000 -0.00000
vn 0.00000 1.00000 0.00000
vn 0.58779 0.80902 0.00000
vn 0.36648 0.80902 0.45955
vn -0.13079 0.80902 0.57305
vn -0.52958 0.80902 0.25503
vn -0.52958 0.80902 -0.25503
vn -0.13079 0.80902 -0.57305
vn 0.36648 0.80902 -0.45955
vn 0.95106 0.30902 0.00000
vn 0.59297 0.30902 0.74357
vn -0.21163 0.30902 0.92721
vn -0.85687 0.30902 0.41265
vn -0.85687 0.30902 -0.41265
vn -0.21163 0.30902 -0.92721
vn 0.59297 0.30902 -0.74357
vn 0.95106 -0.30902 0.00000
vn 0.59297 -0.30902 0.74357
vn -0.21163 -0.30902 0.92721
vn -0.85687 -0.30902 0.41265
vn -0.85687 -0.30902 -0.41265
vn -0.21163 -0.30902 -0.92721
vn 0.59297 -0.30902 -0.74357
vn 0.58779 -0.80902 0.00000
vn 0.36648 -0.80902 0.45955
vn -0.13079 -0.80902 0.57305
vn -0.52958 -0.80902 0.25503
vn -0.52958 -0.80902 -0.25503
vn -0.13079 -0.80902 -0.57305
vn 0.36648 -0.80902 -0.45955
vn 0.00000 -1.00000 0.00000
vn 0.00000 -1.00000 0.00000
vn -0.00000 -1.00000 0.00000
vn -0.00000 -1.00000 0.00000
vn -0.00000 -1.00000 -0.00000
vn -0.00000 -1.00000 -0.00000
vn 0.00000 -1.00000 -0.00000
vn 0.00000 1.00000 0.00000
vn 0.00000 1.00000 0.00000
vn -0.00000 1.00000 0.00000
vn -0.00000 1.00000 0.00000
vn 0.00000 1.00000 -0.00000
vn 0.00000 1.00000 -0.00000
vn 0.00000 1.00000 0.00000
vn 0.58779 0.80902 0.00000
vn 0.36648 0.80902 0.45955
vn -0.13079 0.80902 0.57305
vn -0.52958 0.80902 0.25503
vn -0.52958 0.80902 -0.25503
vn -0.13079 0.80902 -0.57305
vn 0.36648 0.80902 -0.45955
vn 0.95106 0.30902 0.00000
vn 0.59297 0.30902 0.74357
vn -0.21163 0.30902 0.92721
vn -0.85687 0.30902 0.41265
vn -0.85687 0.30902 -0.41265
vn -0.21163 0.30902 -0.92721
vn 0.59297 0.30902 -0.74357
vn 0.95106 -0.30902 0.00000
vn 0.59297 -0.30902 0.74357
vn -0.21163 -0.30902 0.92721
vn -0.85687 -0.30902 0.41265
vn -0.85687 -0.30902 -0.41265
vn -0.21163 -0.30902 -0.92721
vn 0.59297 -0.30902 -0.74357
vn 0.58779 -0.80902 0.00000
vn 0.36648 -0.80902 0.45955
vn -0.13079 -0.80902 0.57305
vn -0.52958 -0.80902 0.25503
vn -0.52958 -0.80902 -0.25503
vn -0.13079 -0.80902 -0.57305
vn 0.36648 -0.80902 -0.45955
vn 0.00000 -1.00000 0.00000
vn 0.00000 -1.00000 0.00000
vn -0.00000 -1.00000 0.00000
vn -0.00000 -1.00000 0.00000
vn -0.00000 -1.00000 -0.00000
vn -0.00000 -1.00000 -0.00000
vn 0.00000 -1.00000 -0.00000
vn 0.00000 1.00000 0.00000
vn 0.00000 1.00000 0.00000
vn -0.00000 1.00000 0.00000
vn -0.00000 1.00000 0.00000
vn 0.00000 1.00000 -0.00000
vn 0.00000 1.00000 -0.00000
vn 0.00000 1.00000 0.00000
vn 0.58779 0.80902 0.00000
vn 0.36648 0.80902 0.45955
vn -0.13079 0.80902 0.57305
vn -0.52958 0.80902 0.25503
vn -0.52958 0.80902 -0.25503
vn -0.13079 0.80902 -0.57305
vn 0.36648 0.80902 -0.45955
vn 0.95106 0.30902 0.00000
vn 0.59297 0.30902 0.74357
vn -0.21163 0.30902 0.92721
vn -0.85687 0.30902 0.41265
vn -0.85687 0.30902 -0.41265
vn -0.21163 0.30902 -0.92721
vn 0.59297 0.30902 -0.74357
vn 0.95106 -0.30902 0.00000
vn 0.59297 -0.30902 0.74357
vn -0.21163 -0.30902 0.92721
vn -0.85687 -0.30902 0.41265
vn -0.85687 -0.30902 -0.41265
vn -0.21163 -0.30902 -0.92721
vn 0.59297 -0.30902 -0.74357
vn 0.58779 -0.80902 0.00000
vn 0.36648 -0.80902 0.45955
vn -0.13079 -0.80902 0.57305
vn -0.52958 -0.80902 0.25503
vn -0.52958 -0.80902 -0.25503
vn -0.13079 -0.80902 -0.57305
vn 0.36648 -0.80902 -0.45955
vn 0.00000 -1.00000 0.00000
vn 0.00000 -1.00000 0.00000
vn -0.00000 -1.00000 0.00000
vn -0.00000 -1.00000 0.00000
vn -0.00000 -1.00000 -0.00000
vn -0.00000 -1.00000 -0.00000
vn 0.00000 -1.00000 -0.00000
vn 0.00000 1.00000 0.00000
vn 0.00000 1.00000 0.00000
vn -0.00000 1.00000 0.00000
vn -0.00000 1.00000 0.00000
vn 0.00000 1.00000 -0.00000
vn 0.00000 1.00000 -0.00000
vn 0.00000 1.00000 0.00000
vn 0.58779 0.80902 0.00000
vn 0.36648 0.80902 0.45955
vn -0.13079 0.80902 0.57305
vn -0.52958 0.80902 0.25503
vn -0.52958 0.80902 -0.25503
vn -0.13079 0.80902 -0.57305
vn 0.36648 0.80902 -0.45955
vn 0.95106 0.30902 0.00000
vn 0.59297 0.30902 0.74357
vn -0.21163 0.30902 0.92721
vn -0.85687 0.30902 0.41265
vn -0.85687 0.30902 -0.41265
vn -0.21163 0.30902 -0.92721
vn 0.59297 0.30902 -0.74357
vn 0.95106 -0.30902 0.00000
vn 0.59297 -0.30902 0.74357
vn -0.21163 -0.30902 0.92721
vn -0.85687 -0.30902 0.41265
vn -0.85687 -0.30902 -0.41265
vn -0.21163 -0.30902 -0.92721
vn 0.59297 -0.30902 -0.74357
vn 0.58779 -0.80902 0.00000
vn 0.36648 -0.80902 0.45955
vn -0.13079 -0.80902 0.57305
vn -0.52958 -0.80902 0.25503
vn -0.52958 -0.80902 -0.25503
vn -0.13079 -0.80902 -0.57305
vn 0.36648 -0.80902 -0.45955
vn 0.00000 -1.00000 0.00000
vn 0.00000 -1.00000 0.00000
vn -0.00000 -1.00000 0.00000
vn -0.00000 -1.00000 0.00000
vn -0.00000 -1.00000 -0.00000
vn -0.00000 -1.00000 -0.00000
vn 0.00000 -1.00000 -0.00000
vn 0.00000 1.00000 0.00000
vn 0.00000 1.00000 0.00000
vn -0.00000 1.00000 0.00000
vn -0.00000 1.00000 0.00000
vn 0.00000 1.00000 -0.00000
vn 0.00000 1.00000 -0.00000
vn 0.00000 1.00000 0.00000
vn 0.58779 0.80902 0.00000
vn 0.36648 0.80902 0.45955
vn -0.13079 0.80902 0.57305
vn -0.52958 0.80902 0.25503
vn -0.52958 0.80902 -0.25503
vn -0.13079 0.80902 -0.57305
vn 0.36648 0.80902 -0.45955
vn 0.95106 0.30902 0.00000
vn 0.59297 0.30902 0.74357
vn -0.21163 0.30902 0.92721
vn -0.85687 0.30902 0.41265
vn -0.85687 0.30902 -0.41265
vn -0.21163 0.30902 -0.92721
vn 0.59297 0.30902 -0.74357
vn 0.95106 -0.30902 0.00000
vn 0.59297 -0.30902 0.74357
vn -0.21163 -0.30902 0.92721
vn -0.85687 -0.30902 0.41265
vn -0.85687 -0.30902 -0.41265
vn -0.21163 -0.30902 -0.92721
vn 0.59297 -0.30902 -0.74357
vn 0.58779 -0.80902 0.00000
vn 0.36648 -0.80902 0.45955
vn -0.13079 -0.80902 0.57305
vn -0.52958 -0.80902 0.25503
vn -0.52958 -0.80902 -0.25503
vn -0.13079 -0.80902 -0.57305
vn 0.36648 -0.80902 -0.45955
vn 0.00000 -1.00000 0.00000
vn 0.00000 -1.00000 0.00000
vn -0.00000 -1.00000 0.00000
vn -0.00000 -1.00000 0.00000
vn -0.00000 -1.00000 -0.00000
vn -0.00000 -1.00000 -0.00000
vn 0.00000 -1.00000 -0.00000
vn 0.00000 1.00000 0.00000
vn 0.00000 1.00000 0.00000
vn -0.00000 1.00000 0.00000
vn -0.00000 1.00000 0.00000
vn 0.00000 1.00000 -0.00000
vn 0.00000 1.00000 -0.00000
vn 0.00000 1.00000 0.00000
vn 0.58779 0.80902 0.00000
vn 0.36648 0.80902 0.45955
vn -0.13079 0.80902 0.57305
vn -0.52958 0.80902 0.25503
vn -0.52958 0.80902 -0.25503
vn -0.13079 0.80902 -0.57305
vn 0.36648 0.80902 -0.45955
vn 0.95106 0.30902 0.00000
vn 0.59297 0.30902 0.74357
vn -0.21163 0.30902 0.92721
vn -0.85687 0.30902 0.41265
vn -0.85687 0.30902 -0.41265
vn -0.21163 0.30902 -0.92721
vn 0.59297 0.30902 -0.74357
vn 0.95106 -0.30902 0.00000
vn 0.59297 -0.30902 0.74357
vn -0.21163 -0.30902 0.92721
vn -0.85687 -0.30902 0.41265
vn -0.85687 -0.30902 -0.41265
vn -0.21163 -0.30902 -0.92721
vn 0.59297 -0.30902 -0.74357
vn 0.58779 -0.80902 0.00000
vn 0.36648 -0.80902 0.45955
vn -0.13079 -0.80902 0.57305
vn -0.52958 -0.80902 0.25503
vn -0.52958 -0.80902 -0.25503
vn -0.13079 -0.80902 -0.57305
vn 0.36648 -0.80902 -0.45955
vn 0.00000 -1.00000 0.00000
vn 0.00000 -1.00000 0.00000
vn -0.00000 -1.00000 0.00000
vn -0.00000 -1.00000 0.00000
vn -0.00000 -1.00000 -0.00000
vn -0.00000 -1.00000 -0.00000
vn 0.00000 -1.00000 -0.00000
vn 0.00000 1.00000 0.00000
vn 0.00000 1.00000 0.00000
vn -0.00000 1.00000 0.00000
vn -0.00000 1.00000 0.00000
vn 0.00000 1.00000 -0.00000
vn 0.00000 1.00000 -0.00000
vn 0.00000 1.00000 0.00000
vn 0.58779 0.80902 0.00000
vn 0.36648 0.80902 0.45955
vn -0.13079 0.80902 0.57305
vn -0.52958 0.80902 0.25503
vn -0.52958 0.80902 -0.25503
vn -0.13079 0.80902 -0.57305
vn 0.36648 0.80902 -0.45955
vn 0.95106 0.30902 0.00000
vn 0.59297 0.30902 0.74357
vn -0.21163 0.30902 0.92721
vn -0.85687 0.30902 0.41265
vn -0.85687 0.30902 -0.41265
vn -0.21163 0.30902 -0.92721
vn 0.59297 0.30902 -0.74357
vn 0.95106 -0.30902 0.00000
vn 0.59297 -0.30902 0.74357
vn -0.21163 -0.30902 0.92721
vn -0.85687 -0.30902 0.41265
vn -0.85687 -0.30902 -0.41265
vn -0.21163 -0.30902 -0.92721
vn 0.59297 -0.30902 -0.74357
vn 0.58779 -0.80902 0.00000
vn 0.36648 -0.80902 0.45955
vn -0.13079 -0.80902 0.57305
vn -0.52958 -0.80902 0.25503
vn -0.52958 -0.80902 -0.25503
vn -0.13079 -0.80902 -0.57305
vn 0.36648 -0.80902 -0.45955
vn 0.00000 -1.00000 0.00000
vn 0.00000 -1.00000 0.00000
vn -0.00000 -1.00000 0.00000
vn -0.00000 -1.00000 0.00000
vn -0.00000 -1.00000 -0.00000
vn -0.00000 -1.00000 -0.00000
vn 0.00000 -1.00000 -0.00000
vn 0.00000 1.00000 0.00000
vn 0.00000 1.00000 0.00000
vn 0.00000 1.00000 0.00000
vn -0.00000 1.00000 0.00000
vn -0.00000 1.00000 0.00000
vn -0.00000 1.00000 0.00000
vn 0.00000 1.00000 -0.00000
vn 0.00000 1.00000 -0.00000
vn 0.00000 1.00000 0.00000
vn 0.00000 1.00000 0.00000
vn 0.50000 0.86603 0.00000
vn 0.40451 0.86603 0.29389
vn 0.15451 0.86603 0.47553
vn -0.15451 0.86603 0.47553
vn -0.40451 0.86603 0.29389
vn -0.50000 0.86603 0.00000
vn -0.40451 0.86603 -0.29389
vn -0.15451 0.86603 -0.47553
vn 0.15451 0.86603 -0.47553
vn 0.40451 0.86603 -0.29389
vn 0.86603 0.50000 0.00000
vn 0.70063 0.50000 0.50904
vn 0.26762 0.50000 0.82364
vn -0.26762 0.50000 0.82364
vn -0.70063 0.50000 0.50904
vn -0.86603 0.50000 0.00000
vn -0.70063 0.50000 -0.50904
vn -0.26762 0.50000 -0.82364
vn 0.26762 0.50000 -0.82364
vn 0.70063 0.50000 -0.50904
vn 1.00000 0.00000 0.00000
vn 0.80902 0.00000 0.58779
vn 0.30902 0.00000 0.95106
vn -0.30902 0.00000 0.95106
vn -0.80902 0.00000 0.58779
vn -1.00000 0.00000 0.00000
vn -0.80902 0.00000 -0.58779
vn -0.30902 0.00000 -0.95106
vn 0.30902 0.00000 -0.95106
vn 0.80902 0.00000 -0.58779
vn 0.86603 -0.50000 0.00000
vn 0.70063 -0.50000 0.50904
vn 0.26762 -0.50000 0.82364
vn -0.26762 -0.50000 0.82364
vn -0.70063 -0.50000 0.50904
vn -0.86603 -0.50000 0.00000
vn -0.70063 -0.50000 -0.50904
vn -0.26762 -0.50000 -0.82364
vn 0.26762 -0.50000 -0.82364
vn 0.70063 -0.50000 -0.50904
vn 0.50000 -0.86603 0.00000
vn 0.40451 -0.86603 0.29389
vn 0.15451 -0.86603 0.47553
vn -0.15451 -0.86603 0.47553
vn -0.40451 -0.86603 0.29389
vn -0.50000 -0.86603 0.00000
vn -0.40451 -0.86603 -0.29389
vn -0.15451 -0.86603 -0.47553
vn 0.15451 -0.86603 -0.47553
vn 0.40451 -0.86603 -0.29389
vn 0.00000 -1.00000 0.00000
vn 0.00000 -1.00000 0.00000
vn 0.00000 -1.00000 0.00000
vn -0.00000 -1.00000 0.00000
vn -0.00000 -1.00000 0.00000
vn -0.00000 -1.00000 0.00000
vn -0.00000 -1.00000 -0.00000
vn -0.00000 -1.00000 -0.00000
vn 0.00000 -1.00000 -0.00000
vn 0.00000 -1.00000 -0.00000
vn 0.00000 1.00000 0.00000
vn 0.00000 1.00000 0.00000
vn -0.00000 1.00000 0.00000
vn -0.00000 1.00000 0.00000
vn 0.00000 1.00000 -0.00000
vn 0.00000 1.00000 0.00000
vn 0.70711 0.70711 0.00000
vn 0.35355 0.70711 0.61237
vn -0.35355 0.70711 0.61237
vn -0.70711 0.70711 0.00000
vn -0.35355 0.70711 -0.61237
vn 0.35355 0.70711 -0.61237
vn 1.00000 0.00000 0.00000
vn 0.50000 0.00000 0.86603
vn -0.50000 0.00000 0.86603
vn -1.00000 0.00000 0.00000
vn -0.50000 0.00000 -0.86603
vn 0.50000 0.00000 -0.86603
vn 0.70711 -0.70711 0.00000
vn 0.35355 -0.70711 0.61237
vn -0.35355 -0.70711 0.61237
vn -0.70711 -0.70711 0.00000
vn -0.35355 -0.70711 -0.61237
vn 0.35355 -0.70711 -0.61237
vn 0.00000 -1.00000 0.00000
vn 0.00000 -1.00000 0.00000
vn -0.00000 -1.00000 0.00000
vn -0.00000 -1.00000 0.00000
vn -0.00000 -1.00000 -0.00000
vn 0.00000 -1.00000 -0.00000
vn 0.00000 1.00000 0.00000
vn 0.00000 1.00000 0.00000
vn -0.00000 1.00000 0.00000
vn -0.00000 1.00000 0.00000
vn 0.00000 1.00000 -0.00000
vn 0.00000 1.00000 0.00000
vn 0.70711 0.70711 0.00000
vn 0.35355 0.70711 0.61237
vn -0.35355 0.70711 0.61237
vn -0.70711 0.70711 0.00000
vn -0.35355 0.70711 -0.61237
vn 0.35355 0.70711 -0.61237
vn 1.00000 0.00000 0.00000
vn 0.50000 0.00000 0.86603
vn -0.50000 0.00000 0.86603
vn -1.00000 0.00000 0.00000
vn -0.50000 0.00000 -0.86603
vn 0.50000 0.00000 -0.86603
vn 0.70711 -0.70711 0.00000
vn 0.35355 -0.70711 0.61237
vn -0.35355 -0.70711 0.61237
vn -0.70711 -0.70711 0.00000
vn -0.35355 -0.70711 -0.61237
vn 0.35355 -0.70711 -0.61237
vn 0.00000 -1.00000 0.00000
vn 0.00000 -1.00000 0.00000
vn -0.00000 -1.00000 0.00000
vn -0.00000 -1.00000 0.00000
vn -0.00000 -1.00000 -0.00000
vn 0.00000 -1.00000 -0.00000
vn 0.00000 1.00000 0.00000
vn 0.00000 1.00000 0.00000
vn -0.00000 1.00000 0.00000
vn -0.00000 1.00000 0.00000
vn 0.00000 1.00000 -0.00000
vn 0.00000 1.00000 0.00000
vn 0.70711 0.70711 0.00000
vn 0.35355 0.70711 0.61237
vn -0.35355 0.70711 0.61237
vn -0.70711 0.70711 0.00000
vn -0.35355 0.70711 -0.61237
vn 0.35355 0.70711 -0.61237
vn 1.00000 0.00000 0.00000
vn 0.50000 0.00000 0.86603
vn -0.50000 0.00000 0.86603
vn -1.00000 0.00000 0.00000
vn -0.50000 0.00000 -0.86603
vn 0.50000 0.00000 -0.86603
vn 0.70711 -0.70711 0.00000
vn 0.35355 -0.70711 0.61237
vn -0.35355 -0.70711 0.61237
vn -0.70711 -0.70711 0.00000
vn -0.35355 -0.70711 -0.61237
vn 0.35355 -0.70711 -0.61237
vn 0.00000 -1.00000 0.00000
vn 0.00000 -1.00000 0.00000
vn -0.00000 -1.00000 0.00000
vn -0.00000 -1.00000 0.00000
vn -0.00000 -1.00000 -0.00000
vn 0.00000 -1.00000 -0.00000
vn 0.00000 1.00000 0.00000
vn 0.00000 1.00000 0.00000
vn 0.00000 1.00000 0.00000
vn -0.00000 1.00000 0.00000
vn -0.00000 1.00000 0.00000
vn 0.00000 1.00000 -0.00000
vn 0.00000 1.00000 -0.00000
vn 0.00000 1.00000 0.00000
vn 0.00000 1.00000 0.00000
vn 0.43388 0.90097 0.00000
vn 0.33237 0.90097 0.27890
vn 0.07534 0.90097 0.42729
vn -0.21694 0.90097 0.37575
vn -0.40772 0.90097 0.14840
vn -0.40772 0.90097 -0.14840
vn -0.21694 0.90097 -0.37575
vn 0.07534 0.90097 -0.42729
vn 0.33237 0.90097 -0.27890
vn 0.78183 0.62349 0.00000
vn 0.59892 0.62349 0.50255
vn 0.13576 0.62349 0.76995
vn -0.39092 0.62349 0.67709
vn -0.73468 0.62349 0.26740
vn -0.73468 0.62349 -0.26740
vn -0.39092 0.62349 -0.67709
vn 0.13576 0.62349 -0.76995
vn 0.59892 0.62349 -0.50255
vn 0.97493 0.22252 0.00000
vn 0.74684 0.22252 0.62667
vn 0.16929 0.22252 0.96012
vn -0.48746 0.22252 0.84431
vn -0.91613 0.22252 0.33344
vn -0.91613 0.22252 -0.33344
vn -0.48746 0.22252 -0.84431
vn 0.16929 0.22252 -0.96012
vn 0.74684 0.22252 -0.62667
vn 0.97493 -0.22252 0.00000
vn 0.74684 -0.22252 0.62667
vn 0.16929 -0.22252 0.96012
vn -0.48746 -0.22252 0.84431
vn -0.91613 -0.22252 0.33344
vn -0.91613 -0.22252 -0.33344
vn -0.48746 -0.22252 -0.84431
vn 0.16929 -0.22252 -0.96012
vn 0.74684 -0.22252 -0.62667
vn 0.78183 -0.62349 0.00000
vn 0.59892 -0.62349 0.50255
vn 0.13576 -0.62349 0.76995
vn -0.39092 -0.62349 0.67709
vn -0.73468 -0.62349 0.26740
vn -0.73468 -0.62349 -0.26740
vn -0.39092 -0.62349 -0.67709
vn 0.13576 -0.62349 -0.76995
vn 0.59892 -0.62349 -0.50255
vn 0.43388 -0.90097 0.00000
vn 0.33237 -0.90097 0.27890
vn 0.07534 -0.90097 0.42729
vn -0.21694 -0.90097 0.37575
vn -0.40772 -0.90097 0.14840
vn -0.40772 -0.90097 -0.14840
vn -0.21694 -0.90097 -0.37575
vn 0.07534 -0.90097 -0.42729
vn 0.33237 -0.90097 -0.27890
vn 0.00000 -1.00000 0.00000
vn 0.00000 -1.00000 0.00000
vn 0.00000 -1.00000 0.00000
vn -0.00000 -1.00000 0.00000
vn -0.00000 -1.00000 0.00000
vn -0.00000 -1.00000 -0.00000
vn -0.00000 -1.00000 -0.00000
vn 0.00000 -1.00000 -0.00000
vn 0.00000 -1.00000 -0.00000
vn 0.06101 0.98312 -0.17246
vn 0.06101 0.98312 -0.17246
vn 0.06101 0.98312 -0.17246
vn 0.06101 0.98312 -0.17246
vn 0.06101 0.98312 -0.17246
vn 0.06101 0.98312 -0.17246
vn 0.06101 0.98312 -0.17246
vn 0.06101 0.98312 -0.17246
vn 0.05283 0.76502 -0.64184
vn 0.40573 0.76908 -0.49386
vn 0.55190 0.82137 -0.14408
vn 0.40573 0.89125 0.20261
vn 0.05283 0.93780 0.34313
vn -0.30006 0.93374 0.19515
vn -0.44623 0.88146 -0.15463
vn -0.30006 0.81157 -0.50132
vn 0.03050 0.34193 -0.93923
vn 0.64173 0.34896 -0.68294
vn 0.89492 0.43952 -0.07710
vn 0.64173 0.56057 0.52339
vn 0.03050 0.64119 0.76677
vn -0.58073 0.63417 0.51048
vn -0.83391 0.54360 -0.09536
vn -0.58073 0.42255 -0.69585
vn 0.00000 -0.17278 -0.98496
vn 0.70579 -0.16467 -0.68902
vn 0.99814 -0.06009 0.01054
vn 0.70579 0.07969 0.70393
vn 0.00000 0.17278 0.98496
vn -0.70579 0.16467 0.68902
vn -0.99814 0.06009 -0.01054
vn -0.70579 -0.07969 -0.70393
vn 0.00000 -0.17278 -0.98496
vn 0.70579 -0.16467 -0.68902
vn 0.99814 -0.06009 0.01054
vn 0.70579 0.07969 0.70393
vn 0.00000 0.17278 0.98496
vn -0.70579 0.16467 0.68902
vn -0.99814 0.06009 -0.01054
vn -0.70579 -0.07969 -0.70393
vn 0.00000 -0.17278 -0.98496
vn 0.70579 -0.16467 -0.68902
vn 0.99814 -0.06009 0.01054
vn 0.70579 0.07969 0.70393
vn 0.00000 0.17278 0.98496
vn -0.70579 0.16467 0.68902
vn -0.99814 0.06009 -0.01054
vn -0.70579 -0.07969 -0.70393
vn 0.00000 -0.17278 -0.98496
vn 0.70579 -0.16467 -0.68902
vn 0.99814 -0.06009 0.01054
vn 0.70579 0.07969 0.70393
vn 0.00000 0.17278 0.98496
vn -0.70579 0.16467 0.68902
vn -0.99814 0.06009 -0.01054
vn -0.70579 -0.07969 -0.70393
vn 0.00000 -0.17278 -0.98496
vn 0.70579 -0.16467 -0.68902
vn 0.99814 -0.06009 0.01054
vn 0.70579 0.07969 0.70393
vn 0.00000 0.17278 0.98496
vn -0.70579 0.16467 0.68902
vn -0.99814 0.06009 -0.01054
vn -0.70579 -0.07969 -0.70393
vn 0.00000 -0.17278 -0.98496
vn 0.70579 -0.16467 -0.68902
vn 0.99814 -0.06009 0.01054
vn 0.70579 0.07969 0.70393
vn 0.00000 0.17278 0.98496
vn -0.70579 0.16467 0.68902
vn -0.99814 0.06009 -0.01054
vn -0.70579 -0.07969 -0.70393
vn -0.03050 -0.64119 -0.76677
vn 0.58073 -0.63417 -0.51048
vn 0.83391 -0.54360 0.09536
vn 0.58073 -0.42255 0.69585
vn -0.03050 -0.34193 0.93923
vn -0.64173 -0.34896 0.68294
vn -0.89492 -0.43952 0.07710
vn -0.64173 -0.56057 -0.52339
vn -0.05283 -0.93780 -0.34313
vn 0.30006 -0.93374 -0.19515
vn 0.44623 -0.88146 0.15463
vn 0.30006 -0.81157 0.50132
vn -0.05283 -0.76502 0.64184
vn -0.40573 -0.76908 0.49386
vn -0.55190 -0.82137 0.14408
vn -0.40573 -0.89125 -0.20261
vn -0.06101 -0.98312 0.17246
vn -0.06101 -0.98312 0.17246
vn -0.06101 -0.98312 0.17246
vn -0.06101 -0.98312 0.17246
vn -0.06101 -0.98312 0.17246
vn -0.06101 -0.98312 0.17246
vn -0.06101 -0.98312 0.17246
vn -0.06101 -0.98312 0.17246
vn 0.04012 0.93243 -0.35910
vn 0.04012 0.93243 -0.35910
vn 0.04012 0.93243 -0.35910
vn 0.04012 0.93243 -0.35910
vn 0.04012 0.93243 -0.35910
vn 0.04012 0.93243 -0.35910
vn 0.04012 0.93243 -0.35910
vn 0.04012 0.93243 -0.35910
vn 0.03474 0.62782 -0.77759
vn 0.38801 0.66721 -0.63583
vn 0.53434 0.78879 -0.30378
vn 0.38801 0.92134 0.02404
vn 0.03474 0.98721 0.15560
vn -0.31853 0.94781 0.01384
vn -0.46486 0.82623 -0.31820
vn -0.31853 0.69368 -0.64602
vn 0.02006 0.15497 -0.98771
vn 0.63194 0.22321 -0.74218
vn 0.88538 0.43380 -0.16707
vn 0.63194 0.66337 0.40074
vn 0.02006 0.77746 0.62861
vn -0.59182 0.70922 0.38308
vn -0.84527 0.49864 -0.19204
vn -0.59182 0.26906 -0.75984
vn 0.00000 -0.35939 -0.93319
vn 0.70654 -0.28060 -0.64967
vn 0.99919 -0.03744 0.01442
vn 0.70654 0.22766 0.67006
vn 0.00000 0.35939 0.93319
vn -0.70654 0.28060 0.64967
vn -0.99919 0.03744 -0.01442
vn -0.70654 -0.22766 -0.67006
vn 0.00000 -0.35939 -0.93319
vn 0.70654 -0.28060 -0.64967
vn 0.99919 -0.03744 0.01442
vn 0.70654 0.22766 0.67006
vn 0.00000 0.35939 0.93319
vn -0.70654 0.28060 0.64967
vn -0.99919 0.03744 -0.01442
vn -0.70654 -0.22766 -0.67006
vn 0.00000 -0.35939 -0.93319
vn 0.70654 -0.28060 -0.64967
vn 0.99919 -0.03744 0.01442
vn 0.70654 0.22766 0.67006
vn 0.00000 0.35939 0.93319
vn -0.70654 0.28060 0.64967
vn -0.99919 0.03744 -0.01442
vn -0.70654 -0.22766 -0.67006
vn 0.00000 -0.35939 -0.93319
vn 0.70654 -0.28060 -0.64967
vn 0.99919 -0.03744 0.01442
vn 0.70654 0.22766 0.67006
vn 0.00000 0.35939 0.93319
vn -0.70654 0.28060 0.64967
vn -0.99919 0.03744 -0.01442
vn -0.70654 -0.22766 -0.67006
vn 0.00000 -0.35939 -0.93319
vn 0.70654 -0.28060 -0.64967
vn 0.99919 -0.03744 0.01442
vn 0.70654 0.22766 0.67006
vn 0.00000 0.35939 0.93319
vn -0.70654 0.28060 0.64967
vn -0.99919 0.03744 -0.01442
vn -0.70654 -0.22766 -0.67006
vn 0.00000 -0.35939 -0.93319
vn 0.70654 -0.28060 -0.64967
vn 0.99919 -0.03744 0.01442
vn 0.70654 0.22766 0.67006
vn 0.00000 0.35939 0.93319
vn -0.70654 0.28060 0.64967
vn -0.99919 0.03744 -0.01442
vn -0.70654 -0.22766 -0.67006
vn 0.00000 -0.35939 -0.93319
vn 0.70654 -0.28060 -0.64967
vn 0.99919 -0.03744 0.01442
vn 0.70654 0.22766 0.67006
vn 0.00000 0.35939 0.93319
vn -0.70654 0.28060 0.64967
vn -0.99919 0.03744 -0.01442
vn -0.70654 -0.22766 -0.67006
vn -0.02006 -0.77746 -0.62861
vn 0.59182 -0.70922 -0.38308
vn 0.84527 -0.49864 0.19204
vn 0.59182 -0.26906 0.75984
vn -0.02006 -0.15497 0.98771
vn -0.63194 -0.22321 0.74218
vn -0.88538 -0.43380 0.16707
vn -0.63194 -0.66337 -0.40074
vn -0.03474 -0.98721 -0.15560
vn 0.31853 -0.94781 -0.01384
vn 0.46486 -0.82623 0.31820
vn 0.31853 -0.69368 0.64602
vn -0.03474 -0.62782 0.77759
vn -0.38801 -0.66721 0.63583
vn -0.53434 -0.78879 0.30378
vn -0.38801 -0.92134 -0.02404
vn -0.04012 -0.93243 0.35910
vn -0.04012 -0.93243 0.35910
vn -0.04012 -0.93243 0.35910
vn -0.04012 -0.93243 0.35910
vn -0.04012 -0.93243 0.35910
vn -0.04012 -0.93243 0.35910
vn -0.04012 -0.93243 0.35910
vn -0.04012 -0.93243 0.35910
vn 0.00000 1.00000 0.00000
vn 0.00000 1.00000 0.00000
vn 0.00000 1.00000 0.00000
vn -0.00000 1.00000 0.00000
vn -0.00000 1.00000 0.00000
vn -0.00000 1.00000 0.00000
vn 0.00000 1.00000 -0.00000
vn 0.00000 1.00000 -0.00000
vn 0.00000 1.00000 0.00000
vn 0.00000 1.00000 0.00000
vn 0.43388 0.90097 0.00000
vn 0.35102 0.90097 0.25503
vn 0.13408 0.90097 0.41265
vn -0.13408 0.90097 0.41265
vn -0.35102 0.90097 0.25503
vn -0.43388 0.90097 0.00000
vn -0.35102 0.90097 -0.25503
vn -0.13408 0.90097 -0.41265
vn 0.13408 0.90097 -0.41265
vn 0.35102 0.90097 -0.25503
vn 0.78183 0.62349 0.00000
vn 0.63251 0.62349 0.45955
vn 0.24160 0.62349 0.74357
vn -0.24160 0.62349 0.74357
vn -0.63251 0.62349 0.45955
vn -0.78183 0.62349 0.00000
vn -0.63251 0.62349 -0.45955
vn -0.24160 0.62349 -0.74357
vn 0.24160 0.62349 -0.74357
vn 0.63251 0.62349 -0.45955
vn 0.97493 0.22252 0.00000
vn 0.78873 0.22252 0.57305
vn 0.30127 0.22252 0.92721
vn -0.30127 0.22252 0.92721
vn -0.78873 0.22252 0.57305
vn -0.97493 0.22252 0.00000
vn -0.78873 0.22252 -0.57305
vn -0.30127 0.22252 -0.92721
vn 0.30127 0.22252 -0.92721
vn 0.78873 0.22252 -0.57305
vn 0.97493 -0.22252 0.00000
vn 0.78873 -0.22252 0.57305
vn 0.30127 -0.22252 0.92721
vn -0.30127 -0.22252 0.92721
vn -0.78873 -0.22252 0.57305
vn -0.97493 -0.22252 0.00000
vn -0.78873 -0.22252 -0.57305
vn -0.30127 -0.22252 -0.92721
vn 0.30127 -0.22252 -0.92721
vn 0.78873 -0.22252 -0.57305
vn 0.78183 -0.62349 0.00000
vn 0.63251 -0.62349 0.45955
vn 0.24160 -0.62349 0.74357
vn -0.24160 -0.62349 0.74357
vn -0.63251 -0.62349 0.45955
vn -0.78183 -0.62349 0.00000
vn -0.63251 -0.62349 -0.45955
vn -0.24160 -0.62349 -0.74357
vn 0.24160 -0.62349 -0.74357
vn 0.63251 -0.62349 -0.45955
vn 0.43388 -0.90097 0.00000
vn 0.35102 -0.90097 0.25503
vn 0.13408 -0.90097 0.41265
vn -0.13408 -0.90097 0.41265
vn -0.35102 -0.90097 0.25503
vn -0.43388 -0.90097 0.00000
vn -0.35102 -0.90097 -0.25503
vn -0.13408 -0.90097 -0.41265
vn 0.13408 -0.90097 -0.41265
vn 0.35102 -0.90097 -0.25503
vn 0.00000 -1.00000 0.00000
vn 0.00000 -1.00000 0.00000
vn 0.00000 -1.00000 0.00000
vn -0.00000 -1.00000 0.00000
vn -0.00000 -1.00000 0.00000
vn -0.00000 -1.00000 0.00000
vn -0.00000 -1.00000 -0.00000
vn -0.00000 -1.00000 -0.00000
vn 0.00000 -1.00000 -0.00000
vn 0.00000 -1.00000 -0.00000
vn 0.00000 1.00000 0.00000
vn 0.00000 1.00000 0.00000
vn 0.00000 1.00000 0.00000
vn -0.00000 1.00000 0.00000
vn -0.00000 1.00000 0.00000
vn 0.00000 1.00000 -0.00000
vn 0.00000 1.00000 -0.00000
vn 0.00000 1.00000 0.00000
vn 0.58779 0.80902 0.00000
vn 0.41563 0.80902 0.41563
vn 0.00000 0.80902 0.58779
vn -0.41563 0.80902 0.41563
vn -0.58779 0.80902 0.00000
vn -0.41563 0.80902 -0.41563
vn -0.00000 0.80902 -0.58779
vn 0.41563 0.80902 -0.41563
vn 0.95106 0.30902 0.00000
vn 0.67250 0.30902 0.67250
vn 0.00000 0.30902 0.95106
vn -0.67250 0.30902 0.67250
vn -0.95106 0.30902 0.00000
vn -0.67250 0.30902 -0.67250
vn -0.00000 0.30902 -0.95106
vn 0.67250 0.30902 -0.67250
vn 0.95106 -0.30902 0.00000
vn 0.67250 -0.30902 0.67250
vn 0.00000 -0.30902 0.95106
vn -0.67250 -0.30902 0.67250
vn -0.95106 -0.30902 0.00000
vn -0.67250 -0.30902 -0.67250
vn -0.00000 -0.30902 -0.95106
vn 0.67250 -0.30902 -0.67250
vn 0.58779 -0.80902 0.00000
vn 0.41563 -0.80902 0.41563
vn 0.00000 -0.80902 0.58779
vn -0.41563 -0.80902 0.41563
vn -0.58779 -0.80902 0.00000
vn -0.41563 -0.80902 -0.41563
vn -0.00000 -0.80902 -0.58779
vn 0.41563 -0.80902 -0.41563
vn 0.00000 -1.00000 0.00000
vn 0.00000 -1.00000 0.00000
vn 0.00000 -1.00000 0.00000
vn -0.00000 -1.00000 0.00000
vn -0.00000 -1.00000 0.00000
vn -0.00000 -1.00000 -0.00000
vn -0.00000 -1.00000 -0.00000
vn 0.00000 -1.00000 -0.00000
vn 0.00000 0.30017 -0.95388
vn 0.00000 0.30017 -0.95388
vn -0.00000 0.30017 -0.95388
vn -0.00000 0.30017 -0.95388
vn -0.00000 0.30017 -0.95388
vn 0.00000 0.30017 -0.95388
vn 0.50001 0.25996 -0.82608
vn 0.25001 0.67300 -0.69611
vn -0.25001 0.67300 -0.69611
vn -0.50001 0.25996 -0.82608
vn -0.25001 -0.15309 -0.95606
vn 0.25001 -0.15309 -0.95606
vn 0.86603 0.15008 -0.47693
vn 0.43302 0.86549 -0.25181
vn -0.43302 0.86549 -0.25181
vn -0.86603 0.15008 -0.47693
vn -0.43302 -0.56532 -0.70207
vn 0.43302 -0.56532 -0.70207
vn 1.00000 0.00000 -0.00000
vn 0.50001 0.82608 0.25996
vn -0.50001 0.82608 0.25996
vn -1.00000 0.00000 -0.00000
vn -0.50001 -0.82608 -0.25996
vn 0.50001 -0.82608 -0.25996
vn 1.00000 0.00000 0.00000
vn 0.50001 0.82608 0.25996
vn -0.50001 0.82608 0.25996
vn -1.00000 0.00000 0.00000
vn -0.50001 -0.82608 -0.25996
vn 0.50001 -0.82608 -0.25996
vn 1.00000 0.00000 0.00000
vn 0.50001 0.82608 0.25996
vn -0.50001 0.82608 0.25996
vn -1.00000 0.00000 0.00000
vn -0.50001 -0.82608 -0.25996
vn 0.50001 -0.82608 -0.25996
vn 1.00000 0.00000 0.00000
vn 0.50001 0.82608 0.25996
vn -0.50001 0.82608 0.25996
vn -1.00000 0.00000 0.00000
vn -0.50001 -0.82608 -0.25996
vn 0.50001 -0.82608 -0.25996
vn 0.86603 -0.15008 0.47693
vn 0.43302 0.56532 0.70207
vn -0.43302 0.56532 0.70207
vn -0.86603 -0.15008 0.47693
vn -0.43302 -0.86549 0.25181
vn 0.43302 -0.86549 0.25181
vn 0.50001 -0.25996 0.82608
vn 0.25001 0.15309 0.95606
vn -0.25001 0.15309 0.95606
vn -0.50001 -0.25996 0.82608
vn -0.25001 -0.67300 0.69611
vn 0.25001 -0.67300 0.69611
vn 0.00000 -0.30017 0.95388
vn 0.00000 -0.30017 0.95388
vn -0.00000 -0.30017 0.95388
vn -0.00000 -0.30017 0.95388
vn -0.00000 -0.30017 0.95388
vn 0.00000 -0.30017 0.95388
vn 0.04681 0.40569 -0.91281
vn 0.04681 0.40569 -0.91281
vn 0.04681 0.40569 -0.91281
vn 0.04681 0.40569 -0.91281
vn 0.04681 0.40569 -0.91281
vn 0.04681 0.40569 -0.91281
vn 0.53990 0.35134 -0.76490
vn 0.28122 0.74712 -0.60227
vn -0.21814 0.74712 -0.62788
vn -0.45882 0.35134 -0.81612
vn -0.20014 -0.04444 -0.97876
vn 0.29922 -0.04444 -0.95315
vn 0.88830 0.20284 -0.41204
vn 0.44028 0.88835 -0.13036
vn -0.42464 0.88835 -0.17471
vn -0.84149 0.20284 -0.50075
vn -0.39347 -0.48266 -0.78245
vn 0.47145 -0.48266 -0.73809
vn 0.99869 0.00000 0.05121
vn 0.48136 0.79155 0.37648
vn -0.51735 0.79155 0.32527
vn -0.99869 0.00000 -0.05121
vn -0.48136 -0.79155 -0.37648
vn 0.51735 -0.79155 -0.32527
vn 0.99869 0.00000 0.05121
vn 0.48136 0.79155 0.37648
vn -0.51735 0.79155 0.32527
vn -0.99869 0.00000 -0.05121
vn -0.48136 -0.79155 -0.37648
vn 0.51735 -0.79155 -0.32527
vn 0.99869 0.00000 0.05121
vn 0.48136 0.79155 0.37648
vn -0.51735 0.79155 0.32527
vn -0.99869 0.00000 -0.05121
vn -0.48136 -0.79155 -0.37648
vn 0.51735 -0.79155 -0.32527
vn 0.99869 0.00000 0.05121
vn 0.48136 0.79155 0.37648
vn -0.51735 0.79155 0.32527
vn -0.99869 0.00000 -0.05121
vn -0.48136 -0.79155 -0.37648
vn 0.51735 -0.79155 -0.32527
vn 0.99869 0.00000 0.05121
vn 0.48136 0.79155 0.37648
vn -0.51735 0.79155 0.32527
vn -0.99869 0.00000 -0.05121
vn -0.48136 -0.79155 -0.37648
vn 0.51735 -0.79155 -0.32527
vn 0.84149 -0.20284 0.50075
vn 0.39347 0.48266 0.78245
vn -0.47145 0.48266 0.73809
vn -0.88830 -0.20284 0.41204
vn -0.44028 -0.88835 0.13036
vn 0.42464 -0.88835 0.17471
vn 0.45882 -0.35134 0.81612
vn 0.20014 0.04444 0.97876
vn -0.29922 0.04444 0.95315
vn -0.53990 -0.35134 0.76490
vn -0.28122 -0.74712 0.60227
vn 0.21814 -0.74712 0.62788
vn -0.04681 -0.40569 0.91281
vn -0.04681 -0.40569 0.91281
vn -0.04681 -0.40569 0.91281
vn -0.04681 -0.40569 0.91281
vn -0.04681 -0.40569 0.91281
vn -0.04681 -0.40569 0.91281
vn 0.00000 0.31676 -0.94851
vn 0.00000 0.31676 -0.94851
vn -0.00000 0.31676 -0.94851
vn -0.00000 0.31676 -0.94851
vn -0.00000 0.31676 -0.94851
vn 0.00000 0.31676 -0.94851
vn 0.50001 0.27432 -0.82142
vn 0.25001 0.68503 -0.68427
vn -0.25001 0.68503 -0.68427
vn -0.50001 0.27432 -0.82142
vn -0.25001 -0.13640 -0.95859
vn 0.25001 -0.13640 -0.95859
vn 0.86603 0.15837 -0.47424
vn 0.43302 0.86975 -0.23669
vn -0.43302 0.86975 -0.23669
vn -0.86603 0.15837 -0.47424
vn -0.43302 -0.55300 -0.71182
vn 0.43302 -0.55300 -0.71182
vn 1.00000 0.00000 -0.00000
vn 0.50001 0.82142 0.27432
vn -0.50001 0.82142 0.27432
vn -1.00000 0.00000 -0.00000
vn -0.50001 -0.82142 -0.27432
vn 0.50001 -0.82142 -0.27432
vn 1.00000 0.00000 0.00000
vn 0.50001 0.82142 0.27432
vn -0.50001 0.82142 0.27432
vn -1.00000 0.00000 0.00000
vn -0.50001 -0.82142 -0.27432
vn 0.50001 -0.82142 -0.27432
vn 1.00000 0.00000 0.00000
vn 0.50001 0.82142 0.27432
vn -0.50001 0.82142 0.27432
vn -1.00000 0.00000 0.00000
vn -0.50001 -0.82142 -0.27432
vn 0.50001 -0.82142 -0.27432
vn 1.00000 0.00000 0.00000
vn 0.50001 0.82142 0.27432
vn -0.50001 0.82142 0.27432
vn -1.00000 0.00000 0.00000
vn -0.50001 -0.82142 -0.27432
vn 0.50001 -0.82142 -0.27432
vn 0.86603 -0.15837 0.47424
vn 0.43302 0.55300 0.71182
vn -0.43302 0.55300 0.71182
vn -0.86603 -0.15837 0.47424
vn -0.43302 -0.86975 0.23669
vn 0.43302 -0.86975 0.23669
vn 0.50001 -0.27432 0.82142
vn 0.25001 0.13640 0.95859
vn -0.25001 0.13640 0.95859
vn -0.50001 -0.27432 0.82142
vn -0.25001 -0.68503 0.68427
vn 0.25001 -0.68503 0.68427
vn 0.00000 -0.31676 0.94851
vn 0.00000 -0.31676 0.94851
vn -0.00000 -0.31676 0.94851
vn -0.00000 -0.31676 0.94851
vn -0.00000 -0.31676 0.94851
vn 0.00000 -0.31676 0.94851
vn 0.04916 0.42607 -0.90335
vn 0.04916 0.42607 -0.90335
vn 0.04916 0.42607 -0.90335
vn 0.04916 0.42607 -0.90335
vn 0.04916 0.42607 -0.90335
vn 0.04916 0.42607 -0.90335
vn 0.54185 0.36898 -0.75515
vn 0.28219 0.76073 -0.58452
vn -0.21709 0.76073 -0.61169
vn -0.45670 0.36898 -0.80949
vn -0.19704 -0.02275 -0.98013
vn 0.30224 -0.02275 -0.95296
vn 0.88933 0.21303 -0.40460
vn 0.43960 0.89155 -0.10906
vn -0.42517 0.89155 -0.15613
vn -0.84017 0.21303 -0.49872
vn -0.39044 -0.46548 -0.79428
vn 0.47433 -0.46548 -0.74722
vn 0.99852 0.00000 0.05434
vn 0.47922 0.78348 0.39561
vn -0.51933 0.78348 0.34127
vn -0.99852 0.00000 -0.05434
vn -0.47922 -0.78348 -0.39561
vn 0.51933 -0.78348 -0.34127
vn 0.99852 0.00000 0.05434
vn 0.47922 0.78348 0.39561
vn -0.51933 0.78348 0.34127
vn -0.99852 0.00000 -0.05434
vn -0.47922 -0.78348 -0.39561
vn 0.51933 -0.78348 -0.34127
vn 0.99852 0.00000 0.05434
vn 0.47922 0.78348 0.39561
vn -0.51933 0.78348 0.34127
vn -0.99852 0.00000 -0.05434
vn -0.47922 -0.78348 -0.39561
vn 0.51933 -0.78348 -0.34127
vn 0.99852 0.00000 0.05434
vn 0.47922 0.78348 0.39561
vn -0.51933 0.78348 0.34127
vn -0.99852 0.00000 -0.05434
vn -0.47922 -0.78348 -0.39561
vn 0.51933 -0.78348 -0.34127
vn 0.84017 -0.21303 0.49872
vn 0.39044 0.46548 0.79428
vn -0.47433 0.46548 0.74722
vn -0.88933 -0.21303 0.40460
vn -0.43960 -0.89155 0.10906
vn 0.42517 -0.89155 0.15613
vn 0.45670 -0.36898 0.80949
vn 0.19704 0.02275 0.98013
vn -0.30224 0.02275 0.95296
vn -0.54185 -0.36898 0.75515
vn -0.28219 -0.76073 0.58452
vn 0.21709 -0.76073 0.61169
vn -0.04916 -0.42607 0.90335
vn -0.04916 -0.42607 0.90335
vn -0.04916 -0.42607 0.90335
vn -0.04916 -0.42607 0.90335
vn -0.04916 -0.42607 0.90335
vn -0.04916 -0.42607 0.90335
vn 0.00000 0.33516 -0.94216
vn 0.00000 0.33516 -0.94216
vn -0.00000 0.33516 -0.94216
vn -0.00000 0.33516 -0.94216
vn -0.00000 0.33516 -0.94216
vn 0.00000 0.33516 -0.94216
vn 0.50001 0.29025 -0.81593
vn 0.25001 0.69822 -0.67081
vn -0.25001 0.69822 -0.67081
vn -0.50001 0.29025 -0.81593
vn -0.25001 -0.11771 -0.96106
vn 0.25001 -0.11771 -0.96106
vn 0.86603 0.16757 -0.47107
vn 0.43303 0.87419 -0.21971
vn -0.43303 0.87419 -0.21971
vn -0.86603 0.16757 -0.47107
vn -0.43303 -0.53904 -0.72244
vn 0.43303 -0.53904 -0.72244
vn 1.00000 0.00000 -0.00000
vn 0.50001 0.81593 0.29025
vn -0.50001 0.81593 0.29025
vn -1.00000 0.00000 -0.00000
vn -0.50001 -0.81593 -0.29025
vn 0.50001 -0.81593 -0.29025
vn 1.00000 0.00000 0.00000
vn 0.50001 0.81593 0.29025
vn -0.50001 0.81593 0.29025
vn -1.00000 0.00000 0.00000
vn -0.50001 -0.81593 -0.29025
vn 0.50001 -0.81593 -0.29025
vn 1.00000 0.00000 0.00000
vn 0.50001 0.81593 0.29025
vn -0.50001 0.81593 0.29025
vn -1.00000 0.00000 0.00000
vn -0.50001 -0.81593 -0.29025
vn 0.50001 -0.81593 -0.29025
vn 1.00000 0.00000 0.00000
vn 0.50001 0.81593 0.29025
vn -0.50001 0.81593 0.29025
vn -1.00000 0.00000 0.00000
vn -0.50001 -0.81593 -0.29025
vn 0.50001 -0.81593 -0.29025
vn 0.86603 -0.16757 0.47107
vn 0.43303 0.53904 0.72244
vn -0.43303 0.53904 0.72244
vn -0.86603 -0.16757 0.47107
vn -0.43303 -0.87419 0.21971
vn 0.43303 -0.87419 0.21971
vn 0.50001 -0.29025 0.81593
vn 0.25001 0.11771 0.96106
vn -0.25001 0.11771 0.96106
vn -0.50001 -0.29025 0.81593
vn -0.25001 -0.69822 0.67081
vn 0.25001 -0.69822 0.67081
vn 0.00000 -0.33516 0.94216
vn 0.00000 -0.33516 0.94216
vn -0.00000 -0.33516 0.94216
vn -0.00000 -0.33516 0.94216
vn -0.00000 -0.33516 0.94216
vn 0.00000 -0.33516 0.94216
vn 0.05173 0.44834 -0.89236
vn 0.05173 0.44834 -0.89236
vn 0.05173 0.44834 -0.89236
vn 0.05173 0.44834 -0.89236
vn 0.05173 0.44834 -0.89236
vn 0.05173 0.44834 -0.89236
vn 0.54398 0.38827 -0.74386
vn 0.28316 0.77532 -0.56453
vn -0.21603 0.77532 -0.59347
vn -0.45438 0.38827 -0.80174
vn -0.19355 0.00122 -0.98109
vn 0.30563 0.00122 -0.95215
vn 0.89045 0.22416 -0.39605
vn 0.43871 0.89456 -0.08543
vn -0.42590 0.89456 -0.13555
vn -0.83872 0.22416 -0.49629
vn -0.38698 -0.44622 -0.80693
vn 0.47763 -0.44622 -0.75681
vn 0.99832 0.00000 0.05787
vn 0.47671 0.77410 0.41655
vn -0.52165 0.77410 0.35868
vn -0.99832 0.00000 -0.05787
vn -0.47671 -0.77410 -0.41655
vn 0.52165 -0.77410 -0.35868
vn 0.99832 0.00000 0.05787
vn 0.47671 0.77410 0.41655
vn -0.52165 0.77410 0.35868
vn -0.99832 0.00000 -0.05787
vn -0.47671 -0.77410 -0.41655
vn 0.52165 -0.77410 -0.35868
vn 0.99832 0.00000 0.05787
vn 0.47671 0.77410 0.41655
vn -0.52165 0.77410 0.35868
vn -0.99832 0.00000 -0.05787
vn -0.47671 -0.77410 -0.41655
vn 0.52165 -0.77410 -0.35868
vn 0.99832 0.00000 0.05787
vn 0.47671 0.77410 0.41655
vn -0.52165 0.77410 0.35868
vn -0.99832 0.00000 -0.05787
vn -0.47671 -0.77410 -0.41655
vn 0.52165 -0.77410 -0.35868
vn 0.83872 -0.22416 0.49629
vn 0.38698 0.44622 0.80693
vn -0.47763 0.44622 0.75681
vn -0.89045 -0.22416 0.39605
vn -0.43871 -0.89456 0.08543
vn 0.42590 -0.89456 0.13555
vn 0.45438 -0.38827 0.80174
vn 0.19355 -0.00122 0.98109
vn -0.30563 -0.00122 0.95215
vn -0.54398 -0.38827 0.74386
vn -0.28316 -0.77532 0.56453
vn 0.21603 -0.77532 0.59347
vn -0.05173 -0.44834 0.89236
vn -0.05173 -0.44834 0.89236
vn -0.05173 -0.44834 0.89236
vn -0.05173 -0.44834 0.89236
vn -0.05173 -0.44834 0.89236
vn -0.05173 -0.44834 0.89236
vn 0.00000 0.35567 -0.93461
vn 0.00000 0.35567 -0.93461
vn -0.00000 0.35567 -0.93461
vn -0.00000 0.35567 -0.93461
vn -0.00000 0.35567 -0.93461
vn 0.00000 0.35567 -0.93461
vn 0.50001 0.30801 -0.80939
vn 0.25001 0.71271 -0.65539
vn -0.25001 0.71271 -0.65539
vn -0.50001 0.30801 -0.80939
vn -0.25001 -0.09668 -0.96340
vn 0.25001 -0.09668 -0.96340
vn 0.86603 0.17783 -0.46729
vn 0.43303 0.87879 -0.20056
vn -0.43303 0.87879 -0.20056
vn -0.86603 0.17783 -0.46729
vn -0.43303 -0.52312 -0.73405
vn 0.43303 -0.52312 -0.73405
vn 1.00000 0.00000 -0.00000
vn 0.50001 0.80939 0.30801
vn -0.50001 0.80939 0.30801
vn -1.00000 0.00000 -0.00000
vn -0.50001 -0.80939 -0.30801
vn 0.50001 -0.80939 -0.30801
vn 1.00000 0.00000 0.00000
vn 0.50001 0.80939 0.30801
vn -0.50001 0.80939 0.30801
vn -1.00000 0.00000 0.00000
vn -0.50001 -0.80939 -0.30801
vn 0.50001 -0.80939 -0.30801
vn 1.00000 0.00000 0.00000
vn 0.50001 0.80939 0.30801
vn -0.50001 0.80939 0.30801
vn -1.00000 0.00000 0.00000
vn -0.50001 -0.80939 -0.30801
vn 0.50001 -0.80939 -0.30801
vn 1.00000 0.00000 0.00000
vn 0.50001 0.80939 0.30801
vn -0.50001 0.80939 0.30801
vn -1.00000 0.00000 0.00000
vn -0.50001 -0.80939 -0.30801
vn 0.50001 -0.80939 -0.30801
vn 0.86603 -0.17783 0.46729
vn 0.43303 0.52312 0.73405
vn -0.43303 0.52312 0.73405
vn -0.86603 -0.17783 0.46729
vn -0.43303 -0.87879 0.20056
vn 0.43303 -0.87879 0.20056
vn 0.50001 -0.30801 0.80939
vn 0.25001 0.09668 0.96340
vn -0.25001 0.09668 0.96340
vn -0.50001 -0.30801 0.80939
vn -0.25001 -0.71271 0.65539
vn 0.25001 -0.71271 0.65539
vn 0.00000 -0.35567 0.93461
vn 0.00000 -0.35567 0.93461
vn -0.00000 -0.35567 0.93461
vn -0.00000 -0.35567 0.93461
vn -0.00000 -0.35567 0.93461
vn 0.00000 -0.35567 0.93461
vn 0.05454 0.47272 -0.87952
vn 0.05454 0.47272 -0.87952
vn 0.05454 0.47272 -0.87952
vn 0.05454 0.47272 -0.87952
vn 0.05454 0.47272 -0.87952
vn 0.05454 0.47272 -0.87952
vn 0.54629 0.40938 -0.73073
vn 0.28410 0.79096 -0.54191
vn -0.21496 0.79096 -0.57286
vn -0.45182 0.40938 -0.79263
vn -0.18962 0.02781 -0.98146
vn 0.30944 0.02781 -0.95051
vn 0.89164 0.23635 -0.38614
vn 0.43753 0.89726 -0.05910
vn -0.42687 0.89726 -0.11271
vn -0.83710 0.23635 -0.49335
vn -0.38298 -0.42455 -0.82042
vn 0.48141 -0.42455 -0.76681
vn 0.99808 0.00000 0.06190
vn 0.47372 0.76314 0.43954
vn -0.52440 0.76314 0.37764
vn -0.99808 0.00000 -0.06190
vn -0.47372 -0.76314 -0.43954
vn 0.52440 -0.76314 -0.37764
vn 0.99808 0.00000 0.06190
vn 0.47372 0.76314 0.43954
vn -0.52440 0.76314 0.37764
vn -0.99808 0.00000 -0.06190
vn -0.47372 -0.76314 -0.43954
vn 0.52440 -0.76314 -0.37764
vn 0.99808 0.00000 0.06190
vn 0.47372 0.76314 0.43954
vn -0.52440 0.76314 0.37764
vn -0.99808 0.00000 -0.06190
vn -0.47372 -0.76314 -0.43954
vn 0.52440 -0.76314 -0.37764
vn 0.99808 0.00000 0.06190
vn 0.47372 0.76314 0.43954
vn -0.52440 0.76314 0.37764
vn -0.99808 0.00000 -0.06190
vn -0.47372 -0.76314 -0.43954
vn 0.52440 -0.76314 -0.37764
vn 0.83710 -0.23635 0.49335
vn 0.38298 0.42455 0.82042
vn -0.48141 0.42455 0.76681
vn -0.89164 -0.23635 0.38614
vn -0.43753 -0.89726 0.05910
vn 0.42687 -0.89726 0.11271
vn 0.45182 -0.40938 0.79263
vn 0.18962 -0.02781 0.98146
vn -0.30944 -0.02781 0.95051
vn -0.54629 -0.40938 0.73073
vn -0.28410 -0.79096 0.54191
vn 0.21496 -0.79096 0.57286
vn -0.05454 -0.47272 0.87952
vn -0.05454 -0.47272 0.87952
vn -0.05454 -0.47272 0.87952
vn -0.05454 -0.47272 0.87952
vn -0.05454 -0.47272 0.87952
vn -0.05454 -0.47272 0.87952
vn 0.33320 0.22214 -0.91631
vn 0.33320 0.22214 -0.91631
vn 0.33320 0.22214 -0.91631
vn 0.33320 0.22214 -0.91631
vn 0.33320 0.22214 -0.91631
vn 0.33320 0.22214 -0.91631
vn 0.75847 0.19237 -0.62267
vn 0.49065 0.61457 -0.61771
vn 0.02074 0.61457 -0.78859
vn -0.18134 0.19237 -0.96442
vn 0.08648 -0.22982 -0.96938
vn 0.55639 -0.22982 -0.79851
vn 0.98049 0.11107 -0.16219
vn 0.51662 0.84232 -0.15360
vn -0.29728 0.84232 -0.44957
vn -0.64729 0.11107 -0.75411
vn -0.18341 -0.62019 -0.76271
vn 0.63049 -0.62019 -0.46674
vn 0.93979 0.00000 0.34174
vn 0.40416 0.84438 0.35167
vn -0.53565 0.84438 0.00992
vn -0.93979 0.00000 -0.34174
vn -0.40416 -0.84438 -0.35167
vn 0.53565 -0.84438 -0.00992
vn 0.93979 0.00000 0.34174
vn 0.40416 0.84438 0.35167
vn -0.53565 0.84438 0.00992
vn -0.93979 0.00000 -0.34174
vn -0.40416 -0.84438 -0.35167
vn 0.53565 -0.84438 -0.00992
vn 0.93979 0.00000 0.34174
vn 0.40416 0.84438 0.35167
vn -0.53565 0.84438 0.00992
vn -0.93979 0.00000 -0.34174
vn -0.40416 -0.84438 -0.35167
vn 0.53565 -0.84438 -0.00992
vn 0.93979 0.00000 0.34174
vn 0.40416 0.84438 0.35167
vn -0.53565 0.84438 0.00992
vn -0.93979 0.00000 -0.34174
vn -0.40416 -0.84438 -0.35167
vn 0.53565 -0.84438 -0.00992
vn 0.93979 0.00000 0.34174
vn 0.40416 0.84438 0.35167
vn -0.53565 0.84438 0.00992
vn -0.93979 0.00000 -0.34174
vn -0.40416 -0.84438 -0.35167
vn 0.53565 -0.84438 -0.00992
vn 0.64729 -0.11107 0.75411
vn 0.18341 0.62019 0.76271
vn -0.63049 0.62019 0.46674
vn -0.98049 -0.11107 0.16219
vn -0.51662 -0.84232 0.15360
vn 0.29728 -0.84232 0.44957
vn 0.18134 -0.19237 0.96442
vn -0.08648 0.22982 0.96938
vn -0.55639 0.22982 0.79851
vn -0.75847 -0.19237 0.62267
vn -0.49065 -0.61457 0.61771
vn -0.02074 -0.61457 0.78859
vn -0.33320 -0.22214 0.91631
vn -0.33320 -0.22214 0.91631
vn -0.33320 -0.22214 0.91631
vn -0.33320 -0.22214 0.91631
vn -0.33320 -0.22214 0.91631
vn -0.33320 -0.22214 0.91631
vn 0.00000 1.00000 0.00000
vn 0.00000 1.00000 0.00000
vn 0.00000 1.00000 0.00000
vn -0.00000 1.00000 0.00000
vn -0.00000 1.00000 0.00000
vn 0.00000 1.00000 -0.00000
vn 0.00000 1.00000 -0.00000
vn 0.00000 1.00000 0.00000
vn 0.00000 1.00000 0.00000
vn 0.43388 0.90097 0.00000
vn 0.33237 0.90097 0.27890
vn 0.07534 0.90097 0.42729
vn -0.21694 0.90097 0.37575
vn -0.40772 0.90097 0.14840
vn -0.40772 0.90097 -0.14840
vn -0.21694 0.90097 -0.37575
vn 0.07534 0.90097 -0.42729
vn 0.33237 0.90097 -0.27890
vn 0.78183 0.62349 0.00000
vn 0.59892 0.62349 0.50255
vn 0.13576 0.62349 0.76995
vn -0.39092 0.62349 0.67709
vn -0.73468 0.62349 0.26740
vn -0.73468 0.62349 -0.26740
vn -0.39092 0.62349 -0.67709
vn 0.13576 0.62349 -0.76995
vn 0.59892 0.62349 -0.50255
vn 0.97493 0.22252 0.00000
vn 0.74684 0.22252 0.62667
vn 0.16929 0.22252 0.96012
vn -0.48746 0.22252 0.84431
vn -0.91613 0.22252 0.33344
vn -0.91613 0.22252 -0.33344
vn -0.48746 0.22252 -0.84431
vn 0.16929 0.22252 -0.96012
vn 0.74684 0.22252 -0.62667
vn 0.97493 -0.22252 0.00000
vn 0.74684 -0.22252 0.62667
vn 0.16929 -0.22252 0.96012
vn -0.48746 -0.22252 0.84431
vn -0.91613 -0.22252 0.33344
vn -0.91613 -0.22252 -0.33344
vn -0.48746 -0.22252 -0.84431
vn 0.16929 -0.22252 -0.96012
vn 0.74684 -0.22252 -0.62667
vn 0.78183 -0.62349 0.00000
vn 0.59892 -0.62349 0.50255
vn 0.13576 -0.62349 0.76995
vn -0.39092 -0.62349 0.67709
vn -0.73468 -0.62349 0.26740
vn -0.73468 -0.62349 -0.26740
vn -0.39092 -0.62349 -0.67709
vn 0.13576 -0.62349 -0.76995
vn 0.59892 -0.62349 -0.50255
vn 0.43388 -0.90097 0.00000
vn 0.33237 -0.90097 0.27890
vn 0.07534 -0.90097 0.42729
vn -0.21694 -0.90097 0.37575
vn -0.40772 -0.90097 0.14840
vn -0.40772 -0.90097 -0.14840
vn -0.21694 -0.90097 -0.37575
vn 0.07534 -0.90097 -0.42729
vn 0.33237 -0.90097 -0.27890
vn 0.00000 -1.00000 0.00000
vn 0.00000 -1.00000 0.00000
vn 0.00000 -1.00000 0.00000
vn -0.00000 -1.00000 0.00000
vn -0.00000 -1.00000 0.00000
vn -0.00000 -1.00000 -0.00000
vn -0.00000 -1.00000 -0.00000
vn 0.00000 -1.00000 -0.00000
vn 0.00000 -1.00000 -0.00000
vn -0.05413 0.99853 -0.00000
vn -0.05413 0.99853 -0.00000
vn -0.05413 0.99853 -0.00000
vn -0.05413 0.99853 0.00000
vn -0.05413 0.99853 0.00000
vn -0.05413 0.99853 0.00000
vn -0.05413 0.99853 0.00000
vn -0.05413 0.99853 -0.00000
vn -0.04688 0.86475 -0.50000
vn 0.30616 0.88389 -0.35355
vn 0.45239 0.89182 -0.00000
vn 0.30616 0.88389 0.35355
vn -0.04688 0.86475 0.50000
vn -0.39991 0.84562 0.35355
vn -0.54614 0.83769 0.00000
vn -0.39991 0.84562 -0.35355
vn -0.02707 0.49927 -0.86603
vn 0.58441 0.53241 -0.61237
vn 0.83769 0.54614 -0.00000
vn 0.58441 0.53241 0.61237
vn -0.02707 0.49927 0.86603
vn -0.63854 0.46612 0.61237
vn -0.89182 0.45239 0.00000
vn -0.63854 0.46612 -0.61237
vn -0.00000 0.00000 -1.00000
vn 0.70607 0.03828 -0.70711
vn 0.99853 0.05413 -0.00000
vn 0.70607 0.03828 0.70711
vn 0.00000 0.00000 1.00000
vn -0.70607 -0.03828 0.70711
vn -0.99853 -0.05413 0.00000
vn -0.70607 -0.03828 -0.70711
vn 0.00000 0.00000 -1.00000
vn 0.70607 0.03828 -0.70711
vn 0.99853 0.05413 -0.00000
vn 0.70607 0.03828 0.70711
vn 0.00000 0.00000 1.00000
vn -0.70607 -0.03828 0.70711
vn -0.99853 -0.05413 0.00000
vn -0.70607 -0.03828 -0.70711
vn 0.00000 0.00000 -1.00000
vn 0.70607 0.03828 -0.70711
vn 0.99853 0.05413 -0.00000
vn 0.70607 0.03828 0.70711
vn 0.00000 0.00000 1.00000
vn -0.70607 -0.03828 0.70711
vn -0.99853 -0.05413 0.00000
vn -0.70607 -0.03828 -0.70711
vn 0.00000 0.00000 -1.00000
vn 0.70607 0.03828 -0.70711
vn 0.99853 0.05413 -0.00000
vn 0.70607 0.03828 0.70711
vn 0.00000 0.00000 1.00000
vn -0.70607 -0.03828 0.70711
vn -0.99853 -0.05413 0.00000
vn -0.70607 -0.03828 -0.70711
vn 0.00000 0.00000 -1.00000
vn 0.70607 0.03828 -0.70711
vn 0.99853 0.05413 -0.00000
vn 0.70607 0.03828 0.70711
vn 0.00000 0.00000 1.00000
vn -0.70607 -0.03828 0.70711
vn -0.99853 -0.05413 0.00000
vn -0.70607 -0.03828 -0.70711
vn 0.00000 0.00000 -1.00000
vn 0.70607 0.03828 -0.70711
vn 0.99853 0.05413 -0.00000
vn 0.70607 0.03828 0.70711
vn 0.00000 0.00000 1.00000
vn -0.70607 -0.03828 0.70711
vn -0.99853 -0.05413 0.00000
vn -0.70607 -0.03828 -0.70711
vn 0.00000 0.00000 -1.00000
vn 0.70607 0.03828 -0.70711
vn 0.99853 0.05413 -0.00000
vn 0.70607 0.03828 0.70711
vn 0.00000 0.00000 1.00000
vn -0.70607 -0.03828 0.70711
vn -0.99853 -0.05413 0.00000
vn -0.70607 -0.03828 -0.70711
vn 0.02707 -0.49927 -0.86603
vn 0.63854 -0.46612 -0.61237
vn 0.89182 -0.45239 -0.00000
vn 0.63854 -0.46612 0.61237
vn 0.02707 -0.49927 0.86603
vn -0.58441 -0.53241 0.61237
vn -0.83769 -0.54614 0.00000
vn -0.58441 -0.53241 -0.61237
vn 0.04688 -0.86475 -0.50000
vn 0.39991 -0.84562 -0.35355
vn 0.54614 -0.83769 -0.00000
vn 0.39991 -0.84562 0.35355
vn 0.04688 -0.86475 0.50000
vn -0.30616 -0.88389 0.35355
vn -0.45239 -0.89182 0.00000
vn -0.30616 -0.88389 -0.35355
vn 0.05413 -0.99853 -0.00000
vn 0.05413 -0.99853 -0.00000
vn 0.05413 -0.99853 -0.00000
vn 0.05413 -0.99853 0.00000
vn 0.05413 -0.99853 0.00000
vn 0.05413 -0.99853 0.00000
vn 0.05413 -0.99853 0.00000
vn 0.05413 -0.99853 -0.00000
vn -0.03521 0.98258 -0.18247
vn -0.03521 0.98258 -0.18247
vn -0.03521 0.98258 -0.18247
vn -0.03521 0.98258 -0.18247
vn -0.03521 0.98258 -0.18247
vn -0.03521 0.98258 -0.18247
vn -0.03521 0.98258 -0.18247
vn -0.03521 0.98258 -0.18247
vn -0.03049 0.75965 -0.64962
vn 0.32284 0.79863 -0.50790
vn 0.46920 0.86825 -0.16123
vn 0.32284 0.92773 0.18732
vn -0.03049 0.94223 0.33358
vn -0.38382 0.90325 0.19186
vn -0.53018 0.83363 -0.15481
vn -0.38382 0.77415 -0.50336
vn -0.01760 0.33317 -0.94270
vn 0.59439 0.40068 -0.69725
vn 0.84788 0.52127 -0.09680
vn 0.59439 0.62429 0.50691
vn -0.01760 0.64941 0.76024
vn -0.62959 0.58190 0.51478
vn -0.88309 0.46131 -0.08567
vn -0.62959 0.35828 -0.68938
vn -0.00000 -0.18258 -0.98319
vn 0.70667 -0.10463 -0.69977
vn 0.99938 0.03462 -0.00643
vn 0.70667 0.15358 0.69068
vn 0.00000 0.18258 0.98319
vn -0.70667 0.10463 0.69977
vn -0.99938 -0.03462 0.00643
vn -0.70667 -0.15358 -0.69068
vn 0.00000 -0.18258 -0.98319
vn 0.70667 -0.10463 -0.69977
vn 0.99938 0.03462 -0.00643
vn 0.70667 0.15358 0.69068
vn 0.00000 0.18258 0.98319
vn -0.70667 0.10463 0.69977
vn -0.99938 -0.03462 0.00643
vn -0.70667 -0.15358 -0.69068
vn 0.00000 -0.18258 -0.98319
vn 0.70667 -0.10463 -0.69977
vn 0.99938 0.03462 -0.00643
vn 0.70667 0.15358 0.69068
vn 0.00000 0.18258 0.98319
vn -0.70667 0.10463 0.69977
vn -0.99938 -0.03462 0.00643
vn -0.70667 -0.15358 -0.69068
vn 0.00000 -0.18258 -0.98319
vn 0.70667 -0.10463 -0.69977
vn 0.99938 0.03462 -0.00643
vn 0.70667 0.15358 0.69068
vn 0.00000 0.18258 0.98319
vn -0.70667 0.10463 0.69977
vn -0.99938 -0.03462 0.00643
vn -0.70667 -0.15358 -0.69068
vn 0.00000 -0.18258 -0.98319
vn 0.70667 -0.10463 -0.69977
vn 0.99938 0.03462 -0.00643
vn 0.70667 0.15358 0.69068
vn 0.00000 0.18258 0.98319
vn -0.70667 0.10463 0.69977
vn -0.99938 -0.03462 0.00643
vn -0.70667 -0.15358 -0.69068
vn 0.00000 -0.18258 -0.98319
vn 0.70667 -0.10463 -0.69977
vn 0.99938 0.03462 -0.00643
vn 0.70667 0.15358 0.69068
vn 0.00000 0.18258 0.98319
vn -0.70667 0.10463 0.69977
vn -0.99938 -0.03462 0.00643
vn -0.70667 -0.15358 -0.69068
vn 0.00000 -0.18258 -0.98319
vn 0.70667 -0.10463 -0.69977
vn 0.99938 0.03462 -0.00643
vn 0.70667 0.15358 0.69068
vn 0.00000 0.18258 0.98319
vn -0.70667 0.10463 0.69977
vn -0.99938 -0.03462 0.00643
vn -0.70667 -0.15358 -0.69068
vn 0.00000 -0.18258 -0.98319
vn 0.70667 -0.10463 -0.69977
vn 0.99938 0.03462 -0.00643
vn 0.70667 0.15358 0.69068
vn 0.00000 0.18258 0.98319
vn -0.70667 0.10463 0.69977
vn -0.99938 -0.03462 0.00643
vn -0.70667 -0.15358 -0.69068
vn 0.01760 -0.64941 -0.76024
vn 0.62959 -0.58190 -0.51478
vn 0.88309 -0.46131 0.08567
vn 0.62959 -0.35828 0.68938
vn 0.01760 -0.33317 0.94270
vn -0.59439 -0.40068 0.69725
vn -0.84788 -0.52127 0.09680
vn -0.59439 -0.62429 -0.50691
vn 0.03049 -0.94223 -0.33358
vn 0.38382 -0.90325 -0.19186
vn 0.53018 -0.83363 0.15481
vn 0.38382 -0.77415 0.50336
vn 0.03049 -0.75965 0.64962
vn -0.32284 -0.79863 0.50790
vn -0.46920 -0.86825 0.16123
vn -0.32284 -0.92773 -0.18732
vn 0.03521 -0.98258 0.18247
vn 0.03521 -0.98258 0.18247
vn 0.03521 -0.98258 0.18247
vn 0.03521 -0.98258 0.18247
vn 0.03521 -0.98258 0.18247
vn 0.03521 -0.98258 0.18247
vn 0.03521 -0.98258 0.18247
vn 0.03521 -0.98258 0.18247
vn 0.00000 1.00000 0.00000
vn 0.00000 1.00000 0.00000
vn 0.00000 1.00000 0.00000
vn -0.00000 1.00000 0.00000
vn -0.00000 1.00000 0.00000
vn -0.00000 1.00000 0.00000
vn 0.00000 1.00000 -0.00000
vn 0.00000 1.00000 -0.00000
vn 0.00000 1.00000 0.00000
vn 0.00000 1.00000 0.00000
vn 0.43388 0.90097 0.00000
vn 0.35102 0.90097 0.25503
vn 0.13408 0.90097 0.41265
vn -0.13408 0.90097 0.41265
vn -0.35102 0.90097 0.25503
vn -0.43388 0.90097 0.00000
vn -0.35102 0.90097 -0.25503
vn -0.13408 0.90097 -0.41265
vn 0.13408 0.90097 -0.41265
vn 0.35102 0.90097 -0.25503
vn 0.78183 0.62349 0.00000
vn 0.63251 0.62349 0.45955
vn 0.24160 0.62349 0.74357
vn -0.24160 0.62349 0.74357
vn -0.63251 0.62349 0.45955
vn -0.78183 0.62349 0.00000
vn -0.63251 0.62349 -0.45955
vn -0.24160 0.62349 -0.74357
vn 0.24160 0.62349 -0.74357
vn 0.63251 0.62349 -0.45955
vn 0.97493 0.22252 0.00000
vn 0.78873 0.22252 0.57305
vn 0.30127 0.22252 0.92721
vn -0.30127 0.22252 0.92721
vn -0.78873 0.22252 0.57305
vn -0.97493 0.22252 0.00000
vn -0.78873 0.22252 -0.57305
vn -0.30127 0.22252 -0.92721
vn 0.30127 0.22252 -0.92721
vn 0.78873 0.22252 -0.57305
vn 0.97493 -0.22252 0.00000
vn 0.78873 -0.22252 0.57305
vn 0.30127 -0.22252 0.92721
vn -0.30127 -0.22252 0.92721
vn -0.78873 -0.22252 0.57305
vn -0.97493 -0.22252 0.00000
vn -0.78873 -0.22252 -0.57305
vn -0.30127 -0.22252 -0.92721
vn 0.30127 -0.22252 -0.92721
vn 0.78873 -0.22252 -0.57305
vn 0.78183 -0.62349 0.00000
vn 0.63251 -0.62349 0.45955
vn 0.24160 -0.62349 0.74357
vn -0.24160 -0.62349 0.74357
vn -0.63251 -0.62349 0.45955
vn -0.78183 -0.62349 0.00000
vn -0.63251 -0.62349 -0.45955
vn -0.24160 -0.62349 -0.74357
vn 0.24160 -0.62349 -0.74357
vn 0.63251 -0.62349 -0.45955
vn 0.43388 -0.90097 0.00000
vn 0.35102 -0.90097 0.25503
vn 0.13408 -0.90097 0.41265
vn -0.13408 -0.90097 0.41265
vn -0.35102 -0.90097 0.25503
vn -0.43388 -0.90097 0.00000
vn -0.35102 -0.90097 -0.25503
vn -0.13408 -0.90097 -0.41265
vn 0.13408 -0.90097 -0.41265
vn 0.35102 -0.90097 -0.25503
vn 0.00000 -1.00000 0.00000
vn 0.00000 -1.00000 0.00000
vn 0.00000 -1.00000 0.00000
vn -0.00000 -1.00000 0.00000
vn -0.00000 -1.00000 0.00000
vn -0.00000 -1.00000 0.00000
vn -0.00000 -1.00000 -0.00000
vn -0.00000 -1.00000 -0.00000
vn 0.00000 -1.00000 -0.00000
vn 0.00000 -1.00000 -0.00000
vn 0.00000 1.00000 0.00000
vn 0.00000 1.00000 0.00000
vn 0.00000 1.00000 0.00000
vn -0.00000 1.00000 0.00000
vn -0.00000 1.00000 0.00000
vn 0.00000 1.00000 -0.00000
vn 0.00000 1.00000 -0.00000
vn 0.00000 1.00000 0.00000
vn 0.58779 0.80902 0.00000
vn 0.41563 0.80902 0.41563
vn 0.00000 0.80902 0.58779
vn -0.41563 0.80902 0.41563
vn -0.58779 0.80902 0.00000
vn -0.41563 0.80902 -0.41563
vn -0.00000 0.80902 -0.58779
vn 0.41563 0.80902 -0.41563
vn 0.95106 0.30902 0.00000
vn 0.67250 0.30902 0.67250
vn 0.00000 0.30902 0.95106
vn -0.67250 0.30902 0.67250
vn -0.95106 0.30902 0.00000
vn -0.67250 0.30902 -0.67250
vn -0.00000 0.30902 -0.95106
vn 0.67250 0.30902 -0.67250
vn 0.95106 -0.30902 0.00000
vn 0.67250 -0.30902 0.67250
vn 0.00000 -0.30902 0.95106
vn -0.67250 -0.30902 0.67250
vn -0.95106 -0.30902 0.00000
vn -0.67250 -0.30902 -0.67250
vn -0.00000 -0.30902 -0.95106
vn 0.67250 -0.30902 -0.67250
vn 0.58779 -0.80902 0.00000
vn 0.41563 -0.80902 0.41563
vn 0.00000 -0.80902 0.58779
vn -0.41563 -0.80902 0.41563
vn -0.58779 -0.80902 0.00000
vn -0.41563 -0.80902 -0.41563
vn -0.00000 -0.80902 -0.58779
vn 0.41563 -0.80902 -0.41563
vn 0.00000 -1.00000 0.00000
vn 0.00000 -1.00000 0.00000
vn 0.00000 -1.00000 0.00000
vn -0.00000 -1.00000 0.00000
vn -0.00000 -1.00000 0.00000
vn -0.00000 -1.00000 -0.00000
vn -0.00000 -1.00000 -0.00000
vn 0.00000 -1.00000 -0.00000
vn 0.00000 0.30017 -0.95388
vn 0.00000 0.30017 -0.95388
vn -0.00000 0.30017 -0.95388
vn -0.00000 0.30017 -0.95388
vn -0.00000 0.30017 -0.95388
vn 0.00000 0.30017 -0.95388
vn 0.50001 0.25996 -0.82608
vn 0.25001 0.67300 -0.69611
vn -0.25001 0.67300 -0.69611
vn -0.50001 0.25996 -0.82608
vn -0.25001 -0.15309 -0.95606
vn 0.25001 -0.15309 -0.95606
vn 0.86603 0.15008 -0.47693
vn 0.43302 0.86549 -0.25181
vn -0.43302 0.86549 -0.25181
vn -0.86603 0.15008 -0.47693
vn -0.43302 -0.56532 -0.70207
vn 0.43302 -0.56532 -0.70207
vn 1.00000 0.00000 -0.00000
vn 0.50001 0.82608 0.25996
vn -0.50001 0.82608 0.25996
vn -1.00000 0.00000 -0.00000
vn -0.50001 -0.82608 -0.25996
vn 0.50001 -0.82608 -0.25996
vn 1.00000 0.00000 0.00000
vn 0.50001 0.82608 0.25996
vn -0.50001 0.82608 0.25996
vn -1.00000 0.00000 0.00000
vn -0.50001 -0.82608 -0.25996
vn 0.50001 -0.82608 -0.25996
vn 1.00000 0.00000 0.00000
vn 0.50001 0.82608 0.25996
vn -0.50001 0.82608 0.25996
vn -1.00000 0.00000 0.00000
vn -0.50001 -0.82608 -0.25996
vn 0.50001 -0.82608 -0.25996
vn 1.00000 0.00000 0.00000
vn 0.50001 0.82608 0.25996
vn -0.50001 0.82608 0.25996
vn -1.00000 0.00000 0.00000
vn -0.50001 -0.82608 -0.25996
vn 0.50001 -0.82608 -0.25996
vn 0.86603 -0.15008 0.47693
vn 0.43302 0.56532 0.70207
vn -0.43302 0.56532 0.70207
vn -0.86603 -0.15008 0.47693
vn -0.43302 -0.86549 0.25181
vn 0.43302 -0.86549 0.25181
vn 0.50001 -0.25996 0.82608
vn 0.25001 0.15309 0.95606
vn -0.25001 0.15309 0.95606
vn -0.50001 -0.25996 0.82608
vn -0.25001 -0.67300 0.69611
vn 0.25001 -0.67300 0.69611
vn 0.00000 -0.30017 0.95388
vn 0.00000 -0.30017 0.95388
vn -0.00000 -0.30017 0.95388
vn -0.00000 -0.30017 0.95388
vn -0.00000 -0.30017 0.95388
vn 0.00000 -0.30017 0.95388
vn -0.04681 0.40569 -0.91281
vn -0.04681 0.40569 -0.91281
vn -0.04681 0.40569 -0.91281
vn -0.04681 0.40569 -0.91281
vn -0.04681 0.40569 -0.91281
vn -0.04681 0.40569 -0.91281
vn 0.45882 0.35134 -0.81612
vn 0.21814 0.74712 -0.62788
vn -0.28122 0.74712 -0.60227
vn -0.53990 0.35134 -0.76490
vn -0.29922 -0.04444 -0.95315
vn 0.20014 -0.04444 -0.97876
vn 0.84149 0.20284 -0.50075
vn 0.42464 0.88835 -0.17471
vn -0.44028 0.88835 -0.13036
vn -0.88830 0.20284 -0.41204
vn -0.47145 -0.48266 -0.73809
vn 0.39347 -0.48266 -0.78245
vn 0.99869 0.00000 -0.05121
vn 0.51735 0.79155 0.32527
vn -0.48136 0.79155 0.37648
vn -0.99869 0.00000 0.05121
vn -0.51735 -0.79155 -0.32527
vn 0.48136 -0.79155 -0.37648
vn 0.99869 0.00000 -0.05121
vn 0.51735 0.79155 0.32527
vn -0.48136 0.79155 0.37648
vn -0.99869 0.00000 0.05121
vn -0.51735 -0.79155 -0.32527
vn 0.48136 -0.79155 -0.37648
vn 0.99869 0.00000 -0.05121
vn 0.51735 0.79155 0.32527
vn -0.48136 0.79155 0.37648
vn -0.99869 0.00000 0.05121
vn -0.51735 -0.79155 -0.32527
vn 0.48136 -0.79155 -0.37648
vn 0.99869 0.00000 -0.05121
vn 0.51735 0.79155 0.32527
vn -0.48136 0.79155 0.37648
vn -0.99869 0.00000 0.05121
vn -0.51735 -0.79155 -0.32527
vn 0.48136 -0.79155 -0.37648
vn 0.99869 0.00000 -0.05121
vn 0.51735 0.79155 0.32527
vn -0.48136 0.79155 0.37648
vn -0.99869 0.00000 0.05121
vn -0.51735 -0.79155 -0.32527
vn 0.48136 -0.79155 -0.37648
vn 0.88830 -0.20284 0.41204
vn 0.47145 0.48266 0.73809
vn -0.39347 0.48266 0.78245
vn -0.84149 -0.20284 0.50075
vn -0.42464 -0.88835 0.17471
vn 0.44028 -0.88835 0.13036
vn 0.53990 -0.35134 0.76490
vn 0.29922 0.04444 0.95315
vn -0.20014 0.04444 0.97876
vn -0.45882 -0.35134 0.81612
vn -0.21814 -0.74712 0.62788
vn 0.28122 -0.74712 0.60227
vn 0.04681 -0.40569 0.91281
vn 0.04681 -0.40569 0.91281
vn 0.04681 -0.40569 0.91281
vn 0.04681 -0.40569 0.91281
vn 0.04681 -0.40569 0.91281
vn 0.04681 -0.40569 0.91281
vn 0.00000 0.31676 -0.94851
vn 0.00000 0.31676 -0.94851
vn -0.00000 0.31676 -0.94851
vn -0.00000 0.31676 -0.94851
vn -0.00000 0.31676 -0.94851
vn 0.00000 0.31676 -0.94851
vn 0.50001 0.27432 -0.82142
vn 0.25001 0.68503 -0.68427
vn -0.25001 0.68503 -0.68427
vn -0.50001 0.27432 -0.82142
vn -0.25001 -0.13640 -0.95859
vn 0.25001 -0.13640 -0.95859
vn 0.86603 0.15837 -0.47424
vn 0.43302 0.86975 -0.23669
vn -0.43302 0.86975 -0.23669
vn -0.86603 0.15837 -0.47424
vn -0.43302 -0.55300 -0.71182
vn 0.43302 -0.55300 -0.71182
vn 1.00000 0.00000 -0.00000
vn 0.50001 0.82142 0.27432
vn -0.50001 0.82142 0.27432
vn -1.00000 0.00000 -0.00000
vn -0.50001 -0.82142 -0.27432
vn 0.50001 -0.82142 -0.27432
vn 1.00000 0.00000 0.00000
vn 0.50001 0.82142 0.27432
vn -0.50001 0.82142 0.27432
vn -1.00000 0.00000 0.00000
vn -0.50001 -0.82142 -0.27432
vn 0.50001 -0.82142 -0.27432
vn 1.00000 0.00000 0.00000
vn 0.50001 0.82142 0.27432
vn -0.50001 0.82142 0.27432
vn -1.00000 0.00000 0.00000
vn -0.50001 -0.82142 -0.27432
vn 0.50001 -0.82142 -0.27432
vn 1.00000 0.00000 0.00000
vn 0.50001 0.82142 0.27432
vn -0.50001 0.82142 0.27432
vn -1.00000 0.00000 0.00000
vn -0.50001 -0.82142 -0.27432
vn 0.50001 -0.82142 -0.27432
vn 0.86603 -0.15837 0.47424
vn 0.43302 0.55300 0.71182
vn -0.43302 0.55300 0.71182
vn -0.86603 -0.15837 0.47424
vn -0.43302 -0.86975 0.23669
vn 0.43302 -0.86975 0.23669
vn 0.50001 -0.27432 0.82142
vn 0.25001 0.13640 0.95859
vn -0.25001 0.13640 0.95859
vn -0.50001 -0.27432 0.82142
vn -0.25001 -0.68503 0.68427
vn 0.25001 -0.68503 0.68427
vn 0.00000 -0.31676 0.94851
vn 0.00000 -0.31676 0.94851
vn -0.00000 -0.31676 0.94851
vn -0.00000 -0.31676 0.94851
vn -0.00000 -0.31676 0.94851
vn 0.00000 -0.31676 0.94851
vn -0.04916 0.42607 -0.90335
vn -0.04916 0.42607 -0.90335
vn -0.04916 0.42607 -0.90335
vn -0.04916 0.42607 -0.90335
vn -0.04916 0.42607 -0.90335
vn -0.04916 0.42607 -0.90335
vn 0.45670 0.36898 -0.80949
vn 0.21709 0.76073 -0.61169
vn -0.28219 0.76073 -0.58452
vn -0.54185 0.36898 -0.75515
vn -0.30224 -0.02275 -0.95296
vn 0.19704 -0.02275 -0.98013
vn 0.84017 0.21303 -0.49872
vn 0.42517 0.89155 -0.15613
vn -0.43960 0.89155 -0.10906
vn -0.88933 0.21303 -0.40460
vn -0.47433 -0.46548 -0.74722
vn 0.39044 -0.46548 -0.79428
vn 0.99852 0.00000 -0.05434
vn 0.51933 0.78348 0.34127
vn -0.47922 0.78348 0.39561
vn -0.99852 0.00000 0.05434
vn -0.51933 -0.78348 -0.34127
vn 0.47922 -0.78348 -0.39561
vn 0.99852 0.00000 -0.05434
vn 0.51933 0.78348 0.34127
vn -0.47922 0.78348 0.39561
vn -0.99852 0.00000 0.05434
vn -0.51933 -0.78348 -0.34127
vn 0.47922 -0.78348 -0.39561
vn 0.99852 0.00000 -0.05434
vn 0.51933 0.78348 0.34127
vn -0.47922 0.78348 0.39561
vn -0.99852 0.00000 0.05434
vn -0.51933 -0.78348 -0.34127
vn 0.47922 -0.78348 -0.39561
vn 0.99852 0.00000 -0.05434
vn 0.51933 0.78348 0.34127
vn -0.47922 0.78348 0.39561
vn -0.99852 0.00000 0.05434
vn -0.51933 -0.78348 -0.34127
vn 0.47922 -0.78348 -0.39561
vn 0.88933 -0.21303 0.40460
vn 0.47433 0.46548 0.74722
vn -0.39044 0.46548 0.79428
vn -0.84017 -0.21303 0.49872
vn -0.42517 -0.89155 0.15613
vn 0.43960 -0.89155 0.10906
vn 0.54185 -0.36898 0.75515
vn 0.30224 0.02275 0.95296
vn -0.19704 0.02275 0.98013
vn -0.45670 -0.36898 0.80949
vn -0.21709 -0.76073 0.61169
vn 0.28219 -0.76073 0.58452
vn 0.04916 -0.42607 0.90335
vn 0.04916 -0.42607 0.90335
vn 0.04916 -0.42607 0.90335
vn 0.04916 -0.42607 0.90335
vn 0.04916 -0.42607 0.90335
vn 0.04916 -0.42607 0.90335
vn 0.00000 0.33516 -0.94216
vn 0.00000 0.33516 -0.94216
vn -0.00000 0.33516 -0.94216
vn -0.00000 0.33516 -0.94216
vn -0.00000 0.33516 -0.94216
vn 0.00000 0.33516 -0.94216
vn 0.50001 0.29025 -0.81593
vn 0.25001 0.69822 -0.67081
vn -0.25001 0.69822 -0.67081
vn -0.50001 0.29025 -0.81593
vn -0.25001 -0.11771 -0.96106
vn 0.25001 -0.11771 -0.96106
vn 0.86603 0.16757 -0.47107
vn 0.43303 0.87419 -0.21971
vn -0.43303 0.87419 -0.21971
vn -0.86603 0.16757 -0.47107
vn -0.43303 -0.53904 -0.72244
vn 0.43303 -0.53904 -0.72244
vn 1.00000 0.00000 -0.00000
vn 0.50001 0.81593 0.29025
vn -0.50001 0.81593 0.29025
vn -1.00000 0.00000 -0.00000
vn -0.50001 -0.81593 -0.29025
vn 0.50001 -0.81593 -0.29025
vn 1.00000 0.00000 0.00000
vn 0.50001 0.81593 0.29025
vn -0.50001 0.81593 0.29025
vn -1.00000 0.00000 0.00000
vn -0.50001 -0.81593 -0.29025
vn 0.50001 -0.81593 -0.29025
vn 1.00000 0.00000 0.00000
vn 0.50001 0.81593 0.29025
vn -0.50001 0.81593 0.29025
vn -1.00000 0.00000 0.00000
vn -0.50001 -0.81593 -0.29025
vn 0.50001 -0.81593 -0.29025
vn 1.00000 0.00000 0.00000
vn 0.50001 0.81593 0.29025
vn -0.50001 0.81593 0.29025
vn -1.00000 0.00000 0.00000
vn -0.50001 -0.81593 -0.29025
vn 0.50001 -0.81593 -0.29025
vn 0.86603 -0.16757 0.47107
vn 0.43303 0.53904 0.72244
vn -0.43303 0.53904 0.72244
vn -0.86603 -0.16757 0.47107
vn -0.43303 -0.87419 0.21971
vn 0.43303 -0.87419 0.21971
vn 0.50001 -0.29025 0.81593
vn 0.25001 0.11771 0.96106
vn -0.25001 0.11771 0.96106
vn -0.50001 -0.29025 0.81593
vn -0.25001 -0.69822 0.67081
vn 0.25001 -0.69822 0.67081
vn 0.00000 -0.33516 0.94216
vn 0.00000 -0.33516 0.94216
vn -0.00000 -0.33516 0.94216
vn -0.00000 -0.33516 0.94216
vn -0.00000 -0.33516 0.94216
vn 0.00000 -0.33516 0.94216
vn -0.05173 0.44834 -0.89236
vn -0.05173 0.44834 -0.89236
vn -0.05173 0.44834 -0.89236
vn -0.05173 0.44834 -0.89236
vn -0.05173 0.44834 -0.89236
vn -0.05173 0.44834 -0.89236
vn 0.45438 0.38827 -0.80174
vn 0.21603 0.77532 -0.59347
vn -0.28316 0.77532 -0.56453
vn -0.54398 0.38827 -0.74386
vn -0.30563 0.00122 -0.95215
vn 0.19355 0.00122 -0.98109
vn 0.83872 0.22416 -0.49629
vn 0.42590 0.89456 -0.13555
vn -0.43871 0.89456 -0.08543
vn -0.89045 0.22416 -0.39605
vn -0.47763 -0.44622 -0.75681
vn 0.38698 -0.44622 -0.80693
vn 0.99832 0.00000 -0.05787
vn 0.52165 0.77410 0.35868
vn -0.47671 0.77410 0.41655
vn -0.99832 0.00000 0.05787
vn -0.52165 -0.77410 -0.35868
vn 0.47671 -0.77410 -0.41655
vn 0.99832 0.00000 -0.05787
vn 0.52165 0.77410 0.35868
vn -0.47671 0.77410 0.41655
vn -0.99832 0.00000 0.05787
vn -0.52165 -0.77410 -0.35868
vn 0.47671 -0.77410 -0.41655
vn 0.99832 0.00000 -0.05787
vn 0.52165 0.77410 0.35868
vn -0.47671 0.77410 0.41655
vn -0.99832 0.00000 0.05787
vn -0.52165 -0.77410 -0.35868
vn 0.47671 -0.77410 -0.41655
vn 0.99832 0.00000 -0.05787
vn 0.52165 0.77410 0.35868
vn -0.47671 0.77410 0.41655
vn -0.99832 0.00000 0.05787
vn -0.52165 -0.77410 -0.35868
vn 0.47671 -0.77410 -0.41655
vn 0.89045 -0.22416 0.39605
vn 0.47763 0.44622 0.75681
vn -0.38698 0.44622 0.80693
vn -0.83872 -0.22416 0.49629
vn -0.42590 -0.89456 0.13555
vn 0.43871 -0.89456 0.08543
vn 0.54398 -0.38827 0.74386
vn 0.30563 -0.00122 0.95215
vn -0.19355 -0.00122 0.98109
vn -0.45438 -0.38827 0.80174
vn -0.21603 -0.77532 0.59347
vn 0.28316 -0.77532 0.56453
vn 0.05173 -0.44834 0.89236
vn 0.05173 -0.44834 0.89236
vn 0.05173 -0.44834 0.89236
vn 0.05173 -0.44834 0.89236
vn 0.05173 -0.44834 0.89236
vn 0.05173 -0.44834 0.89236
vn 0.00000 0.35567 -0.93461
vn 0.00000 0.35567 -0.93461
vn -0.00000 0.35567 -0.93461
vn -0.00000 0.35567 -0.93461
vn -0.00000 0.35567 -0.93461
vn 0.00000 0.35567 -0.93461
vn 0.50001 0.30801 -0.80939
vn 0.25001 0.71271 -0.65539
vn -0.25001 0.71271 -0.65539
vn -0.50001 0.30801 -0.80939
vn -0.25001 -0.09668 -0.96340
vn 0.25001 -0.09668 -0.96340
vn 0.86603 0.17783 -0.46729
vn 0.43303 0.87879 -0.20056
vn -0.43303 0.87879 -0.20056
vn -0.86603 0.17783 -0.46729
vn -0.43303 -0.52312 -0.73405
vn 0.43303 -0.52312 -0.73405
vn 1.00000 0.00000 -0.00000
vn 0.50001 0.80939 0.30801
vn -0.50001 0.80939 0.30801
vn -1.00000 0.00000 -0.00000
vn -0.50001 -0.80939 -0.30801
vn 0.50001 -0.80939 -0.30801
vn 1.00000 0.00000 0.00000
vn 0.50001 0.80939 0.30801
vn -0.50001 0.80939 0.30801
vn -1.00000 0.00000 0.00000
vn -0.50001 -0.80939 -0.30801
vn 0.50001 -0.80939 -0.30801
vn 1.00000 0.00000 0.00000
vn 0.50001 0.80939 0.30801
vn -0.50001 0.80939 0.30801
vn -1.00000 0.00000 0.00000
vn -0.50001 -0.80939 -0.30801
vn 0.50001 -0.80939 -0.30801
vn 1.00000 0.00000 0.00000
vn 0.50001 0.80939 0.30801
vn -0.50001 0.80939 0.30801
vn -1.00000 0.00000 0.00000
vn -0.50001 -0.80939 -0.30801
vn 0.50001 -0.80939 -0.30801
vn 0.86603 -0.17783 0.46729
vn 0.43303 0.52312 0.73405
vn -0.43303 0.52312 0.73405
vn -0.86603 -0.17783 0.46729
vn -0.43303 -0.87879 0.20056
vn 0.43303 -0.87879 0.20056
vn 0.50001 -0.30801 0.80939
vn 0.25001 0.09668 0.96340
vn -0.25001 0.09668 0.96340
vn -0.50001 -0.30801 0.80939
vn -0.25001 -0.71271 0.65539
vn 0.25001 -0.71271 0.65539
vn 0.00000 -0.35567 0.93461
vn 0.00000 -0.35567 0.93461
vn -0.00000 -0.35567 0.93461
vn -0.00000 -0.35567 0.93461
vn -0.00000 -0.35567 0.93461
vn 0.00000 -0.35567 0.93461
vn -0.05454 0.47272 -0.87952
vn -0.05454 0.47272 -0.87952
vn -0.05454 0.47272 -0.87952
vn -0.05454 0.47272 -0.87952
vn -0.05454 0.47272 -0.87952
vn -0.05454 0.47272 -0.87952
vn 0.45182 0.40938 -0.79263
vn 0.21496 0.79096 -0.57286
vn -0.28410 0.79096 -0.54191
vn -0.54629 0.40938 -0.73073
vn -0.30944 0.02781 -0.95051
vn 0.18962 0.02781 -0.98146
vn 0.83710 0.23635 -0.49335
vn 0.42687 0.89726 -0.11271
vn -0.43753 0.89726 -0.05910
vn -0.89164 0.23635 -0.38614
vn -0.48141 -0.42455 -0.76681
vn 0.38298 -0.42455 -0.82042
vn 0.99808 0.00000 -0.06190
vn 0.52440 0.76314 0.37764
vn -0.47372 0.76314 0.43954
vn -0.99808 0.00000 0.06190
vn -0.52440 -0.76314 -0.37764
vn 0.47372 -0.76314 -0.43954
vn 0.99808 0.00000 -0.06190
vn 0.52440 0.76314 0.37764
vn -0.47372 0.76314 0.43954
vn -0.99808 0.00000 0.06190
vn -0.52440 -0.76314 -0.37764
vn 0.47372 -0.76314 -0.43954
vn 0.99808 0.00000 -0.06190
vn 0.52440 0.76314 0.37764
vn -0.47372 0.76314 0.43954
vn -0.99808 0.00000 0.06190
vn -0.52440 -0.76314 -0.37764
vn 0.47372 -0.76314 -0.43954
vn 0.99808 0.00000 -0.06190
vn 0.52440 0.76314 0.37764
vn -0.47372 0.76314 0.43954
vn -0.99808 0.00000 0.06190
vn -0.52440 -0.76314 -0.37764
vn 0.47372 -0.76314 -0.43954
vn 0.89164 -0.23635 0.38614
vn 0.48141 0.42455 0.76681
vn -0.38298 0.42455 0.82042
vn -0.83710 -0.23635 0.49335
vn -0.42687 -0.89726 0.11271
vn 0.43753 -0.89726 0.05910
vn 0.54629 -0.40938 0.73073
vn 0.30944 -0.02781 0.95051
vn -0.18962 -0.02781 0.98146
vn -0.45182 -0.40938 0.79263
vn -0.21496 -0.79096 0.57286
vn 0.28410 -0.79096 0.54191
vn 0.05454 -0.47272 0.87952
vn 0.05454 -0.47272 0.87952
vn 0.05454 -0.47272 0.87952
vn 0.05454 -0.47272 0.87952
vn 0.05454 -0.47272 0.87952
vn 0.05454 -0.47272 0.87952
vn -0.33320 0.22214 -0.91631
vn -0.33320 0.22214 -0.91631
vn -0.33320 0.22214 -0.91631
vn -0.33320 0.22214 -0.91631
vn -0.33320 0.22214 -0.91631
vn -0.33320 0.22214 -0.91631
vn 0.18134 0.19237 -0.96442
vn -0.02074 0.61457 -0.78859
vn -0.49065 0.61457 -0.61771
vn -0.75847 0.19237 -0.62267
vn -0.55639 -0.22982 -0.79851
vn -0.08648 -0.22982 -0.96938
vn 0.64729 0.11107 -0.75411
vn 0.29728 0.84232 -0.44957
vn -0.51662 0.84232 -0.15360
vn -0.98049 0.11107 -0.16219
vn -0.63049 -0.62019 -0.46674
vn 0.18341 -0.62019 -0.76271
vn 0.93979 0.00000 -0.34174
vn 0.53565 0.84438 0.00992
vn -0.40416 0.84438 0.35167
vn -0.93979 0.00000 0.34174
vn -0.53565 -0.84438 -0.00992
vn 0.40416 -0.84438 -0.35167
vn 0.93979 0.00000 -0.34174
vn 0.53565 0.84438 0.00992
vn -0.40416 0.84438 0.35167
vn -0.93979 0.00000 0.34174
vn -0.53565 -0.84438 -0.00992
vn 0.40416 -0.84438 -0.35167
vn 0.93979 0.00000 -0.34174
vn 0.53565 0.84438 0.00992
vn -0.40416 0.84438 0.35167
vn -0.93979 0.00000 0.34174
vn -0.53565 -0.84438 -0.00992
vn 0.40416 -0.84438 -0.35167
vn 0.93979 0.00000 -0.34174
vn 0.53565 0.84438 0.00992
vn -0.40416 0.84438 0.35167
vn -0.93979 0.00000 0.34174
vn -0.53565 -0.84438 -0.00992
vn 0.40416 -0.84438 -0.35167
vn 0.93979 0.00000 -0.34174
vn 0.53565 0.84438 0.00992
vn -0.40416 0.84438 0.35167
vn -0.93979 0.00000 0.34174
vn -0.53565 -0.84438 -0.00992
vn 0.40416 -0.84438 -0.35167
vn 0.98049 -0.11107 0.16219
vn 0.63049 0.62019 0.46674
vn -0.18341 0.62019 0.76271
vn -0.64729 -0.11107 0.75411
vn -0.29728 -0.84232 0.44957
vn 0.51662 -0.84232 0.15360
vn 0.75847 -0.19237 0.62267
vn 0.55639 0.22982 0.79851
vn 0.08648 0.22982 0.96938
vn -0.18134 -0.19237 0.96442
vn 0.02074 -0.61457 0.78859
vn 0.49065 -0.61457 0.61771
vn 0.33320 -0.22214 0.91631
vn 0.33320 -0.22214 0.91631
vn 0.33320 -0.22214 0.91631
vn 0.33320 -0.22214 0.91631
vn 0.33320 -0.22214 0.91631
vn 0.33320 -0.22214 0.91631
vn 0.00000 0.99912 0.04194
vn 0.00000 0.99912 0.04194
vn 0.00000 0.99912 0.04194
vn 0.00000 0.99912 0.04194
vn 0.00000 0.99912 0.04194
vn -0.00000 0.99912 0.04194
vn -0.00000 0.99912 0.04194
vn -0.00000 0.99912 0.04194
vn -0.00000 0.99912 0.04194
vn 0.00000 0.88623 -0.46324
vn 0.32139 0.88133 -0.34636
vn 0.49240 0.86890 -0.05043
vn 0.43301 0.85478 0.28610
vn 0.17101 0.84556 0.50575
vn -0.17101 0.84556 0.50575
vn -0.43301 0.85478 0.28610
vn -0.49240 0.86890 -0.05043
vn -0.32139 0.88133 -0.34636
vn 0.00000 0.53588 -0.84429
vn 0.55667 0.52738 -0.64186
vn 0.85287 0.50587 -0.12928
vn 0.75000 0.48140 0.45360
vn 0.29620 0.46543 0.83405
vn -0.29620 0.46543 0.83405
vn -0.75000 0.48140 0.45360
vn -0.85287 0.50587 -0.12928
vn -0.55667 0.52738 -0.64186
vn 0.00000 0.04194 -0.99912
vn 0.64279 0.03213 -0.76537
vn 0.98481 0.00728 -0.17350
vn 0.86602 -0.02097 0.49956
vn 0.34202 -0.03941 0.93887
vn -0.34202 -0.03941 0.93887
vn -0.86602 -0.02097 0.49956
vn -0.98481 0.00728 -0.17350
vn -0.64279 0.03213 -0.76537
vn 0.00000 0.04194 -0.99912
vn 0.64279 0.03213 -0.76537
vn 0.98481 0.00728 -0.17350
vn 0.86602 -0.02097 0.49956
vn 0.34202 -0.03941 0.93887
vn -0.34202 -0.03941 0.93887
vn -0.86602 -0.02097 0.49956
vn -0.98481 0.00728 -0.17350
vn -0.64279 0.03213 -0.76537
vn 0.00000 0.04194 -0.99912
vn 0.64279 0.03213 -0.76537
vn 0.98481 0.00728 -0.17350
vn 0.86602 -0.02097 0.49956
vn 0.34202 -0.03941 0.93887
vn -0.34202 -0.03941 0.93887
vn -0.86602 -0.02097 0.49956
vn -0.98481 0.00728 -0.17350
vn -0.64279 0.03213 -0.76537
vn 0.00000 0.04194 -0.99912
vn 0.64279 0.03213 -0.76537
vn 0.98481 0.00728 -0.17350
vn 0.86602 -0.02097 0.49956
vn 0.34202 -0.03941 0.93887
vn -0.34202 -0.03941 0.93887
vn -0.86602 -0.02097 0.49956
vn -0.98481 0.00728 -0.17350
vn -0.64279 0.03213 -0.76537
vn 0.00000 0.04194 -0.99912
vn 0.64279 0.03213 -0.76537
vn 0.98481 0.00728 -0.17350
vn 0.86602 -0.02097 0.49956
vn 0.34202 -0.03941 0.93887
vn -0.34202 -0.03941 0.93887
vn -0.86602 -0.02097 0.49956
vn -0.98481 0.00728 -0.17350
vn -0.64279 0.03213 -0.76537
vn 0.00000 0.04194 -0.99912
vn 0.64279 0.03213 -0.76537
vn 0.98481 0.00728 -0.17350
vn 0.86602 -0.02097 0.49956
vn 0.34202 -0.03941 0.93887
vn -0.34202 -0.03941 0.93887
vn -0.86602 -0.02097 0.49956
vn -0.98481 0.00728 -0.17350
vn -0.64279 0.03213 -0.76537
vn 0.00000 0.04194 -0.99912
vn 0.64279 0.03213 -0.76537
vn 0.98481 0.00728 -0.17350
vn 0.86602 -0.02097 0.49956
vn 0.34202 -0.03941 0.93887
vn -0.34202 -0.03941 0.93887
vn -0.86602 -0.02097 0.49956
vn -0.98481 0.00728 -0.17350
vn -0.64279 0.03213 -0.76537
vn 0.00000 -0.46324 -0.88623
vn 0.55667 -0.47174 -0.68380
vn 0.85287 -0.49325 -0.17122
vn 0.75000 -0.51772 0.41166
vn 0.29620 -0.53369 0.79211
vn -0.29620 -0.53369 0.79211
vn -0.75000 -0.51772 0.41166
vn -0.85287 -0.49325 -0.17122
vn -0.55667 -0.47174 -0.68380
vn 0.00000 -0.84429 -0.53588
vn 0.32139 -0.84920 -0.41901
vn 0.49240 -0.86162 -0.12307
vn 0.43301 -0.87575 0.21346
vn 0.17101 -0.88497 0.43311
vn -0.17101 -0.88497 0.43311
vn -0.43301 -0.87575 0.21346
vn -0.49240 -0.86162 -0.12307
vn -0.32139 -0.84920 -0.41901
vn 0.00000 -0.99912 -0.04194
vn 0.00000 -0.99912 -0.04194
vn 0.00000 -0.99912 -0.04194
vn 0.00000 -0.99912 -0.04194
vn 0.00000 -0.99912 -0.04194
vn -0.00000 -0.99912 -0.04194
vn -0.00000 -0.99912 -0.04194
vn -0.00000 -0.99912 -0.04194
vn -0.00000 -0.99912 -0.04194
vn 0.00000 1.00000 0.00000
vn 0.00000 1.00000 0.00000
vn 0.00000 1.00000 0.00000
vn -0.00000 1.00000 0.00000
vn -0.00000 1.00000 0.00000
vn 0.00000 1.00000 -0.00000
vn 0.00000 1.00000 -0.00000
vn 0.00000 1.00000 0.00000
vn 0.58779 0.80902 0.00000
vn 0.41563 0.80902 0.41563
vn 0.00000 0.80902 0.58779
vn -0.41563 0.80902 0.41563
vn -0.58779 0.80902 0.00000
vn -0.41563 0.80902 -0.41563
vn -0.00000 0.80902 -0.58779
vn 0.41563 0.80902 -0.41563
vn 0.95106 0.30902 0.00000
vn 0.67250 0.30902 0.67250
vn 0.00000 0.30902 0.95106
vn -0.67250 0.30902 0.67250
vn -0.95106 0.30902 0.00000
vn -0.67250 0.30902 -0.67250
vn -0.00000 0.30902 -0.95106
vn 0.67250 0.30902 -0.67250
vn 0.95106 -0.30902 0.00000
vn 0.67250 -0.30902 0.67250
vn 0.00000 -0.30902 0.95106
vn -0.67250 -0.30902 0.67250
vn -0.95106 -0.30902 0.00000
vn -0.67250 -0.30902 -0.67250
vn -0.00000 -0.30902 -0.95106
vn 0.67250 -0.30902 -0.67250
vn 0.58779 -0.80902 0.00000
vn 0.41563 -0.80902 0.41563
vn 0.00000 -0.80902 0.58779
vn -0.41563 -0.80902 0.41563
vn -0.58779 -0.80902 0.00000
vn -0.41563 -0.80902 -0.41563
vn -0.00000 -0.80902 -0.58779
vn 0.41563 -0.80902 -0.41563
vn 0.00000 -1.00000 0.00000
vn 0.00000 -1.00000 0.00000
vn 0.00000 -1.00000 0.00000
vn -0.00000 -1.00000 0.00000
vn -0.00000 -1.00000 0.00000
vn -0.00000 -1.00000 -0.00000
vn -0.00000 -1.00000 -0.00000
vn 0.00000 -1.00000 -0.00000
vn 0.00000 0.99977 -0.02150
vn 0.00000 0.99977 -0.02150
vn 0.00000 0.99977 -0.02150
vn 0.00000 0.99977 -0.02150
vn 0.00000 0.99977 -0.02150
vn -0.00000 0.99977 -0.02150
vn -0.00000 0.99977 -0.02150
vn -0.00000 0.99977 -0.02150
vn 0.00000 0.85508 -0.51850
vn 0.35355 0.85822 -0.37209
vn 0.50000 0.86582 -0.01862
vn 0.35355 0.87342 0.33486
vn 0.00000 0.87657 0.48127
vn -0.35355 0.87342 0.33486
vn -0.50000 0.86582 -0.01862
vn -0.35355 0.85822 -0.37209
vn 0.00000 0.48127 -0.87657
vn 0.61237 0.48672 -0.62298
vn 0.86602 0.49988 -0.01075
vn 0.61237 0.51305 0.60148
vn 0.00000 0.51850 0.85508
vn -0.61237 0.51305 0.60148
vn -0.86602 0.49988 -0.01075
vn -0.61237 0.48672 -0.62298
vn 0.00000 -0.02150 -0.99977
vn 0.70711 -0.01520 -0.70694
vn 1.00000 0.00000 -0.00000
vn 0.70711 0.01520 0.70694
vn 0.00000 0.02150 0.99977
vn -0.70711 0.01520 0.70694
vn -1.00000 0.00000 0.00000
vn -0.70711 -0.01520 -0.70694
vn 0.00000 -0.02150 -0.99977
vn 0.70711 -0.01520 -0.70694
vn 1.00000 -0.00000 -0.00000
vn 0.70711 0.01520 0.70694
vn 0.00000 0.02150 0.99977
vn -0.70711 0.01520 0.70694
vn -1.00000 0.00000 0.00000
vn -0.70711 -0.01520 -0.70694
vn 0.00000 -0.02150 -0.99977
vn 0.70711 -0.01520 -0.70694
vn 1.00000 -0.00000 -0.00000
vn 0.70711 0.01520 0.70694
vn 0.00000 0.02150 0.99977
vn -0.70711 0.01520 0.70694
vn -1.00000 0.00000 0.00000
vn -0.70711 -0.01520 -0.70694
vn 0.00000 -0.02150 -0.99977
vn 0.70711 -0.01520 -0.70694
vn 1.00000 -0.00000 -0.00000
vn 0.70711 0.01520 0.70694
vn 0.00000 0.02150 0.99977
vn -0.70711 0.01520 0.70694
vn -1.00000 0.00000 0.00000
vn -0.70711 -0.01520 -0.70694
vn 0.00000 -0.02150 -0.99977
vn 0.70711 -0.01520 -0.70694
vn 1.00000 -0.00000 -0.00000
vn 0.70711 0.01520 0.70694
vn 0.00000 0.02150 0.99977
vn -0.70711 0.01520 0.70694
vn -1.00000 0.00000 0.00000
vn -0.70711 -0.01520 -0.70694
vn 0.00000 -0.02150 -0.99977
vn 0.70711 -0.01520 -0.70694
vn 1.00000 -0.00000 -0.00000
vn 0.70711 0.01520 0.70694
vn 0.00000 0.02150 0.99977
vn -0.70711 0.01520 0.70694
vn -1.00000 0.00000 0.00000
vn -0.70711 -0.01520 -0.70694
vn 0.00000 -0.02150 -0.99977
vn 0.70711 -0.01520 -0.70694
vn 1.00000 -0.00000 -0.00000
vn 0.70711 0.01520 0.70694
vn 0.00000 0.02150 0.99977
vn -0.70711 0.01520 0.70694
vn -1.00000 0.00000 0.00000
vn -0.70711 -0.01520 -0.70694
vn 0.00000 -0.02150 -0.99977
vn 0.70711 -0.01520 -0.70694
vn 1.00000 -0.00000 -0.00000
vn 0.70711 0.01520 0.70694
vn 0.00000 0.02150 0.99977
vn -0.70711 0.01520 0.70694
vn -1.00000 0.00000 0.00000
vn -0.70711 -0.01520 -0.70694
vn 0.00000 -0.02150 -0.99977
vn 0.70711 -0.01520 -0.70694
vn 1.00000 -0.00000 -0.00000
vn 0.70711 0.01520 0.70694
vn 0.00000 0.02150 0.99977
vn -0.70711 0.01520 0.70694
vn -1.00000 0.00000 0.00000
vn -0.70711 -0.01520 -0.70694
vn 0.00000 -0.51850 -0.85508
vn 0.61237 -0.51305 -0.60148
vn 0.86602 -0.49988 0.01075
vn 0.61237 -0.48672 0.62298
vn 0.00000 -0.48127 0.87657
vn -0.61237 -0.48672 0.62298
vn -0.86602 -0.49988 0.01075
vn -0.61237 -0.51305 -0.60148
vn 0.00000 -0.87657 -0.48127
vn 0.35355 -0.87342 -0.33486
vn 0.50000 -0.86582 0.01862
vn 0.35355 -0.85822 0.37209
vn 0.00000 -0.85508 0.51850
vn -0.35355 -0.85822 0.37209
vn -0.50000 -0.86582 0.01862
vn -0.35355 -0.87342 -0.33486
vn 0.00000 -0.99977 0.02150
vn 0.00000 -0.99977 0.02150
vn 0.00000 -0.99977 0.02150
vn 0.00000 -0.99977 0.02150
vn 0.00000 -0.99977 0.02150
vn -0.00000 -0.99977 0.02150
vn -0.00000 -0.99977 0.02150
vn -0.00000 -0.99977 0.02150
vn 0.00000 1.00000 0.00000
vn 0.00000 1.00000 0.00000
vn 0.00000 1.00000 0.00000
vn -0.00000 1.00000 0.00000
vn -0.00000 1.00000 0.00000
vn 0.00000 1.00000 -0.00000
vn 0.00000 1.00000 -0.00000
vn 0.00000 1.00000 0.00000
vn 0.70711 0.70711 0.00000
vn 0.50000 0.70711 0.50000
vn 0.00000 0.70711 0.70711
vn -0.50000 0.70711 0.50000
vn -0.70711 0.70711 0.00000
vn -0.50000 0.70711 -0.50000
vn -0.00000 0.70711 -0.70711
vn 0.50000 0.70711 -0.50000
vn 1.00000 0.00000 0.00000
vn 0.70711 0.00000 0.70711
vn 0.00000 0.00000 1.00000
vn -0.70711 0.00000 0.70711
vn -1.00000 0.00000 0.00000
vn -0.70711 0.00000 -0.70711
vn -0.00000 0.00000 -1.00000
vn 0.70711 0.00000 -0.70711
vn 0.70711 -0.70711 0.00000
vn 0.50000 -0.70711 0.50000
vn 0.00000 -0.70711 0.70711
vn -0.50000 -0.70711 0.50000
vn -0.70711 -0.70711 0.00000
vn -0.50000 -0.70711 -0.50000
vn -0.00000 -0.70711 -0.70711
vn 0.50000 -0.70711 -0.50000
vn 0.00000 -1.00000 0.00000
vn 0.00000 -1.00000 0.00000
vn 0.00000 -1.00000 0.00000
vn -0.00000 -1.00000 0.00000
vn -0.00000 -1.00000 0.00000
vn -0.00000 -1.00000 -0.00000
vn -0.00000 -1.00000 -0.00000
vn 0.00000 -1.00000 -0.00000
vn 0.00000 1.00000 0.00000
vn 0.00000 1.00000 0.00000
vn 0.00000 1.00000 0.00000
vn -0.00000 1.00000 0.00000
vn -0.00000 1.00000 0.00000
vn -0.00000 1.00000 0.00000
vn 0.00000 1.00000 -0.00000
vn 0.00000 1.00000 -0.00000
vn 0.00000 1.00000 0.00000
vn 0.00000 1.00000 0.00000
vn 0.50000 0.86603 0.00000
vn 0.40451 0.86603 0.29389
vn 0.15451 0.86603 0.47553
vn -0.15451 0.86603 0.47553
vn -0.40451 0.86603 0.29389
vn -0.50000 0.86603 0.00000
vn -0.40451 0.86603 -0.29389
vn -0.15451 0.86603 -0.47553
vn 0.15451 0.86603 -0.47553
vn 0.40451 0.86603 -0.29389
vn 0.86603 0.50000 0.00000
vn 0.70063 0.50000 0.50904
vn 0.26762 0.50000 0.82364
vn -0.26762 0.50000 0.82364
vn -0.70063 0.50000 0.50904
vn -0.86603 0.50000 0.00000
vn -0.70063 0.50000 -0.50904
vn -0.26762 0.50000 -0.82364
vn 0.26762 0.50000 -0.82364
vn 0.70063 0.50000 -0.50904
vn 1.00000 0.00000 0.00000
vn 0.80902 0.00000 0.58779
vn 0.30902 0.00000 0.95106
vn -0.30902 0.00000 0.95106
vn -0.80902 0.00000 0.58779
vn -1.00000 0.00000 0.00000
vn -0.80902 0.00000 -0.58779
vn -0.30902 0.00000 -0.95106
vn 0.30902 0.00000 -0.95106
vn 0.80902 0.00000 -0.58779
vn 0.86603 -0.50000 0.00000
vn 0.70063 -0.50000 0.50904
vn 0.26762 -0.50000 0.82364
vn -0.26762 -0.50000 0.82364
vn -0.70063 -0.50000 0.50904
vn -0.86603 -0.50000 0.00000
vn -0.70063 -0.50000 -0.50904
vn -0.26762 -0.50000 -0.82364
vn 0.26762 -0.50000 -0.82364
vn 0.70063 -0.50000 -0.50904
vn 0.50000 -0.86603 0.00000
vn 0.40451 -0.86603 0.29389
vn 0.15451 -0.86603 0.47553
vn -0.15451 -0.86603 0.47553
vn -0.40451 -0.86603 0.29389
vn -0.50000 -0.86603 0.00000
vn -0.40451 -0.86603 -0.29389
vn -0.15451 -0.86603 -0.47553
vn 0.15451 -0.86603 -0.47553
vn 0.40451 -0.86603 -0.29389
vn 0.00000 -1.00000 0.00000
vn 0.00000 -1.00000 0.00000
vn 0.00000 -1.00000 0.00000
vn -0.00000 -1.00000 0.00000
vn -0.00000 -1.00000 0.00000
vn -0.00000 -1.00000 0.00000
vn -0.00000 -1.00000 -0.00000
vn -0.00000 -1.00000 -0.00000
vn 0.00000 -1.00000 -0.00000
vn 0.00000 -1.00000 -0.00000
vn 0.00000 1.00000 0.00000
vn 0.00000 1.00000 0.00000
vn 0.00000 1.00000 0.00000
vn -0.00000 1.00000 0.00000
vn -0.00000 1.00000 0.00000
vn -0.00000 1.00000 0.00000
vn 0.00000 1.00000 -0.00000
vn 0.00000 1.00000 -0.00000
vn 0.00000 1.00000 0.00000
vn 0.00000 1.00000 0.00000
vn 0.43388 0.90097 0.00000
vn 0.35102 0.90097 0.25503
vn 0.13408 0.90097 0.41265
vn -0.13408 0.90097 0.41265
vn -0.35102 0.90097 0.25503
vn -0.43388 0.90097 0.00000
vn -0.35102 0.90097 -0.25503
vn -0.13408 0.90097 -0.41265
vn 0.13408 0.90097 -0.41265
vn 0.35102 0.90097 -0.25503
vn 0.78183 0.62349 0.00000
vn 0.63251 0.62349 0.45955
vn 0.24160 0.62349 0.74357
vn -0.24160 0.62349 0.74357
vn -0.63251 0.62349 0.45955
vn -0.78183 0.62349 0.00000
vn -0.63251 0.62349 -0.45955
vn -0.24160 0.62349 -0.74357
vn 0.24160 0.62349 -0.74357
vn 0.63251 0.62349 -0.45955
vn 0.97493 0.22252 0.00000
vn 0.78873 0.22252 0.57305
vn 0.30127 0.22252 0.92721
vn -0.30127 0.22252 0.92721
vn -0.78873 0.22252 0.57305
vn -0.97493 0.22252 0.00000
vn -0.78873 0.22252 -0.57305
vn -0.30127 0.22252 -0.92721
vn 0.30127 0.22252 -0.92721
vn 0.78873 0.22252 -0.57305
vn 0.97493 -0.22252 0.00000
vn 0.78873 -0.22252 0.57305
vn 0.30127 -0.22252 0.92721
vn -0.30127 -0.22252 0.92721
vn -0.78873 -0.22252 0.57305
vn -0.97493 -0.22252 0.00000
vn -0.78873 -0.22252 -0.57305
vn -0.30127 -0.22252 -0.92721
vn 0.30127 -0.22252 -0.92721
vn 0.78873 -0.22252 -0.57305
vn 0.78183 -0.62349 0.00000
vn 0.63251 -0.62349 0.45955
vn 0.24160 -0.62349 0.74357
vn -0.24160 -0.62349 0.74357
vn -0.63251 -0.62349 0.45955
vn -0.78183 -0.62349 0.00000
vn -0.63251 -0.62349 -0.45955
vn -0.24160 -0.62349 -0.74357
vn 0.24160 -0.62349 -0.74357
vn 0.63251 -0.62349 -0.45955
vn 0.43388 -0.90097 0.00000
vn 0.35102 -0.90097 0.25503
vn 0.13408 -0.90097 0.41265
vn -0.13408 -0.90097 0.41265
vn -0.35102 -0.90097 0.25503
vn -0.43388 -0.90097 0.00000
vn -0.35102 -0.90097 -0.25503
vn -0.13408 -0.90097 -0.41265
vn 0.13408 -0.90097 -0.41265
vn 0.35102 -0.90097 -0.25503
vn 0.00000 -1.00000 0.00000
vn 0.00000 -1.00000 0.00000
vn 0.00000 -1.00000 0.00000
vn -0.00000 -1.00000 0.00000
vn -0.00000 -1.00000 0.00000
vn -0.00000 -1.00000 0.00000
vn -0.00000 -1.00000 -0.00000
vn -0.00000 -1.00000 -0.00000
vn 0.00000 -1.00000 -0.00000
vn 0.00000 -1.00000 -0.00000
vn 0.00000 1.00000 0.00000
vn 0.00000 1.00000 0.00000
vn 0.00000 1.00000 0.00000
vn -0.00000 1.00000 0.00000
vn -0.00000 1.00000 0.00000
vn 0.00000 1.00000 -0.00000
vn 0.00000 1.00000 -0.00000
vn 0.00000 1.00000 0.00000
vn 0.00000 1.00000 0.00000
vn 0.50000 0.86603 0.00000
vn 0.38302 0.86603 0.32139
vn 0.08682 0.86603 0.49240
vn -0.25000 0.86603 0.43301
vn -0.46985 0.86603 0.17101
vn -0.46985 0.86603 -0.17101
vn -0.25000 0.86603 -0.43301
vn 0.08682 0.86603 -0.49240
vn 0.38302 0.86603 -0.32139
vn 0.86603 0.50000 0.00000
vn 0.66341 0.50000 0.55667
vn 0.15038 0.50000 0.85287
vn -0.43301 0.50000 0.75000
vn -0.81380 0.50000 0.29620
vn -0.81380 0.50000 -0.29620
vn -0.43301 0.50000 -0.75000
vn 0.15038 0.50000 -0.85287
vn 0.66341 0.50000 -0.55667
vn 1.00000 0.00000 0.00000
vn 0.76604 0.00000 0.64279
vn 0.17365 0.00000 0.98481
vn -0.50000 0.00000 0.86603
vn -0.93969 0.00000 0.34202
vn -0.93969 0.00000 -0.34202
vn -0.50000 0.00000 -0.86603
vn 0.17365 0.00000 -0.98481
vn 0.76604 0.00000 -0.64279
vn 0.86603 -0.50000 0.00000
vn 0.66341 -0.50000 0.55667
vn 0.15038 -0.50000 0.85287
vn -0.43301 -0.50000 0.75000
vn -0.81380 -0.50000 0.29620
vn -0.81380 -0.50000 -0.29620
vn -0.43301 -0.50000 -0.75000
vn 0.15038 -0.50000 -0.85287
vn 0.66341 -0.50000 -0.55667
vn 0.50000 -0.86603 0.00000
vn 0.38302 -0.86603 0.32139
vn 0.08682 -0.86603 0.49240
vn -0.25000 -0.86603 0.43301
vn -0.46985 -0.86603 0.17101
vn -0.46985 -0.86603 -0.17101
vn -0.25000 -0.86603 -0.43301
vn 0.08682 -0.86603 -0.49240
vn 0.38302 -0.86603 -0.32139
vn 0.00000 -1.00000 0.00000
vn 0.00000 -1.00000 0.00000
vn 0.00000 -1.00000 0.00000
vn -0.00000 -1.00000 0.00000
vn -0.00000 -1.00000 0.00000
vn -0.00000 -1.00000 -0.00000
vn -0.00000 -1.00000 -0.00000
vn 0.00000 -1.00000 -0.00000
vn 0.00000 -1.00000 -0.00000
vn 0.00000 1.00000 0.00000
vn 0.00000 1.00000 0.00000
vn 0.00000 1.00000 0.00000
vn -0.00000 1.00000 0.00000
vn -0.00000 1.00000 0.00000
vn 0.00000 1.00000 -0.00000
vn 0.00000 1.00000 -0.00000
vn 0.00000 1.00000 0.00000
vn 0.58779 0.80902 0.00000
vn 0.41563 0.80902 0.41563
vn 0.00000 0.80902 0.58779
vn -0.41563 0.80902 0.41563
vn -0.58779 0.80902 0.00000
vn -0.41563 0.80902 -0.41563
vn -0.00000 0.80902 -0.58779
vn 0.41563 0.80902 -0.41563
vn 0.95106 0.30902 0.00000
vn 0.67250 0.30902 0.67250
vn 0.00000 0.30902 0.95106
vn -0.67250 0.30902 0.67250
vn -0.95106 0.30902 0.00000
vn -0.67250 0.30902 -0.67250
vn -0.00000 0.30902 -0.95106
vn 0.67250 0.30902 -0.67250
vn 0.95106 -0.30902 0.00000
vn 0.67250 -0.30902 0.67250
vn 0.00000 -0.30902 0.95106
vn -0.67250 -0.30902 0.67250
vn -0.95106 -0.30902 0.00000
vn -0.67250 -0.30902 -0.67250
vn -0.00000 -0.30902 -0.95106
vn 0.67250 -0.30902 -0.67250
vn 0.58779 -0.80902 0.00000
vn 0.41563 -0.80902 0.41563
vn 0.00000 -0.80902 0.58779
vn -0.41563 -0.80902 0.41563
vn -0.58779 -0.80902 0.00000
vn -0.41563 -0.80902 -0.41563
vn -0.00000 -0.80902 -0.58779
vn 0.41563 -0.80902 -0.41563
vn 0.00000 -1.00000 0.00000
vn 0.00000 -1.00000 0.00000
vn 0.00000 -1.00000 0.00000
vn -0.00000 -1.00000 0.00000
vn -0.00000 -1.00000 0.00000
vn -0.00000 -1.00000 -0.00000
vn -0.00000 -1.00000 -0.00000
vn 0.00000 -1.00000 -0.00000
vn 0.00000 0.00000 -1.00000
vn 0.00000 0.00000 1.00000
vn -1.00000 0.00000 0.00000
vn 1.00000 0.00000 0.00000
vn 0.00000 1.00000 0.00000
vn 0.00000 -1.00000 0.00000
vn 0.00000 1.00000 0.00000
vn 0.00000 1.00000 0.00000
vn -0.00000 1.00000 0.00000
vn 0.00000 1.00000 -0.00000
vn 0.00000 1.00000 0.00000
vn 0.86603 0.50000 0.00000
vn 0.26762 0.50000 0.82364
vn -0.70063 0.50000 0.50904
vn -0.70063 0.50000 -0.50904
vn 0.26762 0.50000 -0.82364
vn 0.86603 -0.50000 0.00000
vn 0.26762 -0.50000 0.82364
vn -0.70063 -0.50000 0.50904
vn -0.70063 -0.50000 -0.50904
vn 0.26762 -0.50000 -0.82364
vn 0.00000 -1.00000 0.00000
vn 0.00000 -1.00000 0.00000
vn -0.00000 -1.00000 0.00000
vn -0.00000 -1.00000 -0.00000
vn 0.00000 -1.00000 -0.00000
vn 0.00000 0.99002 0.14089
vn 0.00000 0.99002 0.14089
vn 0.00000 0.99002 0.14089
vn 0.00000 0.99002 0.14089
vn 0.00000 0.99002 0.14089
vn -0.00000 0.99002 0.14089
vn -0.00000 0.99002 0.14089
vn -0.00000 0.99002 0.14089
vn -0.00000 0.99002 0.14089
vn 0.00000 0.92783 -0.37300
vn 0.32139 0.91135 -0.25719
vn 0.49240 0.86962 0.03606
vn 0.43301 0.82216 0.36952
vn 0.17101 0.79119 0.58717
vn -0.17101 0.79119 0.58717
vn -0.43301 0.82216 0.36952
vn -0.49240 0.86962 0.03606
vn -0.32139 0.91135 -0.25719
vn 0.00000 0.61703 -0.78694
vn 0.55667 0.58848 -0.58635
vn 0.85287 0.51620 -0.07844
vn 0.75000 0.43401 0.49914
vn 0.29620 0.38036 0.87612
vn -0.29620 0.38036 0.87612
vn -0.75000 0.43401 0.49914
vn -0.85287 0.51620 -0.07844
vn -0.55667 0.58848 -0.58635
vn 0.00000 0.14089 -0.99002
vn 0.64279 0.10793 -0.75840
vn 0.98481 0.02447 -0.17192
vn 0.86602 -0.07045 0.49501
vn 0.34202 -0.13239 0.93032
vn -0.34202 -0.13239 0.93032
vn -0.86602 -0.07045 0.49501
vn -0.98481 0.02447 -0.17192
vn -0.64279 0.10793 -0.75840
vn 0.00000 0.14089 -0.99002
vn 0.64279 0.10793 -0.75840
vn 0.98481 0.02447 -0.17192
vn 0.86602 -0.07045 0.49501
vn 0.34202 -0.13239 0.93032
vn -0.34202 -0.13239 0.93032
vn -0.86602 -0.07045 0.49501
vn -0.98481 0.02447 -0.17192
vn -0.64279 0.10793 -0.75840
vn 0.00000 0.14089 -0.99002
vn 0.64279 0.10793 -0.75840
vn 0.98481 0.02447 -0.17192
vn 0.86602 -0.07045 0.49501
vn 0.34202 -0.13239 0.93032
vn -0.34202 -0.13239 0.93032
vn -0.86602 -0.07045 0.49501
vn -0.98481 0.02447 -0.17192
vn -0.64279 0.10793 -0.75840
vn 0.00000 0.14089 -0.99002
vn 0.64279 0.10793 -0.75840
vn 0.98481 0.02447 -0.17192
vn 0.86602 -0.07045 0.49501
vn 0.34202 -0.13239 0.93032
vn -0.34202 -0.13239 0.93032
vn -0.86602 -0.07045 0.49501
vn -0.98481 0.02447 -0.17192
vn -0.64279 0.10793 -0.75840
vn 0.00000 0.14089 -0.99002
vn 0.64279 0.10793 -0.75840
vn 0.98481 0.02447 -0.17192
vn 0.86602 -0.07045 0.49501
vn 0.34202 -0.13239 0.93032
vn -0.34202 -0.13239 0.93032
vn -0.86602 -0.07045 0.49501
vn -0.98481 0.02447 -0.17192
vn -0.64279 0.10793 -0.75840
vn 0.00000 0.14089 -0.99002
vn 0.64279 0.10793 -0.75840
vn 0.98481 0.02447 -0.17192
vn 0.86602 -0.07045 0.49501
vn 0.34202 -0.13239 0.93032
vn -0.34202 -0.13239 0.93032
vn -0.86602 -0.07045 0.49501
vn -0.98481 0.02447 -0.17192
vn -0.64279 0.10793 -0.75840
vn 0.00000 0.14089 -0.99002
vn 0.64279 0.10793 -0.75840
vn 0.98481 0.02447 -0.17192
vn 0.86602 -0.07045 0.49501
vn 0.34202 -0.13239 0.93032
vn -0.34202 -0.13239 0.93032
vn -0.86602 -0.07045 0.49501
vn -0.98481 0.02447 -0.17192
vn -0.64279 0.10793 -0.75840
vn 0.00000 -0.37300 -0.92783
vn 0.55667 -0.40154 -0.72724
vn 0.85287 -0.47382 -0.21933
vn 0.75000 -0.55602 0.35825
vn 0.29620 -0.60967 0.73524
vn -0.29620 -0.60967 0.73524
vn -0.75000 -0.55602 0.35825
vn -0.85287 -0.47382 -0.21933
vn -0.55667 -0.40154 -0.72724
vn 0.00000 -0.78694 -0.61703
vn 0.32139 -0.80342 -0.50122
vn 0.49240 -0.84515 -0.20797
vn 0.43301 -0.89261 0.12549
vn 0.17101 -0.92358 0.34315
vn -0.17101 -0.92358 0.34315
vn -0.43301 -0.89261 0.12549
vn -0.49240 -0.84515 -0.20797
vn -0.32139 -0.80342 -0.50122
vn 0.00000 -0.99002 -0.14089
vn 0.00000 -0.99002 -0.14089
vn 0.00000 -0.99002 -0.14089
vn 0.00000 -0.99002 -0.14089
vn 0.00000 -0.99002 -0.14089
vn -0.00000 -0.99002 -0.14089
vn -0.00000 -0.99002 -0.14089
vn -0.00000 -0.99002 -0.14089
vn -0.00000 -0.99002 -0.14089
vn 0.00000 1.00000 0.00000
vn 0.00000 1.00000 0.00000
vn 0.00000 1.00000 0.00000
vn -0.00000 1.00000 0.00000
vn -0.00000 1.00000 0.00000
vn 0.00000 1.00000 -0.00000
vn 0.00000 1.00000 -0.00000
vn 0.00000 1.00000 0.00000
vn 0.58779 0.80902 0.00000
vn 0.41563 0.80902 0.41563
vn 0.00000 0.80902 0.58779
vn -0.41563 0.80902 0.41563
vn -0.58779 0.80902 0.00000
vn -0.41563 0.80902 -0.41563
vn -0.00000 0.80902 -0.58779
vn 0.41563 0.80902 -0.41563
vn 0.95106 0.30902 0.00000
vn 0.67250 0.30902 0.67250
vn 0.00000 0.30902 0.95106
vn -0.67250 0.30902 0.67250
vn -0.95106 0.30902 0.00000
vn -0.67250 0.30902 -0.67250
vn -0.00000 0.30902 -0.95106
vn 0.67250 0.30902 -0.67250
vn 0.95106 -0.30902 0.00000
vn 0.67250 -0.30902 0.67250
vn 0.00000 -0.30902 0.95106
vn -0.67250 -0.30902 0.67250
vn -0.95106 -0.30902 0.00000
vn -0.67250 -0.30902 -0.67250
vn -0.00000 -0.30902 -0.95106
vn 0.67250 -0.30902 -0.67250
vn 0.58779 -0.80902 0.00000
vn 0.41563 -0.80902 0.41563
vn 0.00000 -0.80902 0.58779
vn -0.41563 -0.80902 0.41563
vn -0.58779 -0.80902 0.00000
vn -0.41563 -0.80902 -0.41563
vn -0.00000 -0.80902 -0.58779
vn 0.41563 -0.80902 -0.41563
vn 0.00000 -1.00000 0.00000
vn 0.00000 -1.00000 0.00000
vn 0.00000 -1.00000 0.00000
vn -0.00000 -1.00000 0.00000
vn -0.00000 -1.00000 0.00000
vn -0.00000 -1.00000 -0.00000
vn -0.00000 -1.00000 -0.00000
vn 0.00000 -1.00000 -0.00000
vn 0.00000 0.99977 0.02150
vn 0.00000 0.99977 0.02150
vn 0.00000 0.99977 0.02150
vn 0.00000 0.99977 0.02150
vn 0.00000 0.99977 0.02150
vn -0.00000 0.99977 0.02150
vn -0.00000 0.99977 0.02150
vn -0.00000 0.99977 0.02150
vn 0.00000 0.87657 -0.48127
vn 0.35355 0.87342 -0.33486
vn 0.50000 0.86582 0.01862
vn 0.35355 0.85822 0.37209
vn 0.00000 0.85508 0.51850
vn -0.35355 0.85822 0.37209
vn -0.50000 0.86582 0.01862
vn -0.35355 0.87342 -0.33486
vn 0.00000 0.51850 -0.85508
vn 0.61237 0.51305 -0.60148
vn 0.86602 0.49988 0.01075
vn 0.61237 0.48672 0.62298
vn 0.00000 0.48127 0.87657
vn -0.61237 0.48672 0.62298
vn -0.86602 0.49988 0.01075
vn -0.61237 0.51305 -0.60148
vn 0.00000 0.02150 -0.99977
vn 0.70711 0.01520 -0.70694
vn 1.00000 0.00000 -0.00000
vn 0.70711 -0.01520 0.70694
vn 0.00000 -0.02150 0.99977
vn -0.70711 -0.01520 0.70694
vn -1.00000 0.00000 0.00000
vn -0.70711 0.01520 -0.70694
vn 0.00000 0.02150 -0.99977
vn 0.70711 0.01520 -0.70694
vn 1.00000 0.00000 -0.00000
vn 0.70711 -0.01520 0.70694
vn 0.00000 -0.02150 0.99977
vn -0.70711 -0.01520 0.70694
vn -1.00000 -0.00000 0.00000
vn -0.70711 0.01520 -0.70694
vn 0.00000 0.02150 -0.99977
vn 0.70711 0.01520 -0.70694
vn 1.00000 0.00000 -0.00000
vn 0.70711 -0.01520 0.70694
vn 0.00000 -0.02150 0.99977
vn -0.70711 -0.01520 0.70694
vn -1.00000 -0.00000 0.00000
vn -0.70711 0.01520 -0.70694
vn 0.00000 0.02150 -0.99977
vn 0.70711 0.01520 -0.70694
vn 1.00000 0.00000 -0.00000
vn 0.70711 -0.01520 0.70694
vn 0.00000 -0.02150 0.99977
vn -0.70711 -0.01520 0.70694
vn -1.00000 -0.00000 0.00000
vn -0.70711 0.01520 -0.70694
vn 0.00000 0.02150 -0.99977
vn 0.70711 0.01520 -0.70694
vn 1.00000 0.00000 -0.00000
vn 0.70711 -0.01520 0.70694
vn 0.00000 -0.02150 0.99977
vn -0.70711 -0.01520 0.70694
vn -1.00000 -0.00000 0.00000
vn -0.70711 0.01520 -0.70694
vn 0.00000 0.02150 -0.99977
vn 0.70711 0.01520 -0.70694
vn 1.00000 0.00000 -0.00000
vn 0.70711 -0.01520 0.70694
vn 0.00000 -0.02150 0.99977
vn -0.70711 -0.01520 0.70694
vn -1.00000 -0.00000 0.00000
vn -0.70711 0.01520 -0.70694
vn 0.00000 0.02150 -0.99977
vn 0.70711 0.01520 -0.70694
vn 1.00000 0.00000 -0.00000
vn 0.70711 -0.01520 0.70694
vn 0.00000 -0.02150 0.99977
vn -0.70711 -0.01520 0.70694
vn -1.00000 -0.00000 0.00000
vn -0.70711 0.01520 -0.70694
vn 0.00000 0.02150 -0.99977
vn 0.70711 0.01520 -0.70694
vn 1.00000 0.00000 -0.00000
vn 0.70711 -0.01520 0.70694
vn 0.00000 -0.02150 0.99977
vn -0.70711 -0.01520 0.70694
vn -1.00000 -0.00000 0.00000
vn -0.70711 0.01520 -0.70694
vn 0.00000 0.02150 -0.99977
vn 0.70711 0.01520 -0.70694
vn 1.00000 0.00000 -0.00000
vn 0.70711 -0.01520 0.70694
vn 0.00000 -0.02150 0.99977
vn -0.70711 -0.01520 0.70694
vn -1.00000 -0.00000 0.00000
vn -0.70711 0.01520 -0.70694
vn 0.00000 -0.48127 -0.87657
vn 0.61237 -0.48672 -0.62298
vn 0.86602 -0.49988 -0.01075
vn 0.61237 -0.51305 0.60148
vn 0.00000 -0.51850 0.85508
vn -0.61237 -0.51305 0.60148
vn -0.86602 -0.49988 -0.01075
vn -0.61237 -0.48672 -0.62298
vn 0.00000 -0.85508 -0.51850
vn 0.35355 -0.85822 -0.37209
vn 0.50000 -0.86582 -0.01862
vn 0.35355 -0.87342 0.33486
vn 0.00000 -0.87657 0.48127
vn -0.35355 -0.87342 0.33486
vn -0.50000 -0.86582 -0.01862
vn -0.35355 -0.85822 -0.37209
vn 0.00000 -0.99977 -0.02150
vn 0.00000 -0.99977 -0.02150
vn 0.00000 -0.99977 -0.02150
vn 0.00000 -0.99977 -0.02150
vn 0.00000 -0.99977 -0.02150
vn -0.00000 -0.99977 -0.02150
vn -0.00000 -0.99977 -0.02150
vn -0.00000 -0.99977 -0.02150
vn 0.00000 1.00000 0.00000
vn 0.00000 1.00000 0.00000
vn 0.00000 1.00000 0.00000
vn -0.00000 1.00000 0.00000
vn -0.00000 1.00000 0.00000
vn 0.00000 1.00000 -0.00000
vn 0.00000 1.00000 -0.00000
vn 0.00000 1.00000 0.00000
vn 0.70711 0.70711 0.00000
vn 0.50000 0.70711 0.50000
vn 0.00000 0.70711 0.70711
vn -0.50000 0.70711 0.50000
vn -0.70711 0.70711 0.00000
vn -0.50000 0.70711 -0.50000
vn -0.00000 0.70711 -0.70711
vn 0.50000 0.70711 -0.50000
vn 1.00000 0.00000 0.00000
vn 0.70711 0.00000 0.70711
vn 0.00000 0.00000 1.00000
vn -0.70711 0.00000 0.70711
vn -1.00000 0.00000 0.00000
vn -0.70711 0.00000 -0.70711
vn -0.00000 0.00000 -1.00000
vn 0.70711 0.00000 -0.70711
vn 0.70711 -0.70711 0.00000
vn 0.50000 -0.70711 0.50000
vn 0.00000 -0.70711 0.70711
vn -0.50000 -0.70711 0.50000
vn -0.70711 -0.70711 0.00000
vn -0.50000 -0.70711 -0.50000
vn -0.00000 -0.70711 -0.70711
vn 0.50000 -0.70711 -0.50000
vn 0.00000 -1.00000 0.00000
vn 0.00000 -1.00000 0.00000
vn 0.00000 -1.00000 0.00000
vn -0.00000 -1.00000 0.00000
vn -0.00000 -1.00000 0.00000
vn -0.00000 -1.00000 -0.00000
vn -0.00000 -1.00000 -0.00000
vn 0.00000 -1.00000 -0.00000
vn 0.00000 1.00000 0.00000
vn 0.00000 1.00000 0.00000
vn 0.00000 1.00000 0.00000
vn -0.00000 1.00000 0.00000
vn -0.00000 1.00000 0.00000
vn -0.00000 1.00000 0.00000
vn 0.00000 1.00000 -0.00000
vn 0.00000 1.00000 -0.00000
vn 0.00000 1.00000 0.00000
vn 0.00000 1.00000 0.00000
vn 0.50000 0.86603 0.00000
vn 0.40451 0.86603 0.29389
vn 0.15451 0.86603 0.47553
vn -0.15451 0.86603 0.47553
vn -0.40451 0.86603 0.29389
vn -0.50000 0.86603 0.00000
vn -0.40451 0.86603 -0.29389
vn -0.15451 0.86603 -0.47553
vn 0.15451 0.86603 -0.47553
vn 0.40451 0.86603 -0.29389
vn 0.86603 0.50000 0.00000
vn 0.70063 0.50000 0.50904
vn 0.26762 0.50000 0.82364
vn -0.26762 0.50000 0.82364
vn -0.70063 0.50000 0.50904
vn -0.86603 0.50000 0.00000
vn -0.70063 0.50000 -0.50904
vn -0.26762 0.50000 -0.82364
vn 0.26762 0.50000 -0.82364
vn 0.70063 0.50000 -0.50904
vn 1.00000 0.00000 0.00000
vn 0.80902 0.00000 0.58779
vn 0.30902 0.00000 0.95106
vn -0.30902 0.00000 0.95106
vn -0.80902 0.00000 0.58779
vn -1.00000 0.00000 0.00000
vn -0.80902 0.00000 -0.58779
vn -0.30902 0.00000 -0.95106
vn 0.30902 0.00000 -0.95106
vn 0.80902 0.00000 -0.58779
vn 0.86603 -0.50000 0.00000
vn 0.70063 -0.50000 0.50904
vn 0.26762 -0.50000 0.82364
vn -0.26762 -0.50000 0.82364
vn -0.70063 -0.50000 0.50904
vn -0.86603 -0.50000 0.00000
vn -0.70063 -0.50000 -0.50904
vn -0.26762 -0.50000 -0.82364
vn 0.26762 -0.50000 -0.82364
vn 0.70063 -0.50000 -0.50904
vn 0.50000 -0.86603 0.00000
vn 0.40451 -0.86603 0.29389
vn 0.15451 -0.86603 0.47553
vn -0.15451 -0.86603 0.47553
vn -0.40451 -0.86603 0.29389
vn -0.50000 -0.86603 0.00000
vn -0.40451 -0.86603 -0.29389
vn -0.15451 -0.86603 -0.47553
vn 0.15451 -0.86603 -0.47553
vn 0.40451 -0.86603 -0.29389
vn 0.00000 -1.00000 0.00000
vn 0.00000 -1.00000 0.00000
vn 0.00000 -1.00000 0.00000
vn -0.00000 -1.00000 0.00000
vn -0.00000 -1.00000 0.00000
vn -0.00000 -1.00000 0.00000
vn -0.00000 -1.00000 -0.00000
vn -0.00000 -1.00000 -0.00000
vn 0.00000 -1.00000 -0.00000
vn 0.00000 -1.00000 -0.00000
vn 0.00000 1.00000 0.00000
vn 0.00000 1.00000 0.00000
vn 0.00000 1.00000 0.00000
vn -0.00000 1.00000 0.00000
vn -0.00000 1.00000 0.00000
vn -0.00000 1.00000 0.00000
vn 0.00000 1.00000 -0.00000
vn 0.00000 1.00000 -0.00000
vn 0.00000 1.00000 0.00000
vn 0.00000 1.00000 0.00000
vn 0.43388 0.90097 0.00000
vn 0.35102 0.90097 0.25503
vn 0.13408 0.90097 0.41265
vn -0.13408 0.90097 0.41265
vn -0.35102 0.90097 0.25503
vn -0.43388 0.90097 0.00000
vn -0.35102 0.90097 -0.25503
vn -0.13408 0.90097 -0.41265
vn 0.13408 0.90097 -0.41265
vn 0.35102 0.90097 -0.25503
vn 0.78183 0.62349 0.00000
vn 0.63251 0.62349 0.45955
vn 0.24160 0.62349 0.74357
vn -0.24160 0.62349 0.74357
vn -0.63251 0.62349 0.45955
vn -0.78183 0.62349 0.00000
vn -0.63251 0.62349 -0.45955
vn -0.24160 0.62349 -0.74357
vn 0.24160 0.62349 -0.74357
vn 0.63251 0.62349 -0.45955
vn 0.97493 0.22252 0.00000
vn 0.78873 0.22252 0.57305
vn 0.30127 0.22252 0.92721
vn -0.30127 0.22252 0.92721
vn -0.78873 0.22252 0.57305
vn -0.97493 0.22252 0.00000
vn -0.78873 0.22252 -0.57305
vn -0.30127 0.22252 -0.92721
vn 0.30127 0.22252 -0.92721
vn 0.78873 0.22252 -0.57305
vn 0.97493 -0.22252 0.00000
vn 0.78873 -0.22252 0.57305
vn 0.30127 -0.22252 0.92721
vn -0.30127 -0.22252 0.92721
vn -0.78873 -0.22252 0.57305
vn -0.97493 -0.22252 0.00000
vn -0.78873 -0.22252 -0.57305
vn -0.30127 -0.22252 -0.92721
vn 0.30127 -0.22252 -0.92721
vn 0.78873 -0.22252 -0.57305
vn 0.78183 -0.62349 0.00000
vn 0.63251 -0.62349 0.45955
vn 0.24160 -0.62349 0.74357
vn -0.24160 -0.62349 0.74357
vn -0.63251 -0.62349 0.45955
vn -0.78183 -0.62349 0.00000
vn -0.63251 -0.62349 -0.45955
vn -0.24160 -0.62349 -0.74357
vn 0.24160 -0.62349 -0.74357
vn 0.63251 -0.62349 -0.45955
vn 0.43388 -0.90097 0.00000
vn 0.35102 -0.90097 0.25503
vn 0.13408 -0.90097 0.41265
vn -0.13408 -0.90097 0.41265
vn -0.35102 -0.90097 0.25503
vn -0.43388 -0.90097 0.00000
vn -0.35102 -0.90097 -0.25503
vn -0.13408 -0.90097 -0.41265
vn 0.13408 -0.90097 -0.41265
vn 0.35102 -0.90097 -0.25503
vn 0.00000 -1.00000 0.00000
vn 0.00000 -1.00000 0.00000
vn 0.00000 -1.00000 0.00000
vn -0.00000 -1.00000 0.00000
vn -0.00000 -1.00000 0.00000
vn -0.00000 -1.00000 0.00000
vn -0.00000 -1.00000 -0.00000
vn -0.00000 -1.00000 -0.00000
vn 0.00000 -1.00000 -0.00000
vn 0.00000 -1.00000 -0.00000
vn 0.00000 1.00000 0.00000
vn 0.00000 1.00000 0.00000
vn 0.00000 1.00000 0.00000
vn -0.00000 1.00000 0.00000
vn -0.00000 1.00000 0.00000
vn 0.00000 1.00000 -0.00000
vn 0.00000 1.00000 -0.00000
vn 0.00000 1.00000 0.00000
vn 0.00000 1.00000 0.00000
vn 0.50000 0.86603 0.00000
vn 0.38302 0.86603 0.32139
vn 0.08682 0.86603 0.49240
vn -0.25000 0.86603 0.43301
vn -0.46985 0.86603 0.17101
vn -0.46985 0.86603 -0.17101
vn -0.25000 0.86603 -0.43301
vn 0.08682 0.86603 -0.49240
vn 0.38302 0.86603 -0.32139
vn 0.86603 0.50000 0.00000
vn 0.66341 0.50000 0.55667
vn 0.15038 0.50000 0.85287
vn -0.43301 0.50000 0.75000
vn -0.81380 0.50000 0.29620
vn -0.81380 0.50000 -0.29620
vn -0.43301 0.50000 -0.75000
vn 0.15038 0.50000 -0.85287
vn 0.66341 0.50000 -0.55667
vn 1.00000 0.00000 0.00000
vn 0.76604 0.00000 0.64279
vn 0.17365 0.00000 0.98481
vn -0.50000 0.00000 0.86603
vn -0.93969 0.00000 0.34202
vn -0.93969 0.00000 -0.34202
vn -0.50000 0.00000 -0.86603
vn 0.17365 0.00000 -0.98481
vn 0.76604 0.00000 -0.64279
vn 0.86603 -0.50000 0.00000
vn 0.66341 -0.50000 0.55667
vn 0.15038 -0.50000 0.85287
vn -0.43301 -0.50000 0.75000
vn -0.81380 -0.50000 0.29620
vn -0.81380 -0.50000 -0.29620
vn -0.43301 -0.50000 -0.75000
vn 0.15038 -0.50000 -0.85287
vn 0.66341 -0.50000 -0.55667
vn 0.50000 -0.86603 0.00000
vn 0.38302 -0.86603 0.32139
vn 0.08682 -0.86603 0.49240
vn -0.25000 -0.86603 0.43301
vn -0.46985 -0.86603 0.17101
vn -0.46985 -0.86603 -0.17101
vn -0.25000 -0.86603 -0.43301
vn 0.08682 -0.86603 -0.49240
vn 0.38302 -0.86603 -0.32139
vn 0.00000 -1.00000 0.00000
vn 0.00000 -1.00000 0.00000
vn 0.00000 -1.00000 0.00000
vn -0.00000 -1.00000 0.00000
vn -0.00000 -1.00000 0.00000
vn -0.00000 -1.00000 -0.00000
vn -0.00000 -1.00000 -0.00000
vn 0.00000 -1.00000 -0.00000
vn 0.00000 -1.00000 -0.00000
vn 0.00000 1.00000 0.00000
vn 0.00000 1.00000 0.00000
vn 0.00000 1.00000 0.00000
vn -0.00000 1.00000 0.00000
vn -0.00000 1.00000 0.00000
vn 0.00000 1.00000 -0.00000
vn 0.00000 1.00000 -0.00000
vn 0.00000 1.00000 0.00000
vn 0.58779 0.80902 0.00000
vn 0.41563 0.80902 0.41563
vn 0.00000 0.80902 0.58779
vn -0.41563 0.80902 0.41563
vn -0.58779 0.80902 0.00000
vn -0.41563 0.80902 -0.41563
vn -0.00000 0.80902 -0.58779
vn 0.41563 0.80902 -0.41563
vn 0.95106 0.30902 0.00000
vn 0.67250 0.30902 0.67250
vn 0.00000 0.30902 0.95106
vn -0.67250 0.30902 0.67250
vn -0.95106 0.30902 0.00000
vn -0.67250 0.30902 -0.67250
vn -0.00000 0.30902 -0.95106
vn 0.67250 0.30902 -0.67250
vn 0.95106 -0.30902 0.00000
vn 0.67250 -0.30902 0.67250
vn 0.00000 -0.30902 0.95106
vn -0.67250 -0.30902 0.67250
vn -0.95106 -0.30902 0.00000
vn -0.67250 -0.30902 -0.67250
vn -0.00000 -0.30902 -0.95106
vn 0.67250 -0.30902 -0.67250
vn 0.58779 -0.80902 0.00000
vn 0.41563 -0.80902 0.41563
vn 0.00000 -0.80902 0.58779
vn -0.41563 -0.80902 0.41563
vn -0.58779 -0.80902 0.00000
vn -0.41563 -0.80902 -0.41563
vn -0.00000 -0.80902 -0.58779
vn 0.41563 -0.80902 -0.41563
vn 0.00000 -1.00000 0.00000
vn 0.00000 -1.00000 0.00000
vn 0.00000 -1.00000 0.00000
vn -0.00000 -1.00000 0.00000
vn -0.00000 -1.00000 0.00000
vn -0.00000 -1.00000 -0.00000
vn -0.00000 -1.00000 -0.00000
vn 0.00000 -1.00000 -0.00000
vn 0.00000 0.00000 -1.00000
vn 0.00000 0.00000 1.00000
vn -1.00000 0.00000 0.00000
vn 1.00000 0.00000 0.00000
vn 0.00000 1.00000 0.00000
vn 0.00000 -1.00000 0.00000
vn 0.00000 1.00000 0.00000
vn 0.00000 1.00000 0.00000
vn -0.00000 1.00000 0.00000
vn 0.00000 1.00000 -0.00000
vn 0.00000 1.00000 0.00000
vn 0.86603 0.50000 0.00000
vn 0.26762 0.50000 0.82364
vn -0.70063 0.50000 0.50904
vn -0.70063 0.50000 -0.50904
vn 0.26762 0.50000 -0.82364
vn 0.86603 -0.50000 0.00000
vn 0.26762 -0.50000 0.82364
vn -0.70063 -0.50000 0.50904
vn -0.70063 -0.50000 -0.50904
vn 0.26762 -0.50000 -0.82364
vn 0.00000 -1.00000 0.00000
vn 0.00000 -1.00000 0.00000
vn -0.00000 -1.00000 0.00000
vn -0.00000 -1.00000 -0.00000
vn 0.00000 -1.00000 -0.00000
vt 0.00000 0.00000
vt 0.08333 0.00000
vt 0.16667 0.00000
vt 0.25000 0.00000
vt 0.33333 0.00000
vt 0.41667 0.00000
vt 0.50000 0.00000
vt 0.58333 0.00000
vt 0.66667 0.00000
vt 0.75000 0.00000
vt 0.83333 0.00000
vt 0.91667 0.00000
vt 0.00000 0.12500
vt 0.08333 0.12500
vt 0.16667 0.12500
vt 0.25000 0.12500
vt 0.33333 0.12500
vt 0.41667 0.12500
vt 0.50000 0.12500
vt 0.58333 0.12500
vt 0.66667 0.12500
vt 0.75000 0.12500
vt 0.83333 0.12500
vt 0.91667 0.12500
vt 0.00000 0.25000
vt 0.08333 0.25000
vt 0.16667 0.25000
vt 0.25000 0.25000
vt 0.33333 0.25000
vt 0.41667 0.25000
vt 0.50000 0.25000
vt 0.58333 0.25000
vt 0.66667 0.25000
vt 0.75000 0.25000
vt 0.83333 0.25000
vt 0.91667 0.25000
vt 0.00000 0.37500
vt 0.08333 0.37500
vt 0.16667 0.37500
vt 0.25000 0.37500
vt 0.33333 0.37500
vt 0.41667 0.37500
vt 0.50000 0.37500
vt 0.58333 0.37500
vt 0.66667 0.37500
vt 0.75000 0.37500
vt 0.83333 0.37500
vt 0.91667 0.37500
vt 0.00000 0.50000
vt 0.08333 0.50000
vt 0.16667 0.50000
vt 0.25000 0.50000
vt 0.33333 0.50000
vt 0.41667 0.50000
vt 0.50000 0.50000
vt 0.58333 0.50000
vt 0.66667 0.50000
vt 0.75000 0.50000
vt 0.83333 0.50000
vt 0.91667 0.50000
vt 0.00000 0.62500
vt 0.08333 0.62500
vt 0.16667 0.62500
vt 0.25000 0.62500
vt 0.33333 0.62500
vt 0.41667 0.62500
vt 0.50000 0.62500
vt 0.58333 0.62500
vt 0.66667 0.62500
vt 0.75000 0.62500
vt 0.83333 0.62500
vt 0.91667 0.62500
vt 0.00000 0.75000
vt 0.08333 0.75000
vt 0.16667 0.75000
vt 0.25000 0.75000
vt 0.33333 0.75000
vt 0.41667 0.75000
vt 0.50000 0.75000
vt 0.58333 0.75000
vt 0.66667 0.75000
vt 0.75000 0.75000
vt 0.83333 0.75000
vt 0.91667 0.75000
vt 0.00000 0.87500
vt 0.08333 0.87500
vt 0.16667 0.87500
vt 0.25000 0.87500
vt 0.33333 0.87500
vt 0.41667 0.87500
vt 0.50000 0.87500
vt 0.58333 0.87500
vt 0.66667 0.87500
vt 0.75000 0.87500
vt 0.83333 0.87500
vt 0.91667 0.87500
vt 0.00000 1.00000
vt 0.08333 1.00000
vt 0.16667 1.00000
vt 0.25000 1.00000
vt 0.33333 1.00000
vt 0.41667 1.00000
vt 0.50000 1.00000
vt 0.58333 1.00000
vt 0.66667 1.00000
vt 0.75000 1.00000
vt 0.83333 1.00000
vt 0.91667 1.00000
vt 0.00000 0.00000
vt 0.10000 0.00000
vt 0.20000 0.00000
vt 0.30000 0.00000
vt 0.40000 0.00000
vt 0.50000 0.00000
vt 0.60000 0.00000
vt 0.70000 0.00000
vt 0.80000 0.00000
vt 0.90000 0.00000
vt 0.00000 0.20000
vt 0.10000 0.20000
vt 0.20000 0.20000
vt 0.30000 0.20000
vt 0.40000 0.20000
vt 0.50000 0.20000
vt 0.60000 0.20000
vt 0.70000 0.20000
vt 0.80000 0.20000
vt 0.90000 0.20000
vt 0.00000 0.40000
vt 0.10000 0.40000
vt 0.20000 0.40000
vt 0.30000 0.40000
vt 0.40000 0.40000
vt 0.50000 0.40000
vt 0.60000 0.40000
vt 0.70000 0.40000
vt 0.80000 0.40000
vt 0.90000 0.40000
vt 0.00000 0.60000
vt 0.10000 0.60000
vt 0.20000 0.60000
vt 0.30000 0.60000
vt 0.40000 0.60000
vt 0.50000 0.60000
vt 0.60000 0.60000
vt 0.70000 0.60000
vt 0.80000 0.60000
vt 0.90000 0.60000
vt 0.00000 0.80000
vt 0.10000 0.80000
vt 0.20000 0.80000
vt 0.30000 0.80000
vt 0.40000 0.80000
vt 0.50000 0.80000
vt 0.60000 0.80000
vt 0.70000 0.80000
vt 0.80000 0.80000
vt 0.90000 0.80000
vt 0.00000 1.00000
vt 0.10000 1.00000
vt 0.20000 1.00000
vt 0.30000 1.00000
vt 0.40000 1.00000
vt 0.50000 1.00000
vt 0.60000 1.00000
vt 0.70000 1.00000
vt 0.80000 1.00000
vt 0.90000 1.00000
vt 0.00000 0.00000
vt 0.16667 0.00000
vt 0.33333 0.00000
vt 0.50000 0.00000
vt 0.66667 0.00000
vt 0.83333 0.00000
vt 0.00000 0.25000
vt 0.16667 0.25000
vt 0.33333 0.25000
vt 0.50000 0.25000
vt 0.66667 0.25000
vt 0.83333 0.25000
vt 0.00000 0.50000
vt 0.16667 0.50000
vt 0.33333 0.50000
vt 0.50000 0.50000
vt 0.66667 0.50000
vt 0.83333 0.50000
vt 0.00000 0.75000
vt 0.16667 0.75000
vt 0.33333 0.75000
vt 0.50000 0.75000
vt 0.66667 0.75000
vt 0.83333 0.75000
vt 0.00000 1.00000
vt 0.16667 1.00000
vt 0.33333 1.00000
vt 0.50000 1.00000
vt 0.66667 1.00000
vt 0.83333 1.00000
vt 0.00000 0.00000
vt 0.07143 0.00000
vt 0.14286 0.00000
vt 0.21429 0.00000
vt 0.28571 0.00000
vt 0.35714 0.00000
vt 0.42857 0.00000
vt 0.50000 0.00000
vt 0.57143 0.00000
vt 0.64286 0.00000
vt 0.71429 0.00000
vt 0.78571 0.00000
vt 0.85714 0.00000
vt 0.92857 0.00000
vt 0.00000 0.08333
vt 0.07143 0.08333
vt 0.14286 0.08333
vt 0.21429 0.08333
vt 0.28571 0.08333
vt 0.35714 0.08333
vt 0.42857 0.08333
vt 0.50000 0.08333
vt 0.57143 0.08333
vt 0.64286 0.08333
vt 0.71429 0.08333
vt 0.78571 0.08333
vt 0.85714 0.08333
vt 0.92857 0.08333
vt 0.00000 0.16667
vt 0.07143 0.16667
vt 0.14286 0.16667
vt 0.21429 0.16667
vt 0.28571 0.16667
vt 0.35714 0.16667
vt 0.42857 0.16667
vt 0.50000 0.16667
vt 0.57143 0.16667
vt 0.64286 0.16667
vt 0.71429 0.16667
vt 0.78571 0.16667
vt 0.85714 0.16667
vt 0.92857 0.16667
vt 0.00000 0.25000
vt 0.07143 0.25000
vt 0.14286 0.25000
vt 0.21429 0.25000
vt 0.28571 0.25000
vt 0.35714 0.25000
vt 0.42857 0.25000
vt 0.50000 0.25000
vt 0.57143 0.25000
vt 0.64286 0.25000
vt 0.71429 0.25000
vt 0.78571 0.25000
vt 0.85714 0.25000
vt 0.92857 0.25000
vt 0.00000 0.33333
vt 0.07143 0.33333
vt 0.14286 0.33333
vt 0.21429 0.33333
vt 0.28571 0.33333
vt 0.35714 0.33333
vt 0.42857 0.33333
vt 0.50000 0.33333
vt 0.57143 0.33333
vt 0.64286 0.33333
vt 0.71429 0.33333
vt 0.78571 0.33333
vt 0.85714 0.33333
vt 0.92857 0.33333
vt 0.00000 0.41667
vt 0.07143 0.41667
vt 0.14286 0.41667
vt 0.21429 0.41667
vt 0.28571 0.41667
vt 0.35714 0.41667
vt 0.42857 0.41667
vt 0.50000 0.41667
vt 0.57143 0.41667
vt 0.64286 0.41667
vt 0.71429 0.41667
vt 0.78571 0.41667
vt 0.85714 0.41667
vt 0.92857 0.41667
vt 0.00000 0.50000
vt 0.07143 0.50000
vt 0.14286 0.50000
vt 0.21429 0.50000
vt 0.28571 0.50000
vt 0.35714 0.50000
vt 0.42857 0.50000
vt 0.50000 0.50000
vt 0.57143 0.50000
vt 0.64286 0.50000
vt 0.71429 0.50000
vt 0.78571 0.50000
vt 0.85714 0.50000
vt 0.92857 0.50000
vt 0.00000 0.58333
vt 0.07143 0.58333
vt 0.14286 0.58333
vt 0.21429 0.58333
vt 0.28571 0.58333
vt 0.35714 0.58333
vt 0.42857 0.58333
vt 0.50000 0.58333
vt 0.57143 0.58333
vt 0.64286 0.58333
vt 0.71429 0.58333
vt 0.78571 0.58333
vt 0.85714 0.58333
vt 0.92857 0.58333
vt 0.00000 0.66667
vt 0.07143 0.66667
vt 0.14286 0.66667
vt 0.21429 0.66667
vt 0.28571 0.66667
vt 0.35714 0.66667
vt 0.42857 0.66667
vt 0.50000 0.66667
vt 0.57143 0.66667
vt 0.64286 0.66667
vt 0.71429 0.66667
vt 0.78571 0.66667
vt 0.85714 0.66667
vt 0.92857 0.66667
vt 0.00000 0.75000
vt 0.07143 0.75000
vt 0.14286 0.75000
vt 0.21429 0.75000
vt 0.28571 0.75000
vt 0.35714 0.75000
vt 0.42857 0.75000
vt 0.50000 0.75000
vt 0.57143 0.75000
vt 0.64286 0.75000
vt 0.71429 0.75000
vt 0.78571 0.75000
vt 0.85714 0.75000
vt 0.92857 0.75000
vt 0.00000 0.83333
vt 0.07143 0.83333
vt 0.14286 0.83333
vt 0.21429 0.83333
vt 0.28571 0.83333
vt 0.35714 0.83333
vt 0.42857 0.83333
vt 0.50000 0.83333
vt 0.57143 0.83333
vt 0.64286 0.83333
vt 0.71429 0.83333
vt 0.78571 0.83333
vt 0.85714 0.83333
vt 0.92857 0.83333
vt 0.00000 0.91667
vt 0.07143 0.91667
vt 0.14286 0.91667
vt 0.21429 0.91667
vt 0.28571 0.91667
vt 0.35714 0.91667
vt 0.42857 0.91667
vt 0.50000 0.91667
vt 0.57143 0.91667
vt 0.64286 0.91667
vt 0.71429 0.91667
vt 0.78571 0.91667
vt 0.85714 0.91667
vt 0.92857 0.91667
vt 0.00000 1.00000
vt 0.07143 1.00000
vt 0.14286 1.00000
vt 0.21429 1.00000
vt 0.28571 1.00000
vt 0.35714 1.00000
vt 0.42857 1.00000
vt 0.50000 1.00000
vt 0.57143 1.00000
vt 0.64286 1.00000
vt 0.71429 1.00000
vt 0.78571 1.00000
vt 0.85714 1.00000
vt 0.92857 1.00000
vt 0.00000 0.00000
vt 0.08333 0.00000
vt 0.16667 0.00000
vt 0.25000 0.00000
vt 0.33333 0.00000
vt 0.41667 0.00000
vt 0.50000 0.00000
vt 0.58333 0.00000
vt 0.66667 0.00000
vt 0.75000 0.00000
vt 0.83333 0.00000
vt 0.91667 0.00000
vt 0.00000 0.10000
vt 0.08333 0.10000
vt 0.16667 0.10000
vt 0.25000 0.10000
vt 0.33333 0.10000
vt 0.41667 0.10000
vt 0.50000 0.10000
vt 0.58333 0.10000
vt 0.66667 0.10000
vt 0.75000 0.10000
vt 0.83333 0.10000
vt 0.91667 0.10000
vt 0.00000 0.20000
vt 0.08333 0.20000
vt 0.16667 0.20000
vt 0.25000 0.20000
vt 0.33333 0.20000
vt 0.41667 0.20000
vt 0.50000 0.20000
vt 0.58333 0.20000
vt 0.66667 0.20000
vt 0.75000 0.20000
vt 0.83333 0.20000
vt 0.91667 0.20000
vt 0.00000 0.30000
vt 0.08333 0.30000
vt 0.16667 0.30000
vt 0.25000 0.30000
vt 0.33333 0.30000
vt 0.41667 0.30000
vt 0.50000 0.30000
vt 0.58333 0.30000
vt 0.66667 0.30000
vt 0.75000 0.30000
vt 0.83333 0.30000
vt 0.91667 0.30000
vt 0.00000 0.40000
vt 0.08333 0.40000
vt 0.16667 0.40000
vt 0.25000 0.40000
vt 0.33333 0.40000
vt 0.41667 0.40000
vt 0.50000 0.40000
vt 0.58333 0.40000
vt 0.66667 0.40000
vt 0.75000 0.40000
vt 0.83333 0.40000
vt 0.91667 0.40000
vt 0.00000 0.50000
vt 0.08333 0.50000
vt 0.16667 0.50000
vt 0.25000 0.50000
vt 0.33333 0.50000
vt 0.41667 0.50000
vt 0.50000 0.50000
vt 0.58333 0.50000
vt 0.66667 0.50000
vt 0.75000 0.50000
vt 0.83333 0.50000
vt 0.91667 0.50000
vt 0.00000 0.60000
vt 0.08333 0.60000
vt 0.16667 0.60000
vt 0.25000 0.60000
vt 0.33333 0.60000
vt 0.41667 0.60000
vt 0.50000 0.60000
vt 0.58333 0.60000
vt 0.66667 0.60000
vt 0.75000 0.60000
vt 0.83333 0.60000
vt 0.91667 0.60000
vt 0.00000 0.70000
vt 0.08333 0.70000
vt 0.16667 0.70000
vt 0.25000 0.70000
vt 0.33333 0.70000
vt 0.41667 0.70000
vt 0.50000 0.70000
vt 0.58333 0.70000
vt 0.66667 0.70000
vt 0.75000 0.70000
vt 0.83333 0.70000
vt 0.91667 0.70000
vt 0.00000 0.80000
vt 0.08333 0.80000
vt 0.16667 0.80000
vt 0.25000 0.80000
vt 0.33333 0.80000
vt 0.41667 0.80000
vt 0.50000 0.80000
vt 0.58333 0.80000
vt 0.66667 0.80000
vt 0.75000 0.80000
vt 0.83333 0.80000
vt 0.91667 0.80000
vt 0.00000 0.90000
vt 0.08333 0.90000
vt 0.16667 0.90000
vt 0.25000 0.90000
vt 0.33333 0.90000
vt 0.41667 0.90000
vt 0.50000 0.90000
vt 0.58333 0.90000
vt 0.66667 0.90000
vt 0.75000 0.90000
vt 0.83333 0.90000
vt 0.91667 0.90000
vt 0.00000 1.00000
vt 0.08333 1.00000
vt 0.16667 1.00000
vt 0.25000 1.00000
vt 0.33333 1.00000
vt 0.41667 1.00000
vt 0.50000 1.00000
vt 0.58333 1.00000
vt 0.66667 1.00000
vt 0.75000 1.00000
vt 0.83333 1.00000
vt 0.91667 1.00000
vt 0.00000 0.00000
vt 0.08333 0.00000
vt 0.16667 0.00000
vt 0.25000 0.00000
vt 0.33333 0.00000
vt 0.41667 0.00000
vt 0.50000 0.00000
vt 0.58333 0.00000
vt 0.66667 0.00000
vt 0.75000 0.00000
vt 0.83333 0.00000
vt 0.91667 0.00000
vt 0.00000 0.10000
vt 0.08333 0.10000
vt 0.16667 0.10000
vt 0.25000 0.10000
vt 0.33333 0.10000
vt 0.41667 0.10000
vt 0.50000 0.10000
vt 0.58333 0.10000
vt 0.66667 0.10000
vt 0.75000 0.10000
vt 0.83333 0.10000
vt 0.91667 0.10000
vt 0.00000 0.20000
vt 0.08333 0.20000
vt 0.16667 0.20000
vt 0.25000 0.20000
vt 0.33333 0.20000
vt 0.41667 0.20000
vt 0.50000 0.20000
vt 0.58333 0.20000
vt 0.66667 0.20000
vt 0.75000 0.20000
vt 0.83333 0.20000
vt 0.91667 0.20000
vt 0.00000 0.30000
vt 0.08333 0.30000
vt 0.16667 0.30000
vt 0.25000 0.30000
vt 0.33333 0.30000
vt 0.41667 0.30000
vt 0.50000 0.30000
vt 0.58333 0.30000
vt 0.66667 0.30000
vt 0.75000 0.30000
vt 0.83333 0.30000
vt 0.91667 0.30000
vt 0.00000 0.40000
vt 0.08333 0.40000
vt 0.16667 0.40000
vt 0.25000 0.40000
vt 0.33333 0.40000
vt 0.41667 0.40000
vt 0.50000 0.40000
vt 0.58333 0.40000
vt 0.66667 0.40000
vt 0.75000 0.40000
vt 0.83333 0.40000
vt 0.91667 0.40000
vt 0.00000 0.50000
vt 0.08333 0.50000
vt 0.16667 0.50000
vt 0.25000 0.50000
vt 0.33333 0.50000
vt 0.41667 0.50000
vt 0.50000 0.50000
vt 0.58333 0.50000
vt 0.66667 0.50000
vt 0.75000 0.50000
vt 0.83333 0.50000
vt 0.91667 0.50000
vt 0.00000 0.60000
vt 0.08333 0.60000
vt 0.16667 0.60000
vt 0.25000 0.60000
vt 0.33333 0.60000
vt 0.41667 0.60000
vt 0.50000 0.60000
vt 0.58333 0.60000
vt 0.66667 0.60000
vt 0.75000 0.60000
vt 0.83333 0.60000
vt 0.91667 0.60000
vt 0.00000 0.70000
vt 0.08333 0.70000
vt 0.16667 0.70000
vt 0.25000 0.70000
vt 0.33333 0.70000
vt 0.41667 0.70000
vt 0.50000 0.70000
vt 0.58333 0.70000
vt 0.66667 0.70000
vt 0.75000 0.70000
vt 0.83333 0.70000
vt 0.91667 0.70000
vt 0.00000 0.80000
vt 0.08333 0.80000
vt 0.16667 0.80000
vt 0.25000 0.80000
vt 0.33333 0.80000
vt 0.41667 0.80000
vt 0.50000 0.80000
vt 0.58333 0.80000
vt 0.66667 0.80000
vt 0.75000 0.80000
vt 0.83333 0.80000
vt 0.91667 0.80000
vt 0.00000 0.90000
vt 0.08333 0.90000
vt 0.16667 0.90000
vt 0.25000 0.90000
vt 0.33333 0.90000
vt 0.41667 0.90000
vt 0.50000 0.90000
vt 0.58333 0.90000
vt 0.66667 0.90000
vt 0.75000 0.90000
vt 0.83333 0.90000
vt 0.91667 0.90000
vt 0.00000 1.00000
vt 0.08333 1.00000
vt 0.16667 1.00000
vt 0.25000 1.00000
vt 0.33333 1.00000
vt 0.41667 1.00000
vt 0.50000 1.00000
vt 0.58333 1.00000
vt 0.66667 1.00000
vt 0.75000 1.00000
vt 0.83333 1.00000
vt 0.91667 1.00000
vt 0.00000 0.00000
vt 0.12500 0.00000
vt 0.25000 0.00000
vt 0.37500 0.00000
vt 0.50000 0.00000
vt 0.62500 0.00000
vt 0.75000 0.00000
vt 0.87500 0.00000
vt 0.00000 0.20000
vt 0.12500 0.20000
vt 0.25000 0.20000
vt 0.37500 0.20000
vt 0.50000 0.20000
vt 0.62500 0.20000
vt 0.75000 0.20000
vt 0.87500 0.20000
vt 0.00000 0.40000
vt 0.12500 0.40000
vt 0.25000 0.40000
vt 0.37500 0.40000
vt 0.50000 0.40000
vt 0.62500 0.40000
vt 0.75000 0.40000
vt 0.87500 0.40000
vt 0.00000 0.60000
vt 0.12500 0.60000
vt 0.25000 0.60000
vt 0.37500 0.60000
vt 0.50000 0.60000
vt 0.62500 0.60000
vt 0.75000 0.60000
vt 0.87500 0.60000
vt 0.00000 0.80000
vt 0.12500 0.80000
vt 0.25000 0.80000
vt 0.37500 0.80000
vt 0.50000 0.80000
vt 0.62500 0.80000
vt 0.75000 0.80000
vt 0.87500 0.80000
vt 0.00000 1.00000
vt 0.12500 1.00000
vt 0.25000 1.00000
vt 0.37500 1.00000
vt 0.50000 1.00000
vt 0.62500 1.00000
vt 0.75000 1.00000
vt 0.87500 1.00000
vt 0.00000 0.00000
vt 0.12500 0.00000
vt 0.25000 0.00000
vt 0.37500 0.00000
vt 0.50000 0.00000
vt 0.62500 0.00000
vt 0.75000 0.00000
vt 0.87500 0.00000
vt 0.00000 0.20000
vt 0.12500 0.20000
vt 0.25000 0.20000
vt 0.37500 0.20000
vt 0.50000 0.20000
vt 0.62500 0.20000
vt 0.75000 0.20000
vt 0.87500 0.20000
vt 0.00000 0.40000
vt 0.12500 0.40000
vt 0.25000 0.40000
vt 0.37500 0.40000
vt 0.50000 0.40000
vt 0.62500 0.40000
vt 0.75000 0.40000
vt 0.87500 0.40000
vt 0.00000 0.60000
vt 0.12500 0.60000
vt 0.25000 0.60000
vt 0.37500 0.60000
vt 0.50000 0.60000
vt 0.62500 0.60000
vt 0.75000 0.60000
vt 0.87500 0.60000
vt 0.00000 0.80000
vt 0.12500 0.80000
vt 0.25000 0.80000
vt 0.37500 0.80000
vt 0.50000 0.80000
vt 0.62500 0.80000
vt 0.75000 0.80000
vt 0.87500 0.80000
vt 0.00000 1.00000
vt 0.12500 1.00000
vt 0.25000 1.00000
vt 0.37500 1.00000
vt 0.50000 1.00000
vt 0.62500 1.00000
vt 0.75000 1.00000
vt 0.87500 1.00000
vt 0.00000 0.00000
vt 0.12500 0.00000
vt 0.25000 0.00000
vt 0.37500 0.00000
vt 0.50000 0.00000
vt 0.62500 0.00000
vt 0.75000 0.00000
vt 0.87500 0.00000
vt 0.00000 0.25000
vt 0.12500 0.25000
vt 0.25000 0.25000
vt 0.37500 0.25000
vt 0.50000 0.25000
vt 0.62500 0.25000
vt 0.75000 0.25000
vt 0.87500 0.25000
vt 0.00000 0.50000
vt 0.12500 0.50000
vt 0.25000 0.50000
vt 0.37500 0.50000
vt 0.50000 0.50000
vt 0.62500 0.50000
vt 0.75000 0.50000
vt 0.87500 0.50000
vt 0.00000 0.75000
vt 0.12500 0.75000
vt 0.25000 0.75000
vt 0.37500 0.75000
vt 0.50000 0.75000
vt 0.62500 0.75000
vt 0.75000 0.75000
vt 0.87500 0.75000
vt 0.00000 1.00000
vt 0.12500 1.00000
vt 0.25000 1.00000
vt 0.37500 1.00000
vt 0.50000 1.00000
vt 0.62500 1.00000
vt 0.75000 1.00000
vt 0.87500 1.00000
vt 0.00000 0.00000
vt 0.12500 0.00000
vt 0.25000 0.00000
vt 0.37500 0.00000
vt 0.50000 0.00000
vt 0.62500 0.00000
vt 0.75000 0.00000
vt 0.87500 0.00000
vt 0.00000 0.20000
vt 0.12500 0.20000
vt 0.25000 0.20000
vt 0.37500 0.20000
vt 0.50000 0.20000
vt 0.62500 0.20000
vt 0.75000 0.20000
vt 0.87500 0.20000
vt 0.00000 0.40000
vt 0.12500 0.40000
vt 0.25000 0.40000
vt 0.37500 0.40000
vt 0.50000 0.40000
vt 0.62500 0.40000
vt 0.75000 0.40000
vt 0.87500 0.40000
vt 0.00000 0.60000
vt 0.12500 0.60000
vt 0.25000 0.60000
vt 0.37500 0.60000
vt 0.50000 0.60000
vt 0.62500 0.60000
vt 0.75000 0.60000
vt 0.87500 0.60000
vt 0.00000 0.80000
vt 0.12500 0.80000
vt 0.25000 0.80000
vt 0.37500 0.80000
vt 0.50000 0.80000
vt 0.62500 0.80000
vt 0.75000 0.80000
vt 0.87500 0.80000
vt 0.00000 1.00000
vt 0.12500 1.00000
vt 0.25000 1.00000
vt 0.37500 1.00000
vt 0.50000 1.00000
vt 0.62500 1.00000
vt 0.75000 1.00000
vt 0.87500 1.00000
vt 0.00000 0.00000
vt 0.20000 0.00000
vt 0.40000 0.00000
vt 0.60000 0.00000
vt 0.80000 0.00000
vt 0.00000 0.33333
vt 0.20000 0.33333
vt 0.40000 0.33333
vt 0.60000 0.33333
vt 0.80000 0.33333
vt 0.00000 0.66667
vt 0.20000 0.66667
vt 0.40000 0.66667
vt 0.60000 0.66667
vt 0.80000 0.66667
vt 0.00000 1.00000
vt 0.20000 1.00000
vt 0.40000 1.00000
vt 0.60000 1.00000
vt 0.80000 1.00000
vt 0.00000 0.00000
vt 0.20000 0.00000
vt 0.40000 0.00000
vt 0.60000 0.00000
vt 0.80000 0.00000
vt 0.00000 0.33333
vt 0.20000 0.33333
vt 0.40000 0.33333
vt 0.60000 0.33333
vt 0.80000 0.33333
vt 0.00000 0.66667
vt 0.20000 0.66667
vt 0.40000 0.66667
vt 0.60000 0.66667
vt 0.80000 0.66667
vt 0.00000 1.00000
vt 0.20000 1.00000
vt 0.40000 1.00000
vt 0.60000 1.00000
vt 0.80000 1.00000
vt 0.00000 0.00000
vt 0.20000 0.00000
vt 0.40000 0.00000
vt 0.60000 0.00000
vt 0.80000 0.00000
vt 0.00000 0.33333
vt 0.20000 0.33333
vt 0.40000 0.33333
vt 0.60000 0.33333
vt 0.80000 0.33333
vt 0.00000 0.66667
vt 0.20000 0.66667
vt 0.40000 0.66667
vt 0.60000 0.66667
vt 0.80000 0.66667
vt 0.00000 1.00000
vt 0.20000 1.00000
vt 0.40000 1.00000
vt 0.60000 1.00000
vt 0.80000 1.00000
vt 0.00000 0.00000
vt 0.20000 0.00000
vt 0.40000 0.00000
vt 0.60000 0.00000
vt 0.80000 0.00000
vt 0.00000 0.33333
vt 0.20000 0.33333
vt 0.40000 0.33333
vt 0.60000 0.33333
vt 0.80000 0.33333
vt 0.00000 0.66667
vt 0.20000 0.66667
vt 0.40000 0.66667
vt 0.60000 0.66667
vt 0.80000 0.66667
vt 0.00000 1.00000
vt 0.20000 1.00000
vt 0.40000 1.00000
vt 0.60000 1.00000
vt 0.80000 1.00000
vt 0.00000 0.50000
vt 0.12500 0.50000
vt 0.25000 0.50000
vt 0.37500 0.50000
vt 0.50000 0.50000
vt 0.62500 0.50000
vt 0.75000 0.50000
vt 0.87500 0.50000
vt 0.00000 0.50000
vt 0.12500 0.50000
vt 0.25000 0.50000
vt 0.37500 0.50000
vt 0.50000 0.50000
vt 0.62500 0.50000
vt 0.75000 0.50000
vt 0.87500 0.50000
vt 0.00000 0.50000
vt 0.12500 0.50000
vt 0.25000 0.50000
vt 0.37500 0.50000
vt 0.50000 0.50000
vt 0.62500 0.50000
vt 0.75000 0.50000
vt 0.87500 0.50000
vt 0.00000 0.50000
vt 0.12500 0.50000
vt 0.25000 0.50000
vt 0.37500 0.50000
vt 0.50000 0.50000
vt 0.62500 0.50000
vt 0.75000 0.50000
vt 0.87500 0.50000
vt 0.00000 0.50000
vt 0.12500 0.50000
vt 0.25000 0.50000
vt 0.37500 0.50000
vt 0.50000 0.50000
vt 0.62500 0.50000
vt 0.75000 0.50000
vt 0.87500 0.50000
vt 0.00000 0.50000
vt 0.12500 0.50000
vt 0.25000 0.50000
vt 0.37500 0.50000
vt 0.50000 0.50000
vt 0.62500 0.50000
vt 0.75000 0.50000
vt 0.87500 0.50000
vt 0.00000 0.50000
vt 0.12500 0.50000
vt 0.25000 0.50000
vt 0.37500 0.50000
vt 0.50000 0.50000
vt 0.62500 0.50000
vt 0.75000 0.50000
vt 0.87500 0.50000
vt 0.00000 0.50000
vt 0.12500 0.50000
vt 0.25000 0.50000
vt 0.37500 0.50000
vt 0.50000 0.50000
vt 0.62500 0.50000
vt 0.75000 0.50000
vt 0.87500 0.50000
vt 0.00000 0.50000
vt 0.12500 0.50000
vt 0.25000 0.50000
vt 0.37500 0.50000
vt 0.50000 0.50000
vt 0.62500 0.50000
vt 0.75000 0.50000
vt 0.87500 0.50000
vt 0.00000 0.50000
vt 0.12500 0.50000
vt 0.25000 0.50000
vt 0.37500 0.50000
vt 0.50000 0.50000
vt 0.62500 0.50000
vt 0.75000 0.50000
vt 0.87500 0.50000
vt 0.00000 0.00000
vt 0.05556 0.00000
vt 0.11111 0.00000
vt 0.16667 0.00000
vt 0.22222 0.00000
vt 0.27778 0.00000
vt 0.33333 0.00000
vt 0.38889 0.00000
vt 0.44444 0.00000
vt 0.50000 0.00000
vt 0.55556 0.00000
vt 0.61111 0.00000
vt 0.66667 0.00000
vt 0.72222 0.00000
vt 0.77778 0.00000
vt 0.83333 0.00000
vt 0.88889 0.00000
vt 0.94444 0.00000
vt 0.00000 0.06250
vt 0.05556 0.06250
vt 0.11111 0.06250
vt 0.16667 0.06250
vt 0.22222 0.06250
vt 0.27778 0.06250
vt 0.33333 0.06250
vt 0.38889 0.06250
vt 0.44444 0.06250
vt 0.50000 0.06250
vt 0.55556 0.06250
vt 0.61111 0.06250
vt 0.66667 0.06250
vt 0.72222 0.06250
vt 0.77778 0.06250
vt 0.83333 0.06250
vt 0.88889 0.06250
vt 0.94444 0.06250
vt 0.00000 0.12500
vt 0.05556 0.12500
vt 0.11111 0.12500
vt 0.16667 0.12500
vt 0.22222 0.12500
vt 0.27778 0.12500
vt 0.33333 0.12500
vt 0.38889 0.12500
vt 0.44444 0.12500
vt 0.50000 0.12500
vt 0.55556 0.12500
vt 0.61111 0.12500
vt 0.66667 0.12500
vt 0.72222 0.12500
vt 0.77778 0.12500
vt 0.83333 0.12500
vt 0.88889 0.12500
vt 0.94444 0.12500
vt 0.00000 0.18750
vt 0.05556 0.18750
vt 0.11111 0.18750
vt 0.16667 0.18750
vt 0.22222 0.18750
vt 0.27778 0.18750
vt 0.33333 0.18750
vt 0.38889 0.18750
vt 0.44444 0.18750
vt 0.50000 0.18750
vt 0.55556 0.18750
vt 0.61111 0.18750
vt 0.66667 0.18750
vt 0.72222 0.18750
vt 0.77778 0.18750
vt 0.83333 0.18750
vt 0.88889 0.18750
vt 0.94444 0.18750
vt 0.00000 0.25000
vt 0.05556 0.25000
vt 0.11111 0.25000
vt 0.16667 0.25000
vt 0.22222 0.25000
vt 0.27778 0.25000
vt 0.33333 0.25000
vt 0.38889 0.25000
vt 0.44444 0.25000
vt 0.50000 0.25000
vt 0.55556 0.25000
vt 0.61111 0.25000
vt 0.66667 0.25000
vt 0.72222 0.25000
vt 0.77778 0.25000
vt 0.83333 0.25000
vt 0.88889 0.25000
vt 0.94444 0.25000
vt 0.00000 0.31250
vt 0.05556 0.31250
vt 0.11111 0.31250
vt 0.16667 0.31250
vt 0.22222 0.31250
vt 0.27778 0.31250
vt 0.33333 0.31250
vt 0.38889 0.31250
vt 0.44444 0.31250
vt 0.50000 0.31250
vt 0.55556 0.31250
vt 0.61111 0.31250
vt 0.66667 0.31250
vt 0.72222 0.31250
vt 0.77778 0.31250
vt 0.83333 0.31250
vt 0.88889 0.31250
vt 0.94444 0.31250
vt 0.00000 0.37500
vt 0.05556 0.37500
vt 0.11111 0.37500
vt 0.16667 0.37500
vt 0.22222 0.37500
vt 0.27778 0.37500
vt 0.33333 0.37500
vt 0.38889 0.37500
vt 0.44444 0.37500
vt 0.50000 0.37500
vt 0.55556 0.37500
vt 0.61111 0.37500
vt 0.66667 0.37500
vt 0.72222 0.37500
vt 0.77778 0.37500
vt 0.83333 0.37500
vt 0.88889 0.37500
vt 0.94444 0.37500
vt 0.00000 0.43750
vt 0.05556 0.43750
vt 0.11111 0.43750
vt 0.16667 0.43750
vt 0.22222 0.43750
vt 0.27778 0.43750
vt 0.33333 0.43750
vt 0.38889 0.43750
vt 0.44444 0.43750
vt 0.50000 0.43750
vt 0.55556 0.43750
vt 0.61111 0.43750
vt 0.66667 0.43750
vt 0.72222 0.43750
vt 0.77778 0.43750
vt 0.83333 0.43750
vt 0.88889 0.43750
vt 0.94444 0.43750
vt 0.00000 0.50000
vt 0.05556 0.50000
vt 0.11111 0.50000
vt 0.16667 0.50000
vt 0.22222 0.50000
vt 0.27778 0.50000
vt 0.33333 0.50000
vt 0.38889 0.50000
vt 0.44444 0.50000
vt 0.50000 0.50000
vt 0.55556 0.50000
vt 0.61111 0.50000
vt 0.66667 0.50000
vt 0.72222 0.50000
vt 0.77778 0.50000
vt 0.83333 0.50000
vt 0.88889 0.50000
vt 0.94444 0.50000
vt 0.00000 0.56250
vt 0.05556 0.56250
vt 0.11111 0.56250
vt 0.16667 0.56250
vt 0.22222 0.56250
vt 0.27778 0.56250
vt 0.33333 0.56250
vt 0.38889 0.56250
vt 0.44444 0.56250
vt 0.50000 0.56250
vt 0.55556 0.56250
vt 0.61111 0.56250
vt 0.66667 0.56250
vt 0.72222 0.56250
vt 0.77778 0.56250
vt 0.83333 0.56250
vt 0.88889 0.56250
vt 0.94444 0.56250
vt 0.00000 0.62500
vt 0.05556 0.62500
vt 0.11111 0.62500
vt 0.16667 0.62500
vt 0.22222 0.62500
vt 0.27778 0.62500
vt 0.33333 0.62500
vt 0.38889 0.62500
vt 0.44444 0.62500
vt 0.50000 0.62500
vt 0.55556 0.62500
vt 0.61111 0.62500
vt 0.66667 0.62500
vt 0.72222 0.62500
vt 0.77778 0.62500
vt 0.83333 0.62500
vt 0.88889 0.62500
vt 0.94444 0.62500
vt 0.00000 0.68750
vt 0.05556 0.68750
vt 0.11111 0.68750
vt 0.16667 0.68750
vt 0.22222 0.68750
vt 0.27778 0.68750
vt 0.33333 0.68750
vt 0.38889 0.68750
vt 0.44444 0.68750
vt 0.50000 0.68750
vt 0.55556 0.68750
vt 0.61111 0.68750
vt 0.66667 0.68750
vt 0.72222 0.68750
vt 0.77778 0.68750
vt 0.83333 0.68750
vt 0.88889 0.68750
vt 0.94444 0.68750
vt 0.00000 0.75000
vt 0.05556 0.75000
vt 0.11111 0.75000
vt 0.16667 0.75000
vt 0.22222 0.75000
vt 0.27778 0.75000
vt 0.33333 0.75000
vt 0.38889 0.75000
vt 0.44444 0.75000
vt 0.50000 0.75000
vt 0.55556 0.75000
vt 0.61111 0.75000
vt 0.66667 0.75000
vt 0.72222 0.75000
vt 0.77778 0.75000
vt 0.83333 0.75000
vt 0.88889 0.75000
vt 0.94444 0.75000
vt 0.00000 0.81250
vt 0.05556 0.81250
vt 0.11111 0.81250
vt 0.16667 0.81250
vt 0.22222 0.81250
vt 0.27778 0.81250
vt 0.33333 0.81250
vt 0.38889 0.81250
vt 0.44444 0.81250
vt 0.50000 0.81250
vt 0.55556 0.81250
vt 0.61111 0.81250
vt 0.66667 0.81250
vt 0.72222 0.81250
vt 0.77778 0.81250
vt 0.83333 0.81250
vt 0.88889 0.81250
vt 0.94444 0.81250
vt 0.00000 0.87500
vt 0.05556 0.87500
vt 0.11111 0.87500
vt 0.16667 0.87500
vt 0.22222 0.87500
vt 0.27778 0.87500
vt 0.33333 0.87500
vt 0.38889 0.87500
vt 0.44444 0.87500
vt 0.50000 0.87500
vt 0.55556 0.87500
vt 0.61111 0.87500
vt 0.66667 0.87500
vt 0.72222 0.87500
vt 0.77778 0.87500
vt 0.83333 0.87500
vt 0.88889 0.87500
vt 0.94444 0.87500
vt 0.00000 0.93750
vt 0.05556 0.93750
vt 0.11111 0.93750
vt 0.16667 0.93750
vt 0.22222 0.93750
vt 0.27778 0.93750
vt 0.33333 0.93750
vt 0.38889 0.93750
vt 0.44444 0.93750
vt 0.50000 0.93750
vt 0.55556 0.93750
vt 0.61111 0.93750
vt 0.66667 0.93750
vt 0.72222 0.93750
vt 0.77778 0.93750
vt 0.83333 0.93750
vt 0.88889 0.93750
vt 0.94444 0.93750
vt 0.00000 1.00000
vt 0.05556 1.00000
vt 0.11111 1.00000
vt 0.16667 1.00000
vt 0.22222 1.00000
vt 0.27778 1.00000
vt 0.33333 1.00000
vt 0.38889 1.00000
vt 0.44444 1.00000
vt 0.50000 1.00000
vt 0.55556 1.00000
vt 0.61111 1.00000
vt 0.66667 1.00000
vt 0.72222 1.00000
vt 0.77778 1.00000
vt 0.83333 1.00000
vt 0.88889 1.00000
vt 0.94444 1.00000
vt 0.00000 0.00000
vt 0.10000 0.00000
vt 0.20000 0.00000
vt 0.30000 0.00000
vt 0.40000 0.00000
vt 0.50000 0.00000
vt 0.60000 0.00000
vt 0.70000 0.00000
vt 0.80000 0.00000
vt 0.90000 0.00000
vt 0.00000 0.20000
vt 0.10000 0.20000
vt 0.20000 0.20000
vt 0.30000 0.20000
vt 0.40000 0.20000
vt 0.50000 0.20000
vt 0.60000 0.20000
vt 0.70000 0.20000
vt 0.80000 0.20000
vt 0.90000 0.20000
vt 0.00000 0.40000
vt 0.10000 0.40000
vt 0.20000 0.40000
vt 0.30000 0.40000
vt 0.40000 0.40000
vt 0.50000 0.40000
vt 0.60000 0.40000
vt 0.70000 0.40000
vt 0.80000 0.40000
vt 0.90000 0.40000
vt 0.00000 0.60000
vt 0.10000 0.60000
vt 0.20000 0.60000
vt 0.30000 0.60000
vt 0.40000 0.60000
vt 0.50000 0.60000
vt 0.60000 0.60000
vt 0.70000 0.60000
vt 0.80000 0.60000
vt 0.90000 0.60000
vt 0.00000 0.80000
vt 0.10000 0.80000
vt 0.20000 0.80000
vt 0.30000 0.80000
vt 0.40000 0.80000
vt 0.50000 0.80000
vt 0.60000 0.80000
vt 0.70000 0.80000
vt 0.80000 0.80000
vt 0.90000 0.80000
vt 0.00000 1.00000
vt 0.10000 1.00000
vt 0.20000 1.00000
vt 0.30000 1.00000
vt 0.40000 1.00000
vt 0.50000 1.00000
vt 0.60000 1.00000
vt 0.70000 1.00000
vt 0.80000 1.00000
vt 0.90000 1.00000
vt 0.00000 0.00000
vt 0.16667 0.00000
vt 0.33333 0.00000
vt 0.50000 0.00000
vt 0.66667 0.00000
vt 0.83333 0.00000
vt 0.00000 0.33333
vt 0.16667 0.33333
vt 0.33333 0.33333
vt 0.50000 0.33333
vt 0.66667 0.33333
vt 0.83333 0.33333
vt 0.00000 0.66667
vt 0.16667 0.66667
vt 0.33333 0.66667
vt 0.50000 0.66667
vt 0.66667 0.66667
vt 0.83333 0.66667
vt 0.00000 1.00000
vt 0.16667 1.00000
vt 0.33333 1.00000
vt 0.50000 1.00000
vt 0.66667 1.00000
vt 0.83333 1.00000
vt 0.00000 0.00000
vt 0.16667 0.00000
vt 0.33333 0.00000
vt 0.50000 0.00000
vt 0.66667 0.00000
vt 0.83333 0.00000
vt 0.00000 0.33333
vt 0.16667 0.33333
vt 0.33333 0.33333
vt 0.50000 0.33333
vt 0.66667 0.33333
vt 0.83333 0.33333
vt 0.00000 0.66667
vt 0.16667 0.66667
vt 0.33333 0.66667
vt 0.50000 0.66667
vt 0.66667 0.66667
vt 0.83333 0.66667
vt 0.00000 1.00000
vt 0.16667 1.00000
vt 0.33333 1.00000
vt 0.50000 1.00000
vt 0.66667 1.00000
vt 0.83333 1.00000
vt 0.00000 0.00000
vt 0.12500 0.00000
vt 0.25000 0.00000
vt 0.37500 0.00000
vt 0.50000 0.00000
vt 0.62500 0.00000
vt 0.75000 0.00000
vt 0.87500 0.00000
vt 0.00000 0.12500
vt 0.12500 0.12500
vt 0.25000 0.12500
vt 0.37500 0.12500
vt 0.50000 0.12500
vt 0.62500 0.12500
vt 0.75000 0.12500
vt 0.87500 0.12500
vt 0.00000 0.25000
vt 0.12500 0.25000
vt 0.25000 0.25000
vt 0.37500 0.25000
vt 0.50000 0.25000
vt 0.62500 0.25000
vt 0.75000 0.25000
vt 0.87500 0.25000
vt 0.00000 0.37500
vt 0.12500 0.37500
vt 0.25000 0.37500
vt 0.37500 0.37500
vt 0.50000 0.37500
vt 0.62500 0.37500
vt 0.75000 0.37500
vt 0.87500 0.37500
vt 0.00000 0.50000
vt 0.12500 0.50000
vt 0.25000 0.50000
vt 0.37500 0.50000
vt 0.50000 0.50000
vt 0.62500 0.50000
vt 0.75000 0.50000
vt 0.87500 0.50000
vt 0.00000 0.62500
vt 0.12500 0.62500
vt 0.25000 0.62500
vt 0.37500 0.62500
vt 0.50000 0.62500
vt 0.62500 0.62500
vt 0.75000 0.62500
vt 0.87500 0.62500
vt 0.00000 0.75000
vt 0.12500 0.75000
vt 0.25000 0.75000
vt 0.37500 0.75000
vt 0.50000 0.75000
vt 0.62500 0.75000
vt 0.75000 0.75000
vt 0.87500 0.75000
vt 0.00000 0.87500
vt 0.12500 0.87500
vt 0.25000 0.87500
vt 0.37500 0.87500
vt 0.50000 0.87500
vt 0.62500 0.87500
vt 0.75000 0.87500
vt 0.87500 0.87500
vt 0.00000 1.00000
vt 0.12500 1.00000
vt 0.25000 1.00000
vt 0.37500 1.00000
vt 0.50000 1.00000
vt 0.62500 1.00000
vt 0.75000 1.00000
vt 0.87500 1.00000
vt 0.00000 0.00000
vt 0.12500 0.00000
vt 0.25000 0.00000
vt 0.37500 0.00000
vt 0.50000 0.00000
vt 0.62500 0.00000
vt 0.75000 0.00000
vt 0.87500 0.00000
vt 0.00000 0.16667
vt 0.12500 0.16667
vt 0.25000 0.16667
vt 0.37500 0.16667
vt 0.50000 0.16667
vt 0.62500 0.16667
vt 0.75000 0.16667
vt 0.87500 0.16667
vt 0.00000 0.33333
vt 0.12500 0.33333
vt 0.25000 0.33333
vt 0.37500 0.33333
vt 0.50000 0.33333
vt 0.62500 0.33333
vt 0.75000 0.33333
vt 0.87500 0.33333
vt 0.00000 0.50000
vt 0.12500 0.50000
vt 0.25000 0.50000
vt 0.37500 0.50000
vt 0.50000 0.50000
vt 0.62500 0.50000
vt 0.75000 0.50000
vt 0.87500 0.50000
vt 0.00000 0.66667
vt 0.12500 0.66667
vt 0.25000 0.66667
vt 0.37500 0.66667
vt 0.50000 0.66667
vt 0.62500 0.66667
vt 0.75000 0.66667
vt 0.87500 0.66667
vt 0.00000 0.83333
vt 0.12500 0.83333
vt 0.25000 0.83333
vt 0.37500 0.83333
vt 0.50000 0.83333
vt 0.62500 0.83333
vt 0.75000 0.83333
vt 0.87500 0.83333
vt 0.00000 1.00000
vt 0.12500 1.00000
vt 0.25000 1.00000
vt 0.37500 1.00000
vt 0.50000 1.00000
vt 0.62500 1.00000
vt 0.75000 1.00000
vt 0.87500 1.00000
vt 0.00000 0.00000
vt 0.20000 0.00000
vt 0.40000 0.00000
vt 0.60000 0.00000
vt 0.80000 0.00000
vt 0.00000 0.33333
vt 0.20000 0.33333
vt 0.40000 0.33333
vt 0.60000 0.33333
vt 0.80000 0.33333
vt 0.00000 0.66667
vt 0.20000 0.66667
vt 0.40000 0.66667
vt 0.60000 0.66667
vt 0.80000 0.66667
vt 0.00000 1.00000
vt 0.20000 1.00000
vt 0.40000 1.00000
vt 0.60000 1.00000
vt 0.80000 1.00000
vt 0.00000 0.00000
vt 0.20000 0.00000
vt 0.40000 0.00000
vt 0.60000 0.00000
vt 0.80000 0.00000
vt 0.00000 0.33333
vt 0.20000 0.33333
vt 0.40000 0.33333
vt 0.60000 0.33333
vt 0.80000 0.33333
vt 0.00000 0.66667
vt 0.20000 0.66667
vt 0.40000 0.66667
vt 0.60000 0.66667
vt 0.80000 0.66667
vt 0.00000 1.00000
vt 0.20000 1.00000
vt 0.40000 1.00000
vt 0.60000 1.00000
vt 0.80000 1.00000
vt 0.00000 0.00000
vt 0.12500 0.00000
vt 0.25000 0.00000
vt 0.37500 0.00000
vt 0.50000 0.00000
vt 0.62500 0.00000
vt 0.75000 0.00000
vt 0.87500 0.00000
vt 0.00000 0.16667
vt 0.12500 0.16667
vt 0.25000 0.16667
vt 0.37500 0.16667
vt 0.50000 0.16667
vt 0.62500 0.16667
vt 0.75000 0.16667
vt 0.87500 0.16667
vt 0.00000 0.33333
vt 0.12500 0.33333
vt 0.25000 0.33333
vt 0.37500 0.33333
vt 0.50000 0.33333
vt 0.62500 0.33333
vt 0.75000 0.33333
vt 0.87500 0.33333
vt 0.00000 0.50000
vt 0.12500 0.50000
vt 0.25000 0.50000
vt 0.37500 0.50000
vt 0.50000 0.50000
vt 0.62500 0.50000
vt 0.75000 0.50000
vt 0.87500 0.50000
vt 0.00000 0.66667
vt 0.12500 0.66667
vt 0.25000 0.66667
vt 0.37500 0.66667
vt 0.50000 0.66667
vt 0.62500 0.66667
vt 0.75000 0.66667
vt 0.87500 0.66667
vt 0.00000 0.83333
vt 0.12500 0.83333
vt 0.25000 0.83333
vt 0.37500 0.83333
vt 0.50000 0.83333
vt 0.62500 0.83333
vt 0.75000 0.83333
vt 0.87500 0.83333
vt 0.00000 1.00000
vt 0.12500 1.00000
vt 0.25000 1.00000
vt 0.37500 1.00000
vt 0.50000 1.00000
vt 0.62500 1.00000
vt 0.75000 1.00000
vt 0.87500 1.00000
vt 0.00000 0.00000
vt 0.12500 0.00000
vt 0.25000 0.00000
vt 0.37500 0.00000
vt 0.50000 0.00000
vt 0.62500 0.00000
vt 0.75000 0.00000
vt 0.87500 0.00000
vt 0.00000 0.16667
vt 0.12500 0.16667
vt 0.25000 0.16667
vt 0.37500 0.16667
vt 0.50000 0.16667
vt 0.62500 0.16667
vt 0.75000 0.16667
vt 0.87500 0.16667
vt 0.00000 0.33333
vt 0.12500 0.33333
vt 0.25000 0.33333
vt 0.37500 0.33333
vt 0.50000 0.33333
vt 0.62500 0.33333
vt 0.75000 0.33333
vt 0.87500 0.33333
vt 0.00000 0.50000
vt 0.12500 0.50000
vt 0.25000 0.50000
vt 0.37500 0.50000
vt 0.50000 0.50000
vt 0.62500 0.50000
vt 0.75000 0.50000
vt 0.87500 0.50000
vt 0.00000 0.66667
vt 0.12500 0.66667
vt 0.25000 0.66667
vt 0.37500 0.66667
vt 0.50000 0.66667
vt 0.62500 0.66667
vt 0.75000 0.66667
vt 0.87500 0.66667
vt 0.00000 0.83333
vt 0.12500 0.83333
vt 0.25000 0.83333
vt 0.37500 0.83333
vt 0.50000 0.83333
vt 0.62500 0.83333
vt 0.75000 0.83333
vt 0.87500 0.83333
vt 0.00000 1.00000
vt 0.12500 1.00000
vt 0.25000 1.00000
vt 0.37500 1.00000
vt 0.50000 1.00000
vt 0.62500 1.00000
vt 0.75000 1.00000
vt 0.87500 1.00000
vt 0.00000 0.00000
vt 0.10000 0.00000
vt 0.20000 0.00000
vt 0.30000 0.00000
vt 0.40000 0.00000
vt 0.50000 0.00000
vt 0.60000 0.00000
vt 0.70000 0.00000
vt 0.80000 0.00000
vt 0.90000 0.00000
vt 0.00000 0.16667
vt 0.10000 0.16667
vt 0.20000 0.16667
vt 0.30000 0.16667
vt 0.40000 0.16667
vt 0.50000 0.16667
vt 0.60000 0.16667
vt 0.70000 0.16667
vt 0.80000 0.16667
vt 0.90000 0.16667
vt 0.00000 0.33333
vt 0.10000 0.33333
vt 0.20000 0.33333
vt 0.30000 0.33333
vt 0.40000 0.33333
vt 0.50000 0.33333
vt 0.60000 0.33333
vt 0.70000 0.33333
vt 0.80000 0.33333
vt 0.90000 0.33333
vt 0.00000 0.50000
vt 0.10000 0.50000
vt 0.20000 0.50000
vt 0.30000 0.50000
vt 0.40000 0.50000
vt 0.50000 0.50000
vt 0.60000 0.50000
vt 0.70000 0.50000
vt 0.80000 0.50000
vt 0.90000 0.50000
vt 0.00000 0.66667
vt 0.10000 0.66667
vt 0.20000 0.66667
vt 0.30000 0.66667
vt 0.40000 0.66667
vt 0.50000 0.66667
vt 0.60000 0.66667
vt 0.70000 0.66667
vt 0.80000 0.66667
vt 0.90000 0.66667
vt 0.00000 0.83333
vt 0.10000 0.83333
vt 0.20000 0.83333
vt 0.30000 0.83333
vt 0.40000 0.83333
vt 0.50000 0.83333
vt 0.60000 0.83333
vt 0.70000 0.83333
vt 0.80000 0.83333
vt 0.90000 0.83333
vt 0.00000 1.00000
vt 0.10000 1.00000
vt 0.20000 1.00000
vt 0.30000 1.00000
vt 0.40000 1.00000
vt 0.50000 1.00000
vt 0.60000 1.00000
vt 0.70000 1.00000
vt 0.80000 1.00000
vt 0.90000 1.00000
vt 0.00000 0.00000
vt 0.12500 0.00000
vt 0.25000 0.00000
vt 0.37500 0.00000
vt 0.50000 0.00000
vt 0.62500 0.00000
vt 0.75000 0.00000
vt 0.87500 0.00000
vt 0.00000 0.20000
vt 0.12500 0.20000
vt 0.25000 0.20000
vt 0.37500 0.20000
vt 0.50000 0.20000
vt 0.62500 0.20000
vt 0.75000 0.20000
vt 0.87500 0.20000
vt 0.00000 0.40000
vt 0.12500 0.40000
vt 0.25000 0.40000
vt 0.37500 0.40000
vt 0.50000 0.40000
vt 0.62500 0.40000
vt 0.75000 0.40000
vt 0.87500 0.40000
vt 0.00000 0.60000
vt 0.12500 0.60000
vt 0.25000 0.60000
vt 0.37500 0.60000
vt 0.50000 0.60000
vt 0.62500 0.60000
vt 0.75000 0.60000
vt 0.87500 0.60000
vt 0.00000 0.80000
vt 0.12500 0.80000
vt 0.25000 0.80000
vt 0.37500 0.80000
vt 0.50000 0.80000
vt 0.62500 0.80000
vt 0.75000 0.80000
vt 0.87500 0.80000
vt 0.00000 1.00000
vt 0.12500 1.00000
vt 0.25000 1.00000
vt 0.37500 1.00000
vt 0.50000 1.00000
vt 0.62500 1.00000
vt 0.75000 1.00000
vt 0.87500 1.00000
vt 0.00000 0.00000
vt 0.12500 0.00000
vt 0.25000 0.00000
vt 0.37500 0.00000
vt 0.50000 0.00000
vt 0.62500 0.00000
vt 0.75000 0.00000
vt 0.87500 0.00000
vt 0.00000 0.25000
vt 0.12500 0.25000
vt 0.25000 0.25000
vt 0.37500 0.25000
vt 0.50000 0.25000
vt 0.62500 0.25000
vt 0.75000 0.25000
vt 0.87500 0.25000
vt 0.00000 0.50000
vt 0.12500 0.50000
vt 0.25000 0.50000
vt 0.37500 0.50000
vt 0.50000 0.50000
vt 0.62500 0.50000
vt 0.75000 0.50000
vt 0.87500 0.50000
vt 0.00000 0.75000
vt 0.12500 0.75000
vt 0.25000 0.75000
vt 0.37500 0.75000
vt 0.50000 0.75000
vt 0.62500 0.75000
vt 0.75000 0.75000
vt 0.87500 0.75000
vt 0.00000 1.00000
vt 0.12500 1.00000
vt 0.25000 1.00000
vt 0.37500 1.00000
vt 0.50000 1.00000
vt 0.62500 1.00000
vt 0.75000 1.00000
vt 0.87500 1.00000
vt 0.00000 0.00000
vt 0.12500 0.00000
vt 0.25000 0.00000
vt 0.37500 0.00000
vt 0.50000 0.00000
vt 0.62500 0.00000
vt 0.75000 0.00000
vt 0.87500 0.00000
vt 0.00000 0.25000
vt 0.12500 0.25000
vt 0.25000 0.25000
vt 0.37500 0.25000
vt 0.50000 0.25000
vt 0.62500 0.25000
vt 0.75000 0.25000
vt 0.87500 0.25000
vt 0.00000 0.50000
vt 0.12500 0.50000
vt 0.25000 0.50000
vt 0.37500 0.50000
vt 0.50000 0.50000
vt 0.62500 0.50000
vt 0.75000 0.50000
vt 0.87500 0.50000
vt 0.00000 0.75000
vt 0.12500 0.75000
vt 0.25000 0.75000
vt 0.37500 0.75000
vt 0.50000 0.75000
vt 0.62500 0.75000
vt 0.75000 0.75000
vt 0.87500 0.75000
vt 0.00000 1.00000
vt 0.12500 1.00000
vt 0.25000 1.00000
vt 0.37500 1.00000
vt 0.50000 1.00000
vt 0.62500 1.00000
vt 0.75000 1.00000
vt 0.87500 1.00000
vt 0.00000 0.00000
vt 0.16667 0.00000
vt 0.33333 0.00000
vt 0.50000 0.00000
vt 0.66667 0.00000
vt 0.83333 0.00000
vt 0.00000 0.25000
vt 0.16667 0.25000
vt 0.33333 0.25000
vt 0.50000 0.25000
vt 0.66667 0.25000
vt 0.83333 0.25000
vt 0.00000 0.50000
vt 0.16667 0.50000
vt 0.33333 0.50000
vt 0.50000 0.50000
vt 0.66667 0.50000
vt 0.83333 0.50000
vt 0.00000 0.75000
vt 0.16667 0.75000
vt 0.33333 0.75000
vt 0.50000 0.75000
vt 0.66667 0.75000
vt 0.83333 0.75000
vt 0.00000 1.00000
vt 0.16667 1.00000
vt 0.33333 1.00000
vt 0.50000 1.00000
vt 0.66667 1.00000
vt 0.83333 1.00000
vt 0.00000 0.00000
vt 0.12500 0.00000
vt 0.25000 0.00000
vt 0.37500 0.00000
vt 0.50000 0.00000
vt 0.62500 0.00000
vt 0.75000 0.00000
vt 0.87500 0.00000
vt 0.00000 0.16667
vt 0.12500 0.16667
vt 0.25000 0.16667
vt 0.37500 0.16667
vt 0.50000 0.16667
vt 0.62500 0.16667
vt 0.75000 0.16667
vt 0.87500 0.16667
vt 0.00000 0.33333
vt 0.12500 0.33333
vt 0.25000 0.33333
vt 0.37500 0.33333
vt 0.50000 0.33333
vt 0.62500 0.33333
vt 0.75000 0.33333
vt 0.87500 0.33333
vt 0.00000 0.50000
vt 0.12500 0.50000
vt 0.25000 0.50000
vt 0.37500 0.50000
vt 0.50000 0.50000
vt 0.62500 0.50000
vt 0.75000 0.50000
vt 0.87500 0.50000
vt 0.00000 0.66667
vt 0.12500 0.66667
vt 0.25000 0.66667
vt 0.37500 0.66667
vt 0.50000 0.66667
vt 0.62500 0.66667
vt 0.75000 0.66667
vt 0.87500 0.66667
vt 0.00000 0.83333
vt 0.12500 0.83333
vt 0.25000 0.83333
vt 0.37500 0.83333
vt 0.50000 0.83333
vt 0.62500 0.83333
vt 0.75000 0.83333
vt 0.87500 0.83333
vt 0.00000 1.00000
vt 0.12500 1.00000
vt 0.25000 1.00000
vt 0.37500 1.00000
vt 0.50000 1.00000
vt 0.62500 1.00000
vt 0.75000 1.00000
vt 0.87500 1.00000
vt 0.00000 0.00000
vt 0.14286 0.00000
vt 0.28571 0.00000
vt 0.42857 0.00000
vt 0.57143 0.00000
vt 0.71429 0.00000
vt 0.85714 0.00000
vt 0.00000 0.20000
vt 0.14286 0.20000
vt 0.28571 0.20000
vt 0.42857 0.20000
vt 0.57143 0.20000
vt 0.71429 0.20000
vt 0.85714 0.20000
vt 0.00000 0.40000
vt 0.14286 0.40000
vt 0.28571 0.40000
vt 0.42857 0.40000
vt 0.57143 0.40000
vt 0.71429 0.40000
vt 0.85714 0.40000
vt 0.00000 0.60000
vt 0.14286 0.60000
vt 0.28571 0.60000
vt 0.42857 0.60000
vt 0.57143 0.60000
vt 0.71429 0.60000
vt 0.85714 0.60000
vt 0.00000 0.80000
vt 0.14286 0.80000
vt 0.28571 0.80000
vt 0.42857 0.80000
vt 0.57143 0.80000
vt 0.71429 0.80000
vt 0.85714 0.80000
vt 0.00000 1.00000
vt 0.14286 1.00000
vt 0.28571 1.00000
vt 0.42857 1.00000
vt 0.57143 1.00000
vt 0.71429 1.00000
vt 0.85714 1.00000
vt 0.00000 0.00000
vt 0.20000 0.00000
vt 0.40000 0.00000
vt 0.60000 0.00000
vt 0.80000 0.00000
vt 0.00000 0.25000
vt 0.20000 0.25000
vt 0.40000 0.25000
vt 0.60000 0.25000
vt 0.80000 0.25000
vt 0.00000 0.50000
vt 0.20000 0.50000
vt 0.40000 0.50000
vt 0.60000 0.50000
vt 0.80000 0.50000
vt 0.00000 0.75000
vt 0.20000 0.75000
vt 0.40000 0.75000
vt 0.60000 0.75000
vt 0.80000 0.75000
vt 0.00000 1.00000
vt 0.20000 1.00000
vt 0.40000 1.00000
vt 0.60000 1.00000
vt 0.80000 1.00000
vt 0.00000 0.00000
vt 0.16667 0.00000
vt 0.33333 0.00000
vt 0.50000 0.00000
vt 0.66667 0.00000
vt 0.83333 0.00000
vt 0.00000 0.33333
vt 0.16667 0.33333
vt 0.33333 0.33333
vt 0.50000 0.33333
vt 0.66667 0.33333
vt 0.83333 0.33333
vt 0.00000 0.66667
vt 0.16667 0.66667
vt 0.33333 0.66667
vt 0.50000 0.66667
vt 0.66667 0.66667
vt 0.83333 0.66667
vt 0.00000 1.00000
vt 0.16667 1.00000
vt 0.33333 1.00000
vt 0.50000 1.00000
vt 0.66667 1.00000
vt 0.83333 1.00000
vt 0.00000 0.00000
vt 0.16667 0.00000
vt 0.33333 0.00000
vt 0.50000 0.00000
vt 0.66667 0.00000
vt 0.83333 0.00000
vt 0.00000 0.25000
vt 0.16667 0.25000
vt 0.33333 0.25000
vt 0.50000 0.25000
vt 0.66667 0.25000
vt 0.83333 0.25000
vt 0.00000 0.50000
vt 0.16667 0.50000
vt 0.33333 0.50000
vt 0.50000 0.50000
vt 0.66667 0.50000
vt 0.83333 0.50000
vt 0.00000 0.75000
vt 0.16667 0.75000
vt 0.33333 0.75000
vt 0.50000 0.75000
vt 0.66667 0.75000
vt 0.83333 0.75000
vt 0.00000 1.00000
vt 0.16667 1.00000
vt 0.33333 1.00000
vt 0.50000 1.00000
vt 0.66667 1.00000
vt 0.83333 1.00000
vt 0.00000 0.00000
vt 0.12500 0.00000
vt 0.25000 0.00000
vt 0.37500 0.00000
vt 0.50000 0.00000
vt 0.62500 0.00000
vt 0.75000 0.00000
vt 0.87500 0.00000
vt 0.00000 0.16667
vt 0.12500 0.16667
vt 0.25000 0.16667
vt 0.37500 0.16667
vt 0.50000 0.16667
vt 0.62500 0.16667
vt 0.75000 0.16667
vt 0.87500 0.16667
vt 0.00000 0.33333
vt 0.12500 0.33333
vt 0.25000 0.33333
vt 0.37500 0.33333
vt 0.50000 0.33333
vt 0.62500 0.33333
vt 0.75000 0.33333
vt 0.87500 0.33333
vt 0.00000 0.50000
vt 0.12500 0.50000
vt 0.25000 0.50000
vt 0.37500 0.50000
vt 0.50000 0.50000
vt 0.62500 0.50000
vt 0.75000 0.50000
vt 0.87500 0.50000
vt 0.00000 0.66667
vt 0.12500 0.66667
vt 0.25000 0.66667
vt 0.37500 0.66667
vt 0.50000 0.66667
vt 0.62500 0.66667
vt 0.75000 0.66667
vt 0.87500 0.66667
vt 0.00000 0.83333
vt 0.12500 0.83333
vt 0.25000 0.83333
vt 0.37500 0.83333
vt 0.50000 0.83333
vt 0.62500 0.83333
vt 0.75000 0.83333
vt 0.87500 0.83333
vt 0.00000 1.00000
vt 0.12500 1.00000
vt 0.25000 1.00000
vt 0.37500 1.00000
vt 0.50000 1.00000
vt 0.62500 1.00000
vt 0.75000 1.00000
vt 0.87500 1.00000
vt 0.00000 0.00000
vt 0.14286 0.00000
vt 0.28571 0.00000
vt 0.42857 0.00000
vt 0.57143 0.00000
vt 0.71429 0.00000
vt 0.85714 0.00000
vt 0.00000 0.20000
vt 0.14286 0.20000
vt 0.28571 0.20000
vt 0.42857 0.20000
vt 0.57143 0.20000
vt 0.71429 0.20000
vt 0.85714 0.20000
vt 0.00000 0.40000
vt 0.14286 0.40000
vt 0.28571 0.40000
vt 0.42857 0.40000
vt 0.57143 0.40000
vt 0.71429 0.40000
vt 0.85714 0.40000
vt 0.00000 0.60000
vt 0.14286 0.60000
vt 0.28571 0.60000
vt 0.42857 0.60000
vt 0.57143 0.60000
vt 0.71429 0.60000
vt 0.85714 0.60000
vt 0.00000 0.80000
vt 0.14286 0.80000
vt 0.28571 0.80000
vt 0.42857 0.80000
vt 0.57143 0.80000
vt 0.71429 0.80000
vt 0.85714 0.80000
vt 0.00000 1.00000
vt 0.14286 1.00000
vt 0.28571 1.00000
vt 0.42857 1.00000
vt 0.57143 1.00000
vt 0.71429 1.00000
vt 0.85714 1.00000
vt 0.00000 0.00000
vt 0.20000 0.00000
vt 0.40000 0.00000
vt 0.60000 0.00000
vt 0.80000 0.00000
vt 0.00000 0.25000
vt 0.20000 0.25000
vt 0.40000 0.25000
vt 0.60000 0.25000
vt 0.80000 0.25000
vt 0.00000 0.50000
vt 0.20000 0.50000
vt 0.40000 0.50000
vt 0.60000 0.50000
vt 0.80000 0.50000
vt 0.00000 0.75000
vt 0.20000 0.75000
vt 0.40000 0.75000
vt 0.60000 0.75000
vt 0.80000 0.75000
vt 0.00000 1.00000
vt 0.20000 1.00000
vt 0.40000 1.00000
vt 0.60000 1.00000
vt 0.80000 1.00000
vt 0.00000 0.00000
vt 0.16667 0.00000
vt 0.33333 0.00000
vt 0.50000 0.00000
vt 0.66667 0.00000
vt 0.83333 0.00000
vt 0.00000 0.33333
vt 0.16667 0.33333
vt 0.33333 0.33333
vt 0.50000 0.33333
vt 0.66667 0.33333
vt 0.83333 0.33333
vt 0.00000 0.66667
vt 0.16667 0.66667
vt 0.33333 0.66667
vt 0.50000 0.66667
vt 0.66667 0.66667
vt 0.83333 0.66667
vt 0.00000 1.00000
vt 0.16667 1.00000
vt 0.33333 1.00000
vt 0.50000 1.00000
vt 0.66667 1.00000
vt 0.83333 1.00000
vt 0.00000 0.00000
vt 0.11111 0.00000
vt 0.22222 0.00000
vt 0.33333 0.00000
vt 0.44444 0.00000
vt 0.55556 0.00000
vt 0.66667 0.00000
vt 0.77778 0.00000
vt 0.88889 0.00000
vt 0.00000 0.14286
vt 0.11111 0.14286
vt 0.22222 0.14286
vt 0.33333 0.14286
vt 0.44444 0.14286
vt 0.55556 0.14286
vt 0.66667 0.14286
vt 0.77778 0.14286
vt 0.88889 0.14286
vt 0.00000 0.28571
vt 0.11111 0.28571
vt 0.22222 0.28571
vt 0.33333 0.28571
vt 0.44444 0.28571
vt 0.55556 0.28571
vt 0.66667 0.28571
vt 0.77778 0.28571
vt 0.88889 0.28571
vt 0.00000 0.42857
vt 0.11111 0.42857
vt 0.22222 0.42857
vt 0.33333 0.42857
vt 0.44444 0.42857
vt 0.55556 0.42857
vt 0.66667 0.42857
vt 0.77778 0.42857
vt 0.88889 0.42857
vt 0.00000 0.57143
vt 0.11111 0.57143
vt 0.22222 0.57143
vt 0.33333 0.57143
vt 0.44444 0.57143
vt 0.55556 0.57143
vt 0.66667 0.57143
vt 0.77778 0.57143
vt 0.88889 0.57143
vt 0.00000 0.71429
vt 0.11111 0.71429
vt 0.22222 0.71429
vt 0.33333 0.71429
vt 0.44444 0.71429
vt 0.55556 0.71429
vt 0.66667 0.71429
vt 0.77778 0.71429
vt 0.88889 0.71429
vt 0.00000 0.85714
vt 0.11111 0.85714
vt 0.22222 0.85714
vt 0.33333 0.85714
vt 0.44444 0.85714
vt 0.55556 0.85714
vt 0.66667 0.85714
vt 0.77778 0.85714
vt 0.88889 0.85714
vt 0.00000 1.00000
vt 0.11111 1.00000
vt 0.22222 1.00000
vt 0.33333 1.00000
vt 0.44444 1.00000
vt 0.55556 1.00000
vt 0.66667 1.00000
vt 0.77778 1.00000
vt 0.88889 1.00000
vt 0.00000 0.00000
vt 0.16667 0.00000
vt 0.33333 0.00000
vt 0.50000 0.00000
vt 0.66667 0.00000
vt 0.83333 0.00000
vt 0.00000 0.25000
vt 0.16667 0.25000
vt 0.33333 0.25000
vt 0.50000 0.25000
vt 0.66667 0.25000
vt 0.83333 0.25000
vt 0.00000 0.50000
vt 0.16667 0.50000
vt 0.33333 0.50000
vt 0.50000 0.50000
vt 0.66667 0.50000
vt 0.83333 0.50000
vt 0.00000 0.75000
vt 0.16667 0.75000
vt 0.33333 0.75000
vt 0.50000 0.75000
vt 0.66667 0.75000
vt 0.83333 0.75000
vt 0.00000 1.00000
vt 0.16667 1.00000
vt 0.33333 1.00000
vt 0.50000 1.00000
vt 0.66667 1.00000
vt 0.83333 1.00000
vt 0.00000 0.00000
vt 0.11111 0.00000
vt 0.22222 0.00000
vt 0.33333 0.00000
vt 0.44444 0.00000
vt 0.55556 0.00000
vt 0.66667 0.00000
vt 0.77778 0.00000
vt 0.88889 0.00000
vt 0.00000 0.14286
vt 0.11111 0.14286
vt 0.22222 0.14286
vt 0.33333 0.14286
vt 0.44444 0.14286
vt 0.55556 0.14286
vt 0.66667 0.14286
vt 0.77778 0.14286
vt 0.88889 0.14286
vt 0.00000 0.28571
vt 0.11111 0.28571
vt 0.22222 0.28571
vt 0.33333 0.28571
vt 0.44444 0.28571
vt 0.55556 0.28571
vt 0.66667 0.28571
vt 0.77778 0.28571
vt 0.88889 0.28571
vt 0.00000 0.42857
vt 0.11111 0.42857
vt 0.22222 0.42857
vt 0.33333 0.42857
vt 0.44444 0.42857
vt 0.55556 0.42857
vt 0.66667 0.42857
vt 0.77778 0.42857
vt 0.88889 0.42857
vt 0.00000 0.57143
vt 0.11111 0.57143
vt 0.22222 0.57143
vt 0.33333 0.57143
vt 0.44444 0.57143
vt 0.55556 0.57143
vt 0.66667 0.57143
vt 0.77778 0.57143
vt 0.88889 0.57143
vt 0.00000 0.71429
vt 0.11111 0.71429
vt 0.22222 0.71429
vt 0.33333 0.71429
vt 0.44444 0.71429
vt 0.55556 0.71429
vt 0.66667 0.71429
vt 0.77778 0.71429
vt 0.88889 0.71429
vt 0.00000 0.85714
vt 0.11111 0.85714
vt 0.22222 0.85714
vt 0.33333 0.85714
vt 0.44444 0.85714
vt 0.55556 0.85714
vt 0.66667 0.85714
vt 0.77778 0.85714
vt 0.88889 0.85714
vt 0.00000 1.00000
vt 0.11111 1.00000
vt 0.22222 1.00000
vt 0.33333 1.00000
vt 0.44444 1.00000
vt 0.55556 1.00000
vt 0.66667 1.00000
vt 0.77778 1.00000
vt 0.88889 1.00000
vt 0.00000 0.00000
vt 0.16667 0.00000
vt 0.33333 0.00000
vt 0.50000 0.00000
vt 0.66667 0.00000
vt 0.83333 0.00000
vt 0.00000 0.25000
vt 0.16667 0.25000
vt 0.33333 0.25000
vt 0.50000 0.25000
vt 0.66667 0.25000
vt 0.83333 0.25000
vt 0.00000 0.50000
vt 0.16667 0.50000
vt 0.33333 0.50000
vt 0.50000 0.50000
vt 0.66667 0.50000
vt 0.83333 0.50000
vt 0.00000 0.75000
vt 0.16667 0.75000
vt 0.33333 0.75000
vt 0.50000 0.75000
vt 0.66667 0.75000
vt 0.83333 0.75000
vt 0.00000 1.00000
vt 0.16667 1.00000
vt 0.33333 1.00000
vt 0.50000 1.00000
vt 0.66667 1.00000
vt 0.83333 1.00000
vt 0.00000 0.00000
vt 0.06250 0.00000
vt 0.12500 0.00000
vt 0.18750 0.00000
vt 0.25000 0.00000
vt 0.31250 0.00000
vt 0.37500 0.00000
vt 0.43750 0.00000
vt 0.50000 0.00000
vt 0.56250 0.00000
vt 0.62500 0.00000
vt 0.68750 0.00000
vt 0.75000 0.00000
vt 0.81250 0.00000
vt 0.87500 0.00000
vt 0.93750 0.00000
vt 0.00000 0.08333
vt 0.06250 0.08333
vt 0.12500 0.08333
vt 0.18750 0.08333
vt 0.25000 0.08333
vt 0.31250 0.08333
vt 0.37500 0.08333
vt 0.43750 0.08333
vt 0.50000 0.08333
vt 0.56250 0.08333
vt 0.62500 0.08333
vt 0.68750 0.08333
vt 0.75000 0.08333
vt 0.81250 0.08333
vt 0.87500 0.08333
vt 0.93750 0.08333
vt 0.00000 0.16667
vt 0.06250 0.16667
vt 0.12500 0.16667
vt 0.18750 0.16667
vt 0.25000 0.16667
vt 0.31250 0.16667
vt 0.37500 0.16667
vt 0.43750 0.16667
vt 0.50000 0.16667
vt 0.56250 0.16667
vt 0.62500 0.16667
vt 0.68750 0.16667
vt 0.75000 0.16667
vt 0.81250 0.16667
vt 0.87500 0.16667
vt 0.93750 0.16667
vt 0.00000 0.25000
vt 0.06250 0.25000
vt 0.12500 0.25000
vt 0.18750 0.25000
vt 0.25000 0.25000
vt 0.31250 0.25000
vt 0.37500 0.25000
vt 0.43750 0.25000
vt 0.50000 0.25000
vt 0.56250 0.25000
vt 0.62500 0.25000
vt 0.68750 0.25000
vt 0.75000 0.25000
vt 0.81250 0.25000
vt 0.87500 0.25000
vt 0.93750 0.25000
vt 0.00000 0.33333
vt 0.06250 0.33333
vt 0.12500 0.33333
vt 0.18750 0.33333
vt 0.25000 0.33333
vt 0.31250 0.33333
vt 0.37500 0.33333
vt 0.43750 0.33333
vt 0.50000 0.33333
vt 0.56250 0.33333
vt 0.62500 0.33333
vt 0.68750 0.33333
vt 0.75000 0.33333
vt 0.81250 0.33333
vt 0.87500 0.33333
vt 0.93750 0.33333
vt 0.00000 0.41667
vt 0.06250 0.41667
vt 0.12500 0.41667
vt 0.18750 0.41667
vt 0.25000 0.41667
vt 0.31250 0.41667
vt 0.37500 0.41667
vt 0.43750 0.41667
vt 0.50000 0.41667
vt 0.56250 0.41667
vt 0.62500 0.41667
vt 0.68750 0.41667
vt 0.75000 0.41667
vt 0.81250 0.41667
vt 0.87500 0.41667
vt 0.93750 0.41667
vt 0.00000 0.50000
vt 0.06250 0.50000
vt 0.12500 0.50000
vt 0.18750 0.50000
vt 0.25000 0.50000
vt 0.31250 0.50000
vt 0.37500 0.50000
vt 0.43750 0.50000
vt 0.50000 0.50000
vt 0.56250 0.50000
vt 0.62500 0.50000
vt 0.68750 0.50000
vt 0.75000 0.50000
vt 0.81250 0.50000
vt 0.87500 0.50000
vt 0.93750 0.50000
vt 0.00000 0.58333
vt 0.06250 0.58333
vt 0.12500 0.58333
vt 0.18750 0.58333
vt 0.25000 0.58333
vt 0.31250 0.58333
vt 0.37500 0.58333
vt 0.43750 0.58333
vt 0.50000 0.58333
vt 0.56250 0.58333
vt 0.62500 0.58333
vt 0.68750 0.58333
vt 0.75000 0.58333
vt 0.81250 0.58333
vt 0.87500 0.58333
vt 0.93750 0.58333
vt 0.00000 0.66667
vt 0.06250 0.66667
vt 0.12500 0.66667
vt 0.18750 0.66667
vt 0.25000 0.66667
vt 0.31250 0.66667
vt 0.37500 0.66667
vt 0.43750 0.66667
vt 0.50000 0.66667
vt 0.56250 0.66667
vt 0.62500 0.66667
vt 0.68750 0.66667
vt 0.75000 0.66667
vt 0.81250 0.66667
vt 0.87500 0.66667
vt 0.93750 0.66667
vt 0.00000 0.75000
vt 0.06250 0.75000
vt 0.12500 0.75000
vt 0.18750 0.75000
vt 0.25000 0.75000
vt 0.31250 0.75000
vt 0.37500 0.75000
vt 0.43750 0.75000
vt 0.50000 0.75000
vt 0.56250 0.75000
vt 0.62500 0.75000
vt 0.68750 0.75000
vt 0.75000 0.75000
vt 0.81250 0.75000
vt 0.87500 0.75000
vt 0.93750 0.75000
vt 0.00000 0.83333
vt 0.06250 0.83333
vt 0.12500 0.83333
vt 0.18750 0.83333
vt 0.25000 0.83333
vt 0.31250 0.83333
vt 0.37500 0.83333
vt 0.43750 0.83333
vt 0.50000 0.83333
vt 0.56250 0.83333
vt 0.62500 0.83333
vt 0.68750 0.83333
vt 0.75000 0.83333
vt 0.81250 0.83333
vt 0.87500 0.83333
vt 0.93750 0.83333
vt 0.00000 0.91667
vt 0.06250 0.91667
vt 0.12500 0.91667
vt 0.18750 0.91667
vt 0.25000 0.91667
vt 0.31250 0.91667
vt 0.37500 0.91667
vt 0.43750 0.91667
vt 0.50000 0.91667
vt 0.56250 0.91667
vt 0.62500 0.91667
vt 0.68750 0.91667
vt 0.75000 0.91667
vt 0.81250 0.91667
vt 0.87500 0.91667
vt 0.93750 0.91667
vt 0.00000 1.00000
vt 0.06250 1.00000
vt 0.12500 1.00000
vt 0.18750 1.00000
vt 0.25000 1.00000
vt 0.31250 1.00000
vt 0.37500 1.00000
vt 0.43750 1.00000
vt 0.50000 1.00000
vt 0.56250 1.00000
vt 0.62500 1.00000
vt 0.68750 1.00000
vt 0.75000 1.00000
vt 0.81250 1.00000
vt 0.87500 1.00000
vt 0.93750 1.00000
vt 0.00000 0.00000
vt 0.14286 0.00000
vt 0.28571 0.00000
vt 0.42857 0.00000
vt 0.57143 0.00000
vt 0.71429 0.00000
vt 0.85714 0.00000
vt 0.00000 0.20000
vt 0.14286 0.20000
vt 0.28571 0.20000
vt 0.42857 0.20000
vt 0.57143 0.20000
vt 0.71429 0.20000
vt 0.85714 0.20000
vt 0.00000 0.40000
vt 0.14286 0.40000
vt 0.28571 0.40000
vt 0.42857 0.40000
vt 0.57143 0.40000
vt 0.71429 0.40000
vt 0.85714 0.40000
vt 0.00000 0.60000
vt 0.14286 0.60000
vt 0.28571 0.60000
vt 0.42857 0.60000
vt 0.57143 0.60000
vt 0.71429 0.60000
vt 0.85714 0.60000
vt 0.00000 0.80000
vt 0.14286 0.80000
vt 0.28571 0.80000
vt 0.42857 0.80000
vt 0.57143 0.80000
vt 0.71429 0.80000
vt 0.85714 0.80000
vt 0.00000 1.00000
vt 0.14286 1.00000
vt 0.28571 1.00000
vt 0.42857 1.00000
vt 0.57143 1.00000
vt 0.71429 1.00000
vt 0.85714 1.00000
vt 0.00000 0.00000
vt 0.14286 0.00000
vt 0.28571 0.00000
vt 0.42857 0.00000
vt 0.57143 0.00000
vt 0.71429 0.00000
vt 0.85714 0.00000
vt 0.00000 0.20000
vt 0.14286 0.20000
vt 0.28571 0.20000
vt 0.42857 0.20000
vt 0.57143 0.20000
vt 0.71429 0.20000
vt 0.85714 0.20000
vt 0.00000 0.40000
vt 0.14286 0.40000
vt 0.28571 0.40000
vt 0.42857 0.40000
vt 0.57143 0.40000
vt 0.71429 0.40000
vt 0.85714 0.40000
vt 0.00000 0.60000
vt 0.14286 0.60000
vt 0.28571 0.60000
vt 0.42857 0.60000
vt 0.57143 0.60000
vt 0.71429 0.60000
vt 0.85714 0.60000
vt 0.00000 0.80000
vt 0.14286 0.80000
vt 0.28571 0.80000
vt 0.42857 0.80000
vt 0.57143 0.80000
vt 0.71429 0.80000
vt 0.85714 0.80000
vt 0.00000 1.00000
vt 0.14286 1.00000
vt 0.28571 1.00000
vt 0.42857 1.00000
vt 0.57143 1.00000
vt 0.71429 1.00000
vt 0.85714 1.00000
vt 0.00000 0.00000
vt 0.14286 0.00000
vt 0.28571 0.00000
vt 0.42857 0.00000
vt 0.57143 0.00000
vt 0.71429 0.00000
vt 0.85714 0.00000
vt 0.00000 0.20000
vt 0.14286 0.20000
vt 0.28571 0.20000
vt 0.42857 0.20000
vt 0.57143 0.20000
vt 0.71429 0.20000
vt 0.85714 0.20000
vt 0.00000 0.40000
vt 0.14286 0.40000
vt 0.28571 0.40000
vt 0.42857 0.40000
vt 0.57143 0.40000
vt 0.71429 0.40000
vt 0.85714 0.40000
vt 0.00000 0.60000
vt 0.14286 0.60000
vt 0.28571 0.60000
vt 0.42857 0.60000
vt 0.57143 0.60000
vt 0.71429 0.60000
vt 0.85714 0.60000
vt 0.00000 0.80000
vt 0.14286 0.80000
vt 0.28571 0.80000
vt 0.42857 0.80000
vt 0.57143 0.80000
vt 0.71429 0.80000
vt 0.85714 0.80000
vt 0.00000 1.00000
vt 0.14286 1.00000
vt 0.28571 1.00000
vt 0.42857 1.00000
vt 0.57143 1.00000
vt 0.71429 1.00000
vt 0.85714 1.00000
vt 0.00000 0.00000
vt 0.14286 0.00000
vt 0.28571 0.00000
vt 0.42857 0.00000
vt 0.57143 0.00000
vt 0.71429 0.00000
vt 0.85714 0.00000
vt 0.00000 0.20000
vt 0.14286 0.20000
vt 0.28571 0.20000
vt 0.42857 0.20000
vt 0.57143 0.20000
vt 0.71429 0.20000
vt 0.85714 0.20000
vt 0.00000 0.40000
vt 0.14286 0.40000
vt 0.28571 0.40000
vt 0.42857 0.40000
vt 0.57143 0.40000
vt 0.71429 0.40000
vt 0.85714 0.40000
vt 0.00000 0.60000
vt 0.14286 0.60000
vt 0.28571 0.60000
vt 0.42857 0.60000
vt 0.57143 0.60000
vt 0.71429 0.60000
vt 0.85714 0.60000
vt 0.00000 0.80000
vt 0.14286 0.80000
vt 0.28571 0.80000
vt 0.42857 0.80000
vt 0.57143 0.80000
vt 0.71429 0.80000
vt 0.85714 0.80000
vt 0.00000 1.00000
vt 0.14286 1.00000
vt 0.28571 1.00000
vt 0.42857 1.00000
vt 0.57143 1.00000
vt 0.71429 1.00000
vt 0.85714 1.00000
vt 0.00000 0.00000
vt 0.14286 0.00000
vt 0.28571 0.00000
vt 0.42857 0.00000
vt 0.57143 0.00000
vt 0.71429 0.00000
vt 0.85714 0.00000
vt 0.00000 0.20000
vt 0.14286 0.20000
vt 0.28571 0.20000
vt 0.42857 0.20000
vt 0.57143 0.20000
vt 0.71429 0.20000
vt 0.85714 0.20000
vt 0.00000 0.40000
vt 0.14286 0.40000
vt 0.28571 0.40000
vt 0.42857 0.40000
vt 0.57143 0.40000
vt 0.71429 0.40000
vt 0.85714 0.40000
vt 0.00000 0.60000
vt 0.14286 0.60000
vt 0.28571 0.60000
vt 0.42857 0.60000
vt 0.57143 0.60000
vt 0.71429 0.60000
vt 0.85714 0.60000
vt 0.00000 0.80000
vt 0.14286 0.80000
vt 0.28571 0.80000
vt 0.42857 0.80000
vt 0.57143 0.80000
vt 0.71429 0.80000
vt 0.85714 0.80000
vt 0.00000 1.00000
vt 0.14286 1.00000
vt 0.28571 1.00000
vt 0.42857 1.00000
vt 0.57143 1.00000
vt 0.71429 1.00000
vt 0.85714 1.00000
vt 0.00000 0.00000
vt 0.14286 0.00000
vt 0.28571 0.00000
vt 0.42857 0.00000
vt 0.57143 0.00000
vt 0.71429 0.00000
vt 0.85714 0.00000
vt 0.00000 0.20000
vt 0.14286 0.20000
vt 0.28571 0.20000
vt 0.42857 0.20000
vt 0.57143 0.20000
vt 0.71429 0.20000
vt 0.85714 0.20000
vt 0.00000 0.40000
vt 0.14286 0.40000
vt 0.28571 0.40000
vt 0.42857 0.40000
vt 0.57143 0.40000
vt 0.71429 0.40000
vt 0.85714 0.40000
vt 0.00000 0.60000
vt 0.14286 0.60000
vt 0.28571 0.60000
vt 0.42857 0.60000
vt 0.57143 0.60000
vt 0.71429 0.60000
vt 0.85714 0.60000
vt 0.00000 0.80000
vt 0.14286 0.80000
vt 0.28571 0.80000
vt 0.42857 0.80000
vt 0.57143 0.80000
vt 0.71429 0.80000
vt 0.85714 0.80000
vt 0.00000 1.00000
vt 0.14286 1.00000
vt 0.28571 1.00000
vt 0.42857 1.00000
vt 0.57143 1.00000
vt 0.71429 1.00000
vt 0.85714 1.00000
vt 0.00000 0.00000
vt 0.14286 0.00000
vt 0.28571 0.00000
vt 0.42857 0.00000
vt 0.57143 0.00000
vt 0.71429 0.00000
vt 0.85714 0.00000
vt 0.00000 0.20000
vt 0.14286 0.20000
vt 0.28571 0.20000
vt 0.42857 0.20000
vt 0.57143 0.20000
vt 0.71429 0.20000
vt 0.85714 0.20000
vt 0.00000 0.40000
vt 0.14286 0.40000
vt 0.28571 0.40000
vt 0.42857 0.40000
vt 0.57143 0.40000
vt 0.71429 0.40000
vt 0.85714 0.40000
vt 0.00000 0.60000
vt 0.14286 0.60000
vt 0.28571 0.60000
vt 0.42857 0.60000
vt 0.57143 0.60000
vt 0.71429 0.60000
vt 0.85714 0.60000
vt 0.00000 0.80000
vt 0.14286 0.80000
vt 0.28571 0.80000
vt 0.42857 0.80000
vt 0.57143 0.80000
vt 0.71429 0.80000
vt 0.85714 0.80000
vt 0.00000 1.00000
vt 0.14286 1.00000
vt 0.28571 1.00000
vt 0.42857 1.00000
vt 0.57143 1.00000
vt 0.71429 1.00000
vt 0.85714 1.00000
vt 0.00000 0.00000
vt 0.14286 0.00000
vt 0.28571 0.00000
vt 0.42857 0.00000
vt 0.57143 0.00000
vt 0.71429 0.00000
vt 0.85714 0.00000
vt 0.00000 0.20000
vt 0.14286 0.20000
vt 0.28571 0.20000
vt 0.42857 0.20000
vt 0.57143 0.20000
vt 0.71429 0.20000
vt 0.85714 0.20000
vt 0.00000 0.40000
vt 0.14286 0.40000
vt 0.28571 0.40000
vt 0.42857 0.40000
vt 0.57143 0.40000
vt 0.71429 0.40000
vt 0.85714 0.40000
vt 0.00000 0.60000
vt 0.14286 0.60000
vt 0.28571 0.60000
vt 0.42857 0.60000
vt 0.57143 0.60000
vt 0.71429 0.60000
vt 0.85714 0.60000
vt 0.00000 0.80000
vt 0.14286 0.80000
vt 0.28571 0.80000
vt 0.42857 0.80000
vt 0.57143 0.80000
vt 0.71429 0.80000
vt 0.85714 0.80000
vt 0.00000 1.00000
vt 0.14286 1.00000
vt 0.28571 1.00000
vt 0.42857 1.00000
vt 0.57143 1.00000
vt 0.71429 1.00000
vt 0.85714 1.00000
vt 0.00000 0.00000
vt 0.14286 0.00000
vt 0.28571 0.00000
vt 0.42857 0.00000
vt 0.57143 0.00000
vt 0.71429 0.00000
vt 0.85714 0.00000
vt 0.00000 0.20000
vt 0.14286 0.20000
vt 0.28571 0.20000
vt 0.42857 0.20000
vt 0.57143 0.20000
vt 0.71429 0.20000
vt 0.85714 0.20000
vt 0.00000 0.40000
vt 0.14286 0.40000
vt 0.28571 0.40000
vt 0.42857 0.40000
vt 0.57143 0.40000
vt 0.71429 0.40000
vt 0.85714 0.40000
vt 0.00000 0.60000
vt 0.14286 0.60000
vt 0.28571 0.60000
vt 0.42857 0.60000
vt 0.57143 0.60000
vt 0.71429 0.60000
vt 0.85714 0.60000
vt 0.00000 0.80000
vt 0.14286 0.80000
vt 0.28571 0.80000
vt 0.42857 0.80000
vt 0.57143 0.80000
vt 0.71429 0.80000
vt 0.85714 0.80000
vt 0.00000 1.00000
vt 0.14286 1.00000
vt 0.28571 1.00000
vt 0.42857 1.00000
vt 0.57143 1.00000
vt 0.71429 1.00000
vt 0.85714 1.00000
vt 0.00000 0.00000
vt 0.14286 0.00000
vt 0.28571 0.00000
vt 0.42857 0.00000
vt 0.57143 0.00000
vt 0.71429 0.00000
vt 0.85714 0.00000
vt 0.00000 0.20000
vt 0.14286 0.20000
vt 0.28571 0.20000
vt 0.42857 0.20000
vt 0.57143 0.20000
vt 0.71429 0.20000
vt 0.85714 0.20000
vt 0.00000 0.40000
vt 0.14286 0.40000
vt 0.28571 0.40000
vt 0.42857 0.40000
vt 0.57143 0.40000
vt 0.71429 0.40000
vt 0.85714 0.40000
vt 0.00000 0.60000
vt 0.14286 0.60000
vt 0.28571 0.60000
vt 0.42857 0.60000
vt 0.57143 0.60000
vt 0.71429 0.60000
vt 0.85714 0.60000
vt 0.00000 0.80000
vt 0.14286 0.80000
vt 0.28571 0.80000
vt 0.42857 0.80000
vt 0.57143 0.80000
vt 0.71429 0.80000
vt 0.85714 0.80000
vt 0.00000 1.00000
vt 0.14286 1.00000
vt 0.28571 1.00000
vt 0.42857 1.00000
vt 0.57143 1.00000
vt 0.71429 1.00000
vt 0.85714 1.00000
vt 0.00000 0.00000
vt 0.10000 0.00000
vt 0.20000 0.00000
vt 0.30000 0.00000
vt 0.40000 0.00000
vt 0.50000 0.00000
vt 0.60000 0.00000
vt 0.70000 0.00000
vt 0.80000 0.00000
vt 0.90000 0.00000
vt 0.00000 0.16667
vt 0.10000 0.16667
vt 0.20000 0.16667
vt 0.30000 0.16667
vt 0.40000 0.16667
vt 0.50000 0.16667
vt 0.60000 0.16667
vt 0.70000 0.16667
vt 0.80000 0.16667
vt 0.90000 0.16667
vt 0.00000 0.33333
vt 0.10000 0.33333
vt 0.20000 0.33333
vt 0.30000 0.33333
vt 0.40000 0.33333
vt 0.50000 0.33333
vt 0.60000 0.33333
vt 0.70000 0.33333
vt 0.80000 0.33333
vt 0.90000 0.33333
vt 0.00000 0.50000
vt 0.10000 0.50000
vt 0.20000 0.50000
vt 0.30000 0.50000
vt 0.40000 0.50000
vt 0.50000 0.50000
vt 0.60000 0.50000
vt 0.70000 0.50000
vt 0.80000 0.50000
vt 0.90000 0.50000
vt 0.00000 0.66667
vt 0.10000 0.66667
vt 0.20000 0.66667
vt 0.30000 0.66667
vt 0.40000 0.66667
vt 0.50000 0.66667
vt 0.60000 0.66667
vt 0.70000 0.66667
vt 0.80000 0.66667
vt 0.90000 0.66667
vt 0.00000 0.83333
vt 0.10000 0.83333
vt 0.20000 0.83333
vt 0.30000 0.83333
vt 0.40000 0.83333
vt 0.50000 0.83333
vt 0.60000 0.83333
vt 0.70000 0.83333
vt 0.80000 0.83333
vt 0.90000 0.83333
vt 0.00000 1.00000
vt 0.10000 1.00000
vt 0.20000 1.00000
vt 0.30000 1.00000
vt 0.40000 1.00000
vt 0.50000 1.00000
vt 0.60000 1.00000
vt 0.70000 1.00000
vt 0.80000 1.00000
vt 0.90000 1.00000
vt 0.00000 0.00000
vt 0.16667 0.00000
vt 0.33333 0.00000
vt 0.50000 0.00000
vt 0.66667 0.00000
vt 0.83333 0.00000
vt 0.00000 0.25000
vt 0.16667 0.25000
vt 0.33333 0.25000
vt 0.50000 0.25000
vt 0.66667 0.25000
vt 0.83333 0.25000
vt 0.00000 0.50000
vt 0.16667 0.50000
vt 0.33333 0.50000
vt 0.50000 0.50000
vt 0.66667 0.50000
vt 0.83333 0.50000
vt 0.00000 0.75000
vt 0.16667 0.75000
vt 0.33333 0.75000
vt 0.50000 0.75000
vt 0.66667 0.75000
vt 0.83333 0.75000
vt 0.00000 1.00000
vt 0.16667 1.00000
vt 0.33333 1.00000
vt 0.50000 1.00000
vt 0.66667 1.00000
vt 0.83333 1.00000
vt 0.00000 0.00000
vt 0.16667 0.00000
vt 0.33333 0.00000
vt 0.50000 0.00000
vt 0.66667 0.00000
vt 0.83333 0.00000
vt 0.00000 0.25000
vt 0.16667 0.25000
vt 0.33333 0.25000
vt 0.50000 0.25000
vt 0.66667 0.25000
vt 0.83333 0.25000
vt 0.00000 0.50000
vt 0.16667 0.50000
vt 0.33333 0.50000
vt 0.50000 0.50000
vt 0.66667 0.50000
vt 0.83333 0.50000
vt 0.00000 0.75000
vt 0.16667 0.75000
vt 0.33333 0.75000
vt 0.50000 0.75000
vt 0.66667 0.75000
vt 0.83333 0.75000
vt 0.00000 1.00000
vt 0.16667 1.00000
vt 0.33333 1.00000
vt 0.50000 1.00000
vt 0.66667 1.00000
vt 0.83333 1.00000
vt 0.00000 0.00000
vt 0.16667 0.00000
vt 0.33333 0.00000
vt 0.50000 0.00000
vt 0.66667 0.00000
vt 0.83333 0.00000
vt 0.00000 0.25000
vt 0.16667 0.25000
vt 0.33333 0.25000
vt 0.50000 0.25000
vt 0.66667 0.25000
vt 0.83333 0.25000
vt 0.00000 0.50000
vt 0.16667 0.50000
vt 0.33333 0.50000
vt 0.50000 0.50000
vt 0.66667 0.50000
vt 0.83333 0.50000
vt 0.00000 0.75000
vt 0.16667 0.75000
vt 0.33333 0.75000
vt 0.50000 0.75000
vt 0.66667 0.75000
vt 0.83333 0.75000
vt 0.00000 1.00000
vt 0.16667 1.00000
vt 0.33333 1.00000
vt 0.50000 1.00000
vt 0.66667 1.00000
vt 0.83333 1.00000
vt 0.00000 0.00000
vt 0.11111 0.00000
vt 0.22222 0.00000
vt 0.33333 0.00000
vt 0.44444 0.00000
vt 0.55556 0.00000
vt 0.66667 0.00000
vt 0.77778 0.00000
vt 0.88889 0.00000
vt 0.00000 0.14286
vt 0.11111 0.14286
vt 0.22222 0.14286
vt 0.33333 0.14286
vt 0.44444 0.14286
vt 0.55556 0.14286
vt 0.66667 0.14286
vt 0.77778 0.14286
vt 0.88889 0.14286
vt 0.00000 0.28571
vt 0.11111 0.28571
vt 0.22222 0.28571
vt 0.33333 0.28571
vt 0.44444 0.28571
vt 0.55556 0.28571
vt 0.66667 0.28571
vt 0.77778 0.28571
vt 0.88889 0.28571
vt 0.00000 0.42857
vt 0.11111 0.42857
vt 0.22222 0.42857
vt 0.33333 0.42857
vt 0.44444 0.42857
vt 0.55556 0.42857
vt 0.66667 0.42857
vt 0.77778 0.42857
vt 0.88889 0.42857
vt 0.00000 0.57143
vt 0.11111 0.57143
vt 0.22222 0.57143
vt 0.33333 0.57143
vt 0.44444 0.57143
vt 0.55556 0.57143
vt 0.66667 0.57143
vt 0.77778 0.57143
vt 0.88889 0.57143
vt 0.00000 0.71429
vt 0.11111 0.71429
vt 0.22222 0.71429
vt 0.33333 0.71429
vt 0.44444 0.71429
vt 0.55556 0.71429
vt 0.66667 0.71429
vt 0.77778 0.71429
vt 0.88889 0.71429
vt 0.00000 0.85714
vt 0.11111 0.85714
vt 0.22222 0.85714
vt 0.33333 0.85714
vt 0.44444 0.85714
vt 0.55556 0.85714
vt 0.66667 0.85714
vt 0.77778 0.85714
vt 0.88889 0.85714
vt 0.00000 1.00000
vt 0.11111 1.00000
vt 0.22222 1.00000
vt 0.33333 1.00000
vt 0.44444 1.00000
vt 0.55556 1.00000
vt 0.66667 1.00000
vt 0.77778 1.00000
vt 0.88889 1.00000
vt 0.00000 0.50000
vt 0.12500 0.50000
vt 0.25000 0.50000
vt 0.37500 0.50000
vt 0.50000 0.50000
vt 0.62500 0.50000
vt 0.75000 0.50000
vt 0.87500 0.50000
vt 0.00000 0.50000
vt 0.12500 0.50000
vt 0.25000 0.50000
vt 0.37500 0.50000
vt 0.50000 0.50000
vt 0.62500 0.50000
vt 0.75000 0.50000
vt 0.87500 0.50000
vt 0.00000 0.50000
vt 0.12500 0.50000
vt 0.25000 0.50000
vt 0.37500 0.50000
vt 0.50000 0.50000
vt 0.62500 0.50000
vt 0.75000 0.50000
vt 0.87500 0.50000
vt 0.00000 0.50000
vt 0.12500 0.50000
vt 0.25000 0.50000
vt 0.37500 0.50000
vt 0.50000 0.50000
vt 0.62500 0.50000
vt 0.75000 0.50000
vt 0.87500 0.50000
vt 0.00000 0.50000
vt 0.12500 0.50000
vt 0.25000 0.50000
vt 0.37500 0.50000
vt 0.50000 0.50000
vt 0.62500 0.50000
vt 0.75000 0.50000
vt 0.87500 0.50000
vt 0.00000 0.50000
vt 0.12500 0.50000
vt 0.25000 0.50000
vt 0.37500 0.50000
vt 0.50000 0.50000
vt 0.62500 0.50000
vt 0.75000 0.50000
vt 0.87500 0.50000
vt 0.00000 0.50000
vt 0.12500 0.50000
vt 0.25000 0.50000
vt 0.37500 0.50000
vt 0.50000 0.50000
vt 0.62500 0.50000
vt 0.75000 0.50000
vt 0.87500 0.50000
vt 0.00000 0.50000
vt 0.12500 0.50000
vt 0.25000 0.50000
vt 0.37500 0.50000
vt 0.50000 0.50000
vt 0.62500 0.50000
vt 0.75000 0.50000
vt 0.87500 0.50000
vt 0.00000 0.50000
vt 0.12500 0.50000
vt 0.25000 0.50000
vt 0.37500 0.50000
vt 0.50000 0.50000
vt 0.62500 0.50000
vt 0.75000 0.50000
vt 0.87500 0.50000
vt 0.00000 0.50000
vt 0.12500 0.50000
vt 0.25000 0.50000
vt 0.37500 0.50000
vt 0.50000 0.50000
vt 0.62500 0.50000
vt 0.75000 0.50000
vt 0.87500 0.50000
vt 0.00000 0.50000
vt 0.12500 0.50000
vt 0.25000 0.50000
vt 0.37500 0.50000
vt 0.50000 0.50000
vt 0.62500 0.50000
vt 0.75000 0.50000
vt 0.87500 0.50000
vt 0.00000 0.50000
vt 0.12500 0.50000
vt 0.25000 0.50000
vt 0.37500 0.50000
vt 0.50000 0.50000
vt 0.62500 0.50000
vt 0.75000 0.50000
vt 0.87500 0.50000
vt 0.00000 0.50000
vt 0.12500 0.50000
vt 0.25000 0.50000
vt 0.37500 0.50000
vt 0.50000 0.50000
vt 0.62500 0.50000
vt 0.75000 0.50000
vt 0.87500 0.50000
vt 0.00000 0.50000
vt 0.12500 0.50000
vt 0.25000 0.50000
vt 0.37500 0.50000
vt 0.50000 0.50000
vt 0.62500 0.50000
vt 0.75000 0.50000
vt 0.87500 0.50000
vt 0.00000 0.50000
vt 0.12500 0.50000
vt 0.25000 0.50000
vt 0.37500 0.50000
vt 0.50000 0.50000
vt 0.62500 0.50000
vt 0.75000 0.50000
vt 0.87500 0.50000
vt 0.00000 0.50000
vt 0.12500 0.50000
vt 0.25000 0.50000
vt 0.37500 0.50000
vt 0.50000 0.50000
vt 0.62500 0.50000
vt 0.75000 0.50000
vt 0.87500 0.50000
vt 0.00000 0.50000
vt 0.12500 0.50000
vt 0.25000 0.50000
vt 0.37500 0.50000
vt 0.50000 0.50000
vt 0.62500 0.50000
vt 0.75000 0.50000
vt 0.87500 0.50000
vt 0.00000 0.50000
vt 0.12500 0.50000
vt 0.25000 0.50000
vt 0.37500 0.50000
vt 0.50000 0.50000
vt 0.62500 0.50000
vt 0.75000 0.50000
vt 0.87500 0.50000
vt 0.00000 0.50000
vt 0.12500 0.50000
vt 0.25000 0.50000
vt 0.37500 0.50000
vt 0.50000 0.50000
vt 0.62500 0.50000
vt 0.75000 0.50000
vt 0.87500 0.50000
vt 0.00000 0.50000
vt 0.12500 0.50000
vt 0.25000 0.50000
vt 0.37500 0.50000
vt 0.50000 0.50000
vt 0.62500 0.50000
vt 0.75000 0.50000
vt 0.87500 0.50000
vt 0.00000 0.50000
vt 0.12500 0.50000
vt 0.25000 0.50000
vt 0.37500 0.50000
vt 0.50000 0.50000
vt 0.62500 0.50000
vt 0.75000 0.50000
vt 0.87500 0.50000
vt 0.00000 0.50000
vt 0.12500 0.50000
vt 0.25000 0.50000
vt 0.37500 0.50000
vt 0.50000 0.50000
vt 0.62500 0.50000
vt 0.75000 0.50000
vt 0.87500 0.50000
vt 0.00000 0.50000
vt 0.12500 0.50000
vt 0.25000 0.50000
vt 0.37500 0.50000
vt 0.50000 0.50000
vt 0.62500 0.50000
vt 0.75000 0.50000
vt 0.87500 0.50000
vt 0.00000 0.50000
vt 0.12500 0.50000
vt 0.25000 0.50000
vt 0.37500 0.50000
vt 0.50000 0.50000
vt 0.62500 0.50000
vt 0.75000 0.50000
vt 0.87500 0.50000
vt 0.00000 0.50000
vt 0.12500 0.50000
vt 0.25000 0.50000
vt 0.37500 0.50000
vt 0.50000 0.50000
vt 0.62500 0.50000
vt 0.75000 0.50000
vt 0.87500 0.50000
vt 0.00000 0.00000
vt 0.10000 0.00000
vt 0.20000 0.00000
vt 0.30000 0.00000
vt 0.40000 0.00000
vt 0.50000 0.00000
vt 0.60000 0.00000
vt 0.70000 0.00000
vt 0.80000 0.00000
vt 0.90000 0.00000
vt 0.00000 0.14286
vt 0.10000 0.14286
vt 0.20000 0.14286
vt 0.30000 0.14286
vt 0.40000 0.14286
vt 0.50000 0.14286
vt 0.60000 0.14286
vt 0.70000 0.14286
vt 0.80000 0.14286
vt 0.90000 0.14286
vt 0.00000 0.28571
vt 0.10000 0.28571
vt 0.20000 0.28571
vt 0.30000 0.28571
vt 0.40000 0.28571
vt 0.50000 0.28571
vt 0.60000 0.28571
vt 0.70000 0.28571
vt 0.80000 0.28571
vt 0.90000 0.28571
vt 0.00000 0.42857
vt 0.10000 0.42857
vt 0.20000 0.42857
vt 0.30000 0.42857
vt 0.40000 0.42857
vt 0.50000 0.42857
vt 0.60000 0.42857
vt 0.70000 0.42857
vt 0.80000 0.42857
vt 0.90000 0.42857
vt 0.00000 0.57143
vt 0.10000 0.57143
vt 0.20000 0.57143
vt 0.30000 0.57143
vt 0.40000 0.57143
vt 0.50000 0.57143
vt 0.60000 0.57143
vt 0.70000 0.57143
vt 0.80000 0.57143
vt 0.90000 0.57143
vt 0.00000 0.71429
vt 0.10000 0.71429
vt 0.20000 0.71429
vt 0.30000 0.71429
vt 0.40000 0.71429
vt 0.50000 0.71429
vt 0.60000 0.71429
vt 0.70000 0.71429
vt 0.80000 0.71429
vt 0.90000 0.71429
vt 0.00000 0.85714
vt 0.10000 0.85714
vt 0.20000 0.85714
vt 0.30000 0.85714
vt 0.40000 0.85714
vt 0.50000 0.85714
vt 0.60000 0.85714
vt 0.70000 0.85714
vt 0.80000 0.85714
vt 0.90000 0.85714
vt 0.00000 1.00000
vt 0.10000 1.00000
vt 0.20000 1.00000
vt 0.30000 1.00000
vt 0.40000 1.00000
vt 0.50000 1.00000
vt 0.60000 1.00000
vt 0.70000 1.00000
vt 0.80000 1.00000
vt 0.90000 1.00000
vt 0.00000 0.00000
vt 0.12500 0.00000
vt 0.25000 0.00000
vt 0.37500 0.00000
vt 0.50000 0.00000
vt 0.62500 0.00000
vt 0.75000 0.00000
vt 0.87500 0.00000
vt 0.00000 0.20000
vt 0.12500 0.20000
vt 0.25000 0.20000
vt 0.37500 0.20000
vt 0.50000 0.20000
vt 0.62500 0.20000
vt 0.75000 0.20000
vt 0.87500 0.20000
vt 0.00000 0.40000
vt 0.12500 0.40000
vt 0.25000 0.40000
vt 0.37500 0.40000
vt 0.50000 0.40000
vt 0.62500 0.40000
vt 0.75000 0.40000
vt 0.87500 0.40000
vt 0.00000 0.60000
vt 0.12500 0.60000
vt 0.25000 0.60000
vt 0.37500 0.60000
vt 0.50000 0.60000
vt 0.62500 0.60000
vt 0.75000 0.60000
vt 0.87500 0.60000
vt 0.00000 0.80000
vt 0.12500 0.80000
vt 0.25000 0.80000
vt 0.37500 0.80000
vt 0.50000 0.80000
vt 0.62500 0.80000
vt 0.75000 0.80000
vt 0.87500 0.80000
vt 0.00000 1.00000
vt 0.12500 1.00000
vt 0.25000 1.00000
vt 0.37500 1.00000
vt 0.50000 1.00000
vt 0.62500 1.00000
vt 0.75000 1.00000
vt 0.87500 1.00000
vt 0.00000 0.50000
vt 0.16667 0.50000
vt 0.33333 0.50000
vt 0.50000 0.50000
vt 0.66667 0.50000
vt 0.83333 0.50000
vt 0.00000 0.50000
vt 0.16667 0.50000
vt 0.33333 0.50000
vt 0.50000 0.50000
vt 0.66667 0.50000
vt 0.83333 0.50000
vt 0.00000 0.50000
vt 0.16667 0.50000
vt 0.33333 0.50000
vt 0.50000 0.50000
vt 0.66667 0.50000
vt 0.83333 0.50000
vt 0.00000 0.50000
vt 0.16667 0.50000
vt 0.33333 0.50000
vt 0.50000 0.50000
vt 0.66667 0.50000
vt 0.83333 0.50000
vt 0.00000 0.50000
vt 0.16667 0.50000
vt 0.33333 0.50000
vt 0.50000 0.50000
vt 0.66667 0.50000
vt 0.83333 0.50000
vt 0.00000 0.50000
vt 0.16667 0.50000
vt 0.33333 0.50000
vt 0.50000 0.50000
vt 0.66667 0.50000
vt 0.83333 0.50000
vt 0.00000 0.50000
vt 0.16667 0.50000
vt 0.33333 0.50000
vt 0.50000 0.50000
vt 0.66667 0.50000
vt 0.83333 0.50000
vt 0.00000 0.50000
vt 0.16667 0.50000
vt 0.33333 0.50000
vt 0.50000 0.50000
vt 0.66667 0.50000
vt 0.83333 0.50000
vt 0.00000 0.50000
vt 0.16667 0.50000
vt 0.33333 0.50000
vt 0.50000 0.50000
vt 0.66667 0.50000
vt 0.83333 0.50000
vt 0.00000 0.50000
vt 0.16667 0.50000
vt 0.33333 0.50000
vt 0.50000 0.50000
vt 0.66667 0.50000
vt 0.83333 0.50000
vt 0.00000 0.50000
vt 0.16667 0.50000
vt 0.33333 0.50000
vt 0.50000 0.50000
vt 0.66667 0.50000
vt 0.83333 0.50000
vt 0.00000 0.50000
vt 0.16667 0.50000
vt 0.33333 0.50000
vt 0.50000 0.50000
vt 0.66667 0.50000
vt 0.83333 0.50000
vt 0.00000 0.50000
vt 0.16667 0.50000
vt 0.33333 0.50000
vt 0.50000 0.50000
vt 0.66667 0.50000
vt 0.83333 0.50000
vt 0.00000 0.50000
vt 0.16667 0.50000
vt 0.33333 0.50000
vt 0.50000 0.50000
vt 0.66667 0.50000
vt 0.83333 0.50000
vt 0.00000 0.50000
vt 0.16667 0.50000
vt 0.33333 0.50000
vt 0.50000 0.50000
vt 0.66667 0.50000
vt 0.83333 0.50000
vt 0.00000 0.50000
vt 0.16667 0.50000
vt 0.33333 0.50000
vt 0.50000 0.50000
vt 0.66667 0.50000
vt 0.83333 0.50000
vt 0.00000 0.50000
vt 0.16667 0.50000
vt 0.33333 0.50000
vt 0.50000 0.50000
vt 0.66667 0.50000
vt 0.83333 0.50000
vt 0.00000 0.50000
vt 0.16667 0.50000
vt 0.33333 0.50000
vt 0.50000 0.50000
vt 0.66667 0.50000
vt 0.83333 0.50000
vt 0.00000 0.50000
vt 0.16667 0.50000
vt 0.33333 0.50000
vt 0.50000 0.50000
vt 0.66667 0.50000
vt 0.83333 0.50000
vt 0.00000 0.50000
vt 0.16667 0.50000
vt 0.33333 0.50000
vt 0.50000 0.50000
vt 0.66667 0.50000
vt 0.83333 0.50000
vt 0.00000 0.50000
vt 0.16667 0.50000
vt 0.33333 0.50000
vt 0.50000 0.50000
vt 0.66667 0.50000
vt 0.83333 0.50000
vt 0.00000 0.50000
vt 0.16667 0.50000
vt 0.33333 0.50000
vt 0.50000 0.50000
vt 0.66667 0.50000
vt 0.83333 0.50000
vt 0.00000 0.50000
vt 0.16667 0.50000
vt 0.33333 0.50000
vt 0.50000 0.50000
vt 0.66667 0.50000
vt 0.83333 0.50000
vt 0.00000 0.50000
vt 0.16667 0.50000
vt 0.33333 0.50000
vt 0.50000 0.50000
vt 0.66667 0.50000
vt 0.83333 0.50000
vt 0.00000 0.50000
vt 0.16667 0.50000
vt 0.33333 0.50000
vt 0.50000 0.50000
vt 0.66667 0.50000
vt 0.83333 0.50000
vt 0.00000 0.50000
vt 0.16667 0.50000
vt 0.33333 0.50000
vt 0.50000 0.50000
vt 0.66667 0.50000
vt 0.83333 0.50000
vt 0.00000 0.50000
vt 0.16667 0.50000
vt 0.33333 0.50000
vt 0.50000 0.50000
vt 0.66667 0.50000
vt 0.83333 0.50000
vt 0.00000 0.50000
vt 0.16667 0.50000
vt 0.33333 0.50000
vt 0.50000 0.50000
vt 0.66667 0.50000
vt 0.83333 0.50000
vt 0.00000 0.50000
vt 0.16667 0.50000
vt 0.33333 0.50000
vt 0.50000 0.50000
vt 0.66667 0.50000
vt 0.83333 0.50000
vt 0.00000 0.50000
vt 0.16667 0.50000
vt 0.33333 0.50000
vt 0.50000 0.50000
vt 0.66667 0.50000
vt 0.83333 0.50000
vt 0.00000 0.50000
vt 0.16667 0.50000
vt 0.33333 0.50000
vt 0.50000 0.50000
vt 0.66667 0.50000
vt 0.83333 0.50000
vt 0.00000 0.50000
vt 0.16667 0.50000
vt 0.33333 0.50000
vt 0.50000 0.50000
vt 0.66667 0.50000
vt 0.83333 0.50000
vt 0.00000 0.50000
vt 0.16667 0.50000
vt 0.33333 0.50000
vt 0.50000 0.50000
vt 0.66667 0.50000
vt 0.83333 0.50000
vt 0.00000 0.50000
vt 0.16667 0.50000
vt 0.33333 0.50000
vt 0.50000 0.50000
vt 0.66667 0.50000
vt 0.83333 0.50000
vt 0.00000 0.50000
vt 0.16667 0.50000
vt 0.33333 0.50000
vt 0.50000 0.50000
vt 0.66667 0.50000
vt 0.83333 0.50000
vt 0.00000 0.50000
vt 0.16667 0.50000
vt 0.33333 0.50000
vt 0.50000 0.50000
vt 0.66667 0.50000
vt 0.83333 0.50000
vt 0.00000 0.50000
vt 0.16667 0.50000
vt 0.33333 0.50000
vt 0.50000 0.50000
vt 0.66667 0.50000
vt 0.83333 0.50000
vt 0.00000 0.50000
vt 0.16667 0.50000
vt 0.33333 0.50000
vt 0.50000 0.50000
vt 0.66667 0.50000
vt 0.83333 0.50000
vt 0.00000 0.50000
vt 0.16667 0.50000
vt 0.33333 0.50000
vt 0.50000 0.50000
vt 0.66667 0.50000
vt 0.83333 0.50000
vt 0.00000 0.50000
vt 0.16667 0.50000
vt 0.33333 0.50000
vt 0.50000 0.50000
vt 0.66667 0.50000
vt 0.83333 0.50000
vt 0.00000 0.50000
vt 0.16667 0.50000
vt 0.33333 0.50000
vt 0.50000 0.50000
vt 0.66667 0.50000
vt 0.83333 0.50000
vt 0.00000 0.50000
vt 0.16667 0.50000
vt 0.33333 0.50000
vt 0.50000 0.50000
vt 0.66667 0.50000
vt 0.83333 0.50000
vt 0.00000 0.50000
vt 0.16667 0.50000
vt 0.33333 0.50000
vt 0.50000 0.50000
vt 0.66667 0.50000
vt 0.83333 0.50000
vt 0.00000 0.50000
vt 0.16667 0.50000
vt 0.33333 0.50000
vt 0.50000 0.50000
vt 0.66667 0.50000
vt 0.83333 0.50000
vt 0.00000 0.50000
vt 0.16667 0.50000
vt 0.33333 0.50000
vt 0.50000 0.50000
vt 0.66667 0.50000
vt 0.83333 0.50000
vt 0.00000 0.50000
vt 0.16667 0.50000
vt 0.33333 0.50000
vt 0.50000 0.50000
vt 0.66667 0.50000
vt 0.83333 0.50000
vt 0.00000 0.50000
vt 0.16667 0.50000
vt 0.33333 0.50000
vt 0.50000 0.50000
vt 0.66667 0.50000
vt 0.83333 0.50000
vt 0.00000 0.50000
vt 0.16667 0.50000
vt 0.33333 0.50000
vt 0.50000 0.50000
vt 0.66667 0.50000
vt 0.83333 0.50000
vt 0.00000 0.50000
vt 0.16667 0.50000
vt 0.33333 0.50000
vt 0.50000 0.50000
vt 0.66667 0.50000
vt 0.83333 0.50000
vt 0.00000 0.50000
vt 0.16667 0.50000
vt 0.33333 0.50000
vt 0.50000 0.50000
vt 0.66667 0.50000
vt 0.83333 0.50000
vt 0.00000 0.50000
vt 0.16667 0.50000
vt 0.33333 0.50000
vt 0.50000 0.50000
vt 0.66667 0.50000
vt 0.83333 0.50000
vt 0.00000 0.50000
vt 0.16667 0.50000
vt 0.33333 0.50000
vt 0.50000 0.50000
vt 0.66667 0.50000
vt 0.83333 0.50000
vt 0.00000 0.50000
vt 0.16667 0.50000
vt 0.33333 0.50000
vt 0.50000 0.50000
vt 0.66667 0.50000
vt 0.83333 0.50000
vt 0.00000 0.50000
vt 0.16667 0.50000
vt 0.33333 0.50000
vt 0.50000 0.50000
vt 0.66667 0.50000
vt 0.83333 0.50000
vt 0.00000 0.50000
vt 0.16667 0.50000
vt 0.33333 0.50000
vt 0.50000 0.50000
vt 0.66667 0.50000
vt 0.83333 0.50000
vt 0.00000 0.50000
vt 0.16667 0.50000
vt 0.33333 0.50000
vt 0.50000 0.50000
vt 0.66667 0.50000
vt 0.83333 0.50000
vt 0.00000 0.50000
vt 0.16667 0.50000
vt 0.33333 0.50000
vt 0.50000 0.50000
vt 0.66667 0.50000
vt 0.83333 0.50000
vt 0.00000 0.50000
vt 0.16667 0.50000
vt 0.33333 0.50000
vt 0.50000 0.50000
vt 0.66667 0.50000
vt 0.83333 0.50000
vt 0.00000 0.50000
vt 0.16667 0.50000
vt 0.33333 0.50000
vt 0.50000 0.50000
vt 0.66667 0.50000
vt 0.83333 0.50000
vt 0.00000 0.50000
vt 0.16667 0.50000
vt 0.33333 0.50000
vt 0.50000 0.50000
vt 0.66667 0.50000
vt 0.83333 0.50000
vt 0.00000 0.50000
vt 0.16667 0.50000
vt 0.33333 0.50000
vt 0.50000 0.50000
vt 0.66667 0.50000
vt 0.83333 0.50000
vt 0.00000 0.50000
vt 0.16667 0.50000
vt 0.33333 0.50000
vt 0.50000 0.50000
vt 0.66667 0.50000
vt 0.83333 0.50000
vt 0.00000 0.50000
vt 0.16667 0.50000
vt 0.33333 0.50000
vt 0.50000 0.50000
vt 0.66667 0.50000
vt 0.83333 0.50000
vt 0.00000 0.50000
vt 0.16667 0.50000
vt 0.33333 0.50000
vt 0.50000 0.50000
vt 0.66667 0.50000
vt 0.83333 0.50000
vt 0.00000 0.50000
vt 0.16667 0.50000
vt 0.33333 0.50000
vt 0.50000 0.50000
vt 0.66667 0.50000
vt 0.83333 0.50000
vt 0.00000 0.50000
vt 0.16667 0.50000
vt 0.33333 0.50000
vt 0.50000 0.50000
vt 0.66667 0.50000
vt 0.83333 0.50000
vt 0.00000 0.50000
vt 0.16667 0.50000
vt 0.33333 0.50000
vt 0.50000 0.50000
vt 0.66667 0.50000
vt 0.83333 0.50000
vt 0.00000 0.50000
vt 0.16667 0.50000
vt 0.33333 0.50000
vt 0.50000 0.50000
vt 0.66667 0.50000
vt 0.83333 0.50000
vt 0.00000 0.50000
vt 0.16667 0.50000
vt 0.33333 0.50000
vt 0.50000 0.50000
vt 0.66667 0.50000
vt 0.83333 0.50000
vt 0.00000 0.50000
vt 0.16667 0.50000
vt 0.33333 0.50000
vt 0.50000 0.50000
vt 0.66667 0.50000
vt 0.83333 0.50000
vt 0.00000 0.50000
vt 0.16667 0.50000
vt 0.33333 0.50000
vt 0.50000 0.50000
vt 0.66667 0.50000
vt 0.83333 0.50000
vt 0.00000 0.50000
vt 0.16667 0.50000
vt 0.33333 0.50000
vt 0.50000 0.50000
vt 0.66667 0.50000
vt 0.83333 0.50000
vt 0.00000 0.50000
vt 0.16667 0.50000
vt 0.33333 0.50000
vt 0.50000 0.50000
vt 0.66667 0.50000
vt 0.83333 0.50000
vt 0.00000 0.50000
vt 0.16667 0.50000
vt 0.33333 0.50000
vt 0.50000 0.50000
vt 0.66667 0.50000
vt 0.83333 0.50000
vt 0.00000 0.50000
vt 0.16667 0.50000
vt 0.33333 0.50000
vt 0.50000 0.50000
vt 0.66667 0.50000
vt 0.83333 0.50000
vt 0.00000 0.50000
vt 0.16667 0.50000
vt 0.33333 0.50000
vt 0.50000 0.50000
vt 0.66667 0.50000
vt 0.83333 0.50000
vt 0.00000 0.50000
vt 0.16667 0.50000
vt 0.33333 0.50000
vt 0.50000 0.50000
vt 0.66667 0.50000
vt 0.83333 0.50000
vt 0.00000 0.50000
vt 0.16667 0.50000
vt 0.33333 0.50000
vt 0.50000 0.50000
vt 0.66667 0.50000
vt 0.83333 0.50000
vt 0.00000 0.50000
vt 0.16667 0.50000
vt 0.33333 0.50000
vt 0.50000 0.50000
vt 0.66667 0.50000
vt 0.83333 0.50000
vt 0.00000 0.50000
vt 0.16667 0.50000
vt 0.33333 0.50000
vt 0.50000 0.50000
vt 0.66667 0.50000
vt 0.83333 0.50000
vt 0.00000 0.50000
vt 0.16667 0.50000
vt 0.33333 0.50000
vt 0.50000 0.50000
vt 0.66667 0.50000
vt 0.83333 0.50000
vt 0.00000 0.50000
vt 0.16667 0.50000
vt 0.33333 0.50000
vt 0.50000 0.50000
vt 0.66667 0.50000
vt 0.83333 0.50000
vt 0.00000 0.50000
vt 0.16667 0.50000
vt 0.33333 0.50000
vt 0.50000 0.50000
vt 0.66667 0.50000
vt 0.83333 0.50000
vt 0.00000 0.50000
vt 0.16667 0.50000
vt 0.33333 0.50000
vt 0.50000 0.50000
vt 0.66667 0.50000
vt 0.83333 0.50000
vt 0.00000 0.50000
vt 0.16667 0.50000
vt 0.33333 0.50000
vt 0.50000 0.50000
vt 0.66667 0.50000
vt 0.83333 0.50000
vt 0.00000 0.50000
vt 0.16667 0.50000
vt 0.33333 0.50000
vt 0.50000 0.50000
vt 0.66667 0.50000
vt 0.83333 0.50000
vt 0.00000 0.50000
vt 0.16667 0.50000
vt 0.33333 0.50000
vt 0.50000 0.50000
vt 0.66667 0.50000
vt 0.83333 0.50000
vt 0.00000 0.50000
vt 0.16667 0.50000
vt 0.33333 0.50000
vt 0.50000 0.50000
vt 0.66667 0.50000
vt 0.83333 0.50000
vt 0.00000 0.50000
vt 0.16667 0.50000
vt 0.33333 0.50000
vt 0.50000 0.50000
vt 0.66667 0.50000
vt 0.83333 0.50000
vt 0.00000 0.50000
vt 0.16667 0.50000
vt 0.33333 0.50000
vt 0.50000 0.50000
vt 0.66667 0.50000
vt 0.83333 0.50000
vt 0.00000 0.50000
vt 0.16667 0.50000
vt 0.33333 0.50000
vt 0.50000 0.50000
vt 0.66667 0.50000
vt 0.83333 0.50000
vt 0.00000 0.50000
vt 0.16667 0.50000
vt 0.33333 0.50000
vt 0.50000 0.50000
vt 0.66667 0.50000
vt 0.83333 0.50000
vt 0.00000 0.00000
vt 0.11111 0.00000
vt 0.22222 0.00000
vt 0.33333 0.00000
vt 0.44444 0.00000
vt 0.55556 0.00000
vt 0.66667 0.00000
vt 0.77778 0.00000
vt 0.88889 0.00000
vt 0.00000 0.14286
vt 0.11111 0.14286
vt 0.22222 0.14286
vt 0.33333 0.14286
vt 0.44444 0.14286
vt 0.55556 0.14286
vt 0.66667 0.14286
vt 0.77778 0.14286
vt 0.88889 0.14286
vt 0.00000 0.28571
vt 0.11111 0.28571
vt 0.22222 0.28571
vt 0.33333 0.28571
vt 0.44444 0.28571
vt 0.55556 0.28571
vt 0.66667 0.28571
vt 0.77778 0.28571
vt 0.88889 0.28571
vt 0.00000 0.42857
vt 0.11111 0.42857
vt 0.22222 0.42857
vt 0.33333 0.42857
vt 0.44444 0.42857
vt 0.55556 0.42857
vt 0.66667 0.42857
vt 0.77778 0.42857
vt 0.88889 0.42857
vt 0.00000 0.57143
vt 0.11111 0.57143
vt 0.22222 0.57143
vt 0.33333 0.57143
vt 0.44444 0.57143
vt 0.55556 0.57143
vt 0.66667 0.57143
vt 0.77778 0.57143
vt 0.88889 0.57143
vt 0.00000 0.71429
vt 0.11111 0.71429
vt 0.22222 0.71429
vt 0.33333 0.71429
vt 0.44444 0.71429
vt 0.55556 0.71429
vt 0.66667 0.71429
vt 0.77778 0.71429
vt 0.88889 0.71429
vt 0.00000 0.85714
vt 0.11111 0.85714
vt 0.22222 0.85714
vt 0.33333 0.85714
vt 0.44444 0.85714
vt 0.55556 0.85714
vt 0.66667 0.85714
vt 0.77778 0.85714
vt 0.88889 0.85714
vt 0.00000 1.00000
vt 0.11111 1.00000
vt 0.22222 1.00000
vt 0.33333 1.00000
vt 0.44444 1.00000
vt 0.55556 1.00000
vt 0.66667 1.00000
vt 0.77778 1.00000
vt 0.88889 1.00000
vt 0.00000 0.50000
vt 0.12500 0.50000
vt 0.25000 0.50000
vt 0.37500 0.50000
vt 0.50000 0.50000
vt 0.62500 0.50000
vt 0.75000 0.50000
vt 0.87500 0.50000
vt 0.00000 0.50000
vt 0.12500 0.50000
vt 0.25000 0.50000
vt 0.37500 0.50000
vt 0.50000 0.50000
vt 0.62500 0.50000
vt 0.75000 0.50000
vt 0.87500 0.50000
vt 0.00000 0.50000
vt 0.12500 0.50000
vt 0.25000 0.50000
vt 0.37500 0.50000
vt 0.50000 0.50000
vt 0.62500 0.50000
vt 0.75000 0.50000
vt 0.87500 0.50000
vt 0.00000 0.50000
vt 0.12500 0.50000
vt 0.25000 0.50000
vt 0.37500 0.50000
vt 0.50000 0.50000
vt 0.62500 0.50000
vt 0.75000 0.50000
vt 0.87500 0.50000
vt 0.00000 0.50000
vt 0.12500 0.50000
vt 0.25000 0.50000
vt 0.37500 0.50000
vt 0.50000 0.50000
vt 0.62500 0.50000
vt 0.75000 0.50000
vt 0.87500 0.50000
vt 0.00000 0.50000
vt 0.12500 0.50000
vt 0.25000 0.50000
vt 0.37500 0.50000
vt 0.50000 0.50000
vt 0.62500 0.50000
vt 0.75000 0.50000
vt 0.87500 0.50000
vt 0.00000 0.50000
vt 0.12500 0.50000
vt 0.25000 0.50000
vt 0.37500 0.50000
vt 0.50000 0.50000
vt 0.62500 0.50000
vt 0.75000 0.50000
vt 0.87500 0.50000
vt 0.00000 0.50000
vt 0.12500 0.50000
vt 0.25000 0.50000
vt 0.37500 0.50000
vt 0.50000 0.50000
vt 0.62500 0.50000
vt 0.75000 0.50000
vt 0.87500 0.50000
vt 0.00000 0.50000
vt 0.12500 0.50000
vt 0.25000 0.50000
vt 0.37500 0.50000
vt 0.50000 0.50000
vt 0.62500 0.50000
vt 0.75000 0.50000
vt 0.87500 0.50000
vt 0.00000 0.50000
vt 0.12500 0.50000
vt 0.25000 0.50000
vt 0.37500 0.50000
vt 0.50000 0.50000
vt 0.62500 0.50000
vt 0.75000 0.50000
vt 0.87500 0.50000
vt 0.00000 0.50000
vt 0.12500 0.50000
vt 0.25000 0.50000
vt 0.37500 0.50000
vt 0.50000 0.50000
vt 0.62500 0.50000
vt 0.75000 0.50000
vt 0.87500 0.50000
vt 0.00000 0.50000
vt 0.12500 0.50000
vt 0.25000 0.50000
vt 0.37500 0.50000
vt 0.50000 0.50000
vt 0.62500 0.50000
vt 0.75000 0.50000
vt 0.87500 0.50000
vt 0.00000 0.50000
vt 0.12500 0.50000
vt 0.25000 0.50000
vt 0.37500 0.50000
vt 0.50000 0.50000
vt 0.62500 0.50000
vt 0.75000 0.50000
vt 0.87500 0.50000
vt 0.00000 0.50000
vt 0.12500 0.50000
vt 0.25000 0.50000
vt 0.37500 0.50000
vt 0.50000 0.50000
vt 0.62500 0.50000
vt 0.75000 0.50000
vt 0.87500 0.50000
vt 0.00000 0.50000
vt 0.12500 0.50000
vt 0.25000 0.50000
vt 0.37500 0.50000
vt 0.50000 0.50000
vt 0.62500 0.50000
vt 0.75000 0.50000
vt 0.87500 0.50000
vt 0.00000 0.50000
vt 0.12500 0.50000
vt 0.25000 0.50000
vt 0.37500 0.50000
vt 0.50000 0.50000
vt 0.62500 0.50000
vt 0.75000 0.50000
vt 0.87500 0.50000
vt 0.00000 0.50000
vt 0.12500 0.50000
vt 0.25000 0.50000
vt 0.37500 0.50000
vt 0.50000 0.50000
vt 0.62500 0.50000
vt 0.75000 0.50000
vt 0.87500 0.50000
vt 0.00000 0.50000
vt 0.12500 0.50000
vt 0.25000 0.50000
vt 0.37500 0.50000
vt 0.50000 0.50000
vt 0.62500 0.50000
vt 0.75000 0.50000
vt 0.87500 0.50000
vt 0.00000 0.50000
vt 0.12500 0.50000
vt 0.25000 0.50000
vt 0.37500 0.50000
vt 0.50000 0.50000
vt 0.62500 0.50000
vt 0.75000 0.50000
vt 0.87500 0.50000
vt 0.00000 0.50000
vt 0.12500 0.50000
vt 0.25000 0.50000
vt 0.37500 0.50000
vt 0.50000 0.50000
vt 0.62500 0.50000
vt 0.75000 0.50000
vt 0.87500 0.50000
vt 0.00000 0.50000
vt 0.12500 0.50000
vt 0.25000 0.50000
vt 0.37500 0.50000
vt 0.50000 0.50000
vt 0.62500 0.50000
vt 0.75000 0.50000
vt 0.87500 0.50000
vt 0.00000 0.50000
vt 0.12500 0.50000
vt 0.25000 0.50000
vt 0.37500 0.50000
vt 0.50000 0.50000
vt 0.62500 0.50000
vt 0.75000 0.50000
vt 0.87500 0.50000
vt 0.00000 0.50000
vt 0.12500 0.50000
vt 0.25000 0.50000
vt 0.37500 0.50000
vt 0.50000 0.50000
vt 0.62500 0.50000
vt 0.75000 0.50000
vt 0.87500 0.50000
vt 0.00000 0.50000
vt 0.12500 0.50000
vt 0.25000 0.50000
vt 0.37500 0.50000
vt 0.50000 0.50000
vt 0.62500 0.50000
vt 0.75000 0.50000
vt 0.87500 0.50000
vt 0.00000 0.50000
vt 0.12500 0.50000
vt 0.25000 0.50000
vt 0.37500 0.50000
vt 0.50000 0.50000
vt 0.62500 0.50000
vt 0.75000 0.50000
vt 0.87500 0.50000
vt 0.00000 0.50000
vt 0.12500 0.50000
vt 0.25000 0.50000
vt 0.37500 0.50000
vt 0.50000 0.50000
vt 0.62500 0.50000
vt 0.75000 0.50000
vt 0.87500 0.50000
vt 0.00000 0.50000
vt 0.12500 0.50000
vt 0.25000 0.50000
vt 0.37500 0.50000
vt 0.50000 0.50000
vt 0.62500 0.50000
vt 0.75000 0.50000
vt 0.87500 0.50000
vt 0.00000 0.00000
vt 0.10000 0.00000
vt 0.20000 0.00000
vt 0.30000 0.00000
vt 0.40000 0.00000
vt 0.50000 0.00000
vt 0.60000 0.00000
vt 0.70000 0.00000
vt 0.80000 0.00000
vt 0.90000 0.00000
vt 0.00000 0.14286
vt 0.10000 0.14286
vt 0.20000 0.14286
vt 0.30000 0.14286
vt 0.40000 0.14286
vt 0.50000 0.14286
vt 0.60000 0.14286
vt 0.70000 0.14286
vt 0.80000 0.14286
vt 0.90000 0.14286
vt 0.00000 0.28571
vt 0.10000 0.28571
vt 0.20000 0.28571
vt 0.30000 0.28571
vt 0.40000 0.28571
vt 0.50000 0.28571
vt 0.60000 0.28571
vt 0.70000 0.28571
vt 0.80000 0.28571
vt 0.90000 0.28571
vt 0.00000 0.42857
vt 0.10000 0.42857
vt 0.20000 0.42857
vt 0.30000 0.42857
vt 0.40000 0.42857
vt 0.50000 0.42857
vt 0.60000 0.42857
vt 0.70000 0.42857
vt 0.80000 0.42857
vt 0.90000 0.42857
vt 0.00000 0.57143
vt 0.10000 0.57143
vt 0.20000 0.57143
vt 0.30000 0.57143
vt 0.40000 0.57143
vt 0.50000 0.57143
vt 0.60000 0.57143
vt 0.70000 0.57143
vt 0.80000 0.57143
vt 0.90000 0.57143
vt 0.00000 0.71429
vt 0.10000 0.71429
vt 0.20000 0.71429
vt 0.30000 0.71429
vt 0.40000 0.71429
vt 0.50000 0.71429
vt 0.60000 0.71429
vt 0.70000 0.71429
vt 0.80000 0.71429
vt 0.90000 0.71429
vt 0.00000 0.85714
vt 0.10000 0.85714
vt 0.20000 0.85714
vt 0.30000 0.85714
vt 0.40000 0.85714
vt 0.50000 0.85714
vt 0.60000 0.85714
vt 0.70000 0.85714
vt 0.80000 0.85714
vt 0.90000 0.85714
vt 0.00000 1.00000
vt 0.10000 1.00000
vt 0.20000 1.00000
vt 0.30000 1.00000
vt 0.40000 1.00000
vt 0.50000 1.00000
vt 0.60000 1.00000
vt 0.70000 1.00000
vt 0.80000 1.00000
vt 0.90000 1.00000
vt 0.00000 0.00000
vt 0.12500 0.00000
vt 0.25000 0.00000
vt 0.37500 0.00000
vt 0.50000 0.00000
vt 0.62500 0.00000
vt 0.75000 0.00000
vt 0.87500 0.00000
vt 0.00000 0.20000
vt 0.12500 0.20000
vt 0.25000 0.20000
vt 0.37500 0.20000
vt 0.50000 0.20000
vt 0.62500 0.20000
vt 0.75000 0.20000
vt 0.87500 0.20000
vt 0.00000 0.40000
vt 0.12500 0.40000
vt 0.25000 0.40000
vt 0.37500 0.40000
vt 0.50000 0.40000
vt 0.62500 0.40000
vt 0.75000 0.40000
vt 0.87500 0.40000
vt 0.00000 0.60000
vt 0.12500 0.60000
vt 0.25000 0.60000
vt 0.37500 0.60000
vt 0.50000 0.60000
vt 0.62500 0.60000
vt 0.75000 0.60000
vt 0.87500 0.60000
vt 0.00000 0.80000
vt 0.12500 0.80000
vt 0.25000 0.80000
vt 0.37500 0.80000
vt 0.50000 0.80000
vt 0.62500 0.80000
vt 0.75000 0.80000
vt 0.87500 0.80000
vt 0.00000 1.00000
vt 0.12500 1.00000
vt 0.25000 1.00000
vt 0.37500 1.00000
vt 0.50000 1.00000
vt 0.62500 1.00000
vt 0.75000 1.00000
vt 0.87500 1.00000
vt 0.00000 0.50000
vt 0.16667 0.50000
vt 0.33333 0.50000
vt 0.50000 0.50000
vt 0.66667 0.50000
vt 0.83333 0.50000
vt 0.00000 0.50000
vt 0.16667 0.50000
vt 0.33333 0.50000
vt 0.50000 0.50000
vt 0.66667 0.50000
vt 0.83333 0.50000
vt 0.00000 0.50000
vt 0.16667 0.50000
vt 0.33333 0.50000
vt 0.50000 0.50000
vt 0.66667 0.50000
vt 0.83333 0.50000
vt 0.00000 0.50000
vt 0.16667 0.50000
vt 0.33333 0.50000
vt 0.50000 0.50000
vt 0.66667 0.50000
vt 0.83333 0.50000
vt 0.00000 0.50000
vt 0.16667 0.50000
vt 0.33333 0.50000
vt 0.50000 0.50000
vt 0.66667 0.50000
vt 0.83333 0.50000
vt 0.00000 0.50000
vt 0.16667 0.50000
vt 0.33333 0.50000
vt 0.50000 0.50000
vt 0.66667 0.50000
vt 0.83333 0.50000
vt 0.00000 0.50000
vt 0.16667 0.50000
vt 0.33333 0.50000
vt 0.50000 0.50000
vt 0.66667 0.50000
vt 0.83333 0.50000
vt 0.00000 0.50000
vt 0.16667 0.50000
vt 0.33333 0.50000
vt 0.50000 0.50000
vt 0.66667 0.50000
vt 0.83333 0.50000
vt 0.00000 0.50000
vt 0.16667 0.50000
vt 0.33333 0.50000
vt 0.50000 0.50000
vt 0.66667 0.50000
vt 0.83333 0.50000
vt 0.00000 0.50000
vt 0.16667 0.50000
vt 0.33333 0.50000
vt 0.50000 0.50000
vt 0.66667 0.50000
vt 0.83333 0.50000
vt 0.00000 0.50000
vt 0.16667 0.50000
vt 0.33333 0.50000
vt 0.50000 0.50000
vt 0.66667 0.50000
vt 0.83333 0.50000
vt 0.00000 0.50000
vt 0.16667 0.50000
vt 0.33333 0.50000
vt 0.50000 0.50000
vt 0.66667 0.50000
vt 0.83333 0.50000
vt 0.00000 0.50000
vt 0.16667 0.50000
vt 0.33333 0.50000
vt 0.50000 0.50000
vt 0.66667 0.50000
vt 0.83333 0.50000
vt 0.00000 0.50000
vt 0.16667 0.50000
vt 0.33333 0.50000
vt 0.50000 0.50000
vt 0.66667 0.50000
vt 0.83333 0.50000
vt 0.00000 0.50000
vt 0.16667 0.50000
vt 0.33333 0.50000
vt 0.50000 0.50000
vt 0.66667 0.50000
vt 0.83333 0.50000
vt 0.00000 0.50000
vt 0.16667 0.50000
vt 0.33333 0.50000
vt 0.50000 0.50000
vt 0.66667 0.50000
vt 0.83333 0.50000
vt 0.00000 0.50000
vt 0.16667 0.50000
vt 0.33333 0.50000
vt 0.50000 0.50000
vt 0.66667 0.50000
vt 0.83333 0.50000
vt 0.00000 0.50000
vt 0.16667 0.50000
vt 0.33333 0.50000
vt 0.50000 0.50000
vt 0.66667 0.50000
vt 0.83333 0.50000
vt 0.00000 0.50000
vt 0.16667 0.50000
vt 0.33333 0.50000
vt 0.50000 0.50000
vt 0.66667 0.50000
vt 0.83333 0.50000
vt 0.00000 0.50000
vt 0.16667 0.50000
vt 0.33333 0.50000
vt 0.50000 0.50000
vt 0.66667 0.50000
vt 0.83333 0.50000
vt 0.00000 0.50000
vt 0.16667 0.50000
vt 0.33333 0.50000
vt 0.50000 0.50000
vt 0.66667 0.50000
vt 0.83333 0.50000
vt 0.00000 0.50000
vt 0.16667 0.50000
vt 0.33333 0.50000
vt 0.50000 0.50000
vt 0.66667 0.50000
vt 0.83333 0.50000
vt 0.00000 0.50000
vt 0.16667 0.50000
vt 0.33333 0.50000
vt 0.50000 0.50000
vt 0.66667 0.50000
vt 0.83333 0.50000
vt 0.00000 0.50000
vt 0.16667 0.50000
vt 0.33333 0.50000
vt 0.50000 0.50000
vt 0.66667 0.50000
vt 0.83333 0.50000
vt 0.00000 0.50000
vt 0.16667 0.50000
vt 0.33333 0.50000
vt 0.50000 0.50000
vt 0.66667 0.50000
vt 0.83333 0.50000
vt 0.00000 0.50000
vt 0.16667 0.50000
vt 0.33333 0.50000
vt 0.50000 0.50000
vt 0.66667 0.50000
vt 0.83333 0.50000
vt 0.00000 0.50000
vt 0.16667 0.50000
vt 0.33333 0.50000
vt 0.50000 0.50000
vt 0.66667 0.50000
vt 0.83333 0.50000
vt 0.00000 0.50000
vt 0.16667 0.50000
vt 0.33333 0.50000
vt 0.50000 0.50000
vt 0.66667 0.50000
vt 0.83333 0.50000
vt 0.00000 0.50000
vt 0.16667 0.50000
vt 0.33333 0.50000
vt 0.50000 0.50000
vt 0.66667 0.50000
vt 0.83333 0.50000
vt 0.00000 0.50000
vt 0.16667 0.50000
vt 0.33333 0.50000
vt 0.50000 0.50000
vt 0.66667 0.50000
vt 0.83333 0.50000
vt 0.00000 0.50000
vt 0.16667 0.50000
vt 0.33333 0.50000
vt 0.50000 0.50000
vt 0.66667 0.50000
vt 0.83333 0.50000
vt 0.00000 0.50000
vt 0.16667 0.50000
vt 0.33333 0.50000
vt 0.50000 0.50000
vt 0.66667 0.50000
vt 0.83333 0.50000
vt 0.00000 0.50000
vt 0.16667 0.50000
vt 0.33333 0.50000
vt 0.50000 0.50000
vt 0.66667 0.50000
vt 0.83333 0.50000
vt 0.00000 0.50000
vt 0.16667 0.50000
vt 0.33333 0.50000
vt 0.50000 0.50000
vt 0.66667 0.50000
vt 0.83333 0.50000
vt 0.00000 0.50000
vt 0.16667 0.50000
vt 0.33333 0.50000
vt 0.50000 0.50000
vt 0.66667 0.50000
vt 0.83333 0.50000
vt 0.00000 0.50000
vt 0.16667 0.50000
vt 0.33333 0.50000
vt 0.50000 0.50000
vt 0.66667 0.50000
vt 0.83333 0.50000
vt 0.00000 0.50000
vt 0.16667 0.50000
vt 0.33333 0.50000
vt 0.50000 0.50000
vt 0.66667 0.50000
vt 0.83333 0.50000
vt 0.00000 0.50000
vt 0.16667 0.50000
vt 0.33333 0.50000
vt 0.50000 0.50000
vt 0.66667 0.50000
vt 0.83333 0.50000
vt 0.00000 0.50000
vt 0.16667 0.50000
vt 0.33333 0.50000
vt 0.50000 0.50000
vt 0.66667 0.50000
vt 0.83333 0.50000
vt 0.00000 0.50000
vt 0.16667 0.50000
vt 0.33333 0.50000
vt 0.50000 0.50000
vt 0.66667 0.50000
vt 0.83333 0.50000
vt 0.00000 0.50000
vt 0.16667 0.50000
vt 0.33333 0.50000
vt 0.50000 0.50000
vt 0.66667 0.50000
vt 0.83333 0.50000
vt 0.00000 0.50000
vt 0.16667 0.50000
vt 0.33333 0.50000
vt 0.50000 0.50000
vt 0.66667 0.50000
vt 0.83333 0.50000
vt 0.00000 0.50000
vt 0.16667 0.50000
vt 0.33333 0.50000
vt 0.50000 0.50000
vt 0.66667 0.50000
vt 0.83333 0.50000
vt 0.00000 0.50000
vt 0.16667 0.50000
vt 0.33333 0.50000
vt 0.50000 0.50000
vt 0.66667 0.50000
vt 0.83333 0.50000
vt 0.00000 0.50000
vt 0.16667 0.50000
vt 0.33333 0.50000
vt 0.50000 0.50000
vt 0.66667 0.50000
vt 0.83333 0.50000
vt 0.00000 0.50000
vt 0.16667 0.50000
vt 0.33333 0.50000
vt 0.50000 0.50000
vt 0.66667 0.50000
vt 0.83333 0.50000
vt 0.00000 0.50000
vt 0.16667 0.50000
vt 0.33333 0.50000
vt 0.50000 0.50000
vt 0.66667 0.50000
vt 0.83333 0.50000
vt 0.00000 0.50000
vt 0.16667 0.50000
vt 0.33333 0.50000
vt 0.50000 0.50000
vt 0.66667 0.50000
vt 0.83333 0.50000
vt 0.00000 0.50000
vt 0.16667 0.50000
vt 0.33333 0.50000
vt 0.50000 0.50000
vt 0.66667 0.50000
vt 0.83333 0.50000
vt 0.00000 0.50000
vt 0.16667 0.50000
vt 0.33333 0.50000
vt 0.50000 0.50000
vt 0.66667 0.50000
vt 0.83333 0.50000
vt 0.00000 0.50000
vt 0.16667 0.50000
vt 0.33333 0.50000
vt 0.50000 0.50000
vt 0.66667 0.50000
vt 0.83333 0.50000
vt 0.00000 0.50000
vt 0.16667 0.50000
vt 0.33333 0.50000
vt 0.50000 0.50000
vt 0.66667 0.50000
vt 0.83333 0.50000
vt 0.00000 0.50000
vt 0.16667 0.50000
vt 0.33333 0.50000
vt 0.50000 0.50000
vt 0.66667 0.50000
vt 0.83333 0.50000
vt 0.00000 0.50000
vt 0.16667 0.50000
vt 0.33333 0.50000
vt 0.50000 0.50000
vt 0.66667 0.50000
vt 0.83333 0.50000
vt 0.00000 0.50000
vt 0.16667 0.50000
vt 0.33333 0.50000
vt 0.50000 0.50000
vt 0.66667 0.50000
vt 0.83333 0.50000
vt 0.00000 0.50000
vt 0.16667 0.50000
vt 0.33333 0.50000
vt 0.50000 0.50000
vt 0.66667 0.50000
vt 0.83333 0.50000
vt 0.00000 0.50000
vt 0.16667 0.50000
vt 0.33333 0.50000
vt 0.50000 0.50000
vt 0.66667 0.50000
vt 0.83333 0.50000
vt 0.00000 0.50000
vt 0.16667 0.50000
vt 0.33333 0.50000
vt 0.50000 0.50000
vt 0.66667 0.50000
vt 0.83333 0.50000
vt 0.00000 0.50000
vt 0.16667 0.50000
vt 0.33333 0.50000
vt 0.50000 0.50000
vt 0.66667 0.50000
vt 0.83333 0.50000
vt 0.00000 0.50000
vt 0.16667 0.50000
vt 0.33333 0.50000
vt 0.50000 0.50000
vt 0.66667 0.50000
vt 0.83333 0.50000
vt 0.00000 0.50000
vt 0.16667 0.50000
vt 0.33333 0.50000
vt 0.50000 0.50000
vt 0.66667 0.50000
vt 0.83333 0.50000
vt 0.00000 0.50000
vt 0.16667 0.50000
vt 0.33333 0.50000
vt 0.50000 0.50000
vt 0.66667 0.50000
vt 0.83333 0.50000
vt 0.00000 0.50000
vt 0.16667 0.50000
vt 0.33333 0.50000
vt 0.50000 0.50000
vt 0.66667 0.50000
vt 0.83333 0.50000
vt 0.00000 0.50000
vt 0.16667 0.50000
vt 0.33333 0.50000
vt 0.50000 0.50000
vt 0.66667 0.50000
vt 0.83333 0.50000
vt 0.00000 0.50000
vt 0.16667 0.50000
vt 0.33333 0.50000
vt 0.50000 0.50000
vt 0.66667 0.50000
vt 0.83333 0.50000
vt 0.00000 0.50000
vt 0.16667 0.50000
vt 0.33333 0.50000
vt 0.50000 0.50000
vt 0.66667 0.50000
vt 0.83333 0.50000
vt 0.00000 0.50000
vt 0.16667 0.50000
vt 0.33333 0.50000
vt 0.50000 0.50000
vt 0.66667 0.50000
vt 0.83333 0.50000
vt 0.00000 0.50000
vt 0.16667 0.50000
vt 0.33333 0.50000
vt 0.50000 0.50000
vt 0.66667 0.50000
vt 0.83333 0.50000
vt 0.00000 0.50000
vt 0.16667 0.50000
vt 0.33333 0.50000
vt 0.50000 0.50000
vt 0.66667 0.50000
vt 0.83333 0.50000
vt 0.00000 0.50000
vt 0.16667 0.50000
vt 0.33333 0.50000
vt 0.50000 0.50000
vt 0.66667 0.50000
vt 0.83333 0.50000
vt 0.00000 0.50000
vt 0.16667 0.50000
vt 0.33333 0.50000
vt 0.50000 0.50000
vt 0.66667 0.50000
vt 0.83333 0.50000
vt 0.00000 0.50000
vt 0.16667 0.50000
vt 0.33333 0.50000
vt 0.50000 0.50000
vt 0.66667 0.50000
vt 0.83333 0.50000
vt 0.00000 0.50000
vt 0.16667 0.50000
vt 0.33333 0.50000
vt 0.50000 0.50000
vt 0.66667 0.50000
vt 0.83333 0.50000
vt 0.00000 0.50000
vt 0.16667 0.50000
vt 0.33333 0.50000
vt 0.50000 0.50000
vt 0.66667 0.50000
vt 0.83333 0.50000
vt 0.00000 0.50000
vt 0.16667 0.50000
vt 0.33333 0.50000
vt 0.50000 0.50000
vt 0.66667 0.50000
vt 0.83333 0.50000
vt 0.00000 0.50000
vt 0.16667 0.50000
vt 0.33333 0.50000
vt 0.50000 0.50000
vt 0.66667 0.50000
vt 0.83333 0.50000
vt 0.00000 0.50000
vt 0.16667 0.50000
vt 0.33333 0.50000
vt 0.50000 0.50000
vt 0.66667 0.50000
vt 0.83333 0.50000
vt 0.00000 0.50000
vt 0.16667 0.50000
vt 0.33333 0.50000
vt 0.50000 0.50000
vt 0.66667 0.50000
vt 0.83333 0.50000
vt 0.00000 0.50000
vt 0.16667 0.50000
vt 0.33333 0.50000
vt 0.50000 0.50000
vt 0.66667 0.50000
vt 0.83333 0.50000
vt 0.00000 0.50000
vt 0.16667 0.50000
vt 0.33333 0.50000
vt 0.50000 0.50000
vt 0.66667 0.50000
vt 0.83333 0.50000
vt 0.00000 0.50000
vt 0.16667 0.50000
vt 0.33333 0.50000
vt 0.50000 0.50000
vt 0.66667 0.50000
vt 0.83333 0.50000
vt 0.00000 0.50000
vt 0.16667 0.50000
vt 0.33333 0.50000
vt 0.50000 0.50000
vt 0.66667 0.50000
vt 0.83333 0.50000
vt 0.00000 0.50000
vt 0.16667 0.50000
vt 0.33333 0.50000
vt 0.50000 0.50000
vt 0.66667 0.50000
vt 0.83333 0.50000
vt 0.00000 0.50000
vt 0.16667 0.50000
vt 0.33333 0.50000
vt 0.50000 0.50000
vt 0.66667 0.50000
vt 0.83333 0.50000
vt 0.00000 0.50000
vt 0.16667 0.50000
vt 0.33333 0.50000
vt 0.50000 0.50000
vt 0.66667 0.50000
vt 0.83333 0.50000
vt 0.00000 0.50000
vt 0.16667 0.50000
vt 0.33333 0.50000
vt 0.50000 0.50000
vt 0.66667 0.50000
vt 0.83333 0.50000
vt 0.00000 0.50000
vt 0.16667 0.50000
vt 0.33333 0.50000
vt 0.50000 0.50000
vt 0.66667 0.50000
vt 0.83333 0.50000
vt 0.00000 0.50000
vt 0.16667 0.50000
vt 0.33333 0.50000
vt 0.50000 0.50000
vt 0.66667 0.50000
vt 0.83333 0.50000
vt 0.00000 0.50000
vt 0.16667 0.50000
vt 0.33333 0.50000
vt 0.50000 0.50000
vt 0.66667 0.50000
vt 0.83333 0.50000
vt 0.00000 0.50000
vt 0.16667 0.50000
vt 0.33333 0.50000
vt 0.50000 0.50000
vt 0.66667 0.50000
vt 0.83333 0.50000
vt 0.00000 0.50000
vt 0.16667 0.50000
vt 0.33333 0.50000
vt 0.50000 0.50000
vt 0.66667 0.50000
vt 0.83333 0.50000
vt 0.00000 0.50000
vt 0.16667 0.50000
vt 0.33333 0.50000
vt 0.50000 0.50000
vt 0.66667 0.50000
vt 0.83333 0.50000
vt 0.00000 0.50000
vt 0.11111 0.50000
vt 0.22222 0.50000
vt 0.33333 0.50000
vt 0.44444 0.50000
vt 0.55556 0.50000
vt 0.66667 0.50000
vt 0.77778 0.50000
vt 0.88889 0.50000
vt 0.00000 0.50000
vt 0.11111 0.50000
vt 0.22222 0.50000
vt 0.33333 0.50000
vt 0.44444 0.50000
vt 0.55556 0.50000
vt 0.66667 0.50000
vt 0.77778 0.50000
vt 0.88889 0.50000
vt 0.00000 0.50000
vt 0.11111 0.50000
vt 0.22222 0.50000
vt 0.33333 0.50000
vt 0.44444 0.50000
vt 0.55556 0.50000
vt 0.66667 0.50000
vt 0.77778 0.50000
vt 0.88889 0.50000
vt 0.00000 0.50000
vt 0.11111 0.50000
vt 0.22222 0.50000
vt 0.33333 0.50000
vt 0.44444 0.50000
vt 0.55556 0.50000
vt 0.66667 0.50000
vt 0.77778 0.50000
vt 0.88889 0.50000
vt 0.00000 0.50000
vt 0.11111 0.50000
vt 0.22222 0.50000
vt 0.33333 0.50000
vt 0.44444 0.50000
vt 0.55556 0.50000
vt 0.66667 0.50000
vt 0.77778 0.50000
vt 0.88889 0.50000
vt 0.00000 0.50000
vt 0.11111 0.50000
vt 0.22222 0.50000
vt 0.33333 0.50000
vt 0.44444 0.50000
vt 0.55556 0.50000
vt 0.66667 0.50000
vt 0.77778 0.50000
vt 0.88889 0.50000
vt 0.00000 0.50000
vt 0.11111 0.50000
vt 0.22222 0.50000
vt 0.33333 0.50000
vt 0.44444 0.50000
vt 0.55556 0.50000
vt 0.66667 0.50000
vt 0.77778 0.50000
vt 0.88889 0.50000
vt 0.00000 0.50000
vt 0.11111 0.50000
vt 0.22222 0.50000
vt 0.33333 0.50000
vt 0.44444 0.50000
vt 0.55556 0.50000
vt 0.66667 0.50000
vt 0.77778 0.50000
vt 0.88889 0.50000
vt 0.00000 0.50000
vt 0.11111 0.50000
vt 0.22222 0.50000
vt 0.33333 0.50000
vt 0.44444 0.50000
vt 0.55556 0.50000
vt 0.66667 0.50000
vt 0.77778 0.50000
vt 0.88889 0.50000
vt 0.00000 0.50000
vt 0.11111 0.50000
vt 0.22222 0.50000
vt 0.33333 0.50000
vt 0.44444 0.50000
vt 0.55556 0.50000
vt 0.66667 0.50000
vt 0.77778 0.50000
vt 0.88889 0.50000
vt 0.00000 0.50000
vt 0.11111 0.50000
vt 0.22222 0.50000
vt 0.33333 0.50000
vt 0.44444 0.50000
vt 0.55556 0.50000
vt 0.66667 0.50000
vt 0.77778 0.50000
vt 0.88889 0.50000
vt 0.00000 0.50000
vt 0.11111 0.50000
vt 0.22222 0.50000
vt 0.33333 0.50000
vt 0.44444 0.50000
vt 0.55556 0.50000
vt 0.66667 0.50000
vt 0.77778 0.50000
vt 0.88889 0.50000
vt 0.00000 0.50000
vt 0.11111 0.50000
vt 0.22222 0.50000
vt 0.33333 0.50000
vt 0.44444 0.50000
vt 0.55556 0.50000
vt 0.66667 0.50000
vt 0.77778 0.50000
vt 0.88889 0.50000
vt 0.00000 0.00000
vt 0.12500 0.00000
vt 0.25000 0.00000
vt 0.37500 0.00000
vt 0.50000 0.00000
vt 0.62500 0.00000
vt 0.75000 0.00000
vt 0.87500 0.00000
vt 0.00000 0.20000
vt 0.12500 0.20000
vt 0.25000 0.20000
vt 0.37500 0.20000
vt 0.50000 0.20000
vt 0.62500 0.20000
vt 0.75000 0.20000
vt 0.87500 0.20000
vt 0.00000 0.40000
vt 0.12500 0.40000
vt 0.25000 0.40000
vt 0.37500 0.40000
vt 0.50000 0.40000
vt 0.62500 0.40000
vt 0.75000 0.40000
vt 0.87500 0.40000
vt 0.00000 0.60000
vt 0.12500 0.60000
vt 0.25000 0.60000
vt 0.37500 0.60000
vt 0.50000 0.60000
vt 0.62500 0.60000
vt 0.75000 0.60000
vt 0.87500 0.60000
vt 0.00000 0.80000
vt 0.12500 0.80000
vt 0.25000 0.80000
vt 0.37500 0.80000
vt 0.50000 0.80000
vt 0.62500 0.80000
vt 0.75000 0.80000
vt 0.87500 0.80000
vt 0.00000 1.00000
vt 0.12500 1.00000
vt 0.25000 1.00000
vt 0.37500 1.00000
vt 0.50000 1.00000
vt 0.62500 1.00000
vt 0.75000 1.00000
vt 0.87500 1.00000
vt 0.00000 0.50000
vt 0.12500 0.50000
vt 0.25000 0.50000
vt 0.37500 0.50000
vt 0.50000 0.50000
vt 0.62500 0.50000
vt 0.75000 0.50000
vt 0.87500 0.50000
vt 0.00000 0.50000
vt 0.12500 0.50000
vt 0.25000 0.50000
vt 0.37500 0.50000
vt 0.50000 0.50000
vt 0.62500 0.50000
vt 0.75000 0.50000
vt 0.87500 0.50000
vt 0.00000 0.50000
vt 0.12500 0.50000
vt 0.25000 0.50000
vt 0.37500 0.50000
vt 0.50000 0.50000
vt 0.62500 0.50000
vt 0.75000 0.50000
vt 0.87500 0.50000
vt 0.00000 0.50000
vt 0.12500 0.50000
vt 0.25000 0.50000
vt 0.37500 0.50000
vt 0.50000 0.50000
vt 0.62500 0.50000
vt 0.75000 0.50000
vt 0.87500 0.50000
vt 0.00000 0.50000
vt 0.12500 0.50000
vt 0.25000 0.50000
vt 0.37500 0.50000
vt 0.50000 0.50000
vt 0.62500 0.50000
vt 0.75000 0.50000
vt 0.87500 0.50000
vt 0.00000 0.50000
vt 0.12500 0.50000
vt 0.25000 0.50000
vt 0.37500 0.50000
vt 0.50000 0.50000
vt 0.62500 0.50000
vt 0.75000 0.50000
vt 0.87500 0.50000
vt 0.00000 0.50000
vt 0.12500 0.50000
vt 0.25000 0.50000
vt 0.37500 0.50000
vt 0.50000 0.50000
vt 0.62500 0.50000
vt 0.75000 0.50000
vt 0.87500 0.50000
vt 0.00000 0.50000
vt 0.12500 0.50000
vt 0.25000 0.50000
vt 0.37500 0.50000
vt 0.50000 0.50000
vt 0.62500 0.50000
vt 0.75000 0.50000
vt 0.87500 0.50000
vt 0.00000 0.50000
vt 0.12500 0.50000
vt 0.25000 0.50000
vt 0.37500 0.50000
vt 0.50000 0.50000
vt 0.62500 0.50000
vt 0.75000 0.50000
vt 0.87500 0.50000
vt 0.00000 0.50000
vt 0.12500 0.50000
vt 0.25000 0.50000
vt 0.37500 0.50000
vt 0.50000 0.50000
vt 0.62500 0.50000
vt 0.75000 0.50000
vt 0.87500 0.50000
vt 0.00000 0.50000
vt 0.12500 0.50000
vt 0.25000 0.50000
vt 0.37500 0.50000
vt 0.50000 0.50000
vt 0.62500 0.50000
vt 0.75000 0.50000
vt 0.87500 0.50000
vt 0.00000 0.50000
vt 0.12500 0.50000
vt 0.25000 0.50000
vt 0.37500 0.50000
vt 0.50000 0.50000
vt 0.62500 0.50000
vt 0.75000 0.50000
vt 0.87500 0.50000
vt 0.00000 0.50000
vt 0.12500 0.50000
vt 0.25000 0.50000
vt 0.37500 0.50000
vt 0.50000 0.50000
vt 0.62500 0.50000
vt 0.75000 0.50000
vt 0.87500 0.50000
vt 0.00000 0.50000
vt 0.12500 0.50000
vt 0.25000 0.50000
vt 0.37500 0.50000
vt 0.50000 0.50000
vt 0.62500 0.50000
vt 0.75000 0.50000
vt 0.87500 0.50000
vt 0.00000 0.50000
vt 0.12500 0.50000
vt 0.25000 0.50000
vt 0.37500 0.50000
vt 0.50000 0.50000
vt 0.62500 0.50000
vt 0.75000 0.50000
vt 0.87500 0.50000
vt 0.00000 0.00000
vt 0.12500 0.00000
vt 0.25000 0.00000
vt 0.37500 0.00000
vt 0.50000 0.00000
vt 0.62500 0.00000
vt 0.75000 0.00000
vt 0.87500 0.00000
vt 0.00000 0.25000
vt 0.12500 0.25000
vt 0.25000 0.25000
vt 0.37500 0.25000
vt 0.50000 0.25000
vt 0.62500 0.25000
vt 0.75000 0.25000
vt 0.87500 0.25000
vt 0.00000 0.50000
vt 0.12500 0.50000
vt 0.25000 0.50000
vt 0.37500 0.50000
vt 0.50000 0.50000
vt 0.62500 0.50000
vt 0.75000 0.50000
vt 0.87500 0.50000
vt 0.00000 0.75000
vt 0.12500 0.75000
vt 0.25000 0.75000
vt 0.37500 0.75000
vt 0.50000 0.75000
vt 0.62500 0.75000
vt 0.75000 0.75000
vt 0.87500 0.75000
vt 0.00000 1.00000
vt 0.12500 1.00000
vt 0.25000 1.00000
vt 0.37500 1.00000
vt 0.50000 1.00000
vt 0.62500 1.00000
vt 0.75000 1.00000
vt 0.87500 1.00000
vt 0.00000 0.00000
vt 0.10000 0.00000
vt 0.20000 0.00000
vt 0.30000 0.00000
vt 0.40000 0.00000
vt 0.50000 0.00000
vt 0.60000 0.00000
vt 0.70000 0.00000
vt 0.80000 0.00000
vt 0.90000 0.00000
vt 0.00000 0.16667
vt 0.10000 0.16667
vt 0.20000 0.16667
vt 0.30000 0.16667
vt 0.40000 0.16667
vt 0.50000 0.16667
vt 0.60000 0.16667
vt 0.70000 0.16667
vt 0.80000 0.16667
vt 0.90000 0.16667
vt 0.00000 0.33333
vt 0.10000 0.33333
vt 0.20000 0.33333
vt 0.30000 0.33333
vt 0.40000 0.33333
vt 0.50000 0.33333
vt 0.60000 0.33333
vt 0.70000 0.33333
vt 0.80000 0.33333
vt 0.90000 0.33333
vt 0.00000 0.50000
vt 0.10000 0.50000
vt 0.20000 0.50000
vt 0.30000 0.50000
vt 0.40000 0.50000
vt 0.50000 0.50000
vt 0.60000 0.50000
vt 0.70000 0.50000
vt 0.80000 0.50000
vt 0.90000 0.50000
vt 0.00000 0.66667
vt 0.10000 0.66667
vt 0.20000 0.66667
vt 0.30000 0.66667
vt 0.40000 0.66667
vt 0.50000 0.66667
vt 0.60000 0.66667
vt 0.70000 0.66667
vt 0.80000 0.66667
vt 0.90000 0.66667
vt 0.00000 0.83333
vt 0.10000 0.83333
vt 0.20000 0.83333
vt 0.30000 0.83333
vt 0.40000 0.83333
vt 0.50000 0.83333
vt 0.60000 0.83333
vt 0.70000 0.83333
vt 0.80000 0.83333
vt 0.90000 0.83333
vt 0.00000 1.00000
vt 0.10000 1.00000
vt 0.20000 1.00000
vt 0.30000 1.00000
vt 0.40000 1.00000
vt 0.50000 1.00000
vt 0.60000 1.00000
vt 0.70000 1.00000
vt 0.80000 1.00000
vt 0.90000 1.00000
vt 0.00000 0.00000
vt 0.10000 0.00000
vt 0.20000 0.00000
vt 0.30000 0.00000
vt 0.40000 0.00000
vt 0.50000 0.00000
vt 0.60000 0.00000
vt 0.70000 0.00000
vt 0.80000 0.00000
vt 0.90000 0.00000
vt 0.00000 0.14286
vt 0.10000 0.14286
vt 0.20000 0.14286
vt 0.30000 0.14286
vt 0.40000 0.14286
vt 0.50000 0.14286
vt 0.60000 0.14286
vt 0.70000 0.14286
vt 0.80000 0.14286
vt 0.90000 0.14286
vt 0.00000 0.28571
vt 0.10000 0.28571
vt 0.20000 0.28571
vt 0.30000 0.28571
vt 0.40000 0.28571
vt 0.50000 0.28571
vt 0.60000 0.28571
vt 0.70000 0.28571
vt 0.80000 0.28571
vt 0.90000 0.28571
vt 0.00000 0.42857
vt 0.10000 0.42857
vt 0.20000 0.42857
vt 0.30000 0.42857
vt 0.40000 0.42857
vt 0.50000 0.42857
vt 0.60000 0.42857
vt 0.70000 0.42857
vt 0.80000 0.42857
vt 0.90000 0.42857
vt 0.00000 0.57143
vt 0.10000 0.57143
vt 0.20000 0.57143
vt 0.30000 0.57143
vt 0.40000 0.57143
vt 0.50000 0.57143
vt 0.60000 0.57143
vt 0.70000 0.57143
vt 0.80000 0.57143
vt 0.90000 0.57143
vt 0.00000 0.71429
vt 0.10000 0.71429
vt 0.20000 0.71429
vt 0.30000 0.71429
vt 0.40000 0.71429
vt 0.50000 0.71429
vt 0.60000 0.71429
vt 0.70000 0.71429
vt 0.80000 0.71429
vt 0.90000 0.71429
vt 0.00000 0.85714
vt 0.10000 0.85714
vt 0.20000 0.85714
vt 0.30000 0.85714
vt 0.40000 0.85714
vt 0.50000 0.85714
vt 0.60000 0.85714
vt 0.70000 0.85714
vt 0.80000 0.85714
vt 0.90000 0.85714
vt 0.00000 1.00000
vt 0.10000 1.00000
vt 0.20000 1.00000
vt 0.30000 1.00000
vt 0.40000 1.00000
vt 0.50000 1.00000
vt 0.60000 1.00000
vt 0.70000 1.00000
vt 0.80000 1.00000
vt 0.90000 1.00000
vt 0.00000 0.00000
vt 0.11111 0.00000
vt 0.22222 0.00000
vt 0.33333 0.00000
vt 0.44444 0.00000
vt 0.55556 0.00000
vt 0.66667 0.00000
vt 0.77778 0.00000
vt 0.88889 0.00000
vt 0.00000 0.16667
vt 0.11111 0.16667
vt 0.22222 0.16667
vt 0.33333 0.16667
vt 0.44444 0.16667
vt 0.55556 0.16667
vt 0.66667 0.16667
vt 0.77778 0.16667
vt 0.88889 0.16667
vt 0.00000 0.33333
vt 0.11111 0.33333
vt 0.22222 0.33333
vt 0.33333 0.33333
vt 0.44444 0.33333
vt 0.55556 0.33333
vt 0.66667 0.33333
vt 0.77778 0.33333
vt 0.88889 0.33333
vt 0.00000 0.50000
vt 0.11111 0.50000
vt 0.22222 0.50000
vt 0.33333 0.50000
vt 0.44444 0.50000
vt 0.55556 0.50000
vt 0.66667 0.50000
vt 0.77778 0.50000
vt 0.88889 0.50000
vt 0.00000 0.66667
vt 0.11111 0.66667
vt 0.22222 0.66667
vt 0.33333 0.66667
vt 0.44444 0.66667
vt 0.55556 0.66667
vt 0.66667 0.66667
vt 0.77778 0.66667
vt 0.88889 0.66667
vt 0.00000 0.83333
vt 0.11111 0.83333
vt 0.22222 0.83333
vt 0.33333 0.83333
vt 0.44444 0.83333
vt 0.55556 0.83333
vt 0.66667 0.83333
vt 0.77778 0.83333
vt 0.88889 0.83333
vt 0.00000 1.00000
vt 0.11111 1.00000
vt 0.22222 1.00000
vt 0.33333 1.00000
vt 0.44444 1.00000
vt 0.55556 1.00000
vt 0.66667 1.00000
vt 0.77778 1.00000
vt 0.88889 1.00000
vt 0.00000 0.00000
vt 0.12500 0.00000
vt 0.25000 0.00000
vt 0.37500 0.00000
vt 0.50000 0.00000
vt 0.62500 0.00000
vt 0.75000 0.00000
vt 0.87500 0.00000
vt 0.00000 0.20000
vt 0.12500 0.20000
vt 0.25000 0.20000
vt 0.37500 0.20000
vt 0.50000 0.20000
vt 0.62500 0.20000
vt 0.75000 0.20000
vt 0.87500 0.20000
vt 0.00000 0.40000
vt 0.12500 0.40000
vt 0.25000 0.40000
vt 0.37500 0.40000
vt 0.50000 0.40000
vt 0.62500 0.40000
vt 0.75000 0.40000
vt 0.87500 0.40000
vt 0.00000 0.60000
vt 0.12500 0.60000
vt 0.25000 0.60000
vt 0.37500 0.60000
vt 0.50000 0.60000
vt 0.62500 0.60000
vt 0.75000 0.60000
vt 0.87500 0.60000
vt 0.00000 0.80000
vt 0.12500 0.80000
vt 0.25000 0.80000
vt 0.37500 0.80000
vt 0.50000 0.80000
vt 0.62500 0.80000
vt 0.75000 0.80000
vt 0.87500 0.80000
vt 0.00000 1.00000
vt 0.12500 1.00000
vt 0.25000 1.00000
vt 0.37500 1.00000
vt 0.50000 1.00000
vt 0.62500 1.00000
vt 0.75000 1.00000
vt 0.87500 1.00000
vt 0.00000 0.00000
vt 1.00000 0.00000
vt 1.00000 1.00000
vt 0.00000 1.00000
vt 0.00000 0.00000
vt 1.00000 0.00000
vt 1.00000 1.00000
vt 0.00000 1.00000
vt 0.00000 0.00000
vt 1.00000 0.00000
vt 1.00000 1.00000
vt 0.00000 1.00000
vt 0.00000 0.00000
vt 1.00000 0.00000
vt 1.00000 1.00000
vt 0.00000 1.00000
vt 0.00000 0.00000
vt 1.00000 0.00000
vt 1.00000 1.00000
vt 0.00000 1.00000
vt 0.00000 0.00000
vt 1.00000 0.00000
vt 1.00000 1.00000
vt 0.00000 1.00000
vt 0.00000 0.00000
vt 0.20000 0.00000
vt 0.40000 0.00000
vt 0.60000 0.00000
vt 0.80000 0.00000
vt 0.00000 0.33333
vt 0.20000 0.33333
vt 0.40000 0.33333
vt 0.60000 0.33333
vt 0.80000 0.33333
vt 0.00000 0.66667
vt 0.20000 0.66667
vt 0.40000 0.66667
vt 0.60000 0.66667
vt 0.80000 0.66667
vt 0.00000 1.00000
vt 0.20000 1.00000
vt 0.40000 1.00000
vt 0.60000 1.00000
vt 0.80000 1.00000
vt 0.00000 0.50000
vt 0.11111 0.50000
vt 0.22222 0.50000
vt 0.33333 0.50000
vt 0.44444 0.50000
vt 0.55556 0.50000
vt 0.66667 0.50000
vt 0.77778 0.50000
vt 0.88889 0.50000
vt 0.00000 0.50000
vt 0.11111 0.50000
vt 0.22222 0.50000
vt 0.33333 0.50000
vt 0.44444 0.50000
vt 0.55556 0.50000
vt 0.66667 0.50000
vt 0.77778 0.50000
vt 0.88889 0.50000
vt 0.00000 0.50000
vt 0.11111 0.50000
vt 0.22222 0.50000
vt 0.33333 0.50000
vt 0.44444 0.50000
vt 0.55556 0.50000
vt 0.66667 0.50000
vt 0.77778 0.50000
vt 0.88889 0.50000
vt 0.00000 0.50000
vt 0.11111 0.50000
vt 0.22222 0.50000
vt 0.33333 0.50000
vt 0.44444 0.50000
vt 0.55556 0.50000
vt 0.66667 0.50000
vt 0.77778 0.50000
vt 0.88889 0.50000
vt 0.00000 0.50000
vt 0.11111 0.50000
vt 0.22222 0.50000
vt 0.33333 0.50000
vt 0.44444 0.50000
vt 0.55556 0.50000
vt 0.66667 0.50000
vt 0.77778 0.50000
vt 0.88889 0.50000
vt 0.00000 0.50000
vt 0.11111 0.50000
vt 0.22222 0.50000
vt 0.33333 0.50000
vt 0.44444 0.50000
vt 0.55556 0.50000
vt 0.66667 0.50000
vt 0.77778 0.50000
vt 0.88889 0.50000
vt 0.00000 0.50000
vt 0.11111 0.50000
vt 0.22222 0.50000
vt 0.33333 0.50000
vt 0.44444 0.50000
vt 0.55556 0.50000
vt 0.66667 0.50000
vt 0.77778 0.50000
vt 0.88889 0.50000
vt 0.00000 0.50000
vt 0.11111 0.50000
vt 0.22222 0.50000
vt 0.33333 0.50000
vt 0.44444 0.50000
vt 0.55556 0.50000
vt 0.66667 0.50000
vt 0.77778 0.50000
vt 0.88889 0.50000
vt 0.00000 0.50000
vt 0.11111 0.50000
vt 0.22222 0.50000
vt 0.33333 0.50000
vt 0.44444 0.50000
vt 0.55556 0.50000
vt 0.66667 0.50000
vt 0.77778 0.50000
vt 0.88889 0.50000
vt 0.00000 0.50000
vt 0.11111 0.50000
vt 0.22222 0.50000
vt 0.33333 0.50000
vt 0.44444 0.50000
vt 0.55556 0.50000
vt 0.66667 0.50000
vt 0.77778 0.50000
vt 0.88889 0.50000
vt 0.00000 0.50000
vt 0.11111 0.50000
vt 0.22222 0.50000
vt 0.33333 0.50000
vt 0.44444 0.50000
vt 0.55556 0.50000
vt 0.66667 0.50000
vt 0.77778 0.50000
vt 0.88889 0.50000
vt 0.00000 0.50000
vt 0.11111 0.50000
vt 0.22222 0.50000
vt 0.33333 0.50000
vt 0.44444 0.50000
vt 0.55556 0.50000
vt 0.66667 0.50000
vt 0.77778 0.50000
vt 0.88889 0.50000
vt 0.00000 0.50000
vt 0.11111 0.50000
vt 0.22222 0.50000
vt 0.33333 0.50000
vt 0.44444 0.50000
vt 0.55556 0.50000
vt 0.66667 0.50000
vt 0.77778 0.50000
vt 0.88889 0.50000
vt 0.00000 0.00000
vt 0.12500 0.00000
vt 0.25000 0.00000
vt 0.37500 0.00000
vt 0.50000 0.00000
vt 0.62500 0.00000
vt 0.75000 0.00000
vt 0.87500 0.00000
vt 0.00000 0.20000
vt 0.12500 0.20000
vt 0.25000 0.20000
vt 0.37500 0.20000
vt 0.50000 0.20000
vt 0.62500 0.20000
vt 0.75000 0.20000
vt 0.87500 0.20000
vt 0.00000 0.40000
vt 0.12500 0.40000
vt 0.25000 0.40000
vt 0.37500 0.40000
vt 0.50000 0.40000
vt 0.62500 0.40000
vt 0.75000 0.40000
vt 0.87500 0.40000
vt 0.00000 0.60000
vt 0.12500 0.60000
vt 0.25000 0.60000
vt 0.37500 0.60000
vt 0.50000 0.60000
vt 0.62500 0.60000
vt 0.75000 0.60000
vt 0.87500 0.60000
vt 0.00000 0.80000
vt 0.12500 0.80000
vt 0.25000 0.80000
vt 0.37500 0.80000
vt 0.50000 0.80000
vt 0.62500 0.80000
vt 0.75000 0.80000
vt 0.87500 0.80000
vt 0.00000 1.00000
vt 0.12500 1.00000
vt 0.25000 1.00000
vt 0.37500 1.00000
vt 0.50000 1.00000
vt 0.62500 1.00000
vt 0.75000 1.00000
vt 0.87500 1.00000
vt 0.00000 0.50000
vt 0.12500 0.50000
vt 0.25000 0.50000
vt 0.37500 0.50000
vt 0.50000 0.50000
vt 0.62500 0.50000
vt 0.75000 0.50000
vt 0.87500 0.50000
vt 0.00000 0.50000
vt 0.12500 0.50000
vt 0.25000 0.50000
vt 0.37500 0.50000
vt 0.50000 0.50000
vt 0.62500 0.50000
vt 0.75000 0.50000
vt 0.87500 0.50000
vt 0.00000 0.50000
vt 0.12500 0.50000
vt 0.25000 0.50000
vt 0.37500 0.50000
vt 0.50000 0.50000
vt 0.62500 0.50000
vt 0.75000 0.50000
vt 0.87500 0.50000
vt 0.00000 0.50000
vt 0.12500 0.50000
vt 0.25000 0.50000
vt 0.37500 0.50000
vt 0.50000 0.50000
vt 0.62500 0.50000
vt 0.75000 0.50000
vt 0.87500 0.50000
vt 0.00000 0.50000
vt 0.12500 0.50000
vt 0.25000 0.50000
vt 0.37500 0.50000
vt 0.50000 0.50000
vt 0.62500 0.50000
vt 0.75000 0.50000
vt 0.87500 0.50000
vt 0.00000 0.50000
vt 0.12500 0.50000
vt 0.25000 0.50000
vt 0.37500 0.50000
vt 0.50000 0.50000
vt 0.62500 0.50000
vt 0.75000 0.50000
vt 0.87500 0.50000
vt 0.00000 0.50000
vt 0.12500 0.50000
vt 0.25000 0.50000
vt 0.37500 0.50000
vt 0.50000 0.50000
vt 0.62500 0.50000
vt 0.75000 0.50000
vt 0.87500 0.50000
vt 0.00000 0.50000
vt 0.12500 0.50000
vt 0.25000 0.50000
vt 0.37500 0.50000
vt 0.50000 0.50000
vt 0.62500 0.50000
vt 0.75000 0.50000
vt 0.87500 0.50000
vt 0.00000 0.50000
vt 0.12500 0.50000
vt 0.25000 0.50000
vt 0.37500 0.50000
vt 0.50000 0.50000
vt 0.62500 0.50000
vt 0.75000 0.50000
vt 0.87500 0.50000
vt 0.00000 0.50000
vt 0.12500 0.50000
vt 0.25000 0.50000
vt 0.37500 0.50000
vt 0.50000 0.50000
vt 0.62500 0.50000
vt 0.75000 0.50000
vt 0.87500 0.50000
vt 0.00000 0.50000
vt 0.12500 0.50000
vt 0.25000 0.50000
vt 0.37500 0.50000
vt 0.50000 0.50000
vt 0.62500 0.50000
vt 0.75000 0.50000
vt 0.87500 0.50000
vt 0.00000 0.50000
vt 0.12500 0.50000
vt 0.25000 0.50000
vt 0.37500 0.50000
vt 0.50000 0.50000
vt 0.62500 0.50000
vt 0.75000 0.50000
vt 0.87500 0.50000
vt 0.00000 0.50000
vt 0.12500 0.50000
vt 0.25000 0.50000
vt 0.37500 0.50000
vt 0.50000 0.50000
vt 0.62500 0.50000
vt 0.75000 0.50000
vt 0.87500 0.50000
vt 0.00000 0.50000
vt 0.12500 0.50000
vt 0.25000 0.50000
vt 0.37500 0.50000
vt 0.50000 0.50000
vt 0.62500 0.50000
vt 0.75000 0.50000
vt 0.87500 0.50000
vt 0.00000 0.50000
vt 0.12500 0.50000
vt 0.25000 0.50000
vt 0.37500 0.50000
vt 0.50000 0.50000
vt 0.62500 0.50000
vt 0.75000 0.50000
vt 0.87500 0.50000
vt 0.00000 0.00000
vt 0.12500 0.00000
vt 0.25000 0.00000
vt 0.37500 0.00000
vt 0.50000 0.00000
vt 0.62500 0.00000
vt 0.75000 0.00000
vt 0.87500 0.00000
vt 0.00000 0.25000
vt 0.12500 0.25000
vt 0.25000 0.25000
vt 0.37500 0.25000
vt 0.50000 0.25000
vt 0.62500 0.25000
vt 0.75000 0.25000
vt 0.87500 0.25000
vt 0.00000 0.50000
vt 0.12500 0.50000
vt 0.25000 0.50000
vt 0.37500 0.50000
vt 0.50000 0.50000
vt 0.62500 0.50000
vt 0.75000 0.50000
vt 0.87500 0.50000
vt 0.00000 0.75000
vt 0.12500 0.75000
vt 0.25000 0.75000
vt 0.37500 0.75000
vt 0.50000 0.75000
vt 0.62500 0.75000
vt 0.75000 0.75000
vt 0.87500 0.75000
vt 0.00000 1.00000
vt 0.12500 1.00000
vt 0.25000 1.00000
vt 0.37500 1.00000
vt 0.50000 1.00000
vt 0.62500 1.00000
vt 0.75000 1.00000
vt 0.87500 1.00000
vt 0.00000 0.00000
vt 0.10000 0.00000
vt 0.20000 0.00000
vt 0.30000 0.00000
vt 0.40000 0.00000
vt 0.50000 0.00000
vt 0.60000 0.00000
vt 0.70000 0.00000
vt 0.80000 0.00000
vt 0.90000 0.00000
vt 0.00000 0.16667
vt 0.10000 0.16667
vt 0.20000 0.16667
vt 0.30000 0.16667
vt 0.40000 0.16667
vt 0.50000 0.16667
vt 0.60000 0.16667
vt 0.70000 0.16667
vt 0.80000 0.16667
vt 0.90000 0.16667
vt 0.00000 0.33333
vt 0.10000 0.33333
vt 0.20000 0.33333
vt 0.30000 0.33333
vt 0.40000 0.33333
vt 0.50000 0.33333
vt 0.60000 0.33333
vt 0.70000 0.33333
vt 0.80000 0.33333
vt 0.90000 0.33333
vt 0.00000 0.50000
vt 0.10000 0.50000
vt 0.20000 0.50000
vt 0.30000 0.50000
vt 0.40000 0.50000
vt 0.50000 0.50000
vt 0.60000 0.50000
vt 0.70000 0.50000
vt 0.80000 0.50000
vt 0.90000 0.50000
vt 0.00000 0.66667
vt 0.10000 0.66667
vt 0.20000 0.66667
vt 0.30000 0.66667
vt 0.40000 0.66667
vt 0.50000 0.66667
vt 0.60000 0.66667
vt 0.70000 0.66667
vt 0.80000 0.66667
vt 0.90000 0.66667
vt 0.00000 0.83333
vt 0.10000 0.83333
vt 0.20000 0.83333
vt 0.30000 0.83333
vt 0.40000 0.83333
vt 0.50000 0.83333
vt 0.60000 0.83333
vt 0.70000 0.83333
vt 0.80000 0.83333
vt 0.90000 0.83333
vt 0.00000 1.00000
vt 0.10000 1.00000
vt 0.20000 1.00000
vt 0.30000 1.00000
vt 0.40000 1.00000
vt 0.50000 1.00000
vt 0.60000 1.00000
vt 0.70000 1.00000
vt 0.80000 1.00000
vt 0.90000 1.00000
vt 0.00000 0.00000
vt 0.10000 0.00000
vt 0.20000 0.00000
vt 0.30000 0.00000
vt 0.40000 0.00000
vt 0.50000 0.00000
vt 0.60000 0.00000
vt 0.70000 0.00000
vt 0.80000 0.00000
vt 0.90000 0.00000
vt 0.00000 0.14286
vt 0.10000 0.14286
vt 0.20000 0.14286
vt 0.30000 0.14286
vt 0.40000 0.14286
vt 0.50000 0.14286
vt 0.60000 0.14286
vt 0.70000 0.14286
vt 0.80000 0.14286
vt 0.90000 0.14286
vt 0.00000 0.28571
vt 0.10000 0.28571
vt 0.20000 0.28571
vt 0.30000 0.28571
vt 0.40000 0.28571
vt 0.50000 0.28571
vt 0.60000 0.28571
vt 0.70000 0.28571
vt 0.80000 0.28571
vt 0.90000 0.28571
vt 0.00000 0.42857
vt 0.10000 0.42857
vt 0.20000 0.42857
vt 0.30000 0.42857
vt 0.40000 0.42857
vt 0.50000 0.42857
vt 0.60000 0.42857
vt 0.70000 0.42857
vt 0.80000 0.42857
vt 0.90000 0.42857
vt 0.00000 0.57143
vt 0.10000 0.57143
vt 0.20000 0.57143
vt 0.30000 0.57143
vt 0.40000 0.57143
vt 0.50000 0.57143
vt 0.60000 0.57143
vt 0.70000 0.57143
vt 0.80000 0.57143
vt 0.90000 0.57143
vt 0.00000 0.71429
vt 0.10000 0.71429
vt 0.20000 0.71429
vt 0.30000 0.71429
vt 0.40000 0.71429
vt 0.50000 0.71429
vt 0.60000 0.71429
vt 0.70000 0.71429
vt 0.80000 0.71429
vt 0.90000 0.71429
vt 0.00000 0.85714
vt 0.10000 0.85714
vt 0.20000 0.85714
vt 0.30000 0.85714
vt 0.40000 0.85714
vt 0.50000 0.85714
vt 0.60000 0.85714
vt 0.70000 0.85714
vt 0.80000 0.85714
vt 0.90000 0.85714
vt 0.00000 1.00000
vt 0.10000 1.00000
vt 0.20000 1.00000
vt 0.30000 1.00000
vt 0.40000 1.00000
vt 0.50000 1.00000
vt 0.60000 1.00000
vt 0.70000 1.00000
vt 0.80000 1.00000
vt 0.90000 1.00000
vt 0.00000 0.00000
vt 0.11111 0.00000
vt 0.22222 0.00000
vt 0.33333 0.00000
vt 0.44444 0.00000
vt 0.55556 0.00000
vt 0.66667 0.00000
vt 0.77778 0.00000
vt 0.88889 0.00000
vt 0.00000 0.16667
vt 0.11111 0.16667
vt 0.22222 0.16667
vt 0.33333 0.16667
vt 0.44444 0.16667
vt 0.55556 0.16667
vt 0.66667 0.16667
vt 0.77778 0.16667
vt 0.88889 0.16667
vt 0.00000 0.33333
vt 0.11111 0.33333
vt 0.22222 0.33333
vt 0.33333 0.33333
vt 0.44444 0.33333
vt 0.55556 0.33333
vt 0.66667 0.33333
vt 0.77778 0.33333
vt 0.88889 0.33333
vt 0.00000 0.50000
vt 0.11111 0.50000
vt 0.22222 0.50000
vt 0.33333 0.50000
vt 0.44444 0.50000
vt 0.55556 0.50000
vt 0.66667 0.50000
vt 0.77778 0.50000
vt 0.88889 0.50000
vt 0.00000 0.66667
vt 0.11111 0.66667
vt 0.22222 0.66667
vt 0.33333 0.66667
vt 0.44444 0.66667
vt 0.55556 0.66667
vt 0.66667 0.66667
vt 0.77778 0.66667
vt 0.88889 0.66667
vt 0.00000 0.83333
vt 0.11111 0.83333
vt 0.22222 0.83333
vt 0.33333 0.83333
vt 0.44444 0.83333
vt 0.55556 0.83333
vt 0.66667 0.83333
vt 0.77778 0.83333
vt 0.88889 0.83333
vt 0.00000 1.00000
vt 0.11111 1.00000
vt 0.22222 1.00000
vt 0.33333 1.00000
vt 0.44444 1.00000
vt 0.55556 1.00000
vt 0.66667 1.00000
vt 0.77778 1.00000
vt 0.88889 1.00000
vt 0.00000 0.00000
vt 0.12500 0.00000
vt 0.25000 0.00000
vt 0.37500 0.00000
vt 0.50000 0.00000
vt 0.62500 0.00000
vt 0.75000 0.00000
vt 0.87500 0.00000
vt 0.00000 0.20000
vt 0.12500 0.20000
vt 0.25000 0.20000
vt 0.37500 0.20000
vt 0.50000 0.20000
vt 0.62500 0.20000
vt 0.75000 0.20000
vt 0.87500 0.20000
vt 0.00000 0.40000
vt 0.12500 0.40000
vt 0.25000 0.40000
vt 0.37500 0.40000
vt 0.50000 0.40000
vt 0.62500 0.40000
vt 0.75000 0.40000
vt 0.87500 0.40000
vt 0.00000 0.60000
vt 0.12500 0.60000
vt 0.25000 0.60000
vt 0.37500 0.60000
vt 0.50000 0.60000
vt 0.62500 0.60000
vt 0.75000 0.60000
vt 0.87500 0.60000
vt 0.00000 0.80000
vt 0.12500 0.80000
vt 0.25000 0.80000
vt 0.37500 0.80000
vt 0.50000 0.80000
vt 0.62500 0.80000
vt 0.75000 0.80000
vt 0.87500 0.80000
vt 0.00000 1.00000
vt 0.12500 1.00000
vt 0.25000 1.00000
vt 0.37500 1.00000
vt 0.50000 1.00000
vt 0.62500 1.00000
vt 0.75000 1.00000
vt 0.87500 1.00000
vt 0.00000 0.00000
vt 1.00000 0.00000
vt 1.00000 1.00000
vt 0.00000 1.00000
vt 0.00000 0.00000
vt 1.00000 0.00000
vt 1.00000 1.00000
vt 0.00000 1.00000
vt 0.00000 0.00000
vt 1.00000 0.00000
vt 1.00000 1.00000
vt 0.00000 1.00000
vt 0.00000 0.00000
vt 1.00000 0.00000
vt 1.00000 1.00000
vt 0.00000 1.00000
vt 0.00000 0.00000
vt 1.00000 0.00000
vt 1.00000 1.00000
vt 0.00000 1.00000
vt 0.00000 0.00000
vt 1.00000 0.00000
vt 1.00000 1.00000
vt 0.00000 1.00000
vt 0.00000 0.00000
vt 0.20000 0.00000
vt 0.40000 0.00000
vt 0.60000 0.00000
vt 0.80000 0.00000
vt 0.00000 0.33333
vt 0.20000 0.33333
vt 0.40000 0.33333
vt 0.60000 0.33333
vt 0.80000 0.33333
vt 0.00000 0.66667
vt 0.20000 0.66667
vt 0.40000 0.66667
vt 0.60000 0.66667
vt 0.80000 0.66667
vt 0.00000 1.00000
vt 0.20000 1.00000
vt 0.40000 1.00000
vt 0.60000 1.00000
vt 0.80000 1.00000
usemtl Pants
f 1/1/1 2/2/2 14/14/14
f 1/1/1 14/14/14 13/13/13
f 2/2/2 3/3/3 15/15/15
f 2/2/2 15/15/15 14/14/14
f 3/3/3 4/4/4 16/16/16
f 3/3/3 16/16/16 15/15/15
f 4/4/4 5/5/5 17/17/17
f 4/4/4 17/17/17 16/16/16
f 5/5/5 6/6/6 18/18/18
f 5/5/5 18/18/18 17/17/17
f 6/6/6 7/7/7 19/19/19
f 6/6/6 19/19/19 18/18/18
f 7/7/7 8/8/8 20/20/20
f 7/7/7 20/20/20 19/19/19
f 8/8/8 9/9/9 21/21/21
f 8/8/8 21/21/21 20/20/20
f 9/9/9 10/10/10 22/22/22
f 9/9/9 22/22/22 21/21/21
f 10/10/10 11/11/11 23/23/23
f 10/10/10 23/23/23 22/22/22
f 11/11/11 12/12/12 24/24/24
f 11/11/11 24/24/24 23/23/23
f 12/12/12 1/1/1 13/13/13
f 12/12/12 13/13/13 24/24/24
f 13/13/13 14/14/14 26/26/26
f 13/13/13 26/26/26 25/25/25
f 14/14/14 15/15/15 27/27/27
f 14/14/14 27/27/27 26/26/26
f 15/15/15 16/16/16 28/28/28
f 15/15/15 28/28/28 27/27/27
f 16/16/16 17/17/17 29/29/29
f 16/16/16 29/29/29 28/28/28
f 17/17/17 18/18/18 30/30/30
f 17/17/17 30/30/30 29/29/29
f 18/18/18 19/19/19 31/31/31
f 18/18/18 31/31/31 30/30/30
f 19/19/19 20/20/20 32/32/32
f 19/19/19 32/32/32 31/31/31
f 20/20/20 21/21/21 33/33/33
f 20/20/20 33/33/33 32/32/32
f 21/21/21 22/22/22 34/34/34
f 21/21/21 34/34/34 33/33/33
f 22/22/22 23/23/23 35/35/35
f 22/22/22 35/35/35 34/34/34
f 23/23/23 24/24/24 36/36/36
f 23/23/23 36/36/36 35/35/35
f 24/24/24 13/13/13 25/25/25
f 24/24/24 25/25/25 36/36/36
f 25/25/25 26/26/26 38/38/38
f 25/25/25 38/38/38 37/37/37
f 26/26/26 27/27/27 39/39/39
f 26/26/26 39/39/39 38/38/38
f 27/27/27 28/28/28 40/40/40
f 27/27/27 40/40/40 39/39/39
f 28/28/28 29/29/29 41/41/41
f 28/28/28 41/41/41 40/40/40
f 29/29/29 30/30/30 42/42/42
f 29/29/29 42/42/42 41/41/41
f 30/30/30 31/31/31 43/43/43
f 30/30/30 43/43/43 42/42/42
f 31/31/31 32/32/32 44/44/44
f 31/31/31 44/44/44 43/43/43
f 32/32/32 33/33/33 45/45/45
f 32/32/32 45/45/45 44/44/44
f 33/33/33 34/34/34 46/46/46
f 33/33/33 46/46/46 45/45/45
f 34/34/34 35/35/35 47/47/47
f 34/34/34 47/47/47 46/46/46
f 35/35/35 36/36/36 48/48/48
f 35/35/35 48/48/48 47/47/47
f 36/36/36 25/25/25 37/37/37
f 36/36/36 37/37/37 48/48/48
f 37/37/37 38/38/38 50/50/50
f 37/37/37 50/50/50 49/49/49
f 38/38/38 39/39/39 51/51/51
f 38/38/38 51/51/51 50/50/50
f 39/39/39 40/40/40 52/52/52
f 39/39/39 52/52/52 51/51/51
f 40/40/40 41/41/41 53/53/53
f 40/40/40 53/53/53 52/52/52
f 41/41/41 42/42/42 54/54/54
f 41/41/41 54/54/54 53/53/53
f 42/42/42 43/43/43 55/55/55
f 42/42/42 55/55/55 54/54/54
f 43/43/43 44/44/44 56/56/56
f 43/43/43 56/56/56 55/55/55
f 44/44/44 45/45/45 57/57/57
f 44/44/44 57/57/57 56/56/56
f 45/45/45 46/46/46 58/58/58
f 45/45/45 58/58/58 57/57/57
f 46/46/46 47/47/47 59/59/59
f 46/46/46 59/59/59 58/58/58
f 47/47/47 48/48/48 60/60/60
f 47/47/47 60/60/60 59/59/59
f 48/48/48 37/37/37 49/49/49
f 48/48/48 49/49/49 60/60/60
f 49/49/49 50/50/50 62/62/62
f 49/49/49 62/62/62 61/61/61
f 50/50/50 51/51/51 63/63/63
f 50/50/50 63/63/63 62/62/62
f 51/51/51 52/52/52 64/64/64
f 51/51/51 64/64/64 63/63/63
f 52/52/52 53/53/53 65/65/65
f 52/52/52 65/65/65 64/64/64
f 53/53/53 54/54/54 66/66/66
f 53/53/53 66/66/66 65/65/65
f 54/54/54 55/55/55 67/67/67
f 54/54/54 67/67/67 66/66/66
f 55/55/55 56/56/56 68/68/68
f 55/55/55 68/68/68 67/67/67
f 56/56/56 57/57/57 69/69/69
f 56/56/56 69/69/69 68/68/68
f 57/57/57 58/58/58 70/70/70
f 57/57/57 70/70/70 69/69/69
f 58/58/58 59/59/59 71/71/71
f 58/58/58 71/71/71 70/70/70
f 59/59/59 60/60/60 72/72/72
f 59/59/59 72/72/72 71/71/71
f 60/60/60 49/49/49 61/61/61
f 60/60/60 61/61/61 72/72/72
f 61/61/61 62/62/62 74/74/74
f 61/61/61 74/74/74 73/73/73
f 62/62/62 63/63/63 75/75/75
f 62/62/62 75/75/75 74/74/74
f 63/63/63 64/64/64 76/76/76
f 63/63/63 76/76/76 75/75/75
f 64/64/64 65/65/65 77/77/77
f 64/64/64 77/77/77 76/76/76
f 65/65/65 66/66/66 78/78/78
f 65/65/65 78/78/78 77/77/77
f 66/66/66 67/67/67 79/79/79
f 66/66/66 79/79/79 78/78/78
f 67/67/67 68/68/68 80/80/80
f 67/67/67 80/80/80 79/79/79
f 68/68/68 69/69/69 81/81/81
f 68/68/68 81/81/81 80/80/80
f 69/69/69 70/70/70 82/82/82
f 69/69/69 82/82/82 81/81/81
f 70/70/70 71/71/71 83/83/83
f 70/70/70 83/83/83 82/82/82
f 71/71/71 72/72/72 84/84/84
f 71/71/71 84/84/84 83/83/83
f 72/72/72 61/61/61 73/73/73
f 72/72/72 73/73/73 84/84/84
f 73/73/73 74/74/74 86/86/86
f 73/73/73 86/86/86 85/85/85
f 74/74/74 75/75/75 87/87/87
f 74/74/74 87/87/87 86/86/86
f 75/75/75 76/76/76 88/88/88
f 75/75/75 88/88/88 87/87/87
f 76/76/76 77/77/77 89/89/89
f 76/76/76 89/89/89 88/88/88
f 77/77/77 78/78/78 90/90/90
f 77/77/77 90/90/90 89/89/89
f 78/78/78 79/79/79 91/91/91
f 78/78/78 91/91/91 90/90/90
f 79/79/79 80/80/80 92/92/92
f 79/79/79 92/92/92 91/91/91
f 80/80/80 81/81/81 93/93/93
f 80/80/80 93/93/93 92/92/92
f 81/81/81 82/82/82 94/94/94
f 81/81/81 94/94/94 93/93/93
f 82/82/82 83/83/83 95/95/95
f 82/82/82 95/95/95 94/94/94
f 83/83/83 84/84/84 96/96/96
f 83/83/83 96/96/96 95/95/95
f 84/84/84 73/73/73 85/85/85
f 84/84/84 85/85/85 96/96/96
f 85/85/85 86/86/86 98/98/98
f 85/85/85 98/98/98 97/97/97
f 86/86/86 87/87/87 99/99/99
f 86/86/86 99/99/99 98/98/98
f 87/87/87 88/88/88 100/100/100
f 87/87/87 100/100/100 99/99/99
f 88/88/88 89/89/89 101/101/101
f 88/88/88 101/101/101 100/100/100
f 89/89/89 90/90/90 102/102/102
f 89/89/89 102/102/102 101/101/101
f 90/90/90 91/91/91 103/103/103
f 90/90/90 103/103/103 102/102/102
f 91/91/91 92/92/92 104/104/104
f 91/91/91 104/104/104 103/103/103
f 92/92/92 93/93/93 105/105/105
f 92/92/92 105/105/105 104/104/104
f 93/93/93 94/94/94 106/106/106
f 93/93/93 106/106/106 105/105/105
f 94/94/94 95/95/95 107/107/107
f 94/94/94 107/107/107 106/106/106
f 95/95/95 96/96/96 108/108/108
f 95/95/95 108/108/108 107/107/107
f 96/96/96 85/85/85 97/97/97
f 96/96/96 97/97/97 108/108/108
usemtl Belt
f 109/109/109 110/110/110 120/120/120
f 109/109/109 120/120/120 119/119/119
f 110/110/110 111/111/111 121/121/121
f 110/110/110 121/121/121 120/120/120
f 111/111/111 112/112/112 122/122/122
f 111/111/111 122/122/122 121/121/121
f 112/112/112 113/113/113 123/123/123
f 112/112/112 123/123/123 122/122/122
f 113/113/113 114/114/114 124/124/124
f 113/113/113 124/124/124 123/123/123
f 114/114/114 115/115/115 125/125/125
f 114/114/114 125/125/125 124/124/124
f 115/115/115 116/116/116 126/126/126
f 115/115/115 126/126/126 125/125/125
f 116/116/116 117/117/117 127/127/127
f 116/116/116 127/127/127 126/126/126
f 117/117/117 118/118/118 128/128/128
f 117/117/117 128/128/128 127/127/127
f 118/118/118 109/109/109 119/119/119
f 118/118/118 119/119/119 128/128/128
f 119/119/119 120/120/120 130/130/130
f 119/119/119 130/130/130 129/129/129
f 120/120/120 121/121/121 131/131/131
f 120/120/120 131/131/131 130/130/130
f 121/121/121 122/122/122 132/132/132
f 121/121/121 132/132/132 131/131/131
f 122/122/122 123/123/123 133/133/133
f 122/122/122 133/133/133 132/132/132
f 123/123/123 124/124/124 134/134/134
f 123/123/123 134/134/134 133/133/133
f 124/124/124 125/125/125 135/135/135
f 124/124/124 135/135/135 134/134/134
f 125/125/125 126/126/126 136/136/136
f 125/125/125 136/136/136 135/135/135
f 126/126/126 127/127/127 137/137/137
f 126/126/126 137/137/137 136/136/136
f 127/127/127 128/128/128 138/138/138
f 127/127/127 138/138/138 137/137/137
f 128/128/128 119/119/119 129/129/129
f 128/128/128 129/129/129 138/138/138
f 129/129/129 130/130/130 140/140/140
f 129/129/129 140/140/140 139/139/139
f 130/130/130 131/131/131 141/141/141
f 130/130/130 141/141/141 140/140/140
f 131/131/131 132/132/132 142/142/142
f 131/131/131 142/142/142 141/141/141
f 132/132/132 133/133/133 143/143/143
f 132/132/132 143/143/143 142/142/142
f 133/133/133 134/134/134 144/144/144
f 133/133/133 144/144/144 143/143/143
f 134/134/134 135/135/135 145/145/145
f 134/134/134 145/145/145 144/144/144
f 135/135/135 136/136/136 146/146/146
f 135/135/135 146/146/146 145/145/145
f 136/136/136 137/137/137 147/147/147
f 136/136/136 147/147/147 146/146/146
f 137/137/137 138/138/138 148/148/148
f 137/137/137 148/148/148 147/147/147
f 138/138/138 129/129/129 139/139/139
f 138/138/138 139/139/139 148/148/148
f 139/139/139 140/140/140 150/150/150
f 139/139/139 150/150/150 149/149/149
f 140/140/140 141/141/141 151/151/151
f 140/140/140 151/151/151 150/150/150
f 141/141/141 142/142/142 152/152/152
f 141/141/141 152/152/152 151/151/151
f 142/142/142 143/143/143 153/153/153
f 142/142/142 153/153/153 152/152/152
f 143/143/143 144/144/144 154/154/154
f 143/143/143 154/154/154 153/153/153
f 144/144/144 145/145/145 155/155/155
f 144/144/144 155/155/155 154/154/154
f 145/145/145 146/146/146 156/156/156
f 145/145/145 156/156/156 155/155/155
f 146/146/146 147/147/147 157/157/157
f 146/146/146 157/157/157 156/156/156
f 147/147/147 148/148/148 158/158/158
f 147/147/147 158/158/158 157/157/157
f 148/148/148 139/139/139 149/149/149
f 148/148/148 149/149/149 158/158/158
f 149/149/149 150/150/150 160/160/160
f 149/149/149 160/160/160 159/159/159
f 150/150/150 151/151/151 161/161/161
f 150/150/150 161/161/161 160/160/160
f 151/151/151 152/152/152 162/162/162
f 151/151/151 162/162/162 161/161/161
f 152/152/152 153/153/153 163/163/163
f 152/152/152 163/163/163 162/162/162
f 153/153/153 154/154/154 164/164/164
f 153/153/153 164/164/164 163/163/163
f 154/154/154 155/155/155 165/165/165
f 154/154/154 165/165/165 164/164/164
f 155/155/155 156/156/156 166/166/166
f 155/155/155 166/166/166 165/165/165
f 156/156/156 157/157/157 167/167/167
f 156/156/156 167/167/167 166/166/166
f 157/157/157 158/158/158 168/168/168
f 157/157/157 168/168/168 167/167/167
f 158/158/158 149/149/149 159/159/159
f 158/158/158 159/159/159 168/168/168
usemtl Buckle
f 169/169/169 170/170/170 176/176/176
f 169/169/169 176/176/176 175/175/175
f 170/170/170 171/171/171 177/177/177
f 170/170/170 177/177/177 176/176/176
f 171/171/171 172/172/172 178/178/178
f 171/171/171 178/178/178 177/177/177
f 172/172/172 173/173/173 179/179/179
f 172/172/172 179/179/179 178/178/178
f 173/173/173 174/174/174 180/180/180
f 173/173/173 180/180/180 179/179/179
f 174/174/174 169/169/169 175/175/175
f 174/174/174 175/175/175 180/180/180
f 175/175/175 176/176/176 182/182/182
f 175/175/175 182/182/182 181/181/181
f 176/176/176 177/177/177 183/183/183
f 176/176/176 183/183/183 182/182/182
f 177/177/177 178/178/178 184/184/184
f 177/177/177 184/184/184 183/183/183
f 178/178/178 179/179/179 185/185/185
f 178/178/178 185/185/185 184/184/184
f 179/179/179 180/180/180 186/186/186
f 179/179/179 186/186/186 185/185/185
f 180/180/180 175/175/175 181/181/181
f 180/180/180 181/181/181 186/186/186
f 181/181/181 182/182/182 188/188/188
f 181/181/181 188/188/188 187/187/187
f 182/182/182 183/183/183 189/189/189
f 182/182/182 189/189/189 188/188/188
f 183/183/183 184/184/184 190/190/190
f 183/183/183 190/190/190 189/189/189
f 184/184/184 185/185/185 191/191/191
f 184/184/184 191/191/191 190/190/190
f 185/185/185 186/186/186 192/192/192
f 185/185/185 192/192/192 191/191/191
f 186/186/186 181/181/181 187/187/187
f 186/186/186 187/187/187 192/192/192
f 187/187/187 188/188/188 194/194/194
f 187/187/187 194/194/194 193/193/193
f 188/188/188 189/189/189 195/195/195
f 188/188/188 195/195/195 194/194/194
f 189/189/189 190/190/190 196/196/196
f 189/189/189 196/196/196 195/195/195
f 190/190/190 191/191/191 197/197/197
f 190/190/190 197/197/197 196/196/196
f 191/191/191 192/192/192 198/198/198
f 191/191/191 198/198/198 197/197/197
f 192/192/192 187/187/187 193/193/193
f 192/192/192 193/193/193 198/198/198
usemtl Shirt
f 199/199/199 200/200/200 214/214/214
f 199/199/199 214/214/214 213/213/213
f 200/200/200 201/201/201 215/215/215
f 200/200/200 215/215/215 214/214/214
f 201/201/201 202/202/202 216/216/216
f 201/201/201 216/216/216 215/215/215
f 202/202/202 203/203/203 217/217/217
f 202/202/202 217/217/217 216/216/216
f 203/203/203 204/204/204 218/218/218
f 203/203/203 218/218/218 217/217/217
f 204/204/204 205/205/205 219/219/219
f 204/204/204 219/219/219 218/218/218
f 205/205/205 206/206/206 220/220/220
f 205/205/205 220/220/220 219/219/219
f 206/206/206 207/207/207 221/221/221
f 206/206/206 221/221/221 220/220/220
f 207/207/207 208/208/208 222/222/222
f 207/207/207 222/222/222 221/221/221
f 208/208/208 209/209/209 223/223/223
f 208/208/208 223/223/223 222/222/222
f 209/209/209 210/210/210 224/224/224
f 209/209/209 224/224/224 223/223/223
f 210/210/210 211/211/211 225/225/225
f 210/210/210 225/225/225 224/224/224
f 211/211/211 212/212/212 226/226/226
f 211/211/211 226/226/226 225/225/225
f 212/212/212 199/199/199 213/213/213
f 212/212/212 213/213/213 226/226/226
f 213/213/213 214/214/214 228/228/228
f 213/213/213 228/228/228 227/227/227
f 214/214/214 215/215/215 229/229/229
f 214/214/214 229/229/229 228/228/228
f 215/215/215 216/216/216 230/230/230
f 215/215/215 230/230/230 229/229/229
f 216/216/216 217/217/217 231/231/231
f 216/216/216 231/231/231 230/230/230
f 217/217/217 218/218/218 232/232/232
f 217/217/217 232/232/232 231/231/231
f 218/218/218 219/219/219 233/233/233
f 218/218/218 233/233/233 232/232/232
f 219/219/219 220/220/220 234/234/234
f 219/219/219 234/234/234 233/233/233
f 220/220/220 221/221/221 235/235/235
f 220/220/220 235/235/235 234/234/234
f 221/221/221 222/222/222 236/236/236
f 221/221/221 236/236/236 235/235/235
f 222/222/222 223/223/223 237/237/237
f 222/222/222 237/237/237 236/236/236
f 223/223/223 224/224/224 238/238/238
f 223/223/223 238/238/238 237/237/237
f 224/224/224 225/225/225 239/239/239
f 224/224/224 239/239/239 238/238/238
f 225/225/225 226/226/226 240/240/240
f 225/225/225 240/240/240 239/239/239
f 226/226/226 213/213/213 227/227/227
f 226/226/226 227/227/227 240/240/240
f 227/227/227 228/228/228 242/242/242
f 227/227/227 242/242/242 241/241/241
f 228/228/228 229/229/229 243/243/243
f 228/228/228 243/243/243 242/242/242
f 229/229/229 230/230/230 244/244/244
f 229/229/229 244/244/244 243/243/243
f 230/230/230 231/231/231 245/245/245
f 230/230/230 245/245/245 244/244/244
f 231/231/231 232/232/232 246/246/246
f 231/231/231 246/246/246 245/245/245
f 232/232/232 233/233/233 247/247/247
f 232/232/232 247/247/247 246/246/246
f 233/233/233 234/234/234 248/248/248
f 233/233/233 248/248/248 247/247/247
f 234/234/234 235/235/235 249/249/249
f 234/234/234 249/249/249 248/248/248
f 235/235/235 236/236/236 250/250/250
f 235/235/235 250/250/250 249/249/249
f 236/236/236 237/237/237 251/251/251
f 236/236/236 251/251/251 250/250/250
f 237/237/237 238/238/238 252/252/252
f 237/237/237 252/252/252 251/251/251
f 238/238/238 239/239/239 253/253/253
f 238/238/238 253/253/253 252/252/252
f 239/239/239 240/240/240 254/254/254
f 239/239/239 254/254/254 253/253/253
f 240/240/240 227/227/227 241/241/241
f 240/240/240 241/241/241 254/254/254
f 241/241/241 242/242/242 256/256/256
f 241/241/241 256/256/256 255/255/255
f 242/242/242 243/243/243 257/257/257
f 242/242/242 257/257/257 256/256/256
f 243/243/243 244/244/244 258/258/258
f 243/243/243 258/258/258 257/257/257
f 244/244/244 245/245/245 259/259/259
f 244/244/244 259/259/259 258/258/258
f 245/245/245 246/246/246 260/260/260
f 245/245/245 260/260/260 259/259/259
f 246/246/246 247/247/247 261/261/261
f 246/246/246 261/261/261 260/260/260
f 247/247/247 248/248/248 262/262/262
f 247/247/247 262/262/262 261/261/261
f 248/248/248 249/249/249 263/263/263
f 248/248/248 263/263/263 262/262/262
f 249/249/249 250/250/250 264/264/264
f 249/249/249 264/264/264 263/263/263
f 250/250/250 251/251/251 265/265/265
f 250/250/250 265/265/265 264/264/264
f 251/251/251 252/252/252 266/266/266
f 251/251/251 266/266/266 265/265/265
f 252/252/252 253/253/253 267/267/267
f 252/252/252 267/267/267 266/266/266
f 253/253/253 254/254/254 268/268/268
f 253/253/253 268/268/268 267/267/267
f 254/254/254 241/241/241 255/255/255
f 254/254/254 255/255/255 268/268/268
f 255/255/255 256/256/256 270/270/270
f 255/255/255 270/270/270 269/269/269
f 256/256/256 257/257/257 271/271/271
f 256/256/256 271/271/271 270/270/270
f 257/257/257 258/258/258 272/272/272
f 257/257/257 272/272/272 271/271/271
f 258/258/258 259/259/259 273/273/273
f 258/258/258 273/273/273 272/272/272
f 259/259/259 260/260/260 274/274/274
f 259/259/259 274/274/274 273/273/273
f 260/260/260 261/261/261 275/275/275
f 260/260/260 275/275/275 274/274/274
f 261/261/261 262/262/262 276/276/276
f 261/261/261 276/276/276 275/275/275
f 262/262/262 263/263/263 277/277/277
f 262/262/262 277/277/277 276/276/276
f 263/263/263 264/264/264 278/278/278
f 263/263/263 278/278/278 277/277/277
f 264/264/264 265/265/265 279/279/279
f 264/264/264 279/279/279 278/278/278
f 265/265/265 266/266/266 280/280/280
f 265/265/265 280/280/280 279/279/279
f 266/266/266 267/267/267 281/281/281
f 266/266/266 281/281/281 280/280/280
f 267/267/267 268/268/268 282/282/282
f 267/267/267 282/282/282 281/281/281
f 268/268/268 255/255/255 269/269/269
f 268/268/268 269/269/269 282/282/282
f 269/269/269 270/270/270 284/284/284
f 269/269/269 284/284/284 283/283/283
f 270/270/270 271/271/271 285/285/285
f 270/270/270 285/285/285 284/284/284
f 271/271/271 272/272/272 286/286/286
f 271/271/271 286/286/286 285/285/285
f 272/272/272 273/273/273 287/287/287
f 272/272/272 287/287/287 286/286/286
f 273/273/273 274/274/274 288/288/288
f 273/273/273 288/288/288 287/287/287
f 274/274/274 275/275/275 289/289/289
f 274/274/274 289/289/289 288/288/288
f 275/275/275 276/276/276 290/290/290
f 275/275/275 290/290/290 289/289/289
f 276/276/276 277/277/277 291/291/291
f 276/276/276 291/291/291 290/290/290
f 277/277/277 278/278/278 292/292/292
f 277/277/277 292/292/292 291/291/291
f 278/278/278 279/279/279 293/293/293
f 278/278/278 293/293/293 292/292/292
f 279/279/279 280/280/280 294/294/294
f 279/279/279 294/294/294 293/293/293
f 280/280/280 281/281/281 295/295/295
f 280/280/280 295/295/295 294/294/294
f 281/281/281 282/282/282 296/296/296
f 281/281/281 296/296/296 295/295/295
f 282/282/282 269/269/269 283/283/283
f 282/282/282 283/283/283 296/296/296
f 283/283/283 284/284/284 298/298/298
f 283/283/283 298/298/298 297/297/297
f 284/284/284 285/285/285 299/299/299
f 284/284/284 299/299/299 298/298/298
f 285/285/285 286/286/286 300/300/300
f 285/285/285 300/300/300 299/299/299
f 286/286/286 287/287/287 301/301/301
f 286/286/286 301/301/301 300/300/300
f 287/287/287 288/288/288 302/302/302
f 287/287/287 302/302/302 301/301/301
f 288/288/288 289/289/289 303/303/303
f 288/288/288 303/303/303 302/302/302
f 289/289/289 290/290/290 304/304/304
f 289/289/289 304/304/304 303/303/303
f 290/290/290 291/291/291 305/305/305
f 290/290/290 305/305/305 304/304/304
f 291/291/291 292/292/292 306/306/306
f 291/291/291 306/306/306 305/305/305
f 292/292/292 293/293/293 307/307/307
f 292/292/292 307/307/307 306/306/306
f 293/293/293 294/294/294 308/308/308
f 293/293/293 308/308/308 307/307/307
f 294/294/294 295/295/295 309/309/309
f 294/294/294 309/309/309 308/308/308
f 295/295/295 296/296/296 310/310/310
f 295/295/295 310/310/310 309/309/309
f 296/296/296 283/283/283 297/297/297
f 296/296/296 297/297/297 310/310/310
f 297/297/297 298/298/298 312/312/312
f 297/297/297 312/312/312 311/311/311
f 298/298/298 299/299/299 313/313/313
f 298/298/298 313/313/313 312/312/312
f 299/299/299 300/300/300 314/314/314
f 299/299/299 314/314/314 313/313/313
f 300/300/300 301/301/301 315/315/315
f 300/300/300 315/315/315 314/314/314
f 301/301/301 302/302/302 316/316/316
f 301/301/301 316/316/316 315/315/315
f 302/302/302 303/303/303 317/317/317
f 302/302/302 317/317/317 316/316/316
f 303/303/303 304/304/304 318/318/318
f 303/303/303 318/318/318 317/317/317
f 304/304/304 305/305/305 319/319/319
f 304/304/304 319/319/319 318/318/318
f 305/305/305 306/306/306 320/320/320
f 305/305/305 320/320/320 319/319/319
f 306/306/306 307/307/307 321/321/321
f 306/306/306 321/321/321 320/320/320
f 307/307/307 308/308/308 322/322/322
f 307/307/307 322/322/322 321/321/321
f 308/308/308 309/309/309 323/323/323
f 308/308/308 323/323/323 322/322/322
f 309/309/309 310/310/310 324/324/324
f 309/309/309 324/324/324 323/323/323
f 310/310/310 297/297/297 311/311/311
f 310/310/310 311/311/311 324/324/324
f 311/311/311 312/312/312 326/326/326
f 311/311/311 326/326/326 325/325/325
f 312/312/312 313/313/313 327/327/327
f 312/312/312 327/327/327 326/326/326
f 313/313/313 314/314/314 328/328/328
f 313/313/313 328/328/328 327/327/327
f 314/314/314 315/315/315 329/329/329
f 314/314/314 329/329/329 328/328/328
f 315/315/315 316/316/316 330/330/330
f 315/315/315 330/330/330 329/329/329
f 316/316/316 317/317/317 331/331/331
f 316/316/316 331/331/331 330/330/330
f 317/317/317 318/318/318 332/332/332
f 317/317/317 332/332/332 331/331/331
f 318/318/318 319/319/319 333/333/333
f 318/318/318 333/333/333 332/332/332
f 319/319/319 320/320/320 334/334/334
f 319/319/319 334/334/334 333/333/333
f 320/320/320 321/321/321 335/335/335
f 320/320/320 335/335/335 334/334/334
f 321/321/321 322/322/322 336/336/336
f 321/321/321 336/336/336 335/335/335
f 322/322/322 323/323/323 337/337/337
f 322/322/322 337/337/337 336/336/336
f 323/323/323 324/324/324 338/338/338
f 323/323/323 338/338/338 337/337/337
f 324/324/324 311/311/311 325/325/325
f 324/324/324 325/325/325 338/338/338
f 325/325/325 326/326/326 340/340/340
f 325/325/325 340/340/340 339/339/339
f 326/326/326 327/327/327 341/341/341
f 326/326/326 341/341/341 340/340/340
f 327/327/327 328/328/328 342/342/342
f 327/327/327 342/342/342 341/341/341
f 328/328/328 329/329/329 343/343/343
f 328/328/328 343/343/343 342/342/342
f 329/329/329 330/330/330 344/344/344
f 329/329/329 344/344/344 343/343/343
f 330/330/330 331/331/331 345/345/345
f 330/330/330 345/345/345 344/344/344
f 331/331/331 332/332/332 346/346/346
f 331/331/331 346/346/346 345/345/345
f 332/332/332 333/333/333 347/347/347
f 332/332/332 347/347/347 346/346/346
f 333/333/333 334/334/334 348/348/348
f 333/333/333 348/348/348 347/347/347
f 334/334/334 335/335/335 349/349/349
f 334/334/334 349/349/349 348/348/348
f 335/335/335 336/336/336 350/350/350
f 335/335/335 350/350/350 349/349/349
f 336/336/336 337/337/337 351/351/351
f 336/336/336 351/351/351 350/350/350
f 337/337/337 338/338/338 352/352/352
f 337/337/337 352/352/352 351/351/351
f 338/338/338 325/325/325 339/339/339
f 338/338/338 339/339/339 352/352/352
f 339/339/339 340/340/340 354/354/354
f 339/339/339 354/354/354 353/353/353
f 340/340/340 341/341/341 355/355/355
f 340/340/340 355/355/355 354/354/354
f 341/341/341 342/342/342 356/356/356
f 341/341/341 356/356/356 355/355/355
f 342/342/342 343/343/343 357/357/357
f 342/342/342 357/357/357 356/356/356
f 343/343/343 344/344/344 358/358/358
f 343/343/343 358/358/358 357/357/357
f 344/344/344 345/345/345 359/359/359
f 344/344/344 359/359/359 358/358/358
f 345/345/345 346/346/346 360/360/360
f 345/345/345 360/360/360 359/359/359
f 346/346/346 347/347/347 361/361/361
f 346/346/346 361/361/361 360/360/360
f 347/347/347 348/348/348 362/362/362
f 347/347/347 362/362/362 361/361/361
f 348/348/348 349/349/349 363/363/363
f 348/348/348 363/363/363 362/362/362
f 349/349/349 350/350/350 364/364/364
f 349/349/349 364/364/364 363/363/363
f 350/350/350 351/351/351 365/365/365
f 350/350/350 365/365/365 364/364/364
f 351/351/351 352/352/352 366/366/366
f 351/351/351 366/366/366 365/365/365
f 352/352/352 339/339/339 353/353/353
f 352/352/352 353/353/353 366/366/366
f 353/353/353 354/354/354 368/368/368
f 353/353/353 368/368/368 367/367/367
f 354/354/354 355/355/355 369/369/369
f 354/354/354 369/369/369 368/368/368
f 355/355/355 356/356/356 370/370/370
f 355/355/355 370/370/370 369/369/369
f 356/356/356 357/357/357 371/371/371
f 356/356/356 371/371/371 370/370/370
f 357/357/357 358/358/358 372/372/372
f 357/357/357 372/372/372 371/371/371
f 358/358/358 359/359/359 373/373/373
f 358/358/358 373/373/373 372/372/372
f 359/359/359 360/360/360 374/374/374
f 359/359/359 374/374/374 373/373/373
f 360/360/360 361/361/361 375/375/375
f 360/360/360 375/375/375 374/374/374
f 361/361/361 362/362/362 376/376/376
f 361/361/361 376/376/376 375/375/375
f 362/362/362 363/363/363 377/377/377
f 362/362/362 377/377/377 376/376/376
f 363/363/363 364/364/364 378/378/378
f 363/363/363 378/378/378 377/377/377
f 364/364/364 365/365/365 379/379/379
f 364/364/364 379/379/379 378/378/378
f 365/365/365 366/366/366 380/380/380
f 365/365/365 380/380/380 379/379/379
f 366/366/366 353/353/353 367/367/367
f 366/366/366 367/367/367 380/380/380
usemtl Jacket
f 381/381/381 382/382/382 394/394/394
f 381/381/381 394/394/394 393/393/393
f 382/382/382 383/383/383 395/395/395
f 382/382/382 395/395/395 394/394/394
f 383/383/383 384/384/384 396/396/396
f 383/383/383 396/396/396 395/395/395
f 384/384/384 385/385/385 397/397/397
f 384/384/384 397/397/397 396/396/396
f 385/385/385 386/386/386 398/398/398
f 385/385/385 398/398/398 397/397/397
f 386/386/386 387/387/387 399/399/399
f 386/386/386 399/399/399 398/398/398
f 387/387/387 388/388/388 400/400/400
f 387/387/387 400/400/400 399/399/399
f 388/388/388 389/389/389 401/401/401
f 388/388/388 401/401/401 400/400/400
f 389/389/389 390/390/390 402/402/402
f 389/389/389 402/402/402 401/401/401
f 390/390/390 391/391/391 403/403/403
f 390/390/390 403/403/403 402/402/402
f 391/391/391 392/392/392 404/404/404
f 391/391/391 404/404/404 403/403/403
f 392/392/392 381/381/381 393/393/393
f 392/392/392 393/393/393 404/404/404
f 393/393/393 394/394/394 406/406/406
f 393/393/393 406/406/406 405/405/405
f 394/394/394 395/395/395 407/407/407
f 394/394/394 407/407/407 406/406/406
f 395/395/395 396/396/396 408/408/408
f 395/395/395 408/408/408 407/407/407
f 396/396/396 397/397/397 409/409/409
f 396/396/396 409/409/409 408/408/408
f 397/397/397 398/398/398 410/410/410
f 397/397/397 410/410/410 409/409/409
f 398/398/398 399/399/399 411/411/411
f 398/398/398 411/411/411 410/410/410
f 399/399/399 400/400/400 412/412/412
f 399/399/399 412/412/412 411/411/411
f 400/400/400 401/401/401 413/413/413
f 400/400/400 413/413/413 412/412/412
f 401/401/401 402/402/402 414/414/414
f 401/401/401 414/414/414 413/413/413
f 402/402/402 403/403/403 415/415/415
f 402/402/402 415/415/415 414/414/414
f 403/403/403 404/404/404 416/416/416
f 403/403/403 416/416/416 415/415/415
f 404/404/404 393/393/393 405/405/405
f 404/404/404 405/405/405 416/416/416
f 405/405/405 406/406/406 418/418/418
f 405/405/405 418/418/418 417/417/417
f 406/406/406 407/407/407 419/419/419
f 406/406/406 419/419/419 418/418/418
f 407/407/407 408/408/408 420/420/420
f 407/407/407 420/420/420 419/419/419
f 408/408/408 409/409/409 421/421/421
f 408/408/408 421/421/421 420/420/420
f 409/409/409 410/410/410 422/422/422
f 409/409/409 422/422/422 421/421/421
f 410/410/410 411/411/411 423/423/423
f 410/410/410 423/423/423 422/422/422
f 411/411/411 412/412/412 424/424/424
f 411/411/411 424/424/424 423/423/423
f 412/412/412 413/413/413 425/425/425
f 412/412/412 425/425/425 424/424/424
f 413/413/413 414/414/414 426/426/426
f 413/413/413 426/426/426 425/425/425
f 414/414/414 415/415/415 427/427/427
f 414/414/414 427/427/427 426/426/426
f 415/415/415 416/416/416 428/428/428
f 415/415/415 428/428/428 427/427/427
f 416/416/416 405/405/405 417/417/417
f 416/416/416 417/417/417 428/428/428
f 417/417/417 418/418/418 430/430/430
f 417/417/417 430/430/430 429/429/429
f 418/418/418 419/419/419 431/431/431
f 418/418/418 431/431/431 430/430/430
f 419/419/419 420/420/420 432/432/432
f 419/419/419 432/432/432 431/431/431
f 420/420/420 421/421/421 433/433/433
f 420/420/420 433/433/433 432/432/432
f 421/421/421 422/422/422 434/434/434
f 421/421/421 434/434/434 433/433/433
f 422/422/422 423/423/423 435/435/435
f 422/422/422 435/435/435 434/434/434
f 423/423/423 424/424/424 436/436/436
f 423/423/423 436/436/436 435/435/435
f 424/424/424 425/425/425 437/437/437
f 424/424/424 437/437/437 436/436/436
f 425/425/425 426/426/426 438/438/438
f 425/425/425 438/438/438 437/437/437
f 426/426/426 427/427/427 439/439/439
f 426/426/426 439/439/439 438/438/438
f 427/427/427 428/428/428 440/440/440
f 427/427/427 440/440/440 439/439/439
f 428/428/428 417/417/417 429/429/429
f 428/428/428 429/429/429 440/440/440
f 429/429/429 430/430/430 442/442/442
f 429/429/429 442/442/442 441/441/441
f 430/430/430 431/431/431 443/443/443
f 430/430/430 443/443/443 442/442/442
f 431/431/431 432/432/432 444/444/444
f 431/431/431 444/444/444 443/443/443
f 432/432/432 433/433/433 445/445/445
f 432/432/432 445/445/445 444/444/444
f 433/433/433 434/434/434 446/446/446
f 433/433/433 446/446/446 445/445/445
f 434/434/434 435/435/435 447/447/447
f 434/434/434 447/447/447 446/446/446
f 435/435/435 436/436/436 448/448/448
f 435/435/435 448/448/448 447/447/447
f 436/436/436 437/437/437 449/449/449
f 436/436/436 449/449/449 448/448/448
f 437/437/437 438/438/438 450/450/450
f 437/437/437 450/450/450 449/449/449
f 438/438/438 439/439/439 451/451/451
f 438/438/438 451/451/451 450/450/450
f 439/439/439 440/440/440 452/452/452
f 439/439/439 452/452/452 451/451/451
f 440/440/440 429/429/429 441/441/441
f 440/440/440 441/441/441 452/452/452
f 441/441/441 442/442/442 454/454/454
f 441/441/441 454/454/454 453/453/453
f 442/442/442 443/443/443 455/455/455
f 442/442/442 455/455/455 454/454/454
f 443/443/443 444/444/444 456/456/456
f 443/443/443 456/456/456 455/455/455
f 444/444/444 445/445/445 457/457/457
f 444/444/444 457/457/457 456/456/456
f 445/445/445 446/446/446 458/458/458
f 445/445/445 458/458/458 457/457/457
f 446/446/446 447/447/447 459/459/459
f 446/446/446 459/459/459 458/458/458
f 447/447/447 448/448/448 460/460/460
f 447/447/447 460/460/460 459/459/459
f 448/448/448 449/449/449 461/461/461
f 448/448/448 461/461/461 460/460/460
f 449/449/449 450/450/450 462/462/462
f 449/449/449 462/462/462 461/461/461
f 450/450/450 451/451/451 463/463/463
f 450/450/450 463/463/463 462/462/462
f 451/451/451 452/452/452 464/464/464
f 451/451/451 464/464/464 463/463/463
f 452/452/452 441/441/441 453/453/453
f 452/452/452 453/453/453 464/464/464
f 453/453/453 454/454/454 466/466/466
f 453/453/453 466/466/466 465/465/465
f 454/454/454 455/455/455 467/467/467
f 454/454/454 467/467/467 466/466/466
f 455/455/455 456/456/456 468/468/468
f 455/455/455 468/468/468 467/467/467
f 456/456/456 457/457/457 469/469/469
f 456/456/456 469/469/469 468/468/468
f 457/457/457 458/458/458 470/470/470
f 457/457/457 470/470/470 469/469/469
f 458/458/458 459/459/459 471/471/471
f 458/458/458 471/471/471 470/470/470
f 459/459/459 460/460/460 472/472/472
f 459/459/459 472/472/472 471/471/471
f 460/460/460 461/461/461 473/473/473
f 460/460/460 473/473/473 472/472/472
f 461/461/461 462/462/462 474/474/474
f 461/461/461 474/474/474 473/473/473
f 462/462/462 463/463/463 475/475/475
f 462/462/462 475/475/475 474/474/474
f 463/463/463 464/464/464 476/476/476
f 463/463/463 476/476/476 475/475/475
f 464/464/464 453/453/453 465/465/465
f 464/464/464 465/465/465 476/476/476
f 465/465/465 466/466/466 478/478/478
f 465/465/465 478/478/478 477/477/477
f 466/466/466 467/467/467 479/479/479
f 466/466/466 479/479/479 478/478/478
f 467/467/467 468/468/468 480/480/480
f 467/467/467 480/480/480 479/479/479
f 468/468/468 469/469/469 481/481/481
f 468/468/468 481/481/481 480/480/480
f 469/469/469 470/470/470 482/482/482
f 469/469/469 482/482/482 481/481/481
f 470/470/470 471/471/471 483/483/483
f 470/470/470 483/483/483 482/482/482
f 471/471/471 472/472/472 484/484/484
f 471/471/471 484/484/484 483/483/483
f 472/472/472 473/473/473 485/485/485
f 472/472/472 485/485/485 484/484/484
f 473/473/473 474/474/474 486/486/486
f 473/473/473 486/486/486 485/485/485
f 474/474/474 475/475/475 487/487/487
f 474/474/474 487/487/487 486/486/486
f 475/475/475 476/476/476 488/488/488
f 475/475/475 488/488/488 487/487/487
f 476/476/476 465/465/465 477/477/477
f 476/476/476 477/477/477 488/488/488
f 477/477/477 478/478/478 490/490/490
f 477/477/477 490/490/490 489/489/489
f 478/478/478 479/479/479 491/491/491
f 478/478/478 491/491/491 490/490/490
f 479/479/479 480/480/480 492/492/492
f 479/479/479 492/492/492 491/491/491
f 480/480/480 481/481/481 493/493/493
f 480/480/480 493/493/493 492/492/492
f 481/481/481 482/482/482 494/494/494
f 481/481/481 494/494/494 493/493/493
f 482/482/482 483/483/483 495/495/495
f 482/482/482 495/495/495 494/494/494
f 483/483/483 484/484/484 496/496/496
f 483/483/483 496/496/496 495/495/495
f 484/484/484 485/485/485 497/497/497
f 484/484/484 497/497/497 496/496/496
f 485/485/485 486/486/486 498/498/498
f 485/485/485 498/498/498 497/497/497
f 486/486/486 487/487/487 499/499/499
f 486/486/486 499/499/499 498/498/498
f 487/487/487 488/488/488 500/500/500
f 487/487/487 500/500/500 499/499/499
f 488/488/488 477/477/477 489/489/489
f 488/488/488 489/489/489 500/500/500
f 489/489/489 490/490/490 502/502/502
f 489/489/489 502/502/502 501/501/501
f 490/490/490 491/491/491 503/503/503
f 490/490/490 503/503/503 502/502/502
f 491/491/491 492/492/492 504/504/504
f 491/491/491 504/504/504 503/503/503
f 492/492/492 493/493/493 505/505/505
f 492/492/492 505/505/505 504/504/504
f 493/493/493 494/494/494 506/506/506
f 493/493/493 506/506/506 505/505/505
f 494/494/494 495/495/495 507/507/507
f 494/494/494 507/507/507 506/506/506
f 495/495/495 496/496/496 508/508/508
f 495/495/495 508/508/508 507/507/507
f 496/496/496 497/497/497 509/509/509
f 496/496/496 509/509/509 508/508/508
f 497/497/497 498/498/498 510/510/510
f 497/497/497 510/510/510 509/509/509
f 498/498/498 499/499/499 511/511/511
f 498/498/498 511/511/511 510/510/510
f 499/499/499 500/500/500 512/512/512
f 499/499/499 512/512/512 511/511/511
f 500/500/500 489/489/489 501/501/501
f 500/500/500 501/501/501 512/512/512
usemtl Jacket
f 513/513/513 514/514/514 526/526/526
f 513/513/513 526/526/526 525/525/525
f 514/514/514 515/515/515 527/527/527
f 514/514/514 527/527/527 526/526/526
f 515/515/515 516/516/516 528/528/528
f 515/515/515 528/528/528 527/527/527
f 516/516/516 517/517/517 529/529/529
f 516/516/516 529/529/529 528/528/528
f 517/517/517 518/518/518 530/530/530
f 517/517/517 530/530/530 529/529/529
f 518/518/518 519/519/519 531/531/531
f 518/518/518 531/531/531 530/530/530
f 519/519/519 520/520/520 532/532/532
f 519/519/519 532/532/532 531/531/531
f 520/520/520 521/521/521 533/533/533
f 520/520/520 533/533/533 532/532/532
f 521/521/521 522/522/522 534/534/534
f 521/521/521 534/534/534 533/533/533
f 522/522/522 523/523/523 535/535/535
f 522/522/522 535/535/535 534/534/534
f 523/523/523 524/524/524 536/536/536
f 523/523/523 536/536/536 535/535/535
f 524/524/524 513/513/513 525/525/525
f 524/524/524 525/525/525 536/536/536
f 525/525/525 526/526/526 538/538/538
f 525/525/525 538/538/538 537/537/537
f 526/526/526 527/527/527 539/539/539
f 526/526/526 539/539/539 538/538/538
f 527/527/527 528/528/528 540/540/540
f 527/527/527 540/540/540 539/539/539
f 528/528/528 529/529/529 541/541/541
f 528/528/528 541/541/541 540/540/540
f 529/529/529 530/530/530 542/542/542
f 529/529/529 542/542/542 541/541/541
f 530/530/530 531/531/531 543/543/543
f 530/530/530 543/543/543 542/542/542
f 531/531/531 532/532/532 544/544/544
f 531/531/531 544/544/544 543/543/543
f 532/532/532 533/533/533 545/545/545
f 532/532/532 545/545/545 544/544/544
f 533/533/533 534/534/534 546/546/546
f 533/533/533 546/546/546 545/545/545
f 534/534/534 535/535/535 547/547/547
f 534/534/534 547/547/547 546/546/546
f 535/535/535 536/536/536 548/548/548
f 535/535/535 548/548/548 547/547/547
f 536/536/536 525/525/525 537/537/537
f 536/536/536 537/537/537 548/548/548
f 537/537/537 538/538/538 550/550/550
f 537/537/537 550/550/550 549/549/549
f 538/538/538 539/539/539 551/551/551
f 538/538/538 551/551/551 550/550/550
f 539/539/539 540/540/540 552/552/552
f 539/539/539 552/552/552 551/551/551
f 540/540/540 541/541/541 553/553/553
f 540/540/540 553/553/553 552/552/552
f 541/541/541 542/542/542 554/554/554
f 541/541/541 554/554/554 553/553/553
f 542/542/542 543/543/543 555/555/555
f 542/542/542 555/555/555 554/554/554
f 543/543/543 544/544/544 556/556/556
f 543/543/543 556/556/556 555/555/555
f 544/544/544 545/545/545 557/557/557
f 544/544/544 557/557/557 556/556/556
f 545/545/545 546/546/546 558/558/558
f 545/545/545 558/558/558 557/557/557
f 546/546/546 547/547/547 559/559/559
f 546/546/546 559/559/559 558/558/558
f 547/547/547 548/548/548 560/560/560
f 547/547/547 560/560/560 559/559/559
f 548/548/548 537/537/537 549/549/549
f 548/548/548 549/549/549 560/560/560
f 549/549/549 550/550/550 562/562/562
f 549/549/549 562/562/562 561/561/561
f 550/550/550 551/551/551 563/563/563
f 550/550/550 563/563/563 562/562/562
f 551/551/551 552/552/552 564/564/564
f 551/551/551 564/564/564 563/563/563
f 552/552/552 553/553/553 565/565/565
f 552/552/552 565/565/565 564/564/564
f 553/553/553 554/554/554 566/566/566
f 553/553/553 566/566/566 565/565/565
f 554/554/554 555/555/555 567/567/567
f 554/554/554 567/567/567 566/566/566
f 555/555/555 556/556/556 568/568/568
f 555/555/555 568/568/568 567/567/567
f 556/556/556 557/557/557 569/569/569
f 556/556/556 569/569/569 568/568/568
f 557/557/557 558/558/558 570/570/570
f 557/557/557 570/570/570 569/569/569
f 558/558/558 559/559/559 571/571/571
f 558/558/558 571/571/571 570/570/570
f 559/559/559 560/560/560 572/572/572
f 559/559/559 572/572/572 571/571/571
f 560/560/560 549/549/549 561/561/561
f 560/560/560 561/561/561 572/572/572
f 561/561/561 562/562/562 574/574/574
f 561/561/561 574/574/574 573/573/573
f 562/562/562 563/563/563 575/575/575
f 562/562/562 575/575/575 574/574/574
f 563/563/563 564/564/564 576/576/576
f 563/563/563 576/576/576 575/575/575
f 564/564/564 565/565/565 577/577/577
f 564/564/564 577/577/577 576/576/576
f 565/565/565 566/566/566 578/578/578
f 565/565/565 578/578/578 577/577/577
f 566/566/566 567/567/567 579/579/579
f 566/566/566 579/579/579 578/578/578
f 567/567/567 568/568/568 580/580/580
f 567/567/567 580/580/580 579/579/579
f 568/568/568 569/569/569 581/581/581
f 568/568/568 581/581/581 580/580/580
f 569/569/569 570/570/570 582/582/582
f 569/569/569 582/582/582 581/581/581
f 570/570/570 571/571/571 583/583/583
f 570/570/570 583/583/583 582/582/582
f 571/571/571 572/572/572 584/584/584
f 571/571/571 584/584/584 583/583/583
f 572/572/572 561/561/561 573/573/573
f 572/572/572 573/573/573 584/584/584
f 573/573/573 574/574/574 586/586/586
f 573/573/573 586/586/586 585/585/585
f 574/574/574 575/575/575 587/587/587
f 574/574/574 587/587/587 586/586/586
f 575/575/575 576/576/576 588/588/588
f 575/575/575 588/588/588 587/587/587
f 576/576/576 577/577/577 589/589/589
f 576/576/576 589/589/589 588/588/588
f 577/577/577 578/578/578 590/590/590
f 577/577/577 590/590/590 589/589/589
f 578/578/578 579/579/579 591/591/591
f 578/578/578 591/591/591 590/590/590
f 579/579/579 580/580/580 592/592/592
f 579/579/579 592/592/592 591/591/591
f 580/580/580 581/581/581 593/593/593
f 580/580/580 593/593/593 592/592/592
f 581/581/581 582/582/582 594/594/594
f 581/581/581 594/594/594 593/593/593
f 582/582/582 583/583/583 595/595/595
f 582/582/582 595/595/595 594/594/594
f 583/583/583 584/584/584 596/596/596
f 583/583/583 596/596/596 595/595/595
f 584/584/584 573/573/573 585/585/585
f 584/584/584 585/585/585 596/596/596
f 585/585/585 586/586/586 598/598/598
f 585/585/585 598/598/598 597/597/597
f 586/586/586 587/587/587 599/599/599
f 586/586/586 599/599/599 598/598/598
f 587/587/587 588/588/588 600/600/600
f 587/587/587 600/600/600 599/599/599
f 588/588/588 589/589/589 601/601/601
f 588/588/588 601/601/601 600/600/600
f 589/589/589 590/590/590 602/602/602
f 589/589/589 602/602/602 601/601/601
f 590/590/590 591/591/591 603/603/603
f 590/590/590 603/603/603 602/602/602
f 591/591/591 592/592/592 604/604/604
f 591/591/591 604/604/604 603/603/603
f 592/592/592 593/593/593 605/605/605
f 592/592/592 605/605/605 604/604/604
f 593/593/593 594/594/594 606/606/606
f 593/593/593 606/606/606 605/605/605
f 594/594/594 595/595/595 607/607/607
f 594/594/594 607/607/607 606/606/606
f 595/595/595 596/596/596 608/608/608
f 595/595/595 608/608/608 607/607/607
f 596/596/596 585/585/585 597/597/597
f 596/596/596 597/597/597 608/608/608
f 597/597/597 598/598/598 610/610/610
f 597/597/597 610/610/610 609/609/609
f 598/598/598 599/599/599 611/611/611
f 598/598/598 611/611/611 610/610/610
f 599/599/599 600/600/600 612/612/612
f 599/599/599 612/612/612 611/611/611
f 600/600/600 601/601/601 613/613/613
f 600/600/600 613/613/613 612/612/612
f 601/601/601 602/602/602 614/614/614
f 601/601/601 614/614/614 613/613/613
f 602/602/602 603/603/603 615/615/615
f 602/602/602 615/615/615 614/614/614
f 603/603/603 604/604/604 616/616/616
f 603/603/603 616/616/616 615/615/615
f 604/604/604 605/605/605 617/617/617
f 604/604/604 617/617/617 616/616/616
f 605/605/605 606/606/606 618/618/618
f 605/605/605 618/618/618 617/617/617
f 606/606/606 607/607/607 619/619/619
f 606/606/606 619/619/619 618/618/618
f 607/607/607 608/608/608 620/620/620
f 607/607/607 620/620/620 619/619/619
f 608/608/608 597/597/597 609/609/609
f 608/608/608 609/609/609 620/620/620
f 609/609/609 610/610/610 622/622/622
f 609/609/609 622/622/622 621/621/621
f 610/610/610 611/611/611 623/623/623
f 610/610/610 623/623/623 622/622/622
f 611/611/611 612/612/612 624/624/624
f 611/611/611 624/624/624 623/623/623
f 612/612/612 613/613/613 625/625/625
f 612/612/612 625/625/625 624/624/624
f 613/613/613 614/614/614 626/626/626
f 613/613/613 626/626/626 625/625/625
f 614/614/614 615/615/615 627/627/627
f 614/614/614 627/627/627 626/626/626
f 615/615/615 616/616/616 628/628/628
f 615/615/615 628/628/628 627/627/627
f 616/616/616 617/617/617 629/629/629
f 616/616/616 629/629/629 628/628/628
f 617/617/617 618/618/618 630/630/630
f 617/617/617 630/630/630 629/629/629
f 618/618/618 619/619/619 631/631/631
f 618/618/618 631/631/631 630/630/630
f 619/619/619 620/620/620 632/632/632
f 619/619/619 632/632/632 631/631/631
f 620/620/620 609/609/609 621/621/621
f 620/620/620 621/621/621 632/632/632
f 621/621/621 622/622/622 634/634/634
f 621/621/621 634/634/634 633/633/633
f 622/622/622 623/623/623 635/635/635
f 622/622/622 635/635/635 634/634/634
f 623/623/623 624/624/624 636/636/636
f 623/623/623 636/636/636 635/635/635
f 624/624/624 625/625/625 637/637/637
f 624/624/624 637/637/637 636/636/636
f 625/625/625 626/626/626 638/638/638
f 625/625/625 638/638/638 637/637/637
f 626/626/626 627/627/627 639/639/639
f 626/626/626 639/639/639 638/638/638
f 627/627/627 628/628/628 640/640/640
f 627/627/627 640/640/640 639/639/639
f 628/628/628 629/629/629 641/641/641
f 628/628/628 641/641/641 640/640/640
f 629/629/629 630/630/630 642/642/642
f 629/629/629 642/642/642 641/641/641
f 630/630/630 631/631/631 643/643/643
f 630/630/630 643/643/643 642/642/642
f 631/631/631 632/632/632 644/644/644
f 631/631/631 644/644/644 643/643/643
f 632/632/632 621/621/621 633/633/633
f 632/632/632 633/633/633 644/644/644
usemtl Jacket
f 645/645/645 646/646/646 654/654/654
f 645/645/645 654/654/654 653/653/653
f 646/646/646 647/647/647 655/655/655
f 646/646/646 655/655/655 654/654/654
f 647/647/647 648/648/648 656/656/656
f 647/647/647 656/656/656 655/655/655
f 648/648/648 649/649/649 657/657/657
f 648/648/648 657/657/657 656/656/656
f 649/649/649 650/650/650 658/658/658
f 649/649/649 658/658/658 657/657/657
f 650/650/650 651/651/651 659/659/659
f 650/650/650 659/659/659 658/658/658
f 651/651/651 652/652/652 660/660/660
f 651/651/651 660/660/660 659/659/659
f 652/652/652 645/645/645 653/653/653
f 652/652/652 653/653/653 660/660/660
f 653/653/653 654/654/654 662/662/662
f 653/653/653 662/662/662 661/661/661
f 654/654/654 655/655/655 663/663/663
f 654/654/654 663/663/663 662/662/662
f 655/655/655 656/656/656 664/664/664
f 655/655/655 664/664/664 663/663/663
f 656/656/656 657/657/657 665/665/665
f 656/656/656 665/665/665 664/664/664
f 657/657/657 658/658/658 666/666/666
f 657/657/657 666/666/666 665/665/665
f 658/658/658 659/659/659 667/667/667
f 658/658/658 667/667/667 666/666/666
f 659/659/659 660/660/660 668/668/668
f 659/659/659 668/668/668 667/667/667
f 660/660/660 653/653/653 661/661/661
f 660/660/660 661/661/661 668/668/668
f 661/661/661 662/662/662 670/670/670
f 661/661/661 670/670/670 669/669/669
f 662/662/662 663/663/663 671/671/671
f 662/662/662 671/671/671 670/670/670
f 663/663/663 664/664/664 672/672/672
f 663/663/663 672/672/672 671/671/671
f 664/664/664 665/665/665 673/673/673
f 664/664/664 673/673/673 672/672/672
f 665/665/665 666/666/666 674/674/674
f 665/665/665 674/674/674 673/673/673
f 666/666/666 667/667/667 675/675/675
f 666/666/666 675/675/675 674/674/674
f 667/667/667 668/668/668 676/676/676
f 667/667/667 676/676/676 675/675/675
f 668/668/668 661/661/661 669/669/669
f 668/668/668 669/669/669 676/676/676
f 669/669/669 670/670/670 678/678/678
f 669/669/669 678/678/678 677/677/677
f 670/670/670 671/671/671 679/679/679
f 670/670/670 679/679/679 678/678/678
f 671/671/671 672/672/672 680/680/680
f 671/671/671 680/680/680 679/679/679
f 672/672/672 673/673/673 681/681/681
f 672/672/672 681/681/681 680/680/680
f 673/673/673 674/674/674 682/682/682
f 673/673/673 682/682/682 681/681/681
f 674/674/674 675/675/675 683/683/683
f 674/674/674 683/683/683 682/682/682
f 675/675/675 676/676/676 684/684/684
f 675/675/675 684/684/684 683/683/683
f 676/676/676 669/669/669 677/677/677
f 676/676/676 677/677/677 684/684/684
f 677/677/677 678/678/678 686/686/686
f 677/677/677 686/686/686 685/685/685
f 678/678/678 679/679/679 687/687/687
f 678/678/678 687/687/687 686/686/686
f 679/679/679 680/680/680 688/688/688
f 679/679/679 688/688/688 687/687/687
f 680/680/680 681/681/681 689/689/689
f 680/680/680 689/689/689 688/688/688
f 681/681/681 682/682/682 690/690/690
f 681/681/681 690/690/690 689/689/689
f 682/682/682 683/683/683 691/691/691
f 682/682/682 691/691/691 690/690/690
f 683/683/683 684/684/684 692/692/692
f 683/683/683 692/692/692 691/691/691
f 684/684/684 677/677/677 685/685/685
f 684/684/684 685/685/685 692/692/692
usemtl Jacket
f 693/693/693 694/694/694 702/702/702
f 693/693/693 702/702/702 701/701/701
f 694/694/694 695/695/695 703/703/703
f 694/694/694 703/703/703 702/702/702
f 695/695/695 696/696/696 704/704/704
f 695/695/695 704/704/704 703/703/703
f 696/696/696 697/697/697 705/705/705
f 696/696/696 705/705/705 704/704/704
f 697/697/697 698/698/698 706/706/706
f 697/697/697 706/706/706 705/705/705
f 698/698/698 699/699/699 707/707/707
f 698/698/698 707/707/707 706/706/706
f 699/699/699 700/700/700 708/708/708
f 699/699/699 708/708/708 707/707/707
f 700/700/700 693/693/693 701/701/701
f 700/700/700 701/701/701 708/708/708
f 701/701/701 702/702/702 710/710/710
f 701/701/701 710/710/710 709/709/709
f 702/702/702 703/703/703 711/711/711
f 702/702/702 711/711/711 710/710/710
f 703/703/703 704/704/704 712/712/712
f 703/703/703 712/712/712 711/711/711
f 704/704/704 705/705/705 713/713/713
f 704/704/704 713/713/713 712/712/712
f 705/705/705 706/706/706 714/714/714
f 705/705/705 714/714/714 713/713/713
f 706/706/706 707/707/707 715/715/715
f 706/706/706 715/715/715 714/714/714
f 707/707/707 708/708/708 716/716/716
f 707/707/707 716/716/716 715/715/715
f 708/708/708 701/701/701 709/709/709
f 708/708/708 709/709/709 716/716/716
f 709/709/709 710/710/710 718/718/718
f 709/709/709 718/718/718 717/717/717
f 710/710/710 711/711/711 719/719/719
f 710/710/710 719/719/719 718/718/718
f 711/711/711 712/712/712 720/720/720
f 711/711/711 720/720/720 719/719/719
f 712/712/712 713/713/713 721/721/721
f 712/712/712 721/721/721 720/720/720
f 713/713/713 714/714/714 722/722/722
f 713/713/713 722/722/722 721/721/721
f 714/714/714 715/715/715 723/723/723
f 714/714/714 723/723/723 722/722/722
f 715/715/715 716/716/716 724/724/724
f 715/715/715 724/724/724 723/723/723
f 716/716/716 709/709/709 717/717/717
f 716/716/716 717/717/717 724/724/724
f 717/717/717 718/718/718 726/726/726
f 717/717/717 726/726/726 725/725/725
f 718/718/718 719/719/719 727/727/727
f 718/718/718 727/727/727 726/726/726
f 719/719/719 720/720/720 728/728/728
f 719/719/719 728/728/728 727/727/727
f 720/720/720 721/721/721 729/729/729
f 720/720/720 729/729/729 728/728/728
f 721/721/721 722/722/722 730/730/730
f 721/721/721 730/730/730 729/729/729
f 722/722/722 723/723/723 731/731/731
f 722/722/722 731/731/731 730/730/730
f 723/723/723 724/724/724 732/732/732
f 723/723/723 732/732/732 731/731/731
f 724/724/724 717/717/717 725/725/725
f 724/724/724 725/725/725 732/732/732
f 725/725/725 726/726/726 734/734/734
f 725/725/725 734/734/734 733/733/733
f 726/726/726 727/727/727 735/735/735
f 726/726/726 735/735/735 734/734/734
f 727/727/727 728/728/728 736/736/736
f 727/727/727 736/736/736 735/735/735
f 728/728/728 729/729/729 737/737/737
f 728/728/728 737/737/737 736/736/736
f 729/729/729 730/730/730 738/738/738
f 729/729/729 738/738/738 737/737/737
f 730/730/730 731/731/731 739/739/739
f 730/730/730 739/739/739 738/738/738
f 731/731/731 732/732/732 740/740/740
f 731/731/731 740/740/740 739/739/739
f 732/732/732 725/725/725 733/733/733
f 732/732/732 733/733/733 740/740/740
usemtl Belt
f 741/741/741 742/742/742 750/750/750
f 741/741/741 750/750/750 749/749/749
f 742/742/742 743/743/743 751/751/751
f 742/742/742 751/751/751 750/750/750
f 743/743/743 744/744/744 752/752/752
f 743/743/743 752/752/752 751/751/751
f 744/744/744 745/745/745 753/753/753
f 744/744/744 753/753/753 752/752/752
f 745/745/745 746/746/746 754/754/754
f 745/745/745 754/754/754 753/753/753
f 746/746/746 747/747/747 755/755/755
f 746/746/746 755/755/755 754/754/754
f 747/747/747 748/748/748 756/756/756
f 747/747/747 756/756/756 755/755/755
f 748/748/748 741/741/741 749/749/749
f 748/748/748 749/749/749 756/756/756
f 749/749/749 750/750/750 758/758/758
f 749/749/749 758/758/758 757/757/757
f 750/750/750 751/751/751 759/759/759
f 750/750/750 759/759/759 758/758/758
f 751/751/751 752/752/752 760/760/760
f 751/751/751 760/760/760 759/759/759
f 752/752/752 753/753/753 761/761/761
f 752/752/752 761/761/761 760/760/760
f 753/753/753 754/754/754 762/762/762
f 753/753/753 762/762/762 761/761/761
f 754/754/754 755/755/755 763/763/763
f 754/754/754 763/763/763 762/762/762
f 755/755/755 756/756/756 764/764/764
f 755/755/755 764/764/764 763/763/763
f 756/756/756 749/749/749 757/757/757
f 756/756/756 757/757/757 764/764/764
f 757/757/757 758/758/758 766/766/766
f 757/757/757 766/766/766 765/765/765
f 758/758/758 759/759/759 767/767/767
f 758/758/758 767/767/767 766/766/766
f 759/759/759 760/760/760 768/768/768
f 759/759/759 768/768/768 767/767/767
f 760/760/760 761/761/761 769/769/769
f 760/760/760 769/769/769 768/768/768
f 761/761/761 762/762/762 770/770/770
f 761/761/761 770/770/770 769/769/769
f 762/762/762 763/763/763 771/771/771
f 762/762/762 771/771/771 770/770/770
f 763/763/763 764/764/764 772/772/772
f 763/763/763 772/772/772 771/771/771
f 764/764/764 757/757/757 765/765/765
f 764/764/764 765/765/765 772/772/772
f 765/765/765 766/766/766 774/774/774
f 765/765/765 774/774/774 773/773/773
f 766/766/766 767/767/767 775/775/775
f 766/766/766 775/775/775 774/774/774
f 767/767/767 768/768/768 776/776/776
f 767/767/767 776/776/776 775/775/775
f 768/768/768 769/769/769 777/777/777
f 768/768/768 777/777/777 776/776/776
f 769/769/769 770/770/770 778/778/778
f 769/769/769 778/778/778 777/777/777
f 770/770/770 771/771/771 779/779/779
f 770/770/770 779/779/779 778/778/778
f 771/771/771 772/772/772 780/780/780
f 771/771/771 780/780/780 779/779/779
f 772/772/772 765/765/765 773/773/773
f 772/772/772 773/773/773 780/780/780
usemtl Jacket
f 781/781/781 782/782/782 790/790/790
f 781/781/781 790/790/790 789/789/789
f 782/782/782 783/783/783 791/791/791
f 782/782/782 791/791/791 790/790/790
f 783/783/783 784/784/784 792/792/792
f 783/783/783 792/792/792 791/791/791
f 784/784/784 785/785/785 793/793/793
f 784/784/784 793/793/793 792/792/792
f 785/785/785 786/786/786 794/794/794
f 785/785/785 794/794/794 793/793/793
f 786/786/786 787/787/787 795/795/795
f 786/786/786 795/795/795 794/794/794
f 787/787/787 788/788/788 796/796/796
f 787/787/787 796/796/796 795/795/795
f 788/788/788 781/781/781 789/789/789
f 788/788/788 789/789/789 796/796/796
f 789/789/789 790/790/790 798/798/798
f 789/789/789 798/798/798 797/797/797
f 790/790/790 791/791/791 799/799/799
f 790/790/790 799/799/799 798/798/798
f 791/791/791 792/792/792 800/800/800
f 791/791/791 800/800/800 799/799/799
f 792/792/792 793/793/793 801/801/801
f 792/792/792 801/801/801 800/800/800
f 793/793/793 794/794/794 802/802/802
f 793/793/793 802/802/802 801/801/801
f 794/794/794 795/795/795 803/803/803
f 794/794/794 803/803/803 802/802/802
f 795/795/795 796/796/796 804/804/804
f 795/795/795 804/804/804 803/803/803
f 796/796/796 789/789/789 797/797/797
f 796/796/796 797/797/797 804/804/804
f 797/797/797 798/798/798 806/806/806
f 797/797/797 806/806/806 805/805/805
f 798/798/798 799/799/799 807/807/807
f 798/798/798 807/807/807 806/806/806
f 799/799/799 800/800/800 808/808/808
f 799/799/799 808/808/808 807/807/807
f 800/800/800 801/801/801 809/809/809
f 800/800/800 809/809/809 808/808/808
f 801/801/801 802/802/802 810/810/810
f 801/801/801 810/810/810 809/809/809
f 802/802/802 803/803/803 811/811/811
f 802/802/802 811/811/811 810/810/810
f 803/803/803 804/804/804 812/812/812
f 803/803/803 812/812/812 811/811/811
f 804/804/804 797/797/797 805/805/805
f 804/804/804 805/805/805 812/812/812
f 805/805/805 806/806/806 814/814/814
f 805/805/805 814/814/814 813/813/813
f 806/806/806 807/807/807 815/815/815
f 806/806/806 815/815/815 814/814/814
f 807/807/807 808/808/808 816/816/816
f 807/807/807 816/816/816 815/815/815
f 808/808/808 809/809/809 817/817/817
f 808/808/808 817/817/817 816/816/816
f 809/809/809 810/810/810 818/818/818
f 809/809/809 818/818/818 817/817/817
f 810/810/810 811/811/811 819/819/819
f 810/810/810 819/819/819 818/818/818
f 811/811/811 812/812/812 820/820/820
f 811/811/811 820/820/820 819/819/819
f 812/812/812 805/805/805 813/813/813
f 812/812/812 813/813/813 820/820/820
f 813/813/813 814/814/814 822/822/822
f 813/813/813 822/822/822 821/821/821
f 814/814/814 815/815/815 823/823/823
f 814/814/814 823/823/823 822/822/822
f 815/815/815 816/816/816 824/824/824
f 815/815/815 824/824/824 823/823/823
f 816/816/816 817/817/817 825/825/825
f 816/816/816 825/825/825 824/824/824
f 817/817/817 818/818/818 826/826/826
f 817/817/817 826/826/826 825/825/825
f 818/818/818 819/819/819 827/827/827
f 818/818/818 827/827/827 826/826/826
f 819/819/819 820/820/820 828/828/828
f 819/819/819 828/828/828 827/827/827
f 820/820/820 813/813/813 821/821/821
f 820/820/820 821/821/821 828/828/828
usemtl Buckle
f 829/829/829 830/830/830 835/835/835
f 829/829/829 835/835/835 834/834/834
f 830/830/830 831/831/831 836/836/836
f 830/830/830 836/836/836 835/835/835
f 831/831/831 832/832/832 837/837/837
f 831/831/831 837/837/837 836/836/836
f 832/832/832 833/833/833 838/838/838
f 832/832/832 838/838/838 837/837/837
f 833/833/833 829/829/829 834/834/834
f 833/833/833 834/834/834 838/838/838
f 834/834/834 835/835/835 840/840/840
f 834/834/834 840/840/840 839/839/839
f 835/835/835 836/836/836 841/841/841
f 835/835/835 841/841/841 840/840/840
f 836/836/836 837/837/837 842/842/842
f 836/836/836 842/842/842 841/841/841
f 837/837/837 838/838/838 843/843/843
f 837/837/837 843/843/843 842/842/842
f 838/838/838 834/834/834 839/839/839
f 838/838/838 839/839/839 843/843/843
f 839/839/839 840/840/840 845/845/845
f 839/839/839 845/845/845 844/844/844
f 840/840/840 841/841/841 846/846/846
f 840/840/840 846/846/846 845/845/845
f 841/841/841 842/842/842 847/847/847
f 841/841/841 847/847/847 846/846/846
f 842/842/842 843/843/843 848/848/848
f 842/842/842 848/848/848 847/847/847
f 843/843/843 839/839/839 844/844/844
f 843/843/843 844/844/844 848/848/848
usemtl Buckle
f 849/849/849 850/850/850 855/855/855
f 849/849/849 855/855/855 854/854/854
f 850/850/850 851/851/851 856/856/856
f 850/850/850 856/856/856 855/855/855
f 851/851/851 852/852/852 857/857/857
f 851/851/851 857/857/857 856/856/856
f 852/852/852 853/853/853 858/858/858
f 852/852/852 858/858/858 857/857/857
f 853/853/853 849/849/849 854/854/854
f 853/853/853 854/854/854 858/858/858
f 854/854/854 855/855/855 860/860/860
f 854/854/854 860/860/860 859/859/859
f 855/855/855 856/856/856 861/861/861
f 855/855/855 861/861/861 860/860/860
f 856/856/856 857/857/857 862/862/862
f 856/856/856 862/862/862 861/861/861
f 857/857/857 858/858/858 863/863/863
f 857/857/857 863/863/863 862/862/862
f 858/858/858 854/854/854 859/859/859
f 858/858/858 859/859/859 863/863/863
f 859/859/859 860/860/860 865/865/865
f 859/859/859 865/865/865 864/864/864
f 860/860/860 861/861/861 866/866/866
f 860/860/860 866/866/866 865/865/865
f 861/861/861 862/862/862 867/867/867
f 861/861/861 867/867/867 866/866/866
f 862/862/862 863/863/863 868/868/868
f 862/862/862 868/868/868 867/867/867
f 863/863/863 859/859/859 864/864/864
f 863/863/863 864/864/864 868/868/868
usemtl Buckle
f 869/869/869 870/870/870 875/875/875
f 869/869/869 875/875/875 874/874/874
f 870/870/870 871/871/871 876/876/876
f 870/870/870 876/876/876 875/875/875
f 871/871/871 872/872/872 877/877/877
f 871/871/871 877/877/877 876/876/876
f 872/872/872 873/873/873 878/878/878
f 872/872/872 878/878/878 877/877/877
f 873/873/873 869/869/869 874/874/874
f 873/873/873 874/874/874 878/878/878
f 874/874/874 875/875/875 880/880/880
f 874/874/874 880/880/880 879/879/879
f 875/875/875 876/876/876 881/881/881
f 875/875/875 881/881/881 880/880/880
f 876/876/876 877/877/877 882/882/882
f 876/876/876 882/882/882 881/881/881
f 877/877/877 878/878/878 883/883/883
f 877/877/877 883/883/883 882/882/882
f 878/878/878 874/874/874 879/879/879
f 878/878/878 879/879/879 883/883/883
f 879/879/879 880/880/880 885/885/885
f 879/879/879 885/885/885 884/884/884
f 880/880/880 881/881/881 886/886/886
f 880/880/880 886/886/886 885/885/885
f 881/881/881 882/882/882 887/887/887
f 881/881/881 887/887/887 886/886/886
f 882/882/882 883/883/883 888/888/888
f 882/882/882 888/888/888 887/887/887
f 883/883/883 879/879/879 884/884/884
f 883/883/883 884/884/884 888/888/888
usemtl Buckle
f 889/889/889 890/890/890 895/895/895
f 889/889/889 895/895/895 894/894/894
f 890/890/890 891/891/891 896/896/896
f 890/890/890 896/896/896 895/895/895
f 891/891/891 892/892/892 897/897/897
f 891/891/891 897/897/897 896/896/896
f 892/892/892 893/893/893 898/898/898
f 892/892/892 898/898/898 897/897/897
f 893/893/893 889/889/889 894/894/894
f 893/893/893 894/894/894 898/898/898
f 894/894/894 895/895/895 900/900/900
f 894/894/894 900/900/900 899/899/899
f 895/895/895 896/896/896 901/901/901
f 895/895/895 901/901/901 900/900/900
f 896/896/896 897/897/897 902/902/902
f 896/896/896 902/902/902 901/901/901
f 897/897/897 898/898/898 903/903/903
f 897/897/897 903/903/903 902/902/902
f 898/898/898 894/894/894 899/899/899
f 898/898/898 899/899/899 903/903/903
f 899/899/899 900/900/900 905/905/905
f 899/899/899 905/905/905 904/904/904
f 900/900/900 901/901/901 906/906/906
f 900/900/900 906/906/906 905/905/905
f 901/901/901 902/902/902 907/907/907
f 901/901/901 907/907/907 906/906/906
f 902/902/902 903/903/903 908/908/908
f 902/902/902 908/908/908 907/907/907
f 903/903/903 899/899/899 904/904/904
f 903/903/903 904/904/904 908/908/908
usemtl Skin
f 909/909/909 910/910/910 918/918/918
f 909/909/909 918/918/918 917/917/917
f 910/910/910 911/911/911 919/919/919
f 910/910/910 919/919/919 918/918/918
f 911/911/911 912/912/912 920/920/920
f 911/911/911 920/920/920 919/919/919
f 912/912/912 913/913/913 921/921/921
f 912/912/912 921/921/921 920/920/920
f 913/913/913 914/914/914 922/922/922
f 913/913/913 922/922/922 921/921/921
f 914/914/914 915/915/915 923/923/923
f 914/914/914 923/923/923 922/922/922
f 915/915/915 916/916/916 924/924/924
f 915/915/915 924/924/924 923/923/923
f 916/916/916 909/909/909 917/917/917
f 916/916/916 917/917/917 924/924/924
f 917/917/917 918/918/918 926/926/926
f 917/917/917 926/926/926 925/925/925
f 918/918/918 919/919/919 927/927/927
f 918/918/918 927/927/927 926/926/926
f 919/919/919 920/920/920 928/928/928
f 919/919/919 928/928/928 927/927/927
f 920/920/920 921/921/921 929/929/929
f 920/920/920 929/929/929 928/928/928
f 921/921/921 922/922/922 930/930/930
f 921/921/921 930/930/930 929/929/929
f 922/922/922 923/923/923 931/931/931
f 922/922/922 931/931/931 930/930/930
f 923/923/923 924/924/924 932/932/932
f 923/923/923 932/932/932 931/931/931
f 924/924/924 917/917/917 925/925/925
f 924/924/924 925/925/925 932/932/932
f 925/925/925 926/926/926 934/934/934
f 925/925/925 934/934/934 933/933/933
f 926/926/926 927/927/927 935/935/935
f 926/926/926 935/935/935 934/934/934
f 927/927/927 928/928/928 936/936/936
f 927/927/927 936/936/936 935/935/935
f 928/928/928 929/929/929 937/937/937
f 928/928/928 937/937/937 936/936/936
f 929/929/929 930/930/930 938/938/938
f 929/929/929 938/938/938 937/937/937
f 930/930/930 931/931/931 939/939/939
f 930/930/930 939/939/939 938/938/938
f 931/931/931 932/932/932 940/940/940
f 931/931/931 940/940/940 939/939/939
f 932/932/932 925/925/925 933/933/933
f 932/932/932 933/933/933 940/940/940
f 933/933/933 934/934/934 942/942/942
f 933/933/933 942/942/942 941/941/941
f 934/934/934 935/935/935 943/943/943
f 934/934/934 943/943/943 942/942/942
f 935/935/935 936/936/936 944/944/944
f 935/935/935 944/944/944 943/943/943
f 936/936/936 937/937/937 945/945/945
f 936/936/936 945/945/945 944/944/944
f 937/937/937 938/938/938 946/946/946
f 937/937/937 946/946/946 945/945/945
f 938/938/938 939/939/939 947/947/947
f 938/938/938 947/947/947 946/946/946
f 939/939/939 940/940/940 948/948/948
f 939/939/939 948/948/948 947/947/947
f 940/940/940 933/933/933 941/941/941
f 940/940/940 941/941/941 948/948/948
f 941/941/941 942/942/942 950/950/950
f 941/941/941 950/950/950 949/949/949
f 942/942/942 943/943/943 951/951/951
f 942/942/942 951/951/951 950/950/950
f 943/943/943 944/944/944 952/952/952
f 943/943/943 952/952/952 951/951/951
f 944/944/944 945/945/945 953/953/953
f 944/944/944 953/953/953 952/952/952
f 945/945/945 946/946/946 954/954/954
f 945/945/945 954/954/954 953/953/953
f 946/946/946 947/947/947 955/955/955
f 946/946/946 955/955/955 954/954/954
f 947/947/947 948/948/948 956/956/956
f 947/947/947 956/956/956 955/955/955
f 948/948/948 941/941/941 949/949/949
f 948/948/948 949/949/949 956/956/956
f 949/949/949 950/950/950 958/958/958
f 949/949/949 958/958/958 957/957/957
f 950/950/950 951/951/951 959/959/959
f 950/950/950 959/959/959 958/958/958
f 951/951/951 952/952/952 960/960/960
f 951/951/951 960/960/960 959/959/959
f 952/952/952 953/953/953 961/961/961
f 952/952/952 961/961/961 960/960/960
f 953/953/953 954/954/954 962/962/962
f 953/953/953 962/962/962 961/961/961
f 954/954/954 955/955/955 963/963/963
f 954/954/954 963/963/963 962/962/962
f 955/955/955 956/956/956 964/964/964
f 955/955/955 964/964/964 963/963/963
f 956/956/956 949/949/949 957/957/957
f 956/956/956 957/957/957 964/964/964
f 957/957/957 958/958/958 966/966/966
f 957/957/957 966/966/966 965/965/965
f 958/958/958 959/959/959 967/967/967
f 958/958/958 967/967/967 966/966/966
f 959/959/959 960/960/960 968/968/968
f 959/959/959 968/968/968 967/967/967
f 960/960/960 961/961/961 969/969/969
f 960/960/960 969/969/969 968/968/968
f 961/961/961 962/962/962 970/970/970
f 961/961/961 970/970/970 969/969/969
f 962/962/962 963/963/963 971/971/971
f 962/962/962 971/971/971 970/970/970
f 963/963/963 964/964/964 972/972/972
f 963/963/963 972/972/972 971/971/971
f 964/964/964 957/957/957 965/965/965
f 964/964/964 965/965/965 972/972/972
f 965/965/965 966/966/966 974/974/974
f 965/965/965 974/974/974 973/973/973
f 966/966/966 967/967/967 975/975/975
f 966/966/966 975/975/975 974/974/974
f 967/967/967 968/968/968 976/976/976
f 967/967/967 976/976/976 975/975/975
f 968/968/968 969/969/969 977/977/977
f 968/968/968 977/977/977 976/976/976
f 969/969/969 970/970/970 978/978/978
f 969/969/969 978/978/978 977/977/977
f 970/970/970 971/971/971 979/979/979
f 970/970/970 979/979/979 978/978/978
f 971/971/971 972/972/972 980/980/980
f 971/971/971 980/980/980 979/979/979
f 972/972/972 965/965/965 973/973/973
f 972/972/972 973/973/973 980/980/980
f 973/973/973 974/974/974 982/982/982
f 973/973/973 982/982/982 981/981/981
f 974/974/974 975/975/975 983/983/983
f 974/974/974 983/983/983 982/982/982
f 975/975/975 976/976/976 984/984/984
f 975/975/975 984/984/984 983/983/983
f 976/976/976 977/977/977 985/985/985
f 976/976/976 985/985/985 984/984/984
f 977/977/977 978/978/978 986/986/986
f 977/977/977 986/986/986 985/985/985
f 978/978/978 979/979/979 987/987/987
f 978/978/978 987/987/987 986/986/986
f 979/979/979 980/980/980 988/988/988
f 979/979/979 988/988/988 987/987/987
f 980/980/980 973/973/973 981/981/981
f 980/980/980 981/981/981 988/988/988
usemtl Skin
f 989/989/989 990/990/990 1008/1008/1008
f 989/989/989 1008/1008/1008 1007/1007/1007
f 990/990/990 991/991/991 1009/1009/1009
f 990/990/990 1009/1009/1009 1008/1008/1008
f 991/991/991 992/992/992 1010/1010/1010
f 991/991/991 1010/1010/1010 1009/1009/1009
f 992/992/992 993/993/993 1011/1011/1011
f 992/992/992 1011/1011/1011 1010/1010/1010
f 993/993/993 994/994/994 1012/1012/1012
f 993/993/993 1012/1012/1012 1011/1011/1011
f 994/994/994 995/995/995 1013/1013/1013
f 994/994/994 1013/1013/1013 1012/1012/1012
f 995/995/995 996/996/996 1014/1014/1014
f 995/995/995 1014/1014/1014 1013/1013/1013
f 996/996/996 997/997/997 1015/1015/1015
f 996/996/996 1015/1015/1015 1014/1014/1014
f 997/997/997 998/998/998 1016/1016/1016
f 997/997/997 1016/1016/1016 1015/1015/1015
f 998/998/998 999/999/999 1017/1017/1017
f 998/998/998 1017/1017/1017 1016/1016/1016
f 999/999/999 1000/1000/1000 1018/1018/1018
f 999/999/999 1018/1018/1018 1017/1017/1017
f 1000/1000/1000 1001/1001/1001 1019/1019/1019
f 1000/1000/1000 1019/1019/1019 1018/1018/1018
f 1001/1001/1001 1002/1002/1002 1020/1020/1020
f 1001/1001/1001 1020/1020/1020 1019/1019/1019
f 1002/1002/1002 1003/1003/1003 1021/1021/1021
f 1002/1002/1002 1021/1021/1021 1020/1020/1020
f 1003/1003/1003 1004/1004/1004 1022/1022/1022
f 1003/1003/1003 1022/1022/1022 1021/1021/1021
f 1004/1004/1004 1005/1005/1005 1023/1023/1023
f 1004/1004/1004 1023/1023/1023 1022/1022/1022
f 1005/1005/1005 1006/1006/1006 1024/1024/1024
f 1005/1005/1005 1024/1024/1024 1023/1023/1023
f 1006/1006/1006 989/989/989 1007/1007/1007
f 1006/1006/1006 1007/1007/1007 1024/1024/1024
f 1007/1007/1007 1008/1008/1008 1026/1026/1026
f 1007/1007/1007 1026/1026/1026 1025/1025/1025
f 1008/1008/1008 1009/1009/1009 1027/1027/1027
f 1008/1008/1008 1027/1027/1027 1026/1026/1026
f 1009/1009/1009 1010/1010/1010 1028/1028/1028
f 1009/1009/1009 1028/1028/1028 1027/1027/1027
f 1010/1010/1010 1011/1011/1011 1029/1029/1029
f 1010/1010/1010 1029/1029/1029 1028/1028/1028
f 1011/1011/1011 1012/1012/1012 1030/1030/1030
f 1011/1011/1011 1030/1030/1030 1029/1029/1029
f 1012/1012/1012 1013/1013/1013 1031/1031/1031
f 1012/1012/1012 1031/1031/1031 1030/1030/1030
f 1013/1013/1013 1014/1014/1014 1032/1032/1032
f 1013/1013/1013 1032/1032/1032 1031/1031/1031
f 1014/1014/1014 1015/1015/1015 1033/1033/1033
f 1014/1014/1014 1033/1033/1033 1032/1032/1032
f 1015/1015/1015 1016/1016/1016 1034/1034/1034
f 1015/1015/1015 1034/1034/1034 1033/1033/1033
f 1016/1016/1016 1017/1017/1017 1035/1035/1035
f 1016/1016/1016 1035/1035/1035 1034/1034/1034
f 1017/1017/1017 1018/1018/1018 1036/1036/1036
f 1017/1017/1017 1036/1036/1036 1035/1035/1035
f 1018/1018/1018 1019/1019/1019 1037/1037/1037
f 1018/1018/1018 1037/1037/1037 1036/1036/1036
f 1019/1019/1019 1020/1020/1020 1038/1038/1038
f 1019/1019/1019 1038/1038/1038 1037/1037/1037
f 1020/1020/1020 1021/1021/1021 1039/1039/1039
f 1020/1020/1020 1039/1039/1039 1038/1038/1038
f 1021/1021/1021 1022/1022/1022 1040/1040/1040
f 1021/1021/1021 1040/1040/1040 1039/1039/1039
f 1022/1022/1022 1023/1023/1023 1041/1041/1041
f 1022/1022/1022 1041/1041/1041 1040/1040/1040
f 1023/1023/1023 1024/1024/1024 1042/1042/1042
f 1023/1023/1023 1042/1042/1042 1041/1041/1041
f 1024/1024/1024 1007/1007/1007 1025/1025/1025
f 1024/1024/1024 1025/1025/1025 1042/1042/1042
f 1025/1025/1025 1026/1026/1026 1044/1044/1044
f 1025/1025/1025 1044/1044/1044 1043/1043/1043
f 1026/1026/1026 1027/1027/1027 1045/1045/1045
f 1026/1026/1026 1045/1045/1045 1044/1044/1044
f 1027/1027/1027 1028/1028/1028 1046/1046/1046
f 1027/1027/1027 1046/1046/1046 1045/1045/1045
f 1028/1028/1028 1029/1029/1029 1047/1047/1047
f 1028/1028/1028 1047/1047/1047 1046/1046/1046
f 1029/1029/1029 1030/1030/1030 1048/1048/1048
f 1029/1029/1029 1048/1048/1048 1047/1047/1047
f 1030/1030/1030 1031/1031/1031 1049/1049/1049
f 1030/1030/1030 1049/1049/1049 1048/1048/1048
f 1031/1031/1031 1032/1032/1032 1050/1050/1050
f 1031/1031/1031 1050/1050/1050 1049/1049/1049
f 1032/1032/1032 1033/1033/1033 1051/1051/1051
f 1032/1032/1032 1051/1051/1051 1050/1050/1050
f 1033/1033/1033 1034/1034/1034 1052/1052/1052
f 1033/1033/1033 1052/1052/1052 1051/1051/1051
f 1034/1034/1034 1035/1035/1035 1053/1053/1053
f 1034/1034/1034 1053/1053/1053 1052/1052/1052
f 1035/1035/1035 1036/1036/1036 1054/1054/1054
f 1035/1035/1035 1054/1054/1054 1053/1053/1053
f 1036/1036/1036 1037/1037/1037 1055/1055/1055
f 1036/1036/1036 1055/1055/1055 1054/1054/1054
f 1037/1037/1037 1038/1038/1038 1056/1056/1056
f 1037/1037/1037 1056/1056/1056 1055/1055/1055
f 1038/1038/1038 1039/1039/1039 1057/1057/1057
f 1038/1038/1038 1057/1057/1057 1056/1056/1056
f 1039/1039/1039 1040/1040/1040 1058/1058/1058
f 1039/1039/1039 1058/1058/1058 1057/1057/1057
f 1040/1040/1040 1041/1041/1041 1059/1059/1059
f 1040/1040/1040 1059/1059/1059 1058/1058/1058
f 1041/1041/1041 1042/1042/1042 1060/1060/1060
f 1041/1041/1041 1060/1060/1060 1059/1059/1059
f 1042/1042/1042 1025/1025/1025 1043/1043/1043
f 1042/1042/1042 1043/1043/1043 1060/1060/1060
f 1043/1043/1043 1044/1044/1044 1062/1062/1062
f 1043/1043/1043 1062/1062/1062 1061/1061/1061
f 1044/1044/1044 1045/1045/1045 1063/1063/1063
f 1044/1044/1044 1063/1063/1063 1062/1062/1062
f 1045/1045/1045 1046/1046/1046 1064/1064/1064
f 1045/1045/1045 1064/1064/1064 1063/1063/1063
f 1046/1046/1046 1047/1047/1047 1065/1065/1065
f 1046/1046/1046 1065/1065/1065 1064/1064/1064
f 1047/1047/1047 1048/1048/1048 1066/1066/1066
f 1047/1047/1047 1066/1066/1066 1065/1065/1065
f 1048/1048/1048 1049/1049/1049 1067/1067/1067
f 1048/1048/1048 1067/1067/1067 1066/1066/1066
f 1049/1049/1049 1050/1050/1050 1068/1068/1068
f 1049/1049/1049 1068/1068/1068 1067/1067/1067
f 1050/1050/1050 1051/1051/1051 1069/1069/1069
f 1050/1050/1050 1069/1069/1069 1068/1068/1068
f 1051/1051/1051 1052/1052/1052 1070/1070/1070
f 1051/1051/1051 1070/1070/1070 1069/1069/1069
f 1052/1052/1052 1053/1053/1053 1071/1071/1071
f 1052/1052/1052 1071/1071/1071 1070/1070/1070
f 1053/1053/1053 1054/1054/1054 1072/1072/1072
f 1053/1053/1053 1072/1072/1072 1071/1071/1071
f 1054/1054/1054 1055/1055/1055 1073/1073/1073
f 1054/1054/1054 1073/1073/1073 1072/1072/1072
f 1055/1055/1055 1056/1056/1056 1074/1074/1074
f 1055/1055/1055 1074/1074/1074 1073/1073/1073
f 1056/1056/1056 1057/1057/1057 1075/1075/1075
f 1056/1056/1056 1075/1075/1075 1074/1074/1074
f 1057/1057/1057 1058/1058/1058 1076/1076/1076
f 1057/1057/1057 1076/1076/1076 1075/1075/1075
f 1058/1058/1058 1059/1059/1059 1077/1077/1077
f 1058/1058/1058 1077/1077/1077 1076/1076/1076
f 1059/1059/1059 1060/1060/1060 1078/1078/1078
f 1059/1059/1059 1078/1078/1078 1077/1077/1077
f 1060/1060/1060 1043/1043/1043 1061/1061/1061
f 1060/1060/1060 1061/1061/1061 1078/1078/1078
f 1061/1061/1061 1062/1062/1062 1080/1080/1080
f 1061/1061/1061 1080/1080/1080 1079/1079/1079
f 1062/1062/1062 1063/1063/1063 1081/1081/1081
f 1062/1062/1062 1081/1081/1081 1080/1080/1080
f 1063/1063/1063 1064/1064/1064 1082/1082/1082
f 1063/1063/1063 1082/1082/1082 1081/1081/1081
f 1064/1064/1064 1065/1065/1065 1083/1083/1083
f 1064/1064/1064 1083/1083/1083 1082/1082/1082
f 1065/1065/1065 1066/1066/1066 1084/1084/1084
f 1065/1065/1065 1084/1084/1084 1083/1083/1083
f 1066/1066/1066 1067/1067/1067 1085/1085/1085
f 1066/1066/1066 1085/1085/1085 1084/1084/1084
f 1067/1067/1067 1068/1068/1068 1086/1086/1086
f 1067/1067/1067 1086/1086/1086 1085/1085/1085
f 1068/1068/1068 1069/1069/1069 1087/1087/1087
f 1068/1068/1068 1087/1087/1087 1086/1086/1086
f 1069/1069/1069 1070/1070/1070 1088/1088/1088
f 1069/1069/1069 1088/1088/1088 1087/1087/1087
f 1070/1070/1070 1071/1071/1071 1089/1089/1089
f 1070/1070/1070 1089/1089/1089 1088/1088/1088
f 1071/1071/1071 1072/1072/1072 1090/1090/1090
f 1071/1071/1071 1090/1090/1090 1089/1089/1089
f 1072/1072/1072 1073/1073/1073 1091/1091/1091
f 1072/1072/1072 1091/1091/1091 1090/1090/1090
f 1073/1073/1073 1074/1074/1074 1092/1092/1092
f 1073/1073/1073 1092/1092/1092 1091/1091/1091
f 1074/1074/1074 1075/1075/1075 1093/1093/1093
f 1074/1074/1074 1093/1093/1093 1092/1092/1092
f 1075/1075/1075 1076/1076/1076 1094/1094/1094
f 1075/1075/1075 1094/1094/1094 1093/1093/1093
f 1076/1076/1076 1077/1077/1077 1095/1095/1095
f 1076/1076/1076 1095/1095/1095 1094/1094/1094
f 1077/1077/1077 1078/1078/1078 1096/1096/1096
f 1077/1077/1077 1096/1096/1096 1095/1095/1095
f 1078/1078/1078 1061/1061/1061 1079/1079/1079
f 1078/1078/1078 1079/1079/1079 1096/1096/1096
f 1079/1079/1079 1080/1080/1080 1098/1098/1098
f 1079/1079/1079 1098/1098/1098 1097/1097/1097
f 1080/1080/1080 1081/1081/1081 1099/1099/1099
f 1080/1080/1080 1099/1099/1099 1098/1098/1098
f 1081/1081/1081 1082/1082/1082 1100/1100/1100
f 1081/1081/1081 1100/1100/1100 1099/1099/1099
f 1082/1082/1082 1083/1083/1083 1101/1101/1101
f 1082/1082/1082 1101/1101/1101 1100/1100/1100
f 1083/1083/1083 1084/1084/1084 1102/1102/1102
f 1083/1083/1083 1102/1102/1102 1101/1101/1101
f 1084/1084/1084 1085/1085/1085 1103/1103/1103
f 1084/1084/1084 1103/1103/1103 1102/1102/1102
f 1085/1085/1085 1086/1086/1086 1104/1104/1104
f 1085/1085/1085 1104/1104/1104 1103/1103/1103
f 1086/1086/1086 1087/1087/1087 1105/1105/1105
f 1086/1086/1086 1105/1105/1105 1104/1104/1104
f 1087/1087/1087 1088/1088/1088 1106/1106/1106
f 1087/1087/1087 1106/1106/1106 1105/1105/1105
f 1088/1088/1088 1089/1089/1089 1107/1107/1107
f 1088/1088/1088 1107/1107/1107 1106/1106/1106
f 1089/1089/1089 1090/1090/1090 1108/1108/1108
f 1089/1089/1089 1108/1108/1108 1107/1107/1107
f 1090/1090/1090 1091/1091/1091 1109/1109/1109
f 1090/1090/1090 1109/1109/1109 1108/1108/1108
f 1091/1091/1091 1092/1092/1092 1110/1110/1110
f 1091/1091/1091 1110/1110/1110 1109/1109/1109
f 1092/1092/1092 1093/1093/1093 1111/1111/1111
f 1092/1092/1092 1111/1111/1111 1110/1110/1110
f 1093/1093/1093 1094/1094/1094 1112/1112/1112
f 1093/1093/1093 1112/1112/1112 1111/1111/1111
f 1094/1094/1094 1095/1095/1095 1113/1113/1113
f 1094/1094/1094 1113/1113/1113 1112/1112/1112
f 1095/1095/1095 1096/1096/1096 1114/1114/1114
f 1095/1095/1095 1114/1114/1114 1113/1113/1113
f 1096/1096/1096 1079/1079/1079 1097/1097/1097
f 1096/1096/1096 1097/1097/1097 1114/1114/1114
f 1097/1097/1097 1098/1098/1098 1116/1116/1116
f 1097/1097/1097 1116/1116/1116 1115/1115/1115
f 1098/1098/1098 1099/1099/1099 1117/1117/1117
f 1098/1098/1098 1117/1117/1117 1116/1116/1116
f 1099/1099/1099 1100/1100/1100 1118/1118/1118
f 1099/1099/1099 1118/1118/1118 1117/1117/1117
f 1100/1100/1100 1101/1101/1101 1119/1119/1119
f 1100/1100/1100 1119/1119/1119 1118/1118/1118
f 1101/1101/1101 1102/1102/1102 1120/1120/1120
f 1101/1101/1101 1120/1120/1120 1119/1119/1119
f 1102/1102/1102 1103/1103/1103 1121/1121/1121
f 1102/1102/1102 1121/1121/1121 1120/1120/1120
f 1103/1103/1103 1104/1104/1104 1122/1122/1122
f 1103/1103/1103 1122/1122/1122 1121/1121/1121
f 1104/1104/1104 1105/1105/1105 1123/1123/1123
f 1104/1104/1104 1123/1123/1123 1122/1122/1122
f 1105/1105/1105 1106/1106/1106 1124/1124/1124
f 1105/1105/1105 1124/1124/1124 1123/1123/1123
f 1106/1106/1106 1107/1107/1107 1125/1125/1125
f 1106/1106/1106 1125/1125/1125 1124/1124/1124
f 1107/1107/1107 1108/1108/1108 1126/1126/1126
f 1107/1107/1107 1126/1126/1126 1125/1125/1125
f 1108/1108/1108 1109/1109/1109 1127/1127/1127
f 1108/1108/1108 1127/1127/1127 1126/1126/1126
f 1109/1109/1109 1110/1110/1110 1128/1128/1128
f 1109/1109/1109 1128/1128/1128 1127/1127/1127
f 1110/1110/1110 1111/1111/1111 1129/1129/1129
f 1110/1110/1110 1129/1129/1129 1128/1128/1128
f 1111/1111/1111 1112/1112/1112 1130/1130/1130
f 1111/1111/1111 1130/1130/1130 1129/1129/1129
f 1112/1112/1112 1113/1113/1113 1131/1131/1131
f 1112/1112/1112 1131/1131/1131 1130/1130/1130
f 1113/1113/1113 1114/1114/1114 1132/1132/1132
f 1113/1113/1113 1132/1132/1132 1131/1131/1131
f 1114/1114/1114 1097/1097/1097 1115/1115/1115
f 1114/1114/1114 1115/1115/1115 1132/1132/1132
f 1115/1115/1115 1116/1116/1116 1134/1134/1134
f 1115/1115/1115 1134/1134/1134 1133/1133/1133
f 1116/1116/1116 1117/1117/1117 1135/1135/1135
f 1116/1116/1116 1135/1135/1135 1134/1134/1134
f 1117/1117/1117 1118/1118/1118 1136/1136/1136
f 1117/1117/1117 1136/1136/1136 1135/1135/1135
f 1118/1118/1118 1119/1119/1119 1137/1137/1137
f 1118/1118/1118 1137/1137/1137 1136/1136/1136
f 1119/1119/1119 1120/1120/1120 1138/1138/1138
f 1119/1119/1119 1138/1138/1138 1137/1137/1137
f 1120/1120/1120 1121/1121/1121 1139/1139/1139
f 1120/1120/1120 1139/1139/1139 1138/1138/1138
f 1121/1121/1121 1122/1122/1122 1140/1140/1140
f 1121/1121/1121 1140/1140/1140 1139/1139/1139
f 1122/1122/1122 1123/1123/1123 1141/1141/1141
f 1122/1122/1122 1141/1141/1141 1140/1140/1140
f 1123/1123/1123 1124/1124/1124 1142/1142/1142
f 1123/1123/1123 1142/1142/1142 1141/1141/1141
f 1124/1124/1124 1125/1125/1125 1143/1143/1143
f 1124/1124/1124 1143/1143/1143 1142/1142/1142
f 1125/1125/1125 1126/1126/1126 1144/1144/1144
f 1125/1125/1125 1144/1144/1144 1143/1143/1143
f 1126/1126/1126 1127/1127/1127 1145/1145/1145
f 1126/1126/1126 1145/1145/1145 1144/1144/1144
f 1127/1127/1127 1128/1128/1128 1146/1146/1146
f 1127/1127/1127 1146/1146/1146 1145/1145/1145
f 1128/1128/1128 1129/1129/1129 1147/1147/1147
f 1128/1128/1128 1147/1147/1147 1146/1146/1146
f 1129/1129/1129 1130/1130/1130 1148/1148/1148
f 1129/1129/1129 1148/1148/1148 1147/1147/1147
f 1130/1130/1130 1131/1131/1131 1149/1149/1149
f 1130/1130/1130 1149/1149/1149 1148/1148/1148
f 1131/1131/1131 1132/1132/1132 1150/1150/1150
f 1131/1131/1131 1150/1150/1150 1149/1149/1149
f 1132/1132/1132 1115/1115/1115 1133/1133/1133
f 1132/1132/1132 1133/1133/1133 1150/1150/1150
f 1133/1133/1133 1134/1134/1134 1152/1152/1152
f 1133/1133/1133 1152/1152/1152 1151/1151/1151
f 1134/1134/1134 1135/1135/1135 1153/1153/1153
f 1134/1134/1134 1153/1153/1153 1152/1152/1152
f 1135/1135/1135 1136/1136/1136 1154/1154/1154
f 1135/1135/1135 1154/1154/1154 1153/1153/1153
f 1136/1136/1136 1137/1137/1137 1155/1155/1155
f 1136/1136/1136 1155/1155/1155 1154/1154/1154
f 1137/1137/1137 1138/1138/1138 1156/1156/1156
f 1137/1137/1137 1156/1156/1156 1155/1155/1155
f 1138/1138/1138 1139/1139/1139 1157/1157/1157
f 1138/1138/1138 1157/1157/1157 1156/1156/1156
f 1139/1139/1139 1140/1140/1140 1158/1158/1158
f 1139/1139/1139 1158/1158/1158 1157/1157/1157
f 1140/1140/1140 1141/1141/1141 1159/1159/1159
f 1140/1140/1140 1159/1159/1159 1158/1158/1158
f 1141/1141/1141 1142/1142/1142 1160/1160/1160
f 1141/1141/1141 1160/1160/1160 1159/1159/1159
f 1142/1142/1142 1143/1143/1143 1161/1161/1161
f 1142/1142/1142 1161/1161/1161 1160/1160/1160
f 1143/1143/1143 1144/1144/1144 1162/1162/1162
f 1143/1143/1143 1162/1162/1162 1161/1161/1161
f 1144/1144/1144 1145/1145/1145 1163/1163/1163
f 1144/1144/1144 1163/1163/1163 1162/1162/1162
f 1145/1145/1145 1146/1146/1146 1164/1164/1164
f 1145/1145/1145 1164/1164/1164 1163/1163/1163
f 1146/1146/1146 1147/1147/1147 1165/1165/1165
f 1146/1146/1146 1165/1165/1165 1164/1164/1164
f 1147/1147/1147 1148/1148/1148 1166/1166/1166
f 1147/1147/1147 1166/1166/1166 1165/1165/1165
f 1148/1148/1148 1149/1149/1149 1167/1167/1167
f 1148/1148/1148 1167/1167/1167 1166/1166/1166
f 1149/1149/1149 1150/1150/1150 1168/1168/1168
f 1149/1149/1149 1168/1168/1168 1167/1167/1167
f 1150/1150/1150 1133/1133/1133 1151/1151/1151
f 1150/1150/1150 1151/1151/1151 1168/1168/1168
f 1151/1151/1151 1152/1152/1152 1170/1170/1170
f 1151/1151/1151 1170/1170/1170 1169/1169/1169
f 1152/1152/1152 1153/1153/1153 1171/1171/1171
f 1152/1152/1152 1171/1171/1171 1170/1170/1170
f 1153/1153/1153 1154/1154/1154 1172/1172/1172
f 1153/1153/1153 1172/1172/1172 1171/1171/1171
f 1154/1154/1154 1155/1155/1155 1173/1173/1173
f 1154/1154/1154 1173/1173/1173 1172/1172/1172
f 1155/1155/1155 1156/1156/1156 1174/1174/1174
f 1155/1155/1155 1174/1174/1174 1173/1173/1173
f 1156/1156/1156 1157/1157/1157 1175/1175/1175
f 1156/1156/1156 1175/1175/1175 1174/1174/1174
f 1157/1157/1157 1158/1158/1158 1176/1176/1176
f 1157/1157/1157 1176/1176/1176 1175/1175/1175
f 1158/1158/1158 1159/1159/1159 1177/1177/1177
f 1158/1158/1158 1177/1177/1177 1176/1176/1176
f 1159/1159/1159 1160/1160/1160 1178/1178/1178
f 1159/1159/1159 1178/1178/1178 1177/1177/1177
f 1160/1160/1160 1161/1161/1161 1179/1179/1179
f 1160/1160/1160 1179/1179/1179 1178/1178/1178
f 1161/1161/1161 1162/1162/1162 1180/1180/1180
f 1161/1161/1161 1180/1180/1180 1179/1179/1179
f 1162/1162/1162 1163/1163/1163 1181/1181/1181
f 1162/1162/1162 1181/1181/1181 1180/1180/1180
f 1163/1163/1163 1164/1164/1164 1182/1182/1182
f 1163/1163/1163 1182/1182/1182 1181/1181/1181
f 1164/1164/1164 1165/1165/1165 1183/1183/1183
f 1164/1164/1164 1183/1183/1183 1182/1182/1182
f 1165/1165/1165 1166/1166/1166 1184/1184/1184
f 1165/1165/1165 1184/1184/1184 1183/1183/1183
f 1166/1166/1166 1167/1167/1167 1185/1185/1185
f 1166/1166/1166 1185/1185/1185 1184/1184/1184
f 1167/1167/1167 1168/1168/1168 1186/1186/1186
f 1167/1167/1167 1186/1186/1186 1185/1185/1185
f 1168/1168/1168 1151/1151/1151 1169/1169/1169
f 1168/1168/1168 1169/1169/1169 1186/1186/1186
f 1169/1169/1169 1170/1170/1170 1188/1188/1188
f 1169/1169/1169 1188/1188/1188 1187/1187/1187
f 1170/1170/1170 1171/1171/1171 1189/1189/1189
f 1170/1170/1170 1189/1189/1189 1188/1188/1188
f 1171/1171/1171 1172/1172/1172 1190/1190/1190
f 1171/1171/1171 1190/1190/1190 1189/1189/1189
f 1172/1172/1172 1173/1173/1173 1191/1191/1191
f 1172/1172/1172 1191/1191/1191 1190/1190/1190
f 1173/1173/1173 1174/1174/1174 1192/1192/1192
f 1173/1173/1173 1192/1192/1192 1191/1191/1191
f 1174/1174/1174 1175/1175/1175 1193/1193/1193
f 1174/1174/1174 1193/1193/1193 1192/1192/1192
f 1175/1175/1175 1176/1176/1176 1194/1194/1194
f 1175/1175/1175 1194/1194/1194 1193/1193/1193
f 1176/1176/1176 1177/1177/1177 1195/1195/1195
f 1176/1176/1176 1195/1195/1195 1194/1194/1194
f 1177/1177/1177 1178/1178/1178 1196/1196/1196
f 1177/1177/1177 1196/1196/1196 1195/1195/1195
f 1178/1178/1178 1179/1179/1179 1197/1197/1197
f 1178/1178/1178 1197/1197/1197 1196/1196/1196
f 1179/1179/1179 1180/1180/1180 1198/1198/1198
f 1179/1179/1179 1198/1198/1198 1197/1197/1197
f 1180/1180/1180 1181/1181/1181 1199/1199/1199
f 1180/1180/1180 1199/1199/1199 1198/1198/1198
f 1181/1181/1181 1182/1182/1182 1200/1200/1200
f 1181/1181/1181 1200/1200/1200 1199/1199/1199
f 1182/1182/1182 1183/1183/1183 1201/1201/1201
f 1182/1182/1182 1201/1201/1201 1200/1200/1200
f 1183/1183/1183 1184/1184/1184 1202/1202/1202
f 1183/1183/1183 1202/1202/1202 1201/1201/1201
f 1184/1184/1184 1185/1185/1185 1203/1203/1203
f 1184/1184/1184 1203/1203/1203 1202/1202/1202
f 1185/1185/1185 1186/1186/1186 1204/1204/1204
f 1185/1185/1185 1204/1204/1204 1203/1203/1203
f 1186/1186/1186 1169/1169/1169 1187/1187/1187
f 1186/1186/1186 1187/1187/1187 1204/1204/1204
f 1187/1187/1187 1188/1188/1188 1206/1206/1206
f 1187/1187/1187 1206/1206/1206 1205/1205/1205
f 1188/1188/1188 1189/1189/1189 1207/1207/1207
f 1188/1188/1188 1207/1207/1207 1206/1206/1206
f 1189/1189/1189 1190/1190/1190 1208/1208/1208
f 1189/1189/1189 1208/1208/1208 1207/1207/1207
f 1190/1190/1190 1191/1191/1191 1209/1209/1209
f 1190/1190/1190 1209/1209/1209 1208/1208/1208
f 1191/1191/1191 1192/1192/1192 1210/1210/1210
f 1191/1191/1191 1210/1210/1210 1209/1209/1209
f 1192/1192/1192 1193/1193/1193 1211/1211/1211
f 1192/1192/1192 1211/1211/1211 1210/1210/1210
f 1193/1193/1193 1194/1194/1194 1212/1212/1212
f 1193/1193/1193 1212/1212/1212 1211/1211/1211
f 1194/1194/1194 1195/1195/1195 1213/1213/1213
f 1194/1194/1194 1213/1213/1213 1212/1212/1212
f 1195/1195/1195 1196/1196/1196 1214/1214/1214
f 1195/1195/1195 1214/1214/1214 1213/1213/1213
f 1196/1196/1196 1197/1197/1197 1215/1215/1215
f 1196/1196/1196 1215/1215/1215 1214/1214/1214
f 1197/1197/1197 1198/1198/1198 1216/1216/1216
f 1197/1197/1197 1216/1216/1216 1215/1215/1215
f 1198/1198/1198 1199/1199/1199 1217/1217/1217
f 1198/1198/1198 1217/1217/1217 1216/1216/1216
f 1199/1199/1199 1200/1200/1200 1218/1218/1218
f 1199/1199/1199 1218/1218/1218 1217/1217/1217
f 1200/1200/1200 1201/1201/1201 1219/1219/1219
f 1200/1200/1200 1219/1219/1219 1218/1218/1218
f 1201/1201/1201 1202/1202/1202 1220/1220/1220
f 1201/1201/1201 1220/1220/1220 1219/1219/1219
f 1202/1202/1202 1203/1203/1203 1221/1221/1221
f 1202/1202/1202 1221/1221/1221 1220/1220/1220
f 1203/1203/1203 1204/1204/1204 1222/1222/1222
f 1203/1203/1203 1222/1222/1222 1221/1221/1221
f 1204/1204/1204 1187/1187/1187 1205/1205/1205
f 1204/1204/1204 1205/1205/1205 1222/1222/1222
f 1205/1205/1205 1206/1206/1206 1224/1224/1224
f 1205/1205/1205 1224/1224/1224 1223/1223/1223
f 1206/1206/1206 1207/1207/1207 1225/1225/1225
f 1206/1206/1206 1225/1225/1225 1224/1224/1224
f 1207/1207/1207 1208/1208/1208 1226/1226/1226
f 1207/1207/1207 1226/1226/1226 1225/1225/1225
f 1208/1208/1208 1209/1209/1209 1227/1227/1227
f 1208/1208/1208 1227/1227/1227 1226/1226/1226
f 1209/1209/1209 1210/1210/1210 1228/1228/1228
f 1209/1209/1209 1228/1228/1228 1227/1227/1227
f 1210/1210/1210 1211/1211/1211 1229/1229/1229
f 1210/1210/1210 1229/1229/1229 1228/1228/1228
f 1211/1211/1211 1212/1212/1212 1230/1230/1230
f 1211/1211/1211 1230/1230/1230 1229/1229/1229
f 1212/1212/1212 1213/1213/1213 1231/1231/1231
f 1212/1212/1212 1231/1231/1231 1230/1230/1230
f 1213/1213/1213 1214/1214/1214 1232/1232/1232
f 1213/1213/1213 1232/1232/1232 1231/1231/1231
f 1214/1214/1214 1215/1215/1215 1233/1233/1233
f 1214/1214/1214 1233/1233/1233 1232/1232/1232
f 1215/1215/1215 1216/1216/1216 1234/1234/1234
f 1215/1215/1215 1234/1234/1234 1233/1233/1233
f 1216/1216/1216 1217/1217/1217 1235/1235/1235
f 1216/1216/1216 1235/1235/1235 1234/1234/1234
f 1217/1217/1217 1218/1218/1218 1236/1236/1236
f 1217/1217/1217 1236/1236/1236 1235/1235/1235
f 1218/1218/1218 1219/1219/1219 1237/1237/1237
f 1218/1218/1218 1237/1237/1237 1236/1236/1236
f 1219/1219/1219 1220/1220/1220 1238/1238/1238
f 1219/1219/1219 1238/1238/1238 1237/1237/1237
f 1220/1220/1220 1221/1221/1221 1239/1239/1239
f 1220/1220/1220 1239/1239/1239 1238/1238/1238
f 1221/1221/1221 1222/1222/1222 1240/1240/1240
f 1221/1221/1221 1240/1240/1240 1239/1239/1239
f 1222/1222/1222 1205/1205/1205 1223/1223/1223
f 1222/1222/1222 1223/1223/1223 1240/1240/1240
f 1223/1223/1223 1224/1224/1224 1242/1242/1242
f 1223/1223/1223 1242/1242/1242 1241/1241/1241
f 1224/1224/1224 1225/1225/1225 1243/1243/1243
f 1224/1224/1224 1243/1243/1243 1242/1242/1242
f 1225/1225/1225 1226/1226/1226 1244/1244/1244
f 1225/1225/1225 1244/1244/1244 1243/1243/1243
f 1226/1226/1226 1227/1227/1227 1245/1245/1245
f 1226/1226/1226 1245/1245/1245 1244/1244/1244
f 1227/1227/1227 1228/1228/1228 1246/1246/1246
f 1227/1227/1227 1246/1246/1246 1245/1245/1245
f 1228/1228/1228 1229/1229/1229 1247/1247/1247
f 1228/1228/1228 1247/1247/1247 1246/1246/1246
f 1229/1229/1229 1230/1230/1230 1248/1248/1248
f 1229/1229/1229 1248/1248/1248 1247/1247/1247
f 1230/1230/1230 1231/1231/1231 1249/1249/1249
f 1230/1230/1230 1249/1249/1249 1248/1248/1248
f 1231/1231/1231 1232/1232/1232 1250/1250/1250
f 1231/1231/1231 1250/1250/1250 1249/1249/1249
f 1232/1232/1232 1233/1233/1233 1251/1251/1251
f 1232/1232/1232 1251/1251/1251 1250/1250/1250
f 1233/1233/1233 1234/1234/1234 1252/1252/1252
f 1233/1233/1233 1252/1252/1252 1251/1251/1251
f 1234/1234/1234 1235/1235/1235 1253/1253/1253
f 1234/1234/1234 1253/1253/1253 1252/1252/1252
f 1235/1235/1235 1236/1236/1236 1254/1254/1254
f 1235/1235/1235 1254/1254/1254 1253/1253/1253
f 1236/1236/1236 1237/1237/1237 1255/1255/1255
f 1236/1236/1236 1255/1255/1255 1254/1254/1254
f 1237/1237/1237 1238/1238/1238 1256/1256/1256
f 1237/1237/1237 1256/1256/1256 1255/1255/1255
f 1238/1238/1238 1239/1239/1239 1257/1257/1257
f 1238/1238/1238 1257/1257/1257 1256/1256/1256
f 1239/1239/1239 1240/1240/1240 1258/1258/1258
f 1239/1239/1239 1258/1258/1258 1257/1257/1257
f 1240/1240/1240 1223/1223/1223 1241/1241/1241
f 1240/1240/1240 1241/1241/1241 1258/1258/1258
f 1241/1241/1241 1242/1242/1242 1260/1260/1260
f 1241/1241/1241 1260/1260/1260 1259/1259/1259
f 1242/1242/1242 1243/1243/1243 1261/1261/1261
f 1242/1242/1242 1261/1261/1261 1260/1260/1260
f 1243/1243/1243 1244/1244/1244 1262/1262/1262
f 1243/1243/1243 1262/1262/1262 1261/1261/1261
f 1244/1244/1244 1245/1245/1245 1263/1263/1263
f 1244/1244/1244 1263/1263/1263 1262/1262/1262
f 1245/1245/1245 1246/1246/1246 1264/1264/1264
f 1245/1245/1245 1264/1264/1264 1263/1263/1263
f 1246/1246/1246 1247/1247/1247 1265/1265/1265
f 1246/1246/1246 1265/1265/1265 1264/1264/1264
f 1247/1247/1247 1248/1248/1248 1266/1266/1266
f 1247/1247/1247 1266/1266/1266 1265/1265/1265
f 1248/1248/1248 1249/1249/1249 1267/1267/1267
f 1248/1248/1248 1267/1267/1267 1266/1266/1266
f 1249/1249/1249 1250/1250/1250 1268/1268/1268
f 1249/1249/1249 1268/1268/1268 1267/1267/1267
f 1250/1250/1250 1251/1251/1251 1269/1269/1269
f 1250/1250/1250 1269/1269/1269 1268/1268/1268
f 1251/1251/1251 1252/1252/1252 1270/1270/1270
f 1251/1251/1251 1270/1270/1270 1269/1269/1269
f 1252/1252/1252 1253/1253/1253 1271/1271/1271
f 1252/1252/1252 1271/1271/1271 1270/1270/1270
f 1253/1253/1253 1254/1254/1254 1272/1272/1272
f 1253/1253/1253 1272/1272/1272 1271/1271/1271
f 1254/1254/1254 1255/1255/1255 1273/1273/1273
f 1254/1254/1254 1273/1273/1273 1272/1272/1272
f 1255/1255/1255 1256/1256/1256 1274/1274/1274
f 1255/1255/1255 1274/1274/1274 1273/1273/1273
f 1256/1256/1256 1257/1257/1257 1275/1275/1275
f 1256/1256/1256 1275/1275/1275 1274/1274/1274
f 1257/1257/1257 1258/1258/1258 1276/1276/1276
f 1257/1257/1257 1276/1276/1276 1275/1275/1275
f 1258/1258/1258 1241/1241/1241 1259/1259/1259
f 1258/1258/1258 1259/1259/1259 1276/1276/1276
f 1259/1259/1259 1260/1260/1260 1278/1278/1278
f 1259/1259/1259 1278/1278/1278 1277/1277/1277
f 1260/1260/1260 1261/1261/1261 1279/1279/1279
f 1260/1260/1260 1279/1279/1279 1278/1278/1278
f 1261/1261/1261 1262/1262/1262 1280/1280/1280
f 1261/1261/1261 1280/1280/1280 1279/1279/1279
f 1262/1262/1262 1263/1263/1263 1281/1281/1281
f 1262/1262/1262 1281/1281/1281 1280/1280/1280
f 1263/1263/1263 1264/1264/1264 1282/1282/1282
f 1263/1263/1263 1282/1282/1282 1281/1281/1281
f 1264/1264/1264 1265/1265/1265 1283/1283/1283
f 1264/1264/1264 1283/1283/1283 1282/1282/1282
f 1265/1265/1265 1266/1266/1266 1284/1284/1284
f 1265/1265/1265 1284/1284/1284 1283/1283/1283
f 1266/1266/1266 1267/1267/1267 1285/1285/1285
f 1266/1266/1266 1285/1285/1285 1284/1284/1284
f 1267/1267/1267 1268/1268/1268 1286/1286/1286
f 1267/1267/1267 1286/1286/1286 1285/1285/1285
f 1268/1268/1268 1269/1269/1269 1287/1287/1287
f 1268/1268/1268 1287/1287/1287 1286/1286/1286
f 1269/1269/1269 1270/1270/1270 1288/1288/1288
f 1269/1269/1269 1288/1288/1288 1287/1287/1287
f 1270/1270/1270 1271/1271/1271 1289/1289/1289
f 1270/1270/1270 1289/1289/1289 1288/1288/1288
f 1271/1271/1271 1272/1272/1272 1290/1290/1290
f 1271/1271/1271 1290/1290/1290 1289/1289/1289
f 1272/1272/1272 1273/1273/1273 1291/1291/1291
f 1272/1272/1272 1291/1291/1291 1290/1290/1290
f 1273/1273/1273 1274/1274/1274 1292/1292/1292
f 1273/1273/1273 1292/1292/1292 1291/1291/1291
f 1274/1274/1274 1275/1275/1275 1293/1293/1293
f 1274/1274/1274 1293/1293/1293 1292/1292/1292
f 1275/1275/1275 1276/1276/1276 1294/1294/1294
f 1275/1275/1275 1294/1294/1294 1293/1293/1293
f 1276/1276/1276 1259/1259/1259 1277/1277/1277
f 1276/1276/1276 1277/1277/1277 1294/1294/1294
usemtl Skin
f 1295/1295/1295 1296/1296/1296 1306/1306/1306
f 1295/1295/1295 1306/1306/1306 1305/1305/1305
f 1296/1296/1296 1297/1297/1297 1307/1307/1307
f 1296/1296/1296 1307/1307/1307 1306/1306/1306
f 1297/1297/1297 1298/1298/1298 1308/1308/1308
f 1297/1297/1297 1308/1308/1308 1307/1307/1307
f 1298/1298/1298 1299/1299/1299 1309/1309/1309
f 1298/1298/1298 1309/1309/1309 1308/1308/1308
f 1299/1299/1299 1300/1300/1300 1310/1310/1310
f 1299/1299/1299 1310/1310/1310 1309/1309/1309
f 1300/1300/1300 1301/1301/1301 1311/1311/1311
f 1300/1300/1300 1311/1311/1311 1310/1310/1310
f 1301/1301/1301 1302/1302/1302 1312/1312/1312
f 1301/1301/1301 1312/1312/1312 1311/1311/1311
f 1302/1302/1302 1303/1303/1303 1313/1313/1313
f 1302/1302/1302 1313/1313/1313 1312/1312/1312
f 1303/1303/1303 1304/1304/1304 1314/1314/1314
f 1303/1303/1303 1314/1314/1314 1313/1313/1313
f 1304/1304/1304 1295/1295/1295 1305/1305/1305
f 1304/1304/1304 1305/1305/1305 1314/1314/1314
f 1305/1305/1305 1306/1306/1306 1316/1316/1316
f 1305/1305/1305 1316/1316/1316 1315/1315/1315
f 1306/1306/1306 1307/1307/1307 1317/1317/1317
f 1306/1306/1306 1317/1317/1317 1316/1316/1316
f 1307/1307/1307 1308/1308/1308 1318/1318/1318
f 1307/1307/1307 1318/1318/1318 1317/1317/1317
f 1308/1308/1308 1309/1309/1309 1319/1319/1319
f 1308/1308/1308 1319/1319/1319 1318/1318/1318
f 1309/1309/1309 1310/1310/1310 1320/1320/1320
f 1309/1309/1309 1320/1320/1320 1319/1319/1319
f 1310/1310/1310 1311/1311/1311 1321/1321/1321
f 1310/1310/1310 1321/1321/1321 1320/1320/1320
f 1311/1311/1311 1312/1312/1312 1322/1322/1322
f 1311/1311/1311 1322/1322/1322 1321/1321/1321
f 1312/1312/1312 1313/1313/1313 1323/1323/1323
f 1312/1312/1312 1323/1323/1323 1322/1322/1322
f 1313/1313/1313 1314/1314/1314 1324/1324/1324
f 1313/1313/1313 1324/1324/1324 1323/1323/1323
f 1314/1314/1314 1305/1305/1305 1315/1315/1315
f 1314/1314/1314 1315/1315/1315 1324/1324/1324
f 1315/1315/1315 1316/1316/1316 1326/1326/1326
f 1315/1315/1315 1326/1326/1326 1325/1325/1325
f 1316/1316/1316 1317/1317/1317 1327/1327/1327
f 1316/1316/1316 1327/1327/1327 1326/1326/1326
f 1317/1317/1317 1318/1318/1318 1328/1328/1328
f 1317/1317/1317 1328/1328/1328 1327/1327/1327
f 1318/1318/1318 1319/1319/1319 1329/1329/1329
f 1318/1318/1318 1329/1329/1329 1328/1328/1328
f 1319/1319/1319 1320/1320/1320 1330/1330/1330
f 1319/1319/1319 1330/1330/1330 1329/1329/1329
f 1320/1320/1320 1321/1321/1321 1331/1331/1331
f 1320/1320/1320 1331/1331/1331 1330/1330/1330
f 1321/1321/1321 1322/1322/1322 1332/1332/1332
f 1321/1321/1321 1332/1332/1332 1331/1331/1331
f 1322/1322/1322 1323/1323/1323 1333/1333/1333
f 1322/1322/1322 1333/1333/1333 1332/1332/1332
f 1323/1323/1323 1324/1324/1324 1334/1334/1334
f 1323/1323/1323 1334/1334/1334 1333/1333/1333
f 1324/1324/1324 1315/1315/1315 1325/1325/1325
f 1324/1324/1324 1325/1325/1325 1334/1334/1334
f 1325/1325/1325 1326/1326/1326 1336/1336/1336
f 1325/1325/1325 1336/1336/1336 1335/1335/1335
f 1326/1326/1326 1327/1327/1327 1337/1337/1337
f 1326/1326/1326 1337/1337/1337 1336/1336/1336
f 1327/1327/1327 1328/1328/1328 1338/1338/1338
f 1327/1327/1327 1338/1338/1338 1337/1337/1337
f 1328/1328/1328 1329/1329/1329 1339/1339/1339
f 1328/1328/1328 1339/1339/1339 1338/1338/1338
f 1329/1329/1329 1330/1330/1330 1340/1340/1340
f 1329/1329/1329 1340/1340/1340 1339/1339/1339
f 1330/1330/1330 1331/1331/1331 1341/1341/1341
f 1330/1330/1330 1341/1341/1341 1340/1340/1340
f 1331/1331/1331 1332/1332/1332 1342/1342/1342
f 1331/1331/1331 1342/1342/1342 1341/1341/1341
f 1332/1332/1332 1333/1333/1333 1343/1343/1343
f 1332/1332/1332 1343/1343/1343 1342/1342/1342
f 1333/1333/1333 1334/1334/1334 1344/1344/1344
f 1333/1333/1333 1344/1344/1344 1343/1343/1343
f 1334/1334/1334 1325/1325/1325 1335/1335/1335
f 1334/1334/1334 1335/1335/1335 1344/1344/1344
f 1335/1335/1335 1336/1336/1336 1346/1346/1346
f 1335/1335/1335 1346/1346/1346 1345/1345/1345
f 1336/1336/1336 1337/1337/1337 1347/1347/1347
f 1336/1336/1336 1347/1347/1347 1346/1346/1346
f 1337/1337/1337 1338/1338/1338 1348/1348/1348
f 1337/1337/1337 1348/1348/1348 1347/1347/1347
f 1338/1338/1338 1339/1339/1339 1349/1349/1349
f 1338/1338/1338 1349/1349/1349 1348/1348/1348
f 1339/1339/1339 1340/1340/1340 1350/1350/1350
f 1339/1339/1339 1350/1350/1350 1349/1349/1349
f 1340/1340/1340 1341/1341/1341 1351/1351/1351
f 1340/1340/1340 1351/1351/1351 1350/1350/1350
f 1341/1341/1341 1342/1342/1342 1352/1352/1352
f 1341/1341/1341 1352/1352/1352 1351/1351/1351
f 1342/1342/1342 1343/1343/1343 1353/1353/1353
f 1342/1342/1342 1353/1353/1353 1352/1352/1352
f 1343/1343/1343 1344/1344/1344 1354/1354/1354
f 1343/1343/1343 1354/1354/1354 1353/1353/1353
f 1344/1344/1344 1335/1335/1335 1345/1345/1345
f 1344/1344/1344 1345/1345/1345 1354/1354/1354
usemtl Brow
f 1355/1355/1355 1356/1356/1356 1362/1362/1362
f 1355/1355/1355 1362/1362/1362 1361/1361/1361
f 1356/1356/1356 1357/1357/1357 1363/1363/1363
f 1356/1356/1356 1363/1363/1363 1362/1362/1362
f 1357/1357/1357 1358/1358/1358 1364/1364/1364
f 1357/1357/1357 1364/1364/1364 1363/1363/1363
f 1358/1358/1358 1359/1359/1359 1365/1365/1365
f 1358/1358/1358 1365/1365/1365 1364/1364/1364
f 1359/1359/1359 1360/1360/1360 1366/1366/1366
f 1359/1359/1359 1366/1366/1366 1365/1365/1365
f 1360/1360/1360 1355/1355/1355 1361/1361/1361
f 1360/1360/1360 1361/1361/1361 1366/1366/1366
f 1361/1361/1361 1362/1362/1362 1368/1368/1368
f 1361/1361/1361 1368/1368/1368 1367/1367/1367
f 1362/1362/1362 1363/1363/1363 1369/1369/1369
f 1362/1362/1362 1369/1369/1369 1368/1368/1368
f 1363/1363/1363 1364/1364/1364 1370/1370/1370
f 1363/1363/1363 1370/1370/1370 1369/1369/1369
f 1364/1364/1364 1365/1365/1365 1371/1371/1371
f 1364/1364/1364 1371/1371/1371 1370/1370/1370
f 1365/1365/1365 1366/1366/1366 1372/1372/1372
f 1365/1365/1365 1372/1372/1372 1371/1371/1371
f 1366/1366/1366 1361/1361/1361 1367/1367/1367
f 1366/1366/1366 1367/1367/1367 1372/1372/1372
f 1367/1367/1367 1368/1368/1368 1374/1374/1374
f 1367/1367/1367 1374/1374/1374 1373/1373/1373
f 1368/1368/1368 1369/1369/1369 1375/1375/1375
f 1368/1368/1368 1375/1375/1375 1374/1374/1374
f 1369/1369/1369 1370/1370/1370 1376/1376/1376
f 1369/1369/1369 1376/1376/1376 1375/1375/1375
f 1370/1370/1370 1371/1371/1371 1377/1377/1377
f 1370/1370/1370 1377/1377/1377 1376/1376/1376
f 1371/1371/1371 1372/1372/1372 1378/1378/1378
f 1371/1371/1371 1378/1378/1378 1377/1377/1377
f 1372/1372/1372 1367/1367/1367 1373/1373/1373
f 1372/1372/1372 1373/1373/1373 1378/1378/1378
usemtl Brow
f 1379/1379/1379 1380/1380/1380 1386/1386/1386
f 1379/1379/1379 1386/1386/1386 1385/1385/1385
f 1380/1380/1380 1381/1381/1381 1387/1387/1387
f 1380/1380/1380 1387/1387/1387 1386/1386/1386
f 1381/1381/1381 1382/1382/1382 1388/1388/1388
f 1381/1381/1381 1388/1388/1388 1387/1387/1387
f 1382/1382/1382 1383/1383/1383 1389/1389/1389
f 1382/1382/1382 1389/1389/1389 1388/1388/1388
f 1383/1383/1383 1384/1384/1384 1390/1390/1390
f 1383/1383/1383 1390/1390/1390 1389/1389/1389
f 1384/1384/1384 1379/1379/1379 1385/1385/1385
f 1384/1384/1384 1385/1385/1385 1390/1390/1390
f 1385/1385/1385 1386/1386/1386 1392/1392/1392
f 1385/1385/1385 1392/1392/1392 1391/1391/1391
f 1386/1386/1386 1387/1387/1387 1393/1393/1393
f 1386/1386/1386 1393/1393/1393 1392/1392/1392
f 1387/1387/1387 1388/1388/1388 1394/1394/1394
f 1387/1387/1387 1394/1394/1394 1393/1393/1393
f 1388/1388/1388 1389/1389/1389 1395/1395/1395
f 1388/1388/1388 1395/1395/1395 1394/1394/1394
f 1389/1389/1389 1390/1390/1390 1396/1396/1396
f 1389/1389/1389 1396/1396/1396 1395/1395/1395
f 1390/1390/1390 1385/1385/1385 1391/1391/1391
f 1390/1390/1390 1391/1391/1391 1396/1396/1396
f 1391/1391/1391 1392/1392/1392 1398/1398/1398
f 1391/1391/1391 1398/1398/1398 1397/1397/1397
f 1392/1392/1392 1393/1393/1393 1399/1399/1399
f 1392/1392/1392 1399/1399/1399 1398/1398/1398
f 1393/1393/1393 1394/1394/1394 1400/1400/1400
f 1393/1393/1393 1400/1400/1400 1399/1399/1399
f 1394/1394/1394 1395/1395/1395 1401/1401/1401
f 1394/1394/1394 1401/1401/1401 1400/1400/1400
f 1395/1395/1395 1396/1396/1396 1402/1402/1402
f 1395/1395/1395 1402/1402/1402 1401/1401/1401
f 1396/1396/1396 1391/1391/1391 1397/1397/1397
f 1396/1396/1396 1397/1397/1397 1402/1402/1402
usemtl Skin
f 1403/1403/1403 1404/1404/1404 1412/1412/1412
f 1403/1403/1403 1412/1412/1412 1411/1411/1411
f 1404/1404/1404 1405/1405/1405 1413/1413/1413
f 1404/1404/1404 1413/1413/1413 1412/1412/1412
f 1405/1405/1405 1406/1406/1406 1414/1414/1414
f 1405/1405/1405 1414/1414/1414 1413/1413/1413
f 1406/1406/1406 1407/1407/1407 1415/1415/1415
f 1406/1406/1406 1415/1415/1415 1414/1414/1414
f 1407/1407/1407 1408/1408/1408 1416/1416/1416
f 1407/1407/1407 1416/1416/1416 1415/1415/1415
f 1408/1408/1408 1409/1409/1409 1417/1417/1417
f 1408/1408/1408 1417/1417/1417 1416/1416/1416
f 1409/1409/1409 1410/1410/1410 1418/1418/1418
f 1409/1409/1409 1418/1418/1418 1417/1417/1417
f 1410/1410/1410 1403/1403/1403 1411/1411/1411
f 1410/1410/1410 1411/1411/1411 1418/1418/1418
f 1411/1411/1411 1412/1412/1412 1420/1420/1420
f 1411/1411/1411 1420/1420/1420 1419/1419/1419
f 1412/1412/1412 1413/1413/1413 1421/1421/1421
f 1412/1412/1412 1421/1421/1421 1420/1420/1420
f 1413/1413/1413 1414/1414/1414 1422/1422/1422
f 1413/1413/1413 1422/1422/1422 1421/1421/1421
f 1414/1414/1414 1415/1415/1415 1423/1423/1423
f 1414/1414/1414 1423/1423/1423 1422/1422/1422
f 1415/1415/1415 1416/1416/1416 1424/1424/1424
f 1415/1415/1415 1424/1424/1424 1423/1423/1423
f 1416/1416/1416 1417/1417/1417 1425/1425/1425
f 1416/1416/1416 1425/1425/1425 1424/1424/1424
f 1417/1417/1417 1418/1418/1418 1426/1426/1426
f 1417/1417/1417 1426/1426/1426 1425/1425/1425
f 1418/1418/1418 1411/1411/1411 1419/1419/1419
f 1418/1418/1418 1419/1419/1419 1426/1426/1426
f 1419/1419/1419 1420/1420/1420 1428/1428/1428
f 1419/1419/1419 1428/1428/1428 1427/1427/1427
f 1420/1420/1420 1421/1421/1421 1429/1429/1429
f 1420/1420/1420 1429/1429/1429 1428/1428/1428
f 1421/1421/1421 1422/1422/1422 1430/1430/1430
f 1421/1421/1421 1430/1430/1430 1429/1429/1429
f 1422/1422/1422 1423/1423/1423 1431/1431/1431
f 1422/1422/1422 1431/1431/1431 1430/1430/1430
f 1423/1423/1423 1424/1424/1424 1432/1432/1432
f 1423/1423/1423 1432/1432/1432 1431/1431/1431
f 1424/1424/1424 1425/1425/1425 1433/1433/1433
f 1424/1424/1424 1433/1433/1433 1432/1432/1432
f 1425/1425/1425 1426/1426/1426 1434/1434/1434
f 1425/1425/1425 1434/1434/1434 1433/1433/1433
f 1426/1426/1426 1419/1419/1419 1427/1427/1427
f 1426/1426/1426 1427/1427/1427 1434/1434/1434
f 1427/1427/1427 1428/1428/1428 1436/1436/1436
f 1427/1427/1427 1436/1436/1436 1435/1435/1435
f 1428/1428/1428 1429/1429/1429 1437/1437/1437
f 1428/1428/1428 1437/1437/1437 1436/1436/1436
f 1429/1429/1429 1430/1430/1430 1438/1438/1438
f 1429/1429/1429 1438/1438/1438 1437/1437/1437
f 1430/1430/1430 1431/1431/1431 1439/1439/1439
f 1430/1430/1430 1439/1439/1439 1438/1438/1438
f 1431/1431/1431 1432/1432/1432 1440/1440/1440
f 1431/1431/1431 1440/1440/1440 1439/1439/1439
f 1432/1432/1432 1433/1433/1433 1441/1441/1441
f 1432/1432/1432 1441/1441/1441 1440/1440/1440
f 1433/1433/1433 1434/1434/1434 1442/1442/1442
f 1433/1433/1433 1442/1442/1442 1441/1441/1441
f 1434/1434/1434 1427/1427/1427 1435/1435/1435
f 1434/1434/1434 1435/1435/1435 1442/1442/1442
f 1435/1435/1435 1436/1436/1436 1444/1444/1444
f 1435/1435/1435 1444/1444/1444 1443/1443/1443
f 1436/1436/1436 1437/1437/1437 1445/1445/1445
f 1436/1436/1436 1445/1445/1445 1444/1444/1444
f 1437/1437/1437 1438/1438/1438 1446/1446/1446
f 1437/1437/1437 1446/1446/1446 1445/1445/1445
f 1438/1438/1438 1439/1439/1439 1447/1447/1447
f 1438/1438/1438 1447/1447/1447 1446/1446/1446
f 1439/1439/1439 1440/1440/1440 1448/1448/1448
f 1439/1439/1439 1448/1448/1448 1447/1447/1447
f 1440/1440/1440 1441/1441/1441 1449/1449/1449
f 1440/1440/1440 1449/1449/1449 1448/1448/1448
f 1441/1441/1441 1442/1442/1442 1450/1450/1450
f 1441/1441/1441 1450/1450/1450 1449/1449/1449
f 1442/1442/1442 1435/1435/1435 1443/1443/1443
f 1442/1442/1442 1443/1443/1443 1450/1450/1450
f 1443/1443/1443 1444/1444/1444 1452/1452/1452
f 1443/1443/1443 1452/1452/1452 1451/1451/1451
f 1444/1444/1444 1445/1445/1445 1453/1453/1453
f 1444/1444/1444 1453/1453/1453 1452/1452/1452
f 1445/1445/1445 1446/1446/1446 1454/1454/1454
f 1445/1445/1445 1454/1454/1454 1453/1453/1453
f 1446/1446/1446 1447/1447/1447 1455/1455/1455
f 1446/1446/1446 1455/1455/1455 1454/1454/1454
f 1447/1447/1447 1448/1448/1448 1456/1456/1456
f 1447/1447/1447 1456/1456/1456 1455/1455/1455
f 1448/1448/1448 1449/1449/1449 1457/1457/1457
f 1448/1448/1448 1457/1457/1457 1456/1456/1456
f 1449/1449/1449 1450/1450/1450 1458/1458/1458
f 1449/1449/1449 1458/1458/1458 1457/1457/1457
f 1450/1450/1450 1443/1443/1443 1451/1451/1451
f 1450/1450/1450 1451/1451/1451 1458/1458/1458
f 1451/1451/1451 1452/1452/1452 1460/1460/1460
f 1451/1451/1451 1460/1460/1460 1459/1459/1459
f 1452/1452/1452 1453/1453/1453 1461/1461/1461
f 1452/1452/1452 1461/1461/1461 1460/1460/1460
f 1453/1453/1453 1454/1454/1454 1462/1462/1462
f 1453/1453/1453 1462/1462/1462 1461/1461/1461
f 1454/1454/1454 1455/1455/1455 1463/1463/1463
f 1454/1454/1454 1463/1463/1463 1462/1462/1462
f 1455/1455/1455 1456/1456/1456 1464/1464/1464
f 1455/1455/1455 1464/1464/1464 1463/1463/1463
f 1456/1456/1456 1457/1457/1457 1465/1465/1465
f 1456/1456/1456 1465/1465/1465 1464/1464/1464
f 1457/1457/1457 1458/1458/1458 1466/1466/1466
f 1457/1457/1457 1466/1466/1466 1465/1465/1465
f 1458/1458/1458 1451/1451/1451 1459/1459/1459
f 1458/1458/1458 1459/1459/1459 1466/1466/1466
f 1459/1459/1459 1460/1460/1460 1468/1468/1468
f 1459/1459/1459 1468/1468/1468 1467/1467/1467
f 1460/1460/1460 1461/1461/1461 1469/1469/1469
f 1460/1460/1460 1469/1469/1469 1468/1468/1468
f 1461/1461/1461 1462/1462/1462 1470/1470/1470
f 1461/1461/1461 1470/1470/1470 1469/1469/1469
f 1462/1462/1462 1463/1463/1463 1471/1471/1471
f 1462/1462/1462 1471/1471/1471 1470/1470/1470
f 1463/1463/1463 1464/1464/1464 1472/1472/1472
f 1463/1463/1463 1472/1472/1472 1471/1471/1471
f 1464/1464/1464 1465/1465/1465 1473/1473/1473
f 1464/1464/1464 1473/1473/1473 1472/1472/1472
f 1465/1465/1465 1466/1466/1466 1474/1474/1474
f 1465/1465/1465 1474/1474/1474 1473/1473/1473
f 1466/1466/1466 1459/1459/1459 1467/1467/1467
f 1466/1466/1466 1467/1467/1467 1474/1474/1474
usemtl Skin
f 1475/1475/1475 1476/1476/1476 1484/1484/1484
f 1475/1475/1475 1484/1484/1484 1483/1483/1483
f 1476/1476/1476 1477/1477/1477 1485/1485/1485
f 1476/1476/1476 1485/1485/1485 1484/1484/1484
f 1477/1477/1477 1478/1478/1478 1486/1486/1486
f 1477/1477/1477 1486/1486/1486 1485/1485/1485
f 1478/1478/1478 1479/1479/1479 1487/1487/1487
f 1478/1478/1478 1487/1487/1487 1486/1486/1486
f 1479/1479/1479 1480/1480/1480 1488/1488/1488
f 1479/1479/1479 1488/1488/1488 1487/1487/1487
f 1480/1480/1480 1481/1481/1481 1489/1489/1489
f 1480/1480/1480 1489/1489/1489 1488/1488/1488
f 1481/1481/1481 1482/1482/1482 1490/1490/1490
f 1481/1481/1481 1490/1490/1490 1489/1489/1489
f 1482/1482/1482 1475/1475/1475 1483/1483/1483
f 1482/1482/1482 1483/1483/1483 1490/1490/1490
f 1483/1483/1483 1484/1484/1484 1492/1492/1492
f 1483/1483/1483 1492/1492/1492 1491/1491/1491
f 1484/1484/1484 1485/1485/1485 1493/1493/1493
f 1484/1484/1484 1493/1493/1493 1492/1492/1492
f 1485/1485/1485 1486/1486/1486 1494/1494/1494
f 1485/1485/1485 1494/1494/1494 1493/1493/1493
f 1486/1486/1486 1487/1487/1487 1495/1495/1495
f 1486/1486/1486 1495/1495/1495 1494/1494/1494
f 1487/1487/1487 1488/1488/1488 1496/1496/1496
f 1487/1487/1487 1496/1496/1496 1495/1495/1495
f 1488/1488/1488 1489/1489/1489 1497/1497/1497
f 1488/1488/1488 1497/1497/1497 1496/1496/1496
f 1489/1489/1489 1490/1490/1490 1498/1498/1498
f 1489/1489/1489 1498/1498/1498 1497/1497/1497
f 1490/1490/1490 1483/1483/1483 1491/1491/1491
f 1490/1490/1490 1491/1491/1491 1498/1498/1498
f 1491/1491/1491 1492/1492/1492 1500/1500/1500
f 1491/1491/1491 1500/1500/1500 1499/1499/1499
f 1492/1492/1492 1493/1493/1493 1501/1501/1501
f 1492/1492/1492 1501/1501/1501 1500/1500/1500
f 1493/1493/1493 1494/1494/1494 1502/1502/1502
f 1493/1493/1493 1502/1502/1502 1501/1501/1501
f 1494/1494/1494 1495/1495/1495 1503/1503/1503
f 1494/1494/1494 1503/1503/1503 1502/1502/1502
f 1495/1495/1495 1496/1496/1496 1504/1504/1504
f 1495/1495/1495 1504/1504/1504 1503/1503/1503
f 1496/1496/1496 1497/1497/1497 1505/1505/1505
f 1496/1496/1496 1505/1505/1505 1504/1504/1504
f 1497/1497/1497 1498/1498/1498 1506/1506/1506
f 1497/1497/1497 1506/1506/1506 1505/1505/1505
f 1498/1498/1498 1491/1491/1491 1499/1499/1499
f 1498/1498/1498 1499/1499/1499 1506/1506/1506
f 1499/1499/1499 1500/1500/1500 1508/1508/1508
f 1499/1499/1499 1508/1508/1508 1507/1507/1507
f 1500/1500/1500 1501/1501/1501 1509/1509/1509
f 1500/1500/1500 1509/1509/1509 1508/1508/1508
f 1501/1501/1501 1502/1502/1502 1510/1510/1510
f 1501/1501/1501 1510/1510/1510 1509/1509/1509
f 1502/1502/1502 1503/1503/1503 1511/1511/1511
f 1502/1502/1502 1511/1511/1511 1510/1510/1510
f 1503/1503/1503 1504/1504/1504 1512/1512/1512
f 1503/1503/1503 1512/1512/1512 1511/1511/1511
f 1504/1504/1504 1505/1505/1505 1513/1513/1513
f 1504/1504/1504 1513/1513/1513 1512/1512/1512
f 1505/1505/1505 1506/1506/1506 1514/1514/1514
f 1505/1505/1505 1514/1514/1514 1513/1513/1513
f 1506/1506/1506 1499/1499/1499 1507/1507/1507
f 1506/1506/1506 1507/1507/1507 1514/1514/1514
f 1507/1507/1507 1508/1508/1508 1516/1516/1516
f 1507/1507/1507 1516/1516/1516 1515/1515/1515
f 1508/1508/1508 1509/1509/1509 1517/1517/1517
f 1508/1508/1508 1517/1517/1517 1516/1516/1516
f 1509/1509/1509 1510/1510/1510 1518/1518/1518
f 1509/1509/1509 1518/1518/1518 1517/1517/1517
f 1510/1510/1510 1511/1511/1511 1519/1519/1519
f 1510/1510/1510 1519/1519/1519 1518/1518/1518
f 1511/1511/1511 1512/1512/1512 1520/1520/1520
f 1511/1511/1511 1520/1520/1520 1519/1519/1519
f 1512/1512/1512 1513/1513/1513 1521/1521/1521
f 1512/1512/1512 1521/1521/1521 1520/1520/1520
f 1513/1513/1513 1514/1514/1514 1522/1522/1522
f 1513/1513/1513 1522/1522/1522 1521/1521/1521
f 1514/1514/1514 1507/1507/1507 1515/1515/1515
f 1514/1514/1514 1515/1515/1515 1522/1522/1522
f 1515/1515/1515 1516/1516/1516 1524/1524/1524
f 1515/1515/1515 1524/1524/1524 1523/1523/1523
f 1516/1516/1516 1517/1517/1517 1525/1525/1525
f 1516/1516/1516 1525/1525/1525 1524/1524/1524
f 1517/1517/1517 1518/1518/1518 1526/1526/1526
f 1517/1517/1517 1526/1526/1526 1525/1525/1525
f 1518/1518/1518 1519/1519/1519 1527/1527/1527
f 1518/1518/1518 1527/1527/1527 1526/1526/1526
f 1519/1519/1519 1520/1520/1520 1528/1528/1528
f 1519/1519/1519 1528/1528/1528 1527/1527/1527
f 1520/1520/1520 1521/1521/1521 1529/1529/1529
f 1520/1520/1520 1529/1529/1529 1528/1528/1528
f 1521/1521/1521 1522/1522/1522 1530/1530/1530
f 1521/1521/1521 1530/1530/1530 1529/1529/1529
f 1522/1522/1522 1515/1515/1515 1523/1523/1523
f 1522/1522/1522 1523/1523/1523 1530/1530/1530
usemtl Skin
f 1531/1531/1531 1532/1532/1532 1537/1537/1537
f 1531/1531/1531 1537/1537/1537 1536/1536/1536
f 1532/1532/1532 1533/1533/1533 1538/1538/1538
f 1532/1532/1532 1538/1538/1538 1537/1537/1537
f 1533/1533/1533 1534/1534/1534 1539/1539/1539
f 1533/1533/1533 1539/1539/1539 1538/1538/1538
f 1534/1534/1534 1535/1535/1535 1540/1540/1540
f 1534/1534/1534 1540/1540/1540 1539/1539/1539
f 1535/1535/1535 1531/1531/1531 1536/1536/1536
f 1535/1535/1535 1536/1536/1536 1540/1540/1540
f 1536/1536/1536 1537/1537/1537 1542/1542/1542
f 1536/1536/1536 1542/1542/1542 1541/1541/1541
f 1537/1537/1537 1538/1538/1538 1543/1543/1543
f 1537/1537/1537 1543/1543/1543 1542/1542/1542
f 1538/1538/1538 1539/1539/1539 1544/1544/1544
f 1538/1538/1538 1544/1544/1544 1543/1543/1543
f 1539/1539/1539 1540/1540/1540 1545/1545/1545
f 1539/1539/1539 1545/1545/1545 1544/1544/1544
f 1540/1540/1540 1536/1536/1536 1541/1541/1541
f 1540/1540/1540 1541/1541/1541 1545/1545/1545
f 1541/1541/1541 1542/1542/1542 1547/1547/1547
f 1541/1541/1541 1547/1547/1547 1546/1546/1546
f 1542/1542/1542 1543/1543/1543 1548/1548/1548
f 1542/1542/1542 1548/1548/1548 1547/1547/1547
f 1543/1543/1543 1544/1544/1544 1549/1549/1549
f 1543/1543/1543 1549/1549/1549 1548/1548/1548
f 1544/1544/1544 1545/1545/1545 1550/1550/1550
f 1544/1544/1544 1550/1550/1550 1549/1549/1549
f 1545/1545/1545 1541/1541/1541 1546/1546/1546
f 1545/1545/1545 1546/1546/1546 1550/1550/1550
usemtl Skin
f 1551/1551/1551 1552/1552/1552 1557/1557/1557
f 1551/1551/1551 1557/1557/1557 1556/1556/1556
f 1552/1552/1552 1553/1553/1553 1558/1558/1558
f 1552/1552/1552 1558/1558/1558 1557/1557/1557
f 1553/1553/1553 1554/1554/1554 1559/1559/1559
f 1553/1553/1553 1559/1559/1559 1558/1558/1558
f 1554/1554/1554 1555/1555/1555 1560/1560/1560
f 1554/1554/1554 1560/1560/1560 1559/1559/1559
f 1555/1555/1555 1551/1551/1551 1556/1556/1556
f 1555/1555/1555 1556/1556/1556 1560/1560/1560
f 1556/1556/1556 1557/1557/1557 1562/1562/1562
f 1556/1556/1556 1562/1562/1562 1561/1561/1561
f 1557/1557/1557 1558/1558/1558 1563/1563/1563
f 1557/1557/1557 1563/1563/1563 1562/1562/1562
f 1558/1558/1558 1559/1559/1559 1564/1564/1564
f 1558/1558/1558 1564/1564/1564 1563/1563/1563
f 1559/1559/1559 1560/1560/1560 1565/1565/1565
f 1559/1559/1559 1565/1565/1565 1564/1564/1564
f 1560/1560/1560 1556/1556/1556 1561/1561/1561
f 1560/1560/1560 1561/1561/1561 1565/1565/1565
f 1561/1561/1561 1562/1562/1562 1567/1567/1567
f 1561/1561/1561 1567/1567/1567 1566/1566/1566
f 1562/1562/1562 1563/1563/1563 1568/1568/1568
f 1562/1562/1562 1568/1568/1568 1567/1567/1567
f 1563/1563/1563 1564/1564/1564 1569/1569/1569
f 1563/1563/1563 1569/1569/1569 1568/1568/1568
f 1564/1564/1564 1565/1565/1565 1570/1570/1570
f 1564/1564/1564 1570/1570/1570 1569/1569/1569
f 1565/1565/1565 1561/1561/1561 1566/1566/1566
f 1565/1565/1565 1566/1566/1566 1570/1570/1570
usemtl Skin
f 1571/1571/1571 1572/1572/1572 1580/1580/1580
f 1571/1571/1571 1580/1580/1580 1579/1579/1579
f 1572/1572/1572 1573/1573/1573 1581/1581/1581
f 1572/1572/1572 1581/1581/1581 1580/1580/1580
f 1573/1573/1573 1574/1574/1574 1582/1582/1582
f 1573/1573/1573 1582/1582/1582 1581/1581/1581
f 1574/1574/1574 1575/1575/1575 1583/1583/1583
f 1574/1574/1574 1583/1583/1583 1582/1582/1582
f 1575/1575/1575 1576/1576/1576 1584/1584/1584
f 1575/1575/1575 1584/1584/1584 1583/1583/1583
f 1576/1576/1576 1577/1577/1577 1585/1585/1585
f 1576/1576/1576 1585/1585/1585 1584/1584/1584
f 1577/1577/1577 1578/1578/1578 1586/1586/1586
f 1577/1577/1577 1586/1586/1586 1585/1585/1585
f 1578/1578/1578 1571/1571/1571 1579/1579/1579
f 1578/1578/1578 1579/1579/1579 1586/1586/1586
f 1579/1579/1579 1580/1580/1580 1588/1588/1588
f 1579/1579/1579 1588/1588/1588 1587/1587/1587
f 1580/1580/1580 1581/1581/1581 1589/1589/1589
f 1580/1580/1580 1589/1589/1589 1588/1588/1588
f 1581/1581/1581 1582/1582/1582 1590/1590/1590
f 1581/1581/1581 1590/1590/1590 1589/1589/1589
f 1582/1582/1582 1583/1583/1583 1591/1591/1591
f 1582/1582/1582 1591/1591/1591 1590/1590/1590
f 1583/1583/1583 1584/1584/1584 1592/1592/1592
f 1583/1583/1583 1592/1592/1592 1591/1591/1591
f 1584/1584/1584 1585/1585/1585 1593/1593/1593
f 1584/1584/1584 1593/1593/1593 1592/1592/1592
f 1585/1585/1585 1586/1586/1586 1594/1594/1594
f 1585/1585/1585 1594/1594/1594 1593/1593/1593
f 1586/1586/1586 1579/1579/1579 1587/1587/1587
f 1586/1586/1586 1587/1587/1587 1594/1594/1594
f 1587/1587/1587 1588/1588/1588 1596/1596/1596
f 1587/1587/1587 1596/1596/1596 1595/1595/1595
f 1588/1588/1588 1589/1589/1589 1597/1597/1597
f 1588/1588/1588 1597/1597/1597 1596/1596/1596
f 1589/1589/1589 1590/1590/1590 1598/1598/1598
f 1589/1589/1589 1598/1598/1598 1597/1597/1597
f 1590/1590/1590 1591/1591/1591 1599/1599/1599
f 1590/1590/1590 1599/1599/1599 1598/1598/1598
f 1591/1591/1591 1592/1592/1592 1600/1600/1600
f 1591/1591/1591 1600/1600/1600 1599/1599/1599
f 1592/1592/1592 1593/1593/1593 1601/1601/1601
f 1592/1592/1592 1601/1601/1601 1600/1600/1600
f 1593/1593/1593 1594/1594/1594 1602/1602/1602
f 1593/1593/1593 1602/1602/1602 1601/1601/1601
f 1594/1594/1594 1587/1587/1587 1595/1595/1595
f 1594/1594/1594 1595/1595/1595 1602/1602/1602
f 1595/1595/1595 1596/1596/1596 1604/1604/1604
f 1595/1595/1595 1604/1604/1604 1603/1603/1603
f 1596/1596/1596 1597/1597/1597 1605/1605/1605
f 1596/1596/1596 1605/1605/1605 1604/1604/1604
f 1597/1597/1597 1598/1598/1598 1606/1606/1606
f 1597/1597/1597 1606/1606/1606 1605/1605/1605
f 1598/1598/1598 1599/1599/1599 1607/1607/1607
f 1598/1598/1598 1607/1607/1607 1606/1606/1606
f 1599/1599/1599 1600/1600/1600 1608/1608/1608
f 1599/1599/1599 1608/1608/1608 1607/1607/1607
f 1600/1600/1600 1601/1601/1601 1609/1609/1609
f 1600/1600/1600 1609/1609/1609 1608/1608/1608
f 1601/1601/1601 1602/1602/1602 1610/1610/1610
f 1601/1601/1601 1610/1610/1610 1609/1609/1609
f 1602/1602/1602 1595/1595/1595 1603/1603/1603
f 1602/1602/1602 1603/1603/1603 1610/1610/1610
f 1603/1603/1603 1604/1604/1604 1612/1612/1612
f 1603/1603/1603 1612/1612/1612 1611/1611/1611
f 1604/1604/1604 1605/1605/1605 1613/1613/1613
f 1604/1604/1604 1613/1613/1613 1612/1612/1612
f 1605/1605/1605 1606/1606/1606 1614/1614/1614
f 1605/1605/1605 1614/1614/1614 1613/1613/1613
f 1606/1606/1606 1607/1607/1607 1615/1615/1615
f 1606/1606/1606 1615/1615/1615 1614/1614/1614
f 1607/1607/1607 1608/1608/1608 1616/1616/1616
f 1607/1607/1607 1616/1616/1616 1615/1615/1615
f 1608/1608/1608 1609/1609/1609 1617/1617/1617
f 1608/1608/1608 1617/1617/1617 1616/1616/1616
f 1609/1609/1609 1610/1610/1610 1618/1618/1618
f 1609/1609/1609 1618/1618/1618 1617/1617/1617
f 1610/1610/1610 1603/1603/1603 1611/1611/1611
f 1610/1610/1610 1611/1611/1611 1618/1618/1618
f 1611/1611/1611 1612/1612/1612 1620/1620/1620
f 1611/1611/1611 1620/1620/1620 1619/1619/1619
f 1612/1612/1612 1613/1613/1613 1621/1621/1621
f 1612/1612/1612 1621/1621/1621 1620/1620/1620
f 1613/1613/1613 1614/1614/1614 1622/1622/1622
f 1613/1613/1613 1622/1622/1622 1621/1621/1621
f 1614/1614/1614 1615/1615/1615 1623/1623/1623
f 1614/1614/1614 1623/1623/1623 1622/1622/1622
f 1615/1615/1615 1616/1616/1616 1624/1624/1624
f 1615/1615/1615 1624/1624/1624 1623/1623/1623
f 1616/1616/1616 1617/1617/1617 1625/1625/1625
f 1616/1616/1616 1625/1625/1625 1624/1624/1624
f 1617/1617/1617 1618/1618/1618 1626/1626/1626
f 1617/1617/1617 1626/1626/1626 1625/1625/1625
f 1618/1618/1618 1611/1611/1611 1619/1619/1619
f 1618/1618/1618 1619/1619/1619 1626/1626/1626
usemtl Skin
f 1627/1627/1627 1628/1628/1628 1636/1636/1636
f 1627/1627/1627 1636/1636/1636 1635/1635/1635
f 1628/1628/1628 1629/1629/1629 1637/1637/1637
f 1628/1628/1628 1637/1637/1637 1636/1636/1636
f 1629/1629/1629 1630/1630/1630 1638/1638/1638
f 1629/1629/1629 1638/1638/1638 1637/1637/1637
f 1630/1630/1630 1631/1631/1631 1639/1639/1639
f 1630/1630/1630 1639/1639/1639 1638/1638/1638
f 1631/1631/1631 1632/1632/1632 1640/1640/1640
f 1631/1631/1631 1640/1640/1640 1639/1639/1639
f 1632/1632/1632 1633/1633/1633 1641/1641/1641
f 1632/1632/1632 1641/1641/1641 1640/1640/1640
f 1633/1633/1633 1634/1634/1634 1642/1642/1642
f 1633/1633/1633 1642/1642/1642 1641/1641/1641
f 1634/1634/1634 1627/1627/1627 1635/1635/1635
f 1634/1634/1634 1635/1635/1635 1642/1642/1642
f 1635/1635/1635 1636/1636/1636 1644/1644/1644
f 1635/1635/1635 1644/1644/1644 1643/1643/1643
f 1636/1636/1636 1637/1637/1637 1645/1645/1645
f 1636/1636/1636 1645/1645/1645 1644/1644/1644
f 1637/1637/1637 1638/1638/1638 1646/1646/1646
f 1637/1637/1637 1646/1646/1646 1645/1645/1645
f 1638/1638/1638 1639/1639/1639 1647/1647/1647
f 1638/1638/1638 1647/1647/1647 1646/1646/1646
f 1639/1639/1639 1640/1640/1640 1648/1648/1648
f 1639/1639/1639 1648/1648/1648 1647/1647/1647
f 1640/1640/1640 1641/1641/1641 1649/1649/1649
f 1640/1640/1640 1649/1649/1649 1648/1648/1648
f 1641/1641/1641 1642/1642/1642 1650/1650/1650
f 1641/1641/1641 1650/1650/1650 1649/1649/1649
f 1642/1642/1642 1635/1635/1635 1643/1643/1643
f 1642/1642/1642 1643/1643/1643 1650/1650/1650
f 1643/1643/1643 1644/1644/1644 1652/1652/1652
f 1643/1643/1643 1652/1652/1652 1651/1651/1651
f 1644/1644/1644 1645/1645/1645 1653/1653/1653
f 1644/1644/1644 1653/1653/1653 1652/1652/1652
f 1645/1645/1645 1646/1646/1646 1654/1654/1654
f 1645/1645/1645 1654/1654/1654 1653/1653/1653
f 1646/1646/1646 1647/1647/1647 1655/1655/1655
f 1646/1646/1646 1655/1655/1655 1654/1654/1654
f 1647/1647/1647 1648/1648/1648 1656/1656/1656
f 1647/1647/1647 1656/1656/1656 1655/1655/1655
f 1648/1648/1648 1649/1649/1649 1657/1657/1657
f 1648/1648/1648 1657/1657/1657 1656/1656/1656
f 1649/1649/1649 1650/1650/1650 1658/1658/1658
f 1649/1649/1649 1658/1658/1658 1657/1657/1657
f 1650/1650/1650 1643/1643/1643 1651/1651/1651
f 1650/1650/1650 1651/1651/1651 1658/1658/1658
f 1651/1651/1651 1652/1652/1652 1660/1660/1660
f 1651/1651/1651 1660/1660/1660 1659/1659/1659
f 1652/1652/1652 1653/1653/1653 1661/1661/1661
f 1652/1652/1652 1661/1661/1661 1660/1660/1660
f 1653/1653/1653 1654/1654/1654 1662/1662/1662
f 1653/1653/1653 1662/1662/1662 1661/1661/1661
f 1654/1654/1654 1655/1655/1655 1663/1663/1663
f 1654/1654/1654 1663/1663/1663 1662/1662/1662
f 1655/1655/1655 1656/1656/1656 1664/1664/1664
f 1655/1655/1655 1664/1664/1664 1663/1663/1663
f 1656/1656/1656 1657/1657/1657 1665/1665/1665
f 1656/1656/1656 1665/1665/1665 1664/1664/1664
f 1657/1657/1657 1658/1658/1658 1666/1666/1666
f 1657/1657/1657 1666/1666/1666 1665/1665/1665
f 1658/1658/1658 1651/1651/1651 1659/1659/1659
f 1658/1658/1658 1659/1659/1659 1666/1666/1666
f 1659/1659/1659 1660/1660/1660 1668/1668/1668
f 1659/1659/1659 1668/1668/1668 1667/1667/1667
f 1660/1660/1660 1661/1661/1661 1669/1669/1669
f 1660/1660/1660 1669/1669/1669 1668/1668/1668
f 1661/1661/1661 1662/1662/1662 1670/1670/1670
f 1661/1661/1661 1670/1670/1670 1669/1669/1669
f 1662/1662/1662 1663/1663/1663 1671/1671/1671
f 1662/1662/1662 1671/1671/1671 1670/1670/1670
f 1663/1663/1663 1664/1664/1664 1672/1672/1672
f 1663/1663/1663 1672/1672/1672 1671/1671/1671
f 1664/1664/1664 1665/1665/1665 1673/1673/1673
f 1664/1664/1664 1673/1673/1673 1672/1672/1672
f 1665/1665/1665 1666/1666/1666 1674/1674/1674
f 1665/1665/1665 1674/1674/1674 1673/1673/1673
f 1666/1666/1666 1659/1659/1659 1667/1667/1667
f 1666/1666/1666 1667/1667/1667 1674/1674/1674
f 1667/1667/1667 1668/1668/1668 1676/1676/1676
f 1667/1667/1667 1676/1676/1676 1675/1675/1675
f 1668/1668/1668 1669/1669/1669 1677/1677/1677
f 1668/1668/1668 1677/1677/1677 1676/1676/1676
f 1669/1669/1669 1670/1670/1670 1678/1678/1678
f 1669/1669/1669 1678/1678/1678 1677/1677/1677
f 1670/1670/1670 1671/1671/1671 1679/1679/1679
f 1670/1670/1670 1679/1679/1679 1678/1678/1678
f 1671/1671/1671 1672/1672/1672 1680/1680/1680
f 1671/1671/1671 1680/1680/1680 1679/1679/1679
f 1672/1672/1672 1673/1673/1673 1681/1681/1681
f 1672/1672/1672 1681/1681/1681 1680/1680/1680
f 1673/1673/1673 1674/1674/1674 1682/1682/1682
f 1673/1673/1673 1682/1682/1682 1681/1681/1681
f 1674/1674/1674 1667/1667/1667 1675/1675/1675
f 1674/1674/1674 1675/1675/1675 1682/1682/1682
usemtl Skin
f 1683/1683/1683 1684/1684/1684 1694/1694/1694
f 1683/1683/1683 1694/1694/1694 1693/1693/1693
f 1684/1684/1684 1685/1685/1685 1695/1695/1695
f 1684/1684/1684 1695/1695/1695 1694/1694/1694
f 1685/1685/1685 1686/1686/1686 1696/1696/1696
f 1685/1685/1685 1696/1696/1696 1695/1695/1695
f 1686/1686/1686 1687/1687/1687 1697/1697/1697
f 1686/1686/1686 1697/1697/1697 1696/1696/1696
f 1687/1687/1687 1688/1688/1688 1698/1698/1698
f 1687/1687/1687 1698/1698/1698 1697/1697/1697
f 1688/1688/1688 1689/1689/1689 1699/1699/1699
f 1688/1688/1688 1699/1699/1699 1698/1698/1698
f 1689/1689/1689 1690/1690/1690 1700/1700/1700
f 1689/1689/1689 1700/1700/1700 1699/1699/1699
f 1690/1690/1690 1691/1691/1691 1701/1701/1701
f 1690/1690/1690 1701/1701/1701 1700/1700/1700
f 1691/1691/1691 1692/1692/1692 1702/1702/1702
f 1691/1691/1691 1702/1702/1702 1701/1701/1701
f 1692/1692/1692 1683/1683/1683 1693/1693/1693
f 1692/1692/1692 1693/1693/1693 1702/1702/1702
f 1693/1693/1693 1694/1694/1694 1704/1704/1704
f 1693/1693/1693 1704/1704/1704 1703/1703/1703
f 1694/1694/1694 1695/1695/1695 1705/1705/1705
f 1694/1694/1694 1705/1705/1705 1704/1704/1704
f 1695/1695/1695 1696/1696/1696 1706/1706/1706
f 1695/1695/1695 1706/1706/1706 1705/1705/1705
f 1696/1696/1696 1697/1697/1697 1707/1707/1707
f 1696/1696/1696 1707/1707/1707 1706/1706/1706
f 1697/1697/1697 1698/1698/1698 1708/1708/1708
f 1697/1697/1697 1708/1708/1708 1707/1707/1707
f 1698/1698/1698 1699/1699/1699 1709/1709/1709
f 1698/1698/1698 1709/1709/1709 1708/1708/1708
f 1699/1699/1699 1700/1700/1700 1710/1710/1710
f 1699/1699/1699 1710/1710/1710 1709/1709/1709
f 1700/1700/1700 1701/1701/1701 1711/1711/1711
f 1700/1700/1700 1711/1711/1711 1710/1710/1710
f 1701/1701/1701 1702/1702/1702 1712/1712/1712
f 1701/1701/1701 1712/1712/1712 1711/1711/1711
f 1702/1702/1702 1693/1693/1693 1703/1703/1703
f 1702/1702/1702 1703/1703/1703 1712/1712/1712
f 1703/1703/1703 1704/1704/1704 1714/1714/1714
f 1703/1703/1703 1714/1714/1714 1713/1713/1713
f 1704/1704/1704 1705/1705/1705 1715/1715/1715
f 1704/1704/1704 1715/1715/1715 1714/1714/1714
f 1705/1705/1705 1706/1706/1706 1716/1716/1716
f 1705/1705/1705 1716/1716/1716 1715/1715/1715
f 1706/1706/1706 1707/1707/1707 1717/1717/1717
f 1706/1706/1706 1717/1717/1717 1716/1716/1716
f 1707/1707/1707 1708/1708/1708 1718/1718/1718
f 1707/1707/1707 1718/1718/1718 1717/1717/1717
f 1708/1708/1708 1709/1709/1709 1719/1719/1719
f 1708/1708/1708 1719/1719/1719 1718/1718/1718
f 1709/1709/1709 1710/1710/1710 1720/1720/1720
f 1709/1709/1709 1720/1720/1720 1719/1719/1719
f 1710/1710/1710 1711/1711/1711 1721/1721/1721
f 1710/1710/1710 1721/1721/1721 1720/1720/1720
f 1711/1711/1711 1712/1712/1712 1722/1722/1722
f 1711/1711/1711 1722/1722/1722 1721/1721/1721
f 1712/1712/1712 1703/1703/1703 1713/1713/1713
f 1712/1712/1712 1713/1713/1713 1722/1722/1722
f 1713/1713/1713 1714/1714/1714 1724/1724/1724
f 1713/1713/1713 1724/1724/1724 1723/1723/1723
f 1714/1714/1714 1715/1715/1715 1725/1725/1725
f 1714/1714/1714 1725/1725/1725 1724/1724/1724
f 1715/1715/1715 1716/1716/1716 1726/1726/1726
f 1715/1715/1715 1726/1726/1726 1725/1725/1725
f 1716/1716/1716 1717/1717/1717 1727/1727/1727
f 1716/1716/1716 1727/1727/1727 1726/1726/1726
f 1717/1717/1717 1718/1718/1718 1728/1728/1728
f 1717/1717/1717 1728/1728/1728 1727/1727/1727
f 1718/1718/1718 1719/1719/1719 1729/1729/1729
f 1718/1718/1718 1729/1729/1729 1728/1728/1728
f 1719/1719/1719 1720/1720/1720 1730/1730/1730
f 1719/1719/1719 1730/1730/1730 1729/1729/1729
f 1720/1720/1720 1721/1721/1721 1731/1731/1731
f 1720/1720/1720 1731/1731/1731 1730/1730/1730
f 1721/1721/1721 1722/1722/1722 1732/1732/1732
f 1721/1721/1721 1732/1732/1732 1731/1731/1731
f 1722/1722/1722 1713/1713/1713 1723/1723/1723
f 1722/1722/1722 1723/1723/1723 1732/1732/1732
f 1723/1723/1723 1724/1724/1724 1734/1734/1734
f 1723/1723/1723 1734/1734/1734 1733/1733/1733
f 1724/1724/1724 1725/1725/1725 1735/1735/1735
f 1724/1724/1724 1735/1735/1735 1734/1734/1734
f 1725/1725/1725 1726/1726/1726 1736/1736/1736
f 1725/1725/1725 1736/1736/1736 1735/1735/1735
f 1726/1726/1726 1727/1727/1727 1737/1737/1737
f 1726/1726/1726 1737/1737/1737 1736/1736/1736
f 1727/1727/1727 1728/1728/1728 1738/1738/1738
f 1727/1727/1727 1738/1738/1738 1737/1737/1737
f 1728/1728/1728 1729/1729/1729 1739/1739/1739
f 1728/1728/1728 1739/1739/1739 1738/1738/1738
f 1729/1729/1729 1730/1730/1730 1740/1740/1740
f 1729/1729/1729 1740/1740/1740 1739/1739/1739
f 1730/1730/1730 1731/1731/1731 1741/1741/1741
f 1730/1730/1730 1741/1741/1741 1740/1740/1740
f 1731/1731/1731 1732/1732/1732 1742/1742/1742
f 1731/1731/1731 1742/1742/1742 1741/1741/1741
f 1732/1732/1732 1723/1723/1723 1733/1733/1733
f 1732/1732/1732 1733/1733/1733 1742/1742/1742
f 1733/1733/1733 1734/1734/1734 1744/1744/1744
f 1733/1733/1733 1744/1744/1744 1743/1743/1743
f 1734/1734/1734 1735/1735/1735 1745/1745/1745
f 1734/1734/1734 1745/1745/1745 1744/1744/1744
f 1735/1735/1735 1736/1736/1736 1746/1746/1746
f 1735/1735/1735 1746/1746/1746 1745/1745/1745
f 1736/1736/1736 1737/1737/1737 1747/1747/1747
f 1736/1736/1736 1747/1747/1747 1746/1746/1746
f 1737/1737/1737 1738/1738/1738 1748/1748/1748
f 1737/1737/1737 1748/1748/1748 1747/1747/1747
f 1738/1738/1738 1739/1739/1739 1749/1749/1749
f 1738/1738/1738 1749/1749/1749 1748/1748/1748
f 1739/1739/1739 1740/1740/1740 1750/1750/1750
f 1739/1739/1739 1750/1750/1750 1749/1749/1749
f 1740/1740/1740 1741/1741/1741 1751/1751/1751
f 1740/1740/1740 1751/1751/1751 1750/1750/1750
f 1741/1741/1741 1742/1742/1742 1752/1752/1752
f 1741/1741/1741 1752/1752/1752 1751/1751/1751
f 1742/1742/1742 1733/1733/1733 1743/1743/1743
f 1742/1742/1742 1743/1743/1743 1752/1752/1752
usemtl Skin
f 1753/1753/1753 1754/1754/1754 1762/1762/1762
f 1753/1753/1753 1762/1762/1762 1761/1761/1761
f 1754/1754/1754 1755/1755/1755 1763/1763/1763
f 1754/1754/1754 1763/1763/1763 1762/1762/1762
f 1755/1755/1755 1756/1756/1756 1764/1764/1764
f 1755/1755/1755 1764/1764/1764 1763/1763/1763
f 1756/1756/1756 1757/1757/1757 1765/1765/1765
f 1756/1756/1756 1765/1765/1765 1764/1764/1764
f 1757/1757/1757 1758/1758/1758 1766/1766/1766
f 1757/1757/1757 1766/1766/1766 1765/1765/1765
f 1758/1758/1758 1759/1759/1759 1767/1767/1767
f 1758/1758/1758 1767/1767/1767 1766/1766/1766
f 1759/1759/1759 1760/1760/1760 1768/1768/1768
f 1759/1759/1759 1768/1768/1768 1767/1767/1767
f 1760/1760/1760 1753/1753/1753 1761/1761/1761
f 1760/1760/1760 1761/1761/1761 1768/1768/1768
f 1761/1761/1761 1762/1762/1762 1770/1770/1770
f 1761/1761/1761 1770/1770/1770 1769/1769/1769
f 1762/1762/1762 1763/1763/1763 1771/1771/1771
f 1762/1762/1762 1771/1771/1771 1770/1770/1770
f 1763/1763/1763 1764/1764/1764 1772/1772/1772
f 1763/1763/1763 1772/1772/1772 1771/1771/1771
f 1764/1764/1764 1765/1765/1765 1773/1773/1773
f 1764/1764/1764 1773/1773/1773 1772/1772/1772
f 1765/1765/1765 1766/1766/1766 1774/1774/1774
f 1765/1765/1765 1774/1774/1774 1773/1773/1773
f 1766/1766/1766 1767/1767/1767 1775/1775/1775
f 1766/1766/1766 1775/1775/1775 1774/1774/1774
f 1767/1767/1767 1768/1768/1768 1776/1776/1776
f 1767/1767/1767 1776/1776/1776 1775/1775/1775
f 1768/1768/1768 1761/1761/1761 1769/1769/1769
f 1768/1768/1768 1769/1769/1769 1776/1776/1776
f 1769/1769/1769 1770/1770/1770 1778/1778/1778
f 1769/1769/1769 1778/1778/1778 1777/1777/1777
f 1770/1770/1770 1771/1771/1771 1779/1779/1779
f 1770/1770/1770 1779/1779/1779 1778/1778/1778
f 1771/1771/1771 1772/1772/1772 1780/1780/1780
f 1771/1771/1771 1780/1780/1780 1779/1779/1779
f 1772/1772/1772 1773/1773/1773 1781/1781/1781
f 1772/1772/1772 1781/1781/1781 1780/1780/1780
f 1773/1773/1773 1774/1774/1774 1782/1782/1782
f 1773/1773/1773 1782/1782/1782 1781/1781/1781
f 1774/1774/1774 1775/1775/1775 1783/1783/1783
f 1774/1774/1774 1783/1783/1783 1782/1782/1782
f 1775/1775/1775 1776/1776/1776 1784/1784/1784
f 1775/1775/1775 1784/1784/1784 1783/1783/1783
f 1776/1776/1776 1769/1769/1769 1777/1777/1777
f 1776/1776/1776 1777/1777/1777 1784/1784/1784
f 1777/1777/1777 1778/1778/1778 1786/1786/1786
f 1777/1777/1777 1786/1786/1786 1785/1785/1785
f 1778/1778/1778 1779/1779/1779 1787/1787/1787
f 1778/1778/1778 1787/1787/1787 1786/1786/1786
f 1779/1779/1779 1780/1780/1780 1788/1788/1788
f 1779/1779/1779 1788/1788/1788 1787/1787/1787
f 1780/1780/1780 1781/1781/1781 1789/1789/1789
f 1780/1780/1780 1789/1789/1789 1788/1788/1788
f 1781/1781/1781 1782/1782/1782 1790/1790/1790
f 1781/1781/1781 1790/1790/1790 1789/1789/1789
f 1782/1782/1782 1783/1783/1783 1791/1791/1791
f 1782/1782/1782 1791/1791/1791 1790/1790/1790
f 1783/1783/1783 1784/1784/1784 1792/1792/1792
f 1783/1783/1783 1792/1792/1792 1791/1791/1791
f 1784/1784/1784 1777/1777/1777 1785/1785/1785
f 1784/1784/1784 1785/1785/1785 1792/1792/1792
f 1785/1785/1785 1786/1786/1786 1794/1794/1794
f 1785/1785/1785 1794/1794/1794 1793/1793/1793
f 1786/1786/1786 1787/1787/1787 1795/1795/1795
f 1786/1786/1786 1795/1795/1795 1794/1794/1794
f 1787/1787/1787 1788/1788/1788 1796/1796/1796
f 1787/1787/1787 1796/1796/1796 1795/1795/1795
f 1788/1788/1788 1789/1789/1789 1797/1797/1797
f 1788/1788/1788 1797/1797/1797 1796/1796/1796
f 1789/1789/1789 1790/1790/1790 1798/1798/1798
f 1789/1789/1789 1798/1798/1798 1797/1797/1797
f 1790/1790/1790 1791/1791/1791 1799/1799/1799
f 1790/1790/1790 1799/1799/1799 1798/1798/1798
f 1791/1791/1791 1792/1792/1792 1800/1800/1800
f 1791/1791/1791 1800/1800/1800 1799/1799/1799
f 1792/1792/1792 1785/1785/1785 1793/1793/1793
f 1792/1792/1792 1793/1793/1793 1800/1800/1800
usemtl Lip
f 1801/1801/1801 1802/1802/1802 1810/1810/1810
f 1801/1801/1801 1810/1810/1810 1809/1809/1809
f 1802/1802/1802 1803/1803/1803 1811/1811/1811
f 1802/1802/1802 1811/1811/1811 1810/1810/1810
f 1803/1803/1803 1804/1804/1804 1812/1812/1812
f 1803/1803/1803 1812/1812/1812 1811/1811/1811
f 1804/1804/1804 1805/1805/1805 1813/1813/1813
f 1804/1804/1804 1813/1813/1813 1812/1812/1812
f 1805/1805/1805 1806/1806/1806 1814/1814/1814
f 1805/1805/1805 1814/1814/1814 1813/1813/1813
f 1806/1806/1806 1807/1807/1807 1815/1815/1815
f 1806/1806/1806 1815/1815/1815 1814/1814/1814
f 1807/1807/1807 1808/1808/1808 1816/1816/1816
f 1807/1807/1807 1816/1816/1816 1815/1815/1815
f 1808/1808/1808 1801/1801/1801 1809/1809/1809
f 1808/1808/1808 1809/1809/1809 1816/1816/1816
f 1809/1809/1809 1810/1810/1810 1818/1818/1818
f 1809/1809/1809 1818/1818/1818 1817/1817/1817
f 1810/1810/1810 1811/1811/1811 1819/1819/1819
f 1810/1810/1810 1819/1819/1819 1818/1818/1818
f 1811/1811/1811 1812/1812/1812 1820/1820/1820
f 1811/1811/1811 1820/1820/1820 1819/1819/1819
f 1812/1812/1812 1813/1813/1813 1821/1821/1821
f 1812/1812/1812 1821/1821/1821 1820/1820/1820
f 1813/1813/1813 1814/1814/1814 1822/1822/1822
f 1813/1813/1813 1822/1822/1822 1821/1821/1821
f 1814/1814/1814 1815/1815/1815 1823/1823/1823
f 1814/1814/1814 1823/1823/1823 1822/1822/1822
f 1815/1815/1815 1816/1816/1816 1824/1824/1824
f 1815/1815/1815 1824/1824/1824 1823/1823/1823
f 1816/1816/1816 1809/1809/1809 1817/1817/1817
f 1816/1816/1816 1817/1817/1817 1824/1824/1824
f 1817/1817/1817 1818/1818/1818 1826/1826/1826
f 1817/1817/1817 1826/1826/1826 1825/1825/1825
f 1818/1818/1818 1819/1819/1819 1827/1827/1827
f 1818/1818/1818 1827/1827/1827 1826/1826/1826
f 1819/1819/1819 1820/1820/1820 1828/1828/1828
f 1819/1819/1819 1828/1828/1828 1827/1827/1827
f 1820/1820/1820 1821/1821/1821 1829/1829/1829
f 1820/1820/1820 1829/1829/1829 1828/1828/1828
f 1821/1821/1821 1822/1822/1822 1830/1830/1830
f 1821/1821/1821 1830/1830/1830 1829/1829/1829
f 1822/1822/1822 1823/1823/1823 1831/1831/1831
f 1822/1822/1822 1831/1831/1831 1830/1830/1830
f 1823/1823/1823 1824/1824/1824 1832/1832/1832
f 1823/1823/1823 1832/1832/1832 1831/1831/1831
f 1824/1824/1824 1817/1817/1817 1825/1825/1825
f 1824/1824/1824 1825/1825/1825 1832/1832/1832
f 1825/1825/1825 1826/1826/1826 1834/1834/1834
f 1825/1825/1825 1834/1834/1834 1833/1833/1833
f 1826/1826/1826 1827/1827/1827 1835/1835/1835
f 1826/1826/1826 1835/1835/1835 1834/1834/1834
f 1827/1827/1827 1828/1828/1828 1836/1836/1836
f 1827/1827/1827 1836/1836/1836 1835/1835/1835
f 1828/1828/1828 1829/1829/1829 1837/1837/1837
f 1828/1828/1828 1837/1837/1837 1836/1836/1836
f 1829/1829/1829 1830/1830/1830 1838/1838/1838
f 1829/1829/1829 1838/1838/1838 1837/1837/1837
f 1830/1830/1830 1831/1831/1831 1839/1839/1839
f 1830/1830/1830 1839/1839/1839 1838/1838/1838
f 1831/1831/1831 1832/1832/1832 1840/1840/1840
f 1831/1831/1831 1840/1840/1840 1839/1839/1839
f 1832/1832/1832 1825/1825/1825 1833/1833/1833
f 1832/1832/1832 1833/1833/1833 1840/1840/1840
usemtl Lip
f 1841/1841/1841 1842/1842/1842 1850/1850/1850
f 1841/1841/1841 1850/1850/1850 1849/1849/1849
f 1842/1842/1842 1843/1843/1843 1851/1851/1851
f 1842/1842/1842 1851/1851/1851 1850/1850/1850
f 1843/1843/1843 1844/1844/1844 1852/1852/1852
f 1843/1843/1843 1852/1852/1852 1851/1851/1851
f 1844/1844/1844 1845/1845/1845 1853/1853/1853
f 1844/1844/1844 1853/1853/1853 1852/1852/1852
f 1845/1845/1845 1846/1846/1846 1854/1854/1854
f 1845/1845/1845 1854/1854/1854 1853/1853/1853
f 1846/1846/1846 1847/1847/1847 1855/1855/1855
f 1846/1846/1846 1855/1855/1855 1854/1854/1854
f 1847/1847/1847 1848/1848/1848 1856/1856/1856
f 1847/1847/1847 1856/1856/1856 1855/1855/1855
f 1848/1848/1848 1841/1841/1841 1849/1849/1849
f 1848/1848/1848 1849/1849/1849 1856/1856/1856
f 1849/1849/1849 1850/1850/1850 1858/1858/1858
f 1849/1849/1849 1858/1858/1858 1857/1857/1857
f 1850/1850/1850 1851/1851/1851 1859/1859/1859
f 1850/1850/1850 1859/1859/1859 1858/1858/1858
f 1851/1851/1851 1852/1852/1852 1860/1860/1860
f 1851/1851/1851 1860/1860/1860 1859/1859/1859
f 1852/1852/1852 1853/1853/1853 1861/1861/1861
f 1852/1852/1852 1861/1861/1861 1860/1860/1860
f 1853/1853/1853 1854/1854/1854 1862/1862/1862
f 1853/1853/1853 1862/1862/1862 1861/1861/1861
f 1854/1854/1854 1855/1855/1855 1863/1863/1863
f 1854/1854/1854 1863/1863/1863 1862/1862/1862
f 1855/1855/1855 1856/1856/1856 1864/1864/1864
f 1855/1855/1855 1864/1864/1864 1863/1863/1863
f 1856/1856/1856 1849/1849/1849 1857/1857/1857
f 1856/1856/1856 1857/1857/1857 1864/1864/1864
f 1857/1857/1857 1858/1858/1858 1866/1866/1866
f 1857/1857/1857 1866/1866/1866 1865/1865/1865
f 1858/1858/1858 1859/1859/1859 1867/1867/1867
f 1858/1858/1858 1867/1867/1867 1866/1866/1866
f 1859/1859/1859 1860/1860/1860 1868/1868/1868
f 1859/1859/1859 1868/1868/1868 1867/1867/1867
f 1860/1860/1860 1861/1861/1861 1869/1869/1869
f 1860/1860/1860 1869/1869/1869 1868/1868/1868
f 1861/1861/1861 1862/1862/1862 1870/1870/1870
f 1861/1861/1861 1870/1870/1870 1869/1869/1869
f 1862/1862/1862 1863/1863/1863 1871/1871/1871
f 1862/1862/1862 1871/1871/1871 1870/1870/1870
f 1863/1863/1863 1864/1864/1864 1872/1872/1872
f 1863/1863/1863 1872/1872/1872 1871/1871/1871
f 1864/1864/1864 1857/1857/1857 1865/1865/1865
f 1864/1864/1864 1865/1865/1865 1872/1872/1872
f 1865/1865/1865 1866/1866/1866 1874/1874/1874
f 1865/1865/1865 1874/1874/1874 1873/1873/1873
f 1866/1866/1866 1867/1867/1867 1875/1875/1875
f 1866/1866/1866 1875/1875/1875 1874/1874/1874
f 1867/1867/1867 1868/1868/1868 1876/1876/1876
f 1867/1867/1867 1876/1876/1876 1875/1875/1875
f 1868/1868/1868 1869/1869/1869 1877/1877/1877
f 1868/1868/1868 1877/1877/1877 1876/1876/1876
f 1869/1869/1869 1870/1870/1870 1878/1878/1878
f 1869/1869/1869 1878/1878/1878 1877/1877/1877
f 1870/1870/1870 1871/1871/1871 1879/1879/1879
f 1870/1870/1870 1879/1879/1879 1878/1878/1878
f 1871/1871/1871 1872/1872/1872 1880/1880/1880
f 1871/1871/1871 1880/1880/1880 1879/1879/1879
f 1872/1872/1872 1865/1865/1865 1873/1873/1873
f 1872/1872/1872 1873/1873/1873 1880/1880/1880
usemtl Skin
f 1881/1881/1881 1882/1882/1882 1888/1888/1888
f 1881/1881/1881 1888/1888/1888 1887/1887/1887
f 1882/1882/1882 1883/1883/1883 1889/1889/1889
f 1882/1882/1882 1889/1889/1889 1888/1888/1888
f 1883/1883/1883 1884/1884/1884 1890/1890/1890
f 1883/1883/1883 1890/1890/1890 1889/1889/1889
f 1884/1884/1884 1885/1885/1885 1891/1891/1891
f 1884/1884/1884 1891/1891/1891 1890/1890/1890
f 1885/1885/1885 1886/1886/1886 1892/1892/1892
f 1885/1885/1885 1892/1892/1892 1891/1891/1891
f 1886/1886/1886 1881/1881/1881 1887/1887/1887
f 1886/1886/1886 1887/1887/1887 1892/1892/1892
f 1887/1887/1887 1888/1888/1888 1894/1894/1894
f 1887/1887/1887 1894/1894/1894 1893/1893/1893
f 1888/1888/1888 1889/1889/1889 1895/1895/1895
f 1888/1888/1888 1895/1895/1895 1894/1894/1894
f 1889/1889/1889 1890/1890/1890 1896/1896/1896
f 1889/1889/1889 1896/1896/1896 1895/1895/1895
f 1890/1890/1890 1891/1891/1891 1897/1897/1897
f 1890/1890/1890 1897/1897/1897 1896/1896/1896
f 1891/1891/1891 1892/1892/1892 1898/1898/1898
f 1891/1891/1891 1898/1898/1898 1897/1897/1897
f 1892/1892/1892 1887/1887/1887 1893/1893/1893
f 1892/1892/1892 1893/1893/1893 1898/1898/1898
f 1893/1893/1893 1894/1894/1894 1900/1900/1900
f 1893/1893/1893 1900/1900/1900 1899/1899/1899
f 1894/1894/1894 1895/1895/1895 1901/1901/1901
f 1894/1894/1894 1901/1901/1901 1900/1900/1900
f 1895/1895/1895 1896/1896/1896 1902/1902/1902
f 1895/1895/1895 1902/1902/1902 1901/1901/1901
f 1896/1896/1896 1897/1897/1897 1903/1903/1903
f 1896/1896/1896 1903/1903/1903 1902/1902/1902
f 1897/1897/1897 1898/1898/1898 1904/1904/1904
f 1897/1897/1897 1904/1904/1904 1903/1903/1903
f 1898/1898/1898 1893/1893/1893 1899/1899/1899
f 1898/1898/1898 1899/1899/1899 1904/1904/1904
f 1899/1899/1899 1900/1900/1900 1906/1906/1906
f 1899/1899/1899 1906/1906/1906 1905/1905/1905
f 1900/1900/1900 1901/1901/1901 1907/1907/1907
f 1900/1900/1900 1907/1907/1907 1906/1906/1906
f 1901/1901/1901 1902/1902/1902 1908/1908/1908
f 1901/1901/1901 1908/1908/1908 1907/1907/1907
f 1902/1902/1902 1903/1903/1903 1909/1909/1909
f 1902/1902/1902 1909/1909/1909 1908/1908/1908
f 1903/1903/1903 1904/1904/1904 1910/1910/1910
f 1903/1903/1903 1910/1910/1910 1909/1909/1909
f 1904/1904/1904 1899/1899/1899 1905/1905/1905
f 1904/1904/1904 1905/1905/1905 1910/1910/1910
usemtl EyeWhite
f 1911/1911/1911 1912/1912/1912 1920/1920/1920
f 1911/1911/1911 1920/1920/1920 1919/1919/1919
f 1912/1912/1912 1913/1913/1913 1921/1921/1921
f 1912/1912/1912 1921/1921/1921 1920/1920/1920
f 1913/1913/1913 1914/1914/1914 1922/1922/1922
f 1913/1913/1913 1922/1922/1922 1921/1921/1921
f 1914/1914/1914 1915/1915/1915 1923/1923/1923
f 1914/1914/1914 1923/1923/1923 1922/1922/1922
f 1915/1915/1915 1916/1916/1916 1924/1924/1924
f 1915/1915/1915 1924/1924/1924 1923/1923/1923
f 1916/1916/1916 1917/1917/1917 1925/1925/1925
f 1916/1916/1916 1925/1925/1925 1924/1924/1924
f 1917/1917/1917 1918/1918/1918 1926/1926/1926
f 1917/1917/1917 1926/1926/1926 1925/1925/1925
f 1918/1918/1918 1911/1911/1911 1919/1919/1919
f 1918/1918/1918 1919/1919/1919 1926/1926/1926
f 1919/1919/1919 1920/1920/1920 1928/1928/1928
f 1919/1919/1919 1928/1928/1928 1927/1927/1927
f 1920/1920/1920 1921/1921/1921 1929/1929/1929
f 1920/1920/1920 1929/1929/1929 1928/1928/1928
f 1921/1921/1921 1922/1922/1922 1930/1930/1930
f 1921/1921/1921 1930/1930/1930 1929/1929/1929
f 1922/1922/1922 1923/1923/1923 1931/1931/1931
f 1922/1922/1922 1931/1931/1931 1930/1930/1930
f 1923/1923/1923 1924/1924/1924 1932/1932/1932
f 1923/1923/1923 1932/1932/1932 1931/1931/1931
f 1924/1924/1924 1925/1925/1925 1933/1933/1933
f 1924/1924/1924 1933/1933/1933 1932/1932/1932
f 1925/1925/1925 1926/1926/1926 1934/1934/1934
f 1925/1925/1925 1934/1934/1934 1933/1933/1933
f 1926/1926/1926 1919/1919/1919 1927/1927/1927
f 1926/1926/1926 1927/1927/1927 1934/1934/1934
f 1927/1927/1927 1928/1928/1928 1936/1936/1936
f 1927/1927/1927 1936/1936/1936 1935/1935/1935
f 1928/1928/1928 1929/1929/1929 1937/1937/1937
f 1928/1928/1928 1937/1937/1937 1936/1936/1936
f 1929/1929/1929 1930/1930/1930 1938/1938/1938
f 1929/1929/1929 1938/1938/1938 1937/1937/1937
f 1930/1930/1930 1931/1931/1931 1939/1939/1939
f 1930/1930/1930 1939/1939/1939 1938/1938/1938
f 1931/1931/1931 1932/1932/1932 1940/1940/1940
f 1931/1931/1931 1940/1940/1940 1939/1939/1939
f 1932/1932/1932 1933/1933/1933 1941/1941/1941
f 1932/1932/1932 1941/1941/1941 1940/1940/1940
f 1933/1933/1933 1934/1934/1934 1942/1942/1942
f 1933/1933/1933 1942/1942/1942 1941/1941/1941
f 1934/1934/1934 1927/1927/1927 1935/1935/1935
f 1934/1934/1934 1935/1935/1935 1942/1942/1942
f 1935/1935/1935 1936/1936/1936 1944/1944/1944
f 1935/1935/1935 1944/1944/1944 1943/1943/1943
f 1936/1936/1936 1937/1937/1937 1945/1945/1945
f 1936/1936/1936 1945/1945/1945 1944/1944/1944
f 1937/1937/1937 1938/1938/1938 1946/1946/1946
f 1937/1937/1937 1946/1946/1946 1945/1945/1945
f 1938/1938/1938 1939/1939/1939 1947/1947/1947
f 1938/1938/1938 1947/1947/1947 1946/1946/1946
f 1939/1939/1939 1940/1940/1940 1948/1948/1948
f 1939/1939/1939 1948/1948/1948 1947/1947/1947
f 1940/1940/1940 1941/1941/1941 1949/1949/1949
f 1940/1940/1940 1949/1949/1949 1948/1948/1948
f 1941/1941/1941 1942/1942/1942 1950/1950/1950
f 1941/1941/1941 1950/1950/1950 1949/1949/1949
f 1942/1942/1942 1935/1935/1935 1943/1943/1943
f 1942/1942/1942 1943/1943/1943 1950/1950/1950
f 1943/1943/1943 1944/1944/1944 1952/1952/1952
f 1943/1943/1943 1952/1952/1952 1951/1951/1951
f 1944/1944/1944 1945/1945/1945 1953/1953/1953
f 1944/1944/1944 1953/1953/1953 1952/1952/1952
f 1945/1945/1945 1946/1946/1946 1954/1954/1954
f 1945/1945/1945 1954/1954/1954 1953/1953/1953
f 1946/1946/1946 1947/1947/1947 1955/1955/1955
f 1946/1946/1946 1955/1955/1955 1954/1954/1954
f 1947/1947/1947 1948/1948/1948 1956/1956/1956
f 1947/1947/1947 1956/1956/1956 1955/1955/1955
f 1948/1948/1948 1949/1949/1949 1957/1957/1957
f 1948/1948/1948 1957/1957/1957 1956/1956/1956
f 1949/1949/1949 1950/1950/1950 1958/1958/1958
f 1949/1949/1949 1958/1958/1958 1957/1957/1957
f 1950/1950/1950 1943/1943/1943 1951/1951/1951
f 1950/1950/1950 1951/1951/1951 1958/1958/1958
f 1951/1951/1951 1952/1952/1952 1960/1960/1960
f 1951/1951/1951 1960/1960/1960 1959/1959/1959
f 1952/1952/1952 1953/1953/1953 1961/1961/1961
f 1952/1952/1952 1961/1961/1961 1960/1960/1960
f 1953/1953/1953 1954/1954/1954 1962/1962/1962
f 1953/1953/1953 1962/1962/1962 1961/1961/1961
f 1954/1954/1954 1955/1955/1955 1963/1963/1963
f 1954/1954/1954 1963/1963/1963 1962/1962/1962
f 1955/1955/1955 1956/1956/1956 1964/1964/1964
f 1955/1955/1955 1964/1964/1964 1963/1963/1963
f 1956/1956/1956 1957/1957/1957 1965/1965/1965
f 1956/1956/1956 1965/1965/1965 1964/1964/1964
f 1957/1957/1957 1958/1958/1958 1966/1966/1966
f 1957/1957/1957 1966/1966/1966 1965/1965/1965
f 1958/1958/1958 1951/1951/1951 1959/1959/1959
f 1958/1958/1958 1959/1959/1959 1966/1966/1966
usemtl Iris
f 1967/1967/1967 1968/1968/1968 1975/1975/1975
f 1967/1967/1967 1975/1975/1975 1974/1974/1974
f 1968/1968/1968 1969/1969/1969 1976/1976/1976
f 1968/1968/1968 1976/1976/1976 1975/1975/1975
f 1969/1969/1969 1970/1970/1970 1977/1977/1977
f 1969/1969/1969 1977/1977/1977 1976/1976/1976
f 1970/1970/1970 1971/1971/1971 1978/1978/1978
f 1970/1970/1970 1978/1978/1978 1977/1977/1977
f 1971/1971/1971 1972/1972/1972 1979/1979/1979
f 1971/1971/1971 1979/1979/1979 1978/1978/1978
f 1972/1972/1972 1973/1973/1973 1980/1980/1980
f 1972/1972/1972 1980/1980/1980 1979/1979/1979
f 1973/1973/1973 1967/1967/1967 1974/1974/1974
f 1973/1973/1973 1974/1974/1974 1980/1980/1980
f 1974/1974/1974 1975/1975/1975 1982/1982/1982
f 1974/1974/1974 1982/1982/1982 1981/1981/1981
f 1975/1975/1975 1976/1976/1976 1983/1983/1983
f 1975/1975/1975 1983/1983/1983 1982/1982/1982
f 1976/1976/1976 1977/1977/1977 1984/1984/1984
f 1976/1976/1976 1984/1984/1984 1983/1983/1983
f 1977/1977/1977 1978/1978/1978 1985/1985/1985
f 1977/1977/1977 1985/1985/1985 1984/1984/1984
f 1978/1978/1978 1979/1979/1979 1986/1986/1986
f 1978/1978/1978 1986/1986/1986 1985/1985/1985
f 1979/1979/1979 1980/1980/1980 1987/1987/1987
f 1979/1979/1979 1987/1987/1987 1986/1986/1986
f 1980/1980/1980 1974/1974/1974 1981/1981/1981
f 1980/1980/1980 1981/1981/1981 1987/1987/1987
f 1981/1981/1981 1982/1982/1982 1989/1989/1989
f 1981/1981/1981 1989/1989/1989 1988/1988/1988
f 1982/1982/1982 1983/1983/1983 1990/1990/1990
f 1982/1982/1982 1990/1990/1990 1989/1989/1989
f 1983/1983/1983 1984/1984/1984 1991/1991/1991
f 1983/1983/1983 1991/1991/1991 1990/1990/1990
f 1984/1984/1984 1985/1985/1985 1992/1992/1992
f 1984/1984/1984 1992/1992/1992 1991/1991/1991
f 1985/1985/1985 1986/1986/1986 1993/1993/1993
f 1985/1985/1985 1993/1993/1993 1992/1992/1992
f 1986/1986/1986 1987/1987/1987 1994/1994/1994
f 1986/1986/1986 1994/1994/1994 1993/1993/1993
f 1987/1987/1987 1981/1981/1981 1988/1988/1988
f 1987/1987/1987 1988/1988/1988 1994/1994/1994
f 1988/1988/1988 1989/1989/1989 1996/1996/1996
f 1988/1988/1988 1996/1996/1996 1995/1995/1995
f 1989/1989/1989 1990/1990/1990 1997/1997/1997
f 1989/1989/1989 1997/1997/1997 1996/1996/1996
f 1990/1990/1990 1991/1991/1991 1998/1998/1998
f 1990/1990/1990 1998/1998/1998 1997/1997/1997
f 1991/1991/1991 1992/1992/1992 1999/1999/1999
f 1991/1991/1991 1999/1999/1999 1998/1998/1998
f 1992/1992/1992 1993/1993/1993 2000/2000/2000
f 1992/1992/1992 2000/2000/2000 1999/1999/1999
f 1993/1993/1993 1994/1994/1994 2001/2001/2001
f 1993/1993/1993 2001/2001/2001 2000/2000/2000
f 1994/1994/1994 1988/1988/1988 1995/1995/1995
f 1994/1994/1994 1995/1995/1995 2001/2001/2001
f 1995/1995/1995 1996/1996/1996 2003/2003/2003
f 1995/1995/1995 2003/2003/2003 2002/2002/2002
f 1996/1996/1996 1997/1997/1997 2004/2004/2004
f 1996/1996/1996 2004/2004/2004 2003/2003/2003
f 1997/1997/1997 1998/1998/1998 2005/2005/2005
f 1997/1997/1997 2005/2005/2005 2004/2004/2004
f 1998/1998/1998 1999/1999/1999 2006/2006/2006
f 1998/1998/1998 2006/2006/2006 2005/2005/2005
f 1999/1999/1999 2000/2000/2000 2007/2007/2007
f 1999/1999/1999 2007/2007/2007 2006/2006/2006
f 2000/2000/2000 2001/2001/2001 2008/2008/2008
f 2000/2000/2000 2008/2008/2008 2007/2007/2007
f 2001/2001/2001 1995/1995/1995 2002/2002/2002
f 2001/2001/2001 2002/2002/2002 2008/2008/2008
usemtl Pupil
f 2009/2009/2009 2010/2010/2010 2015/2015/2015
f 2009/2009/2009 2015/2015/2015 2014/2014/2014
f 2010/2010/2010 2011/2011/2011 2016/2016/2016
f 2010/2010/2010 2016/2016/2016 2015/2015/2015
f 2011/2011/2011 2012/2012/2012 2017/2017/2017
f 2011/2011/2011 2017/2017/2017 2016/2016/2016
f 2012/2012/2012 2013/2013/2013 2018/2018/2018
f 2012/2012/2012 2018/2018/2018 2017/2017/2017
f 2013/2013/2013 2009/2009/2009 2014/2014/2014
f 2013/2013/2013 2014/2014/2014 2018/2018/2018
f 2014/2014/2014 2015/2015/2015 2020/2020/2020
f 2014/2014/2014 2020/2020/2020 2019/2019/2019
f 2015/2015/2015 2016/2016/2016 2021/2021/2021
f 2015/2015/2015 2021/2021/2021 2020/2020/2020
f 2016/2016/2016 2017/2017/2017 2022/2022/2022
f 2016/2016/2016 2022/2022/2022 2021/2021/2021
f 2017/2017/2017 2018/2018/2018 2023/2023/2023
f 2017/2017/2017 2023/2023/2023 2022/2022/2022
f 2018/2018/2018 2014/2014/2014 2019/2019/2019
f 2018/2018/2018 2019/2019/2019 2023/2023/2023
f 2019/2019/2019 2020/2020/2020 2025/2025/2025
f 2019/2019/2019 2025/2025/2025 2024/2024/2024
f 2020/2020/2020 2021/2021/2021 2026/2026/2026
f 2020/2020/2020 2026/2026/2026 2025/2025/2025
f 2021/2021/2021 2022/2022/2022 2027/2027/2027
f 2021/2021/2021 2027/2027/2027 2026/2026/2026
f 2022/2022/2022 2023/2023/2023 2028/2028/2028
f 2022/2022/2022 2028/2028/2028 2027/2027/2027
f 2023/2023/2023 2019/2019/2019 2024/2024/2024
f 2023/2023/2023 2024/2024/2024 2028/2028/2028
f 2024/2024/2024 2025/2025/2025 2030/2030/2030
f 2024/2024/2024 2030/2030/2030 2029/2029/2029
f 2025/2025/2025 2026/2026/2026 2031/2031/2031
f 2025/2025/2025 2031/2031/2031 2030/2030/2030
f 2026/2026/2026 2027/2027/2027 2032/2032/2032
f 2026/2026/2026 2032/2032/2032 2031/2031/2031
f 2027/2027/2027 2028/2028/2028 2033/2033/2033
f 2027/2027/2027 2033/2033/2033 2032/2032/2032
f 2028/2028/2028 2024/2024/2024 2029/2029/2029
f 2028/2028/2028 2029/2029/2029 2033/2033/2033
usemtl Skin
f 2034/2034/2034 2035/2035/2035 2041/2041/2041
f 2034/2034/2034 2041/2041/2041 2040/2040/2040
f 2035/2035/2035 2036/2036/2036 2042/2042/2042
f 2035/2035/2035 2042/2042/2042 2041/2041/2041
f 2036/2036/2036 2037/2037/2037 2043/2043/2043
f 2036/2036/2036 2043/2043/2043 2042/2042/2042
f 2037/2037/2037 2038/2038/2038 2044/2044/2044
f 2037/2037/2037 2044/2044/2044 2043/2043/2043
f 2038/2038/2038 2039/2039/2039 2045/2045/2045
f 2038/2038/2038 2045/2045/2045 2044/2044/2044
f 2039/2039/2039 2034/2034/2034 2040/2040/2040
f 2039/2039/2039 2040/2040/2040 2045/2045/2045
f 2040/2040/2040 2041/2041/2041 2047/2047/2047
f 2040/2040/2040 2047/2047/2047 2046/2046/2046
f 2041/2041/2041 2042/2042/2042 2048/2048/2048
f 2041/2041/2041 2048/2048/2048 2047/2047/2047
f 2042/2042/2042 2043/2043/2043 2049/2049/2049
f 2042/2042/2042 2049/2049/2049 2048/2048/2048
f 2043/2043/2043 2044/2044/2044 2050/2050/2050
f 2043/2043/2043 2050/2050/2050 2049/2049/2049
f 2044/2044/2044 2045/2045/2045 2051/2051/2051
f 2044/2044/2044 2051/2051/2051 2050/2050/2050
f 2045/2045/2045 2040/2040/2040 2046/2046/2046
f 2045/2045/2045 2046/2046/2046 2051/2051/2051
f 2046/2046/2046 2047/2047/2047 2053/2053/2053
f 2046/2046/2046 2053/2053/2053 2052/2052/2052
f 2047/2047/2047 2048/2048/2048 2054/2054/2054
f 2047/2047/2047 2054/2054/2054 2053/2053/2053
f 2048/2048/2048 2049/2049/2049 2055/2055/2055
f 2048/2048/2048 2055/2055/2055 2054/2054/2054
f 2049/2049/2049 2050/2050/2050 2056/2056/2056
f 2049/2049/2049 2056/2056/2056 2055/2055/2055
f 2050/2050/2050 2051/2051/2051 2057/2057/2057
f 2050/2050/2050 2057/2057/2057 2056/2056/2056
f 2051/2051/2051 2046/2046/2046 2052/2052/2052
f 2051/2051/2051 2052/2052/2052 2057/2057/2057
usemtl Skin
f 2058/2058/2058 2059/2059/2059 2065/2065/2065
f 2058/2058/2058 2065/2065/2065 2064/2064/2064
f 2059/2059/2059 2060/2060/2060 2066/2066/2066
f 2059/2059/2059 2066/2066/2066 2065/2065/2065
f 2060/2060/2060 2061/2061/2061 2067/2067/2067
f 2060/2060/2060 2067/2067/2067 2066/2066/2066
f 2061/2061/2061 2062/2062/2062 2068/2068/2068
f 2061/2061/2061 2068/2068/2068 2067/2067/2067
f 2062/2062/2062 2063/2063/2063 2069/2069/2069
f 2062/2062/2062 2069/2069/2069 2068/2068/2068
f 2063/2063/2063 2058/2058/2058 2064/2064/2064
f 2063/2063/2063 2064/2064/2064 2069/2069/2069
f 2064/2064/2064 2065/2065/2065 2071/2071/2071
f 2064/2064/2064 2071/2071/2071 2070/2070/2070
f 2065/2065/2065 2066/2066/2066 2072/2072/2072
f 2065/2065/2065 2072/2072/2072 2071/2071/2071
f 2066/2066/2066 2067/2067/2067 2073/2073/2073
f 2066/2066/2066 2073/2073/2073 2072/2072/2072
f 2067/2067/2067 2068/2068/2068 2074/2074/2074
f 2067/2067/2067 2074/2074/2074 2073/2073/2073
f 2068/2068/2068 2069/2069/2069 2075/2075/2075
f 2068/2068/2068 2075/2075/2075 2074/2074/2074
f 2069/2069/2069 2064/2064/2064 2070/2070/2070
f 2069/2069/2069 2070/2070/2070 2075/2075/2075
f 2070/2070/2070 2071/2071/2071 2077/2077/2077
f 2070/2070/2070 2077/2077/2077 2076/2076/2076
f 2071/2071/2071 2072/2072/2072 2078/2078/2078
f 2071/2071/2071 2078/2078/2078 2077/2077/2077
f 2072/2072/2072 2073/2073/2073 2079/2079/2079
f 2072/2072/2072 2079/2079/2079 2078/2078/2078
f 2073/2073/2073 2074/2074/2074 2080/2080/2080
f 2073/2073/2073 2080/2080/2080 2079/2079/2079
f 2074/2074/2074 2075/2075/2075 2081/2081/2081
f 2074/2074/2074 2081/2081/2081 2080/2080/2080
f 2075/2075/2075 2070/2070/2070 2076/2076/2076
f 2075/2075/2075 2076/2076/2076 2081/2081/2081
f 2076/2076/2076 2077/2077/2077 2083/2083/2083
f 2076/2076/2076 2083/2083/2083 2082/2082/2082
f 2077/2077/2077 2078/2078/2078 2084/2084/2084
f 2077/2077/2077 2084/2084/2084 2083/2083/2083
f 2078/2078/2078 2079/2079/2079 2085/2085/2085
f 2078/2078/2078 2085/2085/2085 2084/2084/2084
f 2079/2079/2079 2080/2080/2080 2086/2086/2086
f 2079/2079/2079 2086/2086/2086 2085/2085/2085
f 2080/2080/2080 2081/2081/2081 2087/2087/2087
f 2080/2080/2080 2087/2087/2087 2086/2086/2086
f 2081/2081/2081 2076/2076/2076 2082/2082/2082
f 2081/2081/2081 2082/2082/2082 2087/2087/2087
usemtl EyeWhite
f 2088/2088/2088 2089/2089/2089 2097/2097/2097
f 2088/2088/2088 2097/2097/2097 2096/2096/2096
f 2089/2089/2089 2090/2090/2090 2098/2098/2098
f 2089/2089/2089 2098/2098/2098 2097/2097/2097
f 2090/2090/2090 2091/2091/2091 2099/2099/2099
f 2090/2090/2090 2099/2099/2099 2098/2098/2098
f 2091/2091/2091 2092/2092/2092 2100/2100/2100
f 2091/2091/2091 2100/2100/2100 2099/2099/2099
f 2092/2092/2092 2093/2093/2093 2101/2101/2101
f 2092/2092/2092 2101/2101/2101 2100/2100/2100
f 2093/2093/2093 2094/2094/2094 2102/2102/2102
f 2093/2093/2093 2102/2102/2102 2101/2101/2101
f 2094/2094/2094 2095/2095/2095 2103/2103/2103
f 2094/2094/2094 2103/2103/2103 2102/2102/2102
f 2095/2095/2095 2088/2088/2088 2096/2096/2096
f 2095/2095/2095 2096/2096/2096 2103/2103/2103
f 2096/2096/2096 2097/2097/2097 2105/2105/2105
f 2096/2096/2096 2105/2105/2105 2104/2104/2104
f 2097/2097/2097 2098/2098/2098 2106/2106/2106
f 2097/2097/2097 2106/2106/2106 2105/2105/2105
f 2098/2098/2098 2099/2099/2099 2107/2107/2107
f 2098/2098/2098 2107/2107/2107 2106/2106/2106
f 2099/2099/2099 2100/2100/2100 2108/2108/2108
f 2099/2099/2099 2108/2108/2108 2107/2107/2107
f 2100/2100/2100 2101/2101/2101 2109/2109/2109
f 2100/2100/2100 2109/2109/2109 2108/2108/2108
f 2101/2101/2101 2102/2102/2102 2110/2110/2110
f 2101/2101/2101 2110/2110/2110 2109/2109/2109
f 2102/2102/2102 2103/2103/2103 2111/2111/2111
f 2102/2102/2102 2111/2111/2111 2110/2110/2110
f 2103/2103/2103 2096/2096/2096 2104/2104/2104
f 2103/2103/2103 2104/2104/2104 2111/2111/2111
f 2104/2104/2104 2105/2105/2105 2113/2113/2113
f 2104/2104/2104 2113/2113/2113 2112/2112/2112
f 2105/2105/2105 2106/2106/2106 2114/2114/2114
f 2105/2105/2105 2114/2114/2114 2113/2113/2113
f 2106/2106/2106 2107/2107/2107 2115/2115/2115
f 2106/2106/2106 2115/2115/2115 2114/2114/2114
f 2107/2107/2107 2108/2108/2108 2116/2116/2116
f 2107/2107/2107 2116/2116/2116 2115/2115/2115
f 2108/2108/2108 2109/2109/2109 2117/2117/2117
f 2108/2108/2108 2117/2117/2117 2116/2116/2116
f 2109/2109/2109 2110/2110/2110 2118/2118/2118
f 2109/2109/2109 2118/2118/2118 2117/2117/2117
f 2110/2110/2110 2111/2111/2111 2119/2119/2119
f 2110/2110/2110 2119/2119/2119 2118/2118/2118
f 2111/2111/2111 2104/2104/2104 2112/2112/2112
f 2111/2111/2111 2112/2112/2112 2119/2119/2119
f 2112/2112/2112 2113/2113/2113 2121/2121/2121
f 2112/2112/2112 2121/2121/2121 2120/2120/2120
f 2113/2113/2113 2114/2114/2114 2122/2122/2122
f 2113/2113/2113 2122/2122/2122 2121/2121/2121
f 2114/2114/2114 2115/2115/2115 2123/2123/2123
f 2114/2114/2114 2123/2123/2123 2122/2122/2122
f 2115/2115/2115 2116/2116/2116 2124/2124/2124
f 2115/2115/2115 2124/2124/2124 2123/2123/2123
f 2116/2116/2116 2117/2117/2117 2125/2125/2125
f 2116/2116/2116 2125/2125/2125 2124/2124/2124
f 2117/2117/2117 2118/2118/2118 2126/2126/2126
f 2117/2117/2117 2126/2126/2126 2125/2125/2125
f 2118/2118/2118 2119/2119/2119 2127/2127/2127
f 2118/2118/2118 2127/2127/2127 2126/2126/2126
f 2119/2119/2119 2112/2112/2112 2120/2120/2120
f 2119/2119/2119 2120/2120/2120 2127/2127/2127
f 2120/2120/2120 2121/2121/2121 2129/2129/2129
f 2120/2120/2120 2129/2129/2129 2128/2128/2128
f 2121/2121/2121 2122/2122/2122 2130/2130/2130
f 2121/2121/2121 2130/2130/2130 2129/2129/2129
f 2122/2122/2122 2123/2123/2123 2131/2131/2131
f 2122/2122/2122 2131/2131/2131 2130/2130/2130
f 2123/2123/2123 2124/2124/2124 2132/2132/2132
f 2123/2123/2123 2132/2132/2132 2131/2131/2131
f 2124/2124/2124 2125/2125/2125 2133/2133/2133
f 2124/2124/2124 2133/2133/2133 2132/2132/2132
f 2125/2125/2125 2126/2126/2126 2134/2134/2134
f 2125/2125/2125 2134/2134/2134 2133/2133/2133
f 2126/2126/2126 2127/2127/2127 2135/2135/2135
f 2126/2126/2126 2135/2135/2135 2134/2134/2134
f 2127/2127/2127 2120/2120/2120 2128/2128/2128
f 2127/2127/2127 2128/2128/2128 2135/2135/2135
f 2128/2128/2128 2129/2129/2129 2137/2137/2137
f 2128/2128/2128 2137/2137/2137 2136/2136/2136
f 2129/2129/2129 2130/2130/2130 2138/2138/2138
f 2129/2129/2129 2138/2138/2138 2137/2137/2137
f 2130/2130/2130 2131/2131/2131 2139/2139/2139
f 2130/2130/2130 2139/2139/2139 2138/2138/2138
f 2131/2131/2131 2132/2132/2132 2140/2140/2140
f 2131/2131/2131 2140/2140/2140 2139/2139/2139
f 2132/2132/2132 2133/2133/2133 2141/2141/2141
f 2132/2132/2132 2141/2141/2141 2140/2140/2140
f 2133/2133/2133 2134/2134/2134 2142/2142/2142
f 2133/2133/2133 2142/2142/2142 2141/2141/2141
f 2134/2134/2134 2135/2135/2135 2143/2143/2143
f 2134/2134/2134 2143/2143/2143 2142/2142/2142
f 2135/2135/2135 2128/2128/2128 2136/2136/2136
f 2135/2135/2135 2136/2136/2136 2143/2143/2143
usemtl Iris
f 2144/2144/2144 2145/2145/2145 2152/2152/2152
f 2144/2144/2144 2152/2152/2152 2151/2151/2151
f 2145/2145/2145 2146/2146/2146 2153/2153/2153
f 2145/2145/2145 2153/2153/2153 2152/2152/2152
f 2146/2146/2146 2147/2147/2147 2154/2154/2154
f 2146/2146/2146 2154/2154/2154 2153/2153/2153
f 2147/2147/2147 2148/2148/2148 2155/2155/2155
f 2147/2147/2147 2155/2155/2155 2154/2154/2154
f 2148/2148/2148 2149/2149/2149 2156/2156/2156
f 2148/2148/2148 2156/2156/2156 2155/2155/2155
f 2149/2149/2149 2150/2150/2150 2157/2157/2157
f 2149/2149/2149 2157/2157/2157 2156/2156/2156
f 2150/2150/2150 2144/2144/2144 2151/2151/2151
f 2150/2150/2150 2151/2151/2151 2157/2157/2157
f 2151/2151/2151 2152/2152/2152 2159/2159/2159
f 2151/2151/2151 2159/2159/2159 2158/2158/2158
f 2152/2152/2152 2153/2153/2153 2160/2160/2160
f 2152/2152/2152 2160/2160/2160 2159/2159/2159
f 2153/2153/2153 2154/2154/2154 2161/2161/2161
f 2153/2153/2153 2161/2161/2161 2160/2160/2160
f 2154/2154/2154 2155/2155/2155 2162/2162/2162
f 2154/2154/2154 2162/2162/2162 2161/2161/2161
f 2155/2155/2155 2156/2156/2156 2163/2163/2163
f 2155/2155/2155 2163/2163/2163 2162/2162/2162
f 2156/2156/2156 2157/2157/2157 2164/2164/2164
f 2156/2156/2156 2164/2164/2164 2163/2163/2163
f 2157/2157/2157 2151/2151/2151 2158/2158/2158
f 2157/2157/2157 2158/2158/2158 2164/2164/2164
f 2158/2158/2158 2159/2159/2159 2166/2166/2166
f 2158/2158/2158 2166/2166/2166 2165/2165/2165
f 2159/2159/2159 2160/2160/2160 2167/2167/2167
f 2159/2159/2159 2167/2167/2167 2166/2166/2166
f 2160/2160/2160 2161/2161/2161 2168/2168/2168
f 2160/2160/2160 2168/2168/2168 2167/2167/2167
f 2161/2161/2161 2162/2162/2162 2169/2169/2169
f 2161/2161/2161 2169/2169/2169 2168/2168/2168
f 2162/2162/2162 2163/2163/2163 2170/2170/2170
f 2162/2162/2162 2170/2170/2170 2169/2169/2169
f 2163/2163/2163 2164/2164/2164 2171/2171/2171
f 2163/2163/2163 2171/2171/2171 2170/2170/2170
f 2164/2164/2164 2158/2158/2158 2165/2165/2165
f 2164/2164/2164 2165/2165/2165 2171/2171/2171
f 2165/2165/2165 2166/2166/2166 2173/2173/2173
f 2165/2165/2165 2173/2173/2173 2172/2172/2172
f 2166/2166/2166 2167/2167/2167 2174/2174/2174
f 2166/2166/2166 2174/2174/2174 2173/2173/2173
f 2167/2167/2167 2168/2168/2168 2175/2175/2175
f 2167/2167/2167 2175/2175/2175 2174/2174/2174
f 2168/2168/2168 2169/2169/2169 2176/2176/2176
f 2168/2168/2168 2176/2176/2176 2175/2175/2175
f 2169/2169/2169 2170/2170/2170 2177/2177/2177
f 2169/2169/2169 2177/2177/2177 2176/2176/2176
f 2170/2170/2170 2171/2171/2171 2178/2178/2178
f 2170/2170/2170 2178/2178/2178 2177/2177/2177
f 2171/2171/2171 2165/2165/2165 2172/2172/2172
f 2171/2171/2171 2172/2172/2172 2178/2178/2178
f 2172/2172/2172 2173/2173/2173 2180/2180/2180
f 2172/2172/2172 2180/2180/2180 2179/2179/2179
f 2173/2173/2173 2174/2174/2174 2181/2181/2181
f 2173/2173/2173 2181/2181/2181 2180/2180/2180
f 2174/2174/2174 2175/2175/2175 2182/2182/2182
f 2174/2174/2174 2182/2182/2182 2181/2181/2181
f 2175/2175/2175 2176/2176/2176 2183/2183/2183
f 2175/2175/2175 2183/2183/2183 2182/2182/2182
f 2176/2176/2176 2177/2177/2177 2184/2184/2184
f 2176/2176/2176 2184/2184/2184 2183/2183/2183
f 2177/2177/2177 2178/2178/2178 2185/2185/2185
f 2177/2177/2177 2185/2185/2185 2184/2184/2184
f 2178/2178/2178 2172/2172/2172 2179/2179/2179
f 2178/2178/2178 2179/2179/2179 2185/2185/2185
usemtl Pupil
f 2186/2186/2186 2187/2187/2187 2192/2192/2192
f 2186/2186/2186 2192/2192/2192 2191/2191/2191
f 2187/2187/2187 2188/2188/2188 2193/2193/2193
f 2187/2187/2187 2193/2193/2193 2192/2192/2192
f 2188/2188/2188 2189/2189/2189 2194/2194/2194
f 2188/2188/2188 2194/2194/2194 2193/2193/2193
f 2189/2189/2189 2190/2190/2190 2195/2195/2195
f 2189/2189/2189 2195/2195/2195 2194/2194/2194
f 2190/2190/2190 2186/2186/2186 2191/2191/2191
f 2190/2190/2190 2191/2191/2191 2195/2195/2195
f 2191/2191/2191 2192/2192/2192 2197/2197/2197
f 2191/2191/2191 2197/2197/2197 2196/2196/2196
f 2192/2192/2192 2193/2193/2193 2198/2198/2198
f 2192/2192/2192 2198/2198/2198 2197/2197/2197
f 2193/2193/2193 2194/2194/2194 2199/2199/2199
f 2193/2193/2193 2199/2199/2199 2198/2198/2198
f 2194/2194/2194 2195/2195/2195 2200/2200/2200
f 2194/2194/2194 2200/2200/2200 2199/2199/2199
f 2195/2195/2195 2191/2191/2191 2196/2196/2196
f 2195/2195/2195 2196/2196/2196 2200/2200/2200
f 2196/2196/2196 2197/2197/2197 2202/2202/2202
f 2196/2196/2196 2202/2202/2202 2201/2201/2201
f 2197/2197/2197 2198/2198/2198 2203/2203/2203
f 2197/2197/2197 2203/2203/2203 2202/2202/2202
f 2198/2198/2198 2199/2199/2199 2204/2204/2204
f 2198/2198/2198 2204/2204/2204 2203/2203/2203
f 2199/2199/2199 2200/2200/2200 2205/2205/2205
f 2199/2199/2199 2205/2205/2205 2204/2204/2204
f 2200/2200/2200 2196/2196/2196 2201/2201/2201
f 2200/2200/2200 2201/2201/2201 2205/2205/2205
f 2201/2201/2201 2202/2202/2202 2207/2207/2207
f 2201/2201/2201 2207/2207/2207 2206/2206/2206
f 2202/2202/2202 2203/2203/2203 2208/2208/2208
f 2202/2202/2202 2208/2208/2208 2207/2207/2207
f 2203/2203/2203 2204/2204/2204 2209/2209/2209
f 2203/2203/2203 2209/2209/2209 2208/2208/2208
f 2204/2204/2204 2205/2205/2205 2210/2210/2210
f 2204/2204/2204 2210/2210/2210 2209/2209/2209
f 2205/2205/2205 2201/2201/2201 2206/2206/2206
f 2205/2205/2205 2206/2206/2206 2210/2210/2210
usemtl Skin
f 2211/2211/2211 2212/2212/2212 2218/2218/2218
f 2211/2211/2211 2218/2218/2218 2217/2217/2217
f 2212/2212/2212 2213/2213/2213 2219/2219/2219
f 2212/2212/2212 2219/2219/2219 2218/2218/2218
f 2213/2213/2213 2214/2214/2214 2220/2220/2220
f 2213/2213/2213 2220/2220/2220 2219/2219/2219
f 2214/2214/2214 2215/2215/2215 2221/2221/2221
f 2214/2214/2214 2221/2221/2221 2220/2220/2220
f 2215/2215/2215 2216/2216/2216 2222/2222/2222
f 2215/2215/2215 2222/2222/2222 2221/2221/2221
f 2216/2216/2216 2211/2211/2211 2217/2217/2217
f 2216/2216/2216 2217/2217/2217 2222/2222/2222
f 2217/2217/2217 2218/2218/2218 2224/2224/2224
f 2217/2217/2217 2224/2224/2224 2223/2223/2223
f 2218/2218/2218 2219/2219/2219 2225/2225/2225
f 2218/2218/2218 2225/2225/2225 2224/2224/2224
f 2219/2219/2219 2220/2220/2220 2226/2226/2226
f 2219/2219/2219 2226/2226/2226 2225/2225/2225
f 2220/2220/2220 2221/2221/2221 2227/2227/2227
f 2220/2220/2220 2227/2227/2227 2226/2226/2226
f 2221/2221/2221 2222/2222/2222 2228/2228/2228
f 2221/2221/2221 2228/2228/2228 2227/2227/2227
f 2222/2222/2222 2217/2217/2217 2223/2223/2223
f 2222/2222/2222 2223/2223/2223 2228/2228/2228
f 2223/2223/2223 2224/2224/2224 2230/2230/2230
f 2223/2223/2223 2230/2230/2230 2229/2229/2229
f 2224/2224/2224 2225/2225/2225 2231/2231/2231
f 2224/2224/2224 2231/2231/2231 2230/2230/2230
f 2225/2225/2225 2226/2226/2226 2232/2232/2232
f 2225/2225/2225 2232/2232/2232 2231/2231/2231
f 2226/2226/2226 2227/2227/2227 2233/2233/2233
f 2226/2226/2226 2233/2233/2233 2232/2232/2232
f 2227/2227/2227 2228/2228/2228 2234/2234/2234
f 2227/2227/2227 2234/2234/2234 2233/2233/2233
f 2228/2228/2228 2223/2223/2223 2229/2229/2229
f 2228/2228/2228 2229/2229/2229 2234/2234/2234
usemtl Skin
f 2235/2235/2235 2236/2236/2236 2245/2245/2245
f 2235/2235/2235 2245/2245/2245 2244/2244/2244
f 2236/2236/2236 2237/2237/2237 2246/2246/2246
f 2236/2236/2236 2246/2246/2246 2245/2245/2245
f 2237/2237/2237 2238/2238/2238 2247/2247/2247
f 2237/2237/2237 2247/2247/2247 2246/2246/2246
f 2238/2238/2238 2239/2239/2239 2248/2248/2248
f 2238/2238/2238 2248/2248/2248 2247/2247/2247
f 2239/2239/2239 2240/2240/2240 2249/2249/2249
f 2239/2239/2239 2249/2249/2249 2248/2248/2248
f 2240/2240/2240 2241/2241/2241 2250/2250/2250
f 2240/2240/2240 2250/2250/2250 2249/2249/2249
f 2241/2241/2241 2242/2242/2242 2251/2251/2251
f 2241/2241/2241 2251/2251/2251 2250/2250/2250
f 2242/2242/2242 2243/2243/2243 2252/2252/2252
f 2242/2242/2242 2252/2252/2252 2251/2251/2251
f 2243/2243/2243 2235/2235/2235 2244/2244/2244
f 2243/2243/2243 2244/2244/2244 2252/2252/2252
f 2244/2244/2244 2245/2245/2245 2254/2254/2254
f 2244/2244/2244 2254/2254/2254 2253/2253/2253
f 2245/2245/2245 2246/2246/2246 2255/2255/2255
f 2245/2245/2245 2255/2255/2255 2254/2254/2254
f 2246/2246/2246 2247/2247/2247 2256/2256/2256
f 2246/2246/2246 2256/2256/2256 2255/2255/2255
f 2247/2247/2247 2248/2248/2248 2257/2257/2257
f 2247/2247/2247 2257/2257/2257 2256/2256/2256
f 2248/2248/2248 2249/2249/2249 2258/2258/2258
f 2248/2248/2248 2258/2258/2258 2257/2257/2257
f 2249/2249/2249 2250/2250/2250 2259/2259/2259
f 2249/2249/2249 2259/2259/2259 2258/2258/2258
f 2250/2250/2250 2251/2251/2251 2260/2260/2260
f 2250/2250/2250 2260/2260/2260 2259/2259/2259
f 2251/2251/2251 2252/2252/2252 2261/2261/2261
f 2251/2251/2251 2261/2261/2261 2260/2260/2260
f 2252/2252/2252 2244/2244/2244 2253/2253/2253
f 2252/2252/2252 2253/2253/2253 2261/2261/2261
f 2253/2253/2253 2254/2254/2254 2263/2263/2263
f 2253/2253/2253 2263/2263/2263 2262/2262/2262
f 2254/2254/2254 2255/2255/2255 2264/2264/2264
f 2254/2254/2254 2264/2264/2264 2263/2263/2263
f 2255/2255/2255 2256/2256/2256 2265/2265/2265
f 2255/2255/2255 2265/2265/2265 2264/2264/2264
f 2256/2256/2256 2257/2257/2257 2266/2266/2266
f 2256/2256/2256 2266/2266/2266 2265/2265/2265
f 2257/2257/2257 2258/2258/2258 2267/2267/2267
f 2257/2257/2257 2267/2267/2267 2266/2266/2266
f 2258/2258/2258 2259/2259/2259 2268/2268/2268
f 2258/2258/2258 2268/2268/2268 2267/2267/2267
f 2259/2259/2259 2260/2260/2260 2269/2269/2269
f 2259/2259/2259 2269/2269/2269 2268/2268/2268
f 2260/2260/2260 2261/2261/2261 2270/2270/2270
f 2260/2260/2260 2270/2270/2270 2269/2269/2269
f 2261/2261/2261 2253/2253/2253 2262/2262/2262
f 2261/2261/2261 2262/2262/2262 2270/2270/2270
f 2262/2262/2262 2263/2263/2263 2272/2272/2272
f 2262/2262/2262 2272/2272/2272 2271/2271/2271
f 2263/2263/2263 2264/2264/2264 2273/2273/2273
f 2263/2263/2263 2273/2273/2273 2272/2272/2272
f 2264/2264/2264 2265/2265/2265 2274/2274/2274
f 2264/2264/2264 2274/2274/2274 2273/2273/2273
f 2265/2265/2265 2266/2266/2266 2275/2275/2275
f 2265/2265/2265 2275/2275/2275 2274/2274/2274
f 2266/2266/2266 2267/2267/2267 2276/2276/2276
f 2266/2266/2266 2276/2276/2276 2275/2275/2275
f 2267/2267/2267 2268/2268/2268 2277/2277/2277
f 2267/2267/2267 2277/2277/2277 2276/2276/2276
f 2268/2268/2268 2269/2269/2269 2278/2278/2278
f 2268/2268/2268 2278/2278/2278 2277/2277/2277
f 2269/2269/2269 2270/2270/2270 2279/2279/2279
f 2269/2269/2269 2279/2279/2279 2278/2278/2278
f 2270/2270/2270 2262/2262/2262 2271/2271/2271
f 2270/2270/2270 2271/2271/2271 2279/2279/2279
f 2271/2271/2271 2272/2272/2272 2281/2281/2281
f 2271/2271/2271 2281/2281/2281 2280/2280/2280
f 2272/2272/2272 2273/2273/2273 2282/2282/2282
f 2272/2272/2272 2282/2282/2282 2281/2281/2281
f 2273/2273/2273 2274/2274/2274 2283/2283/2283
f 2273/2273/2273 2283/2283/2283 2282/2282/2282
f 2274/2274/2274 2275/2275/2275 2284/2284/2284
f 2274/2274/2274 2284/2284/2284 2283/2283/2283
f 2275/2275/2275 2276/2276/2276 2285/2285/2285
f 2275/2275/2275 2285/2285/2285 2284/2284/2284
f 2276/2276/2276 2277/2277/2277 2286/2286/2286
f 2276/2276/2276 2286/2286/2286 2285/2285/2285
f 2277/2277/2277 2278/2278/2278 2287/2287/2287
f 2277/2277/2277 2287/2287/2287 2286/2286/2286
f 2278/2278/2278 2279/2279/2279 2288/2288/2288
f 2278/2278/2278 2288/2288/2288 2287/2287/2287
f 2279/2279/2279 2271/2271/2271 2280/2280/2280
f 2279/2279/2279 2280/2280/2280 2288/2288/2288
f 2280/2280/2280 2281/2281/2281 2290/2290/2290
f 2280/2280/2280 2290/2290/2290 2289/2289/2289
f 2281/2281/2281 2282/2282/2282 2291/2291/2291
f 2281/2281/2281 2291/2291/2291 2290/2290/2290
f 2282/2282/2282 2283/2283/2283 2292/2292/2292
f 2282/2282/2282 2292/2292/2292 2291/2291/2291
f 2283/2283/2283 2284/2284/2284 2293/2293/2293
f 2283/2283/2283 2293/2293/2293 2292/2292/2292
f 2284/2284/2284 2285/2285/2285 2294/2294/2294
f 2284/2284/2284 2294/2294/2294 2293/2293/2293
f 2285/2285/2285 2286/2286/2286 2295/2295/2295
f 2285/2285/2285 2295/2295/2295 2294/2294/2294
f 2286/2286/2286 2287/2287/2287 2296/2296/2296
f 2286/2286/2286 2296/2296/2296 2295/2295/2295
f 2287/2287/2287 2288/2288/2288 2297/2297/2297
f 2287/2287/2287 2297/2297/2297 2296/2296/2296
f 2288/2288/2288 2280/2280/2280 2289/2289/2289
f 2288/2288/2288 2289/2289/2289 2297/2297/2297
f 2289/2289/2289 2290/2290/2290 2299/2299/2299
f 2289/2289/2289 2299/2299/2299 2298/2298/2298
f 2290/2290/2290 2291/2291/2291 2300/2300/2300
f 2290/2290/2290 2300/2300/2300 2299/2299/2299
f 2291/2291/2291 2292/2292/2292 2301/2301/2301
f 2291/2291/2291 2301/2301/2301 2300/2300/2300
f 2292/2292/2292 2293/2293/2293 2302/2302/2302
f 2292/2292/2292 2302/2302/2302 2301/2301/2301
f 2293/2293/2293 2294/2294/2294 2303/2303/2303
f 2293/2293/2293 2303/2303/2303 2302/2302/2302
f 2294/2294/2294 2295/2295/2295 2304/2304/2304
f 2294/2294/2294 2304/2304/2304 2303/2303/2303
f 2295/2295/2295 2296/2296/2296 2305/2305/2305
f 2295/2295/2295 2305/2305/2305 2304/2304/2304
f 2296/2296/2296 2297/2297/2297 2306/2306/2306
f 2296/2296/2296 2306/2306/2306 2305/2305/2305
f 2297/2297/2297 2289/2289/2289 2298/2298/2298
f 2297/2297/2297 2298/2298/2298 2306/2306/2306
usemtl Skin
f 2307/2307/2307 2308/2308/2308 2314/2314/2314
f 2307/2307/2307 2314/2314/2314 2313/2313/2313
f 2308/2308/2308 2309/2309/2309 2315/2315/2315
f 2308/2308/2308 2315/2315/2315 2314/2314/2314
f 2309/2309/2309 2310/2310/2310 2316/2316/2316
f 2309/2309/2309 2316/2316/2316 2315/2315/2315
f 2310/2310/2310 2311/2311/2311 2317/2317/2317
f 2310/2310/2310 2317/2317/2317 2316/2316/2316
f 2311/2311/2311 2312/2312/2312 2318/2318/2318
f 2311/2311/2311 2318/2318/2318 2317/2317/2317
f 2312/2312/2312 2307/2307/2307 2313/2313/2313
f 2312/2312/2312 2313/2313/2313 2318/2318/2318
f 2313/2313/2313 2314/2314/2314 2320/2320/2320
f 2313/2313/2313 2320/2320/2320 2319/2319/2319
f 2314/2314/2314 2315/2315/2315 2321/2321/2321
f 2314/2314/2314 2321/2321/2321 2320/2320/2320
f 2315/2315/2315 2316/2316/2316 2322/2322/2322
f 2315/2315/2315 2322/2322/2322 2321/2321/2321
f 2316/2316/2316 2317/2317/2317 2323/2323/2323
f 2316/2316/2316 2323/2323/2323 2322/2322/2322
f 2317/2317/2317 2318/2318/2318 2324/2324/2324
f 2317/2317/2317 2324/2324/2324 2323/2323/2323
f 2318/2318/2318 2313/2313/2313 2319/2319/2319
f 2318/2318/2318 2319/2319/2319 2324/2324/2324
f 2319/2319/2319 2320/2320/2320 2326/2326/2326
f 2319/2319/2319 2326/2326/2326 2325/2325/2325
f 2320/2320/2320 2321/2321/2321 2327/2327/2327
f 2320/2320/2320 2327/2327/2327 2326/2326/2326
f 2321/2321/2321 2322/2322/2322 2328/2328/2328
f 2321/2321/2321 2328/2328/2328 2327/2327/2327
f 2322/2322/2322 2323/2323/2323 2329/2329/2329
f 2322/2322/2322 2329/2329/2329 2328/2328/2328
f 2323/2323/2323 2324/2324/2324 2330/2330/2330
f 2323/2323/2323 2330/2330/2330 2329/2329/2329
f 2324/2324/2324 2319/2319/2319 2325/2325/2325
f 2324/2324/2324 2325/2325/2325 2330/2330/2330
f 2325/2325/2325 2326/2326/2326 2332/2332/2332
f 2325/2325/2325 2332/2332/2332 2331/2331/2331
f 2326/2326/2326 2327/2327/2327 2333/2333/2333
f 2326/2326/2326 2333/2333/2333 2332/2332/2332
f 2327/2327/2327 2328/2328/2328 2334/2334/2334
f 2327/2327/2327 2334/2334/2334 2333/2333/2333
f 2328/2328/2328 2329/2329/2329 2335/2335/2335
f 2328/2328/2328 2335/2335/2335 2334/2334/2334
f 2329/2329/2329 2330/2330/2330 2336/2336/2336
f 2329/2329/2329 2336/2336/2336 2335/2335/2335
f 2330/2330/2330 2325/2325/2325 2331/2331/2331
f 2330/2330/2330 2331/2331/2331 2336/2336/2336
usemtl Skin
f 2337/2337/2337 2338/2338/2338 2347/2347/2347
f 2337/2337/2337 2347/2347/2347 2346/2346/2346
f 2338/2338/2338 2339/2339/2339 2348/2348/2348
f 2338/2338/2338 2348/2348/2348 2347/2347/2347
f 2339/2339/2339 2340/2340/2340 2349/2349/2349
f 2339/2339/2339 2349/2349/2349 2348/2348/2348
f 2340/2340/2340 2341/2341/2341 2350/2350/2350
f 2340/2340/2340 2350/2350/2350 2349/2349/2349
f 2341/2341/2341 2342/2342/2342 2351/2351/2351
f 2341/2341/2341 2351/2351/2351 2350/2350/2350
f 2342/2342/2342 2343/2343/2343 2352/2352/2352
f 2342/2342/2342 2352/2352/2352 2351/2351/2351
f 2343/2343/2343 2344/2344/2344 2353/2353/2353
f 2343/2343/2343 2353/2353/2353 2352/2352/2352
f 2344/2344/2344 2345/2345/2345 2354/2354/2354
f 2344/2344/2344 2354/2354/2354 2353/2353/2353
f 2345/2345/2345 2337/2337/2337 2346/2346/2346
f 2345/2345/2345 2346/2346/2346 2354/2354/2354
f 2346/2346/2346 2347/2347/2347 2356/2356/2356
f 2346/2346/2346 2356/2356/2356 2355/2355/2355
f 2347/2347/2347 2348/2348/2348 2357/2357/2357
f 2347/2347/2347 2357/2357/2357 2356/2356/2356
f 2348/2348/2348 2349/2349/2349 2358/2358/2358
f 2348/2348/2348 2358/2358/2358 2357/2357/2357
f 2349/2349/2349 2350/2350/2350 2359/2359/2359
f 2349/2349/2349 2359/2359/2359 2358/2358/2358
f 2350/2350/2350 2351/2351/2351 2360/2360/2360
f 2350/2350/2350 2360/2360/2360 2359/2359/2359
f 2351/2351/2351 2352/2352/2352 2361/2361/2361
f 2351/2351/2351 2361/2361/2361 2360/2360/2360
f 2352/2352/2352 2353/2353/2353 2362/2362/2362
f 2352/2352/2352 2362/2362/2362 2361/2361/2361
f 2353/2353/2353 2354/2354/2354 2363/2363/2363
f 2353/2353/2353 2363/2363/2363 2362/2362/2362
f 2354/2354/2354 2346/2346/2346 2355/2355/2355
f 2354/2354/2354 2355/2355/2355 2363/2363/2363
f 2355/2355/2355 2356/2356/2356 2365/2365/2365
f 2355/2355/2355 2365/2365/2365 2364/2364/2364
f 2356/2356/2356 2357/2357/2357 2366/2366/2366
f 2356/2356/2356 2366/2366/2366 2365/2365/2365
f 2357/2357/2357 2358/2358/2358 2367/2367/2367
f 2357/2357/2357 2367/2367/2367 2366/2366/2366
f 2358/2358/2358 2359/2359/2359 2368/2368/2368
f 2358/2358/2358 2368/2368/2368 2367/2367/2367
f 2359/2359/2359 2360/2360/2360 2369/2369/2369
f 2359/2359/2359 2369/2369/2369 2368/2368/2368
f 2360/2360/2360 2361/2361/2361 2370/2370/2370
f 2360/2360/2360 2370/2370/2370 2369/2369/2369
f 2361/2361/2361 2362/2362/2362 2371/2371/2371
f 2361/2361/2361 2371/2371/2371 2370/2370/2370
f 2362/2362/2362 2363/2363/2363 2372/2372/2372
f 2362/2362/2362 2372/2372/2372 2371/2371/2371
f 2363/2363/2363 2355/2355/2355 2364/2364/2364
f 2363/2363/2363 2364/2364/2364 2372/2372/2372
f 2364/2364/2364 2365/2365/2365 2374/2374/2374
f 2364/2364/2364 2374/2374/2374 2373/2373/2373
f 2365/2365/2365 2366/2366/2366 2375/2375/2375
f 2365/2365/2365 2375/2375/2375 2374/2374/2374
f 2366/2366/2366 2367/2367/2367 2376/2376/2376
f 2366/2366/2366 2376/2376/2376 2375/2375/2375
f 2367/2367/2367 2368/2368/2368 2377/2377/2377
f 2367/2367/2367 2377/2377/2377 2376/2376/2376
f 2368/2368/2368 2369/2369/2369 2378/2378/2378
f 2368/2368/2368 2378/2378/2378 2377/2377/2377
f 2369/2369/2369 2370/2370/2370 2379/2379/2379
f 2369/2369/2369 2379/2379/2379 2378/2378/2378
f 2370/2370/2370 2371/2371/2371 2380/2380/2380
f 2370/2370/2370 2380/2380/2380 2379/2379/2379
f 2371/2371/2371 2372/2372/2372 2381/2381/2381
f 2371/2371/2371 2381/2381/2381 2380/2380/2380
f 2372/2372/2372 2364/2364/2364 2373/2373/2373
f 2372/2372/2372 2373/2373/2373 2381/2381/2381
f 2373/2373/2373 2374/2374/2374 2383/2383/2383
f 2373/2373/2373 2383/2383/2383 2382/2382/2382
f 2374/2374/2374 2375/2375/2375 2384/2384/2384
f 2374/2374/2374 2384/2384/2384 2383/2383/2383
f 2375/2375/2375 2376/2376/2376 2385/2385/2385
f 2375/2375/2375 2385/2385/2385 2384/2384/2384
f 2376/2376/2376 2377/2377/2377 2386/2386/2386
f 2376/2376/2376 2386/2386/2386 2385/2385/2385
f 2377/2377/2377 2378/2378/2378 2387/2387/2387
f 2377/2377/2377 2387/2387/2387 2386/2386/2386
f 2378/2378/2378 2379/2379/2379 2388/2388/2388
f 2378/2378/2378 2388/2388/2388 2387/2387/2387
f 2379/2379/2379 2380/2380/2380 2389/2389/2389
f 2379/2379/2379 2389/2389/2389 2388/2388/2388
f 2380/2380/2380 2381/2381/2381 2390/2390/2390
f 2380/2380/2380 2390/2390/2390 2389/2389/2389
f 2381/2381/2381 2373/2373/2373 2382/2382/2382
f 2381/2381/2381 2382/2382/2382 2390/2390/2390
f 2382/2382/2382 2383/2383/2383 2392/2392/2392
f 2382/2382/2382 2392/2392/2392 2391/2391/2391
f 2383/2383/2383 2384/2384/2384 2393/2393/2393
f 2383/2383/2383 2393/2393/2393 2392/2392/2392
f 2384/2384/2384 2385/2385/2385 2394/2394/2394
f 2384/2384/2384 2394/2394/2394 2393/2393/2393
f 2385/2385/2385 2386/2386/2386 2395/2395/2395
f 2385/2385/2385 2395/2395/2395 2394/2394/2394
f 2386/2386/2386 2387/2387/2387 2396/2396/2396
f 2386/2386/2386 2396/2396/2396 2395/2395/2395
f 2387/2387/2387 2388/2388/2388 2397/2397/2397
f 2387/2387/2387 2397/2397/2397 2396/2396/2396
f 2388/2388/2388 2389/2389/2389 2398/2398/2398
f 2388/2388/2388 2398/2398/2398 2397/2397/2397
f 2389/2389/2389 2390/2390/2390 2399/2399/2399
f 2389/2389/2389 2399/2399/2399 2398/2398/2398
f 2390/2390/2390 2382/2382/2382 2391/2391/2391
f 2390/2390/2390 2391/2391/2391 2399/2399/2399
f 2391/2391/2391 2392/2392/2392 2401/2401/2401
f 2391/2391/2391 2401/2401/2401 2400/2400/2400
f 2392/2392/2392 2393/2393/2393 2402/2402/2402
f 2392/2392/2392 2402/2402/2402 2401/2401/2401
f 2393/2393/2393 2394/2394/2394 2403/2403/2403
f 2393/2393/2393 2403/2403/2403 2402/2402/2402
f 2394/2394/2394 2395/2395/2395 2404/2404/2404
f 2394/2394/2394 2404/2404/2404 2403/2403/2403
f 2395/2395/2395 2396/2396/2396 2405/2405/2405
f 2395/2395/2395 2405/2405/2405 2404/2404/2404
f 2396/2396/2396 2397/2397/2397 2406/2406/2406
f 2396/2396/2396 2406/2406/2406 2405/2405/2405
f 2397/2397/2397 2398/2398/2398 2407/2407/2407
f 2397/2397/2397 2407/2407/2407 2406/2406/2406
f 2398/2398/2398 2399/2399/2399 2408/2408/2408
f 2398/2398/2398 2408/2408/2408 2407/2407/2407
f 2399/2399/2399 2391/2391/2391 2400/2400/2400
f 2399/2399/2399 2400/2400/2400 2408/2408/2408
usemtl Skin
f 2409/2409/2409 2410/2410/2410 2416/2416/2416
f 2409/2409/2409 2416/2416/2416 2415/2415/2415
f 2410/2410/2410 2411/2411/2411 2417/2417/2417
f 2410/2410/2410 2417/2417/2417 2416/2416/2416
f 2411/2411/2411 2412/2412/2412 2418/2418/2418
f 2411/2411/2411 2418/2418/2418 2417/2417/2417
f 2412/2412/2412 2413/2413/2413 2419/2419/2419
f 2412/2412/2412 2419/2419/2419 2418/2418/2418
f 2413/2413/2413 2414/2414/2414 2420/2420/2420
f 2413/2413/2413 2420/2420/2420 2419/2419/2419
f 2414/2414/2414 2409/2409/2409 2415/2415/2415
f 2414/2414/2414 2415/2415/2415 2420/2420/2420
f 2415/2415/2415 2416/2416/2416 2422/2422/2422
f 2415/2415/2415 2422/2422/2422 2421/2421/2421
f 2416/2416/2416 2417/2417/2417 2423/2423/2423
f 2416/2416/2416 2423/2423/2423 2422/2422/2422
f 2417/2417/2417 2418/2418/2418 2424/2424/2424
f 2417/2417/2417 2424/2424/2424 2423/2423/2423
f 2418/2418/2418 2419/2419/2419 2425/2425/2425
f 2418/2418/2418 2425/2425/2425 2424/2424/2424
f 2419/2419/2419 2420/2420/2420 2426/2426/2426
f 2419/2419/2419 2426/2426/2426 2425/2425/2425
f 2420/2420/2420 2415/2415/2415 2421/2421/2421
f 2420/2420/2420 2421/2421/2421 2426/2426/2426
f 2421/2421/2421 2422/2422/2422 2428/2428/2428
f 2421/2421/2421 2428/2428/2428 2427/2427/2427
f 2422/2422/2422 2423/2423/2423 2429/2429/2429
f 2422/2422/2422 2429/2429/2429 2428/2428/2428
f 2423/2423/2423 2424/2424/2424 2430/2430/2430
f 2423/2423/2423 2430/2430/2430 2429/2429/2429
f 2424/2424/2424 2425/2425/2425 2431/2431/2431
f 2424/2424/2424 2431/2431/2431 2430/2430/2430
f 2425/2425/2425 2426/2426/2426 2432/2432/2432
f 2425/2425/2425 2432/2432/2432 2431/2431/2431
f 2426/2426/2426 2421/2421/2421 2427/2427/2427
f 2426/2426/2426 2427/2427/2427 2432/2432/2432
f 2427/2427/2427 2428/2428/2428 2434/2434/2434
f 2427/2427/2427 2434/2434/2434 2433/2433/2433
f 2428/2428/2428 2429/2429/2429 2435/2435/2435
f 2428/2428/2428 2435/2435/2435 2434/2434/2434
f 2429/2429/2429 2430/2430/2430 2436/2436/2436
f 2429/2429/2429 2436/2436/2436 2435/2435/2435
f 2430/2430/2430 2431/2431/2431 2437/2437/2437
f 2430/2430/2430 2437/2437/2437 2436/2436/2436
f 2431/2431/2431 2432/2432/2432 2438/2438/2438
f 2431/2431/2431 2438/2438/2438 2437/2437/2437
f 2432/2432/2432 2427/2427/2427 2433/2433/2433
f 2432/2432/2432 2433/2433/2433 2438/2438/2438
usemtl Hair
f 2439/2439/2439 2440/2440/2440 2456/2456/2456
f 2439/2439/2439 2456/2456/2456 2455/2455/2455
f 2440/2440/2440 2441/2441/2441 2457/2457/2457
f 2440/2440/2440 2457/2457/2457 2456/2456/2456
f 2441/2441/2441 2442/2442/2442 2458/2458/2458
f 2441/2441/2441 2458/2458/2458 2457/2457/2457
f 2442/2442/2442 2443/2443/2443 2459/2459/2459
f 2442/2442/2442 2459/2459/2459 2458/2458/2458
f 2443/2443/2443 2444/2444/2444 2460/2460/2460
f 2443/2443/2443 2460/2460/2460 2459/2459/2459
f 2444/2444/2444 2445/2445/2445 2461/2461/2461
f 2444/2444/2444 2461/2461/2461 2460/2460/2460
f 2445/2445/2445 2446/2446/2446 2462/2462/2462
f 2445/2445/2445 2462/2462/2462 2461/2461/2461
f 2446/2446/2446 2447/2447/2447 2463/2463/2463
f 2446/2446/2446 2463/2463/2463 2462/2462/2462
f 2447/2447/2447 2448/2448/2448 2464/2464/2464
f 2447/2447/2447 2464/2464/2464 2463/2463/2463
f 2448/2448/2448 2449/2449/2449 2465/2465/2465
f 2448/2448/2448 2465/2465/2465 2464/2464/2464
f 2449/2449/2449 2450/2450/2450 2466/2466/2466
f 2449/2449/2449 2466/2466/2466 2465/2465/2465
f 2450/2450/2450 2451/2451/2451 2467/2467/2467
f 2450/2450/2450 2467/2467/2467 2466/2466/2466
f 2451/2451/2451 2452/2452/2452 2468/2468/2468
f 2451/2451/2451 2468/2468/2468 2467/2467/2467
f 2452/2452/2452 2453/2453/2453 2469/2469/2469
f 2452/2452/2452 2469/2469/2469 2468/2468/2468
f 2453/2453/2453 2454/2454/2454 2470/2470/2470
f 2453/2453/2453 2470/2470/2470 2469/2469/2469
f 2454/2454/2454 2439/2439/2439 2455/2455/2455
f 2454/2454/2454 2455/2455/2455 2470/2470/2470
f 2455/2455/2455 2456/2456/2456 2472/2472/2472
f 2455/2455/2455 2472/2472/2472 2471/2471/2471
f 2456/2456/2456 2457/2457/2457 2473/2473/2473
f 2456/2456/2456 2473/2473/2473 2472/2472/2472
f 2457/2457/2457 2458/2458/2458 2474/2474/2474
f 2457/2457/2457 2474/2474/2474 2473/2473/2473
f 2458/2458/2458 2459/2459/2459 2475/2475/2475
f 2458/2458/2458 2475/2475/2475 2474/2474/2474
f 2459/2459/2459 2460/2460/2460 2476/2476/2476
f 2459/2459/2459 2476/2476/2476 2475/2475/2475
f 2460/2460/2460 2461/2461/2461 2477/2477/2477
f 2460/2460/2460 2477/2477/2477 2476/2476/2476
f 2461/2461/2461 2462/2462/2462 2478/2478/2478
f 2461/2461/2461 2478/2478/2478 2477/2477/2477
f 2462/2462/2462 2463/2463/2463 2479/2479/2479
f 2462/2462/2462 2479/2479/2479 2478/2478/2478
f 2463/2463/2463 2464/2464/2464 2480/2480/2480
f 2463/2463/2463 2480/2480/2480 2479/2479/2479
f 2464/2464/2464 2465/2465/2465 2481/2481/2481
f 2464/2464/2464 2481/2481/2481 2480/2480/2480
f 2465/2465/2465 2466/2466/2466 2482/2482/2482
f 2465/2465/2465 2482/2482/2482 2481/2481/2481
f 2466/2466/2466 2467/2467/2467 2483/2483/2483
f 2466/2466/2466 2483/2483/2483 2482/2482/2482
f 2467/2467/2467 2468/2468/2468 2484/2484/2484
f 2467/2467/2467 2484/2484/2484 2483/2483/2483
f 2468/2468/2468 2469/2469/2469 2485/2485/2485
f 2468/2468/2468 2485/2485/2485 2484/2484/2484
f 2469/2469/2469 2470/2470/2470 2486/2486/2486
f 2469/2469/2469 2486/2486/2486 2485/2485/2485
f 2470/2470/2470 2455/2455/2455 2471/2471/2471
f 2470/2470/2470 2471/2471/2471 2486/2486/2486
f 2471/2471/2471 2472/2472/2472 2488/2488/2488
f 2471/2471/2471 2488/2488/2488 2487/2487/2487
f 2472/2472/2472 2473/2473/2473 2489/2489/2489
f 2472/2472/2472 2489/2489/2489 2488/2488/2488
f 2473/2473/2473 2474/2474/2474 2490/2490/2490
f 2473/2473/2473 2490/2490/2490 2489/2489/2489
f 2474/2474/2474 2475/2475/2475 2491/2491/2491
f 2474/2474/2474 2491/2491/2491 2490/2490/2490
f 2475/2475/2475 2476/2476/2476 2492/2492/2492
f 2475/2475/2475 2492/2492/2492 2491/2491/2491
f 2476/2476/2476 2477/2477/2477 2493/2493/2493
f 2476/2476/2476 2493/2493/2493 2492/2492/2492
f 2477/2477/2477 2478/2478/2478 2494/2494/2494
f 2477/2477/2477 2494/2494/2494 2493/2493/2493
f 2478/2478/2478 2479/2479/2479 2495/2495/2495
f 2478/2478/2478 2495/2495/2495 2494/2494/2494
f 2479/2479/2479 2480/2480/2480 2496/2496/2496
f 2479/2479/2479 2496/2496/2496 2495/2495/2495
f 2480/2480/2480 2481/2481/2481 2497/2497/2497
f 2480/2480/2480 2497/2497/2497 2496/2496/2496
f 2481/2481/2481 2482/2482/2482 2498/2498/2498
f 2481/2481/2481 2498/2498/2498 2497/2497/2497
f 2482/2482/2482 2483/2483/2483 2499/2499/2499
f 2482/2482/2482 2499/2499/2499 2498/2498/2498
f 2483/2483/2483 2484/2484/2484 2500/2500/2500
f 2483/2483/2483 2500/2500/2500 2499/2499/2499
f 2484/2484/2484 2485/2485/2485 2501/2501/2501
f 2484/2484/2484 2501/2501/2501 2500/2500/2500
f 2485/2485/2485 2486/2486/2486 2502/2502/2502
f 2485/2485/2485 2502/2502/2502 2501/2501/2501
f 2486/2486/2486 2471/2471/2471 2487/2487/2487
f 2486/2486/2486 2487/2487/2487 2502/2502/2502
f 2487/2487/2487 2488/2488/2488 2504/2504/2504
f 2487/2487/2487 2504/2504/2504 2503/2503/2503
f 2488/2488/2488 2489/2489/2489 2505/2505/2505
f 2488/2488/2488 2505/2505/2505 2504/2504/2504
f 2489/2489/2489 2490/2490/2490 2506/2506/2506
f 2489/2489/2489 2506/2506/2506 2505/2505/2505
f 2490/2490/2490 2491/2491/2491 2507/2507/2507
f 2490/2490/2490 2507/2507/2507 2506/2506/2506
f 2491/2491/2491 2492/2492/2492 2508/2508/2508
f 2491/2491/2491 2508/2508/2508 2507/2507/2507
f 2492/2492/2492 2493/2493/2493 2509/2509/2509
f 2492/2492/2492 2509/2509/2509 2508/2508/2508
f 2493/2493/2493 2494/2494/2494 2510/2510/2510
f 2493/2493/2493 2510/2510/2510 2509/2509/2509
f 2494/2494/2494 2495/2495/2495 2511/2511/2511
f 2494/2494/2494 2511/2511/2511 2510/2510/2510
f 2495/2495/2495 2496/2496/2496 2512/2512/2512
f 2495/2495/2495 2512/2512/2512 2511/2511/2511
f 2496/2496/2496 2497/2497/2497 2513/2513/2513
f 2496/2496/2496 2513/2513/2513 2512/2512/2512
f 2497/2497/2497 2498/2498/2498 2514/2514/2514
f 2497/2497/2497 2514/2514/2514 2513/2513/2513
f 2498/2498/2498 2499/2499/2499 2515/2515/2515
f 2498/2498/2498 2515/2515/2515 2514/2514/2514
f 2499/2499/2499 2500/2500/2500 2516/2516/2516
f 2499/2499/2499 2516/2516/2516 2515/2515/2515
f 2500/2500/2500 2501/2501/2501 2517/2517/2517
f 2500/2500/2500 2517/2517/2517 2516/2516/2516
f 2501/2501/2501 2502/2502/2502 2518/2518/2518
f 2501/2501/2501 2518/2518/2518 2517/2517/2517
f 2502/2502/2502 2487/2487/2487 2503/2503/2503
f 2502/2502/2502 2503/2503/2503 2518/2518/2518
f 2503/2503/2503 2504/2504/2504 2520/2520/2520
f 2503/2503/2503 2520/2520/2520 2519/2519/2519
f 2504/2504/2504 2505/2505/2505 2521/2521/2521
f 2504/2504/2504 2521/2521/2521 2520/2520/2520
f 2505/2505/2505 2506/2506/2506 2522/2522/2522
f 2505/2505/2505 2522/2522/2522 2521/2521/2521
f 2506/2506/2506 2507/2507/2507 2523/2523/2523
f 2506/2506/2506 2523/2523/2523 2522/2522/2522
f 2507/2507/2507 2508/2508/2508 2524/2524/2524
f 2507/2507/2507 2524/2524/2524 2523/2523/2523
f 2508/2508/2508 2509/2509/2509 2525/2525/2525
f 2508/2508/2508 2525/2525/2525 2524/2524/2524
f 2509/2509/2509 2510/2510/2510 2526/2526/2526
f 2509/2509/2509 2526/2526/2526 2525/2525/2525
f 2510/2510/2510 2511/2511/2511 2527/2527/2527
f 2510/2510/2510 2527/2527/2527 2526/2526/2526
f 2511/2511/2511 2512/2512/2512 2528/2528/2528
f 2511/2511/2511 2528/2528/2528 2527/2527/2527
f 2512/2512/2512 2513/2513/2513 2529/2529/2529
f 2512/2512/2512 2529/2529/2529 2528/2528/2528
f 2513/2513/2513 2514/2514/2514 2530/2530/2530
f 2513/2513/2513 2530/2530/2530 2529/2529/2529
f 2514/2514/2514 2515/2515/2515 2531/2531/2531
f 2514/2514/2514 2531/2531/2531 2530/2530/2530
f 2515/2515/2515 2516/2516/2516 2532/2532/2532
f 2515/2515/2515 2532/2532/2532 2531/2531/2531
f 2516/2516/2516 2517/2517/2517 2533/2533/2533
f 2516/2516/2516 2533/2533/2533 2532/2532/2532
f 2517/2517/2517 2518/2518/2518 2534/2534/2534
f 2517/2517/2517 2534/2534/2534 2533/2533/2533
f 2518/2518/2518 2503/2503/2503 2519/2519/2519
f 2518/2518/2518 2519/2519/2519 2534/2534/2534
f 2519/2519/2519 2520/2520/2520 2536/2536/2536
f 2519/2519/2519 2536/2536/2536 2535/2535/2535
f 2520/2520/2520 2521/2521/2521 2537/2537/2537
f 2520/2520/2520 2537/2537/2537 2536/2536/2536
f 2521/2521/2521 2522/2522/2522 2538/2538/2538
f 2521/2521/2521 2538/2538/2538 2537/2537/2537
f 2522/2522/2522 2523/2523/2523 2539/2539/2539
f 2522/2522/2522 2539/2539/2539 2538/2538/2538
f 2523/2523/2523 2524/2524/2524 2540/2540/2540
f 2523/2523/2523 2540/2540/2540 2539/2539/2539
f 2524/2524/2524 2525/2525/2525 2541/2541/2541
f 2524/2524/2524 2541/2541/2541 2540/2540/2540
f 2525/2525/2525 2526/2526/2526 2542/2542/2542
f 2525/2525/2525 2542/2542/2542 2541/2541/2541
f 2526/2526/2526 2527/2527/2527 2543/2543/2543
f 2526/2526/2526 2543/2543/2543 2542/2542/2542
f 2527/2527/2527 2528/2528/2528 2544/2544/2544
f 2527/2527/2527 2544/2544/2544 2543/2543/2543
f 2528/2528/2528 2529/2529/2529 2545/2545/2545
f 2528/2528/2528 2545/2545/2545 2544/2544/2544
f 2529/2529/2529 2530/2530/2530 2546/2546/2546
f 2529/2529/2529 2546/2546/2546 2545/2545/2545
f 2530/2530/2530 2531/2531/2531 2547/2547/2547
f 2530/2530/2530 2547/2547/2547 2546/2546/2546
f 2531/2531/2531 2532/2532/2532 2548/2548/2548
f 2531/2531/2531 2548/2548/2548 2547/2547/2547
f 2532/2532/2532 2533/2533/2533 2549/2549/2549
f 2532/2532/2532 2549/2549/2549 2548/2548/2548
f 2533/2533/2533 2534/2534/2534 2550/2550/2550
f 2533/2533/2533 2550/2550/2550 2549/2549/2549
f 2534/2534/2534 2519/2519/2519 2535/2535/2535
f 2534/2534/2534 2535/2535/2535 2550/2550/2550
f 2535/2535/2535 2536/2536/2536 2552/2552/2552
f 2535/2535/2535 2552/2552/2552 2551/2551/2551
f 2536/2536/2536 2537/2537/2537 2553/2553/2553
f 2536/2536/2536 2553/2553/2553 2552/2552/2552
f 2537/2537/2537 2538/2538/2538 2554/2554/2554
f 2537/2537/2537 2554/2554/2554 2553/2553/2553
f 2538/2538/2538 2539/2539/2539 2555/2555/2555
f 2538/2538/2538 2555/2555/2555 2554/2554/2554
f 2539/2539/2539 2540/2540/2540 2556/2556/2556
f 2539/2539/2539 2556/2556/2556 2555/2555/2555
f 2540/2540/2540 2541/2541/2541 2557/2557/2557
f 2540/2540/2540 2557/2557/2557 2556/2556/2556
f 2541/2541/2541 2542/2542/2542 2558/2558/2558
f 2541/2541/2541 2558/2558/2558 2557/2557/2557
f 2542/2542/2542 2543/2543/2543 2559/2559/2559
f 2542/2542/2542 2559/2559/2559 2558/2558/2558
f 2543/2543/2543 2544/2544/2544 2560/2560/2560
f 2543/2543/2543 2560/2560/2560 2559/2559/2559
f 2544/2544/2544 2545/2545/2545 2561/2561/2561
f 2544/2544/2544 2561/2561/2561 2560/2560/2560
f 2545/2545/2545 2546/2546/2546 2562/2562/2562
f 2545/2545/2545 2562/2562/2562 2561/2561/2561
f 2546/2546/2546 2547/2547/2547 2563/2563/2563
f 2546/2546/2546 2563/2563/2563 2562/2562/2562
f 2547/2547/2547 2548/2548/2548 2564/2564/2564
f 2547/2547/2547 2564/2564/2564 2563/2563/2563
f 2548/2548/2548 2549/2549/2549 2565/2565/2565
f 2548/2548/2548 2565/2565/2565 2564/2564/2564
f 2549/2549/2549 2550/2550/2550 2566/2566/2566
f 2549/2549/2549 2566/2566/2566 2565/2565/2565
f 2550/2550/2550 2535/2535/2535 2551/2551/2551
f 2550/2550/2550 2551/2551/2551 2566/2566/2566
f 2551/2551/2551 2552/2552/2552 2568/2568/2568
f 2551/2551/2551 2568/2568/2568 2567/2567/2567
f 2552/2552/2552 2553/2553/2553 2569/2569/2569
f 2552/2552/2552 2569/2569/2569 2568/2568/2568
f 2553/2553/2553 2554/2554/2554 2570/2570/2570
f 2553/2553/2553 2570/2570/2570 2569/2569/2569
f 2554/2554/2554 2555/2555/2555 2571/2571/2571
f 2554/2554/2554 2571/2571/2571 2570/2570/2570
f 2555/2555/2555 2556/2556/2556 2572/2572/2572
f 2555/2555/2555 2572/2572/2572 2571/2571/2571
f 2556/2556/2556 2557/2557/2557 2573/2573/2573
f 2556/2556/2556 2573/2573/2573 2572/2572/2572
f 2557/2557/2557 2558/2558/2558 2574/2574/2574
f 2557/2557/2557 2574/2574/2574 2573/2573/2573
f 2558/2558/2558 2559/2559/2559 2575/2575/2575
f 2558/2558/2558 2575/2575/2575 2574/2574/2574
f 2559/2559/2559 2560/2560/2560 2576/2576/2576
f 2559/2559/2559 2576/2576/2576 2575/2575/2575
f 2560/2560/2560 2561/2561/2561 2577/2577/2577
f 2560/2560/2560 2577/2577/2577 2576/2576/2576
f 2561/2561/2561 2562/2562/2562 2578/2578/2578
f 2561/2561/2561 2578/2578/2578 2577/2577/2577
f 2562/2562/2562 2563/2563/2563 2579/2579/2579
f 2562/2562/2562 2579/2579/2579 2578/2578/2578
f 2563/2563/2563 2564/2564/2564 2580/2580/2580
f 2563/2563/2563 2580/2580/2580 2579/2579/2579
f 2564/2564/2564 2565/2565/2565 2581/2581/2581
f 2564/2564/2564 2581/2581/2581 2580/2580/2580
f 2565/2565/2565 2566/2566/2566 2582/2582/2582
f 2565/2565/2565 2582/2582/2582 2581/2581/2581
f 2566/2566/2566 2551/2551/2551 2567/2567/2567
f 2566/2566/2566 2567/2567/2567 2582/2582/2582
f 2567/2567/2567 2568/2568/2568 2584/2584/2584
f 2567/2567/2567 2584/2584/2584 2583/2583/2583
f 2568/2568/2568 2569/2569/2569 2585/2585/2585
f 2568/2568/2568 2585/2585/2585 2584/2584/2584
f 2569/2569/2569 2570/2570/2570 2586/2586/2586
f 2569/2569/2569 2586/2586/2586 2585/2585/2585
f 2570/2570/2570 2571/2571/2571 2587/2587/2587
f 2570/2570/2570 2587/2587/2587 2586/2586/2586
f 2571/2571/2571 2572/2572/2572 2588/2588/2588
f 2571/2571/2571 2588/2588/2588 2587/2587/2587
f 2572/2572/2572 2573/2573/2573 2589/2589/2589
f 2572/2572/2572 2589/2589/2589 2588/2588/2588
f 2573/2573/2573 2574/2574/2574 2590/2590/2590
f 2573/2573/2573 2590/2590/2590 2589/2589/2589
f 2574/2574/2574 2575/2575/2575 2591/2591/2591
f 2574/2574/2574 2591/2591/2591 2590/2590/2590
f 2575/2575/2575 2576/2576/2576 2592/2592/2592
f 2575/2575/2575 2592/2592/2592 2591/2591/2591
f 2576/2576/2576 2577/2577/2577 2593/2593/2593
f 2576/2576/2576 2593/2593/2593 2592/2592/2592
f 2577/2577/2577 2578/2578/2578 2594/2594/2594
f 2577/2577/2577 2594/2594/2594 2593/2593/2593
f 2578/2578/2578 2579/2579/2579 2595/2595/2595
f 2578/2578/2578 2595/2595/2595 2594/2594/2594
f 2579/2579/2579 2580/2580/2580 2596/2596/2596
f 2579/2579/2579 2596/2596/2596 2595/2595/2595
f 2580/2580/2580 2581/2581/2581 2597/2597/2597
f 2580/2580/2580 2597/2597/2597 2596/2596/2596
f 2581/2581/2581 2582/2582/2582 2598/2598/2598
f 2581/2581/2581 2598/2598/2598 2597/2597/2597
f 2582/2582/2582 2567/2567/2567 2583/2583/2583
f 2582/2582/2582 2583/2583/2583 2598/2598/2598
f 2583/2583/2583 2584/2584/2584 2600/2600/2600
f 2583/2583/2583 2600/2600/2600 2599/2599/2599
f 2584/2584/2584 2585/2585/2585 2601/2601/2601
f 2584/2584/2584 2601/2601/2601 2600/2600/2600
f 2585/2585/2585 2586/2586/2586 2602/2602/2602
f 2585/2585/2585 2602/2602/2602 2601/2601/2601
f 2586/2586/2586 2587/2587/2587 2603/2603/2603
f 2586/2586/2586 2603/2603/2603 2602/2602/2602
f 2587/2587/2587 2588/2588/2588 2604/2604/2604
f 2587/2587/2587 2604/2604/2604 2603/2603/2603
f 2588/2588/2588 2589/2589/2589 2605/2605/2605
f 2588/2588/2588 2605/2605/2605 2604/2604/2604
f 2589/2589/2589 2590/2590/2590 2606/2606/2606
f 2589/2589/2589 2606/2606/2606 2605/2605/2605
f 2590/2590/2590 2591/2591/2591 2607/2607/2607
f 2590/2590/2590 2607/2607/2607 2606/2606/2606
f 2591/2591/2591 2592/2592/2592 2608/2608/2608
f 2591/2591/2591 2608/2608/2608 2607/2607/2607
f 2592/2592/2592 2593/2593/2593 2609/2609/2609
f 2592/2592/2592 2609/2609/2609 2608/2608/2608
f 2593/2593/2593 2594/2594/2594 2610/2610/2610
f 2593/2593/2593 2610/2610/2610 2609/2609/2609
f 2594/2594/2594 2595/2595/2595 2611/2611/2611
f 2594/2594/2594 2611/2611/2611 2610/2610/2610
f 2595/2595/2595 2596/2596/2596 2612/2612/2612
f 2595/2595/2595 2612/2612/2612 2611/2611/2611
f 2596/2596/2596 2597/2597/2597 2613/2613/2613
f 2596/2596/2596 2613/2613/2613 2612/2612/2612
f 2597/2597/2597 2598/2598/2598 2614/2614/2614
f 2597/2597/2597 2614/2614/2614 2613/2613/2613
f 2598/2598/2598 2583/2583/2583 2599/2599/2599
f 2598/2598/2598 2599/2599/2599 2614/2614/2614
f 2599/2599/2599 2600/2600/2600 2616/2616/2616
f 2599/2599/2599 2616/2616/2616 2615/2615/2615
f 2600/2600/2600 2601/2601/2601 2617/2617/2617
f 2600/2600/2600 2617/2617/2617 2616/2616/2616
f 2601/2601/2601 2602/2602/2602 2618/2618/2618
f 2601/2601/2601 2618/2618/2618 2617/2617/2617
f 2602/2602/2602 2603/2603/2603 2619/2619/2619
f 2602/2602/2602 2619/2619/2619 2618/2618/2618
f 2603/2603/2603 2604/2604/2604 2620/2620/2620
f 2603/2603/2603 2620/2620/2620 2619/2619/2619
f 2604/2604/2604 2605/2605/2605 2621/2621/2621
f 2604/2604/2604 2621/2621/2621 2620/2620/2620
f 2605/2605/2605 2606/2606/2606 2622/2622/2622
f 2605/2605/2605 2622/2622/2622 2621/2621/2621
f 2606/2606/2606 2607/2607/2607 2623/2623/2623
f 2606/2606/2606 2623/2623/2623 2622/2622/2622
f 2607/2607/2607 2608/2608/2608 2624/2624/2624
f 2607/2607/2607 2624/2624/2624 2623/2623/2623
f 2608/2608/2608 2609/2609/2609 2625/2625/2625
f 2608/2608/2608 2625/2625/2625 2624/2624/2624
f 2609/2609/2609 2610/2610/2610 2626/2626/2626
f 2609/2609/2609 2626/2626/2626 2625/2625/2625
f 2610/2610/2610 2611/2611/2611 2627/2627/2627
f 2610/2610/2610 2627/2627/2627 2626/2626/2626
f 2611/2611/2611 2612/2612/2612 2628/2628/2628
f 2611/2611/2611 2628/2628/2628 2627/2627/2627
f 2612/2612/2612 2613/2613/2613 2629/2629/2629
f 2612/2612/2612 2629/2629/2629 2628/2628/2628
f 2613/2613/2613 2614/2614/2614 2630/2630/2630
f 2613/2613/2613 2630/2630/2630 2629/2629/2629
f 2614/2614/2614 2599/2599/2599 2615/2615/2615
f 2614/2614/2614 2615/2615/2615 2630/2630/2630
f 2615/2615/2615 2616/2616/2616 2632/2632/2632
f 2615/2615/2615 2632/2632/2632 2631/2631/2631
f 2616/2616/2616 2617/2617/2617 2633/2633/2633
f 2616/2616/2616 2633/2633/2633 2632/2632/2632
f 2617/2617/2617 2618/2618/2618 2634/2634/2634
f 2617/2617/2617 2634/2634/2634 2633/2633/2633
f 2618/2618/2618 2619/2619/2619 2635/2635/2635
f 2618/2618/2618 2635/2635/2635 2634/2634/2634
f 2619/2619/2619 2620/2620/2620 2636/2636/2636
f 2619/2619/2619 2636/2636/2636 2635/2635/2635
f 2620/2620/2620 2621/2621/2621 2637/2637/2637
f 2620/2620/2620 2637/2637/2637 2636/2636/2636
f 2621/2621/2621 2622/2622/2622 2638/2638/2638
f 2621/2621/2621 2638/2638/2638 2637/2637/2637
f 2622/2622/2622 2623/2623/2623 2639/2639/2639
f 2622/2622/2622 2639/2639/2639 2638/2638/2638
f 2623/2623/2623 2624/2624/2624 2640/2640/2640
f 2623/2623/2623 2640/2640/2640 2639/2639/2639
f 2624/2624/2624 2625/2625/2625 2641/2641/2641
f 2624/2624/2624 2641/2641/2641 2640/2640/2640
f 2625/2625/2625 2626/2626/2626 2642/2642/2642
f 2625/2625/2625 2642/2642/2642 2641/2641/2641
f 2626/2626/2626 2627/2627/2627 2643/2643/2643
f 2626/2626/2626 2643/2643/2643 2642/2642/2642
f 2627/2627/2627 2628/2628/2628 2644/2644/2644
f 2627/2627/2627 2644/2644/2644 2643/2643/2643
f 2628/2628/2628 2629/2629/2629 2645/2645/2645
f 2628/2628/2628 2645/2645/2645 2644/2644/2644
f 2629/2629/2629 2630/2630/2630 2646/2646/2646
f 2629/2629/2629 2646/2646/2646 2645/2645/2645
f 2630/2630/2630 2615/2615/2615 2631/2631/2631
f 2630/2630/2630 2631/2631/2631 2646/2646/2646
usemtl Hair
f 2647/2647/2647 2648/2648/2648 2655/2655/2655
f 2647/2647/2647 2655/2655/2655 2654/2654/2654
f 2648/2648/2648 2649/2649/2649 2656/2656/2656
f 2648/2648/2648 2656/2656/2656 2655/2655/2655
f 2649/2649/2649 2650/2650/2650 2657/2657/2657
f 2649/2649/2649 2657/2657/2657 2656/2656/2656
f 2650/2650/2650 2651/2651/2651 2658/2658/2658
f 2650/2650/2650 2658/2658/2658 2657/2657/2657
f 2651/2651/2651 2652/2652/2652 2659/2659/2659
f 2651/2651/2651 2659/2659/2659 2658/2658/2658
f 2652/2652/2652 2653/2653/2653 2660/2660/2660
f 2652/2652/2652 2660/2660/2660 2659/2659/2659
f 2653/2653/2653 2647/2647/2647 2654/2654/2654
f 2653/2653/2653 2654/2654/2654 2660/2660/2660
f 2654/2654/2654 2655/2655/2655 2662/2662/2662
f 2654/2654/2654 2662/2662/2662 2661/2661/2661
f 2655/2655/2655 2656/2656/2656 2663/2663/2663
f 2655/2655/2655 2663/2663/2663 2662/2662/2662
f 2656/2656/2656 2657/2657/2657 2664/2664/2664
f 2656/2656/2656 2664/2664/2664 2663/2663/2663
f 2657/2657/2657 2658/2658/2658 2665/2665/2665
f 2657/2657/2657 2665/2665/2665 2664/2664/2664
f 2658/2658/2658 2659/2659/2659 2666/2666/2666
f 2658/2658/2658 2666/2666/2666 2665/2665/2665
f 2659/2659/2659 2660/2660/2660 2667/2667/2667
f 2659/2659/2659 2667/2667/2667 2666/2666/2666
f 2660/2660/2660 2654/2654/2654 2661/2661/2661
f 2660/2660/2660 2661/2661/2661 2667/2667/2667
f 2661/2661/2661 2662/2662/2662 2669/2669/2669
f 2661/2661/2661 2669/2669/2669 2668/2668/2668
f 2662/2662/2662 2663/2663/2663 2670/2670/2670
f 2662/2662/2662 2670/2670/2670 2669/2669/2669
f 2663/2663/2663 2664/2664/2664 2671/2671/2671
f 2663/2663/2663 2671/2671/2671 2670/2670/2670
f 2664/2664/2664 2665/2665/2665 2672/2672/2672
f 2664/2664/2664 2672/2672/2672 2671/2671/2671
f 2665/2665/2665 2666/2666/2666 2673/2673/2673
f 2665/2665/2665 2673/2673/2673 2672/2672/2672
f 2666/2666/2666 2667/2667/2667 2674/2674/2674
f 2666/2666/2666 2674/2674/2674 2673/2673/2673
f 2667/2667/2667 2661/2661/2661 2668/2668/2668
f 2667/2667/2667 2668/2668/2668 2674/2674/2674
f 2668/2668/2668 2669/2669/2669 2676/2676/2676
f 2668/2668/2668 2676/2676/2676 2675/2675/2675
f 2669/2669/2669 2670/2670/2670 2677/2677/2677
f 2669/2669/2669 2677/2677/2677 2676/2676/2676
f 2670/2670/2670 2671/2671/2671 2678/2678/2678
f 2670/2670/2670 2678/2678/2678 2677/2677/2677
f 2671/2671/2671 2672/2672/2672 2679/2679/2679
f 2671/2671/2671 2679/2679/2679 2678/2678/2678
f 2672/2672/2672 2673/2673/2673 2680/2680/2680
f 2672/2672/2672 2680/2680/2680 2679/2679/2679
f 2673/2673/2673 2674/2674/2674 2681/2681/2681
f 2673/2673/2673 2681/2681/2681 2680/2680/2680
f 2674/2674/2674 2668/2668/2668 2675/2675/2675
f 2674/2674/2674 2675/2675/2675 2681/2681/2681
f 2675/2675/2675 2676/2676/2676 2683/2683/2683
f 2675/2675/2675 2683/2683/2683 2682/2682/2682
f 2676/2676/2676 2677/2677/2677 2684/2684/2684
f 2676/2676/2676 2684/2684/2684 2683/2683/2683
f 2677/2677/2677 2678/2678/2678 2685/2685/2685
f 2677/2677/2677 2685/2685/2685 2684/2684/2684
f 2678/2678/2678 2679/2679/2679 2686/2686/2686
f 2678/2678/2678 2686/2686/2686 2685/2685/2685
f 2679/2679/2679 2680/2680/2680 2687/2687/2687
f 2679/2679/2679 2687/2687/2687 2686/2686/2686
f 2680/2680/2680 2681/2681/2681 2688/2688/2688
f 2680/2680/2680 2688/2688/2688 2687/2687/2687
f 2681/2681/2681 2675/2675/2675 2682/2682/2682
f 2681/2681/2681 2682/2682/2682 2688/2688/2688
usemtl Hair
f 2689/2689/2689 2690/2690/2690 2697/2697/2697
f 2689/2689/2689 2697/2697/2697 2696/2696/2696
f 2690/2690/2690 2691/2691/2691 2698/2698/2698
f 2690/2690/2690 2698/2698/2698 2697/2697/2697
f 2691/2691/2691 2692/2692/2692 2699/2699/2699
f 2691/2691/2691 2699/2699/2699 2698/2698/2698
f 2692/2692/2692 2693/2693/2693 2700/2700/2700
f 2692/2692/2692 2700/2700/2700 2699/2699/2699
f 2693/2693/2693 2694/2694/2694 2701/2701/2701
f 2693/2693/2693 2701/2701/2701 2700/2700/2700
f 2694/2694/2694 2695/2695/2695 2702/2702/2702
f 2694/2694/2694 2702/2702/2702 2701/2701/2701
f 2695/2695/2695 2689/2689/2689 2696/2696/2696
f 2695/2695/2695 2696/2696/2696 2702/2702/2702
f 2696/2696/2696 2697/2697/2697 2704/2704/2704
f 2696/2696/2696 2704/2704/2704 2703/2703/2703
f 2697/2697/2697 2698/2698/2698 2705/2705/2705
f 2697/2697/2697 2705/2705/2705 2704/2704/2704
f 2698/2698/2698 2699/2699/2699 2706/2706/2706
f 2698/2698/2698 2706/2706/2706 2705/2705/2705
f 2699/2699/2699 2700/2700/2700 2707/2707/2707
f 2699/2699/2699 2707/2707/2707 2706/2706/2706
f 2700/2700/2700 2701/2701/2701 2708/2708/2708
f 2700/2700/2700 2708/2708/2708 2707/2707/2707
f 2701/2701/2701 2702/2702/2702 2709/2709/2709
f 2701/2701/2701 2709/2709/2709 2708/2708/2708
f 2702/2702/2702 2696/2696/2696 2703/2703/2703
f 2702/2702/2702 2703/2703/2703 2709/2709/2709
f 2703/2703/2703 2704/2704/2704 2711/2711/2711
f 2703/2703/2703 2711/2711/2711 2710/2710/2710
f 2704/2704/2704 2705/2705/2705 2712/2712/2712
f 2704/2704/2704 2712/2712/2712 2711/2711/2711
f 2705/2705/2705 2706/2706/2706 2713/2713/2713
f 2705/2705/2705 2713/2713/2713 2712/2712/2712
f 2706/2706/2706 2707/2707/2707 2714/2714/2714
f 2706/2706/2706 2714/2714/2714 2713/2713/2713
f 2707/2707/2707 2708/2708/2708 2715/2715/2715
f 2707/2707/2707 2715/2715/2715 2714/2714/2714
f 2708/2708/2708 2709/2709/2709 2716/2716/2716
f 2708/2708/2708 2716/2716/2716 2715/2715/2715
f 2709/2709/2709 2703/2703/2703 2710/2710/2710
f 2709/2709/2709 2710/2710/2710 2716/2716/2716
f 2710/2710/2710 2711/2711/2711 2718/2718/2718
f 2710/2710/2710 2718/2718/2718 2717/2717/2717
f 2711/2711/2711 2712/2712/2712 2719/2719/2719
f 2711/2711/2711 2719/2719/2719 2718/2718/2718
f 2712/2712/2712 2713/2713/2713 2720/2720/2720
f 2712/2712/2712 2720/2720/2720 2719/2719/2719
f 2713/2713/2713 2714/2714/2714 2721/2721/2721
f 2713/2713/2713 2721/2721/2721 2720/2720/2720
f 2714/2714/2714 2715/2715/2715 2722/2722/2722
f 2714/2714/2714 2722/2722/2722 2721/2721/2721
f 2715/2715/2715 2716/2716/2716 2723/2723/2723
f 2715/2715/2715 2723/2723/2723 2722/2722/2722
f 2716/2716/2716 2710/2710/2710 2717/2717/2717
f 2716/2716/2716 2717/2717/2717 2723/2723/2723
f 2717/2717/2717 2718/2718/2718 2725/2725/2725
f 2717/2717/2717 2725/2725/2725 2724/2724/2724
f 2718/2718/2718 2719/2719/2719 2726/2726/2726
f 2718/2718/2718 2726/2726/2726 2725/2725/2725
f 2719/2719/2719 2720/2720/2720 2727/2727/2727
f 2719/2719/2719 2727/2727/2727 2726/2726/2726
f 2720/2720/2720 2721/2721/2721 2728/2728/2728
f 2720/2720/2720 2728/2728/2728 2727/2727/2727
f 2721/2721/2721 2722/2722/2722 2729/2729/2729
f 2721/2721/2721 2729/2729/2729 2728/2728/2728
f 2722/2722/2722 2723/2723/2723 2730/2730/2730
f 2722/2722/2722 2730/2730/2730 2729/2729/2729
f 2723/2723/2723 2717/2717/2717 2724/2724/2724
f 2723/2723/2723 2724/2724/2724 2730/2730/2730
usemtl Hair
f 2731/2731/2731 2732/2732/2732 2739/2739/2739
f 2731/2731/2731 2739/2739/2739 2738/2738/2738
f 2732/2732/2732 2733/2733/2733 2740/2740/2740
f 2732/2732/2732 2740/2740/2740 2739/2739/2739
f 2733/2733/2733 2734/2734/2734 2741/2741/2741
f 2733/2733/2733 2741/2741/2741 2740/2740/2740
f 2734/2734/2734 2735/2735/2735 2742/2742/2742
f 2734/2734/2734 2742/2742/2742 2741/2741/2741
f 2735/2735/2735 2736/2736/2736 2743/2743/2743
f 2735/2735/2735 2743/2743/2743 2742/2742/2742
f 2736/2736/2736 2737/2737/2737 2744/2744/2744
f 2736/2736/2736 2744/2744/2744 2743/2743/2743
f 2737/2737/2737 2731/2731/2731 2738/2738/2738
f 2737/2737/2737 2738/2738/2738 2744/2744/2744
f 2738/2738/2738 2739/2739/2739 2746/2746/2746
f 2738/2738/2738 2746/2746/2746 2745/2745/2745
f 2739/2739/2739 2740/2740/2740 2747/2747/2747
f 2739/2739/2739 2747/2747/2747 2746/2746/2746
f 2740/2740/2740 2741/2741/2741 2748/2748/2748
f 2740/2740/2740 2748/2748/2748 2747/2747/2747
f 2741/2741/2741 2742/2742/2742 2749/2749/2749
f 2741/2741/2741 2749/2749/2749 2748/2748/2748
f 2742/2742/2742 2743/2743/2743 2750/2750/2750
f 2742/2742/2742 2750/2750/2750 2749/2749/2749
f 2743/2743/2743 2744/2744/2744 2751/2751/2751
f 2743/2743/2743 2751/2751/2751 2750/2750/2750
f 2744/2744/2744 2738/2738/2738 2745/2745/2745
f 2744/2744/2744 2745/2745/2745 2751/2751/2751
f 2745/2745/2745 2746/2746/2746 2753/2753/2753
f 2745/2745/2745 2753/2753/2753 2752/2752/2752
f 2746/2746/2746 2747/2747/2747 2754/2754/2754
f 2746/2746/2746 2754/2754/2754 2753/2753/2753
f 2747/2747/2747 2748/2748/2748 2755/2755/2755
f 2747/2747/2747 2755/2755/2755 2754/2754/2754
f 2748/2748/2748 2749/2749/2749 2756/2756/2756
f 2748/2748/2748 2756/2756/2756 2755/2755/2755
f 2749/2749/2749 2750/2750/2750 2757/2757/2757
f 2749/2749/2749 2757/2757/2757 2756/2756/2756
f 2750/2750/2750 2751/2751/2751 2758/2758/2758
f 2750/2750/2750 2758/2758/2758 2757/2757/2757
f 2751/2751/2751 2745/2745/2745 2752/2752/2752
f 2751/2751/2751 2752/2752/2752 2758/2758/2758
f 2752/2752/2752 2753/2753/2753 2760/2760/2760
f 2752/2752/2752 2760/2760/2760 2759/2759/2759
f 2753/2753/2753 2754/2754/2754 2761/2761/2761
f 2753/2753/2753 2761/2761/2761 2760/2760/2760
f 2754/2754/2754 2755/2755/2755 2762/2762/2762
f 2754/2754/2754 2762/2762/2762 2761/2761/2761
f 2755/2755/2755 2756/2756/2756 2763/2763/2763
f 2755/2755/2755 2763/2763/2763 2762/2762/2762
f 2756/2756/2756 2757/2757/2757 2764/2764/2764
f 2756/2756/2756 2764/2764/2764 2763/2763/2763
f 2757/2757/2757 2758/2758/2758 2765/2765/2765
f 2757/2757/2757 2765/2765/2765 2764/2764/2764
f 2758/2758/2758 2752/2752/2752 2759/2759/2759
f 2758/2758/2758 2759/2759/2759 2765/2765/2765
f 2759/2759/2759 2760/2760/2760 2767/2767/2767
f 2759/2759/2759 2767/2767/2767 2766/2766/2766
f 2760/2760/2760 2761/2761/2761 2768/2768/2768
f 2760/2760/2760 2768/2768/2768 2767/2767/2767
f 2761/2761/2761 2762/2762/2762 2769/2769/2769
f 2761/2761/2761 2769/2769/2769 2768/2768/2768
f 2762/2762/2762 2763/2763/2763 2770/2770/2770
f 2762/2762/2762 2770/2770/2770 2769/2769/2769
f 2763/2763/2763 2764/2764/2764 2771/2771/2771
f 2763/2763/2763 2771/2771/2771 2770/2770/2770
f 2764/2764/2764 2765/2765/2765 2772/2772/2772
f 2764/2764/2764 2772/2772/2772 2771/2771/2771
f 2765/2765/2765 2759/2759/2759 2766/2766/2766
f 2765/2765/2765 2766/2766/2766 2772/2772/2772
usemtl Hair
f 2773/2773/2773 2774/2774/2774 2781/2781/2781
f 2773/2773/2773 2781/2781/2781 2780/2780/2780
f 2774/2774/2774 2775/2775/2775 2782/2782/2782
f 2774/2774/2774 2782/2782/2782 2781/2781/2781
f 2775/2775/2775 2776/2776/2776 2783/2783/2783
f 2775/2775/2775 2783/2783/2783 2782/2782/2782
f 2776/2776/2776 2777/2777/2777 2784/2784/2784
f 2776/2776/2776 2784/2784/2784 2783/2783/2783
f 2777/2777/2777 2778/2778/2778 2785/2785/2785
f 2777/2777/2777 2785/2785/2785 2784/2784/2784
f 2778/2778/2778 2779/2779/2779 2786/2786/2786
f 2778/2778/2778 2786/2786/2786 2785/2785/2785
f 2779/2779/2779 2773/2773/2773 2780/2780/2780
f 2779/2779/2779 2780/2780/2780 2786/2786/2786
f 2780/2780/2780 2781/2781/2781 2788/2788/2788
f 2780/2780/2780 2788/2788/2788 2787/2787/2787
f 2781/2781/2781 2782/2782/2782 2789/2789/2789
f 2781/2781/2781 2789/2789/2789 2788/2788/2788
f 2782/2782/2782 2783/2783/2783 2790/2790/2790
f 2782/2782/2782 2790/2790/2790 2789/2789/2789
f 2783/2783/2783 2784/2784/2784 2791/2791/2791
f 2783/2783/2783 2791/2791/2791 2790/2790/2790
f 2784/2784/2784 2785/2785/2785 2792/2792/2792
f 2784/2784/2784 2792/2792/2792 2791/2791/2791
f 2785/2785/2785 2786/2786/2786 2793/2793/2793
f 2785/2785/2785 2793/2793/2793 2792/2792/2792
f 2786/2786/2786 2780/2780/2780 2787/2787/2787
f 2786/2786/2786 2787/2787/2787 2793/2793/2793
f 2787/2787/2787 2788/2788/2788 2795/2795/2795
f 2787/2787/2787 2795/2795/2795 2794/2794/2794
f 2788/2788/2788 2789/2789/2789 2796/2796/2796
f 2788/2788/2788 2796/2796/2796 2795/2795/2795
f 2789/2789/2789 2790/2790/2790 2797/2797/2797
f 2789/2789/2789 2797/2797/2797 2796/2796/2796
f 2790/2790/2790 2791/2791/2791 2798/2798/2798
f 2790/2790/2790 2798/2798/2798 2797/2797/2797
f 2791/2791/2791 2792/2792/2792 2799/2799/2799
f 2791/2791/2791 2799/2799/2799 2798/2798/2798
f 2792/2792/2792 2793/2793/2793 2800/2800/2800
f 2792/2792/2792 2800/2800/2800 2799/2799/2799
f 2793/2793/2793 2787/2787/2787 2794/2794/2794
f 2793/2793/2793 2794/2794/2794 2800/2800/2800
f 2794/2794/2794 2795/2795/2795 2802/2802/2802
f 2794/2794/2794 2802/2802/2802 2801/2801/2801
f 2795/2795/2795 2796/2796/2796 2803/2803/2803
f 2795/2795/2795 2803/2803/2803 2802/2802/2802
f 2796/2796/2796 2797/2797/2797 2804/2804/2804
f 2796/2796/2796 2804/2804/2804 2803/2803/2803
f 2797/2797/2797 2798/2798/2798 2805/2805/2805
f 2797/2797/2797 2805/2805/2805 2804/2804/2804
f 2798/2798/2798 2799/2799/2799 2806/2806/2806
f 2798/2798/2798 2806/2806/2806 2805/2805/2805
f 2799/2799/2799 2800/2800/2800 2807/2807/2807
f 2799/2799/2799 2807/2807/2807 2806/2806/2806
f 2800/2800/2800 2794/2794/2794 2801/2801/2801
f 2800/2800/2800 2801/2801/2801 2807/2807/2807
f 2801/2801/2801 2802/2802/2802 2809/2809/2809
f 2801/2801/2801 2809/2809/2809 2808/2808/2808
f 2802/2802/2802 2803/2803/2803 2810/2810/2810
f 2802/2802/2802 2810/2810/2810 2809/2809/2809
f 2803/2803/2803 2804/2804/2804 2811/2811/2811
f 2803/2803/2803 2811/2811/2811 2810/2810/2810
f 2804/2804/2804 2805/2805/2805 2812/2812/2812
f 2804/2804/2804 2812/2812/2812 2811/2811/2811
f 2805/2805/2805 2806/2806/2806 2813/2813/2813
f 2805/2805/2805 2813/2813/2813 2812/2812/2812
f 2806/2806/2806 2807/2807/2807 2814/2814/2814
f 2806/2806/2806 2814/2814/2814 2813/2813/2813
f 2807/2807/2807 2801/2801/2801 2808/2808/2808
f 2807/2807/2807 2808/2808/2808 2814/2814/2814
usemtl Hair
f 2815/2815/2815 2816/2816/2816 2823/2823/2823
f 2815/2815/2815 2823/2823/2823 2822/2822/2822
f 2816/2816/2816 2817/2817/2817 2824/2824/2824
f 2816/2816/2816 2824/2824/2824 2823/2823/2823
f 2817/2817/2817 2818/2818/2818 2825/2825/2825
f 2817/2817/2817 2825/2825/2825 2824/2824/2824
f 2818/2818/2818 2819/2819/2819 2826/2826/2826
f 2818/2818/2818 2826/2826/2826 2825/2825/2825
f 2819/2819/2819 2820/2820/2820 2827/2827/2827
f 2819/2819/2819 2827/2827/2827 2826/2826/2826
f 2820/2820/2820 2821/2821/2821 2828/2828/2828
f 2820/2820/2820 2828/2828/2828 2827/2827/2827
f 2821/2821/2821 2815/2815/2815 2822/2822/2822
f 2821/2821/2821 2822/2822/2822 2828/2828/2828
f 2822/2822/2822 2823/2823/2823 2830/2830/2830
f 2822/2822/2822 2830/2830/2830 2829/2829/2829
f 2823/2823/2823 2824/2824/2824 2831/2831/2831
f 2823/2823/2823 2831/2831/2831 2830/2830/2830
f 2824/2824/2824 2825/2825/2825 2832/2832/2832
f 2824/2824/2824 2832/2832/2832 2831/2831/2831
f 2825/2825/2825 2826/2826/2826 2833/2833/2833
f 2825/2825/2825 2833/2833/2833 2832/2832/2832
f 2826/2826/2826 2827/2827/2827 2834/2834/2834
f 2826/2826/2826 2834/2834/2834 2833/2833/2833
f 2827/2827/2827 2828/2828/2828 2835/2835/2835
f 2827/2827/2827 2835/2835/2835 2834/2834/2834
f 2828/2828/2828 2822/2822/2822 2829/2829/2829
f 2828/2828/2828 2829/2829/2829 2835/2835/2835
f 2829/2829/2829 2830/2830/2830 2837/2837/2837
f 2829/2829/2829 2837/2837/2837 2836/2836/2836
f 2830/2830/2830 2831/2831/2831 2838/2838/2838
f 2830/2830/2830 2838/2838/2838 2837/2837/2837
f 2831/2831/2831 2832/2832/2832 2839/2839/2839
f 2831/2831/2831 2839/2839/2839 2838/2838/2838
f 2832/2832/2832 2833/2833/2833 2840/2840/2840
f 2832/2832/2832 2840/2840/2840 2839/2839/2839
f 2833/2833/2833 2834/2834/2834 2841/2841/2841
f 2833/2833/2833 2841/2841/2841 2840/2840/2840
f 2834/2834/2834 2835/2835/2835 2842/2842/2842
f 2834/2834/2834 2842/2842/2842 2841/2841/2841
f 2835/2835/2835 2829/2829/2829 2836/2836/2836
f 2835/2835/2835 2836/2836/2836 2842/2842/2842
f 2836/2836/2836 2837/2837/2837 2844/2844/2844
f 2836/2836/2836 2844/2844/2844 2843/2843/2843
f 2837/2837/2837 2838/2838/2838 2845/2845/2845
f 2837/2837/2837 2845/2845/2845 2844/2844/2844
f 2838/2838/2838 2839/2839/2839 2846/2846/2846
f 2838/2838/2838 2846/2846/2846 2845/2845/2845
f 2839/2839/2839 2840/2840/2840 2847/2847/2847
f 2839/2839/2839 2847/2847/2847 2846/2846/2846
f 2840/2840/2840 2841/2841/2841 2848/2848/2848
f 2840/2840/2840 2848/2848/2848 2847/2847/2847
f 2841/2841/2841 2842/2842/2842 2849/2849/2849
f 2841/2841/2841 2849/2849/2849 2848/2848/2848
f 2842/2842/2842 2836/2836/2836 2843/2843/2843
f 2842/2842/2842 2843/2843/2843 2849/2849/2849
f 2843/2843/2843 2844/2844/2844 2851/2851/2851
f 2843/2843/2843 2851/2851/2851 2850/2850/2850
f 2844/2844/2844 2845/2845/2845 2852/2852/2852
f 2844/2844/2844 2852/2852/2852 2851/2851/2851
f 2845/2845/2845 2846/2846/2846 2853/2853/2853
f 2845/2845/2845 2853/2853/2853 2852/2852/2852
f 2846/2846/2846 2847/2847/2847 2854/2854/2854
f 2846/2846/2846 2854/2854/2854 2853/2853/2853
f 2847/2847/2847 2848/2848/2848 2855/2855/2855
f 2847/2847/2847 2855/2855/2855 2854/2854/2854
f 2848/2848/2848 2849/2849/2849 2856/2856/2856
f 2848/2848/2848 2856/2856/2856 2855/2855/2855
f 2849/2849/2849 2843/2843/2843 2850/2850/2850
f 2849/2849/2849 2850/2850/2850 2856/2856/2856
usemtl Hair
f 2857/2857/2857 2858/2858/2858 2865/2865/2865
f 2857/2857/2857 2865/2865/2865 2864/2864/2864
f 2858/2858/2858 2859/2859/2859 2866/2866/2866
f 2858/2858/2858 2866/2866/2866 2865/2865/2865
f 2859/2859/2859 2860/2860/2860 2867/2867/2867
f 2859/2859/2859 2867/2867/2867 2866/2866/2866
f 2860/2860/2860 2861/2861/2861 2868/2868/2868
f 2860/2860/2860 2868/2868/2868 2867/2867/2867
f 2861/2861/2861 2862/2862/2862 2869/2869/2869
f 2861/2861/2861 2869/2869/2869 2868/2868/2868
f 2862/2862/2862 2863/2863/2863 2870/2870/2870
f 2862/2862/2862 2870/2870/2870 2869/2869/2869
f 2863/2863/2863 2857/2857/2857 2864/2864/2864
f 2863/2863/2863 2864/2864/2864 2870/2870/2870
f 2864/2864/2864 2865/2865/2865 2872/2872/2872
f 2864/2864/2864 2872/2872/2872 2871/2871/2871
f 2865/2865/2865 2866/2866/2866 2873/2873/2873
f 2865/2865/2865 2873/2873/2873 2872/2872/2872
f 2866/2866/2866 2867/2867/2867 2874/2874/2874
f 2866/2866/2866 2874/2874/2874 2873/2873/2873
f 2867/2867/2867 2868/2868/2868 2875/2875/2875
f 2867/2867/2867 2875/2875/2875 2874/2874/2874
f 2868/2868/2868 2869/2869/2869 2876/2876/2876
f 2868/2868/2868 2876/2876/2876 2875/2875/2875
f 2869/2869/2869 2870/2870/2870 2877/2877/2877
f 2869/2869/2869 2877/2877/2877 2876/2876/2876
f 2870/2870/2870 2864/2864/2864 2871/2871/2871
f 2870/2870/2870 2871/2871/2871 2877/2877/2877
f 2871/2871/2871 2872/2872/2872 2879/2879/2879
f 2871/2871/2871 2879/2879/2879 2878/2878/2878
f 2872/2872/2872 2873/2873/2873 2880/2880/2880
f 2872/2872/2872 2880/2880/2880 2879/2879/2879
f 2873/2873/2873 2874/2874/2874 2881/2881/2881
f 2873/2873/2873 2881/2881/2881 2880/2880/2880
f 2874/2874/2874 2875/2875/2875 2882/2882/2882
f 2874/2874/2874 2882/2882/2882 2881/2881/2881
f 2875/2875/2875 2876/2876/2876 2883/2883/2883
f 2875/2875/2875 2883/2883/2883 2882/2882/2882
f 2876/2876/2876 2877/2877/2877 2884/2884/2884
f 2876/2876/2876 2884/2884/2884 2883/2883/2883
f 2877/2877/2877 2871/2871/2871 2878/2878/2878
f 2877/2877/2877 2878/2878/2878 2884/2884/2884
f 2878/2878/2878 2879/2879/2879 2886/2886/2886
f 2878/2878/2878 2886/2886/2886 2885/2885/2885
f 2879/2879/2879 2880/2880/2880 2887/2887/2887
f 2879/2879/2879 2887/2887/2887 2886/2886/2886
f 2880/2880/2880 2881/2881/2881 2888/2888/2888
f 2880/2880/2880 2888/2888/2888 2887/2887/2887
f 2881/2881/2881 2882/2882/2882 2889/2889/2889
f 2881/2881/2881 2889/2889/2889 2888/2888/2888
f 2882/2882/2882 2883/2883/2883 2890/2890/2890
f 2882/2882/2882 2890/2890/2890 2889/2889/2889
f 2883/2883/2883 2884/2884/2884 2891/2891/2891
f 2883/2883/2883 2891/2891/2891 2890/2890/2890
f 2884/2884/2884 2878/2878/2878 2885/2885/2885
f 2884/2884/2884 2885/2885/2885 2891/2891/2891
f 2885/2885/2885 2886/2886/2886 2893/2893/2893
f 2885/2885/2885 2893/2893/2893 2892/2892/2892
f 2886/2886/2886 2887/2887/2887 2894/2894/2894
f 2886/2886/2886 2894/2894/2894 2893/2893/2893
f 2887/2887/2887 2888/2888/2888 2895/2895/2895
f 2887/2887/2887 2895/2895/2895 2894/2894/2894
f 2888/2888/2888 2889/2889/2889 2896/2896/2896
f 2888/2888/2888 2896/2896/2896 2895/2895/2895
f 2889/2889/2889 2890/2890/2890 2897/2897/2897
f 2889/2889/2889 2897/2897/2897 2896/2896/2896
f 2890/2890/2890 2891/2891/2891 2898/2898/2898
f 2890/2890/2890 2898/2898/2898 2897/2897/2897
f 2891/2891/2891 2885/2885/2885 2892/2892/2892
f 2891/2891/2891 2892/2892/2892 2898/2898/2898
usemtl Hair
f 2899/2899/2899 2900/2900/2900 2907/2907/2907
f 2899/2899/2899 2907/2907/2907 2906/2906/2906
f 2900/2900/2900 2901/2901/2901 2908/2908/2908
f 2900/2900/2900 2908/2908/2908 2907/2907/2907
f 2901/2901/2901 2902/2902/2902 2909/2909/2909
f 2901/2901/2901 2909/2909/2909 2908/2908/2908
f 2902/2902/2902 2903/2903/2903 2910/2910/2910
f 2902/2902/2902 2910/2910/2910 2909/2909/2909
f 2903/2903/2903 2904/2904/2904 2911/2911/2911
f 2903/2903/2903 2911/2911/2911 2910/2910/2910
f 2904/2904/2904 2905/2905/2905 2912/2912/2912
f 2904/2904/2904 2912/2912/2912 2911/2911/2911
f 2905/2905/2905 2899/2899/2899 2906/2906/2906
f 2905/2905/2905 2906/2906/2906 2912/2912/2912
f 2906/2906/2906 2907/2907/2907 2914/2914/2914
f 2906/2906/2906 2914/2914/2914 2913/2913/2913
f 2907/2907/2907 2908/2908/2908 2915/2915/2915
f 2907/2907/2907 2915/2915/2915 2914/2914/2914
f 2908/2908/2908 2909/2909/2909 2916/2916/2916
f 2908/2908/2908 2916/2916/2916 2915/2915/2915
f 2909/2909/2909 2910/2910/2910 2917/2917/2917
f 2909/2909/2909 2917/2917/2917 2916/2916/2916
f 2910/2910/2910 2911/2911/2911 2918/2918/2918
f 2910/2910/2910 2918/2918/2918 2917/2917/2917
f 2911/2911/2911 2912/2912/2912 2919/2919/2919
f 2911/2911/2911 2919/2919/2919 2918/2918/2918
f 2912/2912/2912 2906/2906/2906 2913/2913/2913
f 2912/2912/2912 2913/2913/2913 2919/2919/2919
f 2913/2913/2913 2914/2914/2914 2921/2921/2921
f 2913/2913/2913 2921/2921/2921 2920/2920/2920
f 2914/2914/2914 2915/2915/2915 2922/2922/2922
f 2914/2914/2914 2922/2922/2922 2921/2921/2921
f 2915/2915/2915 2916/2916/2916 2923/2923/2923
f 2915/2915/2915 2923/2923/2923 2922/2922/2922
f 2916/2916/2916 2917/2917/2917 2924/2924/2924
f 2916/2916/2916 2924/2924/2924 2923/2923/2923
f 2917/2917/2917 2918/2918/2918 2925/2925/2925
f 2917/2917/2917 2925/2925/2925 2924/2924/2924
f 2918/2918/2918 2919/2919/2919 2926/2926/2926
f 2918/2918/2918 2926/2926/2926 2925/2925/2925
f 2919/2919/2919 2913/2913/2913 2920/2920/2920
f 2919/2919/2919 2920/2920/2920 2926/2926/2926
f 2920/2920/2920 2921/2921/2921 2928/2928/2928
f 2920/2920/2920 2928/2928/2928 2927/2927/2927
f 2921/2921/2921 2922/2922/2922 2929/2929/2929
f 2921/2921/2921 2929/2929/2929 2928/2928/2928
f 2922/2922/2922 2923/2923/2923 2930/2930/2930
f 2922/2922/2922 2930/2930/2930 2929/2929/2929
f 2923/2923/2923 2924/2924/2924 2931/2931/2931
f 2923/2923/2923 2931/2931/2931 2930/2930/2930
f 2924/2924/2924 2925/2925/2925 2932/2932/2932
f 2924/2924/2924 2932/2932/2932 2931/2931/2931
f 2925/2925/2925 2926/2926/2926 2933/2933/2933
f 2925/2925/2925 2933/2933/2933 2932/2932/2932
f 2926/2926/2926 2920/2920/2920 2927/2927/2927
f 2926/2926/2926 2927/2927/2927 2933/2933/2933
f 2927/2927/2927 2928/2928/2928 2935/2935/2935
f 2927/2927/2927 2935/2935/2935 2934/2934/2934
f 2928/2928/2928 2929/2929/2929 2936/2936/2936
f 2928/2928/2928 2936/2936/2936 2935/2935/2935
f 2929/2929/2929 2930/2930/2930 2937/2937/2937
f 2929/2929/2929 2937/2937/2937 2936/2936/2936
f 2930/2930/2930 2931/2931/2931 2938/2938/2938
f 2930/2930/2930 2938/2938/2938 2937/2937/2937
f 2931/2931/2931 2932/2932/2932 2939/2939/2939
f 2931/2931/2931 2939/2939/2939 2938/2938/2938
f 2932/2932/2932 2933/2933/2933 2940/2940/2940
f 2932/2932/2932 2940/2940/2940 2939/2939/2939
f 2933/2933/2933 2927/2927/2927 2934/2934/2934
f 2933/2933/2933 2934/2934/2934 2940/2940/2940
usemtl Hair
f 2941/2941/2941 2942/2942/2942 2949/2949/2949
f 2941/2941/2941 2949/2949/2949 2948/2948/2948
f 2942/2942/2942 2943/2943/2943 2950/2950/2950
f 2942/2942/2942 2950/2950/2950 2949/2949/2949
f 2943/2943/2943 2944/2944/2944 2951/2951/2951
f 2943/2943/2943 2951/2951/2951 2950/2950/2950
f 2944/2944/2944 2945/2945/2945 2952/2952/2952
f 2944/2944/2944 2952/2952/2952 2951/2951/2951
f 2945/2945/2945 2946/2946/2946 2953/2953/2953
f 2945/2945/2945 2953/2953/2953 2952/2952/2952
f 2946/2946/2946 2947/2947/2947 2954/2954/2954
f 2946/2946/2946 2954/2954/2954 2953/2953/2953
f 2947/2947/2947 2941/2941/2941 2948/2948/2948
f 2947/2947/2947 2948/2948/2948 2954/2954/2954
f 2948/2948/2948 2949/2949/2949 2956/2956/2956
f 2948/2948/2948 2956/2956/2956 2955/2955/2955
f 2949/2949/2949 2950/2950/2950 2957/2957/2957
f 2949/2949/2949 2957/2957/2957 2956/2956/2956
f 2950/2950/2950 2951/2951/2951 2958/2958/2958
f 2950/2950/2950 2958/2958/2958 2957/2957/2957
f 2951/2951/2951 2952/2952/2952 2959/2959/2959
f 2951/2951/2951 2959/2959/2959 2958/2958/2958
f 2952/2952/2952 2953/2953/2953 2960/2960/2960
f 2952/2952/2952 2960/2960/2960 2959/2959/2959
f 2953/2953/2953 2954/2954/2954 2961/2961/2961
f 2953/2953/2953 2961/2961/2961 2960/2960/2960
f 2954/2954/2954 2948/2948/2948 2955/2955/2955
f 2954/2954/2954 2955/2955/2955 2961/2961/2961
f 2955/2955/2955 2956/2956/2956 2963/2963/2963
f 2955/2955/2955 2963/2963/2963 2962/2962/2962
f 2956/2956/2956 2957/2957/2957 2964/2964/2964
f 2956/2956/2956 2964/2964/2964 2963/2963/2963
f 2957/2957/2957 2958/2958/2958 2965/2965/2965
f 2957/2957/2957 2965/2965/2965 2964/2964/2964
f 2958/2958/2958 2959/2959/2959 2966/2966/2966
f 2958/2958/2958 2966/2966/2966 2965/2965/2965
f 2959/2959/2959 2960/2960/2960 2967/2967/2967
f 2959/2959/2959 2967/2967/2967 2966/2966/2966
f 2960/2960/2960 2961/2961/2961 2968/2968/2968
f 2960/2960/2960 2968/2968/2968 2967/2967/2967
f 2961/2961/2961 2955/2955/2955 2962/2962/2962
f 2961/2961/2961 2962/2962/2962 2968/2968/2968
f 2962/2962/2962 2963/2963/2963 2970/2970/2970
f 2962/2962/2962 2970/2970/2970 2969/2969/2969
f 2963/2963/2963 2964/2964/2964 2971/2971/2971
f 2963/2963/2963 2971/2971/2971 2970/2970/2970
f 2964/2964/2964 2965/2965/2965 2972/2972/2972
f 2964/2964/2964 2972/2972/2972 2971/2971/2971
f 2965/2965/2965 2966/2966/2966 2973/2973/2973
f 2965/2965/2965 2973/2973/2973 2972/2972/2972
f 2966/2966/2966 2967/2967/2967 2974/2974/2974
f 2966/2966/2966 2974/2974/2974 2973/2973/2973
f 2967/2967/2967 2968/2968/2968 2975/2975/2975
f 2967/2967/2967 2975/2975/2975 2974/2974/2974
f 2968/2968/2968 2962/2962/2962 2969/2969/2969
f 2968/2968/2968 2969/2969/2969 2975/2975/2975
f 2969/2969/2969 2970/2970/2970 2977/2977/2977
f 2969/2969/2969 2977/2977/2977 2976/2976/2976
f 2970/2970/2970 2971/2971/2971 2978/2978/2978
f 2970/2970/2970 2978/2978/2978 2977/2977/2977
f 2971/2971/2971 2972/2972/2972 2979/2979/2979
f 2971/2971/2971 2979/2979/2979 2978/2978/2978
f 2972/2972/2972 2973/2973/2973 2980/2980/2980
f 2972/2972/2972 2980/2980/2980 2979/2979/2979
f 2973/2973/2973 2974/2974/2974 2981/2981/2981
f 2973/2973/2973 2981/2981/2981 2980/2980/2980
f 2974/2974/2974 2975/2975/2975 2982/2982/2982
f 2974/2974/2974 2982/2982/2982 2981/2981/2981
f 2975/2975/2975 2969/2969/2969 2976/2976/2976
f 2975/2975/2975 2976/2976/2976 2982/2982/2982
usemtl Hair
f 2983/2983/2983 2984/2984/2984 2991/2991/2991
f 2983/2983/2983 2991/2991/2991 2990/2990/2990
f 2984/2984/2984 2985/2985/2985 2992/2992/2992
f 2984/2984/2984 2992/2992/2992 2991/2991/2991
f 2985/2985/2985 2986/2986/2986 2993/2993/2993
f 2985/2985/2985 2993/2993/2993 2992/2992/2992
f 2986/2986/2986 2987/2987/2987 2994/2994/2994
f 2986/2986/2986 2994/2994/2994 2993/2993/2993
f 2987/2987/2987 2988/2988/2988 2995/2995/2995
f 2987/2987/2987 2995/2995/2995 2994/2994/2994
f 2988/2988/2988 2989/2989/2989 2996/2996/2996
f 2988/2988/2988 2996/2996/2996 2995/2995/2995
f 2989/2989/2989 2983/2983/2983 2990/2990/2990
f 2989/2989/2989 2990/2990/2990 2996/2996/2996
f 2990/2990/2990 2991/2991/2991 2998/2998/2998
f 2990/2990/2990 2998/2998/2998 2997/2997/2997
f 2991/2991/2991 2992/2992/2992 2999/2999/2999
f 2991/2991/2991 2999/2999/2999 2998/2998/2998
f 2992/2992/2992 2993/2993/2993 3000/3000/3000
f 2992/2992/2992 3000/3000/3000 2999/2999/2999
f 2993/2993/2993 2994/2994/2994 3001/3001/3001
f 2993/2993/2993 3001/3001/3001 3000/3000/3000
f 2994/2994/2994 2995/2995/2995 3002/3002/3002
f 2994/2994/2994 3002/3002/3002 3001/3001/3001
f 2995/2995/2995 2996/2996/2996 3003/3003/3003
f 2995/2995/2995 3003/3003/3003 3002/3002/3002
f 2996/2996/2996 2990/2990/2990 2997/2997/2997
f 2996/2996/2996 2997/2997/2997 3003/3003/3003
f 2997/2997/2997 2998/2998/2998 3005/3005/3005
f 2997/2997/2997 3005/3005/3005 3004/3004/3004
f 2998/2998/2998 2999/2999/2999 3006/3006/3006
f 2998/2998/2998 3006/3006/3006 3005/3005/3005
f 2999/2999/2999 3000/3000/3000 3007/3007/3007
f 2999/2999/2999 3007/3007/3007 3006/3006/3006
f 3000/3000/3000 3001/3001/3001 3008/3008/3008
f 3000/3000/3000 3008/3008/3008 3007/3007/3007
f 3001/3001/3001 3002/3002/3002 3009/3009/3009
f 3001/3001/3001 3009/3009/3009 3008/3008/3008
f 3002/3002/3002 3003/3003/3003 3010/3010/3010
f 3002/3002/3002 3010/3010/3010 3009/3009/3009
f 3003/3003/3003 2997/2997/2997 3004/3004/3004
f 3003/3003/3003 3004/3004/3004 3010/3010/3010
f 3004/3004/3004 3005/3005/3005 3012/3012/3012
f 3004/3004/3004 3012/3012/3012 3011/3011/3011
f 3005/3005/3005 3006/3006/3006 3013/3013/3013
f 3005/3005/3005 3013/3013/3013 3012/3012/3012
f 3006/3006/3006 3007/3007/3007 3014/3014/3014
f 3006/3006/3006 3014/3014/3014 3013/3013/3013
f 3007/3007/3007 3008/3008/3008 3015/3015/3015
f 3007/3007/3007 3015/3015/3015 3014/3014/3014
f 3008/3008/3008 3009/3009/3009 3016/3016/3016
f 3008/3008/3008 3016/3016/3016 3015/3015/3015
f 3009/3009/3009 3010/3010/3010 3017/3017/3017
f 3009/3009/3009 3017/3017/3017 3016/3016/3016
f 3010/3010/3010 3004/3004/3004 3011/3011/3011
f 3010/3010/3010 3011/3011/3011 3017/3017/3017
f 3011/3011/3011 3012/3012/3012 3019/3019/3019
f 3011/3011/3011 3019/3019/3019 3018/3018/3018
f 3012/3012/3012 3013/3013/3013 3020/3020/3020
f 3012/3012/3012 3020/3020/3020 3019/3019/3019
f 3013/3013/3013 3014/3014/3014 3021/3021/3021
f 3013/3013/3013 3021/3021/3021 3020/3020/3020
f 3014/3014/3014 3015/3015/3015 3022/3022/3022
f 3014/3014/3014 3022/3022/3022 3021/3021/3021
f 3015/3015/3015 3016/3016/3016 3023/3023/3023
f 3015/3015/3015 3023/3023/3023 3022/3022/3022
f 3016/3016/3016 3017/3017/3017 3024/3024/3024
f 3016/3016/3016 3024/3024/3024 3023/3023/3023
f 3017/3017/3017 3011/3011/3011 3018/3018/3018
f 3017/3017/3017 3018/3018/3018 3024/3024/3024
usemtl Hair
f 3025/3025/3025 3026/3026/3026 3033/3033/3033
f 3025/3025/3025 3033/3033/3033 3032/3032/3032
f 3026/3026/3026 3027/3027/3027 3034/3034/3034
f 3026/3026/3026 3034/3034/3034 3033/3033/3033
f 3027/3027/3027 3028/3028/3028 3035/3035/3035
f 3027/3027/3027 3035/3035/3035 3034/3034/3034
f 3028/3028/3028 3029/3029/3029 3036/3036/3036
f 3028/3028/3028 3036/3036/3036 3035/3035/3035
f 3029/3029/3029 3030/3030/3030 3037/3037/3037
f 3029/3029/3029 3037/3037/3037 3036/3036/3036
f 3030/3030/3030 3031/3031/3031 3038/3038/3038
f 3030/3030/3030 3038/3038/3038 3037/3037/3037
f 3031/3031/3031 3025/3025/3025 3032/3032/3032
f 3031/3031/3031 3032/3032/3032 3038/3038/3038
f 3032/3032/3032 3033/3033/3033 3040/3040/3040
f 3032/3032/3032 3040/3040/3040 3039/3039/3039
f 3033/3033/3033 3034/3034/3034 3041/3041/3041
f 3033/3033/3033 3041/3041/3041 3040/3040/3040
f 3034/3034/3034 3035/3035/3035 3042/3042/3042
f 3034/3034/3034 3042/3042/3042 3041/3041/3041
f 3035/3035/3035 3036/3036/3036 3043/3043/3043
f 3035/3035/3035 3043/3043/3043 3042/3042/3042
f 3036/3036/3036 3037/3037/3037 3044/3044/3044
f 3036/3036/3036 3044/3044/3044 3043/3043/3043
f 3037/3037/3037 3038/3038/3038 3045/3045/3045
f 3037/3037/3037 3045/3045/3045 3044/3044/3044
f 3038/3038/3038 3032/3032/3032 3039/3039/3039
f 3038/3038/3038 3039/3039/3039 3045/3045/3045
f 3039/3039/3039 3040/3040/3040 3047/3047/3047
f 3039/3039/3039 3047/3047/3047 3046/3046/3046
f 3040/3040/3040 3041/3041/3041 3048/3048/3048
f 3040/3040/3040 3048/3048/3048 3047/3047/3047
f 3041/3041/3041 3042/3042/3042 3049/3049/3049
f 3041/3041/3041 3049/3049/3049 3048/3048/3048
f 3042/3042/3042 3043/3043/3043 3050/3050/3050
f 3042/3042/3042 3050/3050/3050 3049/3049/3049
f 3043/3043/3043 3044/3044/3044 3051/3051/3051
f 3043/3043/3043 3051/3051/3051 3050/3050/3050
f 3044/3044/3044 3045/3045/3045 3052/3052/3052
f 3044/3044/3044 3052/3052/3052 3051/3051/3051
f 3045/3045/3045 3039/3039/3039 3046/3046/3046
f 3045/3045/3045 3046/3046/3046 3052/3052/3052
f 3046/3046/3046 3047/3047/3047 3054/3054/3054
f 3046/3046/3046 3054/3054/3054 3053/3053/3053
f 3047/3047/3047 3048/3048/3048 3055/3055/3055
f 3047/3047/3047 3055/3055/3055 3054/3054/3054
f 3048/3048/3048 3049/3049/3049 3056/3056/3056
f 3048/3048/3048 3056/3056/3056 3055/3055/3055
f 3049/3049/3049 3050/3050/3050 3057/3057/3057
f 3049/3049/3049 3057/3057/3057 3056/3056/3056
f 3050/3050/3050 3051/3051/3051 3058/3058/3058
f 3050/3050/3050 3058/3058/3058 3057/3057/3057
f 3051/3051/3051 3052/3052/3052 3059/3059/3059
f 3051/3051/3051 3059/3059/3059 3058/3058/3058
f 3052/3052/3052 3046/3046/3046 3053/3053/3053
f 3052/3052/3052 3053/3053/3053 3059/3059/3059
f 3053/3053/3053 3054/3054/3054 3061/3061/3061
f 3053/3053/3053 3061/3061/3061 3060/3060/3060
f 3054/3054/3054 3055/3055/3055 3062/3062/3062
f 3054/3054/3054 3062/3062/3062 3061/3061/3061
f 3055/3055/3055 3056/3056/3056 3063/3063/3063
f 3055/3055/3055 3063/3063/3063 3062/3062/3062
f 3056/3056/3056 3057/3057/3057 3064/3064/3064
f 3056/3056/3056 3064/3064/3064 3063/3063/3063
f 3057/3057/3057 3058/3058/3058 3065/3065/3065
f 3057/3057/3057 3065/3065/3065 3064/3064/3064
f 3058/3058/3058 3059/3059/3059 3066/3066/3066
f 3058/3058/3058 3066/3066/3066 3065/3065/3065
f 3059/3059/3059 3053/3053/3053 3060/3060/3060
f 3059/3059/3059 3060/3060/3060 3066/3066/3066
usemtl Hair
f 3067/3067/3067 3068/3068/3068 3078/3078/3078
f 3067/3067/3067 3078/3078/3078 3077/3077/3077
f 3068/3068/3068 3069/3069/3069 3079/3079/3079
f 3068/3068/3068 3079/3079/3079 3078/3078/3078
f 3069/3069/3069 3070/3070/3070 3080/3080/3080
f 3069/3069/3069 3080/3080/3080 3079/3079/3079
f 3070/3070/3070 3071/3071/3071 3081/3081/3081
f 3070/3070/3070 3081/3081/3081 3080/3080/3080
f 3071/3071/3071 3072/3072/3072 3082/3082/3082
f 3071/3071/3071 3082/3082/3082 3081/3081/3081
f 3072/3072/3072 3073/3073/3073 3083/3083/3083
f 3072/3072/3072 3083/3083/3083 3082/3082/3082
f 3073/3073/3073 3074/3074/3074 3084/3084/3084
f 3073/3073/3073 3084/3084/3084 3083/3083/3083
f 3074/3074/3074 3075/3075/3075 3085/3085/3085
f 3074/3074/3074 3085/3085/3085 3084/3084/3084
f 3075/3075/3075 3076/3076/3076 3086/3086/3086
f 3075/3075/3075 3086/3086/3086 3085/3085/3085
f 3076/3076/3076 3067/3067/3067 3077/3077/3077
f 3076/3076/3076 3077/3077/3077 3086/3086/3086
f 3077/3077/3077 3078/3078/3078 3088/3088/3088
f 3077/3077/3077 3088/3088/3088 3087/3087/3087
f 3078/3078/3078 3079/3079/3079 3089/3089/3089
f 3078/3078/3078 3089/3089/3089 3088/3088/3088
f 3079/3079/3079 3080/3080/3080 3090/3090/3090
f 3079/3079/3079 3090/3090/3090 3089/3089/3089
f 3080/3080/3080 3081/3081/3081 3091/3091/3091
f 3080/3080/3080 3091/3091/3091 3090/3090/3090
f 3081/3081/3081 3082/3082/3082 3092/3092/3092
f 3081/3081/3081 3092/3092/3092 3091/3091/3091
f 3082/3082/3082 3083/3083/3083 3093/3093/3093
f 3082/3082/3082 3093/3093/3093 3092/3092/3092
f 3083/3083/3083 3084/3084/3084 3094/3094/3094
f 3083/3083/3083 3094/3094/3094 3093/3093/3093
f 3084/3084/3084 3085/3085/3085 3095/3095/3095
f 3084/3084/3084 3095/3095/3095 3094/3094/3094
f 3085/3085/3085 3086/3086/3086 3096/3096/3096
f 3085/3085/3085 3096/3096/3096 3095/3095/3095
f 3086/3086/3086 3077/3077/3077 3087/3087/3087
f 3086/3086/3086 3087/3087/3087 3096/3096/3096
f 3087/3087/3087 3088/3088/3088 3098/3098/3098
f 3087/3087/3087 3098/3098/3098 3097/3097/3097
f 3088/3088/3088 3089/3089/3089 3099/3099/3099
f 3088/3088/3088 3099/3099/3099 3098/3098/3098
f 3089/3089/3089 3090/3090/3090 3100/3100/3100
f 3089/3089/3089 3100/3100/3100 3099/3099/3099
f 3090/3090/3090 3091/3091/3091 3101/3101/3101
f 3090/3090/3090 3101/3101/3101 3100/3100/3100
f 3091/3091/3091 3092/3092/3092 3102/3102/3102
f 3091/3091/3091 3102/3102/3102 3101/3101/3101
f 3092/3092/3092 3093/3093/3093 3103/3103/3103
f 3092/3092/3092 3103/3103/3103 3102/3102/3102
f 3093/3093/3093 3094/3094/3094 3104/3104/3104
f 3093/3093/3093 3104/3104/3104 3103/3103/3103
f 3094/3094/3094 3095/3095/3095 3105/3105/3105
f 3094/3094/3094 3105/3105/3105 3104/3104/3104
f 3095/3095/3095 3096/3096/3096 3106/3106/3106
f 3095/3095/3095 3106/3106/3106 3105/3105/3105
f 3096/3096/3096 3087/3087/3087 3097/3097/3097
f 3096/3096/3096 3097/3097/3097 3106/3106/3106
f 3097/3097/3097 3098/3098/3098 3108/3108/3108
f 3097/3097/3097 3108/3108/3108 3107/3107/3107
f 3098/3098/3098 3099/3099/3099 3109/3109/3109
f 3098/3098/3098 3109/3109/3109 3108/3108/3108
f 3099/3099/3099 3100/3100/3100 3110/3110/3110
f 3099/3099/3099 3110/3110/3110 3109/3109/3109
f 3100/3100/3100 3101/3101/3101 3111/3111/3111
f 3100/3100/3100 3111/3111/3111 3110/3110/3110
f 3101/3101/3101 3102/3102/3102 3112/3112/3112
f 3101/3101/3101 3112/3112/3112 3111/3111/3111
f 3102/3102/3102 3103/3103/3103 3113/3113/3113
f 3102/3102/3102 3113/3113/3113 3112/3112/3112
f 3103/3103/3103 3104/3104/3104 3114/3114/3114
f 3103/3103/3103 3114/3114/3114 3113/3113/3113
f 3104/3104/3104 3105/3105/3105 3115/3115/3115
f 3104/3104/3104 3115/3115/3115 3114/3114/3114
f 3105/3105/3105 3106/3106/3106 3116/3116/3116
f 3105/3105/3105 3116/3116/3116 3115/3115/3115
f 3106/3106/3106 3097/3097/3097 3107/3107/3107
f 3106/3106/3106 3107/3107/3107 3116/3116/3116
f 3107/3107/3107 3108/3108/3108 3118/3118/3118
f 3107/3107/3107 3118/3118/3118 3117/3117/3117
f 3108/3108/3108 3109/3109/3109 3119/3119/3119
f 3108/3108/3108 3119/3119/3119 3118/3118/3118
f 3109/3109/3109 3110/3110/3110 3120/3120/3120
f 3109/3109/3109 3120/3120/3120 3119/3119/3119
f 3110/3110/3110 3111/3111/3111 3121/3121/3121
f 3110/3110/3110 3121/3121/3121 3120/3120/3120
f 3111/3111/3111 3112/3112/3112 3122/3122/3122
f 3111/3111/3111 3122/3122/3122 3121/3121/3121
f 3112/3112/3112 3113/3113/3113 3123/3123/3123
f 3112/3112/3112 3123/3123/3123 3122/3122/3122
f 3113/3113/3113 3114/3114/3114 3124/3124/3124
f 3113/3113/3113 3124/3124/3124 3123/3123/3123
f 3114/3114/3114 3115/3115/3115 3125/3125/3125
f 3114/3114/3114 3125/3125/3125 3124/3124/3124
f 3115/3115/3115 3116/3116/3116 3126/3126/3126
f 3115/3115/3115 3126/3126/3126 3125/3125/3125
f 3116/3116/3116 3107/3107/3107 3117/3117/3117
f 3116/3116/3116 3117/3117/3117 3126/3126/3126
f 3117/3117/3117 3118/3118/3118 3128/3128/3128
f 3117/3117/3117 3128/3128/3128 3127/3127/3127
f 3118/3118/3118 3119/3119/3119 3129/3129/3129
f 3118/3118/3118 3129/3129/3129 3128/3128/3128
f 3119/3119/3119 3120/3120/3120 3130/3130/3130
f 3119/3119/3119 3130/3130/3130 3129/3129/3129
f 3120/3120/3120 3121/3121/3121 3131/3131/3131
f 3120/3120/3120 3131/3131/3131 3130/3130/3130
f 3121/3121/3121 3122/3122/3122 3132/3132/3132
f 3121/3121/3121 3132/3132/3132 3131/3131/3131
f 3122/3122/3122 3123/3123/3123 3133/3133/3133
f 3122/3122/3122 3133/3133/3133 3132/3132/3132
f 3123/3123/3123 3124/3124/3124 3134/3134/3134
f 3123/3123/3123 3134/3134/3134 3133/3133/3133
f 3124/3124/3124 3125/3125/3125 3135/3135/3135
f 3124/3124/3124 3135/3135/3135 3134/3134/3134
f 3125/3125/3125 3126/3126/3126 3136/3136/3136
f 3125/3125/3125 3136/3136/3136 3135/3135/3135
f 3126/3126/3126 3117/3117/3117 3127/3127/3127
f 3126/3126/3126 3127/3127/3127 3136/3136/3136
usemtl Hair
f 3137/3137/3137 3138/3138/3138 3144/3144/3144
f 3137/3137/3137 3144/3144/3144 3143/3143/3143
f 3138/3138/3138 3139/3139/3139 3145/3145/3145
f 3138/3138/3138 3145/3145/3145 3144/3144/3144
f 3139/3139/3139 3140/3140/3140 3146/3146/3146
f 3139/3139/3139 3146/3146/3146 3145/3145/3145
f 3140/3140/3140 3141/3141/3141 3147/3147/3147
f 3140/3140/3140 3147/3147/3147 3146/3146/3146
f 3141/3141/3141 3142/3142/3142 3148/3148/3148
f 3141/3141/3141 3148/3148/3148 3147/3147/3147
f 3142/3142/3142 3137/3137/3137 3143/3143/3143
f 3142/3142/3142 3143/3143/3143 3148/3148/3148
f 3143/3143/3143 3144/3144/3144 3150/3150/3150
f 3143/3143/3143 3150/3150/3150 3149/3149/3149
f 3144/3144/3144 3145/3145/3145 3151/3151/3151
f 3144/3144/3144 3151/3151/3151 3150/3150/3150
f 3145/3145/3145 3146/3146/3146 3152/3152/3152
f 3145/3145/3145 3152/3152/3152 3151/3151/3151
f 3146/3146/3146 3147/3147/3147 3153/3153/3153
f 3146/3146/3146 3153/3153/3153 3152/3152/3152
f 3147/3147/3147 3148/3148/3148 3154/3154/3154
f 3147/3147/3147 3154/3154/3154 3153/3153/3153
f 3148/3148/3148 3143/3143/3143 3149/3149/3149
f 3148/3148/3148 3149/3149/3149 3154/3154/3154
f 3149/3149/3149 3150/3150/3150 3156/3156/3156
f 3149/3149/3149 3156/3156/3156 3155/3155/3155
f 3150/3150/3150 3151/3151/3151 3157/3157/3157
f 3150/3150/3150 3157/3157/3157 3156/3156/3156
f 3151/3151/3151 3152/3152/3152 3158/3158/3158
f 3151/3151/3151 3158/3158/3158 3157/3157/3157
f 3152/3152/3152 3153/3153/3153 3159/3159/3159
f 3152/3152/3152 3159/3159/3159 3158/3158/3158
f 3153/3153/3153 3154/3154/3154 3160/3160/3160
f 3153/3153/3153 3160/3160/3160 3159/3159/3159
f 3154/3154/3154 3149/3149/3149 3155/3155/3155
f 3154/3154/3154 3155/3155/3155 3160/3160/3160
f 3155/3155/3155 3156/3156/3156 3162/3162/3162
f 3155/3155/3155 3162/3162/3162 3161/3161/3161
f 3156/3156/3156 3157/3157/3157 3163/3163/3163
f 3156/3156/3156 3163/3163/3163 3162/3162/3162
f 3157/3157/3157 3158/3158/3158 3164/3164/3164
f 3157/3157/3157 3164/3164/3164 3163/3163/3163
f 3158/3158/3158 3159/3159/3159 3165/3165/3165
f 3158/3158/3158 3165/3165/3165 3164/3164/3164
f 3159/3159/3159 3160/3160/3160 3166/3166/3166
f 3159/3159/3159 3166/3166/3166 3165/3165/3165
f 3160/3160/3160 3155/3155/3155 3161/3161/3161
f 3160/3160/3160 3161/3161/3161 3166/3166/3166
usemtl Hair
f 3167/3167/3167 3168/3168/3168 3174/3174/3174
f 3167/3167/3167 3174/3174/3174 3173/3173/3173
f 3168/3168/3168 3169/3169/3169 3175/3175/3175
f 3168/3168/3168 3175/3175/3175 3174/3174/3174
f 3169/3169/3169 3170/3170/3170 3176/3176/3176
f 3169/3169/3169 3176/3176/3176 3175/3175/3175
f 3170/3170/3170 3171/3171/3171 3177/3177/3177
f 3170/3170/3170 3177/3177/3177 3176/3176/3176
f 3171/3171/3171 3172/3172/3172 3178/3178/3178
f 3171/3171/3171 3178/3178/3178 3177/3177/3177
f 3172/3172/3172 3167/3167/3167 3173/3173/3173
f 3172/3172/3172 3173/3173/3173 3178/3178/3178
f 3173/3173/3173 3174/3174/3174 3180/3180/3180
f 3173/3173/3173 3180/3180/3180 3179/3179/3179
f 3174/3174/3174 3175/3175/3175 3181/3181/3181
f 3174/3174/3174 3181/3181/3181 3180/3180/3180
f 3175/3175/3175 3176/3176/3176 3182/3182/3182
f 3175/3175/3175 3182/3182/3182 3181/3181/3181
f 3176/3176/3176 3177/3177/3177 3183/3183/3183
f 3176/3176/3176 3183/3183/3183 3182/3182/3182
f 3177/3177/3177 3178/3178/3178 3184/3184/3184
f 3177/3177/3177 3184/3184/3184 3183/3183/3183
f 3178/3178/3178 3173/3173/3173 3179/3179/3179
f 3178/3178/3178 3179/3179/3179 3184/3184/3184
f 3179/3179/3179 3180/3180/3180 3186/3186/3186
f 3179/3179/3179 3186/3186/3186 3185/3185/3185
f 3180/3180/3180 3181/3181/3181 3187/3187/3187
f 3180/3180/3180 3187/3187/3187 3186/3186/3186
f 3181/3181/3181 3182/3182/3182 3188/3188/3188
f 3181/3181/3181 3188/3188/3188 3187/3187/3187
f 3182/3182/3182 3183/3183/3183 3189/3189/3189
f 3182/3182/3182 3189/3189/3189 3188/3188/3188
f 3183/3183/3183 3184/3184/3184 3190/3190/3190
f 3183/3183/3183 3190/3190/3190 3189/3189/3189
f 3184/3184/3184 3179/3179/3179 3185/3185/3185
f 3184/3184/3184 3185/3185/3185 3190/3190/3190
f 3185/3185/3185 3186/3186/3186 3192/3192/3192
f 3185/3185/3185 3192/3192/3192 3191/3191/3191
f 3186/3186/3186 3187/3187/3187 3193/3193/3193
f 3186/3186/3186 3193/3193/3193 3192/3192/3192
f 3187/3187/3187 3188/3188/3188 3194/3194/3194
f 3187/3187/3187 3194/3194/3194 3193/3193/3193
f 3188/3188/3188 3189/3189/3189 3195/3195/3195
f 3188/3188/3188 3195/3195/3195 3194/3194/3194
f 3189/3189/3189 3190/3190/3190 3196/3196/3196
f 3189/3189/3189 3196/3196/3196 3195/3195/3195
f 3190/3190/3190 3185/3185/3185 3191/3191/3191
f 3190/3190/3190 3191/3191/3191 3196/3196/3196
usemtl Hair
f 3197/3197/3197 3198/3198/3198 3204/3204/3204
f 3197/3197/3197 3204/3204/3204 3203/3203/3203
f 3198/3198/3198 3199/3199/3199 3205/3205/3205
f 3198/3198/3198 3205/3205/3205 3204/3204/3204
f 3199/3199/3199 3200/3200/3200 3206/3206/3206
f 3199/3199/3199 3206/3206/3206 3205/3205/3205
f 3200/3200/3200 3201/3201/3201 3207/3207/3207
f 3200/3200/3200 3207/3207/3207 3206/3206/3206
f 3201/3201/3201 3202/3202/3202 3208/3208/3208
f 3201/3201/3201 3208/3208/3208 3207/3207/3207
f 3202/3202/3202 3197/3197/3197 3203/3203/3203
f 3202/3202/3202 3203/3203/3203 3208/3208/3208
f 3203/3203/3203 3204/3204/3204 3210/3210/3210
f 3203/3203/3203 3210/3210/3210 3209/3209/3209
f 3204/3204/3204 3205/3205/3205 3211/3211/3211
f 3204/3204/3204 3211/3211/3211 3210/3210/3210
f 3205/3205/3205 3206/3206/3206 3212/3212/3212
f 3205/3205/3205 3212/3212/3212 3211/3211/3211
f 3206/3206/3206 3207/3207/3207 3213/3213/3213
f 3206/3206/3206 3213/3213/3213 3212/3212/3212
f 3207/3207/3207 3208/3208/3208 3214/3214/3214
f 3207/3207/3207 3214/3214/3214 3213/3213/3213
f 3208/3208/3208 3203/3203/3203 3209/3209/3209
f 3208/3208/3208 3209/3209/3209 3214/3214/3214
f 3209/3209/3209 3210/3210/3210 3216/3216/3216
f 3209/3209/3209 3216/3216/3216 3215/3215/3215
f 3210/3210/3210 3211/3211/3211 3217/3217/3217
f 3210/3210/3210 3217/3217/3217 3216/3216/3216
f 3211/3211/3211 3212/3212/3212 3218/3218/3218
f 3211/3211/3211 3218/3218/3218 3217/3217/3217
f 3212/3212/3212 3213/3213/3213 3219/3219/3219
f 3212/3212/3212 3219/3219/3219 3218/3218/3218
f 3213/3213/3213 3214/3214/3214 3220/3220/3220
f 3213/3213/3213 3220/3220/3220 3219/3219/3219
f 3214/3214/3214 3209/3209/3209 3215/3215/3215
f 3214/3214/3214 3215/3215/3215 3220/3220/3220
f 3215/3215/3215 3216/3216/3216 3222/3222/3222
f 3215/3215/3215 3222/3222/3222 3221/3221/3221
f 3216/3216/3216 3217/3217/3217 3223/3223/3223
f 3216/3216/3216 3223/3223/3223 3222/3222/3222
f 3217/3217/3217 3218/3218/3218 3224/3224/3224
f 3217/3217/3217 3224/3224/3224 3223/3223/3223
f 3218/3218/3218 3219/3219/3219 3225/3225/3225
f 3218/3218/3218 3225/3225/3225 3224/3224/3224
f 3219/3219/3219 3220/3220/3220 3226/3226/3226
f 3219/3219/3219 3226/3226/3226 3225/3225/3225
f 3220/3220/3220 3215/3215/3215 3221/3221/3221
f 3220/3220/3220 3221/3221/3221 3226/3226/3226
usemtl Jacket
f 3227/3227/3227 3228/3228/3228 3237/3237/3237
f 3227/3227/3227 3237/3237/3237 3236/3236/3236
f 3228/3228/3228 3229/3229/3229 3238/3238/3238
f 3228/3228/3228 3238/3238/3238 3237/3237/3237
f 3229/3229/3229 3230/3230/3230 3239/3239/3239
f 3229/3229/3229 3239/3239/3239 3238/3238/3238
f 3230/3230/3230 3231/3231/3231 3240/3240/3240
f 3230/3230/3230 3240/3240/3240 3239/3239/3239
f 3231/3231/3231 3232/3232/3232 3241/3241/3241
f 3231/3231/3231 3241/3241/3241 3240/3240/3240
f 3232/3232/3232 3233/3233/3233 3242/3242/3242
f 3232/3232/3232 3242/3242/3242 3241/3241/3241
f 3233/3233/3233 3234/3234/3234 3243/3243/3243
f 3233/3233/3233 3243/3243/3243 3242/3242/3242
f 3234/3234/3234 3235/3235/3235 3244/3244/3244
f 3234/3234/3234 3244/3244/3244 3243/3243/3243
f 3235/3235/3235 3227/3227/3227 3236/3236/3236
f 3235/3235/3235 3236/3236/3236 3244/3244/3244
f 3236/3236/3236 3237/3237/3237 3246/3246/3246
f 3236/3236/3236 3246/3246/3246 3245/3245/3245
f 3237/3237/3237 3238/3238/3238 3247/3247/3247
f 3237/3237/3237 3247/3247/3247 3246/3246/3246
f 3238/3238/3238 3239/3239/3239 3248/3248/3248
f 3238/3238/3238 3248/3248/3248 3247/3247/3247
f 3239/3239/3239 3240/3240/3240 3249/3249/3249
f 3239/3239/3239 3249/3249/3249 3248/3248/3248
f 3240/3240/3240 3241/3241/3241 3250/3250/3250
f 3240/3240/3240 3250/3250/3250 3249/3249/3249
f 3241/3241/3241 3242/3242/3242 3251/3251/3251
f 3241/3241/3241 3251/3251/3251 3250/3250/3250
f 3242/3242/3242 3243/3243/3243 3252/3252/3252
f 3242/3242/3242 3252/3252/3252 3251/3251/3251
f 3243/3243/3243 3244/3244/3244 3253/3253/3253
f 3243/3243/3243 3253/3253/3253 3252/3252/3252
f 3244/3244/3244 3236/3236/3236 3245/3245/3245
f 3244/3244/3244 3245/3245/3245 3253/3253/3253
f 3245/3245/3245 3246/3246/3246 3255/3255/3255
f 3245/3245/3245 3255/3255/3255 3254/3254/3254
f 3246/3246/3246 3247/3247/3247 3256/3256/3256
f 3246/3246/3246 3256/3256/3256 3255/3255/3255
f 3247/3247/3247 3248/3248/3248 3257/3257/3257
f 3247/3247/3247 3257/3257/3257 3256/3256/3256
f 3248/3248/3248 3249/3249/3249 3258/3258/3258
f 3248/3248/3248 3258/3258/3258 3257/3257/3257
f 3249/3249/3249 3250/3250/3250 3259/3259/3259
f 3249/3249/3249 3259/3259/3259 3258/3258/3258
f 3250/3250/3250 3251/3251/3251 3260/3260/3260
f 3250/3250/3250 3260/3260/3260 3259/3259/3259
f 3251/3251/3251 3252/3252/3252 3261/3261/3261
f 3251/3251/3251 3261/3261/3261 3260/3260/3260
f 3252/3252/3252 3253/3253/3253 3262/3262/3262
f 3252/3252/3252 3262/3262/3262 3261/3261/3261
f 3253/3253/3253 3245/3245/3245 3254/3254/3254
f 3253/3253/3253 3254/3254/3254 3262/3262/3262
f 3254/3254/3254 3255/3255/3255 3264/3264/3264
f 3254/3254/3254 3264/3264/3264 3263/3263/3263
f 3255/3255/3255 3256/3256/3256 3265/3265/3265
f 3255/3255/3255 3265/3265/3265 3264/3264/3264
f 3256/3256/3256 3257/3257/3257 3266/3266/3266
f 3256/3256/3256 3266/3266/3266 3265/3265/3265
f 3257/3257/3257 3258/3258/3258 3267/3267/3267
f 3257/3257/3257 3267/3267/3267 3266/3266/3266
f 3258/3258/3258 3259/3259/3259 3268/3268/3268
f 3258/3258/3258 3268/3268/3268 3267/3267/3267
f 3259/3259/3259 3260/3260/3260 3269/3269/3269
f 3259/3259/3259 3269/3269/3269 3268/3268/3268
f 3260/3260/3260 3261/3261/3261 3270/3270/3270
f 3260/3260/3260 3270/3270/3270 3269/3269/3269
f 3261/3261/3261 3262/3262/3262 3271/3271/3271
f 3261/3261/3261 3271/3271/3271 3270/3270/3270
f 3262/3262/3262 3254/3254/3254 3263/3263/3263
f 3262/3262/3262 3263/3263/3263 3271/3271/3271
f 3263/3263/3263 3264/3264/3264 3273/3273/3273
f 3263/3263/3263 3273/3273/3273 3272/3272/3272
f 3264/3264/3264 3265/3265/3265 3274/3274/3274
f 3264/3264/3264 3274/3274/3274 3273/3273/3273
f 3265/3265/3265 3266/3266/3266 3275/3275/3275
f 3265/3265/3265 3275/3275/3275 3274/3274/3274
f 3266/3266/3266 3267/3267/3267 3276/3276/3276
f 3266/3266/3266 3276/3276/3276 3275/3275/3275
f 3267/3267/3267 3268/3268/3268 3277/3277/3277
f 3267/3267/3267 3277/3277/3277 3276/3276/3276
f 3268/3268/3268 3269/3269/3269 3278/3278/3278
f 3268/3268/3268 3278/3278/3278 3277/3277/3277
f 3269/3269/3269 3270/3270/3270 3279/3279/3279
f 3269/3269/3269 3279/3279/3279 3278/3278/3278
f 3270/3270/3270 3271/3271/3271 3280/3280/3280
f 3270/3270/3270 3280/3280/3280 3279/3279/3279
f 3271/3271/3271 3263/3263/3263 3272/3272/3272
f 3271/3271/3271 3272/3272/3272 3280/3280/3280
f 3272/3272/3272 3273/3273/3273 3282/3282/3282
f 3272/3272/3272 3282/3282/3282 3281/3281/3281
f 3273/3273/3273 3274/3274/3274 3283/3283/3283
f 3273/3273/3273 3283/3283/3283 3282/3282/3282
f 3274/3274/3274 3275/3275/3275 3284/3284/3284
f 3274/3274/3274 3284/3284/3284 3283/3283/3283
f 3275/3275/3275 3276/3276/3276 3285/3285/3285
f 3275/3275/3275 3285/3285/3285 3284/3284/3284
f 3276/3276/3276 3277/3277/3277 3286/3286/3286
f 3276/3276/3276 3286/3286/3286 3285/3285/3285
f 3277/3277/3277 3278/3278/3278 3287/3287/3287
f 3277/3277/3277 3287/3287/3287 3286/3286/3286
f 3278/3278/3278 3279/3279/3279 3288/3288/3288
f 3278/3278/3278 3288/3288/3288 3287/3287/3287
f 3279/3279/3279 3280/3280/3280 3289/3289/3289
f 3279/3279/3279 3289/3289/3289 3288/3288/3288
f 3280/3280/3280 3272/3272/3272 3281/3281/3281
f 3280/3280/3280 3281/3281/3281 3289/3289/3289
f 3281/3281/3281 3282/3282/3282 3291/3291/3291
f 3281/3281/3281 3291/3291/3291 3290/3290/3290
f 3282/3282/3282 3283/3283/3283 3292/3292/3292
f 3282/3282/3282 3292/3292/3292 3291/3291/3291
f 3283/3283/3283 3284/3284/3284 3293/3293/3293
f 3283/3283/3283 3293/3293/3293 3292/3292/3292
f 3284/3284/3284 3285/3285/3285 3294/3294/3294
f 3284/3284/3284 3294/3294/3294 3293/3293/3293
f 3285/3285/3285 3286/3286/3286 3295/3295/3295
f 3285/3285/3285 3295/3295/3295 3294/3294/3294
f 3286/3286/3286 3287/3287/3287 3296/3296/3296
f 3286/3286/3286 3296/3296/3296 3295/3295/3295
f 3287/3287/3287 3288/3288/3288 3297/3297/3297
f 3287/3287/3287 3297/3297/3297 3296/3296/3296
f 3288/3288/3288 3289/3289/3289 3298/3298/3298
f 3288/3288/3288 3298/3298/3298 3297/3297/3297
f 3289/3289/3289 3281/3281/3281 3290/3290/3290
f 3289/3289/3289 3290/3290/3290 3298/3298/3298
usemtl Jacket
f 3299/3299/3299 3300/3300/3300 3308/3308/3308
f 3299/3299/3299 3308/3308/3308 3307/3307/3307
f 3300/3300/3300 3301/3301/3301 3309/3309/3309
f 3300/3300/3300 3309/3309/3309 3308/3308/3308
f 3301/3301/3301 3302/3302/3302 3310/3310/3310
f 3301/3301/3301 3310/3310/3310 3309/3309/3309
f 3302/3302/3302 3303/3303/3303 3311/3311/3311
f 3302/3302/3302 3311/3311/3311 3310/3310/3310
f 3303/3303/3303 3304/3304/3304 3312/3312/3312
f 3303/3303/3303 3312/3312/3312 3311/3311/3311
f 3304/3304/3304 3305/3305/3305 3313/3313/3313
f 3304/3304/3304 3313/3313/3313 3312/3312/3312
f 3305/3305/3305 3306/3306/3306 3314/3314/3314
f 3305/3305/3305 3314/3314/3314 3313/3313/3313
f 3306/3306/3306 3299/3299/3299 3307/3307/3307
f 3306/3306/3306 3307/3307/3307 3314/3314/3314
f 3307/3307/3307 3308/3308/3308 3316/3316/3316
f 3307/3307/3307 3316/3316/3316 3315/3315/3315
f 3308/3308/3308 3309/3309/3309 3317/3317/3317
f 3308/3308/3308 3317/3317/3317 3316/3316/3316
f 3309/3309/3309 3310/3310/3310 3318/3318/3318
f 3309/3309/3309 3318/3318/3318 3317/3317/3317
f 3310/3310/3310 3311/3311/3311 3319/3319/3319
f 3310/3310/3310 3319/3319/3319 3318/3318/3318
f 3311/3311/3311 3312/3312/3312 3320/3320/3320
f 3311/3311/3311 3320/3320/3320 3319/3319/3319
f 3312/3312/3312 3313/3313/3313 3321/3321/3321
f 3312/3312/3312 3321/3321/3321 3320/3320/3320
f 3313/3313/3313 3314/3314/3314 3322/3322/3322
f 3313/3313/3313 3322/3322/3322 3321/3321/3321
f 3314/3314/3314 3307/3307/3307 3315/3315/3315
f 3314/3314/3314 3315/3315/3315 3322/3322/3322
f 3315/3315/3315 3316/3316/3316 3324/3324/3324
f 3315/3315/3315 3324/3324/3324 3323/3323/3323
f 3316/3316/3316 3317/3317/3317 3325/3325/3325
f 3316/3316/3316 3325/3325/3325 3324/3324/3324
f 3317/3317/3317 3318/3318/3318 3326/3326/3326
f 3317/3317/3317 3326/3326/3326 3325/3325/3325
f 3318/3318/3318 3319/3319/3319 3327/3327/3327
f 3318/3318/3318 3327/3327/3327 3326/3326/3326
f 3319/3319/3319 3320/3320/3320 3328/3328/3328
f 3319/3319/3319 3328/3328/3328 3327/3327/3327
f 3320/3320/3320 3321/3321/3321 3329/3329/3329
f 3320/3320/3320 3329/3329/3329 3328/3328/3328
f 3321/3321/3321 3322/3322/3322 3330/3330/3330
f 3321/3321/3321 3330/3330/3330 3329/3329/3329
f 3322/3322/3322 3315/3315/3315 3323/3323/3323
f 3322/3322/3322 3323/3323/3323 3330/3330/3330
f 3323/3323/3323 3324/3324/3324 3332/3332/3332
f 3323/3323/3323 3332/3332/3332 3331/3331/3331
f 3324/3324/3324 3325/3325/3325 3333/3333/3333
f 3324/3324/3324 3333/3333/3333 3332/3332/3332
f 3325/3325/3325 3326/3326/3326 3334/3334/3334
f 3325/3325/3325 3334/3334/3334 3333/3333/3333
f 3326/3326/3326 3327/3327/3327 3335/3335/3335
f 3326/3326/3326 3335/3335/3335 3334/3334/3334
f 3327/3327/3327 3328/3328/3328 3336/3336/3336
f 3327/3327/3327 3336/3336/3336 3335/3335/3335
f 3328/3328/3328 3329/3329/3329 3337/3337/3337
f 3328/3328/3328 3337/3337/3337 3336/3336/3336
f 3329/3329/3329 3330/3330/3330 3338/3338/3338
f 3329/3329/3329 3338/3338/3338 3337/3337/3337
f 3330/3330/3330 3323/3323/3323 3331/3331/3331
f 3330/3330/3330 3331/3331/3331 3338/3338/3338
f 3331/3331/3331 3332/3332/3332 3340/3340/3340
f 3331/3331/3331 3340/3340/3340 3339/3339/3339
f 3332/3332/3332 3333/3333/3333 3341/3341/3341
f 3332/3332/3332 3341/3341/3341 3340/3340/3340
f 3333/3333/3333 3334/3334/3334 3342/3342/3342
f 3333/3333/3333 3342/3342/3342 3341/3341/3341
f 3334/3334/3334 3335/3335/3335 3343/3343/3343
f 3334/3334/3334 3343/3343/3343 3342/3342/3342
f 3335/3335/3335 3336/3336/3336 3344/3344/3344
f 3335/3335/3335 3344/3344/3344 3343/3343/3343
f 3336/3336/3336 3337/3337/3337 3345/3345/3345
f 3336/3336/3336 3345/3345/3345 3344/3344/3344
f 3337/3337/3337 3338/3338/3338 3346/3346/3346
f 3337/3337/3337 3346/3346/3346 3345/3345/3345
f 3338/3338/3338 3331/3331/3331 3339/3339/3339
f 3338/3338/3338 3339/3339/3339 3346/3346/3346
f 3339/3339/3339 3340/3340/3340 3348/3348/3348
f 3339/3339/3339 3348/3348/3348 3347/3347/3347
f 3340/3340/3340 3341/3341/3341 3349/3349/3349
f 3340/3340/3340 3349/3349/3349 3348/3348/3348
f 3341/3341/3341 3342/3342/3342 3350/3350/3350
f 3341/3341/3341 3350/3350/3350 3349/3349/3349
f 3342/3342/3342 3343/3343/3343 3351/3351/3351
f 3342/3342/3342 3351/3351/3351 3350/3350/3350
f 3343/3343/3343 3344/3344/3344 3352/3352/3352
f 3343/3343/3343 3352/3352/3352 3351/3351/3351
f 3344/3344/3344 3345/3345/3345 3353/3353/3353
f 3344/3344/3344 3353/3353/3353 3352/3352/3352
f 3345/3345/3345 3346/3346/3346 3354/3354/3354
f 3345/3345/3345 3354/3354/3354 3353/3353/3353
f 3346/3346/3346 3339/3339/3339 3347/3347/3347
f 3346/3346/3346 3347/3347/3347 3354/3354/3354
f 3347/3347/3347 3348/3348/3348 3356/3356/3356
f 3347/3347/3347 3356/3356/3356 3355/3355/3355
f 3348/3348/3348 3349/3349/3349 3357/3357/3357
f 3348/3348/3348 3357/3357/3357 3356/3356/3356
f 3349/3349/3349 3350/3350/3350 3358/3358/3358
f 3349/3349/3349 3358/3358/3358 3357/3357/3357
f 3350/3350/3350 3351/3351/3351 3359/3359/3359
f 3350/3350/3350 3359/3359/3359 3358/3358/3358
f 3351/3351/3351 3352/3352/3352 3360/3360/3360
f 3351/3351/3351 3360/3360/3360 3359/3359/3359
f 3352/3352/3352 3353/3353/3353 3361/3361/3361
f 3352/3352/3352 3361/3361/3361 3360/3360/3360
f 3353/3353/3353 3354/3354/3354 3362/3362/3362
f 3353/3353/3353 3362/3362/3362 3361/3361/3361
f 3354/3354/3354 3347/3347/3347 3355/3355/3355
f 3354/3354/3354 3355/3355/3355 3362/3362/3362
f 3355/3355/3355 3356/3356/3356 3364/3364/3364
f 3355/3355/3355 3364/3364/3364 3363/3363/3363
f 3356/3356/3356 3357/3357/3357 3365/3365/3365
f 3356/3356/3356 3365/3365/3365 3364/3364/3364
f 3357/3357/3357 3358/3358/3358 3366/3366/3366
f 3357/3357/3357 3366/3366/3366 3365/3365/3365
f 3358/3358/3358 3359/3359/3359 3367/3367/3367
f 3358/3358/3358 3367/3367/3367 3366/3366/3366
f 3359/3359/3359 3360/3360/3360 3368/3368/3368
f 3359/3359/3359 3368/3368/3368 3367/3367/3367
f 3360/3360/3360 3361/3361/3361 3369/3369/3369
f 3360/3360/3360 3369/3369/3369 3368/3368/3368
f 3361/3361/3361 3362/3362/3362 3370/3370/3370
f 3361/3361/3361 3370/3370/3370 3369/3369/3369
f 3362/3362/3362 3355/3355/3355 3363/3363/3363
f 3362/3362/3362 3363/3363/3363 3370/3370/3370
f 3363/3363/3363 3364/3364/3364 3372/3372/3372
f 3363/3363/3363 3372/3372/3372 3371/3371/3371
f 3364/3364/3364 3365/3365/3365 3373/3373/3373
f 3364/3364/3364 3373/3373/3373 3372/3372/3372
f 3365/3365/3365 3366/3366/3366 3374/3374/3374
f 3365/3365/3365 3374/3374/3374 3373/3373/3373
f 3366/3366/3366 3367/3367/3367 3375/3375/3375
f 3366/3366/3366 3375/3375/3375 3374/3374/3374
f 3367/3367/3367 3368/3368/3368 3376/3376/3376
f 3367/3367/3367 3376/3376/3376 3375/3375/3375
f 3368/3368/3368 3369/3369/3369 3377/3377/3377
f 3368/3368/3368 3377/3377/3377 3376/3376/3376
f 3369/3369/3369 3370/3370/3370 3378/3378/3378
f 3369/3369/3369 3378/3378/3378 3377/3377/3377
f 3370/3370/3370 3363/3363/3363 3371/3371/3371
f 3370/3370/3370 3371/3371/3371 3378/3378/3378
f 3371/3371/3371 3372/3372/3372 3380/3380/3380
f 3371/3371/3371 3380/3380/3380 3379/3379/3379
f 3372/3372/3372 3373/3373/3373 3381/3381/3381
f 3372/3372/3372 3381/3381/3381 3380/3380/3380
f 3373/3373/3373 3374/3374/3374 3382/3382/3382
f 3373/3373/3373 3382/3382/3382 3381/3381/3381
f 3374/3374/3374 3375/3375/3375 3383/3383/3383
f 3374/3374/3374 3383/3383/3383 3382/3382/3382
f 3375/3375/3375 3376/3376/3376 3384/3384/3384
f 3375/3375/3375 3384/3384/3384 3383/3383/3383
f 3376/3376/3376 3377/3377/3377 3385/3385/3385
f 3376/3376/3376 3385/3385/3385 3384/3384/3384
f 3377/3377/3377 3378/3378/3378 3386/3386/3386
f 3377/3377/3377 3386/3386/3386 3385/3385/3385
f 3378/3378/3378 3371/3371/3371 3379/3379/3379
f 3378/3378/3378 3379/3379/3379 3386/3386/3386
f 3379/3379/3379 3380/3380/3380 3388/3388/3388
f 3379/3379/3379 3388/3388/3388 3387/3387/3387
f 3380/3380/3380 3381/3381/3381 3389/3389/3389
f 3380/3380/3380 3389/3389/3389 3388/3388/3388
f 3381/3381/3381 3382/3382/3382 3390/3390/3390
f 3381/3381/3381 3390/3390/3390 3389/3389/3389
f 3382/3382/3382 3383/3383/3383 3391/3391/3391
f 3382/3382/3382 3391/3391/3391 3390/3390/3390
f 3383/3383/3383 3384/3384/3384 3392/3392/3392
f 3383/3383/3383 3392/3392/3392 3391/3391/3391
f 3384/3384/3384 3385/3385/3385 3393/3393/3393
f 3384/3384/3384 3393/3393/3393 3392/3392/3392
f 3385/3385/3385 3386/3386/3386 3394/3394/3394
f 3385/3385/3385 3394/3394/3394 3393/3393/3393
f 3386/3386/3386 3379/3379/3379 3387/3387/3387
f 3386/3386/3386 3387/3387/3387 3394/3394/3394
usemtl Jacket
f 3395/3395/3395 3396/3396/3396 3404/3404/3404
f 3395/3395/3395 3404/3404/3404 3403/3403/3403
f 3396/3396/3396 3397/3397/3397 3405/3405/3405
f 3396/3396/3396 3405/3405/3405 3404/3404/3404
f 3397/3397/3397 3398/3398/3398 3406/3406/3406
f 3397/3397/3397 3406/3406/3406 3405/3405/3405
f 3398/3398/3398 3399/3399/3399 3407/3407/3407
f 3398/3398/3398 3407/3407/3407 3406/3406/3406
f 3399/3399/3399 3400/3400/3400 3408/3408/3408
f 3399/3399/3399 3408/3408/3408 3407/3407/3407
f 3400/3400/3400 3401/3401/3401 3409/3409/3409
f 3400/3400/3400 3409/3409/3409 3408/3408/3408
f 3401/3401/3401 3402/3402/3402 3410/3410/3410
f 3401/3401/3401 3410/3410/3410 3409/3409/3409
f 3402/3402/3402 3395/3395/3395 3403/3403/3403
f 3402/3402/3402 3403/3403/3403 3410/3410/3410
f 3403/3403/3403 3404/3404/3404 3412/3412/3412
f 3403/3403/3403 3412/3412/3412 3411/3411/3411
f 3404/3404/3404 3405/3405/3405 3413/3413/3413
f 3404/3404/3404 3413/3413/3413 3412/3412/3412
f 3405/3405/3405 3406/3406/3406 3414/3414/3414
f 3405/3405/3405 3414/3414/3414 3413/3413/3413
f 3406/3406/3406 3407/3407/3407 3415/3415/3415
f 3406/3406/3406 3415/3415/3415 3414/3414/3414
f 3407/3407/3407 3408/3408/3408 3416/3416/3416
f 3407/3407/3407 3416/3416/3416 3415/3415/3415
f 3408/3408/3408 3409/3409/3409 3417/3417/3417
f 3408/3408/3408 3417/3417/3417 3416/3416/3416
f 3409/3409/3409 3410/3410/3410 3418/3418/3418
f 3409/3409/3409 3418/3418/3418 3417/3417/3417
f 3410/3410/3410 3403/3403/3403 3411/3411/3411
f 3410/3410/3410 3411/3411/3411 3418/3418/3418
f 3411/3411/3411 3412/3412/3412 3420/3420/3420
f 3411/3411/3411 3420/3420/3420 3419/3419/3419
f 3412/3412/3412 3413/3413/3413 3421/3421/3421
f 3412/3412/3412 3421/3421/3421 3420/3420/3420
f 3413/3413/3413 3414/3414/3414 3422/3422/3422
f 3413/3413/3413 3422/3422/3422 3421/3421/3421
f 3414/3414/3414 3415/3415/3415 3423/3423/3423
f 3414/3414/3414 3423/3423/3423 3422/3422/3422
f 3415/3415/3415 3416/3416/3416 3424/3424/3424
f 3415/3415/3415 3424/3424/3424 3423/3423/3423
f 3416/3416/3416 3417/3417/3417 3425/3425/3425
f 3416/3416/3416 3425/3425/3425 3424/3424/3424
f 3417/3417/3417 3418/3418/3418 3426/3426/3426
f 3417/3417/3417 3426/3426/3426 3425/3425/3425
f 3418/3418/3418 3411/3411/3411 3419/3419/3419
f 3418/3418/3418 3419/3419/3419 3426/3426/3426
f 3419/3419/3419 3420/3420/3420 3428/3428/3428
f 3419/3419/3419 3428/3428/3428 3427/3427/3427
f 3420/3420/3420 3421/3421/3421 3429/3429/3429
f 3420/3420/3420 3429/3429/3429 3428/3428/3428
f 3421/3421/3421 3422/3422/3422 3430/3430/3430
f 3421/3421/3421 3430/3430/3430 3429/3429/3429
f 3422/3422/3422 3423/3423/3423 3431/3431/3431
f 3422/3422/3422 3431/3431/3431 3430/3430/3430
f 3423/3423/3423 3424/3424/3424 3432/3432/3432
f 3423/3423/3423 3432/3432/3432 3431/3431/3431
f 3424/3424/3424 3425/3425/3425 3433/3433/3433
f 3424/3424/3424 3433/3433/3433 3432/3432/3432
f 3425/3425/3425 3426/3426/3426 3434/3434/3434
f 3425/3425/3425 3434/3434/3434 3433/3433/3433
f 3426/3426/3426 3419/3419/3419 3427/3427/3427
f 3426/3426/3426 3427/3427/3427 3434/3434/3434
f 3427/3427/3427 3428/3428/3428 3436/3436/3436
f 3427/3427/3427 3436/3436/3436 3435/3435/3435
f 3428/3428/3428 3429/3429/3429 3437/3437/3437
f 3428/3428/3428 3437/3437/3437 3436/3436/3436
f 3429/3429/3429 3430/3430/3430 3438/3438/3438
f 3429/3429/3429 3438/3438/3438 3437/3437/3437
f 3430/3430/3430 3431/3431/3431 3439/3439/3439
f 3430/3430/3430 3439/3439/3439 3438/3438/3438
f 3431/3431/3431 3432/3432/3432 3440/3440/3440
f 3431/3431/3431 3440/3440/3440 3439/3439/3439
f 3432/3432/3432 3433/3433/3433 3441/3441/3441
f 3432/3432/3432 3441/3441/3441 3440/3440/3440
f 3433/3433/3433 3434/3434/3434 3442/3442/3442
f 3433/3433/3433 3442/3442/3442 3441/3441/3441
f 3434/3434/3434 3427/3427/3427 3435/3435/3435
f 3434/3434/3434 3435/3435/3435 3442/3442/3442
f 3435/3435/3435 3436/3436/3436 3444/3444/3444
f 3435/3435/3435 3444/3444/3444 3443/3443/3443
f 3436/3436/3436 3437/3437/3437 3445/3445/3445
f 3436/3436/3436 3445/3445/3445 3444/3444/3444
f 3437/3437/3437 3438/3438/3438 3446/3446/3446
f 3437/3437/3437 3446/3446/3446 3445/3445/3445
f 3438/3438/3438 3439/3439/3439 3447/3447/3447
f 3438/3438/3438 3447/3447/3447 3446/3446/3446
f 3439/3439/3439 3440/3440/3440 3448/3448/3448
f 3439/3439/3439 3448/3448/3448 3447/3447/3447
f 3440/3440/3440 3441/3441/3441 3449/3449/3449
f 3440/3440/3440 3449/3449/3449 3448/3448/3448
f 3441/3441/3441 3442/3442/3442 3450/3450/3450
f 3441/3441/3441 3450/3450/3450 3449/3449/3449
f 3442/3442/3442 3435/3435/3435 3443/3443/3443
f 3442/3442/3442 3443/3443/3443 3450/3450/3450
f 3443/3443/3443 3444/3444/3444 3452/3452/3452
f 3443/3443/3443 3452/3452/3452 3451/3451/3451
f 3444/3444/3444 3445/3445/3445 3453/3453/3453
f 3444/3444/3444 3453/3453/3453 3452/3452/3452
f 3445/3445/3445 3446/3446/3446 3454/3454/3454
f 3445/3445/3445 3454/3454/3454 3453/3453/3453
f 3446/3446/3446 3447/3447/3447 3455/3455/3455
f 3446/3446/3446 3455/3455/3455 3454/3454/3454
f 3447/3447/3447 3448/3448/3448 3456/3456/3456
f 3447/3447/3447 3456/3456/3456 3455/3455/3455
f 3448/3448/3448 3449/3449/3449 3457/3457/3457
f 3448/3448/3448 3457/3457/3457 3456/3456/3456
f 3449/3449/3449 3450/3450/3450 3458/3458/3458
f 3449/3449/3449 3458/3458/3458 3457/3457/3457
f 3450/3450/3450 3443/3443/3443 3451/3451/3451
f 3450/3450/3450 3451/3451/3451 3458/3458/3458
f 3451/3451/3451 3452/3452/3452 3460/3460/3460
f 3451/3451/3451 3460/3460/3460 3459/3459/3459
f 3452/3452/3452 3453/3453/3453 3461/3461/3461
f 3452/3452/3452 3461/3461/3461 3460/3460/3460
f 3453/3453/3453 3454/3454/3454 3462/3462/3462
f 3453/3453/3453 3462/3462/3462 3461/3461/3461
f 3454/3454/3454 3455/3455/3455 3463/3463/3463
f 3454/3454/3454 3463/3463/3463 3462/3462/3462
f 3455/3455/3455 3456/3456/3456 3464/3464/3464
f 3455/3455/3455 3464/3464/3464 3463/3463/3463
f 3456/3456/3456 3457/3457/3457 3465/3465/3465
f 3456/3456/3456 3465/3465/3465 3464/3464/3464
f 3457/3457/3457 3458/3458/3458 3466/3466/3466
f 3457/3457/3457 3466/3466/3466 3465/3465/3465
f 3458/3458/3458 3451/3451/3451 3459/3459/3459
f 3458/3458/3458 3459/3459/3459 3466/3466/3466
f 3459/3459/3459 3460/3460/3460 3468/3468/3468
f 3459/3459/3459 3468/3468/3468 3467/3467/3467
f 3460/3460/3460 3461/3461/3461 3469/3469/3469
f 3460/3460/3460 3469/3469/3469 3468/3468/3468
f 3461/3461/3461 3462/3462/3462 3470/3470/3470
f 3461/3461/3461 3470/3470/3470 3469/3469/3469
f 3462/3462/3462 3463/3463/3463 3471/3471/3471
f 3462/3462/3462 3471/3471/3471 3470/3470/3470
f 3463/3463/3463 3464/3464/3464 3472/3472/3472
f 3463/3463/3463 3472/3472/3472 3471/3471/3471
f 3464/3464/3464 3465/3465/3465 3473/3473/3473
f 3464/3464/3464 3473/3473/3473 3472/3472/3472
f 3465/3465/3465 3466/3466/3466 3474/3474/3474
f 3465/3465/3465 3474/3474/3474 3473/3473/3473
f 3466/3466/3466 3459/3459/3459 3467/3467/3467
f 3466/3466/3466 3467/3467/3467 3474/3474/3474
f 3467/3467/3467 3468/3468/3468 3476/3476/3476
f 3467/3467/3467 3476/3476/3476 3475/3475/3475
f 3468/3468/3468 3469/3469/3469 3477/3477/3477
f 3468/3468/3468 3477/3477/3477 3476/3476/3476
f 3469/3469/3469 3470/3470/3470 3478/3478/3478
f 3469/3469/3469 3478/3478/3478 3477/3477/3477
f 3470/3470/3470 3471/3471/3471 3479/3479/3479
f 3470/3470/3470 3479/3479/3479 3478/3478/3478
f 3471/3471/3471 3472/3472/3472 3480/3480/3480
f 3471/3471/3471 3480/3480/3480 3479/3479/3479
f 3472/3472/3472 3473/3473/3473 3481/3481/3481
f 3472/3472/3472 3481/3481/3481 3480/3480/3480
f 3473/3473/3473 3474/3474/3474 3482/3482/3482
f 3473/3473/3473 3482/3482/3482 3481/3481/3481
f 3474/3474/3474 3467/3467/3467 3475/3475/3475
f 3474/3474/3474 3475/3475/3475 3482/3482/3482
f 3475/3475/3475 3476/3476/3476 3484/3484/3484
f 3475/3475/3475 3484/3484/3484 3483/3483/3483
f 3476/3476/3476 3477/3477/3477 3485/3485/3485
f 3476/3476/3476 3485/3485/3485 3484/3484/3484
f 3477/3477/3477 3478/3478/3478 3486/3486/3486
f 3477/3477/3477 3486/3486/3486 3485/3485/3485
f 3478/3478/3478 3479/3479/3479 3487/3487/3487
f 3478/3478/3478 3487/3487/3487 3486/3486/3486
f 3479/3479/3479 3480/3480/3480 3488/3488/3488
f 3479/3479/3479 3488/3488/3488 3487/3487/3487
f 3480/3480/3480 3481/3481/3481 3489/3489/3489
f 3480/3480/3480 3489/3489/3489 3488/3488/3488
f 3481/3481/3481 3482/3482/3482 3490/3490/3490
f 3481/3481/3481 3490/3490/3490 3489/3489/3489
f 3482/3482/3482 3475/3475/3475 3483/3483/3483
f 3482/3482/3482 3483/3483/3483 3490/3490/3490
f 3483/3483/3483 3484/3484/3484 3492/3492/3492
f 3483/3483/3483 3492/3492/3492 3491/3491/3491
f 3484/3484/3484 3485/3485/3485 3493/3493/3493
f 3484/3484/3484 3493/3493/3493 3492/3492/3492
f 3485/3485/3485 3486/3486/3486 3494/3494/3494
f 3485/3485/3485 3494/3494/3494 3493/3493/3493
f 3486/3486/3486 3487/3487/3487 3495/3495/3495
f 3486/3486/3486 3495/3495/3495 3494/3494/3494
f 3487/3487/3487 3488/3488/3488 3496/3496/3496
f 3487/3487/3487 3496/3496/3496 3495/3495/3495
f 3488/3488/3488 3489/3489/3489 3497/3497/3497
f 3488/3488/3488 3497/3497/3497 3496/3496/3496
f 3489/3489/3489 3490/3490/3490 3498/3498/3498
f 3489/3489/3489 3498/3498/3498 3497/3497/3497
f 3490/3490/3490 3483/3483/3483 3491/3491/3491
f 3490/3490/3490 3491/3491/3491 3498/3498/3498
usemtl Skin
f 3499/3499/3499 3500/3500/3500 3510/3510/3510
f 3499/3499/3499 3510/3510/3510 3509/3509/3509
f 3500/3500/3500 3501/3501/3501 3511/3511/3511
f 3500/3500/3500 3511/3511/3511 3510/3510/3510
f 3501/3501/3501 3502/3502/3502 3512/3512/3512
f 3501/3501/3501 3512/3512/3512 3511/3511/3511
f 3502/3502/3502 3503/3503/3503 3513/3513/3513
f 3502/3502/3502 3513/3513/3513 3512/3512/3512
f 3503/3503/3503 3504/3504/3504 3514/3514/3514
f 3503/3503/3503 3514/3514/3514 3513/3513/3513
f 3504/3504/3504 3505/3505/3505 3515/3515/3515
f 3504/3504/3504 3515/3515/3515 3514/3514/3514
f 3505/3505/3505 3506/3506/3506 3516/3516/3516
f 3505/3505/3505 3516/3516/3516 3515/3515/3515
f 3506/3506/3506 3507/3507/3507 3517/3517/3517
f 3506/3506/3506 3517/3517/3517 3516/3516/3516
f 3507/3507/3507 3508/3508/3508 3518/3518/3518
f 3507/3507/3507 3518/3518/3518 3517/3517/3517
f 3508/3508/3508 3499/3499/3499 3509/3509/3509
f 3508/3508/3508 3509/3509/3509 3518/3518/3518
f 3509/3509/3509 3510/3510/3510 3520/3520/3520
f 3509/3509/3509 3520/3520/3520 3519/3519/3519
f 3510/3510/3510 3511/3511/3511 3521/3521/3521
f 3510/3510/3510 3521/3521/3521 3520/3520/3520
f 3511/3511/3511 3512/3512/3512 3522/3522/3522
f 3511/3511/3511 3522/3522/3522 3521/3521/3521
f 3512/3512/3512 3513/3513/3513 3523/3523/3523
f 3512/3512/3512 3523/3523/3523 3522/3522/3522
f 3513/3513/3513 3514/3514/3514 3524/3524/3524
f 3513/3513/3513 3524/3524/3524 3523/3523/3523
f 3514/3514/3514 3515/3515/3515 3525/3525/3525
f 3514/3514/3514 3525/3525/3525 3524/3524/3524
f 3515/3515/3515 3516/3516/3516 3526/3526/3526
f 3515/3515/3515 3526/3526/3526 3525/3525/3525
f 3516/3516/3516 3517/3517/3517 3527/3527/3527
f 3516/3516/3516 3527/3527/3527 3526/3526/3526
f 3517/3517/3517 3518/3518/3518 3528/3528/3528
f 3517/3517/3517 3528/3528/3528 3527/3527/3527
f 3518/3518/3518 3509/3509/3509 3519/3519/3519
f 3518/3518/3518 3519/3519/3519 3528/3528/3528
f 3519/3519/3519 3520/3520/3520 3530/3530/3530
f 3519/3519/3519 3530/3530/3530 3529/3529/3529
f 3520/3520/3520 3521/3521/3521 3531/3531/3531
f 3520/3520/3520 3531/3531/3531 3530/3530/3530
f 3521/3521/3521 3522/3522/3522 3532/3532/3532
f 3521/3521/3521 3532/3532/3532 3531/3531/3531
f 3522/3522/3522 3523/3523/3523 3533/3533/3533
f 3522/3522/3522 3533/3533/3533 3532/3532/3532
f 3523/3523/3523 3524/3524/3524 3534/3534/3534
f 3523/3523/3523 3534/3534/3534 3533/3533/3533
f 3524/3524/3524 3525/3525/3525 3535/3535/3535
f 3524/3524/3524 3535/3535/3535 3534/3534/3534
f 3525/3525/3525 3526/3526/3526 3536/3536/3536
f 3525/3525/3525 3536/3536/3536 3535/3535/3535
f 3526/3526/3526 3527/3527/3527 3537/3537/3537
f 3526/3526/3526 3537/3537/3537 3536/3536/3536
f 3527/3527/3527 3528/3528/3528 3538/3538/3538
f 3527/3527/3527 3538/3538/3538 3537/3537/3537
f 3528/3528/3528 3519/3519/3519 3529/3529/3529
f 3528/3528/3528 3529/3529/3529 3538/3538/3538
f 3529/3529/3529 3530/3530/3530 3540/3540/3540
f 3529/3529/3529 3540/3540/3540 3539/3539/3539
f 3530/3530/3530 3531/3531/3531 3541/3541/3541
f 3530/3530/3530 3541/3541/3541 3540/3540/3540
f 3531/3531/3531 3532/3532/3532 3542/3542/3542
f 3531/3531/3531 3542/3542/3542 3541/3541/3541
f 3532/3532/3532 3533/3533/3533 3543/3543/3543
f 3532/3532/3532 3543/3543/3543 3542/3542/3542
f 3533/3533/3533 3534/3534/3534 3544/3544/3544
f 3533/3533/3533 3544/3544/3544 3543/3543/3543
f 3534/3534/3534 3535/3535/3535 3545/3545/3545
f 3534/3534/3534 3545/3545/3545 3544/3544/3544
f 3535/3535/3535 3536/3536/3536 3546/3546/3546
f 3535/3535/3535 3546/3546/3546 3545/3545/3545
f 3536/3536/3536 3537/3537/3537 3547/3547/3547
f 3536/3536/3536 3547/3547/3547 3546/3546/3546
f 3537/3537/3537 3538/3538/3538 3548/3548/3548
f 3537/3537/3537 3548/3548/3548 3547/3547/3547
f 3538/3538/3538 3529/3529/3529 3539/3539/3539
f 3538/3538/3538 3539/3539/3539 3548/3548/3548
f 3539/3539/3539 3540/3540/3540 3550/3550/3550
f 3539/3539/3539 3550/3550/3550 3549/3549/3549
f 3540/3540/3540 3541/3541/3541 3551/3551/3551
f 3540/3540/3540 3551/3551/3551 3550/3550/3550
f 3541/3541/3541 3542/3542/3542 3552/3552/3552
f 3541/3541/3541 3552/3552/3552 3551/3551/3551
f 3542/3542/3542 3543/3543/3543 3553/3553/3553
f 3542/3542/3542 3553/3553/3553 3552/3552/3552
f 3543/3543/3543 3544/3544/3544 3554/3554/3554
f 3543/3543/3543 3554/3554/3554 3553/3553/3553
f 3544/3544/3544 3545/3545/3545 3555/3555/3555
f 3544/3544/3544 3555/3555/3555 3554/3554/3554
f 3545/3545/3545 3546/3546/3546 3556/3556/3556
f 3545/3545/3545 3556/3556/3556 3555/3555/3555
f 3546/3546/3546 3547/3547/3547 3557/3557/3557
f 3546/3546/3546 3557/3557/3557 3556/3556/3556
f 3547/3547/3547 3548/3548/3548 3558/3558/3558
f 3547/3547/3547 3558/3558/3558 3557/3557/3557
f 3548/3548/3548 3539/3539/3539 3549/3549/3549
f 3548/3548/3548 3549/3549/3549 3558/3558/3558
f 3549/3549/3549 3550/3550/3550 3560/3560/3560
f 3549/3549/3549 3560/3560/3560 3559/3559/3559
f 3550/3550/3550 3551/3551/3551 3561/3561/3561
f 3550/3550/3550 3561/3561/3561 3560/3560/3560
f 3551/3551/3551 3552/3552/3552 3562/3562/3562
f 3551/3551/3551 3562/3562/3562 3561/3561/3561
f 3552/3552/3552 3553/3553/3553 3563/3563/3563
f 3552/3552/3552 3563/3563/3563 3562/3562/3562
f 3553/3553/3553 3554/3554/3554 3564/3564/3564
f 3553/3553/3553 3564/3564/3564 3563/3563/3563
f 3554/3554/3554 3555/3555/3555 3565/3565/3565
f 3554/3554/3554 3565/3565/3565 3564/3564/3564
f 3555/3555/3555 3556/3556/3556 3566/3566/3566
f 3555/3555/3555 3566/3566/3566 3565/3565/3565
f 3556/3556/3556 3557/3557/3557 3567/3567/3567
f 3556/3556/3556 3567/3567/3567 3566/3566/3566
f 3557/3557/3557 3558/3558/3558 3568/3568/3568
f 3557/3557/3557 3568/3568/3568 3567/3567/3567
f 3558/3558/3558 3549/3549/3549 3559/3559/3559
f 3558/3558/3558 3559/3559/3559 3568/3568/3568
f 3559/3559/3559 3560/3560/3560 3570/3570/3570
f 3559/3559/3559 3570/3570/3570 3569/3569/3569
f 3560/3560/3560 3561/3561/3561 3571/3571/3571
f 3560/3560/3560 3571/3571/3571 3570/3570/3570
f 3561/3561/3561 3562/3562/3562 3572/3572/3572
f 3561/3561/3561 3572/3572/3572 3571/3571/3571
f 3562/3562/3562 3563/3563/3563 3573/3573/3573
f 3562/3562/3562 3573/3573/3573 3572/3572/3572
f 3563/3563/3563 3564/3564/3564 3574/3574/3574
f 3563/3563/3563 3574/3574/3574 3573/3573/3573
f 3564/3564/3564 3565/3565/3565 3575/3575/3575
f 3564/3564/3564 3575/3575/3575 3574/3574/3574
f 3565/3565/3565 3566/3566/3566 3576/3576/3576
f 3565/3565/3565 3576/3576/3576 3575/3575/3575
f 3566/3566/3566 3567/3567/3567 3577/3577/3577
f 3566/3566/3566 3577/3577/3577 3576/3576/3576
f 3567/3567/3567 3568/3568/3568 3578/3578/3578
f 3567/3567/3567 3578/3578/3578 3577/3577/3577
f 3568/3568/3568 3559/3559/3559 3569/3569/3569
f 3568/3568/3568 3569/3569/3569 3578/3578/3578
usemtl Skin
f 3579/3579/3579 3580/3580/3580 3588/3588/3588
f 3579/3579/3579 3588/3588/3588 3587/3587/3587
f 3580/3580/3580 3581/3581/3581 3589/3589/3589
f 3580/3580/3580 3589/3589/3589 3588/3588/3588
f 3581/3581/3581 3582/3582/3582 3590/3590/3590
f 3581/3581/3581 3590/3590/3590 3589/3589/3589
f 3582/3582/3582 3583/3583/3583 3591/3591/3591
f 3582/3582/3582 3591/3591/3591 3590/3590/3590
f 3583/3583/3583 3584/3584/3584 3592/3592/3592
f 3583/3583/3583 3592/3592/3592 3591/3591/3591
f 3584/3584/3584 3585/3585/3585 3593/3593/3593
f 3584/3584/3584 3593/3593/3593 3592/3592/3592
f 3585/3585/3585 3586/3586/3586 3594/3594/3594
f 3585/3585/3585 3594/3594/3594 3593/3593/3593
f 3586/3586/3586 3579/3579/3579 3587/3587/3587
f 3586/3586/3586 3587/3587/3587 3594/3594/3594
f 3587/3587/3587 3588/3588/3588 3596/3596/3596
f 3587/3587/3587 3596/3596/3596 3595/3595/3595
f 3588/3588/3588 3589/3589/3589 3597/3597/3597
f 3588/3588/3588 3597/3597/3597 3596/3596/3596
f 3589/3589/3589 3590/3590/3590 3598/3598/3598
f 3589/3589/3589 3598/3598/3598 3597/3597/3597
f 3590/3590/3590 3591/3591/3591 3599/3599/3599
f 3590/3590/3590 3599/3599/3599 3598/3598/3598
f 3591/3591/3591 3592/3592/3592 3600/3600/3600
f 3591/3591/3591 3600/3600/3600 3599/3599/3599
f 3592/3592/3592 3593/3593/3593 3601/3601/3601
f 3592/3592/3592 3601/3601/3601 3600/3600/3600
f 3593/3593/3593 3594/3594/3594 3602/3602/3602
f 3593/3593/3593 3602/3602/3602 3601/3601/3601
f 3594/3594/3594 3587/3587/3587 3595/3595/3595
f 3594/3594/3594 3595/3595/3595 3602/3602/3602
f 3595/3595/3595 3596/3596/3596 3604/3604/3604
f 3595/3595/3595 3604/3604/3604 3603/3603/3603
f 3596/3596/3596 3597/3597/3597 3605/3605/3605
f 3596/3596/3596 3605/3605/3605 3604/3604/3604
f 3597/3597/3597 3598/3598/3598 3606/3606/3606
f 3597/3597/3597 3606/3606/3606 3605/3605/3605
f 3598/3598/3598 3599/3599/3599 3607/3607/3607
f 3598/3598/3598 3607/3607/3607 3606/3606/3606
f 3599/3599/3599 3600/3600/3600 3608/3608/3608
f 3599/3599/3599 3608/3608/3608 3607/3607/3607
f 3600/3600/3600 3601/3601/3601 3609/3609/3609
f 3600/3600/3600 3609/3609/3609 3608/3608/3608
f 3601/3601/3601 3602/3602/3602 3610/3610/3610
f 3601/3601/3601 3610/3610/3610 3609/3609/3609
f 3602/3602/3602 3595/3595/3595 3603/3603/3603
f 3602/3602/3602 3603/3603/3603 3610/3610/3610
f 3603/3603/3603 3604/3604/3604 3612/3612/3612
f 3603/3603/3603 3612/3612/3612 3611/3611/3611
f 3604/3604/3604 3605/3605/3605 3613/3613/3613
f 3604/3604/3604 3613/3613/3613 3612/3612/3612
f 3605/3605/3605 3606/3606/3606 3614/3614/3614
f 3605/3605/3605 3614/3614/3614 3613/3613/3613
f 3606/3606/3606 3607/3607/3607 3615/3615/3615
f 3606/3606/3606 3615/3615/3615 3614/3614/3614
f 3607/3607/3607 3608/3608/3608 3616/3616/3616
f 3607/3607/3607 3616/3616/3616 3615/3615/3615
f 3608/3608/3608 3609/3609/3609 3617/3617/3617
f 3608/3608/3608 3617/3617/3617 3616/3616/3616
f 3609/3609/3609 3610/3610/3610 3618/3618/3618
f 3609/3609/3609 3618/3618/3618 3617/3617/3617
f 3610/3610/3610 3603/3603/3603 3611/3611/3611
f 3610/3610/3610 3611/3611/3611 3618/3618/3618
f 3611/3611/3611 3612/3612/3612 3620/3620/3620
f 3611/3611/3611 3620/3620/3620 3619/3619/3619
f 3612/3612/3612 3613/3613/3613 3621/3621/3621
f 3612/3612/3612 3621/3621/3621 3620/3620/3620
f 3613/3613/3613 3614/3614/3614 3622/3622/3622
f 3613/3613/3613 3622/3622/3622 3621/3621/3621
f 3614/3614/3614 3615/3615/3615 3623/3623/3623
f 3614/3614/3614 3623/3623/3623 3622/3622/3622
f 3615/3615/3615 3616/3616/3616 3624/3624/3624
f 3615/3615/3615 3624/3624/3624 3623/3623/3623
f 3616/3616/3616 3617/3617/3617 3625/3625/3625
f 3616/3616/3616 3625/3625/3625 3624/3624/3624
f 3617/3617/3617 3618/3618/3618 3626/3626/3626
f 3617/3617/3617 3626/3626/3626 3625/3625/3625
f 3618/3618/3618 3611/3611/3611 3619/3619/3619
f 3618/3618/3618 3619/3619/3619 3626/3626/3626
usemtl Skin
f 3627/3627/3627 3628/3628/3628 3634/3634/3634
f 3627/3627/3627 3634/3634/3634 3633/3633/3633
f 3628/3628/3628 3629/3629/3629 3635/3635/3635
f 3628/3628/3628 3635/3635/3635 3634/3634/3634
f 3629/3629/3629 3630/3630/3630 3636/3636/3636
f 3629/3629/3629 3636/3636/3636 3635/3635/3635
f 3630/3630/3630 3631/3631/3631 3637/3637/3637
f 3630/3630/3630 3637/3637/3637 3636/3636/3636
f 3631/3631/3631 3632/3632/3632 3638/3638/3638
f 3631/3631/3631 3638/3638/3638 3637/3637/3637
f 3632/3632/3632 3627/3627/3627 3633/3633/3633
f 3632/3632/3632 3633/3633/3633 3638/3638/3638
f 3633/3633/3633 3634/3634/3634 3640/3640/3640
f 3633/3633/3633 3640/3640/3640 3639/3639/3639
f 3634/3634/3634 3635/3635/3635 3641/3641/3641
f 3634/3634/3634 3641/3641/3641 3640/3640/3640
f 3635/3635/3635 3636/3636/3636 3642/3642/3642
f 3635/3635/3635 3642/3642/3642 3641/3641/3641
f 3636/3636/3636 3637/3637/3637 3643/3643/3643
f 3636/3636/3636 3643/3643/3643 3642/3642/3642
f 3637/3637/3637 3638/3638/3638 3644/3644/3644
f 3637/3637/3637 3644/3644/3644 3643/3643/3643
f 3638/3638/3638 3633/3633/3633 3639/3639/3639
f 3638/3638/3638 3639/3639/3639 3644/3644/3644
f 3639/3639/3639 3640/3640/3640 3646/3646/3646
f 3639/3639/3639 3646/3646/3646 3645/3645/3645
f 3640/3640/3640 3641/3641/3641 3647/3647/3647
f 3640/3640/3640 3647/3647/3647 3646/3646/3646
f 3641/3641/3641 3642/3642/3642 3648/3648/3648
f 3641/3641/3641 3648/3648/3648 3647/3647/3647
f 3642/3642/3642 3643/3643/3643 3649/3649/3649
f 3642/3642/3642 3649/3649/3649 3648/3648/3648
f 3643/3643/3643 3644/3644/3644 3650/3650/3650
f 3643/3643/3643 3650/3650/3650 3649/3649/3649
f 3644/3644/3644 3639/3639/3639 3645/3645/3645
f 3644/3644/3644 3645/3645/3645 3650/3650/3650
f 3645/3645/3645 3646/3646/3646 3652/3652/3652
f 3645/3645/3645 3652/3652/3652 3651/3651/3651
f 3646/3646/3646 3647/3647/3647 3653/3653/3653
f 3646/3646/3646 3653/3653/3653 3652/3652/3652
f 3647/3647/3647 3648/3648/3648 3654/3654/3654
f 3647/3647/3647 3654/3654/3654 3653/3653/3653
f 3648/3648/3648 3649/3649/3649 3655/3655/3655
f 3648/3648/3648 3655/3655/3655 3654/3654/3654
f 3649/3649/3649 3650/3650/3650 3656/3656/3656
f 3649/3649/3649 3656/3656/3656 3655/3655/3655
f 3650/3650/3650 3645/3645/3645 3651/3651/3651
f 3650/3650/3650 3651/3651/3651 3656/3656/3656
f 3651/3651/3651 3652/3652/3652 3658/3658/3658
f 3651/3651/3651 3658/3658/3658 3657/3657/3657
f 3652/3652/3652 3653/3653/3653 3659/3659/3659
f 3652/3652/3652 3659/3659/3659 3658/3658/3658
f 3653/3653/3653 3654/3654/3654 3660/3660/3660
f 3653/3653/3653 3660/3660/3660 3659/3659/3659
f 3654/3654/3654 3655/3655/3655 3661/3661/3661
f 3654/3654/3654 3661/3661/3661 3660/3660/3660
f 3655/3655/3655 3656/3656/3656 3662/3662/3662
f 3655/3655/3655 3662/3662/3662 3661/3661/3661
f 3656/3656/3656 3651/3651/3651 3657/3657/3657
f 3656/3656/3656 3657/3657/3657 3662/3662/3662
f 3657/3657/3657 3658/3658/3658 3664/3664/3664
f 3657/3657/3657 3664/3664/3664 3663/3663/3663
f 3658/3658/3658 3659/3659/3659 3665/3665/3665
f 3658/3658/3658 3665/3665/3665 3664/3664/3664
f 3659/3659/3659 3660/3660/3660 3666/3666/3666
f 3659/3659/3659 3666/3666/3666 3665/3665/3665
f 3660/3660/3660 3661/3661/3661 3667/3667/3667
f 3660/3660/3660 3667/3667/3667 3666/3666/3666
f 3661/3661/3661 3662/3662/3662 3668/3668/3668
f 3661/3661/3661 3668/3668/3668 3667/3667/3667
f 3662/3662/3662 3657/3657/3657 3663/3663/3663
f 3662/3662/3662 3663/3663/3663 3668/3668/3668
f 3663/3663/3663 3664/3664/3664 3670/3670/3670
f 3663/3663/3663 3670/3670/3670 3669/3669/3669
f 3664/3664/3664 3665/3665/3665 3671/3671/3671
f 3664/3664/3664 3671/3671/3671 3670/3670/3670
f 3665/3665/3665 3666/3666/3666 3672/3672/3672
f 3665/3665/3665 3672/3672/3672 3671/3671/3671
f 3666/3666/3666 3667/3667/3667 3673/3673/3673
f 3666/3666/3666 3673/3673/3673 3672/3672/3672
f 3667/3667/3667 3668/3668/3668 3674/3674/3674
f 3667/3667/3667 3674/3674/3674 3673/3673/3673
f 3668/3668/3668 3663/3663/3663 3669/3669/3669
f 3668/3668/3668 3669/3669/3669 3674/3674/3674
f 3669/3669/3669 3670/3670/3670 3676/3676/3676
f 3669/3669/3669 3676/3676/3676 3675/3675/3675
f 3670/3670/3670 3671/3671/3671 3677/3677/3677
f 3670/3670/3670 3677/3677/3677 3676/3676/3676
f 3671/3671/3671 3672/3672/3672 3678/3678/3678
f 3671/3671/3671 3678/3678/3678 3677/3677/3677
f 3672/3672/3672 3673/3673/3673 3679/3679/3679
f 3672/3672/3672 3679/3679/3679 3678/3678/3678
f 3673/3673/3673 3674/3674/3674 3680/3680/3680
f 3673/3673/3673 3680/3680/3680 3679/3679/3679
f 3674/3674/3674 3669/3669/3669 3675/3675/3675
f 3674/3674/3674 3675/3675/3675 3680/3680/3680
f 3675/3675/3675 3676/3676/3676 3682/3682/3682
f 3675/3675/3675 3682/3682/3682 3681/3681/3681
f 3676/3676/3676 3677/3677/3677 3683/3683/3683
f 3676/3676/3676 3683/3683/3683 3682/3682/3682
f 3677/3677/3677 3678/3678/3678 3684/3684/3684
f 3677/3677/3677 3684/3684/3684 3683/3683/3683
f 3678/3678/3678 3679/3679/3679 3685/3685/3685
f 3678/3678/3678 3685/3685/3685 3684/3684/3684
f 3679/3679/3679 3680/3680/3680 3686/3686/3686
f 3679/3679/3679 3686/3686/3686 3685/3685/3685
f 3680/3680/3680 3675/3675/3675 3681/3681/3681
f 3680/3680/3680 3681/3681/3681 3686/3686/3686
usemtl Skin
f 3687/3687/3687 3688/3688/3688 3694/3694/3694
f 3687/3687/3687 3694/3694/3694 3693/3693/3693
f 3688/3688/3688 3689/3689/3689 3695/3695/3695
f 3688/3688/3688 3695/3695/3695 3694/3694/3694
f 3689/3689/3689 3690/3690/3690 3696/3696/3696
f 3689/3689/3689 3696/3696/3696 3695/3695/3695
f 3690/3690/3690 3691/3691/3691 3697/3697/3697
f 3690/3690/3690 3697/3697/3697 3696/3696/3696
f 3691/3691/3691 3692/3692/3692 3698/3698/3698
f 3691/3691/3691 3698/3698/3698 3697/3697/3697
f 3692/3692/3692 3687/3687/3687 3693/3693/3693
f 3692/3692/3692 3693/3693/3693 3698/3698/3698
f 3693/3693/3693 3694/3694/3694 3700/3700/3700
f 3693/3693/3693 3700/3700/3700 3699/3699/3699
f 3694/3694/3694 3695/3695/3695 3701/3701/3701
f 3694/3694/3694 3701/3701/3701 3700/3700/3700
f 3695/3695/3695 3696/3696/3696 3702/3702/3702
f 3695/3695/3695 3702/3702/3702 3701/3701/3701
f 3696/3696/3696 3697/3697/3697 3703/3703/3703
f 3696/3696/3696 3703/3703/3703 3702/3702/3702
f 3697/3697/3697 3698/3698/3698 3704/3704/3704
f 3697/3697/3697 3704/3704/3704 3703/3703/3703
f 3698/3698/3698 3693/3693/3693 3699/3699/3699
f 3698/3698/3698 3699/3699/3699 3704/3704/3704
f 3699/3699/3699 3700/3700/3700 3706/3706/3706
f 3699/3699/3699 3706/3706/3706 3705/3705/3705
f 3700/3700/3700 3701/3701/3701 3707/3707/3707
f 3700/3700/3700 3707/3707/3707 3706/3706/3706
f 3701/3701/3701 3702/3702/3702 3708/3708/3708
f 3701/3701/3701 3708/3708/3708 3707/3707/3707
f 3702/3702/3702 3703/3703/3703 3709/3709/3709
f 3702/3702/3702 3709/3709/3709 3708/3708/3708
f 3703/3703/3703 3704/3704/3704 3710/3710/3710
f 3703/3703/3703 3710/3710/3710 3709/3709/3709
f 3704/3704/3704 3699/3699/3699 3705/3705/3705
f 3704/3704/3704 3705/3705/3705 3710/3710/3710
f 3705/3705/3705 3706/3706/3706 3712/3712/3712
f 3705/3705/3705 3712/3712/3712 3711/3711/3711
f 3706/3706/3706 3707/3707/3707 3713/3713/3713
f 3706/3706/3706 3713/3713/3713 3712/3712/3712
f 3707/3707/3707 3708/3708/3708 3714/3714/3714
f 3707/3707/3707 3714/3714/3714 3713/3713/3713
f 3708/3708/3708 3709/3709/3709 3715/3715/3715
f 3708/3708/3708 3715/3715/3715 3714/3714/3714
f 3709/3709/3709 3710/3710/3710 3716/3716/3716
f 3709/3709/3709 3716/3716/3716 3715/3715/3715
f 3710/3710/3710 3705/3705/3705 3711/3711/3711
f 3710/3710/3710 3711/3711/3711 3716/3716/3716
f 3711/3711/3711 3712/3712/3712 3718/3718/3718
f 3711/3711/3711 3718/3718/3718 3717/3717/3717
f 3712/3712/3712 3713/3713/3713 3719/3719/3719
f 3712/3712/3712 3719/3719/3719 3718/3718/3718
f 3713/3713/3713 3714/3714/3714 3720/3720/3720
f 3713/3713/3713 3720/3720/3720 3719/3719/3719
f 3714/3714/3714 3715/3715/3715 3721/3721/3721
f 3714/3714/3714 3721/3721/3721 3720/3720/3720
f 3715/3715/3715 3716/3716/3716 3722/3722/3722
f 3715/3715/3715 3722/3722/3722 3721/3721/3721
f 3716/3716/3716 3711/3711/3711 3717/3717/3717
f 3716/3716/3716 3717/3717/3717 3722/3722/3722
f 3717/3717/3717 3718/3718/3718 3724/3724/3724
f 3717/3717/3717 3724/3724/3724 3723/3723/3723
f 3718/3718/3718 3719/3719/3719 3725/3725/3725
f 3718/3718/3718 3725/3725/3725 3724/3724/3724
f 3719/3719/3719 3720/3720/3720 3726/3726/3726
f 3719/3719/3719 3726/3726/3726 3725/3725/3725
f 3720/3720/3720 3721/3721/3721 3727/3727/3727
f 3720/3720/3720 3727/3727/3727 3726/3726/3726
f 3721/3721/3721 3722/3722/3722 3728/3728/3728
f 3721/3721/3721 3728/3728/3728 3727/3727/3727
f 3722/3722/3722 3717/3717/3717 3723/3723/3723
f 3722/3722/3722 3723/3723/3723 3728/3728/3728
f 3723/3723/3723 3724/3724/3724 3730/3730/3730
f 3723/3723/3723 3730/3730/3730 3729/3729/3729
f 3724/3724/3724 3725/3725/3725 3731/3731/3731
f 3724/3724/3724 3731/3731/3731 3730/3730/3730
f 3725/3725/3725 3726/3726/3726 3732/3732/3732
f 3725/3725/3725 3732/3732/3732 3731/3731/3731
f 3726/3726/3726 3727/3727/3727 3733/3733/3733
f 3726/3726/3726 3733/3733/3733 3732/3732/3732
f 3727/3727/3727 3728/3728/3728 3734/3734/3734
f 3727/3727/3727 3734/3734/3734 3733/3733/3733
f 3728/3728/3728 3723/3723/3723 3729/3729/3729
f 3728/3728/3728 3729/3729/3729 3734/3734/3734
f 3729/3729/3729 3730/3730/3730 3736/3736/3736
f 3729/3729/3729 3736/3736/3736 3735/3735/3735
f 3730/3730/3730 3731/3731/3731 3737/3737/3737
f 3730/3730/3730 3737/3737/3737 3736/3736/3736
f 3731/3731/3731 3732/3732/3732 3738/3738/3738
f 3731/3731/3731 3738/3738/3738 3737/3737/3737
f 3732/3732/3732 3733/3733/3733 3739/3739/3739
f 3732/3732/3732 3739/3739/3739 3738/3738/3738
f 3733/3733/3733 3734/3734/3734 3740/3740/3740
f 3733/3733/3733 3740/3740/3740 3739/3739/3739
f 3734/3734/3734 3729/3729/3729 3735/3735/3735
f 3734/3734/3734 3735/3735/3735 3740/3740/3740
f 3735/3735/3735 3736/3736/3736 3742/3742/3742
f 3735/3735/3735 3742/3742/3742 3741/3741/3741
f 3736/3736/3736 3737/3737/3737 3743/3743/3743
f 3736/3736/3736 3743/3743/3743 3742/3742/3742
f 3737/3737/3737 3738/3738/3738 3744/3744/3744
f 3737/3737/3737 3744/3744/3744 3743/3743/3743
f 3738/3738/3738 3739/3739/3739 3745/3745/3745
f 3738/3738/3738 3745/3745/3745 3744/3744/3744
f 3739/3739/3739 3740/3740/3740 3746/3746/3746
f 3739/3739/3739 3746/3746/3746 3745/3745/3745
f 3740/3740/3740 3735/3735/3735 3741/3741/3741
f 3740/3740/3740 3741/3741/3741 3746/3746/3746
f 3741/3741/3741 3742/3742/3742 3748/3748/3748
f 3741/3741/3741 3748/3748/3748 3747/3747/3747
f 3742/3742/3742 3743/3743/3743 3749/3749/3749
f 3742/3742/3742 3749/3749/3749 3748/3748/3748
f 3743/3743/3743 3744/3744/3744 3750/3750/3750
f 3743/3743/3743 3750/3750/3750 3749/3749/3749
f 3744/3744/3744 3745/3745/3745 3751/3751/3751
f 3744/3744/3744 3751/3751/3751 3750/3750/3750
f 3745/3745/3745 3746/3746/3746 3752/3752/3752
f 3745/3745/3745 3752/3752/3752 3751/3751/3751
f 3746/3746/3746 3741/3741/3741 3747/3747/3747
f 3746/3746/3746 3747/3747/3747 3752/3752/3752
usemtl Skin
f 3753/3753/3753 3754/3754/3754 3760/3760/3760
f 3753/3753/3753 3760/3760/3760 3759/3759/3759
f 3754/3754/3754 3755/3755/3755 3761/3761/3761
f 3754/3754/3754 3761/3761/3761 3760/3760/3760
f 3755/3755/3755 3756/3756/3756 3762/3762/3762
f 3755/3755/3755 3762/3762/3762 3761/3761/3761
f 3756/3756/3756 3757/3757/3757 3763/3763/3763
f 3756/3756/3756 3763/3763/3763 3762/3762/3762
f 3757/3757/3757 3758/3758/3758 3764/3764/3764
f 3757/3757/3757 3764/3764/3764 3763/3763/3763
f 3758/3758/3758 3753/3753/3753 3759/3759/3759
f 3758/3758/3758 3759/3759/3759 3764/3764/3764
f 3759/3759/3759 3760/3760/3760 3766/3766/3766
f 3759/3759/3759 3766/3766/3766 3765/3765/3765
f 3760/3760/3760 3761/3761/3761 3767/3767/3767
f 3760/3760/3760 3767/3767/3767 3766/3766/3766
f 3761/3761/3761 3762/3762/3762 3768/3768/3768
f 3761/3761/3761 3768/3768/3768 3767/3767/3767
f 3762/3762/3762 3763/3763/3763 3769/3769/3769
f 3762/3762/3762 3769/3769/3769 3768/3768/3768
f 3763/3763/3763 3764/3764/3764 3770/3770/3770
f 3763/3763/3763 3770/3770/3770 3769/3769/3769
f 3764/3764/3764 3759/3759/3759 3765/3765/3765
f 3764/3764/3764 3765/3765/3765 3770/3770/3770
f 3765/3765/3765 3766/3766/3766 3772/3772/3772
f 3765/3765/3765 3772/3772/3772 3771/3771/3771
f 3766/3766/3766 3767/3767/3767 3773/3773/3773
f 3766/3766/3766 3773/3773/3773 3772/3772/3772
f 3767/3767/3767 3768/3768/3768 3774/3774/3774
f 3767/3767/3767 3774/3774/3774 3773/3773/3773
f 3768/3768/3768 3769/3769/3769 3775/3775/3775
f 3768/3768/3768 3775/3775/3775 3774/3774/3774
f 3769/3769/3769 3770/3770/3770 3776/3776/3776
f 3769/3769/3769 3776/3776/3776 3775/3775/3775
f 3770/3770/3770 3765/3765/3765 3771/3771/3771
f 3770/3770/3770 3771/3771/3771 3776/3776/3776
f 3771/3771/3771 3772/3772/3772 3778/3778/3778
f 3771/3771/3771 3778/3778/3778 3777/3777/3777
f 3772/3772/3772 3773/3773/3773 3779/3779/3779
f 3772/3772/3772 3779/3779/3779 3778/3778/3778
f 3773/3773/3773 3774/3774/3774 3780/3780/3780
f 3773/3773/3773 3780/3780/3780 3779/3779/3779
f 3774/3774/3774 3775/3775/3775 3781/3781/3781
f 3774/3774/3774 3781/3781/3781 3780/3780/3780
f 3775/3775/3775 3776/3776/3776 3782/3782/3782
f 3775/3775/3775 3782/3782/3782 3781/3781/3781
f 3776/3776/3776 3771/3771/3771 3777/3777/3777
f 3776/3776/3776 3777/3777/3777 3782/3782/3782
f 3777/3777/3777 3778/3778/3778 3784/3784/3784
f 3777/3777/3777 3784/3784/3784 3783/3783/3783
f 3778/3778/3778 3779/3779/3779 3785/3785/3785
f 3778/3778/3778 3785/3785/3785 3784/3784/3784
f 3779/3779/3779 3780/3780/3780 3786/3786/3786
f 3779/3779/3779 3786/3786/3786 3785/3785/3785
f 3780/3780/3780 3781/3781/3781 3787/3787/3787
f 3780/3780/3780 3787/3787/3787 3786/3786/3786
f 3781/3781/3781 3782/3782/3782 3788/3788/3788
f 3781/3781/3781 3788/3788/3788 3787/3787/3787
f 3782/3782/3782 3777/3777/3777 3783/3783/3783
f 3782/3782/3782 3783/3783/3783 3788/3788/3788
f 3783/3783/3783 3784/3784/3784 3790/3790/3790
f 3783/3783/3783 3790/3790/3790 3789/3789/3789
f 3784/3784/3784 3785/3785/3785 3791/3791/3791
f 3784/3784/3784 3791/3791/3791 3790/3790/3790
f 3785/3785/3785 3786/3786/3786 3792/3792/3792
f 3785/3785/3785 3792/3792/3792 3791/3791/3791
f 3786/3786/3786 3787/3787/3787 3793/3793/3793
f 3786/3786/3786 3793/3793/3793 3792/3792/3792
f 3787/3787/3787 3788/3788/3788 3794/3794/3794
f 3787/3787/3787 3794/3794/3794 3793/3793/3793
f 3788/3788/3788 3783/3783/3783 3789/3789/3789
f 3788/3788/3788 3789/3789/3789 3794/3794/3794
f 3789/3789/3789 3790/3790/3790 3796/3796/3796
f 3789/3789/3789 3796/3796/3796 3795/3795/3795
f 3790/3790/3790 3791/3791/3791 3797/3797/3797
f 3790/3790/3790 3797/3797/3797 3796/3796/3796
f 3791/3791/3791 3792/3792/3792 3798/3798/3798
f 3791/3791/3791 3798/3798/3798 3797/3797/3797
f 3792/3792/3792 3793/3793/3793 3799/3799/3799
f 3792/3792/3792 3799/3799/3799 3798/3798/3798
f 3793/3793/3793 3794/3794/3794 3800/3800/3800
f 3793/3793/3793 3800/3800/3800 3799/3799/3799
f 3794/3794/3794 3789/3789/3789 3795/3795/3795
f 3794/3794/3794 3795/3795/3795 3800/3800/3800
f 3795/3795/3795 3796/3796/3796 3802/3802/3802
f 3795/3795/3795 3802/3802/3802 3801/3801/3801
f 3796/3796/3796 3797/3797/3797 3803/3803/3803
f 3796/3796/3796 3803/3803/3803 3802/3802/3802
f 3797/3797/3797 3798/3798/3798 3804/3804/3804
f 3797/3797/3797 3804/3804/3804 3803/3803/3803
f 3798/3798/3798 3799/3799/3799 3805/3805/3805
f 3798/3798/3798 3805/3805/3805 3804/3804/3804
f 3799/3799/3799 3800/3800/3800 3806/3806/3806
f 3799/3799/3799 3806/3806/3806 3805/3805/3805
f 3800/3800/3800 3795/3795/3795 3801/3801/3801
f 3800/3800/3800 3801/3801/3801 3806/3806/3806
f 3801/3801/3801 3802/3802/3802 3808/3808/3808
f 3801/3801/3801 3808/3808/3808 3807/3807/3807
f 3802/3802/3802 3803/3803/3803 3809/3809/3809
f 3802/3802/3802 3809/3809/3809 3808/3808/3808
f 3803/3803/3803 3804/3804/3804 3810/3810/3810
f 3803/3803/3803 3810/3810/3810 3809/3809/3809
f 3804/3804/3804 3805/3805/3805 3811/3811/3811
f 3804/3804/3804 3811/3811/3811 3810/3810/3810
f 3805/3805/3805 3806/3806/3806 3812/3812/3812
f 3805/3805/3805 3812/3812/3812 3811/3811/3811
f 3806/3806/3806 3801/3801/3801 3807/3807/3807
f 3806/3806/3806 3807/3807/3807 3812/3812/3812
usemtl Skin
f 3813/3813/3813 3814/3814/3814 3820/3820/3820
f 3813/3813/3813 3820/3820/3820 3819/3819/3819
f 3814/3814/3814 3815/3815/3815 3821/3821/3821
f 3814/3814/3814 3821/3821/3821 3820/3820/3820
f 3815/3815/3815 3816/3816/3816 3822/3822/3822
f 3815/3815/3815 3822/3822/3822 3821/3821/3821
f 3816/3816/3816 3817/3817/3817 3823/3823/3823
f 3816/3816/3816 3823/3823/3823 3822/3822/3822
f 3817/3817/3817 3818/3818/3818 3824/3824/3824
f 3817/3817/3817 3824/3824/3824 3823/3823/3823
f 3818/3818/3818 3813/3813/3813 3819/3819/3819
f 3818/3818/3818 3819/3819/3819 3824/3824/3824
f 3819/3819/3819 3820/3820/3820 3826/3826/3826
f 3819/3819/3819 3826/3826/3826 3825/3825/3825
f 3820/3820/3820 3821/3821/3821 3827/3827/3827
f 3820/3820/3820 3827/3827/3827 3826/3826/3826
f 3821/3821/3821 3822/3822/3822 3828/3828/3828
f 3821/3821/3821 3828/3828/3828 3827/3827/3827
f 3822/3822/3822 3823/3823/3823 3829/3829/3829
f 3822/3822/3822 3829/3829/3829 3828/3828/3828
f 3823/3823/3823 3824/3824/3824 3830/3830/3830
f 3823/3823/3823 3830/3830/3830 3829/3829/3829
f 3824/3824/3824 3819/3819/3819 3825/3825/3825
f 3824/3824/3824 3825/3825/3825 3830/3830/3830
f 3825/3825/3825 3826/3826/3826 3832/3832/3832
f 3825/3825/3825 3832/3832/3832 3831/3831/3831
f 3826/3826/3826 3827/3827/3827 3833/3833/3833
f 3826/3826/3826 3833/3833/3833 3832/3832/3832
f 3827/3827/3827 3828/3828/3828 3834/3834/3834
f 3827/3827/3827 3834/3834/3834 3833/3833/3833
f 3828/3828/3828 3829/3829/3829 3835/3835/3835
f 3828/3828/3828 3835/3835/3835 3834/3834/3834
f 3829/3829/3829 3830/3830/3830 3836/3836/3836
f 3829/3829/3829 3836/3836/3836 3835/3835/3835
f 3830/3830/3830 3825/3825/3825 3831/3831/3831
f 3830/3830/3830 3831/3831/3831 3836/3836/3836
f 3831/3831/3831 3832/3832/3832 3838/3838/3838
f 3831/3831/3831 3838/3838/3838 3837/3837/3837
f 3832/3832/3832 3833/3833/3833 3839/3839/3839
f 3832/3832/3832 3839/3839/3839 3838/3838/3838
f 3833/3833/3833 3834/3834/3834 3840/3840/3840
f 3833/3833/3833 3840/3840/3840 3839/3839/3839
f 3834/3834/3834 3835/3835/3835 3841/3841/3841
f 3834/3834/3834 3841/3841/3841 3840/3840/3840
f 3835/3835/3835 3836/3836/3836 3842/3842/3842
f 3835/3835/3835 3842/3842/3842 3841/3841/3841
f 3836/3836/3836 3831/3831/3831 3837/3837/3837
f 3836/3836/3836 3837/3837/3837 3842/3842/3842
f 3837/3837/3837 3838/3838/3838 3844/3844/3844
f 3837/3837/3837 3844/3844/3844 3843/3843/3843
f 3838/3838/3838 3839/3839/3839 3845/3845/3845
f 3838/3838/3838 3845/3845/3845 3844/3844/3844
f 3839/3839/3839 3840/3840/3840 3846/3846/3846
f 3839/3839/3839 3846/3846/3846 3845/3845/3845
f 3840/3840/3840 3841/3841/3841 3847/3847/3847
f 3840/3840/3840 3847/3847/3847 3846/3846/3846
f 3841/3841/3841 3842/3842/3842 3848/3848/3848
f 3841/3841/3841 3848/3848/3848 3847/3847/3847
f 3842/3842/3842 3837/3837/3837 3843/3843/3843
f 3842/3842/3842 3843/3843/3843 3848/3848/3848
f 3843/3843/3843 3844/3844/3844 3850/3850/3850
f 3843/3843/3843 3850/3850/3850 3849/3849/3849
f 3844/3844/3844 3845/3845/3845 3851/3851/3851
f 3844/3844/3844 3851/3851/3851 3850/3850/3850
f 3845/3845/3845 3846/3846/3846 3852/3852/3852
f 3845/3845/3845 3852/3852/3852 3851/3851/3851
f 3846/3846/3846 3847/3847/3847 3853/3853/3853
f 3846/3846/3846 3853/3853/3853 3852/3852/3852
f 3847/3847/3847 3848/3848/3848 3854/3854/3854
f 3847/3847/3847 3854/3854/3854 3853/3853/3853
f 3848/3848/3848 3843/3843/3843 3849/3849/3849
f 3848/3848/3848 3849/3849/3849 3854/3854/3854
f 3849/3849/3849 3850/3850/3850 3856/3856/3856
f 3849/3849/3849 3856/3856/3856 3855/3855/3855
f 3850/3850/3850 3851/3851/3851 3857/3857/3857
f 3850/3850/3850 3857/3857/3857 3856/3856/3856
f 3851/3851/3851 3852/3852/3852 3858/3858/3858
f 3851/3851/3851 3858/3858/3858 3857/3857/3857
f 3852/3852/3852 3853/3853/3853 3859/3859/3859
f 3852/3852/3852 3859/3859/3859 3858/3858/3858
f 3853/3853/3853 3854/3854/3854 3860/3860/3860
f 3853/3853/3853 3860/3860/3860 3859/3859/3859
f 3854/3854/3854 3849/3849/3849 3855/3855/3855
f 3854/3854/3854 3855/3855/3855 3860/3860/3860
f 3855/3855/3855 3856/3856/3856 3862/3862/3862
f 3855/3855/3855 3862/3862/3862 3861/3861/3861
f 3856/3856/3856 3857/3857/3857 3863/3863/3863
f 3856/3856/3856 3863/3863/3863 3862/3862/3862
f 3857/3857/3857 3858/3858/3858 3864/3864/3864
f 3857/3857/3857 3864/3864/3864 3863/3863/3863
f 3858/3858/3858 3859/3859/3859 3865/3865/3865
f 3858/3858/3858 3865/3865/3865 3864/3864/3864
f 3859/3859/3859 3860/3860/3860 3866/3866/3866
f 3859/3859/3859 3866/3866/3866 3865/3865/3865
f 3860/3860/3860 3855/3855/3855 3861/3861/3861
f 3860/3860/3860 3861/3861/3861 3866/3866/3866
f 3861/3861/3861 3862/3862/3862 3868/3868/3868
f 3861/3861/3861 3868/3868/3868 3867/3867/3867
f 3862/3862/3862 3863/3863/3863 3869/3869/3869
f 3862/3862/3862 3869/3869/3869 3868/3868/3868
f 3863/3863/3863 3864/3864/3864 3870/3870/3870
f 3863/3863/3863 3870/3870/3870 3869/3869/3869
f 3864/3864/3864 3865/3865/3865 3871/3871/3871
f 3864/3864/3864 3871/3871/3871 3870/3870/3870
f 3865/3865/3865 3866/3866/3866 3872/3872/3872
f 3865/3865/3865 3872/3872/3872 3871/3871/3871
f 3866/3866/3866 3861/3861/3861 3867/3867/3867
f 3866/3866/3866 3867/3867/3867 3872/3872/3872
usemtl Skin
f 3873/3873/3873 3874/3874/3874 3880/3880/3880
f 3873/3873/3873 3880/3880/3880 3879/3879/3879
f 3874/3874/3874 3875/3875/3875 3881/3881/3881
f 3874/3874/3874 3881/3881/3881 3880/3880/3880
f 3875/3875/3875 3876/3876/3876 3882/3882/3882
f 3875/3875/3875 3882/3882/3882 3881/3881/3881
f 3876/3876/3876 3877/3877/3877 3883/3883/3883
f 3876/3876/3876 3883/3883/3883 3882/3882/3882
f 3877/3877/3877 3878/3878/3878 3884/3884/3884
f 3877/3877/3877 3884/3884/3884 3883/3883/3883
f 3878/3878/3878 3873/3873/3873 3879/3879/3879
f 3878/3878/3878 3879/3879/3879 3884/3884/3884
f 3879/3879/3879 3880/3880/3880 3886/3886/3886
f 3879/3879/3879 3886/3886/3886 3885/3885/3885
f 3880/3880/3880 3881/3881/3881 3887/3887/3887
f 3880/3880/3880 3887/3887/3887 3886/3886/3886
f 3881/3881/3881 3882/3882/3882 3888/3888/3888
f 3881/3881/3881 3888/3888/3888 3887/3887/3887
f 3882/3882/3882 3883/3883/3883 3889/3889/3889
f 3882/3882/3882 3889/3889/3889 3888/3888/3888
f 3883/3883/3883 3884/3884/3884 3890/3890/3890
f 3883/3883/3883 3890/3890/3890 3889/3889/3889
f 3884/3884/3884 3879/3879/3879 3885/3885/3885
f 3884/3884/3884 3885/3885/3885 3890/3890/3890
f 3885/3885/3885 3886/3886/3886 3892/3892/3892
f 3885/3885/3885 3892/3892/3892 3891/3891/3891
f 3886/3886/3886 3887/3887/3887 3893/3893/3893
f 3886/3886/3886 3893/3893/3893 3892/3892/3892
f 3887/3887/3887 3888/3888/3888 3894/3894/3894
f 3887/3887/3887 3894/3894/3894 3893/3893/3893
f 3888/3888/3888 3889/3889/3889 3895/3895/3895
f 3888/3888/3888 3895/3895/3895 3894/3894/3894
f 3889/3889/3889 3890/3890/3890 3896/3896/3896
f 3889/3889/3889 3896/3896/3896 3895/3895/3895
f 3890/3890/3890 3885/3885/3885 3891/3891/3891
f 3890/3890/3890 3891/3891/3891 3896/3896/3896
f 3891/3891/3891 3892/3892/3892 3898/3898/3898
f 3891/3891/3891 3898/3898/3898 3897/3897/3897
f 3892/3892/3892 3893/3893/3893 3899/3899/3899
f 3892/3892/3892 3899/3899/3899 3898/3898/3898
f 3893/3893/3893 3894/3894/3894 3900/3900/3900
f 3893/3893/3893 3900/3900/3900 3899/3899/3899
f 3894/3894/3894 3895/3895/3895 3901/3901/3901
f 3894/3894/3894 3901/3901/3901 3900/3900/3900
f 3895/3895/3895 3896/3896/3896 3902/3902/3902
f 3895/3895/3895 3902/3902/3902 3901/3901/3901
f 3896/3896/3896 3891/3891/3891 3897/3897/3897
f 3896/3896/3896 3897/3897/3897 3902/3902/3902
f 3897/3897/3897 3898/3898/3898 3904/3904/3904
f 3897/3897/3897 3904/3904/3904 3903/3903/3903
f 3898/3898/3898 3899/3899/3899 3905/3905/3905
f 3898/3898/3898 3905/3905/3905 3904/3904/3904
f 3899/3899/3899 3900/3900/3900 3906/3906/3906
f 3899/3899/3899 3906/3906/3906 3905/3905/3905
f 3900/3900/3900 3901/3901/3901 3907/3907/3907
f 3900/3900/3900 3907/3907/3907 3906/3906/3906
f 3901/3901/3901 3902/3902/3902 3908/3908/3908
f 3901/3901/3901 3908/3908/3908 3907/3907/3907
f 3902/3902/3902 3897/3897/3897 3903/3903/3903
f 3902/3902/3902 3903/3903/3903 3908/3908/3908
f 3903/3903/3903 3904/3904/3904 3910/3910/3910
f 3903/3903/3903 3910/3910/3910 3909/3909/3909
f 3904/3904/3904 3905/3905/3905 3911/3911/3911
f 3904/3904/3904 3911/3911/3911 3910/3910/3910
f 3905/3905/3905 3906/3906/3906 3912/3912/3912
f 3905/3905/3905 3912/3912/3912 3911/3911/3911
f 3906/3906/3906 3907/3907/3907 3913/3913/3913
f 3906/3906/3906 3913/3913/3913 3912/3912/3912
f 3907/3907/3907 3908/3908/3908 3914/3914/3914
f 3907/3907/3907 3914/3914/3914 3913/3913/3913
f 3908/3908/3908 3903/3903/3903 3909/3909/3909
f 3908/3908/3908 3909/3909/3909 3914/3914/3914
f 3909/3909/3909 3910/3910/3910 3916/3916/3916
f 3909/3909/3909 3916/3916/3916 3915/3915/3915
f 3910/3910/3910 3911/3911/3911 3917/3917/3917
f 3910/3910/3910 3917/3917/3917 3916/3916/3916
f 3911/3911/3911 3912/3912/3912 3918/3918/3918
f 3911/3911/3911 3918/3918/3918 3917/3917/3917
f 3912/3912/3912 3913/3913/3913 3919/3919/3919
f 3912/3912/3912 3919/3919/3919 3918/3918/3918
f 3913/3913/3913 3914/3914/3914 3920/3920/3920
f 3913/3913/3913 3920/3920/3920 3919/3919/3919
f 3914/3914/3914 3909/3909/3909 3915/3915/3915
f 3914/3914/3914 3915/3915/3915 3920/3920/3920
f 3915/3915/3915 3916/3916/3916 3922/3922/3922
f 3915/3915/3915 3922/3922/3922 3921/3921/3921
f 3916/3916/3916 3917/3917/3917 3923/3923/3923
f 3916/3916/3916 3923/3923/3923 3922/3922/3922
f 3917/3917/3917 3918/3918/3918 3924/3924/3924
f 3917/3917/3917 3924/3924/3924 3923/3923/3923
f 3918/3918/3918 3919/3919/3919 3925/3925/3925
f 3918/3918/3918 3925/3925/3925 3924/3924/3924
f 3919/3919/3919 3920/3920/3920 3926/3926/3926
f 3919/3919/3919 3926/3926/3926 3925/3925/3925
f 3920/3920/3920 3915/3915/3915 3921/3921/3921
f 3920/3920/3920 3921/3921/3921 3926/3926/3926
f 3921/3921/3921 3922/3922/3922 3928/3928/3928
f 3921/3921/3921 3928/3928/3928 3927/3927/3927
f 3922/3922/3922 3923/3923/3923 3929/3929/3929
f 3922/3922/3922 3929/3929/3929 3928/3928/3928
f 3923/3923/3923 3924/3924/3924 3930/3930/3930
f 3923/3923/3923 3930/3930/3930 3929/3929/3929
f 3924/3924/3924 3925/3925/3925 3931/3931/3931
f 3924/3924/3924 3931/3931/3931 3930/3930/3930
f 3925/3925/3925 3926/3926/3926 3932/3932/3932
f 3925/3925/3925 3932/3932/3932 3931/3931/3931
f 3926/3926/3926 3921/3921/3921 3927/3927/3927
f 3926/3926/3926 3927/3927/3927 3932/3932/3932
usemtl Skin
f 3933/3933/3933 3934/3934/3934 3940/3940/3940
f 3933/3933/3933 3940/3940/3940 3939/3939/3939
f 3934/3934/3934 3935/3935/3935 3941/3941/3941
f 3934/3934/3934 3941/3941/3941 3940/3940/3940
f 3935/3935/3935 3936/3936/3936 3942/3942/3942
f 3935/3935/3935 3942/3942/3942 3941/3941/3941
f 3936/3936/3936 3937/3937/3937 3943/3943/3943
f 3936/3936/3936 3943/3943/3943 3942/3942/3942
f 3937/3937/3937 3938/3938/3938 3944/3944/3944
f 3937/3937/3937 3944/3944/3944 3943/3943/3943
f 3938/3938/3938 3933/3933/3933 3939/3939/3939
f 3938/3938/3938 3939/3939/3939 3944/3944/3944
f 3939/3939/3939 3940/3940/3940 3946/3946/3946
f 3939/3939/3939 3946/3946/3946 3945/3945/3945
f 3940/3940/3940 3941/3941/3941 3947/3947/3947
f 3940/3940/3940 3947/3947/3947 3946/3946/3946
f 3941/3941/3941 3942/3942/3942 3948/3948/3948
f 3941/3941/3941 3948/3948/3948 3947/3947/3947
f 3942/3942/3942 3943/3943/3943 3949/3949/3949
f 3942/3942/3942 3949/3949/3949 3948/3948/3948
f 3943/3943/3943 3944/3944/3944 3950/3950/3950
f 3943/3943/3943 3950/3950/3950 3949/3949/3949
f 3944/3944/3944 3939/3939/3939 3945/3945/3945
f 3944/3944/3944 3945/3945/3945 3950/3950/3950
f 3945/3945/3945 3946/3946/3946 3952/3952/3952
f 3945/3945/3945 3952/3952/3952 3951/3951/3951
f 3946/3946/3946 3947/3947/3947 3953/3953/3953
f 3946/3946/3946 3953/3953/3953 3952/3952/3952
f 3947/3947/3947 3948/3948/3948 3954/3954/3954
f 3947/3947/3947 3954/3954/3954 3953/3953/3953
f 3948/3948/3948 3949/3949/3949 3955/3955/3955
f 3948/3948/3948 3955/3955/3955 3954/3954/3954
f 3949/3949/3949 3950/3950/3950 3956/3956/3956
f 3949/3949/3949 3956/3956/3956 3955/3955/3955
f 3950/3950/3950 3945/3945/3945 3951/3951/3951
f 3950/3950/3950 3951/3951/3951 3956/3956/3956
f 3951/3951/3951 3952/3952/3952 3958/3958/3958
f 3951/3951/3951 3958/3958/3958 3957/3957/3957
f 3952/3952/3952 3953/3953/3953 3959/3959/3959
f 3952/3952/3952 3959/3959/3959 3958/3958/3958
f 3953/3953/3953 3954/3954/3954 3960/3960/3960
f 3953/3953/3953 3960/3960/3960 3959/3959/3959
f 3954/3954/3954 3955/3955/3955 3961/3961/3961
f 3954/3954/3954 3961/3961/3961 3960/3960/3960
f 3955/3955/3955 3956/3956/3956 3962/3962/3962
f 3955/3955/3955 3962/3962/3962 3961/3961/3961
f 3956/3956/3956 3951/3951/3951 3957/3957/3957
f 3956/3956/3956 3957/3957/3957 3962/3962/3962
f 3957/3957/3957 3958/3958/3958 3964/3964/3964
f 3957/3957/3957 3964/3964/3964 3963/3963/3963
f 3958/3958/3958 3959/3959/3959 3965/3965/3965
f 3958/3958/3958 3965/3965/3965 3964/3964/3964
f 3959/3959/3959 3960/3960/3960 3966/3966/3966
f 3959/3959/3959 3966/3966/3966 3965/3965/3965
f 3960/3960/3960 3961/3961/3961 3967/3967/3967
f 3960/3960/3960 3967/3967/3967 3966/3966/3966
f 3961/3961/3961 3962/3962/3962 3968/3968/3968
f 3961/3961/3961 3968/3968/3968 3967/3967/3967
f 3962/3962/3962 3957/3957/3957 3963/3963/3963
f 3962/3962/3962 3963/3963/3963 3968/3968/3968
f 3963/3963/3963 3964/3964/3964 3970/3970/3970
f 3963/3963/3963 3970/3970/3970 3969/3969/3969
f 3964/3964/3964 3965/3965/3965 3971/3971/3971
f 3964/3964/3964 3971/3971/3971 3970/3970/3970
f 3965/3965/3965 3966/3966/3966 3972/3972/3972
f 3965/3965/3965 3972/3972/3972 3971/3971/3971
f 3966/3966/3966 3967/3967/3967 3973/3973/3973
f 3966/3966/3966 3973/3973/3973 3972/3972/3972
f 3967/3967/3967 3968/3968/3968 3974/3974/3974
f 3967/3967/3967 3974/3974/3974 3973/3973/3973
f 3968/3968/3968 3963/3963/3963 3969/3969/3969
f 3968/3968/3968 3969/3969/3969 3974/3974/3974
f 3969/3969/3969 3970/3970/3970 3976/3976/3976
f 3969/3969/3969 3976/3976/3976 3975/3975/3975
f 3970/3970/3970 3971/3971/3971 3977/3977/3977
f 3970/3970/3970 3977/3977/3977 3976/3976/3976
f 3971/3971/3971 3972/3972/3972 3978/3978/3978
f 3971/3971/3971 3978/3978/3978 3977/3977/3977
f 3972/3972/3972 3973/3973/3973 3979/3979/3979
f 3972/3972/3972 3979/3979/3979 3978/3978/3978
f 3973/3973/3973 3974/3974/3974 3980/3980/3980
f 3973/3973/3973 3980/3980/3980 3979/3979/3979
f 3974/3974/3974 3969/3969/3969 3975/3975/3975
f 3974/3974/3974 3975/3975/3975 3980/3980/3980
f 3975/3975/3975 3976/3976/3976 3982/3982/3982
f 3975/3975/3975 3982/3982/3982 3981/3981/3981
f 3976/3976/3976 3977/3977/3977 3983/3983/3983
f 3976/3976/3976 3983/3983/3983 3982/3982/3982
f 3977/3977/3977 3978/3978/3978 3984/3984/3984
f 3977/3977/3977 3984/3984/3984 3983/3983/3983
f 3978/3978/3978 3979/3979/3979 3985/3985/3985
f 3978/3978/3978 3985/3985/3985 3984/3984/3984
f 3979/3979/3979 3980/3980/3980 3986/3986/3986
f 3979/3979/3979 3986/3986/3986 3985/3985/3985
f 3980/3980/3980 3975/3975/3975 3981/3981/3981
f 3980/3980/3980 3981/3981/3981 3986/3986/3986
f 3981/3981/3981 3982/3982/3982 3988/3988/3988
f 3981/3981/3981 3988/3988/3988 3987/3987/3987
f 3982/3982/3982 3983/3983/3983 3989/3989/3989
f 3982/3982/3982 3989/3989/3989 3988/3988/3988
f 3983/3983/3983 3984/3984/3984 3990/3990/3990
f 3983/3983/3983 3990/3990/3990 3989/3989/3989
f 3984/3984/3984 3985/3985/3985 3991/3991/3991
f 3984/3984/3984 3991/3991/3991 3990/3990/3990
f 3985/3985/3985 3986/3986/3986 3992/3992/3992
f 3985/3985/3985 3992/3992/3992 3991/3991/3991
f 3986/3986/3986 3981/3981/3981 3987/3987/3987
f 3986/3986/3986 3987/3987/3987 3992/3992/3992
usemtl Skin
f 3993/3993/3993 3994/3994/3994 4000/4000/4000
f 3993/3993/3993 4000/4000/4000 3999/3999/3999
f 3994/3994/3994 3995/3995/3995 4001/4001/4001
f 3994/3994/3994 4001/4001/4001 4000/4000/4000
f 3995/3995/3995 3996/3996/3996 4002/4002/4002
f 3995/3995/3995 4002/4002/4002 4001/4001/4001
f 3996/3996/3996 3997/3997/3997 4003/4003/4003
f 3996/3996/3996 4003/4003/4003 4002/4002/4002
f 3997/3997/3997 3998/3998/3998 4004/4004/4004
f 3997/3997/3997 4004/4004/4004 4003/4003/4003
f 3998/3998/3998 3993/3993/3993 3999/3999/3999
f 3998/3998/3998 3999/3999/3999 4004/4004/4004
f 3999/3999/3999 4000/4000/4000 4006/4006/4006
f 3999/3999/3999 4006/4006/4006 4005/4005/4005
f 4000/4000/4000 4001/4001/4001 4007/4007/4007
f 4000/4000/4000 4007/4007/4007 4006/4006/4006
f 4001/4001/4001 4002/4002/4002 4008/4008/4008
f 4001/4001/4001 4008/4008/4008 4007/4007/4007
f 4002/4002/4002 4003/4003/4003 4009/4009/4009
f 4002/4002/4002 4009/4009/4009 4008/4008/4008
f 4003/4003/4003 4004/4004/4004 4010/4010/4010
f 4003/4003/4003 4010/4010/4010 4009/4009/4009
f 4004/4004/4004 3999/3999/3999 4005/4005/4005
f 4004/4004/4004 4005/4005/4005 4010/4010/4010
f 4005/4005/4005 4006/4006/4006 4012/4012/4012
f 4005/4005/4005 4012/4012/4012 4011/4011/4011
f 4006/4006/4006 4007/4007/4007 4013/4013/4013
f 4006/4006/4006 4013/4013/4013 4012/4012/4012
f 4007/4007/4007 4008/4008/4008 4014/4014/4014
f 4007/4007/4007 4014/4014/4014 4013/4013/4013
f 4008/4008/4008 4009/4009/4009 4015/4015/4015
f 4008/4008/4008 4015/4015/4015 4014/4014/4014
f 4009/4009/4009 4010/4010/4010 4016/4016/4016
f 4009/4009/4009 4016/4016/4016 4015/4015/4015
f 4010/4010/4010 4005/4005/4005 4011/4011/4011
f 4010/4010/4010 4011/4011/4011 4016/4016/4016
f 4011/4011/4011 4012/4012/4012 4018/4018/4018
f 4011/4011/4011 4018/4018/4018 4017/4017/4017
f 4012/4012/4012 4013/4013/4013 4019/4019/4019
f 4012/4012/4012 4019/4019/4019 4018/4018/4018
f 4013/4013/4013 4014/4014/4014 4020/4020/4020
f 4013/4013/4013 4020/4020/4020 4019/4019/4019
f 4014/4014/4014 4015/4015/4015 4021/4021/4021
f 4014/4014/4014 4021/4021/4021 4020/4020/4020
f 4015/4015/4015 4016/4016/4016 4022/4022/4022
f 4015/4015/4015 4022/4022/4022 4021/4021/4021
f 4016/4016/4016 4011/4011/4011 4017/4017/4017
f 4016/4016/4016 4017/4017/4017 4022/4022/4022
f 4017/4017/4017 4018/4018/4018 4024/4024/4024
f 4017/4017/4017 4024/4024/4024 4023/4023/4023
f 4018/4018/4018 4019/4019/4019 4025/4025/4025
f 4018/4018/4018 4025/4025/4025 4024/4024/4024
f 4019/4019/4019 4020/4020/4020 4026/4026/4026
f 4019/4019/4019 4026/4026/4026 4025/4025/4025
f 4020/4020/4020 4021/4021/4021 4027/4027/4027
f 4020/4020/4020 4027/4027/4027 4026/4026/4026
f 4021/4021/4021 4022/4022/4022 4028/4028/4028
f 4021/4021/4021 4028/4028/4028 4027/4027/4027
f 4022/4022/4022 4017/4017/4017 4023/4023/4023
f 4022/4022/4022 4023/4023/4023 4028/4028/4028
f 4023/4023/4023 4024/4024/4024 4030/4030/4030
f 4023/4023/4023 4030/4030/4030 4029/4029/4029
f 4024/4024/4024 4025/4025/4025 4031/4031/4031
f 4024/4024/4024 4031/4031/4031 4030/4030/4030
f 4025/4025/4025 4026/4026/4026 4032/4032/4032
f 4025/4025/4025 4032/4032/4032 4031/4031/4031
f 4026/4026/4026 4027/4027/4027 4033/4033/4033
f 4026/4026/4026 4033/4033/4033 4032/4032/4032
f 4027/4027/4027 4028/4028/4028 4034/4034/4034
f 4027/4027/4027 4034/4034/4034 4033/4033/4033
f 4028/4028/4028 4023/4023/4023 4029/4029/4029
f 4028/4028/4028 4029/4029/4029 4034/4034/4034
f 4029/4029/4029 4030/4030/4030 4036/4036/4036
f 4029/4029/4029 4036/4036/4036 4035/4035/4035
f 4030/4030/4030 4031/4031/4031 4037/4037/4037
f 4030/4030/4030 4037/4037/4037 4036/4036/4036
f 4031/4031/4031 4032/4032/4032 4038/4038/4038
f 4031/4031/4031 4038/4038/4038 4037/4037/4037
f 4032/4032/4032 4033/4033/4033 4039/4039/4039
f 4032/4032/4032 4039/4039/4039 4038/4038/4038
f 4033/4033/4033 4034/4034/4034 4040/4040/4040
f 4033/4033/4033 4040/4040/4040 4039/4039/4039
f 4034/4034/4034 4029/4029/4029 4035/4035/4035
f 4034/4034/4034 4035/4035/4035 4040/4040/4040
f 4035/4035/4035 4036/4036/4036 4042/4042/4042
f 4035/4035/4035 4042/4042/4042 4041/4041/4041
f 4036/4036/4036 4037/4037/4037 4043/4043/4043
f 4036/4036/4036 4043/4043/4043 4042/4042/4042
f 4037/4037/4037 4038/4038/4038 4044/4044/4044
f 4037/4037/4037 4044/4044/4044 4043/4043/4043
f 4038/4038/4038 4039/4039/4039 4045/4045/4045
f 4038/4038/4038 4045/4045/4045 4044/4044/4044
f 4039/4039/4039 4040/4040/4040 4046/4046/4046
f 4039/4039/4039 4046/4046/4046 4045/4045/4045
f 4040/4040/4040 4035/4035/4035 4041/4041/4041
f 4040/4040/4040 4041/4041/4041 4046/4046/4046
f 4041/4041/4041 4042/4042/4042 4048/4048/4048
f 4041/4041/4041 4048/4048/4048 4047/4047/4047
f 4042/4042/4042 4043/4043/4043 4049/4049/4049
f 4042/4042/4042 4049/4049/4049 4048/4048/4048
f 4043/4043/4043 4044/4044/4044 4050/4050/4050
f 4043/4043/4043 4050/4050/4050 4049/4049/4049
f 4044/4044/4044 4045/4045/4045 4051/4051/4051
f 4044/4044/4044 4051/4051/4051 4050/4050/4050
f 4045/4045/4045 4046/4046/4046 4052/4052/4052
f 4045/4045/4045 4052/4052/4052 4051/4051/4051
f 4046/4046/4046 4041/4041/4041 4047/4047/4047
f 4046/4046/4046 4047/4047/4047 4052/4052/4052
usemtl Skin
f 4053/4053/4053 4054/4054/4054 4060/4060/4060
f 4053/4053/4053 4060/4060/4060 4059/4059/4059
f 4054/4054/4054 4055/4055/4055 4061/4061/4061
f 4054/4054/4054 4061/4061/4061 4060/4060/4060
f 4055/4055/4055 4056/4056/4056 4062/4062/4062
f 4055/4055/4055 4062/4062/4062 4061/4061/4061
f 4056/4056/4056 4057/4057/4057 4063/4063/4063
f 4056/4056/4056 4063/4063/4063 4062/4062/4062
f 4057/4057/4057 4058/4058/4058 4064/4064/4064
f 4057/4057/4057 4064/4064/4064 4063/4063/4063
f 4058/4058/4058 4053/4053/4053 4059/4059/4059
f 4058/4058/4058 4059/4059/4059 4064/4064/4064
f 4059/4059/4059 4060/4060/4060 4066/4066/4066
f 4059/4059/4059 4066/4066/4066 4065/4065/4065
f 4060/4060/4060 4061/4061/4061 4067/4067/4067
f 4060/4060/4060 4067/4067/4067 4066/4066/4066
f 4061/4061/4061 4062/4062/4062 4068/4068/4068
f 4061/4061/4061 4068/4068/4068 4067/4067/4067
f 4062/4062/4062 4063/4063/4063 4069/4069/4069
f 4062/4062/4062 4069/4069/4069 4068/4068/4068
f 4063/4063/4063 4064/4064/4064 4070/4070/4070
f 4063/4063/4063 4070/4070/4070 4069/4069/4069
f 4064/4064/4064 4059/4059/4059 4065/4065/4065
f 4064/4064/4064 4065/4065/4065 4070/4070/4070
f 4065/4065/4065 4066/4066/4066 4072/4072/4072
f 4065/4065/4065 4072/4072/4072 4071/4071/4071
f 4066/4066/4066 4067/4067/4067 4073/4073/4073
f 4066/4066/4066 4073/4073/4073 4072/4072/4072
f 4067/4067/4067 4068/4068/4068 4074/4074/4074
f 4067/4067/4067 4074/4074/4074 4073/4073/4073
f 4068/4068/4068 4069/4069/4069 4075/4075/4075
f 4068/4068/4068 4075/4075/4075 4074/4074/4074
f 4069/4069/4069 4070/4070/4070 4076/4076/4076
f 4069/4069/4069 4076/4076/4076 4075/4075/4075
f 4070/4070/4070 4065/4065/4065 4071/4071/4071
f 4070/4070/4070 4071/4071/4071 4076/4076/4076
f 4071/4071/4071 4072/4072/4072 4078/4078/4078
f 4071/4071/4071 4078/4078/4078 4077/4077/4077
f 4072/4072/4072 4073/4073/4073 4079/4079/4079
f 4072/4072/4072 4079/4079/4079 4078/4078/4078
f 4073/4073/4073 4074/4074/4074 4080/4080/4080
f 4073/4073/4073 4080/4080/4080 4079/4079/4079
f 4074/4074/4074 4075/4075/4075 4081/4081/4081
f 4074/4074/4074 4081/4081/4081 4080/4080/4080
f 4075/4075/4075 4076/4076/4076 4082/4082/4082
f 4075/4075/4075 4082/4082/4082 4081/4081/4081
f 4076/4076/4076 4071/4071/4071 4077/4077/4077
f 4076/4076/4076 4077/4077/4077 4082/4082/4082
f 4077/4077/4077 4078/4078/4078 4084/4084/4084
f 4077/4077/4077 4084/4084/4084 4083/4083/4083
f 4078/4078/4078 4079/4079/4079 4085/4085/4085
f 4078/4078/4078 4085/4085/4085 4084/4084/4084
f 4079/4079/4079 4080/4080/4080 4086/4086/4086
f 4079/4079/4079 4086/4086/4086 4085/4085/4085
f 4080/4080/4080 4081/4081/4081 4087/4087/4087
f 4080/4080/4080 4087/4087/4087 4086/4086/4086
f 4081/4081/4081 4082/4082/4082 4088/4088/4088
f 4081/4081/4081 4088/4088/4088 4087/4087/4087
f 4082/4082/4082 4077/4077/4077 4083/4083/4083
f 4082/4082/4082 4083/4083/4083 4088/4088/4088
f 4083/4083/4083 4084/4084/4084 4090/4090/4090
f 4083/4083/4083 4090/4090/4090 4089/4089/4089
f 4084/4084/4084 4085/4085/4085 4091/4091/4091
f 4084/4084/4084 4091/4091/4091 4090/4090/4090
f 4085/4085/4085 4086/4086/4086 4092/4092/4092
f 4085/4085/4085 4092/4092/4092 4091/4091/4091
f 4086/4086/4086 4087/4087/4087 4093/4093/4093
f 4086/4086/4086 4093/4093/4093 4092/4092/4092
f 4087/4087/4087 4088/4088/4088 4094/4094/4094
f 4087/4087/4087 4094/4094/4094 4093/4093/4093
f 4088/4088/4088 4083/4083/4083 4089/4089/4089
f 4088/4088/4088 4089/4089/4089 4094/4094/4094
f 4089/4089/4089 4090/4090/4090 4096/4096/4096
f 4089/4089/4089 4096/4096/4096 4095/4095/4095
f 4090/4090/4090 4091/4091/4091 4097/4097/4097
f 4090/4090/4090 4097/4097/4097 4096/4096/4096
f 4091/4091/4091 4092/4092/4092 4098/4098/4098
f 4091/4091/4091 4098/4098/4098 4097/4097/4097
f 4092/4092/4092 4093/4093/4093 4099/4099/4099
f 4092/4092/4092 4099/4099/4099 4098/4098/4098
f 4093/4093/4093 4094/4094/4094 4100/4100/4100
f 4093/4093/4093 4100/4100/4100 4099/4099/4099
f 4094/4094/4094 4089/4089/4089 4095/4095/4095
f 4094/4094/4094 4095/4095/4095 4100/4100/4100
f 4095/4095/4095 4096/4096/4096 4102/4102/4102
f 4095/4095/4095 4102/4102/4102 4101/4101/4101
f 4096/4096/4096 4097/4097/4097 4103/4103/4103
f 4096/4096/4096 4103/4103/4103 4102/4102/4102
f 4097/4097/4097 4098/4098/4098 4104/4104/4104
f 4097/4097/4097 4104/4104/4104 4103/4103/4103
f 4098/4098/4098 4099/4099/4099 4105/4105/4105
f 4098/4098/4098 4105/4105/4105 4104/4104/4104
f 4099/4099/4099 4100/4100/4100 4106/4106/4106
f 4099/4099/4099 4106/4106/4106 4105/4105/4105
f 4100/4100/4100 4095/4095/4095 4101/4101/4101
f 4100/4100/4100 4101/4101/4101 4106/4106/4106
f 4101/4101/4101 4102/4102/4102 4108/4108/4108
f 4101/4101/4101 4108/4108/4108 4107/4107/4107
f 4102/4102/4102 4103/4103/4103 4109/4109/4109
f 4102/4102/4102 4109/4109/4109 4108/4108/4108
f 4103/4103/4103 4104/4104/4104 4110/4110/4110
f 4103/4103/4103 4110/4110/4110 4109/4109/4109
f 4104/4104/4104 4105/4105/4105 4111/4111/4111
f 4104/4104/4104 4111/4111/4111 4110/4110/4110
f 4105/4105/4105 4106/4106/4106 4112/4112/4112
f 4105/4105/4105 4112/4112/4112 4111/4111/4111
f 4106/4106/4106 4101/4101/4101 4107/4107/4107
f 4106/4106/4106 4107/4107/4107 4112/4112/4112
usemtl Skin
f 4113/4113/4113 4114/4114/4114 4120/4120/4120
f 4113/4113/4113 4120/4120/4120 4119/4119/4119
f 4114/4114/4114 4115/4115/4115 4121/4121/4121
f 4114/4114/4114 4121/4121/4121 4120/4120/4120
f 4115/4115/4115 4116/4116/4116 4122/4122/4122
f 4115/4115/4115 4122/4122/4122 4121/4121/4121
f 4116/4116/4116 4117/4117/4117 4123/4123/4123
f 4116/4116/4116 4123/4123/4123 4122/4122/4122
f 4117/4117/4117 4118/4118/4118 4124/4124/4124
f 4117/4117/4117 4124/4124/4124 4123/4123/4123
f 4118/4118/4118 4113/4113/4113 4119/4119/4119
f 4118/4118/4118 4119/4119/4119 4124/4124/4124
f 4119/4119/4119 4120/4120/4120 4126/4126/4126
f 4119/4119/4119 4126/4126/4126 4125/4125/4125
f 4120/4120/4120 4121/4121/4121 4127/4127/4127
f 4120/4120/4120 4127/4127/4127 4126/4126/4126
f 4121/4121/4121 4122/4122/4122 4128/4128/4128
f 4121/4121/4121 4128/4128/4128 4127/4127/4127
f 4122/4122/4122 4123/4123/4123 4129/4129/4129
f 4122/4122/4122 4129/4129/4129 4128/4128/4128
f 4123/4123/4123 4124/4124/4124 4130/4130/4130
f 4123/4123/4123 4130/4130/4130 4129/4129/4129
f 4124/4124/4124 4119/4119/4119 4125/4125/4125
f 4124/4124/4124 4125/4125/4125 4130/4130/4130
f 4125/4125/4125 4126/4126/4126 4132/4132/4132
f 4125/4125/4125 4132/4132/4132 4131/4131/4131
f 4126/4126/4126 4127/4127/4127 4133/4133/4133
f 4126/4126/4126 4133/4133/4133 4132/4132/4132
f 4127/4127/4127 4128/4128/4128 4134/4134/4134
f 4127/4127/4127 4134/4134/4134 4133/4133/4133
f 4128/4128/4128 4129/4129/4129 4135/4135/4135
f 4128/4128/4128 4135/4135/4135 4134/4134/4134
f 4129/4129/4129 4130/4130/4130 4136/4136/4136
f 4129/4129/4129 4136/4136/4136 4135/4135/4135
f 4130/4130/4130 4125/4125/4125 4131/4131/4131
f 4130/4130/4130 4131/4131/4131 4136/4136/4136
f 4131/4131/4131 4132/4132/4132 4138/4138/4138
f 4131/4131/4131 4138/4138/4138 4137/4137/4137
f 4132/4132/4132 4133/4133/4133 4139/4139/4139
f 4132/4132/4132 4139/4139/4139 4138/4138/4138
f 4133/4133/4133 4134/4134/4134 4140/4140/4140
f 4133/4133/4133 4140/4140/4140 4139/4139/4139
f 4134/4134/4134 4135/4135/4135 4141/4141/4141
f 4134/4134/4134 4141/4141/4141 4140/4140/4140
f 4135/4135/4135 4136/4136/4136 4142/4142/4142
f 4135/4135/4135 4142/4142/4142 4141/4141/4141
f 4136/4136/4136 4131/4131/4131 4137/4137/4137
f 4136/4136/4136 4137/4137/4137 4142/4142/4142
f 4137/4137/4137 4138/4138/4138 4144/4144/4144
f 4137/4137/4137 4144/4144/4144 4143/4143/4143
f 4138/4138/4138 4139/4139/4139 4145/4145/4145
f 4138/4138/4138 4145/4145/4145 4144/4144/4144
f 4139/4139/4139 4140/4140/4140 4146/4146/4146
f 4139/4139/4139 4146/4146/4146 4145/4145/4145
f 4140/4140/4140 4141/4141/4141 4147/4147/4147
f 4140/4140/4140 4147/4147/4147 4146/4146/4146
f 4141/4141/4141 4142/4142/4142 4148/4148/4148
f 4141/4141/4141 4148/4148/4148 4147/4147/4147
f 4142/4142/4142 4137/4137/4137 4143/4143/4143
f 4142/4142/4142 4143/4143/4143 4148/4148/4148
f 4143/4143/4143 4144/4144/4144 4150/4150/4150
f 4143/4143/4143 4150/4150/4150 4149/4149/4149
f 4144/4144/4144 4145/4145/4145 4151/4151/4151
f 4144/4144/4144 4151/4151/4151 4150/4150/4150
f 4145/4145/4145 4146/4146/4146 4152/4152/4152
f 4145/4145/4145 4152/4152/4152 4151/4151/4151
f 4146/4146/4146 4147/4147/4147 4153/4153/4153
f 4146/4146/4146 4153/4153/4153 4152/4152/4152
f 4147/4147/4147 4148/4148/4148 4154/4154/4154
f 4147/4147/4147 4154/4154/4154 4153/4153/4153
f 4148/4148/4148 4143/4143/4143 4149/4149/4149
f 4148/4148/4148 4149/4149/4149 4154/4154/4154
f 4149/4149/4149 4150/4150/4150 4156/4156/4156
f 4149/4149/4149 4156/4156/4156 4155/4155/4155
f 4150/4150/4150 4151/4151/4151 4157/4157/4157
f 4150/4150/4150 4157/4157/4157 4156/4156/4156
f 4151/4151/4151 4152/4152/4152 4158/4158/4158
f 4151/4151/4151 4158/4158/4158 4157/4157/4157
f 4152/4152/4152 4153/4153/4153 4159/4159/4159
f 4152/4152/4152 4159/4159/4159 4158/4158/4158
f 4153/4153/4153 4154/4154/4154 4160/4160/4160
f 4153/4153/4153 4160/4160/4160 4159/4159/4159
f 4154/4154/4154 4149/4149/4149 4155/4155/4155
f 4154/4154/4154 4155/4155/4155 4160/4160/4160
f 4155/4155/4155 4156/4156/4156 4162/4162/4162
f 4155/4155/4155 4162/4162/4162 4161/4161/4161
f 4156/4156/4156 4157/4157/4157 4163/4163/4163
f 4156/4156/4156 4163/4163/4163 4162/4162/4162
f 4157/4157/4157 4158/4158/4158 4164/4164/4164
f 4157/4157/4157 4164/4164/4164 4163/4163/4163
f 4158/4158/4158 4159/4159/4159 4165/4165/4165
f 4158/4158/4158 4165/4165/4165 4164/4164/4164
f 4159/4159/4159 4160/4160/4160 4166/4166/4166
f 4159/4159/4159 4166/4166/4166 4165/4165/4165
f 4160/4160/4160 4155/4155/4155 4161/4161/4161
f 4160/4160/4160 4161/4161/4161 4166/4166/4166
f 4161/4161/4161 4162/4162/4162 4168/4168/4168
f 4161/4161/4161 4168/4168/4168 4167/4167/4167
f 4162/4162/4162 4163/4163/4163 4169/4169/4169
f 4162/4162/4162 4169/4169/4169 4168/4168/4168
f 4163/4163/4163 4164/4164/4164 4170/4170/4170
f 4163/4163/4163 4170/4170/4170 4169/4169/4169
f 4164/4164/4164 4165/4165/4165 4171/4171/4171
f 4164/4164/4164 4171/4171/4171 4170/4170/4170
f 4165/4165/4165 4166/4166/4166 4172/4172/4172
f 4165/4165/4165 4172/4172/4172 4171/4171/4171
f 4166/4166/4166 4161/4161/4161 4167/4167/4167
f 4166/4166/4166 4167/4167/4167 4172/4172/4172
f 4167/4167/4167 4168/4168/4168 4174/4174/4174
f 4167/4167/4167 4174/4174/4174 4173/4173/4173
f 4168/4168/4168 4169/4169/4169 4175/4175/4175
f 4168/4168/4168 4175/4175/4175 4174/4174/4174
f 4169/4169/4169 4170/4170/4170 4176/4176/4176
f 4169/4169/4169 4176/4176/4176 4175/4175/4175
f 4170/4170/4170 4171/4171/4171 4177/4177/4177
f 4170/4170/4170 4177/4177/4177 4176/4176/4176
f 4171/4171/4171 4172/4172/4172 4178/4178/4178
f 4171/4171/4171 4178/4178/4178 4177/4177/4177
f 4172/4172/4172 4167/4167/4167 4173/4173/4173
f 4172/4172/4172 4173/4173/4173 4178/4178/4178
usemtl Jacket
f 4179/4179/4179 4180/4180/4180 4189/4189/4189
f 4179/4179/4179 4189/4189/4189 4188/4188/4188
f 4180/4180/4180 4181/4181/4181 4190/4190/4190
f 4180/4180/4180 4190/4190/4190 4189/4189/4189
f 4181/4181/4181 4182/4182/4182 4191/4191/4191
f 4181/4181/4181 4191/4191/4191 4190/4190/4190
f 4182/4182/4182 4183/4183/4183 4192/4192/4192
f 4182/4182/4182 4192/4192/4192 4191/4191/4191
f 4183/4183/4183 4184/4184/4184 4193/4193/4193
f 4183/4183/4183 4193/4193/4193 4192/4192/4192
f 4184/4184/4184 4185/4185/4185 4194/4194/4194
f 4184/4184/4184 4194/4194/4194 4193/4193/4193
f 4185/4185/4185 4186/4186/4186 4195/4195/4195
f 4185/4185/4185 4195/4195/4195 4194/4194/4194
f 4186/4186/4186 4187/4187/4187 4196/4196/4196
f 4186/4186/4186 4196/4196/4196 4195/4195/4195
f 4187/4187/4187 4179/4179/4179 4188/4188/4188
f 4187/4187/4187 4188/4188/4188 4196/4196/4196
f 4188/4188/4188 4189/4189/4189 4198/4198/4198
f 4188/4188/4188 4198/4198/4198 4197/4197/4197
f 4189/4189/4189 4190/4190/4190 4199/4199/4199
f 4189/4189/4189 4199/4199/4199 4198/4198/4198
f 4190/4190/4190 4191/4191/4191 4200/4200/4200
f 4190/4190/4190 4200/4200/4200 4199/4199/4199
f 4191/4191/4191 4192/4192/4192 4201/4201/4201
f 4191/4191/4191 4201/4201/4201 4200/4200/4200
f 4192/4192/4192 4193/4193/4193 4202/4202/4202
f 4192/4192/4192 4202/4202/4202 4201/4201/4201
f 4193/4193/4193 4194/4194/4194 4203/4203/4203
f 4193/4193/4193 4203/4203/4203 4202/4202/4202
f 4194/4194/4194 4195/4195/4195 4204/4204/4204
f 4194/4194/4194 4204/4204/4204 4203/4203/4203
f 4195/4195/4195 4196/4196/4196 4205/4205/4205
f 4195/4195/4195 4205/4205/4205 4204/4204/4204
f 4196/4196/4196 4188/4188/4188 4197/4197/4197
f 4196/4196/4196 4197/4197/4197 4205/4205/4205
f 4197/4197/4197 4198/4198/4198 4207/4207/4207
f 4197/4197/4197 4207/4207/4207 4206/4206/4206
f 4198/4198/4198 4199/4199/4199 4208/4208/4208
f 4198/4198/4198 4208/4208/4208 4207/4207/4207
f 4199/4199/4199 4200/4200/4200 4209/4209/4209
f 4199/4199/4199 4209/4209/4209 4208/4208/4208
f 4200/4200/4200 4201/4201/4201 4210/4210/4210
f 4200/4200/4200 4210/4210/4210 4209/4209/4209
f 4201/4201/4201 4202/4202/4202 4211/4211/4211
f 4201/4201/4201 4211/4211/4211 4210/4210/4210
f 4202/4202/4202 4203/4203/4203 4212/4212/4212
f 4202/4202/4202 4212/4212/4212 4211/4211/4211
f 4203/4203/4203 4204/4204/4204 4213/4213/4213
f 4203/4203/4203 4213/4213/4213 4212/4212/4212
f 4204/4204/4204 4205/4205/4205 4214/4214/4214
f 4204/4204/4204 4214/4214/4214 4213/4213/4213
f 4205/4205/4205 4197/4197/4197 4206/4206/4206
f 4205/4205/4205 4206/4206/4206 4214/4214/4214
f 4206/4206/4206 4207/4207/4207 4216/4216/4216
f 4206/4206/4206 4216/4216/4216 4215/4215/4215
f 4207/4207/4207 4208/4208/4208 4217/4217/4217
f 4207/4207/4207 4217/4217/4217 4216/4216/4216
f 4208/4208/4208 4209/4209/4209 4218/4218/4218
f 4208/4208/4208 4218/4218/4218 4217/4217/4217
f 4209/4209/4209 4210/4210/4210 4219/4219/4219
f 4209/4209/4209 4219/4219/4219 4218/4218/4218
f 4210/4210/4210 4211/4211/4211 4220/4220/4220
f 4210/4210/4210 4220/4220/4220 4219/4219/4219
f 4211/4211/4211 4212/4212/4212 4221/4221/4221
f 4211/4211/4211 4221/4221/4221 4220/4220/4220
f 4212/4212/4212 4213/4213/4213 4222/4222/4222
f 4212/4212/4212 4222/4222/4222 4221/4221/4221
f 4213/4213/4213 4214/4214/4214 4223/4223/4223
f 4213/4213/4213 4223/4223/4223 4222/4222/4222
f 4214/4214/4214 4206/4206/4206 4215/4215/4215
f 4214/4214/4214 4215/4215/4215 4223/4223/4223
f 4215/4215/4215 4216/4216/4216 4225/4225/4225
f 4215/4215/4215 4225/4225/4225 4224/4224/4224
f 4216/4216/4216 4217/4217/4217 4226/4226/4226
f 4216/4216/4216 4226/4226/4226 4225/4225/4225
f 4217/4217/4217 4218/4218/4218 4227/4227/4227
f 4217/4217/4217 4227/4227/4227 4226/4226/4226
f 4218/4218/4218 4219/4219/4219 4228/4228/4228
f 4218/4218/4218 4228/4228/4228 4227/4227/4227
f 4219/4219/4219 4220/4220/4220 4229/4229/4229
f 4219/4219/4219 4229/4229/4229 4228/4228/4228
f 4220/4220/4220 4221/4221/4221 4230/4230/4230
f 4220/4220/4220 4230/4230/4230 4229/4229/4229
f 4221/4221/4221 4222/4222/4222 4231/4231/4231
f 4221/4221/4221 4231/4231/4231 4230/4230/4230
f 4222/4222/4222 4223/4223/4223 4232/4232/4232
f 4222/4222/4222 4232/4232/4232 4231/4231/4231
f 4223/4223/4223 4215/4215/4215 4224/4224/4224
f 4223/4223/4223 4224/4224/4224 4232/4232/4232
f 4224/4224/4224 4225/4225/4225 4234/4234/4234
f 4224/4224/4224 4234/4234/4234 4233/4233/4233
f 4225/4225/4225 4226/4226/4226 4235/4235/4235
f 4225/4225/4225 4235/4235/4235 4234/4234/4234
f 4226/4226/4226 4227/4227/4227 4236/4236/4236
f 4226/4226/4226 4236/4236/4236 4235/4235/4235
f 4227/4227/4227 4228/4228/4228 4237/4237/4237
f 4227/4227/4227 4237/4237/4237 4236/4236/4236
f 4228/4228/4228 4229/4229/4229 4238/4238/4238
f 4228/4228/4228 4238/4238/4238 4237/4237/4237
f 4229/4229/4229 4230/4230/4230 4239/4239/4239
f 4229/4229/4229 4239/4239/4239 4238/4238/4238
f 4230/4230/4230 4231/4231/4231 4240/4240/4240
f 4230/4230/4230 4240/4240/4240 4239/4239/4239
f 4231/4231/4231 4232/4232/4232 4241/4241/4241
f 4231/4231/4231 4241/4241/4241 4240/4240/4240
f 4232/4232/4232 4224/4224/4224 4233/4233/4233
f 4232/4232/4232 4233/4233/4233 4241/4241/4241
f 4233/4233/4233 4234/4234/4234 4243/4243/4243
f 4233/4233/4233 4243/4243/4243 4242/4242/4242
f 4234/4234/4234 4235/4235/4235 4244/4244/4244
f 4234/4234/4234 4244/4244/4244 4243/4243/4243
f 4235/4235/4235 4236/4236/4236 4245/4245/4245
f 4235/4235/4235 4245/4245/4245 4244/4244/4244
f 4236/4236/4236 4237/4237/4237 4246/4246/4246
f 4236/4236/4236 4246/4246/4246 4245/4245/4245
f 4237/4237/4237 4238/4238/4238 4247/4247/4247
f 4237/4237/4237 4247/4247/4247 4246/4246/4246
f 4238/4238/4238 4239/4239/4239 4248/4248/4248
f 4238/4238/4238 4248/4248/4248 4247/4247/4247
f 4239/4239/4239 4240/4240/4240 4249/4249/4249
f 4239/4239/4239 4249/4249/4249 4248/4248/4248
f 4240/4240/4240 4241/4241/4241 4250/4250/4250
f 4240/4240/4240 4250/4250/4250 4249/4249/4249
f 4241/4241/4241 4233/4233/4233 4242/4242/4242
f 4241/4241/4241 4242/4242/4242 4250/4250/4250
usemtl Jacket
f 4251/4251/4251 4252/4252/4252 4260/4260/4260
f 4251/4251/4251 4260/4260/4260 4259/4259/4259
f 4252/4252/4252 4253/4253/4253 4261/4261/4261
f 4252/4252/4252 4261/4261/4261 4260/4260/4260
f 4253/4253/4253 4254/4254/4254 4262/4262/4262
f 4253/4253/4253 4262/4262/4262 4261/4261/4261
f 4254/4254/4254 4255/4255/4255 4263/4263/4263
f 4254/4254/4254 4263/4263/4263 4262/4262/4262
f 4255/4255/4255 4256/4256/4256 4264/4264/4264
f 4255/4255/4255 4264/4264/4264 4263/4263/4263
f 4256/4256/4256 4257/4257/4257 4265/4265/4265
f 4256/4256/4256 4265/4265/4265 4264/4264/4264
f 4257/4257/4257 4258/4258/4258 4266/4266/4266
f 4257/4257/4257 4266/4266/4266 4265/4265/4265
f 4258/4258/4258 4251/4251/4251 4259/4259/4259
f 4258/4258/4258 4259/4259/4259 4266/4266/4266
f 4259/4259/4259 4260/4260/4260 4268/4268/4268
f 4259/4259/4259 4268/4268/4268 4267/4267/4267
f 4260/4260/4260 4261/4261/4261 4269/4269/4269
f 4260/4260/4260 4269/4269/4269 4268/4268/4268
f 4261/4261/4261 4262/4262/4262 4270/4270/4270
f 4261/4261/4261 4270/4270/4270 4269/4269/4269
f 4262/4262/4262 4263/4263/4263 4271/4271/4271
f 4262/4262/4262 4271/4271/4271 4270/4270/4270
f 4263/4263/4263 4264/4264/4264 4272/4272/4272
f 4263/4263/4263 4272/4272/4272 4271/4271/4271
f 4264/4264/4264 4265/4265/4265 4273/4273/4273
f 4264/4264/4264 4273/4273/4273 4272/4272/4272
f 4265/4265/4265 4266/4266/4266 4274/4274/4274
f 4265/4265/4265 4274/4274/4274 4273/4273/4273
f 4266/4266/4266 4259/4259/4259 4267/4267/4267
f 4266/4266/4266 4267/4267/4267 4274/4274/4274
f 4267/4267/4267 4268/4268/4268 4276/4276/4276
f 4267/4267/4267 4276/4276/4276 4275/4275/4275
f 4268/4268/4268 4269/4269/4269 4277/4277/4277
f 4268/4268/4268 4277/4277/4277 4276/4276/4276
f 4269/4269/4269 4270/4270/4270 4278/4278/4278
f 4269/4269/4269 4278/4278/4278 4277/4277/4277
f 4270/4270/4270 4271/4271/4271 4279/4279/4279
f 4270/4270/4270 4279/4279/4279 4278/4278/4278
f 4271/4271/4271 4272/4272/4272 4280/4280/4280
f 4271/4271/4271 4280/4280/4280 4279/4279/4279
f 4272/4272/4272 4273/4273/4273 4281/4281/4281
f 4272/4272/4272 4281/4281/4281 4280/4280/4280
f 4273/4273/4273 4274/4274/4274 4282/4282/4282
f 4273/4273/4273 4282/4282/4282 4281/4281/4281
f 4274/4274/4274 4267/4267/4267 4275/4275/4275
f 4274/4274/4274 4275/4275/4275 4282/4282/4282
f 4275/4275/4275 4276/4276/4276 4284/4284/4284
f 4275/4275/4275 4284/4284/4284 4283/4283/4283
f 4276/4276/4276 4277/4277/4277 4285/4285/4285
f 4276/4276/4276 4285/4285/4285 4284/4284/4284
f 4277/4277/4277 4278/4278/4278 4286/4286/4286
f 4277/4277/4277 4286/4286/4286 4285/4285/4285
f 4278/4278/4278 4279/4279/4279 4287/4287/4287
f 4278/4278/4278 4287/4287/4287 4286/4286/4286
f 4279/4279/4279 4280/4280/4280 4288/4288/4288
f 4279/4279/4279 4288/4288/4288 4287/4287/4287
f 4280/4280/4280 4281/4281/4281 4289/4289/4289
f 4280/4280/4280 4289/4289/4289 4288/4288/4288
f 4281/4281/4281 4282/4282/4282 4290/4290/4290
f 4281/4281/4281 4290/4290/4290 4289/4289/4289
f 4282/4282/4282 4275/4275/4275 4283/4283/4283
f 4282/4282/4282 4283/4283/4283 4290/4290/4290
f 4283/4283/4283 4284/4284/4284 4292/4292/4292
f 4283/4283/4283 4292/4292/4292 4291/4291/4291
f 4284/4284/4284 4285/4285/4285 4293/4293/4293
f 4284/4284/4284 4293/4293/4293 4292/4292/4292
f 4285/4285/4285 4286/4286/4286 4294/4294/4294
f 4285/4285/4285 4294/4294/4294 4293/4293/4293
f 4286/4286/4286 4287/4287/4287 4295/4295/4295
f 4286/4286/4286 4295/4295/4295 4294/4294/4294
f 4287/4287/4287 4288/4288/4288 4296/4296/4296
f 4287/4287/4287 4296/4296/4296 4295/4295/4295
f 4288/4288/4288 4289/4289/4289 4297/4297/4297
f 4288/4288/4288 4297/4297/4297 4296/4296/4296
f 4289/4289/4289 4290/4290/4290 4298/4298/4298
f 4289/4289/4289 4298/4298/4298 4297/4297/4297
f 4290/4290/4290 4283/4283/4283 4291/4291/4291
f 4290/4290/4290 4291/4291/4291 4298/4298/4298
f 4291/4291/4291 4292/4292/4292 4300/4300/4300
f 4291/4291/4291 4300/4300/4300 4299/4299/4299
f 4292/4292/4292 4293/4293/4293 4301/4301/4301
f 4292/4292/4292 4301/4301/4301 4300/4300/4300
f 4293/4293/4293 4294/4294/4294 4302/4302/4302
f 4293/4293/4293 4302/4302/4302 4301/4301/4301
f 4294/4294/4294 4295/4295/4295 4303/4303/4303
f 4294/4294/4294 4303/4303/4303 4302/4302/4302
f 4295/4295/4295 4296/4296/4296 4304/4304/4304
f 4295/4295/4295 4304/4304/4304 4303/4303/4303
f 4296/4296/4296 4297/4297/4297 4305/4305/4305
f 4296/4296/4296 4305/4305/4305 4304/4304/4304
f 4297/4297/4297 4298/4298/4298 4306/4306/4306
f 4297/4297/4297 4306/4306/4306 4305/4305/4305
f 4298/4298/4298 4291/4291/4291 4299/4299/4299
f 4298/4298/4298 4299/4299/4299 4306/4306/4306
f 4299/4299/4299 4300/4300/4300 4308/4308/4308
f 4299/4299/4299 4308/4308/4308 4307/4307/4307
f 4300/4300/4300 4301/4301/4301 4309/4309/4309
f 4300/4300/4300 4309/4309/4309 4308/4308/4308
f 4301/4301/4301 4302/4302/4302 4310/4310/4310
f 4301/4301/4301 4310/4310/4310 4309/4309/4309
f 4302/4302/4302 4303/4303/4303 4311/4311/4311
f 4302/4302/4302 4311/4311/4311 4310/4310/4310
f 4303/4303/4303 4304/4304/4304 4312/4312/4312
f 4303/4303/4303 4312/4312/4312 4311/4311/4311
f 4304/4304/4304 4305/4305/4305 4313/4313/4313
f 4304/4304/4304 4313/4313/4313 4312/4312/4312
f 4305/4305/4305 4306/4306/4306 4314/4314/4314
f 4305/4305/4305 4314/4314/4314 4313/4313/4313
f 4306/4306/4306 4299/4299/4299 4307/4307/4307
f 4306/4306/4306 4307/4307/4307 4314/4314/4314
f 4307/4307/4307 4308/4308/4308 4316/4316/4316
f 4307/4307/4307 4316/4316/4316 4315/4315/4315
f 4308/4308/4308 4309/4309/4309 4317/4317/4317
f 4308/4308/4308 4317/4317/4317 4316/4316/4316
f 4309/4309/4309 4310/4310/4310 4318/4318/4318
f 4309/4309/4309 4318/4318/4318 4317/4317/4317
f 4310/4310/4310 4311/4311/4311 4319/4319/4319
f 4310/4310/4310 4319/4319/4319 4318/4318/4318
f 4311/4311/4311 4312/4312/4312 4320/4320/4320
f 4311/4311/4311 4320/4320/4320 4319/4319/4319
f 4312/4312/4312 4313/4313/4313 4321/4321/4321
f 4312/4312/4312 4321/4321/4321 4320/4320/4320
f 4313/4313/4313 4314/4314/4314 4322/4322/4322
f 4313/4313/4313 4322/4322/4322 4321/4321/4321
f 4314/4314/4314 4307/4307/4307 4315/4315/4315
f 4314/4314/4314 4315/4315/4315 4322/4322/4322
f 4315/4315/4315 4316/4316/4316 4324/4324/4324
f 4315/4315/4315 4324/4324/4324 4323/4323/4323
f 4316/4316/4316 4317/4317/4317 4325/4325/4325
f 4316/4316/4316 4325/4325/4325 4324/4324/4324
f 4317/4317/4317 4318/4318/4318 4326/4326/4326
f 4317/4317/4317 4326/4326/4326 4325/4325/4325
f 4318/4318/4318 4319/4319/4319 4327/4327/4327
f 4318/4318/4318 4327/4327/4327 4326/4326/4326
f 4319/4319/4319 4320/4320/4320 4328/4328/4328
f 4319/4319/4319 4328/4328/4328 4327/4327/4327
f 4320/4320/4320 4321/4321/4321 4329/4329/4329
f 4320/4320/4320 4329/4329/4329 4328/4328/4328
f 4321/4321/4321 4322/4322/4322 4330/4330/4330
f 4321/4321/4321 4330/4330/4330 4329/4329/4329
f 4322/4322/4322 4315/4315/4315 4323/4323/4323
f 4322/4322/4322 4323/4323/4323 4330/4330/4330
f 4323/4323/4323 4324/4324/4324 4332/4332/4332
f 4323/4323/4323 4332/4332/4332 4331/4331/4331
f 4324/4324/4324 4325/4325/4325 4333/4333/4333
f 4324/4324/4324 4333/4333/4333 4332/4332/4332
f 4325/4325/4325 4326/4326/4326 4334/4334/4334
f 4325/4325/4325 4334/4334/4334 4333/4333/4333
f 4326/4326/4326 4327/4327/4327 4335/4335/4335
f 4326/4326/4326 4335/4335/4335 4334/4334/4334
f 4327/4327/4327 4328/4328/4328 4336/4336/4336
f 4327/4327/4327 4336/4336/4336 4335/4335/4335
f 4328/4328/4328 4329/4329/4329 4337/4337/4337
f 4328/4328/4328 4337/4337/4337 4336/4336/4336
f 4329/4329/4329 4330/4330/4330 4338/4338/4338
f 4329/4329/4329 4338/4338/4338 4337/4337/4337
f 4330/4330/4330 4323/4323/4323 4331/4331/4331
f 4330/4330/4330 4331/4331/4331 4338/4338/4338
f 4331/4331/4331 4332/4332/4332 4340/4340/4340
f 4331/4331/4331 4340/4340/4340 4339/4339/4339
f 4332/4332/4332 4333/4333/4333 4341/4341/4341
f 4332/4332/4332 4341/4341/4341 4340/4340/4340
f 4333/4333/4333 4334/4334/4334 4342/4342/4342
f 4333/4333/4333 4342/4342/4342 4341/4341/4341
f 4334/4334/4334 4335/4335/4335 4343/4343/4343
f 4334/4334/4334 4343/4343/4343 4342/4342/4342
f 4335/4335/4335 4336/4336/4336 4344/4344/4344
f 4335/4335/4335 4344/4344/4344 4343/4343/4343
f 4336/4336/4336 4337/4337/4337 4345/4345/4345
f 4336/4336/4336 4345/4345/4345 4344/4344/4344
f 4337/4337/4337 4338/4338/4338 4346/4346/4346
f 4337/4337/4337 4346/4346/4346 4345/4345/4345
f 4338/4338/4338 4331/4331/4331 4339/4339/4339
f 4338/4338/4338 4339/4339/4339 4346/4346/4346
f 4339/4339/4339 4340/4340/4340 4348/4348/4348
f 4339/4339/4339 4348/4348/4348 4347/4347/4347
f 4340/4340/4340 4341/4341/4341 4349/4349/4349
f 4340/4340/4340 4349/4349/4349 4348/4348/4348
f 4341/4341/4341 4342/4342/4342 4350/4350/4350
f 4341/4341/4341 4350/4350/4350 4349/4349/4349
f 4342/4342/4342 4343/4343/4343 4351/4351/4351
f 4342/4342/4342 4351/4351/4351 4350/4350/4350
f 4343/4343/4343 4344/4344/4344 4352/4352/4352
f 4343/4343/4343 4352/4352/4352 4351/4351/4351
f 4344/4344/4344 4345/4345/4345 4353/4353/4353
f 4344/4344/4344 4353/4353/4353 4352/4352/4352
f 4345/4345/4345 4346/4346/4346 4354/4354/4354
f 4345/4345/4345 4354/4354/4354 4353/4353/4353
f 4346/4346/4346 4339/4339/4339 4347/4347/4347
f 4346/4346/4346 4347/4347/4347 4354/4354/4354
usemtl Jacket
f 4355/4355/4355 4356/4356/4356 4364/4364/4364
f 4355/4355/4355 4364/4364/4364 4363/4363/4363
f 4356/4356/4356 4357/4357/4357 4365/4365/4365
f 4356/4356/4356 4365/4365/4365 4364/4364/4364
f 4357/4357/4357 4358/4358/4358 4366/4366/4366
f 4357/4357/4357 4366/4366/4366 4365/4365/4365
f 4358/4358/4358 4359/4359/4359 4367/4367/4367
f 4358/4358/4358 4367/4367/4367 4366/4366/4366
f 4359/4359/4359 4360/4360/4360 4368/4368/4368
f 4359/4359/4359 4368/4368/4368 4367/4367/4367
f 4360/4360/4360 4361/4361/4361 4369/4369/4369
f 4360/4360/4360 4369/4369/4369 4368/4368/4368
f 4361/4361/4361 4362/4362/4362 4370/4370/4370
f 4361/4361/4361 4370/4370/4370 4369/4369/4369
f 4362/4362/4362 4355/4355/4355 4363/4363/4363
f 4362/4362/4362 4363/4363/4363 4370/4370/4370
f 4363/4363/4363 4364/4364/4364 4372/4372/4372
f 4363/4363/4363 4372/4372/4372 4371/4371/4371
f 4364/4364/4364 4365/4365/4365 4373/4373/4373
f 4364/4364/4364 4373/4373/4373 4372/4372/4372
f 4365/4365/4365 4366/4366/4366 4374/4374/4374
f 4365/4365/4365 4374/4374/4374 4373/4373/4373
f 4366/4366/4366 4367/4367/4367 4375/4375/4375
f 4366/4366/4366 4375/4375/4375 4374/4374/4374
f 4367/4367/4367 4368/4368/4368 4376/4376/4376
f 4367/4367/4367 4376/4376/4376 4375/4375/4375
f 4368/4368/4368 4369/4369/4369 4377/4377/4377
f 4368/4368/4368 4377/4377/4377 4376/4376/4376
f 4369/4369/4369 4370/4370/4370 4378/4378/4378
f 4369/4369/4369 4378/4378/4378 4377/4377/4377
f 4370/4370/4370 4363/4363/4363 4371/4371/4371
f 4370/4370/4370 4371/4371/4371 4378/4378/4378
f 4371/4371/4371 4372/4372/4372 4380/4380/4380
f 4371/4371/4371 4380/4380/4380 4379/4379/4379
f 4372/4372/4372 4373/4373/4373 4381/4381/4381
f 4372/4372/4372 4381/4381/4381 4380/4380/4380
f 4373/4373/4373 4374/4374/4374 4382/4382/4382
f 4373/4373/4373 4382/4382/4382 4381/4381/4381
f 4374/4374/4374 4375/4375/4375 4383/4383/4383
f 4374/4374/4374 4383/4383/4383 4382/4382/4382
f 4375/4375/4375 4376/4376/4376 4384/4384/4384
f 4375/4375/4375 4384/4384/4384 4383/4383/4383
f 4376/4376/4376 4377/4377/4377 4385/4385/4385
f 4376/4376/4376 4385/4385/4385 4384/4384/4384
f 4377/4377/4377 4378/4378/4378 4386/4386/4386
f 4377/4377/4377 4386/4386/4386 4385/4385/4385
f 4378/4378/4378 4371/4371/4371 4379/4379/4379
f 4378/4378/4378 4379/4379/4379 4386/4386/4386
f 4379/4379/4379 4380/4380/4380 4388/4388/4388
f 4379/4379/4379 4388/4388/4388 4387/4387/4387
f 4380/4380/4380 4381/4381/4381 4389/4389/4389
f 4380/4380/4380 4389/4389/4389 4388/4388/4388
f 4381/4381/4381 4382/4382/4382 4390/4390/4390
f 4381/4381/4381 4390/4390/4390 4389/4389/4389
f 4382/4382/4382 4383/4383/4383 4391/4391/4391
f 4382/4382/4382 4391/4391/4391 4390/4390/4390
f 4383/4383/4383 4384/4384/4384 4392/4392/4392
f 4383/4383/4383 4392/4392/4392 4391/4391/4391
f 4384/4384/4384 4385/4385/4385 4393/4393/4393
f 4384/4384/4384 4393/4393/4393 4392/4392/4392
f 4385/4385/4385 4386/4386/4386 4394/4394/4394
f 4385/4385/4385 4394/4394/4394 4393/4393/4393
f 4386/4386/4386 4379/4379/4379 4387/4387/4387
f 4386/4386/4386 4387/4387/4387 4394/4394/4394
f 4387/4387/4387 4388/4388/4388 4396/4396/4396
f 4387/4387/4387 4396/4396/4396 4395/4395/4395
f 4388/4388/4388 4389/4389/4389 4397/4397/4397
f 4388/4388/4388 4397/4397/4397 4396/4396/4396
f 4389/4389/4389 4390/4390/4390 4398/4398/4398
f 4389/4389/4389 4398/4398/4398 4397/4397/4397
f 4390/4390/4390 4391/4391/4391 4399/4399/4399
f 4390/4390/4390 4399/4399/4399 4398/4398/4398
f 4391/4391/4391 4392/4392/4392 4400/4400/4400
f 4391/4391/4391 4400/4400/4400 4399/4399/4399
f 4392/4392/4392 4393/4393/4393 4401/4401/4401
f 4392/4392/4392 4401/4401/4401 4400/4400/4400
f 4393/4393/4393 4394/4394/4394 4402/4402/4402
f 4393/4393/4393 4402/4402/4402 4401/4401/4401
f 4394/4394/4394 4387/4387/4387 4395/4395/4395
f 4394/4394/4394 4395/4395/4395 4402/4402/4402
f 4395/4395/4395 4396/4396/4396 4404/4404/4404
f 4395/4395/4395 4404/4404/4404 4403/4403/4403
f 4396/4396/4396 4397/4397/4397 4405/4405/4405
f 4396/4396/4396 4405/4405/4405 4404/4404/4404
f 4397/4397/4397 4398/4398/4398 4406/4406/4406
f 4397/4397/4397 4406/4406/4406 4405/4405/4405
f 4398/4398/4398 4399/4399/4399 4407/4407/4407
f 4398/4398/4398 4407/4407/4407 4406/4406/4406
f 4399/4399/4399 4400/4400/4400 4408/4408/4408
f 4399/4399/4399 4408/4408/4408 4407/4407/4407
f 4400/4400/4400 4401/4401/4401 4409/4409/4409
f 4400/4400/4400 4409/4409/4409 4408/4408/4408
f 4401/4401/4401 4402/4402/4402 4410/4410/4410
f 4401/4401/4401 4410/4410/4410 4409/4409/4409
f 4402/4402/4402 4395/4395/4395 4403/4403/4403
f 4402/4402/4402 4403/4403/4403 4410/4410/4410
f 4403/4403/4403 4404/4404/4404 4412/4412/4412
f 4403/4403/4403 4412/4412/4412 4411/4411/4411
f 4404/4404/4404 4405/4405/4405 4413/4413/4413
f 4404/4404/4404 4413/4413/4413 4412/4412/4412
f 4405/4405/4405 4406/4406/4406 4414/4414/4414
f 4405/4405/4405 4414/4414/4414 4413/4413/4413
f 4406/4406/4406 4407/4407/4407 4415/4415/4415
f 4406/4406/4406 4415/4415/4415 4414/4414/4414
f 4407/4407/4407 4408/4408/4408 4416/4416/4416
f 4407/4407/4407 4416/4416/4416 4415/4415/4415
f 4408/4408/4408 4409/4409/4409 4417/4417/4417
f 4408/4408/4408 4417/4417/4417 4416/4416/4416
f 4409/4409/4409 4410/4410/4410 4418/4418/4418
f 4409/4409/4409 4418/4418/4418 4417/4417/4417
f 4410/4410/4410 4403/4403/4403 4411/4411/4411
f 4410/4410/4410 4411/4411/4411 4418/4418/4418
f 4411/4411/4411 4412/4412/4412 4420/4420/4420
f 4411/4411/4411 4420/4420/4420 4419/4419/4419
f 4412/4412/4412 4413/4413/4413 4421/4421/4421
f 4412/4412/4412 4421/4421/4421 4420/4420/4420
f 4413/4413/4413 4414/4414/4414 4422/4422/4422
f 4413/4413/4413 4422/4422/4422 4421/4421/4421
f 4414/4414/4414 4415/4415/4415 4423/4423/4423
f 4414/4414/4414 4423/4423/4423 4422/4422/4422
f 4415/4415/4415 4416/4416/4416 4424/4424/4424
f 4415/4415/4415 4424/4424/4424 4423/4423/4423
f 4416/4416/4416 4417/4417/4417 4425/4425/4425
f 4416/4416/4416 4425/4425/4425 4424/4424/4424
f 4417/4417/4417 4418/4418/4418 4426/4426/4426
f 4417/4417/4417 4426/4426/4426 4425/4425/4425
f 4418/4418/4418 4411/4411/4411 4419/4419/4419
f 4418/4418/4418 4419/4419/4419 4426/4426/4426
f 4419/4419/4419 4420/4420/4420 4428/4428/4428
f 4419/4419/4419 4428/4428/4428 4427/4427/4427
f 4420/4420/4420 4421/4421/4421 4429/4429/4429
f 4420/4420/4420 4429/4429/4429 4428/4428/4428
f 4421/4421/4421 4422/4422/4422 4430/4430/4430
f 4421/4421/4421 4430/4430/4430 4429/4429/4429
f 4422/4422/4422 4423/4423/4423 4431/4431/4431
f 4422/4422/4422 4431/4431/4431 4430/4430/4430
f 4423/4423/4423 4424/4424/4424 4432/4432/4432
f 4423/4423/4423 4432/4432/4432 4431/4431/4431
f 4424/4424/4424 4425/4425/4425 4433/4433/4433
f 4424/4424/4424 4433/4433/4433 4432/4432/4432
f 4425/4425/4425 4426/4426/4426 4434/4434/4434
f 4425/4425/4425 4434/4434/4434 4433/4433/4433
f 4426/4426/4426 4419/4419/4419 4427/4427/4427
f 4426/4426/4426 4427/4427/4427 4434/4434/4434
f 4427/4427/4427 4428/4428/4428 4436/4436/4436
f 4427/4427/4427 4436/4436/4436 4435/4435/4435
f 4428/4428/4428 4429/4429/4429 4437/4437/4437
f 4428/4428/4428 4437/4437/4437 4436/4436/4436
f 4429/4429/4429 4430/4430/4430 4438/4438/4438
f 4429/4429/4429 4438/4438/4438 4437/4437/4437
f 4430/4430/4430 4431/4431/4431 4439/4439/4439
f 4430/4430/4430 4439/4439/4439 4438/4438/4438
f 4431/4431/4431 4432/4432/4432 4440/4440/4440
f 4431/4431/4431 4440/4440/4440 4439/4439/4439
f 4432/4432/4432 4433/4433/4433 4441/4441/4441
f 4432/4432/4432 4441/4441/4441 4440/4440/4440
f 4433/4433/4433 4434/4434/4434 4442/4442/4442
f 4433/4433/4433 4442/4442/4442 4441/4441/4441
f 4434/4434/4434 4427/4427/4427 4435/4435/4435
f 4434/4434/4434 4435/4435/4435 4442/4442/4442
f 4435/4435/4435 4436/4436/4436 4444/4444/4444
f 4435/4435/4435 4444/4444/4444 4443/4443/4443
f 4436/4436/4436 4437/4437/4437 4445/4445/4445
f 4436/4436/4436 4445/4445/4445 4444/4444/4444
f 4437/4437/4437 4438/4438/4438 4446/4446/4446
f 4437/4437/4437 4446/4446/4446 4445/4445/4445
f 4438/4438/4438 4439/4439/4439 4447/4447/4447
f 4438/4438/4438 4447/4447/4447 4446/4446/4446
f 4439/4439/4439 4440/4440/4440 4448/4448/4448
f 4439/4439/4439 4448/4448/4448 4447/4447/4447
f 4440/4440/4440 4441/4441/4441 4449/4449/4449
f 4440/4440/4440 4449/4449/4449 4448/4448/4448
f 4441/4441/4441 4442/4442/4442 4450/4450/4450
f 4441/4441/4441 4450/4450/4450 4449/4449/4449
f 4442/4442/4442 4435/4435/4435 4443/4443/4443
f 4442/4442/4442 4443/4443/4443 4450/4450/4450
f 4443/4443/4443 4444/4444/4444 4452/4452/4452
f 4443/4443/4443 4452/4452/4452 4451/4451/4451
f 4444/4444/4444 4445/4445/4445 4453/4453/4453
f 4444/4444/4444 4453/4453/4453 4452/4452/4452
f 4445/4445/4445 4446/4446/4446 4454/4454/4454
f 4445/4445/4445 4454/4454/4454 4453/4453/4453
f 4446/4446/4446 4447/4447/4447 4455/4455/4455
f 4446/4446/4446 4455/4455/4455 4454/4454/4454
f 4447/4447/4447 4448/4448/4448 4456/4456/4456
f 4447/4447/4447 4456/4456/4456 4455/4455/4455
f 4448/4448/4448 4449/4449/4449 4457/4457/4457
f 4448/4448/4448 4457/4457/4457 4456/4456/4456
f 4449/4449/4449 4450/4450/4450 4458/4458/4458
f 4449/4449/4449 4458/4458/4458 4457/4457/4457
f 4450/4450/4450 4443/4443/4443 4451/4451/4451
f 4450/4450/4450 4451/4451/4451 4458/4458/4458
f 4451/4451/4451 4452/4452/4452 4460/4460/4460
f 4451/4451/4451 4460/4460/4460 4459/4459/4459
f 4452/4452/4452 4453/4453/4453 4461/4461/4461
f 4452/4452/4452 4461/4461/4461 4460/4460/4460
f 4453/4453/4453 4454/4454/4454 4462/4462/4462
f 4453/4453/4453 4462/4462/4462 4461/4461/4461
f 4454/4454/4454 4455/4455/4455 4463/4463/4463
f 4454/4454/4454 4463/4463/4463 4462/4462/4462
f 4455/4455/4455 4456/4456/4456 4464/4464/4464
f 4455/4455/4455 4464/4464/4464 4463/4463/4463
f 4456/4456/4456 4457/4457/4457 4465/4465/4465
f 4456/4456/4456 4465/4465/4465 4464/4464/4464
f 4457/4457/4457 4458/4458/4458 4466/4466/4466
f 4457/4457/4457 4466/4466/4466 4465/4465/4465
f 4458/4458/4458 4451/4451/4451 4459/4459/4459
f 4458/4458/4458 4459/4459/4459 4466/4466/4466
usemtl Skin
f 4467/4467/4467 4468/4468/4468 4478/4478/4478
f 4467/4467/4467 4478/4478/4478 4477/4477/4477
f 4468/4468/4468 4469/4469/4469 4479/4479/4479
f 4468/4468/4468 4479/4479/4479 4478/4478/4478
f 4469/4469/4469 4470/4470/4470 4480/4480/4480
f 4469/4469/4469 4480/4480/4480 4479/4479/4479
f 4470/4470/4470 4471/4471/4471 4481/4481/4481
f 4470/4470/4470 4481/4481/4481 4480/4480/4480
f 4471/4471/4471 4472/4472/4472 4482/4482/4482
f 4471/4471/4471 4482/4482/4482 4481/4481/4481
f 4472/4472/4472 4473/4473/4473 4483/4483/4483
f 4472/4472/4472 4483/4483/4483 4482/4482/4482
f 4473/4473/4473 4474/4474/4474 4484/4484/4484
f 4473/4473/4473 4484/4484/4484 4483/4483/4483
f 4474/4474/4474 4475/4475/4475 4485/4485/4485
f 4474/4474/4474 4485/4485/4485 4484/4484/4484
f 4475/4475/4475 4476/4476/4476 4486/4486/4486
f 4475/4475/4475 4486/4486/4486 4485/4485/4485
f 4476/4476/4476 4467/4467/4467 4477/4477/4477
f 4476/4476/4476 4477/4477/4477 4486/4486/4486
f 4477/4477/4477 4478/4478/4478 4488/4488/4488
f 4477/4477/4477 4488/4488/4488 4487/4487/4487
f 4478/4478/4478 4479/4479/4479 4489/4489/4489
f 4478/4478/4478 4489/4489/4489 4488/4488/4488
f 4479/4479/4479 4480/4480/4480 4490/4490/4490
f 4479/4479/4479 4490/4490/4490 4489/4489/4489
f 4480/4480/4480 4481/4481/4481 4491/4491/4491
f 4480/4480/4480 4491/4491/4491 4490/4490/4490
f 4481/4481/4481 4482/4482/4482 4492/4492/4492
f 4481/4481/4481 4492/4492/4492 4491/4491/4491
f 4482/4482/4482 4483/4483/4483 4493/4493/4493
f 4482/4482/4482 4493/4493/4493 4492/4492/4492
f 4483/4483/4483 4484/4484/4484 4494/4494/4494
f 4483/4483/4483 4494/4494/4494 4493/4493/4493
f 4484/4484/4484 4485/4485/4485 4495/4495/4495
f 4484/4484/4484 4495/4495/4495 4494/4494/4494
f 4485/4485/4485 4486/4486/4486 4496/4496/4496
f 4485/4485/4485 4496/4496/4496 4495/4495/4495
f 4486/4486/4486 4477/4477/4477 4487/4487/4487
f 4486/4486/4486 4487/4487/4487 4496/4496/4496
f 4487/4487/4487 4488/4488/4488 4498/4498/4498
f 4487/4487/4487 4498/4498/4498 4497/4497/4497
f 4488/4488/4488 4489/4489/4489 4499/4499/4499
f 4488/4488/4488 4499/4499/4499 4498/4498/4498
f 4489/4489/4489 4490/4490/4490 4500/4500/4500
f 4489/4489/4489 4500/4500/4500 4499/4499/4499
f 4490/4490/4490 4491/4491/4491 4501/4501/4501
f 4490/4490/4490 4501/4501/4501 4500/4500/4500
f 4491/4491/4491 4492/4492/4492 4502/4502/4502
f 4491/4491/4491 4502/4502/4502 4501/4501/4501
f 4492/4492/4492 4493/4493/4493 4503/4503/4503
f 4492/4492/4492 4503/4503/4503 4502/4502/4502
f 4493/4493/4493 4494/4494/4494 4504/4504/4504
f 4493/4493/4493 4504/4504/4504 4503/4503/4503
f 4494/4494/4494 4495/4495/4495 4505/4505/4505
f 4494/4494/4494 4505/4505/4505 4504/4504/4504
f 4495/4495/4495 4496/4496/4496 4506/4506/4506
f 4495/4495/4495 4506/4506/4506 4505/4505/4505
f 4496/4496/4496 4487/4487/4487 4497/4497/4497
f 4496/4496/4496 4497/4497/4497 4506/4506/4506
f 4497/4497/4497 4498/4498/4498 4508/4508/4508
f 4497/4497/4497 4508/4508/4508 4507/4507/4507
f 4498/4498/4498 4499/4499/4499 4509/4509/4509
f 4498/4498/4498 4509/4509/4509 4508/4508/4508
f 4499/4499/4499 4500/4500/4500 4510/4510/4510
f 4499/4499/4499 4510/4510/4510 4509/4509/4509
f 4500/4500/4500 4501/4501/4501 4511/4511/4511
f 4500/4500/4500 4511/4511/4511 4510/4510/4510
f 4501/4501/4501 4502/4502/4502 4512/4512/4512
f 4501/4501/4501 4512/4512/4512 4511/4511/4511
f 4502/4502/4502 4503/4503/4503 4513/4513/4513
f 4502/4502/4502 4513/4513/4513 4512/4512/4512
f 4503/4503/4503 4504/4504/4504 4514/4514/4514
f 4503/4503/4503 4514/4514/4514 4513/4513/4513
f 4504/4504/4504 4505/4505/4505 4515/4515/4515
f 4504/4504/4504 4515/4515/4515 4514/4514/4514
f 4505/4505/4505 4506/4506/4506 4516/4516/4516
f 4505/4505/4505 4516/4516/4516 4515/4515/4515
f 4506/4506/4506 4497/4497/4497 4507/4507/4507
f 4506/4506/4506 4507/4507/4507 4516/4516/4516
f 4507/4507/4507 4508/4508/4508 4518/4518/4518
f 4507/4507/4507 4518/4518/4518 4517/4517/4517
f 4508/4508/4508 4509/4509/4509 4519/4519/4519
f 4508/4508/4508 4519/4519/4519 4518/4518/4518
f 4509/4509/4509 4510/4510/4510 4520/4520/4520
f 4509/4509/4509 4520/4520/4520 4519/4519/4519
f 4510/4510/4510 4511/4511/4511 4521/4521/4521
f 4510/4510/4510 4521/4521/4521 4520/4520/4520
f 4511/4511/4511 4512/4512/4512 4522/4522/4522
f 4511/4511/4511 4522/4522/4522 4521/4521/4521
f 4512/4512/4512 4513/4513/4513 4523/4523/4523
f 4512/4512/4512 4523/4523/4523 4522/4522/4522
f 4513/4513/4513 4514/4514/4514 4524/4524/4524
f 4513/4513/4513 4524/4524/4524 4523/4523/4523
f 4514/4514/4514 4515/4515/4515 4525/4525/4525
f 4514/4514/4514 4525/4525/4525 4524/4524/4524
f 4515/4515/4515 4516/4516/4516 4526/4526/4526
f 4515/4515/4515 4526/4526/4526 4525/4525/4525
f 4516/4516/4516 4507/4507/4507 4517/4517/4517
f 4516/4516/4516 4517/4517/4517 4526/4526/4526
f 4517/4517/4517 4518/4518/4518 4528/4528/4528
f 4517/4517/4517 4528/4528/4528 4527/4527/4527
f 4518/4518/4518 4519/4519/4519 4529/4529/4529
f 4518/4518/4518 4529/4529/4529 4528/4528/4528
f 4519/4519/4519 4520/4520/4520 4530/4530/4530
f 4519/4519/4519 4530/4530/4530 4529/4529/4529
f 4520/4520/4520 4521/4521/4521 4531/4531/4531
f 4520/4520/4520 4531/4531/4531 4530/4530/4530
f 4521/4521/4521 4522/4522/4522 4532/4532/4532
f 4521/4521/4521 4532/4532/4532 4531/4531/4531
f 4522/4522/4522 4523/4523/4523 4533/4533/4533
f 4522/4522/4522 4533/4533/4533 4532/4532/4532
f 4523/4523/4523 4524/4524/4524 4534/4534/4534
f 4523/4523/4523 4534/4534/4534 4533/4533/4533
f 4524/4524/4524 4525/4525/4525 4535/4535/4535
f 4524/4524/4524 4535/4535/4535 4534/4534/4534
f 4525/4525/4525 4526/4526/4526 4536/4536/4536
f 4525/4525/4525 4536/4536/4536 4535/4535/4535
f 4526/4526/4526 4517/4517/4517 4527/4527/4527
f 4526/4526/4526 4527/4527/4527 4536/4536/4536
f 4527/4527/4527 4528/4528/4528 4538/4538/4538
f 4527/4527/4527 4538/4538/4538 4537/4537/4537
f 4528/4528/4528 4529/4529/4529 4539/4539/4539
f 4528/4528/4528 4539/4539/4539 4538/4538/4538
f 4529/4529/4529 4530/4530/4530 4540/4540/4540
f 4529/4529/4529 4540/4540/4540 4539/4539/4539
f 4530/4530/4530 4531/4531/4531 4541/4541/4541
f 4530/4530/4530 4541/4541/4541 4540/4540/4540
f 4531/4531/4531 4532/4532/4532 4542/4542/4542
f 4531/4531/4531 4542/4542/4542 4541/4541/4541
f 4532/4532/4532 4533/4533/4533 4543/4543/4543
f 4532/4532/4532 4543/4543/4543 4542/4542/4542
f 4533/4533/4533 4534/4534/4534 4544/4544/4544
f 4533/4533/4533 4544/4544/4544 4543/4543/4543
f 4534/4534/4534 4535/4535/4535 4545/4545/4545
f 4534/4534/4534 4545/4545/4545 4544/4544/4544
f 4535/4535/4535 4536/4536/4536 4546/4546/4546
f 4535/4535/4535 4546/4546/4546 4545/4545/4545
f 4536/4536/4536 4527/4527/4527 4537/4537/4537
f 4536/4536/4536 4537/4537/4537 4546/4546/4546
usemtl Skin
f 4547/4547/4547 4548/4548/4548 4556/4556/4556
f 4547/4547/4547 4556/4556/4556 4555/4555/4555
f 4548/4548/4548 4549/4549/4549 4557/4557/4557
f 4548/4548/4548 4557/4557/4557 4556/4556/4556
f 4549/4549/4549 4550/4550/4550 4558/4558/4558
f 4549/4549/4549 4558/4558/4558 4557/4557/4557
f 4550/4550/4550 4551/4551/4551 4559/4559/4559
f 4550/4550/4550 4559/4559/4559 4558/4558/4558
f 4551/4551/4551 4552/4552/4552 4560/4560/4560
f 4551/4551/4551 4560/4560/4560 4559/4559/4559
f 4552/4552/4552 4553/4553/4553 4561/4561/4561
f 4552/4552/4552 4561/4561/4561 4560/4560/4560
f 4553/4553/4553 4554/4554/4554 4562/4562/4562
f 4553/4553/4553 4562/4562/4562 4561/4561/4561
f 4554/4554/4554 4547/4547/4547 4555/4555/4555
f 4554/4554/4554 4555/4555/4555 4562/4562/4562
f 4555/4555/4555 4556/4556/4556 4564/4564/4564
f 4555/4555/4555 4564/4564/4564 4563/4563/4563
f 4556/4556/4556 4557/4557/4557 4565/4565/4565
f 4556/4556/4556 4565/4565/4565 4564/4564/4564
f 4557/4557/4557 4558/4558/4558 4566/4566/4566
f 4557/4557/4557 4566/4566/4566 4565/4565/4565
f 4558/4558/4558 4559/4559/4559 4567/4567/4567
f 4558/4558/4558 4567/4567/4567 4566/4566/4566
f 4559/4559/4559 4560/4560/4560 4568/4568/4568
f 4559/4559/4559 4568/4568/4568 4567/4567/4567
f 4560/4560/4560 4561/4561/4561 4569/4569/4569
f 4560/4560/4560 4569/4569/4569 4568/4568/4568
f 4561/4561/4561 4562/4562/4562 4570/4570/4570
f 4561/4561/4561 4570/4570/4570 4569/4569/4569
f 4562/4562/4562 4555/4555/4555 4563/4563/4563
f 4562/4562/4562 4563/4563/4563 4570/4570/4570
f 4563/4563/4563 4564/4564/4564 4572/4572/4572
f 4563/4563/4563 4572/4572/4572 4571/4571/4571
f 4564/4564/4564 4565/4565/4565 4573/4573/4573
f 4564/4564/4564 4573/4573/4573 4572/4572/4572
f 4565/4565/4565 4566/4566/4566 4574/4574/4574
f 4565/4565/4565 4574/4574/4574 4573/4573/4573
f 4566/4566/4566 4567/4567/4567 4575/4575/4575
f 4566/4566/4566 4575/4575/4575 4574/4574/4574
f 4567/4567/4567 4568/4568/4568 4576/4576/4576
f 4567/4567/4567 4576/4576/4576 4575/4575/4575
f 4568/4568/4568 4569/4569/4569 4577/4577/4577
f 4568/4568/4568 4577/4577/4577 4576/4576/4576
f 4569/4569/4569 4570/4570/4570 4578/4578/4578
f 4569/4569/4569 4578/4578/4578 4577/4577/4577
f 4570/4570/4570 4563/4563/4563 4571/4571/4571
f 4570/4570/4570 4571/4571/4571 4578/4578/4578
f 4571/4571/4571 4572/4572/4572 4580/4580/4580
f 4571/4571/4571 4580/4580/4580 4579/4579/4579
f 4572/4572/4572 4573/4573/4573 4581/4581/4581
f 4572/4572/4572 4581/4581/4581 4580/4580/4580
f 4573/4573/4573 4574/4574/4574 4582/4582/4582
f 4573/4573/4573 4582/4582/4582 4581/4581/4581
f 4574/4574/4574 4575/4575/4575 4583/4583/4583
f 4574/4574/4574 4583/4583/4583 4582/4582/4582
f 4575/4575/4575 4576/4576/4576 4584/4584/4584
f 4575/4575/4575 4584/4584/4584 4583/4583/4583
f 4576/4576/4576 4577/4577/4577 4585/4585/4585
f 4576/4576/4576 4585/4585/4585 4584/4584/4584
f 4577/4577/4577 4578/4578/4578 4586/4586/4586
f 4577/4577/4577 4586/4586/4586 4585/4585/4585
f 4578/4578/4578 4571/4571/4571 4579/4579/4579
f 4578/4578/4578 4579/4579/4579 4586/4586/4586
f 4579/4579/4579 4580/4580/4580 4588/4588/4588
f 4579/4579/4579 4588/4588/4588 4587/4587/4587
f 4580/4580/4580 4581/4581/4581 4589/4589/4589
f 4580/4580/4580 4589/4589/4589 4588/4588/4588
f 4581/4581/4581 4582/4582/4582 4590/4590/4590
f 4581/4581/4581 4590/4590/4590 4589/4589/4589
f 4582/4582/4582 4583/4583/4583 4591/4591/4591
f 4582/4582/4582 4591/4591/4591 4590/4590/4590
f 4583/4583/4583 4584/4584/4584 4592/4592/4592
f 4583/4583/4583 4592/4592/4592 4591/4591/4591
f 4584/4584/4584 4585/4585/4585 4593/4593/4593
f 4584/4584/4584 4593/4593/4593 4592/4592/4592
f 4585/4585/4585 4586/4586/4586 4594/4594/4594
f 4585/4585/4585 4594/4594/4594 4593/4593/4593
f 4586/4586/4586 4579/4579/4579 4587/4587/4587
f 4586/4586/4586 4587/4587/4587 4594/4594/4594
usemtl Skin
f 4595/4595/4595 4596/4596/4596 4602/4602/4602
f 4595/4595/4595 4602/4602/4602 4601/4601/4601
f 4596/4596/4596 4597/4597/4597 4603/4603/4603
f 4596/4596/4596 4603/4603/4603 4602/4602/4602
f 4597/4597/4597 4598/4598/4598 4604/4604/4604
f 4597/4597/4597 4604/4604/4604 4603/4603/4603
f 4598/4598/4598 4599/4599/4599 4605/4605/4605
f 4598/4598/4598 4605/4605/4605 4604/4604/4604
f 4599/4599/4599 4600/4600/4600 4606/4606/4606
f 4599/4599/4599 4606/4606/4606 4605/4605/4605
f 4600/4600/4600 4595/4595/4595 4601/4601/4601
f 4600/4600/4600 4601/4601/4601 4606/4606/4606
f 4601/4601/4601 4602/4602/4602 4608/4608/4608
f 4601/4601/4601 4608/4608/4608 4607/4607/4607
f 4602/4602/4602 4603/4603/4603 4609/4609/4609
f 4602/4602/4602 4609/4609/4609 4608/4608/4608
f 4603/4603/4603 4604/4604/4604 4610/4610/4610
f 4603/4603/4603 4610/4610/4610 4609/4609/4609
f 4604/4604/4604 4605/4605/4605 4611/4611/4611
f 4604/4604/4604 4611/4611/4611 4610/4610/4610
f 4605/4605/4605 4606/4606/4606 4612/4612/4612
f 4605/4605/4605 4612/4612/4612 4611/4611/4611
f 4606/4606/4606 4601/4601/4601 4607/4607/4607
f 4606/4606/4606 4607/4607/4607 4612/4612/4612
f 4607/4607/4607 4608/4608/4608 4614/4614/4614
f 4607/4607/4607 4614/4614/4614 4613/4613/4613
f 4608/4608/4608 4609/4609/4609 4615/4615/4615
f 4608/4608/4608 4615/4615/4615 4614/4614/4614
f 4609/4609/4609 4610/4610/4610 4616/4616/4616
f 4609/4609/4609 4616/4616/4616 4615/4615/4615
f 4610/4610/4610 4611/4611/4611 4617/4617/4617
f 4610/4610/4610 4617/4617/4617 4616/4616/4616
f 4611/4611/4611 4612/4612/4612 4618/4618/4618
f 4611/4611/4611 4618/4618/4618 4617/4617/4617
f 4612/4612/4612 4607/4607/4607 4613/4613/4613
f 4612/4612/4612 4613/4613/4613 4618/4618/4618
f 4613/4613/4613 4614/4614/4614 4620/4620/4620
f 4613/4613/4613 4620/4620/4620 4619/4619/4619
f 4614/4614/4614 4615/4615/4615 4621/4621/4621
f 4614/4614/4614 4621/4621/4621 4620/4620/4620
f 4615/4615/4615 4616/4616/4616 4622/4622/4622
f 4615/4615/4615 4622/4622/4622 4621/4621/4621
f 4616/4616/4616 4617/4617/4617 4623/4623/4623
f 4616/4616/4616 4623/4623/4623 4622/4622/4622
f 4617/4617/4617 4618/4618/4618 4624/4624/4624
f 4617/4617/4617 4624/4624/4624 4623/4623/4623
f 4618/4618/4618 4613/4613/4613 4619/4619/4619
f 4618/4618/4618 4619/4619/4619 4624/4624/4624
f 4619/4619/4619 4620/4620/4620 4626/4626/4626
f 4619/4619/4619 4626/4626/4626 4625/4625/4625
f 4620/4620/4620 4621/4621/4621 4627/4627/4627
f 4620/4620/4620 4627/4627/4627 4626/4626/4626
f 4621/4621/4621 4622/4622/4622 4628/4628/4628
f 4621/4621/4621 4628/4628/4628 4627/4627/4627
f 4622/4622/4622 4623/4623/4623 4629/4629/4629
f 4622/4622/4622 4629/4629/4629 4628/4628/4628
f 4623/4623/4623 4624/4624/4624 4630/4630/4630
f 4623/4623/4623 4630/4630/4630 4629/4629/4629
f 4624/4624/4624 4619/4619/4619 4625/4625/4625
f 4624/4624/4624 4625/4625/4625 4630/4630/4630
f 4625/4625/4625 4626/4626/4626 4632/4632/4632
f 4625/4625/4625 4632/4632/4632 4631/4631/4631
f 4626/4626/4626 4627/4627/4627 4633/4633/4633
f 4626/4626/4626 4633/4633/4633 4632/4632/4632
f 4627/4627/4627 4628/4628/4628 4634/4634/4634
f 4627/4627/4627 4634/4634/4634 4633/4633/4633
f 4628/4628/4628 4629/4629/4629 4635/4635/4635
f 4628/4628/4628 4635/4635/4635 4634/4634/4634
f 4629/4629/4629 4630/4630/4630 4636/4636/4636
f 4629/4629/4629 4636/4636/4636 4635/4635/4635
f 4630/4630/4630 4625/4625/4625 4631/4631/4631
f 4630/4630/4630 4631/4631/4631 4636/4636/4636
f 4631/4631/4631 4632/4632/4632 4638/4638/4638
f 4631/4631/4631 4638/4638/4638 4637/4637/4637
f 4632/4632/4632 4633/4633/4633 4639/4639/4639
f 4632/4632/4632 4639/4639/4639 4638/4638/4638
f 4633/4633/4633 4634/4634/4634 4640/4640/4640
f 4633/4633/4633 4640/4640/4640 4639/4639/4639
f 4634/4634/4634 4635/4635/4635 4641/4641/4641
f 4634/4634/4634 4641/4641/4641 4640/4640/4640
f 4635/4635/4635 4636/4636/4636 4642/4642/4642
f 4635/4635/4635 4642/4642/4642 4641/4641/4641
f 4636/4636/4636 4631/4631/4631 4637/4637/4637
f 4636/4636/4636 4637/4637/4637 4642/4642/4642
f 4637/4637/4637 4638/4638/4638 4644/4644/4644
f 4637/4637/4637 4644/4644/4644 4643/4643/4643
f 4638/4638/4638 4639/4639/4639 4645/4645/4645
f 4638/4638/4638 4645/4645/4645 4644/4644/4644
f 4639/4639/4639 4640/4640/4640 4646/4646/4646
f 4639/4639/4639 4646/4646/4646 4645/4645/4645
f 4640/4640/4640 4641/4641/4641 4647/4647/4647
f 4640/4640/4640 4647/4647/4647 4646/4646/4646
f 4641/4641/4641 4642/4642/4642 4648/4648/4648
f 4641/4641/4641 4648/4648/4648 4647/4647/4647
f 4642/4642/4642 4637/4637/4637 4643/4643/4643
f 4642/4642/4642 4643/4643/4643 4648/4648/4648
f 4643/4643/4643 4644/4644/4644 4650/4650/4650
f 4643/4643/4643 4650/4650/4650 4649/4649/4649
f 4644/4644/4644 4645/4645/4645 4651/4651/4651
f 4644/4644/4644 4651/4651/4651 4650/4650/4650
f 4645/4645/4645 4646/4646/4646 4652/4652/4652
f 4645/4645/4645 4652/4652/4652 4651/4651/4651
f 4646/4646/4646 4647/4647/4647 4653/4653/4653
f 4646/4646/4646 4653/4653/4653 4652/4652/4652
f 4647/4647/4647 4648/4648/4648 4654/4654/4654
f 4647/4647/4647 4654/4654/4654 4653/4653/4653
f 4648/4648/4648 4643/4643/4643 4649/4649/4649
f 4648/4648/4648 4649/4649/4649 4654/4654/4654
usemtl Skin
f 4655/4655/4655 4656/4656/4656 4662/4662/4662
f 4655/4655/4655 4662/4662/4662 4661/4661/4661
f 4656/4656/4656 4657/4657/4657 4663/4663/4663
f 4656/4656/4656 4663/4663/4663 4662/4662/4662
f 4657/4657/4657 4658/4658/4658 4664/4664/4664
f 4657/4657/4657 4664/4664/4664 4663/4663/4663
f 4658/4658/4658 4659/4659/4659 4665/4665/4665
f 4658/4658/4658 4665/4665/4665 4664/4664/4664
f 4659/4659/4659 4660/4660/4660 4666/4666/4666
f 4659/4659/4659 4666/4666/4666 4665/4665/4665
f 4660/4660/4660 4655/4655/4655 4661/4661/4661
f 4660/4660/4660 4661/4661/4661 4666/4666/4666
f 4661/4661/4661 4662/4662/4662 4668/4668/4668
f 4661/4661/4661 4668/4668/4668 4667/4667/4667
f 4662/4662/4662 4663/4663/4663 4669/4669/4669
f 4662/4662/4662 4669/4669/4669 4668/4668/4668
f 4663/4663/4663 4664/4664/4664 4670/4670/4670
f 4663/4663/4663 4670/4670/4670 4669/4669/4669
f 4664/4664/4664 4665/4665/4665 4671/4671/4671
f 4664/4664/4664 4671/4671/4671 4670/4670/4670
f 4665/4665/4665 4666/4666/4666 4672/4672/4672
f 4665/4665/4665 4672/4672/4672 4671/4671/4671
f 4666/4666/4666 4661/4661/4661 4667/4667/4667
f 4666/4666/4666 4667/4667/4667 4672/4672/4672
f 4667/4667/4667 4668/4668/4668 4674/4674/4674
f 4667/4667/4667 4674/4674/4674 4673/4673/4673
f 4668/4668/4668 4669/4669/4669 4675/4675/4675
f 4668/4668/4668 4675/4675/4675 4674/4674/4674
f 4669/4669/4669 4670/4670/4670 4676/4676/4676
f 4669/4669/4669 4676/4676/4676 4675/4675/4675
f 4670/4670/4670 4671/4671/4671 4677/4677/4677
f 4670/4670/4670 4677/4677/4677 4676/4676/4676
f 4671/4671/4671 4672/4672/4672 4678/4678/4678
f 4671/4671/4671 4678/4678/4678 4677/4677/4677
f 4672/4672/4672 4667/4667/4667 4673/4673/4673
f 4672/4672/4672 4673/4673/4673 4678/4678/4678
f 4673/4673/4673 4674/4674/4674 4680/4680/4680
f 4673/4673/4673 4680/4680/4680 4679/4679/4679
f 4674/4674/4674 4675/4675/4675 4681/4681/4681
f 4674/4674/4674 4681/4681/4681 4680/4680/4680
f 4675/4675/4675 4676/4676/4676 4682/4682/4682
f 4675/4675/4675 4682/4682/4682 4681/4681/4681
f 4676/4676/4676 4677/4677/4677 4683/4683/4683
f 4676/4676/4676 4683/4683/4683 4682/4682/4682
f 4677/4677/4677 4678/4678/4678 4684/4684/4684
f 4677/4677/4677 4684/4684/4684 4683/4683/4683
f 4678/4678/4678 4673/4673/4673 4679/4679/4679
f 4678/4678/4678 4679/4679/4679 4684/4684/4684
f 4679/4679/4679 4680/4680/4680 4686/4686/4686
f 4679/4679/4679 4686/4686/4686 4685/4685/4685
f 4680/4680/4680 4681/4681/4681 4687/4687/4687
f 4680/4680/4680 4687/4687/4687 4686/4686/4686
f 4681/4681/4681 4682/4682/4682 4688/4688/4688
f 4681/4681/4681 4688/4688/4688 4687/4687/4687
f 4682/4682/4682 4683/4683/4683 4689/4689/4689
f 4682/4682/4682 4689/4689/4689 4688/4688/4688
f 4683/4683/4683 4684/4684/4684 4690/4690/4690
f 4683/4683/4683 4690/4690/4690 4689/4689/4689
f 4684/4684/4684 4679/4679/4679 4685/4685/4685
f 4684/4684/4684 4685/4685/4685 4690/4690/4690
f 4685/4685/4685 4686/4686/4686 4692/4692/4692
f 4685/4685/4685 4692/4692/4692 4691/4691/4691
f 4686/4686/4686 4687/4687/4687 4693/4693/4693
f 4686/4686/4686 4693/4693/4693 4692/4692/4692
f 4687/4687/4687 4688/4688/4688 4694/4694/4694
f 4687/4687/4687 4694/4694/4694 4693/4693/4693
f 4688/4688/4688 4689/4689/4689 4695/4695/4695
f 4688/4688/4688 4695/4695/4695 4694/4694/4694
f 4689/4689/4689 4690/4690/4690 4696/4696/4696
f 4689/4689/4689 4696/4696/4696 4695/4695/4695
f 4690/4690/4690 4685/4685/4685 4691/4691/4691
f 4690/4690/4690 4691/4691/4691 4696/4696/4696
f 4691/4691/4691 4692/4692/4692 4698/4698/4698
f 4691/4691/4691 4698/4698/4698 4697/4697/4697
f 4692/4692/4692 4693/4693/4693 4699/4699/4699
f 4692/4692/4692 4699/4699/4699 4698/4698/4698
f 4693/4693/4693 4694/4694/4694 4700/4700/4700
f 4693/4693/4693 4700/4700/4700 4699/4699/4699
f 4694/4694/4694 4695/4695/4695 4701/4701/4701
f 4694/4694/4694 4701/4701/4701 4700/4700/4700
f 4695/4695/4695 4696/4696/4696 4702/4702/4702
f 4695/4695/4695 4702/4702/4702 4701/4701/4701
f 4696/4696/4696 4691/4691/4691 4697/4697/4697
f 4696/4696/4696 4697/4697/4697 4702/4702/4702
f 4697/4697/4697 4698/4698/4698 4704/4704/4704
f 4697/4697/4697 4704/4704/4704 4703/4703/4703
f 4698/4698/4698 4699/4699/4699 4705/4705/4705
f 4698/4698/4698 4705/4705/4705 4704/4704/4704
f 4699/4699/4699 4700/4700/4700 4706/4706/4706
f 4699/4699/4699 4706/4706/4706 4705/4705/4705
f 4700/4700/4700 4701/4701/4701 4707/4707/4707
f 4700/4700/4700 4707/4707/4707 4706/4706/4706
f 4701/4701/4701 4702/4702/4702 4708/4708/4708
f 4701/4701/4701 4708/4708/4708 4707/4707/4707
f 4702/4702/4702 4697/4697/4697 4703/4703/4703
f 4702/4702/4702 4703/4703/4703 4708/4708/4708
f 4703/4703/4703 4704/4704/4704 4710/4710/4710
f 4703/4703/4703 4710/4710/4710 4709/4709/4709
f 4704/4704/4704 4705/4705/4705 4711/4711/4711
f 4704/4704/4704 4711/4711/4711 4710/4710/4710
f 4705/4705/4705 4706/4706/4706 4712/4712/4712
f 4705/4705/4705 4712/4712/4712 4711/4711/4711
f 4706/4706/4706 4707/4707/4707 4713/4713/4713
f 4706/4706/4706 4713/4713/4713 4712/4712/4712
f 4707/4707/4707 4708/4708/4708 4714/4714/4714
f 4707/4707/4707 4714/4714/4714 4713/4713/4713
f 4708/4708/4708 4703/4703/4703 4709/4709/4709
f 4708/4708/4708 4709/4709/4709 4714/4714/4714
f 4709/4709/4709 4710/4710/4710 4716/4716/4716
f 4709/4709/4709 4716/4716/4716 4715/4715/4715
f 4710/4710/4710 4711/4711/4711 4717/4717/4717
f 4710/4710/4710 4717/4717/4717 4716/4716/4716
f 4711/4711/4711 4712/4712/4712 4718/4718/4718
f 4711/4711/4711 4718/4718/4718 4717/4717/4717
f 4712/4712/4712 4713/4713/4713 4719/4719/4719
f 4712/4712/4712 4719/4719/4719 4718/4718/4718
f 4713/4713/4713 4714/4714/4714 4720/4720/4720
f 4713/4713/4713 4720/4720/4720 4719/4719/4719
f 4714/4714/4714 4709/4709/4709 4715/4715/4715
f 4714/4714/4714 4715/4715/4715 4720/4720/4720
usemtl Skin
f 4721/4721/4721 4722/4722/4722 4728/4728/4728
f 4721/4721/4721 4728/4728/4728 4727/4727/4727
f 4722/4722/4722 4723/4723/4723 4729/4729/4729
f 4722/4722/4722 4729/4729/4729 4728/4728/4728
f 4723/4723/4723 4724/4724/4724 4730/4730/4730
f 4723/4723/4723 4730/4730/4730 4729/4729/4729
f 4724/4724/4724 4725/4725/4725 4731/4731/4731
f 4724/4724/4724 4731/4731/4731 4730/4730/4730
f 4725/4725/4725 4726/4726/4726 4732/4732/4732
f 4725/4725/4725 4732/4732/4732 4731/4731/4731
f 4726/4726/4726 4721/4721/4721 4727/4727/4727
f 4726/4726/4726 4727/4727/4727 4732/4732/4732
f 4727/4727/4727 4728/4728/4728 4734/4734/4734
f 4727/4727/4727 4734/4734/4734 4733/4733/4733
f 4728/4728/4728 4729/4729/4729 4735/4735/4735
f 4728/4728/4728 4735/4735/4735 4734/4734/4734
f 4729/4729/4729 4730/4730/4730 4736/4736/4736
f 4729/4729/4729 4736/4736/4736 4735/4735/4735
f 4730/4730/4730 4731/4731/4731 4737/4737/4737
f 4730/4730/4730 4737/4737/4737 4736/4736/4736
f 4731/4731/4731 4732/4732/4732 4738/4738/4738
f 4731/4731/4731 4738/4738/4738 4737/4737/4737
f 4732/4732/4732 4727/4727/4727 4733/4733/4733
f 4732/4732/4732 4733/4733/4733 4738/4738/4738
f 4733/4733/4733 4734/4734/4734 4740/4740/4740
f 4733/4733/4733 4740/4740/4740 4739/4739/4739
f 4734/4734/4734 4735/4735/4735 4741/4741/4741
f 4734/4734/4734 4741/4741/4741 4740/4740/4740
f 4735/4735/4735 4736/4736/4736 4742/4742/4742
f 4735/4735/4735 4742/4742/4742 4741/4741/4741
f 4736/4736/4736 4737/4737/4737 4743/4743/4743
f 4736/4736/4736 4743/4743/4743 4742/4742/4742
f 4737/4737/4737 4738/4738/4738 4744/4744/4744
f 4737/4737/4737 4744/4744/4744 4743/4743/4743
f 4738/4738/4738 4733/4733/4733 4739/4739/4739
f 4738/4738/4738 4739/4739/4739 4744/4744/4744
f 4739/4739/4739 4740/4740/4740 4746/4746/4746
f 4739/4739/4739 4746/4746/4746 4745/4745/4745
f 4740/4740/4740 4741/4741/4741 4747/4747/4747
f 4740/4740/4740 4747/4747/4747 4746/4746/4746
f 4741/4741/4741 4742/4742/4742 4748/4748/4748
f 4741/4741/4741 4748/4748/4748 4747/4747/4747
f 4742/4742/4742 4743/4743/4743 4749/4749/4749
f 4742/4742/4742 4749/4749/4749 4748/4748/4748
f 4743/4743/4743 4744/4744/4744 4750/4750/4750
f 4743/4743/4743 4750/4750/4750 4749/4749/4749
f 4744/4744/4744 4739/4739/4739 4745/4745/4745
f 4744/4744/4744 4745/4745/4745 4750/4750/4750
f 4745/4745/4745 4746/4746/4746 4752/4752/4752
f 4745/4745/4745 4752/4752/4752 4751/4751/4751
f 4746/4746/4746 4747/4747/4747 4753/4753/4753
f 4746/4746/4746 4753/4753/4753 4752/4752/4752
f 4747/4747/4747 4748/4748/4748 4754/4754/4754
f 4747/4747/4747 4754/4754/4754 4753/4753/4753
f 4748/4748/4748 4749/4749/4749 4755/4755/4755
f 4748/4748/4748 4755/4755/4755 4754/4754/4754
f 4749/4749/4749 4750/4750/4750 4756/4756/4756
f 4749/4749/4749 4756/4756/4756 4755/4755/4755
f 4750/4750/4750 4745/4745/4745 4751/4751/4751
f 4750/4750/4750 4751/4751/4751 4756/4756/4756
f 4751/4751/4751 4752/4752/4752 4758/4758/4758
f 4751/4751/4751 4758/4758/4758 4757/4757/4757
f 4752/4752/4752 4753/4753/4753 4759/4759/4759
f 4752/4752/4752 4759/4759/4759 4758/4758/4758
f 4753/4753/4753 4754/4754/4754 4760/4760/4760
f 4753/4753/4753 4760/4760/4760 4759/4759/4759
f 4754/4754/4754 4755/4755/4755 4761/4761/4761
f 4754/4754/4754 4761/4761/4761 4760/4760/4760
f 4755/4755/4755 4756/4756/4756 4762/4762/4762
f 4755/4755/4755 4762/4762/4762 4761/4761/4761
f 4756/4756/4756 4751/4751/4751 4757/4757/4757
f 4756/4756/4756 4757/4757/4757 4762/4762/4762
f 4757/4757/4757 4758/4758/4758 4764/4764/4764
f 4757/4757/4757 4764/4764/4764 4763/4763/4763
f 4758/4758/4758 4759/4759/4759 4765/4765/4765
f 4758/4758/4758 4765/4765/4765 4764/4764/4764
f 4759/4759/4759 4760/4760/4760 4766/4766/4766
f 4759/4759/4759 4766/4766/4766 4765/4765/4765
f 4760/4760/4760 4761/4761/4761 4767/4767/4767
f 4760/4760/4760 4767/4767/4767 4766/4766/4766
f 4761/4761/4761 4762/4762/4762 4768/4768/4768
f 4761/4761/4761 4768/4768/4768 4767/4767/4767
f 4762/4762/4762 4757/4757/4757 4763/4763/4763
f 4762/4762/4762 4763/4763/4763 4768/4768/4768
f 4763/4763/4763 4764/4764/4764 4770/4770/4770
f 4763/4763/4763 4770/4770/4770 4769/4769/4769
f 4764/4764/4764 4765/4765/4765 4771/4771/4771
f 4764/4764/4764 4771/4771/4771 4770/4770/4770
f 4765/4765/4765 4766/4766/4766 4772/4772/4772
f 4765/4765/4765 4772/4772/4772 4771/4771/4771
f 4766/4766/4766 4767/4767/4767 4773/4773/4773
f 4766/4766/4766 4773/4773/4773 4772/4772/4772
f 4767/4767/4767 4768/4768/4768 4774/4774/4774
f 4767/4767/4767 4774/4774/4774 4773/4773/4773
f 4768/4768/4768 4763/4763/4763 4769/4769/4769
f 4768/4768/4768 4769/4769/4769 4774/4774/4774
f 4769/4769/4769 4770/4770/4770 4776/4776/4776
f 4769/4769/4769 4776/4776/4776 4775/4775/4775
f 4770/4770/4770 4771/4771/4771 4777/4777/4777
f 4770/4770/4770 4777/4777/4777 4776/4776/4776
f 4771/4771/4771 4772/4772/4772 4778/4778/4778
f 4771/4771/4771 4778/4778/4778 4777/4777/4777
f 4772/4772/4772 4773/4773/4773 4779/4779/4779
f 4772/4772/4772 4779/4779/4779 4778/4778/4778
f 4773/4773/4773 4774/4774/4774 4780/4780/4780
f 4773/4773/4773 4780/4780/4780 4779/4779/4779
f 4774/4774/4774 4769/4769/4769 4775/4775/4775
f 4774/4774/4774 4775/4775/4775 4780/4780/4780
usemtl Skin
f 4781/4781/4781 4782/4782/4782 4788/4788/4788
f 4781/4781/4781 4788/4788/4788 4787/4787/4787
f 4782/4782/4782 4783/4783/4783 4789/4789/4789
f 4782/4782/4782 4789/4789/4789 4788/4788/4788
f 4783/4783/4783 4784/4784/4784 4790/4790/4790
f 4783/4783/4783 4790/4790/4790 4789/4789/4789
f 4784/4784/4784 4785/4785/4785 4791/4791/4791
f 4784/4784/4784 4791/4791/4791 4790/4790/4790
f 4785/4785/4785 4786/4786/4786 4792/4792/4792
f 4785/4785/4785 4792/4792/4792 4791/4791/4791
f 4786/4786/4786 4781/4781/4781 4787/4787/4787
f 4786/4786/4786 4787/4787/4787 4792/4792/4792
f 4787/4787/4787 4788/4788/4788 4794/4794/4794
f 4787/4787/4787 4794/4794/4794 4793/4793/4793
f 4788/4788/4788 4789/4789/4789 4795/4795/4795
f 4788/4788/4788 4795/4795/4795 4794/4794/4794
f 4789/4789/4789 4790/4790/4790 4796/4796/4796
f 4789/4789/4789 4796/4796/4796 4795/4795/4795
f 4790/4790/4790 4791/4791/4791 4797/4797/4797
f 4790/4790/4790 4797/4797/4797 4796/4796/4796
f 4791/4791/4791 4792/4792/4792 4798/4798/4798
f 4791/4791/4791 4798/4798/4798 4797/4797/4797
f 4792/4792/4792 4787/4787/4787 4793/4793/4793
f 4792/4792/4792 4793/4793/4793 4798/4798/4798
f 4793/4793/4793 4794/4794/4794 4800/4800/4800
f 4793/4793/4793 4800/4800/4800 4799/4799/4799
f 4794/4794/4794 4795/4795/4795 4801/4801/4801
f 4794/4794/4794 4801/4801/4801 4800/4800/4800
f 4795/4795/4795 4796/4796/4796 4802/4802/4802
f 4795/4795/4795 4802/4802/4802 4801/4801/4801
f 4796/4796/4796 4797/4797/4797 4803/4803/4803
f 4796/4796/4796 4803/4803/4803 4802/4802/4802
f 4797/4797/4797 4798/4798/4798 4804/4804/4804
f 4797/4797/4797 4804/4804/4804 4803/4803/4803
f 4798/4798/4798 4793/4793/4793 4799/4799/4799
f 4798/4798/4798 4799/4799/4799 4804/4804/4804
f 4799/4799/4799 4800/4800/4800 4806/4806/4806
f 4799/4799/4799 4806/4806/4806 4805/4805/4805
f 4800/4800/4800 4801/4801/4801 4807/4807/4807
f 4800/4800/4800 4807/4807/4807 4806/4806/4806
f 4801/4801/4801 4802/4802/4802 4808/4808/4808
f 4801/4801/4801 4808/4808/4808 4807/4807/4807
f 4802/4802/4802 4803/4803/4803 4809/4809/4809
f 4802/4802/4802 4809/4809/4809 4808/4808/4808
f 4803/4803/4803 4804/4804/4804 4810/4810/4810
f 4803/4803/4803 4810/4810/4810 4809/4809/4809
f 4804/4804/4804 4799/4799/4799 4805/4805/4805
f 4804/4804/4804 4805/4805/4805 4810/4810/4810
f 4805/4805/4805 4806/4806/4806 4812/4812/4812
f 4805/4805/4805 4812/4812/4812 4811/4811/4811
f 4806/4806/4806 4807/4807/4807 4813/4813/4813
f 4806/4806/4806 4813/4813/4813 4812/4812/4812
f 4807/4807/4807 4808/4808/4808 4814/4814/4814
f 4807/4807/4807 4814/4814/4814 4813/4813/4813
f 4808/4808/4808 4809/4809/4809 4815/4815/4815
f 4808/4808/4808 4815/4815/4815 4814/4814/4814
f 4809/4809/4809 4810/4810/4810 4816/4816/4816
f 4809/4809/4809 4816/4816/4816 4815/4815/4815
f 4810/4810/4810 4805/4805/4805 4811/4811/4811
f 4810/4810/4810 4811/4811/4811 4816/4816/4816
f 4811/4811/4811 4812/4812/4812 4818/4818/4818
f 4811/4811/4811 4818/4818/4818 4817/4817/4817
f 4812/4812/4812 4813/4813/4813 4819/4819/4819
f 4812/4812/4812 4819/4819/4819 4818/4818/4818
f 4813/4813/4813 4814/4814/4814 4820/4820/4820
f 4813/4813/4813 4820/4820/4820 4819/4819/4819
f 4814/4814/4814 4815/4815/4815 4821/4821/4821
f 4814/4814/4814 4821/4821/4821 4820/4820/4820
f 4815/4815/4815 4816/4816/4816 4822/4822/4822
f 4815/4815/4815 4822/4822/4822 4821/4821/4821
f 4816/4816/4816 4811/4811/4811 4817/4817/4817
f 4816/4816/4816 4817/4817/4817 4822/4822/4822
f 4817/4817/4817 4818/4818/4818 4824/4824/4824
f 4817/4817/4817 4824/4824/4824 4823/4823/4823
f 4818/4818/4818 4819/4819/4819 4825/4825/4825
f 4818/4818/4818 4825/4825/4825 4824/4824/4824
f 4819/4819/4819 4820/4820/4820 4826/4826/4826
f 4819/4819/4819 4826/4826/4826 4825/4825/4825
f 4820/4820/4820 4821/4821/4821 4827/4827/4827
f 4820/4820/4820 4827/4827/4827 4826/4826/4826
f 4821/4821/4821 4822/4822/4822 4828/4828/4828
f 4821/4821/4821 4828/4828/4828 4827/4827/4827
f 4822/4822/4822 4817/4817/4817 4823/4823/4823
f 4822/4822/4822 4823/4823/4823 4828/4828/4828
f 4823/4823/4823 4824/4824/4824 4830/4830/4830
f 4823/4823/4823 4830/4830/4830 4829/4829/4829
f 4824/4824/4824 4825/4825/4825 4831/4831/4831
f 4824/4824/4824 4831/4831/4831 4830/4830/4830
f 4825/4825/4825 4826/4826/4826 4832/4832/4832
f 4825/4825/4825 4832/4832/4832 4831/4831/4831
f 4826/4826/4826 4827/4827/4827 4833/4833/4833
f 4826/4826/4826 4833/4833/4833 4832/4832/4832
f 4827/4827/4827 4828/4828/4828 4834/4834/4834
f 4827/4827/4827 4834/4834/4834 4833/4833/4833
f 4828/4828/4828 4823/4823/4823 4829/4829/4829
f 4828/4828/4828 4829/4829/4829 4834/4834/4834
f 4829/4829/4829 4830/4830/4830 4836/4836/4836
f 4829/4829/4829 4836/4836/4836 4835/4835/4835
f 4830/4830/4830 4831/4831/4831 4837/4837/4837
f 4830/4830/4830 4837/4837/4837 4836/4836/4836
f 4831/4831/4831 4832/4832/4832 4838/4838/4838
f 4831/4831/4831 4838/4838/4838 4837/4837/4837
f 4832/4832/4832 4833/4833/4833 4839/4839/4839
f 4832/4832/4832 4839/4839/4839 4838/4838/4838
f 4833/4833/4833 4834/4834/4834 4840/4840/4840
f 4833/4833/4833 4840/4840/4840 4839/4839/4839
f 4834/4834/4834 4829/4829/4829 4835/4835/4835
f 4834/4834/4834 4835/4835/4835 4840/4840/4840
usemtl Skin
f 4841/4841/4841 4842/4842/4842 4848/4848/4848
f 4841/4841/4841 4848/4848/4848 4847/4847/4847
f 4842/4842/4842 4843/4843/4843 4849/4849/4849
f 4842/4842/4842 4849/4849/4849 4848/4848/4848
f 4843/4843/4843 4844/4844/4844 4850/4850/4850
f 4843/4843/4843 4850/4850/4850 4849/4849/4849
f 4844/4844/4844 4845/4845/4845 4851/4851/4851
f 4844/4844/4844 4851/4851/4851 4850/4850/4850
f 4845/4845/4845 4846/4846/4846 4852/4852/4852
f 4845/4845/4845 4852/4852/4852 4851/4851/4851
f 4846/4846/4846 4841/4841/4841 4847/4847/4847
f 4846/4846/4846 4847/4847/4847 4852/4852/4852
f 4847/4847/4847 4848/4848/4848 4854/4854/4854
f 4847/4847/4847 4854/4854/4854 4853/4853/4853
f 4848/4848/4848 4849/4849/4849 4855/4855/4855
f 4848/4848/4848 4855/4855/4855 4854/4854/4854
f 4849/4849/4849 4850/4850/4850 4856/4856/4856
f 4849/4849/4849 4856/4856/4856 4855/4855/4855
f 4850/4850/4850 4851/4851/4851 4857/4857/4857
f 4850/4850/4850 4857/4857/4857 4856/4856/4856
f 4851/4851/4851 4852/4852/4852 4858/4858/4858
f 4851/4851/4851 4858/4858/4858 4857/4857/4857
f 4852/4852/4852 4847/4847/4847 4853/4853/4853
f 4852/4852/4852 4853/4853/4853 4858/4858/4858
f 4853/4853/4853 4854/4854/4854 4860/4860/4860
f 4853/4853/4853 4860/4860/4860 4859/4859/4859
f 4854/4854/4854 4855/4855/4855 4861/4861/4861
f 4854/4854/4854 4861/4861/4861 4860/4860/4860
f 4855/4855/4855 4856/4856/4856 4862/4862/4862
f 4855/4855/4855 4862/4862/4862 4861/4861/4861
f 4856/4856/4856 4857/4857/4857 4863/4863/4863
f 4856/4856/4856 4863/4863/4863 4862/4862/4862
f 4857/4857/4857 4858/4858/4858 4864/4864/4864
f 4857/4857/4857 4864/4864/4864 4863/4863/4863
f 4858/4858/4858 4853/4853/4853 4859/4859/4859
f 4858/4858/4858 4859/4859/4859 4864/4864/4864
f 4859/4859/4859 4860/4860/4860 4866/4866/4866
f 4859/4859/4859 4866/4866/4866 4865/4865/4865
f 4860/4860/4860 4861/4861/4861 4867/4867/4867
f 4860/4860/4860 4867/4867/4867 4866/4866/4866
f 4861/4861/4861 4862/4862/4862 4868/4868/4868
f 4861/4861/4861 4868/4868/4868 4867/4867/4867
f 4862/4862/4862 4863/4863/4863 4869/4869/4869
f 4862/4862/4862 4869/4869/4869 4868/4868/4868
f 4863/4863/4863 4864/4864/4864 4870/4870/4870
f 4863/4863/4863 4870/4870/4870 4869/4869/4869
f 4864/4864/4864 4859/4859/4859 4865/4865/4865
f 4864/4864/4864 4865/4865/4865 4870/4870/4870
f 4865/4865/4865 4866/4866/4866 4872/4872/4872
f 4865/4865/4865 4872/4872/4872 4871/4871/4871
f 4866/4866/4866 4867/4867/4867 4873/4873/4873
f 4866/4866/4866 4873/4873/4873 4872/4872/4872
f 4867/4867/4867 4868/4868/4868 4874/4874/4874
f 4867/4867/4867 4874/4874/4874 4873/4873/4873
f 4868/4868/4868 4869/4869/4869 4875/4875/4875
f 4868/4868/4868 4875/4875/4875 4874/4874/4874
f 4869/4869/4869 4870/4870/4870 4876/4876/4876
f 4869/4869/4869 4876/4876/4876 4875/4875/4875
f 4870/4870/4870 4865/4865/4865 4871/4871/4871
f 4870/4870/4870 4871/4871/4871 4876/4876/4876
f 4871/4871/4871 4872/4872/4872 4878/4878/4878
f 4871/4871/4871 4878/4878/4878 4877/4877/4877
f 4872/4872/4872 4873/4873/4873 4879/4879/4879
f 4872/4872/4872 4879/4879/4879 4878/4878/4878
f 4873/4873/4873 4874/4874/4874 4880/4880/4880
f 4873/4873/4873 4880/4880/4880 4879/4879/4879
f 4874/4874/4874 4875/4875/4875 4881/4881/4881
f 4874/4874/4874 4881/4881/4881 4880/4880/4880
f 4875/4875/4875 4876/4876/4876 4882/4882/4882
f 4875/4875/4875 4882/4882/4882 4881/4881/4881
f 4876/4876/4876 4871/4871/4871 4877/4877/4877
f 4876/4876/4876 4877/4877/4877 4882/4882/4882
f 4877/4877/4877 4878/4878/4878 4884/4884/4884
f 4877/4877/4877 4884/4884/4884 4883/4883/4883
f 4878/4878/4878 4879/4879/4879 4885/4885/4885
f 4878/4878/4878 4885/4885/4885 4884/4884/4884
f 4879/4879/4879 4880/4880/4880 4886/4886/4886
f 4879/4879/4879 4886/4886/4886 4885/4885/4885
f 4880/4880/4880 4881/4881/4881 4887/4887/4887
f 4880/4880/4880 4887/4887/4887 4886/4886/4886
f 4881/4881/4881 4882/4882/4882 4888/4888/4888
f 4881/4881/4881 4888/4888/4888 4887/4887/4887
f 4882/4882/4882 4877/4877/4877 4883/4883/4883
f 4882/4882/4882 4883/4883/4883 4888/4888/4888
f 4883/4883/4883 4884/4884/4884 4890/4890/4890
f 4883/4883/4883 4890/4890/4890 4889/4889/4889
f 4884/4884/4884 4885/4885/4885 4891/4891/4891
f 4884/4884/4884 4891/4891/4891 4890/4890/4890
f 4885/4885/4885 4886/4886/4886 4892/4892/4892
f 4885/4885/4885 4892/4892/4892 4891/4891/4891
f 4886/4886/4886 4887/4887/4887 4893/4893/4893
f 4886/4886/4886 4893/4893/4893 4892/4892/4892
f 4887/4887/4887 4888/4888/4888 4894/4894/4894
f 4887/4887/4887 4894/4894/4894 4893/4893/4893
f 4888/4888/4888 4883/4883/4883 4889/4889/4889
f 4888/4888/4888 4889/4889/4889 4894/4894/4894
f 4889/4889/4889 4890/4890/4890 4896/4896/4896
f 4889/4889/4889 4896/4896/4896 4895/4895/4895
f 4890/4890/4890 4891/4891/4891 4897/4897/4897
f 4890/4890/4890 4897/4897/4897 4896/4896/4896
f 4891/4891/4891 4892/4892/4892 4898/4898/4898
f 4891/4891/4891 4898/4898/4898 4897/4897/4897
f 4892/4892/4892 4893/4893/4893 4899/4899/4899
f 4892/4892/4892 4899/4899/4899 4898/4898/4898
f 4893/4893/4893 4894/4894/4894 4900/4900/4900
f 4893/4893/4893 4900/4900/4900 4899/4899/4899
f 4894/4894/4894 4889/4889/4889 4895/4895/4895
f 4894/4894/4894 4895/4895/4895 4900/4900/4900
usemtl Skin
f 4901/4901/4901 4902/4902/4902 4908/4908/4908
f 4901/4901/4901 4908/4908/4908 4907/4907/4907
f 4902/4902/4902 4903/4903/4903 4909/4909/4909
f 4902/4902/4902 4909/4909/4909 4908/4908/4908
f 4903/4903/4903 4904/4904/4904 4910/4910/4910
f 4903/4903/4903 4910/4910/4910 4909/4909/4909
f 4904/4904/4904 4905/4905/4905 4911/4911/4911
f 4904/4904/4904 4911/4911/4911 4910/4910/4910
f 4905/4905/4905 4906/4906/4906 4912/4912/4912
f 4905/4905/4905 4912/4912/4912 4911/4911/4911
f 4906/4906/4906 4901/4901/4901 4907/4907/4907
f 4906/4906/4906 4907/4907/4907 4912/4912/4912
f 4907/4907/4907 4908/4908/4908 4914/4914/4914
f 4907/4907/4907 4914/4914/4914 4913/4913/4913
f 4908/4908/4908 4909/4909/4909 4915/4915/4915
f 4908/4908/4908 4915/4915/4915 4914/4914/4914
f 4909/4909/4909 4910/4910/4910 4916/4916/4916
f 4909/4909/4909 4916/4916/4916 4915/4915/4915
f 4910/4910/4910 4911/4911/4911 4917/4917/4917
f 4910/4910/4910 4917/4917/4917 4916/4916/4916
f 4911/4911/4911 4912/4912/4912 4918/4918/4918
f 4911/4911/4911 4918/4918/4918 4917/4917/4917
f 4912/4912/4912 4907/4907/4907 4913/4913/4913
f 4912/4912/4912 4913/4913/4913 4918/4918/4918
f 4913/4913/4913 4914/4914/4914 4920/4920/4920
f 4913/4913/4913 4920/4920/4920 4919/4919/4919
f 4914/4914/4914 4915/4915/4915 4921/4921/4921
f 4914/4914/4914 4921/4921/4921 4920/4920/4920
f 4915/4915/4915 4916/4916/4916 4922/4922/4922
f 4915/4915/4915 4922/4922/4922 4921/4921/4921
f 4916/4916/4916 4917/4917/4917 4923/4923/4923
f 4916/4916/4916 4923/4923/4923 4922/4922/4922
f 4917/4917/4917 4918/4918/4918 4924/4924/4924
f 4917/4917/4917 4924/4924/4924 4923/4923/4923
f 4918/4918/4918 4913/4913/4913 4919/4919/4919
f 4918/4918/4918 4919/4919/4919 4924/4924/4924
f 4919/4919/4919 4920/4920/4920 4926/4926/4926
f 4919/4919/4919 4926/4926/4926 4925/4925/4925
f 4920/4920/4920 4921/4921/4921 4927/4927/4927
f 4920/4920/4920 4927/4927/4927 4926/4926/4926
f 4921/4921/4921 4922/4922/4922 4928/4928/4928
f 4921/4921/4921 4928/4928/4928 4927/4927/4927
f 4922/4922/4922 4923/4923/4923 4929/4929/4929
f 4922/4922/4922 4929/4929/4929 4928/4928/4928
f 4923/4923/4923 4924/4924/4924 4930/4930/4930
f 4923/4923/4923 4930/4930/4930 4929/4929/4929
f 4924/4924/4924 4919/4919/4919 4925/4925/4925
f 4924/4924/4924 4925/4925/4925 4930/4930/4930
f 4925/4925/4925 4926/4926/4926 4932/4932/4932
f 4925/4925/4925 4932/4932/4932 4931/4931/4931
f 4926/4926/4926 4927/4927/4927 4933/4933/4933
f 4926/4926/4926 4933/4933/4933 4932/4932/4932
f 4927/4927/4927 4928/4928/4928 4934/4934/4934
f 4927/4927/4927 4934/4934/4934 4933/4933/4933
f 4928/4928/4928 4929/4929/4929 4935/4935/4935
f 4928/4928/4928 4935/4935/4935 4934/4934/4934
f 4929/4929/4929 4930/4930/4930 4936/4936/4936
f 4929/4929/4929 4936/4936/4936 4935/4935/4935
f 4930/4930/4930 4925/4925/4925 4931/4931/4931
f 4930/4930/4930 4931/4931/4931 4936/4936/4936
f 4931/4931/4931 4932/4932/4932 4938/4938/4938
f 4931/4931/4931 4938/4938/4938 4937/4937/4937
f 4932/4932/4932 4933/4933/4933 4939/4939/4939
f 4932/4932/4932 4939/4939/4939 4938/4938/4938
f 4933/4933/4933 4934/4934/4934 4940/4940/4940
f 4933/4933/4933 4940/4940/4940 4939/4939/4939
f 4934/4934/4934 4935/4935/4935 4941/4941/4941
f 4934/4934/4934 4941/4941/4941 4940/4940/4940
f 4935/4935/4935 4936/4936/4936 4942/4942/4942
f 4935/4935/4935 4942/4942/4942 4941/4941/4941
f 4936/4936/4936 4931/4931/4931 4937/4937/4937
f 4936/4936/4936 4937/4937/4937 4942/4942/4942
f 4937/4937/4937 4938/4938/4938 4944/4944/4944
f 4937/4937/4937 4944/4944/4944 4943/4943/4943
f 4938/4938/4938 4939/4939/4939 4945/4945/4945
f 4938/4938/4938 4945/4945/4945 4944/4944/4944
f 4939/4939/4939 4940/4940/4940 4946/4946/4946
f 4939/4939/4939 4946/4946/4946 4945/4945/4945
f 4940/4940/4940 4941/4941/4941 4947/4947/4947
f 4940/4940/4940 4947/4947/4947 4946/4946/4946
f 4941/4941/4941 4942/4942/4942 4948/4948/4948
f 4941/4941/4941 4948/4948/4948 4947/4947/4947
f 4942/4942/4942 4937/4937/4937 4943/4943/4943
f 4942/4942/4942 4943/4943/4943 4948/4948/4948
f 4943/4943/4943 4944/4944/4944 4950/4950/4950
f 4943/4943/4943 4950/4950/4950 4949/4949/4949
f 4944/4944/4944 4945/4945/4945 4951/4951/4951
f 4944/4944/4944 4951/4951/4951 4950/4950/4950
f 4945/4945/4945 4946/4946/4946 4952/4952/4952
f 4945/4945/4945 4952/4952/4952 4951/4951/4951
f 4946/4946/4946 4947/4947/4947 4953/4953/4953
f 4946/4946/4946 4953/4953/4953 4952/4952/4952
f 4947/4947/4947 4948/4948/4948 4954/4954/4954
f 4947/4947/4947 4954/4954/4954 4953/4953/4953
f 4948/4948/4948 4943/4943/4943 4949/4949/4949
f 4948/4948/4948 4949/4949/4949 4954/4954/4954
f 4949/4949/4949 4950/4950/4950 4956/4956/4956
f 4949/4949/4949 4956/4956/4956 4955/4955/4955
f 4950/4950/4950 4951/4951/4951 4957/4957/4957
f 4950/4950/4950 4957/4957/4957 4956/4956/4956
f 4951/4951/4951 4952/4952/4952 4958/4958/4958
f 4951/4951/4951 4958/4958/4958 4957/4957/4957
f 4952/4952/4952 4953/4953/4953 4959/4959/4959
f 4952/4952/4952 4959/4959/4959 4958/4958/4958
f 4953/4953/4953 4954/4954/4954 4960/4960/4960
f 4953/4953/4953 4960/4960/4960 4959/4959/4959
f 4954/4954/4954 4949/4949/4949 4955/4955/4955
f 4954/4954/4954 4955/4955/4955 4960/4960/4960
usemtl Skin
f 4961/4961/4961 4962/4962/4962 4968/4968/4968
f 4961/4961/4961 4968/4968/4968 4967/4967/4967
f 4962/4962/4962 4963/4963/4963 4969/4969/4969
f 4962/4962/4962 4969/4969/4969 4968/4968/4968
f 4963/4963/4963 4964/4964/4964 4970/4970/4970
f 4963/4963/4963 4970/4970/4970 4969/4969/4969
f 4964/4964/4964 4965/4965/4965 4971/4971/4971
f 4964/4964/4964 4971/4971/4971 4970/4970/4970
f 4965/4965/4965 4966/4966/4966 4972/4972/4972
f 4965/4965/4965 4972/4972/4972 4971/4971/4971
f 4966/4966/4966 4961/4961/4961 4967/4967/4967
f 4966/4966/4966 4967/4967/4967 4972/4972/4972
f 4967/4967/4967 4968/4968/4968 4974/4974/4974
f 4967/4967/4967 4974/4974/4974 4973/4973/4973
f 4968/4968/4968 4969/4969/4969 4975/4975/4975
f 4968/4968/4968 4975/4975/4975 4974/4974/4974
f 4969/4969/4969 4970/4970/4970 4976/4976/4976
f 4969/4969/4969 4976/4976/4976 4975/4975/4975
f 4970/4970/4970 4971/4971/4971 4977/4977/4977
f 4970/4970/4970 4977/4977/4977 4976/4976/4976
f 4971/4971/4971 4972/4972/4972 4978/4978/4978
f 4971/4971/4971 4978/4978/4978 4977/4977/4977
f 4972/4972/4972 4967/4967/4967 4973/4973/4973
f 4972/4972/4972 4973/4973/4973 4978/4978/4978
f 4973/4973/4973 4974/4974/4974 4980/4980/4980
f 4973/4973/4973 4980/4980/4980 4979/4979/4979
f 4974/4974/4974 4975/4975/4975 4981/4981/4981
f 4974/4974/4974 4981/4981/4981 4980/4980/4980
f 4975/4975/4975 4976/4976/4976 4982/4982/4982
f 4975/4975/4975 4982/4982/4982 4981/4981/4981
f 4976/4976/4976 4977/4977/4977 4983/4983/4983
f 4976/4976/4976 4983/4983/4983 4982/4982/4982
f 4977/4977/4977 4978/4978/4978 4984/4984/4984
f 4977/4977/4977 4984/4984/4984 4983/4983/4983
f 4978/4978/4978 4973/4973/4973 4979/4979/4979
f 4978/4978/4978 4979/4979/4979 4984/4984/4984
f 4979/4979/4979 4980/4980/4980 4986/4986/4986
f 4979/4979/4979 4986/4986/4986 4985/4985/4985
f 4980/4980/4980 4981/4981/4981 4987/4987/4987
f 4980/4980/4980 4987/4987/4987 4986/4986/4986
f 4981/4981/4981 4982/4982/4982 4988/4988/4988
f 4981/4981/4981 4988/4988/4988 4987/4987/4987
f 4982/4982/4982 4983/4983/4983 4989/4989/4989
f 4982/4982/4982 4989/4989/4989 4988/4988/4988
f 4983/4983/4983 4984/4984/4984 4990/4990/4990
f 4983/4983/4983 4990/4990/4990 4989/4989/4989
f 4984/4984/4984 4979/4979/4979 4985/4985/4985
f 4984/4984/4984 4985/4985/4985 4990/4990/4990
f 4985/4985/4985 4986/4986/4986 4992/4992/4992
f 4985/4985/4985 4992/4992/4992 4991/4991/4991
f 4986/4986/4986 4987/4987/4987 4993/4993/4993
f 4986/4986/4986 4993/4993/4993 4992/4992/4992
f 4987/4987/4987 4988/4988/4988 4994/4994/4994
f 4987/4987/4987 4994/4994/4994 4993/4993/4993
f 4988/4988/4988 4989/4989/4989 4995/4995/4995
f 4988/4988/4988 4995/4995/4995 4994/4994/4994
f 4989/4989/4989 4990/4990/4990 4996/4996/4996
f 4989/4989/4989 4996/4996/4996 4995/4995/4995
f 4990/4990/4990 4985/4985/4985 4991/4991/4991
f 4990/4990/4990 4991/4991/4991 4996/4996/4996
f 4991/4991/4991 4992/4992/4992 4998/4998/4998
f 4991/4991/4991 4998/4998/4998 4997/4997/4997
f 4992/4992/4992 4993/4993/4993 4999/4999/4999
f 4992/4992/4992 4999/4999/4999 4998/4998/4998
f 4993/4993/4993 4994/4994/4994 5000/5000/5000
f 4993/4993/4993 5000/5000/5000 4999/4999/4999
f 4994/4994/4994 4995/4995/4995 5001/5001/5001
f 4994/4994/4994 5001/5001/5001 5000/5000/5000
f 4995/4995/4995 4996/4996/4996 5002/5002/5002
f 4995/4995/4995 5002/5002/5002 5001/5001/5001
f 4996/4996/4996 4991/4991/4991 4997/4997/4997
f 4996/4996/4996 4997/4997/4997 5002/5002/5002
f 4997/4997/4997 4998/4998/4998 5004/5004/5004
f 4997/4997/4997 5004/5004/5004 5003/5003/5003
f 4998/4998/4998 4999/4999/4999 5005/5005/5005
f 4998/4998/4998 5005/5005/5005 5004/5004/5004
f 4999/4999/4999 5000/5000/5000 5006/5006/5006
f 4999/4999/4999 5006/5006/5006 5005/5005/5005
f 5000/5000/5000 5001/5001/5001 5007/5007/5007
f 5000/5000/5000 5007/5007/5007 5006/5006/5006
f 5001/5001/5001 5002/5002/5002 5008/5008/5008
f 5001/5001/5001 5008/5008/5008 5007/5007/5007
f 5002/5002/5002 4997/4997/4997 5003/5003/5003
f 5002/5002/5002 5003/5003/5003 5008/5008/5008
f 5003/5003/5003 5004/5004/5004 5010/5010/5010
f 5003/5003/5003 5010/5010/5010 5009/5009/5009
f 5004/5004/5004 5005/5005/5005 5011/5011/5011
f 5004/5004/5004 5011/5011/5011 5010/5010/5010
f 5005/5005/5005 5006/5006/5006 5012/5012/5012
f 5005/5005/5005 5012/5012/5012 5011/5011/5011
f 5006/5006/5006 5007/5007/5007 5013/5013/5013
f 5006/5006/5006 5013/5013/5013 5012/5012/5012
f 5007/5007/5007 5008/5008/5008 5014/5014/5014
f 5007/5007/5007 5014/5014/5014 5013/5013/5013
f 5008/5008/5008 5003/5003/5003 5009/5009/5009
f 5008/5008/5008 5009/5009/5009 5014/5014/5014
f 5009/5009/5009 5010/5010/5010 5016/5016/5016
f 5009/5009/5009 5016/5016/5016 5015/5015/5015
f 5010/5010/5010 5011/5011/5011 5017/5017/5017
f 5010/5010/5010 5017/5017/5017 5016/5016/5016
f 5011/5011/5011 5012/5012/5012 5018/5018/5018
f 5011/5011/5011 5018/5018/5018 5017/5017/5017
f 5012/5012/5012 5013/5013/5013 5019/5019/5019
f 5012/5012/5012 5019/5019/5019 5018/5018/5018
f 5013/5013/5013 5014/5014/5014 5020/5020/5020
f 5013/5013/5013 5020/5020/5020 5019/5019/5019
f 5014/5014/5014 5009/5009/5009 5015/5015/5015
f 5014/5014/5014 5015/5015/5015 5020/5020/5020
usemtl Skin
f 5021/5021/5021 5022/5022/5022 5028/5028/5028
f 5021/5021/5021 5028/5028/5028 5027/5027/5027
f 5022/5022/5022 5023/5023/5023 5029/5029/5029
f 5022/5022/5022 5029/5029/5029 5028/5028/5028
f 5023/5023/5023 5024/5024/5024 5030/5030/5030
f 5023/5023/5023 5030/5030/5030 5029/5029/5029
f 5024/5024/5024 5025/5025/5025 5031/5031/5031
f 5024/5024/5024 5031/5031/5031 5030/5030/5030
f 5025/5025/5025 5026/5026/5026 5032/5032/5032
f 5025/5025/5025 5032/5032/5032 5031/5031/5031
f 5026/5026/5026 5021/5021/5021 5027/5027/5027
f 5026/5026/5026 5027/5027/5027 5032/5032/5032
f 5027/5027/5027 5028/5028/5028 5034/5034/5034
f 5027/5027/5027 5034/5034/5034 5033/5033/5033
f 5028/5028/5028 5029/5029/5029 5035/5035/5035
f 5028/5028/5028 5035/5035/5035 5034/5034/5034
f 5029/5029/5029 5030/5030/5030 5036/5036/5036
f 5029/5029/5029 5036/5036/5036 5035/5035/5035
f 5030/5030/5030 5031/5031/5031 5037/5037/5037
f 5030/5030/5030 5037/5037/5037 5036/5036/5036
f 5031/5031/5031 5032/5032/5032 5038/5038/5038
f 5031/5031/5031 5038/5038/5038 5037/5037/5037
f 5032/5032/5032 5027/5027/5027 5033/5033/5033
f 5032/5032/5032 5033/5033/5033 5038/5038/5038
f 5033/5033/5033 5034/5034/5034 5040/5040/5040
f 5033/5033/5033 5040/5040/5040 5039/5039/5039
f 5034/5034/5034 5035/5035/5035 5041/5041/5041
f 5034/5034/5034 5041/5041/5041 5040/5040/5040
f 5035/5035/5035 5036/5036/5036 5042/5042/5042
f 5035/5035/5035 5042/5042/5042 5041/5041/5041
f 5036/5036/5036 5037/5037/5037 5043/5043/5043
f 5036/5036/5036 5043/5043/5043 5042/5042/5042
f 5037/5037/5037 5038/5038/5038 5044/5044/5044
f 5037/5037/5037 5044/5044/5044 5043/5043/5043
f 5038/5038/5038 5033/5033/5033 5039/5039/5039
f 5038/5038/5038 5039/5039/5039 5044/5044/5044
f 5039/5039/5039 5040/5040/5040 5046/5046/5046
f 5039/5039/5039 5046/5046/5046 5045/5045/5045
f 5040/5040/5040 5041/5041/5041 5047/5047/5047
f 5040/5040/5040 5047/5047/5047 5046/5046/5046
f 5041/5041/5041 5042/5042/5042 5048/5048/5048
f 5041/5041/5041 5048/5048/5048 5047/5047/5047
f 5042/5042/5042 5043/5043/5043 5049/5049/5049
f 5042/5042/5042 5049/5049/5049 5048/5048/5048
f 5043/5043/5043 5044/5044/5044 5050/5050/5050
f 5043/5043/5043 5050/5050/5050 5049/5049/5049
f 5044/5044/5044 5039/5039/5039 5045/5045/5045
f 5044/5044/5044 5045/5045/5045 5050/5050/5050
f 5045/5045/5045 5046/5046/5046 5052/5052/5052
f 5045/5045/5045 5052/5052/5052 5051/5051/5051
f 5046/5046/5046 5047/5047/5047 5053/5053/5053
f 5046/5046/5046 5053/5053/5053 5052/5052/5052
f 5047/5047/5047 5048/5048/5048 5054/5054/5054
f 5047/5047/5047 5054/5054/5054 5053/5053/5053
f 5048/5048/5048 5049/5049/5049 5055/5055/5055
f 5048/5048/5048 5055/5055/5055 5054/5054/5054
f 5049/5049/5049 5050/5050/5050 5056/5056/5056
f 5049/5049/5049 5056/5056/5056 5055/5055/5055
f 5050/5050/5050 5045/5045/5045 5051/5051/5051
f 5050/5050/5050 5051/5051/5051 5056/5056/5056
f 5051/5051/5051 5052/5052/5052 5058/5058/5058
f 5051/5051/5051 5058/5058/5058 5057/5057/5057
f 5052/5052/5052 5053/5053/5053 5059/5059/5059
f 5052/5052/5052 5059/5059/5059 5058/5058/5058
f 5053/5053/5053 5054/5054/5054 5060/5060/5060
f 5053/5053/5053 5060/5060/5060 5059/5059/5059
f 5054/5054/5054 5055/5055/5055 5061/5061/5061
f 5054/5054/5054 5061/5061/5061 5060/5060/5060
f 5055/5055/5055 5056/5056/5056 5062/5062/5062
f 5055/5055/5055 5062/5062/5062 5061/5061/5061
f 5056/5056/5056 5051/5051/5051 5057/5057/5057
f 5056/5056/5056 5057/5057/5057 5062/5062/5062
f 5057/5057/5057 5058/5058/5058 5064/5064/5064
f 5057/5057/5057 5064/5064/5064 5063/5063/5063
f 5058/5058/5058 5059/5059/5059 5065/5065/5065
f 5058/5058/5058 5065/5065/5065 5064/5064/5064
f 5059/5059/5059 5060/5060/5060 5066/5066/5066
f 5059/5059/5059 5066/5066/5066 5065/5065/5065
f 5060/5060/5060 5061/5061/5061 5067/5067/5067
f 5060/5060/5060 5067/5067/5067 5066/5066/5066
f 5061/5061/5061 5062/5062/5062 5068/5068/5068
f 5061/5061/5061 5068/5068/5068 5067/5067/5067
f 5062/5062/5062 5057/5057/5057 5063/5063/5063
f 5062/5062/5062 5063/5063/5063 5068/5068/5068
f 5063/5063/5063 5064/5064/5064 5070/5070/5070
f 5063/5063/5063 5070/5070/5070 5069/5069/5069
f 5064/5064/5064 5065/5065/5065 5071/5071/5071
f 5064/5064/5064 5071/5071/5071 5070/5070/5070
f 5065/5065/5065 5066/5066/5066 5072/5072/5072
f 5065/5065/5065 5072/5072/5072 5071/5071/5071
f 5066/5066/5066 5067/5067/5067 5073/5073/5073
f 5066/5066/5066 5073/5073/5073 5072/5072/5072
f 5067/5067/5067 5068/5068/5068 5074/5074/5074
f 5067/5067/5067 5074/5074/5074 5073/5073/5073
f 5068/5068/5068 5063/5063/5063 5069/5069/5069
f 5068/5068/5068 5069/5069/5069 5074/5074/5074
f 5069/5069/5069 5070/5070/5070 5076/5076/5076
f 5069/5069/5069 5076/5076/5076 5075/5075/5075
f 5070/5070/5070 5071/5071/5071 5077/5077/5077
f 5070/5070/5070 5077/5077/5077 5076/5076/5076
f 5071/5071/5071 5072/5072/5072 5078/5078/5078
f 5071/5071/5071 5078/5078/5078 5077/5077/5077
f 5072/5072/5072 5073/5073/5073 5079/5079/5079
f 5072/5072/5072 5079/5079/5079 5078/5078/5078
f 5073/5073/5073 5074/5074/5074 5080/5080/5080
f 5073/5073/5073 5080/5080/5080 5079/5079/5079
f 5074/5074/5074 5069/5069/5069 5075/5075/5075
f 5074/5074/5074 5075/5075/5075 5080/5080/5080
usemtl Skin
f 5081/5081/5081 5082/5082/5082 5088/5088/5088
f 5081/5081/5081 5088/5088/5088 5087/5087/5087
f 5082/5082/5082 5083/5083/5083 5089/5089/5089
f 5082/5082/5082 5089/5089/5089 5088/5088/5088
f 5083/5083/5083 5084/5084/5084 5090/5090/5090
f 5083/5083/5083 5090/5090/5090 5089/5089/5089
f 5084/5084/5084 5085/5085/5085 5091/5091/5091
f 5084/5084/5084 5091/5091/5091 5090/5090/5090
f 5085/5085/5085 5086/5086/5086 5092/5092/5092
f 5085/5085/5085 5092/5092/5092 5091/5091/5091
f 5086/5086/5086 5081/5081/5081 5087/5087/5087
f 5086/5086/5086 5087/5087/5087 5092/5092/5092
f 5087/5087/5087 5088/5088/5088 5094/5094/5094
f 5087/5087/5087 5094/5094/5094 5093/5093/5093
f 5088/5088/5088 5089/5089/5089 5095/5095/5095
f 5088/5088/5088 5095/5095/5095 5094/5094/5094
f 5089/5089/5089 5090/5090/5090 5096/5096/5096
f 5089/5089/5089 5096/5096/5096 5095/5095/5095
f 5090/5090/5090 5091/5091/5091 5097/5097/5097
f 5090/5090/5090 5097/5097/5097 5096/5096/5096
f 5091/5091/5091 5092/5092/5092 5098/5098/5098
f 5091/5091/5091 5098/5098/5098 5097/5097/5097
f 5092/5092/5092 5087/5087/5087 5093/5093/5093
f 5092/5092/5092 5093/5093/5093 5098/5098/5098
f 5093/5093/5093 5094/5094/5094 5100/5100/5100
f 5093/5093/5093 5100/5100/5100 5099/5099/5099
f 5094/5094/5094 5095/5095/5095 5101/5101/5101
f 5094/5094/5094 5101/5101/5101 5100/5100/5100
f 5095/5095/5095 5096/5096/5096 5102/5102/5102
f 5095/5095/5095 5102/5102/5102 5101/5101/5101
f 5096/5096/5096 5097/5097/5097 5103/5103/5103
f 5096/5096/5096 5103/5103/5103 5102/5102/5102
f 5097/5097/5097 5098/5098/5098 5104/5104/5104
f 5097/5097/5097 5104/5104/5104 5103/5103/5103
f 5098/5098/5098 5093/5093/5093 5099/5099/5099
f 5098/5098/5098 5099/5099/5099 5104/5104/5104
f 5099/5099/5099 5100/5100/5100 5106/5106/5106
f 5099/5099/5099 5106/5106/5106 5105/5105/5105
f 5100/5100/5100 5101/5101/5101 5107/5107/5107
f 5100/5100/5100 5107/5107/5107 5106/5106/5106
f 5101/5101/5101 5102/5102/5102 5108/5108/5108
f 5101/5101/5101 5108/5108/5108 5107/5107/5107
f 5102/5102/5102 5103/5103/5103 5109/5109/5109
f 5102/5102/5102 5109/5109/5109 5108/5108/5108
f 5103/5103/5103 5104/5104/5104 5110/5110/5110
f 5103/5103/5103 5110/5110/5110 5109/5109/5109
f 5104/5104/5104 5099/5099/5099 5105/5105/5105
f 5104/5104/5104 5105/5105/5105 5110/5110/5110
f 5105/5105/5105 5106/5106/5106 5112/5112/5112
f 5105/5105/5105 5112/5112/5112 5111/5111/5111
f 5106/5106/5106 5107/5107/5107 5113/5113/5113
f 5106/5106/5106 5113/5113/5113 5112/5112/5112
f 5107/5107/5107 5108/5108/5108 5114/5114/5114
f 5107/5107/5107 5114/5114/5114 5113/5113/5113
f 5108/5108/5108 5109/5109/5109 5115/5115/5115
f 5108/5108/5108 5115/5115/5115 5114/5114/5114
f 5109/5109/5109 5110/5110/5110 5116/5116/5116
f 5109/5109/5109 5116/5116/5116 5115/5115/5115
f 5110/5110/5110 5105/5105/5105 5111/5111/5111
f 5110/5110/5110 5111/5111/5111 5116/5116/5116
f 5111/5111/5111 5112/5112/5112 5118/5118/5118
f 5111/5111/5111 5118/5118/5118 5117/5117/5117
f 5112/5112/5112 5113/5113/5113 5119/5119/5119
f 5112/5112/5112 5119/5119/5119 5118/5118/5118
f 5113/5113/5113 5114/5114/5114 5120/5120/5120
f 5113/5113/5113 5120/5120/5120 5119/5119/5119
f 5114/5114/5114 5115/5115/5115 5121/5121/5121
f 5114/5114/5114 5121/5121/5121 5120/5120/5120
f 5115/5115/5115 5116/5116/5116 5122/5122/5122
f 5115/5115/5115 5122/5122/5122 5121/5121/5121
f 5116/5116/5116 5111/5111/5111 5117/5117/5117
f 5116/5116/5116 5117/5117/5117 5122/5122/5122
f 5117/5117/5117 5118/5118/5118 5124/5124/5124
f 5117/5117/5117 5124/5124/5124 5123/5123/5123
f 5118/5118/5118 5119/5119/5119 5125/5125/5125
f 5118/5118/5118 5125/5125/5125 5124/5124/5124
f 5119/5119/5119 5120/5120/5120 5126/5126/5126
f 5119/5119/5119 5126/5126/5126 5125/5125/5125
f 5120/5120/5120 5121/5121/5121 5127/5127/5127
f 5120/5120/5120 5127/5127/5127 5126/5126/5126
f 5121/5121/5121 5122/5122/5122 5128/5128/5128
f 5121/5121/5121 5128/5128/5128 5127/5127/5127
f 5122/5122/5122 5117/5117/5117 5123/5123/5123
f 5122/5122/5122 5123/5123/5123 5128/5128/5128
f 5123/5123/5123 5124/5124/5124 5130/5130/5130
f 5123/5123/5123 5130/5130/5130 5129/5129/5129
f 5124/5124/5124 5125/5125/5125 5131/5131/5131
f 5124/5124/5124 5131/5131/5131 5130/5130/5130
f 5125/5125/5125 5126/5126/5126 5132/5132/5132
f 5125/5125/5125 5132/5132/5132 5131/5131/5131
f 5126/5126/5126 5127/5127/5127 5133/5133/5133
f 5126/5126/5126 5133/5133/5133 5132/5132/5132
f 5127/5127/5127 5128/5128/5128 5134/5134/5134
f 5127/5127/5127 5134/5134/5134 5133/5133/5133
f 5128/5128/5128 5123/5123/5123 5129/5129/5129
f 5128/5128/5128 5129/5129/5129 5134/5134/5134
f 5129/5129/5129 5130/5130/5130 5136/5136/5136
f 5129/5129/5129 5136/5136/5136 5135/5135/5135
f 5130/5130/5130 5131/5131/5131 5137/5137/5137
f 5130/5130/5130 5137/5137/5137 5136/5136/5136
f 5131/5131/5131 5132/5132/5132 5138/5138/5138
f 5131/5131/5131 5138/5138/5138 5137/5137/5137
f 5132/5132/5132 5133/5133/5133 5139/5139/5139
f 5132/5132/5132 5139/5139/5139 5138/5138/5138
f 5133/5133/5133 5134/5134/5134 5140/5140/5140
f 5133/5133/5133 5140/5140/5140 5139/5139/5139
f 5134/5134/5134 5129/5129/5129 5135/5135/5135
f 5134/5134/5134 5135/5135/5135 5140/5140/5140
f 5135/5135/5135 5136/5136/5136 5142/5142/5142
f 5135/5135/5135 5142/5142/5142 5141/5141/5141
f 5136/5136/5136 5137/5137/5137 5143/5143/5143
f 5136/5136/5136 5143/5143/5143 5142/5142/5142
f 5137/5137/5137 5138/5138/5138 5144/5144/5144
f 5137/5137/5137 5144/5144/5144 5143/5143/5143
f 5138/5138/5138 5139/5139/5139 5145/5145/5145
f 5138/5138/5138 5145/5145/5145 5144/5144/5144
f 5139/5139/5139 5140/5140/5140 5146/5146/5146
f 5139/5139/5139 5146/5146/5146 5145/5145/5145
f 5140/5140/5140 5135/5135/5135 5141/5141/5141
f 5140/5140/5140 5141/5141/5141 5146/5146/5146
usemtl Pants
f 5147/5147/5147 5148/5148/5148 5157/5157/5157
f 5147/5147/5147 5157/5157/5157 5156/5156/5156
f 5148/5148/5148 5149/5149/5149 5158/5158/5158
f 5148/5148/5148 5158/5158/5158 5157/5157/5157
f 5149/5149/5149 5150/5150/5150 5159/5159/5159
f 5149/5149/5149 5159/5159/5159 5158/5158/5158
f 5150/5150/5150 5151/5151/5151 5160/5160/5160
f 5150/5150/5150 5160/5160/5160 5159/5159/5159
f 5151/5151/5151 5152/5152/5152 5161/5161/5161
f 5151/5151/5151 5161/5161/5161 5160/5160/5160
f 5152/5152/5152 5153/5153/5153 5162/5162/5162
f 5152/5152/5152 5162/5162/5162 5161/5161/5161
f 5153/5153/5153 5154/5154/5154 5163/5163/5163
f 5153/5153/5153 5163/5163/5163 5162/5162/5162
f 5154/5154/5154 5155/5155/5155 5164/5164/5164
f 5154/5154/5154 5164/5164/5164 5163/5163/5163
f 5155/5155/5155 5147/5147/5147 5156/5156/5156
f 5155/5155/5155 5156/5156/5156 5164/5164/5164
f 5156/5156/5156 5157/5157/5157 5166/5166/5166
f 5156/5156/5156 5166/5166/5166 5165/5165/5165
f 5157/5157/5157 5158/5158/5158 5167/5167/5167
f 5157/5157/5157 5167/5167/5167 5166/5166/5166
f 5158/5158/5158 5159/5159/5159 5168/5168/5168
f 5158/5158/5158 5168/5168/5168 5167/5167/5167
f 5159/5159/5159 5160/5160/5160 5169/5169/5169
f 5159/5159/5159 5169/5169/5169 5168/5168/5168
f 5160/5160/5160 5161/5161/5161 5170/5170/5170
f 5160/5160/5160 5170/5170/5170 5169/5169/5169
f 5161/5161/5161 5162/5162/5162 5171/5171/5171
f 5161/5161/5161 5171/5171/5171 5170/5170/5170
f 5162/5162/5162 5163/5163/5163 5172/5172/5172
f 5162/5162/5162 5172/5172/5172 5171/5171/5171
f 5163/5163/5163 5164/5164/5164 5173/5173/5173
f 5163/5163/5163 5173/5173/5173 5172/5172/5172
f 5164/5164/5164 5156/5156/5156 5165/5165/5165
f 5164/5164/5164 5165/5165/5165 5173/5173/5173
f 5165/5165/5165 5166/5166/5166 5175/5175/5175
f 5165/5165/5165 5175/5175/5175 5174/5174/5174
f 5166/5166/5166 5167/5167/5167 5176/5176/5176
f 5166/5166/5166 5176/5176/5176 5175/5175/5175
f 5167/5167/5167 5168/5168/5168 5177/5177/5177
f 5167/5167/5167 5177/5177/5177 5176/5176/5176
f 5168/5168/5168 5169/5169/5169 5178/5178/5178
f 5168/5168/5168 5178/5178/5178 5177/5177/5177
f 5169/5169/5169 5170/5170/5170 5179/5179/5179
f 5169/5169/5169 5179/5179/5179 5178/5178/5178
f 5170/5170/5170 5171/5171/5171 5180/5180/5180
f 5170/5170/5170 5180/5180/5180 5179/5179/5179
f 5171/5171/5171 5172/5172/5172 5181/5181/5181
f 5171/5171/5171 5181/5181/5181 5180/5180/5180
f 5172/5172/5172 5173/5173/5173 5182/5182/5182
f 5172/5172/5172 5182/5182/5182 5181/5181/5181
f 5173/5173/5173 5165/5165/5165 5174/5174/5174
f 5173/5173/5173 5174/5174/5174 5182/5182/5182
f 5174/5174/5174 5175/5175/5175 5184/5184/5184
f 5174/5174/5174 5184/5184/5184 5183/5183/5183
f 5175/5175/5175 5176/5176/5176 5185/5185/5185
f 5175/5175/5175 5185/5185/5185 5184/5184/5184
f 5176/5176/5176 5177/5177/5177 5186/5186/5186
f 5176/5176/5176 5186/5186/5186 5185/5185/5185
f 5177/5177/5177 5178/5178/5178 5187/5187/5187
f 5177/5177/5177 5187/5187/5187 5186/5186/5186
f 5178/5178/5178 5179/5179/5179 5188/5188/5188
f 5178/5178/5178 5188/5188/5188 5187/5187/5187
f 5179/5179/5179 5180/5180/5180 5189/5189/5189
f 5179/5179/5179 5189/5189/5189 5188/5188/5188
f 5180/5180/5180 5181/5181/5181 5190/5190/5190
f 5180/5180/5180 5190/5190/5190 5189/5189/5189
f 5181/5181/5181 5182/5182/5182 5191/5191/5191
f 5181/5181/5181 5191/5191/5191 5190/5190/5190
f 5182/5182/5182 5174/5174/5174 5183/5183/5183
f 5182/5182/5182 5183/5183/5183 5191/5191/5191
f 5183/5183/5183 5184/5184/5184 5193/5193/5193
f 5183/5183/5183 5193/5193/5193 5192/5192/5192
f 5184/5184/5184 5185/5185/5185 5194/5194/5194
f 5184/5184/5184 5194/5194/5194 5193/5193/5193
f 5185/5185/5185 5186/5186/5186 5195/5195/5195
f 5185/5185/5185 5195/5195/5195 5194/5194/5194
f 5186/5186/5186 5187/5187/5187 5196/5196/5196
f 5186/5186/5186 5196/5196/5196 5195/5195/5195
f 5187/5187/5187 5188/5188/5188 5197/5197/5197
f 5187/5187/5187 5197/5197/5197 5196/5196/5196
f 5188/5188/5188 5189/5189/5189 5198/5198/5198
f 5188/5188/5188 5198/5198/5198 5197/5197/5197
f 5189/5189/5189 5190/5190/5190 5199/5199/5199
f 5189/5189/5189 5199/5199/5199 5198/5198/5198
f 5190/5190/5190 5191/5191/5191 5200/5200/5200
f 5190/5190/5190 5200/5200/5200 5199/5199/5199
f 5191/5191/5191 5183/5183/5183 5192/5192/5192
f 5191/5191/5191 5192/5192/5192 5200/5200/5200
f 5192/5192/5192 5193/5193/5193 5202/5202/5202
f 5192/5192/5192 5202/5202/5202 5201/5201/5201
f 5193/5193/5193 5194/5194/5194 5203/5203/5203
f 5193/5193/5193 5203/5203/5203 5202/5202/5202
f 5194/5194/5194 5195/5195/5195 5204/5204/5204
f 5194/5194/5194 5204/5204/5204 5203/5203/5203
f 5195/5195/5195 5196/5196/5196 5205/5205/5205
f 5195/5195/5195 5205/5205/5205 5204/5204/5204
f 5196/5196/5196 5197/5197/5197 5206/5206/5206
f 5196/5196/5196 5206/5206/5206 5205/5205/5205
f 5197/5197/5197 5198/5198/5198 5207/5207/5207
f 5197/5197/5197 5207/5207/5207 5206/5206/5206
f 5198/5198/5198 5199/5199/5199 5208/5208/5208
f 5198/5198/5198 5208/5208/5208 5207/5207/5207
f 5199/5199/5199 5200/5200/5200 5209/5209/5209
f 5199/5199/5199 5209/5209/5209 5208/5208/5208
f 5200/5200/5200 5192/5192/5192 5201/5201/5201
f 5200/5200/5200 5201/5201/5201 5209/5209/5209
f 5201/5201/5201 5202/5202/5202 5211/5211/5211
f 5201/5201/5201 5211/5211/5211 5210/5210/5210
f 5202/5202/5202 5203/5203/5203 5212/5212/5212
f 5202/5202/5202 5212/5212/5212 5211/5211/5211
f 5203/5203/5203 5204/5204/5204 5213/5213/5213
f 5203/5203/5203 5213/5213/5213 5212/5212/5212
f 5204/5204/5204 5205/5205/5205 5214/5214/5214
f 5204/5204/5204 5214/5214/5214 5213/5213/5213
f 5205/5205/5205 5206/5206/5206 5215/5215/5215
f 5205/5205/5205 5215/5215/5215 5214/5214/5214
f 5206/5206/5206 5207/5207/5207 5216/5216/5216
f 5206/5206/5206 5216/5216/5216 5215/5215/5215
f 5207/5207/5207 5208/5208/5208 5217/5217/5217
f 5207/5207/5207 5217/5217/5217 5216/5216/5216
f 5208/5208/5208 5209/5209/5209 5218/5218/5218
f 5208/5208/5208 5218/5218/5218 5217/5217/5217
f 5209/5209/5209 5201/5201/5201 5210/5210/5210
f 5209/5209/5209 5210/5210/5210 5218/5218/5218
f 5210/5210/5210 5211/5211/5211 5220/5220/5220
f 5210/5210/5210 5220/5220/5220 5219/5219/5219
f 5211/5211/5211 5212/5212/5212 5221/5221/5221
f 5211/5211/5211 5221/5221/5221 5220/5220/5220
f 5212/5212/5212 5213/5213/5213 5222/5222/5222
f 5212/5212/5212 5222/5222/5222 5221/5221/5221
f 5213/5213/5213 5214/5214/5214 5223/5223/5223
f 5213/5213/5213 5223/5223/5223 5222/5222/5222
f 5214/5214/5214 5215/5215/5215 5224/5224/5224
f 5214/5214/5214 5224/5224/5224 5223/5223/5223
f 5215/5215/5215 5216/5216/5216 5225/5225/5225
f 5215/5215/5215 5225/5225/5225 5224/5224/5224
f 5216/5216/5216 5217/5217/5217 5226/5226/5226
f 5216/5216/5216 5226/5226/5226 5225/5225/5225
f 5217/5217/5217 5218/5218/5218 5227/5227/5227
f 5217/5217/5217 5227/5227/5227 5226/5226/5226
f 5218/5218/5218 5210/5210/5210 5219/5219/5219
f 5218/5218/5218 5219/5219/5219 5227/5227/5227
f 5219/5219/5219 5220/5220/5220 5229/5229/5229
f 5219/5219/5219 5229/5229/5229 5228/5228/5228
f 5220/5220/5220 5221/5221/5221 5230/5230/5230
f 5220/5220/5220 5230/5230/5230 5229/5229/5229
f 5221/5221/5221 5222/5222/5222 5231/5231/5231
f 5221/5221/5221 5231/5231/5231 5230/5230/5230
f 5222/5222/5222 5223/5223/5223 5232/5232/5232
f 5222/5222/5222 5232/5232/5232 5231/5231/5231
f 5223/5223/5223 5224/5224/5224 5233/5233/5233
f 5223/5223/5223 5233/5233/5233 5232/5232/5232
f 5224/5224/5224 5225/5225/5225 5234/5234/5234
f 5224/5224/5224 5234/5234/5234 5233/5233/5233
f 5225/5225/5225 5226/5226/5226 5235/5235/5235
f 5225/5225/5225 5235/5235/5235 5234/5234/5234
f 5226/5226/5226 5227/5227/5227 5236/5236/5236
f 5226/5226/5226 5236/5236/5236 5235/5235/5235
f 5227/5227/5227 5219/5219/5219 5228/5228/5228
f 5227/5227/5227 5228/5228/5228 5236/5236/5236
f 5228/5228/5228 5229/5229/5229 5238/5238/5238
f 5228/5228/5228 5238/5238/5238 5237/5237/5237
f 5229/5229/5229 5230/5230/5230 5239/5239/5239
f 5229/5229/5229 5239/5239/5239 5238/5238/5238
f 5230/5230/5230 5231/5231/5231 5240/5240/5240
f 5230/5230/5230 5240/5240/5240 5239/5239/5239
f 5231/5231/5231 5232/5232/5232 5241/5241/5241
f 5231/5231/5231 5241/5241/5241 5240/5240/5240
f 5232/5232/5232 5233/5233/5233 5242/5242/5242
f 5232/5232/5232 5242/5242/5242 5241/5241/5241
f 5233/5233/5233 5234/5234/5234 5243/5243/5243
f 5233/5233/5233 5243/5243/5243 5242/5242/5242
f 5234/5234/5234 5235/5235/5235 5244/5244/5244
f 5234/5234/5234 5244/5244/5244 5243/5243/5243
f 5235/5235/5235 5236/5236/5236 5245/5245/5245
f 5235/5235/5235 5245/5245/5245 5244/5244/5244
f 5236/5236/5236 5228/5228/5228 5237/5237/5237
f 5236/5236/5236 5237/5237/5237 5245/5245/5245
f 5237/5237/5237 5238/5238/5238 5247/5247/5247
f 5237/5237/5237 5247/5247/5247 5246/5246/5246
f 5238/5238/5238 5239/5239/5239 5248/5248/5248
f 5238/5238/5238 5248/5248/5248 5247/5247/5247
f 5239/5239/5239 5240/5240/5240 5249/5249/5249
f 5239/5239/5239 5249/5249/5249 5248/5248/5248
f 5240/5240/5240 5241/5241/5241 5250/5250/5250
f 5240/5240/5240 5250/5250/5250 5249/5249/5249
f 5241/5241/5241 5242/5242/5242 5251/5251/5251
f 5241/5241/5241 5251/5251/5251 5250/5250/5250
f 5242/5242/5242 5243/5243/5243 5252/5252/5252
f 5242/5242/5242 5252/5252/5252 5251/5251/5251
f 5243/5243/5243 5244/5244/5244 5253/5253/5253
f 5243/5243/5243 5253/5253/5253 5252/5252/5252
f 5244/5244/5244 5245/5245/5245 5254/5254/5254
f 5244/5244/5244 5254/5254/5254 5253/5253/5253
f 5245/5245/5245 5237/5237/5237 5246/5246/5246
f 5245/5245/5245 5246/5246/5246 5254/5254/5254
f 5246/5246/5246 5247/5247/5247 5256/5256/5256
f 5246/5246/5246 5256/5256/5256 5255/5255/5255
f 5247/5247/5247 5248/5248/5248 5257/5257/5257
f 5247/5247/5247 5257/5257/5257 5256/5256/5256
f 5248/5248/5248 5249/5249/5249 5258/5258/5258
f 5248/5248/5248 5258/5258/5258 5257/5257/5257
f 5249/5249/5249 5250/5250/5250 5259/5259/5259
f 5249/5249/5249 5259/5259/5259 5258/5258/5258
f 5250/5250/5250 5251/5251/5251 5260/5260/5260
f 5250/5250/5250 5260/5260/5260 5259/5259/5259
f 5251/5251/5251 5252/5252/5252 5261/5261/5261
f 5251/5251/5251 5261/5261/5261 5260/5260/5260
f 5252/5252/5252 5253/5253/5253 5262/5262/5262
f 5252/5252/5252 5262/5262/5262 5261/5261/5261
f 5253/5253/5253 5254/5254/5254 5263/5263/5263
f 5253/5253/5253 5263/5263/5263 5262/5262/5262
f 5254/5254/5254 5246/5246/5246 5255/5255/5255
f 5254/5254/5254 5255/5255/5255 5263/5263/5263
usemtl Pants
f 5264/5264/5264 5265/5265/5265 5273/5273/5273
f 5264/5264/5264 5273/5273/5273 5272/5272/5272
f 5265/5265/5265 5266/5266/5266 5274/5274/5274
f 5265/5265/5265 5274/5274/5274 5273/5273/5273
f 5266/5266/5266 5267/5267/5267 5275/5275/5275
f 5266/5266/5266 5275/5275/5275 5274/5274/5274
f 5267/5267/5267 5268/5268/5268 5276/5276/5276
f 5267/5267/5267 5276/5276/5276 5275/5275/5275
f 5268/5268/5268 5269/5269/5269 5277/5277/5277
f 5268/5268/5268 5277/5277/5277 5276/5276/5276
f 5269/5269/5269 5270/5270/5270 5278/5278/5278
f 5269/5269/5269 5278/5278/5278 5277/5277/5277
f 5270/5270/5270 5271/5271/5271 5279/5279/5279
f 5270/5270/5270 5279/5279/5279 5278/5278/5278
f 5271/5271/5271 5264/5264/5264 5272/5272/5272
f 5271/5271/5271 5272/5272/5272 5279/5279/5279
f 5272/5272/5272 5273/5273/5273 5281/5281/5281
f 5272/5272/5272 5281/5281/5281 5280/5280/5280
f 5273/5273/5273 5274/5274/5274 5282/5282/5282
f 5273/5273/5273 5282/5282/5282 5281/5281/5281
f 5274/5274/5274 5275/5275/5275 5283/5283/5283
f 5274/5274/5274 5283/5283/5283 5282/5282/5282
f 5275/5275/5275 5276/5276/5276 5284/5284/5284
f 5275/5275/5275 5284/5284/5284 5283/5283/5283
f 5276/5276/5276 5277/5277/5277 5285/5285/5285
f 5276/5276/5276 5285/5285/5285 5284/5284/5284
f 5277/5277/5277 5278/5278/5278 5286/5286/5286
f 5277/5277/5277 5286/5286/5286 5285/5285/5285
f 5278/5278/5278 5279/5279/5279 5287/5287/5287
f 5278/5278/5278 5287/5287/5287 5286/5286/5286
f 5279/5279/5279 5272/5272/5272 5280/5280/5280
f 5279/5279/5279 5280/5280/5280 5287/5287/5287
f 5280/5280/5280 5281/5281/5281 5289/5289/5289
f 5280/5280/5280 5289/5289/5289 5288/5288/5288
f 5281/5281/5281 5282/5282/5282 5290/5290/5290
f 5281/5281/5281 5290/5290/5290 5289/5289/5289
f 5282/5282/5282 5283/5283/5283 5291/5291/5291
f 5282/5282/5282 5291/5291/5291 5290/5290/5290
f 5283/5283/5283 5284/5284/5284 5292/5292/5292
f 5283/5283/5283 5292/5292/5292 5291/5291/5291
f 5284/5284/5284 5285/5285/5285 5293/5293/5293
f 5284/5284/5284 5293/5293/5293 5292/5292/5292
f 5285/5285/5285 5286/5286/5286 5294/5294/5294
f 5285/5285/5285 5294/5294/5294 5293/5293/5293
f 5286/5286/5286 5287/5287/5287 5295/5295/5295
f 5286/5286/5286 5295/5295/5295 5294/5294/5294
f 5287/5287/5287 5280/5280/5280 5288/5288/5288
f 5287/5287/5287 5288/5288/5288 5295/5295/5295
f 5288/5288/5288 5289/5289/5289 5297/5297/5297
f 5288/5288/5288 5297/5297/5297 5296/5296/5296
f 5289/5289/5289 5290/5290/5290 5298/5298/5298
f 5289/5289/5289 5298/5298/5298 5297/5297/5297
f 5290/5290/5290 5291/5291/5291 5299/5299/5299
f 5290/5290/5290 5299/5299/5299 5298/5298/5298
f 5291/5291/5291 5292/5292/5292 5300/5300/5300
f 5291/5291/5291 5300/5300/5300 5299/5299/5299
f 5292/5292/5292 5293/5293/5293 5301/5301/5301
f 5292/5292/5292 5301/5301/5301 5300/5300/5300
f 5293/5293/5293 5294/5294/5294 5302/5302/5302
f 5293/5293/5293 5302/5302/5302 5301/5301/5301
f 5294/5294/5294 5295/5295/5295 5303/5303/5303
f 5294/5294/5294 5303/5303/5303 5302/5302/5302
f 5295/5295/5295 5288/5288/5288 5296/5296/5296
f 5295/5295/5295 5296/5296/5296 5303/5303/5303
f 5296/5296/5296 5297/5297/5297 5305/5305/5305
f 5296/5296/5296 5305/5305/5305 5304/5304/5304
f 5297/5297/5297 5298/5298/5298 5306/5306/5306
f 5297/5297/5297 5306/5306/5306 5305/5305/5305
f 5298/5298/5298 5299/5299/5299 5307/5307/5307
f 5298/5298/5298 5307/5307/5307 5306/5306/5306
f 5299/5299/5299 5300/5300/5300 5308/5308/5308
f 5299/5299/5299 5308/5308/5308 5307/5307/5307
f 5300/5300/5300 5301/5301/5301 5309/5309/5309
f 5300/5300/5300 5309/5309/5309 5308/5308/5308
f 5301/5301/5301 5302/5302/5302 5310/5310/5310
f 5301/5301/5301 5310/5310/5310 5309/5309/5309
f 5302/5302/5302 5303/5303/5303 5311/5311/5311
f 5302/5302/5302 5311/5311/5311 5310/5310/5310
f 5303/5303/5303 5296/5296/5296 5304/5304/5304
f 5303/5303/5303 5304/5304/5304 5311/5311/5311
usemtl Pants
f 5312/5312/5312 5313/5313/5313 5321/5321/5321
f 5312/5312/5312 5321/5321/5321 5320/5320/5320
f 5313/5313/5313 5314/5314/5314 5322/5322/5322
f 5313/5313/5313 5322/5322/5322 5321/5321/5321
f 5314/5314/5314 5315/5315/5315 5323/5323/5323
f 5314/5314/5314 5323/5323/5323 5322/5322/5322
f 5315/5315/5315 5316/5316/5316 5324/5324/5324
f 5315/5315/5315 5324/5324/5324 5323/5323/5323
f 5316/5316/5316 5317/5317/5317 5325/5325/5325
f 5316/5316/5316 5325/5325/5325 5324/5324/5324
f 5317/5317/5317 5318/5318/5318 5326/5326/5326
f 5317/5317/5317 5326/5326/5326 5325/5325/5325
f 5318/5318/5318 5319/5319/5319 5327/5327/5327
f 5318/5318/5318 5327/5327/5327 5326/5326/5326
f 5319/5319/5319 5312/5312/5312 5320/5320/5320
f 5319/5319/5319 5320/5320/5320 5327/5327/5327
f 5320/5320/5320 5321/5321/5321 5329/5329/5329
f 5320/5320/5320 5329/5329/5329 5328/5328/5328
f 5321/5321/5321 5322/5322/5322 5330/5330/5330
f 5321/5321/5321 5330/5330/5330 5329/5329/5329
f 5322/5322/5322 5323/5323/5323 5331/5331/5331
f 5322/5322/5322 5331/5331/5331 5330/5330/5330
f 5323/5323/5323 5324/5324/5324 5332/5332/5332
f 5323/5323/5323 5332/5332/5332 5331/5331/5331
f 5324/5324/5324 5325/5325/5325 5333/5333/5333
f 5324/5324/5324 5333/5333/5333 5332/5332/5332
f 5325/5325/5325 5326/5326/5326 5334/5334/5334
f 5325/5325/5325 5334/5334/5334 5333/5333/5333
f 5326/5326/5326 5327/5327/5327 5335/5335/5335
f 5326/5326/5326 5335/5335/5335 5334/5334/5334
f 5327/5327/5327 5320/5320/5320 5328/5328/5328
f 5327/5327/5327 5328/5328/5328 5335/5335/5335
f 5328/5328/5328 5329/5329/5329 5337/5337/5337
f 5328/5328/5328 5337/5337/5337 5336/5336/5336
f 5329/5329/5329 5330/5330/5330 5338/5338/5338
f 5329/5329/5329 5338/5338/5338 5337/5337/5337
f 5330/5330/5330 5331/5331/5331 5339/5339/5339
f 5330/5330/5330 5339/5339/5339 5338/5338/5338
f 5331/5331/5331 5332/5332/5332 5340/5340/5340
f 5331/5331/5331 5340/5340/5340 5339/5339/5339
f 5332/5332/5332 5333/5333/5333 5341/5341/5341
f 5332/5332/5332 5341/5341/5341 5340/5340/5340
f 5333/5333/5333 5334/5334/5334 5342/5342/5342
f 5333/5333/5333 5342/5342/5342 5341/5341/5341
f 5334/5334/5334 5335/5335/5335 5343/5343/5343
f 5334/5334/5334 5343/5343/5343 5342/5342/5342
f 5335/5335/5335 5328/5328/5328 5336/5336/5336
f 5335/5335/5335 5336/5336/5336 5343/5343/5343
f 5336/5336/5336 5337/5337/5337 5345/5345/5345
f 5336/5336/5336 5345/5345/5345 5344/5344/5344
f 5337/5337/5337 5338/5338/5338 5346/5346/5346
f 5337/5337/5337 5346/5346/5346 5345/5345/5345
f 5338/5338/5338 5339/5339/5339 5347/5347/5347
f 5338/5338/5338 5347/5347/5347 5346/5346/5346
f 5339/5339/5339 5340/5340/5340 5348/5348/5348
f 5339/5339/5339 5348/5348/5348 5347/5347/5347
f 5340/5340/5340 5341/5341/5341 5349/5349/5349
f 5340/5340/5340 5349/5349/5349 5348/5348/5348
f 5341/5341/5341 5342/5342/5342 5350/5350/5350
f 5341/5341/5341 5350/5350/5350 5349/5349/5349
f 5342/5342/5342 5343/5343/5343 5351/5351/5351
f 5342/5342/5342 5351/5351/5351 5350/5350/5350
f 5343/5343/5343 5336/5336/5336 5344/5344/5344
f 5343/5343/5343 5344/5344/5344 5351/5351/5351
f 5344/5344/5344 5345/5345/5345 5353/5353/5353
f 5344/5344/5344 5353/5353/5353 5352/5352/5352
f 5345/5345/5345 5346/5346/5346 5354/5354/5354
f 5345/5345/5345 5354/5354/5354 5353/5353/5353
f 5346/5346/5346 5347/5347/5347 5355/5355/5355
f 5346/5346/5346 5355/5355/5355 5354/5354/5354
f 5347/5347/5347 5348/5348/5348 5356/5356/5356
f 5347/5347/5347 5356/5356/5356 5355/5355/5355
f 5348/5348/5348 5349/5349/5349 5357/5357/5357
f 5348/5348/5348 5357/5357/5357 5356/5356/5356
f 5349/5349/5349 5350/5350/5350 5358/5358/5358
f 5349/5349/5349 5358/5358/5358 5357/5357/5357
f 5350/5350/5350 5351/5351/5351 5359/5359/5359
f 5350/5350/5350 5359/5359/5359 5358/5358/5358
f 5351/5351/5351 5344/5344/5344 5352/5352/5352
f 5351/5351/5351 5352/5352/5352 5359/5359/5359
f 5352/5352/5352 5353/5353/5353 5361/5361/5361
f 5352/5352/5352 5361/5361/5361 5360/5360/5360
f 5353/5353/5353 5354/5354/5354 5362/5362/5362
f 5353/5353/5353 5362/5362/5362 5361/5361/5361
f 5354/5354/5354 5355/5355/5355 5363/5363/5363
f 5354/5354/5354 5363/5363/5363 5362/5362/5362
f 5355/5355/5355 5356/5356/5356 5364/5364/5364
f 5355/5355/5355 5364/5364/5364 5363/5363/5363
f 5356/5356/5356 5357/5357/5357 5365/5365/5365
f 5356/5356/5356 5365/5365/5365 5364/5364/5364
f 5357/5357/5357 5358/5358/5358 5366/5366/5366
f 5357/5357/5357 5366/5366/5366 5365/5365/5365
f 5358/5358/5358 5359/5359/5359 5367/5367/5367
f 5358/5358/5358 5367/5367/5367 5366/5366/5366
f 5359/5359/5359 5352/5352/5352 5360/5360/5360
f 5359/5359/5359 5360/5360/5360 5367/5367/5367
f 5360/5360/5360 5361/5361/5361 5369/5369/5369
f 5360/5360/5360 5369/5369/5369 5368/5368/5368
f 5361/5361/5361 5362/5362/5362 5370/5370/5370
f 5361/5361/5361 5370/5370/5370 5369/5369/5369
f 5362/5362/5362 5363/5363/5363 5371/5371/5371
f 5362/5362/5362 5371/5371/5371 5370/5370/5370
f 5363/5363/5363 5364/5364/5364 5372/5372/5372
f 5363/5363/5363 5372/5372/5372 5371/5371/5371
f 5364/5364/5364 5365/5365/5365 5373/5373/5373
f 5364/5364/5364 5373/5373/5373 5372/5372/5372
f 5365/5365/5365 5366/5366/5366 5374/5374/5374
f 5365/5365/5365 5374/5374/5374 5373/5373/5373
f 5366/5366/5366 5367/5367/5367 5375/5375/5375
f 5366/5366/5366 5375/5375/5375 5374/5374/5374
f 5367/5367/5367 5360/5360/5360 5368/5368/5368
f 5367/5367/5367 5368/5368/5368 5375/5375/5375
f 5368/5368/5368 5369/5369/5369 5377/5377/5377
f 5368/5368/5368 5377/5377/5377 5376/5376/5376
f 5369/5369/5369 5370/5370/5370 5378/5378/5378
f 5369/5369/5369 5378/5378/5378 5377/5377/5377
f 5370/5370/5370 5371/5371/5371 5379/5379/5379
f 5370/5370/5370 5379/5379/5379 5378/5378/5378
f 5371/5371/5371 5372/5372/5372 5380/5380/5380
f 5371/5371/5371 5380/5380/5380 5379/5379/5379
f 5372/5372/5372 5373/5373/5373 5381/5381/5381
f 5372/5372/5372 5381/5381/5381 5380/5380/5380
f 5373/5373/5373 5374/5374/5374 5382/5382/5382
f 5373/5373/5373 5382/5382/5382 5381/5381/5381
f 5374/5374/5374 5375/5375/5375 5383/5383/5383
f 5374/5374/5374 5383/5383/5383 5382/5382/5382
f 5375/5375/5375 5368/5368/5368 5376/5376/5376
f 5375/5375/5375 5376/5376/5376 5383/5383/5383
f 5376/5376/5376 5377/5377/5377 5385/5385/5385
f 5376/5376/5376 5385/5385/5385 5384/5384/5384
f 5377/5377/5377 5378/5378/5378 5386/5386/5386
f 5377/5377/5377 5386/5386/5386 5385/5385/5385
f 5378/5378/5378 5379/5379/5379 5387/5387/5387
f 5378/5378/5378 5387/5387/5387 5386/5386/5386
f 5379/5379/5379 5380/5380/5380 5388/5388/5388
f 5379/5379/5379 5388/5388/5388 5387/5387/5387
f 5380/5380/5380 5381/5381/5381 5389/5389/5389
f 5380/5380/5380 5389/5389/5389 5388/5388/5388
f 5381/5381/5381 5382/5382/5382 5390/5390/5390
f 5381/5381/5381 5390/5390/5390 5389/5389/5389
f 5382/5382/5382 5383/5383/5383 5391/5391/5391
f 5382/5382/5382 5391/5391/5391 5390/5390/5390
f 5383/5383/5383 5376/5376/5376 5384/5384/5384
f 5383/5383/5383 5384/5384/5384 5391/5391/5391
f 5384/5384/5384 5385/5385/5385 5393/5393/5393
f 5384/5384/5384 5393/5393/5393 5392/5392/5392
f 5385/5385/5385 5386/5386/5386 5394/5394/5394
f 5385/5385/5385 5394/5394/5394 5393/5393/5393
f 5386/5386/5386 5387/5387/5387 5395/5395/5395
f 5386/5386/5386 5395/5395/5395 5394/5394/5394
f 5387/5387/5387 5388/5388/5388 5396/5396/5396
f 5387/5387/5387 5396/5396/5396 5395/5395/5395
f 5388/5388/5388 5389/5389/5389 5397/5397/5397
f 5388/5388/5388 5397/5397/5397 5396/5396/5396
f 5389/5389/5389 5390/5390/5390 5398/5398/5398
f 5389/5389/5389 5398/5398/5398 5397/5397/5397
f 5390/5390/5390 5391/5391/5391 5399/5399/5399
f 5390/5390/5390 5399/5399/5399 5398/5398/5398
f 5391/5391/5391 5384/5384/5384 5392/5392/5392
f 5391/5391/5391 5392/5392/5392 5399/5399/5399
f 5392/5392/5392 5393/5393/5393 5401/5401/5401
f 5392/5392/5392 5401/5401/5401 5400/5400/5400
f 5393/5393/5393 5394/5394/5394 5402/5402/5402
f 5393/5393/5393 5402/5402/5402 5401/5401/5401
f 5394/5394/5394 5395/5395/5395 5403/5403/5403
f 5394/5394/5394 5403/5403/5403 5402/5402/5402
f 5395/5395/5395 5396/5396/5396 5404/5404/5404
f 5395/5395/5395 5404/5404/5404 5403/5403/5403
f 5396/5396/5396 5397/5397/5397 5405/5405/5405
f 5396/5396/5396 5405/5405/5405 5404/5404/5404
f 5397/5397/5397 5398/5398/5398 5406/5406/5406
f 5397/5397/5397 5406/5406/5406 5405/5405/5405
f 5398/5398/5398 5399/5399/5399 5407/5407/5407
f 5398/5398/5398 5407/5407/5407 5406/5406/5406
f 5399/5399/5399 5392/5392/5392 5400/5400/5400
f 5399/5399/5399 5400/5400/5400 5407/5407/5407
f 5400/5400/5400 5401/5401/5401 5409/5409/5409
f 5400/5400/5400 5409/5409/5409 5408/5408/5408
f 5401/5401/5401 5402/5402/5402 5410/5410/5410
f 5401/5401/5401 5410/5410/5410 5409/5409/5409
f 5402/5402/5402 5403/5403/5403 5411/5411/5411
f 5402/5402/5402 5411/5411/5411 5410/5410/5410
f 5403/5403/5403 5404/5404/5404 5412/5412/5412
f 5403/5403/5403 5412/5412/5412 5411/5411/5411
f 5404/5404/5404 5405/5405/5405 5413/5413/5413
f 5404/5404/5404 5413/5413/5413 5412/5412/5412
f 5405/5405/5405 5406/5406/5406 5414/5414/5414
f 5405/5405/5405 5414/5414/5414 5413/5413/5413
f 5406/5406/5406 5407/5407/5407 5415/5415/5415
f 5406/5406/5406 5415/5415/5415 5414/5414/5414
f 5407/5407/5407 5400/5400/5400 5408/5408/5408
f 5407/5407/5407 5408/5408/5408 5415/5415/5415
f 5408/5408/5408 5409/5409/5409 5417/5417/5417
f 5408/5408/5408 5417/5417/5417 5416/5416/5416
f 5409/5409/5409 5410/5410/5410 5418/5418/5418
f 5409/5409/5409 5418/5418/5418 5417/5417/5417
f 5410/5410/5410 5411/5411/5411 5419/5419/5419
f 5410/5410/5410 5419/5419/5419 5418/5418/5418
f 5411/5411/5411 5412/5412/5412 5420/5420/5420
f 5411/5411/5411 5420/5420/5420 5419/5419/5419
f 5412/5412/5412 5413/5413/5413 5421/5421/5421
f 5412/5412/5412 5421/5421/5421 5420/5420/5420
f 5413/5413/5413 5414/5414/5414 5422/5422/5422
f 5413/5413/5413 5422/5422/5422 5421/5421/5421
f 5414/5414/5414 5415/5415/5415 5423/5423/5423
f 5414/5414/5414 5423/5423/5423 5422/5422/5422
f 5415/5415/5415 5408/5408/5408 5416/5416/5416
f 5415/5415/5415 5416/5416/5416 5423/5423/5423
f 5416/5416/5416 5417/5417/5417 5425/5425/5425
f 5416/5416/5416 5425/5425/5425 5424/5424/5424
f 5417/5417/5417 5418/5418/5418 5426/5426/5426
f 5417/5417/5417 5426/5426/5426 5425/5425/5425
f 5418/5418/5418 5419/5419/5419 5427/5427/5427
f 5418/5418/5418 5427/5427/5427 5426/5426/5426
f 5419/5419/5419 5420/5420/5420 5428/5428/5428
f 5419/5419/5419 5428/5428/5428 5427/5427/5427
f 5420/5420/5420 5421/5421/5421 5429/5429/5429
f 5420/5420/5420 5429/5429/5429 5428/5428/5428
f 5421/5421/5421 5422/5422/5422 5430/5430/5430
f 5421/5421/5421 5430/5430/5430 5429/5429/5429
f 5422/5422/5422 5423/5423/5423 5431/5431/5431
f 5422/5422/5422 5431/5431/5431 5430/5430/5430
f 5423/5423/5423 5416/5416/5416 5424/5424/5424
f 5423/5423/5423 5424/5424/5424 5431/5431/5431
usemtl Pants
f 5432/5432/5432 5433/5433/5433 5441/5441/5441
f 5432/5432/5432 5441/5441/5441 5440/5440/5440
f 5433/5433/5433 5434/5434/5434 5442/5442/5442
f 5433/5433/5433 5442/5442/5442 5441/5441/5441
f 5434/5434/5434 5435/5435/5435 5443/5443/5443
f 5434/5434/5434 5443/5443/5443 5442/5442/5442
f 5435/5435/5435 5436/5436/5436 5444/5444/5444
f 5435/5435/5435 5444/5444/5444 5443/5443/5443
f 5436/5436/5436 5437/5437/5437 5445/5445/5445
f 5436/5436/5436 5445/5445/5445 5444/5444/5444
f 5437/5437/5437 5438/5438/5438 5446/5446/5446
f 5437/5437/5437 5446/5446/5446 5445/5445/5445
f 5438/5438/5438 5439/5439/5439 5447/5447/5447
f 5438/5438/5438 5447/5447/5447 5446/5446/5446
f 5439/5439/5439 5432/5432/5432 5440/5440/5440
f 5439/5439/5439 5440/5440/5440 5447/5447/5447
f 5440/5440/5440 5441/5441/5441 5449/5449/5449
f 5440/5440/5440 5449/5449/5449 5448/5448/5448
f 5441/5441/5441 5442/5442/5442 5450/5450/5450
f 5441/5441/5441 5450/5450/5450 5449/5449/5449
f 5442/5442/5442 5443/5443/5443 5451/5451/5451
f 5442/5442/5442 5451/5451/5451 5450/5450/5450
f 5443/5443/5443 5444/5444/5444 5452/5452/5452
f 5443/5443/5443 5452/5452/5452 5451/5451/5451
f 5444/5444/5444 5445/5445/5445 5453/5453/5453
f 5444/5444/5444 5453/5453/5453 5452/5452/5452
f 5445/5445/5445 5446/5446/5446 5454/5454/5454
f 5445/5445/5445 5454/5454/5454 5453/5453/5453
f 5446/5446/5446 5447/5447/5447 5455/5455/5455
f 5446/5446/5446 5455/5455/5455 5454/5454/5454
f 5447/5447/5447 5440/5440/5440 5448/5448/5448
f 5447/5447/5447 5448/5448/5448 5455/5455/5455
f 5448/5448/5448 5449/5449/5449 5457/5457/5457
f 5448/5448/5448 5457/5457/5457 5456/5456/5456
f 5449/5449/5449 5450/5450/5450 5458/5458/5458
f 5449/5449/5449 5458/5458/5458 5457/5457/5457
f 5450/5450/5450 5451/5451/5451 5459/5459/5459
f 5450/5450/5450 5459/5459/5459 5458/5458/5458
f 5451/5451/5451 5452/5452/5452 5460/5460/5460
f 5451/5451/5451 5460/5460/5460 5459/5459/5459
f 5452/5452/5452 5453/5453/5453 5461/5461/5461
f 5452/5452/5452 5461/5461/5461 5460/5460/5460
f 5453/5453/5453 5454/5454/5454 5462/5462/5462
f 5453/5453/5453 5462/5462/5462 5461/5461/5461
f 5454/5454/5454 5455/5455/5455 5463/5463/5463
f 5454/5454/5454 5463/5463/5463 5462/5462/5462
f 5455/5455/5455 5448/5448/5448 5456/5456/5456
f 5455/5455/5455 5456/5456/5456 5463/5463/5463
f 5456/5456/5456 5457/5457/5457 5465/5465/5465
f 5456/5456/5456 5465/5465/5465 5464/5464/5464
f 5457/5457/5457 5458/5458/5458 5466/5466/5466
f 5457/5457/5457 5466/5466/5466 5465/5465/5465
f 5458/5458/5458 5459/5459/5459 5467/5467/5467
f 5458/5458/5458 5467/5467/5467 5466/5466/5466
f 5459/5459/5459 5460/5460/5460 5468/5468/5468
f 5459/5459/5459 5468/5468/5468 5467/5467/5467
f 5460/5460/5460 5461/5461/5461 5469/5469/5469
f 5460/5460/5460 5469/5469/5469 5468/5468/5468
f 5461/5461/5461 5462/5462/5462 5470/5470/5470
f 5461/5461/5461 5470/5470/5470 5469/5469/5469
f 5462/5462/5462 5463/5463/5463 5471/5471/5471
f 5462/5462/5462 5471/5471/5471 5470/5470/5470
f 5463/5463/5463 5456/5456/5456 5464/5464/5464
f 5463/5463/5463 5464/5464/5464 5471/5471/5471
usemtl ShoeSole
f 5472/5472/5472 5473/5473/5473 5483/5483/5483
f 5472/5472/5472 5483/5483/5483 5482/5482/5482
f 5473/5473/5473 5474/5474/5474 5484/5484/5484
f 5473/5473/5473 5484/5484/5484 5483/5483/5483
f 5474/5474/5474 5475/5475/5475 5485/5485/5485
f 5474/5474/5474 5485/5485/5485 5484/5484/5484
f 5475/5475/5475 5476/5476/5476 5486/5486/5486
f 5475/5475/5475 5486/5486/5486 5485/5485/5485
f 5476/5476/5476 5477/5477/5477 5487/5487/5487
f 5476/5476/5476 5487/5487/5487 5486/5486/5486
f 5477/5477/5477 5478/5478/5478 5488/5488/5488
f 5477/5477/5477 5488/5488/5488 5487/5487/5487
f 5478/5478/5478 5479/5479/5479 5489/5489/5489
f 5478/5478/5478 5489/5489/5489 5488/5488/5488
f 5479/5479/5479 5480/5480/5480 5490/5490/5490
f 5479/5479/5479 5490/5490/5490 5489/5489/5489
f 5480/5480/5480 5481/5481/5481 5491/5491/5491
f 5480/5480/5480 5491/5491/5491 5490/5490/5490
f 5481/5481/5481 5472/5472/5472 5482/5482/5482
f 5481/5481/5481 5482/5482/5482 5491/5491/5491
f 5482/5482/5482 5483/5483/5483 5493/5493/5493
f 5482/5482/5482 5493/5493/5493 5492/5492/5492
f 5483/5483/5483 5484/5484/5484 5494/5494/5494
f 5483/5483/5483 5494/5494/5494 5493/5493/5493
f 5484/5484/5484 5485/5485/5485 5495/5495/5495
f 5484/5484/5484 5495/5495/5495 5494/5494/5494
f 5485/5485/5485 5486/5486/5486 5496/5496/5496
f 5485/5485/5485 5496/5496/5496 5495/5495/5495
f 5486/5486/5486 5487/5487/5487 5497/5497/5497
f 5486/5486/5486 5497/5497/5497 5496/5496/5496
f 5487/5487/5487 5488/5488/5488 5498/5498/5498
f 5487/5487/5487 5498/5498/5498 5497/5497/5497
f 5488/5488/5488 5489/5489/5489 5499/5499/5499
f 5488/5488/5488 5499/5499/5499 5498/5498/5498
f 5489/5489/5489 5490/5490/5490 5500/5500/5500
f 5489/5489/5489 5500/5500/5500 5499/5499/5499
f 5490/5490/5490 5491/5491/5491 5501/5501/5501
f 5490/5490/5490 5501/5501/5501 5500/5500/5500
f 5491/5491/5491 5482/5482/5482 5492/5492/5492
f 5491/5491/5491 5492/5492/5492 5501/5501/5501
f 5492/5492/5492 5493/5493/5493 5503/5503/5503
f 5492/5492/5492 5503/5503/5503 5502/5502/5502
f 5493/5493/5493 5494/5494/5494 5504/5504/5504
f 5493/5493/5493 5504/5504/5504 5503/5503/5503
f 5494/5494/5494 5495/5495/5495 5505/5505/5505
f 5494/5494/5494 5505/5505/5505 5504/5504/5504
f 5495/5495/5495 5496/5496/5496 5506/5506/5506
f 5495/5495/5495 5506/5506/5506 5505/5505/5505
f 5496/5496/5496 5497/5497/5497 5507/5507/5507
f 5496/5496/5496 5507/5507/5507 5506/5506/5506
f 5497/5497/5497 5498/5498/5498 5508/5508/5508
f 5497/5497/5497 5508/5508/5508 5507/5507/5507
f 5498/5498/5498 5499/5499/5499 5509/5509/5509
f 5498/5498/5498 5509/5509/5509 5508/5508/5508
f 5499/5499/5499 5500/5500/5500 5510/5510/5510
f 5499/5499/5499 5510/5510/5510 5509/5509/5509
f 5500/5500/5500 5501/5501/5501 5511/5511/5511
f 5500/5500/5500 5511/5511/5511 5510/5510/5510
f 5501/5501/5501 5492/5492/5492 5502/5502/5502
f 5501/5501/5501 5502/5502/5502 5511/5511/5511
f 5502/5502/5502 5503/5503/5503 5513/5513/5513
f 5502/5502/5502 5513/5513/5513 5512/5512/5512
f 5503/5503/5503 5504/5504/5504 5514/5514/5514
f 5503/5503/5503 5514/5514/5514 5513/5513/5513
f 5504/5504/5504 5505/5505/5505 5515/5515/5515
f 5504/5504/5504 5515/5515/5515 5514/5514/5514
f 5505/5505/5505 5506/5506/5506 5516/5516/5516
f 5505/5505/5505 5516/5516/5516 5515/5515/5515
f 5506/5506/5506 5507/5507/5507 5517/5517/5517
f 5506/5506/5506 5517/5517/5517 5516/5516/5516
f 5507/5507/5507 5508/5508/5508 5518/5518/5518
f 5507/5507/5507 5518/5518/5518 5517/5517/5517
f 5508/5508/5508 5509/5509/5509 5519/5519/5519
f 5508/5508/5508 5519/5519/5519 5518/5518/5518
f 5509/5509/5509 5510/5510/5510 5520/5520/5520
f 5509/5509/5509 5520/5520/5520 5519/5519/5519
f 5510/5510/5510 5511/5511/5511 5521/5521/5521
f 5510/5510/5510 5521/5521/5521 5520/5520/5520
f 5511/5511/5511 5502/5502/5502 5512/5512/5512
f 5511/5511/5511 5512/5512/5512 5521/5521/5521
f 5512/5512/5512 5513/5513/5513 5523/5523/5523
f 5512/5512/5512 5523/5523/5523 5522/5522/5522
f 5513/5513/5513 5514/5514/5514 5524/5524/5524
f 5513/5513/5513 5524/5524/5524 5523/5523/5523
f 5514/5514/5514 5515/5515/5515 5525/5525/5525
f 5514/5514/5514 5525/5525/5525 5524/5524/5524
f 5515/5515/5515 5516/5516/5516 5526/5526/5526
f 5515/5515/5515 5526/5526/5526 5525/5525/5525
f 5516/5516/5516 5517/5517/5517 5527/5527/5527
f 5516/5516/5516 5527/5527/5527 5526/5526/5526
f 5517/5517/5517 5518/5518/5518 5528/5528/5528
f 5517/5517/5517 5528/5528/5528 5527/5527/5527
f 5518/5518/5518 5519/5519/5519 5529/5529/5529
f 5518/5518/5518 5529/5529/5529 5528/5528/5528
f 5519/5519/5519 5520/5520/5520 5530/5530/5530
f 5519/5519/5519 5530/5530/5530 5529/5529/5529
f 5520/5520/5520 5521/5521/5521 5531/5531/5531
f 5520/5520/5520 5531/5531/5531 5530/5530/5530
f 5521/5521/5521 5512/5512/5512 5522/5522/5522
f 5521/5521/5521 5522/5522/5522 5531/5531/5531
f 5522/5522/5522 5523/5523/5523 5533/5533/5533
f 5522/5522/5522 5533/5533/5533 5532/5532/5532
f 5523/5523/5523 5524/5524/5524 5534/5534/5534
f 5523/5523/5523 5534/5534/5534 5533/5533/5533
f 5524/5524/5524 5525/5525/5525 5535/5535/5535
f 5524/5524/5524 5535/5535/5535 5534/5534/5534
f 5525/5525/5525 5526/5526/5526 5536/5536/5536
f 5525/5525/5525 5536/5536/5536 5535/5535/5535
f 5526/5526/5526 5527/5527/5527 5537/5537/5537
f 5526/5526/5526 5537/5537/5537 5536/5536/5536
f 5527/5527/5527 5528/5528/5528 5538/5538/5538
f 5527/5527/5527 5538/5538/5538 5537/5537/5537
f 5528/5528/5528 5529/5529/5529 5539/5539/5539
f 5528/5528/5528 5539/5539/5539 5538/5538/5538
f 5529/5529/5529 5530/5530/5530 5540/5540/5540
f 5529/5529/5529 5540/5540/5540 5539/5539/5539
f 5530/5530/5530 5531/5531/5531 5541/5541/5541
f 5530/5530/5530 5541/5541/5541 5540/5540/5540
f 5531/5531/5531 5522/5522/5522 5532/5532/5532
f 5531/5531/5531 5532/5532/5532 5541/5541/5541
usemtl Shoes
f 5542/5542/5542 5543/5543/5543 5553/5553/5553
f 5542/5542/5542 5553/5553/5553 5552/5552/5552
f 5543/5543/5543 5544/5544/5544 5554/5554/5554
f 5543/5543/5543 5554/5554/5554 5553/5553/5553
f 5544/5544/5544 5545/5545/5545 5555/5555/5555
f 5544/5544/5544 5555/5555/5555 5554/5554/5554
f 5545/5545/5545 5546/5546/5546 5556/5556/5556
f 5545/5545/5545 5556/5556/5556 5555/5555/5555
f 5546/5546/5546 5547/5547/5547 5557/5557/5557
f 5546/5546/5546 5557/5557/5557 5556/5556/5556
f 5547/5547/5547 5548/5548/5548 5558/5558/5558
f 5547/5547/5547 5558/5558/5558 5557/5557/5557
f 5548/5548/5548 5549/5549/5549 5559/5559/5559
f 5548/5548/5548 5559/5559/5559 5558/5558/5558
f 5549/5549/5549 5550/5550/5550 5560/5560/5560
f 5549/5549/5549 5560/5560/5560 5559/5559/5559
f 5550/5550/5550 5551/5551/5551 5561/5561/5561
f 5550/5550/5550 5561/5561/5561 5560/5560/5560
f 5551/5551/5551 5542/5542/5542 5552/5552/5552
f 5551/5551/5551 5552/5552/5552 5561/5561/5561
f 5552/5552/5552 5553/5553/5553 5563/5563/5563
f 5552/5552/5552 5563/5563/5563 5562/5562/5562
f 5553/5553/5553 5554/5554/5554 5564/5564/5564
f 5553/5553/5553 5564/5564/5564 5563/5563/5563
f 5554/5554/5554 5555/5555/5555 5565/5565/5565
f 5554/5554/5554 5565/5565/5565 5564/5564/5564
f 5555/5555/5555 5556/5556/5556 5566/5566/5566
f 5555/5555/5555 5566/5566/5566 5565/5565/5565
f 5556/5556/5556 5557/5557/5557 5567/5567/5567
f 5556/5556/5556 5567/5567/5567 5566/5566/5566
f 5557/5557/5557 5558/5558/5558 5568/5568/5568
f 5557/5557/5557 5568/5568/5568 5567/5567/5567
f 5558/5558/5558 5559/5559/5559 5569/5569/5569
f 5558/5558/5558 5569/5569/5569 5568/5568/5568
f 5559/5559/5559 5560/5560/5560 5570/5570/5570
f 5559/5559/5559 5570/5570/5570 5569/5569/5569
f 5560/5560/5560 5561/5561/5561 5571/5571/5571
f 5560/5560/5560 5571/5571/5571 5570/5570/5570
f 5561/5561/5561 5552/5552/5552 5562/5562/5562
f 5561/5561/5561 5562/5562/5562 5571/5571/5571
f 5562/5562/5562 5563/5563/5563 5573/5573/5573
f 5562/5562/5562 5573/5573/5573 5572/5572/5572
f 5563/5563/5563 5564/5564/5564 5574/5574/5574
f 5563/5563/5563 5574/5574/5574 5573/5573/5573
f 5564/5564/5564 5565/5565/5565 5575/5575/5575
f 5564/5564/5564 5575/5575/5575 5574/5574/5574
f 5565/5565/5565 5566/5566/5566 5576/5576/5576
f 5565/5565/5565 5576/5576/5576 5575/5575/5575
f 5566/5566/5566 5567/5567/5567 5577/5577/5577
f 5566/5566/5566 5577/5577/5577 5576/5576/5576
f 5567/5567/5567 5568/5568/5568 5578/5578/5578
f 5567/5567/5567 5578/5578/5578 5577/5577/5577
f 5568/5568/5568 5569/5569/5569 5579/5579/5579
f 5568/5568/5568 5579/5579/5579 5578/5578/5578
f 5569/5569/5569 5570/5570/5570 5580/5580/5580
f 5569/5569/5569 5580/5580/5580 5579/5579/5579
f 5570/5570/5570 5571/5571/5571 5581/5581/5581
f 5570/5570/5570 5581/5581/5581 5580/5580/5580
f 5571/5571/5571 5562/5562/5562 5572/5572/5572
f 5571/5571/5571 5572/5572/5572 5581/5581/5581
f 5572/5572/5572 5573/5573/5573 5583/5583/5583
f 5572/5572/5572 5583/5583/5583 5582/5582/5582
f 5573/5573/5573 5574/5574/5574 5584/5584/5584
f 5573/5573/5573 5584/5584/5584 5583/5583/5583
f 5574/5574/5574 5575/5575/5575 5585/5585/5585
f 5574/5574/5574 5585/5585/5585 5584/5584/5584
f 5575/5575/5575 5576/5576/5576 5586/5586/5586
f 5575/5575/5575 5586/5586/5586 5585/5585/5585
f 5576/5576/5576 5577/5577/5577 5587/5587/5587
f 5576/5576/5576 5587/5587/5587 5586/5586/5586
f 5577/5577/5577 5578/5578/5578 5588/5588/5588
f 5577/5577/5577 5588/5588/5588 5587/5587/5587
f 5578/5578/5578 5579/5579/5579 5589/5589/5589
f 5578/5578/5578 5589/5589/5589 5588/5588/5588
f 5579/5579/5579 5580/5580/5580 5590/5590/5590
f 5579/5579/5579 5590/5590/5590 5589/5589/5589
f 5580/5580/5580 5581/5581/5581 5591/5591/5591
f 5580/5580/5580 5591/5591/5591 5590/5590/5590
f 5581/5581/5581 5572/5572/5572 5582/5582/5582
f 5581/5581/5581 5582/5582/5582 5591/5591/5591
f 5582/5582/5582 5583/5583/5583 5593/5593/5593
f 5582/5582/5582 5593/5593/5593 5592/5592/5592
f 5583/5583/5583 5584/5584/5584 5594/5594/5594
f 5583/5583/5583 5594/5594/5594 5593/5593/5593
f 5584/5584/5584 5585/5585/5585 5595/5595/5595
f 5584/5584/5584 5595/5595/5595 5594/5594/5594
f 5585/5585/5585 5586/5586/5586 5596/5596/5596
f 5585/5585/5585 5596/5596/5596 5595/5595/5595
f 5586/5586/5586 5587/5587/5587 5597/5597/5597
f 5586/5586/5586 5597/5597/5597 5596/5596/5596
f 5587/5587/5587 5588/5588/5588 5598/5598/5598
f 5587/5587/5587 5598/5598/5598 5597/5597/5597
f 5588/5588/5588 5589/5589/5589 5599/5599/5599
f 5588/5588/5588 5599/5599/5599 5598/5598/5598
f 5589/5589/5589 5590/5590/5590 5600/5600/5600
f 5589/5589/5589 5600/5600/5600 5599/5599/5599
f 5590/5590/5590 5591/5591/5591 5601/5601/5601
f 5590/5590/5590 5601/5601/5601 5600/5600/5600
f 5591/5591/5591 5582/5582/5582 5592/5592/5592
f 5591/5591/5591 5592/5592/5592 5601/5601/5601
f 5592/5592/5592 5593/5593/5593 5603/5603/5603
f 5592/5592/5592 5603/5603/5603 5602/5602/5602
f 5593/5593/5593 5594/5594/5594 5604/5604/5604
f 5593/5593/5593 5604/5604/5604 5603/5603/5603
f 5594/5594/5594 5595/5595/5595 5605/5605/5605
f 5594/5594/5594 5605/5605/5605 5604/5604/5604
f 5595/5595/5595 5596/5596/5596 5606/5606/5606
f 5595/5595/5595 5606/5606/5606 5605/5605/5605
f 5596/5596/5596 5597/5597/5597 5607/5607/5607
f 5596/5596/5596 5607/5607/5607 5606/5606/5606
f 5597/5597/5597 5598/5598/5598 5608/5608/5608
f 5597/5597/5597 5608/5608/5608 5607/5607/5607
f 5598/5598/5598 5599/5599/5599 5609/5609/5609
f 5598/5598/5598 5609/5609/5609 5608/5608/5608
f 5599/5599/5599 5600/5600/5600 5610/5610/5610
f 5599/5599/5599 5610/5610/5610 5609/5609/5609
f 5600/5600/5600 5601/5601/5601 5611/5611/5611
f 5600/5600/5600 5611/5611/5611 5610/5610/5610
f 5601/5601/5601 5592/5592/5592 5602/5602/5602
f 5601/5601/5601 5602/5602/5602 5611/5611/5611
f 5602/5602/5602 5603/5603/5603 5613/5613/5613
f 5602/5602/5602 5613/5613/5613 5612/5612/5612
f 5603/5603/5603 5604/5604/5604 5614/5614/5614
f 5603/5603/5603 5614/5614/5614 5613/5613/5613
f 5604/5604/5604 5605/5605/5605 5615/5615/5615
f 5604/5604/5604 5615/5615/5615 5614/5614/5614
f 5605/5605/5605 5606/5606/5606 5616/5616/5616
f 5605/5605/5605 5616/5616/5616 5615/5615/5615
f 5606/5606/5606 5607/5607/5607 5617/5617/5617
f 5606/5606/5606 5617/5617/5617 5616/5616/5616
f 5607/5607/5607 5608/5608/5608 5618/5618/5618
f 5607/5607/5607 5618/5618/5618 5617/5617/5617
f 5608/5608/5608 5609/5609/5609 5619/5619/5619
f 5608/5608/5608 5619/5619/5619 5618/5618/5618
f 5609/5609/5609 5610/5610/5610 5620/5620/5620
f 5609/5609/5609 5620/5620/5620 5619/5619/5619
f 5610/5610/5610 5611/5611/5611 5621/5621/5621
f 5610/5610/5610 5621/5621/5621 5620/5620/5620
f 5611/5611/5611 5602/5602/5602 5612/5612/5612
f 5611/5611/5611 5612/5612/5612 5621/5621/5621
usemtl Shoes
f 5622/5622/5622 5623/5623/5623 5632/5632/5632
f 5622/5622/5622 5632/5632/5632 5631/5631/5631
f 5623/5623/5623 5624/5624/5624 5633/5633/5633
f 5623/5623/5623 5633/5633/5633 5632/5632/5632
f 5624/5624/5624 5625/5625/5625 5634/5634/5634
f 5624/5624/5624 5634/5634/5634 5633/5633/5633
f 5625/5625/5625 5626/5626/5626 5635/5635/5635
f 5625/5625/5625 5635/5635/5635 5634/5634/5634
f 5626/5626/5626 5627/5627/5627 5636/5636/5636
f 5626/5626/5626 5636/5636/5636 5635/5635/5635
f 5627/5627/5627 5628/5628/5628 5637/5637/5637
f 5627/5627/5627 5637/5637/5637 5636/5636/5636
f 5628/5628/5628 5629/5629/5629 5638/5638/5638
f 5628/5628/5628 5638/5638/5638 5637/5637/5637
f 5629/5629/5629 5630/5630/5630 5639/5639/5639
f 5629/5629/5629 5639/5639/5639 5638/5638/5638
f 5630/5630/5630 5622/5622/5622 5631/5631/5631
f 5630/5630/5630 5631/5631/5631 5639/5639/5639
f 5631/5631/5631 5632/5632/5632 5641/5641/5641
f 5631/5631/5631 5641/5641/5641 5640/5640/5640
f 5632/5632/5632 5633/5633/5633 5642/5642/5642
f 5632/5632/5632 5642/5642/5642 5641/5641/5641
f 5633/5633/5633 5634/5634/5634 5643/5643/5643
f 5633/5633/5633 5643/5643/5643 5642/5642/5642
f 5634/5634/5634 5635/5635/5635 5644/5644/5644
f 5634/5634/5634 5644/5644/5644 5643/5643/5643
f 5635/5635/5635 5636/5636/5636 5645/5645/5645
f 5635/5635/5635 5645/5645/5645 5644/5644/5644
f 5636/5636/5636 5637/5637/5637 5646/5646/5646
f 5636/5636/5636 5646/5646/5646 5645/5645/5645
f 5637/5637/5637 5638/5638/5638 5647/5647/5647
f 5637/5637/5637 5647/5647/5647 5646/5646/5646
f 5638/5638/5638 5639/5639/5639 5648/5648/5648
f 5638/5638/5638 5648/5648/5648 5647/5647/5647
f 5639/5639/5639 5631/5631/5631 5640/5640/5640
f 5639/5639/5639 5640/5640/5640 5648/5648/5648
f 5640/5640/5640 5641/5641/5641 5650/5650/5650
f 5640/5640/5640 5650/5650/5650 5649/5649/5649
f 5641/5641/5641 5642/5642/5642 5651/5651/5651
f 5641/5641/5641 5651/5651/5651 5650/5650/5650
f 5642/5642/5642 5643/5643/5643 5652/5652/5652
f 5642/5642/5642 5652/5652/5652 5651/5651/5651
f 5643/5643/5643 5644/5644/5644 5653/5653/5653
f 5643/5643/5643 5653/5653/5653 5652/5652/5652
f 5644/5644/5644 5645/5645/5645 5654/5654/5654
f 5644/5644/5644 5654/5654/5654 5653/5653/5653
f 5645/5645/5645 5646/5646/5646 5655/5655/5655
f 5645/5645/5645 5655/5655/5655 5654/5654/5654
f 5646/5646/5646 5647/5647/5647 5656/5656/5656
f 5646/5646/5646 5656/5656/5656 5655/5655/5655
f 5647/5647/5647 5648/5648/5648 5657/5657/5657
f 5647/5647/5647 5657/5657/5657 5656/5656/5656
f 5648/5648/5648 5640/5640/5640 5649/5649/5649
f 5648/5648/5648 5649/5649/5649 5657/5657/5657
f 5649/5649/5649 5650/5650/5650 5659/5659/5659
f 5649/5649/5649 5659/5659/5659 5658/5658/5658
f 5650/5650/5650 5651/5651/5651 5660/5660/5660
f 5650/5650/5650 5660/5660/5660 5659/5659/5659
f 5651/5651/5651 5652/5652/5652 5661/5661/5661
f 5651/5651/5651 5661/5661/5661 5660/5660/5660
f 5652/5652/5652 5653/5653/5653 5662/5662/5662
f 5652/5652/5652 5662/5662/5662 5661/5661/5661
f 5653/5653/5653 5654/5654/5654 5663/5663/5663
f 5653/5653/5653 5663/5663/5663 5662/5662/5662
f 5654/5654/5654 5655/5655/5655 5664/5664/5664
f 5654/5654/5654 5664/5664/5664 5663/5663/5663
f 5655/5655/5655 5656/5656/5656 5665/5665/5665
f 5655/5655/5655 5665/5665/5665 5664/5664/5664
f 5656/5656/5656 5657/5657/5657 5666/5666/5666
f 5656/5656/5656 5666/5666/5666 5665/5665/5665
f 5657/5657/5657 5649/5649/5649 5658/5658/5658
f 5657/5657/5657 5658/5658/5658 5666/5666/5666
f 5658/5658/5658 5659/5659/5659 5668/5668/5668
f 5658/5658/5658 5668/5668/5668 5667/5667/5667
f 5659/5659/5659 5660/5660/5660 5669/5669/5669
f 5659/5659/5659 5669/5669/5669 5668/5668/5668
f 5660/5660/5660 5661/5661/5661 5670/5670/5670
f 5660/5660/5660 5670/5670/5670 5669/5669/5669
f 5661/5661/5661 5662/5662/5662 5671/5671/5671
f 5661/5661/5661 5671/5671/5671 5670/5670/5670
f 5662/5662/5662 5663/5663/5663 5672/5672/5672
f 5662/5662/5662 5672/5672/5672 5671/5671/5671
f 5663/5663/5663 5664/5664/5664 5673/5673/5673
f 5663/5663/5663 5673/5673/5673 5672/5672/5672
f 5664/5664/5664 5665/5665/5665 5674/5674/5674
f 5664/5664/5664 5674/5674/5674 5673/5673/5673
f 5665/5665/5665 5666/5666/5666 5675/5675/5675
f 5665/5665/5665 5675/5675/5675 5674/5674/5674
f 5666/5666/5666 5658/5658/5658 5667/5667/5667
f 5666/5666/5666 5667/5667/5667 5675/5675/5675
f 5667/5667/5667 5668/5668/5668 5677/5677/5677
f 5667/5667/5667 5677/5677/5677 5676/5676/5676
f 5668/5668/5668 5669/5669/5669 5678/5678/5678
f 5668/5668/5668 5678/5678/5678 5677/5677/5677
f 5669/5669/5669 5670/5670/5670 5679/5679/5679
f 5669/5669/5669 5679/5679/5679 5678/5678/5678
f 5670/5670/5670 5671/5671/5671 5680/5680/5680
f 5670/5670/5670 5680/5680/5680 5679/5679/5679
f 5671/5671/5671 5672/5672/5672 5681/5681/5681
f 5671/5671/5671 5681/5681/5681 5680/5680/5680
f 5672/5672/5672 5673/5673/5673 5682/5682/5682
f 5672/5672/5672 5682/5682/5682 5681/5681/5681
f 5673/5673/5673 5674/5674/5674 5683/5683/5683
f 5673/5673/5673 5683/5683/5683 5682/5682/5682
f 5674/5674/5674 5675/5675/5675 5684/5684/5684
f 5674/5674/5674 5684/5684/5684 5683/5683/5683
f 5675/5675/5675 5667/5667/5667 5676/5676/5676
f 5675/5675/5675 5676/5676/5676 5684/5684/5684
usemtl Shoes
f 5685/5685/5685 5686/5686/5686 5694/5694/5694
f 5685/5685/5685 5694/5694/5694 5693/5693/5693
f 5686/5686/5686 5687/5687/5687 5695/5695/5695
f 5686/5686/5686 5695/5695/5695 5694/5694/5694
f 5687/5687/5687 5688/5688/5688 5696/5696/5696
f 5687/5687/5687 5696/5696/5696 5695/5695/5695
f 5688/5688/5688 5689/5689/5689 5697/5697/5697
f 5688/5688/5688 5697/5697/5697 5696/5696/5696
f 5689/5689/5689 5690/5690/5690 5698/5698/5698
f 5689/5689/5689 5698/5698/5698 5697/5697/5697
f 5690/5690/5690 5691/5691/5691 5699/5699/5699
f 5690/5690/5690 5699/5699/5699 5698/5698/5698
f 5691/5691/5691 5692/5692/5692 5700/5700/5700
f 5691/5691/5691 5700/5700/5700 5699/5699/5699
f 5692/5692/5692 5685/5685/5685 5693/5693/5693
f 5692/5692/5692 5693/5693/5693 5700/5700/5700
f 5693/5693/5693 5694/5694/5694 5702/5702/5702
f 5693/5693/5693 5702/5702/5702 5701/5701/5701
f 5694/5694/5694 5695/5695/5695 5703/5703/5703
f 5694/5694/5694 5703/5703/5703 5702/5702/5702
f 5695/5695/5695 5696/5696/5696 5704/5704/5704
f 5695/5695/5695 5704/5704/5704 5703/5703/5703
f 5696/5696/5696 5697/5697/5697 5705/5705/5705
f 5696/5696/5696 5705/5705/5705 5704/5704/5704
f 5697/5697/5697 5698/5698/5698 5706/5706/5706
f 5697/5697/5697 5706/5706/5706 5705/5705/5705
f 5698/5698/5698 5699/5699/5699 5707/5707/5707
f 5698/5698/5698 5707/5707/5707 5706/5706/5706
f 5699/5699/5699 5700/5700/5700 5708/5708/5708
f 5699/5699/5699 5708/5708/5708 5707/5707/5707
f 5700/5700/5700 5693/5693/5693 5701/5701/5701
f 5700/5700/5700 5701/5701/5701 5708/5708/5708
f 5701/5701/5701 5702/5702/5702 5710/5710/5710
f 5701/5701/5701 5710/5710/5710 5709/5709/5709
f 5702/5702/5702 5703/5703/5703 5711/5711/5711
f 5702/5702/5702 5711/5711/5711 5710/5710/5710
f 5703/5703/5703 5704/5704/5704 5712/5712/5712
f 5703/5703/5703 5712/5712/5712 5711/5711/5711
f 5704/5704/5704 5705/5705/5705 5713/5713/5713
f 5704/5704/5704 5713/5713/5713 5712/5712/5712
f 5705/5705/5705 5706/5706/5706 5714/5714/5714
f 5705/5705/5705 5714/5714/5714 5713/5713/5713
f 5706/5706/5706 5707/5707/5707 5715/5715/5715
f 5706/5706/5706 5715/5715/5715 5714/5714/5714
f 5707/5707/5707 5708/5708/5708 5716/5716/5716
f 5707/5707/5707 5716/5716/5716 5715/5715/5715
f 5708/5708/5708 5701/5701/5701 5709/5709/5709
f 5708/5708/5708 5709/5709/5709 5716/5716/5716
f 5709/5709/5709 5710/5710/5710 5718/5718/5718
f 5709/5709/5709 5718/5718/5718 5717/5717/5717
f 5710/5710/5710 5711/5711/5711 5719/5719/5719
f 5710/5710/5710 5719/5719/5719 5718/5718/5718
f 5711/5711/5711 5712/5712/5712 5720/5720/5720
f 5711/5711/5711 5720/5720/5720 5719/5719/5719
f 5712/5712/5712 5713/5713/5713 5721/5721/5721
f 5712/5712/5712 5721/5721/5721 5720/5720/5720
f 5713/5713/5713 5714/5714/5714 5722/5722/5722
f 5713/5713/5713 5722/5722/5722 5721/5721/5721
f 5714/5714/5714 5715/5715/5715 5723/5723/5723
f 5714/5714/5714 5723/5723/5723 5722/5722/5722
f 5715/5715/5715 5716/5716/5716 5724/5724/5724
f 5715/5715/5715 5724/5724/5724 5723/5723/5723
f 5716/5716/5716 5709/5709/5709 5717/5717/5717
f 5716/5716/5716 5717/5717/5717 5724/5724/5724
f 5717/5717/5717 5718/5718/5718 5726/5726/5726
f 5717/5717/5717 5726/5726/5726 5725/5725/5725
f 5718/5718/5718 5719/5719/5719 5727/5727/5727
f 5718/5718/5718 5727/5727/5727 5726/5726/5726
f 5719/5719/5719 5720/5720/5720 5728/5728/5728
f 5719/5719/5719 5728/5728/5728 5727/5727/5727
f 5720/5720/5720 5721/5721/5721 5729/5729/5729
f 5720/5720/5720 5729/5729/5729 5728/5728/5728
f 5721/5721/5721 5722/5722/5722 5730/5730/5730
f 5721/5721/5721 5730/5730/5730 5729/5729/5729
f 5722/5722/5722 5723/5723/5723 5731/5731/5731
f 5722/5722/5722 5731/5731/5731 5730/5730/5730
f 5723/5723/5723 5724/5724/5724 5732/5732/5732
f 5723/5723/5723 5732/5732/5732 5731/5731/5731
f 5724/5724/5724 5717/5717/5717 5725/5725/5725
f 5724/5724/5724 5725/5725/5725 5732/5732/5732
usemtl Shoes
f 5733/5733/5733 5734/5734/5733 5735/5735/5733
f 5733/5733/5733 5735/5735/5733 5736/5736/5733
f 5738/5737/5734 5737/5738/5734 5740/5739/5734
f 5738/5737/5734 5740/5739/5734 5739/5740/5734
f 5737/5741/5735 5733/5742/5735 5736/5743/5735
f 5737/5741/5735 5736/5743/5735 5740/5744/5735
f 5734/5745/5736 5738/5746/5736 5739/5747/5736
f 5734/5745/5736 5739/5747/5736 5735/5748/5736
f 5736/5749/5737 5735/5750/5737 5739/5751/5737
f 5736/5749/5737 5739/5751/5737 5740/5752/5737
f 5737/5753/5738 5738/5754/5738 5734/5755/5738
f 5737/5753/5738 5734/5755/5738 5733/5756/5738
usemtl Buckle
f 5741/5757/5739 5742/5758/5740 5747/5763/5745
f 5741/5757/5739 5747/5763/5745 5746/5762/5744
f 5742/5758/5740 5743/5759/5741 5748/5764/5746
f 5742/5758/5740 5748/5764/5746 5747/5763/5745
f 5743/5759/5741 5744/5760/5742 5749/5765/5747
f 5743/5759/5741 5749/5765/5747 5748/5764/5746
f 5744/5760/5742 5745/5761/5743 5750/5766/5748
f 5744/5760/5742 5750/5766/5748 5749/5765/5747
f 5745/5761/5743 5741/5757/5739 5746/5762/5744
f 5745/5761/5743 5746/5762/5744 5750/5766/5748
f 5746/5762/5744 5747/5763/5745 5752/5768/5750
f 5746/5762/5744 5752/5768/5750 5751/5767/5749
f 5747/5763/5745 5748/5764/5746 5753/5769/5751
f 5747/5763/5745 5753/5769/5751 5752/5768/5750
f 5748/5764/5746 5749/5765/5747 5754/5770/5752
f 5748/5764/5746 5754/5770/5752 5753/5769/5751
f 5749/5765/5747 5750/5766/5748 5755/5771/5753
f 5749/5765/5747 5755/5771/5753 5754/5770/5752
f 5750/5766/5748 5746/5762/5744 5751/5767/5749
f 5750/5766/5748 5751/5767/5749 5755/5771/5753
f 5751/5767/5749 5752/5768/5750 5757/5773/5755
f 5751/5767/5749 5757/5773/5755 5756/5772/5754
f 5752/5768/5750 5753/5769/5751 5758/5774/5756
f 5752/5768/5750 5758/5774/5756 5757/5773/5755
f 5753/5769/5751 5754/5770/5752 5759/5775/5757
f 5753/5769/5751 5759/5775/5757 5758/5774/5756
f 5754/5770/5752 5755/5771/5753 5760/5776/5758
f 5754/5770/5752 5760/5776/5758 5759/5775/5757
f 5755/5771/5753 5751/5767/5749 5756/5772/5754
f 5755/5771/5753 5756/5772/5754 5760/5776/5758
usemtl Pants
f 5761/5761/5761 5762/5762/5762 5771/5771/5771
f 5761/5761/5761 5771/5771/5771 5770/5770/5770
f 5762/5762/5762 5763/5763/5763 5772/5772/5772
f 5762/5762/5762 5772/5772/5772 5771/5771/5771
f 5763/5763/5763 5764/5764/5764 5773/5773/5773
f 5763/5763/5763 5773/5773/5773 5772/5772/5772
f 5764/5764/5764 5765/5765/5765 5774/5774/5774
f 5764/5764/5764 5774/5774/5774 5773/5773/5773
f 5765/5765/5765 5766/5766/5766 5775/5775/5775
f 5765/5765/5765 5775/5775/5775 5774/5774/5774
f 5766/5766/5766 5767/5767/5767 5776/5776/5776
f 5766/5766/5766 5776/5776/5776 5775/5775/5775
f 5767/5767/5767 5768/5768/5768 5777/5777/5777
f 5767/5767/5767 5777/5777/5777 5776/5776/5776
f 5768/5768/5768 5769/5769/5769 5778/5778/5778
f 5768/5768/5768 5778/5778/5778 5777/5777/5777
f 5769/5769/5769 5761/5761/5761 5770/5770/5770
f 5769/5769/5769 5770/5770/5770 5778/5778/5778
f 5770/5770/5770 5771/5771/5771 5780/5780/5780
f 5770/5770/5770 5780/5780/5780 5779/5779/5779
f 5771/5771/5771 5772/5772/5772 5781/5781/5781
f 5771/5771/5771 5781/5781/5781 5780/5780/5780
f 5772/5772/5772 5773/5773/5773 5782/5782/5782
f 5772/5772/5772 5782/5782/5782 5781/5781/5781
f 5773/5773/5773 5774/5774/5774 5783/5783/5783
f 5773/5773/5773 5783/5783/5783 5782/5782/5782
f 5774/5774/5774 5775/5775/5775 5784/5784/5784
f 5774/5774/5774 5784/5784/5784 5783/5783/5783
f 5775/5775/5775 5776/5776/5776 5785/5785/5785
f 5775/5775/5775 5785/5785/5785 5784/5784/5784
f 5776/5776/5776 5777/5777/5777 5786/5786/5786
f 5776/5776/5776 5786/5786/5786 5785/5785/5785
f 5777/5777/5777 5778/5778/5778 5787/5787/5787
f 5777/5777/5777 5787/5787/5787 5786/5786/5786
f 5778/5778/5778 5770/5770/5770 5779/5779/5779
f 5778/5778/5778 5779/5779/5779 5787/5787/5787
f 5779/5779/5779 5780/5780/5780 5789/5789/5789
f 5779/5779/5779 5789/5789/5789 5788/5788/5788
f 5780/5780/5780 5781/5781/5781 5790/5790/5790
f 5780/5780/5780 5790/5790/5790 5789/5789/5789
f 5781/5781/5781 5782/5782/5782 5791/5791/5791
f 5781/5781/5781 5791/5791/5791 5790/5790/5790
f 5782/5782/5782 5783/5783/5783 5792/5792/5792
f 5782/5782/5782 5792/5792/5792 5791/5791/5791
f 5783/5783/5783 5784/5784/5784 5793/5793/5793
f 5783/5783/5783 5793/5793/5793 5792/5792/5792
f 5784/5784/5784 5785/5785/5785 5794/5794/5794
f 5784/5784/5784 5794/5794/5794 5793/5793/5793
f 5785/5785/5785 5786/5786/5786 5795/5795/5795
f 5785/5785/5785 5795/5795/5795 5794/5794/5794
f 5786/5786/5786 5787/5787/5787 5796/5796/5796
f 5786/5786/5786 5796/5796/5796 5795/5795/5795
f 5787/5787/5787 5779/5779/5779 5788/5788/5788
f 5787/5787/5787 5788/5788/5788 5796/5796/5796
f 5788/5788/5788 5789/5789/5789 5798/5798/5798
f 5788/5788/5788 5798/5798/5798 5797/5797/5797
f 5789/5789/5789 5790/5790/5790 5799/5799/5799
f 5789/5789/5789 5799/5799/5799 5798/5798/5798
f 5790/5790/5790 5791/5791/5791 5800/5800/5800
f 5790/5790/5790 5800/5800/5800 5799/5799/5799
f 5791/5791/5791 5792/5792/5792 5801/5801/5801
f 5791/5791/5791 5801/5801/5801 5800/5800/5800
f 5792/5792/5792 5793/5793/5793 5802/5802/5802
f 5792/5792/5792 5802/5802/5802 5801/5801/5801
f 5793/5793/5793 5794/5794/5794 5803/5803/5803
f 5793/5793/5793 5803/5803/5803 5802/5802/5802
f 5794/5794/5794 5795/5795/5795 5804/5804/5804
f 5794/5794/5794 5804/5804/5804 5803/5803/5803
f 5795/5795/5795 5796/5796/5796 5805/5805/5805
f 5795/5795/5795 5805/5805/5805 5804/5804/5804
f 5796/5796/5796 5788/5788/5788 5797/5797/5797
f 5796/5796/5796 5797/5797/5797 5805/5805/5805
f 5797/5797/5797 5798/5798/5798 5807/5807/5807
f 5797/5797/5797 5807/5807/5807 5806/5806/5806
f 5798/5798/5798 5799/5799/5799 5808/5808/5808
f 5798/5798/5798 5808/5808/5808 5807/5807/5807
f 5799/5799/5799 5800/5800/5800 5809/5809/5809
f 5799/5799/5799 5809/5809/5809 5808/5808/5808
f 5800/5800/5800 5801/5801/5801 5810/5810/5810
f 5800/5800/5800 5810/5810/5810 5809/5809/5809
f 5801/5801/5801 5802/5802/5802 5811/5811/5811
f 5801/5801/5801 5811/5811/5811 5810/5810/5810
f 5802/5802/5802 5803/5803/5803 5812/5812/5812
f 5802/5802/5802 5812/5812/5812 5811/5811/5811
f 5803/5803/5803 5804/5804/5804 5813/5813/5813
f 5803/5803/5803 5813/5813/5813 5812/5812/5812
f 5804/5804/5804 5805/5805/5805 5814/5814/5814
f 5804/5804/5804 5814/5814/5814 5813/5813/5813
f 5805/5805/5805 5797/5797/5797 5806/5806/5806
f 5805/5805/5805 5806/5806/5806 5814/5814/5814
f 5806/5806/5806 5807/5807/5807 5816/5816/5816
f 5806/5806/5806 5816/5816/5816 5815/5815/5815
f 5807/5807/5807 5808/5808/5808 5817/5817/5817
f 5807/5807/5807 5817/5817/5817 5816/5816/5816
f 5808/5808/5808 5809/5809/5809 5818/5818/5818
f 5808/5808/5808 5818/5818/5818 5817/5817/5817
f 5809/5809/5809 5810/5810/5810 5819/5819/5819
f 5809/5809/5809 5819/5819/5819 5818/5818/5818
f 5810/5810/5810 5811/5811/5811 5820/5820/5820
f 5810/5810/5810 5820/5820/5820 5819/5819/5819
f 5811/5811/5811 5812/5812/5812 5821/5821/5821
f 5811/5811/5811 5821/5821/5821 5820/5820/5820
f 5812/5812/5812 5813/5813/5813 5822/5822/5822
f 5812/5812/5812 5822/5822/5822 5821/5821/5821
f 5813/5813/5813 5814/5814/5814 5823/5823/5823
f 5813/5813/5813 5823/5823/5823 5822/5822/5822
f 5814/5814/5814 5806/5806/5806 5815/5815/5815
f 5814/5814/5814 5815/5815/5815 5823/5823/5823
f 5815/5815/5815 5816/5816/5816 5825/5825/5825
f 5815/5815/5815 5825/5825/5825 5824/5824/5824
f 5816/5816/5816 5817/5817/5817 5826/5826/5826
f 5816/5816/5816 5826/5826/5826 5825/5825/5825
f 5817/5817/5817 5818/5818/5818 5827/5827/5827
f 5817/5817/5817 5827/5827/5827 5826/5826/5826
f 5818/5818/5818 5819/5819/5819 5828/5828/5828
f 5818/5818/5818 5828/5828/5828 5827/5827/5827
f 5819/5819/5819 5820/5820/5820 5829/5829/5829
f 5819/5819/5819 5829/5829/5829 5828/5828/5828
f 5820/5820/5820 5821/5821/5821 5830/5830/5830
f 5820/5820/5820 5830/5830/5830 5829/5829/5829
f 5821/5821/5821 5822/5822/5822 5831/5831/5831
f 5821/5821/5821 5831/5831/5831 5830/5830/5830
f 5822/5822/5822 5823/5823/5823 5832/5832/5832
f 5822/5822/5822 5832/5832/5832 5831/5831/5831
f 5823/5823/5823 5815/5815/5815 5824/5824/5824
f 5823/5823/5823 5824/5824/5824 5832/5832/5832
f 5824/5824/5824 5825/5825/5825 5834/5834/5834
f 5824/5824/5824 5834/5834/5834 5833/5833/5833
f 5825/5825/5825 5826/5826/5826 5835/5835/5835
f 5825/5825/5825 5835/5835/5835 5834/5834/5834
f 5826/5826/5826 5827/5827/5827 5836/5836/5836
f 5826/5826/5826 5836/5836/5836 5835/5835/5835
f 5827/5827/5827 5828/5828/5828 5837/5837/5837
f 5827/5827/5827 5837/5837/5837 5836/5836/5836
f 5828/5828/5828 5829/5829/5829 5838/5838/5838
f 5828/5828/5828 5838/5838/5838 5837/5837/5837
f 5829/5829/5829 5830/5830/5830 5839/5839/5839
f 5829/5829/5829 5839/5839/5839 5838/5838/5838
f 5830/5830/5830 5831/5831/5831 5840/5840/5840
f 5830/5830/5830 5840/5840/5840 5839/5839/5839
f 5831/5831/5831 5832/5832/5832 5841/5841/5841
f 5831/5831/5831 5841/5841/5841 5840/5840/5840
f 5832/5832/5832 5824/5824/5824 5833/5833/5833
f 5832/5832/5832 5833/5833/5833 5841/5841/5841
f 5833/5833/5833 5834/5834/5834 5843/5843/5843
f 5833/5833/5833 5843/5843/5843 5842/5842/5842
f 5834/5834/5834 5835/5835/5835 5844/5844/5844
f 5834/5834/5834 5844/5844/5844 5843/5843/5843
f 5835/5835/5835 5836/5836/5836 5845/5845/5845
f 5835/5835/5835 5845/5845/5845 5844/5844/5844
f 5836/5836/5836 5837/5837/5837 5846/5846/5846
f 5836/5836/5836 5846/5846/5846 5845/5845/5845
f 5837/5837/5837 5838/5838/5838 5847/5847/5847
f 5837/5837/5837 5847/5847/5847 5846/5846/5846
f 5838/5838/5838 5839/5839/5839 5848/5848/5848
f 5838/5838/5838 5848/5848/5848 5847/5847/5847
f 5839/5839/5839 5840/5840/5840 5849/5849/5849
f 5839/5839/5839 5849/5849/5849 5848/5848/5848
f 5840/5840/5840 5841/5841/5841 5850/5850/5850
f 5840/5840/5840 5850/5850/5850 5849/5849/5849
f 5841/5841/5841 5833/5833/5833 5842/5842/5842
f 5841/5841/5841 5842/5842/5842 5850/5850/5850
f 5842/5842/5842 5843/5843/5843 5852/5852/5852
f 5842/5842/5842 5852/5852/5852 5851/5851/5851
f 5843/5843/5843 5844/5844/5844 5853/5853/5853
f 5843/5843/5843 5853/5853/5853 5852/5852/5852
f 5844/5844/5844 5845/5845/5845 5854/5854/5854
f 5844/5844/5844 5854/5854/5854 5853/5853/5853
f 5845/5845/5845 5846/5846/5846 5855/5855/5855
f 5845/5845/5845 5855/5855/5855 5854/5854/5854
f 5846/5846/5846 5847/5847/5847 5856/5856/5856
f 5846/5846/5846 5856/5856/5856 5855/5855/5855
f 5847/5847/5847 5848/5848/5848 5857/5857/5857
f 5847/5847/5847 5857/5857/5857 5856/5856/5856
f 5848/5848/5848 5849/5849/5849 5858/5858/5858
f 5848/5848/5848 5858/5858/5858 5857/5857/5857
f 5849/5849/5849 5850/5850/5850 5859/5859/5859
f 5849/5849/5849 5859/5859/5859 5858/5858/5858
f 5850/5850/5850 5842/5842/5842 5851/5851/5851
f 5850/5850/5850 5851/5851/5851 5859/5859/5859
f 5851/5851/5851 5852/5852/5852 5861/5861/5861
f 5851/5851/5851 5861/5861/5861 5860/5860/5860
f 5852/5852/5852 5853/5853/5853 5862/5862/5862
f 5852/5852/5852 5862/5862/5862 5861/5861/5861
f 5853/5853/5853 5854/5854/5854 5863/5863/5863
f 5853/5853/5853 5863/5863/5863 5862/5862/5862
f 5854/5854/5854 5855/5855/5855 5864/5864/5864
f 5854/5854/5854 5864/5864/5864 5863/5863/5863
f 5855/5855/5855 5856/5856/5856 5865/5865/5865
f 5855/5855/5855 5865/5865/5865 5864/5864/5864
f 5856/5856/5856 5857/5857/5857 5866/5866/5866
f 5856/5856/5856 5866/5866/5866 5865/5865/5865
f 5857/5857/5857 5858/5858/5858 5867/5867/5867
f 5857/5857/5857 5867/5867/5867 5866/5866/5866
f 5858/5858/5858 5859/5859/5859 5868/5868/5868
f 5858/5858/5858 5868/5868/5868 5867/5867/5867
f 5859/5859/5859 5851/5851/5851 5860/5860/5860
f 5859/5859/5859 5860/5860/5860 5868/5868/5868
f 5860/5860/5860 5861/5861/5861 5870/5870/5870
f 5860/5860/5860 5870/5870/5870 5869/5869/5869
f 5861/5861/5861 5862/5862/5862 5871/5871/5871
f 5861/5861/5861 5871/5871/5871 5870/5870/5870
f 5862/5862/5862 5863/5863/5863 5872/5872/5872
f 5862/5862/5862 5872/5872/5872 5871/5871/5871
f 5863/5863/5863 5864/5864/5864 5873/5873/5873
f 5863/5863/5863 5873/5873/5873 5872/5872/5872
f 5864/5864/5864 5865/5865/5865 5874/5874/5874
f 5864/5864/5864 5874/5874/5874 5873/5873/5873
f 5865/5865/5865 5866/5866/5866 5875/5875/5875
f 5865/5865/5865 5875/5875/5875 5874/5874/5874
f 5866/5866/5866 5867/5867/5867 5876/5876/5876
f 5866/5866/5866 5876/5876/5876 5875/5875/5875
f 5867/5867/5867 5868/5868/5868 5877/5877/5877
f 5867/5867/5867 5877/5877/5877 5876/5876/5876
f 5868/5868/5868 5860/5860/5860 5869/5869/5869
f 5868/5868/5868 5869/5869/5869 5877/5877/5877
usemtl Pants
f 5878/5894/5876 5879/5895/5877 5887/5903/5885
f 5878/5894/5876 5887/5903/5885 5886/5902/5884
f 5879/5895/5877 5880/5896/5878 5888/5904/5886
f 5879/5895/5877 5888/5904/5886 5887/5903/5885
f 5880/5896/5878 5881/5897/5879 5889/5905/5887
f 5880/5896/5878 5889/5905/5887 5888/5904/5886
f 5881/5897/5879 5882/5898/5880 5890/5906/5888
f 5881/5897/5879 5890/5906/5888 5889/5905/5887
f 5882/5898/5880 5883/5899/5881 5891/5907/5889
f 5882/5898/5880 5891/5907/5889 5890/5906/5888
f 5883/5899/5881 5884/5900/5882 5892/5908/5890
f 5883/5899/5881 5892/5908/5890 5891/5907/5889
f 5884/5900/5882 5885/5901/5883 5893/5909/5891
f 5884/5900/5882 5893/5909/5891 5892/5908/5890
f 5885/5901/5883 5878/5894/5876 5886/5902/5884
f 5885/5901/5883 5886/5902/5884 5893/5909/5891
f 5886/5902/5884 5887/5903/5885 5895/5911/5893
f 5886/5902/5884 5895/5911/5893 5894/5910/5892
f 5887/5903/5885 5888/5904/5886 5896/5912/5894
f 5887/5903/5885 5896/5912/5894 5895/5911/5893
f 5888/5904/5886 5889/5905/5887 5897/5913/5895
f 5888/5904/5886 5897/5913/5895 5896/5912/5894
f 5889/5905/5887 5890/5906/5888 5898/5914/5896
f 5889/5905/5887 5898/5914/5896 5897/5913/5895
f 5890/5906/5888 5891/5907/5889 5899/5915/5897
f 5890/5906/5888 5899/5915/5897 5898/5914/5896
f 5891/5907/5889 5892/5908/5890 5900/5916/5898
f 5891/5907/5889 5900/5916/5898 5899/5915/5897
f 5892/5908/5890 5893/5909/5891 5901/5917/5899
f 5892/5908/5890 5901/5917/5899 5900/5916/5898
f 5893/5909/5891 5886/5902/5884 5894/5910/5892
f 5893/5909/5891 5894/5910/5892 5901/5917/5899
f 5894/5910/5892 5895/5911/5893 5903/5919/5901
f 5894/5910/5892 5903/5919/5901 5902/5918/5900
f 5895/5911/5893 5896/5912/5894 5904/5920/5902
f 5895/5911/5893 5904/5920/5902 5903/5919/5901
f 5896/5912/5894 5897/5913/5895 5905/5921/5903
f 5896/5912/5894 5905/5921/5903 5904/5920/5902
f 5897/5913/5895 5898/5914/5896 5906/5922/5904
f 5897/5913/5895 5906/5922/5904 5905/5921/5903
f 5898/5914/5896 5899/5915/5897 5907/5923/5905
f 5898/5914/5896 5907/5923/5905 5906/5922/5904
f 5899/5915/5897 5900/5916/5898 5908/5924/5906
f 5899/5915/5897 5908/5924/5906 5907/5923/5905
f 5900/5916/5898 5901/5917/5899 5909/5925/5907
f 5900/5916/5898 5909/5925/5907 5908/5924/5906
f 5901/5917/5899 5894/5910/5892 5902/5918/5900
f 5901/5917/5899 5902/5918/5900 5909/5925/5907
f 5902/5918/5900 5903/5919/5901 5911/5927/5909
f 5902/5918/5900 5911/5927/5909 5910/5926/5908
f 5903/5919/5901 5904/5920/5902 5912/5928/5910
f 5903/5919/5901 5912/5928/5910 5911/5927/5909
f 5904/5920/5902 5905/5921/5903 5913/5929/5911
f 5904/5920/5902 5913/5929/5911 5912/5928/5910
f 5905/5921/5903 5906/5922/5904 5914/5930/5912
f 5905/5921/5903 5914/5930/5912 5913/5929/5911
f 5906/5922/5904 5907/5923/5905 5915/5931/5913
f 5906/5922/5904 5915/5931/5913 5914/5930/5912
f 5907/5923/5905 5908/5924/5906 5916/5932/5914
f 5907/5923/5905 5916/5932/5914 5915/5931/5913
f 5908/5924/5906 5909/5925/5907 5917/5933/5915
f 5908/5924/5906 5917/5933/5915 5916/5932/5914
f 5909/5925/5907 5902/5918/5900 5910/5926/5908
f 5909/5925/5907 5910/5926/5908 5917/5933/5915
f 5910/5926/5908 5911/5927/5909 5919/5935/5917
f 5910/5926/5908 5919/5935/5917 5918/5934/5916
f 5911/5927/5909 5912/5928/5910 5920/5936/5918
f 5911/5927/5909 5920/5936/5918 5919/5935/5917
f 5912/5928/5910 5913/5929/5911 5921/5937/5919
f 5912/5928/5910 5921/5937/5919 5920/5936/5918
f 5913/5929/5911 5914/5930/5912 5922/5938/5920
f 5913/5929/5911 5922/5938/5920 5921/5937/5919
f 5914/5930/5912 5915/5931/5913 5923/5939/5921
f 5914/5930/5912 5923/5939/5921 5922/5938/5920
f 5915/5931/5913 5916/5932/5914 5924/5940/5922
f 5915/5931/5913 5924/5940/5922 5923/5939/5921
f 5916/5932/5914 5917/5933/5915 5925/5941/5923
f 5916/5932/5914 5925/5941/5923 5924/5940/5922
f 5917/5933/5915 5910/5926/5908 5918/5934/5916
f 5917/5933/5915 5918/5934/5916 5925/5941/5923
usemtl Pants
f 5926/5926/5926 5927/5927/5927 5935/5935/5935
f 5926/5926/5926 5935/5935/5935 5934/5934/5934
f 5927/5927/5927 5928/5928/5928 5936/5936/5936
f 5927/5927/5927 5936/5936/5936 5935/5935/5935
f 5928/5928/5928 5929/5929/5929 5937/5937/5937
f 5928/5928/5928 5937/5937/5937 5936/5936/5936
f 5929/5929/5929 5930/5930/5930 5938/5938/5938
f 5929/5929/5929 5938/5938/5938 5937/5937/5937
f 5930/5930/5930 5931/5931/5931 5939/5939/5939
f 5930/5930/5930 5939/5939/5939 5938/5938/5938
f 5931/5931/5931 5932/5932/5932 5940/5940/5940
f 5931/5931/5931 5940/5940/5940 5939/5939/5939
f 5932/5932/5932 5933/5933/5933 5941/5941/5941
f 5932/5932/5932 5941/5941/5941 5940/5940/5940
f 5933/5933/5933 5926/5926/5926 5934/5934/5934
f 5933/5933/5933 5934/5934/5934 5941/5941/5941
f 5934/5934/5934 5935/5935/5935 5943/5943/5943
f 5934/5934/5934 5943/5943/5943 5942/5942/5942
f 5935/5935/5935 5936/5936/5936 5944/5944/5944
f 5935/5935/5935 5944/5944/5944 5943/5943/5943
f 5936/5936/5936 5937/5937/5937 5945/5945/5945
f 5936/5936/5936 5945/5945/5945 5944/5944/5944
f 5937/5937/5937 5938/5938/5938 5946/5946/5946
f 5937/5937/5937 5946/5946/5946 5945/5945/5945
f 5938/5938/5938 5939/5939/5939 5947/5947/5947
f 5938/5938/5938 5947/5947/5947 5946/5946/5946
f 5939/5939/5939 5940/5940/5940 5948/5948/5948
f 5939/5939/5939 5948/5948/5948 5947/5947/5947
f 5940/5940/5940 5941/5941/5941 5949/5949/5949
f 5940/5940/5940 5949/5949/5949 5948/5948/5948
f 5941/5941/5941 5934/5934/5934 5942/5942/5942
f 5941/5941/5941 5942/5942/5942 5949/5949/5949
f 5942/5942/5942 5943/5943/5943 5951/5951/5951
f 5942/5942/5942 5951/5951/5951 5950/5950/5950
f 5943/5943/5943 5944/5944/5944 5952/5952/5952
f 5943/5943/5943 5952/5952/5952 5951/5951/5951
f 5944/5944/5944 5945/5945/5945 5953/5953/5953
f 5944/5944/5944 5953/5953/5953 5952/5952/5952
f 5945/5945/5945 5946/5946/5946 5954/5954/5954
f 5945/5945/5945 5954/5954/5954 5953/5953/5953
f 5946/5946/5946 5947/5947/5947 5955/5955/5955
f 5946/5946/5946 5955/5955/5955 5954/5954/5954
f 5947/5947/5947 5948/5948/5948 5956/5956/5956
f 5947/5947/5947 5956/5956/5956 5955/5955/5955
f 5948/5948/5948 5949/5949/5949 5957/5957/5957
f 5948/5948/5948 5957/5957/5957 5956/5956/5956
f 5949/5949/5949 5942/5942/5942 5950/5950/5950
f 5949/5949/5949 5950/5950/5950 5957/5957/5957
f 5950/5950/5950 5951/5951/5951 5959/5959/5959
f 5950/5950/5950 5959/5959/5959 5958/5958/5958
f 5951/5951/5951 5952/5952/5952 5960/5960/5960
f 5951/5951/5951 5960/5960/5960 5959/5959/5959
f 5952/5952/5952 5953/5953/5953 5961/5961/5961
f 5952/5952/5952 5961/5961/5961 5960/5960/5960
f 5953/5953/5953 5954/5954/5954 5962/5962/5962
f 5953/5953/5953 5962/5962/5962 5961/5961/5961
f 5954/5954/5954 5955/5955/5955 5963/5963/5963
f 5954/5954/5954 5963/5963/5963 5962/5962/5962
f 5955/5955/5955 5956/5956/5956 5964/5964/5964
f 5955/5955/5955 5964/5964/5964 5963/5963/5963
f 5956/5956/5956 5957/5957/5957 5965/5965/5965
f 5956/5956/5956 5965/5965/5965 5964/5964/5964
f 5957/5957/5957 5950/5950/5950 5958/5958/5958
f 5957/5957/5957 5958/5958/5958 5965/5965/5965
f 5958/5958/5958 5959/5959/5959 5967/5967/5967
f 5958/5958/5958 5967/5967/5967 5966/5966/5966
f 5959/5959/5959 5960/5960/5960 5968/5968/5968
f 5959/5959/5959 5968/5968/5968 5967/5967/5967
f 5960/5960/5960 5961/5961/5961 5969/5969/5969
f 5960/5960/5960 5969/5969/5969 5968/5968/5968
f 5961/5961/5961 5962/5962/5962 5970/5970/5970
f 5961/5961/5961 5970/5970/5970 5969/5969/5969
f 5962/5962/5962 5963/5963/5963 5971/5971/5971
f 5962/5962/5962 5971/5971/5971 5970/5970/5970
f 5963/5963/5963 5964/5964/5964 5972/5972/5972
f 5963/5963/5963 5972/5972/5972 5971/5971/5971
f 5964/5964/5964 5965/5965/5965 5973/5973/5973
f 5964/5964/5964 5973/5973/5973 5972/5972/5972
f 5965/5965/5965 5958/5958/5958 5966/5966/5966
f 5965/5965/5965 5966/5966/5966 5973/5973/5973
f 5966/5966/5966 5967/5967/5967 5975/5975/5975
f 5966/5966/5966 5975/5975/5975 5974/5974/5974
f 5967/5967/5967 5968/5968/5968 5976/5976/5976
f 5967/5967/5967 5976/5976/5976 5975/5975/5975
f 5968/5968/5968 5969/5969/5969 5977/5977/5977
f 5968/5968/5968 5977/5977/5977 5976/5976/5976
f 5969/5969/5969 5970/5970/5970 5978/5978/5978
f 5969/5969/5969 5978/5978/5978 5977/5977/5977
f 5970/5970/5970 5971/5971/5971 5979/5979/5979
f 5970/5970/5970 5979/5979/5979 5978/5978/5978
f 5971/5971/5971 5972/5972/5972 5980/5980/5980
f 5971/5971/5971 5980/5980/5980 5979/5979/5979
f 5972/5972/5972 5973/5973/5973 5981/5981/5981
f 5972/5972/5972 5981/5981/5981 5980/5980/5980
f 5973/5973/5973 5966/5966/5966 5974/5974/5974
f 5973/5973/5973 5974/5974/5974 5981/5981/5981
f 5974/5974/5974 5975/5975/5975 5983/5983/5983
f 5974/5974/5974 5983/5983/5983 5982/5982/5982
f 5975/5975/5975 5976/5976/5976 5984/5984/5984
f 5975/5975/5975 5984/5984/5984 5983/5983/5983
f 5976/5976/5976 5977/5977/5977 5985/5985/5985
f 5976/5976/5976 5985/5985/5985 5984/5984/5984
f 5977/5977/5977 5978/5978/5978 5986/5986/5986
f 5977/5977/5977 5986/5986/5986 5985/5985/5985
f 5978/5978/5978 5979/5979/5979 5987/5987/5987
f 5978/5978/5978 5987/5987/5987 5986/5986/5986
f 5979/5979/5979 5980/5980/5980 5988/5988/5988
f 5979/5979/5979 5988/5988/5988 5987/5987/5987
f 5980/5980/5980 5981/5981/5981 5989/5989/5989
f 5980/5980/5980 5989/5989/5989 5988/5988/5988
f 5981/5981/5981 5974/5974/5974 5982/5982/5982
f 5981/5981/5981 5982/5982/5982 5989/5989/5989
f 5982/5982/5982 5983/5983/5983 5991/5991/5991
f 5982/5982/5982 5991/5991/5991 5990/5990/5990
f 5983/5983/5983 5984/5984/5984 5992/5992/5992
f 5983/5983/5983 5992/5992/5992 5991/5991/5991
f 5984/5984/5984 5985/5985/5985 5993/5993/5993
f 5984/5984/5984 5993/5993/5993 5992/5992/5992
f 5985/5985/5985 5986/5986/5986 5994/5994/5994
f 5985/5985/5985 5994/5994/5994 5993/5993/5993
f 5986/5986/5986 5987/5987/5987 5995/5995/5995
f 5986/5986/5986 5995/5995/5995 5994/5994/5994
f 5987/5987/5987 5988/5988/5988 5996/5996/5996
f 5987/5987/5987 5996/5996/5996 5995/5995/5995
f 5988/5988/5988 5989/5989/5989 5997/5997/5997
f 5988/5988/5988 5997/5997/5997 5996/5996/5996
f 5989/5989/5989 5982/5982/5982 5990/5990/5990
f 5989/5989/5989 5990/5990/5990 5997/5997/5997
f 5990/5990/5990 5991/5991/5991 5999/5999/5999
f 5990/5990/5990 5999/5999/5999 5998/5998/5998
f 5991/5991/5991 5992/5992/5992 6000/6000/6000
f 5991/5991/5991 6000/6000/6000 5999/5999/5999
f 5992/5992/5992 5993/5993/5993 6001/6001/6001
f 5992/5992/5992 6001/6001/6001 6000/6000/6000
f 5993/5993/5993 5994/5994/5994 6002/6002/6002
f 5993/5993/5993 6002/6002/6002 6001/6001/6001
f 5994/5994/5994 5995/5995/5995 6003/6003/6003
f 5994/5994/5994 6003/6003/6003 6002/6002/6002
f 5995/5995/5995 5996/5996/5996 6004/6004/6004
f 5995/5995/5995 6004/6004/6004 6003/6003/6003
f 5996/5996/5996 5997/5997/5997 6005/6005/6005
f 5996/5996/5996 6005/6005/6005 6004/6004/6004
f 5997/5997/5997 5990/5990/5990 5998/5998/5998
f 5997/5997/5997 5998/5998/5998 6005/6005/6005
f 5998/5998/5998 5999/5999/5999 6007/6007/6007
f 5998/5998/5998 6007/6007/6007 6006/6006/6006
f 5999/5999/5999 6000/6000/6000 6008/6008/6008
f 5999/5999/5999 6008/6008/6008 6007/6007/6007
f 6000/6000/6000 6001/6001/6001 6009/6009/6009
f 6000/6000/6000 6009/6009/6009 6008/6008/6008
f 6001/6001/6001 6002/6002/6002 6010/6010/6010
f 6001/6001/6001 6010/6010/6010 6009/6009/6009
f 6002/6002/6002 6003/6003/6003 6011/6011/6011
f 6002/6002/6002 6011/6011/6011 6010/6010/6010
f 6003/6003/6003 6004/6004/6004 6012/6012/6012
f 6003/6003/6003 6012/6012/6012 6011/6011/6011
f 6004/6004/6004 6005/6005/6005 6013/6013/6013
f 6004/6004/6004 6013/6013/6013 6012/6012/6012
f 6005/6005/6005 5998/5998/5998 6006/6006/6006
f 6005/6005/6005 6006/6006/6006 6013/6013/6013
f 6006/6006/6006 6007/6007/6007 6015/6015/6015
f 6006/6006/6006 6015/6015/6015 6014/6014/6014
f 6007/6007/6007 6008/6008/6008 6016/6016/6016
f 6007/6007/6007 6016/6016/6016 6015/6015/6015
f 6008/6008/6008 6009/6009/6009 6017/6017/6017
f 6008/6008/6008 6017/6017/6017 6016/6016/6016
f 6009/6009/6009 6010/6010/6010 6018/6018/6018
f 6009/6009/6009 6018/6018/6018 6017/6017/6017
f 6010/6010/6010 6011/6011/6011 6019/6019/6019
f 6010/6010/6010 6019/6019/6019 6018/6018/6018
f 6011/6011/6011 6012/6012/6012 6020/6020/6020
f 6011/6011/6011 6020/6020/6020 6019/6019/6019
f 6012/6012/6012 6013/6013/6013 6021/6021/6021
f 6012/6012/6012 6021/6021/6021 6020/6020/6020
f 6013/6013/6013 6006/6006/6006 6014/6014/6014
f 6013/6013/6013 6014/6014/6014 6021/6021/6021
f 6014/6014/6014 6015/6015/6015 6023/6023/6023
f 6014/6014/6014 6023/6023/6023 6022/6022/6022
f 6015/6015/6015 6016/6016/6016 6024/6024/6024
f 6015/6015/6015 6024/6024/6024 6023/6023/6023
f 6016/6016/6016 6017/6017/6017 6025/6025/6025
f 6016/6016/6016 6025/6025/6025 6024/6024/6024
f 6017/6017/6017 6018/6018/6018 6026/6026/6026
f 6017/6017/6017 6026/6026/6026 6025/6025/6025
f 6018/6018/6018 6019/6019/6019 6027/6027/6027
f 6018/6018/6018 6027/6027/6027 6026/6026/6026
f 6019/6019/6019 6020/6020/6020 6028/6028/6028
f 6019/6019/6019 6028/6028/6028 6027/6027/6027
f 6020/6020/6020 6021/6021/6021 6029/6029/6029
f 6020/6020/6020 6029/6029/6029 6028/6028/6028
f 6021/6021/6021 6014/6014/6014 6022/6022/6022
f 6021/6021/6021 6022/6022/6022 6029/6029/6029
f 6022/6022/6022 6023/6023/6023 6031/6031/6031
f 6022/6022/6022 6031/6031/6031 6030/6030/6030
f 6023/6023/6023 6024/6024/6024 6032/6032/6032
f 6023/6023/6023 6032/6032/6032 6031/6031/6031
f 6024/6024/6024 6025/6025/6025 6033/6033/6033
f 6024/6024/6024 6033/6033/6033 6032/6032/6032
f 6025/6025/6025 6026/6026/6026 6034/6034/6034
f 6025/6025/6025 6034/6034/6034 6033/6033/6033
f 6026/6026/6026 6027/6027/6027 6035/6035/6035
f 6026/6026/6026 6035/6035/6035 6034/6034/6034
f 6027/6027/6027 6028/6028/6028 6036/6036/6036
f 6027/6027/6027 6036/6036/6036 6035/6035/6035
f 6028/6028/6028 6029/6029/6029 6037/6037/6037
f 6028/6028/6028 6037/6037/6037 6036/6036/6036
f 6029/6029/6029 6022/6022/6022 6030/6030/6030
f 6029/6029/6029 6030/6030/6030 6037/6037/6037
f 6030/6030/6030 6031/6031/6031 6039/6039/6039
f 6030/6030/6030 6039/6039/6039 6038/6038/6038
f 6031/6031/6031 6032/6032/6032 6040/6040/6040
f 6031/6031/6031 6040/6040/6040 6039/6039/6039
f 6032/6032/6032 6033/6033/6033 6041/6041/6041
f 6032/6032/6032 6041/6041/6041 6040/6040/6040
f 6033/6033/6033 6034/6034/6034 6042/6042/6042
f 6033/6033/6033 6042/6042/6042 6041/6041/6041
f 6034/6034/6034 6035/6035/6035 6043/6043/6043
f 6034/6034/6034 6043/6043/6043 6042/6042/6042
f 6035/6035/6035 6036/6036/6036 6044/6044/6044
f 6035/6035/6035 6044/6044/6044 6043/6043/6043
f 6036/6036/6036 6037/6037/6037 6045/6045/6045
f 6036/6036/6036 6045/6045/6045 6044/6044/6044
f 6037/6037/6037 6030/6030/6030 6038/6038/6038
f 6037/6037/6037 6038/6038/6038 6045/6045/6045
usemtl Pants
f 6046/6062/6044 6047/6063/6045 6055/6071/6053
f 6046/6062/6044 6055/6071/6053 6054/6070/6052
f 6047/6063/6045 6048/6064/6046 6056/6072/6054
f 6047/6063/6045 6056/6072/6054 6055/6071/6053
f 6048/6064/6046 6049/6065/6047 6057/6073/6055
f 6048/6064/6046 6057/6073/6055 6056/6072/6054
f 6049/6065/6047 6050/6066/6048 6058/6074/6056
f 6049/6065/6047 6058/6074/6056 6057/6073/6055
f 6050/6066/6048 6051/6067/6049 6059/6075/6057
f 6050/6066/6048 6059/6075/6057 6058/6074/6056
f 6051/6067/6049 6052/6068/6050 6060/6076/6058
f 6051/6067/6049 6060/6076/6058 6059/6075/6057
f 6052/6068/6050 6053/6069/6051 6061/6077/6059
f 6052/6068/6050 6061/6077/6059 6060/6076/6058
f 6053/6069/6051 6046/6062/6044 6054/6070/6052
f 6053/6069/6051 6054/6070/6052 6061/6077/6059
f 6054/6070/6052 6055/6071/6053 6063/6079/6061
f 6054/6070/6052 6063/6079/6061 6062/6078/6060
f 6055/6071/6053 6056/6072/6054 6064/6080/6062
f 6055/6071/6053 6064/6080/6062 6063/6079/6061
f 6056/6072/6054 6057/6073/6055 6065/6081/6063
f 6056/6072/6054 6065/6081/6063 6064/6080/6062
f 6057/6073/6055 6058/6074/6056 6066/6082/6064
f 6057/6073/6055 6066/6082/6064 6065/6081/6063
f 6058/6074/6056 6059/6075/6057 6067/6083/6065
f 6058/6074/6056 6067/6083/6065 6066/6082/6064
f 6059/6075/6057 6060/6076/6058 6068/6084/6066
f 6059/6075/6057 6068/6084/6066 6067/6083/6065
f 6060/6076/6058 6061/6077/6059 6069/6085/6067
f 6060/6076/6058 6069/6085/6067 6068/6084/6066
f 6061/6077/6059 6054/6070/6052 6062/6078/6060
f 6061/6077/6059 6062/6078/6060 6069/6085/6067
f 6062/6078/6060 6063/6079/6061 6071/6087/6069
f 6062/6078/6060 6071/6087/6069 6070/6086/6068
f 6063/6079/6061 6064/6080/6062 6072/6088/6070
f 6063/6079/6061 6072/6088/6070 6071/6087/6069
f 6064/6080/6062 6065/6081/6063 6073/6089/6071
f 6064/6080/6062 6073/6089/6071 6072/6088/6070
f 6065/6081/6063 6066/6082/6064 6074/6090/6072
f 6065/6081/6063 6074/6090/6072 6073/6089/6071
f 6066/6082/6064 6067/6083/6065 6075/6091/6073
f 6066/6082/6064 6075/6091/6073 6074/6090/6072
f 6067/6083/6065 6068/6084/6066 6076/6092/6074
f 6067/6083/6065 6076/6092/6074 6075/6091/6073
f 6068/6084/6066 6069/6085/6067 6077/6093/6075
f 6068/6084/6066 6077/6093/6075 6076/6092/6074
f 6069/6085/6067 6062/6078/6060 6070/6086/6068
f 6069/6085/6067 6070/6086/6068 6077/6093/6075
f 6070/6086/6068 6071/6087/6069 6079/6095/6077
f 6070/6086/6068 6079/6095/6077 6078/6094/6076
f 6071/6087/6069 6072/6088/6070 6080/6096/6078
f 6071/6087/6069 6080/6096/6078 6079/6095/6077
f 6072/6088/6070 6073/6089/6071 6081/6097/6079
f 6072/6088/6070 6081/6097/6079 6080/6096/6078
f 6073/6089/6071 6074/6090/6072 6082/6098/6080
f 6073/6089/6071 6082/6098/6080 6081/6097/6079
f 6074/6090/6072 6075/6091/6073 6083/6099/6081
f 6074/6090/6072 6083/6099/6081 6082/6098/6080
f 6075/6091/6073 6076/6092/6074 6084/6100/6082
f 6075/6091/6073 6084/6100/6082 6083/6099/6081
f 6076/6092/6074 6077/6093/6075 6085/6101/6083
f 6076/6092/6074 6085/6101/6083 6084/6100/6082
f 6077/6093/6075 6070/6086/6068 6078/6094/6076
f 6077/6093/6075 6078/6094/6076 6085/6101/6083
usemtl ShoeSole
f 6086/6102/6084 6087/6103/6085 6097/6113/6095
f 6086/6102/6084 6097/6113/6095 6096/6112/6094
f 6087/6103/6085 6088/6104/6086 6098/6114/6096
f 6087/6103/6085 6098/6114/6096 6097/6113/6095
f 6088/6104/6086 6089/6105/6087 6099/6115/6097
f 6088/6104/6086 6099/6115/6097 6098/6114/6096
f 6089/6105/6087 6090/6106/6088 6100/6116/6098
f 6089/6105/6087 6100/6116/6098 6099/6115/6097
f 6090/6106/6088 6091/6107/6089 6101/6117/6099
f 6090/6106/6088 6101/6117/6099 6100/6116/6098
f 6091/6107/6089 6092/6108/6090 6102/6118/6100
f 6091/6107/6089 6102/6118/6100 6101/6117/6099
f 6092/6108/6090 6093/6109/6091 6103/6119/6101
f 6092/6108/6090 6103/6119/6101 6102/6118/6100
f 6093/6109/6091 6094/6110/6092 6104/6120/6102
f 6093/6109/6091 6104/6120/6102 6103/6119/6101
f 6094/6110/6092 6095/6111/6093 6105/6121/6103
f 6094/6110/6092 6105/6121/6103 6104/6120/6102
f 6095/6111/6093 6086/6102/6084 6096/6112/6094
f 6095/6111/6093 6096/6112/6094 6105/6121/6103
f 6096/6112/6094 6097/6113/6095 6107/6123/6105
f 6096/6112/6094 6107/6123/6105 6106/6122/6104
f 6097/6113/6095 6098/6114/6096 6108/6124/6106
f 6097/6113/6095 6108/6124/6106 6107/6123/6105
f 6098/6114/6096 6099/6115/6097 6109/6125/6107
f 6098/6114/6096 6109/6125/6107 6108/6124/6106
f 6099/6115/6097 6100/6116/6098 6110/6126/6108
f 6099/6115/6097 6110/6126/6108 6109/6125/6107
f 6100/6116/6098 6101/6117/6099 6111/6127/6109
f 6100/6116/6098 6111/6127/6109 6110/6126/6108
f 6101/6117/6099 6102/6118/6100 6112/6128/6110
f 6101/6117/6099 6112/6128/6110 6111/6127/6109
f 6102/6118/6100 6103/6119/6101 6113/6129/6111
f 6102/6118/6100 6113/6129/6111 6112/6128/6110
f 6103/6119/6101 6104/6120/6102 6114/6130/6112
f 6103/6119/6101 6114/6130/6112 6113/6129/6111
f 6104/6120/6102 6105/6121/6103 6115/6131/6113
f 6104/6120/6102 6115/6131/6113 6114/6130/6112
f 6105/6121/6103 6096/6112/6094 6106/6122/6104
f 6105/6121/6103 6106/6122/6104 6115/6131/6113
f 6106/6122/6104 6107/6123/6105 6117/6133/6115
f 6106/6122/6104 6117/6133/6115 6116/6132/6114
f 6107/6123/6105 6108/6124/6106 6118/6134/6116
f 6107/6123/6105 6118/6134/6116 6117/6133/6115
f 6108/6124/6106 6109/6125/6107 6119/6135/6117
f 6108/6124/6106 6119/6135/6117 6118/6134/6116
f 6109/6125/6107 6110/6126/6108 6120/6136/6118
f 6109/6125/6107 6120/6136/6118 6119/6135/6117
f 6110/6126/6108 6111/6127/6109 6121/6137/6119
f 6110/6126/6108 6121/6137/6119 6120/6136/6118
f 6111/6127/6109 6112/6128/6110 6122/6138/6120
f 6111/6127/6109 6122/6138/6120 6121/6137/6119
f 6112/6128/6110 6113/6129/6111 6123/6139/6121
f 6112/6128/6110 6123/6139/6121 6122/6138/6120
f 6113/6129/6111 6114/6130/6112 6124/6140/6122
f 6113/6129/6111 6124/6140/6122 6123/6139/6121
f 6114/6130/6112 6115/6131/6113 6125/6141/6123
f 6114/6130/6112 6125/6141/6123 6124/6140/6122
f 6115/6131/6113 6106/6122/6104 6116/6132/6114
f 6115/6131/6113 6116/6132/6114 6125/6141/6123
f 6116/6132/6114 6117/6133/6115 6127/6143/6125
f 6116/6132/6114 6127/6143/6125 6126/6142/6124
f 6117/6133/6115 6118/6134/6116 6128/6144/6126
f 6117/6133/6115 6128/6144/6126 6127/6143/6125
f 6118/6134/6116 6119/6135/6117 6129/6145/6127
f 6118/6134/6116 6129/6145/6127 6128/6144/6126
f 6119/6135/6117 6120/6136/6118 6130/6146/6128
f 6119/6135/6117 6130/6146/6128 6129/6145/6127
f 6120/6136/6118 6121/6137/6119 6131/6147/6129
f 6120/6136/6118 6131/6147/6129 6130/6146/6128
f 6121/6137/6119 6122/6138/6120 6132/6148/6130
f 6121/6137/6119 6132/6148/6130 6131/6147/6129
f 6122/6138/6120 6123/6139/6121 6133/6149/6131
f 6122/6138/6120 6133/6149/6131 6132/6148/6130
f 6123/6139/6121 6124/6140/6122 6134/6150/6132
f 6123/6139/6121 6134/6150/6132 6133/6149/6131
f 6124/6140/6122 6125/6141/6123 6135/6151/6133
f 6124/6140/6122 6135/6151/6133 6134/6150/6132
f 6125/6141/6123 6116/6132/6114 6126/6142/6124
f 6125/6141/6123 6126/6142/6124 6135/6151/6133
f 6126/6142/6124 6127/6143/6125 6137/6153/6135
f 6126/6142/6124 6137/6153/6135 6136/6152/6134
f 6127/6143/6125 6128/6144/6126 6138/6154/6136
f 6127/6143/6125 6138/6154/6136 6137/6153/6135
f 6128/6144/6126 6129/6145/6127 6139/6155/6137
f 6128/6144/6126 6139/6155/6137 6138/6154/6136
f 6129/6145/6127 6130/6146/6128 6140/6156/6138
f 6129/6145/6127 6140/6156/6138 6139/6155/6137
f 6130/6146/6128 6131/6147/6129 6141/6157/6139
f 6130/6146/6128 6141/6157/6139 6140/6156/6138
f 6131/6147/6129 6132/6148/6130 6142/6158/6140
f 6131/6147/6129 6142/6158/6140 6141/6157/6139
f 6132/6148/6130 6133/6149/6131 6143/6159/6141
f 6132/6148/6130 6143/6159/6141 6142/6158/6140
f 6133/6149/6131 6134/6150/6132 6144/6160/6142
f 6133/6149/6131 6144/6160/6142 6143/6159/6141
f 6134/6150/6132 6135/6151/6133 6145/6161/6143
f 6134/6150/6132 6145/6161/6143 6144/6160/6142
f 6135/6151/6133 6126/6142/6124 6136/6152/6134
f 6135/6151/6133 6136/6152/6134 6145/6161/6143
f 6136/6152/6134 6137/6153/6135 6147/6163/6145
f 6136/6152/6134 6147/6163/6145 6146/6162/6144
f 6137/6153/6135 6138/6154/6136 6148/6164/6146
f 6137/6153/6135 6148/6164/6146 6147/6163/6145
f 6138/6154/6136 6139/6155/6137 6149/6165/6147
f 6138/6154/6136 6149/6165/6147 6148/6164/6146
f 6139/6155/6137 6140/6156/6138 6150/6166/6148
f 6139/6155/6137 6150/6166/6148 6149/6165/6147
f 6140/6156/6138 6141/6157/6139 6151/6167/6149
f 6140/6156/6138 6151/6167/6149 6150/6166/6148
f 6141/6157/6139 6142/6158/6140 6152/6168/6150
f 6141/6157/6139 6152/6168/6150 6151/6167/6149
f 6142/6158/6140 6143/6159/6141 6153/6169/6151
f 6142/6158/6140 6153/6169/6151 6152/6168/6150
f 6143/6159/6141 6144/6160/6142 6154/6170/6152
f 6143/6159/6141 6154/6170/6152 6153/6169/6151
f 6144/6160/6142 6145/6161/6143 6155/6171/6153
f 6144/6160/6142 6155/6171/6153 6154/6170/6152
f 6145/6161/6143 6136/6152/6134 6146/6162/6144
f 6145/6161/6143 6146/6162/6144 6155/6171/6153
usemtl Shoes
f 6156/6172/6154 6157/6173/6155 6167/6183/6165
f 6156/6172/6154 6167/6183/6165 6166/6182/6164
f 6157/6173/6155 6158/6174/6156 6168/6184/6166
f 6157/6173/6155 6168/6184/6166 6167/6183/6165
f 6158/6174/6156 6159/6175/6157 6169/6185/6167
f 6158/6174/6156 6169/6185/6167 6168/6184/6166
f 6159/6175/6157 6160/6176/6158 6170/6186/6168
f 6159/6175/6157 6170/6186/6168 6169/6185/6167
f 6160/6176/6158 6161/6177/6159 6171/6187/6169
f 6160/6176/6158 6171/6187/6169 6170/6186/6168
f 6161/6177/6159 6162/6178/6160 6172/6188/6170
f 6161/6177/6159 6172/6188/6170 6171/6187/6169
f 6162/6178/6160 6163/6179/6161 6173/6189/6171
f 6162/6178/6160 6173/6189/6171 6172/6188/6170
f 6163/6179/6161 6164/6180/6162 6174/6190/6172
f 6163/6179/6161 6174/6190/6172 6173/6189/6171
f 6164/6180/6162 6165/6181/6163 6175/6191/6173
f 6164/6180/6162 6175/6191/6173 6174/6190/6172
f 6165/6181/6163 6156/6172/6154 6166/6182/6164
f 6165/6181/6163 6166/6182/6164 6175/6191/6173
f 6166/6182/6164 6167/6183/6165 6177/6193/6175
f 6166/6182/6164 6177/6193/6175 6176/6192/6174
f 6167/6183/6165 6168/6184/6166 6178/6194/6176
f 6167/6183/6165 6178/6194/6176 6177/6193/6175
f 6168/6184/6166 6169/6185/6167 6179/6195/6177
f 6168/6184/6166 6179/6195/6177 6178/6194/6176
f 6169/6185/6167 6170/6186/6168 6180/6196/6178
f 6169/6185/6167 6180/6196/6178 6179/6195/6177
f 6170/6186/6168 6171/6187/6169 6181/6197/6179
f 6170/6186/6168 6181/6197/6179 6180/6196/6178
f 6171/6187/6169 6172/6188/6170 6182/6198/6180
f 6171/6187/6169 6182/6198/6180 6181/6197/6179
f 6172/6188/6170 6173/6189/6171 6183/6199/6181
f 6172/6188/6170 6183/6199/6181 6182/6198/6180
f 6173/6189/6171 6174/6190/6172 6184/6200/6182
f 6173/6189/6171 6184/6200/6182 6183/6199/6181
f 6174/6190/6172 6175/6191/6173 6185/6201/6183
f 6174/6190/6172 6185/6201/6183 6184/6200/6182
f 6175/6191/6173 6166/6182/6164 6176/6192/6174
f 6175/6191/6173 6176/6192/6174 6185/6201/6183
f 6176/6192/6174 6177/6193/6175 6187/6203/6185
f 6176/6192/6174 6187/6203/6185 6186/6202/6184
f 6177/6193/6175 6178/6194/6176 6188/6204/6186
f 6177/6193/6175 6188/6204/6186 6187/6203/6185
f 6178/6194/6176 6179/6195/6177 6189/6205/6187
f 6178/6194/6176 6189/6205/6187 6188/6204/6186
f 6179/6195/6177 6180/6196/6178 6190/6206/6188
f 6179/6195/6177 6190/6206/6188 6189/6205/6187
f 6180/6196/6178 6181/6197/6179 6191/6207/6189
f 6180/6196/6178 6191/6207/6189 6190/6206/6188
f 6181/6197/6179 6182/6198/6180 6192/6208/6190
f 6181/6197/6179 6192/6208/6190 6191/6207/6189
f 6182/6198/6180 6183/6199/6181 6193/6209/6191
f 6182/6198/6180 6193/6209/6191 6192/6208/6190
f 6183/6199/6181 6184/6200/6182 6194/6210/6192
f 6183/6199/6181 6194/6210/6192 6193/6209/6191
f 6184/6200/6182 6185/6201/6183 6195/6211/6193
f 6184/6200/6182 6195/6211/6193 6194/6210/6192
f 6185/6201/6183 6176/6192/6174 6186/6202/6184
f 6185/6201/6183 6186/6202/6184 6195/6211/6193
f 6186/6202/6184 6187/6203/6185 6197/6213/6195
f 6186/6202/6184 6197/6213/6195 6196/6212/6194
f 6187/6203/6185 6188/6204/6186 6198/6214/6196
f 6187/6203/6185 6198/6214/6196 6197/6213/6195
f 6188/6204/6186 6189/6205/6187 6199/6215/6197
f 6188/6204/6186 6199/6215/6197 6198/6214/6196
f 6189/6205/6187 6190/6206/6188 6200/6216/6198
f 6189/6205/6187 6200/6216/6198 6199/6215/6197
f 6190/6206/6188 6191/6207/6189 6201/6217/6199
f 6190/6206/6188 6201/6217/6199 6200/6216/6198
f 6191/6207/6189 6192/6208/6190 6202/6218/6200
f 6191/6207/6189 6202/6218/6200 6201/6217/6199
f 6192/6208/6190 6193/6209/6191 6203/6219/6201
f 6192/6208/6190 6203/6219/6201 6202/6218/6200
f 6193/6209/6191 6194/6210/6192 6204/6220/6202
f 6193/6209/6191 6204/6220/6202 6203/6219/6201
f 6194/6210/6192 6195/6211/6193 6205/6221/6203
f 6194/6210/6192 6205/6221/6203 6204/6220/6202
f 6195/6211/6193 6186/6202/6184 6196/6212/6194
f 6195/6211/6193 6196/6212/6194 6205/6221/6203
f 6196/6212/6194 6197/6213/6195 6207/6223/6205
f 6196/6212/6194 6207/6223/6205 6206/6222/6204
f 6197/6213/6195 6198/6214/6196 6208/6224/6206
f 6197/6213/6195 6208/6224/6206 6207/6223/6205
f 6198/6214/6196 6199/6215/6197 6209/6225/6207
f 6198/6214/6196 6209/6225/6207 6208/6224/6206
f 6199/6215/6197 6200/6216/6198 6210/6226/6208
f 6199/6215/6197 6210/6226/6208 6209/6225/6207
f 6200/6216/6198 6201/6217/6199 6211/6227/6209
f 6200/6216/6198 6211/6227/6209 6210/6226/6208
f 6201/6217/6199 6202/6218/6200 6212/6228/6210
f 6201/6217/6199 6212/6228/6210 6211/6227/6209
f 6202/6218/6200 6203/6219/6201 6213/6229/6211
f 6202/6218/6200 6213/6229/6211 6212/6228/6210
f 6203/6219/6201 6204/6220/6202 6214/6230/6212
f 6203/6219/6201 6214/6230/6212 6213/6229/6211
f 6204/6220/6202 6205/6221/6203 6215/6231/6213
f 6204/6220/6202 6215/6231/6213 6214/6230/6212
f 6205/6221/6203 6196/6212/6194 6206/6222/6204
f 6205/6221/6203 6206/6222/6204 6215/6231/6213
f 6206/6222/6204 6207/6223/6205 6217/6233/6215
f 6206/6222/6204 6217/6233/6215 6216/6232/6214
f 6207/6223/6205 6208/6224/6206 6218/6234/6216
f 6207/6223/6205 6218/6234/6216 6217/6233/6215
f 6208/6224/6206 6209/6225/6207 6219/6235/6217
f 6208/6224/6206 6219/6235/6217 6218/6234/6216
f 6209/6225/6207 6210/6226/6208 6220/6236/6218
f 6209/6225/6207 6220/6236/6218 6219/6235/6217
f 6210/6226/6208 6211/6227/6209 6221/6237/6219
f 6210/6226/6208 6221/6237/6219 6220/6236/6218
f 6211/6227/6209 6212/6228/6210 6222/6238/6220
f 6211/6227/6209 6222/6238/6220 6221/6237/6219
f 6212/6228/6210 6213/6229/6211 6223/6239/6221
f 6212/6228/6210 6223/6239/6221 6222/6238/6220
f 6213/6229/6211 6214/6230/6212 6224/6240/6222
f 6213/6229/6211 6224/6240/6222 6223/6239/6221
f 6214/6230/6212 6215/6231/6213 6225/6241/6223
f 6214/6230/6212 6225/6241/6223 6224/6240/6222
f 6215/6231/6213 6206/6222/6204 6216/6232/6214
f 6215/6231/6213 6216/6232/6214 6225/6241/6223
f 6216/6232/6214 6217/6233/6215 6227/6243/6225
f 6216/6232/6214 6227/6243/6225 6226/6242/6224
f 6217/6233/6215 6218/6234/6216 6228/6244/6226
f 6217/6233/6215 6228/6244/6226 6227/6243/6225
f 6218/6234/6216 6219/6235/6217 6229/6245/6227
f 6218/6234/6216 6229/6245/6227 6228/6244/6226
f 6219/6235/6217 6220/6236/6218 6230/6246/6228
f 6219/6235/6217 6230/6246/6228 6229/6245/6227
f 6220/6236/6218 6221/6237/6219 6231/6247/6229
f 6220/6236/6218 6231/6247/6229 6230/6246/6228
f 6221/6237/6219 6222/6238/6220 6232/6248/6230
f 6221/6237/6219 6232/6248/6230 6231/6247/6229
f 6222/6238/6220 6223/6239/6221 6233/6249/6231
f 6222/6238/6220 6233/6249/6231 6232/6248/6230
f 6223/6239/6221 6224/6240/6222 6234/6250/6232
f 6223/6239/6221 6234/6250/6232 6233/6249/6231
f 6224/6240/6222 6225/6241/6223 6235/6251/6233
f 6224/6240/6222 6235/6251/6233 6234/6250/6232
f 6225/6241/6223 6216/6232/6214 6226/6242/6224
f 6225/6241/6223 6226/6242/6224 6235/6251/6233
usemtl Shoes
f 6236/6252/6234 6237/6253/6235 6246/6262/6244
f 6236/6252/6234 6246/6262/6244 6245/6261/6243
f 6237/6253/6235 6238/6254/6236 6247/6263/6245
f 6237/6253/6235 6247/6263/6245 6246/6262/6244
f 6238/6254/6236 6239/6255/6237 6248/6264/6246
f 6238/6254/6236 6248/6264/6246 6247/6263/6245
f 6239/6255/6237 6240/6256/6238 6249/6265/6247
f 6239/6255/6237 6249/6265/6247 6248/6264/6246
f 6240/6256/6238 6241/6257/6239 6250/6266/6248
f 6240/6256/6238 6250/6266/6248 6249/6265/6247
f 6241/6257/6239 6242/6258/6240 6251/6267/6249
f 6241/6257/6239 6251/6267/6249 6250/6266/6248
f 6242/6258/6240 6243/6259/6241 6252/6268/6250
f 6242/6258/6240 6252/6268/6250 6251/6267/6249
f 6243/6259/6241 6244/6260/6242 6253/6269/6251
f 6243/6259/6241 6253/6269/6251 6252/6268/6250
f 6244/6260/6242 6236/6252/6234 6245/6261/6243
f 6244/6260/6242 6245/6261/6243 6253/6269/6251
f 6245/6261/6243 6246/6262/6244 6255/6271/6253
f 6245/6261/6243 6255/6271/6253 6254/6270/6252
f 6246/6262/6244 6247/6263/6245 6256/6272/6254
f 6246/6262/6244 6256/6272/6254 6255/6271/6253
f 6247/6263/6245 6248/6264/6246 6257/6273/6255
f 6247/6263/6245 6257/6273/6255 6256/6272/6254
f 6248/6264/6246 6249/6265/6247 6258/6274/6256
f 6248/6264/6246 6258/6274/6256 6257/6273/6255
f 6249/6265/6247 6250/6266/6248 6259/6275/6257
f 6249/6265/6247 6259/6275/6257 6258/6274/6256
f 6250/6266/6248 6251/6267/6249 6260/6276/6258
f 6250/6266/6248 6260/6276/6258 6259/6275/6257
f 6251/6267/6249 6252/6268/6250 6261/6277/6259
f 6251/6267/6249 6261/6277/6259 6260/6276/6258
f 6252/6268/6250 6253/6269/6251 6262/6278/6260
f 6252/6268/6250 6262/6278/6260 6261/6277/6259
f 6253/6269/6251 6245/6261/6243 6254/6270/6252
f 6253/6269/6251 6254/6270/6252 6262/6278/6260
f 6254/6270/6252 6255/6271/6253 6264/6280/6262
f 6254/6270/6252 6264/6280/6262 6263/6279/6261
f 6255/6271/6253 6256/6272/6254 6265/6281/6263
f 6255/6271/6253 6265/6281/6263 6264/6280/6262
f 6256/6272/6254 6257/6273/6255 6266/6282/6264
f 6256/6272/6254 6266/6282/6264 6265/6281/6263
f 6257/6273/6255 6258/6274/6256 6267/6283/6265
f 6257/6273/6255 6267/6283/6265 6266/6282/6264
f 6258/6274/6256 6259/6275/6257 6268/6284/6266
f 6258/6274/6256 6268/6284/6266 6267/6283/6265
f 6259/6275/6257 6260/6276/6258 6269/6285/6267
f 6259/6275/6257 6269/6285/6267 6268/6284/6266
f 6260/6276/6258 6261/6277/6259 6270/6286/6268
f 6260/6276/6258 6270/6286/6268 6269/6285/6267
f 6261/6277/6259 6262/6278/6260 6271/6287/6269
f 6261/6277/6259 6271/6287/6269 6270/6286/6268
f 6262/6278/6260 6254/6270/6252 6263/6279/6261
f 6262/6278/6260 6263/6279/6261 6271/6287/6269
f 6263/6279/6261 6264/6280/6262 6273/6289/6271
f 6263/6279/6261 6273/6289/6271 6272/6288/6270
f 6264/6280/6262 6265/6281/6263 6274/6290/6272
f 6264/6280/6262 6274/6290/6272 6273/6289/6271
f 6265/6281/6263 6266/6282/6264 6275/6291/6273
f 6265/6281/6263 6275/6291/6273 6274/6290/6272
f 6266/6282/6264 6267/6283/6265 6276/6292/6274
f 6266/6282/6264 6276/6292/6274 6275/6291/6273
f 6267/6283/6265 6268/6284/6266 6277/6293/6275
f 6267/6283/6265 6277/6293/6275 6276/6292/6274
f 6268/6284/6266 6269/6285/6267 6278/6294/6276
f 6268/6284/6266 6278/6294/6276 6277/6293/6275
f 6269/6285/6267 6270/6286/6268 6279/6295/6277
f 6269/6285/6267 6279/6295/6277 6278/6294/6276
f 6270/6286/6268 6271/6287/6269 6280/6296/6278
f 6270/6286/6268 6280/6296/6278 6279/6295/6277
f 6271/6287/6269 6263/6279/6261 6272/6288/6270
f 6271/6287/6269 6272/6288/6270 6280/6296/6278
f 6272/6288/6270 6273/6289/6271 6282/6298/6280
f 6272/6288/6270 6282/6298/6280 6281/6297/6279
f 6273/6289/6271 6274/6290/6272 6283/6299/6281
f 6273/6289/6271 6283/6299/6281 6282/6298/6280
f 6274/6290/6272 6275/6291/6273 6284/6300/6282
f 6274/6290/6272 6284/6300/6282 6283/6299/6281
f 6275/6291/6273 6276/6292/6274 6285/6301/6283
f 6275/6291/6273 6285/6301/6283 6284/6300/6282
f 6276/6292/6274 6277/6293/6275 6286/6302/6284
f 6276/6292/6274 6286/6302/6284 6285/6301/6283
f 6277/6293/6275 6278/6294/6276 6287/6303/6285
f 6277/6293/6275 6287/6303/6285 6286/6302/6284
f 6278/6294/6276 6279/6295/6277 6288/6304/6286
f 6278/6294/6276 6288/6304/6286 6287/6303/6285
f 6279/6295/6277 6280/6296/6278 6289/6305/6287
f 6279/6295/6277 6289/6305/6287 6288/6304/6286
f 6280/6296/6278 6272/6288/6270 6281/6297/6279
f 6280/6296/6278 6281/6297/6279 6289/6305/6287
f 6281/6297/6279 6282/6298/6280 6291/6307/6289
f 6281/6297/6279 6291/6307/6289 6290/6306/6288
f 6282/6298/6280 6283/6299/6281 6292/6308/6290
f 6282/6298/6280 6292/6308/6290 6291/6307/6289
f 6283/6299/6281 6284/6300/6282 6293/6309/6291
f 6283/6299/6281 6293/6309/6291 6292/6308/6290
f 6284/6300/6282 6285/6301/6283 6294/6310/6292
f 6284/6300/6282 6294/6310/6292 6293/6309/6291
f 6285/6301/6283 6286/6302/6284 6295/6311/6293
f 6285/6301/6283 6295/6311/6293 6294/6310/6292
f 6286/6302/6284 6287/6303/6285 6296/6312/6294
f 6286/6302/6284 6296/6312/6294 6295/6311/6293
f 6287/6303/6285 6288/6304/6286 6297/6313/6295
f 6287/6303/6285 6297/6313/6295 6296/6312/6294
f 6288/6304/6286 6289/6305/6287 6298/6314/6296
f 6288/6304/6286 6298/6314/6296 6297/6313/6295
f 6289/6305/6287 6281/6297/6279 6290/6306/6288
f 6289/6305/6287 6290/6306/6288 6298/6314/6296
usemtl Shoes
f 6299/6315/6297 6300/6316/6298 6308/6324/6306
f 6299/6315/6297 6308/6324/6306 6307/6323/6305
f 6300/6316/6298 6301/6317/6299 6309/6325/6307
f 6300/6316/6298 6309/6325/6307 6308/6324/6306
f 6301/6317/6299 6302/6318/6300 6310/6326/6308
f 6301/6317/6299 6310/6326/6308 6309/6325/6307
f 6302/6318/6300 6303/6319/6301 6311/6327/6309
f 6302/6318/6300 6311/6327/6309 6310/6326/6308
f 6303/6319/6301 6304/6320/6302 6312/6328/6310
f 6303/6319/6301 6312/6328/6310 6311/6327/6309
f 6304/6320/6302 6305/6321/6303 6313/6329/6311
f 6304/6320/6302 6313/6329/6311 6312/6328/6310
f 6305/6321/6303 6306/6322/6304 6314/6330/6312
f 6305/6321/6303 6314/6330/6312 6313/6329/6311
f 6306/6322/6304 6299/6315/6297 6307/6323/6305
f 6306/6322/6304 6307/6323/6305 6314/6330/6312
f 6307/6323/6305 6308/6324/6306 6316/6332/6314
f 6307/6323/6305 6316/6332/6314 6315/6331/6313
f 6308/6324/6306 6309/6325/6307 6317/6333/6315
f 6308/6324/6306 6317/6333/6315 6316/6332/6314
f 6309/6325/6307 6310/6326/6308 6318/6334/6316
f 6309/6325/6307 6318/6334/6316 6317/6333/6315
f 6310/6326/6308 6311/6327/6309 6319/6335/6317
f 6310/6326/6308 6319/6335/6317 6318/6334/6316
f 6311/6327/6309 6312/6328/6310 6320/6336/6318
f 6311/6327/6309 6320/6336/6318 6319/6335/6317
f 6312/6328/6310 6313/6329/6311 6321/6337/6319
f 6312/6328/6310 6321/6337/6319 6320/6336/6318
f 6313/6329/6311 6314/6330/6312 6322/6338/6320
f 6313/6329/6311 6322/6338/6320 6321/6337/6319
f 6314/6330/6312 6307/6323/6305 6315/6331/6313
f 6314/6330/6312 6315/6331/6313 6322/6338/6320
f 6315/6331/6313 6316/6332/6314 6324/6340/6322
f 6315/6331/6313 6324/6340/6322 6323/6339/6321
f 6316/6332/6314 6317/6333/6315 6325/6341/6323
f 6316/6332/6314 6325/6341/6323 6324/6340/6322
f 6317/6333/6315 6318/6334/6316 6326/6342/6324
f 6317/6333/6315 6326/6342/6324 6325/6341/6323
f 6318/6334/6316 6319/6335/6317 6327/6343/6325
f 6318/6334/6316 6327/6343/6325 6326/6342/6324
f 6319/6335/6317 6320/6336/6318 6328/6344/6326
f 6319/6335/6317 6328/6344/6326 6327/6343/6325
f 6320/6336/6318 6321/6337/6319 6329/6345/6327
f 6320/6336/6318 6329/6345/6327 6328/6344/6326
f 6321/6337/6319 6322/6338/6320 6330/6346/6328
f 6321/6337/6319 6330/6346/6328 6329/6345/6327
f 6322/6338/6320 6315/6331/6313 6323/6339/6321
f 6322/6338/6320 6323/6339/6321 6330/6346/6328
f 6323/6339/6321 6324/6340/6322 6332/6348/6330
f 6323/6339/6321 6332/6348/6330 6331/6347/6329
f 6324/6340/6322 6325/6341/6323 6333/6349/6331
f 6324/6340/6322 6333/6349/6331 6332/6348/6330
f 6325/6341/6323 6326/6342/6324 6334/6350/6332
f 6325/6341/6323 6334/6350/6332 6333/6349/6331
f 6326/6342/6324 6327/6343/6325 6335/6351/6333
f 6326/6342/6324 6335/6351/6333 6334/6350/6332
f 6327/6343/6325 6328/6344/6326 6336/6352/6334
f 6327/6343/6325 6336/6352/6334 6335/6351/6333
f 6328/6344/6326 6329/6345/6327 6337/6353/6335
f 6328/6344/6326 6337/6353/6335 6336/6352/6334
f 6329/6345/6327 6330/6346/6328 6338/6354/6336
f 6329/6345/6327 6338/6354/6336 6337/6353/6335
f 6330/6346/6328 6323/6339/6321 6331/6347/6329
f 6330/6346/6328 6331/6347/6329 6338/6354/6336
f 6331/6347/6329 6332/6348/6330 6340/6356/6338
f 6331/6347/6329 6340/6356/6338 6339/6355/6337
f 6332/6348/6330 6333/6349/6331 6341/6357/6339
f 6332/6348/6330 6341/6357/6339 6340/6356/6338
f 6333/6349/6331 6334/6350/6332 6342/6358/6340
f 6333/6349/6331 6342/6358/6340 6341/6357/6339
f 6334/6350/6332 6335/6351/6333 6343/6359/6341
f 6334/6350/6332 6343/6359/6341 6342/6358/6340
f 6335/6351/6333 6336/6352/6334 6344/6360/6342
f 6335/6351/6333 6344/6360/6342 6343/6359/6341
f 6336/6352/6334 6337/6353/6335 6345/6361/6343
f 6336/6352/6334 6345/6361/6343 6344/6360/6342
f 6337/6353/6335 6338/6354/6336 6346/6362/6344
f 6337/6353/6335 6346/6362/6344 6345/6361/6343
f 6338/6354/6336 6331/6347/6329 6339/6355/6337
f 6338/6354/6336 6339/6355/6337 6346/6362/6344
usemtl Shoes
f 6347/6363/6345 6348/6364/6345 6349/6365/6345
f 6347/6363/6345 6349/6365/6345 6350/6366/6345
f 6352/6367/6346 6351/6368/6346 6354/6369/6346
f 6352/6367/6346 6354/6369/6346 6353/6370/6346
f 6351/6371/6347 6347/6372/6347 6350/6373/6347
f 6351/6371/6347 6350/6373/6347 6354/6374/6347
f 6348/6375/6348 6352/6376/6348 6353/6377/6348
f 6348/6375/6348 6353/6377/6348 6349/6378/6348
f 6350/6379/6349 6349/6380/6349 6353/6381/6349
f 6350/6379/6349 6353/6381/6349 6354/6382/6349
f 6351/6383/6350 6352/6384/6350 6348/6385/6350
f 6351/6383/6350 6348/6385/6350 6347/6386/6350
usemtl Buckle
f 6355/6387/6351 6356/6388/6352 6361/6393/6357
f 6355/6387/6351 6361/6393/6357 6360/6392/6356
f 6356/6388/6352 6357/6389/6353 6362/6394/6358
f 6356/6388/6352 6362/6394/6358 6361/6393/6357
f 6357/6389/6353 6358/6390/6354 6363/6395/6359
f 6357/6389/6353 6363/6395/6359 6362/6394/6358
f 6358/6390/6354 6359/6391/6355 6364/6396/6360
f 6358/6390/6354 6364/6396/6360 6363/6395/6359
f 6359/6391/6355 6355/6387/6351 6360/6392/6356
f 6359/6391/6355 6360/6392/6356 6364/6396/6360
f 6360/6392/6356 6361/6393/6357 6366/6398/6362
f 6360/6392/6356 6366/6398/6362 6365/6397/6361
f 6361/6393/6357 6362/6394/6358 6367/6399/6363
f 6361/6393/6357 6367/6399/6363 6366/6398/6362
f 6362/6394/6358 6363/6395/6359 6368/6400/6364
f 6362/6394/6358 6368/6400/6364 6367/6399/6363
f 6363/6395/6359 6364/6396/6360 6369/6401/6365
f 6363/6395/6359 6369/6401/6365 6368/6400/6364
f 6364/6396/6360 6360/6392/6356 6365/6397/6361
f 6364/6396/6360 6365/6397/6361 6369/6401/6365
f 6365/6397/6361 6366/6398/6362 6371/6403/6367
f 6365/6397/6361 6371/6403/6367 6370/6402/6366
f 6366/6398/6362 6367/6399/6363 6372/6404/6368
f 6366/6398/6362 6372/6404/6368 6371/6403/6367
f 6367/6399/6363 6368/6400/6364 6373/6405/6369
f 6367/6399/6363 6373/6405/6369 6372/6404/6368
f 6368/6400/6364 6369/6401/6365 6374/6406/6370
f 6368/6400/6364 6374/6406/6370 6373/6405/6369
f 6369/6401/6365 6365/6397/6361 6370/6402/6366
f 6369/6401/6365 6370/6402/6366 6374/6406/6370
