# Blender 4.2.8 LTS
# www.blender.org
mtllib hm_ped_noah_v12.mtl
o hm_ped_noah
v -0.001702 0.480993 -0.575288
v 0.025563 0.590967 -0.350052
v 0.033190 0.426005 -0.515001
v 0.060034 0.516909 -0.692384
v 0.099733 0.593869 -0.723621
v 0.160444 0.403932 -0.583701
v -0.004638 0.482974 -0.485466
v 0.021515 0.494842 -0.655871
v 0.018512 0.466043 -0.565496
v 0.090412 0.567354 -0.717106
v 0.025841 0.573822 -0.342398
v 0.123750 0.484817 -0.658473
v 0.000664 0.530905 -0.361691
v 0.253034 0.570624 -0.520009
v 0.253034 0.570624 -0.520009
v 0.191526 0.541194 -0.647071
v 0.219541 0.624611 -0.406857
v 0.026324 0.658731 -0.366550
v 0.088081 0.660784 -0.718209
v 0.031091 0.527045 -0.355109
v 0.219916 0.435363 -0.576618
v 0.237937 0.558400 -0.368887
v 0.092528 0.385847 -0.557073
v 0.013457 0.459905 -0.445332
v 0.271205 0.499462 -0.478761
v 0.271205 0.499462 -0.478761
v 0.103316 0.547010 -0.315576
v 0.172316 0.326418 -0.530279
v 0.172316 0.326418 -0.530279
v 0.050949 0.353595 -0.472401
v 0.050949 0.353595 -0.472401
v 0.157952 0.628203 -0.373285
v 0.173559 0.567172 -0.327456
v 0.076863 0.608666 -0.356860
v 0.006036 0.478451 -0.485151
v 0.058315 0.467446 -0.635457
v 0.260083 0.547242 -0.506545
v 0.260083 0.547242 -0.506545
v 0.194949 0.508671 -0.640610
v 0.079314 0.580937 -0.344596
v 0.225837 0.603523 -0.392823
v 0.022621 0.527888 -0.369346
v 0.208971 0.659959 -0.426109
v 0.151576 0.662775 -0.389597
v 0.173884 0.649722 -0.670328
v 0.235362 0.651000 -0.549218
v 0.235362 0.651000 -0.549218
v 0.109965 0.330662 -0.517633
v 0.109965 0.330662 -0.517633
v 0.026614 0.389501 -0.409091
v 0.026614 0.389501 -0.409091
v 0.042806 0.447146 -0.313479
v 0.042806 0.447146 -0.313479
v 0.285812 0.398694 -0.420817
v 0.285812 0.398694 -0.420817
v 0.232494 0.339490 -0.515111
v 0.232494 0.339490 -0.515111
v 0.117310 0.472740 -0.277378
v 0.117310 0.472740 -0.277378
v 0.254199 0.457378 -0.317500
v 0.254199 0.457378 -0.317500
v 0.183519 0.477412 -0.276398
v 0.183519 0.477412 -0.276398
v 0.163795 0.606873 -0.358293
v 0.068262 0.661015 -0.375857
v 0.243204 0.468458 -0.528458
v 0.220012 0.551054 -0.581591
v 0.224789 0.522188 -0.570917
v 0.201332 0.647880 -0.607949
v 0.259586 0.369215 -0.468019
v 0.259586 0.369215 -0.468019
v 0.236215 0.599194 -0.462568
v 0.236215 0.599194 -0.462568
v 0.254581 0.528956 -0.423838
v 0.254581 0.528956 -0.423838
v 0.242947 0.576568 -0.448954
v 0.242947 0.576568 -0.448954
v 0.222185 0.655326 -0.487015
v 0.222185 0.655326 -0.487015
v 0.270002 0.428032 -0.369151
v 0.270002 0.428032 -0.369151
v 0.174915 0.298394 -0.513563
v 0.051325 0.325421 -0.455896
v 0.111232 0.302556 -0.501108
v 0.032526 0.362427 -0.393650
v 0.049254 0.420407 -0.297488
v 0.292133 0.370901 -0.404143
v 0.235587 0.311460 -0.498448
v 0.119798 0.444736 -0.260805
v 0.260296 0.429637 -0.300808
v 0.186402 0.449429 -0.259837
v 0.265739 0.341410 -0.451332
v 0.276213 0.400258 -0.352472
v 0.020907 0.720819 -0.371161
v 0.063945 0.720046 -0.700120
v 0.190814 0.723493 -0.431772
v 0.129239 0.724001 -0.394479
v 0.146615 0.716659 -0.672278
v 0.207220 0.721462 -0.553230
v 0.207220 0.721462 -0.553230
v 0.051259 0.721706 -0.378365
v 0.181760 0.718022 -0.613424
v 0.203642 0.721326 -0.491585
v 0.203642 0.721326 -0.491585
v 0.180688 0.277915 -0.501112
v 0.057567 0.304978 -0.443522
v 0.117319 0.282102 -0.488737
v 0.038587 0.342061 -0.381104
v 0.055434 0.399930 -0.285103
v 0.297656 0.350383 -0.391762
v 0.241250 0.290961 -0.486041
v 0.125812 0.424266 -0.248433
v 0.265881 0.409157 -0.288408
v 0.192239 0.428955 -0.247472
v 0.271334 0.320898 -0.438944
v 0.281766 0.379754 -0.340084
v -0.023569 0.481017 -0.574712
v -0.054202 0.598736 -0.350109
v -0.050702 0.428103 -0.503070
v -0.083668 0.526616 -0.696137
v -0.124988 0.615233 -0.728366
v -0.175792 0.394607 -0.570335
v -0.022286 0.483960 -0.488561
v -0.046613 0.493618 -0.654186
v -0.042218 0.464835 -0.561384
v -0.115421 0.584116 -0.722444
v -0.053480 0.572478 -0.343676
v -0.145412 0.480815 -0.654080
v -0.027016 0.530928 -0.362218
v -0.278198 0.559428 -0.516821
v -0.278198 0.559428 -0.516821
v -0.215576 0.525860 -0.640295
v -0.248455 0.621902 -0.408152
v -0.055741 0.652819 -0.362619
v -0.115603 0.665789 -0.718280
v -0.055398 0.537188 -0.350304
v -0.236986 0.422992 -0.565381
v -0.263134 0.557616 -0.365875
v -0.107117 0.382119 -0.542470
v -0.036482 0.465336 -0.437902
v -0.292381 0.490097 -0.471881
v -0.292381 0.490097 -0.471881
v -0.128388 0.557029 -0.311660
v -0.184717 0.320458 -0.512688
v -0.184717 0.320458 -0.512688
v -0.064271 0.357668 -0.455843
v -0.064271 0.357668 -0.455843
v -0.187471 0.630042 -0.374832
v -0.199594 0.572621 -0.324934
v -0.105856 0.613998 -0.357605
v -0.032272 0.479764 -0.487825
v -0.081056 0.462278 -0.628195
v -0.283964 0.536694 -0.502111
v -0.283964 0.536694 -0.502111
v -0.218053 0.487843 -0.627637
v -0.106829 0.584023 -0.344896
v -0.253664 0.601986 -0.392773
v -0.048500 0.528281 -0.370223
v -0.237441 0.658903 -0.426065
v -0.180548 0.658217 -0.386853
v -0.201638 0.645780 -0.669965
v -0.263351 0.649710 -0.549349
v -0.263351 0.649710 -0.549349
v -0.121634 0.328624 -0.499667
v -0.121634 0.328624 -0.499667
v -0.044432 0.397670 -0.396369
v -0.044432 0.397670 -0.396369
v -0.062849 0.460559 -0.303606
v -0.062849 0.460559 -0.303606
v -0.301680 0.392571 -0.407751
v -0.301680 0.392571 -0.407751
v -0.244960 0.330880 -0.498170
v -0.244960 0.330880 -0.498170
v -0.138474 0.484748 -0.268949
v -0.138474 0.484748 -0.268949
v -0.274255 0.459509 -0.308315
v -0.274255 0.459509 -0.308315
v -0.204760 0.485826 -0.268343
v -0.204760 0.485826 -0.268343
v -0.192310 0.609847 -0.358780
v -0.097805 0.653309 -0.370848
v -0.012707 0.485620 -0.577105
v -0.013981 0.565427 -0.724874
v -0.013906 0.617021 -0.745486
v -0.013994 0.590324 -0.346215
v -0.014372 0.487065 -0.487659
v -0.012744 0.508522 -0.666553
v -0.013981 0.593971 -0.739567
v -0.013725 0.565816 -0.339702
v -0.013213 0.530318 -0.355395
v -0.014729 0.655590 -0.358762
v -0.013979 0.666389 -0.736594
v -0.262385 0.457672 -0.519459
v -0.244717 0.533883 -0.573275
v -0.247970 0.506632 -0.560489
v -0.229034 0.648234 -0.607822
v -0.273591 0.361731 -0.452956
v -0.273591 0.361731 -0.452956
v -0.263243 0.592812 -0.461802
v -0.263243 0.592812 -0.461802
v -0.277769 0.523880 -0.418893
v -0.277769 0.523880 -0.418893
v -0.268771 0.570647 -0.446793
v -0.268771 0.570647 -0.446793
v -0.250386 0.654472 -0.487170
v -0.250386 0.654472 -0.487170
v -0.287967 0.426040 -0.358033
v -0.287967 0.426040 -0.358033
v -0.186098 0.293454 -0.494402
v -0.063149 0.330613 -0.437595
v -0.121406 0.301587 -0.481405
v -0.048164 0.371742 -0.378743
v -0.067870 0.434657 -0.285960
v -0.306629 0.365639 -0.389412
v -0.246761 0.303884 -0.479877
v -0.139494 0.457737 -0.250668
v -0.278972 0.432572 -0.289978
v -0.206151 0.458822 -0.250057
v -0.278396 0.334796 -0.434619
v -0.292800 0.399105 -0.339695
v -0.049293 0.719758 -0.369292
v -0.091934 0.719135 -0.700297
v -0.219123 0.722576 -0.428689
v -0.158237 0.722085 -0.392290
v -0.174511 0.718180 -0.671853
v -0.235237 0.722099 -0.552506
v -0.235237 0.722099 -0.552506
v -0.079862 0.719898 -0.375175
v -0.014147 0.720021 -0.361898
v -0.013981 0.720426 -0.718359
v -0.209709 0.719508 -0.612673
v -0.231757 0.721480 -0.490491
v -0.231757 0.721480 -0.490491
v -0.190913 0.273502 -0.480783
v -0.068297 0.310668 -0.423971
v -0.126397 0.281639 -0.467783
v -0.053363 0.351798 -0.365117
v -0.072983 0.414712 -0.272336
v -0.311107 0.345680 -0.375797
v -0.251410 0.283929 -0.466260
v -0.144418 0.437787 -0.237047
v -0.283517 0.412615 -0.276363
v -0.210893 0.438869 -0.236439
v -0.282954 0.314839 -0.421003
v -0.297312 0.379147 -0.326080
v 0.215937 1.702248 -0.156596
v 0.188252 1.772258 -0.332135
v 0.197211 1.657788 -0.040016
v 0.138144 1.631554 0.020573
v 0.216032 1.696926 -0.381018
v 0.254309 1.621303 -0.176792
v 0.124795 1.764126 -0.142238
v 0.211821 1.674746 -0.084604
v 0.206977 1.736613 -0.241922
v 0.112941 1.806057 -0.291397
v 0.141910 1.798165 -0.395393
v 0.112154 1.723206 -0.042535
v 0.042686 1.607396 0.067631
v 0.214780 1.595862 -0.042600
v 0.086454 1.689493 0.011531
v 0.177055 1.646158 -0.011760
v 0.148708 1.583414 0.018331
v 0.103054 1.619731 0.045260
v 0.151380 1.512481 0.012245
v 0.151380 1.512481 0.012245
v 0.239004 1.517308 -0.047032
v 0.239004 1.517308 -0.047032
v 0.284277 1.540388 -0.206609
v 0.284277 1.540388 -0.206609
v 0.230741 1.580193 -0.434746
v 0.230741 1.580193 -0.434746
v 0.242865 1.659605 -0.276214
v 0.151791 1.727636 -0.462823
v 0.049972 1.573801 0.062918
v 0.242526 1.608521 -0.103657
v 0.121551 1.786962 -0.213974
v 0.119042 1.741779 -0.081004
v 0.098933 1.813955 -0.353570
v 0.029621 1.643054 0.067792
v 0.193082 1.590741 -0.012904
v 0.101003 1.706697 -0.015402
v 0.104883 1.577561 0.043218
v 0.070847 1.673189 0.035383
v 0.055702 1.504347 0.050290
v 0.055702 1.504347 0.050290
v 0.055702 1.504347 0.050290
v 0.153510 1.591653 -0.535732
v 0.153510 1.591653 -0.535732
v 0.211613 1.514803 -0.016691
v 0.211613 1.514803 -0.016691
v 0.099169 1.507572 0.035242
v 0.099169 1.507572 0.035242
v 0.266373 1.563999 -0.318505
v 0.266373 1.563999 -0.318505
v 0.269883 1.524531 -0.122297
v 0.269883 1.524531 -0.122297
v 0.150919 1.430310 0.008737
v 0.241428 1.431591 -0.053109
v 0.294947 1.445584 -0.218950
v 0.233309 1.470401 -0.456502
v 0.057403 1.424034 0.046519
v 0.153465 1.475623 -0.561272
v 0.213101 1.430966 -0.021464
v 0.103302 1.426580 0.029758
v 0.271122 1.461667 -0.335638
v 0.276157 1.434344 -0.131436
v 0.223498 1.627000 -0.419639
v 0.265336 1.579460 -0.189800
v 0.226034 1.552244 -0.045781
v 0.150774 1.542892 0.014624
v 0.055209 1.537614 0.056343
v 0.055209 1.537614 0.056343
v 0.152641 1.647232 -0.511374
v 0.202207 1.547496 -0.015679
v 0.103130 1.541721 0.039330
v 0.254820 1.596184 -0.299600
v 0.255014 1.563269 -0.113336
v 0.272578 1.554625 -0.330049
v 0.272578 1.554625 -0.330049
v 0.292234 1.532393 -0.210469
v 0.292234 1.532393 -0.210469
v 0.153473 1.579909 -0.549983
v 0.153473 1.579909 -0.549983
v 0.057602 1.497174 0.059549
v 0.057602 1.497174 0.059549
v 0.101848 1.500428 0.043569
v 0.101848 1.500428 0.043569
v 0.276634 1.516434 -0.120861
v 0.276634 1.516434 -0.120861
v 0.243665 1.509668 -0.040770
v 0.243665 1.509668 -0.040770
v 0.214558 1.507444 -0.008440
v 0.214558 1.507444 -0.008440
v 0.150747 1.505111 0.022306
v 0.150747 1.505111 0.022306
v 0.235608 1.569421 -0.442487
v 0.235608 1.569421 -0.442487
v 0.158402 1.421035 -0.045498
v 0.222954 1.420788 -0.095653
v 0.249638 1.425943 -0.210269
v 0.212133 1.441236 -0.355208
v 0.057587 1.416026 -0.014249
v 0.163550 1.444516 -0.419168
v 0.204144 1.421515 -0.067708
v 0.123375 1.418295 -0.030041
v 0.235141 1.435799 -0.281414
v 0.238204 1.419034 -0.156876
v -0.243899 1.702248 -0.156596
v -0.216213 1.772258 -0.332135
v -0.225172 1.657788 -0.040016
v -0.166105 1.631554 0.020573
v -0.243993 1.696926 -0.381018
v -0.282270 1.621303 -0.176792
v -0.152757 1.764126 -0.142238
v -0.239783 1.674746 -0.084604
v -0.234938 1.736613 -0.241922
v -0.013981 1.794602 -0.133570
v -0.013981 1.821336 -0.275885
v -0.140902 1.806057 -0.291397
v -0.013981 1.809863 -0.409880
v -0.169871 1.798165 -0.395393
v -0.140116 1.723206 -0.042535
v -0.013981 1.752697 -0.044717
v -0.070647 1.607396 0.067631
v -0.013981 1.601708 0.076261
v -0.242741 1.595862 -0.042600
v -0.114415 1.689493 0.011531
v -0.013981 1.713074 0.008360
v -0.205016 1.646158 -0.011760
v -0.176670 1.583414 0.018331
v -0.131016 1.619731 0.045260
v -0.179342 1.512481 0.012245
v -0.179342 1.512481 0.012245
v -0.266966 1.517308 -0.047032
v -0.266966 1.517308 -0.047032
v -0.312238 1.540388 -0.206609
v -0.312238 1.540388 -0.206609
v -0.258702 1.580193 -0.434746
v -0.258702 1.580193 -0.434746
v -0.270827 1.659605 -0.276214
v -0.179753 1.727636 -0.462823
v -0.077933 1.573801 0.062918
v -0.270487 1.608521 -0.103657
v -0.149512 1.786962 -0.213974
v -0.147003 1.741779 -0.081004
v -0.126894 1.813955 -0.353570
v -0.057582 1.643054 0.067792
v -0.221043 1.590741 -0.012904
v -0.128964 1.706697 -0.015402
v -0.132844 1.577561 0.043218
v -0.098808 1.673189 0.035383
v -0.083663 1.504347 0.050290
v -0.083663 1.504347 0.050290
v -0.083663 1.504347 0.050290
v -0.181472 1.591653 -0.535732
v -0.181472 1.591653 -0.535732
v -0.239575 1.514802 -0.016691
v -0.239575 1.514802 -0.016691
v -0.127131 1.507572 0.035242
v -0.127131 1.507572 0.035242
v -0.294335 1.563999 -0.318505
v -0.294335 1.563999 -0.318505
v -0.297845 1.524531 -0.122297
v -0.297845 1.524531 -0.122297
v -0.013981 1.741597 -0.485637
v -0.013981 1.567047 0.072947
v -0.013981 1.812380 -0.199668
v -0.013981 1.772659 -0.080130
v -0.013981 1.821587 -0.351523
v -0.013981 1.643119 0.074398
v -0.013981 1.733307 -0.018247
v -0.013981 1.692259 0.034178
v -0.013981 1.590815 -0.568752
v -0.013981 1.590815 -0.568752
v -0.013981 1.501898 0.065311
v -0.013981 1.501898 0.065311
v -0.178880 1.430310 0.008737
v -0.269390 1.431591 -0.053109
v -0.322909 1.445584 -0.218950
v -0.261271 1.470401 -0.456502
v -0.085364 1.424034 0.046519
v -0.181426 1.475623 -0.561272
v -0.241062 1.430966 -0.021464
v -0.131263 1.426580 0.029758
v -0.299083 1.461667 -0.335638
v -0.304118 1.434344 -0.131436
v -0.013981 1.472651 -0.595108
v -0.013981 1.422614 0.063224
v -0.251459 1.627000 -0.419639
v -0.293297 1.579460 -0.189800
v -0.253995 1.552244 -0.045781
v -0.178735 1.542892 0.014624
v -0.083170 1.537614 0.056343
v -0.083170 1.537614 0.056343
v -0.180602 1.647232 -0.511374
v -0.013981 1.654518 -0.539318
v -0.230169 1.547496 -0.015679
v -0.131091 1.541720 0.039330
v -0.013981 1.531712 0.068760
v -0.013981 1.531712 0.068760
v -0.282781 1.596184 -0.299600
v -0.282975 1.563269 -0.113336
v -0.300539 1.554625 -0.330049
v -0.300539 1.554625 -0.330049
v -0.320196 1.532393 -0.210469
v -0.320196 1.532393 -0.210469
v -0.013981 1.578682 -0.584988
v -0.013981 1.578682 -0.584988
v -0.181435 1.579909 -0.549983
v -0.181435 1.579909 -0.549983
v -0.085563 1.497174 0.059549
v -0.085563 1.497174 0.059549
v -0.013981 1.494438 0.078488
v -0.013981 1.494438 0.078488
v -0.129809 1.500428 0.043569
v -0.129809 1.500428 0.043569
v -0.304596 1.516434 -0.120861
v -0.304596 1.516434 -0.120861
v -0.271626 1.509668 -0.040770
v -0.271626 1.509668 -0.040770
v -0.242520 1.507444 -0.008440
v -0.242520 1.507444 -0.008440
v -0.178708 1.505111 0.022306
v -0.178708 1.505111 0.022306
v -0.263569 1.569421 -0.442487
v -0.263569 1.569421 -0.442487
v -0.186364 1.421035 -0.045498
v -0.250915 1.420788 -0.095653
v -0.277599 1.425943 -0.210269
v -0.240094 1.441236 -0.355208
v -0.085548 1.416026 -0.014249
v -0.191511 1.444516 -0.419168
v -0.232105 1.421515 -0.067708
v -0.151337 1.418295 -0.030041
v -0.263102 1.435799 -0.281414
v -0.266165 1.419034 -0.156876
v -0.013981 1.442810 -0.439965
v -0.013981 1.415429 -0.005529
v 0.120768 1.343663 -0.064904
v 0.120659 1.341284 -0.082142
v 0.121986 1.320083 -0.109870
v 0.122669 1.303553 -0.116884
v 0.124054 1.268190 -0.112520
v 0.124781 1.253768 -0.101544
v 0.127385 1.342909 -0.063289
v 0.133102 1.339861 -0.078950
v 0.138400 1.331245 -0.093242
v 0.142172 1.318019 -0.104578
v 0.143522 1.301635 -0.111621
v 0.142169 1.283922 -0.113373
v 0.138242 1.267041 -0.109325
v 0.132408 1.253147 -0.099884
v 0.132978 1.341059 -0.058904
v 0.143611 1.336389 -0.070702
v 0.152802 1.326571 -0.082055
v 0.158973 1.312700 -0.091727
v 0.160788 1.296318 -0.098642
v 0.157726 1.279247 -0.101874
v 0.149972 1.263559 -0.100757
v 0.138684 1.251289 -0.095315
v 0.136566 1.338487 -0.052585
v 0.150499 1.331553 -0.058915
v 0.162237 1.320015 -0.066199
v 0.169830 1.305157 -0.073636
v 0.171688 1.288649 -0.080375
v 0.167247 1.272398 -0.085570
v 0.156967 1.258435 -0.088493
v 0.142356 1.248566 -0.088738
v 0.137372 1.335680 -0.045511
v 0.152206 1.326233 -0.045673
v 0.164522 1.312726 -0.048350
v 0.172193 1.296690 -0.053244
v 0.173654 1.280002 -0.059817
v 0.168549 1.264692 -0.067324
v 0.157698 1.252699 -0.074843
v 0.142664 1.245527 -0.081438
v 0.135070 1.333162 -0.039046
v 0.147878 1.321406 -0.033466
v 0.158343 1.306051 -0.031809
v 0.164516 1.288920 -0.034347
v 0.165323 1.272116 -0.040889
v 0.160830 1.257727 -0.050667
v 0.151826 1.247534 -0.062473
v 0.139511 1.242781 -0.074854
v 0.130008 1.331420 -0.034492
v 0.138020 1.318015 -0.024809
v 0.144316 1.301357 -0.020082
v 0.147795 1.283512 -0.021045
v 0.148153 1.266681 -0.027642
v 0.145572 1.252944 -0.039053
v 0.140495 1.243978 -0.053877
v 0.133518 1.240878 -0.070292
v 0.123193 1.330813 -0.032801
v 0.124629 1.316785 -0.021575
v 0.125520 1.299658 -0.015763
v 0.125924 1.281564 -0.016212
v 0.126060 1.264742 -0.022860
v 0.126088 1.251248 -0.034880
v 0.126077 1.242707 -0.050800
v 0.125898 1.240187 -0.068666
v 0.116067 1.331484 -0.034341
v 0.110701 1.318000 -0.024503
v 0.106280 1.301281 -0.019793
v 0.103812 1.283412 -0.020860
v 0.103852 1.266606 -0.027541
v 0.106535 1.252897 -0.039011
v 0.111573 1.243929 -0.053872
v 0.118204 1.240829 -0.070305
v 0.125437 1.244044 -0.086291
v 0.110154 1.333313 -0.038819
v 0.099306 1.321432 -0.033015
v 0.090731 1.305900 -0.031346
v 0.086016 1.288678 -0.034037
v 0.086021 1.271884 -0.040736
v 0.090850 1.257542 -0.050620
v 0.099921 1.247380 -0.062489
v 0.111974 1.242674 -0.074886
v 0.106689 1.335941 -0.045327
v 0.092815 1.326409 -0.045374
v 0.082025 1.312609 -0.048080
v 0.076124 1.296309 -0.053103
v 0.076119 1.279520 -0.059813
v 0.082122 1.264264 -0.067397
v 0.093378 1.252389 -0.074933
v 0.108428 1.245360 -0.081498
v 0.106339 1.338841 -0.052539
v 0.092435 1.331948 -0.059057
v 0.081709 1.320125 -0.066611
v 0.075868 1.304858 -0.074225
v 0.075872 1.288073 -0.080953
v 0.081868 1.271797 -0.085988
v 0.093122 1.258002 -0.088724
v 0.108232 1.248365 -0.088828
v 0.109080 1.341418 -0.058991
v 0.098023 1.336922 -0.071259
v 0.089598 1.326963 -0.083166
v 0.085014 1.312696 -0.093132
v 0.085052 1.295928 -0.099901
v 0.089944 1.278709 -0.102669
v 0.099098 1.263139 -0.101108
v 0.111397 1.251104 -0.095416
v 0.114256 1.343140 -0.063393
v 0.108182 1.340268 -0.079483
v 0.103826 1.331659 -0.094310
v 0.101568 1.318201 -0.105923
v 0.101776 1.301505 -0.112786
v 0.104726 1.283628 -0.114069
v 0.110113 1.266787 -0.109607
v 0.117294 1.253035 -0.099953
v 0.121731 1.339605 -0.048042
v 0.121227 1.333137 -0.097756
v 0.123351 1.285503 -0.117840
v 0.136774 1.380143 -0.006275
v 0.150552 1.361212 0.034801
v 0.146413 1.373941 0.016096
v 0.201900 1.369547 -0.075368
v 0.052215 1.337332 0.006909
v 0.126300 1.351986 0.003861
v 0.054339 1.327232 0.030861
v 0.061520 1.336597 -0.015825
v 0.067728 1.324178 0.005480
v 0.053435 1.343327 -0.015049
v 0.061766 1.320808 0.030208
v 0.217985 1.355054 -0.062258
v 0.140640 1.349832 0.028426
v 0.126472 1.369847 -0.011959
v 0.223772 1.371042 -0.072449
v 0.224632 1.368471 -0.082725
v 0.210598 1.367108 -0.055366
v 0.221285 1.359754 -0.054867
v 0.204157 1.374195 -0.068057
v 0.205041 1.357761 -0.070068
v 0.171432 1.352389 -0.032837
v 0.174819 1.375568 -0.039006
v 0.196835 1.358588 -0.013520
v 0.187497 1.368444 -0.024394
v 0.189048 1.349389 -0.018250
v 0.166268 1.366632 -0.043576
v 0.110871 1.345715 0.028872
v 0.102093 1.374240 -0.009521
v 0.104592 1.346875 0.004060
v 0.100595 1.363416 -0.013772
v 0.112589 1.356262 0.033492
v 0.107788 1.368339 0.012626
v 0.048811 1.311864 0.001822
v 0.122644 1.361891 -0.009914
v 0.154928 1.377808 -0.021043
v 0.140604 1.380098 0.000154
v 0.133492 1.346266 0.019985
v 0.175569 1.360301 0.013970
v 0.150903 1.365997 0.031023
v 0.167544 1.371832 -0.001824
v 0.150192 1.351361 -0.012419
v 0.048545 1.325084 -0.013867
v 0.048553 1.312134 0.020214
v 0.047622 1.319770 0.001990
v 0.056602 1.313160 0.003074
v 0.052184 1.342905 -0.010038
v 0.111990 1.360692 0.028817
v 0.109114 1.342135 0.020905
v 0.066169 1.331204 -0.011364
v 0.145855 1.368545 -0.025740
v 0.167180 1.349346 0.008241
v 0.053253 1.321679 -0.013365
v 0.052826 1.308929 0.020797
v 0.212422 1.353363 -0.064738
v 0.215303 1.374987 -0.074238
v 0.226716 1.365063 -0.065165
v 0.218033 1.369561 -0.063653
v 0.217720 1.364011 -0.080174
v 0.215900 1.371791 -0.083637
v 0.226020 1.362066 -0.074858
v 0.164369 1.360998 -0.041591
v 0.217936 1.361574 -0.051823
v 0.178781 1.374558 -0.034401
v 0.181853 1.346306 -0.023365
v 0.200111 1.364429 -0.074771
v 0.195363 1.361874 -0.015208
v 0.204321 1.372576 -0.061957
v 0.188299 1.351652 -0.054127
v 0.190675 1.372000 -0.056206
v 0.210274 1.355315 -0.039371
v 0.200775 1.364809 -0.044199
v 0.203900 1.348565 -0.044223
v 0.184574 1.365593 -0.061280
v 0.103384 1.374408 -0.003715
v 0.053081 1.330732 0.024354
v 0.066244 1.319413 0.023180
v 0.101303 1.355426 -0.011144
v 0.081407 1.336316 0.032856
v 0.071769 1.361155 -0.010762
v 0.085225 1.337879 0.005725
v 0.078921 1.352068 -0.014373
v 0.074788 1.345381 0.035646
v 0.071772 1.355944 0.012341
v 0.143372 1.361568 -0.023565
v 0.159342 1.377718 -0.015437
v 0.159944 1.345610 0.000981
v 0.174693 1.364585 0.010903
v 0.058449 1.321282 -0.008677
v 0.048772 1.328724 -0.009038
v 0.058265 1.312129 0.016744
v 0.049073 1.319346 0.016293
v 0.212456 1.372906 -0.067058
v 0.221676 1.365210 -0.059987
v 0.219665 1.359608 -0.073781
v 0.211483 1.367239 -0.080685
v 0.197162 1.346523 -0.047290
v 0.182405 1.359495 -0.060276
v 0.208249 1.358249 -0.038743
v 0.193150 1.370792 -0.051450
v 0.070917 1.361245 -0.005028
v 0.073421 1.349298 0.029779
v 0.084864 1.333530 0.024439
v 0.083182 1.345403 -0.011275
v 0.169228 1.323260 -0.027658
v 0.107120 1.313678 -0.014540
v 0.148211 1.328419 -0.017996
v 0.185046 1.313320 -0.036945
v 0.094156 1.298738 -0.022595
v 0.126050 1.325072 -0.012815
v 0.165624 1.309280 -0.047892
v 0.154456 1.319137 -0.038403
v 0.139172 1.323665 -0.031772
v 0.122270 1.322328 -0.026638
v 0.106718 1.313264 -0.026012
v 0.094729 1.299710 -0.028299
v 0.203015 1.316242 -0.025831
v 0.183314 1.326546 -0.015490
v 0.157218 1.332157 -0.004053
v 0.129829 1.327803 0.001013
v 0.107265 1.314113 -0.003761
v 0.093613 1.298020 -0.016132
v 0.177899 1.319004 -0.032318
v 0.159191 1.326504 -0.022788
v 0.115829 1.320242 -0.012730
v 0.099765 1.306172 -0.018482
v 0.136968 1.328165 -0.014369
v 0.191716 1.306131 -0.042059
v 0.089390 1.290797 -0.027656
v 0.170395 1.302212 -0.052231
v 0.160671 1.314929 -0.041927
v 0.147367 1.322271 -0.035342
v 0.130716 1.323760 -0.028872
v 0.114111 1.318911 -0.025015
v 0.100145 1.306656 -0.027529
v 0.090911 1.291876 -0.031735
v 0.208641 1.311304 -0.032185
v 0.194043 1.322310 -0.020645
v 0.170876 1.329914 -0.009866
v 0.143236 1.331913 0.000170
v 0.117568 1.321529 -0.000497
v 0.099275 1.306041 -0.008821
v 0.090271 1.292323 -0.023219
v -0.148730 1.343663 -0.064904
v -0.148620 1.341284 -0.082142
v -0.149947 1.320083 -0.109870
v -0.150630 1.303553 -0.116884
v -0.152015 1.268190 -0.112520
v -0.152743 1.253768 -0.101544
v -0.155346 1.342909 -0.063289
v -0.161063 1.339861 -0.078950
v -0.166362 1.331245 -0.093242
v -0.170134 1.318019 -0.104578
v -0.171483 1.301635 -0.111621
v -0.170130 1.283922 -0.113373
v -0.166204 1.267041 -0.109325
v -0.160369 1.253147 -0.099884
v -0.160940 1.341059 -0.058904
v -0.171573 1.336389 -0.070702
v -0.180763 1.326571 -0.082055
v -0.186934 1.312700 -0.091727
v -0.188749 1.296318 -0.098642
v -0.185687 1.279247 -0.101874
v -0.177933 1.263559 -0.100757
v -0.166645 1.251289 -0.095315
v -0.164527 1.338487 -0.052585
v -0.178460 1.331552 -0.058915
v -0.190198 1.320015 -0.066199
v -0.197791 1.305157 -0.073636
v -0.199649 1.288649 -0.080375
v -0.195208 1.272398 -0.085570
v -0.184928 1.258435 -0.088493
v -0.170317 1.248566 -0.088738
v -0.165333 1.335680 -0.045511
v -0.180167 1.326233 -0.045673
v -0.192483 1.312726 -0.048350
v -0.200154 1.296690 -0.053244
v -0.201615 1.280002 -0.059817
v -0.196510 1.264692 -0.067324
v -0.185659 1.252699 -0.074843
v -0.170625 1.245527 -0.081438
v -0.163031 1.333162 -0.039046
v -0.175839 1.321406 -0.033466
v -0.186304 1.306051 -0.031809
v -0.192477 1.288920 -0.034347
v -0.193284 1.272116 -0.040889
v -0.188791 1.257727 -0.050667
v -0.179787 1.247534 -0.062473
v -0.167473 1.242781 -0.074854
v -0.157969 1.331420 -0.034492
v -0.165981 1.318015 -0.024809
v -0.172278 1.301357 -0.020082
v -0.175756 1.283512 -0.021045
v -0.176114 1.266681 -0.027642
v -0.173534 1.252944 -0.039053
v -0.168456 1.243978 -0.053877
v -0.161479 1.240878 -0.070292
v -0.151155 1.330813 -0.032801
v -0.152591 1.316785 -0.021575
v -0.153481 1.299658 -0.015763
v -0.153886 1.281564 -0.016212
v -0.154022 1.264742 -0.022860
v -0.154049 1.251248 -0.034880
v -0.154038 1.242707 -0.050800
v -0.153860 1.240187 -0.068666
v -0.144029 1.331484 -0.034341
v -0.138662 1.318000 -0.024503
v -0.134241 1.301281 -0.019793
v -0.131773 1.283412 -0.020860
v -0.131813 1.266606 -0.027541
v -0.134496 1.252897 -0.039011
v -0.139534 1.243929 -0.053872
v -0.146165 1.240829 -0.070305
v -0.153399 1.244044 -0.086291
v -0.138115 1.333313 -0.038819
v -0.127267 1.321431 -0.033015
v -0.118693 1.305900 -0.031346
v -0.113977 1.288678 -0.034037
v -0.113983 1.271884 -0.040736
v -0.118811 1.257542 -0.050620
v -0.127882 1.247380 -0.062489
v -0.139936 1.242674 -0.074886
v -0.134650 1.335941 -0.045327
v -0.120776 1.326409 -0.045374
v -0.109986 1.312609 -0.048080
v -0.104085 1.296309 -0.053103
v -0.104080 1.279520 -0.059813
v -0.110084 1.264264 -0.067397
v -0.121340 1.252389 -0.074933
v -0.136389 1.245360 -0.081498
v -0.134300 1.338841 -0.052539
v -0.120396 1.331948 -0.059057
v -0.109670 1.320125 -0.066611
v -0.103830 1.304858 -0.074225
v -0.103833 1.288073 -0.080953
v -0.109829 1.271797 -0.085988
v -0.121083 1.258002 -0.088724
v -0.136193 1.248365 -0.088828
v -0.137041 1.341418 -0.058991
v -0.125985 1.336922 -0.071259
v -0.117559 1.326963 -0.083166
v -0.112975 1.312696 -0.093132
v -0.113013 1.295928 -0.099901
v -0.117906 1.278709 -0.102669
v -0.127060 1.263139 -0.101108
v -0.139358 1.251104 -0.095416
v -0.142218 1.343140 -0.063393
v -0.136143 1.340268 -0.079483
v -0.131787 1.331659 -0.094310
v -0.129529 1.318201 -0.105923
v -0.129737 1.301505 -0.112786
v -0.132687 1.283628 -0.114069
v -0.138075 1.266787 -0.109607
v -0.145255 1.253035 -0.099953
v -0.149692 1.339605 -0.048042
v -0.149188 1.333137 -0.097756
v -0.151313 1.285503 -0.117840
v -0.164735 1.380143 -0.006275
v -0.178513 1.361212 0.034801
v -0.174374 1.373941 0.016096
v -0.229862 1.369547 -0.075368
v -0.080176 1.337332 0.006909
v -0.154262 1.351986 0.003861
v -0.082300 1.327232 0.030861
v -0.089482 1.336597 -0.015825
v -0.095689 1.324178 0.005480
v -0.081396 1.343327 -0.015049
v -0.089727 1.320808 0.030208
v -0.245947 1.355054 -0.062258
v -0.168602 1.349832 0.028426
v -0.154433 1.369847 -0.011959
v -0.251733 1.371042 -0.072449
v -0.252594 1.368471 -0.082725
v -0.238559 1.367108 -0.055366
v -0.249246 1.359754 -0.054867
v -0.232119 1.374195 -0.068057
v -0.233002 1.357761 -0.070068
v -0.199394 1.352389 -0.032837
v -0.202780 1.375568 -0.039006
v -0.224796 1.358588 -0.013520
v -0.215458 1.368444 -0.024394
v -0.217009 1.349388 -0.018250
v -0.194229 1.366632 -0.043576
v -0.138832 1.345715 0.028872
v -0.130054 1.374240 -0.009521
v -0.132553 1.346875 0.004060
v -0.128556 1.363416 -0.013772
v -0.140551 1.356262 0.033492
v -0.135750 1.368339 0.012626
v -0.076773 1.311864 0.001822
v -0.150606 1.361891 -0.009914
v -0.182889 1.377808 -0.021043
v -0.168566 1.380098 0.000154
v -0.161453 1.346266 0.019985
v -0.203530 1.360301 0.013970
v -0.178864 1.365997 0.031023
v -0.195505 1.371832 -0.001824
v -0.178154 1.351361 -0.012419
v -0.076507 1.325084 -0.013867
v -0.076514 1.312134 0.020214
v -0.075583 1.319770 0.001990
v -0.084564 1.313160 0.003074
v -0.080145 1.342905 -0.010038
v -0.139952 1.360692 0.028817
v -0.137075 1.342135 0.020905
v -0.094131 1.331204 -0.011364
v -0.173817 1.368545 -0.025740
v -0.195141 1.349346 0.008241
v -0.081214 1.321679 -0.013365
v -0.080787 1.308929 0.020797
v -0.240384 1.353363 -0.064738
v -0.243264 1.374987 -0.074238
v -0.254677 1.365063 -0.065165
v -0.245995 1.369561 -0.063653
v -0.245681 1.364011 -0.080174
v -0.243861 1.371791 -0.083637
v -0.253981 1.362066 -0.074858
v -0.192330 1.360998 -0.041591
v -0.245898 1.361573 -0.051823
v -0.206742 1.374558 -0.034401
v -0.209814 1.346306 -0.023365
v -0.228072 1.364429 -0.074771
v -0.223324 1.361874 -0.015208
v -0.232282 1.372576 -0.061957
v -0.216260 1.351652 -0.054127
v -0.218636 1.372000 -0.056206
v -0.238236 1.355315 -0.039371
v -0.228736 1.364809 -0.044199
v -0.231861 1.348565 -0.044223
v -0.212535 1.365593 -0.061280
v -0.131345 1.374408 -0.003715
v -0.081043 1.330732 0.024354
v -0.094205 1.319413 0.023180
v -0.129264 1.355426 -0.011144
v -0.109368 1.336316 0.032856
v -0.099730 1.361155 -0.010762
v -0.113187 1.337879 0.005725
v -0.106882 1.352068 -0.014373
v -0.102749 1.345381 0.035646
v -0.099734 1.355944 0.012341
v -0.171333 1.361568 -0.023565
v -0.187303 1.377718 -0.015437
v -0.187905 1.345610 0.000981
v -0.202654 1.364585 0.010903
v -0.086410 1.321282 -0.008677
v -0.076733 1.328724 -0.009038
v -0.086226 1.312129 0.016744
v -0.077035 1.319346 0.016293
v -0.240417 1.372906 -0.067058
v -0.249638 1.365210 -0.059987
v -0.247627 1.359608 -0.073781
v -0.239445 1.367239 -0.080685
v -0.225123 1.346523 -0.047290
v -0.210366 1.359495 -0.060276
v -0.236210 1.358249 -0.038743
v -0.221112 1.370792 -0.051450
v -0.098878 1.361245 -0.005028
v -0.101383 1.349298 0.029779
v -0.112826 1.333529 0.024439
v -0.111143 1.345403 -0.011275
v -0.197189 1.323260 -0.027658
v -0.135082 1.313678 -0.014540
v -0.176173 1.328419 -0.017996
v -0.213007 1.313320 -0.036945
v -0.122117 1.298738 -0.022595
v -0.154011 1.325072 -0.012815
v -0.193585 1.309280 -0.047892
v -0.182418 1.319137 -0.038403
v -0.167134 1.323665 -0.031772
v -0.150231 1.322328 -0.026638
v -0.134680 1.313264 -0.026012
v -0.122690 1.299709 -0.028299
v -0.230976 1.316242 -0.025831
v -0.211275 1.326546 -0.015490
v -0.185180 1.332157 -0.004053
v -0.157790 1.327803 0.001013
v -0.135226 1.314113 -0.003761
v -0.121574 1.298020 -0.016132
v -0.205861 1.319004 -0.032318
v -0.187153 1.326504 -0.022788
v -0.143790 1.320242 -0.012730
v -0.127726 1.306172 -0.018482
v -0.164930 1.328165 -0.014369
v -0.219677 1.306131 -0.042059
v -0.117351 1.290797 -0.027656
v -0.198356 1.302212 -0.052231
v -0.188632 1.314929 -0.041927
v -0.175328 1.322271 -0.035342
v -0.158678 1.323760 -0.028872
v -0.142072 1.318911 -0.025015
v -0.128106 1.306656 -0.027529
v -0.118872 1.291876 -0.031735
v -0.236602 1.311304 -0.032185
v -0.222005 1.322310 -0.020645
v -0.198838 1.329914 -0.009866
v -0.171197 1.331913 0.000170
v -0.145529 1.321529 -0.000497
v -0.127237 1.306041 -0.008821
v -0.118232 1.292323 -0.023219
v 0.227082 1.346666 -0.296493
v 0.279501 1.400083 -0.261117
v 0.280681 1.410410 -0.276797
v 0.241458 1.260798 -0.301491
v 0.243230 1.260609 -0.320133
v 0.265036 1.357656 -0.308839
v 0.336920 1.321954 -0.296500
v 0.297439 1.283279 -0.307840
v 0.319752 1.336773 -0.311937
v 0.344013 1.379097 -0.282928
v 0.336531 1.368448 -0.267885
v 0.331100 1.319818 -0.279502
v 0.297916 1.289421 -0.288414
v 0.226458 1.336232 -0.280365
v 0.238789 1.341497 -0.286755
v 0.282183 1.342855 -0.293392
v 0.323670 1.361644 -0.279144
v 0.319826 1.325990 -0.287821
v 0.278666 1.389514 -0.272261
v 0.295161 1.307005 -0.293319
v 0.258866 1.294383 -0.299163
v 0.240275 1.356124 -0.306614
v 0.222712 1.337933 -0.285094
v 0.218874 1.288271 -0.313398
v 0.239653 1.399069 -0.280429
v 0.296168 1.348838 -0.309723
v 0.276832 1.281122 -0.292122
v 0.275322 1.275453 -0.311754
v 0.322784 1.400985 -0.278365
v 0.280124 1.406190 -0.264513
v 0.275096 1.401334 -0.291898
v 0.237721 1.256082 -0.307481
v 0.260388 1.299061 -0.321489
v 0.332953 1.327355 -0.309076
v 0.335456 1.319360 -0.283680
v 0.317571 1.298898 -0.302647
v 0.348179 1.349671 -0.289779
v 0.297895 1.282704 -0.294441
v 0.341676 1.374479 -0.270589
v 0.302868 1.298548 -0.317495
v 0.338543 1.370341 -0.298786
v 0.233320 1.338588 -0.281221
v 0.279259 1.393847 -0.264633
v 0.254907 1.285455 -0.294944
v 0.325272 1.322480 -0.281602
v 0.296897 1.299268 -0.288362
v 0.329918 1.363556 -0.271706
v 0.214513 1.282020 -0.296093
v 0.240535 1.389181 -0.264473
v 0.317325 1.389917 -0.263096
v 0.340458 1.342165 -0.274124
v 0.314836 1.302007 -0.284210
v 0.251086 1.344527 -0.291896
v 0.278317 1.377314 -0.281890
v 0.265783 1.311077 -0.300908
v 0.308011 1.331915 -0.293458
v 0.291114 1.319026 -0.297185
v 0.309865 1.357213 -0.287120
v 0.243053 1.301979 -0.298145
v 0.249533 1.381054 -0.274833
v 0.308344 1.380142 -0.274550
v 0.326904 1.340956 -0.284266
v 0.307579 1.315169 -0.290590
v 0.279655 1.300640 -0.296050
v 0.243886 1.312236 -0.315612
v 0.247345 1.393409 -0.291673
v 0.210247 1.280524 -0.301505
v 0.237635 1.394541 -0.268145
v 0.315560 1.390785 -0.294241
v 0.282371 1.295598 -0.320032
v 0.320880 1.396606 -0.265963
v 0.274695 1.274121 -0.298449
v 0.342001 1.350280 -0.299901
v 0.317577 1.306517 -0.311112
v 0.345944 1.345767 -0.277281
v 0.317138 1.297585 -0.289485
v 0.245440 1.384375 -0.267508
v 0.237069 1.294373 -0.293801
v 0.312806 1.383781 -0.266905
v 0.278996 1.291935 -0.291545
v 0.333400 1.340274 -0.277364
v 0.311241 1.309129 -0.285064
v 0.256147 1.372415 -0.281911
v 0.251370 1.316500 -0.298424
v 0.300297 1.373878 -0.281111
v 0.278724 1.308938 -0.298888
v 0.317101 1.343284 -0.288806
v 0.303125 1.321151 -0.294410
v 0.260018 1.394632 -0.262795
v 0.260167 1.404740 -0.278613
v 0.220619 1.264972 -0.301368
v 0.223685 1.268003 -0.319341
v 0.252656 1.356890 -0.307726
v 0.266635 1.343691 -0.292644
v 0.264100 1.385284 -0.273547
v 0.250960 1.298181 -0.298654
v 0.258879 1.400365 -0.266329
v 0.261220 1.397372 -0.291786
v 0.216617 1.261866 -0.307069
v 0.252137 1.305649 -0.318550
v 0.262349 1.389111 -0.266070
v 0.245988 1.289914 -0.294373
v 0.267232 1.374864 -0.281901
v 0.258577 1.313788 -0.299666
v -0.255044 1.346666 -0.296493
v -0.307463 1.400082 -0.261117
v -0.308642 1.410410 -0.276797
v -0.269419 1.260798 -0.301491
v -0.271191 1.260609 -0.320133
v -0.292998 1.357656 -0.308839
v -0.364881 1.321954 -0.296500
v -0.325400 1.283279 -0.307840
v -0.347714 1.336773 -0.311937
v -0.371974 1.379097 -0.282928
v -0.364492 1.368448 -0.267885
v -0.359061 1.319818 -0.279502
v -0.325877 1.289421 -0.288414
v -0.254420 1.336232 -0.280365
v -0.266751 1.341497 -0.286755
v -0.310144 1.342855 -0.293392
v -0.351631 1.361644 -0.279144
v -0.347787 1.325990 -0.287821
v -0.306628 1.389514 -0.272261
v -0.323122 1.307005 -0.293319
v -0.286828 1.294383 -0.299163
v -0.268237 1.356124 -0.306614
v -0.250674 1.337932 -0.285094
v -0.246835 1.288271 -0.313398
v -0.267614 1.399069 -0.280429
v -0.324129 1.348838 -0.309723
v -0.304793 1.281122 -0.292122
v -0.303283 1.275453 -0.311754
v -0.350746 1.400985 -0.278365
v -0.308085 1.406190 -0.264513
v -0.303057 1.401334 -0.291898
v -0.265682 1.256082 -0.307481
v -0.288349 1.299061 -0.321489
v -0.360914 1.327355 -0.309076
v -0.363417 1.319360 -0.283680
v -0.345532 1.298898 -0.302647
v -0.376141 1.349671 -0.289779
v -0.325856 1.282704 -0.294441
v -0.369638 1.374479 -0.270589
v -0.330829 1.298548 -0.317495
v -0.366505 1.370341 -0.298786
v -0.261281 1.338588 -0.281221
v -0.307221 1.393847 -0.264633
v -0.282868 1.285455 -0.294944
v -0.353233 1.322480 -0.281602
v -0.324858 1.299268 -0.288362
v -0.357879 1.363556 -0.271706
v -0.242475 1.282020 -0.296093
v -0.268496 1.389181 -0.264473
v -0.345286 1.389917 -0.263096
v -0.368420 1.342165 -0.274124
v -0.342797 1.302007 -0.284210
v -0.279047 1.344527 -0.291896
v -0.306278 1.377314 -0.281890
v -0.293745 1.311077 -0.300908
v -0.335972 1.331914 -0.293458
v -0.319075 1.319026 -0.297185
v -0.337826 1.357213 -0.287120
v -0.271014 1.301979 -0.298145
v -0.277494 1.381054 -0.274833
v -0.336306 1.380142 -0.274550
v -0.354866 1.340956 -0.284266
v -0.335541 1.315169 -0.290590
v -0.307617 1.300640 -0.296050
v -0.271848 1.312236 -0.315612
v -0.275306 1.393409 -0.291673
v -0.238208 1.280524 -0.301505
v -0.265596 1.394541 -0.268145
v -0.343521 1.390785 -0.294241
v -0.310332 1.295598 -0.320032
v -0.348841 1.396606 -0.265963
v -0.302656 1.274121 -0.298449
v -0.369962 1.350280 -0.299901
v -0.345539 1.306517 -0.311112
v -0.373905 1.345767 -0.277281
v -0.345099 1.297585 -0.289485
v -0.273401 1.384375 -0.267508
v -0.265031 1.294373 -0.293801
v -0.340767 1.383781 -0.266905
v -0.306957 1.291935 -0.291545
v -0.361361 1.340274 -0.277364
v -0.339202 1.309129 -0.285064
v -0.284109 1.372415 -0.281911
v -0.279332 1.316500 -0.298424
v -0.328258 1.373878 -0.281111
v -0.306685 1.308938 -0.298888
v -0.345062 1.343284 -0.288806
v -0.331086 1.321151 -0.294410
v -0.287979 1.394632 -0.262795
v -0.288128 1.404740 -0.278613
v -0.248580 1.264972 -0.301368
v -0.251647 1.268003 -0.319341
v -0.280617 1.356890 -0.307726
v -0.294596 1.343691 -0.292644
v -0.292061 1.385284 -0.273547
v -0.278921 1.298181 -0.298654
v -0.286841 1.400365 -0.266329
v -0.289182 1.397372 -0.291786
v -0.244579 1.261866 -0.307069
v -0.280098 1.305649 -0.318550
v -0.290311 1.389111 -0.266070
v -0.273949 1.289914 -0.294373
v -0.295193 1.374864 -0.281901
v -0.286538 1.313788 -0.299666
v 0.063277 1.557098 -0.450891
v 0.080760 1.572708 -0.453183
v 0.103866 1.572625 -0.448635
v 0.119060 1.556889 -0.439910
v 0.117446 1.534724 -0.432118
v 0.099963 1.519114 -0.429826
v 0.076857 1.519197 -0.434374
v 0.061663 1.534933 -0.443099
v 0.078733 1.519082 -0.509471
v 0.097416 1.531713 -0.516252
v 0.119926 1.533110 -0.509473
v 0.133075 1.522449 -0.493101
v 0.129167 1.505980 -0.476728
v 0.110483 1.493348 -0.469947
v 0.087973 1.491951 -0.476726
v 0.074824 1.502612 -0.493098
v 0.095151 1.464339 -0.539362
v 0.114964 1.473298 -0.548406
v 0.136912 1.476521 -0.540502
v 0.148138 1.472116 -0.520274
v 0.142071 1.462668 -0.499573
v 0.122258 1.453709 -0.490529
v 0.100310 1.450486 -0.498433
v 0.089084 1.454891 -0.518661
v 0.112625 1.398623 -0.554383
v 0.132866 1.406011 -0.563887
v 0.154602 1.410014 -0.555755
v 0.165097 1.408286 -0.534744
v 0.158211 1.401842 -0.513165
v 0.137969 1.394454 -0.503662
v 0.116234 1.390451 -0.511794
v 0.105738 1.392179 -0.532805
v 0.132414 1.323394 -0.569583
v 0.152503 1.331349 -0.578949
v 0.174314 1.335070 -0.570885
v 0.185068 1.332376 -0.550108
v 0.178472 1.324847 -0.528792
v 0.158382 1.316892 -0.519425
v 0.136571 1.313170 -0.527489
v 0.125817 1.315865 -0.548266
v 0.156024 1.238370 -0.598373
v 0.175660 1.247948 -0.607164
v 0.197696 1.250863 -0.599386
v 0.209223 1.245403 -0.579589
v 0.203494 1.234769 -0.559372
v 0.183858 1.225191 -0.550581
v 0.161821 1.222277 -0.558359
v 0.150295 1.227736 -0.578156
v 0.029807 1.526300 -0.448952
v 0.044019 1.546882 -0.452266
v 0.068743 1.551833 -0.451357
v 0.089497 1.538244 -0.446755
v 0.094129 1.514082 -0.441156
v 0.079918 1.493499 -0.437842
v 0.055194 1.488548 -0.438751
v 0.034439 1.502137 -0.443354
v 0.037881 1.496279 -0.511063
v 0.053099 1.513026 -0.522225
v 0.077855 1.517852 -0.521570
v 0.097649 1.507925 -0.509477
v 0.100891 1.489065 -0.493033
v 0.085673 1.472318 -0.481871
v 0.060917 1.467492 -0.482526
v 0.041122 1.477419 -0.494619
v 0.048345 1.444791 -0.548321
v 0.064643 1.456206 -0.563834
v 0.089481 1.460631 -0.563507
v 0.108309 1.455468 -0.547525
v 0.110104 1.443747 -0.525254
v 0.093806 1.432331 -0.509741
v 0.068968 1.427907 -0.510068
v 0.050139 1.433069 -0.526050
v 0.059510 1.378950 -0.573901
v 0.076237 1.387841 -0.590567
v 0.101171 1.391697 -0.590499
v 0.119707 1.388257 -0.573731
v 0.120991 1.379538 -0.550089
v 0.104264 1.370646 -0.533423
v 0.079330 1.366790 -0.533491
v 0.060794 1.370231 -0.550259
v 0.070301 1.302905 -0.601751
v 0.086958 1.312294 -0.618213
v 0.111974 1.315572 -0.618382
v 0.130697 1.310817 -0.602150
v 0.132163 1.300817 -0.579032
v 0.115506 1.291429 -0.562570
v 0.090490 1.288150 -0.562401
v 0.071767 1.292905 -0.578633
v 0.079132 1.225114 -0.642034
v 0.095568 1.236440 -0.657456
v 0.120640 1.239226 -0.657889
v 0.139663 1.231837 -0.643072
v 0.141496 1.218603 -0.621690
v 0.125060 1.207278 -0.606268
v 0.099988 1.204492 -0.605835
v 0.080966 1.211881 -0.620652
v -0.031396 1.510408 -0.473570
v -0.016421 1.537750 -0.478088
v 0.013722 1.546893 -0.478167
v 0.041378 1.532473 -0.473760
v 0.050351 1.502946 -0.467449
v 0.035375 1.475604 -0.462931
v 0.005232 1.466461 -0.462852
v -0.022424 1.480881 -0.467259
v -0.026775 1.483513 -0.533843
v -0.010934 1.505661 -0.549677
v 0.019436 1.513437 -0.552737
v 0.046549 1.502278 -0.541222
v 0.054527 1.478728 -0.521885
v 0.038687 1.456579 -0.506050
v 0.008316 1.448803 -0.502991
v -0.018797 1.459962 -0.514505
v -0.021775 1.436094 -0.570530
v -0.005118 1.450638 -0.592963
v 0.025479 1.456306 -0.597852
v 0.052096 1.449772 -0.582325
v 0.059145 1.434868 -0.555484
v 0.042488 1.420324 -0.533051
v 0.011891 1.414657 -0.528163
v -0.014726 1.421191 -0.543689
v -0.016665 1.373534 -0.596606
v 0.000285 1.384581 -0.620750
v 0.030978 1.389100 -0.626200
v 0.057438 1.384441 -0.609756
v 0.064168 1.373336 -0.581058
v 0.047219 1.362289 -0.556914
v 0.016526 1.357770 -0.551464
v -0.009934 1.362429 -0.567908
v -0.011545 1.299498 -0.625680
v 0.005326 1.311666 -0.649335
v 0.036017 1.316213 -0.654773
v 0.062553 1.310473 -0.638800
v 0.069393 1.297811 -0.610781
v 0.052523 1.285643 -0.587126
v 0.021831 1.281096 -0.581688
v -0.004704 1.286836 -0.597661
v -0.007487 1.222773 -0.666005
v 0.009175 1.238313 -0.687756
v 0.039827 1.243494 -0.692836
v 0.066516 1.235276 -0.678262
v 0.073612 1.218478 -0.652578
v 0.056950 1.202937 -0.630828
v 0.026297 1.197757 -0.625748
v -0.000391 1.205975 -0.640321
v 0.105700 1.570533 -0.443645
v 0.129474 1.583138 -0.444183
v 0.154193 1.577548 -0.435120
v 0.165373 1.557031 -0.421762
v 0.156473 1.533609 -0.411934
v 0.132699 1.521004 -0.411397
v 0.107980 1.526594 -0.420460
v 0.096800 1.547111 -0.433817
v 0.125032 1.523011 -0.499770
v 0.149571 1.533725 -0.502498
v 0.172645 1.532202 -0.488726
v 0.180734 1.519328 -0.466518
v 0.169107 1.502649 -0.448882
v 0.144568 1.491935 -0.446155
v 0.121494 1.493459 -0.459926
v 0.113405 1.506332 -0.482135
v 0.144742 1.462224 -0.523420
v 0.169979 1.470826 -0.527094
v 0.191552 1.473844 -0.511287
v 0.196820 1.469509 -0.485252
v 0.182705 1.460362 -0.464241
v 0.157468 1.451760 -0.460567
v 0.135895 1.448742 -0.476374
v 0.130627 1.453077 -0.502409
v 0.164653 1.394339 -0.529675
v 0.190150 1.402070 -0.533481
v 0.211163 1.406960 -0.517390
v 0.215378 1.406140 -0.490820
v 0.200334 1.400094 -0.469338
v 0.174836 1.392362 -0.465531
v 0.153824 1.387473 -0.481623
v 0.149609 1.388293 -0.508192
v 0.186581 1.318846 -0.534584
v 0.211987 1.326890 -0.538358
v 0.233197 1.331107 -0.522336
v 0.237784 1.329026 -0.495897
v 0.223067 1.321867 -0.474530
v 0.197662 1.313823 -0.470756
v 0.176451 1.309605 -0.486778
v 0.171865 1.311687 -0.513217
v 0.209087 1.238329 -0.551862
v 0.234216 1.247279 -0.555446
v 0.256021 1.249550 -0.539834
v 0.261727 1.243809 -0.514165
v 0.247997 1.233421 -0.493478
v 0.222868 1.224472 -0.489894
v 0.201062 1.222201 -0.505506
v 0.195357 1.227942 -0.531175
v 0.166108 1.535926 -0.381988
v 0.190289 1.546775 -0.386671
v 0.215607 1.540379 -0.380157
v 0.227229 1.520478 -0.366256
v 0.218354 1.498732 -0.353113
v 0.194173 1.487882 -0.348429
v 0.168854 1.494278 -0.354944
v 0.157232 1.514180 -0.368845
v 0.176687 1.476945 -0.438182
v 0.201213 1.485878 -0.444742
v 0.225703 1.484083 -0.433723
v 0.235807 1.472607 -0.411574
v 0.225614 1.458175 -0.391272
v 0.201088 1.449242 -0.384711
v 0.176598 1.451037 -0.395730
v 0.166494 1.462513 -0.417879
v 0.192705 1.403512 -0.464110
v 0.217584 1.410828 -0.471312
v 0.241072 1.413623 -0.458471
v 0.249406 1.410257 -0.433102
v 0.237711 1.402704 -0.410067
v 0.212832 1.395387 -0.402865
v 0.189344 1.392592 -0.415707
v 0.181010 1.395959 -0.441076
v 0.211941 1.326017 -0.470336
v 0.236962 1.332764 -0.477603
v 0.259705 1.338547 -0.464424
v 0.266844 1.339976 -0.438513
v 0.254205 1.336217 -0.415051
v 0.229184 1.329469 -0.407784
v 0.206440 1.323686 -0.420963
v 0.199301 1.322257 -0.446874
v 0.232987 1.251148 -0.467201
v 0.257878 1.258353 -0.474475
v 0.280154 1.265781 -0.461322
v 0.286762 1.269079 -0.435441
v 0.273839 1.266318 -0.411994
v 0.248948 1.259113 -0.404721
v 0.226672 1.251685 -0.417873
v 0.220064 1.248387 -0.443754
v 0.252401 1.191849 -0.463830
v 0.276863 1.200347 -0.471151
v 0.298895 1.208508 -0.458025
v 0.305588 1.211552 -0.432134
v 0.293028 1.207696 -0.408647
v 0.268567 1.199198 -0.401327
v 0.246535 1.191036 -0.414453
v 0.239842 1.187993 -0.440343
v 0.218173 1.576662 -0.227815
v 0.239183 1.574837 -0.218662
v 0.248938 1.561201 -0.202932
v 0.241718 1.543738 -0.189838
v 0.221757 1.532677 -0.187048
v 0.200747 1.534501 -0.196201
v 0.190991 1.548137 -0.211932
v 0.198212 1.565601 -0.225025
v 0.241482 1.510332 -0.272417
v 0.261270 1.512045 -0.260837
v 0.268319 1.506233 -0.239740
v 0.258495 1.496298 -0.221483
v 0.237558 1.488060 -0.216757
v 0.217771 1.486347 -0.228336
v 0.210721 1.492159 -0.249433
v 0.220546 1.502094 -0.267691
v 0.262926 1.431068 -0.283617
v 0.281987 1.435497 -0.271549
v 0.287142 1.436766 -0.249180
v 0.275366 1.434130 -0.229612
v 0.253562 1.429134 -0.224303
v 0.234501 1.424705 -0.236371
v 0.229346 1.423436 -0.258740
v 0.241122 1.426072 -0.278308
v 0.279372 1.344353 -0.271626
v 0.298274 1.349626 -0.259647
v 0.302682 1.354857 -0.237699
v 0.290009 1.356981 -0.218635
v 0.267683 1.354756 -0.213620
v 0.248781 1.349483 -0.225598
v 0.244372 1.344252 -0.247547
v 0.257046 1.342127 -0.266611
v 0.288906 1.251543 -0.245889
v 0.307867 1.256235 -0.233763
v 0.312124 1.262972 -0.212198
v 0.299177 1.267807 -0.193825
v 0.276616 1.267909 -0.189404
v 0.257656 1.263217 -0.201530
v 0.253399 1.256481 -0.223095
v 0.266346 1.251645 -0.241468
v 0.289290 1.156845 -0.216404
v 0.308257 1.160063 -0.203816
v 0.312513 1.166877 -0.182275
v 0.299560 1.173295 -0.164399
v 0.276989 1.175559 -0.160655
v 0.258023 1.172341 -0.173243
v 0.253766 1.165528 -0.194784
v 0.266720 1.159110 -0.212661
v 0.184798 1.505402 -0.320334
v 0.202188 1.525044 -0.326346
v 0.228800 1.528292 -0.323972
v 0.249045 1.513236 -0.314600
v 0.251069 1.488701 -0.303721
v 0.233678 1.469059 -0.297709
v 0.207066 1.465811 -0.300083
v 0.186821 1.480867 -0.309456
v 0.193961 1.464422 -0.374943
v 0.212583 1.478418 -0.388422
v 0.239286 1.481252 -0.386596
v 0.258426 1.471259 -0.370528
v 0.258797 1.454296 -0.349635
v 0.240174 1.440300 -0.336157
v 0.213472 1.437466 -0.337983
v 0.194332 1.447460 -0.354050
v 0.200804 1.407848 -0.401892
v 0.220227 1.415468 -0.418895
v 0.247023 1.417553 -0.417482
v 0.265495 1.412881 -0.398474
v 0.264829 1.404190 -0.373010
v 0.245407 1.396571 -0.356008
v 0.218611 1.394485 -0.357421
v 0.200138 1.399157 -0.376429
v 0.205707 1.340414 -0.416505
v 0.225321 1.345557 -0.434202
v 0.252175 1.346900 -0.432997
v 0.270537 1.343655 -0.413589
v 0.269657 1.337724 -0.387351
v 0.250042 1.332581 -0.369654
v 0.223188 1.331238 -0.370859
v 0.204826 1.334483 -0.390267
v 0.209340 1.263734 -0.434209
v 0.228893 1.270094 -0.451576
v 0.255776 1.270863 -0.450528
v 0.274241 1.265588 -0.431670
v 0.273477 1.257361 -0.406056
v 0.253924 1.251001 -0.388689
v 0.227041 1.250232 -0.389737
v 0.208576 1.255508 -0.408595
v 0.212159 1.181533 -0.468097
v 0.231607 1.190788 -0.484226
v 0.258505 1.191151 -0.483350
v 0.277095 1.182408 -0.465977
v 0.276493 1.169682 -0.442288
v 0.257044 1.160428 -0.426160
v 0.230147 1.160064 -0.427035
v 0.211557 1.168807 -0.444408
v 0.043691 1.527490 -0.438625
v 0.057093 1.546827 -0.437572
v 0.080015 1.551041 -0.434198
v 0.099033 1.537658 -0.430478
v 0.103009 1.514524 -0.428592
v 0.089608 1.495187 -0.429645
v 0.066685 1.490972 -0.433019
v 0.047667 1.504355 -0.436739
v 0.059675 1.507995 -0.504745
v 0.074597 1.525310 -0.510412
v 0.097303 1.529812 -0.506082
v 0.114494 1.518858 -0.494288
v 0.116102 1.498870 -0.481940
v 0.101180 1.481555 -0.476273
v 0.078474 1.477053 -0.480603
v 0.061284 1.488007 -0.492397
v 0.076546 1.465284 -0.547545
v 0.093147 1.478116 -0.558238
v 0.116120 1.481905 -0.554709
v 0.132009 1.474426 -0.539018
v 0.131511 1.460064 -0.520361
v 0.114911 1.447231 -0.509667
v 0.091937 1.443443 -0.513197
v 0.076048 1.450922 -0.528888
v 0.087293 1.409158 -0.579695
v 0.104588 1.418140 -0.592917
v 0.128045 1.419248 -0.591146
v 0.143923 1.411831 -0.575415
v 0.142925 1.400235 -0.554942
v 0.125630 1.391253 -0.541721
v 0.102173 1.390145 -0.543491
v 0.086295 1.397562 -0.559222
v 0.082453 1.347671 -0.619801
v 0.100296 1.357099 -0.631939
v 0.123771 1.355466 -0.631014
v 0.139126 1.343724 -0.617561
v 0.137372 1.328755 -0.599466
v 0.119528 1.319327 -0.587328
v 0.096053 1.320960 -0.588254
v 0.080698 1.332701 -0.601706
v 0.075160 1.303590 -0.686673
v 0.093489 1.314851 -0.696256
v 0.116498 1.310348 -0.698472
v 0.130708 1.292712 -0.692020
v 0.127800 1.272277 -0.680682
v 0.109471 1.261015 -0.671099
v 0.086462 1.265518 -0.668883
v 0.072252 1.283155 -0.675335
v 0.142559 1.503562 -0.382504
v 0.154988 1.524869 -0.379437
v 0.178226 1.530895 -0.372988
v 0.198661 1.518103 -0.366935
v 0.204327 1.493992 -0.364822
v 0.191898 1.472685 -0.367890
v 0.168660 1.466659 -0.374339
v 0.148225 1.479451 -0.380392
v 0.159520 1.487955 -0.443210
v 0.174540 1.506762 -0.449421
v 0.198547 1.512047 -0.445725
v 0.217478 1.500706 -0.434284
v 0.220248 1.479389 -0.421802
v 0.205228 1.460582 -0.415591
v 0.181222 1.455297 -0.419286
v 0.162291 1.466638 -0.430727
v 0.170973 1.448446 -0.485753
v 0.187633 1.462225 -0.498020
v 0.212126 1.466017 -0.496121
v 0.230105 1.457596 -0.481164
v 0.231043 1.441899 -0.461913
v 0.214384 1.428120 -0.449645
v 0.189891 1.424328 -0.451544
v 0.171911 1.432749 -0.466501
v 0.180223 1.391757 -0.521439
v 0.197342 1.403082 -0.535460
v 0.221971 1.406145 -0.534082
v 0.239683 1.399149 -0.518106
v 0.240108 1.386195 -0.496895
v 0.222989 1.374871 -0.482874
v 0.198360 1.371807 -0.484252
v 0.180647 1.378803 -0.500228
v 0.190734 1.323743 -0.562186
v 0.207701 1.335971 -0.575621
v 0.232285 1.339303 -0.574069
v 0.250086 1.331783 -0.558433
v 0.250681 1.317819 -0.537877
v 0.233714 1.305591 -0.524442
v 0.209130 1.302259 -0.525994
v 0.191329 1.309779 -0.541630
v 0.205001 1.254164 -0.616271
v 0.221476 1.268720 -0.627847
v 0.245914 1.272743 -0.625743
v 0.264000 1.263870 -0.611187
v 0.265144 1.247305 -0.592709
v 0.248669 1.232748 -0.581134
v 0.224231 1.228726 -0.583238
v 0.206145 1.237598 -0.597793
v 0.210391 1.492883 -0.127220
v 0.224396 1.509498 -0.134728
v 0.246704 1.514388 -0.132083
v 0.264248 1.504685 -0.120830
v 0.266755 1.486076 -0.107564
v 0.252749 1.469462 -0.100056
v 0.230441 1.464571 -0.102701
v 0.212898 1.474275 -0.113953
v 0.225391 1.436031 -0.191371
v 0.240459 1.448374 -0.203586
v 0.263260 1.451279 -0.203128
v 0.280439 1.443041 -0.190260
v 0.281937 1.428490 -0.172524
v 0.266870 1.416148 -0.160309
v 0.244068 1.413242 -0.160767
v 0.226889 1.421480 -0.173635
v 0.228672 1.373712 -0.229151
v 0.244038 1.380464 -0.244863
v 0.266991 1.380536 -0.246177
v 0.284085 1.373883 -0.232318
v 0.285313 1.364405 -0.211408
v 0.269947 1.357653 -0.195697
v 0.246994 1.357581 -0.194382
v 0.229900 1.364234 -0.208241
v 0.222338 1.303870 -0.250972
v 0.237360 1.306301 -0.268205
v 0.260111 1.303836 -0.270412
v 0.277264 1.297919 -0.256295
v 0.278776 1.292015 -0.234127
v 0.263753 1.289584 -0.216893
v 0.241002 1.292049 -0.214686
v 0.223849 1.297967 -0.228804
v 0.208346 1.224175 -0.267044
v 0.223109 1.225030 -0.284647
v 0.245631 1.221171 -0.287182
v 0.262719 1.214858 -0.273157
v 0.264368 1.209789 -0.250793
v 0.249604 1.208934 -0.233190
v 0.227082 1.212793 -0.230655
v 0.209994 1.219106 -0.244680
v 0.188609 1.132526 -0.287417
v 0.203463 1.133816 -0.304916
v 0.225890 1.129502 -0.307559
v 0.242752 1.122107 -0.293791
v 0.244176 1.115965 -0.271682
v 0.229321 1.114674 -0.254183
v 0.206894 1.118989 -0.251540
v 0.190033 1.126384 -0.265308
v 0.199220 1.478537 -0.263290
v 0.216224 1.498461 -0.269478
v 0.242792 1.502174 -0.267311
v 0.263364 1.487493 -0.258054
v 0.265892 1.463025 -0.247132
v 0.248889 1.443101 -0.240944
v 0.222320 1.439388 -0.243111
v 0.201749 1.454068 -0.252368
v 0.207949 1.438738 -0.317600
v 0.226173 1.453002 -0.331340
v 0.252875 1.456097 -0.329998
v 0.272414 1.446205 -0.314352
v 0.273348 1.429124 -0.293574
v 0.255124 1.414860 -0.279834
v 0.228422 1.411765 -0.281176
v 0.208884 1.421657 -0.296822
v 0.214435 1.383613 -0.344205
v 0.233498 1.391178 -0.361633
v 0.260293 1.393534 -0.360697
v 0.279122 1.389298 -0.341938
v 0.278962 1.380955 -0.316350
v 0.259898 1.373390 -0.298922
v 0.233104 1.371034 -0.299858
v 0.214274 1.375269 -0.318617
v 0.220013 1.316505 -0.356760
v 0.239332 1.321241 -0.374891
v 0.266156 1.323274 -0.374036
v 0.284771 1.321411 -0.354687
v 0.284279 1.316745 -0.328185
v 0.264960 1.312009 -0.310054
v 0.238136 1.309977 -0.310909
v 0.219521 1.311840 -0.330258
v 0.226253 1.238175 -0.369538
v 0.245488 1.243917 -0.387467
v 0.272304 1.246042 -0.386593
v 0.290993 1.243303 -0.367420
v 0.290613 1.237306 -0.341185
v 0.271378 1.231563 -0.323256
v 0.244562 1.229438 -0.324130
v 0.225873 1.232178 -0.343303
v 0.234268 1.152716 -0.394570
v 0.253237 1.161234 -0.411645
v 0.280026 1.163645 -0.410683
v 0.298941 1.158536 -0.392239
v 0.298908 1.148901 -0.367123
v 0.279939 1.140384 -0.350048
v 0.253150 1.137972 -0.351011
v 0.234235 1.143081 -0.369454
v 0.192877 1.117493 -0.289698
v 0.204274 1.118483 -0.303124
v 0.221479 1.115173 -0.305151
v 0.234415 1.109500 -0.294589
v 0.235508 1.104788 -0.277627
v 0.224111 1.103798 -0.264202
v 0.206906 1.107108 -0.262174
v 0.193970 1.112781 -0.272737
v 0.213731 1.103513 -0.285399
v 0.164621 1.233747 -0.596253
v 0.177979 1.240263 -0.602234
v 0.192971 1.242246 -0.596942
v 0.200813 1.238531 -0.583474
v 0.196915 1.231297 -0.569721
v 0.183556 1.224781 -0.563740
v 0.168565 1.222798 -0.569031
v 0.160723 1.226513 -0.582500
v 0.090719 1.214654 -0.645679
v 0.101891 1.222450 -0.656122
v 0.118950 1.224322 -0.656429
v 0.131905 1.219172 -0.646415
v 0.133170 1.210019 -0.631949
v 0.121999 1.202224 -0.621506
v 0.104939 1.200351 -0.621199
v 0.091984 1.205501 -0.631213
v 0.007473 1.212227 -0.672776
v 0.018808 1.222800 -0.687573
v 0.039662 1.226324 -0.691029
v 0.057818 1.220733 -0.681114
v 0.062646 1.209305 -0.663641
v 0.051310 1.198733 -0.648844
v 0.030457 1.195208 -0.645388
v 0.012300 1.200799 -0.655303
v 0.219936 1.228092 -0.546160
v 0.237031 1.234181 -0.548597
v 0.251866 1.235725 -0.537976
v 0.255747 1.231820 -0.520514
v 0.246406 1.224753 -0.506440
v 0.229311 1.218665 -0.504002
v 0.214476 1.217120 -0.514623
v 0.210595 1.221026 -0.532085
v 0.262096 1.183638 -0.458742
v 0.278705 1.189519 -0.463726
v 0.293675 1.195128 -0.454799
v 0.298234 1.197178 -0.437184
v 0.289718 1.194471 -0.421203
v 0.273110 1.188590 -0.416219
v 0.258140 1.182981 -0.425147
v 0.253580 1.180930 -0.442761
v 0.286990 1.149482 -0.203624
v 0.299894 1.151671 -0.195060
v 0.302790 1.156307 -0.180406
v 0.293977 1.160673 -0.168244
v 0.278622 1.162213 -0.165697
v 0.265719 1.160024 -0.174261
v 0.262823 1.155389 -0.188916
v 0.271636 1.151023 -0.201077
v 0.223556 1.172545 -0.469343
v 0.236784 1.178913 -0.480284
v 0.255083 1.179150 -0.479693
v 0.267733 1.173115 -0.467911
v 0.267328 1.164345 -0.451843
v 0.254099 1.157977 -0.440901
v 0.235800 1.157740 -0.441492
v 0.223150 1.163774 -0.453275
v 0.085020 1.293411 -0.694655
v 0.097489 1.301072 -0.701174
v 0.113142 1.298009 -0.702682
v 0.122809 1.286011 -0.698292
v 0.120831 1.272108 -0.690579
v 0.108362 1.264447 -0.684060
v 0.092709 1.267510 -0.682552
v 0.083042 1.279509 -0.686942
v 0.216532 1.244591 -0.620062
v 0.227719 1.254594 -0.627857
v 0.244338 1.257361 -0.626402
v 0.256655 1.251266 -0.616546
v 0.257457 1.239884 -0.604065
v 0.246270 1.229880 -0.596271
v 0.229650 1.227114 -0.597726
v 0.217334 1.233208 -0.607581
v 0.246016 1.143716 -0.395570
v 0.258913 1.149606 -0.407157
v 0.277136 1.151257 -0.406499
v 0.290012 1.147699 -0.393976
v 0.290002 1.141019 -0.376928
v 0.277106 1.135129 -0.365341
v 0.258882 1.133479 -0.365999
v 0.246006 1.137036 -0.378521
v 0.180768 1.232522 -0.582987
v 0.112234 1.206950 -0.640952
v 0.035533 1.204516 -0.673204
v 0.236544 1.220680 -0.526950
v 0.279309 1.185293 -0.438930
v 0.283306 1.149600 -0.184036
v 0.246513 1.165389 -0.460745
v 0.101773 1.280305 -0.697067
v 0.238297 1.237436 -0.616355
v 0.268783 1.137058 -0.387817
v -0.091238 1.557098 -0.450891
v -0.108721 1.572708 -0.453183
v -0.131828 1.572625 -0.448635
v -0.147022 1.556889 -0.439910
v -0.145408 1.534724 -0.432118
v -0.127925 1.519114 -0.429826
v -0.104818 1.519197 -0.434374
v -0.089624 1.534933 -0.443099
v -0.106694 1.519082 -0.509471
v -0.125378 1.531713 -0.516252
v -0.147888 1.533110 -0.509473
v -0.161037 1.522449 -0.493101
v -0.157128 1.505980 -0.476728
v -0.138445 1.493348 -0.469947
v -0.115935 1.491951 -0.476726
v -0.102786 1.502612 -0.493098
v -0.123113 1.464339 -0.539362
v -0.142925 1.473298 -0.548406
v -0.164874 1.476521 -0.540502
v -0.176099 1.472116 -0.520274
v -0.170032 1.462668 -0.499573
v -0.150220 1.453709 -0.490529
v -0.128271 1.450486 -0.498433
v -0.117045 1.454891 -0.518661
v -0.140586 1.398623 -0.554383
v -0.160827 1.406011 -0.563887
v -0.182563 1.410014 -0.555755
v -0.193058 1.408286 -0.534744
v -0.186172 1.401842 -0.513165
v -0.165931 1.394454 -0.503662
v -0.144195 1.390451 -0.511794
v -0.133700 1.392179 -0.532805
v -0.160375 1.323394 -0.569583
v -0.180465 1.331349 -0.578949
v -0.202276 1.335070 -0.570885
v -0.213030 1.332376 -0.550108
v -0.206433 1.324847 -0.528792
v -0.186343 1.316892 -0.519425
v -0.164532 1.313170 -0.527489
v -0.153778 1.315865 -0.548266
v -0.183985 1.238370 -0.598373
v -0.203621 1.247948 -0.607164
v -0.225658 1.250863 -0.599386
v -0.237184 1.245403 -0.579589
v -0.231455 1.234769 -0.559372
v -0.211819 1.225191 -0.550581
v -0.189783 1.222277 -0.558359
v -0.178256 1.227736 -0.578156
v -0.057769 1.526300 -0.448952
v -0.071980 1.546882 -0.452266
v -0.096704 1.551833 -0.451357
v -0.117459 1.538244 -0.446755
v -0.122091 1.514082 -0.441156
v -0.107879 1.493499 -0.437842
v -0.083155 1.488548 -0.438751
v -0.062401 1.502137 -0.443354
v -0.065842 1.496279 -0.511063
v -0.081060 1.513026 -0.522225
v -0.105816 1.517852 -0.521570
v -0.125611 1.507925 -0.509477
v -0.128852 1.489065 -0.493033
v -0.113635 1.472318 -0.481871
v -0.088878 1.467492 -0.482526
v -0.069084 1.477419 -0.494619
v -0.076306 1.444791 -0.548321
v -0.092604 1.456206 -0.563834
v -0.117442 1.460631 -0.563507
v -0.136271 1.455468 -0.547525
v -0.138065 1.443747 -0.525254
v -0.121767 1.432331 -0.509741
v -0.096929 1.427907 -0.510068
v -0.078101 1.433069 -0.526050
v -0.087471 1.378950 -0.573901
v -0.104198 1.387841 -0.590567
v -0.129133 1.391697 -0.590499
v -0.147668 1.388257 -0.573731
v -0.148953 1.379538 -0.550089
v -0.132226 1.370646 -0.533423
v -0.107291 1.366790 -0.533491
v -0.088755 1.370231 -0.550259
v -0.098262 1.302905 -0.601751
v -0.114919 1.312294 -0.618213
v -0.139935 1.315572 -0.618382
v -0.158658 1.310817 -0.602150
v -0.160124 1.300817 -0.579032
v -0.143468 1.291429 -0.562570
v -0.118451 1.288150 -0.562401
v -0.099729 1.292905 -0.578633
v -0.107093 1.225114 -0.642034
v -0.123529 1.236440 -0.657456
v -0.148602 1.239226 -0.657889
v -0.167624 1.231837 -0.643072
v -0.169458 1.218603 -0.621690
v -0.153022 1.207278 -0.606268
v -0.127949 1.204492 -0.605835
v -0.108927 1.211881 -0.620652
v 0.003435 1.510408 -0.473570
v -0.011540 1.537750 -0.478088
v -0.041683 1.546893 -0.478167
v -0.069339 1.532473 -0.473760
v -0.078312 1.502946 -0.467449
v -0.063337 1.475604 -0.462931
v -0.033194 1.466461 -0.462852
v -0.005538 1.480881 -0.467259
v -0.001187 1.483513 -0.533843
v -0.017027 1.505661 -0.549677
v -0.047398 1.513437 -0.552737
v -0.074511 1.502278 -0.541222
v -0.082488 1.478728 -0.521885
v -0.066648 1.456579 -0.506050
v -0.036277 1.448803 -0.502991
v -0.009164 1.459962 -0.514505
v -0.006187 1.436094 -0.570530
v -0.022843 1.450638 -0.592963
v -0.053441 1.456306 -0.597852
v -0.080057 1.449772 -0.582325
v -0.087106 1.434868 -0.555484
v -0.070449 1.420324 -0.533051
v -0.039852 1.414657 -0.528163
v -0.013236 1.421191 -0.543689
v -0.011297 1.373534 -0.596606
v -0.028246 1.384581 -0.620750
v -0.058939 1.389100 -0.626200
v -0.085399 1.384441 -0.609756
v -0.092130 1.373336 -0.581058
v -0.075180 1.362289 -0.556914
v -0.044487 1.357770 -0.551464
v -0.018027 1.362429 -0.567908
v -0.016417 1.299498 -0.625680
v -0.033287 1.311666 -0.649335
v -0.063979 1.316213 -0.654773
v -0.090514 1.310473 -0.638800
v -0.097355 1.297811 -0.610781
v -0.080484 1.285643 -0.587126
v -0.049793 1.281096 -0.581688
v -0.023257 1.286836 -0.597661
v -0.020474 1.222773 -0.666005
v -0.037136 1.238313 -0.687756
v -0.067788 1.243494 -0.692836
v -0.094477 1.235276 -0.678262
v -0.101573 1.218478 -0.652578
v -0.084911 1.202937 -0.630828
v -0.054259 1.197757 -0.625748
v -0.027570 1.205975 -0.640321
v -0.133661 1.570533 -0.443645
v -0.157436 1.583138 -0.444183
v -0.182154 1.577548 -0.435120
v -0.193334 1.557031 -0.421762
v -0.184434 1.533609 -0.411934
v -0.160660 1.521004 -0.411397
v -0.135942 1.526594 -0.420460
v -0.124761 1.547111 -0.433817
v -0.152994 1.523011 -0.499770
v -0.177532 1.533725 -0.502498
v -0.200606 1.532202 -0.488726
v -0.208695 1.519328 -0.466518
v -0.197069 1.502649 -0.448882
v -0.172530 1.491935 -0.446155
v -0.149456 1.493459 -0.459926
v -0.141367 1.506332 -0.482135
v -0.172704 1.462224 -0.523420
v -0.197940 1.470826 -0.527094
v -0.219513 1.473844 -0.511287
v -0.224782 1.469509 -0.485252
v -0.210666 1.460362 -0.464241
v -0.185429 1.451760 -0.460567
v -0.163856 1.448742 -0.476374
v -0.158588 1.453077 -0.502409
v -0.192614 1.394339 -0.529675
v -0.218112 1.402070 -0.533481
v -0.239124 1.406959 -0.517390
v -0.243339 1.406140 -0.490820
v -0.228295 1.400094 -0.469338
v -0.202798 1.392362 -0.465531
v -0.181785 1.387473 -0.481623
v -0.177570 1.388293 -0.508192
v -0.214543 1.318846 -0.534584
v -0.239948 1.326890 -0.538358
v -0.261159 1.331107 -0.522336
v -0.265745 1.329026 -0.495897
v -0.251029 1.321867 -0.474530
v -0.225623 1.313823 -0.470756
v -0.204413 1.309605 -0.486778
v -0.199826 1.311687 -0.513217
v -0.237048 1.238329 -0.551862
v -0.262177 1.247279 -0.555446
v -0.283983 1.249550 -0.539834
v -0.289688 1.243809 -0.514165
v -0.275958 1.233421 -0.493478
v -0.250829 1.224472 -0.489894
v -0.229024 1.222201 -0.505506
v -0.223319 1.227942 -0.531175
v -0.194069 1.535925 -0.381988
v -0.218250 1.546775 -0.386671
v -0.243568 1.540379 -0.380157
v -0.255191 1.520478 -0.366256
v -0.246315 1.498732 -0.353113
v -0.222134 1.487882 -0.348429
v -0.196816 1.494278 -0.354944
v -0.185194 1.514180 -0.368845
v -0.204648 1.476945 -0.438182
v -0.229174 1.485878 -0.444742
v -0.253664 1.484083 -0.433723
v -0.263768 1.472607 -0.411574
v -0.253575 1.458175 -0.391272
v -0.229049 1.449242 -0.384711
v -0.204559 1.451037 -0.395730
v -0.194455 1.462513 -0.417879
v -0.220666 1.403512 -0.464110
v -0.245546 1.410828 -0.471312
v -0.269033 1.413623 -0.458471
v -0.277367 1.410257 -0.433102
v -0.265672 1.402704 -0.410067
v -0.240793 1.395387 -0.402865
v -0.217305 1.392592 -0.415707
v -0.208972 1.395959 -0.441076
v -0.239902 1.326017 -0.470336
v -0.264923 1.332764 -0.477603
v -0.287666 1.338547 -0.464424
v -0.294806 1.339976 -0.438513
v -0.282166 1.336217 -0.415051
v -0.257145 1.329469 -0.407784
v -0.234402 1.323686 -0.420963
v -0.227262 1.322257 -0.446874
v -0.260949 1.251148 -0.467201
v -0.285840 1.258353 -0.474475
v -0.308116 1.265781 -0.461322
v -0.314724 1.269079 -0.435441
v -0.301800 1.266318 -0.411994
v -0.276909 1.259113 -0.404721
v -0.254633 1.251685 -0.417873
v -0.248025 1.248387 -0.443754
v -0.280363 1.191849 -0.463830
v -0.304824 1.200347 -0.471151
v -0.326856 1.208508 -0.458025
v -0.333549 1.211552 -0.432134
v -0.320989 1.207696 -0.408647
v -0.296528 1.199198 -0.401327
v -0.274496 1.191036 -0.414453
v -0.267803 1.187993 -0.440343
v -0.246134 1.576662 -0.227815
v -0.267145 1.574837 -0.218662
v -0.276900 1.561201 -0.202932
v -0.269679 1.543738 -0.189838
v -0.249719 1.532677 -0.187048
v -0.228708 1.534501 -0.196201
v -0.218953 1.548137 -0.211932
v -0.226173 1.565601 -0.225025
v -0.269444 1.510332 -0.272417
v -0.289231 1.512045 -0.260837
v -0.296280 1.506233 -0.239740
v -0.286456 1.496298 -0.221483
v -0.265519 1.488060 -0.216757
v -0.245732 1.486347 -0.228336
v -0.238683 1.492159 -0.249433
v -0.248507 1.502094 -0.267691
v -0.290887 1.431068 -0.283617
v -0.309948 1.435497 -0.271549
v -0.315104 1.436766 -0.249180
v -0.303327 1.434130 -0.229612
v -0.281523 1.429134 -0.224303
v -0.262462 1.424705 -0.236371
v -0.257307 1.423436 -0.258740
v -0.269083 1.426072 -0.278308
v -0.307333 1.344353 -0.271626
v -0.326235 1.349626 -0.259647
v -0.330644 1.354857 -0.237699
v -0.317970 1.356981 -0.218635
v -0.295644 1.354756 -0.213620
v -0.276742 1.349483 -0.225598
v -0.272334 1.344252 -0.247547
v -0.285007 1.342127 -0.266611
v -0.316868 1.251543 -0.245889
v -0.335828 1.256235 -0.233763
v -0.340085 1.262972 -0.212198
v -0.327138 1.267807 -0.193825
v -0.304577 1.267909 -0.189404
v -0.285617 1.263217 -0.201530
v -0.281360 1.256481 -0.223095
v -0.294307 1.251645 -0.241468
v -0.317251 1.156845 -0.216404
v -0.336218 1.160063 -0.203816
v -0.340475 1.166877 -0.182275
v -0.327521 1.173295 -0.164399
v -0.304951 1.175559 -0.160655
v -0.285984 1.172341 -0.173243
v -0.281727 1.165528 -0.194784
v -0.294681 1.159110 -0.212661
v -0.212759 1.505402 -0.320334
v -0.230149 1.525044 -0.326346
v -0.256761 1.528292 -0.323972
v -0.277006 1.513236 -0.314600
v -0.279030 1.488701 -0.303721
v -0.261640 1.469059 -0.297709
v -0.235028 1.465811 -0.300083
v -0.214783 1.480867 -0.309456
v -0.221922 1.464422 -0.374943
v -0.240545 1.478418 -0.388422
v -0.267247 1.481252 -0.386596
v -0.286387 1.471259 -0.370528
v -0.286758 1.454296 -0.349635
v -0.268136 1.440300 -0.336157
v -0.241433 1.437466 -0.337983
v -0.222293 1.447460 -0.354050
v -0.228765 1.407848 -0.401892
v -0.248188 1.415467 -0.418895
v -0.274984 1.417553 -0.417482
v -0.293457 1.412881 -0.398474
v -0.292791 1.404190 -0.373010
v -0.273368 1.396571 -0.356008
v -0.246572 1.394485 -0.357421
v -0.228099 1.399157 -0.376429
v -0.233668 1.340414 -0.416505
v -0.253283 1.345557 -0.434202
v -0.280136 1.346900 -0.432997
v -0.298498 1.343655 -0.413589
v -0.297618 1.337724 -0.387351
v -0.278003 1.332581 -0.369654
v -0.251149 1.331238 -0.370859
v -0.232787 1.334483 -0.390267
v -0.237301 1.263734 -0.434209
v -0.256855 1.270094 -0.451576
v -0.283737 1.270863 -0.450528
v -0.302202 1.265588 -0.431670
v -0.301438 1.257361 -0.406056
v -0.281885 1.251001 -0.388689
v -0.255002 1.250232 -0.389737
v -0.236538 1.255508 -0.408595
v -0.240120 1.181533 -0.468097
v -0.259569 1.190788 -0.484226
v -0.286466 1.191151 -0.483350
v -0.305056 1.182408 -0.465977
v -0.304454 1.169682 -0.442288
v -0.285006 1.160427 -0.426160
v -0.258108 1.160064 -0.427035
v -0.239518 1.168807 -0.444408
v -0.071653 1.527490 -0.438625
v -0.085054 1.546827 -0.437572
v -0.107977 1.551041 -0.434198
v -0.126994 1.537658 -0.430478
v -0.130970 1.514524 -0.428592
v -0.117569 1.495187 -0.429645
v -0.094646 1.490972 -0.433019
v -0.075629 1.504355 -0.436739
v -0.087636 1.507995 -0.504745
v -0.102558 1.525310 -0.510412
v -0.125265 1.529812 -0.506082
v -0.142455 1.518858 -0.494288
v -0.144063 1.498870 -0.481940
v -0.129141 1.481555 -0.476273
v -0.106435 1.477053 -0.480603
v -0.089245 1.488007 -0.492397
v -0.104508 1.465284 -0.547545
v -0.121108 1.478116 -0.558238
v -0.144082 1.481905 -0.554709
v -0.159971 1.474426 -0.539018
v -0.159472 1.460064 -0.520361
v -0.142872 1.447231 -0.509667
v -0.119899 1.443443 -0.513197
v -0.104010 1.450922 -0.528888
v -0.115254 1.409158 -0.579695
v -0.132549 1.418140 -0.592917
v -0.156006 1.419248 -0.591146
v -0.171884 1.411831 -0.575415
v -0.170887 1.400235 -0.554942
v -0.153592 1.391253 -0.541721
v -0.130135 1.390145 -0.543491
v -0.114257 1.397562 -0.559222
v -0.110414 1.347671 -0.619801
v -0.128258 1.357099 -0.631939
v -0.151733 1.355466 -0.631014
v -0.167087 1.343724 -0.617561
v -0.165333 1.328755 -0.599466
v -0.147490 1.319327 -0.587328
v -0.124015 1.320960 -0.588254
v -0.108660 1.332701 -0.601706
v -0.103121 1.303590 -0.686673
v -0.121450 1.314851 -0.696256
v -0.144459 1.310348 -0.698472
v -0.158669 1.292712 -0.692020
v -0.155761 1.272277 -0.680682
v -0.137433 1.261015 -0.671099
v -0.114424 1.265518 -0.668883
v -0.100214 1.283155 -0.675335
v -0.170520 1.503562 -0.382504
v -0.182949 1.524869 -0.379437
v -0.206187 1.530895 -0.372988
v -0.226622 1.518103 -0.366935
v -0.232288 1.493992 -0.364822
v -0.219859 1.472685 -0.367890
v -0.196621 1.466659 -0.374339
v -0.176186 1.479451 -0.380392
v -0.187482 1.487955 -0.443210
v -0.202502 1.506762 -0.449421
v -0.226508 1.512047 -0.445725
v -0.245439 1.500706 -0.434284
v -0.248210 1.479389 -0.421802
v -0.233190 1.460582 -0.415591
v -0.209183 1.455297 -0.419286
v -0.190252 1.466638 -0.430727
v -0.198935 1.448446 -0.485753
v -0.215594 1.462225 -0.498020
v -0.240087 1.466017 -0.496121
v -0.258066 1.457596 -0.481164
v -0.259004 1.441899 -0.461913
v -0.242345 1.428120 -0.449645
v -0.217852 1.424328 -0.451544
v -0.199873 1.432749 -0.466501
v -0.208184 1.391757 -0.521439
v -0.225303 1.403082 -0.535460
v -0.249932 1.406145 -0.534082
v -0.267645 1.399149 -0.518106
v -0.268069 1.386195 -0.496895
v -0.250950 1.374871 -0.482874
v -0.226321 1.371807 -0.484252
v -0.208609 1.378803 -0.500228
v -0.218695 1.323743 -0.562186
v -0.235662 1.335971 -0.575621
v -0.260246 1.339303 -0.574069
v -0.278047 1.331783 -0.558433
v -0.278642 1.317819 -0.537877
v -0.261675 1.305591 -0.524442
v -0.237091 1.302259 -0.525994
v -0.219290 1.309779 -0.541630
v -0.232962 1.254164 -0.616271
v -0.249437 1.268720 -0.627847
v -0.273876 1.272743 -0.625743
v -0.291962 1.263870 -0.611187
v -0.293106 1.247305 -0.592709
v -0.276630 1.232748 -0.581134
v -0.252192 1.228726 -0.583238
v -0.234106 1.237598 -0.597793
v -0.238352 1.492883 -0.127220
v -0.252358 1.509498 -0.134728
v -0.274666 1.514388 -0.132083
v -0.292209 1.504685 -0.120830
v -0.294716 1.486076 -0.107564
v -0.280711 1.469462 -0.100056
v -0.258403 1.464571 -0.102701
v -0.240859 1.474275 -0.113953
v -0.253353 1.436031 -0.191371
v -0.268420 1.448374 -0.203586
v -0.291222 1.451279 -0.203128
v -0.308401 1.443041 -0.190260
v -0.309899 1.428490 -0.172524
v -0.294831 1.416148 -0.160309
v -0.272030 1.413242 -0.160767
v -0.254851 1.421480 -0.173635
v -0.256634 1.373712 -0.229151
v -0.271999 1.380464 -0.244863
v -0.294952 1.380536 -0.246177
v -0.312047 1.373883 -0.232318
v -0.313274 1.364405 -0.211408
v -0.297908 1.357653 -0.195697
v -0.274956 1.357581 -0.194382
v -0.257861 1.364234 -0.208241
v -0.250299 1.303870 -0.250972
v -0.265322 1.306301 -0.268205
v -0.288073 1.303836 -0.270412
v -0.305226 1.297919 -0.256295
v -0.306737 1.292015 -0.234127
v -0.291715 1.289584 -0.216893
v -0.268964 1.292049 -0.214686
v -0.251811 1.297967 -0.228804
v -0.236307 1.224175 -0.267044
v -0.251071 1.225030 -0.284647
v -0.273593 1.221171 -0.287182
v -0.290681 1.214858 -0.273157
v -0.292329 1.209789 -0.250793
v -0.277566 1.208934 -0.233190
v -0.255044 1.212793 -0.230655
v -0.237956 1.219106 -0.244680
v -0.216570 1.132526 -0.287417
v -0.231425 1.133816 -0.304916
v -0.253851 1.129502 -0.307559
v -0.270713 1.122107 -0.293791
v -0.272137 1.115965 -0.271682
v -0.257282 1.114674 -0.254183
v -0.234856 1.118989 -0.251540
v -0.217994 1.126384 -0.265308
v -0.227182 1.478537 -0.263290
v -0.244185 1.498461 -0.269478
v -0.270754 1.502174 -0.267311
v -0.291325 1.487493 -0.258054
v -0.293853 1.463025 -0.247132
v -0.276850 1.443101 -0.240944
v -0.250281 1.439388 -0.243111
v -0.229710 1.454068 -0.252368
v -0.235910 1.438738 -0.317600
v -0.254135 1.453002 -0.331340
v -0.280837 1.456097 -0.329998
v -0.300375 1.446205 -0.314352
v -0.301310 1.429124 -0.293574
v -0.283086 1.414860 -0.279834
v -0.256384 1.411765 -0.281176
v -0.236845 1.421657 -0.296822
v -0.242396 1.383613 -0.344205
v -0.261460 1.391178 -0.361633
v -0.288254 1.393534 -0.360697
v -0.307084 1.389298 -0.341938
v -0.306923 1.380955 -0.316350
v -0.287860 1.373390 -0.298922
v -0.261065 1.371034 -0.299858
v -0.242235 1.375269 -0.318617
v -0.247974 1.316505 -0.356760
v -0.267293 1.321241 -0.374891
v -0.294117 1.323274 -0.374036
v -0.312732 1.321410 -0.354687
v -0.312241 1.316745 -0.328185
v -0.292922 1.312009 -0.310054
v -0.266098 1.309977 -0.310909
v -0.247482 1.311840 -0.330258
v -0.254214 1.238175 -0.369538
v -0.273449 1.243917 -0.387467
v -0.300265 1.246042 -0.386593
v -0.318954 1.243303 -0.367420
v -0.318574 1.237306 -0.341185
v -0.299340 1.231563 -0.323256
v -0.272524 1.229438 -0.324130
v -0.253834 1.232178 -0.343303
v -0.262229 1.152716 -0.394570
v -0.281198 1.161234 -0.411645
v -0.307987 1.163645 -0.410683
v -0.326902 1.158536 -0.392239
v -0.326870 1.148901 -0.367123
v -0.307900 1.140384 -0.350048
v -0.281112 1.137972 -0.351011
v -0.262196 1.143081 -0.369454
v -0.220839 1.117493 -0.289698
v -0.232235 1.118483 -0.303124
v -0.249440 1.115173 -0.305151
v -0.262376 1.109500 -0.294589
v -0.263469 1.104788 -0.277627
v -0.252073 1.103798 -0.264202
v -0.234867 1.107108 -0.262174
v -0.221931 1.112781 -0.272737
v -0.241692 1.103512 -0.285399
v -0.192582 1.233747 -0.596253
v -0.205941 1.240263 -0.602234
v -0.220932 1.242246 -0.596942
v -0.228774 1.238531 -0.583474
v -0.224876 1.231297 -0.569721
v -0.211518 1.224781 -0.563740
v -0.196526 1.222798 -0.569031
v -0.188684 1.226513 -0.582500
v -0.118680 1.214654 -0.645679
v -0.129852 1.222450 -0.656122
v -0.146912 1.224322 -0.656429
v -0.159867 1.219172 -0.646415
v -0.161131 1.210019 -0.631949
v -0.149960 1.202224 -0.621506
v -0.132900 1.200351 -0.621199
v -0.119945 1.205501 -0.631213
v -0.035434 1.212227 -0.672776
v -0.046770 1.222800 -0.687573
v -0.067623 1.226324 -0.691029
v -0.085779 1.220733 -0.681114
v -0.090607 1.209305 -0.663641
v -0.079271 1.198733 -0.648844
v -0.058418 1.195208 -0.645388
v -0.040262 1.200799 -0.655303
v -0.247897 1.228092 -0.546160
v -0.264992 1.234181 -0.548597
v -0.279827 1.235725 -0.537976
v -0.283708 1.231820 -0.520514
v -0.274368 1.224753 -0.506440
v -0.257272 1.218665 -0.504002
v -0.242438 1.217120 -0.514623
v -0.238556 1.221025 -0.532085
v -0.290058 1.183638 -0.458742
v -0.306666 1.189519 -0.463726
v -0.321636 1.195128 -0.454799
v -0.326196 1.197178 -0.437184
v -0.317679 1.194471 -0.421203
v -0.301071 1.188590 -0.416219
v -0.286101 1.182981 -0.425147
v -0.281541 1.180930 -0.442761
v -0.314952 1.149482 -0.203624
v -0.327855 1.151671 -0.195060
v -0.330751 1.156307 -0.180406
v -0.321938 1.160673 -0.168244
v -0.306584 1.162213 -0.165697
v -0.293680 1.160024 -0.174261
v -0.290784 1.155389 -0.188916
v -0.299597 1.151023 -0.201077
v -0.251517 1.172545 -0.469343
v -0.264746 1.178913 -0.480284
v -0.283045 1.179150 -0.479693
v -0.295695 1.173115 -0.467911
v -0.295289 1.164345 -0.451843
v -0.282061 1.157977 -0.440901
v -0.263762 1.157740 -0.441492
v -0.251112 1.163774 -0.453275
v -0.112981 1.293411 -0.694655
v -0.125450 1.301072 -0.701174
v -0.141103 1.298009 -0.702682
v -0.150771 1.286011 -0.698292
v -0.148793 1.272108 -0.690579
v -0.136323 1.264447 -0.684060
v -0.120670 1.267510 -0.682552
v -0.111003 1.279509 -0.686942
v -0.244493 1.244591 -0.620062
v -0.255680 1.254594 -0.627857
v -0.272299 1.257361 -0.626402
v -0.284616 1.251266 -0.616546
v -0.285418 1.239884 -0.604065
v -0.274231 1.229880 -0.596271
v -0.257611 1.227114 -0.597726
v -0.245295 1.233208 -0.607581
v -0.273978 1.143716 -0.395570
v -0.286874 1.149606 -0.407157
v -0.305098 1.151257 -0.406499
v -0.317974 1.147699 -0.393976
v -0.317963 1.141019 -0.376928
v -0.305067 1.135129 -0.365341
v -0.286844 1.133479 -0.365999
v -0.273967 1.137036 -0.378521
v -0.208729 1.232522 -0.582987
v -0.140195 1.206950 -0.640952
v -0.063494 1.204516 -0.673204
v -0.264506 1.220680 -0.526950
v -0.307270 1.185292 -0.438930
v -0.311268 1.149600 -0.184036
v -0.274474 1.165389 -0.460745
v -0.129734 1.280305 -0.697067
v -0.266258 1.237436 -0.616355
v -0.296744 1.137058 -0.387817
v 0.088949 0.350959 -0.347104
v 0.157624 0.373722 -0.296685
v 0.099668 0.336907 -0.414772
v 0.082499 0.401137 -0.361554
v 0.094958 0.367292 -0.425670
v 0.152982 0.435661 -0.308285
v 0.232462 0.363634 -0.351147
v 0.236473 0.353303 -0.386936
v 0.183916 0.373668 -0.302288
v 0.213861 0.370777 -0.317774
v 0.164884 0.335534 -0.445746
v 0.119349 0.333778 -0.439575
v 0.087767 0.342721 -0.380966
v 0.098313 0.360415 -0.322938
v 0.120103 0.368042 -0.305596
v 0.236520 0.391607 -0.397722
v 0.114146 0.427981 -0.317545
v 0.115987 0.355961 -0.450226
v 0.091813 0.416230 -0.335957
v 0.081859 0.383786 -0.393090
v 0.211735 0.427890 -0.329495
v 0.180388 0.434298 -0.314038
v 0.163464 0.355375 -0.456537
v 0.231637 0.412377 -0.362639
v 0.200324 0.340131 -0.432676
v 0.220603 0.345112 -0.415812
v 0.220426 0.374268 -0.427227
v 0.200513 0.364295 -0.443463
v 0.082323 0.492762 -0.416792
v 0.094166 0.456929 -0.475680
v 0.147167 0.527478 -0.367458
v 0.224695 0.481371 -0.450008
v 0.111356 0.519886 -0.376025
v 0.113752 0.444144 -0.498230
v 0.090819 0.508007 -0.393095
v 0.081881 0.474746 -0.445758
v 0.201502 0.519009 -0.387075
v 0.172496 0.525832 -0.372797
v 0.157607 0.443235 -0.504090
v 0.220012 0.502923 -0.417851
v 0.209990 0.463351 -0.477190
v 0.191706 0.452838 -0.492118
v 0.095275 0.208795 -0.516661
v 0.161497 0.294270 -0.623797
v 0.098110 0.258238 -0.588126
v 0.240097 0.277761 -0.588124
v 0.206946 0.191511 -0.453975
v 0.136578 0.188485 -0.463111
v 0.254049 0.220671 -0.505321
v 0.129215 0.131314 -0.376698
v 0.129215 0.131314 -0.376698
v 0.214352 0.132529 -0.367960
v 0.214352 0.132529 -0.367960
v 0.125910 0.123554 -0.294871
v 0.212256 0.127350 -0.286431
v 0.121399 0.036167 -0.238029
v 0.121399 0.036167 -0.238029
v 0.226099 0.036167 -0.228470
v 0.226099 0.036167 -0.228470
v 0.092575 0.070279 -0.636651
v 0.184709 0.041556 -0.605516
v 0.177244 0.116285 -0.706654
v 0.177244 0.116285 -0.706654
v 0.093473 0.116041 -0.695095
v 0.093473 0.116041 -0.695095
v 0.208910 0.027052 -0.448862
v 0.100606 0.027334 -0.446732
v 0.260903 0.068931 -0.625253
v 0.260903 0.068931 -0.625253
v 0.065473 0.067252 -0.598135
v 0.065473 0.067252 -0.598135
v 0.119324 0.027052 -0.304288
v 0.225527 0.027052 -0.300698
v 0.065339 0.040041 -0.445548
v 0.065339 0.040041 -0.445548
v 0.069401 0.037968 -0.318041
v 0.069401 0.037968 -0.318041
v 0.281469 0.037968 -0.309521
v 0.281469 0.037968 -0.309521
v 0.284838 0.050679 -0.529031
v 0.284838 0.050679 -0.529031
v 0.282962 0.042040 -0.459504
v 0.282962 0.042040 -0.459504
v 0.270703 0.093657 -0.410857
v 0.280312 0.113835 -0.528713
v 0.269590 0.093863 -0.296143
v 0.076564 0.090277 -0.309353
v 0.076167 0.092318 -0.415225
v 0.074627 0.111161 -0.542569
v 0.262922 0.165387 -0.646847
v 0.092308 0.166772 -0.660951
v 0.173838 0.195859 -0.699509
v 0.216750 0.088663 -0.231835
v 0.216750 0.088663 -0.231835
v 0.122814 0.085408 -0.240962
v 0.122814 0.085408 -0.240962
v 0.168360 0.235111 -0.664268
v 0.262575 0.158863 -0.520237
v 0.207704 0.147164 -0.416607
v 0.207704 0.147164 -0.416607
v 0.250087 0.214924 -0.625144
v 0.094177 0.152540 -0.530678
v 0.135007 0.145606 -0.425884
v 0.135007 0.145606 -0.425884
v 0.101196 0.201825 -0.624925
v 0.133600 0.213567 -0.461417
v 0.093414 0.282603 -0.568295
v 0.090441 0.233954 -0.504555
v 0.236914 0.305005 -0.565710
v 0.205485 0.218029 -0.451738
v 0.252345 0.249616 -0.490767
v 0.158038 0.320999 -0.603243
v 0.256030 0.249350 -0.548068
v 0.236555 0.200156 -0.468802
v 0.171546 0.188653 -0.454413
v 0.108863 0.193809 -0.482966
v 0.118809 0.280729 -0.613569
v 0.092517 0.232028 -0.553530
v 0.207992 0.295000 -0.616286
v 0.215334 0.131087 -0.327474
v 0.215334 0.131087 -0.327474
v 0.127596 0.128415 -0.336642
v 0.127596 0.128415 -0.336642
v 0.094369 0.121228 -0.392770
v 0.094369 0.121228 -0.392770
v 0.171521 0.132411 -0.368125
v 0.250110 0.123582 -0.378977
v 0.250110 0.123582 -0.378977
v 0.211150 0.114992 -0.252185
v 0.124513 0.109838 -0.261164
v 0.092487 0.113171 -0.307998
v 0.092487 0.113171 -0.307998
v 0.168369 0.127103 -0.282875
v 0.249063 0.119163 -0.293663
v 0.249063 0.119163 -0.293663
v 0.226125 0.029331 -0.246198
v 0.121050 0.029331 -0.254265
v 0.083735 0.036617 -0.271673
v 0.083735 0.036617 -0.271673
v 0.168312 0.087926 -0.224486
v 0.168312 0.087926 -0.224486
v 0.254892 0.091011 -0.256385
v 0.254892 0.091011 -0.256385
v 0.180167 0.083772 -0.680981
v 0.094037 0.099063 -0.686300
v 0.072624 0.063757 -0.615394
v 0.171005 0.027052 -0.296192
v 0.267484 0.029781 -0.308307
v 0.225553 0.084690 -0.671950
v 0.225553 0.084690 -0.671950
v 0.128281 0.127848 -0.713769
v 0.128281 0.127848 -0.713769
v 0.073295 0.095577 -0.659867
v 0.073295 0.095577 -0.659867
v 0.073688 0.030476 -0.448405
v 0.130041 0.077071 -0.649291
v 0.241773 0.052951 -0.619177
v 0.194591 0.027805 -0.524337
v 0.090288 0.035473 -0.532811
v 0.281644 0.060827 -0.579534
v 0.281644 0.060827 -0.579534
v 0.064591 0.047369 -0.522348
v 0.064591 0.047369 -0.522348
v 0.145268 0.027052 -0.441765
v 0.264503 0.031862 -0.461625
v 0.081713 0.029781 -0.314924
v 0.113152 0.027052 -0.370327
v 0.220918 0.027052 -0.372872
v 0.067018 0.038779 -0.375336
v 0.067018 0.038779 -0.375336
v 0.281676 0.039257 -0.376400
v 0.281676 0.039257 -0.376400
v 0.089211 0.085870 -0.271341
v 0.089211 0.085870 -0.271341
v 0.172238 0.036167 -0.221998
v 0.172238 0.036167 -0.221998
v 0.267627 0.036617 -0.257594
v 0.267627 0.036617 -0.257594
v 0.226743 0.185084 -0.685130
v 0.123543 0.187352 -0.689306
v 0.078861 0.139384 -0.615007
v 0.282651 0.138351 -0.591730
v 0.076216 0.098298 -0.474317
v 0.075640 0.091643 -0.359303
v 0.271359 0.093408 -0.349835
v 0.271990 0.101231 -0.469947
v 0.280041 0.061452 -0.443051
v 0.284359 0.073943 -0.529392
v 0.278476 0.063335 -0.298753
v 0.071456 0.063991 -0.307471
v 0.068401 0.059486 -0.436167
v 0.067401 0.082946 -0.577499
v 0.261831 0.102129 -0.633153
v 0.092554 0.135530 -0.683408
v 0.177186 0.149557 -0.707945
v 0.177186 0.149557 -0.707945
v 0.223589 0.059720 -0.223237
v 0.121596 0.059661 -0.231928
v 0.266303 0.187024 -0.578286
v 0.216698 0.232865 -0.656123
v 0.102234 0.137068 -0.455028
v 0.102234 0.137068 -0.455028
v 0.093804 0.176196 -0.584053
v 0.123612 0.222959 -0.652679
v 0.171406 0.146080 -0.417509
v 0.243252 0.139127 -0.441020
v 0.243252 0.139127 -0.441020
v 0.235579 0.228652 -0.462857
v 0.169170 0.213723 -0.453054
v 0.115072 0.306092 -0.593554
v 0.087168 0.255995 -0.535840
v 0.105242 0.219315 -0.478334
v 0.204538 0.322322 -0.594805
v 0.253484 0.277439 -0.527433
v 0.092820 0.117380 -0.349973
v 0.092820 0.117380 -0.349973
v 0.170885 0.131219 -0.326909
v 0.170885 0.131219 -0.326909
v 0.252035 0.121629 -0.334771
v 0.252035 0.121629 -0.334771
v 0.099992 0.104615 -0.279121
v 0.099992 0.104615 -0.279121
v 0.166666 0.114154 -0.245376
v 0.240094 0.110621 -0.265700
v 0.240094 0.110621 -0.265700
v 0.092874 0.031303 -0.278121
v 0.172184 0.029331 -0.240344
v 0.256872 0.031303 -0.267745
v 0.079030 0.087366 -0.659692
v 0.129804 0.108972 -0.702683
v 0.217918 0.068264 -0.656674
v 0.070551 0.038212 -0.528496
v 0.129210 0.033065 -0.529117
v 0.267548 0.041191 -0.550934
v 0.163701 0.027052 -0.368593
v 0.266332 0.030150 -0.377021
v 0.078079 0.029897 -0.374411
v 0.085187 0.061713 -0.263285
v 0.170994 0.059766 -0.216191
v 0.264357 0.061909 -0.249944
v 0.226334 0.118940 -0.676767
v 0.226334 0.118940 -0.676767
v 0.127912 0.151599 -0.706392
v 0.127912 0.151599 -0.706392
v 0.074238 0.112487 -0.644530
v 0.283510 0.088340 -0.584310
v 0.067663 0.066281 -0.505329
v 0.069476 0.061492 -0.366625
v 0.279376 0.060320 -0.366163
v 0.133313 0.222289 -0.457388
v 0.088964 0.241164 -0.498826
v 0.205271 0.227045 -0.447604
v 0.158225 0.324811 -0.599096
v 0.092256 0.287090 -0.562518
v 0.236687 0.309539 -0.560152
v 0.252104 0.257314 -0.484883
v 0.235440 0.237579 -0.458147
v 0.115041 0.310116 -0.588891
v 0.168838 0.222559 -0.448981
v 0.253160 0.283361 -0.520932
v 0.204507 0.326265 -0.590414
v 0.085156 0.261626 -0.529413
v 0.104697 0.227751 -0.473794
v 0.147005 0.243613 -0.462920
v 0.147005 0.243613 -0.462920
v 0.116653 0.260523 -0.498965
v 0.116653 0.260523 -0.498965
v 0.198609 0.249268 -0.458985
v 0.198609 0.249268 -0.458985
v 0.165926 0.318696 -0.569210
v 0.165926 0.318696 -0.569210
v 0.118926 0.295328 -0.548238
v 0.118926 0.295328 -0.548238
v 0.222872 0.307808 -0.541575
v 0.222872 0.307808 -0.541575
v 0.230499 0.278727 -0.496705
v 0.230499 0.278727 -0.496705
v 0.217289 0.258138 -0.467853
v 0.217289 0.258138 -0.467853
v 0.132334 0.309024 -0.563735
v 0.132334 0.309024 -0.563735
v 0.174786 0.244199 -0.455808
v 0.174786 0.244199 -0.455808
v 0.231662 0.293531 -0.521024
v 0.231662 0.293531 -0.521024
v 0.198512 0.318336 -0.560040
v 0.198512 0.318336 -0.560040
v 0.113764 0.276321 -0.522743
v 0.113764 0.276321 -0.522743
v 0.128215 0.249885 -0.479271
v 0.128215 0.249885 -0.479271
v 0.121558 0.139728 -0.372194
v 0.126864 0.155140 -0.417426
v 0.214359 0.157845 -0.407746
v 0.221534 0.141783 -0.363641
v 0.170487 0.134775 -0.372057
v 0.170184 0.143570 -0.367031
v 0.168773 0.162495 -0.406256
v 0.169192 0.153147 -0.412989
v 0.194382 0.196592 -0.456139
v 0.194382 0.196592 -0.456139
v 0.194774 0.207057 -0.456050
v 0.194774 0.207057 -0.456050
v 0.171237 0.194908 -0.456547
v 0.171237 0.194908 -0.456547
v 0.148342 0.194561 -0.460636
v 0.148342 0.194561 -0.460636
v 0.145687 0.204413 -0.460822
v 0.145687 0.204413 -0.460822
v 0.169955 0.204801 -0.456691
v 0.169955 0.204801 -0.456691
v 0.274305 0.080470 -0.424219
v 0.274305 0.080470 -0.424219
v 0.282214 0.098027 -0.529493
v 0.282214 0.098027 -0.529493
v 0.273345 0.081473 -0.297041
v 0.273345 0.081473 -0.297041
v 0.074404 0.079578 -0.308470
v 0.074404 0.079578 -0.308470
v 0.072825 0.079111 -0.423552
v 0.072825 0.079111 -0.423552
v 0.071475 0.099146 -0.555440
v 0.071475 0.099146 -0.555440
v 0.263179 0.142982 -0.645352
v 0.263179 0.142982 -0.645352
v 0.092328 0.154625 -0.670739
v 0.092328 0.154625 -0.670739
v 0.175409 0.178710 -0.704680
v 0.219609 0.076894 -0.228087
v 0.219609 0.076894 -0.228087
v 0.122282 0.074918 -0.237085
v 0.122282 0.074918 -0.237085
v 0.169418 0.076468 -0.220870
v 0.169418 0.076468 -0.220870
v 0.258864 0.079186 -0.253549
v 0.258864 0.079186 -0.253549
v 0.276940 0.090016 -0.494654
v 0.276940 0.090016 -0.494654
v 0.087507 0.076024 -0.267907
v 0.087507 0.076024 -0.267907
v 0.227191 0.162169 -0.685678
v 0.227191 0.162169 -0.685678
v 0.125323 0.173583 -0.697124
v 0.125323 0.173583 -0.697124
v 0.076872 0.128390 -0.626866
v 0.076872 0.128390 -0.626866
v 0.283616 0.120140 -0.591839
v 0.283616 0.120140 -0.591839
v 0.072803 0.085206 -0.486684
v 0.072803 0.085206 -0.486684
v 0.073018 0.079466 -0.362199
v 0.073018 0.079466 -0.362199
v 0.274824 0.080040 -0.356413
v 0.274824 0.080040 -0.356413
v 0.093652 0.332459 -0.369750
v 0.161579 0.339202 -0.326838
v 0.101751 0.350204 -0.454908
v 0.232564 0.350842 -0.396027
v 0.234880 0.357800 -0.434131
v 0.186888 0.340843 -0.333276
v 0.215510 0.343217 -0.350469
v 0.163841 0.362442 -0.485108
v 0.120111 0.355951 -0.477250
v 0.091362 0.341467 -0.420792
v 0.103541 0.335331 -0.350883
v 0.125075 0.336926 -0.334838
v 0.197864 0.364247 -0.475431
v 0.218796 0.362767 -0.460206
v 0.099635 0.320439 -0.423655
v 0.106175 0.345325 -0.488717
v 0.165300 0.309402 -0.374727
v 0.232750 0.345875 -0.470311
v 0.130467 0.310227 -0.381661
v 0.123209 0.355544 -0.509314
v 0.109655 0.314278 -0.398304
v 0.096811 0.331837 -0.458586
v 0.215946 0.319800 -0.398914
v 0.189187 0.312621 -0.382161
v 0.164558 0.362716 -0.517326
v 0.231289 0.333642 -0.433826
v 0.196609 0.361729 -0.509092
v 0.217295 0.356325 -0.494428
v -0.102780 0.361588 -0.331477
v -0.172940 0.382951 -0.283153
v -0.112266 0.343956 -0.397809
v -0.099097 0.410304 -0.348312
v -0.109246 0.372080 -0.410073
v -0.171730 0.443912 -0.297576
v -0.246751 0.365986 -0.336708
v -0.249949 0.353829 -0.371561
v -0.199151 0.381129 -0.288758
v -0.228789 0.375783 -0.304010
v -0.177103 0.337563 -0.428496
v -0.131581 0.338662 -0.422195
v -0.100925 0.351898 -0.364634
v -0.112811 0.371718 -0.308174
v -0.135104 0.378964 -0.291545
v -0.252117 0.389922 -0.384081
v -0.132468 0.437908 -0.306231
v -0.129455 0.358171 -0.433849
v -0.109399 0.426359 -0.323782
v -0.097292 0.391173 -0.378638
v -0.229824 0.431562 -0.318344
v -0.198980 0.440654 -0.303279
v -0.176784 0.354512 -0.440203
v -0.248623 0.412974 -0.350425
v -0.212827 0.340691 -0.415927
v -0.233461 0.345251 -0.399595
v -0.234896 0.371807 -0.412341
v -0.214355 0.362047 -0.427835
v -0.103783 0.498043 -0.409196
v -0.113242 0.457966 -0.465730
v -0.170770 0.532052 -0.362297
v -0.245089 0.476520 -0.441942
v -0.134538 0.525982 -0.370288
v -0.131943 0.442698 -0.487472
v -0.113265 0.514240 -0.386528
v -0.102156 0.478297 -0.436966
v -0.224426 0.519295 -0.381459
v -0.195934 0.528637 -0.367577
v -0.175642 0.438933 -0.493359
v -0.241818 0.500281 -0.411200
v -0.229233 0.457692 -0.467899
v -0.210298 0.447318 -0.482093
v -0.100522 0.216638 -0.504120
v -0.170239 0.297871 -0.612263
v -0.105251 0.265634 -0.575929
v -0.248075 0.277305 -0.576980
v -0.211929 0.194922 -0.441863
v -0.141424 0.194648 -0.450652
v -0.259772 0.220833 -0.493768
v -0.136599 0.137951 -0.363963
v -0.136599 0.137951 -0.363963
v -0.221851 0.138745 -0.355287
v -0.221851 0.138745 -0.355287
v -0.134393 0.130528 -0.282133
v -0.220740 0.134356 -0.273708
v -0.129883 0.043359 -0.224957
v -0.129883 0.043359 -0.224957
v -0.234582 0.043396 -0.215398
v -0.234582 0.043396 -0.215398
v -0.094641 0.076794 -0.623423
v -0.191657 0.046701 -0.592498
v -0.180881 0.119564 -0.694047
v -0.180881 0.119564 -0.694047
v -0.095058 0.122594 -0.682036
v -0.095058 0.122594 -0.682036
v -0.217394 0.033437 -0.435754
v -0.108316 0.033767 -0.433594
v -0.266942 0.072366 -0.612518
v -0.266942 0.072366 -0.612518
v -0.068979 0.074407 -0.584880
v -0.068979 0.074407 -0.584880
v -0.127808 0.033991 -0.291180
v -0.234011 0.034004 -0.287591
v -0.072667 0.046676 -0.432423
v -0.072667 0.046676 -0.432423
v -0.077884 0.044854 -0.304975
v -0.077884 0.044854 -0.304975
v -0.289953 0.044886 -0.296455
v -0.289953 0.044886 -0.296455
v -0.291591 0.055253 -0.516142
v -0.291591 0.055253 -0.516142
v -0.290454 0.047646 -0.446508
v -0.290454 0.047646 -0.446508
v -0.278187 0.099434 -0.398065
v -0.285816 0.116762 -0.516249
v -0.278074 0.100832 -0.283292
v -0.085047 0.097196 -0.296488
v -0.083497 0.099079 -0.402303
v -0.079520 0.118257 -0.529576
v -0.267100 0.165325 -0.634912
v -0.095278 0.173792 -0.648148
v -0.177914 0.198680 -0.687362
v -0.225234 0.095878 -0.218964
v -0.225234 0.095878 -0.218964
v -0.131297 0.092588 -0.228079
v -0.131297 0.092588 -0.228079
v -0.173877 0.238238 -0.652354
v -0.266993 0.160286 -0.508146
v -0.214506 0.152761 -0.404032
v -0.214506 0.152761 -0.404032
v -0.255070 0.214371 -0.613562
v -0.098240 0.159791 -0.517853
v -0.141634 0.151969 -0.413205
v -0.141634 0.151969 -0.413205
v -0.105515 0.208748 -0.612376
v -0.139232 0.219896 -0.449115
v -0.101996 0.290385 -0.556238
v -0.096890 0.242217 -0.492147
v -0.246534 0.304777 -0.554747
v -0.211301 0.221005 -0.439864
v -0.259476 0.249581 -0.479448
v -0.168414 0.324888 -0.591877
v -0.262852 0.248667 -0.536783
v -0.241733 0.202018 -0.456924
v -0.176456 0.193491 -0.442113
v -0.113781 0.201055 -0.470408
v -0.126935 0.286796 -0.601662
v -0.098616 0.239887 -0.541123
v -0.216753 0.296060 -0.605061
v -0.223454 0.137775 -0.314774
v -0.223454 0.137775 -0.314774
v -0.135575 0.135223 -0.323908
v -0.135575 0.135223 -0.323908
v -0.101690 0.128009 -0.379969
v -0.101690 0.128009 -0.379969
v -0.179136 0.138888 -0.355423
v -0.257673 0.129609 -0.366288
v -0.257673 0.129609 -0.366288
v -0.219634 0.122130 -0.239415
v -0.132996 0.116941 -0.248374
v -0.100956 0.120096 -0.295220
v -0.100956 0.120096 -0.295220
v -0.176853 0.134123 -0.270151
v -0.257546 0.126142 -0.280909
v -0.257546 0.126142 -0.280909
v -0.234608 0.036492 -0.233099
v -0.129533 0.036461 -0.241166
v -0.092219 0.043681 -0.258603
v -0.092219 0.043681 -0.258603
v -0.176796 0.095169 -0.211612
v -0.176796 0.095169 -0.211612
v -0.263375 0.098133 -0.243523
v -0.263375 0.098133 -0.243523
v -0.184712 0.087579 -0.668202
v -0.095450 0.105548 -0.673166
v -0.075360 0.070812 -0.602104
v -0.179489 0.034022 -0.283085
v -0.275967 0.036704 -0.295210
v -0.231158 0.087940 -0.659277
v -0.231158 0.087940 -0.659277
v -0.130337 0.132788 -0.700965
v -0.130337 0.132788 -0.700965
v -0.074992 0.102946 -0.646634
v -0.074992 0.102946 -0.646634
v -0.081069 0.037041 -0.435251
v -0.132292 0.082285 -0.636250
v -0.248162 0.057077 -0.606306
v -0.202927 0.033841 -0.511233
v -0.096264 0.041804 -0.519624
v -0.287785 0.064491 -0.566757
v -0.287785 0.064491 -0.566757
v -0.070449 0.054091 -0.509163
v -0.070449 0.054091 -0.509163
v -0.153752 0.033464 -0.428657
v -0.272209 0.037696 -0.448569
v -0.090196 0.036679 -0.301827
v -0.121635 0.033738 -0.357220
v -0.229402 0.033728 -0.359765
v -0.075225 0.045495 -0.362257
v -0.075225 0.045495 -0.362257
v -0.290015 0.045828 -0.363345
v -0.290015 0.045828 -0.363345
v -0.097695 0.092934 -0.258459
v -0.097695 0.092934 -0.258459
v -0.180722 0.043421 -0.208926
v -0.180722 0.043421 -0.208926
v -0.276110 0.043735 -0.244524
v -0.276110 0.043735 -0.244524
v -0.231266 0.185933 -0.673179
v -0.127030 0.192710 -0.676805
v -0.081842 0.146943 -0.602021
v -0.286808 0.138834 -0.579616
v -0.082603 0.105097 -0.461365
v -0.083607 0.098473 -0.346413
v -0.279523 0.099958 -0.336997
v -0.278619 0.105913 -0.457269
v -0.287503 0.067085 -0.430135
v -0.290722 0.078031 -0.516643
v -0.286959 0.070295 -0.285785
v -0.079940 0.070917 -0.294505
v -0.075713 0.066168 -0.423116
v -0.071580 0.090071 -0.564346
v -0.267186 0.104542 -0.620661
v -0.094566 0.142281 -0.670440
v -0.180623 0.152512 -0.695527
v -0.180623 0.152512 -0.695527
v -0.232072 0.066968 -0.210255
v -0.130079 0.066876 -0.218946
v -0.270625 0.186602 -0.566542
v -0.222271 0.233598 -0.644484
v -0.108308 0.143798 -0.442248
v -0.108308 0.143798 -0.442248
v -0.097599 0.183571 -0.571317
v -0.128639 0.228554 -0.640403
v -0.178089 0.152052 -0.404882
v -0.249598 0.143851 -0.428499
v -0.249598 0.143851 -0.428499
v -0.241819 0.229948 -0.451250
v -0.174809 0.218424 -0.440948
v -0.124753 0.312462 -0.581803
v -0.094559 0.264309 -0.523559
v -0.111092 0.226930 -0.465914
v -0.214973 0.323676 -0.583751
v -0.261832 0.276695 -0.516369
v -0.100690 0.124233 -0.337182
v -0.100690 0.124233 -0.337182
v -0.179128 0.138017 -0.314199
v -0.179128 0.138017 -0.314199
v -0.260147 0.128220 -0.322042
v -0.260147 0.128220 -0.322042
v -0.108475 0.111649 -0.266311
v -0.108475 0.111649 -0.266311
v -0.175150 0.121318 -0.232602
v -0.248578 0.117706 -0.252913
v -0.248578 0.117706 -0.252913
v -0.101358 0.038342 -0.265030
v -0.180667 0.036514 -0.227246
v -0.265355 0.038382 -0.254654
v -0.080620 0.094460 -0.646449
v -0.131638 0.113904 -0.689787
v -0.223785 0.072058 -0.643878
v -0.076375 0.044818 -0.515283
v -0.136202 0.039025 -0.515999
v -0.274439 0.045926 -0.537982
v -0.172184 0.033744 -0.355486
v -0.274815 0.036810 -0.363925
v -0.086445 0.036582 -0.361308
v -0.093670 0.068808 -0.250310
v -0.179477 0.067041 -0.203210
v -0.272840 0.069056 -0.236971
v -0.231502 0.121475 -0.664318
v -0.231502 0.121475 -0.664318
v -0.130307 0.156620 -0.693708
v -0.130307 0.156620 -0.693708
v -0.076373 0.119976 -0.631384
v -0.288979 0.091052 -0.571742
v -0.073840 0.073013 -0.492237
v -0.077609 0.068259 -0.353629
v -0.287618 0.066863 -0.353193
v -0.139342 0.228660 -0.445147
v -0.095802 0.249560 -0.486457
v -0.211501 0.229932 -0.435810
v -0.168841 0.328711 -0.587758
v -0.101129 0.294968 -0.550485
v -0.246598 0.309355 -0.549220
v -0.259657 0.257256 -0.473625
v -0.242122 0.238780 -0.446619
v -0.124978 0.316513 -0.577168
v -0.174876 0.227239 -0.436945
v -0.261867 0.282616 -0.509916
v -0.215192 0.327644 -0.579388
v -0.092881 0.270105 -0.517158
v -0.110959 0.235454 -0.461426
v -0.154066 0.249404 -0.450652
v -0.154066 0.249404 -0.450652
v -0.124443 0.267588 -0.486749
v -0.124443 0.267588 -0.486749
v -0.205925 0.252333 -0.447088
v -0.205925 0.252333 -0.447088
v -0.176396 0.322377 -0.557881
v -0.176396 0.322377 -0.557881
v -0.128314 0.301804 -0.536438
v -0.128314 0.301804 -0.536438
v -0.232837 0.308520 -0.530541
v -0.232837 0.308520 -0.530541
v -0.239139 0.279407 -0.485418
v -0.239139 0.279407 -0.485418
v -0.225006 0.260032 -0.456174
v -0.225006 0.260032 -0.456174
v -0.142356 0.314628 -0.552119
v -0.142356 0.314628 -0.552119
v -0.181881 0.248600 -0.443695
v -0.181881 0.248600 -0.443695
v -0.240960 0.293914 -0.509948
v -0.240960 0.293914 -0.509948
v -0.208973 0.320265 -0.548921
v -0.208973 0.320265 -0.548921
v -0.122276 0.283310 -0.510706
v -0.122276 0.283310 -0.510706
v -0.135539 0.256509 -0.466978
v -0.135539 0.256509 -0.466978
v -0.128864 0.146437 -0.359484
v -0.133782 0.161642 -0.404778
v -0.221495 0.163563 -0.395212
v -0.228943 0.147914 -0.351014
v -0.177599 0.141118 -0.359365
v -0.177312 0.149934 -0.354375
v -0.175899 0.168643 -0.393690
v -0.176199 0.159241 -0.400385
v -0.199467 0.200387 -0.444015
v -0.199467 0.200387 -0.444015
v -0.200170 0.210668 -0.444020
v -0.200170 0.210668 -0.444020
v -0.176262 0.199670 -0.444298
v -0.176262 0.199670 -0.444298
v -0.153328 0.200248 -0.448274
v -0.153328 0.200248 -0.448274
v -0.150972 0.210192 -0.448518
v -0.150972 0.210192 -0.448518
v -0.175260 0.209520 -0.444516
v -0.175260 0.209520 -0.444516
v -0.281761 0.086175 -0.411377
v -0.281761 0.086175 -0.411377
v -0.288036 0.101426 -0.516912
v -0.288036 0.101426 -0.516912
v -0.281828 0.088439 -0.284142
v -0.281828 0.088439 -0.284142
v -0.082887 0.086501 -0.295564
v -0.082887 0.086501 -0.295564
v -0.080162 0.085839 -0.410579
v -0.080162 0.085839 -0.410579
v -0.076201 0.106224 -0.542387
v -0.076201 0.106224 -0.542387
v -0.267518 0.143667 -0.633223
v -0.267518 0.143667 -0.633223
v -0.094879 0.161542 -0.657869
v -0.094879 0.161542 -0.657869
v -0.179115 0.181535 -0.692431
v -0.228093 0.084124 -0.215171
v -0.228093 0.084124 -0.215171
v -0.130765 0.082114 -0.224161
v -0.130765 0.082114 -0.224161
v -0.177901 0.083725 -0.207953
v -0.177901 0.083725 -0.207953
v -0.267348 0.086318 -0.240642
v -0.267348 0.086318 -0.240642
v -0.283405 0.094410 -0.481950
v -0.283405 0.094410 -0.481950
v -0.095991 0.083101 -0.254988
v -0.095991 0.083101 -0.254988
v -0.231688 0.163493 -0.673555
v -0.231688 0.163493 -0.673555
v -0.128324 0.178797 -0.684551
v -0.128324 0.178797 -0.684551
v -0.079532 0.135917 -0.613815
v -0.079532 0.135917 -0.613815
v -0.288054 0.121313 -0.579564
v -0.288054 0.121313 -0.579564
v -0.079126 0.091972 -0.473676
v -0.079126 0.091972 -0.473676
v -0.081052 0.086270 -0.349266
v -0.081052 0.086270 -0.349266
v -0.283011 0.086583 -0.343521
v -0.283011 0.086583 -0.343521
v -0.106293 0.342833 -0.354448
v -0.174779 0.347248 -0.313283
v -0.114821 0.357912 -0.440325
v -0.245860 0.352702 -0.383076
v -0.248307 0.358649 -0.421043
v -0.200098 0.347236 -0.319823
v -0.228696 0.347409 -0.337062
v -0.177294 0.365938 -0.470761
v -0.133323 0.362036 -0.462517
v -0.104187 0.350599 -0.406227
v -0.116456 0.345832 -0.336384
v -0.138152 0.346760 -0.320862
v -0.211430 0.366139 -0.461585
v -0.232349 0.363883 -0.446732
v -0.111269 0.329469 -0.410256
v -0.118751 0.352873 -0.475620
v -0.176547 0.315686 -0.362004
v -0.245286 0.346645 -0.458439
v -0.141767 0.318348 -0.368614
v -0.136186 0.361800 -0.496229
v -0.121101 0.323240 -0.385017
v -0.108853 0.340389 -0.445406
v -0.227534 0.322706 -0.386635
v -0.200528 0.317383 -0.369650
v -0.177816 0.366570 -0.504673
v -0.243393 0.335022 -0.421859
v -0.209819 0.363949 -0.496846
v -0.230273 0.357610 -0.482404
v 0.179071 1.133271 -0.272070
v 0.208520 1.227222 -0.400605
v 0.091260 1.078475 -0.210845
v 0.208324 1.186199 -0.327223
v 0.191788 1.266923 -0.480965
v 0.144487 1.284807 -0.562050
v 0.157613 1.033949 -0.319411
v 0.208813 1.121285 -0.422740
v 0.084938 0.982628 -0.298407
v 0.199632 1.092470 -0.366537
v 0.203806 1.145378 -0.489669
v 0.156317 1.147286 -0.548557
v 0.145138 1.217128 -0.560318
v 0.136453 1.238962 -0.560234
v 0.132762 1.222883 -0.549725
v 0.078492 1.045958 -0.226476
v 0.090881 1.003000 -0.267309
v 0.090671 1.036238 -0.275341
v 0.179661 1.220134 -0.487039
v 0.190023 1.198612 -0.487513
v 0.175690 1.210008 -0.487635
v 0.203249 1.166409 -0.415003
v 0.194031 1.185249 -0.412469
v 0.190022 1.175782 -0.415581
v 0.199685 1.131938 -0.351274
v 0.192153 1.148123 -0.345805
v 0.186952 1.142084 -0.351871
v 0.169704 1.096500 -0.294587
v 0.171957 1.052652 -0.278947
v 0.158616 1.095626 -0.309253
v -0.207032 1.133271 -0.272070
v 0.062843 1.254204 -0.618739
v -0.236482 1.227222 -0.400605
v -0.119221 1.078475 -0.210845
v -0.013981 1.053958 -0.188529
v -0.236285 1.186199 -0.327223
v -0.219749 1.266923 -0.480965
v -0.172449 1.284807 -0.562050
v -0.013981 1.297393 -0.638384
v -0.185575 1.033949 -0.319411
v 0.064561 1.233981 -0.587523
v 0.064561 1.233981 -0.587523
v -0.236775 1.121285 -0.422740
v -0.112899 0.982628 -0.298407
v -0.013981 0.948745 -0.289908
v -0.227593 1.092470 -0.366537
v -0.231767 1.145378 -0.489669
v -0.184278 1.147285 -0.548557
v -0.013981 1.142918 -0.618004
v -0.013981 1.254403 -0.631526
v -0.013981 1.232961 -0.629236
v -0.013981 1.238969 -0.613812
v -0.013981 1.238969 -0.613812
v -0.173099 1.217128 -0.560318
v -0.164414 1.238962 -0.560234
v -0.160724 1.222883 -0.549725
v 0.067631 1.233045 -0.616984
v 0.071168 1.141308 -0.609391
v 0.065253 1.298920 -0.624970
v -0.106453 1.045958 -0.226476
v -0.118842 1.003000 -0.267309
v -0.118633 1.036238 -0.275341
v -0.207622 1.220134 -0.487039
v -0.217985 1.198612 -0.487513
v -0.203652 1.210008 -0.487635
v -0.231210 1.166409 -0.415003
v -0.221992 1.185249 -0.412469
v -0.217983 1.175782 -0.415581
v -0.227646 1.131938 -0.351274
v -0.220114 1.148123 -0.345805
v -0.214914 1.142084 -0.351871
v -0.013981 0.968329 -0.257959
v -0.013981 1.020947 -0.206090
v -0.013981 1.004027 -0.267597
v -0.197665 1.096500 -0.294587
v -0.199918 1.052652 -0.278947
v -0.186577 1.095626 -0.309253
v -0.093215 1.298920 -0.624970
v -0.099129 1.141308 -0.609391
v -0.095592 1.233045 -0.616984
v -0.092522 1.233981 -0.587523
v -0.092522 1.233981 -0.587523
v -0.090805 1.254204 -0.618739
v 0.465371 0.409525 -0.246132
v -0.080731 0.300110 -0.066294
v 0.354536 0.492317 -0.162486
v -0.073080 0.306850 -0.076347
v 0.492299 0.272643 -0.136059
v 0.361878 0.364491 0.038023
v 0.436739 0.274840 -0.118318
v 0.435518 0.347820 0.027935
v 0.530698 0.294187 -0.089201
v 0.528342 0.333728 -0.022211
v 0.343416 0.345699 -0.009809
v -0.007106 0.227152 -0.126890
v -0.094158 0.269121 -0.133919
v 0.400411 0.413808 -0.240576
v 0.359958 0.446693 -0.208364
v 0.354823 0.383489 -0.153251
v 0.321586 0.406092 -0.102631
v 0.525827 0.422626 -0.100610
v 0.529749 0.370695 -0.161710
v 0.424872 0.439364 -0.035742
v 0.407586 0.345221 -0.189120
v 0.483124 0.338848 -0.195932
v 0.347061 0.298565 -0.122668
v 0.276083 0.416429 -0.032797
v 0.310231 0.470237 -0.038956
v 0.308113 0.390713 0.005442
v 0.338706 0.301011 -0.108094
v 0.347937 0.307444 -0.104263
v 0.331975 0.305932 -0.125330
v 0.333701 0.316231 -0.106056
v -0.013950 0.218046 -0.114339
v -0.086931 0.238849 -0.156201
v -0.093194 0.263609 -0.159303
v -0.086416 0.243782 -0.129857
v -0.108755 0.251103 -0.149401
v -0.061839 0.290021 -0.048279
v -0.064542 0.283754 -0.073581
v -0.069913 0.315911 -0.051168
v 0.385519 0.310350 -0.066150
v -0.005934 0.237166 -0.098471
v 0.007751 0.210709 -0.128077
v 0.001735 0.215769 -0.098997
v 0.336392 0.364495 -0.116524
v 0.322697 0.349443 -0.126925
v 0.364811 0.346208 -0.112624
v 0.353336 0.328521 -0.128492
v 0.278430 0.290119 0.084460
v 0.302245 0.242040 0.056759
v 0.315540 0.259308 0.078788
v 0.272599 0.266022 0.062320
v 0.029835 0.238859 -0.066950
v 0.007797 0.273720 -0.125208
v 0.033062 0.230619 -0.106439
v 0.019875 0.277766 -0.071585
v 0.480616 0.260099 0.034835
v 0.436302 0.235197 -0.003901
v 0.433031 0.274301 0.044225
v 0.387640 0.252898 0.004173
v 0.326412 0.439766 0.012012
v 0.514559 0.484000 -0.171937
v 0.510817 0.439629 -0.216953
v 0.466917 0.521187 -0.130117
v 0.388489 0.521516 -0.122042
v 0.466116 0.276471 0.049335
v 0.397681 0.264947 0.015600
v 0.448958 0.249646 0.007809
v 0.419469 0.294577 0.047954
v 0.514255 0.523499 -0.323980
v 0.462154 0.491926 -0.358867
v 0.392504 0.494634 -0.353373
v 0.479316 0.605641 -0.240106
v 0.519376 0.567847 -0.275864
v 0.349346 0.574911 -0.269049
v 0.348847 0.527640 -0.316631
v 0.405039 0.611117 -0.234966
v 0.369792 0.701762 -0.539950
v 0.388274 0.713321 -0.505089
v 0.529421 0.807369 -0.481077
v 0.545226 0.818902 -0.509597
v 0.501850 0.786068 -0.462421
v 0.419284 0.730472 -0.475476
v 0.461846 0.757066 -0.461037
v 0.486240 0.796177 -0.639415
v 0.492557 0.420590 -0.235589
v 0.475963 0.376990 -0.225859
v 0.403744 0.382257 -0.219124
v 0.455527 0.494850 -0.086613
v 0.349423 0.493469 -0.077837
v 0.362980 0.509739 -0.138842
v 0.488001 0.240564 -0.099252
v 0.451636 0.242075 -0.070023
v 0.402081 0.302393 0.057525
v 0.346281 0.329677 0.067403
v -0.060447 0.278743 -0.058651
v 0.446209 0.336418 -0.198046
v 0.290581 0.282382 0.085426
v 0.365750 0.440124 -0.010888
v 0.342756 0.463081 -0.131343
v 0.357335 0.419372 -0.183196
v 0.522363 0.409049 -0.194009
v 0.523221 0.459090 -0.140559
v 0.358187 0.316289 0.038436
v 0.411146 0.282577 -0.018147
v 0.512196 0.269013 -0.033437
v 0.506819 0.299128 0.019556
v 0.271556 0.286384 0.077034
v -0.069633 0.294390 -0.083194
v -0.075823 0.287874 -0.073603
v -0.081208 0.305317 -0.075052
v 0.473046 0.266256 -0.009966
v 0.405500 0.292659 0.041921
v 0.519700 0.462489 -0.194478
v 0.497185 0.503839 -0.150913
v 0.511605 0.350311 -0.184123
v -0.079940 0.311747 -0.056629
v 0.299665 0.413673 -0.063524
v -0.074795 0.292792 -0.054408
v 0.536631 0.397159 -0.131242
v 0.481554 0.433736 -0.064697
v 0.342660 0.402946 -0.129511
v 0.376265 0.362932 -0.172273
v 0.355294 0.344708 -0.115262
v 0.318910 0.361644 -0.064394
v 0.529288 0.373674 -0.065584
v 0.533429 0.329887 -0.125485
v 0.436552 0.387536 -0.004159
v 0.416021 0.307669 -0.155085
v 0.332668 0.376946 0.013505
v 0.488198 0.301568 -0.163625
v 0.309466 0.428411 -0.060001
v 0.318605 0.424325 0.002332
v 0.272706 0.410232 -0.028838
v 0.308180 0.384953 -0.023455
v 0.334732 0.306881 -0.103891
v 0.344052 0.302780 -0.102778
v 0.333272 0.301076 -0.117198
v 0.343481 0.297414 -0.115508
v 0.352606 0.300773 -0.112023
v 0.331912 0.336822 -0.126504
v 0.340700 0.314605 -0.100993
v 0.320970 0.363284 -0.120376
v 0.515526 0.280580 -0.121090
v 0.343235 0.359718 0.019415
v 0.537688 0.313652 -0.051788
v 0.484403 0.335196 0.002224
v 0.351268 0.323136 -0.046013
v 0.409359 0.287805 -0.091519
v 0.464706 0.270621 -0.135491
v 0.390215 0.360202 0.042010
v -0.089768 0.249785 -0.164750
v 0.469980 0.260645 0.027882
v 0.430417 0.287691 0.060966
v -0.095444 0.273304 -0.147582
v -0.107309 0.260759 -0.141712
v -0.102814 0.242657 -0.155014
v -0.103651 0.246845 -0.141471
v -0.106459 0.255924 -0.154764
v 0.286474 0.389795 -0.013831
v 0.288417 0.453409 -0.045666
v 0.328847 0.467938 -0.018403
v 0.328213 0.404585 0.009407
v -0.003120 0.210410 -0.124764
v -0.014331 0.222913 -0.123661
v -0.008524 0.214260 -0.104137
v -0.012882 0.232572 -0.103134
v 0.002783 0.217203 -0.134187
v 0.380328 0.268754 0.018300
v 0.486633 0.273067 0.047531
v 0.008992 0.208286 -0.114853
v 0.369056 0.330971 -0.122540
v 0.338575 0.299672 -0.130013
v 0.352386 0.361074 -0.109158
v 0.328542 0.313548 -0.115328
v 0.336071 0.333881 -0.114629
v 0.332798 0.318464 -0.136666
v 0.356436 0.320577 -0.111714
v 0.352963 0.305712 -0.132820
v 0.329131 0.244234 0.069439
v -0.066008 0.306915 -0.044071
v -0.073361 0.317229 -0.062583
v 0.272717 0.251552 0.047351
v -0.041205 0.321905 -0.046898
v -0.024714 0.281237 -0.066281
v -0.020729 0.288555 -0.038103
v -0.043999 0.311200 -0.076510
v 0.017911 0.250907 -0.128917
v -0.084664 0.234086 -0.142300
v -0.090461 0.258154 -0.124427
v 0.008461 0.286978 -0.102636
v -0.055983 0.243121 -0.115838
v -0.065880 0.273855 -0.161706
v -0.057066 0.238810 -0.154194
v -0.066621 0.278249 -0.124242
v 0.409333 0.237433 -0.009263
v -0.008090 0.240217 -0.112900
v -0.000479 0.230525 -0.090476
v 0.465608 0.242235 0.013211
v 0.032733 0.224104 -0.093614
v 0.090176 0.218878 -0.103652
v 0.030232 0.246805 -0.088818
v 0.043546 0.238060 -0.117699
v 0.432601 0.406666 -0.248328
v 0.426219 0.527230 -0.116798
v 0.374528 0.428263 -0.225943
v 0.353903 0.468312 -0.187606
v 0.364762 0.471173 -0.231255
v 0.399680 0.443092 -0.258903
v 0.505338 0.504522 -0.200274
v 0.500038 0.466867 -0.236835
v 0.467295 0.537335 -0.165410
v 0.363435 0.511632 -0.191588
v 0.403731 0.541345 -0.159381
v 0.456897 0.439774 -0.263297
v 0.373587 0.517281 -0.275060
v 0.403183 0.493405 -0.298402
v 0.374773 0.550490 -0.243682
v 0.451618 0.490794 -0.301736
v 0.492654 0.545529 -0.248628
v 0.488335 0.513640 -0.279513
v 0.464843 0.571840 -0.223681
v 0.413270 0.575783 -0.219855
v 0.041591 0.223137 -0.079815
v 0.035133 0.258331 -0.049964
v 0.243571 0.258621 0.080631
v 0.249776 0.204839 0.037775
v 0.185584 0.246785 0.000857
v 0.298122 0.227520 0.090240
v 0.414366 0.246257 0.000673
v 0.391741 0.283487 0.031427
v 0.385063 0.252828 0.076246
v 0.285842 0.253136 0.023606
v 0.340751 0.220542 0.034597
v 0.325441 0.276995 0.077175
v 0.451185 0.766151 -0.651757
v 0.493580 0.504301 -0.345997
v 0.426548 0.488335 -0.362192
v 0.365135 0.508734 -0.337259
v 0.415019 0.740787 -0.651969
v 0.504432 0.588249 -0.256511
v 0.367986 0.703588 -0.606832
v 0.369086 0.596858 -0.248397
v 0.523373 0.546218 -0.299286
v 0.362489 0.698838 -0.574684
v 0.549531 0.823359 -0.541796
v 0.540623 0.822057 -0.576357
v 0.445637 0.614949 -0.231335
v 0.386338 0.719203 -0.635392
v 0.343432 0.550150 -0.293067
v 0.517699 0.814529 -0.611646
v 0.411003 0.595285 -0.243734
v 0.411003 0.595285 -0.243734
v 0.365747 0.529204 -0.305947
v 0.365747 0.529204 -0.305947
v 0.367178 0.566796 -0.270558
v 0.367178 0.566796 -0.270558
v 0.500944 0.561200 -0.275834
v 0.500944 0.561200 -0.275834
v 0.469451 0.590969 -0.247773
v 0.469451 0.590969 -0.247773
v 0.399379 0.501986 -0.332416
v 0.399379 0.501986 -0.332416
v 0.454369 0.498999 -0.336137
v 0.454369 0.498999 -0.336137
v 0.496058 0.524919 -0.310902
v 0.496058 0.524919 -0.310902
v 0.325019 0.473165 -0.095608
v 0.383107 0.494192 -0.058408
v 0.440108 0.374166 -0.227941
v 0.504192 0.388606 -0.214621
v 0.507014 0.247139 -0.083872
v 0.468263 0.238492 -0.095224
v 0.358641 0.335665 0.060795
v 0.354511 0.316144 0.066229
v 0.349145 0.442885 -0.159332
v 0.374392 0.398817 -0.202453
v 0.530293 0.434899 -0.166773
v 0.498827 0.479597 -0.113862
v 0.374002 0.293462 0.012170
v 0.445471 0.259139 -0.038545
v 0.517375 0.288671 -0.002221
v 0.450784 0.299170 0.045686
v 0.515920 0.311852 -0.150758
v 0.452803 0.299595 -0.165614
v 0.302764 0.370372 -0.020690
v 0.365430 0.389182 0.019729
v 0.539366 0.351830 -0.094360
v 0.484108 0.376968 -0.034299
v 0.336430 0.349998 -0.103619
v 0.382799 0.323917 -0.136299
v 0.328831 0.425490 -0.048044
v 0.275670 0.432495 -0.034263
v 0.358018 0.368365 -0.082766
v 0.282899 0.390657 -0.021510
v 0.339825 0.307944 -0.102334
v 0.332046 0.307076 -0.111607
v 0.347237 0.300456 -0.109581
v 0.338311 0.299171 -0.121697
v -0.101850 0.255736 -0.136371
v -0.098211 0.241044 -0.147319
v -0.100845 0.248774 -0.157953
v -0.104271 0.262886 -0.147719
v -0.075730 0.295886 -0.078262
v -0.078694 0.311894 -0.064450
v -0.074042 0.304990 -0.051256
v -0.070327 0.285376 -0.062426
v -0.000117 0.210079 -0.115284
v -0.004074 0.216367 -0.128805
v -0.011385 0.234464 -0.112707
v -0.006656 0.228123 -0.097710
v 0.361231 0.309777 -0.120655
v 0.340988 0.308755 -0.140263
v 0.346686 0.331622 -0.107976
v 0.328860 0.329821 -0.126074
v -0.004231 0.272765 -0.041595
v -0.036270 0.311338 -0.039157
v -0.044482 0.323360 -0.059460
v -0.040405 0.296638 -0.084339
v -0.061172 0.255262 -0.167954
v -0.053899 0.231275 -0.133056
v -0.061157 0.261808 -0.109479
v -0.068688 0.285681 -0.145388
v 0.069069 0.226358 -0.116740
v 0.027067 0.251421 -0.107421
v 0.053837 0.238316 -0.071550
v 0.078770 0.216801 -0.095502
v 0.427638 0.437001 -0.265521
v 0.482586 0.449982 -0.253483
v 0.376219 0.529607 -0.172333
v 0.437468 0.545075 -0.155869
v 0.508007 0.486423 -0.217566
v 0.491415 0.521868 -0.182537
v 0.377224 0.455411 -0.246367
v 0.360656 0.490407 -0.213019
v 0.426697 0.488395 -0.303737
v 0.441434 0.578414 -0.217417
v 0.384377 0.503732 -0.288066
v 0.370496 0.533163 -0.260044
v 0.473610 0.499557 -0.293346
v 0.388375 0.565841 -0.229208
v 0.494962 0.529984 -0.263514
v 0.482313 0.559678 -0.235225
v 0.286438 0.206675 0.068291
v 0.283096 0.248710 0.098027
v 0.201767 0.223179 -0.002062
v 0.193481 0.263688 0.027690
v 0.377955 0.230408 0.056340
v 0.367843 0.270756 0.086828
v 0.304150 0.230509 0.014939
v 0.290522 0.272256 0.046671
v 0.503579 0.543489 -0.292741
v 0.503579 0.543489 -0.292741
v 0.479337 0.508940 -0.326603
v 0.479337 0.508940 -0.326603
v 0.426077 0.496283 -0.338431
v 0.426077 0.496283 -0.338431
v 0.378018 0.513747 -0.320711
v 0.378018 0.513747 -0.320711
v 0.442950 0.598296 -0.240874
v 0.442950 0.598296 -0.240874
v 0.489213 0.577282 -0.260680
v 0.489213 0.577282 -0.260680
v 0.362244 0.547253 -0.288953
v 0.362244 0.547253 -0.288953
v 0.382711 0.584065 -0.254306
v 0.382711 0.584065 -0.254306
v 0.388179 0.998751 -0.486647
v 0.378221 1.014653 -0.545331
v 0.300748 0.904215 -0.447674
v 0.331764 0.998680 -0.596519
v 0.266933 0.884594 -0.509522
v 0.258725 0.897702 -0.578888
v 0.356158 0.959951 -0.440875
v 0.283866 0.947971 -0.618058
v 0.328983 0.930213 -0.437150
v 0.375983 0.983983 -0.458488
v 0.356899 1.012438 -0.572015
v 0.388900 1.010046 -0.516771
v 0.306624 0.974802 -0.613435
v 0.280083 0.889728 -0.474274
v 0.267510 0.920718 -0.605854
v 0.258863 0.885490 -0.545655
v 0.112289 1.066259 -0.334419
v 0.190990 1.148674 -0.492588
v 0.188415 0.863555 -0.391467
v 0.188415 0.863555 -0.391467
v 0.209634 1.130610 -0.434164
v 0.165493 1.096216 -0.379805
v 0.059739 0.915832 -0.287415
v 0.178653 0.940208 -0.329673
v 0.081305 1.001257 -0.302447
v 0.198539 0.907318 -0.502654
v 0.198539 0.907318 -0.502654
v 0.245894 1.093339 -0.557188
v 0.286924 1.081105 -0.438680
v 0.217373 0.964552 -0.401757
v 0.218325 0.971378 -0.581577
v 0.224462 1.035291 -0.597651
v 0.273755 1.097253 -0.504275
v 0.253234 1.036197 -0.390369
v 0.130950 0.959322 -0.636096
v 0.178448 0.944276 -0.608412
v 0.220429 0.949061 -0.494156
v 0.175477 1.018230 -0.333946
v 0.061545 0.845308 -0.317268
v 0.191593 1.056802 -0.606750
v 0.147513 1.009185 -0.637512
v 0.234853 1.126446 -0.498168
v 0.190866 0.961010 -0.598254
v 0.219315 1.041900 -0.363606
v 0.178304 1.061374 -0.357011
v 0.195517 0.900673 -0.355621
v 0.084601 1.037975 -0.312043
v 0.060733 0.879986 -0.292949
v 0.244184 1.108829 -0.430739
v 0.205942 0.926475 -0.496830
v 0.179544 1.148500 -0.526611
v 0.201929 1.142472 -0.462376
v 0.197495 1.116691 -0.407139
v 0.137656 1.076872 -0.355420
v 0.214805 1.117127 -0.564127
v 0.194571 0.957647 -0.368518
v 0.227066 1.002283 -0.386889
v 0.220173 0.955227 -0.549678
v 0.235872 1.070425 -0.578437
v 0.285803 1.090658 -0.474521
v 0.162493 0.953918 -0.625936
v 0.148598 0.848974 -0.352864
v 0.148598 0.848974 -0.352864
v 0.197604 0.880939 -0.438797
v 0.197604 0.880939 -0.438797
v 0.187226 0.934645 -0.568689
v 0.144171 1.002273 -0.315805
v 0.070371 0.952084 -0.291860
v 0.061437 0.951003 -0.297881
v 0.061437 0.951003 -0.297881
v 0.075605 1.006975 -0.310347
v 0.075605 1.006975 -0.310347
v 0.167048 0.972978 -0.327784
v 0.215649 1.004145 -0.605211
v 0.257535 1.099911 -0.530722
v 0.220550 0.942168 -0.440513
v 0.272786 1.066837 -0.406516
v 0.243885 1.120743 -0.466034
v 0.197318 0.946192 -0.563290
v 0.223429 1.126654 -0.530248
v 0.181800 1.003720 -0.627406
v 0.144293 1.040334 -0.331417
v 0.153949 0.884184 -0.317640
v 0.205560 0.923592 -0.410813
v 0.226909 1.085474 -0.392283
v 0.206178 1.088737 -0.586761
v 0.200322 0.998041 -0.356177
v 0.052888 0.881096 -0.298653
v 0.052888 0.881096 -0.298653
v 0.147753 1.068458 -0.617545
v 0.158390 1.141401 -0.570169
v 0.098743 1.011992 -0.648973
v 0.159737 1.109209 -0.596267
v 0.097361 1.072768 -0.629483
v 0.103949 1.146945 -0.590083
v 0.102790 1.116904 -0.607900
v 0.096874 0.962055 -0.650175
v 0.034638 0.957418 -0.662403
v 0.034974 1.008836 -0.658599
v 0.043592 1.121872 -0.615653
v 0.037307 1.075041 -0.637951
v 0.050806 1.152930 -0.598718
v 0.068221 1.070719 -0.335739
v 0.068221 1.070719 -0.335739
v 0.078718 1.038504 -0.317098
v 0.078718 1.038504 -0.317098
v 0.053006 0.915311 -0.295842
v 0.053006 0.915311 -0.295842
v 0.223072 0.696982 -0.432349
v 0.238176 0.716251 -0.548389
v 0.154461 0.732717 -0.714410
v 0.211795 0.728517 -0.644123
v 0.098745 0.686676 -0.379602
v 0.191021 0.731521 -0.677547
v 0.173424 0.690783 -0.400268
v 0.240047 0.707081 -0.488947
v 0.221160 0.723220 -0.604690
v 0.091507 0.729880 -0.736611
v 0.041639 0.728864 -0.746765
v 0.150581 0.922783 -0.311414
v 0.140542 0.964068 -0.313993
v 0.201304 0.849474 -0.456591
v 0.201304 0.849474 -0.456591
v 0.190571 0.828098 -0.406972
v 0.190571 0.828098 -0.406972
v 0.184764 0.906144 -0.609351
v 0.192338 0.894270 -0.571452
v 0.201897 0.874666 -0.519905
v 0.201897 0.874666 -0.519905
v 0.201897 0.874666 -0.519905
v 0.168410 0.918823 -0.635007
v 0.101736 0.929177 -0.670326
v 0.139795 0.924018 -0.656740
v 0.147688 0.812561 -0.371274
v 0.147688 0.812561 -0.371274
v 0.147688 0.812561 -0.371274
v 0.068967 0.812114 -0.339465
v 0.039461 0.927581 -0.681067
v 0.271323 1.075610 -0.556460
v 0.325633 1.056445 -0.450750
v 0.243807 0.969810 -0.422107
v 0.230005 0.950099 -0.576234
v 0.243101 1.009347 -0.600031
v 0.315520 1.073587 -0.516560
v 0.275140 1.030872 -0.405039
v 0.233172 0.939636 -0.503044
v 0.255064 0.999113 -0.406546
v 0.229097 0.939564 -0.548841
v 0.256734 1.046796 -0.574894
v 0.330531 1.064818 -0.487150
v 0.235253 0.978931 -0.606648
v 0.284306 1.086457 -0.537708
v 0.238754 0.951333 -0.454337
v 0.297884 1.055083 -0.417621
v 0.119591 1.164158 -0.532348
v 0.119591 1.164158 -0.532348
v 0.133952 1.164355 -0.484529
v 0.133952 1.164355 -0.484529
v 0.159007 1.143215 -0.429281
v 0.159007 1.143215 -0.429281
v 0.126441 1.110358 -0.385120
v 0.126441 1.110358 -0.385120
v 0.124981 1.165695 -0.516194
v 0.124981 1.165695 -0.516194
v 0.144819 1.156832 -0.455431
v 0.144819 1.156832 -0.455431
v 0.149669 1.130463 -0.406503
v 0.149669 1.130463 -0.406503
v 0.103798 1.090487 -0.362957
v 0.103798 1.090487 -0.362957
v 0.090849 1.163218 -0.564659
v 0.090849 1.163218 -0.564659
v 0.053646 1.167583 -0.574872
v 0.053646 1.167583 -0.574872
v 0.065030 1.177426 -0.508080
v 0.063457 1.175275 -0.528684
v 0.046846 1.139983 -0.400179
v 0.053532 1.154149 -0.421545
v 0.057302 1.166411 -0.448828
v 0.063455 1.174977 -0.477621
v 0.031140 1.092840 -0.364504
v 0.043252 1.114734 -0.382007
v 0.348976 0.553610 -0.359547
v 0.348976 0.553610 -0.359547
v 0.347843 0.638217 -0.494161
v 0.326854 0.586781 -0.428152
v 0.393931 0.521259 -0.399232
v 0.393931 0.521259 -0.399232
v 0.390781 0.624063 -0.549820
v 0.382851 0.553033 -0.484512
v 0.350156 0.601601 -0.305945
v 0.350156 0.601601 -0.305945
v 0.357940 0.679018 -0.423131
v 0.332020 0.645086 -0.354922
v 0.467769 0.520502 -0.405158
v 0.467769 0.520502 -0.405158
v 0.471514 0.642156 -0.559176
v 0.478431 0.559484 -0.493413
v 0.558995 0.727211 -0.450599
v 0.531764 0.601464 -0.317973
v 0.531764 0.601464 -0.317973
v 0.568307 0.662447 -0.374873
v 0.541800 0.684528 -0.513052
v 0.524442 0.555101 -0.368688
v 0.524442 0.555101 -0.368688
v 0.555173 0.605930 -0.443798
v 0.519517 0.746560 -0.394396
v 0.488461 0.637897 -0.274714
v 0.488461 0.637897 -0.274714
v 0.515674 0.702567 -0.316844
v 0.431519 0.727179 -0.377031
v 0.407924 0.640493 -0.265319
v 0.407924 0.640493 -0.265319
v 0.411568 0.697980 -0.302920
v 0.428642 0.629024 -0.563048
v 0.429723 0.515716 -0.408497
v 0.429723 0.515716 -0.408497
v 0.428691 0.550263 -0.497860
v 0.480962 0.742953 -0.376717
v 0.451916 0.645885 -0.262939
v 0.451916 0.645885 -0.262939
v 0.469026 0.708553 -0.300309
v 0.362291 0.626970 -0.524479
v 0.365371 0.534626 -0.381406
v 0.365371 0.534626 -0.381406
v 0.346850 0.565764 -0.459026
v 0.344125 0.576085 -0.333656
v 0.344125 0.576085 -0.333656
v 0.346514 0.655486 -0.459086
v 0.321931 0.613353 -0.392041
v 0.511898 0.661506 -0.541775
v 0.501598 0.534405 -0.391666
v 0.501598 0.534405 -0.391666
v 0.523587 0.579194 -0.475061
v 0.370368 0.624545 -0.281164
v 0.370368 0.624545 -0.281164
v 0.385586 0.703967 -0.393102
v 0.360742 0.674991 -0.322519
v 0.535098 0.579489 -0.343088
v 0.535098 0.579489 -0.343088
v 0.558057 0.709153 -0.481921
v 0.570823 0.636508 -0.409214
v 0.545652 0.740059 -0.421293
v 0.515520 0.620985 -0.294299
v 0.515520 0.620985 -0.294299
v 0.549282 0.684877 -0.343742
v 0.231337 0.671101 -0.435091
v 0.246469 0.690188 -0.550677
v 0.162707 0.706843 -0.719231
v 0.220072 0.702574 -0.645932
v 0.107124 0.660758 -0.382609
v 0.199279 0.705657 -0.682128
v 0.181711 0.664904 -0.403160
v 0.248317 0.681098 -0.491495
v 0.229449 0.697207 -0.606732
v 0.099756 0.703973 -0.741214
v 0.049905 0.702900 -0.751172
v 0.053780 0.840918 -0.323437
v 0.053780 0.840918 -0.323437
v 0.091459 0.681194 -0.384795
v 0.091459 0.681194 -0.384795
v 0.060905 0.807524 -0.345887
v 0.060905 0.807524 -0.345887
v 0.287627 0.841183 -0.524583
v 0.415336 0.943506 -0.472805
v 0.394528 0.916496 -0.454746
v 0.363388 0.884966 -0.451059
v 0.366182 0.960977 -0.616155
v 0.280245 0.859741 -0.593832
v 0.426376 0.974740 -0.532281
v 0.393584 0.975785 -0.590877
v 0.291199 0.882772 -0.621662
v 0.415349 0.979488 -0.562207
v 0.279139 0.846166 -0.560277
v 0.310875 0.909225 -0.635520
v 0.337743 0.935969 -0.632402
v 0.329547 0.858556 -0.461893
v 0.425960 0.962411 -0.501241
v 0.303865 0.845032 -0.488844
v 0.200646 0.842999 -0.586975
v 0.213514 0.826705 -0.534501
v 0.213514 0.826705 -0.534501
v 0.144473 0.870705 -0.678403
v 0.079096 0.764672 -0.359292
v 0.040143 0.874618 -0.704444
v 0.192560 0.854099 -0.624549
v 0.175050 0.864903 -0.652332
v 0.098591 0.875094 -0.694398
v 0.156552 0.767163 -0.387935
v 0.156552 0.767163 -0.387935
v 0.071156 0.760722 -0.365575
v 0.071156 0.760722 -0.365575
v 0.213389 0.736680 -0.426946
v 0.213389 0.736680 -0.426946
v 0.214626 0.765350 -0.603246
v 0.229474 0.757357 -0.544562
v 0.229474 0.757357 -0.544562
v 0.151139 0.773700 -0.708564
v 0.090172 0.728625 -0.372443
v 0.041257 0.770872 -0.739410
v 0.082760 0.723152 -0.377661
v 0.082760 0.723152 -0.377661
v 0.229696 0.747292 -0.483573
v 0.229696 0.747292 -0.483573
v 0.206057 0.769241 -0.642816
v 0.186560 0.772426 -0.675123
v 0.094521 0.772313 -0.729127
v 0.165753 0.730277 -0.395205
v 0.165753 0.730277 -0.395205
v 0.234001 0.803403 -0.458505
v 0.216319 0.840733 -0.449402
v 0.216319 0.840733 -0.449402
v 0.178982 0.772196 -0.392242
v 0.171687 0.809462 -0.378538
v 0.171687 0.809462 -0.378538
v 0.216718 0.861486 -0.501853
v 0.216718 0.861486 -0.501853
v 0.205892 0.821264 -0.403798
v 0.205892 0.821264 -0.403798
v 0.222371 0.784513 -0.412969
v 0.226407 0.822201 -0.514012
v 0.240400 0.750237 -0.480501
v 0.188762 0.722130 -0.408997
v 0.227793 0.732516 -0.435034
v 0.239135 0.767915 -0.528948
v -0.719524 0.492889 -0.532872
v -0.732463 0.027433 -0.323050
v -0.605569 0.426097 -0.439961
v -0.723871 0.034578 -0.332004
v -0.838625 0.361327 -0.539876
v -0.744515 0.273402 -0.325831
v -0.795615 0.321200 -0.538315
v -0.805235 0.310813 -0.333028
v -0.870729 0.363305 -0.485528
v -0.864632 0.345050 -0.399747
v -0.726031 0.270679 -0.382901
v -0.806538 0.073050 -0.606169
v -0.797818 0.001873 -0.490858
v -0.665238 0.457482 -0.541136
v -0.621998 0.432247 -0.505519
v -0.664627 0.359771 -0.503332
v -0.649404 0.343763 -0.416441
v -0.799628 0.443835 -0.408915
v -0.811735 0.449631 -0.483833
v -0.745262 0.404332 -0.350042
v -0.718766 0.390526 -0.548544
v -0.782546 0.431194 -0.540109
v -0.676560 0.236377 -0.309820
v -0.644270 0.318158 -0.329337
v -0.644366 0.373582 -0.315668
v -0.694459 0.298747 -0.311738
v -0.669061 0.235603 -0.294609
v -0.675886 0.244697 -0.291147
v -0.659718 0.238283 -0.311106
v -0.659437 0.248210 -0.291562
v -0.820171 0.064137 -0.601482
v -0.815958 0.006687 -0.524217
v -0.792148 0.001125 -0.516214
v -0.822567 0.008947 -0.498336
v -0.807553 -0.014247 -0.511420
v -0.750313 0.046606 -0.313200
v -0.747510 0.038856 -0.338077
v -0.724082 0.043294 -0.306507
v -0.750974 0.282551 -0.479324
v -0.814433 0.071524 -0.577107
v -0.821190 0.086753 -0.615658
v -0.832609 0.077682 -0.589300
v -0.651473 0.292487 -0.308006
v -0.649942 0.272116 -0.328190
v -0.683672 0.285250 -0.306086
v -0.681191 0.264253 -0.327331
v -0.796287 0.196258 -0.301854
v -0.834147 0.200017 -0.347601
v -0.835908 0.211070 -0.314411
v -0.800417 0.186674 -0.339643
v -0.841363 0.089932 -0.470803
v -0.789151 0.079773 -0.502094
v -0.828257 0.088663 -0.513603
v -0.801383 0.080335 -0.460194
v -0.916683 0.270909 -0.502218
v -0.889242 0.264410 -0.549367
v -0.893187 0.237762 -0.493751
v -0.867292 0.236234 -0.539737
v -0.694471 0.351257 -0.291109
v -0.738614 0.511161 -0.420757
v -0.747527 0.513146 -0.481602
v -0.692999 0.485196 -0.376297
v -0.633873 0.445462 -0.380175
v -0.899293 0.276970 -0.396414
v -0.828908 0.227770 -0.450947
v -0.879595 0.259418 -0.460878
v -0.845307 0.250089 -0.387955
v -0.682798 0.627674 -0.501843
v -0.648967 0.604341 -0.559881
v -0.590981 0.566350 -0.569474
v -0.629164 0.600157 -0.394955
v -0.673879 0.624848 -0.436209
v -0.532214 0.535210 -0.466065
v -0.545782 0.539349 -0.531173
v -0.566513 0.560789 -0.404882
v -0.413297 0.702475 -0.559689
v -0.427701 0.707468 -0.519692
v -0.560655 0.810577 -0.485213
v -0.576965 0.832048 -0.514306
v -0.533934 0.781531 -0.467688
v -0.456015 0.720874 -0.486680
v -0.496050 0.748126 -0.469026
v -0.525789 0.836559 -0.653864
v -0.738374 0.505937 -0.511727
v -0.749883 0.467647 -0.537656
v -0.689389 0.428179 -0.546111
v -0.715023 0.452389 -0.361141
v -0.642652 0.411074 -0.352547
v -0.612477 0.431276 -0.405083
v -0.864164 0.322279 -0.542092
v -0.842437 0.284701 -0.533564
v -0.825382 0.269023 -0.324282
v -0.773450 0.245351 -0.311880
v -0.757640 0.044183 -0.326511
v -0.753070 0.412012 -0.551783
v -0.809670 0.202634 -0.300850
v -0.713582 0.375417 -0.321859
v -0.622012 0.390185 -0.427675
v -0.639829 0.399391 -0.504887
v -0.778240 0.487656 -0.482969
v -0.767191 0.484314 -0.413727
v -0.769489 0.237731 -0.361414
v -0.800065 0.251167 -0.461283
v -0.895822 0.317007 -0.490940
v -0.887984 0.303371 -0.396315
v -0.792325 0.190317 -0.313347
v -0.733733 0.034468 -0.342809
v -0.742157 0.028710 -0.334524
v -0.724655 0.026608 -0.329562
v -0.871874 0.276607 -0.471101
v -0.826198 0.253990 -0.365576
v -0.747921 0.515083 -0.448539
v -0.720028 0.501312 -0.396812
v -0.802534 0.444285 -0.517500
v -0.724858 0.031930 -0.310746
v -0.648225 0.332851 -0.368563
v -0.743995 0.033630 -0.315390
v -0.811591 0.449588 -0.444452
v -0.777046 0.429547 -0.377546
v -0.651483 0.351200 -0.464998
v -0.687367 0.371880 -0.531281
v -0.700080 0.319595 -0.496185
v -0.683465 0.299643 -0.403302
v -0.833340 0.395096 -0.404707
v -0.844359 0.405736 -0.484388
v -0.778099 0.352748 -0.341309
v -0.753362 0.352526 -0.546937
v -0.716856 0.292640 -0.327825
v -0.813580 0.392518 -0.540783
v -0.646658 0.333214 -0.299788
v -0.685963 0.326283 -0.275041
v -0.643343 0.300868 -0.305508
v -0.683015 0.290352 -0.301693
v -0.663703 0.239715 -0.289888
v -0.673915 0.238971 -0.289603
v -0.663209 0.234000 -0.303304
v -0.674156 0.233958 -0.302487
v -0.681880 0.240129 -0.299497
v -0.664571 0.263203 -0.331991
v -0.666958 0.248944 -0.287073
v -0.642044 0.284685 -0.317274
v -0.857440 0.368594 -0.519375
v -0.727993 0.268659 -0.345648
v -0.875642 0.353568 -0.442184
v -0.840362 0.332547 -0.362306
v -0.733471 0.275013 -0.434231
v -0.773744 0.297066 -0.514622
v -0.816993 0.345147 -0.546953
v -0.770084 0.287714 -0.319647
v -0.802422 0.003732 -0.527177
v -0.902473 0.275230 -0.432468
v -0.877387 0.269871 -0.374578
v -0.788267 -0.000078 -0.501384
v -0.802036 -0.012006 -0.500511
v -0.812895 -0.008952 -0.520451
v -0.814785 -0.008832 -0.506377
v -0.800938 -0.012107 -0.514413
v -0.670438 0.294151 -0.325438
v -0.631063 0.351985 -0.327283
v -0.669513 0.376640 -0.300930
v -0.707494 0.318581 -0.299792
v -0.821929 0.075571 -0.613748
v -0.810911 0.065212 -0.606364
v -0.829673 0.068029 -0.594969
v -0.814705 0.064877 -0.583953
v -0.811825 0.083016 -0.617247
v -0.868404 0.226881 -0.516571
v -0.914479 0.260503 -0.480577
v -0.830747 0.086236 -0.606136
v -0.691799 0.272716 -0.317019
v -0.667634 0.234697 -0.316505
v -0.667475 0.294796 -0.301035
v -0.654748 0.244116 -0.300565
v -0.655078 0.265781 -0.299496
v -0.655669 0.250470 -0.322245
v -0.678883 0.260058 -0.298584
v -0.678903 0.245276 -0.320032
v -0.849516 0.214278 -0.330596
v -0.735343 0.046457 -0.303384
v -0.718646 0.038432 -0.316032
v -0.811186 0.187049 -0.356688
v -0.729603 0.077793 -0.306031
v -0.758333 0.073228 -0.342021
v -0.761368 0.082094 -0.314269
v -0.724527 0.064300 -0.336802
v -0.806039 0.084738 -0.518183
v -0.826142 0.009611 -0.513785
v -0.811785 0.005742 -0.487116
v -0.785223 0.078599 -0.477965
v -0.829271 0.040121 -0.488019
v -0.782029 0.028591 -0.515977
v -0.817042 0.036599 -0.524475
v -0.793795 0.030242 -0.480169
v -0.875766 0.253792 -0.554405
v -0.803572 0.071323 -0.587312
v -0.825037 0.075507 -0.574030
v -0.906086 0.271484 -0.530987
v -0.832622 0.108128 -0.578412
v -0.824446 0.124335 -0.605350
v -0.816370 0.099771 -0.564248
v -0.804294 0.106395 -0.597339
v -0.693655 0.475701 -0.543928
v -0.663187 0.465426 -0.368314
v -0.639694 0.441847 -0.527134
v -0.610709 0.427343 -0.476295
v -0.607919 0.463040 -0.504637
v -0.645115 0.484859 -0.534845
v -0.712650 0.533561 -0.427880
v -0.719889 0.535221 -0.480105
v -0.673947 0.511689 -0.390912
v -0.595175 0.458658 -0.448737
v -0.621853 0.477987 -0.396526
v -0.692804 0.515953 -0.526909
v -0.581058 0.521338 -0.503035
v -0.612645 0.539730 -0.528624
v -0.571617 0.518628 -0.458399
v -0.652998 0.565899 -0.521500
v -0.669807 0.580942 -0.437885
v -0.676094 0.582385 -0.482020
v -0.638764 0.563704 -0.409123
v -0.595247 0.536272 -0.415740
v -0.846607 0.092869 -0.494417
v -0.827698 0.087895 -0.452365
v -0.860359 0.182825 -0.402987
v -0.887970 0.189579 -0.464344
v -0.839030 0.162321 -0.459236
v -0.905440 0.209747 -0.409337
v -0.850405 0.239728 -0.471156
v -0.821677 0.230377 -0.418370
v -0.904297 0.257649 -0.398417
v -0.836318 0.204973 -0.451812
v -0.887147 0.235529 -0.458332
v -0.856775 0.227796 -0.391101
v -0.495134 0.808604 -0.671782
v -0.671242 0.619490 -0.535370
v -0.620624 0.585631 -0.572532
v -0.564488 0.549911 -0.554676
v -0.461679 0.779137 -0.675463
v -0.655226 0.615016 -0.412346
v -0.416360 0.723436 -0.632626
v -0.541504 0.543389 -0.432233
v -0.683603 0.629449 -0.466730
v -0.408910 0.708345 -0.598066
v -0.582463 0.846531 -0.547954
v -0.575188 0.853346 -0.584537
v -0.598615 0.581627 -0.390345
v -0.434463 0.749371 -0.660802
v -0.534924 0.534464 -0.500878
v -0.554268 0.851215 -0.622335
v -0.577763 0.561363 -0.420253
v -0.577763 0.561363 -0.420253
v -0.561413 0.544172 -0.518855
v -0.561413 0.544172 -0.518855
v -0.550770 0.541238 -0.468400
v -0.550770 0.541238 -0.468400
v -0.662248 0.611743 -0.444860
v -0.662248 0.611743 -0.444860
v -0.627066 0.592334 -0.412442
v -0.627066 0.592334 -0.412442
v -0.597365 0.564990 -0.547950
v -0.597365 0.564990 -0.547950
v -0.643205 0.594645 -0.539832
v -0.643205 0.594645 -0.539832
v -0.669440 0.613351 -0.495017
v -0.669440 0.613351 -0.495017
v -0.624163 0.388605 -0.377021
v -0.678173 0.424464 -0.338496
v -0.721490 0.448788 -0.549323
v -0.769454 0.481069 -0.515409
v -0.880707 0.326633 -0.523837
v -0.850341 0.307938 -0.546069
v -0.766220 0.241185 -0.327433
v -0.791537 0.254086 -0.309919
v -0.626991 0.393157 -0.470738
v -0.660341 0.410463 -0.530034
v -0.778072 0.489027 -0.445924
v -0.745918 0.472519 -0.385668
v -0.786951 0.242891 -0.401402
v -0.834997 0.267559 -0.497453
v -0.897323 0.306227 -0.446694
v -0.859438 0.286647 -0.350728
v -0.833802 0.403882 -0.518383
v -0.785138 0.374290 -0.551711
v -0.685848 0.287914 -0.353490
v -0.740715 0.319693 -0.318776
v -0.845465 0.402199 -0.443420
v -0.810059 0.379790 -0.370344
v -0.685621 0.309643 -0.454399
v -0.723737 0.332661 -0.527341
v -0.667381 0.336542 -0.290062
v -0.633506 0.321710 -0.298817
v -0.697795 0.298354 -0.313816
v -0.662759 0.286865 -0.307083
v -0.668256 0.242403 -0.288642
v -0.660499 0.239135 -0.297384
v -0.677140 0.237979 -0.296705
v -0.668219 0.233985 -0.308220
v -0.808877 -0.006418 -0.498157
v -0.817625 -0.003958 -0.514478
v -0.806123 -0.006949 -0.520683
v -0.797601 -0.009258 -0.505267
v -0.733147 0.029611 -0.336500
v -0.722316 0.031951 -0.318249
v -0.733721 0.037186 -0.308979
v -0.748890 0.035293 -0.325997
v -0.827895 0.077391 -0.605996
v -0.814668 0.075526 -0.613716
v -0.807974 0.067634 -0.590628
v -0.822169 0.070085 -0.581685
v -0.686282 0.251666 -0.308301
v -0.666777 0.244009 -0.327421
v -0.666334 0.267106 -0.293698
v -0.648749 0.259739 -0.310581
v -0.772044 0.081576 -0.328364
v -0.742083 0.081105 -0.303218
v -0.720288 0.070066 -0.317002
v -0.739045 0.066257 -0.348833
v -0.796301 0.032260 -0.529752
v -0.832790 0.040755 -0.508716
v -0.814958 0.035996 -0.474073
v -0.778144 0.027180 -0.496054
v -0.813018 0.118640 -0.607585
v -0.802788 0.100392 -0.576668
v -0.831862 0.106768 -0.558904
v -0.832054 0.120072 -0.595888
v -0.669764 0.500666 -0.537115
v -0.710713 0.528251 -0.507199
v -0.601527 0.463954 -0.419501
v -0.648455 0.495558 -0.385004
v -0.720471 0.536900 -0.451573
v -0.696831 0.525162 -0.407667
v -0.623034 0.471283 -0.522959
v -0.598582 0.459009 -0.479725
v -0.633369 0.552930 -0.530293
v -0.617513 0.550767 -0.405731
v -0.594111 0.528474 -0.518777
v -0.573545 0.518122 -0.482530
v -0.668313 0.576447 -0.504619
v -0.577954 0.524222 -0.434762
v -0.676530 0.583840 -0.458256
v -0.656895 0.574093 -0.421358
v -0.908703 0.205988 -0.438982
v -0.887953 0.201423 -0.392019
v -0.857937 0.170770 -0.476026
v -0.834866 0.163689 -0.431557
v -0.908909 0.254637 -0.430307
v -0.886379 0.249329 -0.378964
v -0.857033 0.215064 -0.469788
v -0.832115 0.207465 -0.421022
v -0.669925 0.615012 -0.468030
v -0.669925 0.615012 -0.468030
v -0.660599 0.606611 -0.520666
v -0.660599 0.606611 -0.520666
v -0.620912 0.579941 -0.549825
v -0.620912 0.579941 -0.549825
v -0.576289 0.552245 -0.536771
v -0.576289 0.552245 -0.536771
v -0.603026 0.577757 -0.408814
v -0.603026 0.577757 -0.408814
v -0.647574 0.604024 -0.426125
v -0.647574 0.604024 -0.426125
v -0.552866 0.540571 -0.495599
v -0.552866 0.540571 -0.495599
v -0.558080 0.547674 -0.441777
v -0.558080 0.547674 -0.441777
v -0.416141 0.998749 -0.486647
v -0.406184 1.014651 -0.545332
v -0.328710 0.904215 -0.447674
v -0.359727 0.998678 -0.596520
v -0.294894 0.884593 -0.509522
v -0.286685 0.897699 -0.578889
v -0.384120 0.959949 -0.440875
v -0.311828 0.947967 -0.618059
v -0.356945 0.930212 -0.437150
v -0.403945 0.983981 -0.458489
v -0.384862 1.012436 -0.572016
v -0.416863 1.010044 -0.516771
v -0.334586 0.974799 -0.613436
v -0.308044 0.889727 -0.474275
v -0.295471 0.920714 -0.605855
v -0.286823 0.885488 -0.545655
v -0.140222 1.066260 -0.334415
v -0.218949 1.148674 -0.492587
v -0.216377 0.863555 -0.391467
v -0.216377 0.863555 -0.391467
v -0.237600 1.130608 -0.434163
v -0.193449 1.096217 -0.379804
v -0.087699 0.915832 -0.287415
v -0.206614 0.940209 -0.329673
v -0.109265 1.001257 -0.302446
v -0.226501 0.907318 -0.502653
v -0.226501 0.907318 -0.502653
v -0.273850 1.093342 -0.557186
v -0.314857 1.081124 -0.438669
v -0.245334 0.964552 -0.401757
v -0.246286 0.971377 -0.581579
v -0.252419 1.035295 -0.597649
v -0.301693 1.097269 -0.504266
v -0.281195 1.036196 -0.390370
v -0.158917 0.959298 -0.636107
v -0.206414 0.944265 -0.608418
v -0.248390 0.949060 -0.494156
v -0.203431 1.018231 -0.333943
v -0.089506 0.845308 -0.317268
v -0.219550 1.056804 -0.606750
v -0.175474 1.009175 -0.637518
v -0.262789 1.126457 -0.498162
v -0.218830 0.961006 -0.598256
v -0.247261 1.041908 -0.363599
v -0.206248 1.061379 -0.357006
v -0.223478 0.900674 -0.355621
v -0.112559 1.037974 -0.312042
v -0.088693 0.879986 -0.292949
v -0.272116 1.108843 -0.430730
v -0.233903 0.926475 -0.496830
v -0.207498 1.148501 -0.526609
v -0.229891 1.142471 -0.462375
v -0.225459 1.116689 -0.407139
v -0.165596 1.076875 -0.355415
v -0.242753 1.117133 -0.564123
v -0.222532 0.957647 -0.368518
v -0.255027 1.002283 -0.386889
v -0.248135 0.955228 -0.549679
v -0.263830 1.070427 -0.578435
v -0.313735 1.090677 -0.474511
v -0.013983 0.956688 -0.664457
v -0.190460 0.953904 -0.625941
v -0.176559 0.848974 -0.352864
v -0.176559 0.848974 -0.352864
v -0.225565 0.880941 -0.438796
v -0.225565 0.880941 -0.438796
v -0.215189 0.934640 -0.568695
v -0.172126 1.002274 -0.315803
v -0.098331 0.952083 -0.291860
v -0.089397 0.951003 -0.297881
v -0.089397 0.951003 -0.297881
v -0.103565 1.006974 -0.310347
v -0.103565 1.006974 -0.310347
v -0.195005 0.972978 -0.327782
v -0.243610 1.004146 -0.605210
v -0.285479 1.099923 -0.530715
v -0.248511 0.942168 -0.440513
v -0.300724 1.066853 -0.406507
v -0.271816 1.120757 -0.466025
v -0.225280 0.946190 -0.563291
v -0.251372 1.126662 -0.530243
v -0.209763 1.003716 -0.627409
v -0.172241 1.040336 -0.331414
v -0.181910 0.884184 -0.317640
v -0.233521 0.923591 -0.410813
v -0.254846 1.085484 -0.392276
v -0.234131 1.088741 -0.586759
v -0.228278 0.998043 -0.356174
v -0.013983 1.007314 -0.661409
v -0.080849 0.881096 -0.298653
v -0.080849 0.881096 -0.298653
v -0.175706 1.068457 -0.617545
v -0.186323 1.141407 -0.570162
v -0.126700 1.011967 -0.648987
v -0.187683 1.109213 -0.596263
v -0.125304 1.072762 -0.629482
v -0.131872 1.146946 -0.590077
v -0.130720 1.116903 -0.607894
v -0.124839 0.962003 -0.650201
v -0.062603 0.957411 -0.662404
v -0.013982 1.072613 -0.642358
v -0.013982 1.152779 -0.606472
v -0.013982 1.119399 -0.621114
v -0.062920 1.008801 -0.658617
v -0.071529 1.121865 -0.615652
v -0.065236 1.075020 -0.637957
v -0.078735 1.152925 -0.598717
v -0.096177 1.070718 -0.335737
v -0.096177 1.070718 -0.335737
v -0.106676 1.038503 -0.317097
v -0.106676 1.038503 -0.317097
v -0.013980 1.037587 -0.312259
v -0.013980 1.008101 -0.311679
v -0.013979 1.073962 -0.333675
v -0.080966 0.915311 -0.295842
v -0.080966 0.915311 -0.295842
v -0.251033 0.696984 -0.432345
v -0.266138 0.716248 -0.548379
v -0.182427 0.732690 -0.714399
v -0.239760 0.728498 -0.644109
v -0.126706 0.686677 -0.379601
v -0.013984 0.729515 -0.756267
v -0.218986 0.731496 -0.677534
v -0.201384 0.690785 -0.400265
v -0.268008 0.707082 -0.488941
v -0.249123 0.723209 -0.604676
v -0.119472 0.729858 -0.736605
v -0.069604 0.728847 -0.746762
v -0.178541 0.922783 -0.311414
v -0.168498 0.964068 -0.313991
v -0.229266 0.849480 -0.456592
v -0.229266 0.849480 -0.456592
v -0.218531 0.828099 -0.406971
v -0.218531 0.828099 -0.406971
v -0.212733 0.906130 -0.609354
v -0.220304 0.894263 -0.571454
v -0.229863 0.874666 -0.519909
v -0.229863 0.874666 -0.519909
v -0.229863 0.874666 -0.519909
v -0.196381 0.918803 -0.635011
v -0.129705 0.929153 -0.670331
v -0.167763 0.923994 -0.656744
v -0.175649 0.812561 -0.371274
v -0.175649 0.812561 -0.371274
v -0.175649 0.812561 -0.371274
v -0.096928 0.812114 -0.339465
v -0.014109 0.925355 -0.684648
v -0.067426 0.927567 -0.681072
v -0.013980 0.950692 -0.296100
v -0.299278 1.075616 -0.556456
v -0.353597 1.056442 -0.450751
v -0.271769 0.969810 -0.422107
v -0.257968 0.950100 -0.576234
v -0.271061 1.009351 -0.600030
v -0.343484 1.073584 -0.516561
v -0.303102 1.030871 -0.405039
v -0.261133 0.939636 -0.503044
v -0.283025 0.999113 -0.406546
v -0.257058 0.939565 -0.548841
v -0.284693 1.046800 -0.574891
v -0.358496 1.064815 -0.487151
v -0.263214 0.978932 -0.606649
v -0.312257 1.086465 -0.537703
v -0.266715 0.951333 -0.454338
v -0.325847 1.055081 -0.417622
v -0.147515 1.164160 -0.532344
v -0.147515 1.164160 -0.532344
v -0.161863 1.164361 -0.484523
v -0.161863 1.164361 -0.484523
v -0.186920 1.143225 -0.429273
v -0.186920 1.143225 -0.429273
v -0.154356 1.110363 -0.385113
v -0.154356 1.110363 -0.385113
v -0.152902 1.165699 -0.516189
v -0.152902 1.165699 -0.516189
v -0.172722 1.156842 -0.455423
v -0.172722 1.156842 -0.455423
v -0.177583 1.130472 -0.406495
v -0.177583 1.130472 -0.406495
v -0.131718 1.090489 -0.362952
v -0.131718 1.090489 -0.362952
v -0.118768 1.163216 -0.564655
v -0.118768 1.163216 -0.564655
v -0.013982 1.168455 -0.580095
v -0.013982 1.168455 -0.580095
v -0.081570 1.167578 -0.574871
v -0.081570 1.167578 -0.574871
v -0.013981 1.175942 -0.533138
v -0.013981 1.175004 -0.477064
v -0.013981 1.153694 -0.421568
v -0.013981 1.180651 -0.502998
v -0.013980 1.165830 -0.448560
v -0.013981 1.139619 -0.400320
v -0.092936 1.177423 -0.508079
v -0.091375 1.175271 -0.528684
v -0.074533 1.139971 -0.400175
v -0.081333 1.154144 -0.421540
v -0.085128 1.166407 -0.448825
v -0.091332 1.174973 -0.477620
v -0.013977 1.073782 -0.333989
v -0.013979 1.114126 -0.381847
v -0.013981 1.139619 -0.400320
v -0.013978 1.092680 -0.364850
v -0.059093 1.092839 -0.364503
v -0.070985 1.114717 -0.382006
v -0.521572 0.569002 -0.543150
v -0.521572 0.569002 -0.543150
v -0.443229 0.657622 -0.579670
v -0.467668 0.601592 -0.571392
v -0.568510 0.598490 -0.584942
v -0.568510 0.598490 -0.584942
v -0.487847 0.696309 -0.637111
v -0.525883 0.642296 -0.630072
v -0.509129 0.563922 -0.472599
v -0.509129 0.563922 -0.472599
v -0.441707 0.651947 -0.494192
v -0.456016 0.595148 -0.477233
v -0.630731 0.639677 -0.575833
v -0.630731 0.639677 -0.575833
v -0.559339 0.750255 -0.634491
v -0.607808 0.699207 -0.621293
v -0.615983 0.785187 -0.487081
v -0.660309 0.663325 -0.445315
v -0.660309 0.663325 -0.445315
v -0.655583 0.733123 -0.449739
v -0.612964 0.785686 -0.567251
v -0.668170 0.665593 -0.514991
v -0.668170 0.665593 -0.514991
v -0.661274 0.735537 -0.542181
v -0.572437 0.750292 -0.426072
v -0.613260 0.635664 -0.397726
v -0.613260 0.635664 -0.397726
v -0.597487 0.695749 -0.385288
v -0.496221 0.690573 -0.423941
v -0.546309 0.591180 -0.405900
v -0.546309 0.591180 -0.405900
v -0.509507 0.634071 -0.392227
v -0.522400 0.723662 -0.645989
v -0.600089 0.619401 -0.588680
v -0.600089 0.619401 -0.588680
v -0.566743 0.671182 -0.636884
v -0.537483 0.722025 -0.413132
v -0.580817 0.614518 -0.391355
v -0.580817 0.614518 -0.391355
v -0.555616 0.666517 -0.375056
v -0.460153 0.672453 -0.612959
v -0.540856 0.580363 -0.568477
v -0.540856 0.580363 -0.568477
v -0.491070 0.617230 -0.606348
v -0.511275 0.563273 -0.510531
v -0.511275 0.563273 -0.510531
v -0.437553 0.650411 -0.539236
v -0.456342 0.593816 -0.527377
v -0.591724 0.772707 -0.606908
v -0.655006 0.656454 -0.550188
v -0.655006 0.656454 -0.550188
v -0.641493 0.722584 -0.588348
v -0.519656 0.572235 -0.435614
v -0.519656 0.572235 -0.435614
v -0.460416 0.664115 -0.452897
v -0.472406 0.607233 -0.429284
v -0.669622 0.668457 -0.477843
v -0.669622 0.668457 -0.477843
v -0.620686 0.790559 -0.525411
v -0.665541 0.739831 -0.493316
v -0.599240 0.771680 -0.453632
v -0.640940 0.652067 -0.417877
v -0.640940 0.652067 -0.417877
v -0.632124 0.718212 -0.413226
v -0.259298 0.671103 -0.435086
v -0.274430 0.690185 -0.550664
v -0.190673 0.706815 -0.719217
v -0.248036 0.702555 -0.645915
v -0.135084 0.660758 -0.382607
v -0.013984 0.703700 -0.760616
v -0.227244 0.705632 -0.682112
v -0.209672 0.664905 -0.403156
v -0.276278 0.681099 -0.491486
v -0.257412 0.697195 -0.606715
v -0.127722 0.703949 -0.741204
v -0.077869 0.702881 -0.751166
v -0.081741 0.840918 -0.323436
v -0.081741 0.840918 -0.323436
v -0.013980 0.880204 -0.285415
v -0.013980 0.839785 -0.307892
v -0.119420 0.681195 -0.384793
v -0.119420 0.681195 -0.384793
v -0.013980 0.676344 -0.361504
v -0.013980 0.806893 -0.328675
v -0.088866 0.807524 -0.345887
v -0.088866 0.807524 -0.345887
v -0.013980 0.915053 -0.294316
v -0.315588 0.841182 -0.524583
v -0.443298 0.943505 -0.472805
v -0.422490 0.916495 -0.454747
v -0.391349 0.884965 -0.451059
v -0.394029 0.961494 -0.616006
v -0.308138 0.860450 -0.593741
v -0.454074 0.975180 -0.531944
v -0.421442 0.976113 -0.590744
v -0.319062 0.884065 -0.621529
v -0.443041 0.980111 -0.561860
v -0.307079 0.846267 -0.560250
v -0.338678 0.910853 -0.635310
v -0.365498 0.937376 -0.632131
v -0.357508 0.858555 -0.461893
v -0.453902 0.962432 -0.501216
v -0.331827 0.845032 -0.488844
v -0.228630 0.842978 -0.586968
v -0.241486 0.826703 -0.534496
v -0.241486 0.826703 -0.534496
v -0.172442 0.870666 -0.678403
v -0.107051 0.764740 -0.359294
v -0.068109 0.874599 -0.704445
v -0.220550 0.854065 -0.624544
v -0.203042 0.864859 -0.652331
v -0.126560 0.875062 -0.694399
v -0.184496 0.767304 -0.387928
v -0.184496 0.767304 -0.387928
v -0.014074 0.873323 -0.709653
v -0.013980 0.759081 -0.346731
v -0.099105 0.760852 -0.365575
v -0.099105 0.760852 -0.365575
v -0.241350 0.736682 -0.426943
v -0.241350 0.736682 -0.426943
v -0.242606 0.765332 -0.603236
v -0.257435 0.757354 -0.544556
v -0.257435 0.757354 -0.544556
v -0.179105 0.773673 -0.708559
v -0.118133 0.728626 -0.372442
v -0.069221 0.770858 -0.739409
v -0.013980 0.721171 -0.356240
v -0.110721 0.723153 -0.377661
v -0.110721 0.723153 -0.377661
v -0.257656 0.747293 -0.483569
v -0.257656 0.747293 -0.483569
v -0.234042 0.769212 -0.642806
v -0.214526 0.772400 -0.675116
v -0.122486 0.772290 -0.729124
v -0.193713 0.730278 -0.395203
v -0.193713 0.730278 -0.395203
v -0.013983 0.769621 -0.747224
v -0.261961 0.803409 -0.458503
v -0.244282 0.840741 -0.449404
v -0.244282 0.840741 -0.449404
v -0.206935 0.772256 -0.392238
v -0.199648 0.809462 -0.378538
v -0.199648 0.809462 -0.378538
v -0.244683 0.861489 -0.501857
v -0.244683 0.861489 -0.501857
v -0.233851 0.821273 -0.403798
v -0.233851 0.821273 -0.403798
v -0.250330 0.784525 -0.412966
v -0.254377 0.822203 -0.514008
v -0.268297 0.750653 -0.480099
v -0.216350 0.725273 -0.407529
v -0.255520 0.734337 -0.433978
v -0.267096 0.767914 -0.528936
v 0.067585 1.127021 -0.309937
v 0.064164 1.200682 -0.416971
v 0.082843 1.165197 -0.365354
v 0.233773 1.330252 -0.234898
v 0.203786 1.404802 -0.423146
v 0.207316 1.616377 -0.170344
v 0.183509 1.676918 -0.328467
v 0.130107 1.244515 -0.417094
v 0.154852 1.196518 -0.328664
v 0.157459 1.142932 -0.239884
v 0.182154 1.316808 -0.439072
v 0.211003 1.261774 -0.271553
v 0.196906 1.220796 -0.147549
v 0.131841 1.209182 -0.100572
v 0.119601 1.093380 -0.180853
v 0.188901 1.577713 -0.065438
v 0.136201 1.551612 -0.012206
v 0.138643 1.267956 -0.073196
v 0.208539 1.288708 -0.110490
v 0.208539 1.288708 -0.110490
v 0.010948 1.238890 -0.037034
v 0.017156 1.184862 -0.021318
v 0.029385 1.198486 -0.047792
v 0.031359 1.177239 -0.051370
v 0.022087 1.098791 -0.302228
v 0.102962 1.222610 -0.411667
v 0.122085 1.181798 -0.345258
v 0.082741 1.142438 -0.335335
v 0.074174 1.191157 -0.393549
v 0.024676 1.080411 -0.250806
v 0.049666 1.209169 -0.435842
v 0.212259 1.599532 -0.376404
v 0.243668 1.529669 -0.191691
v 0.143165 1.225254 -0.377447
v 0.161250 1.168537 -0.281223
v 0.023550 1.246016 -0.053235
v 0.023550 1.246016 -0.053235
v 0.130830 1.437765 -0.511052
v 0.246529 1.377092 -0.217839
v 0.246529 1.377092 -0.217839
v 0.216294 1.462214 -0.408992
v 0.124433 1.672271 -0.157301
v 0.202096 1.593319 -0.105216
v 0.200939 1.645007 -0.247649
v 0.113397 1.709144 -0.291199
v 0.140366 1.700161 -0.384917
v 0.112664 1.635575 -0.067999
v 0.035777 1.528733 0.028606
v 0.029679 1.053930 -0.144620
v 0.098065 1.254889 -0.450941
v 0.153910 1.269273 -0.423176
v 0.178160 1.215450 -0.308747
v 0.037116 1.200973 -0.076719
v 0.037116 1.200973 -0.076719
v 0.037116 1.200973 -0.076719
v 0.121551 1.347816 -0.506644
v 0.220422 1.364186 -0.328298
v 0.229315 1.308124 -0.167503
v 0.229315 1.308124 -0.167503
v 0.191779 1.361617 -0.433598
v 0.191779 1.361617 -0.433598
v 0.222616 1.291782 -0.253507
v 0.115741 1.136278 -0.273331
v 0.215882 1.471244 -0.069568
v 0.215882 1.471244 -0.069568
v 0.213728 1.335141 -0.095482
v 0.213728 1.335141 -0.095482
v 0.088738 1.604903 -0.019753
v 0.177011 1.162236 -0.203749
v 0.201218 1.248165 -0.129721
v 0.201218 1.248165 -0.129721
v 0.173705 1.214929 -0.121696
v 0.142002 1.118748 -0.206907
v 0.171008 1.566322 -0.040517
v 0.096883 1.091121 -0.215834
v 0.148181 1.493215 -0.015417
v 0.148181 1.493215 -0.015417
v 0.143226 1.318325 -0.055240
v 0.125711 1.123693 -0.152686
v 0.133101 1.228099 -0.090736
v 0.085239 1.071384 -0.161431
v 0.089598 1.205596 -0.088760
v 0.099865 1.541140 0.006697
v 0.192869 1.288808 -0.363832
v 0.211401 1.232957 -0.189958
v 0.130809 1.186672 -0.113163
v 0.190818 1.197122 -0.166438
v 0.199498 1.238258 -0.288747
v 0.172547 1.295741 -0.432221
v 0.091432 1.262183 -0.061943
v 0.185641 1.277400 -0.090365
v 0.000078 1.230208 -0.021193
v 0.002160 1.184190 -0.015921
v 0.003111 1.262512 -0.024059
v 0.011799 1.173956 -0.047367
v 0.019207 1.216975 -0.037924
v 0.035591 1.188116 -0.075612
v 0.035591 1.188116 -0.075612
v 0.021463 1.173236 -0.025266
v 0.022530 1.191436 -0.030315
v 0.144580 1.398136 -0.028257
v 0.219662 1.419517 -0.074516
v 0.219662 1.419517 -0.074516
v 0.254043 1.467992 -0.206823
v 0.218296 1.544428 -0.395847
v 0.026081 1.099537 -0.284198
v 0.114171 1.206600 -0.383017
v 0.080620 1.227795 -0.440680
v 0.028747 1.054288 -0.190047
v 0.123936 1.157659 -0.307058
v 0.237503 1.562041 -0.282862
v 0.150592 1.631283 -0.449909
v 0.034914 1.480805 0.024841
v 0.034914 1.480805 0.024841
v 0.233242 1.503924 -0.113567
v 0.017069 1.278625 -0.038623
v 0.017069 1.278625 -0.038623
v 0.239678 1.417265 -0.310773
v 0.239678 1.417265 -0.310773
v 0.144474 1.502991 -0.501588
v 0.236351 1.352920 -0.152860
v 0.236351 1.352920 -0.152860
v 0.121413 1.692501 -0.221656
v 0.119077 1.652336 -0.102412
v 0.100356 1.715560 -0.347160
v 0.035828 1.562371 0.030275
v 0.165140 1.248355 -0.370876
v 0.186153 1.185990 -0.249501
v 0.027199 1.092885 -0.123502
v 0.112882 1.283631 -0.470461
v 0.027305 1.215698 -0.069826
v 0.027305 1.215698 -0.069826
v 0.123382 1.385020 -0.512224
v 0.123382 1.385020 -0.512224
v 0.205329 1.325197 -0.347322
v 0.219912 1.264512 -0.174241
v 0.219912 1.264512 -0.174241
v 0.106745 1.108484 -0.245931
v 0.192798 1.484248 -0.042430
v 0.192798 1.484248 -0.042430
v 0.191031 1.329898 -0.072209
v 0.102283 1.620565 -0.043780
v 0.155777 1.142930 -0.174001
v 0.178388 1.235253 -0.109185
v 0.079894 1.073110 -0.193195
v 0.102717 1.492692 0.002960
v 0.102717 1.492692 0.002960
v 0.093117 1.304924 -0.045723
v 0.085521 1.106161 -0.139888
v 0.090376 1.222169 -0.080813
v 0.074209 1.590034 0.001510
v 0.183169 1.271038 -0.366893
v 0.204726 1.212210 -0.216495
v 0.018992 1.180992 -0.084637
v 0.018992 1.180992 -0.084637
v 0.018992 1.180992 -0.084637
v 0.119972 1.316553 -0.491917
v 0.166334 1.192848 -0.137990
v 0.088636 1.186689 -0.096782
v 0.000401 1.206304 -0.020073
v 0.008942 1.170739 -0.018808
v 0.025140 1.377191 0.007001
v 0.147808 1.575072 -0.478979
v 0.196722 1.409556 -0.050328
v 0.091889 1.389149 -0.013444
v 0.247978 1.506311 -0.300728
v 0.242672 1.442261 -0.135791
v 0.065876 1.018270 -0.363921
v 0.069089 1.078532 -0.468622
v 0.080606 1.052920 -0.416189
v 0.022141 0.997019 -0.342143
v 0.076273 1.035385 -0.386467
v 0.078243 1.068379 -0.446484
v 0.055830 1.086653 -0.488566
v 0.212764 1.382884 -0.371961
v 0.212764 1.382884 -0.371961
v -0.095546 1.127424 -0.310493
v -0.092125 1.200674 -0.417027
v -0.110805 1.165216 -0.365470
v -0.261735 1.330252 -0.234898
v -0.231747 1.404802 -0.423146
v -0.235278 1.616377 -0.170344
v -0.211471 1.676918 -0.328467
v -0.158068 1.244516 -0.417088
v -0.182813 1.196515 -0.328656
v -0.185420 1.142929 -0.239881
v -0.210115 1.316808 -0.439072
v -0.238965 1.261774 -0.271553
v -0.224867 1.220796 -0.147549
v -0.159802 1.209182 -0.100572
v -0.147563 1.093394 -0.180859
v -0.216862 1.577713 -0.065438
v -0.164163 1.551612 -0.012206
v -0.166604 1.267956 -0.073196
v -0.236500 1.288707 -0.110490
v -0.236500 1.288707 -0.110490
v -0.038910 1.238890 -0.037034
v -0.045118 1.184862 -0.021318
v -0.057347 1.198486 -0.047792
v -0.059321 1.177239 -0.051370
v -0.050048 1.099711 -0.303077
v -0.013981 1.087260 -0.291180
v -0.130923 1.222600 -0.411749
v -0.150047 1.181805 -0.345284
v -0.110703 1.142586 -0.335675
v -0.102135 1.191154 -0.393663
v -0.052638 1.080877 -0.251023
v -0.077627 1.209166 -0.435852
v -0.013981 1.206810 -0.485756
v -0.013981 1.072933 -0.243884
v -0.240220 1.599532 -0.376404
v -0.271630 1.529669 -0.191691
v -0.013981 1.048518 -0.140224
v -0.171126 1.225254 -0.377435
v -0.189211 1.168534 -0.281218
v -0.051511 1.246016 -0.053235
v -0.051511 1.246016 -0.053235
v -0.158791 1.437765 -0.511052
v -0.013981 1.443811 -0.544138
v -0.274491 1.377092 -0.217839
v -0.274491 1.377092 -0.217839
v -0.244255 1.462214 -0.408992
v -0.152394 1.672271 -0.157301
v -0.230057 1.593319 -0.105216
v -0.228900 1.645007 -0.247649
v -0.013981 1.700893 -0.149008
v -0.013981 1.723668 -0.276969
v -0.141358 1.709144 -0.291199
v -0.013981 1.710880 -0.397724
v -0.168328 1.700161 -0.384917
v -0.140625 1.635575 -0.067999
v -0.013981 1.663106 -0.069508
v -0.063739 1.528733 0.028606
v -0.013981 1.523856 0.037272
v -0.057641 1.054002 -0.144633
v -0.126026 1.254880 -0.450974
v -0.013981 1.255201 -0.479532
v -0.181872 1.269275 -0.423165
v -0.206121 1.215446 -0.308738
v -0.065077 1.200973 -0.076719
v -0.065077 1.200973 -0.076719
v -0.065077 1.200973 -0.076719
v -0.149512 1.347816 -0.506644
v -0.013981 1.348888 -0.536189
v -0.248383 1.364186 -0.328298
v -0.257277 1.308124 -0.167503
v -0.257277 1.308124 -0.167503
v -0.219740 1.361617 -0.433598
v -0.219740 1.361617 -0.433598
v -0.250577 1.291782 -0.253507
v -0.143702 1.136496 -0.273557
v -0.243844 1.471244 -0.069568
v -0.243844 1.471244 -0.069568
v -0.241689 1.335141 -0.095482
v -0.241689 1.335141 -0.095482
v -0.116700 1.604903 -0.019753
v -0.013981 1.626895 -0.022246
v -0.204972 1.162231 -0.203744
v -0.229179 1.248165 -0.129721
v -0.229179 1.248165 -0.129721
v -0.201666 1.214928 -0.121696
v -0.169963 1.118746 -0.206905
v -0.198969 1.566322 -0.040517
v -0.124844 1.091356 -0.215938
v -0.176143 1.493215 -0.015417
v -0.176143 1.493215 -0.015417
v -0.171188 1.318325 -0.055240
v -0.153672 1.123688 -0.152683
v -0.161062 1.228099 -0.090736
v -0.113200 1.071445 -0.161447
v -0.117560 1.205596 -0.088760
v -0.127827 1.541140 0.006697
v -0.220831 1.288808 -0.363832
v -0.239362 1.232956 -0.189958
v -0.158770 1.186672 -0.113163
v -0.218779 1.197122 -0.166438
v -0.227460 1.238256 -0.288741
v -0.200508 1.295741 -0.432221
v -0.013981 1.269961 -0.014696
v -0.119393 1.262183 -0.061943
v -0.213602 1.277400 -0.090365
v -0.028040 1.230208 -0.021193
v -0.030121 1.184190 -0.015921
v -0.013981 1.182836 -0.012343
v -0.013981 1.228875 -0.015417
v -0.031072 1.262512 -0.024059
v -0.039761 1.173956 -0.047367
v -0.013981 1.168994 -0.034123
v -0.047168 1.216975 -0.037924
v -0.063552 1.188116 -0.075612
v -0.063552 1.188116 -0.075612
v -0.049424 1.173236 -0.025266
v -0.050491 1.191436 -0.030315
v -0.172542 1.398136 -0.028257
v -0.247623 1.419517 -0.074516
v -0.247623 1.419517 -0.074516
v -0.282004 1.467992 -0.206823
v -0.246257 1.544428 -0.395847
v -0.054042 1.100280 -0.284778
v -0.142132 1.206600 -0.383031
v -0.108581 1.227787 -0.440710
v -0.056708 1.054562 -0.190103
v -0.151898 1.157747 -0.307210
v -0.265465 1.562040 -0.282862
v -0.178554 1.631283 -0.449909
v -0.062875 1.480805 0.024841
v -0.062875 1.480805 0.024841
v -0.261203 1.503924 -0.113567
v -0.045031 1.278625 -0.038623
v -0.045031 1.278625 -0.038623
v -0.267639 1.417265 -0.310773
v -0.267639 1.417265 -0.310773
v -0.172436 1.502991 -0.501588
v -0.264313 1.352920 -0.152860
v -0.264313 1.352920 -0.152860
v -0.149374 1.692500 -0.221656
v -0.147038 1.652336 -0.102412
v -0.128317 1.715560 -0.347160
v -0.063790 1.562371 0.030275
v -0.193101 1.248354 -0.370864
v -0.214114 1.185984 -0.249495
v -0.055160 1.092884 -0.123501
v -0.140843 1.283622 -0.470491
v -0.055266 1.215698 -0.069826
v -0.055266 1.215698 -0.069826
v -0.151343 1.385020 -0.512224
v -0.151343 1.385020 -0.512224
v -0.233290 1.325197 -0.347322
v -0.247873 1.264512 -0.174241
v -0.247873 1.264512 -0.174241
v -0.134706 1.108741 -0.246099
v -0.220760 1.484248 -0.042430
v -0.220760 1.484248 -0.042430
v -0.218992 1.329898 -0.072209
v -0.130244 1.620565 -0.043780
v -0.183739 1.142925 -0.173997
v -0.206349 1.235253 -0.109185
v -0.107855 1.073358 -0.193271
v -0.130678 1.492692 0.002960
v -0.130678 1.492692 0.002960
v -0.121078 1.304924 -0.045723
v -0.113482 1.106157 -0.139887
v -0.118337 1.222169 -0.080813
v -0.102170 1.590034 0.001510
v -0.211130 1.271038 -0.366893
v -0.232687 1.212210 -0.216495
v -0.046954 1.180992 -0.084637
v -0.046954 1.180992 -0.084637
v -0.046954 1.180992 -0.084637
v -0.147934 1.316553 -0.491917
v -0.194295 1.192848 -0.137990
v -0.116597 1.186689 -0.096782
v -0.028362 1.206304 -0.020073
v -0.036903 1.170739 -0.018808
v -0.053101 1.377191 0.007001
v -0.175770 1.575072 -0.478979
v -0.224683 1.409556 -0.050328
v -0.119850 1.389149 -0.013444
v -0.275939 1.506311 -0.300728
v -0.270633 1.442261 -0.135791
v -0.013981 1.090760 -0.277674
v -0.013981 1.226328 -0.474073
v -0.013981 1.049151 -0.186875
v -0.013981 1.645285 -0.470343
v -0.013981 1.476063 0.032074
v -0.013981 1.476063 0.032074
v -0.013981 1.292053 -0.016335
v -0.013981 1.292053 -0.016335
v -0.013981 1.508579 -0.532614
v -0.013981 1.716482 -0.208356
v -0.013981 1.681213 -0.101143
v -0.013981 1.722725 -0.345195
v -0.013981 1.562534 0.036235
v -0.013981 1.089089 -0.117086
v -0.013981 1.281399 -0.499548
v -0.013981 1.389399 -0.544597
v -0.013981 1.389399 -0.544597
v -0.013981 1.645393 -0.045933
v -0.013981 1.607840 0.000719
v -0.013981 1.171746 -0.078389
v -0.013981 1.171746 -0.078389
v -0.013981 1.315538 -0.520572
v -0.013981 1.201133 -0.013997
v -0.013981 1.169468 -0.016135
v -0.013981 1.582816 -0.505995
v -0.013981 1.378713 0.015940
v -0.093837 1.018314 -0.363922
v -0.097050 1.078507 -0.468642
v -0.108567 1.052906 -0.416208
v -0.050103 0.997117 -0.342103
v -0.013981 0.982371 -0.330687
v -0.104234 1.035392 -0.386484
v -0.106204 1.068357 -0.446503
v -0.083791 1.086628 -0.488585
v -0.013981 1.100046 -0.534397
v -0.240725 1.382884 -0.371961
v -0.240725 1.382884 -0.371961
v 0.232794 0.221594 0.068558
v 0.070560 0.265444 -0.080871
v 0.176907 0.207797 0.001011
v 0.175463 0.257419 0.044971
v 0.087291 0.240563 -0.079923
v 0.077107 0.279062 -0.053106
v 0.219328 0.204031 0.041972
v 0.215641 0.243089 0.072144
v 0.033928 0.319077 -0.019530
v 0.061305 0.270866 -0.037147
v 0.069895 0.280434 -0.007181
v 0.017512 0.307852 -0.058089
v 0.039278 0.308365 -0.013445
v 0.021567 0.320850 -0.036109
v 0.200334 0.246255 0.038487
v 0.036168 0.288635 -0.059336
v 0.456724 0.242219 0.054473
v 0.362641 0.226216 0.003158
v 0.138267 0.258284 -0.051004
v 0.159634 0.249469 -0.076087
v 0.121514 0.263583 -0.075632
v 0.399425 0.256269 0.047307
v 0.312726 0.231134 -0.015857
v 0.414849 0.228887 0.027512
v 0.000000 0.146867 -0.116600
v 0.000000 0.881200 -0.116600
v 0.026630 0.146867 -0.114552
v 0.026630 0.881200 -0.114552
v 0.052236 0.146867 -0.108486
v 0.052236 0.881200 -0.108486
v 0.075835 0.146867 -0.098635
v 0.075835 0.881200 -0.098635
v 0.096520 0.146867 -0.085378
v 0.096520 0.881200 -0.085378
v 0.113496 0.146867 -0.069224
v 0.113496 0.881200 -0.069224
v 0.126110 0.146867 -0.050794
v 0.126110 0.881200 -0.050794
v 0.133877 0.146867 -0.030797
v 0.133877 0.881200 -0.030797
v 0.136500 0.146867 -0.010000
v 0.136500 0.881200 -0.010000
v 0.133877 0.146867 0.010797
v 0.133877 0.881200 0.010797
v 0.126110 0.146867 0.030794
v 0.126110 0.881200 0.030794
v 0.113496 0.146867 0.049224
v 0.113496 0.881200 0.049224
v 0.096520 0.146867 0.065378
v 0.096520 0.881200 0.065378
v 0.075835 0.146867 0.078635
v 0.075835 0.881200 0.078635
v 0.052236 0.146867 0.088485
v 0.052236 0.881200 0.088485
v 0.026630 0.146867 0.094552
v 0.026630 0.881200 0.094552
v 0.000000 0.146867 0.096600
v 0.000000 0.881200 0.096600
v -0.026630 0.146867 0.094552
v -0.026630 0.881200 0.094552
v -0.052236 0.146867 0.088485
v -0.052236 0.881200 0.088485
v -0.075835 0.146867 0.078635
v -0.075835 0.881200 0.078635
v -0.096520 0.146867 0.065378
v -0.096520 0.881200 0.065378
v -0.113496 0.146867 0.049224
v -0.113496 0.881200 0.049224
v -0.126110 0.146867 0.030794
v -0.126110 0.881200 0.030794
v -0.133877 0.146867 0.010797
v -0.133877 0.881200 0.010797
v -0.136500 0.146867 -0.010000
v -0.136500 0.881200 -0.010000
v -0.133877 0.146867 -0.030797
v -0.133877 0.881200 -0.030797
v -0.126110 0.146867 -0.050794
v -0.126110 0.881200 -0.050794
v -0.113496 0.146867 -0.069224
v -0.113496 0.881200 -0.069224
v -0.096520 0.146867 -0.085378
v -0.096520 0.881200 -0.085378
v -0.075835 0.146867 -0.098635
v -0.075835 0.881200 -0.098635
v -0.052236 0.146867 -0.108486
v -0.052236 0.881200 -0.108486
v -0.026630 0.146867 -0.114552
v -0.026630 0.881200 -0.114552
v 0.000000 1.194145 -0.097666
v 0.000000 1.171033 -0.105696
v 0.000000 1.146104 -0.112089
v 0.000000 1.092520 -0.119555
v 0.000000 0.983463 -0.112089
v 0.000000 0.958533 -0.105696
v 0.000000 0.935422 -0.097666
v 0.000000 0.896196 -0.077268
v 0.004113 1.275465 -0.024146
v 0.008155 1.270042 -0.038050
v 0.012057 1.261108 -0.051474
v 0.015754 1.248814 -0.064188
v 0.019180 1.233371 -0.075976
v 0.022279 1.215044 -0.086634
v 0.024996 1.194145 -0.095981
v 0.027286 1.171033 -0.103857
v 0.029109 1.146104 -0.110127
v 0.030434 1.119782 -0.114684
v 0.031238 1.092520 -0.117450
v 0.031507 1.064783 -0.118377
v 0.031238 1.037047 -0.117450
v 0.030434 1.009784 -0.114684
v 0.029109 0.983463 -0.110127
v 0.027286 0.958533 -0.103857
v 0.024996 0.935422 -0.095981
v 0.022279 0.914523 -0.086634
v 0.019180 0.896196 -0.075976
v 0.015754 0.880753 -0.064188
v 0.012057 0.868459 -0.051474
v 0.008155 0.859524 -0.038050
v 0.004113 0.854101 -0.024146
v 0.008067 1.275465 -0.023325
v 0.015996 1.270042 -0.036422
v 0.023651 1.261108 -0.049068
v 0.030902 1.248814 -0.061044
v 0.037624 1.233371 -0.072148
v 0.043702 1.215044 -0.082188
v 0.049032 1.194145 -0.090992
v 0.053523 1.171033 -0.098411
v 0.057099 1.146104 -0.104318
v 0.059697 1.119782 -0.108610
v 0.061275 1.092520 -0.111215
v 0.061803 1.064783 -0.112089
v 0.061275 1.037047 -0.111215
v 0.059697 1.009784 -0.108610
v 0.057099 0.983463 -0.104318
v 0.053523 0.958533 -0.098411
v 0.049032 0.935422 -0.090992
v 0.043702 0.914523 -0.082188
v 0.037624 0.896196 -0.072148
v 0.030902 0.880753 -0.061044
v 0.023651 0.868459 -0.049068
v 0.015996 0.859524 -0.036422
v 0.008067 0.854101 -0.023325
v 0.011711 1.275465 -0.021992
v 0.023222 1.270042 -0.033780
v 0.034336 1.261108 -0.045160
v 0.044862 1.248814 -0.055939
v 0.054621 1.233371 -0.065931
v 0.063445 1.215044 -0.074967
v 0.071183 1.194145 -0.082891
v 0.077704 1.171033 -0.089568
v 0.082895 1.146104 -0.094884
v 0.086667 1.119782 -0.098747
v 0.088957 1.092520 -0.101091
v 0.089725 1.064783 -0.101877
v 0.088957 1.037047 -0.101091
v 0.086667 1.009784 -0.098747
v 0.082895 0.983463 -0.094884
v 0.077704 0.958533 -0.089568
v 0.071183 0.935422 -0.082891
v 0.063445 0.914523 -0.074967
v 0.054621 0.896196 -0.065931
v 0.044862 0.880753 -0.055939
v 0.034336 0.868459 -0.045160
v 0.023222 0.859524 -0.033780
v 0.011711 0.854101 -0.021992
v 0.000000 0.852283 -0.010000
v 0.014906 1.275465 -0.020199
v 0.029557 1.270042 -0.030223
v 0.043702 1.261108 -0.039901
v 0.057099 1.248814 -0.049068
v 0.069519 1.233371 -0.057566
v 0.080750 1.215044 -0.065250
v 0.090599 1.194145 -0.071989
v 0.098898 1.171033 -0.077667
v 0.105505 1.146104 -0.082188
v 0.110307 1.119782 -0.085473
v 0.113221 1.092520 -0.087467
v 0.114198 1.064783 -0.088135
v 0.113221 1.037047 -0.087467
v 0.110307 1.009784 -0.085473
v 0.105505 0.983463 -0.082188
v 0.098898 0.958533 -0.077667
v 0.090599 0.935422 -0.071989
v 0.080750 0.914523 -0.065250
v 0.069519 0.896196 -0.057566
v 0.057099 0.880753 -0.049068
v 0.043702 0.868459 -0.039901
v 0.029557 0.859524 -0.030223
v 0.014906 0.854101 -0.020199
v 0.017527 1.275465 -0.018013
v 0.034755 1.270042 -0.025889
v 0.051388 1.261108 -0.033493
v 0.067141 1.248814 -0.040695
v 0.081746 1.233371 -0.047372
v 0.094952 1.215044 -0.053410
v 0.106533 1.194145 -0.058704
v 0.116292 1.171033 -0.063166
v 0.124061 1.146104 -0.066717
v 0.129707 1.119782 -0.069299
v 0.133134 1.092520 -0.070865
v 0.134282 1.064783 -0.071391
v 0.133134 1.037047 -0.070865
v 0.129707 1.009784 -0.069299
v 0.124061 0.983463 -0.066717
v 0.116292 0.958533 -0.063166
v 0.106533 0.935422 -0.058704
v 0.094952 0.914523 -0.053410
v 0.081746 0.896196 -0.047372
v 0.067141 0.880753 -0.040695
v 0.051388 0.868459 -0.033493
v 0.034755 0.859524 -0.025889
v 0.017527 0.854101 -0.018013
v 0.019475 1.275465 -0.015519
v 0.038617 1.270042 -0.020945
v 0.057099 1.261108 -0.026182
v 0.074603 1.248814 -0.031143
v 0.090831 1.233371 -0.035742
v 0.105505 1.215044 -0.039901
v 0.118373 1.194145 -0.043548
v 0.129217 1.171033 -0.046621
v 0.137849 1.146104 -0.049068
v 0.144122 1.119782 -0.050846
v 0.147930 1.092520 -0.051925
v 0.149207 1.064783 -0.052286
v 0.147930 1.037047 -0.051925
v 0.144122 1.009784 -0.050846
v 0.137849 0.983463 -0.049068
v 0.129217 0.958533 -0.046621
v 0.118373 0.935422 -0.043548
v 0.105505 0.914523 -0.039901
v 0.090831 0.896196 -0.035742
v 0.074603 0.880753 -0.031143
v 0.057099 0.868459 -0.026182
v 0.038617 0.859524 -0.020945
v 0.019475 0.854101 -0.015519
v 0.020675 1.275465 -0.012814
v 0.040996 1.270042 -0.015579
v 0.060616 1.261108 -0.018250
v 0.079198 1.248814 -0.020779
v 0.096426 1.233371 -0.023123
v 0.112003 1.215044 -0.025243
v 0.125665 1.194145 -0.027103
v 0.137176 1.171033 -0.028669
v 0.146340 1.146104 -0.029916
v 0.153000 1.119782 -0.030823
v 0.157042 1.092520 -0.031373
v 0.158397 1.064783 -0.031557
v 0.157042 1.037047 -0.031373
v 0.153000 1.009784 -0.030823
v 0.146340 0.983463 -0.029916
v 0.137176 0.958533 -0.028669
v 0.125665 0.935422 -0.027103
v 0.112003 0.914523 -0.025243
v 0.096426 0.896196 -0.023123
v 0.079198 0.880753 -0.020779
v 0.060616 0.868459 -0.018250
v 0.040996 0.859524 -0.015579
v 0.020675 0.854101 -0.012814
v 0.021080 1.275465 -0.010000
v 0.041799 1.270042 -0.010000
v 0.061803 1.261108 -0.010000
v 0.080750 1.248814 -0.010000
v 0.098315 1.233371 -0.010000
v 0.114198 1.215044 -0.010000
v 0.128127 1.194145 -0.010000
v 0.139863 1.171033 -0.010000
v 0.149206 1.146104 -0.010000
v 0.155997 1.119782 -0.010000
v 0.160118 1.092520 -0.010000
v 0.161500 1.064783 -0.010000
v 0.160118 1.037047 -0.010000
v 0.155997 1.009784 -0.010000
v 0.149206 0.983463 -0.010000
v 0.139863 0.958533 -0.010000
v 0.128127 0.935422 -0.010000
v 0.114198 0.914523 -0.010000
v 0.098315 0.896196 -0.010000
v 0.080750 0.880753 -0.010000
v 0.061803 0.868459 -0.010000
v 0.041799 0.859524 -0.010000
v 0.021080 0.854101 -0.010000
v 0.020675 1.275465 -0.007186
v 0.040996 1.270042 -0.004420
v 0.060616 1.261108 -0.001750
v 0.079198 1.248814 0.000779
v 0.096426 1.233371 0.003123
v 0.112003 1.215044 0.005243
v 0.125665 1.194145 0.007103
v 0.137176 1.171033 0.008669
v 0.146340 1.146104 0.009917
v 0.153000 1.119782 0.010823
v 0.157042 1.092520 0.011373
v 0.158397 1.064783 0.011557
v 0.157042 1.037047 0.011373
v 0.153000 1.009784 0.010823
v 0.146340 0.983463 0.009917
v 0.137176 0.958533 0.008669
v 0.125665 0.935422 0.007103
v 0.112003 0.914523 0.005243
v 0.096426 0.896196 0.003123
v 0.079198 0.880753 0.000779
v 0.060616 0.868459 -0.001750
v 0.040996 0.859524 -0.004420
v 0.020675 0.854101 -0.007186
v 0.019475 1.275465 -0.004480
v 0.038617 1.270042 0.000945
v 0.057099 1.261108 0.006182
v 0.074603 1.248814 0.011143
v 0.090831 1.233371 0.015742
v 0.105505 1.215044 0.019901
v 0.118373 1.194145 0.023548
v 0.129217 1.171033 0.026621
v 0.137849 1.146104 0.029068
v 0.144122 1.119782 0.030846
v 0.147930 1.092520 0.031925
v 0.149206 1.064783 0.032287
v 0.147930 1.037047 0.031925
v 0.144122 1.009784 0.030846
v 0.137849 0.983463 0.029068
v 0.129217 0.958533 0.026621
v 0.118373 0.935422 0.023548
v 0.105505 0.914523 0.019901
v 0.090831 0.896196 0.015742
v 0.074603 0.880753 0.011143
v 0.057099 0.868459 0.006182
v 0.038617 0.859524 0.000945
v 0.019475 0.854101 -0.004480
v 0.017527 1.275465 -0.001987
v 0.034755 1.270042 0.005889
v 0.051388 1.261108 0.013493
v 0.067141 1.248814 0.020695
v 0.081746 1.233371 0.027372
v 0.094952 1.215044 0.033410
v 0.106533 1.194145 0.038704
v 0.116292 1.171033 0.043166
v 0.124061 1.146104 0.046717
v 0.129707 1.119782 0.049299
v 0.133134 1.092520 0.050865
v 0.134282 1.064783 0.051391
v 0.133134 1.037047 0.050865
v 0.129707 1.009784 0.049299
v 0.124061 0.983463 0.046717
v 0.116292 0.958533 0.043166
v 0.106533 0.935422 0.038704
v 0.094952 0.914523 0.033410
v 0.081746 0.896196 0.027372
v 0.067141 0.880753 0.020695
v 0.051388 0.868459 0.013493
v 0.034755 0.859524 0.005889
v 0.017527 0.854101 -0.001987
v 0.014906 1.275465 0.000199
v 0.029557 1.270042 0.010223
v 0.043702 1.261108 0.019901
v 0.057099 1.248814 0.029068
v 0.069519 1.233371 0.037566
v 0.080750 1.215044 0.045250
v 0.090599 1.194145 0.051989
v 0.098898 1.171033 0.057667
v 0.105505 1.146104 0.062188
v 0.110307 1.119782 0.065473
v 0.113221 1.092520 0.067467
v 0.114198 1.064783 0.068135
v 0.113221 1.037047 0.067467
v 0.110307 1.009784 0.065473
v 0.105505 0.983463 0.062188
v 0.098898 0.958533 0.057667
v 0.090599 0.935422 0.051989
v 0.080750 0.914523 0.045250
v 0.069519 0.896196 0.037566
v 0.057099 0.880753 0.029068
v 0.043702 0.868459 0.019901
v 0.029557 0.859524 0.010223
v 0.014906 0.854101 0.000199
v 0.011711 1.275465 0.001992
v 0.023222 1.270042 0.013780
v 0.034336 1.261108 0.025160
v 0.044862 1.248814 0.035939
v 0.054621 1.233371 0.045931
v 0.063445 1.215044 0.054967
v 0.071183 1.194145 0.062891
v 0.077704 1.171033 0.069568
v 0.082895 1.146104 0.074884
v 0.086667 1.119782 0.078747
v 0.088957 1.092520 0.081091
v 0.089725 1.064783 0.081877
v 0.088957 1.037047 0.081091
v 0.086667 1.009784 0.078747
v 0.082895 0.983463 0.074884
v 0.077704 0.958533 0.069568
v 0.071183 0.935422 0.062891
v 0.063445 0.914523 0.054967
v 0.054621 0.896196 0.045931
v 0.044862 0.880753 0.035939
v 0.034336 0.868459 0.025160
v 0.023222 0.859524 0.013780
v 0.011711 0.854101 0.001992
v 0.008067 1.275465 0.003325
v 0.015996 1.270042 0.016423
v 0.023651 1.261108 0.029068
v 0.030902 1.248814 0.041044
v 0.037623 1.233371 0.052148
v 0.043702 1.215044 0.062188
v 0.049032 1.194145 0.070992
v 0.053523 1.171033 0.078411
v 0.057099 1.146104 0.084318
v 0.059697 1.119782 0.088610
v 0.061275 1.092520 0.091215
v 0.061803 1.064783 0.092089
v 0.061275 1.037047 0.091215
v 0.059697 1.009784 0.088610
v 0.057099 0.983463 0.084318
v 0.053523 0.958533 0.078411
v 0.049032 0.935422 0.070992
v 0.043702 0.914523 0.062188
v 0.037623 0.896196 0.052148
v 0.030902 0.880753 0.041044
v 0.023651 0.868459 0.029068
v 0.015996 0.859524 0.016423
v 0.008067 0.854101 0.003325
v 0.004112 1.275465 0.004146
v 0.008155 1.270042 0.018050
v 0.012057 1.261108 0.031474
v 0.015754 1.248814 0.044188
v 0.019180 1.233371 0.055976
v 0.022279 1.215044 0.066634
v 0.024996 1.194145 0.075981
v 0.027286 1.171033 0.083857
v 0.029109 1.146104 0.090127
v 0.030433 1.119782 0.094684
v 0.031238 1.092520 0.097450
v 0.031507 1.064783 0.098377
v 0.031238 1.037047 0.097450
v 0.030433 1.009784 0.094684
v 0.029109 0.983463 0.090127
v 0.027286 0.958533 0.083857
v 0.024996 0.935422 0.075981
v 0.022279 0.914523 0.066634
v 0.019180 0.896196 0.055976
v 0.015754 0.880753 0.044188
v 0.012057 0.868459 0.031474
v 0.008155 0.859524 0.018050
v 0.004112 0.854101 0.004146
v -0.000000 1.275465 0.004423
v -0.000000 1.270042 0.018600
v -0.000000 1.261108 0.032287
v -0.000000 1.248814 0.045250
v -0.000000 1.233371 0.057268
v -0.000000 1.215044 0.068135
v -0.000000 1.194145 0.077665
v -0.000000 1.171033 0.085696
v -0.000000 1.146104 0.092089
v -0.000000 1.119782 0.096735
v -0.000000 1.092520 0.099555
v -0.000000 1.064783 0.100500
v -0.000000 1.037047 0.099555
v -0.000000 1.009784 0.096735
v -0.000000 0.983463 0.092089
v -0.000000 0.958533 0.085696
v -0.000000 0.935422 0.077665
v -0.000000 0.914523 0.068135
v -0.000000 0.896196 0.057268
v -0.000000 0.880753 0.045250
v -0.000000 0.868459 0.032287
v -0.000000 0.859524 0.018600
v -0.000000 0.854101 0.004423
v -0.004113 1.275465 0.004146
v -0.008155 1.270042 0.018050
v -0.012057 1.261108 0.031474
v -0.015754 1.248814 0.044188
v -0.019180 1.233371 0.055976
v -0.022279 1.215044 0.066634
v -0.024996 1.194145 0.075981
v -0.027286 1.171033 0.083857
v -0.029109 1.146104 0.090127
v -0.030434 1.119782 0.094684
v -0.031238 1.092520 0.097450
v -0.031507 1.064783 0.098377
v -0.031238 1.037047 0.097450
v -0.030434 1.009784 0.094684
v -0.029109 0.983463 0.090127
v -0.027286 0.958533 0.083857
v -0.024996 0.935422 0.075981
v -0.022279 0.914523 0.066634
v -0.019180 0.896196 0.055976
v -0.015754 0.880753 0.044188
v -0.012057 0.868459 0.031474
v -0.008155 0.859524 0.018050
v -0.004113 0.854101 0.004146
v -0.008067 1.275465 0.003325
v -0.015996 1.270042 0.016423
v -0.023651 1.261108 0.029068
v -0.030902 1.248814 0.041044
v -0.037624 1.233371 0.052148
v -0.043702 1.215044 0.062188
v -0.049032 1.194145 0.070992
v -0.053523 1.171033 0.078411
v -0.057099 1.146104 0.084318
v -0.059697 1.119782 0.088610
v -0.061275 1.092520 0.091215
v -0.061803 1.064783 0.092089
v -0.061275 1.037047 0.091215
v -0.059697 1.009784 0.088610
v -0.057099 0.983463 0.084318
v -0.053523 0.958533 0.078411
v -0.049032 0.935422 0.070992
v -0.043702 0.914523 0.062188
v -0.037624 0.896196 0.052148
v -0.030902 0.880753 0.041044
v -0.023651 0.868459 0.029068
v -0.015996 0.859524 0.016423
v -0.008067 0.854101 0.003325
v -0.011711 1.275465 0.001992
v -0.023222 1.270042 0.013780
v -0.034336 1.261108 0.025160
v -0.044862 1.248814 0.035939
v -0.054621 1.233371 0.045931
v -0.063445 1.215044 0.054967
v -0.071183 1.194145 0.062891
v -0.077704 1.171033 0.069568
v -0.082895 1.146104 0.074884
v -0.086667 1.119782 0.078747
v -0.088957 1.092520 0.081091
v -0.089725 1.064783 0.081877
v -0.088957 1.037047 0.081091
v -0.086667 1.009784 0.078747
v -0.082895 0.983463 0.074884
v -0.077704 0.958533 0.069568
v -0.071183 0.935422 0.062891
v -0.063445 0.914523 0.054967
v -0.054621 0.896196 0.045931
v -0.044862 0.880753 0.035939
v -0.034336 0.868459 0.025160
v -0.023222 0.859524 0.013780
v -0.011711 0.854101 0.001992
v 0.000000 1.277283 -0.010000
v -0.014906 1.275465 0.000199
v -0.029557 1.270042 0.010223
v -0.043702 1.261108 0.019901
v -0.057099 1.248814 0.029068
v -0.069519 1.233371 0.037566
v -0.080750 1.215044 0.045250
v -0.090599 1.194145 0.051989
v -0.098898 1.171033 0.057667
v -0.105505 1.146104 0.062188
v -0.110307 1.119782 0.065473
v -0.113221 1.092520 0.067467
v -0.114198 1.064783 0.068135
v -0.113221 1.037047 0.067467
v -0.110307 1.009784 0.065473
v -0.105505 0.983463 0.062188
v -0.098898 0.958533 0.057667
v -0.090599 0.935422 0.051989
v -0.080750 0.914523 0.045250
v -0.069519 0.896196 0.037566
v -0.057099 0.880753 0.029068
v -0.043702 0.868459 0.019901
v -0.029557 0.859524 0.010223
v -0.014906 0.854101 0.000199
v -0.017527 1.275465 -0.001987
v -0.034755 1.270042 0.005889
v -0.051388 1.261108 0.013493
v -0.067141 1.248814 0.020695
v -0.081746 1.233371 0.027372
v -0.094952 1.215044 0.033410
v -0.106533 1.194145 0.038704
v -0.116292 1.171033 0.043166
v -0.124061 1.146104 0.046717
v -0.129707 1.119782 0.049299
v -0.133133 1.092520 0.050865
v -0.134282 1.064783 0.051390
v -0.133133 1.037047 0.050865
v -0.129707 1.009784 0.049299
v -0.124061 0.983463 0.046717
v -0.116292 0.958533 0.043166
v -0.106533 0.935422 0.038704
v -0.094952 0.914523 0.033410
v -0.081746 0.896196 0.027372
v -0.067141 0.880753 0.020695
v -0.051388 0.868459 0.013493
v -0.034755 0.859524 0.005889
v -0.017527 0.854101 -0.001987
v -0.019475 1.275465 -0.004480
v -0.038617 1.270042 0.000945
v -0.057099 1.261108 0.006182
v -0.074603 1.248814 0.011143
v -0.090831 1.233371 0.015742
v -0.105505 1.215044 0.019901
v -0.118373 1.194145 0.023548
v -0.129217 1.171033 0.026621
v -0.137849 1.146104 0.029068
v -0.144122 1.119782 0.030846
v -0.147930 1.092520 0.031925
v -0.149206 1.064783 0.032287
v -0.147930 1.037047 0.031925
v -0.144122 1.009784 0.030846
v -0.137849 0.983463 0.029068
v -0.129217 0.958533 0.026621
v -0.118373 0.935422 0.023548
v -0.105505 0.914523 0.019901
v -0.090831 0.896196 0.015742
v -0.074603 0.880753 0.011143
v -0.057099 0.868459 0.006182
v -0.038617 0.859524 0.000945
v -0.019475 0.854101 -0.004480
v -0.020675 1.275465 -0.007186
v -0.040996 1.270042 -0.004420
v -0.060616 1.261108 -0.001750
v -0.079198 1.248814 0.000779
v -0.096426 1.233371 0.003123
v -0.112003 1.215044 0.005243
v -0.125665 1.194145 0.007103
v -0.137176 1.171033 0.008669
v -0.146339 1.146104 0.009917
v -0.153000 1.119782 0.010823
v -0.157042 1.092520 0.011373
v -0.158397 1.064783 0.011557
v -0.157042 1.037047 0.011373
v -0.153000 1.009784 0.010823
v -0.146339 0.983463 0.009917
v -0.137176 0.958533 0.008669
v -0.125665 0.935422 0.007103
v -0.112003 0.914523 0.005243
v -0.096426 0.896196 0.003123
v -0.079198 0.880753 0.000779
v -0.060616 0.868459 -0.001750
v -0.040996 0.859524 -0.004420
v -0.020675 0.854101 -0.007186
v -0.021080 1.275465 -0.010000
v -0.041799 1.270042 -0.010000
v -0.061803 1.261108 -0.010000
v -0.080750 1.248814 -0.010000
v -0.098315 1.233371 -0.010000
v -0.114198 1.215044 -0.010000
v -0.128126 1.194145 -0.010000
v -0.139863 1.171033 -0.010000
v -0.149206 1.146104 -0.010000
v -0.155997 1.119782 -0.010000
v -0.160118 1.092520 -0.010000
v -0.161500 1.064783 -0.010000
v -0.160118 1.037047 -0.010000
v -0.155997 1.009784 -0.010000
v -0.149206 0.983463 -0.010000
v -0.139863 0.958533 -0.010000
v -0.128126 0.935422 -0.010000
v -0.114198 0.914523 -0.010000
v -0.098315 0.896196 -0.010000
v -0.080750 0.880753 -0.010000
v -0.061803 0.868459 -0.010000
v -0.041799 0.859524 -0.010000
v -0.021080 0.854101 -0.010000
v -0.020675 1.275465 -0.012814
v -0.040996 1.270042 -0.015579
v -0.060616 1.261108 -0.018250
v -0.079198 1.248814 -0.020779
v -0.096426 1.233371 -0.023123
v -0.112003 1.215044 -0.025243
v -0.125665 1.194145 -0.027103
v -0.137176 1.171033 -0.028669
v -0.146339 1.146104 -0.029916
v -0.153000 1.119782 -0.030823
v -0.157042 1.092520 -0.031373
v -0.158397 1.064783 -0.031557
v -0.157042 1.037047 -0.031373
v -0.153000 1.009784 -0.030823
v -0.146339 0.983463 -0.029916
v -0.137176 0.958533 -0.028669
v -0.125665 0.935422 -0.027103
v -0.112003 0.914523 -0.025243
v -0.096426 0.896196 -0.023123
v -0.079198 0.880753 -0.020779
v -0.060616 0.868459 -0.018250
v -0.040996 0.859524 -0.015579
v -0.020675 0.854101 -0.012814
v -0.019475 1.275465 -0.015519
v -0.038617 1.270042 -0.020945
v -0.057099 1.261108 -0.026182
v -0.074603 1.248814 -0.031143
v -0.090831 1.233371 -0.035742
v -0.105505 1.215044 -0.039901
v -0.118373 1.194145 -0.043548
v -0.129217 1.171033 -0.046621
v -0.137849 1.146104 -0.049068
v -0.144122 1.119782 -0.050846
v -0.147930 1.092520 -0.051925
v -0.149206 1.064783 -0.052286
v -0.147930 1.037047 -0.051925
v -0.144122 1.009784 -0.050846
v -0.137849 0.983463 -0.049068
v -0.129217 0.958533 -0.046621
v -0.118373 0.935422 -0.043548
v -0.105505 0.914523 -0.039901
v -0.090831 0.896196 -0.035742
v -0.074603 0.880753 -0.031143
v -0.057099 0.868459 -0.026182
v -0.038617 0.859524 -0.020945
v -0.019475 0.854101 -0.015519
v -0.017527 1.275465 -0.018013
v -0.034755 1.270042 -0.025889
v -0.051388 1.261108 -0.033493
v -0.067141 1.248814 -0.040695
v -0.081746 1.233371 -0.047372
v -0.094952 1.215044 -0.053410
v -0.106533 1.194145 -0.058704
v -0.116292 1.171033 -0.063166
v -0.124061 1.146104 -0.066717
v -0.129707 1.119782 -0.069299
v -0.133133 1.092520 -0.070865
v -0.134282 1.064783 -0.071390
v -0.133133 1.037047 -0.070865
v -0.129707 1.009784 -0.069299
v -0.124061 0.983463 -0.066717
v -0.116292 0.958533 -0.063166
v -0.106533 0.935422 -0.058704
v -0.094952 0.914523 -0.053410
v -0.081746 0.896196 -0.047372
v -0.067141 0.880753 -0.040695
v -0.051388 0.868459 -0.033493
v -0.034755 0.859524 -0.025889
v -0.017527 0.854101 -0.018013
v -0.014906 1.275465 -0.020199
v -0.029557 1.270042 -0.030223
v -0.043702 1.261108 -0.039901
v -0.057099 1.248814 -0.049068
v -0.069519 1.233371 -0.057566
v -0.080750 1.215044 -0.065250
v -0.090599 1.194145 -0.071989
v -0.098898 1.171033 -0.077667
v -0.105505 1.146104 -0.082188
v -0.110307 1.119782 -0.085473
v -0.113221 1.092520 -0.087467
v -0.114198 1.064783 -0.088135
v -0.113221 1.037047 -0.087467
v -0.110307 1.009784 -0.085473
v -0.105505 0.983463 -0.082188
v -0.098898 0.958533 -0.077667
v -0.090599 0.935422 -0.071989
v -0.080750 0.914523 -0.065250
v -0.069519 0.896196 -0.057566
v -0.057099 0.880753 -0.049068
v -0.043702 0.868459 -0.039901
v -0.029557 0.859524 -0.030223
v -0.014906 0.854101 -0.020199
v -0.011711 1.275465 -0.021992
v -0.023222 1.270042 -0.033780
v -0.034336 1.261108 -0.045160
v -0.044862 1.248814 -0.055939
v -0.054621 1.233371 -0.065931
v -0.063445 1.215044 -0.074967
v -0.071183 1.194145 -0.082891
v -0.077704 1.171033 -0.089568
v -0.082895 1.146104 -0.094884
v -0.086667 1.119782 -0.098747
v -0.088957 1.092520 -0.101091
v -0.089725 1.064783 -0.101877
v -0.088957 1.037047 -0.101091
v -0.086667 1.009784 -0.098747
v -0.082895 0.983463 -0.094884
v -0.077704 0.958533 -0.089568
v -0.071183 0.935422 -0.082891
v -0.063445 0.914523 -0.074967
v -0.054621 0.896196 -0.065931
v -0.044862 0.880753 -0.055939
v -0.034336 0.868459 -0.045160
v -0.023222 0.859524 -0.033780
v -0.011711 0.854101 -0.021992
v -0.008067 1.275465 -0.023325
v -0.015996 1.270042 -0.036422
v -0.023651 1.261108 -0.049068
v -0.030902 1.248814 -0.061044
v -0.037623 1.233371 -0.072148
v -0.043702 1.215044 -0.082188
v -0.049032 1.194145 -0.090992
v -0.053523 1.171033 -0.098411
v -0.057099 1.146104 -0.104318
v -0.059697 1.119782 -0.108610
v -0.061275 1.092520 -0.111215
v -0.061803 1.064783 -0.112089
v -0.061275 1.037047 -0.111215
v -0.059697 1.009784 -0.108610
v -0.057099 0.983463 -0.104318
v -0.053523 0.958533 -0.098411
v -0.049032 0.935422 -0.090992
v -0.043702 0.914523 -0.082188
v -0.037623 0.896196 -0.072148
v -0.030902 0.880753 -0.061044
v -0.023651 0.868459 -0.049068
v -0.015996 0.859524 -0.036422
v -0.008067 0.854101 -0.023325
v -0.004112 1.275465 -0.024146
v -0.008155 1.270042 -0.038050
v -0.012057 1.261108 -0.051474
v -0.015754 1.248814 -0.064188
v -0.019180 1.233371 -0.075976
v -0.022279 1.215044 -0.086634
v -0.024996 1.194145 -0.095981
v -0.027286 1.171033 -0.103857
v -0.029109 1.146104 -0.110127
v -0.030433 1.119782 -0.114684
v -0.031237 1.092520 -0.117450
v -0.031507 1.064783 -0.118377
v -0.031237 1.037047 -0.117450
v -0.030433 1.009784 -0.114684
v -0.029109 0.983463 -0.110127
v -0.027286 0.958533 -0.103857
v -0.024996 0.935422 -0.095981
v -0.022279 0.914523 -0.086634
v -0.019180 0.896196 -0.075976
v -0.015754 0.880753 -0.064188
v -0.012057 0.868459 -0.051474
v -0.008155 0.859524 -0.038050
v -0.004112 0.854101 -0.024146
v 0.000000 1.275465 -0.024423
v 0.000000 1.270042 -0.038599
v 0.000000 1.261108 -0.052286
v 0.000000 1.248814 -0.065250
v 0.000000 1.233371 -0.077268
v 0.000000 1.215044 -0.088135
v 0.000000 1.119782 -0.116735
v 0.000000 1.064783 -0.120500
v 0.000000 1.037047 -0.119555
v 0.000000 1.009784 -0.116735
v 0.000000 0.914523 -0.088135
v 0.000000 0.880753 -0.065250
v 0.000000 0.868459 -0.052286
v 0.000000 0.859524 -0.038599
v 0.000000 0.854101 -0.024423
v 0.000000 1.181232 -0.128504
v 0.000000 1.144046 -0.136491
v 0.000000 1.064783 -0.143000
v 0.000000 0.985520 -0.136491
v 0.000000 0.948335 -0.128504
v 0.000000 0.883410 -0.104045
v 0.006945 1.318125 -0.030284
v 0.013718 1.308729 -0.050069
v 0.020154 1.293326 -0.068867
v 0.026094 1.272296 -0.086215
v 0.031391 1.246156 -0.101687
v 0.035915 1.215550 -0.114902
v 0.039554 1.181232 -0.125533
v 0.042220 1.144046 -0.133319
v 0.043846 1.104909 -0.138069
v 0.044393 1.064783 -0.139665
v 0.043846 1.024658 -0.138069
v 0.042220 0.985520 -0.133319
v 0.039554 0.948335 -0.125533
v 0.035915 0.914016 -0.114902
v 0.031391 0.883410 -0.101687
v 0.026094 0.857270 -0.086215
v 0.020154 0.836240 -0.068867
v 0.013718 0.820837 -0.050069
v 0.006945 0.811441 -0.030284
v 0.013541 1.318125 -0.028745
v 0.026748 1.308729 -0.047029
v 0.039297 1.293326 -0.064401
v 0.050879 1.272296 -0.080434
v 0.061207 1.246156 -0.094732
v 0.070028 1.215550 -0.106944
v 0.077125 1.181232 -0.116768
v 0.082323 1.144046 -0.123964
v 0.085494 1.104909 -0.128354
v 0.086560 1.064783 -0.129829
v 0.085494 1.024658 -0.128354
v 0.082323 0.985520 -0.123964
v 0.077125 0.948335 -0.116768
v 0.070028 0.914016 -0.106944
v 0.061207 0.883410 -0.094732
v 0.050879 0.857270 -0.080434
v 0.039297 0.836240 -0.064401
v 0.026748 0.820837 -0.047029
v 0.013541 0.811441 -0.028745
v 0.019458 1.318125 -0.026267
v 0.038437 1.308729 -0.042133
v 0.056470 1.293326 -0.057208
v 0.073112 1.272296 -0.071120
v 0.087954 1.246156 -0.083527
v 0.100631 1.215550 -0.094124
v 0.110829 1.181232 -0.102650
v 0.118298 1.144046 -0.108894
v 0.122855 1.104909 -0.112703
v 0.124386 1.064783 -0.113984
v 0.122855 1.024658 -0.112703
v 0.118298 0.985520 -0.108894
v 0.110829 0.948335 -0.102650
v 0.100631 0.914016 -0.094124
v 0.087954 0.883410 -0.083527
v 0.073112 0.857270 -0.071120
v 0.056470 0.836240 -0.057208
v 0.038437 0.820837 -0.042133
v 0.019458 0.811441 -0.026267
v 0.024400 1.318125 -0.022972
v 0.048199 1.308729 -0.035625
v 0.070811 1.293326 -0.047647
v 0.091680 1.272296 -0.058742
v 0.110291 1.246156 -0.068636
v 0.126187 1.215550 -0.077087
v 0.138975 1.181232 -0.083886
v 0.148341 1.144046 -0.088866
v 0.154055 1.104909 -0.091903
v 0.155975 1.064783 -0.092924
v 0.154055 1.024658 -0.091903
v 0.148341 0.985520 -0.088866
v 0.138975 0.948335 -0.083886
v 0.126187 0.914016 -0.077087
v 0.110291 0.883410 -0.068636
v 0.091680 0.857270 -0.058742
v 0.070811 0.836240 -0.047647
v 0.048199 0.820837 -0.035625
v 0.024400 0.811441 -0.022972
v 0.028118 1.318125 -0.019027
v 0.055544 1.308729 -0.027832
v 0.081602 1.293326 -0.036198
v 0.105650 1.272296 -0.043919
v 0.127098 1.246156 -0.050805
v 0.145415 1.215550 -0.056686
v 0.160152 1.181232 -0.061417
v 0.170946 1.144046 -0.064882
v 0.177530 1.104909 -0.066996
v 0.179743 1.064783 -0.067707
v 0.177530 1.024658 -0.066996
v 0.170946 0.985520 -0.064882
v 0.160152 0.948335 -0.061417
v 0.145415 0.914016 -0.056686
v 0.127098 0.883410 -0.050805
v 0.105650 0.857270 -0.043919
v 0.081602 0.836240 -0.036198
v 0.055544 0.820837 -0.027832
v 0.028118 0.811441 -0.019027
v 0.030426 1.318125 -0.014630
v 0.060103 1.308729 -0.019145
v 0.088300 1.293326 -0.023436
v 0.114323 1.272296 -0.027396
v 0.137531 1.246156 -0.030927
v 0.157352 1.215550 -0.033943
v 0.173299 1.181232 -0.036370
v 0.184979 1.144046 -0.038147
v 0.192104 1.104909 -0.039231
v 0.194498 1.064783 -0.039595
v 0.192104 1.024658 -0.039231
v 0.184979 0.985520 -0.038147
v 0.173299 0.948335 -0.036370
v 0.157352 0.914016 -0.033943
v 0.137531 0.883410 -0.030927
v 0.114323 0.857270 -0.027396
v 0.088300 0.836240 -0.023436
v 0.060103 0.820837 -0.019145
v 0.030426 0.811441 -0.014630
v 0.031209 1.318125 -0.010000
v 0.061649 1.308729 -0.010000
v 0.090571 1.293326 -0.010000
v 0.117263 1.272296 -0.010000
v 0.141068 1.246156 -0.010000
v 0.161399 1.215550 -0.010000
v 0.177756 1.181232 -0.010000
v 0.189736 1.144046 -0.010000
v 0.197044 1.104909 -0.010000
v 0.199500 1.064783 -0.010000
v 0.197044 1.024658 -0.010000
v 0.189736 0.985520 -0.010000
v 0.177756 0.948335 -0.010000
v 0.161399 0.914016 -0.010000
v 0.141068 0.883410 -0.010000
v 0.117263 0.857270 -0.010000
v 0.090571 0.836240 -0.010000
v 0.061649 0.820837 -0.010000
v 0.031209 0.811441 -0.010000
v 0.030426 1.318125 -0.005370
v 0.060103 1.308729 -0.000855
v 0.088300 1.293326 0.003436
v 0.114323 1.272296 0.007396
v 0.137531 1.246156 0.010927
v 0.157352 1.215550 0.013943
v 0.173299 1.181232 0.016370
v 0.184979 1.144046 0.018147
v 0.192104 1.104909 0.019231
v 0.194498 1.064783 0.019595
v 0.192104 1.024658 0.019231
v 0.184979 0.985520 0.018147
v 0.173299 0.948335 0.016370
v 0.157352 0.914016 0.013943
v 0.137531 0.883410 0.010927
v 0.114323 0.857270 0.007396
v 0.088300 0.836240 0.003436
v 0.060103 0.820837 -0.000855
v 0.030426 0.811441 -0.005370
v 0.028118 1.318125 -0.000973
v 0.055544 1.308729 0.007832
v 0.081602 1.293326 0.016198
v 0.105650 1.272296 0.023919
v 0.127098 1.246156 0.030805
v 0.145415 1.215550 0.036686
v 0.160152 1.181232 0.041417
v 0.170946 1.144046 0.044882
v 0.177530 1.104909 0.046996
v 0.179743 1.064783 0.047707
v 0.177530 1.024658 0.046996
v 0.170946 0.985520 0.044882
v 0.160152 0.948335 0.041417
v 0.145415 0.914016 0.036686
v 0.127098 0.883410 0.030805
v 0.105650 0.857270 0.023919
v 0.081602 0.836240 0.016198
v 0.055544 0.820837 0.007832
v 0.028118 0.811441 -0.000973
v 0.024400 1.318125 0.002972
v 0.048199 1.308729 0.015625
v 0.070811 1.293326 0.027647
v 0.091680 1.272296 0.038742
v 0.110291 1.246156 0.048636
v 0.126187 1.215550 0.057087
v 0.138975 1.181232 0.063886
v 0.148341 1.144046 0.068866
v 0.154055 1.104909 0.071903
v 0.155975 1.064783 0.072924
v 0.154055 1.024658 0.071903
v 0.148341 0.985520 0.068866
v 0.138975 0.948335 0.063886
v 0.126187 0.914016 0.057087
v 0.110291 0.883410 0.048636
v 0.091680 0.857270 0.038742
v 0.070811 0.836240 0.027647
v 0.048199 0.820837 0.015625
v 0.024400 0.811441 0.002972
v 0.019458 1.318125 0.006267
v 0.038437 1.308729 0.022133
v 0.056470 1.293326 0.037208
v 0.073112 1.272296 0.051120
v 0.087954 1.246156 0.063528
v 0.100631 1.215550 0.074125
v 0.110829 1.181232 0.082650
v 0.118298 1.144046 0.088894
v 0.122855 1.104909 0.092703
v 0.124386 1.064783 0.093984
v 0.122855 1.024658 0.092703
v 0.118298 0.985520 0.088894
v 0.110829 0.948335 0.082650
v 0.100631 0.914016 0.074125
v 0.087954 0.883410 0.063528
v 0.073112 0.857270 0.051120
v 0.056470 0.836240 0.037208
v 0.038437 0.820837 0.022133
v 0.019458 0.811441 0.006267
v 0.013541 1.318125 0.008745
v 0.026748 1.308729 0.027029
v 0.039297 1.293326 0.044401
v 0.050879 1.272296 0.060434
v 0.061207 1.246156 0.074732
v 0.070028 1.215550 0.086944
v 0.077125 1.181232 0.096768
v 0.082323 1.144046 0.103964
v 0.085494 1.104909 0.108353
v 0.086560 1.064783 0.109829
v 0.085494 1.024658 0.108353
v 0.082323 0.985520 0.103964
v 0.077125 0.948335 0.096768
v 0.070028 0.914016 0.086944
v 0.061207 0.883410 0.074732
v 0.050879 0.857270 0.060434
v 0.039297 0.836240 0.044401
v 0.026748 0.820837 0.027029
v 0.013541 0.811441 0.008745
v 0.006945 1.318125 0.010284
v 0.013718 1.308729 0.030069
v 0.020154 1.293326 0.048867
v 0.026094 1.272296 0.066215
v 0.031391 1.246156 0.081687
v 0.035915 1.215550 0.094901
v 0.039554 1.181232 0.105533
v 0.042220 1.144046 0.113319
v 0.043846 1.104909 0.118069
v 0.044393 1.064783 0.119665
v 0.043846 1.024658 0.118069
v 0.042220 0.985520 0.113319
v 0.039554 0.948335 0.105533
v 0.035915 0.914016 0.094901
v 0.031391 0.883410 0.081687
v 0.026094 0.857270 0.066215
v 0.020154 0.836240 0.048867
v 0.013718 0.820837 0.030069
v 0.006945 0.811441 0.010284
v 0.000000 1.318125 0.010806
v -0.000000 1.308729 0.031099
v 0.000000 1.293326 0.050381
v 0.000000 1.272296 0.068175
v -0.000000 1.246156 0.084045
v 0.000000 1.215550 0.097599
v -0.000000 1.181232 0.108504
v -0.000000 1.144046 0.116491
v 0.000000 1.104909 0.121362
v -0.000000 1.064783 0.123000
v 0.000000 1.024658 0.121362
v -0.000000 0.985520 0.116491
v -0.000000 0.948335 0.108504
v 0.000000 0.914016 0.097599
v -0.000000 0.883410 0.084045
v 0.000000 0.857270 0.068175
v 0.000000 0.836240 0.050381
v -0.000000 0.820837 0.031099
v 0.000000 0.811441 0.010806
v 0.000000 0.808283 -0.010000
v -0.006945 1.318125 0.010284
v -0.013718 1.308729 0.030069
v -0.020154 1.293326 0.048867
v -0.026093 1.272296 0.066215
v -0.031391 1.246156 0.081687
v -0.035915 1.215550 0.094901
v -0.039554 1.181232 0.105533
v -0.042220 1.144046 0.113319
v -0.043846 1.104909 0.118069
v -0.044393 1.064783 0.119665
v -0.043846 1.024658 0.118069
v -0.042220 0.985520 0.113319
v -0.039554 0.948335 0.105533
v -0.035915 0.914016 0.094901
v -0.031391 0.883410 0.081687
v -0.026093 0.857270 0.066215
v -0.020154 0.836240 0.048867
v -0.013718 0.820837 0.030069
v -0.006945 0.811441 0.010284
v -0.013541 1.318125 0.008745
v -0.026748 1.308729 0.027029
v -0.039297 1.293326 0.044401
v -0.050879 1.272296 0.060434
v -0.061207 1.246156 0.074732
v -0.070028 1.215550 0.086944
v -0.077125 1.181232 0.096768
v -0.082323 1.144046 0.103964
v -0.085494 1.104909 0.108353
v -0.086560 1.064783 0.109829
v -0.085494 1.024658 0.108353
v -0.082323 0.985520 0.103964
v -0.077125 0.948335 0.096768
v -0.070028 0.914016 0.086944
v -0.061207 0.883410 0.074732
v -0.050879 0.857270 0.060434
v -0.039297 0.836240 0.044401
v -0.026748 0.820837 0.027029
v -0.013541 0.811441 0.008745
v -0.019458 1.318125 0.006267
v -0.038437 1.308729 0.022133
v -0.056470 1.293326 0.037208
v -0.073112 1.272296 0.051120
v -0.087954 1.246156 0.063527
v -0.100631 1.215550 0.074125
v -0.110829 1.181232 0.082650
v -0.118298 1.144046 0.088894
v -0.122855 1.104909 0.092703
v -0.124386 1.064783 0.093984
v -0.122855 1.024658 0.092703
v -0.118298 0.985520 0.088894
v -0.110829 0.948335 0.082650
v -0.100631 0.914016 0.074125
v -0.087954 0.883410 0.063527
v -0.073112 0.857270 0.051120
v -0.056470 0.836240 0.037208
v -0.038437 0.820837 0.022133
v -0.019458 0.811441 0.006267
v -0.024400 1.318125 0.002972
v -0.048199 1.308729 0.015625
v -0.070811 1.293326 0.027647
v -0.091680 1.272296 0.038742
v -0.110291 1.246156 0.048636
v -0.126187 1.215550 0.057087
v -0.138975 1.181232 0.063886
v -0.148341 1.144046 0.068866
v -0.154055 1.104909 0.071903
v -0.155975 1.064783 0.072924
v -0.154055 1.024658 0.071903
v -0.148341 0.985520 0.068866
v -0.138975 0.948335 0.063886
v -0.126187 0.914016 0.057087
v -0.110291 0.883410 0.048636
v -0.091680 0.857270 0.038742
v -0.070811 0.836240 0.027647
v -0.048199 0.820837 0.015625
v -0.024400 0.811441 0.002972
v -0.028118 1.318125 -0.000973
v -0.055544 1.308729 0.007832
v -0.081602 1.293326 0.016198
v -0.105650 1.272296 0.023919
v -0.127098 1.246156 0.030805
v -0.145415 1.215550 0.036686
v -0.160152 1.181232 0.041417
v -0.170946 1.144046 0.044882
v -0.177530 1.104909 0.046996
v -0.179743 1.064783 0.047707
v -0.177530 1.024658 0.046996
v -0.170946 0.985520 0.044882
v -0.160152 0.948335 0.041417
v -0.145415 0.914016 0.036686
v -0.127098 0.883410 0.030805
v -0.105650 0.857270 0.023919
v -0.081602 0.836240 0.016198
v -0.055544 0.820837 0.007832
v -0.028118 0.811441 -0.000973
v -0.030426 1.318125 -0.005370
v -0.060103 1.308729 -0.000855
v -0.088300 1.293326 0.003436
v -0.114323 1.272296 0.007396
v -0.137531 1.246156 0.010927
v -0.157352 1.215550 0.013943
v -0.173299 1.181232 0.016370
v -0.184979 1.144046 0.018147
v -0.192103 1.104909 0.019231
v -0.194498 1.064783 0.019595
v -0.192103 1.024658 0.019231
v -0.184979 0.985520 0.018147
v -0.173299 0.948335 0.016370
v -0.157352 0.914016 0.013943
v -0.137531 0.883410 0.010927
v -0.114323 0.857270 0.007396
v -0.088300 0.836240 0.003436
v -0.060103 0.820837 -0.000855
v -0.030426 0.811441 -0.005370
v 0.000000 1.321283 -0.010000
v -0.031209 1.318125 -0.010000
v -0.061649 1.308729 -0.010000
v -0.090571 1.293326 -0.010000
v -0.117263 1.272296 -0.010000
v -0.141068 1.246156 -0.010000
v -0.161399 1.215550 -0.010000
v -0.177756 1.181232 -0.010000
v -0.189736 1.144046 -0.010000
v -0.197044 1.104909 -0.010000
v -0.199500 1.064783 -0.010000
v -0.197044 1.024658 -0.010000
v -0.189736 0.985520 -0.010000
v -0.177756 0.948335 -0.010000
v -0.161399 0.914016 -0.010000
v -0.141068 0.883410 -0.010000
v -0.117263 0.857270 -0.010000
v -0.090571 0.836240 -0.010000
v -0.061649 0.820837 -0.010000
v -0.031209 0.811441 -0.010000
v -0.030426 1.318125 -0.014630
v -0.060103 1.308729 -0.019145
v -0.088300 1.293326 -0.023436
v -0.114323 1.272296 -0.027396
v -0.137531 1.246156 -0.030927
v -0.157352 1.215550 -0.033943
v -0.173299 1.181232 -0.036370
v -0.184979 1.144046 -0.038147
v -0.192103 1.104909 -0.039231
v -0.194498 1.064783 -0.039595
v -0.192103 1.024658 -0.039231
v -0.184979 0.985520 -0.038147
v -0.173299 0.948335 -0.036370
v -0.157352 0.914016 -0.033943
v -0.137531 0.883410 -0.030927
v -0.114323 0.857270 -0.027396
v -0.088300 0.836240 -0.023436
v -0.060103 0.820837 -0.019145
v -0.030426 0.811441 -0.014630
v -0.028118 1.318125 -0.019027
v -0.055544 1.308729 -0.027832
v -0.081602 1.293326 -0.036198
v -0.105650 1.272296 -0.043919
v -0.127098 1.246156 -0.050805
v -0.145415 1.215550 -0.056686
v -0.160152 1.181232 -0.061417
v -0.170946 1.144046 -0.064882
v -0.177530 1.104909 -0.066996
v -0.179743 1.064783 -0.067707
v -0.177530 1.024658 -0.066996
v -0.170946 0.985520 -0.064882
v -0.160152 0.948335 -0.061417
v -0.145415 0.914016 -0.056686
v -0.127098 0.883410 -0.050805
v -0.105650 0.857270 -0.043919
v -0.081602 0.836240 -0.036198
v -0.055544 0.820837 -0.027832
v -0.028118 0.811441 -0.019027
v -0.024400 1.318125 -0.022972
v -0.048199 1.308729 -0.035625
v -0.070811 1.293326 -0.047647
v -0.091680 1.272296 -0.058742
v -0.110291 1.246156 -0.068636
v -0.126187 1.215550 -0.077087
v -0.138975 1.181232 -0.083886
v -0.148341 1.144046 -0.088866
v -0.154055 1.104909 -0.091903
v -0.155975 1.064783 -0.092924
v -0.154055 1.024658 -0.091903
v -0.148341 0.985520 -0.088866
v -0.138975 0.948335 -0.083886
v -0.126187 0.914016 -0.077087
v -0.110291 0.883410 -0.068636
v -0.091680 0.857270 -0.058742
v -0.070811 0.836240 -0.047647
v -0.048199 0.820837 -0.035625
v -0.024400 0.811441 -0.022972
v -0.019458 1.318125 -0.026267
v -0.038437 1.308729 -0.042133
v -0.056470 1.293326 -0.057208
v -0.073112 1.272296 -0.071120
v -0.087954 1.246156 -0.083527
v -0.100631 1.215550 -0.094124
v -0.110829 1.181232 -0.102650
v -0.118298 1.144046 -0.108894
v -0.122855 1.104909 -0.112703
v -0.124386 1.064783 -0.113984
v -0.122855 1.024658 -0.112703
v -0.118298 0.985520 -0.108894
v -0.110829 0.948335 -0.102650
v -0.100631 0.914016 -0.094124
v -0.087954 0.883410 -0.083527
v -0.073112 0.857270 -0.071120
v -0.056470 0.836240 -0.057208
v -0.038437 0.820837 -0.042133
v -0.019458 0.811441 -0.026267
v -0.013541 1.318125 -0.028745
v -0.026748 1.308729 -0.047029
v -0.039297 1.293326 -0.064401
v -0.050879 1.272296 -0.080434
v -0.061207 1.246156 -0.094732
v -0.070028 1.215550 -0.106944
v -0.077125 1.181232 -0.116768
v -0.082323 1.144046 -0.123964
v -0.085494 1.104909 -0.128354
v -0.086560 1.064783 -0.129829
v -0.085494 1.024658 -0.128354
v -0.082323 0.985520 -0.123964
v -0.077125 0.948335 -0.116768
v -0.070028 0.914016 -0.106944
v -0.061207 0.883410 -0.094732
v -0.050879 0.857270 -0.080434
v -0.039297 0.836240 -0.064401
v -0.026748 0.820837 -0.047029
v -0.013541 0.811441 -0.028745
v -0.006945 1.318125 -0.030284
v -0.013718 1.308729 -0.050069
v -0.020154 1.293326 -0.068867
v -0.026094 1.272296 -0.086215
v -0.031391 1.246156 -0.101687
v -0.035915 1.215550 -0.114902
v -0.039554 1.181232 -0.125533
v -0.042220 1.144046 -0.133319
v -0.043846 1.104909 -0.138069
v -0.044393 1.064783 -0.139665
v -0.043846 1.024658 -0.138069
v -0.042220 0.985520 -0.133319
v -0.039554 0.948335 -0.125533
v -0.035915 0.914016 -0.114902
v -0.031391 0.883410 -0.101687
v -0.026094 0.857270 -0.086215
v -0.020154 0.836240 -0.068867
v -0.013718 0.820837 -0.050069
v -0.006945 0.811441 -0.030284
v 0.000000 1.318125 -0.030806
v -0.000000 1.308729 -0.051099
v -0.000000 1.293326 -0.070381
v -0.000000 1.272296 -0.088175
v 0.000000 1.246156 -0.104045
v 0.000000 1.215550 -0.117599
v 0.000000 1.104909 -0.141363
v 0.000000 1.024658 -0.141363
v 0.000000 0.914016 -0.117599
v -0.000000 0.857270 -0.088175
v -0.000000 0.836240 -0.070381
v -0.000000 0.820837 -0.051099
v 0.000000 0.811441 -0.030806
v -0.125000 0.015000 0.020000
v -0.125000 0.065000 0.020000
v -0.125000 0.015000 -0.120000
v -0.125000 0.065000 -0.120000
v -0.055000 0.015000 0.020000
v -0.055000 0.065000 0.020000
v -0.055000 0.015000 -0.120000
v -0.055000 0.065000 -0.120000
v 0.055000 0.015000 0.020000
v 0.055000 0.065000 0.020000
v 0.055000 0.015000 -0.120000
v 0.055000 0.065000 -0.120000
v 0.125000 0.015000 0.020000
v 0.125000 0.065000 0.020000
v 0.125000 0.015000 -0.120000
v 0.125000 0.065000 -0.120000
v 0.000000 1.757706 -0.103816
v 0.000000 1.746909 -0.115040
v 0.000000 1.721225 -0.128516
v 0.000000 1.693425 -0.128516
v 0.000000 1.667740 -0.115040
v 0.004797 1.777206 -0.057007
v 0.009409 1.773151 -0.073360
v 0.013660 1.766567 -0.088432
v 0.017386 1.757706 -0.101642
v 0.020444 1.746909 -0.112483
v 0.022716 1.734591 -0.120539
v 0.024115 1.721225 -0.125500
v 0.024588 1.707325 -0.127175
v 0.024115 1.693425 -0.125500
v 0.022716 1.680059 -0.120539
v 0.020444 1.667740 -0.112483
v 0.017386 1.656944 -0.101642
v 0.013660 1.648083 -0.088432
v 0.009409 1.641499 -0.073360
v 0.004797 1.637444 -0.057007
v 0.009267 1.777206 -0.055248
v 0.018177 1.773151 -0.069910
v 0.026390 1.766567 -0.083423
v 0.033588 1.757706 -0.095267
v 0.039495 1.746909 -0.104987
v 0.043884 1.734591 -0.112209
v 0.046587 1.721225 -0.116657
v 0.047500 1.707325 -0.118159
v 0.046587 1.693425 -0.116657
v 0.043884 1.680059 -0.112209
v 0.039495 1.667740 -0.104987
v 0.033588 1.656944 -0.095267
v 0.026390 1.648083 -0.083423
v 0.018177 1.641499 -0.069910
v 0.009267 1.637444 -0.055248
v 0.013105 1.777206 -0.052450
v 0.025707 1.773151 -0.064421
v 0.037321 1.766567 -0.075454
v 0.047500 1.757706 -0.085125
v 0.055854 1.746909 -0.093061
v 0.062062 1.734591 -0.098959
v 0.065884 1.721225 -0.102590
v 0.067175 1.707325 -0.103816
v 0.065884 1.693425 -0.102590
v 0.062062 1.680059 -0.098959
v 0.055854 1.667740 -0.093061
v 0.047500 1.656944 -0.085125
v 0.037321 1.648083 -0.075454
v 0.025707 1.641499 -0.064421
v 0.013105 1.637444 -0.052450
v 0.016051 1.777206 -0.048803
v 0.031484 1.773151 -0.057269
v 0.045708 1.766567 -0.065070
v 0.058175 1.757706 -0.071908
v 0.068407 1.746909 -0.077520
v 0.076010 1.734591 -0.081690
v 0.080692 1.721225 -0.084258
v 0.082272 1.707325 -0.085125
v 0.080692 1.693425 -0.084258
v 0.076010 1.680059 -0.081690
v 0.068407 1.667740 -0.077520
v 0.058175 1.656944 -0.071908
v 0.045708 1.648083 -0.065070
v 0.031484 1.641499 -0.057269
v 0.016051 1.637444 -0.048803
v 0.017902 1.777206 -0.044557
v 0.035116 1.773151 -0.048939
v 0.050981 1.766567 -0.052977
v 0.064886 1.757706 -0.056517
v 0.076298 1.746909 -0.059422
v 0.084778 1.734591 -0.061580
v 0.090000 1.721225 -0.062910
v 0.091763 1.707325 -0.063358
v 0.090000 1.693425 -0.062910
v 0.084778 1.680059 -0.061580
v 0.076298 1.667740 -0.059422
v 0.064886 1.656944 -0.056517
v 0.050981 1.648083 -0.052977
v 0.035116 1.641499 -0.048939
v 0.017902 1.637444 -0.044557
v 0.018534 1.777206 -0.040000
v 0.036355 1.773151 -0.040000
v 0.052779 1.766567 -0.040000
v 0.067175 1.757706 -0.040000
v 0.078990 1.746909 -0.040000
v 0.087769 1.734591 -0.040000
v 0.093175 1.721225 -0.040000
v 0.095000 1.707325 -0.040000
v 0.093175 1.693425 -0.040000
v 0.087769 1.680059 -0.040000
v 0.078990 1.667740 -0.040000
v 0.067175 1.656944 -0.040000
v 0.052779 1.648083 -0.040000
v 0.036355 1.641499 -0.040000
v 0.018534 1.637444 -0.040000
v 0.017902 1.777206 -0.035443
v 0.035116 1.773151 -0.031061
v 0.050981 1.766567 -0.027023
v 0.064886 1.757706 -0.023483
v 0.076298 1.746909 -0.020578
v 0.084778 1.734591 -0.018420
v 0.090000 1.721225 -0.017090
v 0.091763 1.707325 -0.016642
v 0.090000 1.693425 -0.017090
v 0.084778 1.680059 -0.018420
v 0.076298 1.667740 -0.020578
v 0.064886 1.656944 -0.023483
v 0.050981 1.648083 -0.027023
v 0.035116 1.641499 -0.031061
v 0.017902 1.637444 -0.035443
v 0.016051 1.777206 -0.031197
v 0.031484 1.773151 -0.022731
v 0.045708 1.766567 -0.014930
v 0.058175 1.757706 -0.008092
v 0.068407 1.746909 -0.002480
v 0.076010 1.734591 0.001690
v 0.080692 1.721225 0.004258
v 0.082272 1.707325 0.005125
v 0.080692 1.693425 0.004258
v 0.076010 1.680059 0.001690
v 0.068407 1.667740 -0.002480
v 0.058175 1.656944 -0.008092
v 0.045708 1.648083 -0.014930
v 0.031484 1.641499 -0.022731
v 0.016051 1.637444 -0.031197
v 0.013105 1.777206 -0.027550
v 0.025707 1.773151 -0.015578
v 0.037321 1.766567 -0.004545
v 0.047500 1.757706 0.005125
v 0.055854 1.746909 0.013061
v 0.062062 1.734591 0.018959
v 0.065884 1.721225 0.022590
v 0.067175 1.707325 0.023816
v 0.065884 1.693425 0.022590
v 0.062062 1.680059 0.018959
v 0.055854 1.667740 0.013061
v 0.047500 1.656944 0.005125
v 0.037321 1.648083 -0.004545
v 0.025707 1.641499 -0.015578
v 0.013105 1.637444 -0.027550
v 0.009267 1.777206 -0.024752
v 0.018177 1.773151 -0.010090
v 0.026390 1.766567 0.003423
v 0.033588 1.757706 0.015267
v 0.039495 1.746909 0.024987
v 0.043884 1.734591 0.032209
v 0.046587 1.721225 0.036657
v 0.047500 1.707325 0.038159
v 0.046587 1.693425 0.036657
v 0.043884 1.680059 0.032209
v 0.039495 1.667740 0.024987
v 0.033588 1.656944 0.015267
v 0.026390 1.648083 0.003423
v 0.018177 1.641499 -0.010090
v 0.009267 1.637444 -0.024752
v 0.004797 1.777206 -0.022993
v 0.009409 1.773151 -0.006640
v 0.013660 1.766567 0.008432
v 0.017386 1.757706 0.021642
v 0.020444 1.746909 0.032483
v 0.022716 1.734591 0.040539
v 0.024115 1.721225 0.045500
v 0.024588 1.707325 0.047175
v 0.024115 1.693425 0.045500
v 0.022716 1.680059 0.040539
v 0.020444 1.667740 0.032483
v 0.017386 1.656944 0.021642
v 0.013660 1.648083 0.008432
v 0.009409 1.641499 -0.006640
v 0.004797 1.637444 -0.022993
v -0.000000 1.777206 -0.022393
v -0.000000 1.773151 -0.005463
v 0.000000 1.766567 0.010140
v 0.000000 1.757706 0.023816
v -0.000000 1.746909 0.035040
v 0.000000 1.734591 0.043380
v -0.000000 1.721225 0.048516
v 0.000000 1.707325 0.050250
v -0.000000 1.693425 0.048516
v 0.000000 1.680059 0.043380
v -0.000000 1.667740 0.035040
v 0.000000 1.656944 0.023816
v 0.000000 1.648083 0.010140
v -0.000000 1.641499 -0.005463
v -0.000000 1.637444 -0.022393
v 0.000000 1.778575 -0.040000
v -0.004797 1.777206 -0.022993
v -0.009409 1.773151 -0.006640
v -0.013660 1.766567 0.008432
v -0.017386 1.757706 0.021642
v -0.020444 1.746909 0.032483
v -0.022716 1.734591 0.040539
v -0.024115 1.721225 0.045500
v -0.024588 1.707325 0.047175
v -0.024115 1.693425 0.045500
v -0.022716 1.680059 0.040539
v -0.020444 1.667740 0.032483
v -0.017386 1.656944 0.021642
v -0.013660 1.648083 0.008432
v -0.009409 1.641499 -0.006640
v -0.004797 1.637444 -0.022993
v -0.009267 1.777206 -0.024752
v -0.018177 1.773151 -0.010090
v -0.026390 1.766567 0.003423
v -0.033588 1.757706 0.015267
v -0.039495 1.746909 0.024987
v -0.043884 1.734591 0.032209
v -0.046587 1.721225 0.036657
v -0.047500 1.707325 0.038159
v -0.046587 1.693425 0.036657
v -0.043884 1.680059 0.032209
v -0.039495 1.667740 0.024987
v -0.033588 1.656944 0.015267
v -0.026390 1.648083 0.003423
v -0.018177 1.641499 -0.010090
v -0.009267 1.637444 -0.024752
v -0.013105 1.777206 -0.027550
v -0.025707 1.773151 -0.015579
v -0.037321 1.766567 -0.004545
v -0.047500 1.757706 0.005125
v -0.055854 1.746909 0.013061
v -0.062062 1.734591 0.018959
v -0.065884 1.721225 0.022590
v -0.067175 1.707325 0.023816
v -0.065884 1.693425 0.022590
v -0.062062 1.680059 0.018959
v -0.055854 1.667740 0.013061
v -0.047500 1.656944 0.005125
v -0.037321 1.648083 -0.004545
v -0.025707 1.641499 -0.015579
v -0.013105 1.637444 -0.027550
v 0.000000 1.636075 -0.040000
v -0.016051 1.777206 -0.031197
v -0.031484 1.773151 -0.022731
v -0.045708 1.766567 -0.014930
v -0.058175 1.757706 -0.008092
v -0.068407 1.746909 -0.002480
v -0.076010 1.734591 0.001690
v -0.080692 1.721225 0.004258
v -0.082272 1.707325 0.005125
v -0.080692 1.693425 0.004258
v -0.076010 1.680059 0.001690
v -0.068407 1.667740 -0.002480
v -0.058175 1.656944 -0.008092
v -0.045708 1.648083 -0.014930
v -0.031484 1.641499 -0.022731
v -0.016051 1.637444 -0.031197
v -0.017902 1.777206 -0.035443
v -0.035116 1.773151 -0.031061
v -0.050981 1.766567 -0.027023
v -0.064886 1.757706 -0.023483
v -0.076298 1.746909 -0.020578
v -0.084778 1.734591 -0.018420
v -0.090000 1.721225 -0.017090
v -0.091763 1.707325 -0.016642
v -0.090000 1.693425 -0.017090
v -0.084778 1.680059 -0.018420
v -0.076298 1.667740 -0.020578
v -0.064886 1.656944 -0.023483
v -0.050981 1.648083 -0.027023
v -0.035116 1.641499 -0.031061
v -0.017902 1.637444 -0.035443
v -0.018534 1.777206 -0.040000
v -0.036355 1.773151 -0.040000
v -0.052779 1.766567 -0.040000
v -0.067175 1.757706 -0.040000
v -0.078990 1.746909 -0.040000
v -0.087769 1.734591 -0.040000
v -0.093175 1.721225 -0.040000
v -0.095000 1.707325 -0.040000
v -0.093175 1.693425 -0.040000
v -0.087769 1.680059 -0.040000
v -0.078990 1.667740 -0.040000
v -0.067175 1.656944 -0.040000
v -0.052779 1.648083 -0.040000
v -0.036355 1.641499 -0.040000
v -0.018534 1.637444 -0.040000
v -0.017902 1.777206 -0.044557
v -0.035116 1.773151 -0.048939
v -0.050981 1.766567 -0.052977
v -0.064886 1.757706 -0.056517
v -0.076298 1.746909 -0.059422
v -0.084778 1.734591 -0.061580
v -0.090000 1.721225 -0.062910
v -0.091763 1.707325 -0.063358
v -0.090000 1.693425 -0.062910
v -0.084778 1.680059 -0.061580
v -0.076298 1.667740 -0.059422
v -0.064886 1.656944 -0.056517
v -0.050981 1.648083 -0.052977
v -0.035116 1.641499 -0.048939
v -0.017902 1.637444 -0.044557
v -0.016051 1.777206 -0.048803
v -0.031484 1.773151 -0.057269
v -0.045708 1.766567 -0.065070
v -0.058175 1.757706 -0.071908
v -0.068407 1.746909 -0.077520
v -0.076010 1.734591 -0.081690
v -0.080692 1.721225 -0.084258
v -0.082272 1.707325 -0.085125
v -0.080692 1.693425 -0.084258
v -0.076010 1.680059 -0.081690
v -0.068407 1.667740 -0.077520
v -0.058175 1.656944 -0.071908
v -0.045708 1.648083 -0.065070
v -0.031484 1.641499 -0.057269
v -0.016051 1.637444 -0.048803
v -0.013105 1.777206 -0.052450
v -0.025707 1.773151 -0.064421
v -0.037321 1.766567 -0.075454
v -0.047500 1.757706 -0.085125
v -0.055854 1.746909 -0.093061
v -0.062062 1.734591 -0.098959
v -0.065884 1.721225 -0.102590
v -0.067175 1.707325 -0.103816
v -0.065884 1.693425 -0.102590
v -0.062062 1.680059 -0.098959
v -0.055854 1.667740 -0.093061
v -0.047500 1.656944 -0.085125
v -0.037321 1.648083 -0.075454
v -0.025707 1.641499 -0.064421
v -0.013105 1.637444 -0.052450
v -0.009267 1.777206 -0.055248
v -0.018177 1.773151 -0.069910
v -0.026390 1.766567 -0.083423
v -0.033588 1.757706 -0.095267
v -0.039495 1.746909 -0.104987
v -0.043884 1.734591 -0.112209
v -0.046587 1.721225 -0.116657
v -0.047500 1.707325 -0.118159
v -0.046587 1.693425 -0.116657
v -0.043884 1.680059 -0.112209
v -0.039495 1.667740 -0.104987
v -0.033588 1.656944 -0.095267
v -0.026390 1.648083 -0.083423
v -0.018177 1.641499 -0.069910
v -0.009267 1.637444 -0.055248
v -0.004797 1.777206 -0.057007
v -0.009409 1.773151 -0.073360
v -0.013660 1.766567 -0.088432
v -0.017386 1.757706 -0.101642
v -0.020444 1.746909 -0.112483
v -0.022716 1.734591 -0.120539
v -0.024115 1.721225 -0.125500
v -0.024588 1.707325 -0.127175
v -0.024115 1.693425 -0.125500
v -0.022716 1.680059 -0.120539
v -0.020444 1.667740 -0.112483
v -0.017386 1.656944 -0.101642
v -0.013660 1.648083 -0.088432
v -0.009409 1.641499 -0.073360
v -0.004797 1.637444 -0.057007
v 0.000000 1.777206 -0.057607
v 0.000000 1.773151 -0.074537
v 0.000000 1.766567 -0.090140
v 0.000000 1.734591 -0.123380
v 0.000000 1.707325 -0.130250
v 0.000000 1.680059 -0.123380
v 0.000000 1.656944 -0.103816
v 0.000000 1.648083 -0.090140
v 0.000000 1.641499 -0.074537
v 0.000000 1.637444 -0.057607
v 0.069500 1.617843 -0.056721
v 0.069500 1.685667 -0.039403
v 0.069500 1.618833 -0.060597
v 0.069500 1.686657 -0.043279
v 0.083500 1.617843 -0.056721
v 0.083500 1.685667 -0.039403
v 0.083500 1.618833 -0.060597
v 0.083500 1.686657 -0.043279
v 0.060691 1.583154 -0.063470
v 0.069212 1.670356 -0.042899
v 0.059208 1.584144 -0.067051
v 0.067729 1.671346 -0.046479
v 0.073625 1.583154 -0.068828
v 0.082146 1.670356 -0.048256
v 0.072142 1.584144 -0.072408
v 0.080663 1.671346 -0.051837
v 0.040892 1.548465 -0.067444
v 0.060136 1.655045 -0.048200
v 0.038152 1.549454 -0.070184
v 0.057395 1.656035 -0.050941
v 0.050792 1.548465 -0.077343
v 0.070035 1.655045 -0.058100
v 0.048051 1.549454 -0.080084
v 0.067295 1.656035 -0.060840
v 0.013530 1.588776 -0.067423
v 0.043244 1.714734 -0.055115
v 0.009949 1.589765 -0.068906
v 0.039663 1.715724 -0.056598
v 0.018887 1.588776 -0.080357
v 0.048602 1.714734 -0.068049
v 0.015307 1.589765 -0.081840
v 0.045021 1.715724 -0.069532
v -0.006721 1.592843 -0.063000
v 0.010597 1.660667 -0.063000
v -0.010597 1.593833 -0.063000
v 0.006721 1.661657 -0.063000
v -0.006721 1.592843 -0.077000
v 0.010597 1.660667 -0.077000
v -0.010597 1.593833 -0.077000
v 0.006721 1.661657 -0.077000
v -0.035092 1.558154 -0.058492
v -0.014520 1.645356 -0.067012
v -0.038673 1.559144 -0.057008
v -0.018101 1.646346 -0.065529
v -0.040449 1.558154 -0.071426
v -0.019878 1.645356 -0.079947
v -0.044030 1.559144 -0.069943
v -0.023459 1.646346 -0.078464
v -0.057395 1.598465 -0.050941
v -0.038152 1.705045 -0.070184
v -0.060136 1.599455 -0.048200
v -0.040892 1.706035 -0.067444
v -0.067295 1.598465 -0.060840
v -0.048051 1.705045 -0.080084
v -0.070035 1.599455 -0.058100
v -0.050792 1.706035 -0.077343
v -0.069622 1.563776 -0.041908
v -0.057314 1.689734 -0.071622
v -0.071105 1.564765 -0.038327
v -0.058797 1.690724 -0.068042
v -0.082556 1.563776 -0.047266
v -0.070248 1.689734 -0.076980
v -0.084040 1.564765 -0.043685
v -0.071731 1.690724 -0.073399
v -0.069500 1.567843 -0.043279
v -0.069500 1.635667 -0.060597
v -0.069500 1.568833 -0.039403
v -0.069500 1.636657 -0.056721
v -0.083500 1.567843 -0.043279
v -0.083500 1.635667 -0.060597
v -0.083500 1.568833 -0.039403
v -0.083500 1.636657 -0.056721
v -0.060691 1.608154 -0.051837
v -0.069212 1.695356 -0.072408
v -0.059208 1.609144 -0.048256
v -0.067729 1.696346 -0.068828
v -0.073625 1.608154 -0.046479
v -0.082146 1.695356 -0.067051
v -0.072142 1.609144 -0.042899
v -0.080663 1.696346 -0.063470
v -0.040892 1.573465 -0.060840
v -0.060136 1.680045 -0.080084
v -0.038152 1.574454 -0.058100
v -0.057395 1.681035 -0.077343
v -0.050792 1.573465 -0.050941
v -0.070035 1.680045 -0.070184
v -0.048051 1.574454 -0.048200
v -0.067295 1.681035 -0.067444
v -0.013530 1.538776 -0.069532
v -0.043244 1.664735 -0.081840
v -0.009949 1.539765 -0.068049
v -0.039663 1.665724 -0.080357
v -0.018887 1.538776 -0.056598
v -0.048602 1.664735 -0.068906
v -0.015307 1.539765 -0.055115
v -0.045021 1.665724 -0.067423
v 0.006721 1.617843 -0.077000
v -0.010597 1.685667 -0.077000
v 0.010597 1.618833 -0.077000
v -0.006721 1.686657 -0.077000
v 0.006721 1.617843 -0.063000
v -0.010597 1.685667 -0.063000
v 0.010597 1.618833 -0.063000
v -0.006721 1.686657 -0.063000
v 0.035092 1.583154 -0.078464
v 0.014520 1.670356 -0.069943
v 0.038673 1.584144 -0.079947
v 0.018101 1.671346 -0.071426
v 0.040449 1.583154 -0.065529
v 0.019878 1.670356 -0.057008
v 0.044030 1.584144 -0.067012
v 0.023459 1.671346 -0.058492
v 0.057395 1.548465 -0.077343
v 0.038152 1.655045 -0.058100
v 0.060136 1.549454 -0.080084
v 0.040892 1.656035 -0.060840
v 0.067295 1.548465 -0.067444
v 0.048051 1.655045 -0.048200
v 0.070035 1.549454 -0.070184
v 0.050792 1.656035 -0.050941
v 0.069622 1.588776 -0.073399
v 0.057314 1.714734 -0.043685
v 0.071105 1.589765 -0.076980
v 0.058797 1.715724 -0.047266
v 0.082556 1.588776 -0.068042
v 0.070248 1.714734 -0.038327
v 0.084040 1.589765 -0.071622
v 0.071731 1.715724 -0.041908
vn -0.4206 -0.8969 -0.1368
vn -0.3282 -0.9159 0.2311
vn -0.0339 -0.9828 0.1813
vn -0.0040 -0.9899 -0.1416
vn -0.0146 -0.8465 -0.5322
vn -0.2203 -0.8634 -0.4539
vn -0.2916 -0.7795 -0.5544
vn -0.5957 -0.7792 -0.1951
vn -0.6728 -0.7288 0.1275
vn 0.0518 0.3257 0.9441
vn 0.0367 0.3918 0.9193
vn 0.1572 0.2084 0.9653
vn 0.1879 0.1565 0.9696
vn 0.0332 0.1426 0.9892
vn 0.0221 0.2294 0.9731
vn -0.0012 -0.1433 0.9897
vn 0.0902 -0.0341 0.9953
vn -0.1485 0.3804 0.9128
vn -0.2756 0.4362 0.8566
vn -0.2449 0.4547 0.8563
vn -0.8231 0.3103 0.4756
vn -0.8283 0.1484 0.5403
vn 0.0816 -0.7502 0.6562
vn -0.0100 -0.7120 0.7021
vn -0.8213 -0.5055 -0.2644
vn -0.4403 -0.6426 -0.6271
vn -0.4269 -0.5279 -0.7342
vn -0.8324 -0.3766 -0.4065
vn -0.9851 -0.1712 0.0162
vn -0.9695 -0.2207 0.1064
vn 0.9026 -0.0197 -0.4301
vn 0.9723 0.1542 -0.1757
vn 0.9831 0.0933 -0.1575
vn 0.9006 -0.0847 -0.4263
vn 0.8816 0.1546 -0.4459
vn 0.9607 0.2149 -0.1760
vn 0.9705 0.1664 -0.1744
vn 0.8979 0.0186 -0.4398
vn 0.0311 -0.6285 -0.7772
vn -0.0128 -0.5144 -0.8574
vn -0.0038 -0.3291 -0.9443
vn 0.2638 -0.3280 -0.9071
vn 0.6677 -0.2851 -0.6877
vn 0.1265 -0.6611 -0.7395
vn 0.7448 0.4944 0.4481
vn 0.7465 0.4845 0.4561
vn 0.2553 0.5118 0.8203
vn 0.2185 0.5900 0.7773
vn 0.9373 0.3128 0.1538
vn 0.7863 0.3818 0.4857
vn 0.9369 0.3246 0.1300
vn 0.3438 0.3240 0.8814
vn 0.3965 -0.0782 -0.9147
vn 0.0235 0.0071 -0.9997
vn 0.0159 0.2700 -0.9627
vn 0.3434 0.1777 -0.9222
vn 0.7301 0.1591 -0.6646
vn 0.7620 -0.0597 -0.6449
vn 0.9543 0.2616 0.1448
vn 0.9514 0.2709 0.1463
vn 0.7907 0.4146 0.4505
vn 0.7992 0.3956 0.4525
vn 0.9366 0.3265 0.1274
vn -0.4931 -0.6792 0.5436
vn 0.9402 0.3199 0.1166
vn 0.9528 0.2669 0.1445
vn 0.9820 0.0948 -0.1632
vn 0.9707 0.1465 -0.1905
vn 0.2622 0.5061 0.8217
vn 0.2599 0.5421 0.7991
vn 0.1350 -0.5969 -0.7909
vn 0.7110 -0.3025 -0.6348
vn 0.6619 -0.3222 -0.6768
vn 0.0700 -0.5307 -0.8447
vn 0.8933 -0.1063 -0.4366
vn 0.9827 0.0900 -0.1620
vn 0.9685 0.1600 -0.1908
vn 0.9409 0.3113 0.1336
vn 0.9833 0.0885 -0.1592
vn 0.9541 0.2617 0.1455
vn 0.9549 0.2428 -0.1707
vn 0.9373 0.3077 0.1638
vn 0.8000 0.3954 0.4513
vn 0.7865 0.4450 0.4283
vn 0.9453 0.3044 0.1178
vn -0.2774 0.4374 0.8554
vn -0.3055 0.4362 0.8464
vn 0.2350 0.5367 0.8104
vn 0.2615 0.5060 0.8220
vn -0.8340 -0.3755 -0.4043
vn -0.8389 -0.3855 -0.3842
vn -0.9778 -0.2045 0.0452
vn -0.9837 -0.1783 0.0229
vn 0.9742 0.1322 -0.1827
vn -0.8281 0.1522 0.5395
vn -0.8202 0.1295 0.5573
vn 0.0733 -0.5311 -0.8441
vn 0.0439 -0.5089 -0.8597
vn -0.4456 -0.5133 -0.7334
vn -0.4291 -0.5276 -0.7332
vn 0.8936 -0.1098 -0.4353
vn 0.8788 -0.0769 -0.4709
vn 0.6260 -0.2999 -0.7198
vn 0.6631 -0.3233 -0.6751
vn 0.2879 0.3113 -0.9057
vn 0.6223 0.2904 -0.7269
vn 0.2143 0.0813 0.9734
vn 0.0333 0.0761 0.9965
vn 0.8572 0.2660 -0.4410
vn 0.9395 0.3044 0.1570
vn 0.7750 0.2798 0.5666
vn 0.3305 0.1830 0.9259
vn 0.2049 0.1073 0.9729
vn 0.9342 0.3018 -0.1904
vn -0.0002 0.3559 -0.9345
vn 0.9343 0.3057 -0.1835
vn 0.9414 0.3026 0.1493
vn -0.4020 -0.5588 -0.7253
vn -0.8124 -0.4618 -0.3559
vn -0.9680 -0.2375 0.0809
vn -0.7965 0.1186 0.5929
vn 0.6524 -0.2530 -0.7144
vn 0.0861 -0.5003 -0.8615
vn 0.2763 0.5522 0.7866
vn 0.7958 0.4578 0.3964
vn 0.9710 0.1505 -0.1858
vn 0.8726 -0.0554 -0.4853
vn 0.9412 0.3202 0.1077
vn -0.2654 0.4396 0.8581
vn 0.4472 -0.8853 -0.1274
vn 0.2832 -0.9421 0.1794
vn 0.2127 -0.8475 -0.4863
vn 0.6365 -0.7496 -0.1813
vn 0.3179 -0.7706 -0.5524
vn 0.7147 -0.6876 0.1285
vn -0.0557 0.2533 0.9658
vn -0.1462 0.1619 0.9759
vn -0.1591 0.2177 0.9630
vn -0.0625 0.3799 0.9229
vn -0.1217 -0.1440 0.9821
vn 0.1600 0.4572 0.8748
vn 0.2525 0.5038 0.8261
vn 0.8219 0.2267 0.5226
vn 0.8233 0.5189 0.2298
vn 0.2342 0.5507 0.8012
vn -0.1020 -0.7592 0.6428
vn 0.8643 -0.4461 -0.2324
vn 0.8600 -0.3476 -0.3736
vn 0.4610 -0.5479 -0.6981
vn 0.4838 -0.6490 -0.5872
vn 0.9891 -0.1140 0.0932
vn 0.9942 -0.1040 0.0265
vn -0.8980 -0.0967 -0.4293
vn -0.8923 -0.1571 -0.4233
vn -0.9854 0.0278 -0.1677
vn -0.9775 0.0830 -0.1937
vn -0.8824 0.1225 -0.4543
vn -0.8956 -0.0567 -0.4411
vn -0.9768 0.0998 -0.1894
vn -0.9674 0.1817 -0.1764
vn -0.0591 -0.6030 -0.7955
vn -0.3193 -0.2833 -0.9043
vn -0.1087 -0.6798 -0.7253
vn -0.6427 -0.3660 -0.6731
vn -0.7701 0.4848 0.4146
vn -0.2350 0.6352 0.7357
vn -0.2866 0.5225 0.8030
vn -0.7800 0.4604 0.4239
vn -0.9442 0.2950 0.1467
vn -0.9543 0.2789 0.1075
vn -0.7964 0.3637 0.4832
vn -0.3563 0.3203 0.8777
vn -0.4125 -0.0028 -0.9110
vn -0.3433 0.2447 -0.9068
vn -0.7472 -0.1669 -0.6433
vn -0.7483 0.1298 -0.6506
vn -0.9683 0.2170 0.1234
vn -0.8228 0.3789 0.4236
vn -0.8153 0.3961 0.4224
vn -0.9662 0.2243 0.1269
vn -0.9549 0.2781 0.1044
vn 0.6502 -0.4631 0.6023
vn -0.9577 0.2715 0.0956
vn -0.9764 0.0791 -0.2007
vn -0.9849 0.0289 -0.1705
vn -0.9673 0.2201 0.1258
vn -0.2924 0.5413 0.7883
vn -0.2893 0.5828 0.7594
vn -0.0947 -0.6485 -0.7553
vn -0.0405 -0.5834 -0.8111
vn -0.6429 -0.3960 -0.6556
vn -0.6877 -0.3811 -0.6179
vn -0.8847 -0.1819 -0.4293
vn -0.9853 0.0245 -0.1693
vn -0.9739 0.0995 -0.2038
vn -0.9579 0.2609 0.1195
vn -0.9601 0.2170 -0.1764
vn -0.9450 0.2839 0.1622
vn -0.9616 0.2582 0.0932
vn -0.8123 0.4270 0.3974
vn -0.2671 0.5725 0.7752
vn 0.2808 0.5035 0.8171
vn 0.9886 -0.1368 0.0624
vn 0.8650 -0.3574 -0.3521
vn -0.9786 0.0671 -0.1948
vn 0.8140 0.2058 0.5431
vn -0.0405 -0.5834 -0.8112
vn 0.4610 -0.5478 -0.6981
vn 0.4779 -0.5323 -0.6988
vn -0.0138 -0.5606 -0.8280
vn -0.8846 -0.1819 -0.4293
vn -0.6094 -0.3731 -0.6995
vn -0.8718 -0.1512 -0.4660
vn -0.6356 0.2825 -0.7185
vn -0.2783 0.3360 -0.8998
vn -0.1738 0.1016 0.9795
vn -0.8575 0.2578 -0.4451
vn -0.7750 0.2545 0.5784
vn -0.9418 0.2990 0.1538
vn -0.3426 0.1793 0.9222
vn -0.1893 0.1210 0.9744
vn -0.9367 0.2955 -0.1879
vn -0.9443 0.2947 0.1466
vn -0.9366 0.2987 -0.1830
vn 0.8426 -0.4343 -0.3184
vn 0.4379 -0.5795 -0.6874
vn 0.7905 0.1945 0.5808
vn 0.9778 -0.1815 0.1051
vn -0.0577 -0.5541 -0.8304
vn -0.6394 -0.3265 -0.6961
vn -0.8223 0.4369 0.3645
vn -0.3086 0.5842 0.7507
vn -0.8667 -0.1301 -0.4815
vn -0.9764 0.0847 -0.1987
vn -0.9585 0.2728 0.0826
vn 0.2403 0.5056 0.8286
vn 0.2109 0.3619 0.9081
vn 0.2632 0.0509 0.9634
vn 0.4436 0.1910 0.8756
vn 0.3006 0.5635 0.7695
vn 0.2696 -0.1380 0.9530
vn 0.2609 -0.0963 0.9605
vn -0.0000 -0.1192 0.9929
vn -0.0000 -0.1451 0.9894
vn 0.5038 0.4128 -0.7588
vn 0.4993 0.5564 -0.6642
vn 0.8791 0.3762 -0.2926
vn 0.8760 0.2963 -0.3805
vn -0.0000 0.4666 -0.8845
vn 0.4781 0.3720 -0.7956
vn -0.0000 0.4119 -0.9112
vn 0.9468 0.3011 -0.1138
vn 0.9515 0.2965 0.0813
vn 0.9227 0.3795 0.0676
vn 0.9252 0.3544 -0.1358
vn 0.9458 0.3197 -0.0566
vn 0.9178 0.2520 0.3069
vn 0.8242 0.2059 0.5276
vn 0.8174 0.2528 0.5176
vn 0.9046 0.3079 0.2947
vn 0.9488 0.2994 0.1006
vn 0.9158 0.2586 0.3074
vn 0.8309 0.1936 0.5216
vn 0.6756 0.1186 0.7276
vn 0.6384 0.0999 0.7632
vn 0.5349 0.0210 0.8446
vn 0.4812 -0.0410 0.8757
vn 0.3753 0.8996 0.2232
vn -0.0000 0.9740 0.2265
vn -0.0000 0.9460 0.3241
vn 0.4024 0.8631 0.3053
vn 0.7717 0.5996 0.2123
vn 0.7603 0.5387 0.3630
vn 0.7631 0.6366 0.1118
vn 0.3886 0.8275 0.4053
vn 0.3143 0.9415 0.1218
vn -0.0000 0.9935 0.1140
vn -0.0000 0.9069 0.4213
vn -0.0000 0.9959 -0.0907
vn 0.2004 0.9778 -0.0604
vn 0.4384 0.8182 -0.3720
vn -0.0000 0.8744 -0.4851
vn -0.0000 0.8505 0.5259
vn 0.3622 0.7693 0.5263
vn -0.0000 0.6261 -0.7798
vn 0.7177 0.6932 -0.0671
vn -0.0000 0.3518 0.9361
vn -0.0000 -0.0305 0.9995
vn -0.0000 0.8063 0.5916
vn 0.3264 0.7076 0.6267
vn 0.4271 -0.0542 0.9026
vn -0.0000 0.7878 0.6159
vn 0.3172 0.6603 0.6807
vn 0.7056 0.4659 0.5338
vn 0.6000 0.3907 0.6981
vn -0.0000 0.7176 0.6964
vn 0.3998 -0.1177 0.9090
vn 0.2709 -0.1488 0.9510
vn 0.3819 -0.1360 0.9141
vn 0.5189 0.3067 0.7979
vn 0.9694 0.0165 -0.2450
vn 1.0000 0.0072 -0.0036
vn 0.8503 -0.5218 -0.0683
vn 0.8149 -0.5194 -0.2571
vn -0.0000 0.1010 -0.9949
vn 0.5354 0.0884 -0.8400
vn 0.4331 -0.5175 -0.7380
vn -0.0000 -0.5592 -0.8290
vn 0.2948 -0.1761 0.9392
vn -0.0000 -0.1916 0.9815
vn -0.0000 -0.6969 0.7172
vn 0.2188 -0.7118 0.6674
vn 0.3768 -0.1634 0.9118
vn 0.2962 -0.6940 0.6562
vn 0.9561 -0.0399 0.2903
vn 0.7883 -0.5810 0.2028
vn 0.8384 -0.1008 0.5357
vn 0.6697 -0.6170 0.4132
vn 0.5939 -0.1460 0.7912
vn 0.4203 -0.1604 0.8931
vn 0.3405 -0.6730 0.6566
vn 0.4653 -0.6475 0.6035
vn 0.8888 0.0393 -0.4566
vn 0.7307 -0.5276 -0.4333
vn 0.4513 -0.0444 0.8913
vn 0.6281 0.1380 0.7658
vn 0.8678 0.2979 -0.3977
vn 0.2699 -0.1523 0.9508
vn 0.2676 -0.1376 0.9537
vn -0.0000 -0.1431 0.9897
vn -0.0000 -0.1509 0.9885
vn 0.7462 0.5976 -0.2934
vn 0.7813 0.6215 -0.0572
vn 0.7850 0.6089 -0.1142
vn 0.7282 0.5966 -0.3374
vn 0.2293 0.7739 0.5903
vn 0.1714 0.7833 0.5976
vn 0.1693 0.7835 0.5978
vn 0.2111 0.7772 0.5928
vn 0.6032 0.6880 0.4035
vn 0.3899 0.7483 0.5367
vn 0.3513 0.7560 0.5523
vn 0.5650 0.7014 0.4344
vn 0.4751 0.6946 -0.5402
vn 0.3326 0.7437 -0.5799
vn 0.7073 0.6454 0.2886
vn 0.7053 0.6461 0.2918
vn 0.7577 0.6384 0.1358
vn 0.7628 0.6381 0.1050
vn 0.1279 0.8109 0.5710
vn 0.1243 0.8143 0.5670
vn -0.0000 0.8416 0.5402
vn -0.0000 0.8415 0.5402
vn -0.0000 0.7868 -0.6171
vn -0.0000 0.7868 -0.6172
vn 0.1180 -0.9760 0.1832
vn 0.1629 -0.9724 0.1672
vn 0.3388 -0.9206 -0.1941
vn 0.1658 -0.9620 -0.2170
vn 0.2789 -0.9527 0.1207
vn 0.1363 -0.9750 0.1753
vn 0.3617 -0.9117 -0.1947
vn 0.3781 -0.9196 -0.1066
vn -0.0000 -0.9795 -0.2016
vn -0.0000 -0.9932 0.1166
vn 0.0630 -0.9890 0.1336
vn 0.3616 -0.9321 0.0209
vn -0.2109 0.3618 0.9081
vn -0.3006 0.5635 0.7695
vn -0.4436 0.1910 0.8756
vn -0.2632 0.0509 0.9634
vn -0.2696 -0.1380 0.9530
vn -0.2609 -0.0963 0.9606
vn -0.5037 0.4127 -0.7589
vn -0.8761 0.2963 -0.3802
vn -0.8791 0.3762 -0.2926
vn -0.4994 0.5564 -0.6641
vn -0.4781 0.3720 -0.7956
vn -0.9468 0.3009 -0.1140
vn -0.9252 0.3544 -0.1358
vn -0.9227 0.3795 0.0676
vn -0.9516 0.2964 0.0816
vn -0.9458 0.3197 -0.0566
vn -0.9178 0.2520 0.3069
vn -0.9046 0.3079 0.2947
vn -0.8174 0.2528 0.5176
vn -0.8241 0.2058 0.5278
vn -0.9158 0.2585 0.3073
vn -0.9488 0.2996 0.1005
vn -0.6386 0.0998 0.7630
vn -0.6756 0.1186 0.7276
vn -0.8309 0.1936 0.5216
vn -0.4811 -0.0410 0.8757
vn -0.5349 0.0210 0.8446
vn -0.3753 0.8996 0.2232
vn -0.4023 0.8631 0.3054
vn -0.7717 0.5996 0.2123
vn -0.7603 0.5387 0.3630
vn -0.7630 0.6366 0.1119
vn -0.3886 0.8275 0.4053
vn -0.3143 0.9415 0.1218
vn -0.4384 0.8182 -0.3720
vn -0.2004 0.9779 -0.0604
vn -0.3622 0.7693 0.5263
vn -0.7177 0.6932 -0.0671
vn -0.3264 0.7076 0.6267
vn -0.4271 -0.0542 0.9026
vn -0.3172 0.6603 0.6807
vn -0.7056 0.4659 0.5339
vn -0.6000 0.3907 0.6981
vn -0.3997 -0.1176 0.9091
vn -0.3819 -0.1360 0.9141
vn -0.2709 -0.1488 0.9510
vn -0.5189 0.3067 0.7979
vn -0.9694 0.0165 -0.2450
vn -0.8149 -0.5194 -0.2571
vn -0.8503 -0.5218 -0.0683
vn -1.0000 0.0072 -0.0036
vn -0.4331 -0.5175 -0.7380
vn -0.5354 0.0884 -0.8400
vn -0.2948 -0.1761 0.9392
vn -0.2188 -0.7118 0.6674
vn -0.3769 -0.1634 0.9117
vn -0.2962 -0.6940 0.6562
vn -0.7883 -0.5810 0.2028
vn -0.9561 -0.0399 0.2903
vn -0.6697 -0.6170 0.4132
vn -0.8384 -0.1008 0.5357
vn -0.5941 -0.1462 0.7910
vn -0.4653 -0.6475 0.6035
vn -0.3403 -0.6729 0.6569
vn -0.4203 -0.1604 0.8931
vn -0.7307 -0.5276 -0.4333
vn -0.8888 0.0393 -0.4566
vn -0.4513 -0.0444 0.8912
vn -0.6281 0.1380 0.7658
vn -0.8678 0.2979 -0.3977
vn -0.2699 -0.1523 0.9508
vn -0.2676 -0.1375 0.9537
vn -0.7462 0.5976 -0.2934
vn -0.7282 0.5966 -0.3374
vn -0.7850 0.6089 -0.1142
vn -0.7813 0.6215 -0.0572
vn -0.2293 0.7739 0.5903
vn -0.2111 0.7772 0.5928
vn -0.1693 0.7835 0.5978
vn -0.1714 0.7833 0.5976
vn -0.6032 0.6880 0.4035
vn -0.5651 0.7014 0.4345
vn -0.3513 0.7560 0.5523
vn -0.3899 0.7483 0.5367
vn -0.4751 0.6946 -0.5402
vn -0.3326 0.7437 -0.5799
vn -0.7072 0.6454 0.2886
vn -0.7053 0.6461 0.2918
vn -0.7577 0.6384 0.1358
vn -0.7628 0.6381 0.1050
vn -0.1243 0.8143 0.5669
vn -0.1279 0.8109 0.5710
vn -0.1629 -0.9724 0.1672
vn -0.1180 -0.9760 0.1832
vn -0.1658 -0.9620 -0.2170
vn -0.3388 -0.9206 -0.1941
vn -0.2789 -0.9527 0.1207
vn -0.1363 -0.9750 0.1753
vn -0.3617 -0.9117 -0.1947
vn -0.3781 -0.9196 -0.1066
vn -0.0630 -0.9890 0.1336
vn -0.3616 -0.9321 0.0209
vn 0.0202 -0.1078 -0.9940
vn 0.0250 0.2324 -0.9723
vn 0.4525 0.2245 -0.8630
vn 0.4029 -0.1122 -0.9083
vn 0.0247 0.7882 -0.6149
vn 0.0196 0.9464 -0.3224
vn 0.3131 0.9146 -0.2557
vn 0.4023 0.7573 -0.5145
vn 0.0149 -0.4384 -0.8987
vn 0.3048 -0.4458 -0.8416
vn 0.0275 0.5420 -0.8399
vn 0.4513 0.5224 -0.7235
vn 0.0172 0.9996 0.0215
vn 0.0104 0.9294 0.3688
vn 0.1830 0.9817 0.0526
vn 0.0114 -0.7191 -0.6948
vn 0.1712 -0.7267 -0.6653
vn 0.0061 -0.9241 -0.3821
vn 0.6939 -0.1778 -0.6978
vn 0.5303 -0.5019 -0.6833
vn 0.6600 0.6863 -0.3056
vn 0.7481 0.4539 -0.4840
vn 0.2984 0.9453 0.1320
vn 0.2962 -0.7607 -0.5777
vn 0.7654 0.1575 -0.6239
vn 0.5154 0.8507 -0.1038
vn 0.9238 0.3427 -0.1708
vn 0.9537 0.0298 -0.2994
vn 0.3586 0.9018 0.2409
vn 0.6233 0.7757 0.0993
vn 0.3668 -0.8156 -0.4474
vn 0.8649 -0.3045 -0.3991
vn 0.8045 0.5930 -0.0349
vn 0.6589 -0.6022 -0.4508
vn 0.6366 0.6895 0.3454
vn 0.8328 0.4697 0.2929
vn 0.8795 -0.4743 -0.0401
vn 0.6632 -0.7273 -0.1765
vn 0.9605 0.1811 0.2111
vn 0.3629 0.8536 0.3739
vn 0.3678 -0.8819 -0.2949
vn 0.9835 -0.1532 0.0959
vn 0.3003 0.8036 0.5138
vn 0.5316 -0.8429 0.0832
vn 0.2948 -0.9435 -0.1514
vn 0.7978 -0.0036 0.6029
vn 0.8023 -0.3430 0.4885
vn 0.5315 0.5933 0.6045
vn 0.7082 -0.6361 0.3064
vn 0.6993 0.3231 0.6376
vn 0.4428 -0.4739 0.7611
vn 0.3893 -0.7419 0.5458
vn 0.3056 0.5085 0.8050
vn 0.3989 0.1983 0.8953
vn 0.2928 -0.9190 0.2639
vn 0.4467 -0.1453 0.8828
vn 0.1726 0.7620 0.6242
vn 0.1635 -0.9852 -0.0511
vn 0.0090 0.1407 0.9900
vn 0.0065 -0.2018 0.9794
vn 0.0076 0.7416 0.6708
vn 0.0024 -0.9445 0.3286
vn 0.0026 -0.9999 -0.0143
vn 0.0041 -0.5202 0.8541
vn 0.0093 0.4648 0.8854
vn 0.0024 -0.7777 0.6287
vn -0.1561 0.7482 0.6448
vn -0.2867 0.4753 0.8318
vn -0.1558 -0.9867 -0.0456
vn -0.4269 -0.4866 0.7622
vn -0.3780 -0.7462 0.5480
vn -0.3778 0.1605 0.9119
vn -0.2844 -0.9201 0.2693
vn -0.4265 -0.1724 0.8879
vn -0.6816 -0.6564 0.3234
vn -0.5134 -0.8522 0.1012
vn -0.6843 0.2445 0.6869
vn -0.7704 -0.0725 0.6334
vn -0.2851 0.7796 0.5576
vn -0.2825 -0.9494 -0.1374
vn -0.7704 -0.3854 0.5079
vn -0.5235 0.5335 0.6643
vn -0.6407 -0.7549 -0.1398
vn -0.3532 -0.8956 -0.2705
vn -0.9599 0.0703 0.2713
vn -0.9597 -0.2405 0.1454
vn -0.3579 0.8285 0.4306
vn -0.6562 0.6243 0.4239
vn -0.8495 -0.5275 0.0031
vn -0.8546 0.3675 0.3669
vn -0.9646 -0.0825 -0.2505
vn -0.8536 -0.3869 -0.3488
vn -0.6639 0.7306 0.1595
vn -0.8627 0.5054 0.0177
vn -0.6430 -0.6484 -0.4076
vn -0.9661 0.2268 -0.1236
vn -0.3620 0.8861 0.2893
vn -0.3543 -0.8356 -0.4198
vn -0.7055 0.6400 -0.3044
vn -0.7884 0.3743 -0.4882
vn -0.2947 0.9425 0.1576
vn -0.5180 -0.5508 -0.6544
vn -0.2837 -0.7799 -0.5579
vn -0.7849 0.0634 -0.6164
vn -0.5422 0.8361 -0.0837
vn -0.6914 -0.2585 -0.6746
vn -0.1599 0.9853 0.0593
vn -0.2987 0.9180 -0.2607
vn -0.1526 -0.7384 -0.6569
vn -0.4323 0.1756 -0.8845
vn -0.3797 -0.1599 -0.9112
vn -0.3893 0.7463 -0.5398
vn -0.2829 -0.4765 -0.8324
vn -0.4347 0.4899 -0.7557
vn -0.2138 0.8220 -0.5279
vn -0.2655 0.9435 0.1983
vn 0.0328 0.9791 0.2007
vn -0.1596 0.9456 -0.2834
vn -0.0428 0.2183 0.9749
vn -0.2445 0.3074 0.9196
vn 0.2724 -0.5440 0.7937
vn 0.1966 -0.6957 0.6909
vn 0.2282 0.9685 0.0992
vn -0.1612 0.9310 -0.3276
vn 0.6380 0.1186 -0.7609
vn -0.0403 0.4668 -0.8834
vn 0.1060 0.9922 -0.0654
vn 0.6812 0.7277 0.0799
vn 0.3213 0.0404 0.9461
vn 0.2113 0.7629 0.6110
vn -0.1869 0.8015 0.5680
vn -0.2533 0.2849 -0.9245
vn -0.5548 0.3807 -0.7398
vn 0.7092 -0.0952 0.6986
vn 0.5345 0.7158 0.4493
vn -0.2339 0.8821 0.4089
vn 0.0915 0.9199 0.3813
vn 0.3642 0.8956 0.2554
vn 0.2880 -0.8608 -0.4196
vn 0.2469 -0.5702 -0.7835
vn -0.0916 -0.5760 -0.8123
vn -0.0217 -0.9072 -0.4201
vn -0.5311 0.4889 -0.6921
vn -0.4868 -0.3240 -0.8112
vn -0.6074 -0.3952 -0.6891
vn -0.6130 0.4407 -0.6557
vn -0.1895 0.9786 -0.0800
vn 0.8635 -0.1952 0.4651
vn 0.5458 -0.8374 -0.0300
vn 0.8127 -0.4859 -0.3216
vn 0.9411 0.1284 0.3128
vn -0.3327 -0.3499 -0.8757
vn -0.8642 0.4656 0.1906
vn -0.8476 0.4316 0.3088
vn -0.4688 0.7437 0.4766
vn -0.5162 0.7890 0.3331
vn -0.5464 0.8279 0.1266
vn -0.8682 0.4962 -0.0021
vn -0.9868 0.1538 -0.0517
vn -0.9975 0.0665 0.0238
vn -0.9826 0.1266 0.1358
vn 0.0922 -0.9941 0.0570
vn 0.2709 -0.9626 0.0095
vn -0.5434 -0.4500 -0.7087
vn -0.2990 -0.8803 -0.3683
vn 0.0155 -0.9998 0.0085
vn 0.0309 0.0601 -0.9977
vn 0.1527 -0.5833 0.7978
vn -0.6132 0.0661 0.7872
vn -0.8208 -0.4194 0.3878
vn -0.0833 -0.9118 0.4020
vn 0.1987 -0.7584 0.6208
vn 0.3787 -0.8316 0.4063
vn -0.5979 0.4032 -0.6928
vn 0.1383 -0.1363 -0.9810
vn 0.0098 -0.5816 -0.8134
vn -0.7079 -0.1793 -0.6831
vn 0.0727 0.0046 -0.9973
vn 0.3860 -0.5683 -0.7267
vn 0.5262 -0.5541 -0.6450
vn 0.5092 -0.6742 -0.5349
vn 0.6572 -0.7119 -0.2475
vn 0.4826 -0.8144 -0.3222
vn 0.4768 -0.8697 0.1278
vn 0.6079 -0.7735 0.1793
vn 0.5424 -0.8400 0.0161
vn 0.4842 -0.8259 -0.2888
vn -0.4060 0.7100 -0.5754
vn -0.6035 0.4047 -0.6870
vn -0.1140 0.9526 -0.2821
vn 0.4459 -0.8817 0.1544
vn 0.0086 -0.9866 -0.1627
vn 0.1265 -0.9246 -0.3593
vn 0.1771 -0.8524 -0.4919
vn 0.8243 -0.2789 0.4927
vn 0.2159 0.9045 0.3678
vn 0.3552 0.8203 0.4482
vn 0.5251 0.6646 0.5316
vn 0.4303 -0.8447 0.3182
vn 0.8338 -0.1075 0.5415
vn -0.0157 -0.6585 -0.7524
vn 0.3115 0.8238 0.4737
vn 0.1646 0.9233 0.3471
vn 0.2859 0.9341 0.2139
vn 0.4190 0.8511 0.3163
vn 0.6441 0.6475 0.4073
vn 0.5676 0.5878 0.5765
vn -0.1879 0.9658 -0.1787
vn -0.1945 -0.7717 -0.6056
vn -0.3403 -0.8331 -0.4361
vn -0.3743 -0.8617 -0.3424
vn -0.0012 -0.9998 -0.0213
vn -0.6301 -0.4268 -0.6487
vn 0.3139 0.9437 0.1048
vn 0.6320 0.6992 0.3342
vn 0.4497 0.8699 0.2023
vn -0.5482 -0.7842 -0.2906
vn -0.1340 -0.8789 0.4578
vn -0.1324 -0.8563 0.4993
vn -0.1627 -0.7918 0.5887
vn -0.1798 -0.8180 0.5464
vn -0.2051 -0.8289 0.5205
vn -0.1392 -0.9005 0.4121
vn -0.0787 -0.9415 0.3276
vn -0.0721 -0.9303 0.3597
vn -0.0600 -0.9206 0.3858
vn 0.6545 -0.7560 0.0104
vn 0.6660 -0.7459 0.0003
vn 0.5192 -0.8542 0.0280
vn 0.5130 -0.8578 0.0300
vn 0.4993 -0.8658 0.0324
vn 0.6353 -0.7721 0.0160
vn 0.7391 -0.6732 0.0216
vn 0.7563 -0.6542 0.0081
vn 0.7567 -0.6538 -0.0060
vn 0.0311 -0.9617 0.2722
vn 0.1842 -0.9655 0.1840
vn 0.1805 -0.9625 0.2026
vn 0.0448 -0.9547 0.2942
vn 0.0145 -0.9672 0.2534
vn 0.1713 -0.9701 0.1718
vn -0.2140 -0.7478 0.6285
vn -0.2073 -0.7183 0.6642
vn -0.2387 -0.6624 0.7101
vn -0.2115 -0.7240 0.6566
vn -0.1889 -0.7690 0.6107
vn -0.2078 -0.7791 0.5915
vn 0.8288 -0.5592 0.0208
vn 0.8573 -0.5116 0.0580
vn 0.8577 -0.5083 0.0770
vn 0.8292 -0.5578 0.0352
vn 0.8178 -0.5753 0.0175
vn 0.8548 -0.5188 0.0120
vn 0.3515 -0.9316 0.0922
vn 0.3388 -0.9354 0.1011
vn 0.3505 -0.9325 0.0874
vn -0.0202 -0.1078 -0.9940
vn -0.4029 -0.1122 -0.9083
vn -0.4527 0.2244 -0.8630
vn -0.0250 0.2324 -0.9723
vn -0.0247 0.7882 -0.6149
vn -0.4023 0.7573 -0.5145
vn -0.3131 0.9146 -0.2557
vn -0.0196 0.9464 -0.3224
vn -0.0149 -0.4384 -0.8987
vn -0.3048 -0.4459 -0.8416
vn -0.0275 0.5420 -0.8399
vn -0.4514 0.5223 -0.7235
vn -0.0171 0.9996 0.0215
vn -0.1830 0.9817 0.0526
vn -0.0104 0.9294 0.3688
vn -0.0114 -0.7191 -0.6948
vn -0.1711 -0.7267 -0.6653
vn -0.0061 -0.9241 -0.3821
vn -0.5303 -0.5020 -0.6832
vn -0.6939 -0.1778 -0.6978
vn -0.7481 0.4539 -0.4841
vn -0.6597 0.6866 -0.3056
vn -0.2984 0.9453 0.1320
vn -0.2962 -0.7607 -0.5777
vn -0.7654 0.1575 -0.6239
vn -0.5154 0.8507 -0.1038
vn -0.9537 0.0298 -0.2994
vn -0.9238 0.3427 -0.1708
vn -0.6233 0.7757 0.0993
vn -0.3588 0.9018 0.2410
vn -0.3668 -0.8156 -0.4474
vn -0.8648 -0.3047 -0.3991
vn -0.8045 0.5930 -0.0349
vn -0.6589 -0.6022 -0.4508
vn -0.8328 0.4696 0.2929
vn -0.6366 0.6895 0.3454
vn -0.6632 -0.7273 -0.1765
vn -0.8794 -0.4743 -0.0401
vn -0.9605 0.1811 0.2111
vn -0.3629 0.8536 0.3739
vn -0.3678 -0.8819 -0.2949
vn -0.9835 -0.1534 0.0960
vn -0.3003 0.8036 0.5138
vn -0.2950 -0.9434 -0.1517
vn -0.5317 -0.8429 0.0832
vn -0.8023 -0.3430 0.4885
vn -0.7978 -0.0036 0.6029
vn -0.5315 0.5934 0.6045
vn -0.7082 -0.6361 0.3064
vn -0.6993 0.3231 0.6376
vn -0.3893 -0.7419 0.5458
vn -0.4428 -0.4739 0.7611
vn -0.3989 0.1983 0.8953
vn -0.3055 0.5085 0.8050
vn -0.2932 -0.9189 0.2640
vn -0.4467 -0.1453 0.8828
vn -0.1726 0.7620 0.6242
vn -0.1635 -0.9852 -0.0511
vn -0.0065 -0.2018 0.9794
vn -0.0090 0.1407 0.9900
vn -0.0080 0.7418 0.6705
vn -0.0028 -0.9999 -0.0142
vn -0.0024 -0.9445 0.3286
vn -0.0040 -0.5202 0.8540
vn -0.0095 0.4650 0.8853
vn -0.0021 -0.7778 0.6285
vn 0.2867 0.4753 0.8318
vn 0.1557 0.7483 0.6449
vn 0.1558 -0.9867 -0.0456
vn 0.3780 -0.7462 0.5480
vn 0.4269 -0.4866 0.7622
vn 0.3778 0.1605 0.9119
vn 0.2844 -0.9201 0.2693
vn 0.4265 -0.1724 0.8879
vn 0.5134 -0.8522 0.1012
vn 0.6816 -0.6564 0.3234
vn 0.7704 -0.0725 0.6334
vn 0.6847 0.2443 0.6867
vn 0.2853 0.7796 0.5576
vn 0.2825 -0.9494 -0.1374
vn 0.7704 -0.3854 0.5079
vn 0.5234 0.5336 0.6644
vn 0.3532 -0.8956 -0.2705
vn 0.6407 -0.7549 -0.1398
vn 0.9597 -0.2405 0.1454
vn 0.9599 0.0703 0.2713
vn 0.6562 0.6243 0.4238
vn 0.3579 0.8285 0.4306
vn 0.8497 -0.5273 0.0035
vn 0.8546 0.3675 0.3669
vn 0.8536 -0.3869 -0.3488
vn 0.9646 -0.0825 -0.2505
vn 0.8627 0.5054 0.0177
vn 0.6639 0.7306 0.1595
vn 0.6431 -0.6484 -0.4076
vn 0.9661 0.2268 -0.1236
vn 0.3620 0.8861 0.2894
vn 0.3540 -0.8355 -0.4202
vn 0.7883 0.3741 -0.4885
vn 0.7056 0.6397 -0.3048
vn 0.2947 0.9425 0.1575
vn 0.2837 -0.7799 -0.5579
vn 0.5180 -0.5508 -0.6544
vn 0.7847 0.0632 -0.6166
vn 0.5422 0.8361 -0.0838
vn 0.6914 -0.2585 -0.6746
vn 0.2986 0.9180 -0.2609
vn 0.1600 0.9853 0.0594
vn 0.1531 -0.7382 -0.6569
vn 0.3796 -0.1600 -0.9112
vn 0.4323 0.1756 -0.8845
vn 0.3893 0.7463 -0.5398
vn 0.2829 -0.4765 -0.8324
vn 0.4347 0.4899 -0.7557
vn 0.2138 0.8220 -0.5279
vn 0.1596 0.9456 -0.2834
vn -0.0328 0.9791 0.2007
vn 0.2655 0.9435 0.1983
vn 0.0428 0.2183 0.9749
vn -0.1966 -0.6957 0.6909
vn -0.2724 -0.5440 0.7937
vn 0.2445 0.3074 0.9196
vn 0.1612 0.9310 -0.3276
vn -0.2283 0.9685 0.0992
vn -0.6379 0.1186 -0.7610
vn -0.6812 0.7277 0.0799
vn -0.1060 0.9922 -0.0654
vn 0.0403 0.4669 -0.8834
vn 0.1869 0.8016 0.5680
vn -0.2113 0.7629 0.6110
vn -0.3213 0.0404 0.9461
vn 0.2533 0.2849 -0.9245
vn 0.5548 0.3808 -0.7397
vn -0.5345 0.7158 0.4493
vn -0.7092 -0.0952 0.6986
vn 0.2339 0.8821 0.4089
vn -0.0915 0.9199 0.3813
vn -0.3642 0.8956 0.2554
vn -0.2880 -0.8608 -0.4196
vn 0.0217 -0.9072 -0.4201
vn 0.0916 -0.5760 -0.8123
vn -0.2469 -0.5702 -0.7835
vn 0.5311 0.4889 -0.6921
vn 0.6130 0.4407 -0.6557
vn 0.6074 -0.3952 -0.6891
vn 0.4868 -0.3240 -0.8112
vn 0.1895 0.9786 -0.0800
vn -0.8635 -0.1952 0.4651
vn -0.9411 0.1284 0.3128
vn -0.8127 -0.4859 -0.3216
vn -0.5458 -0.8374 -0.0300
vn 0.3327 -0.3499 -0.8757
vn 0.8642 0.4656 0.1906
vn 0.5162 0.7890 0.3331
vn 0.4688 0.7437 0.4766
vn 0.8475 0.4316 0.3089
vn 0.8682 0.4962 -0.0021
vn 0.5464 0.8279 0.1266
vn 0.9975 0.0665 0.0238
vn 0.9868 0.1538 -0.0517
vn 0.9826 0.1266 0.1358
vn -0.2709 -0.9626 0.0095
vn -0.0922 -0.9941 0.0570
vn 0.2990 -0.8803 -0.3683
vn 0.5434 -0.4500 -0.7087
vn -0.0155 -0.9998 0.0085
vn -0.0309 0.0601 -0.9977
vn -0.1527 -0.5833 0.7978
vn 0.0833 -0.9118 0.4020
vn 0.8208 -0.4194 0.3878
vn 0.6132 0.0661 0.7872
vn -0.1987 -0.7584 0.6208
vn -0.3787 -0.8316 0.4063
vn 0.5979 0.4032 -0.6928
vn 0.7079 -0.1793 -0.6831
vn -0.0098 -0.5816 -0.8134
vn -0.1383 -0.1363 -0.9810
vn -0.5262 -0.5541 -0.6450
vn -0.3860 -0.5683 -0.7267
vn -0.0727 0.0046 -0.9973
vn -0.5092 -0.6742 -0.5349
vn -0.6572 -0.7119 -0.2475
vn -0.4826 -0.8144 -0.3222
vn -0.6079 -0.7735 0.1793
vn -0.4768 -0.8697 0.1278
vn -0.4842 -0.8259 -0.2888
vn -0.5424 -0.8400 0.0161
vn 0.4060 0.7100 -0.5754
vn 0.6035 0.4047 -0.6870
vn 0.1140 0.9526 -0.2821
vn -0.1265 -0.9246 -0.3593
vn -0.0086 -0.9866 -0.1627
vn -0.4459 -0.8817 0.1544
vn -0.1771 -0.8524 -0.4919
vn -0.8243 -0.2789 0.4927
vn -0.3552 0.8203 0.4482
vn -0.2159 0.9045 0.3678
vn -0.5251 0.6646 0.5316
vn -0.4303 -0.8447 0.3182
vn -0.8338 -0.1075 0.5415
vn 0.0157 -0.6585 -0.7524
vn -0.3116 0.8238 0.4737
vn -0.4190 0.8511 0.3163
vn -0.2859 0.9341 0.2139
vn -0.1646 0.9233 0.3471
vn -0.5676 0.5878 0.5765
vn -0.6440 0.6475 0.4073
vn 0.1878 0.9658 -0.1788
vn 0.1945 -0.7717 -0.6056
vn 0.3403 -0.8331 -0.4361
vn 0.3743 -0.8618 -0.3424
vn 0.0012 -0.9998 -0.0213
vn 0.6301 -0.4268 -0.6487
vn -0.3139 0.9437 0.1048
vn -0.6320 0.6992 0.3342
vn -0.4497 0.8699 0.2023
vn 0.5482 -0.7842 -0.2906
vn 0.1340 -0.8789 0.4578
vn 0.1798 -0.8180 0.5464
vn 0.1627 -0.7918 0.5887
vn 0.1325 -0.8563 0.4993
vn 0.1392 -0.9005 0.4121
vn 0.2051 -0.8289 0.5205
vn 0.0721 -0.9303 0.3597
vn 0.0787 -0.9415 0.3276
vn 0.0600 -0.9206 0.3858
vn -0.6545 -0.7560 0.0104
vn -0.5130 -0.8578 0.0300
vn -0.5192 -0.8542 0.0280
vn -0.6660 -0.7459 0.0003
vn -0.6353 -0.7721 0.0160
vn -0.4993 -0.8658 0.0324
vn -0.7563 -0.6542 0.0081
vn -0.7391 -0.6732 0.0215
vn -0.7568 -0.6536 -0.0056
vn -0.0309 -0.9617 0.2723
vn -0.0448 -0.9547 0.2942
vn -0.1805 -0.9625 0.2026
vn -0.1842 -0.9655 0.1840
vn -0.0145 -0.9672 0.2534
vn -0.1712 -0.9702 0.1713
vn 0.2140 -0.7478 0.6285
vn 0.2115 -0.7240 0.6566
vn 0.2387 -0.6624 0.7101
vn 0.2073 -0.7183 0.6642
vn 0.2078 -0.7791 0.5915
vn 0.1889 -0.7690 0.6107
vn -0.8288 -0.5592 0.0209
vn -0.8292 -0.5578 0.0352
vn -0.8577 -0.5083 0.0770
vn -0.8573 -0.5116 0.0580
vn -0.8178 -0.5752 0.0174
vn -0.8548 -0.5188 0.0120
vn -0.3515 -0.9316 0.0922
vn -0.3389 -0.9354 0.1011
vn -0.3505 -0.9325 0.0874
vn -0.8076 0.2954 -0.5104
vn -0.3992 0.3169 -0.8604
vn -0.2911 0.2127 -0.9327
vn -0.6737 0.1718 -0.7187
vn -0.9869 -0.1250 0.1023
vn -0.9655 0.1517 0.2115
vn -0.7007 0.5408 0.4652
vn -0.6356 0.7432 -0.2089
vn -0.3748 0.5642 -0.7357
vn -0.0344 0.0565 0.9978
vn 0.0966 -0.0263 0.9950
vn 0.4154 0.6121 0.6728
vn -0.0300 0.7671 0.6409
vn -0.0837 -0.0040 0.9965
vn -0.2583 0.7467 0.6129
vn -0.3314 0.0024 0.9435
vn 0.2759 -0.5217 0.8073
vn 0.1370 -0.6975 0.7033
vn -0.0145 -0.6686 0.7435
vn -0.2621 -0.5756 0.7746
vn -0.2668 0.9581 -0.1045
vn -0.1708 0.6476 -0.7426
vn -0.0025 0.9955 -0.0942
vn 0.4793 0.8713 -0.1053
vn 0.2295 0.5852 -0.7777
vn -0.0424 0.6726 -0.7388
vn -0.2915 -0.5095 0.8096
vn -0.4473 -0.2331 0.8635
vn -0.7182 -0.6958 -0.0042
vn 0.0424 -0.5858 0.8093
vn -0.0215 -0.9937 0.1101
vn 0.3276 -0.8910 0.3142
vn -0.0042 -0.4137 0.9104
vn -0.2324 0.2059 0.9506
vn -0.0561 0.0580 0.9967
vn 0.1068 0.0516 0.9929
vn 0.2030 -0.1280 0.9708
vn -0.4640 -0.2965 -0.8348
vn -0.1553 0.1679 -0.9735
vn 0.1079 -0.6597 -0.7438
vn 0.0307 0.0270 -0.9992
vn 0.1619 -0.1429 -0.9764
vn 0.3723 -0.7283 -0.5753
vn -0.1227 0.2966 -0.9471
vn -0.0378 0.2923 -0.9556
vn 0.0578 0.2578 -0.9645
vn 0.8626 -0.4507 -0.2298
vn 0.6941 -0.6591 -0.2897
vn 0.5634 -0.3581 -0.7446
vn 0.6358 -0.1675 -0.7534
vn 0.7264 0.0593 -0.6847
vn 0.9849 -0.0585 -0.1632
vn 0.8621 -0.2011 0.4651
vn 0.7678 -0.5435 0.3392
vn 0.5953 -0.7295 0.3369
vn 0.4565 -0.7770 -0.4335
vn 0.3943 -0.8506 0.3478
vn 0.3275 -0.2746 -0.9040
vn 0.2065 0.1571 -0.9657
vn 0.5342 0.3698 -0.7602
vn 0.8591 0.4952 -0.1296
vn 0.7511 0.2378 0.6158
vn 0.1877 -0.1620 0.9688
vn 0.2243 -0.2981 0.9278
vn -0.4430 -0.3859 0.8092
vn -0.5315 -0.1156 0.8391
vn 0.1689 -0.3414 0.9246
vn 0.1140 -0.3672 0.9231
vn -0.4805 0.1182 0.8690
vn -0.3848 0.2039 0.9002
vn 0.0520 -0.3963 0.9166
vn -0.3007 0.2043 0.9316
vn -0.3785 -0.1696 0.9099
vn 0.4544 -0.2929 0.8413
vn 0.6021 -0.2767 0.7489
vn 0.4245 -0.6026 0.6758
vn 0.4129 0.0303 0.9103
vn 0.2175 -0.1658 0.9619
vn 0.2468 -0.2969 0.9225
vn 0.2154 -0.4361 0.8737
vn 0.0466 -0.2839 0.9577
vn 0.0821 -0.4687 0.8795
vn 0.0835 -0.1175 0.9896
vn -0.0367 -0.2532 0.9667
vn -0.0263 -0.0269 0.9993
vn -0.1866 0.0903 0.9783
vn -0.1888 0.0157 0.9819
vn -0.2743 0.0849 0.9579
vn -0.2583 -0.0687 0.9636
vn -0.3373 -0.1859 0.9229
vn -0.2326 -0.3420 0.9105
vn -0.1630 -0.4841 0.8597
vn -0.0029 -0.4940 0.8694
vn -0.5304 -0.4181 0.7375
vn -0.6085 -0.0878 0.7887
vn -0.3244 -0.6600 0.6776
vn -0.5385 0.1913 0.8206
vn -0.4367 0.3130 0.8434
vn -0.0039 -0.7736 0.6336
vn 0.1619 -0.7414 0.6512
vn -0.3548 0.3455 0.8688
vn -0.2668 0.3524 0.8970
vn 0.1740 0.1750 0.9691
vn -0.0279 0.3050 0.9519
vn 0.8076 0.2954 -0.5104
vn 0.6737 0.1718 -0.7187
vn 0.2911 0.2127 -0.9327
vn 0.3992 0.3169 -0.8604
vn 0.9655 0.1517 0.2115
vn 0.9869 -0.1250 0.1023
vn 0.6356 0.7432 -0.2088
vn 0.7007 0.5408 0.4652
vn 0.3748 0.5642 -0.7356
vn 0.0344 0.0565 0.9978
vn 0.0303 0.7671 0.6408
vn -0.4154 0.6121 0.6728
vn -0.0966 -0.0263 0.9950
vn 0.0837 -0.0040 0.9965
vn 0.3314 0.0024 0.9435
vn 0.2588 0.7466 0.6128
vn -0.1370 -0.6976 0.7033
vn -0.2760 -0.5217 0.8072
vn 0.2621 -0.5756 0.7746
vn 0.0145 -0.6686 0.7435
vn 0.2668 0.9581 -0.1045
vn 0.1709 0.6476 -0.7426
vn 0.0026 0.9955 -0.0942
vn -0.4794 0.8713 -0.1052
vn 0.0424 0.6726 -0.7388
vn -0.2295 0.5852 -0.7777
vn 0.2915 -0.5095 0.8096
vn 0.7182 -0.6958 -0.0042
vn 0.4473 -0.2331 0.8635
vn -0.0424 -0.5858 0.8093
vn 0.0042 -0.4137 0.9104
vn -0.3276 -0.8910 0.3142
vn 0.0215 -0.9937 0.1101
vn 0.0561 0.0580 0.9967
vn 0.2324 0.2059 0.9506
vn -0.2030 -0.1280 0.9708
vn -0.1068 0.0516 0.9929
vn 0.4640 -0.2965 -0.8348
vn 0.1553 0.1679 -0.9735
vn -0.1079 -0.6597 -0.7438
vn -0.3723 -0.7283 -0.5753
vn -0.1619 -0.1429 -0.9764
vn -0.0307 0.0270 -0.9992
vn 0.1227 0.2966 -0.9471
vn 0.0378 0.2923 -0.9556
vn -0.0578 0.2578 -0.9645
vn -0.8626 -0.4507 -0.2298
vn -0.6359 -0.1674 -0.7534
vn -0.5634 -0.3581 -0.7446
vn -0.6941 -0.6591 -0.2897
vn -0.9849 -0.0585 -0.1632
vn -0.7264 0.0593 -0.6847
vn -0.7678 -0.5436 0.3392
vn -0.8621 -0.2010 0.4652
vn -0.5953 -0.7295 0.3369
vn -0.4564 -0.7770 -0.4335
vn -0.3943 -0.8506 0.3478
vn -0.3275 -0.2746 -0.9040
vn -0.2065 0.1571 -0.9657
vn -0.5342 0.3698 -0.7602
vn -0.8591 0.4952 -0.1296
vn -0.7511 0.2378 0.6158
vn -0.1877 -0.1620 0.9688
vn -0.2244 -0.2981 0.9278
vn 0.4430 -0.3859 0.8092
vn 0.5315 -0.1156 0.8391
vn -0.1689 -0.3414 0.9246
vn -0.1140 -0.3672 0.9231
vn 0.4805 0.1182 0.8690
vn 0.3848 0.2039 0.9002
vn -0.0520 -0.3964 0.9166
vn 0.3007 0.2043 0.9316
vn 0.3785 -0.1696 0.9099
vn -0.4544 -0.2929 0.8413
vn -0.6022 -0.2767 0.7489
vn -0.4245 -0.6026 0.6758
vn -0.4129 0.0303 0.9103
vn -0.2468 -0.2969 0.9225
vn -0.2175 -0.1658 0.9619
vn -0.2154 -0.4361 0.8737
vn -0.0466 -0.2839 0.9577
vn -0.0821 -0.4687 0.8795
vn -0.0835 -0.1175 0.9896
vn 0.0367 -0.2532 0.9667
vn 0.1888 0.0157 0.9819
vn 0.1866 0.0903 0.9783
vn 0.0263 -0.0269 0.9993
vn 0.2583 -0.0687 0.9636
vn 0.2743 0.0849 0.9579
vn 0.2326 -0.3420 0.9105
vn 0.3373 -0.1859 0.9229
vn 0.0029 -0.4940 0.8694
vn 0.1630 -0.4841 0.8597
vn 0.5304 -0.4181 0.7375
vn 0.6085 -0.0878 0.7887
vn 0.3244 -0.6600 0.6776
vn 0.5386 0.1913 0.8206
vn 0.4367 0.3130 0.8434
vn 0.0039 -0.7736 0.6337
vn -0.1619 -0.7414 0.6512
vn 0.3548 0.3455 0.8688
vn 0.2668 0.3524 0.8970
vn -0.1740 0.1750 0.9691
vn 0.0279 0.3050 0.9519
vn -0.8263 0.3473 -0.4435
vn -0.7973 0.2424 -0.5528
vn -0.9579 -0.2837 -0.0451
vn -0.9513 -0.3032 -0.0549
vn -0.2581 0.7776 -0.5733
vn -0.2065 0.6278 -0.7505
vn 0.4372 0.8026 -0.4059
vn 0.4930 0.6769 -0.5466
vn 0.9218 0.3876 -0.0085
vn 0.9326 0.3585 -0.0427
vn 0.8687 -0.2800 0.4086
vn 0.8458 -0.1756 0.5038
vn 0.2726 -0.7751 0.5699
vn 0.2207 -0.6169 0.7555
vn -0.4917 -0.7852 0.3763
vn -0.5541 -0.6572 0.5109
vn -0.7475 0.0410 -0.6629
vn -0.9632 -0.2688 -0.0030
vn -0.1157 0.3247 -0.9387
vn 0.5785 0.4274 -0.6947
vn 0.9551 0.2912 -0.0557
vn 0.7759 -0.0140 0.6307
vn 0.1205 -0.3103 0.9430
vn -0.6097 -0.4180 0.6734
vn -0.7389 -0.0507 -0.6719
vn -0.9649 -0.2611 0.0290
vn -0.0824 0.1892 -0.9785
vn 0.6214 0.3185 -0.7158
vn 0.9644 0.2624 -0.0341
vn 0.7412 0.0533 0.6692
vn 0.0826 -0.1864 0.9790
vn -0.6240 -0.3170 0.7142
vn -0.7557 -0.0282 -0.6543
vn -0.9613 -0.2719 0.0443
vn -0.0974 0.2338 -0.9674
vn 0.6203 0.3557 -0.6991
vn 0.9642 0.2647 -0.0156
vn 0.7412 0.0192 0.6710
vn 0.0937 -0.2360 0.9672
vn -0.6065 -0.3560 0.7109
vn -0.5812 -0.3585 -0.7305
vn -0.7344 -0.6648 -0.1365
vn -0.0027 -0.0763 -0.9971
vn 0.6473 -0.0016 -0.7623
vn 0.9687 -0.1673 -0.1834
vn 0.7933 -0.4649 0.3931
vn 0.2327 -0.7294 0.6433
vn -0.3948 -0.8134 0.4272
vn -0.9506 0.2124 -0.2264
vn -0.9411 0.1507 -0.3028
vn -0.8853 -0.4246 0.1896
vn -0.8670 -0.4837 0.1201
vn -0.4964 0.7544 -0.4295
vn -0.4765 0.6295 -0.6138
vn 0.1988 0.8920 -0.4059
vn 0.2391 0.7680 -0.5942
vn 0.8093 0.5631 -0.1671
vn 0.8311 0.4943 -0.2548
vn 0.9765 -0.1149 0.1824
vn 0.9692 -0.0626 0.2381
vn 0.5345 -0.7321 0.4222
vn 0.5189 -0.6001 0.6088
vn -0.2394 -0.8868 0.3954
vn -0.2819 -0.7575 0.5888
vn -0.9274 0.0324 -0.3728
vn -0.8938 -0.3285 0.3052
vn -0.4300 0.3717 -0.8227
vn 0.3016 0.5009 -0.8112
vn 0.8695 0.3515 -0.3470
vn 0.9447 -0.0001 0.3279
vn 0.4529 -0.3518 0.8193
vn -0.3188 -0.4899 0.8114
vn -0.9314 -0.0073 -0.3640
vn -0.8938 -0.2730 0.3558
vn -0.4213 0.2628 -0.8680
vn 0.3327 0.3787 -0.8637
vn 0.8930 0.2741 -0.3570
vn 0.9332 0.0099 0.3593
vn 0.4277 -0.2589 0.8661
vn -0.3291 -0.3766 0.8659
vn -0.9425 0.0259 -0.3332
vn -0.8870 -0.2767 0.3697
vn -0.4358 0.3150 -0.8431
vn 0.3343 0.4151 -0.8461
vn 0.9004 0.2667 -0.3437
vn 0.9340 -0.0373 0.3554
vn 0.4303 -0.3179 0.8449
vn -0.3178 -0.4166 0.8517
vn -0.8581 -0.2155 -0.4661
vn -0.8051 -0.5731 0.1529
vn -0.3933 0.1052 -0.9134
vn 0.3264 0.2016 -0.9235
vn 0.8760 0.0098 -0.4823
vn 0.9230 -0.3561 0.1461
vn 0.4461 -0.6760 0.5866
vn -0.2678 -0.7637 0.5874
vn -0.9819 0.1326 -0.1350
vn -0.9785 0.1037 -0.1785
vn -0.8263 -0.4790 0.2964
vn -0.8036 -0.5646 0.1882
vn -0.5843 0.7230 -0.3686
vn -0.5792 0.6135 -0.5368
vn 0.1046 0.9104 -0.4003
vn 0.1267 0.7881 -0.6023
vn 0.7474 0.6258 -0.2230
vn 0.7668 0.5410 -0.3455
vn 0.9954 -0.0322 0.0901
vn 0.9940 -0.0094 0.1087
vn 0.6335 -0.6886 0.3529
vn 0.6354 -0.5714 0.5194
vn -0.1220 -0.9115 0.3927
vn -0.1477 -0.7802 0.6078
vn -0.9774 0.0326 -0.2089
vn -0.8258 -0.3347 0.4540
vn -0.5627 0.3800 -0.7342
vn 0.1597 0.5123 -0.8439
vn 0.7963 0.3600 -0.4862
vn 0.9875 0.0021 0.1574
vn 0.5919 -0.3557 0.7232
vn -0.1693 -0.4964 0.8514
vn -0.9815 0.0038 -0.1915
vn -0.8186 -0.2666 0.5088
vn -0.5674 0.2728 -0.7769
vn 0.1760 0.3821 -0.9072
vn 0.8171 0.2688 -0.5100
vn 0.9824 -0.0012 0.1870
vn 0.5713 -0.2691 0.7754
vn -0.1744 -0.3788 0.9089
vn -0.9855 0.0167 -0.1686
vn -0.8105 -0.2849 0.5119
vn -0.5779 0.3094 -0.7552
vn 0.1771 0.4175 -0.8912
vn 0.8243 0.2763 -0.4942
vn 0.9811 -0.0276 0.1913
vn 0.5683 -0.3144 0.7604
vn -0.1686 -0.4203 0.8916
vn -0.8991 -0.2740 -0.3414
vn -0.7351 -0.6326 0.2438
vn -0.5326 0.0751 -0.8430
vn 0.1687 0.2125 -0.9625
vn 0.7889 0.0425 -0.6131
vn 0.9426 -0.3338 -0.0093
vn 0.5512 -0.6817 0.4811
vn -0.1400 -0.8011 0.5819
vn -0.6490 0.4556 -0.6092
vn -0.6051 0.3083 -0.7340
vn -0.9520 -0.1498 -0.2670
vn -0.9651 -0.1144 -0.2356
vn -0.0039 0.7624 -0.6471
vn 0.0628 0.5955 -0.8009
vn 0.6504 0.6753 -0.3477
vn 0.6992 0.5644 -0.4388
vn 0.9664 0.1976 0.1646
vn 0.9597 0.2209 0.1736
vn 0.6943 -0.4166 0.5869
vn 0.6557 -0.2635 0.7075
vn -0.0095 -0.7682 0.6402
vn -0.0833 -0.5921 0.8016
vn -0.7098 -0.6401 0.2941
vn -0.7607 -0.5329 0.3707
vn -0.5257 0.0380 -0.8498
vn -0.9354 -0.2236 -0.2740
vn 0.1712 0.2757 -0.9459
vn 0.7759 0.3607 -0.5176
vn 0.9459 0.2431 0.2148
vn 0.5519 -0.0146 0.8338
vn -0.1844 -0.2636 0.9468
vn -0.8053 -0.3529 0.4764
vn -0.5056 -0.0801 -0.8590
vn -0.9346 -0.2531 -0.2498
vn 0.2167 0.1392 -0.9663
vn 0.8135 0.2774 -0.5112
vn 0.9356 0.2544 0.2448
vn 0.5073 0.0831 0.8577
vn -0.2183 -0.1365 0.9663
vn -0.8159 -0.2764 0.5078
vn -0.5294 -0.0327 -0.8478
vn -0.9441 -0.2380 -0.2281
vn 0.2073 0.1926 -0.9591
vn 0.8163 0.3012 -0.4929
vn 0.9375 0.2316 0.2596
vn 0.5163 0.0283 0.8560
vn -0.1972 -0.1908 0.9616
vn -0.7999 -0.3016 0.5188
vn -0.4137 -0.2922 -0.8623
vn -0.7694 -0.5574 -0.3120
vn 0.2497 -0.0435 -0.9674
vn 0.8362 0.0391 -0.5470
vn 0.9831 -0.1021 0.1520
vn 0.6051 -0.3780 0.7006
vn -0.0597 -0.6200 0.7823
vn -0.6238 -0.6919 0.3636
vn -0.6911 0.4296 -0.5812
vn -0.6768 0.2820 -0.6800
vn -0.9844 -0.1166 -0.1315
vn -0.9911 -0.0700 -0.1128
vn -0.0430 0.6852 -0.7271
vn -0.0069 0.5231 -0.8523
vn 0.6361 0.5887 -0.4987
vn 0.6692 0.4822 -0.5653
vn 0.9879 0.1529 0.0261
vn 0.9842 0.1710 0.0458
vn 0.7379 -0.3879 0.5523
vn 0.7172 -0.2486 0.6510
vn 0.0236 -0.6827 0.7303
vn -0.0129 -0.5176 0.8555
vn -0.7073 -0.5478 0.4468
vn -0.7291 -0.4554 0.5109
vn -0.6285 0.0192 -0.7776
vn -0.9702 -0.1959 -0.1425
vn 0.0599 0.2218 -0.9733
vn 0.7180 0.3012 -0.6275
vn 0.9739 0.2106 0.0842
vn 0.6507 -0.0035 0.7594
vn -0.0753 -0.2162 0.9734
vn -0.7521 -0.2969 0.5883
vn -0.5968 -0.1426 -0.7896
vn -0.9589 -0.2510 -0.1325
vn 0.1050 0.0469 -0.9934
vn 0.7490 0.2098 -0.6285
vn 0.9618 0.2528 0.1054
vn 0.6046 0.1474 0.7827
vn -0.1161 -0.0466 0.9921
vn -0.7653 -0.2126 0.6076
vn -0.5832 -0.2160 -0.7831
vn -0.9483 -0.2942 -0.1192
vn 0.1219 -0.0122 -0.9925
vn 0.7578 0.1993 -0.6213
vn 0.9485 0.2942 0.1173
vn 0.5783 0.2154 0.7869
vn -0.1320 0.0094 0.9912
vn -0.7629 -0.2015 0.6143
vn -0.4705 -0.4894 -0.7342
vn -0.7756 -0.6261 -0.0799
vn 0.2130 -0.2547 -0.9433
vn 0.8247 -0.0824 -0.5595
vn 0.9891 -0.0565 0.1360
vn 0.6551 -0.1784 0.7342
vn 0.0254 -0.3895 0.9207
vn -0.5591 -0.5773 0.5950
vn -0.0007 0.5577 -0.8301
vn 0.0635 0.3731 -0.9256
vn -0.6074 0.1133 -0.7863
vn -0.6414 0.2593 -0.7221
vn 0.6434 0.5699 -0.5112
vn 0.7008 0.4324 -0.5674
vn 0.9582 0.2635 0.1115
vn 0.9607 0.2540 0.1122
vn 0.6930 -0.2145 0.6883
vn 0.6599 -0.0770 0.7474
vn -0.0084 -0.5566 0.8307
vn -0.0671 -0.3671 0.9278
vn -0.7044 -0.5489 0.4500
vn -0.7500 -0.4220 0.5093
vn -0.9577 -0.1960 -0.2107
vn -0.9541 -0.2134 -0.2101
vn 0.1584 0.0361 -0.9867
vn -0.5494 -0.1269 -0.8258
vn 0.7781 0.1786 -0.6022
vn 0.9665 0.2233 0.1265
vn 0.5902 0.1409 0.7949
vn -0.1525 -0.0272 0.9879
vn -0.8027 -0.1806 0.5684
vn -0.9562 -0.2201 -0.1929
vn 0.2011 -0.1707 -0.9646
vn -0.5340 -0.2464 -0.8088
vn 0.8197 0.0013 -0.5727
vn 0.9737 0.1736 0.1472
vn 0.5627 0.2478 0.7887
vn -0.1876 0.1758 0.9664
vn -0.8279 -0.0034 0.5608
vn -0.9669 -0.1795 -0.1813
vn 0.2144 -0.2652 -0.9400
vn -0.5365 -0.2647 -0.8013
vn 0.8373 -0.1127 -0.5349
vn 0.9788 0.1045 0.1764
vn 0.5562 0.2623 0.7886
vn -0.1939 0.2680 0.9437
vn -0.8338 0.1146 0.5400
vn -0.9763 -0.1075 -0.1878
vn 0.1844 -0.6017 -0.7771
vn -0.5227 -0.5481 -0.6530
vn 0.7825 -0.4851 -0.3903
vn 0.9210 -0.2642 0.2862
vn 0.5127 -0.0685 0.8558
vn -0.2031 -0.0151 0.9790
vn -0.8004 -0.1353 0.5841
vn -0.9300 -0.3559 -0.0914
vn -0.9090 0.2454 -0.3369
vn -0.9017 0.1778 -0.3942
vn -0.9325 -0.3058 0.1923
vn -0.9149 -0.3816 0.1317
vn -0.3904 0.7036 -0.5938
vn -0.3727 0.5525 -0.7456
vn 0.3134 0.7837 -0.5362
vn 0.3517 0.6279 -0.6943
vn 0.8702 0.4529 -0.1941
vn 0.8911 0.3657 -0.2689
vn 0.9466 -0.1607 0.2794
vn 0.9418 -0.1061 0.3190
vn 0.4329 -0.6852 0.5858
vn 0.4200 -0.5271 0.7388
vn -0.3486 -0.7777 0.5231
vn -0.3887 -0.6147 0.6863
vn -0.8989 0.0630 -0.4337
vn -0.9375 -0.1867 0.2936
vn -0.3448 0.2766 -0.8970
vn 0.3962 0.3338 -0.8553
vn 0.9199 0.2041 -0.3349
vn 0.9203 -0.0416 0.3890
vn 0.3693 -0.2597 0.8923
vn -0.4097 -0.3203 0.8541
vn -0.9091 0.0384 -0.4148
vn -0.9330 -0.1306 0.3352
vn -0.3487 0.1854 -0.9187
vn 0.4147 0.2234 -0.8821
vn 0.9351 0.1303 -0.3297
vn 0.9089 -0.0382 0.4153
vn 0.3525 -0.1838 0.9176
vn -0.4087 -0.2220 0.8853
vn -0.9190 0.0851 -0.3849
vn -0.9267 -0.1487 0.3451
vn -0.3610 0.2698 -0.8927
vn 0.4178 0.2916 -0.8605
vn 0.9404 0.1379 -0.3108
vn 0.9048 -0.0959 0.4149
vn 0.3510 -0.2731 0.8957
vn -0.3999 -0.2949 0.8678
vn -0.8247 -0.2291 -0.5171
vn -0.8354 -0.5396 0.1045
vn -0.3251 0.0109 -0.9456
vn 0.3830 0.0380 -0.9230
vn 0.8753 -0.1730 -0.4516
vn 0.8510 -0.4932 0.1805
vn 0.3374 -0.7281 0.5968
vn -0.3578 -0.7448 0.5633
vn -0.9233 0.2448 -0.2958
vn -0.9013 0.1922 -0.3881
vn -0.8886 -0.4586 -0.0013
vn -0.8678 -0.4923 -0.0673
vn -0.4683 0.8104 -0.3521
vn -0.4177 0.7218 -0.5518
vn 0.2167 0.9493 -0.2279
vn 0.2862 0.8614 -0.4196
vn 0.8114 0.5840 0.0247
vn 0.8412 0.5375 -0.0595
vn 0.9493 -0.1500 0.2763
vn 0.9330 -0.0973 0.3464
vn 0.4898 -0.7967 0.3541
vn 0.4534 -0.6948 0.5582
vn -0.2730 -0.9393 0.2080
vn -0.3323 -0.8512 0.4062
vn -0.8790 0.1087 -0.4643
vn -0.9183 -0.3684 0.1450
vn -0.3342 0.5144 -0.7897
vn 0.3904 0.6285 -0.6727
vn 0.9009 0.3941 -0.1820
vn 0.9048 -0.0648 0.4209
vn 0.3741 -0.4881 0.7885
vn -0.3928 -0.6205 0.6787
vn -0.9004 0.1888 -0.3920
vn -0.9332 -0.2229 0.2818
vn -0.3120 0.4795 -0.8202
vn 0.4484 0.4806 -0.7536
vn 0.9433 0.2103 -0.2568
vn 0.9060 -0.1775 0.3843
vn 0.3576 -0.4672 0.8086
vn -0.3989 -0.4917 0.7740
vn -0.9080 0.3436 -0.2396
vn -0.9338 -0.1909 0.3027
vn -0.3247 0.6850 -0.6522
vn 0.4789 0.5844 -0.6550
vn 0.9623 0.1209 -0.2436
vn 0.8712 -0.3879 0.3009
vn 0.3032 -0.6754 0.6722
vn -0.4321 -0.6006 0.6728
vn -0.8462 0.2333 -0.4790
vn -0.9288 -0.3528 -0.1136
vn -0.3171 0.5907 -0.7419
vn 0.3895 0.5256 -0.7563
vn 0.8749 0.0305 -0.4834
vn 0.7891 -0.6080 -0.0876
vn 0.1973 -0.9659 0.1678
vn -0.5069 -0.8485 0.1519
vn -0.9293 0.1988 -0.3112
vn -0.9182 0.1822 -0.3516
vn -0.8741 -0.4849 0.0282
vn -0.8285 -0.5525 -0.0910
vn -0.4848 0.8044 -0.3434
vn -0.4464 0.7282 -0.5201
vn 0.1973 0.9610 -0.1936
vn 0.2596 0.8760 -0.4064
vn 0.7836 0.6185 0.0589
vn 0.8286 0.5549 -0.0749
vn 0.9525 -0.0937 0.2897
vn 0.9491 -0.0789 0.3050
vn 0.5387 -0.7683 0.3457
vn 0.5076 -0.6866 0.5205
vn -0.2092 -0.9602 0.1850
vn -0.2770 -0.8700 0.4080
vn -0.9134 0.1223 -0.3882
vn -0.9062 -0.3672 0.2098
vn -0.3949 0.5360 -0.7462
vn 0.3373 0.6467 -0.6841
vn 0.8844 0.3986 -0.2429
vn 0.9348 -0.0796 0.3460
vn 0.4271 -0.5141 0.7439
vn -0.3471 -0.6351 0.6900
vn -0.9209 0.0874 -0.3799
vn -0.9094 -0.3122 0.2749
vn -0.3926 0.4360 -0.8098
vn 0.3628 0.5298 -0.7666
vn 0.9075 0.3152 -0.2775
vn 0.9227 -0.0841 0.3762
vn 0.3952 -0.4332 0.8100
vn -0.3637 -0.5273 0.7679
vn -0.9281 0.0826 -0.3632
vn -0.8998 -0.3445 0.2678
vn -0.4088 0.4642 -0.7857
vn 0.3585 0.5696 -0.7397
vn 0.9094 0.3329 -0.2493
vn 0.9175 -0.0997 0.3850
vn 0.3924 -0.4711 0.7900
vn -0.3546 -0.5709 0.7405
vn -0.8162 -0.1509 -0.5578
vn -0.7915 -0.6112 0.0006
vn -0.3305 0.2484 -0.9105
vn 0.3773 0.3560 -0.8549
vn 0.8984 0.1123 -0.4246
vn 0.9295 -0.3440 0.1326
vn 0.4475 -0.7483 0.4898
vn -0.2670 -0.8596 0.4356
vn -0.9290 0.1408 -0.3424
vn -0.9278 0.1504 -0.3414
vn -0.9032 -0.3440 0.2567
vn -0.8817 -0.4363 0.1794
vn -0.4289 0.6235 -0.6536
vn -0.4142 0.5465 -0.7279
vn 0.2988 0.7471 -0.5938
vn 0.3222 0.6328 -0.7041
vn 0.8617 0.4623 -0.2094
vn 0.8805 0.3718 -0.2941
vn 0.9487 -0.0915 0.3025
vn 0.9530 -0.1007 0.2858
vn 0.4715 -0.6027 0.6437
vn 0.4682 -0.5244 0.7112
vn -0.2960 -0.7489 0.5929
vn -0.3163 -0.6335 0.7062
vn -0.9310 0.1679 -0.3240
vn -0.9106 -0.1516 0.3845
vn -0.4077 0.3848 -0.8281
vn 0.3374 0.3829 -0.8600
vn 0.8938 0.1688 -0.4155
vn 0.9531 -0.1421 0.2673
vn 0.4564 -0.3742 0.8073
vn -0.3272 -0.3810 0.8647
vn -0.9343 0.2006 -0.2946
vn -0.8919 0.0036 0.4523
vn -0.4260 0.2790 -0.8606
vn 0.3236 0.1964 -0.9256
vn 0.8863 0.0020 -0.4632
vn 0.9441 -0.1941 0.2666
vn 0.4524 -0.2774 0.8476
vn -0.3125 -0.1958 0.9295
vn -0.9327 0.2394 -0.2697
vn -0.8757 0.0698 0.4777
vn -0.4380 0.2677 -0.8582
vn 0.3135 0.1385 -0.9394
vn 0.8794 -0.0716 -0.4706
vn 0.9322 -0.2395 0.2712
vn 0.4435 -0.2680 0.8552
vn -0.3040 -0.1404 0.9423
vn -0.9515 0.0386 -0.3054
vn -0.9000 -0.1568 0.4068
vn -0.4739 0.0918 -0.8758
vn 0.2629 -0.0314 -0.9643
vn 0.8202 -0.2610 -0.5090
vn 0.8616 -0.4592 0.2162
vn 0.3708 -0.5081 0.7774
vn -0.3559 -0.3821 0.8528
vn -0.9186 0.2334 -0.3191
vn -0.9101 0.1711 -0.3773
vn -0.9259 -0.3160 0.2071
vn -0.9058 -0.3984 0.1446
vn -0.4088 0.7030 -0.5819
vn -0.3911 0.5526 -0.7359
vn 0.2971 0.7917 -0.5338
vn 0.3331 0.6349 -0.6971
vn 0.8626 0.4638 -0.2020
vn 0.8822 0.3762 -0.2833
vn 0.9529 -0.1513 0.2629
vn 0.9490 -0.0979 0.2997
vn 0.4524 -0.6853 0.5707
vn 0.4409 -0.5273 0.7263
vn -0.3268 -0.7887 0.5208
vn -0.3689 -0.6233 0.6894
vn -0.9053 0.0497 -0.4218
vn -0.9322 -0.1901 0.3079
vn -0.3619 0.2611 -0.8949
vn 0.3768 0.3258 -0.8671
vn 0.9106 0.2093 -0.3563
vn 0.9283 -0.0266 0.3709
vn 0.3871 -0.2434 0.8893
vn -0.3955 -0.3118 0.8639
vn -0.9125 -0.0024 -0.4091
vn -0.9284 -0.1354 0.3461
vn -0.3624 0.1328 -0.9225
vn 0.3973 0.1902 -0.8978
vn 0.9266 0.1370 -0.3502
vn 0.9145 0.0043 0.4045
vn 0.3647 -0.1297 0.9220
vn -0.3987 -0.1876 0.8977
vn -0.9206 0.0088 -0.3903
vn -0.9210 -0.1607 0.3550
vn -0.3745 0.1740 -0.9108
vn 0.3989 0.2354 -0.8863
vn 0.9308 0.1556 -0.3306
vn 0.9094 -0.0158 0.4156
vn 0.3620 -0.1772 0.9152
vn -0.3903 -0.2367 0.8898
vn -0.8187 -0.3143 -0.4806
vn -0.8084 -0.5607 0.1791
vn -0.3242 -0.0834 -0.9423
vn 0.3952 -0.0122 -0.9185
vn 0.8960 -0.1489 -0.4183
vn 0.8817 -0.4026 0.2461
vn 0.3797 -0.6214 0.6854
vn -0.3146 -0.6852 0.6569
vn 0.5204 -0.8539 0.0068
vn 0.4917 -0.6994 -0.5187
vn -0.7864 -0.4955 -0.3688
vn -0.7517 -0.6454 0.1358
vn 0.1583 -0.8984 0.4096
vn 0.0858 -0.5290 -0.8443
vn -0.4454 -0.4457 -0.7765
vn -0.3668 -0.8106 0.4565
vn -0.1942 -0.9496 -0.2462
vn 0.4052 -0.6638 -0.6286
vn 0.4599 -0.2765 -0.8439
vn -0.5218 -0.6496 0.5530
vn -0.1545 -0.5813 0.7989
vn -0.3621 -0.7145 -0.5986
vn -0.3606 -0.8780 -0.3147
vn -0.2253 -0.9707 -0.0831
vn -0.0809 -0.9514 0.2971
vn -0.4839 -0.6649 -0.5690
vn -0.3779 -0.8929 -0.2446
vn -0.4566 -0.6356 -0.6225
vn -0.4242 -0.8671 -0.2612
vn -0.3762 -0.8257 -0.4203
vn -0.0525 -0.9862 -0.1571
vn 0.1716 -0.9508 0.2579
vn 0.5579 -0.7985 0.2262
vn 0.3875 -0.9139 -0.1212
vn -0.0965 -0.2742 -0.9568
vn -0.3921 -0.5298 -0.7520
vn -0.2766 -0.4312 -0.8588
vn -0.2279 -0.9033 -0.3635
vn -0.1429 -0.9897 0.0125
vn 0.2806 -0.9497 -0.1389
vn 0.4626 -0.8608 -0.2121
vn 0.2863 -0.5742 -0.7670
vn -0.1115 -0.6172 -0.7789
vn -0.1388 -0.9846 -0.1063
vn 0.1881 -0.9786 -0.0833
vn 0.7675 -0.6395 0.0458
vn 0.6796 -0.6357 -0.3661
vn 0.6802 -0.6531 -0.3328
vn 0.2881 -0.6216 0.7284
vn 0.3354 -0.2048 -0.9195
vn -0.3626 -0.9159 -0.1723
vn -0.0951 -0.9925 0.0761
vn 0.1693 0.0290 -0.9851
vn -0.2563 0.0629 -0.9645
vn 0.2534 -0.3728 -0.8926
vn -0.1795 -0.4308 -0.8844
vn -0.0363 -0.9977 -0.0574
vn -0.6031 -0.4859 -0.6326
vn -0.3772 -0.7833 -0.4941
vn 0.3256 -0.7367 -0.5927
vn -0.0621 -0.8807 -0.4695
vn 0.5349 -0.7446 -0.3993
vn 0.5637 -0.6634 -0.4920
vn 0.5197 -0.4509 -0.7256
vn 0.1453 -0.3367 -0.9303
vn 0.4573 -0.6805 -0.5725
vn 0.2161 -0.5653 -0.7961
vn -0.0599 -0.9211 -0.3848
vn 0.0749 -0.9767 -0.2012
vn 0.0856 -0.9531 -0.2904
vn -0.3548 -0.9107 -0.2117
vn 0.4279 -0.6646 -0.6125
vn -0.1016 -0.9948 -0.0050
vn -0.6037 -0.7854 0.1367
vn 0.6062 -0.7008 -0.3761
vn 0.6562 -0.3603 -0.6630
vn 0.5876 -0.5004 -0.6358
vn -0.0378 -0.7354 -0.6766
vn 0.5454 -0.7481 0.3780
vn 0.4613 -0.8860 -0.0465
vn 0.3408 -0.5745 -0.7442
vn 0.5503 -0.8245 -0.1320
vn 0.2741 -0.9570 0.0953
vn 0.3657 -0.9249 -0.1039
vn -0.1283 -0.5826 -0.8026
vn 0.4412 -0.8551 -0.2724
vn 0.1869 -0.6853 -0.7039
vn -0.0230 -0.7976 -0.6028
vn 0.7825 -0.6160 -0.0910
vn -0.5553 -0.1537 -0.8173
vn 0.2409 -0.8520 0.4648
vn 0.5739 -0.7300 0.3711
vn 0.6197 -0.7388 -0.2650
vn -0.3785 -0.7624 -0.5249
vn 0.6897 -0.5212 -0.5026
vn 0.0412 -0.8747 -0.4828
vn 0.3308 -0.9437 -0.0037
vn 0.2554 -0.8836 -0.3924
vn 0.0994 -0.9282 -0.3584
vn 0.1804 -0.7221 -0.6678
vn 0.3063 -0.9166 -0.2570
vn 0.0803 -0.8460 -0.5271
vn 0.3554 -0.9342 0.0299
vn -0.0326 -0.9564 0.2903
vn 0.0490 -0.8258 -0.5618
vn -0.1768 -0.4596 -0.8704
vn 0.0322 -0.8810 -0.4721
vn 0.8263 0.3473 -0.4435
vn 0.9513 -0.3032 -0.0549
vn 0.9579 -0.2837 -0.0448
vn 0.7973 0.2424 -0.5528
vn 0.2581 0.7776 -0.5733
vn 0.2065 0.6278 -0.7505
vn -0.4370 0.8027 -0.4059
vn -0.4930 0.6769 -0.5466
vn -0.9218 0.3876 -0.0085
vn -0.9326 0.3585 -0.0427
vn -0.8687 -0.2800 0.4086
vn -0.8458 -0.1757 0.5038
vn -0.2726 -0.7751 0.5699
vn -0.2207 -0.6169 0.7555
vn 0.4918 -0.7852 0.3762
vn 0.5541 -0.6572 0.5109
vn 0.9632 -0.2688 -0.0033
vn 0.7475 0.0410 -0.6629
vn 0.1157 0.3247 -0.9387
vn -0.5784 0.4275 -0.6948
vn -0.9551 0.2910 -0.0555
vn -0.7759 -0.0139 0.6307
vn -0.1205 -0.3103 0.9430
vn 0.6098 -0.4181 0.6733
vn 0.9649 -0.2611 0.0290
vn 0.7389 -0.0507 -0.6719
vn 0.0824 0.1892 -0.9785
vn -0.6213 0.3186 -0.7159
vn -0.9644 0.2624 -0.0341
vn -0.7413 0.0534 0.6691
vn -0.0826 -0.1864 0.9790
vn 0.6239 -0.3169 0.7143
vn 0.9613 -0.2719 0.0443
vn 0.7557 -0.0282 -0.6543
vn 0.0974 0.2338 -0.9674
vn -0.6203 0.3557 -0.6991
vn -0.9642 0.2647 -0.0156
vn -0.7412 0.0192 0.6710
vn -0.0937 -0.2360 0.9672
vn 0.6065 -0.3560 0.7109
vn 0.7344 -0.6648 -0.1365
vn 0.5812 -0.3585 -0.7305
vn 0.0027 -0.0763 -0.9971
vn -0.6473 -0.0016 -0.7623
vn -0.9687 -0.1673 -0.1834
vn -0.7931 -0.4651 0.3933
vn -0.2327 -0.7294 0.6433
vn 0.3948 -0.8134 0.4272
vn 0.9506 0.2124 -0.2264
vn 0.8670 -0.4837 0.1201
vn 0.8853 -0.4246 0.1896
vn 0.9411 0.1507 -0.3028
vn 0.4964 0.7544 -0.4295
vn 0.4765 0.6295 -0.6138
vn -0.1988 0.8920 -0.4059
vn -0.2392 0.7679 -0.5942
vn -0.8094 0.5630 -0.1671
vn -0.8310 0.4945 -0.2549
vn -0.9765 -0.1149 0.1824
vn -0.9692 -0.0626 0.2381
vn -0.5345 -0.7321 0.4222
vn -0.5189 -0.6002 0.6088
vn 0.2393 -0.8867 0.3955
vn 0.2819 -0.7575 0.5888
vn 0.8938 -0.3285 0.3052
vn 0.9272 0.0326 -0.3731
vn 0.4302 0.3717 -0.8226
vn -0.3011 0.5013 -0.8112
vn -0.8696 0.3514 -0.3469
vn -0.9447 -0.0001 0.3279
vn -0.4529 -0.3518 0.8193
vn 0.3190 -0.4899 0.8113
vn 0.8936 -0.2730 0.3562
vn 0.9314 -0.0073 -0.3640
vn 0.4214 0.2628 -0.8680
vn -0.3327 0.3787 -0.8637
vn -0.8929 0.2742 -0.3571
vn -0.9333 0.0103 0.3590
vn -0.4277 -0.2589 0.8661
vn 0.3291 -0.3766 0.8659
vn 0.8870 -0.2767 0.3697
vn 0.9425 0.0259 -0.3332
vn 0.4358 0.3150 -0.8431
vn -0.3343 0.4151 -0.8461
vn -0.9004 0.2667 -0.3437
vn -0.9340 -0.0373 0.3554
vn -0.4303 -0.3179 0.8449
vn 0.3178 -0.4166 0.8517
vn 0.8049 -0.5733 0.1529
vn 0.8581 -0.2154 -0.4660
vn 0.3933 0.1054 -0.9134
vn -0.3267 0.2016 -0.9234
vn -0.8760 0.0100 -0.4823
vn -0.9230 -0.3560 0.1462
vn -0.4461 -0.6760 0.5866
vn 0.2678 -0.7637 0.5874
vn 0.9820 0.1325 -0.1349
vn 0.8036 -0.5646 0.1882
vn 0.8263 -0.4790 0.2965
vn 0.9784 0.1037 -0.1786
vn 0.5839 0.7232 -0.3688
vn 0.5792 0.6135 -0.5368
vn -0.1043 0.9105 -0.4002
vn -0.1267 0.7881 -0.6023
vn -0.7473 0.6259 -0.2230
vn -0.7668 0.5410 -0.3455
vn -0.9954 -0.0319 0.0902
vn -0.9940 -0.0094 0.1087
vn -0.6337 -0.6883 0.3530
vn -0.6355 -0.5714 0.5194
vn 0.1222 -0.9116 0.3925
vn 0.1478 -0.7803 0.6078
vn 0.8258 -0.3347 0.4540
vn 0.9773 0.0326 -0.2093
vn 0.5627 0.3800 -0.7341
vn -0.1597 0.5123 -0.8439
vn -0.7962 0.3600 -0.4862
vn -0.9875 0.0021 0.1574
vn -0.5919 -0.3557 0.7232
vn 0.1693 -0.4964 0.8514
vn 0.8186 -0.2666 0.5088
vn 0.9815 0.0038 -0.1915
vn 0.5673 0.2728 -0.7770
vn -0.1760 0.3821 -0.9072
vn -0.8171 0.2688 -0.5100
vn -0.9824 -0.0012 0.1870
vn -0.5712 -0.2692 0.7754
vn 0.1744 -0.3788 0.9089
vn 0.8105 -0.2849 0.5119
vn 0.9855 0.0167 -0.1686
vn 0.5779 0.3094 -0.7552
vn -0.1771 0.4175 -0.8912
vn -0.8244 0.2761 -0.4940
vn -0.9811 -0.0276 0.1913
vn -0.5683 -0.3144 0.7604
vn 0.1686 -0.4203 0.8916
vn 0.7351 -0.6326 0.2439
vn 0.8991 -0.2741 -0.3412
vn 0.5326 0.0751 -0.8430
vn -0.1687 0.2125 -0.9625
vn -0.7891 0.0422 -0.6128
vn -0.9426 -0.3338 -0.0093
vn -0.5512 -0.6817 0.4811
vn 0.1400 -0.8011 0.5819
vn 0.6490 0.4556 -0.6092
vn 0.9651 -0.1144 -0.2356
vn 0.9520 -0.1499 -0.2668
vn 0.6051 0.3083 -0.7340
vn 0.0039 0.7624 -0.6471
vn -0.0628 0.5955 -0.8009
vn -0.6503 0.6754 -0.3477
vn -0.6992 0.5644 -0.4388
vn -0.9664 0.1976 0.1646
vn -0.9597 0.2210 0.1736
vn -0.6944 -0.4165 0.5869
vn -0.6557 -0.2635 0.7075
vn 0.0096 -0.7682 0.6401
vn 0.0832 -0.5920 0.8016
vn 0.7098 -0.6401 0.2939
vn 0.7607 -0.5329 0.3707
vn 0.9355 -0.2235 -0.2737
vn 0.5258 0.0379 -0.8498
vn -0.1712 0.2757 -0.9459
vn -0.7759 0.3607 -0.5176
vn -0.9459 0.2432 0.2147
vn -0.5519 -0.0146 0.8338
vn 0.1844 -0.2637 0.9468
vn 0.8053 -0.3529 0.4764
vn 0.9346 -0.2531 -0.2498
vn 0.5054 -0.0801 -0.8591
vn -0.2167 0.1392 -0.9663
vn -0.8135 0.2774 -0.5112
vn -0.9356 0.2544 0.2448
vn -0.5075 0.0833 0.8576
vn 0.2183 -0.1365 0.9663
vn 0.8160 -0.2764 0.5077
vn 0.9441 -0.2380 -0.2281
vn 0.5290 -0.0327 -0.8480
vn -0.2073 0.1926 -0.9591
vn -0.8163 0.3012 -0.4929
vn -0.9375 0.2317 0.2595
vn -0.5163 0.0283 0.8560
vn 0.1972 -0.1908 0.9616
vn 0.7999 -0.3016 0.5188
vn 0.7693 -0.5573 -0.3122
vn 0.4137 -0.2922 -0.8623
vn -0.2497 -0.0435 -0.9674
vn -0.8362 0.0391 -0.5470
vn -0.9830 -0.1022 0.1522
vn -0.6048 -0.3782 0.7008
vn 0.0597 -0.6200 0.7823
vn 0.6238 -0.6919 0.3636
vn 0.6911 0.4296 -0.5812
vn 0.9911 -0.0700 -0.1128
vn 0.9844 -0.1166 -0.1315
vn 0.6768 0.2820 -0.6800
vn 0.0430 0.6852 -0.7271
vn 0.0069 0.5231 -0.8523
vn -0.6361 0.5887 -0.4987
vn -0.6694 0.4822 -0.5651
vn -0.9878 0.1534 0.0260
vn -0.9842 0.1711 0.0457
vn -0.7379 -0.3879 0.5523
vn -0.7170 -0.2487 0.6512
vn -0.0235 -0.6827 0.7303
vn 0.0129 -0.5177 0.8555
vn 0.7073 -0.5478 0.4468
vn 0.7292 -0.4556 0.5107
vn 0.9702 -0.1959 -0.1425
vn 0.6284 0.0192 -0.7777
vn -0.0599 0.2218 -0.9733
vn -0.7180 0.3012 -0.6275
vn -0.9740 0.2104 0.0846
vn -0.6507 -0.0034 0.7593
vn 0.0753 -0.2162 0.9734
vn 0.7521 -0.2969 0.5883
vn 0.9589 -0.2510 -0.1325
vn 0.5968 -0.1426 -0.7896
vn -0.1050 0.0469 -0.9934
vn -0.7488 0.2099 -0.6287
vn -0.9618 0.2528 0.1054
vn -0.6049 0.1476 0.7825
vn 0.1161 -0.0466 0.9921
vn 0.7653 -0.2126 0.6076
vn 0.9483 -0.2942 -0.1192
vn 0.5832 -0.2160 -0.7831
vn -0.1219 -0.0122 -0.9925
vn -0.7576 0.1993 -0.6215
vn -0.9485 0.2942 0.1173
vn -0.5783 0.2154 0.7869
vn 0.1320 0.0094 0.9912
vn 0.7629 -0.2015 0.6143
vn 0.7756 -0.6261 -0.0799
vn 0.4705 -0.4894 -0.7342
vn -0.2130 -0.2547 -0.9433
vn -0.8247 -0.0824 -0.5595
vn -0.9891 -0.0565 0.1360
vn -0.6551 -0.1784 0.7342
vn -0.0256 -0.3896 0.9206
vn 0.5591 -0.5773 0.5950
vn 0.0007 0.5577 -0.8301
vn 0.6414 0.2593 -0.7221
vn 0.6075 0.1133 -0.7862
vn -0.0635 0.3731 -0.9256
vn -0.6434 0.5699 -0.5112
vn -0.7009 0.4324 -0.5673
vn -0.9582 0.2634 0.1116
vn -0.9607 0.2540 0.1122
vn -0.6930 -0.2145 0.6883
vn -0.6599 -0.0770 0.7474
vn 0.0084 -0.5566 0.8307
vn 0.0669 -0.3669 0.9279
vn 0.7046 -0.5489 0.4497
vn 0.7500 -0.4220 0.5093
vn 0.9577 -0.1960 -0.2107
vn 0.9541 -0.2134 -0.2100
vn 0.5493 -0.1269 -0.8259
vn -0.1584 0.0361 -0.9867
vn -0.7780 0.1786 -0.6023
vn -0.9665 0.2233 0.1265
vn -0.5902 0.1409 0.7949
vn 0.1522 -0.0268 0.9880
vn 0.8026 -0.1806 0.5685
vn 0.9562 -0.2201 -0.1929
vn 0.5343 -0.2464 -0.8086
vn -0.2016 -0.1706 -0.9645
vn -0.8197 0.0013 -0.5727
vn -0.9737 0.1736 0.1472
vn -0.5627 0.2478 0.7887
vn 0.1876 0.1758 0.9664
vn 0.8279 -0.0034 0.5608
vn 0.9669 -0.1795 -0.1813
vn 0.5369 -0.2645 -0.8011
vn -0.2144 -0.2652 -0.9400
vn -0.8373 -0.1127 -0.5349
vn -0.9788 0.1045 0.1764
vn -0.5560 0.2623 0.7887
vn 0.1943 0.2678 0.9437
vn 0.8338 0.1146 0.5400
vn 0.9763 -0.1075 -0.1878
vn 0.5227 -0.5481 -0.6530
vn -0.1844 -0.6017 -0.7771
vn -0.7825 -0.4851 -0.3903
vn -0.9210 -0.2642 0.2862
vn -0.5127 -0.0685 0.8558
vn 0.2031 -0.0151 0.9790
vn 0.8004 -0.1353 0.5841
vn 0.9300 -0.3559 -0.0914
vn 0.9090 0.2454 -0.3369
vn 0.9149 -0.3815 0.1316
vn 0.9325 -0.3058 0.1923
vn 0.9017 0.1778 -0.3941
vn 0.3904 0.7036 -0.5938
vn 0.3728 0.5525 -0.7455
vn -0.3134 0.7837 -0.5362
vn -0.3517 0.6279 -0.6943
vn -0.8701 0.4531 -0.1941
vn -0.8911 0.3657 -0.2689
vn -0.9466 -0.1607 0.2794
vn -0.9418 -0.1062 0.3191
vn -0.4329 -0.6852 0.5858
vn -0.4199 -0.5272 0.7388
vn 0.3490 -0.7778 0.5228
vn 0.3886 -0.6147 0.6864
vn 0.9375 -0.1867 0.2936
vn 0.8989 0.0630 -0.4337
vn 0.3448 0.2766 -0.8970
vn -0.3962 0.3338 -0.8553
vn -0.9199 0.2040 -0.3348
vn -0.9203 -0.0416 0.3890
vn -0.3692 -0.2597 0.8923
vn 0.4097 -0.3203 0.8541
vn 0.9331 -0.1307 0.3349
vn 0.9091 0.0384 -0.4148
vn 0.3487 0.1854 -0.9187
vn -0.4149 0.2232 -0.8820
vn -0.9350 0.1304 -0.3298
vn -0.9089 -0.0382 0.4153
vn -0.3525 -0.1838 0.9176
vn 0.4087 -0.2220 0.8853
vn 0.9267 -0.1487 0.3451
vn 0.9190 0.0851 -0.3849
vn 0.3610 0.2698 -0.8927
vn -0.4178 0.2916 -0.8605
vn -0.9404 0.1379 -0.3108
vn -0.9048 -0.0959 0.4149
vn -0.3510 -0.2731 0.8957
vn 0.3999 -0.2949 0.8678
vn 0.8357 -0.5392 0.1046
vn 0.8247 -0.2292 -0.5171
vn 0.3251 0.0110 -0.9456
vn -0.3833 0.0381 -0.9228
vn -0.8753 -0.1726 -0.4518
vn -0.8512 -0.4928 0.1809
vn -0.3374 -0.7281 0.5967
vn 0.3578 -0.7448 0.5633
vn 0.9233 0.2449 -0.2958
vn 0.8678 -0.4923 -0.0673
vn 0.8887 -0.4586 -0.0012
vn 0.9014 0.1922 -0.3881
vn 0.4679 0.8106 -0.3522
vn 0.4177 0.7218 -0.5518
vn -0.2168 0.9493 -0.2279
vn -0.2864 0.8614 -0.4195
vn -0.8114 0.5840 0.0247
vn -0.8412 0.5375 -0.0595
vn -0.9493 -0.1500 0.2763
vn -0.9330 -0.0973 0.3464
vn -0.4898 -0.7967 0.3541
vn -0.4534 -0.6949 0.5582
vn 0.2730 -0.9393 0.2080
vn 0.3322 -0.8512 0.4063
vn 0.9183 -0.3684 0.1450
vn 0.8789 0.1087 -0.4644
vn 0.3344 0.5142 -0.7898
vn -0.3904 0.6285 -0.6727
vn -0.9007 0.3942 -0.1824
vn -0.9048 -0.0648 0.4209
vn -0.3741 -0.4881 0.7885
vn 0.3924 -0.6204 0.6790
vn 0.9332 -0.2229 0.2818
vn 0.9004 0.1888 -0.3920
vn 0.3120 0.4795 -0.8202
vn -0.4484 0.4806 -0.7536
vn -0.9433 0.2103 -0.2568
vn -0.9060 -0.1775 0.3843
vn -0.3576 -0.4672 0.8086
vn 0.3989 -0.4917 0.7740
vn 0.9337 -0.1910 0.3027
vn 0.9080 0.3436 -0.2396
vn 0.3247 0.6850 -0.6522
vn -0.4789 0.5844 -0.6550
vn -0.9623 0.1209 -0.2436
vn -0.8712 -0.3879 0.3009
vn -0.3032 -0.6754 0.6722
vn 0.4321 -0.6006 0.6728
vn 0.9288 -0.3528 -0.1136
vn 0.8462 0.2333 -0.4790
vn 0.3171 0.5907 -0.7419
vn -0.3895 0.5256 -0.7563
vn -0.8749 0.0305 -0.4834
vn -0.7891 -0.6080 -0.0876
vn -0.1973 -0.9659 0.1678
vn 0.5069 -0.8485 0.1519
vn 0.9293 0.1989 -0.3113
vn 0.8286 -0.5523 -0.0913
vn 0.8741 -0.4849 0.0283
vn 0.9182 0.1822 -0.3516
vn 0.4848 0.8044 -0.3434
vn 0.4465 0.7282 -0.5200
vn -0.1973 0.9610 -0.1936
vn -0.2597 0.8760 -0.4064
vn -0.7836 0.6185 0.0589
vn -0.8285 0.5550 -0.0749
vn -0.9525 -0.0935 0.2897
vn -0.9491 -0.0786 0.3049
vn -0.5387 -0.7683 0.3457
vn -0.5076 -0.6866 0.5205
vn 0.2092 -0.9602 0.1850
vn 0.2770 -0.8700 0.4080
vn 0.9062 -0.3672 0.2098
vn 0.9136 0.1222 -0.3879
vn 0.3947 0.5360 -0.7463
vn -0.3370 0.6467 -0.6843
vn -0.8844 0.3985 -0.2429
vn -0.9348 -0.0798 0.3462
vn -0.4271 -0.5141 0.7439
vn 0.3472 -0.6352 0.6899
vn 0.9094 -0.3122 0.2749
vn 0.9209 0.0874 -0.3799
vn 0.3924 0.4360 -0.8099
vn -0.3628 0.5298 -0.7667
vn -0.9076 0.3150 -0.2774
vn -0.9227 -0.0841 0.3762
vn -0.3952 -0.4332 0.8100
vn 0.3637 -0.5273 0.7679
vn 0.8998 -0.3445 0.2678
vn 0.9281 0.0826 -0.3632
vn 0.4088 0.4642 -0.7857
vn -0.3585 0.5696 -0.7397
vn -0.9094 0.3329 -0.2493
vn -0.9175 -0.0997 0.3850
vn -0.3924 -0.4711 0.7900
vn 0.3546 -0.5709 0.7405
vn 0.7918 -0.6108 0.0007
vn 0.8163 -0.1507 -0.5577
vn 0.3305 0.2484 -0.9105
vn -0.3773 0.3560 -0.8549
vn -0.8983 0.1126 -0.4247
vn -0.9295 -0.3443 0.1321
vn -0.4475 -0.7483 0.4898
vn 0.2673 -0.8594 0.4358
vn 0.9290 0.1408 -0.3424
vn 0.8817 -0.4363 0.1794
vn 0.9032 -0.3440 0.2567
vn 0.9278 0.1504 -0.3414
vn 0.4289 0.6235 -0.6536
vn 0.4145 0.5464 -0.7278
vn -0.2988 0.7471 -0.5938
vn -0.3219 0.6329 -0.7042
vn -0.8617 0.4623 -0.2094
vn -0.8807 0.3715 -0.2939
vn -0.9487 -0.0915 0.3025
vn -0.9530 -0.1007 0.2858
vn -0.4715 -0.6027 0.6437
vn -0.4681 -0.5245 0.7112
vn 0.2960 -0.7489 0.5929
vn 0.3163 -0.6335 0.7062
vn 0.9107 -0.1517 0.3841
vn 0.9310 0.1679 -0.3240
vn 0.4075 0.3847 -0.8282
vn -0.3374 0.3829 -0.8600
vn -0.8939 0.1686 -0.4153
vn -0.9531 -0.1421 0.2673
vn -0.4564 -0.3742 0.8073
vn 0.3272 -0.3810 0.8647
vn 0.8919 0.0036 0.4523
vn 0.9343 0.2006 -0.2946
vn 0.4260 0.2790 -0.8606
vn -0.3233 0.1966 -0.9256
vn -0.8863 0.0020 -0.4632
vn -0.9441 -0.1941 0.2666
vn -0.4520 -0.2776 0.8477
vn 0.3122 -0.1957 0.9296
vn 0.8757 0.0698 0.4777
vn 0.9327 0.2394 -0.2697
vn 0.4383 0.2678 -0.8580
vn -0.3135 0.1385 -0.9394
vn -0.8794 -0.0716 -0.4706
vn -0.9322 -0.2395 0.2712
vn -0.4435 -0.2680 0.8552
vn 0.3040 -0.1404 0.9423
vn 0.9000 -0.1568 0.4068
vn 0.9515 0.0386 -0.3054
vn 0.4739 0.0918 -0.8758
vn -0.2629 -0.0314 -0.9643
vn -0.8204 -0.2612 -0.5086
vn -0.8616 -0.4592 0.2162
vn -0.3708 -0.5081 0.7774
vn 0.3559 -0.3821 0.8528
vn 0.9186 0.2334 -0.3191
vn 0.9058 -0.3983 0.1443
vn 0.9259 -0.3160 0.2072
vn 0.9102 0.1711 -0.3773
vn 0.4086 0.7030 -0.5821
vn 0.3911 0.5526 -0.7360
vn -0.2973 0.7916 -0.5338
vn -0.3331 0.6349 -0.6971
vn -0.8626 0.4638 -0.2020
vn -0.8822 0.3762 -0.2833
vn -0.9529 -0.1513 0.2629
vn -0.9490 -0.0979 0.2997
vn -0.4524 -0.6853 0.5707
vn -0.4409 -0.5273 0.7263
vn 0.3269 -0.7887 0.5207
vn 0.3690 -0.6234 0.6894
vn 0.9322 -0.1901 0.3079
vn 0.9053 0.0497 -0.4218
vn 0.3620 0.2611 -0.8948
vn -0.3768 0.3258 -0.8671
vn -0.9106 0.2093 -0.3563
vn -0.9283 -0.0266 0.3709
vn -0.3870 -0.2434 0.8893
vn 0.3951 -0.3115 0.8642
vn 0.9283 -0.1354 0.3462
vn 0.9125 -0.0024 -0.4091
vn 0.3626 0.1328 -0.9224
vn -0.3973 0.1902 -0.8978
vn -0.9266 0.1369 -0.3501
vn -0.9145 0.0043 0.4045
vn -0.3645 -0.1299 0.9221
vn 0.3983 -0.1874 0.8979
vn 0.9210 -0.1607 0.3550
vn 0.9206 0.0088 -0.3903
vn 0.3745 0.1740 -0.9108
vn -0.3989 0.2354 -0.8863
vn -0.9308 0.1556 -0.3306
vn -0.9094 -0.0158 0.4156
vn -0.3620 -0.1772 0.9152
vn 0.3903 -0.2367 0.8898
vn 0.8084 -0.5608 0.1790
vn 0.8187 -0.3143 -0.4806
vn 0.3243 -0.0833 -0.9423
vn -0.3950 -0.0124 -0.9186
vn -0.8960 -0.1489 -0.4183
vn -0.8817 -0.4026 0.2461
vn -0.3797 -0.6214 0.6853
vn 0.3146 -0.6852 0.6569
vn -0.4917 -0.6994 -0.5187
vn -0.5204 -0.8539 0.0068
vn 0.7517 -0.6454 0.1358
vn 0.7864 -0.4955 -0.3688
vn -0.1583 -0.8984 0.4096
vn 0.4454 -0.4457 -0.7765
vn -0.0858 -0.5290 -0.8443
vn 0.3668 -0.8106 0.4565
vn 0.1942 -0.9496 -0.2462
vn -0.4599 -0.2765 -0.8439
vn -0.4052 -0.6638 -0.6286
vn 0.1546 -0.5813 0.7989
vn 0.5218 -0.6496 0.5530
vn 0.3606 -0.8780 -0.3147
vn 0.3621 -0.7146 -0.5986
vn 0.0809 -0.9514 0.2971
vn 0.2253 -0.9707 -0.0831
vn 0.3779 -0.8929 -0.2446
vn 0.4839 -0.6649 -0.5690
vn 0.4242 -0.8671 -0.2612
vn 0.4566 -0.6356 -0.6225
vn 0.0525 -0.9862 -0.1571
vn 0.3763 -0.8257 -0.4203
vn -0.5579 -0.7985 0.2262
vn -0.1716 -0.9508 0.2579
vn -0.3879 -0.9137 -0.1214
vn 0.3921 -0.5298 -0.7520
vn 0.0965 -0.2742 -0.9568
vn 0.2766 -0.4312 -0.8588
vn 0.1429 -0.9897 0.0125
vn 0.2279 -0.9033 -0.3635
vn -0.4626 -0.8608 -0.2121
vn -0.2806 -0.9497 -0.1389
vn 0.1115 -0.6172 -0.7789
vn -0.2863 -0.5743 -0.7670
vn -0.1882 -0.9785 -0.0839
vn 0.1387 -0.9846 -0.1063
vn -0.6796 -0.6357 -0.3661
vn -0.7675 -0.6394 0.0459
vn -0.6803 -0.6531 -0.3327
vn -0.2881 -0.6216 0.7284
vn -0.3354 -0.2048 -0.9195
vn 0.0951 -0.9925 0.0761
vn 0.3626 -0.9159 -0.1723
vn 0.2563 0.0629 -0.9645
vn -0.1693 0.0290 -0.9851
vn 0.1796 -0.4311 -0.8843
vn -0.2534 -0.3728 -0.8926
vn 0.0363 -0.9977 -0.0574
vn 0.3772 -0.7833 -0.4941
vn 0.6031 -0.4859 -0.6326
vn 0.0621 -0.8808 -0.4695
vn -0.3256 -0.7367 -0.5927
vn -0.5349 -0.7446 -0.3993
vn -0.5638 -0.6634 -0.4920
vn -0.1453 -0.3367 -0.9303
vn -0.5197 -0.4509 -0.7256
vn -0.2161 -0.5653 -0.7961
vn -0.4573 -0.6805 -0.5725
vn -0.0749 -0.9767 -0.2012
vn 0.0599 -0.9211 -0.3848
vn 0.3548 -0.9107 -0.2117
vn -0.0856 -0.9531 -0.2904
vn -0.4279 -0.6646 -0.6125
vn 0.1017 -0.9948 -0.0049
vn 0.6037 -0.7854 0.1367
vn -0.6062 -0.7008 -0.3761
vn -0.6562 -0.3603 -0.6630
vn -0.5876 -0.5004 -0.6359
vn 0.0378 -0.7354 -0.6766
vn -0.4613 -0.8860 -0.0465
vn -0.5454 -0.7481 0.3780
vn -0.3408 -0.5745 -0.7442
vn -0.5503 -0.8245 -0.1319
vn -0.2741 -0.9570 0.0953
vn -0.3657 -0.9249 -0.1039
vn 0.1283 -0.5823 -0.8028
vn -0.4412 -0.8551 -0.2724
vn 0.0230 -0.7976 -0.6028
vn -0.1869 -0.6853 -0.7039
vn -0.7825 -0.6160 -0.0910
vn 0.5553 -0.1537 -0.8173
vn -0.2409 -0.8520 0.4648
vn -0.5739 -0.7300 0.3711
vn -0.6197 -0.7388 -0.2650
vn 0.3785 -0.7624 -0.5249
vn -0.6897 -0.5212 -0.5026
vn -0.0412 -0.8747 -0.4828
vn -0.3307 -0.9437 -0.0035
vn -0.2554 -0.8836 -0.3924
vn -0.0994 -0.9282 -0.3584
vn -0.1804 -0.7221 -0.6678
vn -0.3063 -0.9166 -0.2570
vn -0.0803 -0.8460 -0.5271
vn -0.3554 -0.9342 0.0299
vn 0.0326 -0.9564 0.2903
vn -0.0490 -0.8258 -0.5618
vn 0.1768 -0.4596 -0.8704
vn -0.0322 -0.8810 -0.4721
vn 0.2736 0.8818 -0.3841
vn -0.0587 0.9215 -0.3840
vn -0.0870 0.9671 0.2392
vn -0.0870 0.9791 0.1838
vn 0.6447 0.6879 -0.3335
vn 0.9510 0.2712 -0.1484
vn 0.7556 0.6246 0.1974
vn 0.5326 0.8450 0.0468
vn 0.8078 -0.2118 -0.5501
vn 0.9884 -0.0085 -0.1515
vn 0.7412 -0.6666 0.0788
vn 0.1062 0.8855 -0.4523
vn -0.4116 -0.7887 0.4566
vn -0.2270 -0.7765 0.5878
vn -0.3640 -0.2871 0.8860
vn -0.6581 -0.3581 0.6623
vn -0.8840 0.2360 0.4036
vn -0.8987 -0.4326 0.0715
vn -0.9914 -0.0036 -0.1308
vn -0.8781 0.4212 0.2270
vn -0.5506 0.8326 0.0596
vn -0.1501 0.9728 0.1765
vn -0.4970 0.7856 -0.3684
vn -0.8642 0.4166 -0.2821
vn 0.0614 -0.7551 0.6527
vn -0.3128 -0.8074 0.5002
vn 0.0688 -0.8136 0.5774
vn 0.3650 -0.7584 0.5400
vn 0.2809 -0.7481 0.6012
vn -0.7609 -0.6197 0.1925
vn -0.7654 0.6213 0.1680
vn -0.6011 -0.7453 0.2885
vn -0.0532 0.8851 -0.4623
vn 0.0587 0.8353 -0.5467
vn 0.7793 -0.6208 0.0847
vn 0.8106 0.5851 0.0248
vn 0.9043 -0.2637 0.3357
vn 0.9481 0.1729 0.2670
vn 0.5876 -0.6874 0.4269
vn 0.6396 -0.2328 0.7326
vn 0.3128 -0.2390 0.9193
vn 0.3384 0.3717 0.8645
vn 0.6918 0.3108 0.6518
vn 0.1420 -0.4612 -0.8759
vn -0.4999 -0.4215 -0.7566
vn -0.7489 0.6551 0.0998
vn -0.4253 0.9029 0.0620
vn -0.8671 -0.3737 0.3295
vn -0.8344 0.1584 0.5279
vn -0.9820 0.0119 0.1885
vn -0.9866 -0.1227 -0.1079
vn -0.2171 -0.9757 -0.0303
vn 0.9663 -0.2263 0.1229
vn 0.3261 -0.1388 0.9351
vn 0.6659 0.1297 0.7347
vn 0.7313 -0.5691 0.3759
vn 0.0074 -0.2391 0.9710
vn -0.0379 0.3712 0.9278
vn -0.4911 0.2965 0.8190
vn 0.5508 -0.3556 -0.7550
vn 0.0997 0.8485 -0.5197
vn 0.1702 0.9833 0.0641
vn -0.7746 0.0175 0.6323
vn -0.4700 -0.1697 0.8662
vn -0.5087 0.8219 -0.2562
vn -0.8801 -0.2565 -0.3996
vn -0.0404 -0.2348 0.9712
vn -0.1263 0.9906 0.0527
vn 0.8302 0.3764 0.4112
vn 0.1825 0.9830 0.0197
vn -0.5012 -0.4242 -0.7542
vn 0.1426 -0.4618 -0.8755
vn 0.8153 -0.2062 -0.5410
vn 0.9826 0.0210 -0.1847
vn -0.9870 -0.0810 -0.1387
vn -0.8810 -0.2382 -0.4087
vn 0.5595 -0.3541 -0.7494
vn 0.7034 0.4330 0.5637
vn 0.3426 0.5275 0.7774
vn -0.9880 0.0790 0.1330
vn -0.0473 0.5399 0.8404
vn -0.5174 0.4498 0.7279
vn -0.8573 0.2664 0.4404
vn 0.9472 0.2452 0.2067
vn -0.9875 -0.0905 0.1289
vn -0.7909 0.1010 0.6036
vn -0.7735 -0.3055 0.5553
vn -0.9572 -0.2567 0.1339
vn -0.9842 -0.1148 -0.1351
vn -0.9947 -0.0508 -0.0891
vn -0.9815 0.1912 -0.0018
vn -0.9602 0.2474 0.1298
vn -0.7949 0.5608 0.2314
vn -0.1133 0.5729 -0.8117
vn -0.1421 0.6695 -0.7291
vn 0.4190 0.6411 -0.6430
vn 0.4352 0.5614 -0.7039
vn 0.4835 0.5393 -0.6895
vn -0.0946 0.6126 -0.7847
vn -0.6059 0.5021 -0.6170
vn -0.6212 0.4142 -0.6653
vn -0.6367 0.4884 -0.5968
vn -0.9308 0.1347 -0.3398
vn -0.9213 0.2966 -0.2514
vn -0.9274 0.1507 -0.3423
vn 0.8458 0.3766 -0.3779
vn 0.8354 0.4175 -0.3575
vn 0.9840 0.1559 -0.0868
vn 0.9833 0.1690 -0.0680
vn 0.9668 0.2547 -0.0203
vn 0.8504 0.3788 -0.3650
vn 0.1747 0.3164 0.9324
vn 0.7030 0.1577 0.6935
vn 0.7233 -0.2223 0.6538
vn 0.1864 -0.2811 0.9414
vn -0.4025 0.2763 0.8728
vn -0.1265 0.4814 0.8673
vn -0.1159 0.2038 0.9721
vn -0.1746 0.0322 0.9841
vn -0.0839 0.8482 0.5229
vn 0.1246 0.7789 0.6146
vn 0.7581 0.5822 0.2939
vn -0.2888 0.7563 0.5870
vn -0.0946 -0.3811 0.9197
vn -0.3789 -0.2841 0.8807
vn -0.1485 -0.1418 0.9787
vn -0.0924 -0.2434 0.9655
vn 0.9717 0.0488 0.2312
vn 0.9731 -0.0728 0.2184
vn 0.9410 0.2495 0.2285
vn -0.2568 0.4797 0.8390
vn -0.0338 0.9895 0.1404
vn -0.0768 0.3360 0.9387
vn 0.3198 0.3748 0.8702
vn 0.2183 0.9644 -0.1491
vn -0.0077 0.9802 -0.1980
vn -0.7301 0.6752 0.1047
vn -0.6105 0.7894 0.0641
vn -0.2113 0.9746 0.0738
vn -0.0403 0.9976 0.0562
vn 0.0085 -0.9374 0.3481
vn 0.0477 0.5094 0.8592
vn 0.0888 0.5445 0.8341
vn 0.1332 0.9899 0.0485
vn 0.5728 0.8180 0.0530
vn 0.6901 0.7166 0.1007
vn -0.2615 0.9393 0.2219
vn -0.0679 0.9687 0.2389
vn -0.0369 0.9959 0.0822
vn -0.2099 0.9756 0.0638
vn -0.6117 0.7906 0.0283
vn -0.6196 0.7639 0.1805
vn -0.5885 0.6811 0.4357
vn -0.3812 0.7555 0.5328
vn -0.1045 0.7930 0.6001
vn 0.1398 0.9650 0.2218
vn 0.5513 0.8087 0.2051
vn 0.5814 0.8131 0.0280
vn 0.1394 0.9883 0.0621
vn 0.2024 0.7995 0.5655
vn 0.4727 0.7426 0.4744
vn -0.3909 -0.6091 0.6901
vn -0.0655 -0.6284 0.7751
vn -0.0854 0.0273 0.9960
vn -0.4790 0.0294 0.8773
vn -0.8115 0.0681 0.5804
vn -0.7383 -0.5188 0.4309
vn -0.3909 -0.6091 0.6900
vn -0.2976 -0.9385 0.1751
vn -0.1600 -0.9613 0.2242
vn -0.0218 -0.9745 0.2231
vn 0.2924 -0.6069 0.7391
vn 0.7221 -0.5195 0.4567
vn 0.7774 0.1212 0.6172
vn 0.3429 0.0599 0.9375
vn 0.1089 -0.9717 0.2095
vn 0.2519 -0.9565 0.1475
vn 0.7222 -0.5195 0.4567
vn -0.0877 -0.9012 -0.4245
vn -0.0945 -0.8827 -0.4604
vn -0.0681 -0.9836 -0.1671
vn -0.1076 -0.9708 -0.2146
vn -0.5391 -0.8265 -0.1619
vn -0.4910 -0.7964 -0.3530
vn -0.5508 -0.6553 -0.5168
vn -0.3658 -0.6640 -0.6521
vn -0.1130 -0.6512 -0.7505
vn -0.0772 -0.9427 -0.3246
vn 0.3049 -0.8749 -0.3764
vn 0.3895 -0.9030 -0.1812
vn 0.0329 -0.9960 -0.0835
vn -0.0125 -0.7680 -0.6404
vn 0.1881 -0.7872 -0.5873
vn 0.1408 -0.4558 -0.8789
vn 0.1983 -0.0558 -0.9785
vn 0.5780 -0.0936 -0.8106
vn 0.4833 -0.5014 -0.7177
vn 0.2899 -0.1703 -0.9418
vn 0.5736 -0.2331 -0.7853
vn -0.1750 -0.0020 -0.9846
vn -0.1511 -0.2291 -0.9616
vn -0.3398 0.2551 -0.9053
vn -0.6646 -0.1073 -0.7395
vn -0.9289 -0.1175 -0.3513
vn -0.9642 0.2170 -0.1528
vn -0.8013 0.3078 -0.5130
vn -0.6326 -0.0905 -0.7691
vn -0.9147 -0.1004 -0.3915
vn 0.0385 -0.9987 -0.0323
vn 0.2939 -0.9537 -0.0634
vn 0.2901 -0.9569 -0.0154
vn 0.0333 -0.9994 -0.0033
vn -0.0004 -1.0000 -0.0004
vn -0.0037 -0.9995 -0.0311
vn -0.0612 -0.9974 -0.0383
vn -0.0404 -0.9992 0.0009
vn -0.3784 -0.9255 0.0151
vn -0.4662 -0.8841 -0.0323
vn 0.6333 -0.5972 -0.4921
vn 0.8223 -0.1591 -0.5463
vn 0.9736 -0.0665 -0.2182
vn 0.7955 -0.5427 -0.2694
vn 0.7830 -0.3174 -0.5350
vn 0.8603 -0.3975 -0.3191
vn -0.9767 -0.1791 -0.1181
vn -0.9887 0.1495 0.0077
vn -0.9513 -0.2743 -0.1409
vn -0.9735 -0.2277 -0.0199
vn -0.9733 -0.2271 -0.0346
vn -0.9850 0.1691 0.0340
vn -0.0476 -0.9985 0.0282
vn -0.0016 -0.9997 0.0227
vn -0.3414 -0.9373 0.0695
vn 0.0394 -0.9990 0.0221
vn 0.2967 -0.9542 0.0396
vn -0.9589 -0.2837 0.0100
vn -0.9852 0.1704 0.0205
vn -0.9564 -0.2921 0.0053
vn -0.9231 -0.3836 0.0283
vn -0.9313 -0.3632 0.0279
vn -0.9889 0.1472 0.0219
vn -0.8926 -0.4344 0.1206
vn -0.9769 0.1038 0.1868
vn -0.8904 -0.4385 0.1218
vn 0.8860 -0.4546 0.0909
vn 0.9737 0.1635 0.1585
vn 0.8859 -0.4553 0.0887
vn 0.8922 -0.4516 -0.0059
vn 0.8948 -0.4464 -0.0044
vn 0.9838 0.1789 0.0073
vn 0.8752 -0.4790 -0.0680
vn 0.9970 0.0601 0.0495
vn 0.9089 -0.4137 -0.0518
vn 0.8839 -0.4675 -0.0098
vn 0.9845 0.1707 0.0410
vn 0.8955 -0.4451 -0.0047
vn 0.9135 0.4058 0.0272
vn 0.9071 0.4206 0.0169
vn 0.9681 0.2486 0.0308
vn 0.9675 0.2530 0.0033
vn 0.9768 0.1763 0.1215
vn 0.9310 0.3309 0.1542
vn 0.9636 0.2089 0.1670
vn 0.9814 0.1743 -0.0806
vn 0.9942 0.0800 0.0719
vn 0.9568 -0.0511 -0.2861
vn 0.8716 0.4516 0.1909
vn 0.5547 0.8045 0.2126
vn 0.4728 0.7425 0.4744
vn 0.6684 0.4838 0.5650
vn 0.9451 0.2803 0.1678
vn 0.7364 0.3410 0.5843
vn -0.9031 0.3917 0.1760
vn -0.6290 0.7532 0.1924
vn -0.9208 0.3895 0.0209
vn -0.9611 0.2121 0.1768
vn -0.9776 0.2103 0.0123
vn -0.7979 0.2806 0.5335
vn -0.7574 0.4141 0.5048
vn -0.5869 0.6826 0.4354
vn -0.9238 0.3826 0.0167
vn -0.9354 0.3439 0.0826
vn -0.9761 0.2171 0.0135
vn -0.9767 0.2103 0.0427
vn -0.9518 0.2922 0.0927
vn -0.9636 0.2670 -0.0122
vn -0.9789 0.2027 0.0246
vn -0.9634 0.2485 -0.1008
vn 0.8682 0.2004 -0.4540
vn 0.7903 -0.1595 -0.5917
vn 0.4324 -0.1149 -0.8943
vn 0.5456 0.2815 -0.7894
vn -0.8817 0.3622 -0.3024
vn -0.5278 0.5205 -0.6712
vn -0.8325 0.2946 -0.4692
vn -0.5088 0.3477 -0.7875
vn 0.0327 0.4869 -0.8728
vn 0.1646 0.2191 -0.9617
vn 0.5657 -0.0963 -0.8189
vn 0.6589 -0.1288 -0.7411
vn 0.3510 0.1602 -0.9226
vn -0.2891 0.3316 -0.8980
vn -0.4480 0.3689 -0.8144
vn 0.2859 0.4833 0.8275
vn 0.6683 0.4838 0.5650
vn -0.1060 0.4691 0.8767
vn 0.3204 0.3320 0.8872
vn -0.0942 0.3020 0.9486
vn -0.4656 0.4473 0.7636
vn -0.4778 0.3033 0.8245
vn -0.3843 -0.0042 0.9232
vn -0.6849 0.0771 0.7245
vn -0.1238 -0.0446 0.9913
vn 0.1672 -0.0001 0.9859
vn 0.5834 0.1136 0.8042
vn 0.8102 0.3200 0.4911
vn 0.8260 0.5156 0.2277
vn 0.6775 0.7353 -0.0143
vn 0.3150 0.9191 -0.2366
vn -0.1632 0.9449 -0.2837
vn -0.5821 0.7934 -0.1781
vn -0.8509 0.5239 0.0387
vn -0.9185 0.3309 0.2164
vn -0.8795 0.1953 0.4340
vn -0.8989 0.3739 0.2284
vn -0.8398 0.5427 0.0144
vn -0.8635 0.2499 0.4381
vn 0.8243 0.3569 0.4395
vn 0.6174 0.1460 0.7730
vn 0.2912 -0.0823 0.9531
vn -0.5763 0.7808 -0.2413
vn -0.0182 -0.2289 0.9733
vn -0.4331 -0.1102 0.8946
vn 0.3601 0.8816 -0.3050
vn 0.6777 0.7319 -0.0713
vn -0.0881 0.9165 -0.3903
vn -0.7375 0.0922 0.6691
vn 0.8093 0.5544 0.1941
vn -0.1967 0.2454 -0.9493
vn 0.1394 -0.2033 -0.9692
vn 0.3406 0.3788 -0.8606
vn -0.8078 0.5287 0.2607
vn -0.2668 0.9489 -0.1684
vn 0.6899 0.7169 0.1006
vn -0.7149 0.6935 0.0887
vn -0.2286 0.4091 0.8834
vn -0.4475 0.3023 0.8416
vn 0.7495 0.5826 0.3144
vn -0.0887 0.0645 0.9940
vn -0.0910 -0.1156 0.9891
vn -0.1029 -0.1061 0.9890
vn -0.1112 0.0675 0.9915
vn -0.1917 -0.0061 0.9814
vn -0.1861 -0.1037 0.9770
vn -0.1001 -0.1941 0.9759
vn -0.0981 0.1394 0.9854
vn -0.4777 0.3033 0.8245
vn -0.0943 0.3020 0.9486
vn -0.1061 0.4691 0.8768
vn 0.2859 0.4832 0.8275
vn -0.8582 0.3061 -0.4120
vn -0.9716 0.2225 -0.0806
vn 0.8769 -0.0108 -0.4805
vn 0.9944 0.0342 -0.0998
vn -0.9809 0.1888 0.0470
vn -0.9756 0.2155 0.0416
vn -0.9752 0.2208 0.0142
vn -0.9776 0.2103 0.0110
vn -0.9627 0.2091 0.1719
vn 0.9455 0.2802 0.1660
vn 0.9672 0.2541 0.0069
vn 0.9885 0.0778 0.1298
vn 0.9776 0.1725 0.1206
vn 0.9692 0.2434 0.0371
vn -0.3093 0.8731 -0.3770
vn 0.0453 0.9814 0.1866
vn 0.0334 0.9697 0.2422
vn 0.0106 0.9260 -0.3774
vn -0.6756 0.6553 -0.3378
vn -0.5730 0.8185 0.0423
vn -0.7882 0.5860 0.1880
vn -0.9604 0.2337 -0.1518
vn -0.7891 -0.2978 -0.5373
vn -0.1433 0.8588 -0.4918
vn -0.5327 -0.8409 0.0957
vn -0.9855 -0.0751 -0.1521
vn 0.4183 -0.7721 0.4784
vn 0.6610 -0.3074 0.6846
vn 0.3669 -0.2387 0.8991
vn 0.2548 -0.7563 0.6026
vn 0.8670 0.2890 0.4060
vn 0.8503 0.4737 0.2293
vn 0.9908 0.0615 -0.1209
vn 0.9192 -0.3855 0.0799
vn 0.4791 0.8754 0.0637
vn 0.8368 0.4782 -0.2665
vn 0.4488 0.8190 -0.3575
vn 0.0697 0.9805 0.1837
vn -0.0234 -0.7476 0.6638
vn -0.0273 -0.8094 0.5866
vn 0.3495 -0.7840 0.5130
vn -0.2327 -0.7564 0.6113
vn -0.3219 -0.7730 0.5467
vn 0.7774 -0.5903 0.2172
vn 0.7008 0.6781 0.2215
vn 0.6334 -0.7123 0.3023
vn -0.1278 0.7981 -0.5888
vn 0.0031 0.8602 -0.5100
vn -0.6898 -0.7197 0.0792
vn -0.8794 -0.3240 0.3488
vn -0.8311 0.5555 0.0262
vn -0.9575 0.1339 0.2555
vn -0.2980 -0.2288 0.9267
vn -0.6219 -0.2507 0.7419
vn -0.5336 -0.7257 0.4344
vn -0.3626 0.3993 0.8421
vn -0.7106 0.3075 0.6328
vn -0.1106 -0.5423 -0.8329
vn 0.5238 -0.4521 -0.7220
vn 0.7060 0.7007 0.1033
vn 0.3667 0.9277 0.0703
vn 0.8692 -0.3380 0.3609
vn 0.9784 0.0785 0.1911
vn 0.8196 0.2353 0.5224
vn 0.2108 -0.9771 -0.0296
vn 0.9924 -0.0744 -0.0977
vn -0.9523 -0.2809 0.1194
vn -0.3254 -0.1519 0.9333
vn -0.6964 -0.6098 0.3784
vn -0.6803 0.0973 0.7265
vn -0.0000 -0.2070 0.9783
vn 0.0114 0.4233 0.9059
vn 0.4673 0.3689 0.8035
vn -0.5229 -0.4464 -0.7262
vn -0.1477 0.8182 -0.5557
vn -0.1976 0.9782 0.0642
vn 0.7690 0.0660 0.6358
vn 0.4740 -0.1366 0.8699
vn 0.4202 0.8624 -0.2823
vn 0.8948 -0.2346 -0.3798
vn 0.0467 -0.2258 0.9730
vn 0.0713 0.9954 0.0633
vn -0.8535 0.3340 0.4001
vn -0.2296 0.9730 0.0245
vn -0.1109 -0.5263 -0.8430
vn 0.5283 -0.4445 -0.7234
vn -0.9811 -0.0468 -0.1878
vn -0.7991 -0.2870 -0.5283
vn 0.8953 -0.2143 -0.3906
vn 0.9908 -0.0337 -0.1312
vn -0.5340 -0.4339 -0.7256
vn -0.3763 0.5543 0.7424
vn -0.7299 0.4267 0.5340
vn 0.9811 0.1433 0.1299
vn 0.4868 0.5230 0.6997
vn 0.0118 0.5927 0.8053
vn 0.8383 0.3419 0.4248
vn -0.9607 0.2036 0.1888
vn 0.9888 -0.0595 0.1365
vn 0.9680 -0.2086 0.1392
vn 0.7841 -0.2680 0.5597
vn 0.7932 0.1083 0.5992
vn 0.9964 -0.0070 -0.0849
vn 0.9896 -0.0653 -0.1286
vn 0.9583 0.2426 0.1512
vn 0.9776 0.2102 0.0085
vn 0.7949 0.5534 0.2489
vn 0.0880 0.5730 -0.8148
vn -0.4598 0.5339 -0.7096
vn -0.4494 0.6126 -0.6502
vn 0.1096 0.6714 -0.7329
vn 0.0690 0.6116 -0.7881
vn -0.5006 0.5205 -0.6917
vn 0.6025 0.4417 -0.6648
vn 0.5854 0.5243 -0.6185
vn 0.6128 0.5188 -0.5961
vn 0.9252 0.1774 -0.3355
vn 0.9108 0.3316 -0.2458
vn 0.9201 0.1986 -0.3376
vn -0.8608 0.3336 -0.3844
vn -0.9894 0.1259 -0.0722
vn -0.9901 0.1049 -0.0934
vn -0.8547 0.3686 -0.3655
vn -0.8609 0.3538 -0.3658
vn -0.9695 0.2434 -0.0276
vn -0.1835 0.3354 0.9240
vn -0.1769 -0.2832 0.9426
vn -0.7148 -0.2506 0.6529
vn -0.6997 0.1653 0.6950
vn 0.3941 0.2819 0.8748
vn 0.1694 0.0431 0.9846
vn 0.1039 0.2167 0.9707
vn 0.1044 0.4948 0.8627
vn -0.1366 0.7970 0.5883
vn 0.0705 0.8552 0.5135
vn -0.7545 0.6005 0.2649
vn 0.2766 0.7552 0.5942
vn 0.1073 -0.3719 0.9220
vn 0.0976 -0.2350 0.9671
vn 0.1491 -0.1293 0.9803
vn 0.3898 -0.2625 0.8827
vn -0.9743 0.0222 0.2244
vn -0.9689 -0.1200 0.2166
vn -0.9422 0.2634 0.2072
vn 0.2499 0.4830 0.8392
vn 0.0277 0.9908 0.1321
vn 0.0731 0.3409 0.9373
vn -0.0010 0.9791 -0.2033
vn -0.2252 0.9609 -0.1611
vn -0.3210 0.3791 0.8679
vn 0.2086 0.9753 0.0725
vn 0.6111 0.7884 0.0708
vn 0.7337 0.6699 0.1140
vn 0.0360 0.9982 0.0485
vn -0.0033 -0.9359 0.3523
vn -0.0580 0.5109 0.8577
vn -0.0958 0.5551 0.8262
vn -0.1355 0.9902 0.0350
vn -0.6838 0.7251 0.0816
vn -0.5709 0.8202 0.0379
vn 0.2608 0.9401 0.2195
vn 0.2089 0.9759 0.0628
vn 0.0361 0.9964 0.0773
vn 0.0678 0.9697 0.2348
vn 0.6199 0.7630 0.1831
vn 0.6121 0.7901 0.0329
vn 0.3812 0.7575 0.5299
vn 0.5884 0.6827 0.4332
vn 0.1045 0.7953 0.5971
vn -0.1404 0.9663 0.2156
vn -0.1402 0.9887 0.0532
vn -0.5808 0.8138 0.0168
vn -0.5514 0.8107 0.1969
vn -0.2024 0.8017 0.5624
vn -0.4727 0.7444 0.4716
vn 0.3909 -0.6065 0.6924
vn 0.4790 0.0328 0.8772
vn 0.0854 0.0311 0.9959
vn 0.0655 -0.6254 0.7775
vn 0.7383 -0.5172 0.4329
vn 0.8115 0.0703 0.5801
vn 0.1600 -0.9605 0.2279
vn 0.2976 -0.9378 0.1787
vn 0.0218 -0.9737 0.2268
vn -0.2924 -0.6040 0.7414
vn -0.3429 0.0635 0.9372
vn -0.7775 0.1235 0.6167
vn -0.7221 -0.5178 0.4587
vn -0.1089 -0.9709 0.2133
vn -0.7221 -0.5177 0.4588
vn -0.2519 -0.9559 0.1511
vn 0.1186 -0.8992 -0.4213
vn 0.1161 -0.9708 -0.2099
vn 0.0733 -0.9842 -0.1614
vn 0.1064 -0.8857 -0.4519
vn 0.5254 -0.7867 -0.3241
vn 0.5428 -0.8265 -0.1495
vn 0.3909 -0.6527 -0.6490
vn 0.5787 -0.6435 -0.5010
vn 0.1356 -0.6556 -0.7428
vn 0.0805 -0.9467 -0.3118
vn -0.0285 -0.9967 -0.0759
vn -0.3807 -0.9084 -0.1731
vn -0.2965 -0.8823 -0.3656
vn 0.0350 -0.7665 -0.6413
vn -0.1750 -0.7971 -0.5780
vn -0.1291 -0.4580 -0.8795
vn -0.4795 -0.5024 -0.7195
vn -0.5716 -0.0927 -0.8153
vn -0.1837 -0.0608 -0.9811
vn -0.2713 -0.1834 -0.9449
vn -0.5590 -0.2482 -0.7911
vn 0.1827 -0.0027 -0.9832
vn 0.3365 0.2588 -0.9054
vn 0.1609 -0.2310 -0.9596
vn 0.6697 -0.1029 -0.7354
vn 0.7974 0.3203 -0.5113
vn 0.9651 0.2247 -0.1342
vn 0.9354 -0.1124 -0.3354
vn 0.6427 -0.0774 -0.7622
vn 0.9247 -0.0841 -0.3712
vn -0.0351 -0.9990 -0.0259
vn -0.0333 -0.9994 0.0005
vn -0.2899 -0.9570 -0.0108
vn -0.2880 -0.9559 -0.0577
vn 0.0041 -0.9996 -0.0266
vn 0.0005 -1.0000 0.0034
vn 0.0637 -0.9974 -0.0344
vn 0.0404 -0.9992 0.0046
vn 0.4666 -0.8841 -0.0239
vn 0.3757 -0.9265 0.0208
vn -0.6403 -0.5902 -0.4916
vn -0.8060 -0.5274 -0.2687
vn -0.9740 -0.0448 -0.2219
vn -0.8201 -0.1476 -0.5529
vn -0.7759 -0.3322 -0.5364
vn -0.8523 -0.4122 -0.3218
vn 0.9800 -0.1780 -0.0894
vn 0.9881 0.1492 0.0370
vn 0.9603 -0.2581 -0.1058
vn 0.9729 -0.2312 0.0015
vn 0.9852 0.1626 0.0551
vn 0.9726 -0.2324 -0.0103
vn 0.0475 -0.9984 0.0320
vn 0.0016 -0.9996 0.0266
vn 0.3413 -0.9371 0.0733
vn -0.0394 -0.9989 0.0259
vn -0.2967 -0.9540 0.0433
vn 0.9568 -0.2899 0.0240
vn 0.9860 0.1629 0.0345
vn 0.9554 -0.2945 0.0206
vn 0.9208 -0.3883 0.0370
vn 0.9895 0.1409 0.0305
vn 0.9287 -0.3688 0.0373
vn 0.8916 -0.4352 0.1251
vn 0.9764 0.1040 0.1891
vn 0.8901 -0.4384 0.1251
vn -0.8868 -0.4532 0.0911
vn -0.9739 0.1646 0.1560
vn -0.8859 -0.4550 0.0898
vn -0.8920 -0.4520 -0.0077
vn -0.9825 0.1862 -0.0011
vn -0.8981 -0.4397 -0.0070
vn -0.8831 -0.4642 -0.0689
vn -0.9963 0.0797 0.0308
vn -0.9048 -0.4220 -0.0561
vn -0.8894 -0.4570 -0.0130
vn -0.9827 0.1829 0.0278
vn -0.8932 -0.4496 -0.0091
vn -0.9086 0.4175 0.0092
vn -0.9044 0.4266 0.0049
vn -0.9652 0.2608 0.0171
vn -0.9657 0.2597 -0.0059
vn -0.9739 0.2005 0.1060
vn -0.9268 0.3512 0.1333
vn -0.9599 0.2360 0.1514
vn -0.9788 0.1832 -0.0921
vn -0.9925 0.1070 0.0588
vn -0.9587 -0.0238 -0.2835
vn -0.8717 0.4536 0.1853
vn -0.6684 0.4860 0.5631
vn -0.4728 0.7443 0.4716
vn -0.5546 0.8065 0.2047
vn -0.9453 0.2817 0.1648
vn -0.7364 0.3432 0.5830
vn 0.9026 0.3912 0.1798
vn 0.9232 0.3830 0.0303
vn 0.6291 0.7523 0.1954
vn 0.9607 0.2121 0.1793
vn 0.9790 0.2026 0.0214
vn 0.7979 0.2826 0.5324
vn 0.5870 0.6841 0.4329
vn 0.7574 0.4160 0.5032
vn 0.9267 0.3746 0.0290
vn 0.9374 0.3334 0.1005
vn 0.9774 0.2099 0.0262
vn 0.9777 0.2013 0.0597
vn 0.9537 0.2794 0.1112
vn 0.9615 0.2748 0.0072
vn 0.9788 0.1981 0.0517
vn 0.9635 0.2555 -0.0796
vn -0.8716 0.1919 -0.4511
vn -0.7899 -0.1546 -0.5934
vn -0.4326 -0.1167 -0.8940
vn -0.5486 0.2702 -0.7912
vn 0.8724 0.3870 -0.2986
vn 0.5055 0.5375 -0.6750
vn 0.8285 0.3108 -0.4658
vn 0.4992 0.3556 -0.7902
vn -0.0477 0.4829 -0.8744
vn -0.1622 0.2118 -0.9638
vn -0.3433 0.1520 -0.9268
vn -0.6466 -0.1342 -0.7509
vn -0.5602 -0.1068 -0.8214
vn 0.4347 0.3797 -0.8166
vn 0.2793 0.3363 -0.8994
vn -0.2859 0.4864 0.8256
vn -0.6683 0.4860 0.5632
vn 0.1061 0.4725 0.8749
vn -0.3204 0.3354 0.8859
vn 0.0942 0.3056 0.9475
vn 0.4656 0.4502 0.7619
vn 0.4778 0.3065 0.8233
vn 0.6779 0.1119 0.7266
vn 0.3796 0.0151 0.9250
vn 0.1195 -0.0381 0.9921
vn -0.1735 -0.0049 0.9848
vn -0.5936 0.0890 0.7998
vn -0.8283 0.2824 0.4838
vn -0.8546 0.4719 0.2169
vn -0.7171 0.6965 -0.0241
vn -0.3640 0.8985 -0.2452
vn 0.1123 0.9506 -0.2894
vn 0.5382 0.8234 -0.1800
vn 0.8205 0.5702 0.0405
vn 0.8986 0.3804 0.2185
vn 0.8670 0.2406 0.4364
vn 0.8081 0.5889 0.0158
vn 0.8763 0.4232 0.2301
vn 0.8488 0.2945 0.4391
vn -0.6309 0.1157 0.7672
vn -0.8424 0.3197 0.4338
vn -0.2939 -0.0994 0.9506
vn 0.5336 0.8101 -0.2431
vn 0.4337 -0.0942 0.8961
vn 0.0222 -0.2351 0.9717
vn -0.7164 0.6930 -0.0808
vn -0.4065 0.8582 -0.3136
vn 0.0396 0.9173 -0.3961
vn 0.7309 0.1277 0.6704
vn -0.8385 0.5124 0.1853
vn -0.1373 -0.2115 -0.9677
vn 0.1971 0.2357 -0.9516
vn -0.3433 0.3713 -0.8627
vn 0.2565 0.9522 -0.1659
vn 0.8001 0.5338 0.2738
vn -0.6905 0.7189 0.0796
vn 0.7193 0.6876 0.0996
vn 0.4433 0.3064 0.8424
vn 0.2168 0.4103 0.8858
vn -0.7603 0.5834 0.2856
vn 0.0811 0.0761 0.9938
vn 0.1024 0.0790 0.9916
vn 0.1032 -0.0950 0.9901
vn 0.0897 -0.1038 0.9905
vn 0.1866 0.0069 0.9824
vn 0.1842 -0.0911 0.9787
vn 0.1021 -0.1864 0.9772
vn 0.0872 0.1541 0.9842
vn 0.1061 0.4724 0.8750
vn 0.0943 0.3056 0.9475
vn 0.4777 0.3065 0.8233
vn 0.7979 0.2827 0.5325
vn -0.2859 0.4864 0.8257
vn 0.9706 0.2320 -0.0646
vn 0.8520 0.3274 -0.4084
vn -0.8783 -0.0092 -0.4780
vn -0.9928 0.0510 -0.1084
vn 0.9772 0.2035 0.0600
vn 0.9816 0.1773 0.0706
vn 0.9789 0.2030 0.0211
vn 0.9769 0.2118 0.0278
vn 0.9619 0.2099 0.1751
vn -0.9654 0.2608 -0.0049
vn -0.9459 0.2812 0.1618
vn -0.9882 0.1035 0.1125
vn -0.9759 0.1928 0.1020
vn -0.9667 0.2550 0.0214
vn 0.6539 0.5444 -0.5253
vn 0.8267 0.5443 -0.1422
vn 0.9454 0.1717 -0.2769
vn 0.7313 0.0513 -0.6801
vn 0.8866 -0.1879 -0.4226
vn 0.9382 -0.2571 -0.2319
vn 0.9203 -0.3098 -0.2388
vn 0.8600 -0.2753 -0.4296
vn -0.9093 0.2913 -0.2972
vn -0.7519 0.3424 -0.5633
vn -0.6539 0.5444 -0.5253
vn -0.8267 0.5443 -0.1422
vn 0.8520 0.4820 0.2041
vn 0.8083 0.3442 0.4777
vn 0.9719 -0.1961 0.1299
vn 0.9934 0.1033 0.0494
vn 0.9421 -0.3311 -0.0524
vn 0.8901 -0.4383 -0.1250
vn 0.8536 -0.4391 0.2802
vn 0.5580 -0.5110 0.6539
vn 0.4564 -0.7214 0.5208
vn 0.7694 -0.6181 0.1611
vn 0.3235 -0.3657 0.8727
vn -0.0000 -0.4615 0.8871
vn -0.0000 -0.8586 0.5127
vn 0.4283 -0.8110 0.3986
vn 0.6146 -0.0944 0.7832
vn 0.7673 -0.6057 0.2108
vn -0.0000 -0.4996 0.8663
vn -0.0000 -0.7898 0.6134
vn 0.3253 0.5916 -0.7377
vn 0.3710 -0.0735 -0.9257
vn 0.9727 0.0612 0.2237
vn 0.7510 -0.1632 0.6398
vn 0.3414 -0.3163 0.8851
vn 0.9626 0.2673 0.0446
vn 0.9093 0.2913 -0.2972
vn 0.7519 0.3424 -0.5634
vn 0.6291 -0.3972 -0.6682
vn 0.7223 -0.1502 -0.6751
vn -0.0000 -0.3999 0.9165
vn -0.0000 0.5844 -0.8114
vn -0.0000 0.9889 -0.1485
vn 0.1625 0.9811 -0.1048
vn 0.2267 -0.7583 -0.6112
vn -0.0000 -0.8061 -0.5917
vn -0.0000 -0.5016 -0.8651
vn 0.3260 -0.4612 -0.8252
vn 0.3831 -0.1490 -0.9116
vn -0.7313 0.0513 -0.6801
vn -0.9454 0.1717 -0.2769
vn -0.8866 -0.1879 -0.4226
vn -0.8600 -0.2753 -0.4296
vn -0.9203 -0.3098 -0.2388
vn -0.9382 -0.2571 -0.2319
vn -0.0000 -0.1522 -0.9884
vn -0.8520 0.4820 0.2041
vn -0.9934 0.1033 0.0494
vn -0.9719 -0.1961 0.1299
vn -0.8083 0.3442 0.4777
vn -0.8901 -0.4384 -0.1250
vn -0.9421 -0.3311 -0.0524
vn -0.8536 -0.4391 0.2802
vn -0.7694 -0.6182 0.1611
vn -0.4564 -0.7214 0.5208
vn -0.5580 -0.5110 0.6539
vn -0.3235 -0.3657 0.8727
vn -0.4283 -0.8110 0.3986
vn -0.7673 -0.6057 0.2108
vn -0.6146 -0.0944 0.7832
vn -0.3253 0.5916 -0.7377
vn -0.3710 -0.0735 -0.9257
vn -0.7510 -0.1632 0.6398
vn -0.9727 0.0612 0.2237
vn -0.3414 -0.3163 0.8851
vn -0.9626 0.2673 0.0446
vn -0.6291 -0.3972 -0.6682
vn -0.7219 -0.1504 -0.6754
vn -0.0000 -0.1007 -0.9949
vn -0.1625 0.9811 -0.1048
vn -0.2267 -0.7583 -0.6112
vn -0.3260 -0.4612 -0.8252
vn -0.3831 -0.1491 -0.9116
vn 0.2828 -0.4310 -0.8569
vn -0.1088 -0.5246 -0.8444
vn -0.1072 -0.5492 -0.8288
vn 0.2882 -0.4866 -0.8247
vn 0.2969 -0.4997 -0.8137
vn -0.1061 -0.5857 -0.8036
vn 0.6316 -0.2499 -0.7339
vn 0.6701 -0.3113 -0.6738
vn 0.6363 -0.3246 -0.6999
vn -0.9735 -0.2128 0.0836
vn -0.8055 0.2828 -0.5208
vn -0.6653 -0.2150 -0.7150
vn -0.6941 -0.6602 -0.2869
vn -0.8514 0.3664 0.3754
vn -0.7581 0.6271 -0.1790
vn -0.7218 -0.4437 0.5312
vn -0.7030 -0.0660 0.7082
vn -0.6143 -0.7633 0.2001
vn -0.9379 0.3196 -0.1345
vn -0.9322 0.3617 0.0119
vn -0.9830 0.0989 -0.1549
vn -0.9840 0.0545 -0.1699
vn -0.7341 0.6753 0.0719
vn -0.7001 0.6823 0.2108
vn -0.9177 0.1001 -0.3844
vn -0.8205 0.4857 -0.3014
vn -0.9613 -0.0100 -0.2753
vn -0.2587 0.5950 -0.7610
vn -0.3584 0.9123 -0.1981
vn -0.0346 0.9673 -0.2513
vn 0.0647 0.6706 -0.7390
vn -0.2292 -0.1807 -0.9565
vn 0.1320 -0.0958 -0.9866
vn 0.3221 -0.6943 -0.6435
vn -0.1863 -0.7691 -0.6114
vn -0.1506 -0.7159 -0.6818
vn 0.2986 -0.6275 -0.7190
vn 0.2839 -0.8884 -0.3609
vn -0.1953 -0.9158 -0.3509
vn 0.7484 -0.5157 -0.4171
vn 0.6519 -0.7542 -0.0783
vn 0.7237 -0.4435 -0.5287
vn -0.3291 0.5278 0.7830
vn 0.2788 0.5602 0.7800
vn 0.0618 0.5106 0.8576
vn -0.4922 -0.1379 0.8595
vn -0.0272 0.8324 0.5535
vn 0.2721 0.1860 0.9441
vn -0.8551 -0.1460 0.4975
vn -0.7903 -0.0817 -0.6072
vn -0.7246 -0.6824 0.0963
vn -0.5539 -0.7560 -0.3487
vn -0.6668 -0.7368 -0.1119
vn -0.6728 -0.6533 -0.3473
vn -0.4723 -0.7163 -0.5136
vn -0.7977 0.5272 -0.2930
vn -0.7819 -0.0501 -0.6214
vn 0.3934 0.4933 0.7759
vn 0.4464 0.5331 0.7186
vn 0.5009 0.5385 0.6776
vn 0.4369 0.5178 0.7355
vn 0.2721 0.1791 0.9455
vn 0.3713 0.4401 0.8176
vn 0.9312 -0.3507 -0.0993
vn 0.9433 -0.2209 -0.2477
vn 0.8021 -0.5646 0.1947
vn 0.9812 -0.1592 0.1090
vn 0.8928 -0.3059 0.3306
vn 0.9992 0.0316 0.0263
vn 0.7814 0.3368 0.5253
vn 0.8076 0.4001 0.4331
vn 0.6382 0.0462 0.7685
vn -0.7828 -0.6090 0.1282
vn -0.8063 -0.5681 -0.1648
vn -0.9188 0.1551 -0.3630
vn -0.7398 -0.6625 -0.1176
vn -0.6004 -0.7123 -0.3635
vn -0.7334 -0.5680 -0.3735
vn -0.3833 0.4572 -0.8025
vn -0.4950 0.8390 -0.2260
vn -0.1277 0.9455 -0.2995
vn 0.1473 0.5034 -0.8514
vn -0.8699 -0.0101 -0.4931
vn -0.8616 0.4857 -0.1475
vn -0.0841 -0.0845 -0.9929
vn -0.5488 -0.4154 -0.7254
vn 0.3067 -0.0439 -0.9508
vn -0.5774 0.6274 0.5225
vn -0.5530 0.0238 0.8329
vn -0.4898 0.0779 0.8683
vn -0.3695 0.7559 0.5404
vn -0.8899 0.3169 0.3282
vn -0.7214 -0.0933 0.6862
vn -0.5384 0.8224 -0.1836
vn -0.7636 0.6100 -0.2116
vn -0.1592 0.9682 -0.1931
vn -0.4716 -0.5043 -0.7234
vn -0.4696 -0.5007 -0.7271
vn -0.7544 -0.3773 -0.5371
vn -0.7514 -0.3546 -0.5565
vn -0.4723 -0.5576 -0.6827
vn -0.7422 -0.4238 -0.5191
vn -0.9281 -0.1655 -0.3335
vn -0.9331 -0.1315 -0.3346
vn -0.9218 -0.2099 -0.3260
vn -0.8593 -0.3011 -0.4135
vn -0.8477 -0.1943 -0.4935
vn -0.6083 -0.6819 -0.4063
vn -0.7176 -0.5017 -0.4831
vn -0.8733 -0.1195 -0.4722
vn -0.8549 -0.1918 -0.4821
vn 0.8405 0.3592 0.4056
vn 0.9947 0.1008 -0.0187
vn 0.9818 0.1380 -0.1308
vn 0.9007 0.3956 0.1796
vn 0.5250 0.4783 0.7040
vn 0.6802 0.5407 0.4949
vn 0.9322 -0.1533 -0.3278
vn 0.6987 -0.3941 -0.5971
vn 0.9004 -0.0831 -0.4270
vn 0.3818 0.5213 0.7632
vn 0.4216 0.6467 0.6357
vn 0.3291 0.5211 0.7875
vn 0.0661 0.8028 0.5926
vn -0.4748 -0.6110 -0.6335
vn -0.1197 -0.6508 -0.7498
vn 0.3006 -0.5804 -0.7568
vn 0.2948 -0.9331 -0.2060
vn -0.2963 -0.8204 -0.4891
vn -0.0671 -0.2720 -0.9600
vn 0.6031 -0.4549 -0.6552
vn -0.0206 -0.9906 0.1349
vn -0.3795 -0.9209 -0.0885
vn 0.6657 -0.6678 0.3329
vn 0.3151 -0.8409 0.4401
vn 0.9275 -0.3716 -0.0401
vn -0.6726 -0.2345 -0.7019
vn -0.8525 0.5063 -0.1302
vn 0.8126 -0.1758 -0.5557
vn 0.0799 -0.9744 -0.2104
vn -0.9630 0.2271 0.1447
vn 0.7473 0.6068 -0.2709
vn -0.6180 0.5707 0.5407
vn -0.4904 0.6163 0.6161
vn -0.4478 0.8794 0.1616
vn 0.0630 -0.5577 0.8277
vn -0.8691 -0.3976 0.2941
vn -0.7221 0.3643 0.5882
vn 0.1287 0.9538 -0.2714
vn -0.7670 0.2702 0.5820
vn -0.9257 -0.2289 0.3011
vn -0.3774 -0.8130 0.4435
vn 0.1324 -0.5848 0.8003
vn -0.1904 -0.2193 0.9569
vn -0.6591 -0.3233 0.6791
vn -0.7107 -0.6994 0.0760
vn -0.8843 -0.3656 0.2906
vn 0.5517 -0.1674 0.8171
vn 0.6350 -0.0757 0.7688
vn -0.0387 0.1865 0.9817
vn -0.0329 0.1673 0.9854
vn -0.8661 -0.4267 -0.2606
vn -0.9845 -0.0468 0.1688
vn -0.9746 -0.0979 0.2014
vn -0.6496 -0.0236 -0.7599
vn -0.7120 0.2120 0.6694
vn -0.7056 0.2019 0.6793
vn -0.8977 -0.4391 0.0357
vn -0.4136 -0.8486 -0.3299
vn -0.9039 0.2311 0.3600
vn -0.5681 -0.6782 0.4662
vn -0.6890 -0.1684 0.7049
vn -0.2457 -0.9640 0.1016
vn -0.1415 -0.8228 -0.5505
vn -0.2310 -0.2002 -0.9521
vn 0.1790 -0.1007 -0.9787
vn 0.1575 -0.7773 -0.6090
vn -0.6083 -0.6790 -0.4110
vn -0.5262 -0.2000 -0.8265
vn -0.2557 -0.9596 0.1175
vn -0.5044 -0.8524 0.1377
vn -0.1099 -0.9909 0.0781
vn -0.4025 0.4740 -0.7832
vn 0.0459 0.6016 -0.7975
vn -0.7598 0.2444 -0.6025
vn -0.4319 -0.6088 0.6654
vn -0.3689 -0.6314 0.6821
vn -0.7025 -0.5319 0.4728
vn -0.9747 -0.2119 -0.0708
vn -0.3706 -0.4646 0.8043
vn -0.2927 -0.9331 0.2090
vn -0.2011 -0.9314 0.3033
vn -0.2826 -0.3018 0.9105
vn -0.3760 0.0869 0.9225
vn -0.2680 0.1913 0.9442
vn -0.2000 -0.8544 -0.4795
vn 0.0711 -0.8361 -0.5440
vn -0.4457 0.7016 0.5559
vn -0.1647 0.8535 0.4943
vn -0.5798 -0.7973 -0.1677
vn -0.5983 -0.7352 -0.3184
vn -0.5853 0.6150 0.5284
vn -0.4319 -0.0049 0.9019
vn -0.3395 -0.0801 0.9372
vn -0.3141 0.7910 0.5251
vn 0.0599 -0.8376 -0.5430
vn 0.2313 -0.8205 -0.5227
vn 0.0024 -0.9970 0.0778
vn 0.0059 -0.9800 0.1987
vn -0.2127 -0.7381 0.6403
vn 0.0235 -0.7263 0.6870
vn -0.3442 -0.4454 0.8265
vn -0.4747 -0.4464 0.7585
vn 0.2951 -0.4587 0.8382
vn -0.0987 0.4996 0.8606
vn 0.5538 0.6884 -0.4685
vn -0.5671 -0.3840 0.7287
vn 0.9261 0.2146 -0.3104
vn -0.7003 -0.3590 0.6170
vn 0.3072 0.4696 -0.8277
vn -0.4620 0.3959 0.7936
vn -0.1045 -0.1691 0.9800
vn -0.1178 0.8294 0.5462
vn -0.3433 0.0853 0.9353
vn 0.1764 0.9544 -0.2410
vn 0.0615 0.7199 -0.6914
vn 0.0365 -0.9704 -0.2388
vn 0.2379 0.5293 -0.8144
vn 0.1128 -0.8413 -0.5286
vn 0.1050 -0.8288 -0.5496
vn 0.3623 -0.1121 -0.9253
vn -0.2535 -0.8172 0.5176
vn 0.3335 -0.8864 0.3211
vn 0.0230 -0.3148 0.9489
vn -0.3538 -0.2069 0.9122
vn -0.0374 0.6653 -0.7457
vn 0.3224 0.6292 -0.7072
vn -0.3223 -0.5865 0.7431
vn -0.1943 -0.9429 0.2706
vn 0.0775 -0.9416 0.3276
vn 0.0863 -0.5512 0.8299
vn -0.4487 -0.6219 0.6418
vn -0.1802 -0.9762 0.1204
vn -0.5460 -0.0026 0.8378
vn -0.1341 0.1439 0.9805
vn -0.4600 -0.0141 0.8878
vn 0.5221 0.5746 -0.6303
vn 0.1726 0.9818 -0.0796
vn 0.0230 0.9923 -0.1217
vn 0.4080 0.5877 -0.6987
vn 0.4227 0.6041 -0.6756
vn 0.1096 0.9894 -0.0952
vn 0.4989 -0.0990 -0.8610
vn 0.3444 -0.2762 -0.8973
vn 0.5647 -0.1067 -0.8184
vn -0.0088 -0.9746 -0.2239
vn 0.0168 -0.9881 -0.1530
vn 0.2827 -0.7740 -0.5666
vn -0.4854 0.4893 0.7245
vn -0.3944 0.4976 0.7726
vn -0.3124 0.7610 0.5685
vn 0.5309 -0.7190 0.4487
vn 0.3871 -0.8928 0.2304
vn 0.4717 -0.4112 0.7800
vn 0.0138 -0.9410 0.3382
vn -0.2545 0.0483 0.9659
vn 0.5472 0.2058 0.8113
vn 0.1151 -0.9913 -0.0632
vn -0.2517 -0.6892 -0.6795
vn 0.0362 -0.9899 -0.1369
vn 0.3385 -0.0137 -0.9409
vn -0.1105 0.8347 0.5395
vn 0.4909 -0.0211 -0.8710
vn -0.2583 0.7498 0.6092
vn -0.0055 0.9567 -0.2912
vn 0.0591 0.8065 -0.5883
vn -0.2206 0.5173 -0.8269
vn 0.3143 0.4226 -0.8501
vn -0.5120 0.3826 0.7691
vn 0.9245 0.3803 0.0267
vn 0.9503 0.2360 0.2028
vn 0.7884 0.4847 0.3789
vn 0.7561 0.6043 0.2513
vn -0.9461 -0.2934 -0.1370
vn -0.9986 -0.0115 0.0516
vn 0.9010 0.4292 0.0632
vn 0.9534 0.1783 -0.2434
vn 0.7442 0.6041 0.2850
vn 0.9621 0.1306 -0.2394
vn 0.8603 -0.0459 -0.5077
vn 0.8662 -0.1101 -0.4874
vn 0.4699 0.7533 0.4602
vn 0.1210 0.8347 0.5372
vn 0.5229 0.7592 0.3875
vn 0.1031 0.8844 0.4552
vn -0.4616 -0.7546 -0.4663
vn -0.7544 -0.5677 -0.3296
vn -0.3537 0.8853 0.3017
vn -0.3139 0.8649 0.3917
vn -0.9310 0.2872 0.2252
vn -0.6710 0.6128 0.4173
vn -0.0901 -0.8410 -0.5335
vn 0.6579 -0.6381 -0.4000
vn 0.8966 -0.3826 -0.2228
vn 0.9965 -0.0818 -0.0159
vn 0.5387 0.6786 0.4992
vn 0.1272 0.8170 0.5625
vn -0.3021 0.7915 0.5312
vn 0.3075 -0.8009 -0.5139
vn -0.1452 0.8705 0.4703
vn -0.1301 0.9571 -0.2589
vn 0.0644 -0.3147 -0.9470
vn 0.1513 -0.9623 -0.2262
vn 0.3209 -0.8771 0.3574
vn 0.0454 0.6146 -0.7876
vn 0.3662 -0.4627 0.8074
vn 0.1633 0.3399 0.9262
vn 0.5216 -0.1980 0.8299
vn 0.5618 -0.7617 0.3227
vn 0.3269 0.4692 0.8204
vn -0.5924 0.0461 -0.8043
vn -0.7640 0.6443 0.0356
vn -0.2423 -0.7576 -0.6060
vn 0.3261 -0.9428 -0.0687
vn -0.1127 0.9652 0.2360
vn 0.6915 -0.6931 0.2037
vn 0.7626 -0.5036 0.4059
vn 0.6995 -0.5701 0.4309
vn 0.6422 -0.7208 0.2607
vn 0.9726 -0.0444 -0.2281
vn 0.8535 -0.2326 -0.4663
vn 0.7234 0.1390 -0.6763
vn 0.8771 0.2141 -0.4299
vn 0.6623 -0.3896 -0.6399
vn 0.5205 0.0143 -0.8537
vn 0.4597 -0.8839 0.0861
vn 0.5219 -0.8530 0.0022
vn 0.2566 -0.9612 -0.1009
vn 0.2286 -0.9734 -0.0168
vn 0.3995 -0.5315 -0.7469
vn 0.0498 -0.6291 -0.7757
vn 0.0114 -0.3212 -0.9469
vn 0.3130 -0.1655 -0.9352
vn 0.3119 -0.8983 -0.3094
vn 0.5976 -0.7793 -0.1887
vn -0.0493 -0.9983 -0.0302
vn -0.0572 -0.9877 -0.1454
vn -0.3577 -0.9308 -0.0748
vn -0.3352 -0.9417 0.0282
vn -0.3837 -0.6124 -0.6912
vn -0.7790 -0.3844 -0.4953
vn -0.7143 -0.4790 -0.5103
vn -0.3601 -0.4632 -0.8098
vn -0.3666 -0.8759 -0.3137
vn -0.0310 -0.9370 -0.3480
vn -0.5179 -0.8421 0.1504
vn -0.5981 -0.8003 0.0433
vn 0.4073 0.0605 0.9113
vn 0.0804 0.1801 0.9804
vn 0.0936 0.0970 0.9909
vn 0.4102 -0.0013 0.9120
vn -0.0901 0.9055 0.4146
vn 0.4095 0.7609 0.5033
vn 0.4437 0.6078 0.6585
vn -0.1757 0.6492 0.7400
vn 0.7919 0.4918 0.3618
vn 0.8421 0.4360 0.3175
vn 0.5894 -0.1589 0.7921
vn 0.6006 -0.1039 0.7928
vn 0.7170 -0.2959 0.6312
vn 0.6636 -0.3648 0.6531
vn 0.9736 0.2127 0.0832
vn 0.9453 0.3154 -0.0831
vn -0.7691 -0.1633 0.6179
vn -0.8164 -0.3983 0.4182
vn -0.6960 -0.5099 0.5055
vn -0.6525 -0.3181 0.6878
vn -0.7803 0.6253 -0.0118
vn -0.6007 0.7952 0.0828
vn -0.6589 0.4096 0.6310
vn -0.8524 0.1880 0.4879
vn -0.9203 0.3792 -0.0960
vn -0.9617 0.0125 0.2738
vn -0.5065 -0.0915 0.8574
vn -0.5639 0.0664 0.8231
vn -0.7714 -0.5943 0.2275
vn -0.6697 -0.6581 0.3442
vn -0.9672 0.0245 -0.2528
vn -0.9644 -0.2537 -0.0746
vn -0.8936 -0.4449 -0.0602
vn -0.6702 -0.7092 -0.2189
vn -0.2639 0.1667 0.9500
vn -0.2435 0.0913 0.9656
vn -0.4089 0.8850 0.2226
vn -0.4552 0.5377 0.7097
vn -0.2435 0.0912 0.9656
vn 0.0935 0.0969 0.9909
vn -0.5811 -0.6961 0.4215
vn -0.4293 -0.8470 0.3135
vn 0.7799 0.1552 0.6064
vn 0.5519 0.3658 0.7494
vn -0.6651 -0.5129 0.5427
vn 0.8055 -0.5924 -0.0149
vn 0.9093 -0.3642 0.2014
vn -0.5064 -0.0915 0.8574
vn -0.6944 0.4200 0.5843
vn -0.9408 0.1354 0.3106
vn 0.6604 -0.3678 0.6547
vn 0.5884 -0.1591 0.7928
vn 0.6383 -0.5853 0.5000
vn 0.9022 -0.1108 0.4168
vn -0.2463 -0.9385 0.2420
vn -0.0371 -0.9746 0.2211
vn 0.1738 -0.9583 0.2270
vn 0.3671 -0.8854 0.2852
vn -0.3073 0.5534 0.7742
vn 0.5368 -0.7578 0.3710
vn 0.1556 0.5381 0.8284
vn -0.9829 -0.1494 0.1080
vn 0.6491 0.6795 -0.3420
vn 0.4776 0.6106 -0.6317
vn 0.4228 0.7011 -0.5742
vn 0.5970 0.7519 -0.2796
vn -0.6381 -0.2089 -0.7411
vn -0.8322 -0.3809 -0.4029
vn -0.8405 -0.4107 -0.3535
vn -0.6463 -0.2167 -0.7317
vn 0.2659 0.4807 -0.8356
vn 0.1979 0.5863 -0.7855
vn -0.3056 0.0490 -0.9509
vn -0.2579 0.1288 -0.9575
vn 0.7122 0.5728 0.4058
vn 0.7391 0.6724 0.0399
vn 0.7029 0.7079 0.0692
vn 0.7192 0.5649 0.4045
vn -0.8837 -0.4661 -0.0419
vn -0.8252 -0.4993 0.2640
vn -0.8173 -0.5193 0.2495
vn -0.8627 -0.5047 -0.0319
vn 0.0215 0.2904 -0.9566
vn 0.0201 0.4008 -0.9160
vn -0.3201 -0.3870 0.8647
vn 0.0340 -0.1615 0.9863
vn 0.1272 -0.2610 0.9569
vn -0.2786 -0.4813 0.8311
vn 0.3245 0.0993 0.9407
vn 0.4098 -0.0054 0.9122
vn -0.6538 -0.5034 0.5650
vn -0.6579 -0.5550 0.5091
vn 0.5803 0.3806 0.7200
vn 0.6284 0.3219 0.7081
vn -0.1930 0.2601 0.9461
vn -0.1263 0.4211 0.8982
vn -0.1625 0.3965 0.9035
vn -0.3313 0.2283 0.9155
vn 0.1638 0.6243 0.7638
vn 0.3018 0.4302 0.8508
vn 0.1908 0.6430 0.7417
vn 0.3536 0.9353 -0.0106
vn 0.3690 0.9113 0.1827
vn 0.5348 0.8361 0.1221
vn 0.5187 0.8493 -0.0980
vn 0.5006 0.8208 -0.2750
vn 0.3470 0.9142 -0.2093
vn 0.8847 -0.2970 0.3592
vn 0.9919 -0.1077 0.0672
vn 0.9483 -0.2592 0.1830
vn 0.8764 -0.2281 0.4240
vn 0.4864 -0.3995 0.7771
vn 0.5192 -0.5075 0.6877
vn 0.3817 0.8287 0.4093
vn 0.2743 0.6997 0.6597
vn 0.4224 0.5522 0.7188
vn 0.5183 0.7450 0.4200
vn 0.2121 0.6289 0.7480
vn 0.2881 0.5165 0.8064
vn 0.7309 0.0145 0.6823
vn 0.8855 -0.1318 0.4456
vn 0.7163 -0.1782 0.6747
vn 0.6147 0.0334 0.7881
vn -0.2011 0.2068 0.9575
vn -0.3180 0.2266 0.9206
vn 0.3465 0.1738 0.9218
vn 0.9895 -0.1122 -0.0907
vn 0.9545 -0.1880 -0.2314
vn 0.7191 -0.6148 -0.3240
vn 0.8786 -0.4555 -0.1433
vn 0.5025 0.6078 -0.6149
vn 0.4609 0.3840 -0.8001
vn 0.4122 0.4289 -0.8038
vn 0.4656 0.6798 -0.5667
vn 0.5190 0.7892 -0.3283
vn 0.5494 0.7380 0.3918
vn 0.5629 0.8206 0.0987
vn 0.5399 0.4296 0.7239
vn 0.7407 -0.4387 0.5089
vn 0.6277 -0.4212 0.6546
vn 0.7026 -0.6848 0.1935
vn -0.1360 -0.7109 -0.6901
vn -0.2484 -0.9319 -0.2645
vn 0.7087 -0.4399 -0.5515
vn 0.4499 -0.0227 -0.8928
vn 0.3010 -0.1085 -0.9474
vn 0.4186 0.2680 -0.8677
vn 0.3779 0.3047 -0.8743
vn 0.5319 0.8356 -0.1374
vn 0.5318 -0.0428 0.8458
vn 0.5139 0.1703 0.8408
vn 0.3633 0.1952 -0.9110
vn 0.2789 0.1131 -0.9536
vn 0.5901 0.0696 -0.8043
vn 0.0963 0.3169 -0.9435
vn -0.0000 0.3119 -0.9501
vn -0.0000 0.1757 -0.9844
vn 0.1061 0.1759 -0.9787
vn 0.0444 0.6548 0.7545
vn 0.8702 -0.0732 -0.4872
vn 0.2720 -0.9590 -0.0793
vn 0.4884 0.1893 0.8518
vn -0.0766 -0.5779 0.8125
vn -0.1695 -0.3800 0.9093
vn -0.0525 -0.3727 0.9265
vn 0.0117 -0.4856 0.8741
vn -0.0470 -0.4616 0.8858
vn -0.0862 -0.3763 0.9225
vn 0.3527 0.0851 0.9319
vn 0.4315 -0.0270 0.9017
vn 0.2752 0.3461 -0.8969
vn 0.3276 0.7810 -0.5318
vn 0.3036 0.4890 -0.8177
vn 0.2100 0.4622 -0.8616
vn 0.2407 0.7209 -0.6499
vn 0.2094 0.1474 -0.9667
vn 0.1852 0.3577 -0.9153
vn 0.2483 0.2734 -0.9293
vn 0.1151 0.4342 -0.8934
vn 0.0987 0.3577 -0.9286
vn 0.0002 0.3528 -0.9357
vn -0.0007 0.4257 -0.9049
vn 0.1344 0.6834 -0.7175
vn -0.0010 0.6652 -0.7467
vn -0.2086 0.3880 0.8977
vn -0.0043 0.6716 0.7409
vn -0.0000 0.5098 0.8603
vn -0.0003 0.3182 0.9480
vn -0.3764 0.2342 0.8964
vn -0.0004 0.1804 0.9836
vn -0.2753 0.0329 0.9608
vn -0.2898 0.0658 0.9548
vn 0.9752 -0.2082 0.0758
vn 0.7606 -0.2960 0.5778
vn 0.7751 0.1449 0.6150
vn 0.9540 0.2487 0.1673
vn 0.9184 0.1803 -0.3523
vn 0.9609 0.1941 -0.1975
vn 0.9459 0.2432 -0.2150
vn 0.9090 0.2328 -0.3456
vn 0.9679 0.1468 -0.2042
vn 0.9587 0.2611 -0.1129
vn 0.7679 0.1916 -0.6112
vn 0.7702 0.2331 -0.5937
vn 0.2537 0.2324 -0.9390
vn 0.5062 0.2130 -0.8357
vn 0.5062 0.2280 -0.8317
vn 0.2465 0.2014 -0.9480
vn 0.3692 -0.1296 0.9203
vn -0.0273 -0.2587 0.9656
vn -0.0114 -0.1421 0.9898
vn 0.4079 -0.0068 0.9130
vn 0.0003 0.2588 -0.9659
vn 0.1518 0.2495 -0.9564
vn 0.1684 0.1908 -0.9671
vn -0.0001 0.1949 -0.9808
vn 0.2500 0.4640 -0.8498
vn 0.0941 0.4724 -0.8763
vn -0.0002 0.4765 -0.8792
vn 0.9917 -0.0754 -0.1041
vn 0.9930 -0.0883 0.0781
vn 0.9922 0.0417 0.1174
vn 0.9574 0.2666 -0.1112
vn 0.7271 0.3079 -0.6136
vn 0.4544 0.4003 -0.7958
vn 0.8881 -0.2878 0.3584
vn 0.5207 -0.5069 0.6869
vn 0.4380 -0.2521 0.8629
vn 0.8827 -0.1585 0.4423
vn 0.4331 -0.2559 0.8642
vn 0.9311 0.2021 -0.3036
vn 0.9562 0.2774 -0.0932
vn 0.9745 0.1791 -0.1354
vn -0.2115 -0.2949 0.9318
vn -0.0319 -0.5497 0.8347
vn -0.0000 0.1458 0.9893
vn -0.3688 0.2371 0.8988
vn 0.3575 0.5990 -0.7166
vn 0.2786 0.4316 -0.8580
vn 0.5423 0.8202 -0.1821
vn 0.4193 0.8264 -0.3758
vn -0.1576 -0.9039 0.3977
vn 0.1919 -0.6419 0.7424
vn -0.8151 -0.4523 -0.3619
vn -0.8506 -0.5212 -0.0692
vn 0.6378 0.7657 0.0836
vn 0.6723 0.6131 0.4147
vn 0.4464 -0.0557 0.8931
vn 0.5691 0.3884 0.7247
vn -0.3505 -0.1857 -0.9180
vn 0.1479 0.2867 -0.9466
vn -0.6747 -0.7229 0.1491
vn 0.3322 -0.3585 0.8724
vn 0.2789 0.9579 0.0688
vn 0.2839 0.9282 0.2405
vn 0.1384 0.6508 0.7465
vn 0.0945 0.7393 0.6667
vn 0.2856 0.8589 0.4252
vn 0.2681 0.9564 -0.1156
vn 0.2163 0.7117 0.6683
vn 0.2536 0.9367 -0.2415
vn -0.0001 0.9320 -0.3625
vn 0.1197 0.9187 -0.3763
vn 0.2177 0.9110 -0.3504
vn 0.1572 0.9822 0.1032
vn 0.1807 0.9794 -0.0900
vn 0.1001 0.9949 -0.0091
vn 0.0887 0.9779 0.1892
vn 0.1045 0.9826 -0.1535
vn -0.0014 0.9871 -0.1601
vn 0.0004 1.0000 0.0076
vn 0.0402 0.7204 0.6924
vn 0.0603 0.8717 0.4864
vn -0.0001 0.8762 0.4819
vn -0.0000 0.8337 0.5522
vn 0.0704 0.9359 0.3452
vn -0.0063 0.9770 0.2131
vn -0.0001 0.9368 0.3499
vn 0.1073 0.8873 0.4486
vn 0.1284 0.9443 0.3029
vn 0.0803 0.7896 0.6084
vn 0.1904 0.9568 -0.2197
vn -0.0001 0.9410 -0.3383
vn 0.0925 0.9367 -0.3378
vn 0.1665 0.9478 -0.2720
vn -0.0000 0.8321 0.5546
vn 0.0133 0.7324 0.6808
vn -0.0000 0.7512 0.6600
vn 0.0219 0.6157 0.7877
vn -0.0001 0.6065 0.7951
vn -0.0001 0.5861 0.8102
vn 0.0637 0.6782 0.7321
vn 0.0671 0.7288 0.6814
vn -0.0054 0.6907 0.7231
vn -0.7294 -0.6335 -0.2581
vn -0.9306 -0.3601 -0.0650
vn -0.9509 -0.2645 -0.1604
vn -0.7374 -0.5708 -0.3611
vn -0.9914 -0.0665 0.1128
vn -0.9986 0.0430 0.0299
vn -0.0473 -0.8676 -0.4950
vn -0.4201 -0.8088 -0.4115
vn -0.4004 -0.7564 -0.5173
vn -0.0062 -0.8044 -0.5941
vn -0.9285 0.2272 0.2936
vn -0.9188 0.3382 0.2034
vn -0.7015 0.5097 0.4982
vn -0.6907 0.6015 0.4014
vn 0.6513 -0.6640 -0.3673
vn 0.3310 -0.8095 -0.4849
vn 0.3629 -0.7404 -0.5657
vn 0.6617 -0.5984 -0.4518
vn 0.9610 0.0660 0.2686
vn 0.9816 -0.1907 -0.0130
vn 0.9359 0.0387 0.3501
vn 0.9711 -0.2249 0.0799
vn 0.8046 0.3178 0.5016
vn 0.7788 0.2719 0.5652
vn 0.8728 -0.4170 -0.2536
vn 0.8725 -0.4577 -0.1710
vn 0.5180 0.5527 0.6528
vn 0.5132 0.4718 0.7170
vn 0.0814 0.7238 0.6852
vn 0.0858 0.6366 0.7664
vn -0.3497 0.7443 0.5690
vn -0.3482 0.6611 0.6646
vn 0.2677 -0.0246 0.9632
vn 0.4263 0.0362 0.9039
vn 0.1740 0.2085 -0.9624
vn -0.0001 0.1911 -0.9816
vn 0.9451 0.3096 -0.1043
vn 0.9261 0.3116 -0.2126
vn 0.5228 0.3102 -0.7940
vn 0.2569 0.2462 -0.9346
vn 0.8947 0.3190 -0.3126
vn 0.9433 0.2833 0.1728
vn 0.7818 0.1869 0.5949
vn 0.7607 0.3289 -0.5595
vn -0.2832 -0.2947 0.9127
vn -0.0000 -0.2138 0.9769
vn 0.0001 -0.5149 0.8572
vn -0.0875 -0.5528 0.8287
vn -0.1189 -0.2540 0.9599
vn -0.0001 -0.1818 0.9833
vn -0.0000 -0.1185 0.9930
vn -0.0844 -0.1794 0.9802
vn -0.0000 -0.4497 0.8932
vn -0.1113 -0.4724 0.8743
vn -0.3540 0.0751 0.9322
vn 0.0002 0.0729 0.9973
vn -0.0002 -0.3000 0.9540
vn -0.1240 -0.3647 0.9228
vn 0.2476 0.3477 -0.9043
vn 0.1201 0.3658 -0.9229
vn -0.0002 0.3704 -0.9289
vn 0.9559 0.0950 -0.2780
vn 0.9099 0.2753 -0.3105
vn 0.9244 0.2971 -0.2392
vn 0.9418 -0.0631 -0.3303
vn 0.7663 0.2725 -0.5818
vn 0.4976 0.3154 -0.8080
vn 0.2657 0.7937 0.5473
vn 0.4394 -0.2517 0.8623
vn 0.3688 0.2289 0.9009
vn 0.2696 0.8088 0.5226
vn 0.2754 -0.2084 0.9385
vn 0.9247 0.2220 -0.3093
vn 0.9107 0.2654 -0.3164
vn 0.9644 0.2129 -0.1569
vn 0.7013 -0.7053 -0.1038
vn 0.8450 -0.5302 -0.0696
vn -0.0768 -0.2321 0.9696
vn -0.0590 -0.1849 0.9810
vn 0.3228 0.8669 0.3799
vn 0.3089 0.8613 0.4034
vn 0.4397 -0.2543 0.8614
vn 0.3263 -0.2461 0.9127
vn 0.3922 -0.2219 0.8927
vn 0.3683 0.2220 0.9028
vn 0.4998 0.0680 0.8635
vn -0.1643 -0.9851 0.0508
vn 0.7613 0.6481 0.0178
vn 0.9267 0.3238 0.1905
vn 0.9638 0.2076 0.1673
vn 0.7511 0.1133 0.6504
vn 0.7935 0.0007 0.6086
vn 0.4747 -0.8722 0.1180
vn -0.3622 -0.6056 -0.7085
vn 0.9519 0.2904 -0.0976
vn 0.9526 0.2860 -0.1034
vn 0.7678 0.6405 0.0124
vn -0.2660 0.4912 -0.8295
vn -0.3070 0.4430 -0.8423
vn -0.0153 0.2063 -0.9784
vn 0.0031 0.2283 -0.9736
vn -0.0404 0.1701 -0.9846
vn -0.3235 0.4333 -0.8412
vn -0.5620 0.6349 -0.5302
vn -0.4846 0.6875 -0.5409
vn -0.5353 0.6276 -0.5653
vn -0.0977 -0.9712 0.2172
vn -0.4315 -0.8437 -0.3193
vn 0.1216 -0.7970 -0.5917
vn 0.5420 -0.8073 -0.2334
vn 0.7456 -0.6423 0.1777
vn 0.3321 -0.6965 0.6360
vn -0.2012 -0.5839 0.7865
vn -0.4938 -0.7020 0.5132
vn -0.6983 -0.7105 0.0871
vn 0.9416 -0.3359 0.0219
vn 0.8750 -0.4075 -0.2614
vn 0.8933 -0.3747 -0.2481
vn 0.9438 -0.3228 0.0703
vn 0.8680 -0.1552 0.4717
vn 0.9170 -0.0935 0.3879
vn 0.9716 -0.1183 0.2048
vn 0.9047 -0.4243 -0.0388
vn 0.8367 -0.4832 -0.2578
vn 0.8439 -0.2213 -0.4888
vn 0.8403 0.1689 -0.5151
vn 0.9548 0.2792 0.1020
vn 0.9749 -0.1639 0.1508
vn 0.1981 -0.3699 -0.9077
vn 0.2204 0.0001 -0.9754
vn -0.4214 0.2997 -0.8559
vn -0.4094 0.3089 -0.8585
vn -0.0944 -0.0056 -0.9955
vn -0.0578 -0.0578 -0.9967
vn 0.0924 -0.0347 -0.9951
vn -0.4249 0.3020 -0.8534
vn -0.7582 0.4452 -0.4765
vn -0.7326 0.4823 -0.4803
vn -0.6950 0.5108 -0.5060
vn 0.4332 -0.3169 0.8438
vn 0.0955 -0.6848 0.7225
vn -0.2980 0.0292 0.9541
vn -0.0129 0.1745 0.9846
vn -0.0444 0.2251 0.9733
vn 0.5168 -0.0987 0.8504
vn 0.7864 -0.5519 0.2776
vn 0.5639 -0.7761 0.2824
vn 0.4999 -0.8661 0.0071
vn 0.1919 -0.4651 -0.8642
vn 0.1624 -0.3212 -0.9330
vn 0.3630 -0.5642 -0.7416
vn 0.2875 -0.7068 -0.6463
vn 0.3894 -0.8114 -0.4359
vn 0.5704 -0.4538 -0.6847
vn -0.3279 0.3548 0.8756
vn -0.3636 0.3505 0.8631
vn -0.5201 0.4474 0.7276
vn -0.5558 0.4349 0.7085
vn -0.7294 0.0629 0.6811
vn -0.4148 0.2855 0.8640
vn -0.8578 0.5023 -0.1086
vn -0.8170 0.5627 -0.1258
vn -0.8947 0.4398 -0.0784
vn -0.9664 0.2337 0.1069
vn -0.8607 0.4823 0.1633
vn -0.8143 0.5523 0.1783
vn -0.7594 0.4733 0.4464
vn -0.7081 0.5151 0.4831
vn -0.8401 0.3492 0.4150
vn 0.4981 -0.8566 -0.1345
vn 0.6370 -0.7566 -0.1475
vn 0.6595 -0.7291 -0.1831
vn 0.3025 -0.9175 -0.2583
vn 0.4665 -0.8512 -0.2405
vn 0.6186 -0.7414 -0.2601
vn 0.8637 -0.2898 -0.4124
vn 0.9472 0.2233 -0.2303
vn 0.9270 0.0322 0.3737
vn 0.8815 -0.3937 0.2607
vn 0.5882 -0.8017 0.1061
vn 0.3775 -0.8035 -0.4604
vn 0.1359 -0.4861 -0.8633
vn 0.4566 -0.0376 -0.8889
vn 0.5418 0.4123 -0.7324
vn 0.3534 -0.5227 0.7758
vn 0.4511 -0.3156 0.8348
vn -0.2923 -0.4075 0.8652
vn -0.3250 -0.5011 0.8021
vn -0.3683 -0.6820 0.6318
vn 0.1556 -0.8570 0.4913
vn 0.6477 -0.7529 0.1168
vn 0.8270 -0.5191 0.2157
vn 0.9542 -0.1703 0.2459
vn 0.2842 -0.0315 -0.9582
vn 0.2853 -0.0259 -0.9581
vn 0.5551 -0.2105 -0.8047
vn 0.5429 -0.2376 -0.8055
vn 0.5109 -0.2969 -0.8067
vn 0.2477 -0.0872 -0.9649
vn 0.7537 -0.3721 -0.5418
vn 0.7716 -0.3366 -0.5398
vn 0.7206 -0.4363 -0.5388
vn 0.6561 -0.5370 -0.5302
vn 0.7699 -0.5827 -0.2604
vn 0.5182 -0.6998 -0.4918
vn 0.4629 -0.3964 -0.7928
vn 0.8183 -0.5641 -0.1107
vn 0.8212 -0.5458 -0.1667
vn -0.6694 0.5526 0.4965
vn -0.5955 0.6399 0.4857
vn -0.6955 0.7019 0.1538
vn -0.7719 0.6114 0.1741
vn -0.4908 0.4618 0.7388
vn -0.4198 0.5426 0.7276
vn -0.7676 0.6237 -0.1477
vn -0.6835 0.7092 -0.1727
vn -0.6461 0.5548 -0.5241
vn -0.3558 0.3942 0.8474
vn -0.2305 0.4888 0.8414
vn -0.4136 0.4115 0.8122
vn 0.0987 0.5389 0.8366
vn 0.2140 -0.1732 -0.9614
vn -0.0755 0.0926 -0.9928
vn -0.3816 0.3546 -0.8536
vn -0.5754 -0.7767 -0.2562
vn -0.6763 -0.4985 -0.5424
vn 0.0566 -0.5723 -0.8181
vn 0.0616 -0.8786 -0.4736
vn 0.0557 -0.9932 -0.1024
vn -0.3225 -0.9421 0.0923
vn -0.6122 -0.6935 0.3798
vn -0.8750 -0.4106 0.2564
vn -0.9710 -0.2224 0.0881
vn 0.7930 -0.5245 -0.3099
vn 0.9928 -0.0064 0.1193
vn 0.7039 -0.2100 0.6786
vn -0.0963 0.0696 -0.9929
vn -0.0999 0.0525 -0.9936
vn 0.2905 -0.9308 -0.2218
vn 0.6653 0.4176 0.6189
vn 0.6970 0.3913 0.6008
vn 0.1569 0.5016 0.8507
vn 0.4142 0.0955 0.9052
vn 0.2770 0.1166 0.9538
vn 0.2265 -0.8700 -0.4379
vn 0.1434 -0.1016 -0.9844
vn -0.7542 0.5245 -0.3951
vn -0.1735 -0.3629 0.9155
vn 0.0473 -0.9005 0.4323
vn 0.4566 -0.5385 0.7082
vn 0.0290 -0.2880 0.9572
vn -0.3837 -0.5206 0.7627
vn 0.4276 -0.8991 0.0941
vn 0.6850 -0.6471 0.3347
vn -0.6394 0.0133 0.7688
vn -0.6716 0.1603 0.7234
vn 0.0202 0.1448 0.9893
vn 0.0182 0.2766 0.9608
vn 0.6924 -0.6883 -0.2163
vn 0.7466 -0.4501 -0.4899
vn 0.9680 -0.2168 0.1262
vn 0.8955 -0.3785 0.2343
vn 0.6860 -0.0523 0.7257
vn 0.7073 0.1267 0.6955
vn -0.2667 -0.9241 -0.2735
vn -0.4574 -0.4298 -0.7785
vn 0.1005 -0.9219 0.3741
vn -0.4469 -0.7782 0.4412
vn -0.7452 -0.6657 -0.0381
vn -0.8150 -0.3230 -0.4812
vn -0.5139 -0.2029 -0.8335
vn -0.4697 0.0344 -0.8822
vn 0.3145 0.0584 -0.9475
vn 0.2204 -0.2943 -0.9300
vn 0.1697 -0.5813 -0.7958
vn -0.4389 -0.6553 -0.6147
vn -0.8278 -0.5249 -0.1979
vn -0.9182 -0.2819 -0.2782
vn -0.9354 -0.1519 -0.3194
vn 0.7622 -0.4315 -0.4826
vn 0.8790 -0.0256 -0.4762
vn 0.4803 -0.7853 -0.3906
vn -0.8293 -0.4126 0.3769
vn -0.8631 -0.3217 0.3892
vn -0.6766 -0.6914 0.2535
vn -0.1557 -0.9841 -0.0857
vn -0.6576 -0.3375 0.6736
vn -0.6064 -0.2639 0.7501
vn -0.8860 -0.4615 0.0452
vn -0.8884 -0.4590 0.0076
vn -0.1486 -0.2167 0.9649
vn -0.1103 -0.0361 0.9932
vn -0.6019 -0.4574 -0.6546
vn -0.5858 -0.3213 -0.7440
vn 0.5510 -0.1790 0.8151
vn 0.6207 0.2439 0.7452
vn 0.3832 -0.8158 -0.4332
vn 0.3714 -0.8303 -0.4156
vn 0.2878 -0.6008 0.7458
vn 0.4529 -0.2568 0.8538
vn -0.5198 -0.5152 0.6814
vn -0.4524 -0.5495 0.7024
vn -0.4161 0.0429 -0.9083
vn -0.4137 0.2099 -0.8859
vn -0.8761 -0.0296 -0.4813
vn -0.8892 -0.0846 -0.4496
vn -0.9487 -0.3046 0.0844
vn -0.9830 -0.1678 -0.0740
vn 0.4612 -0.1516 0.8743
vn 0.0808 -0.0620 0.9948
vn 0.9970 -0.0373 -0.0682
vn 0.4719 0.2000 -0.8586
vn 0.0020 0.1696 -0.9855
vn -0.5436 -0.1485 0.8261
vn -0.1432 -0.1087 0.9837
vn -0.9815 -0.1720 -0.0836
vn -0.4943 0.1067 -0.8627
vn 0.4842 0.0456 0.8738
vn -0.2501 -0.0294 0.9678
vn 0.9938 0.1101 0.0160
vn -0.7181 -0.3481 -0.6026
vn -0.6382 -0.7246 -0.2601
vn 0.0107 -0.3846 -0.9230
vn -0.9803 -0.1780 0.0854
vn -0.6119 -0.0698 0.7878
vn 0.9151 -0.0349 -0.4016
vn -0.8211 -0.4707 0.3229
vn -0.8819 -0.2865 0.3744
vn -0.9513 -0.1803 -0.2501
vn -0.9101 -0.2487 -0.3315
vn -0.2981 -0.5018 0.8120
vn -0.3718 -0.4114 0.8322
vn 0.8359 0.4007 -0.3750
vn 0.8376 0.3897 -0.3829
vn 0.9352 0.1083 0.3371
vn 0.9381 0.1994 0.2834
vn 0.3261 0.4144 -0.8497
vn 0.2396 0.3545 -0.9038
vn -0.4326 0.1712 -0.8852
vn -0.6238 -0.0088 -0.7816
vn 0.5149 -0.1731 0.8396
vn 0.3444 -0.3404 0.8750
vn -0.9912 0.0509 -0.1225
vn -0.8580 0.1058 -0.5026
vn -0.7500 -0.3441 0.5649
vn -0.5200 0.1512 -0.8407
vn 0.2978 0.2058 -0.9322
vn 0.2515 -0.4550 0.8542
vn -0.5023 -0.8616 0.0728
vn 0.8582 -0.2144 0.4664
vn 0.9787 0.0680 -0.1939
vn -0.3573 0.3213 0.8770
vn -0.5489 0.6892 0.4730
vn -0.3663 0.5920 0.7179
vn -0.4763 0.4229 0.7709
vn -0.7010 0.4868 0.5212
vn 0.6522 -0.5595 -0.5115
vn 0.8010 -0.5634 -0.2024
vn -0.5219 0.7151 0.4651
vn -0.6234 0.7707 0.1319
vn -0.3470 0.6202 0.7035
vn -0.6606 0.7393 0.1302
vn -0.6097 0.7672 -0.1992
vn -0.6588 0.7199 -0.2185
vn -0.1140 0.5333 0.8382
vn 0.2689 0.4251 0.8643
vn 0.2674 0.2883 0.9194
vn -0.1133 0.4741 0.8732
vn 0.0865 -0.3304 -0.9399
vn 0.3943 -0.4756 -0.7863
vn 0.6728 0.2213 0.7059
vn 0.6210 0.0662 0.7810
vn 0.8598 -0.4911 0.1397
vn 0.7770 -0.3135 0.5459
vn -0.2485 -0.1370 -0.9589
vn -0.8866 0.4146 -0.2049
vn -0.7853 0.2727 -0.5558
vn -0.8569 0.4883 0.1653
vn -0.1892 0.3144 0.9302
vn 0.2021 0.1237 0.9715
vn 0.5424 -0.0959 0.8346
vn -0.5579 0.0790 -0.8261
vn 0.8870 -0.2905 0.3590
vn 0.3872 -0.3066 0.8695
vn -0.5752 0.0909 -0.8129
vn 0.1668 0.0177 -0.9858
vn -0.9551 0.1429 -0.2594
vn 0.8739 -0.0973 -0.4762
vn -0.8998 0.0847 0.4280
vn -0.3484 -0.1416 0.9266
vn -0.8795 0.2288 0.4173
vn -0.9472 0.1888 -0.2592
vn -0.5272 -0.1713 0.8323
vn 0.6567 -0.5801 -0.4819
vn 0.5786 -0.7802 0.2375
vn -0.0270 -0.3767 -0.9259
vn -0.6430 -0.0684 -0.7628
vn 0.0859 -0.6673 0.7399
vn -0.9719 -0.1935 -0.1338
vn -0.9344 -0.3352 -0.1205
vn -0.9511 -0.2894 0.1085
vn -0.9774 -0.1467 0.1520
vn -0.7741 0.6330 -0.0086
vn -0.8031 0.5143 -0.3009
vn -0.6685 0.4422 -0.5980
vn -0.7858 0.4926 -0.3741
vn -0.4680 0.3146 -0.8258
vn -0.6675 0.3085 -0.6777
vn -0.8808 -0.2737 -0.3865
vn -0.8412 -0.4326 -0.3245
vn -0.7033 -0.4185 -0.5747
vn -0.7024 -0.5377 -0.4664
vn -0.4536 0.0765 -0.8879
vn -0.2476 0.1062 -0.9630
vn 0.0359 -0.1221 -0.9919
vn -0.1686 -0.1669 -0.9715
vn -0.8544 -0.0382 -0.5183
vn -0.6459 -0.2106 -0.7338
vn -0.4810 -0.5649 -0.6704
vn -0.5275 -0.6631 -0.5311
vn -0.2419 -0.7223 -0.6479
vn -0.3316 -0.7781 -0.5335
vn 0.1642 -0.3849 -0.9083
vn 0.3385 -0.3649 -0.8673
vn 0.5816 -0.5359 -0.6120
vn 0.4943 -0.5068 -0.7063
vn -0.3875 -0.3941 -0.8334
vn -0.0982 -0.5640 -0.8199
vn -0.0240 -0.8402 -0.5418
vn -0.1504 -0.8764 -0.4576
vn -0.5089 -0.3326 0.7940
vn -0.5422 -0.3948 0.7418
vn -0.2485 -0.5609 0.7897
vn -0.1966 -0.5106 0.8371
vn 0.3709 0.5239 0.7668
vn 0.0971 0.3995 0.9116
vn -0.3025 0.5529 0.7764
vn 0.0224 0.6540 0.7562
vn -0.6102 0.6154 0.4989
vn -0.3089 0.7169 0.6251
vn -0.7201 -0.2277 0.6555
vn -0.7446 -0.3054 0.5935
vn -0.8858 -0.1613 0.4352
vn -0.8825 -0.2854 0.3739
vn -0.8039 0.5860 0.1022
vn -0.5893 0.7196 0.3673
vn 0.3286 -0.9302 0.1633
vn 0.2133 -0.9689 0.1256
vn 0.1589 -0.9806 -0.1144
vn 0.2778 -0.9540 -0.1130
vn 0.9540 -0.1066 0.2803
vn 0.8038 -0.3438 0.4856
vn 0.6116 -0.0557 0.7892
vn 0.8262 0.1516 0.5426
vn 0.9378 -0.3461 -0.0268
vn 0.8429 -0.5220 0.1303
vn 0.2593 -0.8337 0.4875
vn 0.1746 -0.8855 0.4306
vn 0.1688 -0.9249 -0.3408
vn 0.0304 -0.9521 -0.3041
vn 0.7819 -0.4991 -0.3736
vn 0.7634 -0.5952 -0.2511
vn 0.1700 -0.6947 -0.6989
vn 0.4175 -0.7801 -0.4659
vn 0.0587 -0.6915 0.7199
vn 0.0307 -0.7233 0.6899
vn 0.3780 0.1937 0.9053
vn 0.6313 0.3627 0.6855
vn 0.0306 -0.7233 0.6898
vn -0.2486 -0.5609 0.7897
vn 0.0157 -0.9543 -0.2983
vn -0.1638 -0.8829 -0.4401
vn -0.4047 0.0415 0.9135
vn -0.6597 0.1677 0.7326
vn 0.1537 -0.9820 -0.1099
vn -0.9772 0.1846 0.1051
vn -0.9678 0.0973 -0.2320
vn 0.1745 -0.8855 0.4305
vn 0.6551 -0.7421 0.1417
vn 0.5703 -0.6158 0.5436
vn -0.8823 -0.2866 0.3734
vn -0.7445 -0.3057 0.5935
vn -0.9438 -0.3103 0.1138
vn -0.5422 -0.3948 0.7417
vn -0.8724 0.2151 0.4389
vn -0.3461 -0.7879 -0.5093
vn -0.5319 -0.6837 -0.4997
vn -0.6976 -0.5687 -0.4357
vn -0.8309 -0.4679 -0.3011
vn 0.3241 -0.4181 0.8486
vn -0.9223 -0.3687 -0.1160
vn -0.0143 -0.1825 0.9831
vn 0.5836 -0.7892 -0.1912
vn -0.6084 0.7301 -0.3111
vn -0.5968 0.7517 -0.2807
vn -0.4220 0.7018 -0.5739
vn -0.4323 0.6671 -0.6067
vn 0.6443 -0.2148 -0.7340
vn 0.6452 -0.2166 -0.7327
vn 0.8388 -0.4127 -0.3551
vn 0.8105 -0.4147 -0.4137
vn -0.1972 0.5871 -0.7851
vn -0.2157 0.5381 -0.8148
vn 0.3487 0.0769 -0.9341
vn 0.2585 0.1557 -0.9534
vn -0.6965 0.5822 0.4194
vn -0.7192 0.5649 0.4045
vn -0.7024 0.7084 0.0698
vn -0.7077 0.7033 0.0675
vn 0.8528 -0.5187 -0.0603
vn 0.8579 -0.5131 -0.0258
vn 0.8173 -0.5194 0.2495
vn 0.7947 -0.5537 0.2488
vn 0.0339 0.3458 -0.9377
vn -0.0220 0.4220 -0.9063
vn 0.3010 -0.4170 0.8576
vn 0.2736 -0.4825 0.8321
vn -0.1272 -0.2610 0.9569
vn -0.0489 -0.1817 0.9821
vn -0.4098 -0.0054 0.9122
vn -0.3336 0.0867 0.9387
vn 0.6291 -0.5458 0.5535
vn 0.6523 -0.5585 0.5123
vn -0.6284 0.3219 0.7082
vn -0.5794 0.3763 0.7230
vn 0.1926 0.2609 0.9459
vn 0.3313 0.2284 0.9155
vn 0.1626 0.3965 0.9035
vn 0.1251 0.4207 0.8985
vn -0.1644 0.6217 0.7658
vn -0.1911 0.6411 0.7433
vn -0.3017 0.4303 0.8508
vn -0.3536 0.9353 -0.0106
vn -0.5183 0.8496 -0.0981
vn -0.5348 0.8361 0.1221
vn -0.3686 0.9115 0.1827
vn -0.3467 0.9143 -0.2094
vn -0.5005 0.8210 -0.2747
vn -0.8847 -0.2970 0.3592
vn -0.8761 -0.2270 0.4254
vn -0.9483 -0.2592 0.1830
vn -0.9919 -0.1077 0.0672
vn -0.5192 -0.5075 0.6877
vn -0.4864 -0.3995 0.7771
vn -0.3806 0.8297 0.4083
vn -0.5268 0.7346 0.4276
vn -0.4224 0.5522 0.7188
vn -0.2684 0.7111 0.6498
vn -0.2120 0.6294 0.7476
vn -0.2891 0.5197 0.8040
vn -0.7308 0.0138 0.6825
vn -0.8828 -0.1353 0.4499
vn -0.6100 0.0197 0.7922
vn -0.7163 -0.1781 0.6747
vn 0.2011 0.2062 0.9576
vn 0.3180 0.2266 0.9206
vn -0.3467 0.1743 0.9216
vn -0.9895 -0.1122 -0.0907
vn -0.8782 -0.4570 -0.1410
vn -0.7192 -0.6147 -0.3239
vn -0.9542 -0.1849 -0.2354
vn -0.5043 0.6081 -0.6131
vn -0.4659 0.6807 -0.5653
vn -0.4122 0.4290 -0.8038
vn -0.4614 0.3838 -0.7999
vn -0.5221 0.7896 -0.3225
vn -0.5505 0.7363 0.3934
vn -0.5622 0.8210 0.0993
vn -0.5358 0.4484 0.7154
vn -0.7407 -0.4386 0.5089
vn -0.6258 -0.4230 0.6554
vn -0.7062 -0.6816 0.1916
vn 0.1352 -0.7103 -0.6908
vn -0.7100 -0.4424 -0.5479
vn 0.2537 -0.9263 -0.2787
vn -0.3025 -0.1087 -0.9469
vn -0.4500 -0.0226 -0.8927
vn -0.4188 0.2681 -0.8676
vn -0.3800 0.3057 -0.8730
vn -0.5372 0.8327 -0.1343
vn -0.5323 -0.0479 0.8452
vn -0.5124 0.1706 0.8416
vn -0.3637 0.1949 -0.9109
vn -0.5948 0.0618 -0.8015
vn -0.2787 0.1137 -0.9536
vn -0.0962 0.3168 -0.9436
vn -0.1061 0.1760 -0.9787
vn -0.0444 0.6549 0.7544
vn -0.8701 -0.0723 -0.4875
vn -0.2696 -0.9603 -0.0719
vn -0.4892 0.1884 0.8516
vn 0.0764 -0.5781 0.8124
vn 0.1701 -0.3802 0.9091
vn 0.0531 -0.3729 0.9264
vn 0.0885 -0.3767 0.9221
vn 0.0468 -0.4620 0.8857
vn -0.0116 -0.4859 0.8740
vn -0.3529 0.0857 0.9317
vn -0.4321 -0.0264 0.9014
vn -0.2751 0.3462 -0.8969
vn -0.3275 0.7810 -0.5318
vn -0.3034 0.4890 -0.8178
vn -0.2404 0.7209 -0.6500
vn -0.2099 0.4623 -0.8615
vn -0.1853 0.3579 -0.9152
vn -0.2094 0.1476 -0.9666
vn -0.2505 0.2705 -0.9296
vn -0.1162 0.4346 -0.8931
vn -0.0991 0.3582 -0.9284
vn -0.1299 0.6839 -0.7179
vn 0.2086 0.3879 0.8978
vn 0.0044 0.6716 0.7409
vn 0.3764 0.2342 0.8964
vn 0.2757 0.0339 0.9607
vn 0.2898 0.0658 0.9548
vn -0.9752 -0.2081 0.0758
vn -0.9540 0.2487 0.1672
vn -0.7751 0.1449 0.6150
vn -0.7606 -0.2960 0.5778
vn -0.9184 0.1799 -0.3524
vn -0.9090 0.2328 -0.3459
vn -0.9459 0.2430 -0.2151
vn -0.9608 0.1942 -0.1976
vn -0.9587 0.2611 -0.1129
vn -0.9679 0.1468 -0.2040
vn -0.7681 0.1913 -0.6111
vn -0.7702 0.2331 -0.5937
vn -0.2539 0.2322 -0.9390
vn -0.2465 0.2012 -0.9480
vn -0.5063 0.2279 -0.8317
vn -0.5064 0.2126 -0.8357
vn -0.3692 -0.1294 0.9203
vn -0.4079 -0.0069 0.9130
vn 0.0114 -0.1421 0.9898
vn 0.0276 -0.2582 0.9657
vn -0.1685 0.1908 -0.9671
vn -0.1519 0.2494 -0.9564
vn -0.0941 0.4726 -0.8762
vn -0.2501 0.4640 -0.8498
vn -0.9917 -0.0753 -0.1040
vn -0.9574 0.2667 -0.1111
vn -0.9922 0.0418 0.1175
vn -0.9930 -0.0883 0.0782
vn -0.4618 0.3939 -0.7947
vn -0.7271 0.3080 -0.6136
vn -0.8881 -0.2878 0.3584
vn -0.8827 -0.1585 0.4423
vn -0.4380 -0.2520 0.8629
vn -0.5207 -0.5069 0.6870
vn -0.4332 -0.2562 0.8641
vn -0.9311 0.2022 -0.3036
vn -0.9744 0.1793 -0.1355
vn -0.9562 0.2775 -0.0931
vn 0.0319 -0.5498 0.8347
vn 0.2115 -0.2949 0.9318
vn 0.3688 0.2371 0.8988
vn -0.2813 0.4323 -0.8567
vn -0.3575 0.5990 -0.7166
vn -0.4344 0.8275 -0.3558
vn -0.5423 0.8202 -0.1822
vn -0.1867 -0.6420 0.7436
vn 0.1576 -0.9039 0.3977
vn 0.8519 -0.5192 -0.0687
vn 0.8152 -0.4523 -0.3619
vn -0.6378 0.7657 0.0836
vn -0.6724 0.6131 0.4147
vn -0.5799 0.3806 0.7203
vn -0.4464 -0.0557 0.8931
vn 0.3505 -0.1857 -0.9180
vn -0.1479 0.2867 -0.9465
vn 0.6747 -0.7229 0.1490
vn -0.3322 -0.3585 0.8724
vn -0.2838 0.9282 0.2405
vn -0.2788 0.9579 0.0688
vn -0.0944 0.7393 0.6667
vn -0.1384 0.6508 0.7465
vn -0.2856 0.8589 0.4251
vn -0.2680 0.9565 -0.1156
vn -0.2163 0.7117 0.6684
vn -0.2535 0.9367 -0.2415
vn -0.1197 0.9188 -0.3762
vn -0.2176 0.9110 -0.3504
vn -0.1570 0.9822 0.1032
vn -0.0893 0.9778 0.1896
vn -0.1001 0.9949 -0.0091
vn -0.1805 0.9795 -0.0900
vn -0.1045 0.9826 -0.1535
vn -0.0399 0.7203 0.6925
vn -0.0610 0.8713 0.4870
vn -0.0669 0.9368 0.3434
vn -0.1070 0.8873 0.4486
vn -0.1283 0.9443 0.3029
vn -0.0800 0.7896 0.6083
vn -0.1903 0.9568 -0.2197
vn -0.0925 0.9366 -0.3379
vn -0.1665 0.9477 -0.2721
vn -0.0134 0.7324 0.6807
vn -0.0232 0.6149 0.7882
vn -0.0634 0.6783 0.7320
vn -0.0669 0.7290 0.6813
vn 0.0054 0.6907 0.7232
vn 0.2233 -0.6792 -0.6991
vn 0.3437 -0.5976 -0.7243
vn 0.6017 -0.6618 -0.4473
vn 0.4563 -0.7713 -0.4437
vn 0.7523 -0.6455 -0.1321
vn 0.6038 -0.7828 -0.1505
vn -0.3543 -0.3356 -0.8728
vn -0.2760 -0.2519 -0.9275
vn 0.0436 -0.4563 -0.8888
vn -0.0529 -0.5288 -0.8471
vn 0.8086 -0.5479 0.2144
vn 0.6598 -0.7291 0.1819
vn 0.7120 -0.3668 0.5987
vn 0.5866 -0.5721 0.5733
vn -0.8479 0.0611 -0.5267
vn -0.7853 0.1753 -0.5938
vn -0.5665 -0.0324 -0.8234
vn -0.6330 -0.1239 -0.7642
vn -0.9037 0.4190 0.0877
vn -0.7774 0.4398 0.4497
vn -0.9542 0.2625 0.1436
vn -0.8300 0.2662 0.4901
vn -0.5544 0.3990 0.7303
vn -0.6205 0.2105 0.7554
vn -0.9063 0.3214 -0.2744
vn -0.9579 0.1984 -0.2077
vn -0.2549 0.2957 0.9207
vn -0.3411 0.0866 0.9360
vn 0.1315 0.1005 0.9862
vn 0.0409 -0.1174 0.9922
vn 0.4783 -0.1266 0.8690
vn 0.3763 -0.3422 0.8610
vn -0.4263 0.0362 0.9039
vn -0.2677 -0.0246 0.9632
vn -0.1741 0.2084 -0.9624
vn -0.9261 0.3116 -0.2127
vn -0.9451 0.3096 -0.1043
vn -0.2569 0.2461 -0.9346
vn -0.5229 0.3101 -0.7940
vn -0.8947 0.3190 -0.3126
vn -0.9433 0.2833 0.1728
vn -0.7818 0.1869 0.5949
vn -0.7608 0.3288 -0.5595
vn 0.2832 -0.2947 0.9127
vn 0.0875 -0.5528 0.8287
vn 0.1190 -0.2536 0.9600
vn 0.0844 -0.1793 0.9802
vn 0.1112 -0.4727 0.8742
vn 0.3540 0.0751 0.9322
vn 0.1236 -0.3646 0.9229
vn -0.1202 0.3660 -0.9228
vn -0.2476 0.3476 -0.9044
vn -0.9559 0.0949 -0.2779
vn -0.9413 -0.0601 -0.3323
vn -0.9244 0.2971 -0.2391
vn -0.9099 0.2752 -0.3104
vn -0.4981 0.3146 -0.8080
vn -0.7663 0.2725 -0.5819
vn -0.2654 0.7937 0.5473
vn -0.2694 0.8089 0.5226
vn -0.3688 0.2288 0.9009
vn -0.4393 -0.2518 0.8623
vn -0.2756 -0.2085 0.9384
vn -0.9247 0.2221 -0.3092
vn -0.9644 0.2130 -0.1568
vn -0.9108 0.2654 -0.3163
vn -0.7281 -0.6793 -0.0919
vn -0.8557 -0.5142 -0.0588
vn 0.0770 -0.2318 0.9697
vn 0.0590 -0.1849 0.9810
vn -0.3228 0.8669 0.3798
vn -0.3089 0.8613 0.4034
vn -0.4394 -0.2549 0.8614
vn -0.3683 0.2217 0.9029
vn -0.3910 -0.2178 0.8942
vn -0.3221 -0.2435 0.9149
vn 0.0632 -0.9944 0.0843
vn -0.4670 0.0357 0.8835
vn -0.7613 0.6482 0.0178
vn -0.9638 0.2078 0.1672
vn -0.9268 0.3237 0.1905
vn -0.7510 0.1133 0.6505
vn -0.7939 0.0027 0.6080
vn -0.5285 -0.8339 0.1592
vn 0.2289 -0.7600 -0.6083
vn -0.9519 0.2904 -0.0976
vn -0.9526 0.2861 -0.1033
vn -0.7678 0.6406 0.0123
vn 0.0097 -0.2868 -0.9579
vn 0.4125 -0.5522 -0.7245
vn 0.6344 -0.1243 -0.7630
vn -0.0000 0.1375 -0.9905
vn 0.3008 -0.8980 -0.3212
vn 0.2019 -0.8783 -0.4333
vn -0.0038 -0.9024 -0.4308
vn -0.0073 -0.9702 -0.2424
vn 0.6863 -0.7273 0.0043
vn 0.8432 -0.5174 -0.1461
vn 0.5118 -0.7474 -0.4237
vn 0.4717 -0.7878 -0.3961
vn 0.2250 0.3163 0.9216
vn 0.2573 -0.0073 0.9663
vn 0.4005 0.1323 0.9067
vn 0.2941 0.5188 0.8027
vn 0.7711 -0.3150 -0.5533
vn 0.4735 -0.6886 -0.5492
vn 0.4973 -0.6690 -0.5524
vn 0.7939 -0.3706 -0.4821
vn 0.2125 -0.9523 -0.2188
vn -0.0030 -0.9806 -0.1959
vn 0.2727 -0.2886 0.9178
vn 0.2523 -0.1318 0.9586
vn -0.0000 -0.1371 0.9906
vn -0.0000 -0.2809 0.9597
vn 0.8610 -0.3649 -0.3544
vn 0.5364 -0.6653 -0.5192
vn 0.5084 0.3149 -0.8015
vn 0.4986 0.5260 -0.6890
vn 0.8781 0.3548 -0.3210
vn 0.8948 0.1489 -0.4209
vn -0.0000 0.6044 -0.7967
vn -0.0000 0.3958 -0.9183
vn 0.9553 0.2911 -0.0512
vn 0.9633 0.2431 0.1140
vn 0.9987 0.0248 0.0448
vn 0.9863 0.0744 -0.1473
vn 0.9328 0.1755 0.3146
vn 0.8462 0.0711 0.5281
vn 0.8551 -0.0909 0.5105
vn 0.9700 -0.0255 0.2418
vn -0.0000 -0.0920 -0.9958
vn -0.0000 0.0695 -0.9976
vn 0.5069 0.0114 -0.8619
vn 0.4896 -0.0922 -0.8671
vn 0.8550 -0.0909 0.5106
vn 0.6502 0.0464 0.7584
vn 0.5995 -0.1634 0.7835
vn 0.4525 -0.0319 0.8912
vn 0.3682 -0.2221 0.9028
vn -0.0000 0.2265 -0.9740
vn 0.5292 0.1422 -0.8365
vn 0.3712 0.9029 0.2165
vn -0.0000 0.9756 0.2196
vn -0.0000 0.9469 0.3215
vn 0.3962 0.8671 0.3018
vn 0.9682 -0.2272 -0.1047
vn 0.9630 -0.2357 0.1308
vn 0.9530 -0.2807 0.1142
vn 0.9611 -0.2339 -0.1466
vn 0.9473 -0.2131 -0.2391
vn 0.9439 -0.2303 -0.2368
vn 0.9689 -0.1376 -0.2058
vn 0.9867 -0.1600 -0.0291
vn 0.9666 -0.1702 0.1917
vn 0.8747 -0.1251 -0.4682
vn 0.9414 -0.2088 -0.2648
vn 0.8661 -0.1491 -0.4771
vn 0.8926 -0.0331 -0.4497
vn 0.7840 0.5824 0.2151
vn 0.7652 0.5276 0.3689
vn 0.7727 0.6255 0.1077
vn 0.3798 0.8304 0.4077
vn 0.3120 0.9436 0.1109
vn -0.0000 0.9948 0.1018
vn -0.0000 0.9061 0.4231
vn -0.0000 0.9938 -0.1111
vn 0.1958 0.9773 -0.0803
vn 0.4313 0.8171 -0.3826
vn -0.0000 0.8677 -0.4971
vn -0.0000 0.8467 0.5320
vn 0.3518 0.7680 0.5352
vn 0.7184 0.6913 -0.0777
vn -0.0000 0.3215 0.9469
vn -0.0000 -0.0543 0.9985
vn -0.0000 0.8006 0.5992
vn 0.3152 0.7012 0.6395
vn 0.2714 -0.8331 0.4819
vn -0.0012 -0.8606 0.5093
vn 0.4523 -0.7987 -0.3968
vn 0.4314 -0.8383 -0.3334
vn 0.3511 -0.1000 0.9310
vn 0.2507 -0.4387 0.8629
vn -0.0000 -0.4443 0.8959
vn 0.0006 -0.4898 -0.8718
vn 0.3694 -0.5878 -0.7198
vn 0.5366 -0.6457 -0.5432
vn 0.6143 -0.6191 -0.4892
vn 0.3621 -0.5901 -0.7216
vn 0.6111 -0.6039 -0.5117
vn 0.7304 -0.5462 -0.4101
vn 0.6565 -0.5969 -0.4611
vn 0.6642 -0.6446 -0.3785
vn 0.7944 -0.4805 -0.3715
vn 0.8408 -0.4990 -0.2100
vn 0.6816 -0.6849 -0.2575
vn 0.6950 -0.7137 -0.0876
vn 0.8220 -0.5658 0.0643
vn 0.7420 -0.5745 0.3456
vn 0.0001 -0.5770 -0.8167
vn 0.2546 -0.9533 -0.1623
vn 0.1893 -0.9754 -0.1126
vn -0.0000 -0.9976 -0.0691
vn -0.0000 -0.9949 -0.1011
vn 0.3021 -0.7256 0.6182
vn -0.0000 -0.7767 0.6299
vn -0.0000 -0.4816 -0.8764
vn -0.0001 -0.2945 -0.9557
vn 0.4544 -0.2710 -0.8486
vn 0.3930 -0.4858 -0.7807
vn 0.8091 -0.2946 -0.5084
vn 0.9157 -0.3000 -0.2675
vn 0.8223 -0.4585 -0.3370
vn 0.7028 -0.5062 -0.4999
vn 0.4896 -0.0922 -0.8670
vn 0.8661 -0.1491 -0.4770
vn 0.9471 -0.2616 -0.1861
vn 0.9393 -0.3367 0.0654
vn 0.9185 -0.3911 -0.0587
vn 0.8875 -0.3723 -0.2717
vn 0.8137 -0.4557 0.3609
vn 0.5826 -0.5223 0.6228
vn 0.6369 -0.5408 0.5493
vn 0.8185 -0.5077 0.2689
vn 0.8301 -0.3716 0.4157
vn 0.5703 -0.4549 0.6840
vn -0.0000 -0.0813 -0.9967
vn -0.0000 0.7815 0.6239
vn 0.3027 0.6415 0.7048
vn 0.3710 -0.4811 0.7943
vn 0.2495 -0.4264 0.8695
vn 0.2857 -0.4474 0.8475
vn 0.4529 -0.4936 0.7424
vn 0.3340 -0.4470 0.8298
vn 0.2379 -0.4170 0.8772
vn 0.6443 -0.7503 0.1479
vn 0.4820 -0.7979 0.3621
vn 0.3827 -0.8915 -0.2422
vn 0.5920 -0.5410 0.5973
vn 0.3975 -0.4792 0.7825
vn 0.7029 0.4553 0.5465
vn 0.5957 0.3784 0.7085
vn 0.6502 0.0464 0.7583
vn 0.7105 0.0006 0.7037
vn -0.0000 0.1568 0.9876
vn -0.0000 0.0964 0.9953
vn 0.6394 0.0154 0.7687
vn -0.0000 0.7084 0.7058
vn 0.3045 -0.2663 0.9146
vn 0.5885 0.0538 0.8067
vn -0.0000 0.0319 0.9995
vn -0.0000 0.1152 0.9933
vn 0.4936 0.1699 0.8529
vn 0.2129 -0.4139 0.8851
vn 0.2325 -0.4174 0.8785
vn 0.2104 -0.4083 0.8883
vn 0.4789 0.2716 0.8348
vn 0.2332 -0.3887 0.8914
vn 0.2066 -0.3973 0.8941
vn -0.0000 -0.4045 0.9145
vn 0.3196 0.0427 0.9466
vn -0.0000 -0.0330 0.9995
vn 0.2589 -0.3566 0.8977
vn 0.2547 -0.3737 0.8919
vn 0.3257 -0.3837 0.8641
vn 0.3359 -0.3252 0.8840
vn 0.5644 -0.3699 0.7380
vn 0.5719 -0.2876 0.7683
vn 0.8387 -0.2960 0.4571
vn 0.9530 -0.2807 0.1143
vn 0.9630 -0.2357 0.1309
vn 0.9666 -0.1702 0.1918
vn 0.8482 -0.2212 0.4812
vn 0.8482 -0.2213 0.4813
vn 0.8224 0.0155 0.5687
vn 0.8118 0.2126 0.5439
vn 0.9051 0.3056 0.2956
vn 0.8647 -0.0044 0.5022
vn 0.9108 0.2134 0.3534
vn 0.7942 0.1909 0.5769
vn 0.7852 -0.6139 0.0813
vn 0.8324 -0.5512 0.0578
vn 0.6580 -0.6092 0.4426
vn 0.6074 0.1253 0.7845
vn 0.9575 0.1396 0.2523
vn -0.0000 -0.3996 0.9167
vn 0.7098 0.3015 -0.6366
vn -0.0000 0.4072 -0.9134
vn 0.5172 -0.1341 -0.8453
vn 0.4814 -0.7475 0.4576
vn -0.0143 -0.8064 0.5913
vn -0.0018 -0.3566 0.9342
vn 0.4287 -0.3457 0.8347
vn 0.8885 0.2090 -0.4085
vn 0.9989 0.0002 -0.0477
vn 0.9663 0.1164 -0.2297
vn 0.9674 -0.1392 0.2117
vn 0.7066 -0.3091 0.6365
vn -0.6339 -0.1244 -0.7634
vn -0.4120 -0.5521 -0.7249
vn -0.3050 -0.8948 -0.3260
vn -0.2053 -0.8769 -0.4345
vn -0.6844 -0.7291 0.0081
vn -0.4717 -0.7884 -0.3950
vn -0.5113 -0.7480 -0.4232
vn -0.8433 -0.5178 -0.1441
vn -0.2250 0.3163 0.9216
vn -0.2941 0.5188 0.8027
vn -0.4005 0.1322 0.9067
vn -0.2573 -0.0073 0.9663
vn -0.7706 -0.3150 -0.5540
vn -0.4739 -0.6883 -0.5492
vn -0.7942 -0.3702 -0.4820
vn -0.4984 -0.6683 -0.5523
vn -0.2147 -0.9514 -0.2209
vn -0.2727 -0.2887 0.9178
vn -0.2523 -0.1318 0.9586
vn -0.8609 -0.3649 -0.3544
vn -0.5367 -0.6652 -0.5191
vn -0.5084 0.3149 -0.8015
vn -0.8948 0.1489 -0.4209
vn -0.8781 0.3548 -0.3210
vn -0.4986 0.5260 -0.6890
vn -0.9553 0.2911 -0.0512
vn -0.9863 0.0744 -0.1474
vn -0.9987 0.0248 0.0448
vn -0.9633 0.2431 0.1140
vn -0.9328 0.1755 0.3146
vn -0.9700 -0.0255 0.2418
vn -0.8551 -0.0909 0.5105
vn -0.8462 0.0711 0.5281
vn -0.4896 -0.0922 -0.8671
vn -0.5069 0.0114 -0.8619
vn -0.8550 -0.0909 0.5106
vn -0.5996 -0.1632 0.7835
vn -0.6502 0.0464 0.7584
vn -0.3682 -0.2221 0.9028
vn -0.4525 -0.0319 0.8912
vn -0.5292 0.1423 -0.8365
vn -0.3713 0.9029 0.2165
vn -0.3962 0.8671 0.3018
vn -0.9682 -0.2272 -0.1047
vn -0.9611 -0.2339 -0.1466
vn -0.9530 -0.2807 0.1142
vn -0.9630 -0.2357 0.1308
vn -0.9439 -0.2303 -0.2368
vn -0.9473 -0.2131 -0.2391
vn -0.9867 -0.1600 -0.0291
vn -0.9689 -0.1376 -0.2058
vn -0.9666 -0.1702 0.1917
vn -0.8747 -0.1251 -0.4682
vn -0.8661 -0.1491 -0.4771
vn -0.9414 -0.2088 -0.2648
vn -0.8926 -0.0331 -0.4497
vn -0.7840 0.5824 0.2150
vn -0.7652 0.5276 0.3689
vn -0.7727 0.6255 0.1077
vn -0.3798 0.8304 0.4077
vn -0.3120 0.9436 0.1109
vn -0.4313 0.8171 -0.3826
vn -0.1958 0.9773 -0.0803
vn -0.3518 0.7680 0.5352
vn -0.7184 0.6912 -0.0776
vn -0.3152 0.7012 0.6395
vn -0.2720 -0.8342 0.4796
vn -0.4286 -0.8391 -0.3349
vn -0.4498 -0.7999 -0.3972
vn -0.3511 -0.1000 0.9310
vn -0.2509 -0.4390 0.8627
vn -0.3696 -0.5879 -0.7196
vn -0.5372 -0.6455 -0.5430
vn -0.6146 -0.6190 -0.4890
vn -0.6111 -0.6041 -0.5116
vn -0.3622 -0.5899 -0.7217
vn -0.7304 -0.5462 -0.4101
vn -0.6566 -0.5968 -0.4611
vn -0.6644 -0.6446 -0.3783
vn -0.7943 -0.4805 -0.3716
vn -0.8408 -0.4990 -0.2100
vn -0.6811 -0.6853 -0.2577
vn -0.6943 -0.7143 -0.0882
vn -0.8220 -0.5659 0.0641
vn -0.7419 -0.5746 0.3456
vn -0.2546 -0.9533 -0.1623
vn -0.1893 -0.9754 -0.1126
vn -0.3021 -0.7256 0.6182
vn -0.3931 -0.4855 -0.7809
vn -0.4544 -0.2710 -0.8486
vn -0.8091 -0.2946 -0.5084
vn -0.7028 -0.5062 -0.4998
vn -0.8223 -0.4586 -0.3370
vn -0.9157 -0.3000 -0.2675
vn -0.4896 -0.0922 -0.8670
vn -0.9471 -0.2616 -0.1861
vn -0.8874 -0.3723 -0.2717
vn -0.9185 -0.3910 -0.0587
vn -0.9393 -0.3367 0.0654
vn -0.8137 -0.4557 0.3609
vn -0.8185 -0.5076 0.2689
vn -0.6370 -0.5408 0.5494
vn -0.5826 -0.5223 0.6228
vn -0.8301 -0.3716 0.4157
vn -0.5703 -0.4549 0.6840
vn -0.3027 0.6416 0.7048
vn -0.3710 -0.4811 0.7943
vn -0.4529 -0.4936 0.7424
vn -0.2857 -0.4474 0.8475
vn -0.2495 -0.4264 0.8695
vn -0.3340 -0.4470 0.8298
vn -0.2380 -0.4170 0.8772
vn -0.6432 -0.7516 0.1466
vn -0.3807 -0.8916 -0.2450
vn -0.4811 -0.7995 0.3597
vn -0.5919 -0.5413 0.5972
vn -0.3974 -0.4796 0.7823
vn -0.7029 0.4553 0.5465
vn -0.5957 0.3784 0.7085
vn -0.6502 0.0464 0.7583
vn -0.7105 0.0006 0.7037
vn -0.6394 0.0154 0.7687
vn -0.3045 -0.2663 0.9146
vn -0.5885 0.0538 0.8067
vn -0.4936 0.1699 0.8529
vn -0.2325 -0.4174 0.8785
vn -0.2129 -0.4139 0.8851
vn -0.2104 -0.4083 0.8883
vn -0.4789 0.2716 0.8348
vn -0.2066 -0.3973 0.8941
vn -0.2332 -0.3887 0.8914
vn -0.3196 0.0427 0.9466
vn -0.2589 -0.3566 0.8977
vn -0.2547 -0.3737 0.8919
vn -0.3257 -0.3837 0.8641
vn -0.3359 -0.3252 0.8840
vn -0.5644 -0.3699 0.7380
vn -0.5719 -0.2876 0.7683
vn -0.8387 -0.2960 0.4571
vn -0.9630 -0.2357 0.1309
vn -0.9530 -0.2807 0.1143
vn -0.8482 -0.2212 0.4812
vn -0.9666 -0.1702 0.1918
vn -0.8482 -0.2212 0.4813
vn -0.8224 0.0155 0.5687
vn -0.8647 -0.0044 0.5022
vn -0.9051 0.3056 0.2957
vn -0.8118 0.2126 0.5439
vn -0.9108 0.2134 0.3534
vn -0.8324 -0.5512 0.0578
vn -0.7852 -0.6139 0.0813
vn -0.7942 0.1909 0.5769
vn -0.6580 -0.6092 0.4426
vn -0.6074 0.1253 0.7845
vn -0.9575 0.1396 0.2523
vn -0.7098 0.3016 -0.6366
vn -0.5172 -0.1341 -0.8453
vn -0.4863 -0.7450 0.4566
vn -0.4259 -0.3389 0.8389
vn -0.8885 0.2089 -0.4086
vn -0.9663 0.1163 -0.2298
vn -0.9989 0.0002 -0.0476
vn -0.9673 -0.1388 0.2123
vn -0.7057 -0.3065 0.6387
vn -0.0000 -0.6903 -0.7236
vn -0.0000 0.6903 -0.7236
vn 0.1115 0.6900 -0.7152
vn 0.1115 -0.6900 -0.7152
vn 0.2238 0.6893 -0.6891
vn 0.2238 -0.6893 -0.6891
vn 0.3368 0.6880 -0.6428
vn 0.3368 -0.6880 -0.6428
vn 0.4490 0.6863 -0.5722
vn 0.4490 -0.6863 -0.5722
vn 0.5553 0.6843 -0.4727
vn 0.5553 -0.6843 -0.4727
vn 0.6467 0.6822 -0.3411
vn 0.6467 -0.6822 -0.3411
vn 0.7102 0.6806 -0.1798
vn 0.7102 -0.6806 -0.1798
vn 0.7332 0.6800 -0.0000
vn 0.7332 -0.6800 -0.0000
vn 0.7102 0.6806 0.1798
vn 0.7102 -0.6806 0.1798
vn 0.6467 0.6822 0.3411
vn 0.6467 -0.6822 0.3411
vn 0.5553 0.6843 0.4727
vn 0.5553 -0.6843 0.4727
vn 0.4490 0.6863 0.5722
vn 0.4490 -0.6863 0.5722
vn 0.3368 0.6880 0.6428
vn 0.3368 -0.6880 0.6428
vn 0.2238 0.6893 0.6891
vn 0.2238 -0.6893 0.6891
vn 0.1115 0.6900 0.7152
vn 0.1115 -0.6900 0.7152
vn -0.0000 0.6903 0.7236
vn -0.0000 -0.6903 0.7236
vn -0.1115 0.6900 0.7152
vn -0.1115 -0.6900 0.7152
vn -0.2238 0.6893 0.6891
vn -0.2238 -0.6893 0.6891
vn -0.3368 0.6880 0.6428
vn -0.3368 -0.6880 0.6428
vn -0.4490 0.6863 0.5722
vn -0.4490 -0.6863 0.5722
vn -0.5553 0.6843 0.4727
vn -0.5553 -0.6843 0.4727
vn -0.6467 0.6822 0.3411
vn -0.6467 -0.6822 0.3411
vn -0.7102 0.6806 0.1798
vn -0.7102 -0.6806 0.1798
vn -0.7332 0.6800 -0.0000
vn -0.7332 -0.6800 -0.0000
vn -0.7102 0.6806 -0.1798
vn -0.7102 -0.6806 -0.1798
vn -0.6467 0.6822 -0.3411
vn -0.6467 -0.6822 -0.3411
vn -0.5553 0.6843 -0.4727
vn -0.5553 -0.6843 -0.4727
vn -0.4490 0.6863 -0.5722
vn -0.4490 -0.6863 -0.5722
vn -0.3368 0.6880 -0.6428
vn -0.3368 -0.6880 -0.6428
vn -0.2238 0.6893 -0.6891
vn -0.2238 -0.6893 -0.6891
vn -0.1115 0.6900 -0.7152
vn -0.1115 -0.6900 -0.7152
vn -0.0000 -0.0684 -0.9977
vn -0.0000 -0.0000 -1.0000
vn 0.1358 -0.0000 -0.9907
vn 0.1354 -0.0691 -0.9884
vn -0.0000 0.4622 -0.8868
vn -0.0000 0.5620 -0.8272
vn 0.1117 0.5659 -0.8169
vn 0.1200 0.4659 -0.8766
vn -0.0000 -0.7828 -0.6223
vn -0.0000 -0.6702 -0.7422
vn 0.1000 -0.6739 -0.7320
vn 0.0834 -0.7858 -0.6128
vn -0.0000 -0.1382 -0.9904
vn 0.1344 -0.1396 -0.9810
vn -0.0000 0.3713 -0.9285
vn 0.1258 0.3746 -0.9186
vn -0.0000 -0.8889 -0.4581
vn 0.0610 -0.8907 -0.4505
vn -0.0000 -0.2109 -0.9775
vn 0.1326 -0.2130 -0.9680
vn -0.0000 0.2881 -0.9576
vn 0.1299 0.2908 -0.9479
vn -0.0000 -0.9688 -0.2477
vn 0.0325 -0.9694 -0.2435
vn -0.0000 0.9688 -0.2477
vn -0.0000 1.0000 -0.0000
vn 0.0325 0.9694 -0.2435
vn -0.0000 -0.2881 -0.9576
vn 0.1299 -0.2908 -0.9479
vn -0.0000 0.2109 -0.9775
vn 0.1326 0.2130 -0.9680
vn -0.0000 -1.0000 -0.0000
vn -0.0000 0.8889 -0.4581
vn 0.0610 0.8907 -0.4505
vn -0.0000 -0.3713 -0.9285
vn 0.1258 -0.3746 -0.9186
vn -0.0000 0.1382 -0.9904
vn 0.1344 0.1396 -0.9810
vn -0.0000 0.7828 -0.6223
vn 0.0834 0.7858 -0.6128
vn -0.0000 -0.4622 -0.8868
vn 0.1200 -0.4659 -0.8766
vn -0.0000 0.0684 -0.9977
vn 0.1354 0.0691 -0.9884
vn -0.0000 0.6702 -0.7422
vn 0.1000 0.6739 -0.7320
vn -0.0000 -0.5620 -0.8272
vn 0.1117 -0.5659 -0.8169
vn 0.1656 0.7946 -0.5842
vn 0.1993 0.6849 -0.7009
vn 0.2410 -0.4771 -0.8452
vn 0.2236 -0.5775 -0.7852
vn 0.2738 0.0713 -0.9591
vn 0.2745 -0.0000 -0.9616
vn 0.2236 0.5775 -0.7852
vn 0.1993 -0.6849 -0.7009
vn 0.2738 -0.0713 -0.9591
vn 0.2410 0.4771 -0.8452
vn 0.1656 -0.7946 -0.5842
vn 0.2716 -0.1439 -0.9516
vn 0.2532 0.3845 -0.8877
vn 0.1205 -0.8959 -0.4276
vn 0.2678 -0.2193 -0.9382
vn 0.2618 0.2990 -0.9176
vn 0.0641 -0.9709 -0.2307
vn 0.0641 0.9709 -0.2307
vn 0.2618 -0.2990 -0.9176
vn 0.2678 0.2193 -0.9382
vn 0.1205 0.8959 -0.4277
vn 0.2532 -0.3845 -0.8877
vn 0.2716 0.1439 -0.9516
vn 0.4173 -0.0748 -0.9057
vn 0.4137 -0.1510 -0.8978
vn 0.3631 0.4952 -0.7893
vn 0.3831 0.4008 -0.8322
vn 0.2448 -0.8082 -0.5356
vn 0.1770 -0.9038 -0.3895
vn 0.4072 -0.2298 -0.8839
vn 0.3973 0.3126 -0.8628
vn 0.0939 -0.9733 -0.2095
vn 0.0939 0.9733 -0.2095
vn 0.3973 -0.3127 -0.8628
vn 0.4072 0.2298 -0.8839
vn 0.1770 0.9038 -0.3895
vn 0.3831 -0.4008 -0.8322
vn 0.4137 0.1510 -0.8978
vn 0.2448 0.8082 -0.5356
vn 0.3631 -0.4952 -0.7893
vn 0.4173 0.0748 -0.9057
vn 0.2968 0.7022 -0.6471
vn 0.3352 -0.5962 -0.7295
vn 0.4185 -0.0000 -0.9082
vn 0.3352 0.5962 -0.7295
vn 0.2968 -0.7022 -0.6472
vn 0.1209 0.9762 -0.1803
vn 0.2286 0.9136 -0.3363
vn 0.5357 -0.3313 -0.7767
vn 0.5143 -0.4228 -0.7461
vn 0.5507 0.2443 -0.7981
vn 0.5606 0.1609 -0.8123
vn 0.3188 0.8253 -0.4662
vn 0.4847 -0.5194 -0.7038
vn 0.5663 0.0798 -0.8203
vn 0.3900 0.7244 -0.5684
vn 0.4443 -0.6207 -0.6460
vn 0.5681 -0.0000 -0.8230
vn 0.4443 0.6207 -0.6460
vn 0.3900 -0.7244 -0.5684
vn 0.5663 -0.0798 -0.8203
vn 0.4847 0.5194 -0.7038
vn 0.3188 -0.8253 -0.4662
vn 0.5606 -0.1609 -0.8123
vn 0.5143 0.4228 -0.7461
vn 0.2286 -0.9136 -0.3363
vn 0.5507 -0.2443 -0.7981
vn 0.5357 0.3313 -0.7767
vn 0.1209 -0.9762 -0.1803
vn 0.4748 0.7488 -0.4624
vn 0.5461 0.6484 -0.5305
vn 0.5461 -0.6484 -0.5305
vn 0.4748 -0.7488 -0.4624
vn 0.7190 -0.0000 -0.6950
vn 0.7163 -0.0859 -0.6925
vn 0.6008 0.5474 -0.5826
vn 0.3842 -0.8434 -0.3755
vn 0.7081 -0.1729 -0.6847
vn 0.6419 0.4488 -0.6217
vn 0.2732 -0.9237 -0.2685
vn 0.6937 -0.2618 -0.6710
vn 0.6721 0.3536 -0.6505
vn 0.1440 -0.9791 -0.1435
vn 0.1440 0.9791 -0.1435
vn 0.6721 -0.3536 -0.6505
vn 0.6937 0.2618 -0.6710
vn 0.2732 0.9237 -0.2685
vn 0.6419 -0.4488 -0.6217
vn 0.7081 0.1729 -0.6847
vn 0.3842 0.8434 -0.3755
vn 0.6008 -0.5474 -0.5826
vn 0.7163 0.0859 -0.6925
vn 0.8431 -0.1853 -0.5048
vn 0.8236 -0.2798 -0.4933
vn 0.7547 0.4748 -0.4528
vn 0.7947 0.3762 -0.4763
vn 0.3080 -0.9327 -0.1878
vn 0.1620 -0.9817 -0.1001
vn 0.1620 0.9817 -0.1001
vn 0.7947 -0.3762 -0.4763
vn 0.8236 0.2798 -0.4933
vn 0.3080 0.9327 -0.1878
vn 0.7547 -0.4748 -0.4528
vn 0.8431 0.1853 -0.5048
vn 0.4366 0.8599 -0.2646
vn 0.7014 -0.5748 -0.4215
vn 0.8544 0.0923 -0.5114
vn 0.5446 0.7715 -0.3288
vn 0.6323 -0.6748 -0.3807
vn 0.8581 -0.0000 -0.5135
vn 0.6323 0.6748 -0.3807
vn 0.5446 -0.7715 -0.3288
vn 0.8544 -0.0923 -0.5114
vn 0.7014 0.5748 -0.4215
vn 0.4366 -0.8599 -0.2646
vn 0.3304 0.9389 -0.0968
vn 0.4709 0.8715 -0.1371
vn 0.8351 -0.4947 -0.2405
vn 0.7719 -0.5955 -0.2227
vn 0.9427 0.1952 -0.2707
vn 0.9566 0.0973 -0.2746
vn 0.5915 0.7879 -0.1715
vn 0.6914 -0.6943 -0.1999
vn 0.9612 -0.0000 -0.2759
vn 0.6914 0.6943 -0.1999
vn 0.5915 -0.7879 -0.1715
vn 0.9566 -0.0973 -0.2746
vn 0.7719 0.5955 -0.2227
vn 0.4709 -0.8715 -0.1371
vn 0.9427 -0.1952 -0.2707
vn 0.8351 0.4947 -0.2405
vn 0.3304 -0.9389 -0.0968
vn 0.9186 -0.2940 -0.2640
vn 0.8834 0.3939 -0.2541
vn 0.1736 -0.9835 -0.0515
vn 0.1736 0.9835 -0.0515
vn 0.8834 -0.3939 -0.2541
vn 0.9186 0.2940 -0.2640
vn 0.7127 0.7015 -0.0000
vn 0.7976 0.6032 -0.0000
vn 0.6081 -0.7939 -0.0000
vn 0.4829 -0.8757 -0.0000
vn 0.9951 -0.0993 -0.0000
vn 0.9800 -0.1990 -0.0000
vn 0.8647 0.5023 -0.0000
vn 0.3382 -0.9411 -0.0000
vn 0.9541 -0.2994 -0.0000
vn 0.9162 0.4006 -0.0000
vn 0.1777 -0.9841 -0.0000
vn 0.1777 0.9841 -0.0000
vn 0.9162 -0.4006 -0.0000
vn 0.9541 0.2994 -0.0000
vn 0.3382 0.9411 -0.0000
vn 0.8647 -0.5023 -0.0000
vn 0.9800 0.1990 -0.0000
vn 0.4829 0.8757 -0.0000
vn 0.7976 -0.6032 -0.0000
vn 0.9951 0.0993 -0.0000
vn 0.6081 0.7939 -0.0000
vn 0.7127 -0.7015 -0.0000
vn 1.0000 -0.0000 -0.0000
vn 0.9186 -0.2940 0.2640
vn 0.8834 -0.3939 0.2541
vn 0.8834 0.3939 0.2541
vn 0.9186 0.2940 0.2640
vn 0.1736 -0.9835 0.0515
vn 0.1736 0.9835 0.0515
vn 0.3304 0.9389 0.0968
vn 0.8351 -0.4947 0.2405
vn 0.9427 0.1952 0.2707
vn 0.4709 0.8715 0.1371
vn 0.7719 -0.5955 0.2227
vn 0.9566 0.0973 0.2746
vn 0.5915 0.7879 0.1715
vn 0.6914 -0.6943 0.1999
vn 0.9612 -0.0000 0.2759
vn 0.6914 0.6943 0.1999
vn 0.5915 -0.7879 0.1715
vn 0.9566 -0.0973 0.2746
vn 0.7719 0.5955 0.2227
vn 0.4709 -0.8715 0.1371
vn 0.9427 -0.1952 0.2707
vn 0.8351 0.4947 0.2405
vn 0.3304 -0.9389 0.0968
vn 0.4366 0.8599 0.2646
vn 0.5446 0.7715 0.3288
vn 0.7014 -0.5748 0.4215
vn 0.6323 -0.6748 0.3807
vn 0.8544 0.0923 0.5114
vn 0.8581 -0.0000 0.5135
vn 0.6323 0.6748 0.3807
vn 0.5446 -0.7715 0.3288
vn 0.8544 -0.0923 0.5114
vn 0.7014 0.5748 0.4215
vn 0.4366 -0.8599 0.2646
vn 0.8431 -0.1853 0.5048
vn 0.7547 0.4748 0.4528
vn 0.3080 -0.9327 0.1878
vn 0.8236 -0.2798 0.4933
vn 0.7947 0.3762 0.4763
vn 0.1620 -0.9817 0.1001
vn 0.1620 0.9817 0.1001
vn 0.7947 -0.3762 0.4763
vn 0.8236 0.2798 0.4933
vn 0.3080 0.9327 0.1878
vn 0.7547 -0.4748 0.4528
vn 0.8431 0.1853 0.5048
vn 0.6008 0.5474 0.5826
vn 0.6419 0.4488 0.6217
vn 0.3842 -0.8434 0.3755
vn 0.2731 -0.9237 0.2685
vn 0.7081 -0.1729 0.6847
vn 0.6937 -0.2618 0.6710
vn 0.6721 0.3536 0.6505
vn 0.1440 -0.9791 0.1435
vn 0.1440 0.9791 0.1435
vn 0.6721 -0.3536 0.6505
vn 0.6937 0.2618 0.6710
vn 0.2731 0.9237 0.2685
vn 0.6419 -0.4488 0.6217
vn 0.7081 0.1729 0.6847
vn 0.3842 0.8434 0.3755
vn 0.6008 -0.5474 0.5826
vn 0.7163 0.0859 0.6925
vn 0.4748 0.7488 0.4624
vn 0.5461 -0.6484 0.5305
vn 0.7190 -0.0000 0.6950
vn 0.5461 0.6484 0.5305
vn 0.4748 -0.7488 0.4624
vn 0.7163 -0.0859 0.6925
vn 0.5357 -0.3313 0.7767
vn 0.5143 -0.4228 0.7461
vn 0.5507 0.2443 0.7981
vn 0.5606 0.1609 0.8123
vn 0.2286 0.9136 0.3363
vn 0.3188 0.8253 0.4662
vn 0.4847 -0.5194 0.7038
vn 0.5663 0.0798 0.8203
vn 0.3900 0.7244 0.5684
vn 0.4443 -0.6207 0.6460
vn 0.5681 -0.0000 0.8230
vn 0.4443 0.6207 0.6460
vn 0.3900 -0.7244 0.5684
vn 0.5663 -0.0798 0.8203
vn 0.4847 0.5194 0.7038
vn 0.3188 -0.8253 0.4662
vn 0.5606 -0.1609 0.8123
vn 0.5143 0.4228 0.7461
vn 0.2286 -0.9136 0.3363
vn 0.5507 -0.2443 0.7981
vn 0.5357 0.3313 0.7767
vn 0.1209 -0.9762 0.1803
vn 0.1209 0.9762 0.1803
vn 0.2968 0.7022 0.6471
vn 0.3352 0.5962 0.7295
vn 0.3352 -0.5962 0.7295
vn 0.2968 -0.7022 0.6472
vn 0.4185 -0.0000 0.9082
vn 0.4173 -0.0748 0.9057
vn 0.3631 0.4952 0.7893
vn 0.2448 -0.8082 0.5356
vn 0.4137 -0.1510 0.8978
vn 0.3831 0.4008 0.8322
vn 0.1770 -0.9038 0.3895
vn 0.4072 -0.2298 0.8839
vn 0.3973 0.3126 0.8628
vn 0.0939 -0.9733 0.2095
vn 0.0939 0.9733 0.2095
vn 0.3973 -0.3127 0.8628
vn 0.4072 0.2298 0.8839
vn 0.1770 0.9038 0.3895
vn 0.3831 -0.4008 0.8322
vn 0.4137 0.1510 0.8978
vn 0.2448 0.8082 0.5356
vn 0.3631 -0.4952 0.7893
vn 0.4173 0.0748 0.9057
vn 0.2532 0.3845 0.8877
vn 0.2618 0.2990 0.9176
vn 0.1205 -0.8959 0.4276
vn 0.0641 -0.9709 0.2307
vn 0.0641 0.9709 0.2307
vn 0.2678 -0.2193 0.9382
vn 0.2618 -0.2990 0.9176
vn 0.2678 0.2193 0.9382
vn 0.1205 0.8959 0.4277
vn 0.2532 -0.3845 0.8877
vn 0.2716 0.1439 0.9516
vn 0.1656 0.7946 0.5842
vn 0.2410 -0.4771 0.8452
vn 0.2738 0.0713 0.9591
vn 0.1993 0.6849 0.7009
vn 0.2236 -0.5775 0.7852
vn 0.2745 -0.0000 0.9616
vn 0.2236 0.5775 0.7852
vn 0.1993 -0.6849 0.7009
vn 0.2738 -0.0713 0.9591
vn 0.2410 0.4771 0.8452
vn 0.1656 -0.7946 0.5842
vn 0.2716 -0.1439 0.9516
vn 0.1258 -0.3746 0.9186
vn 0.1200 -0.4659 0.8766
vn 0.1344 0.1396 0.9810
vn 0.1354 0.0691 0.9884
vn 0.0834 0.7858 0.6128
vn 0.1000 0.6739 0.7320
vn 0.1117 -0.5659 0.8169
vn 0.1358 -0.0000 0.9907
vn 0.1117 0.5659 0.8169
vn 0.1000 -0.6739 0.7320
vn 0.1354 -0.0691 0.9884
vn 0.1200 0.4659 0.8766
vn 0.0834 -0.7858 0.6128
vn 0.1344 -0.1396 0.9810
vn 0.1258 0.3746 0.9186
vn 0.0610 -0.8907 0.4505
vn 0.1326 -0.2130 0.9680
vn 0.1299 0.2908 0.9479
vn 0.0325 -0.9694 0.2435
vn 0.0325 0.9694 0.2435
vn 0.1299 -0.2908 0.9479
vn 0.1326 0.2130 0.9680
vn 0.0610 0.8907 0.4505
vn -0.0000 0.5620 0.8272
vn -0.0000 0.4622 0.8868
vn -0.0000 -0.6702 0.7422
vn -0.0000 -0.7828 0.6223
vn -0.0000 -0.0684 0.9977
vn -0.0000 -0.1382 0.9904
vn -0.0000 0.3713 0.9285
vn -0.0000 -0.8889 0.4581
vn -0.0000 -0.2109 0.9775
vn -0.0000 0.2881 0.9576
vn -0.0000 -0.9688 0.2477
vn -0.0000 0.9688 0.2477
vn -0.0000 -0.2881 0.9576
vn -0.0000 0.2109 0.9775
vn -0.0000 0.8889 0.4581
vn -0.0000 -0.3713 0.9285
vn -0.0000 0.1382 0.9904
vn -0.0000 0.7828 0.6223
vn -0.0000 -0.4622 0.8868
vn -0.0000 0.0684 0.9977
vn -0.0000 0.6702 0.7422
vn -0.0000 -0.5620 0.8272
vn -0.0000 -0.0000 1.0000
vn -0.1299 0.2908 0.9479
vn -0.1326 0.2130 0.9680
vn -0.0325 -0.9694 0.2435
vn -0.0325 0.9694 0.2435
vn -0.0610 0.8907 0.4505
vn -0.1299 -0.2908 0.9479
vn -0.1258 -0.3746 0.9186
vn -0.1344 0.1396 0.9810
vn -0.0834 0.7858 0.6128
vn -0.1200 -0.4659 0.8766
vn -0.1354 0.0691 0.9884
vn -0.1000 0.6739 0.7320
vn -0.1117 -0.5659 0.8169
vn -0.1358 -0.0000 0.9907
vn -0.1117 0.5659 0.8169
vn -0.1000 -0.6739 0.7320
vn -0.1354 -0.0691 0.9884
vn -0.1200 0.4659 0.8766
vn -0.0834 -0.7858 0.6128
vn -0.1344 -0.1396 0.9810
vn -0.1258 0.3746 0.9186
vn -0.0610 -0.8907 0.4505
vn -0.1326 -0.2130 0.9680
vn -0.2410 -0.4771 0.8452
vn -0.2236 -0.5775 0.7852
vn -0.2738 0.0713 0.9591
vn -0.2745 -0.0000 0.9616
vn -0.1993 0.6849 0.7009
vn -0.2236 0.5775 0.7852
vn -0.1993 -0.6849 0.7009
vn -0.2738 -0.0713 0.9591
vn -0.2410 0.4771 0.8452
vn -0.1656 -0.7946 0.5842
vn -0.2716 -0.1439 0.9516
vn -0.2532 0.3845 0.8877
vn -0.1205 -0.8959 0.4276
vn -0.2678 -0.2193 0.9382
vn -0.2618 0.2990 0.9176
vn -0.0641 -0.9709 0.2307
vn -0.0641 0.9709 0.2307
vn -0.2618 -0.2990 0.9176
vn -0.2678 0.2193 0.9382
vn -0.1205 0.8959 0.4277
vn -0.2532 -0.3845 0.8877
vn -0.2716 0.1439 0.9516
vn -0.1656 0.7946 0.5842
vn -0.3631 0.4952 0.7893
vn -0.3831 0.4008 0.8322
vn -0.2448 -0.8082 0.5356
vn -0.1770 -0.9038 0.3895
vn -0.4137 -0.1510 0.8978
vn -0.4072 -0.2298 0.8839
vn -0.3973 0.3126 0.8628
vn -0.0939 -0.9733 0.2095
vn -0.0939 0.9733 0.2095
vn -0.3973 -0.3127 0.8628
vn -0.4072 0.2298 0.8839
vn -0.1770 0.9038 0.3895
vn -0.3831 -0.4008 0.8322
vn -0.4137 0.1510 0.8978
vn -0.2448 0.8082 0.5356
vn -0.3631 -0.4952 0.7893
vn -0.4173 0.0748 0.9057
vn -0.2968 0.7022 0.6471
vn -0.3352 -0.5962 0.7295
vn -0.4185 -0.0000 0.9082
vn -0.3352 0.5962 0.7295
vn -0.2968 -0.7022 0.6471
vn -0.4173 -0.0748 0.9057
vn -0.5507 0.2443 0.7981
vn -0.5606 0.1609 0.8123
vn -0.2286 0.9136 0.3363
vn -0.3188 0.8253 0.4662
vn -0.5143 -0.4228 0.7461
vn -0.4847 -0.5194 0.7038
vn -0.5663 0.0798 0.8203
vn -0.3900 0.7244 0.5684
vn -0.4443 -0.6207 0.6460
vn -0.5681 -0.0000 0.8230
vn -0.4443 0.6207 0.6460
vn -0.3900 -0.7244 0.5684
vn -0.5663 -0.0798 0.8203
vn -0.4847 0.5194 0.7038
vn -0.3188 -0.8253 0.4662
vn -0.5606 -0.1609 0.8123
vn -0.5143 0.4228 0.7461
vn -0.2286 -0.9136 0.3363
vn -0.5507 -0.2443 0.7981
vn -0.5357 0.3313 0.7767
vn -0.1209 -0.9762 0.1803
vn -0.1209 0.9762 0.1803
vn -0.5357 -0.3313 0.7767
vn -0.5461 -0.6484 0.5305
vn -0.4748 -0.7488 0.4624
vn -0.7190 -0.0000 0.6950
vn -0.7163 -0.0859 0.6925
vn -0.5461 0.6484 0.5305
vn -0.6008 0.5474 0.5826
vn -0.3842 -0.8434 0.3755
vn -0.7081 -0.1729 0.6847
vn -0.6419 0.4488 0.6217
vn -0.2732 -0.9237 0.2685
vn -0.6937 -0.2618 0.6710
vn -0.6721 0.3536 0.6505
vn -0.1440 -0.9791 0.1435
vn -0.1440 0.9791 0.1435
vn -0.6721 -0.3536 0.6505
vn -0.6937 0.2618 0.6710
vn -0.2731 0.9237 0.2685
vn -0.6419 -0.4488 0.6217
vn -0.7081 0.1729 0.6847
vn -0.3842 0.8434 0.3755
vn -0.6008 -0.5474 0.5826
vn -0.7163 0.0859 0.6925
vn -0.4748 0.7488 0.4624
vn -0.7547 0.4748 0.4528
vn -0.7947 0.3762 0.4763
vn -0.3080 -0.9327 0.1878
vn -0.1620 -0.9817 0.1001
vn -0.1620 0.9817 0.1001
vn -0.8236 -0.2798 0.4933
vn -0.7947 -0.3762 0.4763
vn -0.8236 0.2798 0.4933
vn -0.3080 0.9327 0.1878
vn -0.7547 -0.4748 0.4528
vn -0.8431 0.1853 0.5048
vn -0.4366 0.8599 0.2646
vn -0.7014 -0.5748 0.4215
vn -0.8544 0.0923 0.5114
vn -0.5446 0.7715 0.3288
vn -0.6323 -0.6748 0.3807
vn -0.8581 -0.0000 0.5135
vn -0.6323 0.6748 0.3807
vn -0.5446 -0.7715 0.3288
vn -0.8544 -0.0923 0.5114
vn -0.7014 0.5748 0.4215
vn -0.4366 -0.8599 0.2646
vn -0.8431 -0.1853 0.5048
vn -0.9427 0.1952 0.2707
vn -0.9566 0.0973 0.2746
vn -0.4709 0.8715 0.1371
vn -0.5915 0.7879 0.1715
vn -0.7719 -0.5955 0.2227
vn -0.6914 -0.6943 0.1999
vn -0.9612 -0.0000 0.2759
vn -0.6914 0.6943 0.1999
vn -0.5915 -0.7879 0.1715
vn -0.9566 -0.0973 0.2746
vn -0.7719 0.5955 0.2227
vn -0.4709 -0.8715 0.1371
vn -0.9427 -0.1952 0.2707
vn -0.8351 0.4947 0.2405
vn -0.3304 -0.9389 0.0968
vn -0.9186 -0.2940 0.2640
vn -0.8834 0.3939 0.2541
vn -0.1736 -0.9835 0.0515
vn -0.1736 0.9835 0.0515
vn -0.8834 -0.3939 0.2541
vn -0.9186 0.2940 0.2640
vn -0.3304 0.9389 0.0968
vn -0.8351 -0.4947 0.2405
vn -0.6081 -0.7939 -0.0000
vn -0.4829 -0.8757 -0.0000
vn -0.9951 -0.0993 -0.0000
vn -0.9800 -0.1990 -0.0000
vn -0.7976 0.6032 -0.0000
vn -0.8647 0.5023 -0.0000
vn -0.3382 -0.9411 -0.0000
vn -0.9541 -0.2994 -0.0000
vn -0.9162 0.4006 -0.0000
vn -0.1777 -0.9841 -0.0000
vn -0.1777 0.9841 -0.0000
vn -0.9162 -0.4006 -0.0000
vn -0.9541 0.2994 -0.0000
vn -0.3382 0.9411 -0.0000
vn -0.8647 -0.5023 -0.0000
vn -0.9800 0.1990 -0.0000
vn -0.4829 0.8757 -0.0000
vn -0.7976 -0.6032 -0.0000
vn -0.9951 0.0993 -0.0000
vn -0.6081 0.7939 -0.0000
vn -0.7127 -0.7015 -0.0000
vn -1.0000 -0.0000 -0.0000
vn -0.7127 0.7015 -0.0000
vn -0.8834 0.3939 -0.2541
vn -0.9186 0.2940 -0.2640
vn -0.1736 -0.9835 -0.0515
vn -0.1736 0.9835 -0.0515
vn -0.3304 0.9389 -0.0968
vn -0.8834 -0.3939 -0.2541
vn -0.8351 -0.4947 -0.2405
vn -0.9427 0.1952 -0.2707
vn -0.4709 0.8715 -0.1371
vn -0.7719 -0.5954 -0.2227
vn -0.9566 0.0973 -0.2746
vn -0.5915 0.7879 -0.1715
vn -0.6914 -0.6943 -0.1999
vn -0.9612 -0.0000 -0.2759
vn -0.6914 0.6943 -0.1999
vn -0.5915 -0.7879 -0.1715
vn -0.9566 -0.0973 -0.2746
vn -0.7719 0.5955 -0.2227
vn -0.4709 -0.8715 -0.1371
vn -0.9427 -0.1952 -0.2707
vn -0.8351 0.4947 -0.2405
vn -0.3304 -0.9389 -0.0968
vn -0.9186 -0.2940 -0.2640
vn -0.8544 0.0923 -0.5114
vn -0.8581 -0.0000 -0.5135
vn -0.5446 0.7715 -0.3288
vn -0.6323 0.6748 -0.3807
vn -0.6323 -0.6748 -0.3807
vn -0.5446 -0.7715 -0.3288
vn -0.8544 -0.0923 -0.5114
vn -0.7014 0.5748 -0.4215
vn -0.4366 -0.8599 -0.2646
vn -0.8431 -0.1853 -0.5048
vn -0.7547 0.4748 -0.4528
vn -0.3080 -0.9327 -0.1878
vn -0.8236 -0.2798 -0.4933
vn -0.7947 0.3762 -0.4763
vn -0.1620 -0.9817 -0.1001
vn -0.1620 0.9817 -0.1001
vn -0.7947 -0.3762 -0.4763
vn -0.8236 0.2798 -0.4933
vn -0.3080 0.9327 -0.1878
vn -0.7547 -0.4748 -0.4528
vn -0.8431 0.1853 -0.5048
vn -0.4366 0.8599 -0.2646
vn -0.7014 -0.5748 -0.4215
vn -0.3842 -0.8434 -0.3755
vn -0.2731 -0.9237 -0.2685
vn -0.7081 -0.1729 -0.6847
vn -0.6937 -0.2618 -0.6710
vn -0.6419 0.4488 -0.6217
vn -0.6721 0.3536 -0.6505
vn -0.1440 -0.9791 -0.1435
vn -0.1440 0.9791 -0.1435
vn -0.6721 -0.3536 -0.6505
vn -0.6937 0.2618 -0.6710
vn -0.2731 0.9237 -0.2685
vn -0.6419 -0.4488 -0.6217
vn -0.7081 0.1729 -0.6847
vn -0.3842 0.8434 -0.3755
vn -0.6008 -0.5474 -0.5826
vn -0.7163 0.0859 -0.6925
vn -0.4748 0.7488 -0.4624
vn -0.5461 -0.6484 -0.5305
vn -0.7190 -0.0000 -0.6950
vn -0.5461 0.6484 -0.5305
vn -0.4748 -0.7488 -0.4624
vn -0.7163 -0.0859 -0.6925
vn -0.6008 0.5474 -0.5826
vn -0.5507 0.2443 -0.7981
vn -0.5606 0.1609 -0.8123
vn -0.2286 0.9136 -0.3363
vn -0.3188 0.8253 -0.4662
vn -0.5143 -0.4228 -0.7461
vn -0.4847 -0.5194 -0.7038
vn -0.5663 0.0798 -0.8203
vn -0.3901 0.7244 -0.5684
vn -0.4443 -0.6207 -0.6460
vn -0.5681 -0.0000 -0.8230
vn -0.4443 0.6207 -0.6460
vn -0.3900 -0.7244 -0.5684
vn -0.5663 -0.0798 -0.8203
vn -0.4847 0.5194 -0.7038
vn -0.3188 -0.8253 -0.4662
vn -0.5606 -0.1609 -0.8123
vn -0.5143 0.4228 -0.7461
vn -0.2286 -0.9136 -0.3363
vn -0.5507 -0.2443 -0.7981
vn -0.5357 0.3313 -0.7767
vn -0.1209 -0.9762 -0.1803
vn -0.1209 0.9762 -0.1803
vn -0.5357 -0.3313 -0.7767
vn -0.4185 -0.0000 -0.9082
vn -0.4173 -0.0748 -0.9057
vn -0.3352 0.5962 -0.7295
vn -0.3631 0.4952 -0.7893
vn -0.2968 -0.7022 -0.6472
vn -0.2448 -0.8082 -0.5356
vn -0.4137 -0.1510 -0.8978
vn -0.3831 0.4008 -0.8322
vn -0.1770 -0.9038 -0.3895
vn -0.4072 -0.2298 -0.8839
vn -0.3973 0.3126 -0.8628
vn -0.0939 -0.9733 -0.2095
vn -0.0939 0.9733 -0.2095
vn -0.3973 -0.3126 -0.8628
vn -0.4072 0.2298 -0.8839
vn -0.1770 0.9038 -0.3895
vn -0.3831 -0.4008 -0.8322
vn -0.4137 0.1510 -0.8978
vn -0.2448 0.8082 -0.5356
vn -0.3631 -0.4952 -0.7893
vn -0.4173 0.0748 -0.9057
vn -0.2968 0.7022 -0.6471
vn -0.3352 -0.5962 -0.7295
vn -0.1205 -0.8959 -0.4276
vn -0.0641 -0.9709 -0.2307
vn -0.0641 0.9709 -0.2307
vn -0.2678 -0.2193 -0.9382
vn -0.2618 -0.2990 -0.9176
vn -0.2618 0.2990 -0.9176
vn -0.2678 0.2193 -0.9382
vn -0.1205 0.8959 -0.4277
vn -0.2532 -0.3845 -0.8877
vn -0.2716 0.1439 -0.9516
vn -0.1656 0.7946 -0.5842
vn -0.2410 -0.4771 -0.8452
vn -0.2738 0.0713 -0.9591
vn -0.1993 0.6849 -0.7009
vn -0.2236 -0.5775 -0.7852
vn -0.2745 -0.0000 -0.9616
vn -0.2236 0.5775 -0.7852
vn -0.1993 -0.6849 -0.7009
vn -0.2738 -0.0713 -0.9591
vn -0.2410 0.4771 -0.8452
vn -0.1656 -0.7946 -0.5842
vn -0.2716 -0.1439 -0.9516
vn -0.2532 0.3845 -0.8877
vn -0.1344 0.1396 -0.9810
vn -0.1354 0.0691 -0.9884
vn -0.0834 0.7858 -0.6128
vn -0.1000 0.6739 -0.7320
vn -0.1200 -0.4659 -0.8766
vn -0.1117 -0.5659 -0.8169
vn -0.1358 -0.0000 -0.9907
vn -0.1117 0.5659 -0.8169
vn -0.1000 -0.6739 -0.7320
vn -0.1354 -0.0691 -0.9884
vn -0.1200 0.4659 -0.8766
vn -0.0834 -0.7858 -0.6128
vn -0.1344 -0.1396 -0.9810
vn -0.1258 0.3746 -0.9186
vn -0.0610 -0.8907 -0.4505
vn -0.1326 -0.2130 -0.9680
vn -0.1299 0.2908 -0.9479
vn -0.0325 -0.9694 -0.2435
vn -0.0325 0.9694 -0.2435
vn -0.1299 -0.2908 -0.9479
vn -0.1326 0.2130 -0.9680
vn -0.0610 0.8907 -0.4505
vn -0.1258 -0.3746 -0.9186
vn -0.0000 0.5825 -0.8128
vn -0.0000 0.7147 -0.6994
vn 0.1048 0.7195 -0.6866
vn 0.1225 0.5878 -0.7997
vn -0.0000 -0.9558 -0.2941
vn -0.0000 -0.8480 -0.5301
vn 0.0787 -0.8511 -0.5191
vn 0.0428 -0.9568 -0.2877
vn -0.0000 -0.1666 -0.9860
vn -0.0000 -0.0821 -0.9966
vn 0.1513 -0.0832 -0.9850
vn 0.1496 -0.1689 -0.9742
vn -0.0000 0.4616 -0.8871
vn 0.1341 0.4667 -0.8742
vn -0.0000 -0.2561 -0.9666
vn 0.1466 -0.2595 -0.9545
vn -0.0000 0.3535 -0.9354
vn 0.1417 0.3579 -0.9229
vn -0.0000 -0.3535 -0.9354
vn 0.1417 -0.3579 -0.9229
vn -0.0000 0.2561 -0.9666
vn 0.1466 0.2595 -0.9545
vn -0.0000 -0.4616 -0.8871
vn 0.1341 -0.4667 -0.8742
vn -0.0000 0.1666 -0.9860
vn 0.1496 0.1689 -0.9742
vn -0.0000 0.9558 -0.2941
vn 0.0428 0.9568 -0.2877
vn -0.0000 -0.5825 -0.8128
vn 0.1225 -0.5878 -0.7997
vn -0.0000 0.0821 -0.9966
vn 0.1513 0.0832 -0.9850
vn -0.0000 0.8480 -0.5301
vn 0.0787 0.8511 -0.5191
vn -0.0000 -0.7147 -0.6994
vn 0.1048 -0.7195 -0.6866
vn 0.1518 -0.0000 -0.9884
vn 0.2970 -0.2698 -0.9160
vn 0.2863 -0.3710 -0.8834
vn 0.2863 0.3710 -0.8834
vn 0.2970 0.2698 -0.9160
vn 0.2699 -0.4819 -0.8336
vn 0.3037 0.1759 -0.9364
vn 0.0842 0.9596 -0.2684
vn 0.2452 -0.6035 -0.7587
vn 0.3074 0.0867 -0.9476
vn 0.1554 0.8600 -0.4860
vn 0.2084 -0.7332 -0.6472
vn 0.3086 -0.0000 -0.9512
vn 0.2084 0.7333 -0.6472
vn 0.1554 -0.8600 -0.4860
vn 0.3074 -0.0867 -0.9476
vn 0.2452 0.6035 -0.7587
vn 0.0842 -0.9596 -0.2684
vn 0.3037 -0.1759 -0.9364
vn 0.2699 0.4819 -0.8336
vn 0.3670 -0.6285 -0.6858
vn 0.3087 -0.7546 -0.5791
vn 0.4716 0.0927 -0.8769
vn 0.4737 -0.0000 -0.8807
vn 0.2277 0.8735 -0.4304
vn 0.3087 0.7546 -0.5791
vn 0.2277 -0.8735 -0.4304
vn 0.4716 -0.0927 -0.8769
vn 0.3670 0.6285 -0.6858
vn 0.1229 -0.9639 -0.2364
vn 0.4652 -0.1876 -0.8651
vn 0.4075 0.5065 -0.7598
vn 0.4535 -0.2869 -0.8438
vn 0.4351 0.3927 -0.8102
vn 0.4351 -0.3927 -0.8102
vn 0.4535 0.2869 -0.8438
vn 0.4075 -0.5065 -0.7598
vn 0.4652 0.1876 -0.8651
vn 0.1229 0.9639 -0.2364
vn 0.6327 -0.2036 -0.7471
vn 0.6142 -0.3100 -0.7257
vn 0.5435 0.5385 -0.6439
vn 0.5855 0.4214 -0.6925
vn 0.5855 -0.4214 -0.6925
vn 0.6142 0.3100 -0.7257
vn 0.5435 -0.5385 -0.6439
vn 0.6327 0.2036 -0.7471
vn 0.1569 0.9688 -0.1920
vn 0.4838 -0.6599 -0.5749
vn 0.6431 0.1009 -0.7591
vn 0.2924 0.8893 -0.3517
vn 0.4015 -0.7805 -0.4792
vn 0.6465 -0.0000 -0.7629
vn 0.4015 0.7805 -0.4792
vn 0.2924 -0.8893 -0.3517
vn 0.6431 -0.1009 -0.7591
vn 0.4838 0.6599 -0.5749
vn 0.1569 -0.9688 -0.1920
vn 0.7945 0.2219 -0.5653
vn 0.8100 0.1103 -0.5760
vn 0.1843 0.9734 -0.1362
vn 0.3450 0.9045 -0.2508
vn 0.5862 -0.6924 -0.4206
vn 0.4798 -0.8063 -0.3460
vn 0.8150 -0.0000 -0.5795
vn 0.4798 0.8063 -0.3460
vn 0.3450 -0.9045 -0.2508
vn 0.8100 -0.1103 -0.5760
vn 0.5862 0.6924 -0.4206
vn 0.1843 -0.9734 -0.1362
vn 0.7945 -0.2219 -0.5653
vn 0.6668 0.5728 -0.4767
vn 0.7672 -0.3360 -0.5464
vn 0.7257 0.4531 -0.5177
vn 0.7257 -0.4531 -0.5177
vn 0.7672 0.3360 -0.5464
vn 0.6668 -0.5728 -0.4767
vn 0.6592 0.7178 -0.2241
vn 0.7574 0.6004 -0.2565
vn 0.2024 -0.9767 -0.0710
vn 0.9206 -0.2376 -0.3098
vn 0.8848 -0.3580 -0.2982
vn 0.8315 0.4794 -0.2808
vn 0.8315 -0.4794 -0.2808
vn 0.8848 0.3580 -0.2982
vn 0.7574 -0.6004 -0.2565
vn 0.9206 0.2376 -0.3098
vn 0.2024 0.9767 -0.0710
vn 0.6592 -0.7178 -0.2241
vn 0.9412 0.1184 -0.3165
vn 0.3803 0.9155 -0.1311
vn 0.5337 -0.8257 -0.1825
vn 0.9479 -0.0000 -0.3187
vn 0.5337 0.8257 -0.1825
vn 0.3803 -0.9155 -0.1311
vn 0.9412 -0.1184 -0.3165
vn 0.2089 0.9779 -0.0000
vn 0.7915 -0.6112 -0.0000
vn 0.6861 -0.7275 -0.0000
vn 0.9698 0.2440 -0.0000
vn 0.9926 0.1218 -0.0000
vn 0.3928 0.9196 -0.0000
vn 0.5532 -0.8331 -0.0000
vn 0.5532 0.8331 -0.0000
vn 0.3928 -0.9196 -0.0000
vn 0.9926 -0.1218 -0.0000
vn 0.6861 0.7275 -0.0000
vn 0.2089 -0.9779 -0.0000
vn 0.9698 -0.2440 -0.0000
vn 0.7915 0.6112 -0.0000
vn 0.9303 -0.3669 -0.0000
vn 0.8718 0.4898 -0.0000
vn 0.8718 -0.4898 -0.0000
vn 0.9303 0.3669 -0.0000
vn 0.9412 -0.1184 0.3165
vn 0.9206 -0.2376 0.3098
vn 0.6592 0.7178 0.2241
vn 0.7574 0.6004 0.2565
vn 0.2024 -0.9767 0.0710
vn 0.8848 -0.3580 0.2982
vn 0.8315 0.4794 0.2808
vn 0.8315 -0.4794 0.2808
vn 0.8848 0.3580 0.2982
vn 0.7574 -0.6004 0.2565
vn 0.9206 0.2376 0.3098
vn 0.2024 0.9767 0.0710
vn 0.6592 -0.7178 0.2241
vn 0.9412 0.1184 0.3165
vn 0.3803 0.9155 0.1311
vn 0.5337 -0.8257 0.1825
vn 0.9479 -0.0000 0.3187
vn 0.5337 0.8257 0.1825
vn 0.3803 -0.9155 0.1311
vn 0.7672 0.3360 0.5464
vn 0.7945 0.2219 0.5653
vn 0.1843 0.9734 0.1362
vn 0.6668 -0.5728 0.4767
vn 0.5862 -0.6924 0.4206
vn 0.8100 0.1103 0.5760
vn 0.3450 0.9045 0.2508
vn 0.4798 -0.8063 0.3460
vn 0.8150 -0.0000 0.5795
vn 0.4798 0.8063 0.3460
vn 0.3450 -0.9045 0.2508
vn 0.8100 -0.1103 0.5760
vn 0.5862 0.6924 0.4206
vn 0.1843 -0.9734 0.1362
vn 0.7945 -0.2219 0.5653
vn 0.6668 0.5728 0.4767
vn 0.7672 -0.3360 0.5464
vn 0.7257 0.4531 0.5177
vn 0.7257 -0.4531 0.5177
vn 0.4015 0.7805 0.4792
vn 0.4838 0.6599 0.5749
vn 0.2924 -0.8893 0.3517
vn 0.1569 -0.9688 0.1920
vn 0.6431 -0.1009 0.7591
vn 0.6327 -0.2036 0.7471
vn 0.5435 0.5385 0.6439
vn 0.6142 -0.3100 0.7257
vn 0.5855 0.4214 0.6925
vn 0.5855 -0.4214 0.6925
vn 0.6142 0.3100 0.7257
vn 0.5435 -0.5385 0.6439
vn 0.6327 0.2036 0.7471
vn 0.1569 0.9688 0.1920
vn 0.4838 -0.6599 0.5749
vn 0.6431 0.1009 0.7591
vn 0.2924 0.8893 0.3517
vn 0.4015 -0.7805 0.4792
vn 0.6465 -0.0000 0.7629
vn 0.4351 -0.3927 0.8102
vn 0.4075 -0.5065 0.7598
vn 0.4535 0.2869 0.8438
vn 0.4652 0.1876 0.8651
vn 0.1229 0.9639 0.2364
vn 0.3670 -0.6285 0.6858
vn 0.4716 0.0927 0.8769
vn 0.2277 0.8735 0.4304
vn 0.3087 -0.7546 0.5791
vn 0.4737 -0.0000 0.8807
vn 0.3087 0.7546 0.5791
vn 0.2277 -0.8735 0.4304
vn 0.4716 -0.0927 0.8769
vn 0.3670 0.6285 0.6858
vn 0.1229 -0.9639 0.2364
vn 0.4652 -0.1876 0.8651
vn 0.4075 0.5065 0.7598
vn 0.4535 -0.2869 0.8438
vn 0.4351 0.3927 0.8102
vn 0.2084 -0.7332 0.6472
vn 0.1554 -0.8600 0.4860
vn 0.3086 -0.0000 0.9512
vn 0.3074 -0.0867 0.9476
vn 0.2084 0.7332 0.6472
vn 0.2452 0.6035 0.7587
vn 0.0842 -0.9596 0.2684
vn 0.3037 -0.1759 0.9364
vn 0.2699 0.4819 0.8336
vn 0.2970 -0.2698 0.9160
vn 0.2863 0.3710 0.8834
vn 0.2863 -0.3710 0.8834
vn 0.2970 0.2698 0.9160
vn 0.2699 -0.4819 0.8336
vn 0.3037 0.1759 0.9364
vn 0.0842 0.9596 0.2684
vn 0.2452 -0.6035 0.7587
vn 0.3074 0.0867 0.9476
vn 0.1554 0.8600 0.4860
vn 0.1466 -0.2595 0.9545
vn 0.1417 -0.3579 0.9229
vn 0.1417 0.3579 0.9229
vn 0.1466 0.2595 0.9545
vn 0.1341 -0.4667 0.8742
vn 0.1496 0.1689 0.9742
vn 0.0428 0.9568 0.2877
vn 0.1225 -0.5878 0.7997
vn 0.1513 0.0832 0.9850
vn 0.0787 0.8511 0.5191
vn 0.1048 -0.7195 0.6866
vn 0.1518 -0.0000 0.9884
vn 0.1048 0.7195 0.6866
vn 0.0787 -0.8511 0.5191
vn 0.1513 -0.0832 0.9850
vn 0.1225 0.5878 0.7997
vn 0.0428 -0.9568 0.2877
vn 0.1496 -0.1689 0.9742
vn 0.1341 0.4667 0.8742
vn -0.0000 0.0821 0.9966
vn -0.0000 0.8480 0.5301
vn -0.0000 0.7147 0.6994
vn -0.0000 -0.7147 0.6994
vn -0.0000 -0.8480 0.5301
vn -0.0000 -0.0821 0.9966
vn -0.0000 0.5825 0.8128
vn -0.0000 -0.9558 0.2941
vn -0.0000 -0.1666 0.9860
vn -0.0000 0.4616 0.8871
vn -0.0000 -0.2561 0.9666
vn -0.0000 0.3535 0.9354
vn -0.0000 -0.3535 0.9354
vn -0.0000 0.2561 0.9666
vn -0.0000 -0.4616 0.8871
vn -0.0000 0.1666 0.9860
vn -0.0000 0.9558 0.2941
vn -0.0000 -0.5825 0.8128
vn -0.1341 0.4667 0.8742
vn -0.1417 0.3579 0.9229
vn -0.1466 -0.2595 0.9545
vn -0.1417 -0.3579 0.9229
vn -0.1466 0.2595 0.9545
vn -0.1341 -0.4667 0.8742
vn -0.1496 0.1689 0.9742
vn -0.0428 0.9568 0.2877
vn -0.1225 -0.5878 0.7997
vn -0.1513 0.0832 0.9850
vn -0.0787 0.8511 0.5191
vn -0.1048 -0.7195 0.6866
vn -0.1518 -0.0000 0.9884
vn -0.1048 0.7195 0.6866
vn -0.0787 -0.8511 0.5191
vn -0.1513 -0.0832 0.9850
vn -0.1225 0.5878 0.7997
vn -0.0428 -0.9568 0.2877
vn -0.1496 -0.1689 0.9742
vn -0.0842 0.9596 0.2684
vn -0.1554 0.8600 0.4860
vn -0.2452 -0.6035 0.7587
vn -0.2084 -0.7332 0.6472
vn -0.3074 0.0867 0.9476
vn -0.3086 -0.0000 0.9512
vn -0.2084 0.7333 0.6472
vn -0.1554 -0.8600 0.4860
vn -0.3074 -0.0867 0.9476
vn -0.2452 0.6035 0.7587
vn -0.0842 -0.9596 0.2684
vn -0.3037 -0.1759 0.9364
vn -0.2699 0.4819 0.8336
vn -0.2970 -0.2698 0.9160
vn -0.2863 0.3710 0.8834
vn -0.2863 -0.3710 0.8834
vn -0.2970 0.2698 0.9160
vn -0.2699 -0.4819 0.8336
vn -0.3037 0.1759 0.9364
vn -0.4652 -0.1876 0.8651
vn -0.4535 -0.2869 0.8438
vn -0.4075 0.5065 0.7598
vn -0.4351 0.3927 0.8102
vn -0.4351 -0.3927 0.8102
vn -0.4535 0.2869 0.8438
vn -0.4075 -0.5065 0.7598
vn -0.4652 0.1876 0.8651
vn -0.1229 0.9639 0.2364
vn -0.3670 -0.6285 0.6858
vn -0.4716 0.0927 0.8769
vn -0.2277 0.8735 0.4304
vn -0.3087 -0.7546 0.5791
vn -0.4737 -0.0000 0.8807
vn -0.3087 0.7546 0.5791
vn -0.2277 -0.8735 0.4304
vn -0.4716 -0.0927 0.8769
vn -0.3670 0.6285 0.6858
vn -0.1229 -0.9639 0.2364
vn -0.6327 0.2036 0.7471
vn -0.6431 0.1009 0.7591
vn -0.1569 0.9688 0.1920
vn -0.2924 0.8893 0.3517
vn -0.4838 -0.6599 0.5749
vn -0.4015 -0.7805 0.4792
vn -0.6465 -0.0000 0.7629
vn -0.4015 0.7805 0.4792
vn -0.2924 -0.8893 0.3517
vn -0.6431 -0.1009 0.7591
vn -0.4838 0.6599 0.5749
vn -0.1569 -0.9688 0.1920
vn -0.6327 -0.2036 0.7471
vn -0.5435 0.5385 0.6439
vn -0.6142 -0.3100 0.7257
vn -0.5855 0.4214 0.6925
vn -0.5855 -0.4214 0.6925
vn -0.6142 0.3100 0.7257
vn -0.5435 -0.5385 0.6439
vn -0.5862 0.6924 0.4206
vn -0.6668 0.5728 0.4767
vn -0.1843 -0.9734 0.1362
vn -0.7945 -0.2219 0.5653
vn -0.7672 -0.3360 0.5464
vn -0.7257 0.4531 0.5177
vn -0.7257 -0.4531 0.5177
vn -0.7672 0.3360 0.5464
vn -0.6668 -0.5728 0.4767
vn -0.7945 0.2219 0.5653
vn -0.1843 0.9734 0.1362
vn -0.5862 -0.6924 0.4206
vn -0.8100 0.1103 0.5760
vn -0.3450 0.9045 0.2508
vn -0.4798 -0.8063 0.3460
vn -0.8150 -0.0000 0.5795
vn -0.4798 0.8063 0.3460
vn -0.3450 -0.9045 0.2508
vn -0.8100 -0.1103 0.5760
vn -0.2024 0.9767 0.0710
vn -0.7574 -0.6004 0.2565
vn -0.6592 -0.7178 0.2241
vn -0.9206 0.2376 0.3098
vn -0.9412 0.1184 0.3165
vn -0.3803 0.9155 0.1311
vn -0.5337 -0.8257 0.1825
vn -0.9479 -0.0000 0.3187
vn -0.5337 0.8257 0.1825
vn -0.3803 -0.9155 0.1311
vn -0.9412 -0.1184 0.3165
vn -0.6592 0.7178 0.2241
vn -0.2024 -0.9767 0.0710
vn -0.9206 -0.2376 0.3098
vn -0.7574 0.6004 0.2565
vn -0.8848 -0.3580 0.2982
vn -0.8315 0.4794 0.2808
vn -0.8315 -0.4794 0.2808
vn -0.8848 0.3580 0.2982
vn -0.3928 -0.9196 -0.0000
vn -0.2089 -0.9779 -0.0000
vn -0.9926 -0.1218 -0.0000
vn -0.9698 -0.2440 -0.0000
vn -0.6861 0.7275 -0.0000
vn -0.7915 0.6112 -0.0000
vn -0.9303 -0.3669 -0.0000
vn -0.8718 0.4898 -0.0000
vn -0.8718 -0.4898 -0.0000
vn -0.9303 0.3669 -0.0000
vn -0.7915 -0.6112 -0.0000
vn -0.9698 0.2440 -0.0000
vn -0.2089 0.9779 -0.0000
vn -0.6861 -0.7275 -0.0000
vn -0.9926 0.1218 -0.0000
vn -0.3928 0.9196 -0.0000
vn -0.5532 -0.8331 -0.0000
vn -0.5532 0.8331 -0.0000
vn -0.8315 -0.4794 -0.2808
vn -0.7574 -0.6004 -0.2565
vn -0.8848 0.3580 -0.2982
vn -0.9206 0.2376 -0.3098
vn -0.2024 0.9767 -0.0710
vn -0.6592 -0.7178 -0.2241
vn -0.9412 0.1184 -0.3165
vn -0.3803 0.9155 -0.1311
vn -0.5337 -0.8257 -0.1825
vn -0.9479 -0.0000 -0.3187
vn -0.5337 0.8257 -0.1825
vn -0.3803 -0.9155 -0.1311
vn -0.9412 -0.1184 -0.3165
vn -0.6592 0.7178 -0.2241
vn -0.2024 -0.9767 -0.0710
vn -0.9206 -0.2376 -0.3098
vn -0.7574 0.6004 -0.2565
vn -0.8848 -0.3580 -0.2982
vn -0.8315 0.4794 -0.2808
vn -0.8150 -0.0000 -0.5795
vn -0.8100 -0.1103 -0.5760
vn -0.4798 0.8063 -0.3460
vn -0.5862 0.6924 -0.4206
vn -0.3450 -0.9045 -0.2508
vn -0.1843 -0.9734 -0.1362
vn -0.7945 -0.2219 -0.5653
vn -0.6668 0.5728 -0.4767
vn -0.7672 -0.3360 -0.5464
vn -0.7257 0.4531 -0.5177
vn -0.7257 -0.4531 -0.5177
vn -0.7672 0.3360 -0.5464
vn -0.6668 -0.5728 -0.4767
vn -0.7945 0.2219 -0.5653
vn -0.1843 0.9734 -0.1362
vn -0.5862 -0.6924 -0.4206
vn -0.8100 0.1103 -0.5760
vn -0.3450 0.9045 -0.2508
vn -0.4798 -0.8063 -0.3460
vn -0.5855 0.4214 -0.6925
vn -0.6142 0.3100 -0.7257
vn -0.5855 -0.4214 -0.6925
vn -0.5435 -0.5385 -0.6439
vn -0.6327 0.2036 -0.7471
vn -0.1569 0.9688 -0.1920
vn -0.4838 -0.6599 -0.5749
vn -0.6431 0.1009 -0.7591
vn -0.2924 0.8893 -0.3517
vn -0.4015 -0.7805 -0.4792
vn -0.6465 -0.0000 -0.7629
vn -0.4015 0.7805 -0.4792
vn -0.2924 -0.8893 -0.3517
vn -0.6431 -0.1009 -0.7591
vn -0.4838 0.6599 -0.5749
vn -0.1569 -0.9688 -0.1920
vn -0.6327 -0.2036 -0.7471
vn -0.5435 0.5385 -0.6439
vn -0.6142 -0.3100 -0.7257
vn -0.2277 0.8735 -0.4304
vn -0.3087 0.7546 -0.5791
vn -0.3087 -0.7546 -0.5791
vn -0.2277 -0.8735 -0.4304
vn -0.4737 -0.0000 -0.8807
vn -0.4716 -0.0927 -0.8769
vn -0.3670 0.6285 -0.6858
vn -0.1229 -0.9639 -0.2364
vn -0.4652 -0.1876 -0.8651
vn -0.4075 0.5065 -0.7598
vn -0.4535 -0.2869 -0.8438
vn -0.4351 0.3927 -0.8102
vn -0.4351 -0.3927 -0.8102
vn -0.4535 0.2869 -0.8438
vn -0.4075 -0.5065 -0.7598
vn -0.4652 0.1876 -0.8651
vn -0.1229 0.9639 -0.2364
vn -0.3670 -0.6285 -0.6858
vn -0.4716 0.0927 -0.8769
vn -0.2970 -0.2698 -0.9160
vn -0.2863 -0.3710 -0.8834
vn -0.2863 0.3710 -0.8834
vn -0.2970 0.2698 -0.9160
vn -0.2699 -0.4819 -0.8336
vn -0.3037 0.1759 -0.9364
vn -0.0842 0.9596 -0.2684
vn -0.2452 -0.6035 -0.7587
vn -0.3074 0.0867 -0.9476
vn -0.1554 0.8600 -0.4860
vn -0.2084 -0.7332 -0.6472
vn -0.3086 -0.0000 -0.9512
vn -0.2084 0.7333 -0.6472
vn -0.1554 -0.8600 -0.4860
vn -0.3074 -0.0867 -0.9476
vn -0.2452 0.6035 -0.7587
vn -0.0842 -0.9596 -0.2684
vn -0.3037 -0.1759 -0.9364
vn -0.2699 0.4819 -0.8336
vn -0.1513 0.0832 -0.9850
vn -0.1518 -0.0000 -0.9884
vn -0.0787 0.8511 -0.5191
vn -0.1048 0.7195 -0.6866
vn -0.1048 -0.7195 -0.6866
vn -0.0787 -0.8511 -0.5191
vn -0.1513 -0.0832 -0.9850
vn -0.1225 0.5878 -0.7997
vn -0.0428 -0.9568 -0.2877
vn -0.1496 -0.1689 -0.9742
vn -0.1341 0.4667 -0.8742
vn -0.1466 -0.2595 -0.9545
vn -0.1417 0.3579 -0.9229
vn -0.1417 -0.3579 -0.9229
vn -0.1466 0.2595 -0.9545
vn -0.1341 -0.4667 -0.8742
vn -0.1496 0.1689 -0.9742
vn -0.0428 0.9568 -0.2877
vn -0.1225 -0.5878 -0.7997
vn -0.5774 -0.5774 0.5774
vn -0.5774 0.5774 0.5774
vn -0.5774 0.5774 -0.5774
vn -0.5774 -0.5774 -0.5774
vn 0.5774 0.5774 -0.5774
vn 0.5774 -0.5774 -0.5774
vn 0.5774 0.5774 0.5774
vn 0.5774 -0.5774 0.5774
vn -0.0000 0.9868 -0.1618
vn 0.0396 0.9869 -0.1563
vn -0.0000 -0.9868 -0.1618
vn 0.0396 -0.9869 -0.1563
vn -0.0000 -0.2408 -0.9706
vn 0.2473 -0.0000 -0.9689
vn 0.2399 -0.2415 -0.9403
vn -0.0000 0.9482 -0.3177
vn 0.0781 0.9485 -0.3071
vn -0.0000 -0.4590 -0.8884
vn 0.2194 -0.4601 -0.8603
vn -0.0000 0.8808 -0.4735
vn 0.1165 0.8814 -0.4577
vn -0.0000 -0.6401 -0.7683
vn 0.1895 -0.6413 -0.7435
vn -0.0000 0.7799 -0.6259
vn 0.1542 0.7808 -0.6054
vn -0.0000 -0.7799 -0.6259
vn 0.1542 -0.7808 -0.6054
vn -0.0000 0.6401 -0.7683
vn 0.1895 0.6413 -0.7435
vn -0.0000 -0.8808 -0.4735
vn 0.1165 -0.8814 -0.4577
vn -0.0000 0.4590 -0.8884
vn 0.2194 0.4601 -0.8603
vn -0.0000 -0.9482 -0.3177
vn 0.0780 -0.9485 -0.3071
vn -0.0000 0.2408 -0.9706
vn 0.2399 0.2415 -0.9403
vn 0.4268 0.4633 -0.7767
vn 0.4673 0.2435 -0.8499
vn 0.1510 -0.9493 -0.2758
vn 0.0767 -0.9871 -0.1404
vn 0.4819 -0.0000 -0.8762
vn 0.0767 0.9871 -0.1404
vn 0.4673 -0.2435 -0.8499
vn 0.1510 0.9493 -0.2758
vn 0.4268 -0.4633 -0.7767
vn 0.2255 0.8831 -0.4114
vn 0.3680 -0.6446 -0.6701
vn 0.2989 0.7835 -0.5448
vn 0.2989 -0.7835 -0.5448
vn 0.3680 0.6446 -0.6701
vn 0.2255 -0.8831 -0.4114
vn 0.6094 -0.4676 -0.6402
vn 0.5243 -0.6491 -0.5512
vn 0.3200 0.8854 -0.3370
vn 0.4249 0.7871 -0.4471
vn 0.4249 -0.7871 -0.4471
vn 0.5243 0.6491 -0.5512
vn 0.3200 -0.8854 -0.3370
vn 0.6094 0.4676 -0.6402
vn 0.2141 -0.9504 -0.2257
vn 0.6685 0.2462 -0.7018
vn 0.1088 -0.9874 -0.1149
vn 0.6898 -0.0000 -0.7240
vn 0.1088 0.9874 -0.1149
vn 0.6685 -0.2462 -0.7018
vn 0.2141 0.9504 -0.2257
vn 0.2628 -0.9515 -0.1600
vn 0.1335 -0.9877 -0.0815
vn 0.8282 0.2490 -0.5020
vn 0.8552 -0.0000 -0.5183
vn 0.1335 0.9877 -0.0815
vn 0.8282 -0.2490 -0.5020
vn 0.2628 0.9515 -0.1600
vn 0.7537 -0.4721 -0.4572
vn 0.3933 0.8878 -0.2391
vn 0.6469 -0.6537 -0.3927
vn 0.5231 0.7908 -0.3178
vn 0.5231 -0.7908 -0.3178
vn 0.6469 0.6537 -0.3927
vn 0.3933 -0.8878 -0.2391
vn 0.7537 0.4721 -0.4572
vn 0.7255 -0.6572 -0.2044
vn 0.5857 -0.7935 -0.1652
vn 0.5857 0.7935 -0.1652
vn 0.7255 0.6572 -0.2044
vn 0.4397 -0.8895 -0.1241
vn 0.8468 0.4755 -0.2384
vn 0.2936 -0.9523 -0.0829
vn 0.9318 0.2512 -0.2621
vn 0.1492 -0.9879 -0.0422
vn 0.9627 -0.0000 -0.2707
vn 0.1492 0.9879 -0.0422
vn 0.9318 -0.2512 -0.2621
vn 0.2936 0.9523 -0.0829
vn 0.8468 -0.4755 -0.2384
vn 0.4397 0.8895 -0.1241
vn 0.1546 0.9880 -0.0000
vn 0.1546 -0.9880 -0.0000
vn 0.9677 -0.2519 -0.0000
vn 0.3041 0.9526 -0.0000
vn 0.8791 -0.4767 -0.0000
vn 0.4557 0.8901 -0.0000
vn 0.7526 -0.6584 -0.0000
vn 0.6073 0.7945 -0.0000
vn 0.6073 -0.7945 -0.0000
vn 0.7526 0.6584 -0.0000
vn 0.4557 -0.8901 -0.0000
vn 0.8791 0.4767 -0.0000
vn 0.3041 -0.9526 -0.0000
vn 0.9677 0.2519 -0.0000
vn 0.5857 0.7935 0.1652
vn 0.7255 0.6572 0.2044
vn 0.5857 -0.7935 0.1652
vn 0.4397 -0.8895 0.1241
vn 0.8468 0.4755 0.2384
vn 0.2936 -0.9523 0.0829
vn 0.9318 0.2512 0.2621
vn 0.1492 -0.9879 0.0422
vn 0.9627 -0.0000 0.2707
vn 0.1492 0.9879 0.0422
vn 0.9318 -0.2512 0.2621
vn 0.2936 0.9523 0.0829
vn 0.8468 -0.4755 0.2384
vn 0.4397 0.8895 0.1241
vn 0.7255 -0.6572 0.2044
vn 0.8552 -0.0000 0.5183
vn 0.8282 -0.2490 0.5020
vn 0.1335 0.9877 0.0815
vn 0.2628 0.9515 0.1600
vn 0.7537 -0.4721 0.4572
vn 0.3933 0.8878 0.2391
vn 0.6469 -0.6537 0.3927
vn 0.5231 0.7908 0.3178
vn 0.5231 -0.7908 0.3178
vn 0.6469 0.6537 0.3927
vn 0.3933 -0.8878 0.2391
vn 0.7537 0.4721 0.4572
vn 0.2628 -0.9515 0.1600
vn 0.8282 0.2490 0.5020
vn 0.1335 -0.9877 0.0815
vn 0.4249 -0.7871 0.4471
vn 0.3200 -0.8854 0.3370
vn 0.5243 0.6491 0.5512
vn 0.6094 0.4676 0.6402
vn 0.2141 -0.9504 0.2257
vn 0.6685 0.2462 0.7018
vn 0.1088 -0.9874 0.1149
vn 0.6898 -0.0000 0.7240
vn 0.1088 0.9874 0.1149
vn 0.6685 -0.2462 0.7018
vn 0.2141 0.9504 0.2257
vn 0.6094 -0.4676 0.6402
vn 0.3200 0.8854 0.3370
vn 0.5243 -0.6491 0.5512
vn 0.4249 0.7871 0.4471
vn 0.0767 0.9871 0.1404
vn 0.1510 0.9493 0.2758
vn 0.4673 -0.2435 0.8499
vn 0.4268 -0.4633 0.7767
vn 0.2255 0.8831 0.4114
vn 0.3680 -0.6446 0.6701
vn 0.2989 0.7835 0.5448
vn 0.2989 -0.7835 0.5448
vn 0.3680 0.6446 0.6701
vn 0.2255 -0.8831 0.4114
vn 0.4268 0.4633 0.7767
vn 0.1510 -0.9493 0.2758
vn 0.4673 0.2435 0.8499
vn 0.0767 -0.9871 0.1404
vn 0.4819 -0.0000 0.8762
vn 0.1895 0.6413 0.7435
vn 0.2194 0.4601 0.8603
vn 0.1165 -0.8814 0.4577
vn 0.0780 -0.9485 0.3071
vn 0.2399 0.2415 0.9403
vn 0.0396 -0.9869 0.1563
vn 0.2473 -0.0000 0.9689
vn 0.0397 0.9869 0.1563
vn 0.2399 -0.2415 0.9403
vn 0.0781 0.9485 0.3071
vn 0.2194 -0.4601 0.8603
vn 0.1165 0.8814 0.4577
vn 0.1895 -0.6413 0.7435
vn 0.1542 0.7808 0.6054
vn 0.1542 -0.7808 0.6054
vn -0.0000 -0.2408 0.9706
vn -0.0000 -0.4590 0.8884
vn -0.0000 0.9482 0.3177
vn -0.0000 0.8808 0.4735
vn -0.0000 -0.6401 0.7683
vn -0.0000 0.7799 0.6259
vn -0.0000 -0.7799 0.6259
vn -0.0000 0.6401 0.7683
vn -0.0000 -0.8808 0.4735
vn -0.0000 0.4590 0.8884
vn -0.0000 -0.9482 0.3177
vn -0.0000 0.2408 0.9706
vn -0.0000 -0.9868 0.1618
vn -0.0000 0.9868 0.1618
vn -0.1165 -0.8814 0.4577
vn -0.0780 -0.9485 0.3071
vn -0.2194 0.4601 0.8603
vn -0.2399 0.2415 0.9403
vn -0.0396 -0.9869 0.1563
vn -0.2473 -0.0000 0.9689
vn -0.0396 0.9869 0.1563
vn -0.2399 -0.2415 0.9403
vn -0.0781 0.9485 0.3071
vn -0.2194 -0.4601 0.8603
vn -0.1165 0.8814 0.4577
vn -0.1895 -0.6413 0.7435
vn -0.1542 0.7808 0.6054
vn -0.1542 -0.7808 0.6054
vn -0.1895 0.6413 0.7435
vn -0.4268 -0.4633 0.7767
vn -0.3680 -0.6446 0.6701
vn -0.2255 0.8831 0.4114
vn -0.2989 0.7835 0.5448
vn -0.2989 -0.7835 0.5448
vn -0.3680 0.6446 0.6701
vn -0.2255 -0.8831 0.4114
vn -0.4268 0.4633 0.7767
vn -0.1510 -0.9493 0.2758
vn -0.4673 0.2435 0.8499
vn -0.0767 -0.9871 0.1404
vn -0.4819 -0.0000 0.8762
vn -0.0767 0.9871 0.1404
vn -0.4673 -0.2435 0.8499
vn -0.1510 0.9493 0.2758
vn -0.2141 -0.9504 0.2257
vn -0.1088 -0.9874 0.1149
vn -0.6685 0.2462 0.7018
vn -0.6898 -0.0000 0.7240
vn -0.1088 0.9874 0.1149
vn -0.6685 -0.2462 0.7018
vn -0.2141 0.9504 0.2257
vn -0.6094 -0.4676 0.6402
vn -0.3200 0.8854 0.3370
vn -0.5243 -0.6491 0.5512
vn -0.4249 0.7871 0.4471
vn -0.4249 -0.7871 0.4471
vn -0.5243 0.6491 0.5512
vn -0.3200 -0.8854 0.3370
vn -0.6094 0.4676 0.6402
vn -0.3933 0.8878 0.2391
vn -0.5231 0.7908 0.3178
vn -0.6469 -0.6537 0.3927
vn -0.5231 -0.7908 0.3178
vn -0.6469 0.6537 0.3927
vn -0.3933 -0.8878 0.2391
vn -0.7537 0.4721 0.4572
vn -0.2628 -0.9515 0.1600
vn -0.8282 0.2490 0.5020
vn -0.1335 -0.9877 0.0815
vn -0.8552 -0.0000 0.5183
vn -0.1335 0.9877 0.0815
vn -0.8282 -0.2490 0.5020
vn -0.2628 0.9515 0.1600
vn -0.7537 -0.4721 0.4572
vn -0.9318 0.2512 0.2621
vn -0.9627 -0.0000 0.2707
vn -0.1492 0.9879 0.0422
vn -0.1492 -0.9879 0.0422
vn -0.9318 -0.2512 0.2621
vn -0.2936 0.9523 0.0829
vn -0.8468 -0.4755 0.2384
vn -0.4397 0.8895 0.1241
vn -0.7255 -0.6572 0.2044
vn -0.5857 0.7935 0.1652
vn -0.5857 -0.7935 0.1652
vn -0.7255 0.6572 0.2044
vn -0.4397 -0.8895 0.1241
vn -0.8468 0.4755 0.2384
vn -0.2936 -0.9523 0.0829
vn -0.7526 -0.6584 -0.0000
vn -0.6073 -0.7945 -0.0000
vn -0.6073 0.7945 -0.0000
vn -0.7526 0.6584 -0.0000
vn -0.4557 -0.8901 -0.0000
vn -0.8791 0.4767 -0.0000
vn -0.3041 -0.9526 -0.0000
vn -0.9677 0.2519 -0.0000
vn -0.1546 -0.9880 -0.0000
vn -0.1546 0.9880 -0.0000
vn -0.9677 -0.2519 -0.0000
vn -0.3042 0.9526 -0.0000
vn -0.8791 -0.4767 -0.0000
vn -0.4557 0.8901 -0.0000
vn -0.1492 0.9879 -0.0422
vn -0.1492 -0.9879 -0.0422
vn -0.9627 -0.0000 -0.2707
vn -0.9318 -0.2512 -0.2621
vn -0.2936 0.9523 -0.0829
vn -0.8468 -0.4755 -0.2384
vn -0.4397 0.8895 -0.1241
vn -0.7255 -0.6572 -0.2044
vn -0.5858 0.7935 -0.1652
vn -0.5857 -0.7935 -0.1652
vn -0.7255 0.6572 -0.2044
vn -0.4397 -0.8895 -0.1241
vn -0.8468 0.4755 -0.2384
vn -0.2936 -0.9523 -0.0829
vn -0.9318 0.2512 -0.2621
vn -0.5232 0.7908 -0.3178
vn -0.6469 0.6537 -0.3927
vn -0.5231 -0.7908 -0.3178
vn -0.3933 -0.8878 -0.2391
vn -0.7537 0.4721 -0.4572
vn -0.2628 -0.9515 -0.1600
vn -0.8282 0.2490 -0.5020
vn -0.1335 -0.9877 -0.0815
vn -0.8552 -0.0000 -0.5183
vn -0.1335 0.9877 -0.0815
vn -0.8282 -0.2490 -0.5020
vn -0.2628 0.9515 -0.1600
vn -0.7537 -0.4721 -0.4572
vn -0.3933 0.8878 -0.2391
vn -0.6469 -0.6537 -0.3927
vn -0.6898 -0.0000 -0.7240
vn -0.6685 -0.2462 -0.7018
vn -0.1088 0.9874 -0.1149
vn -0.2141 0.9504 -0.2257
vn -0.6094 -0.4676 -0.6402
vn -0.3200 0.8854 -0.3370
vn -0.5243 -0.6491 -0.5512
vn -0.4249 0.7871 -0.4471
vn -0.4249 -0.7871 -0.4471
vn -0.5243 0.6491 -0.5512
vn -0.3200 -0.8854 -0.3370
vn -0.6094 0.4676 -0.6402
vn -0.2141 -0.9504 -0.2257
vn -0.6685 0.2462 -0.7018
vn -0.1088 -0.9874 -0.1149
vn -0.2989 -0.7835 -0.5448
vn -0.2255 -0.8831 -0.4114
vn -0.3680 0.6446 -0.6701
vn -0.4268 0.4633 -0.7767
vn -0.1510 -0.9493 -0.2758
vn -0.4673 0.2435 -0.8499
vn -0.0767 -0.9871 -0.1404
vn -0.4819 -0.0000 -0.8762
vn -0.0767 0.9871 -0.1404
vn -0.4673 -0.2435 -0.8499
vn -0.1510 0.9493 -0.2758
vn -0.4268 -0.4633 -0.7767
vn -0.2255 0.8831 -0.4114
vn -0.3680 -0.6446 -0.6701
vn -0.2989 0.7835 -0.5448
vn -0.2399 -0.2415 -0.9403
vn -0.2194 -0.4601 -0.8603
vn -0.0780 0.9485 -0.3071
vn -0.1165 0.8814 -0.4577
vn -0.1895 -0.6413 -0.7435
vn -0.1542 0.7808 -0.6054
vn -0.1542 -0.7808 -0.6054
vn -0.1895 0.6413 -0.7435
vn -0.1165 -0.8814 -0.4577
vn -0.2194 0.4601 -0.8603
vn -0.0780 -0.9485 -0.3071
vn -0.2399 0.2415 -0.9403
vn -0.0396 -0.9869 -0.1563
vn -0.2473 -0.0000 -0.9689
vn -0.0396 0.9869 -0.1563
vn -0.0000 0.2474 -0.9689
vn -0.0000 -0.2474 0.9689
vn -0.0000 -0.9689 -0.2474
vn -0.0000 0.9689 0.2475
vn -0.9239 -0.0000 0.3827
vn -0.3708 0.2474 -0.8952
vn 0.9239 -0.0000 -0.3827
vn 0.3708 -0.2474 0.8952
vn -0.0947 -0.9689 -0.2286
vn 0.0947 0.9689 0.2286
vn -0.7071 -0.0000 0.7071
vn -0.6851 0.2474 -0.6851
vn 0.7071 -0.0000 -0.7071
vn 0.6851 -0.2474 0.6851
vn -0.1749 -0.9689 -0.1749
vn 0.1749 0.9689 0.1749
vn -0.3827 -0.0000 0.9239
vn -0.8952 0.2474 -0.3708
vn 0.3827 -0.0000 -0.9239
vn 0.8952 -0.2474 0.3708
vn -0.2286 -0.9689 -0.0947
vn 0.2286 0.9689 0.0947
vn -0.9689 0.2474 -0.0000
vn 0.9689 -0.2474 -0.0000
vn -0.2474 -0.9689 -0.0000
vn 0.2474 0.9689 -0.0000
vn 0.3827 -0.0000 0.9239
vn -0.8952 0.2474 0.3708
vn -0.3827 -0.0000 -0.9239
vn 0.8952 -0.2474 -0.3708
vn -0.2286 -0.9689 0.0947
vn 0.2286 0.9689 -0.0947
vn 0.7071 -0.0000 0.7071
vn -0.6851 0.2474 0.6851
vn -0.7071 -0.0000 -0.7071
vn 0.6851 -0.2474 -0.6851
vn -0.1750 -0.9689 0.1749
vn 0.1749 0.9689 -0.1749
vn 0.9239 -0.0000 0.3827
vn -0.3708 0.2474 0.8952
vn -0.9239 -0.0000 -0.3827
vn 0.3708 -0.2474 -0.8952
vn -0.0947 -0.9689 0.2285
vn 0.0947 0.9689 -0.2286
vn -0.0000 0.2474 0.9689
vn -0.0000 -0.2474 -0.9689
vn -0.0000 -0.9689 0.2474
vn -0.0000 0.9689 -0.2474
vn 0.3708 0.2474 0.8952
vn -0.3708 -0.2474 -0.8952
vn 0.0947 -0.9689 0.2286
vn -0.0947 0.9689 -0.2286
vn 0.6851 0.2474 0.6851
vn -0.6851 -0.2474 -0.6851
vn 0.1749 -0.9689 0.1749
vn -0.1749 0.9689 -0.1750
vn 0.8952 0.2474 0.3708
vn -0.8952 -0.2474 -0.3708
vn 0.2286 -0.9689 0.0947
vn -0.2285 0.9689 -0.0947
vn 0.9689 0.2474 -0.0000
vn -0.9689 -0.2474 -0.0000
vn 0.2474 -0.9689 -0.0000
vn -0.2475 0.9689 -0.0000
vn 0.8952 0.2474 -0.3708
vn -0.8952 -0.2474 0.3708
vn 0.2286 -0.9689 -0.0947
vn -0.2286 0.9689 0.0947
vn 0.6851 0.2474 -0.6851
vn -0.6851 -0.2474 0.6851
vn 0.1749 -0.9689 -0.1749
vn -0.1749 0.9689 0.1749
vn 0.3708 0.2474 -0.8952
vn -0.3708 -0.2474 0.8952
vn 0.0947 -0.9689 -0.2286
vn -0.0947 0.9689 0.2286
vt 0.608107 0.984542
vt 0.671583 0.985518
vt 0.546583 0.986495
vt 0.516310 0.985518
vt 0.424513 0.984542
vt 0.702833 0.985518
vt 0.484083 0.985518
vt 0.452833 0.985518
vt 0.640333 0.984542
vt 0.580763 0.982589
vt 1.000000 0.500000
vt 1.000000 1.000000
vt 0.968750 1.000000
vt 0.968750 0.500000
vt 0.937500 1.000000
vt 0.937500 0.500000
vt 0.906250 1.000000
vt 0.906250 0.500000
vt 0.875000 1.000000
vt 0.875000 0.500000
vt 0.843750 1.000000
vt 0.843750 0.500000
vt 0.812500 1.000000
vt 0.812500 0.500000
vt 0.781250 1.000000
vt 0.781250 0.500000
vt 0.750000 1.000000
vt 0.750000 0.500000
vt 0.718750 1.000000
vt 0.718750 0.500000
vt 0.687500 1.000000
vt 0.687500 0.500000
vt 0.656250 1.000000
vt 0.656250 0.500000
vt 0.625000 1.000000
vt 0.625000 0.500000
vt 0.593750 1.000000
vt 0.593750 0.500000
vt 0.562500 1.000000
vt 0.562500 0.500000
vt 0.531250 1.000000
vt 0.531250 0.500000
vt 0.500000 1.000000
vt 0.500000 0.500000
vt 0.468750 1.000000
vt 0.468750 0.500000
vt 0.437500 1.000000
vt 0.437500 0.500000
vt 0.406250 1.000000
vt 0.406250 0.500000
vt 0.375000 1.000000
vt 0.375000 0.500000
vt 0.343750 1.000000
vt 0.343750 0.500000
vt 0.312500 1.000000
vt 0.312500 0.500000
vt 0.281250 1.000000
vt 0.281250 0.500000
vt 0.250000 1.000000
vt 0.250000 0.500000
vt 0.218750 1.000000
vt 0.218750 0.500000
vt 0.187500 1.000000
vt 0.187500 0.500000
vt 0.156250 1.000000
vt 0.156250 0.500000
vt 0.125000 1.000000
vt 0.125000 0.500000
vt 0.093750 1.000000
vt 0.093750 0.500000
vt 0.062500 1.000000
vt 0.062500 0.500000
vt 0.296822 0.485388
vt 0.250000 0.490000
vt 0.203178 0.485388
vt 0.158156 0.471731
vt 0.116663 0.449553
vt 0.080294 0.419706
vt 0.050447 0.383337
vt 0.028269 0.341844
vt 0.014612 0.296822
vt 0.010000 0.250000
vt 0.014612 0.203178
vt 0.028269 0.158156
vt 0.050447 0.116663
vt 0.080294 0.080294
vt 0.116663 0.050447
vt 0.158156 0.028269
vt 0.203178 0.014612
vt 0.250000 0.010000
vt 0.296822 0.014612
vt 0.341844 0.028269
vt 0.383337 0.050447
vt 0.419706 0.080294
vt 0.449553 0.116663
vt 0.471731 0.158156
vt 0.485388 0.203178
vt 0.490000 0.250000
vt 0.485388 0.296822
vt 0.471731 0.341844
vt 0.449553 0.383337
vt 0.419706 0.419706
vt 0.383337 0.449553
vt 0.341844 0.471731
vt 0.031250 1.000000
vt 0.031250 0.500000
vt 0.000000 1.000000
vt 0.000000 0.500000
vt 0.750000 0.490000
vt 0.796822 0.485388
vt 0.841844 0.471731
vt 0.883337 0.449553
vt 0.919706 0.419706
vt 0.949553 0.383337
vt 0.971731 0.341844
vt 0.985388 0.296822
vt 0.990000 0.250000
vt 0.985388 0.203178
vt 0.971731 0.158156
vt 0.949553 0.116663
vt 0.919706 0.080294
vt 0.883337 0.050447
vt 0.841844 0.028269
vt 0.796822 0.014612
vt 0.750000 0.010000
vt 0.703178 0.014612
vt 0.658156 0.028269
vt 0.616663 0.050447
vt 0.580294 0.080294
vt 0.550447 0.116663
vt 0.528269 0.158156
vt 0.514612 0.203178
vt 0.510000 0.250000
vt 0.514612 0.296822
vt 0.528269 0.341844
vt 0.550447 0.383337
vt 0.580294 0.419706
vt 0.616663 0.449553
vt 0.658156 0.471731
vt 0.703178 0.485388
vt 0.750000 0.458333
vt 0.718750 0.458333
vt 0.750000 0.750000
vt 0.750000 0.791667
vt 0.718750 0.791667
vt 0.718750 0.750000
vt 0.750000 0.125000
vt 0.750000 0.166667
vt 0.718750 0.166667
vt 0.718750 0.125000
vt 0.750000 0.416667
vt 0.718750 0.416667
vt 0.750000 0.708333
vt 0.718750 0.708333
vt 0.750000 0.083333
vt 0.718750 0.083333
vt 0.750000 0.375000
vt 0.718750 0.375000
vt 0.750000 0.666667
vt 0.718750 0.666667
vt 0.750000 0.041667
vt 0.718750 0.041667
vt 0.750000 0.958333
vt 0.734375 1.000000
vt 0.718750 0.958333
vt 0.750000 0.333333
vt 0.718750 0.333333
vt 0.750000 0.625000
vt 0.718750 0.625000
vt 0.734375 0.000000
vt 0.750000 0.916667
vt 0.718750 0.916667
vt 0.750000 0.291667
vt 0.718750 0.291667
vt 0.750000 0.583333
vt 0.718750 0.583333
vt 0.750000 0.875000
vt 0.718750 0.875000
vt 0.750000 0.250000
vt 0.718750 0.250000
vt 0.750000 0.541667
vt 0.718750 0.541667
vt 0.750000 0.833333
vt 0.718750 0.833333
vt 0.750000 0.208333
vt 0.718750 0.208333
vt 0.687500 0.875000
vt 0.687500 0.833333
vt 0.687500 0.250000
vt 0.687500 0.208333
vt 0.687500 0.541667
vt 0.687500 0.791667
vt 0.687500 0.166667
vt 0.687500 0.458333
vt 0.687500 0.750000
vt 0.687500 0.125000
vt 0.687500 0.416667
vt 0.687500 0.708333
vt 0.687500 0.083333
vt 0.687500 0.375000
vt 0.687500 0.666667
vt 0.687500 0.041667
vt 0.703125 1.000000
vt 0.687500 0.958333
vt 0.687500 0.333333
vt 0.687500 0.625000
vt 0.703125 0.000000
vt 0.687500 0.916667
vt 0.687500 0.291667
vt 0.687500 0.583333
vt 0.656250 0.458333
vt 0.656250 0.416667
vt 0.656250 0.750000
vt 0.656250 0.708333
vt 0.656250 0.125000
vt 0.656250 0.083333
vt 0.656250 0.375000
vt 0.656250 0.666667
vt 0.656250 0.041667
vt 0.671875 1.000000
vt 0.656250 0.958333
vt 0.656250 0.333333
vt 0.656250 0.625000
vt 0.671875 0.000000
vt 0.656250 0.916667
vt 0.656250 0.291667
vt 0.656250 0.583333
vt 0.656250 0.875000
vt 0.656250 0.250000
vt 0.656250 0.541667
vt 0.656250 0.833333
vt 0.656250 0.208333
vt 0.656250 0.791667
vt 0.656250 0.166667
vt 0.625000 0.958333
vt 0.625000 0.916667
vt 0.625000 0.333333
vt 0.625000 0.291667
vt 0.625000 0.625000
vt 0.625000 0.583333
vt 0.625000 0.875000
vt 0.625000 0.250000
vt 0.625000 0.541667
vt 0.625000 0.833333
vt 0.625000 0.208333
vt 0.625000 0.791667
vt 0.625000 0.166667
vt 0.625000 0.458333
vt 0.625000 0.750000
vt 0.625000 0.125000
vt 0.625000 0.416667
vt 0.625000 0.708333
vt 0.625000 0.083333
vt 0.625000 0.375000
vt 0.625000 0.666667
vt 0.625000 0.041667
vt 0.640625 1.000000
vt 0.640625 0.000000
vt 0.593750 0.833333
vt 0.593750 0.791667
vt 0.593750 0.208333
vt 0.593750 0.166667
vt 0.593750 0.458333
vt 0.593750 0.750000
vt 0.593750 0.125000
vt 0.593750 0.416667
vt 0.593750 0.708333
vt 0.593750 0.083333
vt 0.593750 0.375000
vt 0.593750 0.666667
vt 0.593750 0.041667
vt 0.609375 1.000000
vt 0.593750 0.958333
vt 0.593750 0.333333
vt 0.593750 0.625000
vt 0.609375 0.000000
vt 0.593750 0.916667
vt 0.593750 0.291667
vt 0.593750 0.583333
vt 0.593750 0.875000
vt 0.593750 0.250000
vt 0.593750 0.541667
vt 0.562500 0.416667
vt 0.562500 0.375000
vt 0.562500 0.708333
vt 0.562500 0.666667
vt 0.562500 0.083333
vt 0.562500 0.041667
vt 0.578125 1.000000
vt 0.562500 0.958333
vt 0.562500 0.333333
vt 0.562500 0.625000
vt 0.578125 0.000000
vt 0.562500 0.916667
vt 0.562500 0.291667
vt 0.562500 0.583333
vt 0.562500 0.875000
vt 0.562500 0.250000
vt 0.562500 0.541667
vt 0.562500 0.833333
vt 0.562500 0.208333
vt 0.562500 0.791667
vt 0.562500 0.166667
vt 0.562500 0.458333
vt 0.562500 0.750000
vt 0.562500 0.125000
vt 0.531250 0.916667
vt 0.531250 0.875000
vt 0.531250 0.291667
vt 0.531250 0.250000
vt 0.531250 0.583333
vt 0.531250 0.541667
vt 0.531250 0.833333
vt 0.531250 0.208333
vt 0.531250 0.791667
vt 0.531250 0.166667
vt 0.531250 0.458333
vt 0.531250 0.750000
vt 0.531250 0.125000
vt 0.531250 0.416667
vt 0.531250 0.708333
vt 0.531250 0.083333
vt 0.531250 0.375000
vt 0.531250 0.666667
vt 0.531250 0.041667
vt 0.546875 1.000000
vt 0.531250 0.958333
vt 0.531250 0.333333
vt 0.531250 0.625000
vt 0.546875 0.000000
vt 0.500000 0.791667
vt 0.500000 0.750000
vt 0.500000 0.166667
vt 0.500000 0.125000
vt 0.500000 0.458333
vt 0.500000 0.416667
vt 0.500000 0.708333
vt 0.500000 0.083333
vt 0.500000 0.375000
vt 0.500000 0.666667
vt 0.500000 0.041667
vt 0.515625 1.000000
vt 0.500000 0.958333
vt 0.500000 0.333333
vt 0.500000 0.625000
vt 0.515625 0.000000
vt 0.500000 0.916667
vt 0.500000 0.291667
vt 0.500000 0.583333
vt 0.500000 0.875000
vt 0.500000 0.250000
vt 0.500000 0.541667
vt 0.500000 0.833333
vt 0.500000 0.208333
vt 0.468750 0.375000
vt 0.468750 0.333333
vt 0.468750 0.666667
vt 0.468750 0.625000
vt 0.484375 0.000000
vt 0.468750 0.041667
vt 0.468750 0.958333
vt 0.468750 0.916667
vt 0.468750 0.291667
vt 0.468750 0.583333
vt 0.468750 0.875000
vt 0.468750 0.250000
vt 0.468750 0.541667
vt 0.468750 0.833333
vt 0.468750 0.208333
vt 0.468750 0.791667
vt 0.468750 0.166667
vt 0.468750 0.458333
vt 0.468750 0.750000
vt 0.468750 0.125000
vt 0.468750 0.416667
vt 0.468750 0.708333
vt 0.468750 0.083333
vt 0.484375 1.000000
vt 0.437500 0.875000
vt 0.437500 0.833333
vt 0.437500 0.250000
vt 0.437500 0.208333
vt 0.437500 0.541667
vt 0.437500 0.791667
vt 0.437500 0.166667
vt 0.437500 0.458333
vt 0.437500 0.750000
vt 0.437500 0.125000
vt 0.437500 0.416667
vt 0.437500 0.708333
vt 0.437500 0.083333
vt 0.437500 0.375000
vt 0.437500 0.666667
vt 0.437500 0.041667
vt 0.453125 1.000000
vt 0.437500 0.958333
vt 0.437500 0.333333
vt 0.437500 0.625000
vt 0.453125 0.000000
vt 0.437500 0.916667
vt 0.437500 0.291667
vt 0.437500 0.583333
vt 0.406250 0.750000
vt 0.406250 0.708333
vt 0.406250 0.125000
vt 0.406250 0.083333
vt 0.406250 0.416667
vt 0.406250 0.375000
vt 0.406250 0.666667
vt 0.406250 0.041667
vt 0.421875 1.000000
vt 0.406250 0.958333
vt 0.406250 0.333333
vt 0.406250 0.625000
vt 0.421875 0.000000
vt 0.406250 0.916667
vt 0.406250 0.291667
vt 0.406250 0.583333
vt 0.406250 0.875000
vt 0.406250 0.250000
vt 0.406250 0.541667
vt 0.406250 0.833333
vt 0.406250 0.208333
vt 0.406250 0.791667
vt 0.406250 0.166667
vt 0.406250 0.458333
vt 0.375000 0.333333
vt 0.375000 0.291667
vt 0.375000 0.625000
vt 0.375000 0.583333
vt 0.375000 0.916667
vt 0.375000 0.875000
vt 0.375000 0.250000
vt 0.375000 0.541667
vt 0.375000 0.833333
vt 0.375000 0.208333
vt 0.375000 0.791667
vt 0.375000 0.166667
vt 0.375000 0.458333
vt 0.375000 0.750000
vt 0.375000 0.125000
vt 0.375000 0.416667
vt 0.375000 0.708333
vt 0.375000 0.083333
vt 0.375000 0.375000
vt 0.375000 0.666667
vt 0.375000 0.041667
vt 0.390625 1.000000
vt 0.375000 0.958333
vt 0.390625 0.000000
vt 0.343750 0.833333
vt 0.343750 0.791667
vt 0.343750 0.208333
vt 0.343750 0.166667
vt 0.343750 0.458333
vt 0.343750 0.750000
vt 0.343750 0.125000
vt 0.343750 0.416667
vt 0.343750 0.708333
vt 0.343750 0.083333
vt 0.343750 0.375000
vt 0.343750 0.666667
vt 0.343750 0.041667
vt 0.359375 1.000000
vt 0.343750 0.958333
vt 0.343750 0.333333
vt 0.343750 0.625000
vt 0.359375 0.000000
vt 0.343750 0.916667
vt 0.343750 0.291667
vt 0.343750 0.583333
vt 0.343750 0.875000
vt 0.343750 0.250000
vt 0.343750 0.541667
vt 0.312500 0.708333
vt 0.312500 0.666667
vt 0.312500 0.083333
vt 0.312500 0.041667
vt 0.328125 1.000000
vt 0.312500 0.958333
vt 0.312500 0.375000
vt 0.312500 0.333333
vt 0.312500 0.625000
vt 0.328125 0.000000
vt 0.312500 0.916667
vt 0.312500 0.291667
vt 0.312500 0.583333
vt 0.312500 0.875000
vt 0.312500 0.250000
vt 0.312500 0.541667
vt 0.312500 0.833333
vt 0.312500 0.208333
vt 0.312500 0.791667
vt 0.312500 0.166667
vt 0.312500 0.458333
vt 0.312500 0.750000
vt 0.312500 0.125000
vt 0.312500 0.416667
vt 0.281250 0.291667
vt 0.281250 0.250000
vt 0.281250 0.583333
vt 0.281250 0.541667
vt 0.281250 0.875000
vt 0.281250 0.833333
vt 0.281250 0.208333
vt 0.281250 0.791667
vt 0.281250 0.166667
vt 0.281250 0.458333
vt 0.281250 0.750000
vt 0.281250 0.125000
vt 0.281250 0.416667
vt 0.281250 0.708333
vt 0.281250 0.083333
vt 0.281250 0.375000
vt 0.281250 0.666667
vt 0.281250 0.041667
vt 0.296875 1.000000
vt 0.281250 0.958333
vt 0.281250 0.333333
vt 0.281250 0.625000
vt 0.296875 0.000000
vt 0.281250 0.916667
vt 0.250000 0.791667
vt 0.250000 0.750000
vt 0.250000 0.166667
vt 0.250000 0.125000
vt 0.250000 0.458333
vt 0.250000 0.416667
vt 0.250000 0.708333
vt 0.250000 0.083333
vt 0.250000 0.375000
vt 0.250000 0.666667
vt 0.250000 0.041667
vt 0.265625 1.000000
vt 0.250000 0.958333
vt 0.250000 0.333333
vt 0.250000 0.625000
vt 0.265625 0.000000
vt 0.250000 0.916667
vt 0.250000 0.291667
vt 0.250000 0.583333
vt 0.250000 0.875000
vt 0.250000 0.250000
vt 0.250000 0.541667
vt 0.250000 0.833333
vt 0.250000 0.208333
vt 0.218750 0.666667
vt 0.218750 0.625000
vt 0.234375 0.000000
vt 0.218750 0.041667
vt 0.218750 0.958333
vt 0.218750 0.916667
vt 0.218750 0.333333
vt 0.218750 0.291667
vt 0.218750 0.583333
vt 0.218750 0.875000
vt 0.218750 0.250000
vt 0.218750 0.541667
vt 0.218750 0.833333
vt 0.218750 0.208333
vt 0.218750 0.791667
vt 0.218750 0.166667
vt 0.218750 0.458333
vt 0.218750 0.750000
vt 0.218750 0.125000
vt 0.218750 0.416667
vt 0.218750 0.708333
vt 0.218750 0.083333
vt 0.218750 0.375000
vt 0.234375 1.000000
vt 0.187500 0.250000
vt 0.187500 0.208333
vt 0.187500 0.541667
vt 0.187500 0.833333
vt 0.187500 0.791667
vt 0.187500 0.166667
vt 0.187500 0.458333
vt 0.187500 0.750000
vt 0.187500 0.125000
vt 0.187500 0.416667
vt 0.187500 0.708333
vt 0.187500 0.083333
vt 0.187500 0.375000
vt 0.187500 0.666667
vt 0.187500 0.041667
vt 0.203125 1.000000
vt 0.187500 0.958333
vt 0.187500 0.333333
vt 0.187500 0.625000
vt 0.203125 0.000000
vt 0.187500 0.916667
vt 0.187500 0.291667
vt 0.187500 0.583333
vt 0.187500 0.875000
vt 0.156250 0.750000
vt 0.156250 0.708333
vt 0.156250 0.125000
vt 0.156250 0.083333
vt 0.156250 0.416667
vt 0.156250 0.375000
vt 0.156250 0.666667
vt 0.156250 0.041667
vt 0.171875 1.000000
vt 0.156250 0.958333
vt 0.156250 0.333333
vt 0.156250 0.625000
vt 0.171875 0.000000
vt 0.156250 0.916667
vt 0.156250 0.291667
vt 0.156250 0.583333
vt 0.156250 0.875000
vt 0.156250 0.250000
vt 0.156250 0.541667
vt 0.156250 0.833333
vt 0.156250 0.208333
vt 0.156250 0.500000
vt 0.156250 0.791667
vt 0.156250 0.166667
vt 0.156250 0.458333
vt 0.125000 0.625000
vt 0.125000 0.583333
vt 0.125000 0.916667
vt 0.125000 0.875000
vt 0.125000 0.291667
vt 0.125000 0.250000
vt 0.125000 0.541667
vt 0.125000 0.833333
vt 0.125000 0.208333
vt 0.125000 0.791667
vt 0.125000 0.166667
vt 0.125000 0.458333
vt 0.125000 0.750000
vt 0.125000 0.125000
vt 0.125000 0.416667
vt 0.125000 0.708333
vt 0.125000 0.083333
vt 0.125000 0.375000
vt 0.125000 0.666667
vt 0.125000 0.041667
vt 0.140625 1.000000
vt 0.125000 0.958333
vt 0.125000 0.333333
vt 0.140625 0.000000
vt 0.093750 0.208333
vt 0.093750 0.166667
vt 0.093750 0.458333
vt 0.093750 0.791667
vt 0.093750 0.750000
vt 0.093750 0.125000
vt 0.093750 0.416667
vt 0.093750 0.708333
vt 0.093750 0.083333
vt 0.093750 0.375000
vt 0.093750 0.666667
vt 0.093750 0.041667
vt 0.109375 1.000000
vt 0.093750 0.958333
vt 0.093750 0.333333
vt 0.093750 0.625000
vt 0.109375 0.000000
vt 0.093750 0.916667
vt 0.093750 0.291667
vt 0.093750 0.583333
vt 0.093750 0.875000
vt 0.093750 0.250000
vt 0.093750 0.541667
vt 0.093750 0.833333
vt 0.062500 0.708333
vt 0.062500 0.666667
vt 0.062500 0.083333
vt 0.062500 0.041667
vt 0.078125 1.000000
vt 0.062500 0.958333
vt 0.062500 0.375000
vt 0.062500 0.333333
vt 0.062500 0.625000
vt 0.078125 0.000000
vt 0.062500 0.916667
vt 0.062500 0.291667
vt 0.062500 0.583333
vt 0.062500 0.875000
vt 0.062500 0.250000
vt 0.062500 0.541667
vt 0.062500 0.833333
vt 0.062500 0.208333
vt 0.062500 0.791667
vt 0.062500 0.166667
vt 0.062500 0.458333
vt 0.062500 0.750000
vt 0.062500 0.125000
vt 0.062500 0.416667
vt 0.031250 0.583333
vt 0.031250 0.541667
vt 0.031250 0.875000
vt 0.031250 0.833333
vt 0.031250 0.250000
vt 0.031250 0.208333
vt 0.031250 0.791667
vt 0.031250 0.166667
vt 0.031250 0.458333
vt 0.031250 0.750000
vt 0.031250 0.125000
vt 0.031250 0.416667
vt 0.031250 0.708333
vt 0.031250 0.083333
vt 0.031250 0.375000
vt 0.031250 0.666667
vt 0.031250 0.041667
vt 0.046875 1.000000
vt 0.031250 0.958333
vt 0.031250 0.333333
vt 0.031250 0.625000
vt 0.046875 0.000000
vt 0.031250 0.916667
vt 0.031250 0.291667
vt 0.000000 0.166667
vt 0.000000 0.125000
vt 0.000000 0.458333
vt 0.000000 0.416667
vt 0.000000 0.750000
vt 0.000000 0.708333
vt 0.000000 0.083333
vt 0.000000 0.375000
vt 0.000000 0.666667
vt 0.000000 0.041667
vt 0.015625 1.000000
vt 0.000000 0.958333
vt 0.000000 0.333333
vt 0.000000 0.625000
vt 0.015625 0.000000
vt 0.000000 0.916667
vt 0.000000 0.291667
vt 0.000000 0.583333
vt 0.000000 0.875000
vt 0.000000 0.250000
vt 0.000000 0.541667
vt 0.000000 0.833333
vt 0.000000 0.208333
vt 0.000000 0.791667
vt 1.000000 0.625000
vt 1.000000 0.666667
vt 0.968750 0.666667
vt 0.968750 0.625000
vt 0.984375 0.000000
vt 1.000000 0.041667
vt 0.968750 0.041667
vt 1.000000 0.916667
vt 1.000000 0.958333
vt 0.968750 0.958333
vt 0.968750 0.916667
vt 1.000000 0.291667
vt 1.000000 0.333333
vt 0.968750 0.333333
vt 0.968750 0.291667
vt 1.000000 0.583333
vt 0.968750 0.583333
vt 1.000000 0.875000
vt 0.968750 0.875000
vt 1.000000 0.250000
vt 0.968750 0.250000
vt 1.000000 0.541667
vt 0.968750 0.541667
vt 1.000000 0.833333
vt 0.968750 0.833333
vt 1.000000 0.208333
vt 0.968750 0.208333
vt 1.000000 0.791667
vt 0.968750 0.791667
vt 1.000000 0.166667
vt 0.968750 0.166667
vt 1.000000 0.458333
vt 0.968750 0.458333
vt 1.000000 0.750000
vt 0.968750 0.750000
vt 1.000000 0.125000
vt 0.968750 0.125000
vt 1.000000 0.416667
vt 0.968750 0.416667
vt 1.000000 0.708333
vt 0.968750 0.708333
vt 1.000000 0.083333
vt 0.968750 0.083333
vt 1.000000 0.375000
vt 0.968750 0.375000
vt 0.984375 1.000000
vt 0.937500 0.541667
vt 0.937500 0.833333
vt 0.937500 0.791667
vt 0.937500 0.208333
vt 0.937500 0.166667
vt 0.937500 0.458333
vt 0.937500 0.750000
vt 0.937500 0.125000
vt 0.937500 0.416667
vt 0.937500 0.708333
vt 0.937500 0.083333
vt 0.937500 0.375000
vt 0.937500 0.666667
vt 0.937500 0.041667
vt 0.953125 1.000000
vt 0.937500 0.958333
vt 0.937500 0.333333
vt 0.937500 0.625000
vt 0.953125 0.000000
vt 0.937500 0.916667
vt 0.937500 0.291667
vt 0.937500 0.583333
vt 0.937500 0.875000
vt 0.937500 0.250000
vt 0.906250 0.125000
vt 0.906250 0.083333
vt 0.906250 0.416667
vt 0.906250 0.375000
vt 0.906250 0.708333
vt 0.906250 0.666667
vt 0.906250 0.041667
vt 0.921875 1.000000
vt 0.906250 0.958333
vt 0.906250 0.333333
vt 0.906250 0.625000
vt 0.921875 0.000000
vt 0.906250 0.916667
vt 0.906250 0.291667
vt 0.906250 0.583333
vt 0.906250 0.875000
vt 0.906250 0.250000
vt 0.906250 0.541667
vt 0.906250 0.833333
vt 0.906250 0.208333
vt 0.906250 0.791667
vt 0.906250 0.166667
vt 0.906250 0.458333
vt 0.906250 0.750000
vt 0.875000 0.625000
vt 0.875000 0.583333
vt 0.875000 0.916667
vt 0.875000 0.875000
vt 0.875000 0.291667
vt 0.875000 0.250000
vt 0.875000 0.541667
vt 0.875000 0.833333
vt 0.875000 0.208333
vt 0.875000 0.791667
vt 0.875000 0.166667
vt 0.875000 0.458333
vt 0.875000 0.750000
vt 0.875000 0.125000
vt 0.875000 0.416667
vt 0.875000 0.708333
vt 0.875000 0.083333
vt 0.875000 0.375000
vt 0.875000 0.666667
vt 0.875000 0.041667
vt 0.890625 1.000000
vt 0.875000 0.958333
vt 0.875000 0.333333
vt 0.890625 0.000000
vt 0.843750 0.458333
vt 0.843750 0.791667
vt 0.843750 0.750000
vt 0.843750 0.166667
vt 0.843750 0.125000
vt 0.843750 0.416667
vt 0.843750 0.708333
vt 0.843750 0.083333
vt 0.843750 0.375000
vt 0.843750 0.666667
vt 0.843750 0.041667
vt 0.859375 1.000000
vt 0.843750 0.958333
vt 0.843750 0.333333
vt 0.843750 0.625000
vt 0.859375 0.000000
vt 0.843750 0.916667
vt 0.843750 0.291667
vt 0.843750 0.583333
vt 0.843750 0.875000
vt 0.843750 0.250000
vt 0.843750 0.541667
vt 0.843750 0.833333
vt 0.843750 0.208333
vt 0.812500 0.083333
vt 0.812500 0.041667
vt 0.828125 1.000000
vt 0.812500 0.958333
vt 0.812500 0.375000
vt 0.812500 0.333333
vt 0.812500 0.666667
vt 0.812500 0.625000
vt 0.828125 0.000000
vt 0.812500 0.916667
vt 0.812500 0.291667
vt 0.812500 0.583333
vt 0.812500 0.875000
vt 0.812500 0.250000
vt 0.812500 0.541667
vt 0.812500 0.833333
vt 0.812500 0.208333
vt 0.812500 0.791667
vt 0.812500 0.166667
vt 0.812500 0.458333
vt 0.812500 0.750000
vt 0.812500 0.125000
vt 0.812500 0.416667
vt 0.812500 0.708333
vt 0.781250 0.583333
vt 0.781250 0.541667
vt 0.781250 0.875000
vt 0.781250 0.833333
vt 0.781250 0.250000
vt 0.781250 0.208333
vt 0.781250 0.791667
vt 0.781250 0.166667
vt 0.781250 0.458333
vt 0.781250 0.750000
vt 0.781250 0.125000
vt 0.781250 0.416667
vt 0.781250 0.708333
vt 0.781250 0.083333
vt 0.781250 0.375000
vt 0.781250 0.666667
vt 0.781250 0.041667
vt 0.796875 1.000000
vt 0.781250 0.958333
vt 0.781250 0.333333
vt 0.781250 0.625000
vt 0.796875 0.000000
vt 0.781250 0.916667
vt 0.781250 0.291667
vt 0.765625 1.000000
vt 0.765625 0.000000
vt 0.750000 0.800000
vt 0.750000 0.850000
vt 0.714286 0.850000
vt 0.714286 0.800000
vt 0.750000 0.050000
vt 0.750000 0.100000
vt 0.714286 0.100000
vt 0.714286 0.050000
vt 0.750000 0.400000
vt 0.750000 0.450000
vt 0.714286 0.450000
vt 0.714286 0.400000
vt 0.750000 0.750000
vt 0.714286 0.750000
vt 0.732143 0.000000
vt 0.750000 0.350000
vt 0.714286 0.350000
vt 0.750000 0.700000
vt 0.714286 0.700000
vt 0.750000 0.300000
vt 0.714286 0.300000
vt 0.750000 0.650000
vt 0.714286 0.650000
vt 0.750000 0.250000
vt 0.714286 0.250000
vt 0.750000 0.600000
vt 0.714286 0.600000
vt 0.750000 0.950000
vt 0.732143 1.000000
vt 0.714286 0.950000
vt 0.750000 0.200000
vt 0.714286 0.200000
vt 0.750000 0.550000
vt 0.714286 0.550000
vt 0.750000 0.900000
vt 0.714286 0.900000
vt 0.750000 0.150000
vt 0.714286 0.150000
vt 0.714286 0.500000
vt 0.678571 0.350000
vt 0.678571 0.300000
vt 0.678571 0.700000
vt 0.678571 0.650000
vt 0.678571 0.250000
vt 0.678571 0.600000
vt 0.696429 1.000000
vt 0.678571 0.950000
vt 0.678571 0.200000
vt 0.678571 0.550000
vt 0.678571 0.900000
vt 0.678571 0.150000
vt 0.678571 0.500000
vt 0.678571 0.850000
vt 0.678571 0.100000
vt 0.678571 0.450000
vt 0.678571 0.800000
vt 0.678571 0.050000
vt 0.678571 0.400000
vt 0.678571 0.750000
vt 0.696429 0.000000
vt 0.642857 0.200000
vt 0.642857 0.150000
vt 0.642857 0.550000
vt 0.642857 0.500000
vt 0.642857 0.900000
vt 0.642857 0.850000
vt 0.642857 0.100000
vt 0.642857 0.450000
vt 0.642857 0.800000
vt 0.642857 0.050000
vt 0.642857 0.400000
vt 0.642857 0.750000
vt 0.660714 0.000000
vt 0.642857 0.350000
vt 0.642857 0.700000
vt 0.642857 0.300000
vt 0.642857 0.650000
vt 0.642857 0.250000
vt 0.642857 0.600000
vt 0.660714 1.000000
vt 0.642857 0.950000
vt 0.607143 0.400000
vt 0.607143 0.350000
vt 0.607143 0.750000
vt 0.607143 0.700000
vt 0.607143 0.300000
vt 0.607143 0.650000
vt 0.607143 0.250000
vt 0.607143 0.600000
vt 0.607143 0.950000
vt 0.607143 0.200000
vt 0.607143 0.550000
vt 0.607143 0.900000
vt 0.607143 0.150000
vt 0.607143 0.500000
vt 0.607143 0.850000
vt 0.607143 0.100000
vt 0.607143 0.450000
vt 0.607143 0.800000
vt 0.607143 0.050000
vt 0.625000 0.000000
vt 0.571429 0.600000
vt 0.571429 0.550000
vt 0.571429 0.950000
vt 0.571429 0.900000
vt 0.571429 0.200000
vt 0.571429 0.150000
vt 0.571429 0.500000
vt 0.571429 0.850000
vt 0.571429 0.100000
vt 0.571429 0.450000
vt 0.571429 0.800000
vt 0.571429 0.050000
vt 0.571429 0.400000
vt 0.571429 0.750000
vt 0.589286 0.000000
vt 0.571429 0.350000
vt 0.571429 0.700000
vt 0.571429 0.300000
vt 0.571429 0.650000
vt 0.571429 0.250000
vt 0.589286 1.000000
vt 0.535714 0.800000
vt 0.535714 0.750000
vt 0.553571 0.000000
vt 0.535714 0.050000
vt 0.535714 0.400000
vt 0.535714 0.350000
vt 0.535714 0.700000
vt 0.535714 0.300000
vt 0.535714 0.650000
vt 0.535714 0.250000
vt 0.535714 0.600000
vt 0.553571 1.000000
vt 0.535714 0.950000
vt 0.535714 0.200000
vt 0.535714 0.550000
vt 0.535714 0.900000
vt 0.535714 0.150000
vt 0.535714 0.500000
vt 0.535714 0.850000
vt 0.535714 0.100000
vt 0.535714 0.450000
vt 0.517857 1.000000
vt 0.500000 0.950000
vt 0.500000 0.250000
vt 0.500000 0.200000
vt 0.500000 0.600000
vt 0.500000 0.550000
vt 0.500000 0.900000
vt 0.500000 0.150000
vt 0.500000 0.850000
vt 0.500000 0.100000
vt 0.500000 0.450000
vt 0.500000 0.800000
vt 0.500000 0.050000
vt 0.500000 0.400000
vt 0.500000 0.750000
vt 0.517857 0.000000
vt 0.500000 0.350000
vt 0.500000 0.700000
vt 0.500000 0.300000
vt 0.500000 0.650000
vt 0.464286 0.450000
vt 0.464286 0.400000
vt 0.464286 0.800000
vt 0.464286 0.750000
vt 0.482143 0.000000
vt 0.464286 0.050000
vt 0.464286 0.350000
vt 0.464286 0.700000
vt 0.464286 0.300000
vt 0.464286 0.650000
vt 0.464286 0.250000
vt 0.464286 0.600000
vt 0.482143 1.000000
vt 0.464286 0.950000
vt 0.464286 0.200000
vt 0.464286 0.550000
vt 0.464286 0.900000
vt 0.464286 0.150000
vt 0.464286 0.500000
vt 0.464286 0.850000
vt 0.464286 0.100000
vt 0.428571 0.650000
vt 0.428571 0.600000
vt 0.446429 1.000000
vt 0.428571 0.950000
vt 0.428571 0.250000
vt 0.428571 0.200000
vt 0.428571 0.550000
vt 0.428571 0.900000
vt 0.428571 0.150000
vt 0.428571 0.500000
vt 0.428571 0.850000
vt 0.428571 0.100000
vt 0.428571 0.450000
vt 0.428571 0.800000
vt 0.428571 0.050000
vt 0.428571 0.400000
vt 0.428571 0.750000
vt 0.446429 0.000000
vt 0.428571 0.350000
vt 0.428571 0.700000
vt 0.428571 0.300000
vt 0.392857 0.850000
vt 0.392857 0.800000
vt 0.392857 0.100000
vt 0.392857 0.050000
vt 0.392857 0.450000
vt 0.392857 0.400000
vt 0.392857 0.750000
vt 0.410714 0.000000
vt 0.392857 0.350000
vt 0.392857 0.700000
vt 0.392857 0.300000
vt 0.392857 0.650000
vt 0.392857 0.250000
vt 0.392857 0.600000
vt 0.410714 1.000000
vt 0.392857 0.950000
vt 0.392857 0.200000
vt 0.392857 0.550000
vt 0.392857 0.900000
vt 0.392857 0.150000
vt 0.392857 0.500000
vt 0.357143 0.300000
vt 0.357143 0.250000
vt 0.357143 0.650000
vt 0.357143 0.600000
vt 0.375000 1.000000
vt 0.357143 0.950000
vt 0.357143 0.200000
vt 0.357143 0.550000
vt 0.357143 0.900000
vt 0.357143 0.150000
vt 0.357143 0.500000
vt 0.357143 0.850000
vt 0.357143 0.100000
vt 0.357143 0.450000
vt 0.357143 0.800000
vt 0.357143 0.050000
vt 0.357143 0.400000
vt 0.357143 0.750000
vt 0.375000 0.000000
vt 0.357143 0.350000
vt 0.357143 0.700000
vt 0.321429 0.150000
vt 0.321429 0.100000
vt 0.321429 0.500000
vt 0.321429 0.450000
vt 0.321429 0.850000
vt 0.321429 0.800000
vt 0.321429 0.050000
vt 0.321429 0.400000
vt 0.321429 0.750000
vt 0.339286 0.000000
vt 0.321429 0.350000
vt 0.321429 0.700000
vt 0.321429 0.300000
vt 0.321429 0.650000
vt 0.321429 0.250000
vt 0.321429 0.600000
vt 0.339286 1.000000
vt 0.321429 0.950000
vt 0.321429 0.200000
vt 0.321429 0.550000
vt 0.321429 0.900000
vt 0.285714 0.350000
vt 0.285714 0.300000
vt 0.285714 0.700000
vt 0.285714 0.650000
vt 0.285714 0.250000
vt 0.285714 0.600000
vt 0.303571 1.000000
vt 0.285714 0.950000
vt 0.285714 0.200000
vt 0.285714 0.550000
vt 0.285714 0.900000
vt 0.285714 0.150000
vt 0.285714 0.500000
vt 0.285714 0.850000
vt 0.285714 0.100000
vt 0.285714 0.450000
vt 0.285714 0.800000
vt 0.285714 0.050000
vt 0.285714 0.400000
vt 0.285714 0.750000
vt 0.303571 0.000000
vt 0.250000 0.550000
vt 0.250000 0.900000
vt 0.250000 0.850000
vt 0.250000 0.150000
vt 0.250000 0.100000
vt 0.250000 0.450000
vt 0.250000 0.800000
vt 0.250000 0.050000
vt 0.250000 0.400000
vt 0.250000 0.750000
vt 0.267857 0.000000
vt 0.250000 0.350000
vt 0.250000 0.700000
vt 0.250000 0.300000
vt 0.250000 0.650000
vt 0.250000 0.250000
vt 0.250000 0.600000
vt 0.267857 1.000000
vt 0.250000 0.950000
vt 0.250000 0.200000
vt 0.214286 0.750000
vt 0.214286 0.700000
vt 0.214286 0.350000
vt 0.214286 0.300000
vt 0.214286 0.650000
vt 0.214286 0.250000
vt 0.214286 0.600000
vt 0.232143 1.000000
vt 0.214286 0.950000
vt 0.214286 0.200000
vt 0.214286 0.550000
vt 0.214286 0.900000
vt 0.214286 0.150000
vt 0.214286 0.500000
vt 0.214286 0.850000
vt 0.214286 0.100000
vt 0.214286 0.450000
vt 0.214286 0.800000
vt 0.214286 0.050000
vt 0.214286 0.400000
vt 0.232143 0.000000
vt 0.178571 0.950000
vt 0.178571 0.900000
vt 0.178571 0.200000
vt 0.178571 0.150000
vt 0.178571 0.550000
vt 0.178571 0.500000
vt 0.178571 0.850000
vt 0.178571 0.100000
vt 0.178571 0.450000
vt 0.178571 0.800000
vt 0.178571 0.050000
vt 0.178571 0.400000
vt 0.178571 0.750000
vt 0.196429 0.000000
vt 0.178571 0.350000
vt 0.178571 0.700000
vt 0.178571 0.300000
vt 0.178571 0.650000
vt 0.178571 0.250000
vt 0.178571 0.600000
vt 0.196429 1.000000
vt 0.142857 0.400000
vt 0.142857 0.350000
vt 0.142857 0.750000
vt 0.142857 0.700000
vt 0.142857 0.300000
vt 0.142857 0.650000
vt 0.142857 0.250000
vt 0.142857 0.600000
vt 0.160714 1.000000
vt 0.142857 0.950000
vt 0.142857 0.200000
vt 0.142857 0.550000
vt 0.142857 0.900000
vt 0.142857 0.150000
vt 0.142857 0.500000
vt 0.142857 0.850000
vt 0.142857 0.100000
vt 0.142857 0.450000
vt 0.142857 0.800000
vt 0.142857 0.050000
vt 0.160714 0.000000
vt 0.107143 0.600000
vt 0.107143 0.550000
vt 0.107143 0.950000
vt 0.107143 0.900000
vt 0.107143 0.200000
vt 0.107143 0.150000
vt 0.107143 0.500000
vt 0.107143 0.850000
vt 0.107143 0.100000
vt 0.107143 0.450000
vt 0.107143 0.800000
vt 0.107143 0.050000
vt 0.107143 0.400000
vt 0.107143 0.750000
vt 0.125000 0.000000
vt 0.107143 0.350000
vt 0.107143 0.700000
vt 0.107143 0.300000
vt 0.107143 0.650000
vt 0.107143 0.250000
vt 0.071429 0.800000
vt 0.071429 0.750000
vt 0.089286 0.000000
vt 0.071429 0.050000
vt 0.071429 0.400000
vt 0.071429 0.350000
vt 0.071429 0.700000
vt 0.071429 0.300000
vt 0.071429 0.650000
vt 0.071429 0.250000
vt 0.071429 0.600000
vt 0.089286 1.000000
vt 0.071429 0.950000
vt 0.071429 0.200000
vt 0.071429 0.550000
vt 0.071429 0.900000
vt 0.071429 0.150000
vt 0.071429 0.500000
vt 0.071429 0.850000
vt 0.071429 0.100000
vt 0.071429 0.450000
vt 0.053571 1.000000
vt 0.035714 0.950000
vt 0.035714 0.250000
vt 0.035714 0.200000
vt 0.035714 0.600000
vt 0.035714 0.550000
vt 0.035714 0.900000
vt 0.035714 0.150000
vt 0.035714 0.500000
vt 0.035714 0.850000
vt 0.035714 0.100000
vt 0.035714 0.450000
vt 0.035714 0.800000
vt 0.035714 0.050000
vt 0.035714 0.400000
vt 0.035714 0.750000
vt 0.053571 0.000000
vt 0.035714 0.350000
vt 0.035714 0.700000
vt 0.035714 0.300000
vt 0.035714 0.650000
vt 0.000000 0.100000
vt 0.000000 0.050000
vt 0.000000 0.450000
vt 0.000000 0.400000
vt 0.000000 0.800000
vt 0.000000 0.750000
vt 0.017857 0.000000
vt 0.000000 0.350000
vt 0.000000 0.700000
vt 0.000000 0.300000
vt 0.000000 0.650000
vt 0.000000 0.600000
vt 0.017857 1.000000
vt 0.000000 0.950000
vt 0.000000 0.200000
vt 0.000000 0.550000
vt 0.000000 0.900000
vt 0.000000 0.150000
vt 0.000000 0.850000
vt 1.000000 0.300000
vt 0.964286 0.300000
vt 0.964286 0.250000
vt 1.000000 0.600000
vt 1.000000 0.650000
vt 0.964286 0.650000
vt 0.964286 0.600000
vt 1.000000 0.950000
vt 0.982143 1.000000
vt 0.964286 0.950000
vt 1.000000 0.200000
vt 0.964286 0.200000
vt 1.000000 0.550000
vt 0.964286 0.550000
vt 1.000000 0.900000
vt 0.964286 0.900000
vt 1.000000 0.150000
vt 0.964286 0.150000
vt 0.964286 0.500000
vt 1.000000 0.850000
vt 0.964286 0.850000
vt 1.000000 0.100000
vt 0.964286 0.100000
vt 1.000000 0.450000
vt 0.964286 0.450000
vt 1.000000 0.800000
vt 0.964286 0.800000
vt 1.000000 0.050000
vt 0.964286 0.050000
vt 1.000000 0.400000
vt 0.964286 0.400000
vt 1.000000 0.750000
vt 0.964286 0.750000
vt 0.982143 0.000000
vt 1.000000 0.350000
vt 0.964286 0.350000
vt 1.000000 0.700000
vt 0.964286 0.700000
vt 0.928571 0.500000
vt 0.928571 0.450000
vt 0.928571 0.850000
vt 0.928571 0.800000
vt 0.928571 0.100000
vt 0.928571 0.050000
vt 0.928571 0.400000
vt 0.928571 0.750000
vt 0.946429 0.000000
vt 0.928571 0.350000
vt 0.928571 0.700000
vt 0.928571 0.300000
vt 0.928571 0.650000
vt 0.928571 0.250000
vt 0.928571 0.600000
vt 0.946429 1.000000
vt 0.928571 0.950000
vt 0.928571 0.200000
vt 0.928571 0.550000
vt 0.928571 0.900000
vt 0.928571 0.150000
vt 0.892857 0.700000
vt 0.892857 0.650000
vt 0.892857 0.300000
vt 0.892857 0.250000
vt 0.892857 0.600000
vt 0.910714 1.000000
vt 0.892857 0.950000
vt 0.892857 0.200000
vt 0.892857 0.550000
vt 0.892857 0.900000
vt 0.892857 0.150000
vt 0.892857 0.500000
vt 0.892857 0.850000
vt 0.892857 0.100000
vt 0.892857 0.450000
vt 0.892857 0.800000
vt 0.892857 0.050000
vt 0.892857 0.400000
vt 0.892857 0.750000
vt 0.910714 0.000000
vt 0.892857 0.350000
vt 0.857143 0.900000
vt 0.857143 0.850000
vt 0.857143 0.150000
vt 0.857143 0.100000
vt 0.857143 0.500000
vt 0.857143 0.450000
vt 0.857143 0.800000
vt 0.857143 0.050000
vt 0.857143 0.400000
vt 0.857143 0.750000
vt 0.875000 0.000000
vt 0.857143 0.350000
vt 0.857143 0.700000
vt 0.857143 0.300000
vt 0.857143 0.650000
vt 0.857143 0.250000
vt 0.857143 0.600000
vt 0.857143 0.950000
vt 0.857143 0.200000
vt 0.857143 0.550000
vt 0.821429 0.350000
vt 0.821429 0.300000
vt 0.821429 0.700000
vt 0.821429 0.650000
vt 0.821429 0.250000
vt 0.821429 0.600000
vt 0.839286 1.000000
vt 0.821429 0.950000
vt 0.821429 0.200000
vt 0.821429 0.550000
vt 0.821429 0.900000
vt 0.821429 0.150000
vt 0.821429 0.500000
vt 0.821429 0.850000
vt 0.821429 0.100000
vt 0.821429 0.450000
vt 0.821429 0.800000
vt 0.821429 0.050000
vt 0.821429 0.400000
vt 0.821429 0.750000
vt 0.839286 0.000000
vt 0.785714 0.550000
vt 0.785714 0.500000
vt 0.785714 0.900000
vt 0.785714 0.850000
vt 0.785714 0.150000
vt 0.785714 0.100000
vt 0.785714 0.450000
vt 0.785714 0.800000
vt 0.785714 0.050000
vt 0.785714 0.400000
vt 0.785714 0.750000
vt 0.803571 0.000000
vt 0.785714 0.350000
vt 0.785714 0.700000
vt 0.785714 0.300000
vt 0.785714 0.650000
vt 0.785714 0.250000
vt 0.785714 0.600000
vt 0.803571 1.000000
vt 0.785714 0.950000
vt 0.785714 0.200000
vt 0.767857 1.000000
vt 0.767857 0.000000
vt 0.375000 0.000000
vt 0.375000 0.250000
vt 0.375000 0.750000
vt 0.125000 0.750000
vt 0.875000 0.750000
vt 0.750000 0.937500
vt 0.729167 1.000000
vt 0.708333 0.937500
vt 0.729167 0.000000
vt 0.750000 0.062500
vt 0.708333 0.062500
vt 0.750000 0.437500
vt 0.708333 0.500000
vt 0.708333 0.437500
vt 0.750000 0.875000
vt 0.708333 0.875000
vt 0.708333 0.375000
vt 0.750000 0.812500
vt 0.708333 0.812500
vt 0.750000 0.312500
vt 0.708333 0.312500
vt 0.750000 0.750000
vt 0.708333 0.750000
vt 0.750000 0.250000
vt 0.708333 0.250000
vt 0.750000 0.687500
vt 0.708333 0.687500
vt 0.750000 0.187500
vt 0.708333 0.187500
vt 0.708333 0.625000
vt 0.750000 0.125000
vt 0.708333 0.125000
vt 0.750000 0.562500
vt 0.708333 0.562500
vt 0.666667 0.625000
vt 0.666667 0.562500
vt 0.666667 0.125000
vt 0.666667 0.062500
vt 0.666667 0.500000
vt 0.666667 0.937500
vt 0.687500 0.000000
vt 0.666667 0.437500
vt 0.666667 0.875000
vt 0.666667 0.375000
vt 0.666667 0.812500
vt 0.666667 0.312500
vt 0.666667 0.750000
vt 0.666667 0.250000
vt 0.666667 0.687500
vt 0.666667 0.187500
vt 0.625000 0.312500
vt 0.625000 0.812500
vt 0.625000 0.687500
vt 0.625000 0.187500
vt 0.625000 0.625000
vt 0.625000 0.125000
vt 0.625000 0.562500
vt 0.625000 0.062500
vt 0.645833 1.000000
vt 0.625000 0.937500
vt 0.645833 0.000000
vt 0.625000 0.437500
vt 0.583333 0.125000
vt 0.583333 0.062500
vt 0.583333 0.562500
vt 0.583333 0.500000
vt 0.604167 1.000000
vt 0.583333 0.937500
vt 0.604167 0.000000
vt 0.583333 0.437500
vt 0.583333 0.875000
vt 0.583333 0.375000
vt 0.583333 0.812500
vt 0.583333 0.312500
vt 0.583333 0.750000
vt 0.583333 0.250000
vt 0.583333 0.687500
vt 0.583333 0.187500
vt 0.583333 0.625000
vt 0.541667 0.312500
vt 0.541667 0.250000
vt 0.541667 0.750000
vt 0.541667 0.687500
vt 0.541667 0.187500
vt 0.541667 0.625000
vt 0.541667 0.125000
vt 0.541667 0.562500
vt 0.541667 0.062500
vt 0.541667 0.500000
vt 0.541667 0.937500
vt 0.562500 0.000000
vt 0.541667 0.437500
vt 0.541667 0.875000
vt 0.541667 0.375000
vt 0.541667 0.812500
vt 0.520833 1.000000
vt 0.500000 0.937500
vt 0.520833 0.000000
vt 0.500000 0.062500
vt 0.500000 0.437500
vt 0.500000 0.375000
vt 0.500000 0.812500
vt 0.500000 0.312500
vt 0.500000 0.687500
vt 0.500000 0.187500
vt 0.500000 0.625000
vt 0.500000 0.125000
vt 0.500000 0.562500
vt 0.458333 0.750000
vt 0.458333 0.687500
vt 0.458333 0.250000
vt 0.458333 0.187500
vt 0.458333 0.625000
vt 0.458333 0.125000
vt 0.458333 0.562500
vt 0.458333 0.062500
vt 0.458333 0.500000
vt 0.479167 1.000000
vt 0.458333 0.937500
vt 0.479167 0.000000
vt 0.458333 0.437500
vt 0.458333 0.875000
vt 0.458333 0.375000
vt 0.458333 0.812500
vt 0.458333 0.312500
vt 0.416667 0.500000
vt 0.416667 0.437500
vt 0.416667 0.937500
vt 0.416667 0.875000
vt 0.416667 0.375000
vt 0.416667 0.812500
vt 0.416667 0.312500
vt 0.416667 0.750000
vt 0.416667 0.250000
vt 0.416667 0.687500
vt 0.416667 0.187500
vt 0.416667 0.625000
vt 0.416667 0.125000
vt 0.416667 0.562500
vt 0.416667 0.062500
vt 0.437500 0.000000
vt 0.375000 0.187500
vt 0.375000 0.687500
vt 0.375000 0.625000
vt 0.375000 0.125000
vt 0.375000 0.562500
vt 0.375000 0.062500
vt 0.395833 1.000000
vt 0.375000 0.937500
vt 0.395833 0.000000
vt 0.375000 0.437500
vt 0.375000 0.375000
vt 0.375000 0.812500
vt 0.375000 0.312500
vt 0.333333 0.937500
vt 0.333333 0.875000
vt 0.333333 0.437500
vt 0.333333 0.375000
vt 0.333333 0.812500
vt 0.333333 0.312500
vt 0.333333 0.750000
vt 0.333333 0.250000
vt 0.333333 0.687500
vt 0.333333 0.187500
vt 0.333333 0.625000
vt 0.333333 0.125000
vt 0.333333 0.562500
vt 0.333333 0.062500
vt 0.333333 0.500000
vt 0.354167 1.000000
vt 0.354167 0.000000
vt 0.291667 0.687500
vt 0.291667 0.625000
vt 0.291667 0.187500
vt 0.291667 0.125000
vt 0.291667 0.562500
vt 0.291667 0.062500
vt 0.291667 0.500000
vt 0.291667 0.937500
vt 0.312500 0.000000
vt 0.291667 0.437500
vt 0.291667 0.875000
vt 0.291667 0.375000
vt 0.291667 0.812500
vt 0.291667 0.312500
vt 0.291667 0.750000
vt 0.291667 0.250000
vt 0.250000 0.437500
vt 0.250000 0.375000
vt 0.250000 0.875000
vt 0.250000 0.812500
vt 0.250000 0.312500
vt 0.250000 0.687500
vt 0.250000 0.187500
vt 0.250000 0.625000
vt 0.250000 0.125000
vt 0.250000 0.562500
vt 0.250000 0.062500
vt 0.270833 1.000000
vt 0.250000 0.937500
vt 0.270833 0.000000
vt 0.208333 0.187500
vt 0.208333 0.125000
vt 0.208333 0.625000
vt 0.208333 0.562500
vt 0.208333 0.062500
vt 0.208333 0.500000
vt 0.229167 1.000000
vt 0.208333 0.937500
vt 0.229167 0.000000
vt 0.208333 0.437500
vt 0.208333 0.875000
vt 0.208333 0.375000
vt 0.208333 0.812500
vt 0.208333 0.312500
vt 0.208333 0.750000
vt 0.208333 0.250000
vt 0.208333 0.687500
vt 0.166667 0.375000
vt 0.166667 0.312500
vt 0.166667 0.812500
vt 0.166667 0.750000
vt 0.166667 0.250000
vt 0.166667 0.687500
vt 0.166667 0.187500
vt 0.166667 0.625000
vt 0.166667 0.125000
vt 0.166667 0.562500
vt 0.166667 0.062500
vt 0.166667 0.500000
vt 0.166667 0.937500
vt 0.187500 0.000000
vt 0.166667 0.437500
vt 0.166667 0.875000
vt 0.125000 0.062500
vt 0.125000 0.562500
vt 0.145833 1.000000
vt 0.125000 0.937500
vt 0.145833 0.000000
vt 0.125000 0.437500
vt 0.125000 0.875000
vt 0.125000 0.375000
vt 0.125000 0.812500
vt 0.125000 0.312500
vt 0.125000 0.750000
vt 0.125000 0.250000
vt 0.125000 0.687500
vt 0.125000 0.187500
vt 0.125000 0.625000
vt 0.083333 0.812500
vt 0.083333 0.750000
vt 0.083333 0.312500
vt 0.083333 0.250000
vt 0.083333 0.687500
vt 0.083333 0.187500
vt 0.083333 0.625000
vt 0.083333 0.125000
vt 0.083333 0.562500
vt 0.083333 0.062500
vt 0.083333 0.500000
vt 0.104167 1.000000
vt 0.083333 0.937500
vt 0.104167 0.000000
vt 0.083333 0.437500
vt 0.083333 0.875000
vt 0.083333 0.375000
vt 0.041667 0.562500
vt 0.041667 0.500000
vt 0.041667 0.937500
vt 0.062500 0.000000
vt 0.041667 0.062500
vt 0.041667 0.437500
vt 0.041667 0.875000
vt 0.041667 0.375000
vt 0.041667 0.812500
vt 0.041667 0.312500
vt 0.041667 0.750000
vt 0.041667 0.250000
vt 0.041667 0.687500
vt 0.041667 0.187500
vt 0.041667 0.625000
vt 0.041667 0.125000
vt 0.000000 0.312500
vt 0.000000 0.687500
vt 0.000000 0.187500
vt 0.000000 0.625000
vt 0.000000 0.562500
vt 0.000000 0.062500
vt 0.020833 1.000000
vt 0.000000 0.937500
vt 0.020833 0.000000
vt 0.000000 0.437500
vt 0.000000 0.875000
vt 0.000000 0.375000
vt 0.000000 0.812500
vt 1.000000 0.937500
vt 0.979167 1.000000
vt 0.958333 0.937500
vt 0.979167 0.000000
vt 1.000000 0.062500
vt 0.958333 0.062500
vt 1.000000 0.437500
vt 0.958333 0.500000
vt 0.958333 0.437500
vt 1.000000 0.875000
vt 0.958333 0.875000
vt 1.000000 0.375000
vt 0.958333 0.375000
vt 1.000000 0.812500
vt 0.958333 0.812500
vt 1.000000 0.312500
vt 0.958333 0.312500
vt 0.958333 0.750000
vt 0.958333 0.250000
vt 1.000000 0.687500
vt 0.958333 0.687500
vt 1.000000 0.187500
vt 0.958333 0.187500
vt 1.000000 0.625000
vt 0.958333 0.625000
vt 0.958333 0.125000
vt 1.000000 0.562500
vt 0.958333 0.562500
vt 0.916667 0.750000
vt 0.916667 0.687500
vt 0.916667 0.250000
vt 0.916667 0.187500
vt 0.916667 0.625000
vt 0.916667 0.125000
vt 0.916667 0.562500
vt 0.916667 0.062500
vt 0.916667 0.500000
vt 0.916667 0.937500
vt 0.937500 0.000000
vt 0.916667 0.437500
vt 0.916667 0.875000
vt 0.916667 0.375000
vt 0.916667 0.812500
vt 0.916667 0.312500
vt 0.875000 0.437500
vt 0.875000 0.937500
vt 0.875000 0.875000
vt 0.875000 0.375000
vt 0.875000 0.812500
vt 0.875000 0.312500
vt 0.875000 0.750000
vt 0.875000 0.687500
vt 0.875000 0.187500
vt 0.875000 0.625000
vt 0.875000 0.125000
vt 0.875000 0.562500
vt 0.875000 0.062500
vt 0.895833 1.000000
vt 0.895833 0.000000
vt 0.833333 0.250000
vt 0.833333 0.187500
vt 0.833333 0.687500
vt 0.833333 0.625000
vt 0.833333 0.125000
vt 0.833333 0.562500
vt 0.833333 0.062500
vt 0.833333 0.500000
vt 0.854167 1.000000
vt 0.833333 0.937500
vt 0.854167 0.000000
vt 0.833333 0.437500
vt 0.833333 0.875000
vt 0.833333 0.375000
vt 0.833333 0.812500
vt 0.833333 0.312500
vt 0.833333 0.750000
vt 0.791667 0.437500
vt 0.791667 0.375000
vt 0.791667 0.875000
vt 0.791667 0.812500
vt 0.791667 0.312500
vt 0.791667 0.750000
vt 0.791667 0.250000
vt 0.791667 0.687500
vt 0.791667 0.187500
vt 0.791667 0.625000
vt 0.791667 0.125000
vt 0.791667 0.562500
vt 0.791667 0.062500
vt 0.791667 0.500000
vt 0.791667 0.937500
vt 0.812500 0.000000
vt 0.770833 1.000000
vt 0.770833 0.000000
s 1
usemtl Atlas
f 1/1/1 7/1/2 186/1/3
f 1/1/1 186/1/3 182/1/4
f 1/1/1 182/1/4 187/1/5
f 1/1/1 187/1/5 8/1/6
f 1/1/1 8/1/6 36/1/7
f 1/1/1 36/1/7 9/1/8
f 1/1/1 9/1/8 35/1/9
f 1/1/1 35/1/9 7/1/2
f 2/1/10 34/1/11 65/1/12
f 2/1/10 65/1/12 18/1/13
f 2/1/10 18/1/13 191/1/14
f 2/1/10 191/1/14 185/1/15
f 2/1/10 185/1/15 189/1/16
f 2/1/10 189/1/16 11/1/17
f 2/1/10 11/1/17 40/1/18
f 2/1/10 40/1/18 34/1/11
f 58/1/19 27/1/20 20/1/21
f 58/1/19 20/1/21 52/1/22
f 13/1/23 11/1/17 189/1/16
f 13/1/23 189/1/16 190/1/24
f 3/1/25 23/1/26 48/1/27
f 3/1/25 48/1/27 30/1/28
f 3/1/25 30/1/28 50/1/29
f 3/1/25 50/1/29 24/1/30
f 3/1/25 24/1/30 35/1/9
f 3/1/25 35/1/9 9/1/8
f 3/1/25 9/1/8 36/1/7
f 3/1/25 36/1/7 23/1/26
f 68/1/31 37/1/32 25/1/33
f 68/1/31 25/1/33 66/1/34
f 69/1/35 46/1/36 14/1/37
f 69/1/35 14/1/37 67/1/38
f 4/1/39 183/1/40 188/1/41
f 4/1/39 188/1/41 10/1/42
f 4/1/39 10/1/42 39/1/43
f 4/1/39 39/1/43 12/1/44
f 4/1/39 12/1/44 36/1/7
f 4/1/39 36/1/7 8/1/6
f 4/1/39 8/1/6 187/1/5
f 4/1/39 187/1/5 183/1/40
f 7/1/2 13/1/23 190/1/24
f 7/1/2 190/1/24 186/1/3
f 41/1/45 17/1/46 32/1/47
f 41/1/45 32/1/47 64/1/48
f 67/1/38 14/1/37 37/1/32
f 67/1/38 37/1/32 68/1/31
f 78/1/49 43/1/50 17/1/46
f 78/1/49 17/1/46 72/1/51
f 32/1/47 17/1/46 43/1/50
f 32/1/47 43/1/50 44/1/52
f 5/1/53 10/1/42 188/1/41
f 5/1/53 188/1/41 184/1/54
f 5/1/53 184/1/54 192/1/55
f 5/1/53 192/1/55 19/1/56
f 5/1/53 19/1/56 45/1/57
f 5/1/53 45/1/57 16/1/58
f 5/1/53 16/1/58 39/1/43
f 5/1/53 39/1/43 10/1/42
f 80/1/59 74/1/60 22/1/61
f 80/1/59 22/1/61 60/1/62
f 72/1/51 17/1/46 41/1/45
f 72/1/51 41/1/45 76/1/63
f 50/1/29 52/1/22 20/1/21
f 50/1/29 20/1/21 24/1/30
f 40/1/18 42/1/64 20/1/21
f 40/1/18 20/1/21 27/1/20
f 77/2/65 75/2/66 26/2/67
f 77/2/65 26/2/67 38/2/68
f 62/1/69 33/1/70 27/1/20
f 62/1/69 27/1/20 58/1/19
f 6/1/71 21/1/72 56/1/73
f 6/1/71 56/1/73 28/1/74
f 6/1/71 28/1/74 48/1/27
f 6/1/71 48/1/27 23/1/26
f 6/1/71 23/1/26 36/1/7
f 6/1/71 36/1/7 12/1/44
f 6/1/71 12/1/44 39/1/43
f 6/1/71 39/1/43 21/1/72
f 64/1/48 40/1/18 27/1/20
f 64/1/48 27/1/20 33/1/70
f 24/1/30 20/1/21 42/1/64
f 24/1/30 42/1/64 35/1/9
f 60/1/62 22/1/61 33/1/70
f 60/1/62 33/1/70 62/1/69
f 41/1/45 64/1/48 33/1/70
f 41/1/45 33/1/70 22/1/61
f 64/1/48 32/1/47 34/1/11
f 64/1/48 34/1/11 40/1/18
f 44/1/52 65/1/12 34/1/11
f 44/1/52 34/1/11 32/1/47
f 40/1/18 11/1/17 13/1/23
f 40/1/18 13/1/23 42/1/64
f 35/1/9 42/1/64 13/1/23
f 35/1/9 13/1/23 7/1/2
f 70/1/75 66/1/34 25/1/33
f 70/1/75 25/1/33 54/1/76
f 56/1/73 21/1/72 66/1/34
f 56/1/73 66/1/34 70/1/75
f 16/1/58 67/1/38 68/1/31
f 16/1/58 68/1/31 39/1/43
f 45/1/57 69/1/35 67/1/38
f 45/1/57 67/1/38 16/1/58
f 39/1/43 68/1/31 66/1/34
f 39/1/43 66/1/34 21/1/72
f 41/1/45 22/1/61 74/1/60
f 41/1/45 74/1/60 76/1/63
f 15/2/77 73/2/78 77/2/65
f 15/2/77 77/2/65 38/2/68
f 55/2/79 26/2/67 75/2/66
f 55/2/79 75/2/66 81/2/80
f 47/2/81 79/2/82 73/2/78
f 47/2/81 73/2/78 15/2/77
f 61/2/83 90/2/84 93/2/85
f 61/2/83 93/2/85 81/2/80
f 59/2/86 89/2/87 91/2/88
f 59/2/86 91/2/88 63/2/89
f 31/2/90 83/2/91 85/2/92
f 31/2/90 85/2/92 51/2/93
f 81/2/80 93/2/85 87/2/94
f 81/2/80 87/2/94 55/2/79
f 53/2/95 86/2/96 89/2/87
f 53/2/95 89/2/87 59/2/86
f 29/2/97 82/2/98 84/2/99
f 29/2/97 84/2/99 49/2/100
f 49/2/100 84/2/99 83/2/91
f 49/2/100 83/2/91 31/2/90
f 71/2/101 92/2/102 88/2/103
f 71/2/101 88/2/103 57/2/104
f 51/2/93 85/2/92 86/2/96
f 51/2/93 86/2/96 53/2/95
f 57/2/104 88/2/103 82/2/98
f 57/2/104 82/2/98 29/2/97
f 63/2/89 91/2/88 90/2/84
f 63/2/89 90/2/84 61/2/83
f 55/2/79 87/2/94 92/2/102
f 55/2/79 92/2/102 71/2/101
f 19/1/56 95/1/105 98/1/106
f 19/1/56 98/1/106 45/1/57
f 18/1/13 94/1/107 229/1/108
f 18/1/13 229/1/108 191/1/14
f 45/1/57 98/1/106 102/1/109
f 45/1/57 102/1/109 69/1/35
f 78/1/49 103/1/110 96/1/111
f 78/1/49 96/1/111 43/1/50
f 43/1/50 96/1/111 97/1/112
f 43/1/50 97/1/112 44/1/52
f 44/1/52 97/1/112 101/1/113
f 44/1/52 101/1/113 65/1/12
f 69/1/35 102/1/109 99/1/114
f 69/1/35 99/1/114 46/1/36
f 192/1/55 230/1/115 95/1/105
f 192/1/55 95/1/105 19/1/56
f 47/2/81 100/2/116 104/2/117
f 47/2/81 104/2/117 79/2/82
f 65/1/12 101/1/113 94/1/107
f 65/1/12 94/1/107 18/1/13
f 83/2/91 84/2/99 107/2/118
f 83/2/91 107/2/118 106/2/119
f 86/2/96 85/2/92 108/2/120
f 86/2/96 108/2/120 109/2/121
f 82/2/98 88/2/103 111/2/122
f 82/2/98 111/2/122 105/2/123
f 90/2/84 91/2/88 114/2/124
f 90/2/84 114/2/124 113/2/125
f 92/2/102 87/2/94 110/2/126
f 92/2/102 110/2/126 115/2/127
f 93/2/85 90/2/84 113/2/125
f 93/2/85 113/2/125 116/2/128
f 88/2/103 92/2/102 115/2/127
f 88/2/103 115/2/127 111/2/122
f 91/2/88 89/2/87 112/2/129
f 91/2/88 112/2/129 114/2/124
f 85/2/92 83/2/91 106/2/119
f 85/2/92 106/2/119 108/2/120
f 89/2/87 86/2/96 109/2/121
f 89/2/87 109/2/121 112/2/129
f 87/2/94 93/2/85 116/2/128
f 87/2/94 116/2/128 110/2/126
f 84/2/99 82/2/98 105/2/123
f 84/2/99 105/2/123 107/2/118
f 117/1/130 182/1/4 186/1/3
f 117/1/130 186/1/3 123/1/131
f 117/1/130 124/1/132 187/1/5
f 117/1/130 187/1/5 182/1/4
f 117/1/130 125/1/133 152/1/134
f 117/1/130 152/1/134 124/1/132
f 117/1/130 123/1/131 151/1/135
f 117/1/130 151/1/135 125/1/133
f 118/1/136 134/1/137 181/1/138
f 118/1/136 181/1/138 150/1/139
f 118/1/136 185/1/15 191/1/14
f 118/1/136 191/1/14 134/1/137
f 118/1/136 127/1/140 189/1/16
f 118/1/136 189/1/16 185/1/15
f 118/1/136 150/1/139 156/1/141
f 118/1/136 156/1/141 127/1/140
f 174/1/142 168/1/143 136/1/144
f 174/1/142 136/1/144 143/1/145
f 129/1/146 190/1/24 189/1/16
f 129/1/146 189/1/16 127/1/140
f 119/1/147 146/1/148 164/1/149
f 119/1/147 164/1/149 139/1/150
f 119/1/147 140/1/151 166/1/152
f 119/1/147 166/1/152 146/1/148
f 119/1/147 125/1/133 151/1/135
f 119/1/147 151/1/135 140/1/151
f 119/1/147 139/1/150 152/1/134
f 119/1/147 152/1/134 125/1/133
f 195/1/153 193/1/154 141/1/155
f 195/1/153 141/1/155 153/1/156
f 196/1/157 194/1/158 130/1/159
f 196/1/157 130/1/159 162/1/160
f 120/1/161 126/1/162 188/1/41
f 120/1/161 188/1/41 183/1/40
f 120/1/161 128/1/163 155/1/164
f 120/1/161 155/1/164 126/1/162
f 120/1/161 124/1/132 152/1/134
f 120/1/161 152/1/134 128/1/163
f 120/1/161 183/1/40 187/1/5
f 120/1/161 187/1/5 124/1/132
f 123/1/131 186/1/3 190/1/24
f 123/1/131 190/1/24 129/1/146
f 157/1/165 180/1/166 148/1/167
f 157/1/165 148/1/167 133/1/168
f 194/1/158 195/1/153 153/1/156
f 194/1/158 153/1/156 130/1/159
f 205/1/169 199/1/170 133/1/168
f 205/1/169 133/1/168 159/1/171
f 148/1/167 160/1/172 159/1/171
f 148/1/167 159/1/171 133/1/168
f 121/1/173 184/1/54 188/1/41
f 121/1/173 188/1/41 126/1/162
f 121/1/173 135/1/174 192/1/55
f 121/1/173 192/1/55 184/1/54
f 121/1/173 132/1/175 161/1/176
f 121/1/173 161/1/176 135/1/174
f 121/1/173 126/1/162 155/1/164
f 121/1/173 155/1/164 132/1/175
f 207/1/177 176/1/178 138/1/179
f 207/1/177 138/1/179 201/1/180
f 199/1/170 203/1/181 157/1/165
f 199/1/170 157/1/165 133/1/168
f 166/1/152 140/1/151 136/1/144
f 166/1/152 136/1/144 168/1/143
f 156/1/141 143/1/145 136/1/144
f 156/1/141 136/1/144 158/1/182
f 204/2/183 154/2/184 142/2/185
f 204/2/183 142/2/185 202/2/186
f 178/1/187 174/1/142 143/1/145
f 178/1/187 143/1/145 149/1/188
f 122/1/189 144/1/190 172/1/191
f 122/1/189 172/1/191 137/1/192
f 122/1/189 139/1/150 164/1/149
f 122/1/189 164/1/149 144/1/190
f 122/1/189 128/1/163 152/1/134
f 122/1/189 152/1/134 139/1/150
f 122/1/189 137/1/192 155/1/164
f 122/1/189 155/1/164 128/1/163
f 180/1/166 149/1/188 143/1/145
f 180/1/166 143/1/145 156/1/141
f 140/1/151 151/1/135 158/1/182
f 140/1/151 158/1/182 136/1/144
f 176/1/178 178/1/187 149/1/188
f 176/1/178 149/1/188 138/1/179
f 157/1/165 138/1/179 149/1/188
f 157/1/165 149/1/188 180/1/166
f 180/1/166 156/1/141 150/1/139
f 180/1/166 150/1/139 148/1/167
f 160/1/172 148/1/167 150/1/139
f 160/1/172 150/1/139 181/1/138
f 156/1/141 158/1/182 129/1/146
f 156/1/141 129/1/146 127/1/140
f 151/1/135 123/1/131 129/1/146
f 151/1/135 129/1/146 158/1/182
f 197/1/193 170/1/194 141/1/155
f 197/1/193 141/1/155 193/1/154
f 172/1/191 197/1/193 193/1/154
f 172/1/191 193/1/154 137/1/192
f 132/1/175 155/1/164 195/1/153
f 132/1/175 195/1/153 194/1/158
f 161/1/176 132/1/175 194/1/158
f 161/1/176 194/1/158 196/1/157
f 155/1/164 137/1/192 193/1/154
f 155/1/164 193/1/154 195/1/153
f 157/1/165 203/1/181 201/1/180
f 157/1/165 201/1/180 138/1/179
f 131/2/195 154/2/184 204/2/183
f 131/2/195 204/2/183 200/2/196
f 171/2/194 208/2/177 202/2/186
f 171/2/194 202/2/186 142/2/185
f 163/2/197 131/2/195 200/2/196
f 163/2/197 200/2/196 206/2/198
f 177/2/178 208/2/177 220/2/199
f 177/2/178 220/2/199 217/2/200
f 175/2/142 179/2/187 218/2/201
f 175/2/142 218/2/201 216/2/202
f 147/2/148 167/2/152 212/2/203
f 147/2/148 212/2/203 210/2/204
f 208/2/177 171/2/194 214/2/205
f 208/2/177 214/2/205 220/2/199
f 169/2/143 175/2/142 216/2/202
f 169/2/143 216/2/202 213/2/206
f 145/2/207 165/2/208 211/2/209
f 145/2/207 211/2/209 209/2/210
f 165/2/208 147/2/148 210/2/204
f 165/2/208 210/2/204 211/2/209
f 198/2/211 173/2/191 215/2/212
f 198/2/211 215/2/212 219/2/213
f 167/2/152 169/2/143 213/2/206
f 167/2/152 213/2/206 212/2/203
f 173/2/191 145/2/207 209/2/210
f 173/2/191 209/2/210 215/2/212
f 179/2/187 177/2/178 217/2/200
f 179/2/187 217/2/200 218/2/201
f 171/2/194 198/2/211 219/2/213
f 171/2/194 219/2/213 214/2/205
f 135/1/174 161/1/176 225/1/214
f 135/1/174 225/1/214 222/1/215
f 134/1/137 191/1/14 229/1/108
f 134/1/137 229/1/108 221/1/216
f 161/1/176 196/1/157 231/1/217
f 161/1/176 231/1/217 225/1/214
f 205/1/169 159/1/171 223/1/218
f 205/1/169 223/1/218 232/1/219
f 159/1/171 160/1/172 224/1/220
f 159/1/171 224/1/220 223/1/218
f 160/1/172 181/1/138 228/1/221
f 160/1/172 228/1/221 224/1/220
f 196/1/157 162/1/160 226/1/222
f 196/1/157 226/1/222 231/1/217
f 192/1/55 135/1/174 222/1/215
f 192/1/55 222/1/215 230/1/115
f 163/2/197 206/2/198 233/2/223
f 163/2/197 233/2/223 227/2/224
f 181/1/138 134/1/137 221/1/216
f 181/1/138 221/1/216 228/1/221
f 210/2/204 235/2/225 236/2/226
f 210/2/204 236/2/226 211/2/209
f 213/2/206 238/2/227 237/2/228
f 213/2/206 237/2/228 212/2/203
f 209/2/210 234/2/229 240/2/230
f 209/2/210 240/2/230 215/2/212
f 217/2/200 242/2/231 243/2/232
f 217/2/200 243/2/232 218/2/201
f 219/2/213 244/2/233 239/2/234
f 219/2/213 239/2/234 214/2/205
f 220/2/199 245/2/235 242/2/231
f 220/2/199 242/2/231 217/2/200
f 215/2/212 240/2/230 244/2/233
f 215/2/212 244/2/233 219/2/213
f 218/2/201 243/2/232 241/2/236
f 218/2/201 241/2/236 216/2/202
f 212/2/203 237/2/228 235/2/225
f 212/2/203 235/2/225 210/2/204
f 216/2/202 241/2/236 238/2/227
f 216/2/202 238/2/227 213/2/206
f 214/2/205 239/2/234 245/2/235
f 214/2/205 245/2/235 220/2/199
f 211/2/209 236/2/226 234/2/229
f 211/2/209 234/2/229 209/2/210
f 279/3/237 258/3/238 263/3/239
f 279/3/237 263/3/239 283/3/240
f 312/3/241 274/3/242 406/3/243
f 312/3/241 406/3/243 440/3/244
f 313/3/245 273/3/246 250/3/247
f 313/3/245 250/3/247 307/3/248
f 436/3/249 313/3/245 288/3/250
f 436/3/249 288/3/250 413/3/251
f 316/3/252 308/3/253 269/3/254
f 316/3/252 269/3/254 294/3/255
f 307/3/248 250/3/247 272/3/256
f 307/3/248 272/3/256 316/3/252
f 317/3/257 309/3/258 267/3/259
f 317/3/257 267/3/259 296/3/260
f 308/3/253 251/3/261 275/3/262
f 308/3/253 275/3/262 317/3/257
f 309/3/258 259/3/263 280/3/264
f 309/3/258 280/3/264 314/3/265
f 314/3/265 280/3/264 262/3/266
f 314/3/265 262/3/266 310/3/267
f 276/3/268 407/3/269 357/3/270
f 276/3/268 357/3/270 252/3/271
f 246/3/272 253/3/273 275/3/262
f 246/3/272 275/3/262 251/3/261
f 246/3/272 251/3/261 272/3/256
f 246/3/272 272/3/256 254/3/274
f 246/3/272 254/3/274 276/3/268
f 246/3/272 276/3/268 252/3/271
f 246/3/272 252/3/271 277/3/275
f 246/3/272 277/3/275 253/3/273
f 276/3/268 255/3/276 358/3/277
f 276/3/268 358/3/277 407/3/269
f 252/3/271 357/3/270 408/3/278
f 252/3/271 408/3/278 277/3/275
f 409/3/279 278/3/280 256/3/281
f 409/3/279 256/3/281 360/3/282
f 358/3/277 255/3/276 278/3/280
f 358/3/277 278/3/280 409/3/279
f 408/3/278 363/3/283 257/3/284
f 408/3/278 257/3/284 277/3/275
f 360/3/282 256/3/281 273/3/246
f 360/3/282 273/3/246 405/3/285
f 247/3/286 254/3/274 272/3/256
f 247/3/286 272/3/256 250/3/247
f 247/3/286 250/3/247 273/3/246
f 247/3/286 273/3/246 256/3/281
f 247/3/286 256/3/281 278/3/280
f 247/3/286 278/3/280 255/3/276
f 247/3/286 255/3/276 276/3/268
f 247/3/286 276/3/268 254/3/274
f 279/3/237 410/3/287 365/3/288
f 279/3/237 365/3/288 258/3/238
f 257/3/284 363/3/283 411/3/289
f 257/3/284 411/3/289 281/3/290
f 258/3/238 365/3/288 406/3/243
f 258/3/238 406/3/243 274/3/242
f 263/3/239 258/3/238 274/3/242
f 263/3/239 274/3/242 282/3/291
f 281/3/290 411/3/289 368/3/292
f 281/3/290 368/3/292 260/3/293
f 248/3/294 259/3/263 275/3/262
f 248/3/294 275/3/262 253/3/273
f 248/3/294 253/3/273 277/3/275
f 248/3/294 277/3/275 257/3/284
f 248/3/294 257/3/284 281/3/290
f 248/3/294 281/3/290 261/3/295
f 248/3/294 261/3/295 280/3/264
f 248/3/294 280/3/264 259/3/263
f 260/3/293 368/3/292 412/3/296
f 260/3/293 412/3/296 283/3/240
f 310/3/267 262/3/266 282/3/291
f 310/3/267 282/3/291 315/3/297
f 315/3/297 312/3/241 286/3/298
f 315/3/297 286/3/298 292/3/299
f 410/3/287 279/3/237 283/3/240
f 410/3/287 283/3/240 412/3/296
f 249/3/300 262/3/266 280/3/264
f 249/3/300 280/3/264 261/3/295
f 249/3/300 261/3/295 281/3/290
f 249/3/300 281/3/290 260/3/293
f 249/3/300 260/3/293 283/3/240
f 249/3/300 283/3/240 263/3/239
f 249/3/300 263/3/239 282/3/291
f 249/3/300 282/3/291 262/3/266
f 319/3/301 321/3/302 299/3/303
f 319/3/301 299/3/303 305/3/304
f 447/3/305 323/3/306 302/3/307
f 447/3/305 302/3/307 427/3/308
f 325/3/309 454/3/310 428/3/311
f 325/3/309 428/3/311 301/3/312
f 327/3/313 325/3/309 301/3/312
f 327/3/313 301/3/312 304/3/314
f 321/3/302 329/3/315 306/3/316
f 321/3/302 306/3/316 299/3/303
f 329/3/315 331/3/317 298/3/318
f 329/3/315 298/3/318 306/3/316
f 333/3/319 335/3/320 297/3/321
f 333/3/319 297/3/321 303/3/322
f 323/3/306 337/3/323 300/3/324
f 323/3/306 300/3/324 302/3/307
f 331/3/317 333/3/319 303/3/322
f 331/3/317 303/3/322 298/3/318
f 335/3/320 327/3/313 304/3/314
f 335/3/320 304/3/314 297/3/321
f 337/3/323 319/3/301 305/3/304
f 337/3/323 305/3/304 300/3/324
f 282/3/291 274/3/242 312/3/241
f 282/3/291 312/3/241 315/3/297
f 265/3/325 310/3/267 315/3/297
f 265/3/325 315/3/297 292/3/299
f 290/3/326 314/3/265 310/3/267
f 290/3/326 310/3/267 265/3/325
f 267/3/259 309/3/258 314/3/265
f 267/3/259 314/3/265 290/3/326
f 269/3/254 308/3/253 317/3/257
f 269/3/254 317/3/257 296/3/260
f 275/3/262 259/3/263 309/3/258
f 275/3/262 309/3/258 317/3/257
f 271/3/327 307/3/248 316/3/252
f 271/3/327 316/3/252 294/3/255
f 272/3/256 251/3/261 308/3/253
f 272/3/256 308/3/253 316/3/252
f 405/3/285 273/3/246 313/3/245
f 405/3/285 313/3/245 436/3/249
f 288/3/250 313/3/245 307/3/248
f 288/3/250 307/3/248 271/3/327
f 285/4/328 311/4/329 439/4/330
f 285/4/328 439/4/330 415/4/331
f 270/3/332 293/3/333 318/3/334
f 270/3/332 318/3/334 336/3/335
f 264/3/336 291/3/337 326/3/338
f 264/3/336 326/3/338 334/3/339
f 266/3/340 289/3/341 332/3/342
f 266/3/340 332/3/342 330/3/343
f 287/3/344 270/3/332 336/3/335
f 287/3/344 336/3/335 322/3/345
f 289/3/341 264/3/336 334/3/339
f 289/3/341 334/3/339 332/3/342
f 295/3/346 266/3/340 330/3/343
f 295/3/346 330/3/343 328/3/347
f 268/3/348 295/3/346 328/3/347
f 268/3/348 328/3/347 320/3/349
f 291/3/337 284/3/350 324/3/351
f 291/3/337 324/3/351 326/3/338
f 284/3/350 416/3/352 453/3/353
f 284/3/350 453/3/353 324/3/351
f 414/3/354 287/3/344 322/3/345
f 414/3/354 322/3/345 448/3/355
f 293/3/333 268/3/348 320/3/349
f 293/3/333 320/3/349 318/3/334
f 303/3/322 297/3/321 338/3/356
f 303/3/322 338/3/356 344/3/357
f 302/3/307 300/3/324 341/3/358
f 302/3/307 341/3/358 343/3/359
f 298/3/318 303/3/322 344/3/357
f 298/3/318 344/3/357 339/3/360
f 297/3/321 304/3/314 345/3/361
f 297/3/321 345/3/361 338/3/356
f 300/3/324 305/3/304 346/3/362
f 300/3/324 346/3/362 341/3/358
f 305/3/304 299/3/303 340/3/363
f 305/3/304 340/3/363 346/3/362
f 427/3/308 302/3/307 343/3/359
f 427/3/308 343/3/359 477/3/364
f 301/3/312 428/3/311 478/3/365
f 301/3/312 478/3/365 342/3/366
f 304/3/314 301/3/312 342/3/366
f 304/3/314 342/3/366 345/3/361
f 299/3/303 306/3/316 347/3/367
f 299/3/303 347/3/367 340/3/363
f 306/3/316 298/3/318 339/3/360
f 306/3/316 339/3/360 347/3/367
f 387/3/368 391/3/369 371/3/370
f 387/3/368 371/3/370 364/3/371
f 434/3/372 440/3/244 406/3/243
f 434/3/372 406/3/243 382/3/373
f 435/3/374 429/3/375 352/3/376
f 435/3/374 352/3/376 381/3/377
f 436/3/249 413/3/251 395/3/378
f 436/3/249 395/3/378 435/3/374
f 441/3/379 401/3/380 376/3/381
f 441/3/379 376/3/381 430/3/382
f 429/3/375 441/3/379 380/3/383
f 429/3/375 380/3/383 352/3/376
f 442/3/384 403/3/385 374/3/386
f 442/3/384 374/3/386 431/3/387
f 430/3/382 442/3/384 383/3/388
f 430/3/382 383/3/388 353/3/389
f 431/3/387 437/3/390 388/3/391
f 431/3/387 388/3/391 366/3/392
f 437/3/390 432/3/393 370/3/394
f 437/3/390 370/3/394 388/3/391
f 384/3/395 354/3/396 357/3/270
f 384/3/395 357/3/270 407/3/269
f 348/3/397 353/3/389 383/3/388
f 348/3/397 383/3/388 355/3/398
f 348/3/397 356/3/399 380/3/383
f 348/3/397 380/3/383 353/3/389
f 348/3/397 354/3/396 384/3/395
f 348/3/397 384/3/395 356/3/399
f 348/3/397 355/3/398 385/3/400
f 348/3/397 385/3/400 354/3/396
f 384/3/395 407/3/269 358/3/277
f 384/3/395 358/3/277 359/3/401
f 354/3/396 385/3/400 408/3/278
f 354/3/396 408/3/278 357/3/270
f 409/3/279 360/3/282 361/3/402
f 409/3/279 361/3/402 386/3/403
f 358/3/277 409/3/279 386/3/403
f 358/3/277 386/3/403 359/3/401
f 408/3/278 385/3/400 362/3/404
f 408/3/278 362/3/404 363/3/283
f 360/3/282 405/3/285 381/3/377
f 360/3/282 381/3/377 361/3/402
f 349/3/405 352/3/376 380/3/383
f 349/3/405 380/3/383 356/3/399
f 349/3/405 361/3/402 381/3/377
f 349/3/405 381/3/377 352/3/376
f 349/3/405 359/3/401 386/3/403
f 349/3/405 386/3/403 361/3/402
f 349/3/405 356/3/399 384/3/395
f 349/3/405 384/3/395 359/3/401
f 387/3/368 364/3/371 365/3/288
f 387/3/368 365/3/288 410/3/287
f 362/3/404 389/3/406 411/3/289
f 362/3/404 411/3/289 363/3/283
f 364/3/371 382/3/373 406/3/243
f 364/3/371 406/3/243 365/3/288
f 371/3/370 390/3/407 382/3/373
f 371/3/370 382/3/373 364/3/371
f 389/3/406 367/3/408 368/3/292
f 389/3/406 368/3/292 411/3/289
f 350/3/409 355/3/398 383/3/388
f 350/3/409 383/3/388 366/3/392
f 350/3/409 362/3/404 385/3/400
f 350/3/409 385/3/400 355/3/398
f 350/3/409 369/3/410 389/3/406
f 350/3/409 389/3/406 362/3/404
f 350/3/409 366/3/392 388/3/391
f 350/3/409 388/3/391 369/3/410
f 367/3/408 391/3/369 412/3/296
f 367/3/408 412/3/296 368/3/292
f 432/3/393 438/3/411 390/3/407
f 432/3/393 390/3/407 370/3/394
f 438/3/411 399/3/412 393/3/413
f 438/3/411 393/3/413 434/3/372
f 410/3/287 412/3/296 391/3/369
f 410/3/287 391/3/369 387/3/368
f 351/3/414 369/3/410 388/3/391
f 351/3/414 388/3/391 370/3/394
f 351/3/414 367/3/408 389/3/406
f 351/3/414 389/3/406 369/3/410
f 351/3/414 371/3/370 391/3/369
f 351/3/414 391/3/369 367/3/408
f 351/3/414 370/3/394 390/3/407
f 351/3/414 390/3/407 371/3/370
f 443/3/415 425/3/416 419/3/417
f 443/3/415 419/3/417 445/3/418
f 447/3/305 427/3/308 422/3/419
f 447/3/305 422/3/419 449/3/420
f 451/3/421 421/3/422 428/3/311
f 451/3/421 428/3/311 454/3/310
f 455/3/423 424/3/424 421/3/422
f 455/3/423 421/3/422 451/3/421
f 445/3/418 419/3/417 426/3/425
f 445/3/418 426/3/425 457/3/426
f 457/3/426 426/3/425 418/3/427
f 457/3/426 418/3/427 459/3/428
f 461/3/429 423/3/430 417/3/431
f 461/3/429 417/3/431 463/3/432
f 449/3/420 422/3/419 420/3/433
f 449/3/420 420/3/433 465/3/434
f 459/3/428 418/3/427 423/3/430
f 459/3/428 423/3/430 461/3/429
f 463/3/432 417/3/431 424/3/424
f 463/3/432 424/3/424 455/3/423
f 465/3/434 420/3/433 425/3/416
f 465/3/434 425/3/416 443/3/415
f 390/3/407 438/3/411 434/3/372
f 390/3/407 434/3/372 382/3/373
f 372/3/435 399/3/412 438/3/411
f 372/3/435 438/3/411 432/3/393
f 397/3/436 372/3/435 432/3/393
f 397/3/436 432/3/393 437/3/390
f 374/3/386 397/3/436 437/3/390
f 374/3/386 437/3/390 431/3/387
f 376/3/381 403/3/385 442/3/384
f 376/3/381 442/3/384 430/3/382
f 383/3/388 442/3/384 431/3/387
f 383/3/388 431/3/387 366/3/392
f 378/3/437 401/3/380 441/3/379
f 378/3/437 441/3/379 429/3/375
f 380/3/383 441/3/379 430/3/382
f 380/3/383 430/3/382 353/3/389
f 405/3/285 436/3/249 435/3/374
f 405/3/285 435/3/374 381/3/377
f 395/3/378 378/3/437 429/3/375
f 395/3/378 429/3/375 435/3/374
f 392/4/438 415/4/331 439/4/330
f 392/4/438 439/4/330 433/4/439
f 379/3/440 466/3/441 444/3/442
f 379/3/440 444/3/442 402/3/443
f 373/3/444 464/3/445 456/3/446
f 373/3/444 456/3/446 400/3/447
f 375/3/448 460/3/449 462/3/450
f 375/3/448 462/3/450 398/3/451
f 396/3/452 450/3/453 466/3/441
f 396/3/452 466/3/441 379/3/440
f 398/3/451 462/3/450 464/3/445
f 398/3/451 464/3/445 373/3/444
f 404/3/454 458/3/455 460/3/449
f 404/3/454 460/3/449 375/3/448
f 377/3/456 446/3/457 458/3/455
f 377/3/456 458/3/455 404/3/454
f 400/3/447 456/3/446 452/3/458
f 400/3/447 452/3/458 394/3/459
f 394/3/459 452/3/458 453/3/353
f 394/3/459 453/3/353 416/3/352
f 414/3/354 448/3/355 450/3/453
f 414/3/354 450/3/453 396/3/452
f 402/3/443 444/3/442 446/3/457
f 402/3/443 446/3/457 377/3/456
f 423/3/430 473/3/460 467/3/461
f 423/3/430 467/3/461 417/3/431
f 422/3/419 472/3/462 470/3/463
f 422/3/419 470/3/463 420/3/433
f 418/3/427 468/3/464 473/3/460
f 418/3/427 473/3/460 423/3/430
f 417/3/431 467/3/461 474/3/465
f 417/3/431 474/3/465 424/3/424
f 420/3/433 470/3/463 475/3/466
f 420/3/433 475/3/466 425/3/416
f 425/3/416 475/3/466 469/3/467
f 425/3/416 469/3/467 419/3/417
f 427/3/308 477/3/364 472/3/462
f 427/3/308 472/3/462 422/3/419
f 421/3/422 471/3/468 478/3/365
f 421/3/422 478/3/365 428/3/311
f 424/3/424 474/3/465 471/3/468
f 424/3/424 471/3/468 421/3/422
f 419/3/417 469/3/467 476/3/469
f 419/3/417 476/3/469 426/3/425
f 426/3/425 476/3/469 468/3/464
f 426/3/425 468/3/464 418/3/427
f 592/5/470 482/5/471 489/5/472
f 592/5/470 489/5/472 490/5/473
f 591/5/474 480/5/475 486/5/476
f 591/5/474 486/5/476 487/5/477
f 483/5/478 592/5/470 490/5/473
f 483/5/478 490/5/473 491/5/479
f 481/5/480 591/5/474 487/5/477
f 481/5/480 487/5/477 488/5/481
f 479/5/482 590/5/483 485/5/484
f 484/5/485 483/5/478 491/5/479
f 484/5/485 491/5/479 492/5/486
f 482/5/471 481/5/480 488/5/481
f 482/5/471 488/5/481 489/5/472
f 480/5/475 479/5/482 485/5/484
f 480/5/475 485/5/484 486/5/476
f 549/5/487 484/5/485 492/5/486
f 491/5/479 490/5/473 498/5/488
f 491/5/479 498/5/488 499/5/489
f 488/5/481 487/5/477 495/5/490
f 488/5/481 495/5/490 496/5/491
f 485/5/484 590/5/483 493/5/492
f 492/5/486 491/5/479 499/5/489
f 492/5/486 499/5/489 500/5/493
f 489/5/472 488/5/481 496/5/491
f 489/5/472 496/5/491 497/5/494
f 486/5/476 485/5/484 493/5/492
f 486/5/476 493/5/492 494/5/495
f 549/5/487 492/5/486 500/5/493
f 490/5/473 489/5/472 497/5/494
f 490/5/473 497/5/494 498/5/488
f 487/5/477 486/5/476 494/5/495
f 487/5/477 494/5/495 495/5/490
f 497/5/494 496/5/491 504/5/496
f 497/5/494 504/5/496 505/5/497
f 494/5/495 493/5/492 501/5/498
f 494/5/495 501/5/498 502/5/499
f 549/5/487 500/5/493 508/5/500
f 498/5/488 497/5/494 505/5/497
f 498/5/488 505/5/497 506/5/501
f 495/5/490 494/5/495 502/5/499
f 495/5/490 502/5/499 503/5/502
f 499/5/489 498/5/488 506/5/501
f 499/5/489 506/5/501 507/5/503
f 496/5/491 495/5/490 503/5/502
f 496/5/491 503/5/502 504/5/496
f 493/5/492 590/5/483 501/5/498
f 500/5/493 499/5/489 507/5/503
f 500/5/493 507/5/503 508/5/500
f 503/5/502 502/5/499 510/5/504
f 503/5/502 510/5/504 511/5/505
f 507/5/503 506/5/501 514/5/506
f 507/5/503 514/5/506 515/5/507
f 504/5/496 503/5/502 511/5/505
f 504/5/496 511/5/505 512/5/508
f 501/5/498 590/5/483 509/5/509
f 508/5/500 507/5/503 515/5/507
f 508/5/500 515/5/507 516/5/510
f 505/5/497 504/5/496 512/5/508
f 505/5/497 512/5/508 513/5/511
f 502/5/499 501/5/498 509/5/509
f 502/5/499 509/5/509 510/5/504
f 549/5/487 508/5/500 516/5/510
f 506/5/501 505/5/497 513/5/511
f 506/5/501 513/5/511 514/5/506
f 509/5/509 590/5/483 517/5/512
f 516/5/510 515/5/507 523/5/513
f 516/5/510 523/5/513 524/5/514
f 513/5/511 512/5/508 520/5/515
f 513/5/511 520/5/515 521/5/516
f 510/5/504 509/5/509 517/5/512
f 510/5/504 517/5/512 518/5/517
f 549/5/487 516/5/510 524/5/514
f 514/5/506 513/5/511 521/5/516
f 514/5/506 521/5/516 522/5/518
f 511/5/505 510/5/504 518/5/517
f 511/5/505 518/5/517 519/5/519
f 515/5/507 514/5/506 522/5/518
f 515/5/507 522/5/518 523/5/513
f 512/5/508 511/5/505 519/5/519
f 512/5/508 519/5/519 520/5/515
f 522/5/518 521/5/516 529/5/520
f 522/5/518 529/5/520 530/5/521
f 519/5/519 518/5/517 526/5/522
f 519/5/519 526/5/522 527/5/523
f 523/5/513 522/5/518 530/5/521
f 523/5/513 530/5/521 531/5/524
f 520/5/515 519/5/519 527/5/523
f 520/5/515 527/5/523 528/5/525
f 517/5/512 590/5/483 525/5/526
f 524/5/514 523/5/513 531/5/524
f 524/5/514 531/5/524 532/5/527
f 521/5/516 520/5/515 528/5/525
f 521/5/516 528/5/525 529/5/520
f 518/5/517 517/5/512 525/5/526
f 518/5/517 525/5/526 526/5/522
f 549/5/487 524/5/514 532/5/527
f 528/5/525 527/5/523 535/5/528
f 528/5/525 535/5/528 536/5/529
f 525/5/526 590/5/483 533/5/530
f 532/5/527 531/5/524 539/5/531
f 532/5/527 539/5/531 540/5/532
f 529/5/520 528/5/525 536/5/529
f 529/5/520 536/5/529 537/5/533
f 526/5/522 525/5/526 533/5/530
f 526/5/522 533/5/530 534/5/534
f 549/5/487 532/5/527 540/5/532
f 530/5/521 529/5/520 537/5/533
f 530/5/521 537/5/533 538/5/535
f 527/5/523 526/5/522 534/5/534
f 527/5/523 534/5/534 535/5/528
f 531/5/524 530/5/521 538/5/535
f 531/5/524 538/5/535 539/5/531
f 534/5/534 533/5/530 541/5/536
f 534/5/534 541/5/536 542/5/537
f 549/5/487 540/5/532 548/5/538
f 538/5/535 537/5/533 545/5/539
f 538/5/535 545/5/539 546/5/540
f 535/5/528 534/5/534 542/5/537
f 535/5/528 542/5/537 543/5/541
f 539/5/531 538/5/535 546/5/540
f 539/5/531 546/5/540 547/5/542
f 536/5/529 535/5/528 543/5/541
f 536/5/529 543/5/541 544/5/543
f 533/5/530 590/5/483 541/5/536
f 540/5/532 539/5/531 547/5/542
f 540/5/532 547/5/542 548/5/538
f 537/5/533 536/5/529 544/5/543
f 537/5/533 544/5/543 545/5/539
f 547/5/542 546/5/540 555/5/544
f 547/5/542 555/5/544 556/5/545
f 544/5/543 543/5/541 552/5/546
f 544/5/543 552/5/546 553/5/547
f 541/5/536 590/5/483 550/5/548
f 548/5/538 547/5/542 556/5/545
f 548/5/538 556/5/545 557/5/549
f 545/5/539 544/5/543 553/5/547
f 545/5/539 553/5/547 554/5/550
f 542/5/537 541/5/536 550/5/548
f 542/5/537 550/5/548 551/5/551
f 549/5/487 548/5/538 557/5/549
f 546/5/540 545/5/539 554/5/550
f 546/5/540 554/5/550 555/5/544
f 543/5/541 542/5/537 551/5/551
f 543/5/541 551/5/551 552/5/546
f 557/5/549 556/5/545 564/5/552
f 557/5/549 564/5/552 565/5/553
f 554/5/550 553/5/547 561/5/554
f 554/5/550 561/5/554 562/5/555
f 551/5/551 550/5/548 558/5/556
f 551/5/551 558/5/556 559/5/557
f 549/5/487 557/5/549 565/5/553
f 555/5/544 554/5/550 562/5/555
f 555/5/544 562/5/555 563/5/558
f 552/5/546 551/5/551 559/5/557
f 552/5/546 559/5/557 560/5/559
f 556/5/545 555/5/544 563/5/558
f 556/5/545 563/5/558 564/5/552
f 553/5/547 552/5/546 560/5/559
f 553/5/547 560/5/559 561/5/554
f 550/5/548 590/5/483 558/5/556
f 563/5/558 562/5/555 570/5/560
f 563/5/558 570/5/560 571/5/561
f 560/5/559 559/5/557 567/5/562
f 560/5/559 567/5/562 568/5/563
f 564/5/552 563/5/558 571/5/561
f 564/5/552 571/5/561 572/5/564
f 561/5/554 560/5/559 568/5/563
f 561/5/554 568/5/563 569/5/565
f 558/5/556 590/5/483 566/5/566
f 565/5/553 564/5/552 572/5/564
f 565/5/553 572/5/564 573/5/567
f 562/5/555 561/5/554 569/5/565
f 562/5/555 569/5/565 570/5/560
f 559/5/557 558/5/556 566/5/566
f 559/5/557 566/5/566 567/5/562
f 549/5/487 565/5/553 573/5/567
f 569/5/565 568/5/563 576/5/568
f 569/5/565 576/5/568 577/5/569
f 566/5/566 590/5/483 574/5/570
f 573/5/567 572/5/564 580/5/571
f 573/5/567 580/5/571 581/5/572
f 570/5/560 569/5/565 577/5/569
f 570/5/560 577/5/569 578/5/573
f 567/5/562 566/5/566 574/5/570
f 567/5/562 574/5/570 575/5/574
f 549/5/487 573/5/567 581/5/572
f 571/5/561 570/5/560 578/5/573
f 571/5/561 578/5/573 579/5/575
f 568/5/563 567/5/562 575/5/574
f 568/5/563 575/5/574 576/5/568
f 572/5/564 571/5/561 579/5/575
f 572/5/564 579/5/575 580/5/571
f 575/5/574 574/5/570 582/5/576
f 575/5/574 582/5/576 583/5/577
f 549/5/487 581/5/572 589/5/578
f 579/5/575 578/5/573 586/5/579
f 579/5/575 586/5/579 587/5/580
f 576/5/568 575/5/574 583/5/577
f 576/5/568 583/5/577 584/5/581
f 580/5/571 579/5/575 587/5/580
f 580/5/571 587/5/580 588/5/582
f 577/5/569 576/5/568 584/5/581
f 577/5/569 584/5/581 585/5/583
f 574/5/570 590/5/483 582/5/576
f 581/5/572 580/5/571 588/5/582
f 581/5/572 588/5/582 589/5/578
f 578/5/573 577/5/569 585/5/583
f 578/5/573 585/5/583 586/5/579
f 588/5/582 587/5/580 592/5/470
f 588/5/582 592/5/470 483/5/478
f 585/5/583 584/5/581 591/5/474
f 585/5/583 591/5/474 481/5/480
f 582/5/576 590/5/483 479/5/482
f 589/5/578 588/5/582 483/5/478
f 589/5/578 483/5/478 484/5/485
f 586/5/579 585/5/583 481/5/480
f 586/5/579 481/5/480 482/5/471
f 583/5/577 582/5/576 479/5/482
f 583/5/577 479/5/482 480/5/475
f 549/5/487 589/5/578 484/5/485
f 587/5/580 586/5/579 482/5/471
f 587/5/580 482/5/471 592/5/470
f 584/5/581 583/5/577 480/5/475
f 584/5/581 480/5/475 591/5/474
f 620/6/584 666/6/585 628/6/586
f 620/6/584 628/6/586 593/6/587
f 623/6/588 674/6/589 670/6/590
f 623/6/588 670/6/590 619/6/591
f 593/6/587 628/6/586 677/6/592
f 593/6/587 677/6/592 627/6/593
f 608/6/594 651/6/595 647/6/596
f 608/6/594 647/6/596 607/6/597
f 623/6/588 594/6/598 631/6/599
f 623/6/588 631/6/599 639/6/600
f 606/6/601 593/6/587 627/6/593
f 606/6/601 627/6/593 642/6/602
f 594/6/598 630/6/603 679/6/604
f 594/6/598 679/6/604 631/6/599
f 624/6/605 595/6/606 628/6/586
f 624/6/605 628/6/586 666/6/585
f 595/6/606 632/6/607 677/6/592
f 595/6/606 677/6/592 628/6/586
f 624/6/605 639/6/600 631/6/599
f 624/6/605 631/6/599 595/6/606
f 621/6/608 669/6/609 626/6/610
f 621/6/608 626/6/610 598/6/611
f 595/6/606 631/6/599 679/6/604
f 595/6/606 679/6/604 632/6/607
f 596/6/612 657/6/613 689/6/614
f 596/6/612 689/6/614 665/6/615
f 611/6/616 647/6/596 651/6/595
f 611/6/616 651/6/595 596/6/612
f 610/6/617 604/6/618 652/6/619
f 610/6/617 652/6/619 648/6/620
f 596/6/612 651/6/595 687/6/621
f 596/6/612 687/6/621 657/6/613
f 597/6/622 667/6/623 693/6/624
f 597/6/622 693/6/624 675/6/625
f 597/6/622 675/6/625 692/6/626
f 597/6/622 692/6/626 638/6/627
f 597/6/622 638/6/627 681/6/628
f 597/6/622 681/6/628 636/6/629
f 597/6/622 636/6/629 683/6/630
f 597/6/622 683/6/630 667/6/623
f 621/6/608 598/6/611 629/6/631
f 621/6/608 629/6/631 640/6/632
f 598/6/611 626/6/610 676/6/633
f 598/6/611 676/6/633 633/6/634
f 598/6/611 633/6/634 678/6/635
f 598/6/611 678/6/635 629/6/631
f 622/6/636 606/6/601 626/6/610
f 622/6/636 626/6/610 669/6/609
f 603/6/637 599/6/638 635/6/639
f 603/6/637 635/6/639 645/6/640
f 599/6/638 674/6/589 693/6/624
f 599/6/638 693/6/624 667/6/623
f 599/6/638 667/6/623 683/6/630
f 599/6/638 683/6/630 635/6/639
f 605/6/641 643/6/642 630/6/603
f 605/6/641 630/6/603 594/6/598
f 602/6/643 600/6/644 644/6/645
f 602/6/643 644/6/645 634/6/646
f 600/6/644 673/6/647 695/6/648
f 600/6/644 695/6/648 641/6/649
f 600/6/644 641/6/649 680/6/650
f 600/6/644 680/6/650 644/6/645
f 603/6/637 670/6/590 674/6/589
f 603/6/637 674/6/589 599/6/638
f 601/6/651 641/6/649 695/6/648
f 601/6/651 695/6/648 672/6/652
f 601/6/651 672/6/652 694/6/653
f 601/6/651 694/6/653 668/6/654
f 601/6/651 668/6/654 682/6/655
f 601/6/651 682/6/655 637/6/656
f 601/6/651 637/6/656 680/6/650
f 601/6/651 680/6/650 641/6/649
f 602/6/643 638/6/627 692/6/626
f 602/6/643 692/6/626 671/6/657
f 602/6/643 634/6/646 681/6/628
f 602/6/643 681/6/628 638/6/627
f 603/6/637 668/6/654 694/6/653
f 603/6/637 694/6/653 670/6/590
f 603/6/637 645/6/640 682/6/655
f 603/6/637 682/6/655 668/6/654
f 618/6/658 642/6/602 627/6/593
f 618/6/658 627/6/593 614/6/659
f 604/6/618 664/6/660 688/6/661
f 604/6/618 688/6/661 646/6/662
f 604/6/618 646/6/662 686/6/663
f 604/6/618 686/6/663 652/6/619
f 610/6/617 662/6/664 664/6/660
f 610/6/617 664/6/660 604/6/618
f 605/6/641 629/6/631 678/6/635
f 605/6/641 678/6/635 643/6/642
f 622/6/636 673/6/647 671/6/657
f 622/6/636 671/6/657 620/6/584
f 619/6/591 640/6/632 629/6/631
f 619/6/591 629/6/631 605/6/641
f 606/6/601 642/6/602 676/6/633
f 606/6/601 676/6/633 626/6/610
f 608/6/594 607/6/597 648/6/620
f 608/6/594 648/6/620 652/6/619
f 607/6/597 647/6/596 684/6/665
f 607/6/597 684/6/665 649/6/666
f 607/6/597 649/6/666 685/6/667
f 607/6/597 685/6/667 648/6/620
f 617/6/668 664/6/660 662/6/664
f 617/6/668 662/6/664 615/6/669
f 608/6/594 650/6/670 687/6/621
f 608/6/594 687/6/621 651/6/595
f 608/6/594 652/6/619 686/6/663
f 608/6/594 686/6/663 650/6/670
f 609/6/671 659/6/672 691/6/673
f 609/6/671 691/6/673 663/6/674
f 609/6/671 663/6/674 690/6/675
f 609/6/671 690/6/675 654/6/676
f 609/6/671 654/6/676 685/6/667
f 609/6/671 685/6/667 649/6/666
f 609/6/671 649/6/666 684/6/665
f 609/6/671 684/6/665 659/6/672
f 610/6/617 654/6/676 690/6/675
f 610/6/617 690/6/675 662/6/664
f 610/6/617 648/6/620 685/6/667
f 610/6/617 685/6/667 654/6/676
f 611/6/616 661/6/677 691/6/673
f 611/6/616 691/6/673 659/6/672
f 611/6/616 659/6/672 684/6/665
f 611/6/616 684/6/665 647/6/596
f 612/6/678 646/6/662 688/6/661
f 612/6/678 688/6/661 660/6/679
f 612/6/678 660/6/679 689/6/614
f 612/6/678 689/6/614 657/6/613
f 612/6/678 657/6/613 687/6/621
f 612/6/678 687/6/621 650/6/670
f 612/6/678 650/6/670 686/6/663
f 612/6/678 686/6/663 646/6/662
f 613/6/680 656/6/681 678/6/635
f 613/6/680 678/6/635 633/6/634
f 613/6/680 633/6/634 676/6/633
f 613/6/680 676/6/633 653/6/682
f 613/6/680 653/6/682 689/6/614
f 613/6/680 689/6/614 660/6/679
f 613/6/680 660/6/679 688/6/661
f 613/6/680 688/6/661 656/6/681
f 618/6/658 614/6/659 661/6/677
f 618/6/658 661/6/677 665/6/615
f 614/6/659 627/6/593 677/6/592
f 614/6/659 677/6/592 655/6/683
f 614/6/659 655/6/683 691/6/673
f 614/6/659 691/6/673 661/6/677
f 620/6/584 593/6/587 606/6/601
f 620/6/584 606/6/601 622/6/636
f 615/6/669 658/6/684 679/6/604
f 615/6/669 679/6/604 630/6/603
f 611/6/616 596/6/612 665/6/615
f 611/6/616 665/6/615 661/6/677
f 617/6/668 615/6/669 630/6/603
f 617/6/668 630/6/603 643/6/642
f 615/6/669 662/6/664 690/6/675
f 615/6/669 690/6/675 658/6/684
f 616/6/685 655/6/683 677/6/592
f 616/6/685 677/6/592 632/6/607
f 616/6/685 632/6/607 679/6/604
f 616/6/685 679/6/604 658/6/684
f 616/6/685 658/6/684 690/6/675
f 616/6/685 690/6/675 663/6/674
f 616/6/685 663/6/674 691/6/673
f 616/6/685 691/6/673 655/6/683
f 617/6/668 643/6/642 678/6/635
f 617/6/668 678/6/635 656/6/681
f 617/6/668 656/6/681 688/6/661
f 617/6/668 688/6/661 664/6/660
f 618/6/658 653/6/682 676/6/633
f 618/6/658 676/6/633 642/6/602
f 618/6/658 665/6/615 689/6/614
f 618/6/658 689/6/614 653/6/682
f 619/6/591 670/6/590 694/6/653
f 619/6/591 694/6/653 640/6/632
f 619/6/591 605/6/641 594/6/598
f 619/6/591 594/6/598 623/6/588
f 620/6/584 671/6/657 692/6/626
f 620/6/584 692/6/626 666/6/585
f 621/6/608 640/6/632 694/6/653
f 621/6/608 694/6/653 672/6/652
f 621/6/608 672/6/652 695/6/648
f 621/6/608 695/6/648 669/6/609
f 622/6/636 669/6/609 695/6/648
f 622/6/636 695/6/648 673/6/647
f 623/6/588 639/6/600 693/6/624
f 623/6/588 693/6/624 674/6/589
f 624/6/605 666/6/585 692/6/626
f 624/6/605 692/6/626 675/6/625
f 624/6/605 675/6/625 693/6/624
f 624/6/605 693/6/624 639/6/600
f 625/6/686 636/6/629 681/6/628
f 625/6/686 681/6/628 634/6/646
f 625/6/686 634/6/646 644/6/645
f 625/6/686 644/6/645 680/6/650
f 625/6/686 680/6/650 637/6/656
f 625/6/686 637/6/656 682/6/655
f 625/6/686 682/6/655 645/6/640
f 625/6/686 645/6/640 635/6/639
f 625/6/686 635/6/639 683/6/630
f 625/6/686 683/6/630 636/6/629
f 696/1/687 703/1/688 722/1/689
f 696/1/687 722/1/689 714/1/690
f 696/1/687 714/1/690 729/1/691
f 696/1/687 729/1/691 709/1/692
f 696/1/687 709/1/692 730/1/693
f 696/1/687 730/1/693 715/1/694
f 696/1/687 715/1/694 723/1/695
f 696/1/687 723/1/695 703/1/688
f 697/1/696 706/1/697 725/1/698
f 697/1/696 725/1/698 716/1/699
f 697/1/696 716/1/699 732/1/700
f 697/1/696 732/1/700 712/1/701
f 697/1/696 712/1/701 733/1/702
f 697/1/696 733/1/702 717/1/703
f 697/1/696 717/1/703 726/1/704
f 697/1/696 726/1/704 706/1/697
f 698/1/705 718/1/706 724/1/707
f 698/1/705 724/1/707 704/1/708
f 698/1/705 704/1/708 723/1/695
f 698/1/705 723/1/695 715/1/694
f 698/1/705 715/1/694 730/1/693
f 698/1/705 730/1/693 710/1/709
f 698/1/705 710/1/709 731/1/710
f 698/1/705 731/1/710 718/1/706
f 699/1/711 702/1/712 721/1/713
f 699/1/711 721/1/713 719/1/714
f 699/1/711 719/1/714 728/1/715
f 699/1/711 728/1/715 708/1/716
f 699/1/711 708/1/716 729/1/691
f 699/1/711 729/1/691 714/1/690
f 699/1/711 714/1/690 722/1/689
f 699/1/711 722/1/689 702/1/712
f 700/1/717 720/1/718 727/1/719
f 700/1/717 727/1/719 707/1/720
f 700/1/717 707/1/720 726/1/704
f 700/1/717 726/1/704 717/1/703
f 700/1/717 717/1/703 733/1/702
f 700/1/717 733/1/702 713/1/721
f 700/1/717 713/1/721 734/1/722
f 700/1/717 734/1/722 720/1/718
f 701/1/723 705/1/724 724/1/707
f 701/1/723 724/1/707 718/1/706
f 701/1/723 718/1/706 731/1/710
f 701/1/723 731/1/710 711/1/725
f 701/1/723 711/1/725 732/1/700
f 701/1/723 732/1/700 716/1/699
f 701/1/723 716/1/699 725/1/698
f 701/1/723 725/1/698 705/1/724
f 602/6/643 671/6/657 673/6/647
f 602/6/643 673/6/647 600/6/644
f 848/5/726 746/5/727 745/5/728
f 848/5/726 745/5/728 738/5/729
f 847/5/730 743/5/731 742/5/732
f 847/5/730 742/5/732 736/5/733
f 739/5/734 747/5/735 746/5/727
f 739/5/734 746/5/727 848/5/726
f 737/5/736 744/5/737 743/5/731
f 737/5/736 743/5/731 847/5/730
f 735/5/738 741/5/739 846/5/740
f 740/5/741 748/5/742 747/5/735
f 740/5/741 747/5/735 739/5/734
f 738/5/729 745/5/728 744/5/737
f 738/5/729 744/5/737 737/5/736
f 736/5/733 742/5/732 741/5/739
f 736/5/733 741/5/739 735/5/738
f 805/5/743 748/5/742 740/5/741
f 747/5/735 755/5/744 754/5/745
f 747/5/735 754/5/745 746/5/727
f 744/5/737 752/5/746 751/5/747
f 744/5/737 751/5/747 743/5/731
f 741/5/739 749/5/748 846/5/740
f 748/5/742 756/5/749 755/5/744
f 748/5/742 755/5/744 747/5/735
f 745/5/728 753/5/750 752/5/746
f 745/5/728 752/5/746 744/5/737
f 742/5/732 750/5/751 749/5/748
f 742/5/732 749/5/748 741/5/739
f 805/5/743 756/5/749 748/5/742
f 746/5/727 754/5/745 753/5/750
f 746/5/727 753/5/750 745/5/728
f 743/5/731 751/5/747 750/5/751
f 743/5/731 750/5/751 742/5/732
f 753/5/750 761/5/752 760/5/753
f 753/5/750 760/5/753 752/5/746
f 750/5/751 758/5/754 757/5/755
f 750/5/751 757/5/755 749/5/748
f 805/5/743 764/5/756 756/5/749
f 754/5/745 762/5/757 761/5/752
f 754/5/745 761/5/752 753/5/750
f 751/5/747 759/5/758 758/5/754
f 751/5/747 758/5/754 750/5/751
f 755/5/744 763/5/759 762/5/757
f 755/5/744 762/5/757 754/5/745
f 752/5/746 760/5/753 759/5/758
f 752/5/746 759/5/758 751/5/747
f 749/5/748 757/5/755 846/5/740
f 756/5/749 764/5/756 763/5/759
f 756/5/749 763/5/759 755/5/744
f 759/5/758 767/5/760 766/5/761
f 759/5/758 766/5/761 758/5/754
f 763/5/759 771/5/762 770/5/763
f 763/5/759 770/5/763 762/5/757
f 760/5/753 768/5/764 767/5/760
f 760/5/753 767/5/760 759/5/758
f 757/5/755 765/5/765 846/5/740
f 764/5/756 772/5/766 771/5/762
f 764/5/756 771/5/762 763/5/759
f 761/5/752 769/5/767 768/5/764
f 761/5/752 768/5/764 760/5/753
f 758/5/754 766/5/761 765/5/765
f 758/5/754 765/5/765 757/5/755
f 805/5/743 772/5/766 764/5/756
f 762/5/757 770/5/763 769/5/767
f 762/5/757 769/5/767 761/5/752
f 765/5/765 773/5/768 846/5/740
f 772/5/766 780/5/769 779/5/770
f 772/5/766 779/5/770 771/5/762
f 769/5/767 777/5/771 776/5/772
f 769/5/767 776/5/772 768/5/764
f 766/5/761 774/5/773 773/5/768
f 766/5/761 773/5/768 765/5/765
f 805/5/743 780/5/769 772/5/766
f 770/5/763 778/5/774 777/5/771
f 770/5/763 777/5/771 769/5/767
f 767/5/760 775/5/775 774/5/773
f 767/5/760 774/5/773 766/5/761
f 771/5/762 779/5/770 778/5/774
f 771/5/762 778/5/774 770/5/763
f 768/5/764 776/5/772 775/5/775
f 768/5/764 775/5/775 767/5/760
f 778/5/774 786/5/776 785/5/777
f 778/5/774 785/5/777 777/5/771
f 775/5/775 783/5/778 782/5/779
f 775/5/775 782/5/779 774/5/773
f 779/5/770 787/5/780 786/5/776
f 779/5/770 786/5/776 778/5/774
f 776/5/772 784/5/781 783/5/778
f 776/5/772 783/5/778 775/5/775
f 773/5/768 781/5/782 846/5/740
f 780/5/769 788/5/783 787/5/780
f 780/5/769 787/5/780 779/5/770
f 777/5/771 785/5/777 784/5/781
f 777/5/771 784/5/781 776/5/772
f 774/5/773 782/5/779 781/5/782
f 774/5/773 781/5/782 773/5/768
f 805/5/743 788/5/783 780/5/769
f 784/5/781 792/5/784 791/5/785
f 784/5/781 791/5/785 783/5/778
f 781/5/782 789/5/786 846/5/740
f 788/5/783 796/5/787 795/5/788
f 788/5/783 795/5/788 787/5/780
f 785/5/777 793/5/789 792/5/784
f 785/5/777 792/5/784 784/5/781
f 782/5/779 790/5/790 789/5/786
f 782/5/779 789/5/786 781/5/782
f 805/5/743 796/5/787 788/5/783
f 786/5/776 794/5/791 793/5/789
f 786/5/776 793/5/789 785/5/777
f 783/5/778 791/5/785 790/5/790
f 783/5/778 790/5/790 782/5/779
f 787/5/780 795/5/788 794/5/791
f 787/5/780 794/5/791 786/5/776
f 790/5/790 798/5/792 797/5/793
f 790/5/790 797/5/793 789/5/786
f 805/5/743 804/5/794 796/5/787
f 794/5/791 802/5/795 801/5/796
f 794/5/791 801/5/796 793/5/789
f 791/5/785 799/5/797 798/5/792
f 791/5/785 798/5/792 790/5/790
f 795/5/788 803/5/798 802/5/795
f 795/5/788 802/5/795 794/5/791
f 792/5/784 800/5/799 799/5/797
f 792/5/784 799/5/797 791/5/785
f 789/5/786 797/5/793 846/5/740
f 796/5/787 804/5/794 803/5/798
f 796/5/787 803/5/798 795/5/788
f 793/5/789 801/5/796 800/5/799
f 793/5/789 800/5/799 792/5/784
f 803/5/798 812/5/800 811/5/801
f 803/5/798 811/5/801 802/5/795
f 800/5/799 809/5/802 808/5/803
f 800/5/799 808/5/803 799/5/797
f 797/5/793 806/5/804 846/5/740
f 804/5/794 813/5/805 812/5/800
f 804/5/794 812/5/800 803/5/798
f 801/5/796 810/5/806 809/5/802
f 801/5/796 809/5/802 800/5/799
f 798/5/792 807/5/807 806/5/804
f 798/5/792 806/5/804 797/5/793
f 805/5/743 813/5/805 804/5/794
f 802/5/795 811/5/801 810/5/806
f 802/5/795 810/5/806 801/5/796
f 799/5/797 808/5/803 807/5/807
f 799/5/797 807/5/807 798/5/792
f 813/5/805 821/5/808 820/5/809
f 813/5/805 820/5/809 812/5/800
f 810/5/806 818/5/810 817/5/811
f 810/5/806 817/5/811 809/5/802
f 807/5/807 815/5/812 814/5/813
f 807/5/807 814/5/813 806/5/804
f 805/5/743 821/5/808 813/5/805
f 811/5/801 819/5/814 818/5/810
f 811/5/801 818/5/810 810/5/806
f 808/5/803 816/5/815 815/5/812
f 808/5/803 815/5/812 807/5/807
f 812/5/800 820/5/809 819/5/814
f 812/5/800 819/5/814 811/5/801
f 809/5/802 817/5/811 816/5/815
f 809/5/802 816/5/815 808/5/803
f 806/5/804 814/5/813 846/5/740
f 819/5/814 827/5/816 826/5/817
f 819/5/814 826/5/817 818/5/810
f 816/5/815 824/5/818 823/5/819
f 816/5/815 823/5/819 815/5/812
f 820/5/809 828/5/820 827/5/816
f 820/5/809 827/5/816 819/5/814
f 817/5/811 825/5/821 824/5/818
f 817/5/811 824/5/818 816/5/815
f 814/5/813 822/5/822 846/5/740
f 821/5/808 829/5/823 828/5/820
f 821/5/808 828/5/820 820/5/809
f 818/5/810 826/5/817 825/5/821
f 818/5/810 825/5/821 817/5/811
f 815/5/812 823/5/819 822/5/822
f 815/5/812 822/5/822 814/5/813
f 805/5/743 829/5/823 821/5/808
f 825/5/821 833/5/824 832/5/825
f 825/5/821 832/5/825 824/5/818
f 822/5/822 830/5/826 846/5/740
f 829/5/823 837/5/827 836/5/828
f 829/5/823 836/5/828 828/5/820
f 826/5/817 834/5/829 833/5/824
f 826/5/817 833/5/824 825/5/821
f 823/5/819 831/5/830 830/5/826
f 823/5/819 830/5/826 822/5/822
f 805/5/743 837/5/827 829/5/823
f 827/5/816 835/5/831 834/5/829
f 827/5/816 834/5/829 826/5/817
f 824/5/818 832/5/825 831/5/830
f 824/5/818 831/5/830 823/5/819
f 828/5/820 836/5/828 835/5/831
f 828/5/820 835/5/831 827/5/816
f 831/5/830 839/5/832 838/5/833
f 831/5/830 838/5/833 830/5/826
f 805/5/743 845/5/834 837/5/827
f 835/5/831 843/5/835 842/5/836
f 835/5/831 842/5/836 834/5/829
f 832/5/825 840/5/837 839/5/832
f 832/5/825 839/5/832 831/5/830
f 836/5/828 844/5/838 843/5/835
f 836/5/828 843/5/835 835/5/831
f 833/5/824 841/5/839 840/5/837
f 833/5/824 840/5/837 832/5/825
f 830/5/826 838/5/833 846/5/740
f 837/5/827 845/5/834 844/5/838
f 837/5/827 844/5/838 836/5/828
f 834/5/829 842/5/836 841/5/839
f 834/5/829 841/5/839 833/5/824
f 844/5/838 739/5/734 848/5/726
f 844/5/838 848/5/726 843/5/835
f 841/5/839 737/5/736 847/5/730
f 841/5/839 847/5/730 840/5/837
f 838/5/833 735/5/738 846/5/740
f 845/5/834 740/5/741 739/5/734
f 845/5/834 739/5/734 844/5/838
f 842/5/836 738/5/729 737/5/736
f 842/5/836 737/5/736 841/5/839
f 839/5/832 736/5/733 735/5/738
f 839/5/832 735/5/738 838/5/833
f 805/5/743 740/5/741 845/5/834
f 843/5/835 848/5/726 738/5/729
f 843/5/835 738/5/729 842/5/836
f 840/5/837 847/5/730 736/5/733
f 840/5/837 736/5/733 839/5/832
f 876/6/840 849/6/841 884/6/842
f 876/6/840 884/6/842 922/6/843
f 879/6/844 875/6/845 926/6/846
f 879/6/844 926/6/846 930/6/847
f 849/6/841 883/6/848 933/6/849
f 849/6/841 933/6/849 884/6/842
f 864/6/850 863/6/851 903/6/852
f 864/6/850 903/6/852 907/6/853
f 879/6/844 895/6/854 887/6/855
f 879/6/844 887/6/855 850/6/856
f 862/6/857 898/6/858 883/6/848
f 862/6/857 883/6/848 849/6/841
f 850/6/856 887/6/855 935/6/859
f 850/6/856 935/6/859 886/6/860
f 880/6/861 922/6/843 884/6/842
f 880/6/861 884/6/842 851/6/862
f 851/6/862 884/6/842 933/6/849
f 851/6/862 933/6/849 888/6/863
f 880/6/861 851/6/862 887/6/855
f 880/6/861 887/6/855 895/6/854
f 877/6/864 854/6/865 882/6/866
f 877/6/864 882/6/866 925/6/867
f 851/6/862 888/6/863 935/6/859
f 851/6/862 935/6/859 887/6/855
f 852/6/868 921/6/869 945/6/870
f 852/6/868 945/6/870 913/6/871
f 867/6/872 852/6/868 907/6/853
f 867/6/872 907/6/853 903/6/852
f 866/6/873 904/6/874 908/6/875
f 866/6/873 908/6/875 860/6/876
f 852/6/868 913/6/871 943/6/877
f 852/6/868 943/6/877 907/6/853
f 853/6/878 931/6/879 949/6/880
f 853/6/878 949/6/880 923/6/881
f 853/6/878 894/6/882 948/6/883
f 853/6/878 948/6/883 931/6/879
f 853/6/878 892/6/884 937/6/885
f 853/6/878 937/6/885 894/6/882
f 853/6/878 923/6/881 939/6/886
f 853/6/878 939/6/886 892/6/884
f 877/6/864 896/6/887 885/6/888
f 877/6/864 885/6/888 854/6/865
f 854/6/865 889/6/889 932/6/890
f 854/6/865 932/6/890 882/6/866
f 854/6/865 885/6/888 934/6/891
f 854/6/865 934/6/891 889/6/889
f 878/6/892 925/6/867 882/6/866
f 878/6/892 882/6/866 862/6/857
f 859/6/893 901/6/894 891/6/895
f 859/6/893 891/6/895 855/6/896
f 855/6/896 923/6/881 949/6/880
f 855/6/896 949/6/880 930/6/847
f 855/6/896 891/6/895 939/6/886
f 855/6/896 939/6/886 923/6/881
f 861/6/897 850/6/856 886/6/860
f 861/6/897 886/6/860 899/6/898
f 858/6/899 890/6/900 900/6/901
f 858/6/899 900/6/901 856/6/902
f 856/6/902 897/6/903 951/6/904
f 856/6/902 951/6/904 929/6/905
f 856/6/902 900/6/901 936/6/906
f 856/6/902 936/6/906 897/6/903
f 859/6/893 855/6/896 930/6/847
f 859/6/893 930/6/847 926/6/846
f 857/6/907 928/6/908 951/6/904
f 857/6/907 951/6/904 897/6/903
f 857/6/907 924/6/909 950/6/910
f 857/6/907 950/6/910 928/6/908
f 857/6/907 893/6/911 938/6/912
f 857/6/907 938/6/912 924/6/909
f 857/6/907 897/6/903 936/6/906
f 857/6/907 936/6/906 893/6/911
f 858/6/899 927/6/913 948/6/883
f 858/6/899 948/6/883 894/6/882
f 858/6/899 894/6/882 937/6/885
f 858/6/899 937/6/885 890/6/900
f 859/6/893 926/6/846 950/6/910
f 859/6/893 950/6/910 924/6/909
f 859/6/893 924/6/909 938/6/912
f 859/6/893 938/6/912 901/6/894
f 874/6/914 870/6/915 883/6/848
f 874/6/914 883/6/848 898/6/858
f 860/6/876 902/6/916 944/6/917
f 860/6/876 944/6/917 920/6/918
f 860/6/876 908/6/875 942/6/919
f 860/6/876 942/6/919 902/6/916
f 866/6/873 860/6/876 920/6/918
f 866/6/873 920/6/918 918/6/920
f 861/6/897 899/6/898 934/6/891
f 861/6/897 934/6/891 885/6/888
f 878/6/892 876/6/840 927/6/913
f 878/6/892 927/6/913 929/6/905
f 875/6/845 861/6/897 885/6/888
f 875/6/845 885/6/888 896/6/887
f 862/6/857 882/6/866 932/6/890
f 862/6/857 932/6/890 898/6/858
f 864/6/850 908/6/875 904/6/874
f 864/6/850 904/6/874 863/6/851
f 863/6/851 905/6/921 940/6/922
f 863/6/851 940/6/922 903/6/852
f 863/6/851 904/6/874 941/6/923
f 863/6/851 941/6/923 905/6/921
f 873/6/924 871/6/925 918/6/920
f 873/6/924 918/6/920 920/6/918
f 864/6/850 907/6/853 943/6/877
f 864/6/850 943/6/877 906/6/926
f 864/6/850 906/6/926 942/6/919
f 864/6/850 942/6/919 908/6/875
f 865/6/927 919/6/928 947/6/929
f 865/6/927 947/6/929 915/6/930
f 865/6/927 910/6/931 946/6/932
f 865/6/927 946/6/932 919/6/928
f 865/6/927 905/6/921 941/6/923
f 865/6/927 941/6/923 910/6/931
f 865/6/927 915/6/930 940/6/922
f 865/6/927 940/6/922 905/6/921
f 866/6/873 918/6/920 946/6/932
f 866/6/873 946/6/932 910/6/931
f 866/6/873 910/6/931 941/6/923
f 866/6/873 941/6/923 904/6/874
f 867/6/872 915/6/930 947/6/929
f 867/6/872 947/6/929 917/6/933
f 867/6/872 903/6/852 940/6/922
f 867/6/872 940/6/922 915/6/930
f 868/6/934 916/6/935 944/6/917
f 868/6/934 944/6/917 902/6/916
f 868/6/934 913/6/871 945/6/870
f 868/6/934 945/6/870 916/6/935
f 868/6/934 906/6/926 943/6/877
f 868/6/934 943/6/877 913/6/871
f 868/6/934 902/6/916 942/6/919
f 868/6/934 942/6/919 906/6/926
f 869/6/936 889/6/889 934/6/891
f 869/6/936 934/6/891 912/6/937
f 869/6/936 909/6/938 932/6/890
f 869/6/936 932/6/890 889/6/889
f 869/6/936 916/6/935 945/6/870
f 869/6/936 945/6/870 909/6/938
f 869/6/936 912/6/937 944/6/917
f 869/6/936 944/6/917 916/6/935
f 874/6/914 921/6/869 917/6/933
f 874/6/914 917/6/933 870/6/915
f 870/6/915 911/6/939 933/6/849
f 870/6/915 933/6/849 883/6/848
f 870/6/915 917/6/933 947/6/929
f 870/6/915 947/6/929 911/6/939
f 876/6/840 878/6/892 862/6/857
f 876/6/840 862/6/857 849/6/841
f 871/6/925 886/6/860 935/6/859
f 871/6/925 935/6/859 914/6/940
f 867/6/872 917/6/933 921/6/869
f 867/6/872 921/6/869 852/6/868
f 873/6/924 899/6/898 886/6/860
f 873/6/924 886/6/860 871/6/925
f 871/6/925 914/6/940 946/6/932
f 871/6/925 946/6/932 918/6/920
f 872/6/941 888/6/863 933/6/849
f 872/6/941 933/6/849 911/6/939
f 872/6/941 914/6/940 935/6/859
f 872/6/941 935/6/859 888/6/863
f 872/6/941 919/6/928 946/6/932
f 872/6/941 946/6/932 914/6/940
f 872/6/941 911/6/939 947/6/929
f 872/6/941 947/6/929 919/6/928
f 873/6/924 912/6/937 934/6/891
f 873/6/924 934/6/891 899/6/898
f 873/6/924 920/6/918 944/6/917
f 873/6/924 944/6/917 912/6/937
f 874/6/914 898/6/858 932/6/890
f 874/6/914 932/6/890 909/6/938
f 874/6/914 909/6/938 945/6/870
f 874/6/914 945/6/870 921/6/869
f 875/6/845 896/6/887 950/6/910
f 875/6/845 950/6/910 926/6/846
f 875/6/845 879/6/844 850/6/856
f 875/6/845 850/6/856 861/6/897
f 876/6/840 922/6/843 948/6/883
f 876/6/840 948/6/883 927/6/913
f 877/6/864 928/6/908 950/6/910
f 877/6/864 950/6/910 896/6/887
f 877/6/864 925/6/867 951/6/904
f 877/6/864 951/6/904 928/6/908
f 878/6/892 929/6/905 951/6/904
f 878/6/892 951/6/904 925/6/867
f 879/6/844 930/6/847 949/6/880
f 879/6/844 949/6/880 895/6/854
f 880/6/861 931/6/879 948/6/883
f 880/6/861 948/6/883 922/6/843
f 880/6/861 895/6/854 949/6/880
f 880/6/861 949/6/880 931/6/879
f 881/6/942 890/6/900 937/6/885
f 881/6/942 937/6/885 892/6/884
f 881/6/942 900/6/901 890/6/900
f 881/6/942 893/6/911 936/6/906
f 881/6/942 936/6/906 900/6/901
f 881/6/942 901/6/894 938/6/912
f 881/6/942 938/6/912 893/6/911
f 881/6/942 891/6/895 901/6/894
f 881/6/942 892/6/884 939/6/886
f 881/6/942 939/6/886 891/6/895
f 952/1/943 970/1/944 978/1/945
f 952/1/943 978/1/945 959/1/946
f 952/1/943 965/1/947 985/1/948
f 952/1/943 985/1/948 970/1/944
f 952/1/943 971/1/949 986/1/950
f 952/1/943 986/1/950 965/1/947
f 952/1/943 959/1/946 979/1/951
f 952/1/943 979/1/951 971/1/949
f 953/1/952 972/1/953 981/1/954
f 953/1/952 981/1/954 962/1/955
f 953/1/952 968/1/956 988/1/957
f 953/1/952 988/1/957 972/1/953
f 953/1/952 973/1/958 989/1/959
f 953/1/952 989/1/959 968/1/956
f 953/1/952 962/1/955 982/1/960
f 953/1/952 982/1/960 973/1/958
f 954/1/961 960/1/962 980/1/963
f 954/1/961 980/1/963 974/1/964
f 954/1/961 971/1/949 979/1/951
f 954/1/961 979/1/951 960/1/962
f 954/1/961 966/1/965 986/1/950
f 954/1/961 986/1/950 971/1/949
f 954/1/961 974/1/964 987/1/966
f 954/1/961 987/1/966 966/1/965
f 955/1/967 975/1/968 977/1/969
f 955/1/967 977/1/969 958/1/970
f 955/1/967 964/1/971 984/1/972
f 955/1/967 984/1/972 975/1/968
f 955/1/967 970/1/944 985/1/948
f 955/1/967 985/1/948 964/1/971
f 955/1/967 958/1/970 978/1/945
f 955/1/967 978/1/945 970/1/944
f 956/1/973 963/1/974 983/1/975
f 956/1/973 983/1/975 976/1/976
f 956/1/973 973/1/958 982/1/960
f 956/1/973 982/1/960 963/1/974
f 956/1/973 969/1/977 989/1/959
f 956/1/973 989/1/959 973/1/958
f 956/1/973 976/1/976 990/1/978
f 956/1/973 990/1/978 969/1/977
f 957/1/979 974/1/964 980/1/963
f 957/1/979 980/1/963 961/1/980
f 957/1/979 967/1/981 987/1/966
f 957/1/979 987/1/966 974/1/964
f 957/1/979 972/1/953 988/1/957
f 957/1/979 988/1/957 967/1/981
f 957/1/979 961/1/980 981/1/954
f 957/1/979 981/1/954 972/1/953
f 858/6/899 856/6/902 929/6/905
f 858/6/899 929/6/905 927/6/913
f 991/7/982 1012/7/983 1055/7/984
f 991/7/982 1055/7/984 1014/7/985
f 991/7/982 1014/7/985 1057/7/986
f 991/7/982 1057/7/986 1013/7/987
f 991/7/982 1013/7/987 1058/7/988
f 991/7/982 1058/7/988 1015/7/989
f 991/7/982 1015/7/989 1056/7/990
f 991/7/982 1056/7/990 1012/7/983
f 992/7/991 1040/7/992 1061/7/993
f 992/7/991 1061/7/993 1020/7/994
f 1079/7/995 1087/7/996 1058/7/988
f 1079/7/995 1058/7/988 1039/7/997
f 1079/7/995 1039/7/997 1067/7/998
f 1079/7/995 1067/7/998 1091/7/999
f 992/7/991 1033/7/1000 1069/7/1001
f 992/7/991 1069/7/1001 1040/7/992
f 1080/7/1002 1088/7/1003 1056/7/990
f 1080/7/1002 1056/7/990 1015/7/989
f 1080/7/1002 1015/7/989 1058/7/988
f 1080/7/1002 1058/7/988 1087/7/996
f 993/7/1004 1020/7/994 1061/7/993
f 993/7/1004 1061/7/993 1019/7/1005
f 993/7/1004 1019/7/1005 1059/7/1006
f 993/7/1004 1059/7/1006 1021/7/1007
f 1081/7/1008 1038/7/1009 1057/7/986
f 1081/7/1008 1057/7/986 1089/7/1010
f 994/7/1011 1022/7/1012 1062/7/1013
f 994/7/1011 1062/7/1013 1017/7/1014
f 994/7/1011 1017/7/1014 1070/7/1015
f 994/7/1011 1070/7/1015 1034/7/1016
f 1081/7/1008 1092/7/1017 1068/7/1018
f 1081/7/1008 1068/7/1018 1038/7/1009
f 1082/7/1019 1089/7/1010 1057/7/986
f 1082/7/1019 1057/7/986 1014/7/985
f 1082/7/1019 1014/7/985 1055/7/984
f 1082/7/1019 1055/7/984 1090/7/1020
f 995/7/1021 1023/7/1022 1060/7/1023
f 995/7/1021 1060/7/1023 1018/7/1024
f 995/7/1021 1018/7/1024 1062/7/1013
f 995/7/1021 1062/7/1013 1022/7/1012
f 1083/7/1025 1090/7/1020 1055/7/984
f 1083/7/1025 1055/7/984 1012/7/983
f 1083/7/1025 1012/7/983 1056/7/990
f 1083/7/1025 1056/7/990 1088/7/1003
f 996/7/1026 1021/7/1007 1059/7/1006
f 996/7/1026 1059/7/1006 1016/7/1027
f 996/7/1026 1016/7/1027 1060/7/1023
f 996/7/1026 1060/7/1023 1023/7/1022
f 997/7/1028 1026/7/1029 1064/7/1030
f 997/7/1028 1064/7/1030 1024/7/1031
f 997/7/1028 1024/7/1031 1063/7/1032
f 997/7/1028 1063/7/1032 1027/7/1033
f 997/7/1028 1027/7/1033 1065/7/1034
f 997/7/1028 1065/7/1034 1025/7/1035
f 997/7/1028 1025/7/1035 1066/7/1036
f 997/7/1028 1066/7/1036 1026/7/1029
f 998/7/1037 1028/7/1038 1062/7/1013
f 998/7/1037 1062/7/1013 1018/7/1024
f 998/7/1037 1018/7/1024 1060/7/1023
f 998/7/1037 1060/7/1023 1030/7/1039
f 998/7/1037 1030/7/1039 1064/7/1030
f 998/7/1037 1064/7/1030 1026/7/1029
f 998/7/1037 1026/7/1029 1066/7/1036
f 998/7/1037 1066/7/1036 1028/7/1038
f 999/7/1040 1030/7/1039 1060/7/1023
f 999/7/1040 1060/7/1023 1016/7/1027
f 999/7/1040 1016/7/1027 1059/7/1006
f 999/7/1040 1059/7/1006 1031/7/1041
f 999/7/1040 1031/7/1041 1063/7/1032
f 999/7/1040 1063/7/1032 1024/7/1031
f 999/7/1040 1024/7/1031 1064/7/1030
f 999/7/1040 1064/7/1030 1030/7/1039
f 1000/7/1042 1031/7/1041 1059/7/1006
f 1000/7/1042 1059/7/1006 1019/7/1005
f 1000/7/1042 1019/7/1005 1061/7/993
f 1000/7/1042 1061/7/993 1029/7/1043
f 1000/7/1042 1029/7/1043 1065/7/1034
f 1000/7/1042 1065/7/1034 1027/7/1033
f 1000/7/1042 1027/7/1033 1063/7/1032
f 1000/7/1042 1063/7/1032 1031/7/1041
f 1001/7/1044 1041/7/1045 1065/7/1034
f 1001/7/1044 1065/7/1034 1029/7/1043
f 1001/7/1044 1029/7/1043 1061/7/993
f 1001/7/1044 1061/7/993 1040/7/992
f 1001/7/1044 1040/7/992 1069/7/1001
f 1001/7/1044 1069/7/1001 1037/7/1046
f 1001/7/1044 1037/7/1046 1071/7/1047
f 1001/7/1044 1071/7/1047 1041/7/1045
f 1002/7/1048 1042/7/1049 1066/7/1036
f 1002/7/1048 1066/7/1036 1025/7/1035
f 1002/7/1048 1025/7/1035 1065/7/1034
f 1002/7/1048 1065/7/1034 1041/7/1045
f 1002/7/1048 1041/7/1045 1071/7/1047
f 1002/7/1048 1071/7/1047 1035/7/1050
f 1002/7/1048 1035/7/1050 1072/7/1051
f 1002/7/1048 1072/7/1051 1042/7/1049
f 1003/7/1052 1017/7/1014 1062/7/1013
f 1003/7/1052 1062/7/1013 1028/7/1038
f 1003/7/1052 1028/7/1038 1066/7/1036
f 1003/7/1052 1066/7/1036 1042/7/1049
f 1003/7/1052 1042/7/1049 1072/7/1051
f 1003/7/1052 1072/7/1051 1036/7/1053
f 1003/7/1052 1036/7/1053 1070/7/1015
f 1003/7/1052 1070/7/1015 1017/7/1014
f 1004/7/1054 1039/7/997 1058/7/988
f 1004/7/1054 1058/7/988 1013/7/987
f 1004/7/1054 1013/7/987 1057/7/986
f 1004/7/1054 1057/7/986 1038/7/1009
f 1004/7/1054 1038/7/1009 1068/7/1018
f 1004/7/1054 1068/7/1018 1032/7/1055
f 1004/7/1054 1032/7/1055 1067/7/998
f 1004/7/1054 1067/7/998 1039/7/997
f 1005/7/1056 1050/7/1057 1067/7/998
f 1005/7/1056 1067/7/998 1032/7/1055
f 1005/7/1056 1032/7/1055 1068/7/1018
f 1005/7/1056 1068/7/1018 1049/7/1058
f 1005/7/1056 1049/7/1058 1074/7/1059
f 1005/7/1056 1074/7/1059 1043/7/1060
f 1005/7/1056 1043/7/1060 1073/7/1061
f 1005/7/1056 1073/7/1061 1050/7/1057
f 1084/7/1062 1093/7/1063 1073/7/1061
f 1084/7/1062 1073/7/1061 1043/7/1060
f 1084/7/1062 1043/7/1060 1074/7/1059
f 1084/7/1062 1074/7/1059 1094/7/1064
f 1006/7/1065 1045/7/1066 1076/7/1067
f 1006/7/1065 1076/7/1067 1047/7/1068
f 1006/7/1065 1047/7/1068 1078/7/1069
f 1006/7/1065 1078/7/1069 1046/7/1070
f 1006/7/1065 1046/7/1070 1077/7/1071
f 1006/7/1065 1077/7/1071 1048/7/1072
f 1006/7/1065 1048/7/1072 1075/7/1073
f 1006/7/1065 1075/7/1073 1044/7/1074
f 1007/7/1075 1052/7/1076 1071/7/1047
f 1007/7/1075 1071/7/1047 1037/7/1046
f 1007/7/1075 1037/7/1046 1069/7/1001
f 1007/7/1075 1069/7/1001 1051/7/1077
f 1007/7/1075 1051/7/1077 1075/7/1073
f 1007/7/1075 1075/7/1073 1048/7/1072
f 1007/7/1075 1048/7/1072 1077/7/1071
f 1007/7/1075 1077/7/1071 1052/7/1076
f 1008/7/1078 1053/7/1079 1072/7/1051
f 1008/7/1078 1072/7/1051 1035/7/1050
f 1008/7/1078 1035/7/1050 1071/7/1047
f 1008/7/1078 1071/7/1047 1052/7/1076
f 1008/7/1078 1052/7/1076 1077/7/1071
f 1008/7/1078 1077/7/1071 1046/7/1070
f 1008/7/1078 1046/7/1070 1078/7/1069
f 1008/7/1078 1078/7/1069 1053/7/1079
f 1009/7/1080 1051/7/1077 1069/7/1001
f 1009/7/1080 1069/7/1001 1033/7/1000
f 1085/7/1081 1091/7/999 1067/7/998
f 1085/7/1081 1067/7/998 1050/7/1057
f 1085/7/1081 1050/7/1057 1073/7/1061
f 1085/7/1081 1073/7/1061 1093/7/1063
f 1009/7/1080 1044/7/1074 1075/7/1073
f 1009/7/1080 1075/7/1073 1051/7/1077
f 1010/7/1082 1054/7/1083 1070/7/1015
f 1010/7/1082 1070/7/1015 1036/7/1053
f 1010/7/1082 1036/7/1053 1072/7/1051
f 1010/7/1082 1072/7/1051 1053/7/1079
f 1010/7/1082 1053/7/1079 1078/7/1069
f 1010/7/1082 1078/7/1069 1047/7/1068
f 1010/7/1082 1047/7/1068 1076/7/1067
f 1010/7/1082 1076/7/1067 1054/7/1083
f 1086/7/1084 1049/7/1058 1068/7/1018
f 1086/7/1084 1068/7/1018 1092/7/1017
f 1011/7/1085 1034/7/1016 1070/7/1015
f 1011/7/1085 1070/7/1015 1054/7/1083
f 1011/7/1085 1054/7/1083 1076/7/1067
f 1011/7/1085 1076/7/1067 1045/7/1066
f 1086/7/1084 1094/7/1064 1074/7/1059
f 1086/7/1084 1074/7/1059 1049/7/1058
f 1011/7/1085 1045/7/1066 1094/7/1064
f 1011/7/1085 1094/7/1064 1086/7/1084
f 1011/7/1085 1086/7/1084 1092/7/1017
f 1011/7/1085 1092/7/1017 1034/7/1016
f 1009/7/1080 1085/7/1081 1093/7/1063
f 1009/7/1080 1093/7/1063 1044/7/1074
f 1009/7/1080 1033/7/1000 1091/7/999
f 1009/7/1080 1091/7/999 1085/7/1081
f 1006/7/1065 1084/7/1062 1094/7/1064
f 1006/7/1065 1094/7/1064 1045/7/1066
f 1006/7/1065 1044/7/1074 1093/7/1063
f 1006/7/1065 1093/7/1063 1084/7/1062
f 996/7/1026 1083/7/1025 1088/7/1003
f 996/7/1026 1088/7/1003 1021/7/1007
f 996/7/1026 1023/7/1022 1090/7/1020
f 996/7/1026 1090/7/1020 1083/7/1025
f 995/7/1021 1082/7/1019 1090/7/1020
f 995/7/1021 1090/7/1020 1023/7/1022
f 995/7/1021 1022/7/1012 1089/7/1010
f 995/7/1021 1089/7/1010 1082/7/1019
f 994/7/1011 1034/7/1016 1092/7/1017
f 994/7/1011 1092/7/1017 1081/7/1008
f 994/7/1011 1081/7/1008 1089/7/1010
f 994/7/1011 1089/7/1010 1022/7/1012
f 993/7/1004 1080/7/1002 1087/7/996
f 993/7/1004 1087/7/996 1020/7/994
f 993/7/1004 1021/7/1007 1088/7/1003
f 993/7/1004 1088/7/1003 1080/7/1002
f 992/7/991 1079/7/995 1091/7/999
f 992/7/991 1091/7/999 1033/7/1000
f 992/7/991 1020/7/994 1087/7/996
f 992/7/991 1087/7/996 1079/7/995
f 1095/7/1086 1118/7/1087 1159/7/1088
f 1095/7/1086 1159/7/1088 1116/7/1089
f 1095/7/1086 1117/7/1090 1161/7/1091
f 1095/7/1086 1161/7/1091 1118/7/1087
f 1095/7/1086 1119/7/1092 1162/7/1093
f 1095/7/1086 1162/7/1093 1117/7/1090
f 1095/7/1086 1116/7/1089 1160/7/1094
f 1095/7/1086 1160/7/1094 1119/7/1092
f 1096/7/1095 1124/7/1096 1165/7/1097
f 1096/7/1095 1165/7/1097 1144/7/1098
f 1183/7/1099 1143/7/1100 1162/7/1093
f 1183/7/1099 1162/7/1093 1191/7/1101
f 1183/7/1099 1195/7/1102 1171/7/1103
f 1183/7/1099 1171/7/1103 1143/7/1100
f 1096/7/1095 1144/7/1098 1173/7/1104
f 1096/7/1095 1173/7/1104 1137/7/1105
f 1184/7/1106 1119/7/1092 1160/7/1094
f 1184/7/1106 1160/7/1094 1192/7/1107
f 1184/7/1106 1191/7/1101 1162/7/1093
f 1184/7/1106 1162/7/1093 1119/7/1092
f 1097/7/1108 1123/7/1109 1165/7/1097
f 1097/7/1108 1165/7/1097 1124/7/1096
f 1097/7/1108 1125/7/1110 1163/7/1111
f 1097/7/1108 1163/7/1111 1123/7/1109
f 1185/7/1112 1193/7/1113 1161/7/1091
f 1185/7/1112 1161/7/1091 1142/7/1114
f 1098/7/1115 1121/7/1116 1166/7/1117
f 1098/7/1115 1166/7/1117 1126/7/1118
f 1098/7/1115 1138/7/1119 1174/7/1120
f 1098/7/1115 1174/7/1120 1121/7/1116
f 1185/7/1112 1142/7/1114 1172/7/1121
f 1185/7/1112 1172/7/1121 1196/7/1122
f 1186/7/1123 1118/7/1087 1161/7/1091
f 1186/7/1123 1161/7/1091 1193/7/1113
f 1186/7/1123 1194/7/1124 1159/7/1088
f 1186/7/1123 1159/7/1088 1118/7/1087
f 1099/7/1125 1122/7/1126 1164/7/1127
f 1099/7/1125 1164/7/1127 1127/7/1128
f 1099/7/1125 1126/7/1118 1166/7/1117
f 1099/7/1125 1166/7/1117 1122/7/1126
f 1187/7/1129 1116/7/1089 1159/7/1088
f 1187/7/1129 1159/7/1088 1194/7/1124
f 1187/7/1129 1192/7/1107 1160/7/1094
f 1187/7/1129 1160/7/1094 1116/7/1089
f 1100/7/1130 1120/7/1131 1163/7/1111
f 1100/7/1130 1163/7/1111 1125/7/1110
f 1100/7/1130 1127/7/1128 1164/7/1127
f 1100/7/1130 1164/7/1127 1120/7/1131
f 1101/7/1132 1128/7/1133 1168/7/1134
f 1101/7/1132 1168/7/1134 1130/7/1135
f 1101/7/1132 1131/7/1136 1167/7/1137
f 1101/7/1132 1167/7/1137 1128/7/1133
f 1101/7/1132 1129/7/1138 1169/7/1139
f 1101/7/1132 1169/7/1139 1131/7/1136
f 1101/7/1132 1130/7/1135 1170/7/1140
f 1101/7/1132 1170/7/1140 1129/7/1138
f 1102/7/1141 1122/7/1126 1166/7/1117
f 1102/7/1141 1166/7/1117 1132/7/1142
f 1102/7/1141 1134/7/1143 1164/7/1127
f 1102/7/1141 1164/7/1127 1122/7/1126
f 1102/7/1141 1130/7/1135 1168/7/1134
f 1102/7/1141 1168/7/1134 1134/7/1143
f 1102/7/1141 1132/7/1142 1170/7/1140
f 1102/7/1141 1170/7/1140 1130/7/1135
f 1103/7/1144 1120/7/1131 1164/7/1127
f 1103/7/1144 1164/7/1127 1134/7/1143
f 1103/7/1144 1135/7/1145 1163/7/1111
f 1103/7/1144 1163/7/1111 1120/7/1131
f 1103/7/1144 1128/7/1133 1167/7/1137
f 1103/7/1144 1167/7/1137 1135/7/1145
f 1103/7/1144 1134/7/1143 1168/7/1134
f 1103/7/1144 1168/7/1134 1128/7/1133
f 1104/7/1146 1123/7/1109 1163/7/1111
f 1104/7/1146 1163/7/1111 1135/7/1145
f 1104/7/1146 1133/7/1147 1165/7/1097
f 1104/7/1146 1165/7/1097 1123/7/1109
f 1104/7/1146 1131/7/1136 1169/7/1139
f 1104/7/1146 1169/7/1139 1133/7/1147
f 1104/7/1146 1135/7/1145 1167/7/1137
f 1104/7/1146 1167/7/1137 1131/7/1136
f 1105/7/1148 1133/7/1147 1169/7/1139
f 1105/7/1148 1169/7/1139 1145/7/1149
f 1105/7/1148 1144/7/1098 1165/7/1097
f 1105/7/1148 1165/7/1097 1133/7/1147
f 1105/7/1148 1141/7/1150 1173/7/1104
f 1105/7/1148 1173/7/1104 1144/7/1098
f 1105/7/1148 1145/7/1149 1175/7/1151
f 1105/7/1148 1175/7/1151 1141/7/1150
f 1106/7/1152 1129/7/1138 1170/7/1140
f 1106/7/1152 1170/7/1140 1146/7/1153
f 1106/7/1152 1145/7/1149 1169/7/1139
f 1106/7/1152 1169/7/1139 1129/7/1138
f 1106/7/1152 1139/7/1154 1175/7/1151
f 1106/7/1152 1175/7/1151 1145/7/1149
f 1106/7/1152 1146/7/1153 1176/7/1155
f 1106/7/1152 1176/7/1155 1139/7/1154
f 1107/7/1156 1132/7/1142 1166/7/1117
f 1107/7/1156 1166/7/1117 1121/7/1116
f 1107/7/1156 1146/7/1153 1170/7/1140
f 1107/7/1156 1170/7/1140 1132/7/1142
f 1107/7/1156 1140/7/1157 1176/7/1155
f 1107/7/1156 1176/7/1155 1146/7/1153
f 1107/7/1156 1121/7/1116 1174/7/1120
f 1107/7/1156 1174/7/1120 1140/7/1157
f 1108/7/1158 1117/7/1090 1162/7/1093
f 1108/7/1158 1162/7/1093 1143/7/1100
f 1108/7/1158 1142/7/1114 1161/7/1091
f 1108/7/1158 1161/7/1091 1117/7/1090
f 1108/7/1158 1136/7/1159 1172/7/1121
f 1108/7/1158 1172/7/1121 1142/7/1114
f 1108/7/1158 1143/7/1100 1171/7/1103
f 1108/7/1158 1171/7/1103 1136/7/1159
f 1109/7/1160 1136/7/1159 1171/7/1103
f 1109/7/1160 1171/7/1103 1154/7/1161
f 1109/7/1160 1153/7/1162 1172/7/1121
f 1109/7/1160 1172/7/1121 1136/7/1159
f 1109/7/1160 1147/7/1163 1178/7/1164
f 1109/7/1160 1178/7/1164 1153/7/1162
f 1109/7/1160 1154/7/1161 1177/7/1165
f 1109/7/1160 1177/7/1165 1147/7/1163
f 1188/7/1166 1147/7/1163 1177/7/1165
f 1188/7/1166 1177/7/1165 1197/7/1167
f 1188/7/1166 1198/7/1168 1178/7/1164
f 1188/7/1166 1178/7/1164 1147/7/1163
f 1110/7/1169 1151/7/1170 1180/7/1171
f 1110/7/1169 1180/7/1171 1149/7/1172
f 1110/7/1169 1150/7/1173 1182/7/1174
f 1110/7/1169 1182/7/1174 1151/7/1170
f 1110/7/1169 1152/7/1175 1181/7/1176
f 1110/7/1169 1181/7/1176 1150/7/1173
f 1110/7/1169 1148/7/1177 1179/7/1178
f 1110/7/1169 1179/7/1178 1152/7/1175
f 1111/7/1179 1141/7/1150 1175/7/1151
f 1111/7/1179 1175/7/1151 1156/7/1180
f 1111/7/1179 1155/7/1181 1173/7/1104
f 1111/7/1179 1173/7/1104 1141/7/1150
f 1111/7/1179 1152/7/1175 1179/7/1178
f 1111/7/1179 1179/7/1178 1155/7/1181
f 1111/7/1179 1156/7/1180 1181/7/1176
f 1111/7/1179 1181/7/1176 1152/7/1175
f 1112/7/1182 1139/7/1154 1176/7/1155
f 1112/7/1182 1176/7/1155 1157/7/1183
f 1112/7/1182 1156/7/1180 1175/7/1151
f 1112/7/1182 1175/7/1151 1139/7/1154
f 1112/7/1182 1150/7/1173 1181/7/1176
f 1112/7/1182 1181/7/1176 1156/7/1180
f 1112/7/1182 1157/7/1183 1182/7/1174
f 1112/7/1182 1182/7/1174 1150/7/1173
f 1113/7/1184 1137/7/1105 1173/7/1104
f 1113/7/1184 1173/7/1104 1155/7/1181
f 1189/7/1185 1154/7/1161 1171/7/1103
f 1189/7/1185 1171/7/1103 1195/7/1102
f 1189/7/1185 1197/7/1167 1177/7/1165
f 1189/7/1185 1177/7/1165 1154/7/1161
f 1113/7/1184 1155/7/1181 1179/7/1178
f 1113/7/1184 1179/7/1178 1148/7/1177
f 1114/7/1186 1140/7/1157 1174/7/1120
f 1114/7/1186 1174/7/1120 1158/7/1187
f 1114/7/1186 1157/7/1183 1176/7/1155
f 1114/7/1186 1176/7/1155 1140/7/1157
f 1114/7/1186 1151/7/1170 1182/7/1174
f 1114/7/1186 1182/7/1174 1157/7/1183
f 1114/7/1186 1158/7/1187 1180/7/1171
f 1114/7/1186 1180/7/1171 1151/7/1170
f 1190/7/1188 1196/7/1122 1172/7/1121
f 1190/7/1188 1172/7/1121 1153/7/1162
f 1115/7/1189 1158/7/1187 1174/7/1120
f 1115/7/1189 1174/7/1120 1138/7/1119
f 1115/7/1189 1149/7/1172 1180/7/1171
f 1115/7/1189 1180/7/1171 1158/7/1187
f 1190/7/1188 1153/7/1162 1178/7/1164
f 1190/7/1188 1178/7/1164 1198/7/1168
f 1115/7/1189 1190/7/1188 1198/7/1168
f 1115/7/1189 1198/7/1168 1149/7/1172
f 1115/7/1189 1138/7/1119 1196/7/1122
f 1115/7/1189 1196/7/1122 1190/7/1188
f 1113/7/1184 1148/7/1177 1197/7/1167
f 1113/7/1184 1197/7/1167 1189/7/1185
f 1113/7/1184 1189/7/1185 1195/7/1102
f 1113/7/1184 1195/7/1102 1137/7/1105
f 1110/7/1169 1149/7/1172 1198/7/1168
f 1110/7/1169 1198/7/1168 1188/7/1166
f 1110/7/1169 1188/7/1166 1197/7/1167
f 1110/7/1169 1197/7/1167 1148/7/1177
f 1100/7/1130 1125/7/1110 1192/7/1107
f 1100/7/1130 1192/7/1107 1187/7/1129
f 1100/7/1130 1187/7/1129 1194/7/1124
f 1100/7/1130 1194/7/1124 1127/7/1128
f 1099/7/1125 1127/7/1128 1194/7/1124
f 1099/7/1125 1194/7/1124 1186/7/1123
f 1099/7/1125 1186/7/1123 1193/7/1113
f 1099/7/1125 1193/7/1113 1126/7/1118
f 1098/7/1115 1185/7/1112 1196/7/1122
f 1098/7/1115 1196/7/1122 1138/7/1119
f 1098/7/1115 1126/7/1118 1193/7/1113
f 1098/7/1115 1193/7/1113 1185/7/1112
f 1097/7/1108 1124/7/1096 1191/7/1101
f 1097/7/1108 1191/7/1101 1184/7/1106
f 1097/7/1108 1184/7/1106 1192/7/1107
f 1097/7/1108 1192/7/1107 1125/7/1110
f 1096/7/1095 1137/7/1105 1195/7/1102
f 1096/7/1095 1195/7/1102 1183/7/1099
f 1096/7/1095 1183/7/1099 1191/7/1101
f 1096/7/1095 1191/7/1101 1124/7/1096
f 1199/6/1190 1207/6/1191 1214/6/1192
f 1199/6/1190 1214/6/1192 1206/6/1193
f 1200/6/1194 1208/6/1195 1207/6/1191
f 1200/6/1194 1207/6/1191 1199/6/1190
f 1201/6/1196 1209/6/1197 1208/6/1195
f 1201/6/1196 1208/6/1195 1200/6/1194
f 1202/6/1198 1210/6/1199 1209/6/1197
f 1202/6/1198 1209/6/1197 1201/6/1196
f 1203/6/1200 1211/6/1201 1210/6/1199
f 1203/6/1200 1210/6/1199 1202/6/1198
f 1204/6/1202 1212/6/1203 1211/6/1201
f 1204/6/1202 1211/6/1201 1203/6/1200
f 1205/6/1204 1213/6/1205 1212/6/1203
f 1205/6/1204 1212/6/1203 1204/6/1202
f 1206/6/1193 1214/6/1192 1213/6/1205
f 1206/6/1193 1213/6/1205 1205/6/1204
f 1207/6/1191 1215/6/1206 1222/6/1207
f 1207/6/1191 1222/6/1207 1214/6/1192
f 1208/6/1195 1216/6/1208 1215/6/1206
f 1208/6/1195 1215/6/1206 1207/6/1191
f 1209/6/1197 1217/6/1209 1216/6/1208
f 1209/6/1197 1216/6/1208 1208/6/1195
f 1210/6/1199 1218/6/1210 1217/6/1209
f 1210/6/1199 1217/6/1209 1209/6/1197
f 1211/6/1201 1219/6/1211 1218/6/1210
f 1211/6/1201 1218/6/1210 1210/6/1199
f 1212/6/1203 1220/6/1212 1219/6/1211
f 1212/6/1203 1219/6/1211 1211/6/1201
f 1213/6/1205 1221/6/1213 1220/6/1212
f 1213/6/1205 1220/6/1212 1212/6/1203
f 1214/6/1192 1222/6/1207 1221/6/1213
f 1214/6/1192 1221/6/1213 1213/6/1205
f 1215/6/1206 1223/6/1214 1230/6/1215
f 1215/6/1206 1230/6/1215 1222/6/1207
f 1216/6/1208 1224/6/1216 1223/6/1214
f 1216/6/1208 1223/6/1214 1215/6/1206
f 1217/6/1209 1225/6/1217 1224/6/1216
f 1217/6/1209 1224/6/1216 1216/6/1208
f 1218/6/1210 1226/6/1218 1225/6/1217
f 1218/6/1210 1225/6/1217 1217/6/1209
f 1219/6/1211 1227/6/1219 1226/6/1218
f 1219/6/1211 1226/6/1218 1218/6/1210
f 1220/6/1212 1228/6/1220 1227/6/1219
f 1220/6/1212 1227/6/1219 1219/6/1211
f 1221/6/1213 1229/6/1221 1228/6/1220
f 1221/6/1213 1228/6/1220 1220/6/1212
f 1222/6/1207 1230/6/1215 1229/6/1221
f 1222/6/1207 1229/6/1221 1221/6/1213
f 1223/6/1214 1231/6/1222 1238/6/1223
f 1223/6/1214 1238/6/1223 1230/6/1215
f 1224/6/1216 1232/6/1224 1231/6/1222
f 1224/6/1216 1231/6/1222 1223/6/1214
f 1225/6/1217 1233/6/1225 1232/6/1224
f 1225/6/1217 1232/6/1224 1224/6/1216
f 1226/6/1218 1234/6/1226 1233/6/1225
f 1226/6/1218 1233/6/1225 1225/6/1217
f 1227/6/1219 1235/6/1227 1234/6/1226
f 1227/6/1219 1234/6/1226 1226/6/1218
f 1228/6/1220 1236/6/1228 1235/6/1227
f 1228/6/1220 1235/6/1227 1227/6/1219
f 1229/6/1221 1237/6/1229 1236/6/1228
f 1229/6/1221 1236/6/1228 1228/6/1220
f 1230/6/1215 1238/6/1223 1237/6/1229
f 1230/6/1215 1237/6/1229 1229/6/1221
f 1231/6/1222 1239/6/1230 1246/6/1231
f 1231/6/1222 1246/6/1231 1238/6/1223
f 1232/6/1224 1240/6/1232 1239/6/1230
f 1232/6/1224 1239/6/1230 1231/6/1222
f 1233/6/1225 1241/6/1233 1240/6/1232
f 1233/6/1225 1240/6/1232 1232/6/1224
f 1234/6/1226 1242/6/1234 1241/6/1233
f 1234/6/1226 1241/6/1233 1233/6/1225
f 1235/6/1227 1243/6/1235 1242/6/1234
f 1235/6/1227 1242/6/1234 1234/6/1226
f 1236/6/1228 1244/6/1236 1243/6/1235
f 1236/6/1228 1243/6/1235 1235/6/1227
f 1237/6/1229 1245/6/1237 1244/6/1236
f 1237/6/1229 1244/6/1236 1236/6/1228
f 1238/6/1223 1246/6/1231 1245/6/1237
f 1238/6/1223 1245/6/1237 1237/6/1229
f 1247/6/1238 1255/6/1239 1262/6/1240
f 1247/6/1238 1262/6/1240 1254/6/1241
f 1248/6/1242 1256/6/1243 1255/6/1239
f 1248/6/1242 1255/6/1239 1247/6/1238
f 1249/6/1244 1257/6/1245 1256/6/1243
f 1249/6/1244 1256/6/1243 1248/6/1242
f 1250/6/1246 1258/6/1247 1257/6/1245
f 1250/6/1246 1257/6/1245 1249/6/1244
f 1251/6/1248 1259/6/1249 1258/6/1247
f 1251/6/1248 1258/6/1247 1250/6/1246
f 1252/6/1250 1260/6/1251 1259/6/1249
f 1252/6/1250 1259/6/1249 1251/6/1248
f 1253/6/1252 1261/6/1253 1260/6/1251
f 1253/6/1252 1260/6/1251 1252/6/1250
f 1254/6/1241 1262/6/1240 1261/6/1253
f 1254/6/1241 1261/6/1253 1253/6/1252
f 1255/6/1239 1263/6/1254 1270/6/1255
f 1255/6/1239 1270/6/1255 1262/6/1240
f 1256/6/1243 1264/6/1256 1263/6/1254
f 1256/6/1243 1263/6/1254 1255/6/1239
f 1257/6/1245 1265/6/1257 1264/6/1256
f 1257/6/1245 1264/6/1256 1256/6/1243
f 1258/6/1247 1266/6/1258 1265/6/1257
f 1258/6/1247 1265/6/1257 1257/6/1245
f 1259/6/1249 1267/6/1259 1266/6/1258
f 1259/6/1249 1266/6/1258 1258/6/1247
f 1260/6/1251 1268/6/1260 1267/6/1259
f 1260/6/1251 1267/6/1259 1259/6/1249
f 1261/6/1253 1269/6/1261 1268/6/1260
f 1261/6/1253 1268/6/1260 1260/6/1251
f 1262/6/1240 1270/6/1255 1269/6/1261
f 1262/6/1240 1269/6/1261 1261/6/1253
f 1263/6/1254 1271/6/1262 1278/6/1263
f 1263/6/1254 1278/6/1263 1270/6/1255
f 1264/6/1256 1272/6/1264 1271/6/1262
f 1264/6/1256 1271/6/1262 1263/6/1254
f 1265/6/1257 1273/6/1265 1272/6/1264
f 1265/6/1257 1272/6/1264 1264/6/1256
f 1266/6/1258 1274/6/1266 1273/6/1265
f 1266/6/1258 1273/6/1265 1265/6/1257
f 1267/6/1259 1275/6/1267 1274/6/1266
f 1267/6/1259 1274/6/1266 1266/6/1258
f 1268/6/1260 1276/6/1268 1275/6/1267
f 1268/6/1260 1275/6/1267 1267/6/1259
f 1269/6/1261 1277/6/1269 1276/6/1268
f 1269/6/1261 1276/6/1268 1268/6/1260
f 1270/6/1255 1278/6/1263 1277/6/1269
f 1270/6/1255 1277/6/1269 1269/6/1261
f 1271/6/1262 1279/6/1270 1286/6/1271
f 1271/6/1262 1286/6/1271 1278/6/1263
f 1272/6/1264 1280/6/1272 1279/6/1270
f 1272/6/1264 1279/6/1270 1271/6/1262
f 1273/6/1265 1281/6/1273 1280/6/1272
f 1273/6/1265 1280/6/1272 1272/6/1264
f 1274/6/1266 1282/6/1274 1281/6/1273
f 1274/6/1266 1281/6/1273 1273/6/1265
f 1275/6/1267 1283/6/1275 1282/6/1274
f 1275/6/1267 1282/6/1274 1274/6/1266
f 1276/6/1268 1284/6/1276 1283/6/1275
f 1276/6/1268 1283/6/1275 1275/6/1267
f 1277/6/1269 1285/6/1277 1284/6/1276
f 1277/6/1269 1284/6/1276 1276/6/1268
f 1278/6/1263 1286/6/1271 1285/6/1277
f 1278/6/1263 1285/6/1277 1277/6/1269
f 1279/6/1270 1287/6/1278 1294/6/1279
f 1279/6/1270 1294/6/1279 1286/6/1271
f 1280/6/1272 1288/6/1280 1287/6/1278
f 1280/6/1272 1287/6/1278 1279/6/1270
f 1281/6/1273 1289/6/1281 1288/6/1280
f 1281/6/1273 1288/6/1280 1280/6/1272
f 1282/6/1274 1290/6/1282 1289/6/1281
f 1282/6/1274 1289/6/1281 1281/6/1273
f 1283/6/1275 1291/6/1283 1290/6/1282
f 1283/6/1275 1290/6/1282 1282/6/1274
f 1284/6/1276 1292/6/1284 1291/6/1283
f 1284/6/1276 1291/6/1283 1283/6/1275
f 1285/6/1277 1293/6/1285 1292/6/1284
f 1285/6/1277 1292/6/1284 1284/6/1276
f 1286/6/1271 1294/6/1279 1293/6/1285
f 1286/6/1271 1293/6/1285 1285/6/1277
f 1295/6/1286 1303/6/1287 1310/6/1288
f 1295/6/1286 1310/6/1288 1302/6/1289
f 1296/6/1290 1304/6/1291 1303/6/1287
f 1296/6/1290 1303/6/1287 1295/6/1286
f 1297/6/1292 1305/6/1293 1304/6/1291
f 1297/6/1292 1304/6/1291 1296/6/1290
f 1298/6/1294 1306/6/1295 1305/6/1293
f 1298/6/1294 1305/6/1293 1297/6/1292
f 1299/6/1296 1307/6/1297 1306/6/1295
f 1299/6/1296 1306/6/1295 1298/6/1294
f 1300/6/1298 1308/6/1299 1307/6/1297
f 1300/6/1298 1307/6/1297 1299/6/1296
f 1301/6/1300 1309/6/1301 1308/6/1299
f 1301/6/1300 1308/6/1299 1300/6/1298
f 1302/6/1289 1310/6/1288 1309/6/1301
f 1302/6/1289 1309/6/1301 1301/6/1300
f 1303/6/1287 1311/6/1302 1318/6/1303
f 1303/6/1287 1318/6/1303 1310/6/1288
f 1304/6/1291 1312/6/1304 1311/6/1302
f 1304/6/1291 1311/6/1302 1303/6/1287
f 1305/6/1293 1313/6/1305 1312/6/1304
f 1305/6/1293 1312/6/1304 1304/6/1291
f 1306/6/1295 1314/6/1306 1313/6/1305
f 1306/6/1295 1313/6/1305 1305/6/1293
f 1307/6/1297 1315/6/1307 1314/6/1306
f 1307/6/1297 1314/6/1306 1306/6/1295
f 1308/6/1299 1316/6/1308 1315/6/1307
f 1308/6/1299 1315/6/1307 1307/6/1297
f 1309/6/1301 1317/6/1309 1316/6/1308
f 1309/6/1301 1316/6/1308 1308/6/1299
f 1310/6/1288 1318/6/1303 1317/6/1309
f 1310/6/1288 1317/6/1309 1309/6/1301
f 1311/6/1302 1319/6/1310 1326/6/1311
f 1311/6/1302 1326/6/1311 1318/6/1303
f 1312/6/1304 1320/6/1312 1319/6/1310
f 1312/6/1304 1319/6/1310 1311/6/1302
f 1313/6/1305 1321/6/1313 1320/6/1312
f 1313/6/1305 1320/6/1312 1312/6/1304
f 1314/6/1306 1322/6/1314 1321/6/1313
f 1314/6/1306 1321/6/1313 1313/6/1305
f 1315/6/1307 1323/6/1315 1322/6/1314
f 1315/6/1307 1322/6/1314 1314/6/1306
f 1316/6/1308 1324/6/1316 1323/6/1315
f 1316/6/1308 1323/6/1315 1315/6/1307
f 1317/6/1309 1325/6/1317 1324/6/1316
f 1317/6/1309 1324/6/1316 1316/6/1308
f 1318/6/1303 1326/6/1311 1325/6/1317
f 1318/6/1303 1325/6/1317 1317/6/1309
f 1319/6/1310 1327/6/1318 1334/6/1319
f 1319/6/1310 1334/6/1319 1326/6/1311
f 1320/6/1312 1328/6/1320 1327/6/1318
f 1320/6/1312 1327/6/1318 1319/6/1310
f 1321/6/1313 1329/6/1321 1328/6/1320
f 1321/6/1313 1328/6/1320 1320/6/1312
f 1322/6/1314 1330/6/1322 1329/6/1321
f 1322/6/1314 1329/6/1321 1321/6/1313
f 1323/6/1315 1331/6/1323 1330/6/1322
f 1323/6/1315 1330/6/1322 1322/6/1314
f 1324/6/1316 1332/6/1324 1331/6/1323
f 1324/6/1316 1331/6/1323 1323/6/1315
f 1325/6/1317 1333/6/1325 1332/6/1324
f 1325/6/1317 1332/6/1324 1324/6/1316
f 1326/6/1311 1334/6/1319 1333/6/1325
f 1326/6/1311 1333/6/1325 1325/6/1317
f 1327/6/1318 1335/6/1326 1342/6/1327
f 1327/6/1318 1342/6/1327 1334/6/1319
f 1328/6/1320 1336/6/1328 1335/6/1326
f 1328/6/1320 1335/6/1326 1327/6/1318
f 1329/6/1321 1337/6/1329 1336/6/1328
f 1329/6/1321 1336/6/1328 1328/6/1320
f 1330/6/1322 1338/6/1330 1337/6/1329
f 1330/6/1322 1337/6/1329 1329/6/1321
f 1331/6/1323 1339/6/1331 1338/6/1330
f 1331/6/1323 1338/6/1330 1330/6/1322
f 1332/6/1324 1340/6/1332 1339/6/1331
f 1332/6/1324 1339/6/1331 1331/6/1323
f 1333/6/1325 1341/6/1333 1340/6/1332
f 1333/6/1325 1340/6/1332 1332/6/1324
f 1334/6/1319 1342/6/1327 1341/6/1333
f 1334/6/1319 1341/6/1333 1333/6/1325
f 1343/6/1334 1351/6/1335 1358/6/1336
f 1343/6/1334 1358/6/1336 1350/6/1337
f 1344/6/1338 1352/6/1339 1351/6/1335
f 1344/6/1338 1351/6/1335 1343/6/1334
f 1345/6/1340 1353/6/1341 1352/6/1339
f 1345/6/1340 1352/6/1339 1344/6/1338
f 1346/6/1342 1354/6/1343 1353/6/1341
f 1346/6/1342 1353/6/1341 1345/6/1340
f 1347/6/1344 1355/6/1345 1354/6/1343
f 1347/6/1344 1354/6/1343 1346/6/1342
f 1348/6/1346 1356/6/1347 1355/6/1345
f 1348/6/1346 1355/6/1345 1347/6/1344
f 1349/6/1348 1357/6/1349 1356/6/1347
f 1349/6/1348 1356/6/1347 1348/6/1346
f 1350/6/1337 1358/6/1336 1357/6/1349
f 1350/6/1337 1357/6/1349 1349/6/1348
f 1351/6/1335 1359/6/1350 1366/6/1351
f 1351/6/1335 1366/6/1351 1358/6/1336
f 1352/6/1339 1360/6/1352 1359/6/1350
f 1352/6/1339 1359/6/1350 1351/6/1335
f 1353/6/1341 1361/6/1353 1360/6/1352
f 1353/6/1341 1360/6/1352 1352/6/1339
f 1354/6/1343 1362/6/1354 1361/6/1353
f 1354/6/1343 1361/6/1353 1353/6/1341
f 1355/6/1345 1363/6/1355 1362/6/1354
f 1355/6/1345 1362/6/1354 1354/6/1343
f 1356/6/1347 1364/6/1356 1363/6/1355
f 1356/6/1347 1363/6/1355 1355/6/1345
f 1357/6/1349 1365/6/1357 1364/6/1356
f 1357/6/1349 1364/6/1356 1356/6/1347
f 1358/6/1336 1366/6/1351 1365/6/1357
f 1358/6/1336 1365/6/1357 1357/6/1349
f 1359/6/1350 1367/6/1358 1374/6/1359
f 1359/6/1350 1374/6/1359 1366/6/1351
f 1360/6/1352 1368/6/1360 1367/6/1358
f 1360/6/1352 1367/6/1358 1359/6/1350
f 1361/6/1353 1369/6/1361 1368/6/1360
f 1361/6/1353 1368/6/1360 1360/6/1352
f 1362/6/1354 1370/6/1362 1369/6/1361
f 1362/6/1354 1369/6/1361 1361/6/1353
f 1363/6/1355 1371/6/1363 1370/6/1362
f 1363/6/1355 1370/6/1362 1362/6/1354
f 1364/6/1356 1372/6/1364 1371/6/1363
f 1364/6/1356 1371/6/1363 1363/6/1355
f 1365/6/1357 1373/6/1365 1372/6/1364
f 1365/6/1357 1372/6/1364 1364/6/1356
f 1366/6/1351 1374/6/1359 1373/6/1365
f 1366/6/1351 1373/6/1365 1365/6/1357
f 1367/6/1358 1375/6/1366 1382/6/1367
f 1367/6/1358 1382/6/1367 1374/6/1359
f 1368/6/1360 1376/6/1368 1375/6/1366
f 1368/6/1360 1375/6/1366 1367/6/1358
f 1369/6/1361 1377/6/1369 1376/6/1368
f 1369/6/1361 1376/6/1368 1368/6/1360
f 1370/6/1362 1378/6/1370 1377/6/1369
f 1370/6/1362 1377/6/1369 1369/6/1361
f 1371/6/1363 1379/6/1371 1378/6/1370
f 1371/6/1363 1378/6/1370 1370/6/1362
f 1372/6/1364 1380/6/1372 1379/6/1371
f 1372/6/1364 1379/6/1371 1371/6/1363
f 1373/6/1365 1381/6/1373 1380/6/1372
f 1373/6/1365 1380/6/1372 1372/6/1364
f 1374/6/1359 1382/6/1367 1381/6/1373
f 1374/6/1359 1381/6/1373 1373/6/1365
f 1375/6/1366 1383/6/1374 1390/6/1375
f 1375/6/1366 1390/6/1375 1382/6/1367
f 1376/6/1368 1384/6/1376 1383/6/1374
f 1376/6/1368 1383/6/1374 1375/6/1366
f 1377/6/1369 1385/6/1377 1384/6/1376
f 1377/6/1369 1384/6/1376 1376/6/1368
f 1378/6/1370 1386/6/1378 1385/6/1377
f 1378/6/1370 1385/6/1377 1377/6/1369
f 1379/6/1371 1387/6/1379 1386/6/1378
f 1379/6/1371 1386/6/1378 1378/6/1370
f 1380/6/1372 1388/6/1380 1387/6/1379
f 1380/6/1372 1387/6/1379 1379/6/1371
f 1381/6/1373 1389/6/1381 1388/6/1380
f 1381/6/1373 1388/6/1380 1380/6/1372
f 1382/6/1367 1390/6/1375 1389/6/1381
f 1382/6/1367 1389/6/1381 1381/6/1373
f 1391/6/1382 1399/6/1383 1406/6/1384
f 1391/6/1382 1406/6/1384 1398/6/1385
f 1392/6/1386 1400/6/1387 1399/6/1383
f 1392/6/1386 1399/6/1383 1391/6/1382
f 1393/6/1388 1401/6/1389 1400/6/1387
f 1393/6/1388 1400/6/1387 1392/6/1386
f 1394/6/1390 1402/6/1391 1401/6/1389
f 1394/6/1390 1401/6/1389 1393/6/1388
f 1395/6/1392 1403/6/1393 1402/6/1391
f 1395/6/1392 1402/6/1391 1394/6/1390
f 1396/6/1394 1404/6/1395 1403/6/1393
f 1396/6/1394 1403/6/1393 1395/6/1392
f 1397/6/1396 1405/6/1397 1404/6/1395
f 1397/6/1396 1404/6/1395 1396/6/1394
f 1398/6/1385 1406/6/1384 1405/6/1397
f 1398/6/1385 1405/6/1397 1397/6/1396
f 1399/6/1383 1407/6/1398 1414/6/1399
f 1399/6/1383 1414/6/1399 1406/6/1384
f 1400/6/1387 1408/6/1400 1407/6/1398
f 1400/6/1387 1407/6/1398 1399/6/1383
f 1401/6/1389 1409/6/1401 1408/6/1400
f 1401/6/1389 1408/6/1400 1400/6/1387
f 1402/6/1391 1410/6/1402 1409/6/1401
f 1402/6/1391 1409/6/1401 1401/6/1389
f 1403/6/1393 1411/6/1403 1410/6/1402
f 1403/6/1393 1410/6/1402 1402/6/1391
f 1404/6/1395 1412/6/1404 1411/6/1403
f 1404/6/1395 1411/6/1403 1403/6/1393
f 1405/6/1397 1413/6/1405 1412/6/1404
f 1405/6/1397 1412/6/1404 1404/6/1395
f 1406/6/1384 1414/6/1399 1413/6/1405
f 1406/6/1384 1413/6/1405 1405/6/1397
f 1407/6/1398 1415/6/1406 1422/6/1407
f 1407/6/1398 1422/6/1407 1414/6/1399
f 1408/6/1400 1416/6/1408 1415/6/1406
f 1408/6/1400 1415/6/1406 1407/6/1398
f 1409/6/1401 1417/6/1409 1416/6/1408
f 1409/6/1401 1416/6/1408 1408/6/1400
f 1410/6/1402 1418/6/1410 1417/6/1409
f 1410/6/1402 1417/6/1409 1409/6/1401
f 1411/6/1403 1419/6/1411 1418/6/1410
f 1411/6/1403 1418/6/1410 1410/6/1402
f 1412/6/1404 1420/6/1412 1419/6/1411
f 1412/6/1404 1419/6/1411 1411/6/1403
f 1413/6/1405 1421/6/1413 1420/6/1412
f 1413/6/1405 1420/6/1412 1412/6/1404
f 1414/6/1399 1422/6/1407 1421/6/1413
f 1414/6/1399 1421/6/1413 1413/6/1405
f 1415/6/1406 1423/6/1414 1430/6/1415
f 1415/6/1406 1430/6/1415 1422/6/1407
f 1416/6/1408 1424/6/1416 1423/6/1414
f 1416/6/1408 1423/6/1414 1415/6/1406
f 1417/6/1409 1425/6/1417 1424/6/1416
f 1417/6/1409 1424/6/1416 1416/6/1408
f 1418/6/1410 1426/6/1418 1425/6/1417
f 1418/6/1410 1425/6/1417 1417/6/1409
f 1419/6/1411 1427/6/1419 1426/6/1418
f 1419/6/1411 1426/6/1418 1418/6/1410
f 1420/6/1412 1428/6/1420 1427/6/1419
f 1420/6/1412 1427/6/1419 1419/6/1411
f 1421/6/1413 1429/6/1421 1428/6/1420
f 1421/6/1413 1428/6/1420 1420/6/1412
f 1422/6/1407 1430/6/1415 1429/6/1421
f 1422/6/1407 1429/6/1421 1421/6/1413
f 1423/6/1414 1431/6/1422 1438/6/1423
f 1423/6/1414 1438/6/1423 1430/6/1415
f 1424/6/1416 1432/6/1424 1431/6/1422
f 1424/6/1416 1431/6/1422 1423/6/1414
f 1425/6/1417 1433/6/1425 1432/6/1424
f 1425/6/1417 1432/6/1424 1424/6/1416
f 1426/6/1418 1434/6/1426 1433/6/1425
f 1426/6/1418 1433/6/1425 1425/6/1417
f 1427/6/1419 1435/6/1427 1434/6/1426
f 1427/6/1419 1434/6/1426 1426/6/1418
f 1428/6/1420 1436/6/1428 1435/6/1427
f 1428/6/1420 1435/6/1427 1427/6/1419
f 1429/6/1421 1437/6/1429 1436/6/1428
f 1429/6/1421 1436/6/1428 1428/6/1420
f 1430/6/1415 1438/6/1423 1437/6/1429
f 1430/6/1415 1437/6/1429 1429/6/1421
f 1439/6/1430 1447/6/1431 1454/6/1432
f 1439/6/1430 1454/6/1432 1446/6/1433
f 1440/6/1434 1448/6/1435 1447/6/1431
f 1440/6/1434 1447/6/1431 1439/6/1430
f 1441/6/1436 1449/6/1437 1448/6/1435
f 1441/6/1436 1448/6/1435 1440/6/1434
f 1442/6/1438 1450/6/1439 1449/6/1437
f 1442/6/1438 1449/6/1437 1441/6/1436
f 1443/6/1440 1451/6/1441 1450/6/1439
f 1443/6/1440 1450/6/1439 1442/6/1438
f 1444/6/1442 1452/6/1443 1451/6/1441
f 1444/6/1442 1451/6/1441 1443/6/1440
f 1445/6/1444 1453/6/1445 1452/6/1443
f 1445/6/1444 1452/6/1443 1444/6/1442
f 1446/6/1433 1454/6/1432 1453/6/1445
f 1446/6/1433 1453/6/1445 1445/6/1444
f 1447/6/1431 1455/6/1446 1462/6/1447
f 1447/6/1431 1462/6/1447 1454/6/1432
f 1448/6/1435 1456/6/1448 1455/6/1446
f 1448/6/1435 1455/6/1446 1447/6/1431
f 1449/6/1437 1457/6/1449 1456/6/1448
f 1449/6/1437 1456/6/1448 1448/6/1435
f 1450/6/1439 1458/6/1450 1457/6/1449
f 1450/6/1439 1457/6/1449 1449/6/1437
f 1451/6/1441 1459/6/1451 1458/6/1450
f 1451/6/1441 1458/6/1450 1450/6/1439
f 1452/6/1443 1460/6/1452 1459/6/1451
f 1452/6/1443 1459/6/1451 1451/6/1441
f 1453/6/1445 1461/6/1453 1460/6/1452
f 1453/6/1445 1460/6/1452 1452/6/1443
f 1454/6/1432 1462/6/1447 1461/6/1453
f 1454/6/1432 1461/6/1453 1453/6/1445
f 1455/6/1446 1463/6/1454 1470/6/1455
f 1455/6/1446 1470/6/1455 1462/6/1447
f 1456/6/1448 1464/6/1456 1463/6/1454
f 1456/6/1448 1463/6/1454 1455/6/1446
f 1457/6/1449 1465/6/1457 1464/6/1456
f 1457/6/1449 1464/6/1456 1456/6/1448
f 1458/6/1450 1466/6/1458 1465/6/1457
f 1458/6/1450 1465/6/1457 1457/6/1449
f 1459/6/1451 1467/6/1459 1466/6/1458
f 1459/6/1451 1466/6/1458 1458/6/1450
f 1460/6/1452 1468/6/1460 1467/6/1459
f 1460/6/1452 1467/6/1459 1459/6/1451
f 1461/6/1453 1469/6/1461 1468/6/1460
f 1461/6/1453 1468/6/1460 1460/6/1452
f 1462/6/1447 1470/6/1455 1469/6/1461
f 1462/6/1447 1469/6/1461 1461/6/1453
f 1463/6/1454 1471/6/1462 1478/6/1463
f 1463/6/1454 1478/6/1463 1470/6/1455
f 1464/6/1456 1472/6/1464 1471/6/1462
f 1464/6/1456 1471/6/1462 1463/6/1454
f 1465/6/1457 1473/6/1465 1472/6/1464
f 1465/6/1457 1472/6/1464 1464/6/1456
f 1466/6/1458 1474/6/1466 1473/6/1465
f 1466/6/1458 1473/6/1465 1465/6/1457
f 1467/6/1459 1475/6/1467 1474/6/1466
f 1467/6/1459 1474/6/1466 1466/6/1458
f 1468/6/1460 1476/6/1468 1475/6/1467
f 1468/6/1460 1475/6/1467 1467/6/1459
f 1469/6/1461 1477/6/1469 1476/6/1468
f 1469/6/1461 1476/6/1468 1468/6/1460
f 1470/6/1455 1478/6/1463 1477/6/1469
f 1470/6/1455 1477/6/1469 1469/6/1461
f 1471/6/1462 1479/6/1470 1486/6/1471
f 1471/6/1462 1486/6/1471 1478/6/1463
f 1472/6/1464 1480/6/1472 1479/6/1470
f 1472/6/1464 1479/6/1470 1471/6/1462
f 1473/6/1465 1481/6/1473 1480/6/1472
f 1473/6/1465 1480/6/1472 1472/6/1464
f 1474/6/1466 1482/6/1474 1481/6/1473
f 1474/6/1466 1481/6/1473 1473/6/1465
f 1475/6/1467 1483/6/1475 1482/6/1474
f 1475/6/1467 1482/6/1474 1474/6/1466
f 1476/6/1468 1484/6/1476 1483/6/1475
f 1476/6/1468 1483/6/1475 1475/6/1467
f 1477/6/1469 1485/6/1477 1484/6/1476
f 1477/6/1469 1484/6/1476 1476/6/1468
f 1478/6/1463 1486/6/1471 1485/6/1477
f 1478/6/1463 1485/6/1477 1477/6/1469
f 1487/6/1478 1495/6/1479 1502/6/1480
f 1487/6/1478 1502/6/1480 1494/6/1481
f 1488/6/1482 1496/6/1483 1495/6/1479
f 1488/6/1482 1495/6/1479 1487/6/1478
f 1489/6/1484 1497/6/1485 1496/6/1483
f 1489/6/1484 1496/6/1483 1488/6/1482
f 1490/6/1486 1498/6/1487 1497/6/1485
f 1490/6/1486 1497/6/1485 1489/6/1484
f 1491/6/1488 1499/6/1489 1498/6/1487
f 1491/6/1488 1498/6/1487 1490/6/1486
f 1492/6/1490 1500/6/1491 1499/6/1489
f 1492/6/1490 1499/6/1489 1491/6/1488
f 1493/6/1492 1501/6/1493 1500/6/1491
f 1493/6/1492 1500/6/1491 1492/6/1490
f 1494/6/1481 1502/6/1480 1501/6/1493
f 1494/6/1481 1501/6/1493 1493/6/1492
f 1495/6/1479 1503/6/1494 1510/6/1495
f 1495/6/1479 1510/6/1495 1502/6/1480
f 1496/6/1483 1504/6/1496 1503/6/1494
f 1496/6/1483 1503/6/1494 1495/6/1479
f 1497/6/1485 1505/6/1497 1504/6/1496
f 1497/6/1485 1504/6/1496 1496/6/1483
f 1498/6/1487 1506/6/1498 1505/6/1497
f 1498/6/1487 1505/6/1497 1497/6/1485
f 1499/6/1489 1507/6/1499 1506/6/1498
f 1499/6/1489 1506/6/1498 1498/6/1487
f 1500/6/1491 1508/6/1500 1507/6/1499
f 1500/6/1491 1507/6/1499 1499/6/1489
f 1501/6/1493 1509/6/1501 1508/6/1500
f 1501/6/1493 1508/6/1500 1500/6/1491
f 1502/6/1480 1510/6/1495 1509/6/1501
f 1502/6/1480 1509/6/1501 1501/6/1493
f 1503/6/1494 1511/6/1502 1518/6/1503
f 1503/6/1494 1518/6/1503 1510/6/1495
f 1504/6/1496 1512/6/1504 1511/6/1502
f 1504/6/1496 1511/6/1502 1503/6/1494
f 1505/6/1497 1513/6/1505 1512/6/1504
f 1505/6/1497 1512/6/1504 1504/6/1496
f 1506/6/1498 1514/6/1506 1513/6/1505
f 1506/6/1498 1513/6/1505 1505/6/1497
f 1507/6/1499 1515/6/1507 1514/6/1506
f 1507/6/1499 1514/6/1506 1506/6/1498
f 1508/6/1500 1516/6/1508 1515/6/1507
f 1508/6/1500 1515/6/1507 1507/6/1499
f 1509/6/1501 1517/6/1509 1516/6/1508
f 1509/6/1501 1516/6/1508 1508/6/1500
f 1510/6/1495 1518/6/1503 1517/6/1509
f 1510/6/1495 1517/6/1509 1509/6/1501
f 1511/6/1502 1519/6/1510 1526/6/1511
f 1511/6/1502 1526/6/1511 1518/6/1503
f 1512/6/1504 1520/6/1512 1519/6/1510
f 1512/6/1504 1519/6/1510 1511/6/1502
f 1513/6/1505 1521/6/1513 1520/6/1512
f 1513/6/1505 1520/6/1512 1512/6/1504
f 1514/6/1506 1522/6/1514 1521/6/1513
f 1514/6/1506 1521/6/1513 1513/6/1505
f 1515/6/1507 1523/6/1515 1522/6/1514
f 1515/6/1507 1522/6/1514 1514/6/1506
f 1516/6/1508 1524/6/1516 1523/6/1515
f 1516/6/1508 1523/6/1515 1515/6/1507
f 1517/6/1509 1525/6/1517 1524/6/1516
f 1517/6/1509 1524/6/1516 1516/6/1508
f 1518/6/1503 1526/6/1511 1525/6/1517
f 1518/6/1503 1525/6/1517 1517/6/1509
f 1519/6/1510 1527/6/1518 1534/6/1519
f 1519/6/1510 1534/6/1519 1526/6/1511
f 1520/6/1512 1528/6/1520 1527/6/1518
f 1520/6/1512 1527/6/1518 1519/6/1510
f 1521/6/1513 1529/6/1521 1528/6/1520
f 1521/6/1513 1528/6/1520 1520/6/1512
f 1522/6/1514 1530/6/1522 1529/6/1521
f 1522/6/1514 1529/6/1521 1521/6/1513
f 1523/6/1515 1531/6/1523 1530/6/1522
f 1523/6/1515 1530/6/1522 1522/6/1514
f 1524/6/1516 1532/6/1524 1531/6/1523
f 1524/6/1516 1531/6/1523 1523/6/1515
f 1525/6/1517 1533/6/1525 1532/6/1524
f 1525/6/1517 1532/6/1524 1524/6/1516
f 1526/6/1511 1534/6/1519 1533/6/1525
f 1526/6/1511 1533/6/1525 1525/6/1517
f 1535/6/1526 1543/6/1527 1550/6/1528
f 1535/6/1526 1550/6/1528 1542/6/1529
f 1536/6/1530 1544/6/1531 1543/6/1527
f 1536/6/1530 1543/6/1527 1535/6/1526
f 1537/6/1532 1545/6/1533 1544/6/1531
f 1537/6/1532 1544/6/1531 1536/6/1530
f 1538/6/1534 1546/6/1535 1545/6/1533
f 1538/6/1534 1545/6/1533 1537/6/1532
f 1539/6/1536 1547/6/1537 1546/6/1535
f 1539/6/1536 1546/6/1535 1538/6/1534
f 1540/6/1538 1548/6/1539 1547/6/1537
f 1540/6/1538 1547/6/1537 1539/6/1536
f 1541/6/1540 1549/6/1541 1548/6/1539
f 1541/6/1540 1548/6/1539 1540/6/1538
f 1542/6/1529 1550/6/1528 1549/6/1541
f 1542/6/1529 1549/6/1541 1541/6/1540
f 1543/6/1527 1551/6/1542 1558/6/1543
f 1543/6/1527 1558/6/1543 1550/6/1528
f 1544/6/1531 1552/6/1544 1551/6/1542
f 1544/6/1531 1551/6/1542 1543/6/1527
f 1545/6/1533 1553/6/1545 1552/6/1544
f 1545/6/1533 1552/6/1544 1544/6/1531
f 1546/6/1535 1554/6/1546 1553/6/1545
f 1546/6/1535 1553/6/1545 1545/6/1533
f 1547/6/1537 1555/6/1547 1554/6/1546
f 1547/6/1537 1554/6/1546 1546/6/1535
f 1548/6/1539 1556/6/1548 1555/6/1547
f 1548/6/1539 1555/6/1547 1547/6/1537
f 1549/6/1541 1557/6/1549 1556/6/1548
f 1549/6/1541 1556/6/1548 1548/6/1539
f 1550/6/1528 1558/6/1543 1557/6/1549
f 1550/6/1528 1557/6/1549 1549/6/1541
f 1551/6/1542 1559/6/1550 1566/6/1551
f 1551/6/1542 1566/6/1551 1558/6/1543
f 1552/6/1544 1560/6/1552 1559/6/1550
f 1552/6/1544 1559/6/1550 1551/6/1542
f 1553/6/1545 1561/6/1553 1560/6/1552
f 1553/6/1545 1560/6/1552 1552/6/1544
f 1554/6/1546 1562/6/1554 1561/6/1553
f 1554/6/1546 1561/6/1553 1553/6/1545
f 1555/6/1547 1563/6/1555 1562/6/1554
f 1555/6/1547 1562/6/1554 1554/6/1546
f 1556/6/1548 1564/6/1556 1563/6/1555
f 1556/6/1548 1563/6/1555 1555/6/1547
f 1557/6/1549 1565/6/1557 1564/6/1556
f 1557/6/1549 1564/6/1556 1556/6/1548
f 1558/6/1543 1566/6/1551 1565/6/1557
f 1558/6/1543 1565/6/1557 1557/6/1549
f 1559/6/1550 1567/6/1558 1574/6/1559
f 1559/6/1550 1574/6/1559 1566/6/1551
f 1560/6/1552 1568/6/1560 1567/6/1558
f 1560/6/1552 1567/6/1558 1559/6/1550
f 1561/6/1553 1569/6/1561 1568/6/1560
f 1561/6/1553 1568/6/1560 1560/6/1552
f 1562/6/1554 1570/6/1562 1569/6/1561
f 1562/6/1554 1569/6/1561 1561/6/1553
f 1563/6/1555 1571/6/1563 1570/6/1562
f 1563/6/1555 1570/6/1562 1562/6/1554
f 1564/6/1556 1572/6/1564 1571/6/1563
f 1564/6/1556 1571/6/1563 1563/6/1555
f 1565/6/1557 1573/6/1565 1572/6/1564
f 1565/6/1557 1572/6/1564 1564/6/1556
f 1566/6/1551 1574/6/1559 1573/6/1565
f 1566/6/1551 1573/6/1565 1565/6/1557
f 1567/6/1558 1575/6/1566 1582/6/1567
f 1567/6/1558 1582/6/1567 1574/6/1559
f 1568/6/1560 1576/6/1568 1575/6/1566
f 1568/6/1560 1575/6/1566 1567/6/1558
f 1569/6/1561 1577/6/1569 1576/6/1568
f 1569/6/1561 1576/6/1568 1568/6/1560
f 1570/6/1562 1578/6/1570 1577/6/1569
f 1570/6/1562 1577/6/1569 1569/6/1561
f 1571/6/1563 1579/6/1571 1578/6/1570
f 1571/6/1563 1578/6/1570 1570/6/1562
f 1572/6/1564 1580/6/1572 1579/6/1571
f 1572/6/1564 1579/6/1571 1571/6/1563
f 1573/6/1565 1581/6/1573 1580/6/1572
f 1573/6/1565 1580/6/1572 1572/6/1564
f 1574/6/1559 1582/6/1567 1581/6/1573
f 1574/6/1559 1581/6/1573 1573/6/1565
f 1583/6/1574 1591/6/1575 1598/6/1576
f 1583/6/1574 1598/6/1576 1590/6/1577
f 1584/6/1578 1592/6/1579 1591/6/1575
f 1584/6/1578 1591/6/1575 1583/6/1574
f 1585/6/1580 1593/6/1581 1592/6/1579
f 1585/6/1580 1592/6/1579 1584/6/1578
f 1586/6/1582 1594/6/1583 1593/6/1581
f 1586/6/1582 1593/6/1581 1585/6/1580
f 1587/6/1584 1595/6/1585 1594/6/1583
f 1587/6/1584 1594/6/1583 1586/6/1582
f 1588/6/1586 1596/6/1587 1595/6/1585
f 1588/6/1586 1595/6/1585 1587/6/1584
f 1589/6/1588 1597/6/1589 1596/6/1587
f 1589/6/1588 1596/6/1587 1588/6/1586
f 1590/6/1577 1598/6/1576 1597/6/1589
f 1590/6/1577 1597/6/1589 1589/6/1588
f 1591/6/1575 1599/6/1590 1606/6/1591
f 1591/6/1575 1606/6/1591 1598/6/1576
f 1592/6/1579 1600/6/1592 1599/6/1590
f 1592/6/1579 1599/6/1590 1591/6/1575
f 1593/6/1581 1601/6/1593 1600/6/1592
f 1593/6/1581 1600/6/1592 1592/6/1579
f 1594/6/1583 1602/6/1594 1601/6/1593
f 1594/6/1583 1601/6/1593 1593/6/1581
f 1595/6/1585 1603/6/1595 1602/6/1594
f 1595/6/1585 1602/6/1594 1594/6/1583
f 1596/6/1587 1604/6/1596 1603/6/1595
f 1596/6/1587 1603/6/1595 1595/6/1585
f 1597/6/1589 1605/6/1597 1604/6/1596
f 1597/6/1589 1604/6/1596 1596/6/1587
f 1598/6/1576 1606/6/1591 1605/6/1597
f 1598/6/1576 1605/6/1597 1597/6/1589
f 1599/6/1590 1607/6/1598 1614/6/1599
f 1599/6/1590 1614/6/1599 1606/6/1591
f 1600/6/1592 1608/6/1600 1607/6/1598
f 1600/6/1592 1607/6/1598 1599/6/1590
f 1601/6/1593 1609/6/1601 1608/6/1600
f 1601/6/1593 1608/6/1600 1600/6/1592
f 1602/6/1594 1610/6/1602 1609/6/1601
f 1602/6/1594 1609/6/1601 1601/6/1593
f 1603/6/1595 1611/6/1603 1610/6/1602
f 1603/6/1595 1610/6/1602 1602/6/1594
f 1604/6/1596 1612/6/1604 1611/6/1603
f 1604/6/1596 1611/6/1603 1603/6/1595
f 1605/6/1597 1613/6/1605 1612/6/1604
f 1605/6/1597 1612/6/1604 1604/6/1596
f 1606/6/1591 1614/6/1599 1613/6/1605
f 1606/6/1591 1613/6/1605 1605/6/1597
f 1607/6/1598 1615/6/1606 1622/6/1607
f 1607/6/1598 1622/6/1607 1614/6/1599
f 1608/6/1600 1616/6/1608 1615/6/1606
f 1608/6/1600 1615/6/1606 1607/6/1598
f 1609/6/1601 1617/6/1609 1616/6/1608
f 1609/6/1601 1616/6/1608 1608/6/1600
f 1610/6/1602 1618/6/1610 1617/6/1609
f 1610/6/1602 1617/6/1609 1609/6/1601
f 1611/6/1603 1619/6/1611 1618/6/1610
f 1611/6/1603 1618/6/1610 1610/6/1602
f 1612/6/1604 1620/6/1612 1619/6/1611
f 1612/6/1604 1619/6/1611 1611/6/1603
f 1613/6/1605 1621/6/1613 1620/6/1612
f 1613/6/1605 1620/6/1612 1612/6/1604
f 1614/6/1599 1622/6/1607 1621/6/1613
f 1614/6/1599 1621/6/1613 1613/6/1605
f 1615/6/1606 1623/6/1614 1630/6/1615
f 1615/6/1606 1630/6/1615 1622/6/1607
f 1616/6/1608 1624/6/1616 1623/6/1614
f 1616/6/1608 1623/6/1614 1615/6/1606
f 1617/6/1609 1625/6/1617 1624/6/1616
f 1617/6/1609 1624/6/1616 1616/6/1608
f 1618/6/1610 1626/6/1618 1625/6/1617
f 1618/6/1610 1625/6/1617 1617/6/1609
f 1619/6/1611 1627/6/1619 1626/6/1618
f 1619/6/1611 1626/6/1618 1618/6/1610
f 1620/6/1612 1628/6/1620 1627/6/1619
f 1620/6/1612 1627/6/1619 1619/6/1611
f 1621/6/1613 1629/6/1621 1628/6/1620
f 1621/6/1613 1628/6/1620 1620/6/1612
f 1622/6/1607 1630/6/1615 1629/6/1621
f 1622/6/1607 1629/6/1621 1621/6/1613
f 1631/6/1622 1639/6/1623 1646/6/1624
f 1631/6/1622 1646/6/1624 1638/6/1625
f 1632/6/1626 1640/6/1627 1639/6/1623
f 1632/6/1626 1639/6/1623 1631/6/1622
f 1633/6/1628 1641/6/1629 1640/6/1627
f 1633/6/1628 1640/6/1627 1632/6/1626
f 1634/6/1630 1642/6/1631 1641/6/1629
f 1634/6/1630 1641/6/1629 1633/6/1628
f 1635/6/1632 1643/6/1633 1642/6/1631
f 1635/6/1632 1642/6/1631 1634/6/1630
f 1636/6/1634 1644/6/1635 1643/6/1633
f 1636/6/1634 1643/6/1633 1635/6/1632
f 1637/6/1636 1645/6/1637 1644/6/1635
f 1637/6/1636 1644/6/1635 1636/6/1634
f 1638/6/1625 1646/6/1624 1645/6/1637
f 1638/6/1625 1645/6/1637 1637/6/1636
f 1639/6/1623 1647/6/1638 1654/6/1639
f 1639/6/1623 1654/6/1639 1646/6/1624
f 1640/6/1627 1648/6/1640 1647/6/1638
f 1640/6/1627 1647/6/1638 1639/6/1623
f 1641/6/1629 1649/6/1641 1648/6/1640
f 1641/6/1629 1648/6/1640 1640/6/1627
f 1642/6/1631 1650/6/1642 1649/6/1641
f 1642/6/1631 1649/6/1641 1641/6/1629
f 1643/6/1633 1651/6/1643 1650/6/1642
f 1643/6/1633 1650/6/1642 1642/6/1631
f 1644/6/1635 1652/6/1644 1651/6/1643
f 1644/6/1635 1651/6/1643 1643/6/1633
f 1645/6/1637 1653/6/1645 1652/6/1644
f 1645/6/1637 1652/6/1644 1644/6/1635
f 1646/6/1624 1654/6/1639 1653/6/1645
f 1646/6/1624 1653/6/1645 1645/6/1637
f 1647/6/1638 1655/6/1646 1662/6/1647
f 1647/6/1638 1662/6/1647 1654/6/1639
f 1648/6/1640 1656/6/1648 1655/6/1646
f 1648/6/1640 1655/6/1646 1647/6/1638
f 1649/6/1641 1657/6/1649 1656/6/1648
f 1649/6/1641 1656/6/1648 1648/6/1640
f 1650/6/1642 1658/6/1650 1657/6/1649
f 1650/6/1642 1657/6/1649 1649/6/1641
f 1651/6/1643 1659/6/1651 1658/6/1650
f 1651/6/1643 1658/6/1650 1650/6/1642
f 1652/6/1644 1660/6/1652 1659/6/1651
f 1652/6/1644 1659/6/1651 1651/6/1643
f 1653/6/1645 1661/6/1653 1660/6/1652
f 1653/6/1645 1660/6/1652 1652/6/1644
f 1654/6/1639 1662/6/1647 1661/6/1653
f 1654/6/1639 1661/6/1653 1653/6/1645
f 1655/6/1646 1663/6/1654 1670/6/1655
f 1655/6/1646 1670/6/1655 1662/6/1647
f 1656/6/1648 1664/6/1656 1663/6/1654
f 1656/6/1648 1663/6/1654 1655/6/1646
f 1657/6/1649 1665/6/1657 1664/6/1656
f 1657/6/1649 1664/6/1656 1656/6/1648
f 1658/6/1650 1666/6/1658 1665/6/1657
f 1658/6/1650 1665/6/1657 1657/6/1649
f 1659/6/1651 1667/6/1659 1666/6/1658
f 1659/6/1651 1666/6/1658 1658/6/1650
f 1660/6/1652 1668/6/1660 1667/6/1659
f 1660/6/1652 1667/6/1659 1659/6/1651
f 1661/6/1653 1669/6/1661 1668/6/1660
f 1661/6/1653 1668/6/1660 1660/6/1652
f 1662/6/1647 1670/6/1655 1669/6/1661
f 1662/6/1647 1669/6/1661 1661/6/1653
f 1663/6/1654 1671/6/1662 1678/6/1663
f 1663/6/1654 1678/6/1663 1670/6/1655
f 1664/6/1656 1672/6/1664 1671/6/1662
f 1664/6/1656 1671/6/1662 1663/6/1654
f 1665/6/1657 1673/6/1665 1672/6/1664
f 1665/6/1657 1672/6/1664 1664/6/1656
f 1666/6/1658 1674/6/1666 1673/6/1665
f 1666/6/1658 1673/6/1665 1665/6/1657
f 1667/6/1659 1675/6/1667 1674/6/1666
f 1667/6/1659 1674/6/1666 1666/6/1658
f 1668/6/1660 1676/6/1668 1675/6/1667
f 1668/6/1660 1675/6/1667 1667/6/1659
f 1669/6/1661 1677/6/1669 1676/6/1668
f 1669/6/1661 1676/6/1668 1668/6/1660
f 1670/6/1655 1678/6/1663 1677/6/1669
f 1670/6/1655 1677/6/1669 1669/6/1661
f 1679/6/1670 1687/6/1671 1694/6/1672
f 1679/6/1670 1694/6/1672 1686/6/1673
f 1680/6/1674 1688/6/1675 1687/6/1671
f 1680/6/1674 1687/6/1671 1679/6/1670
f 1681/6/1676 1689/6/1677 1688/6/1675
f 1681/6/1676 1688/6/1675 1680/6/1674
f 1682/6/1678 1690/6/1679 1689/6/1677
f 1682/6/1678 1689/6/1677 1681/6/1676
f 1683/6/1680 1691/6/1681 1690/6/1679
f 1683/6/1680 1690/6/1679 1682/6/1678
f 1684/6/1682 1692/6/1683 1691/6/1681
f 1684/6/1682 1691/6/1681 1683/6/1680
f 1685/6/1684 1693/6/1685 1692/6/1683
f 1685/6/1684 1692/6/1683 1684/6/1682
f 1686/6/1673 1694/6/1672 1693/6/1685
f 1686/6/1673 1693/6/1685 1685/6/1684
f 1687/6/1671 1695/6/1686 1702/6/1687
f 1687/6/1671 1702/6/1687 1694/6/1672
f 1688/6/1675 1696/6/1688 1695/6/1686
f 1688/6/1675 1695/6/1686 1687/6/1671
f 1689/6/1677 1697/6/1689 1696/6/1688
f 1689/6/1677 1696/6/1688 1688/6/1675
f 1690/6/1679 1698/6/1690 1697/6/1689
f 1690/6/1679 1697/6/1689 1689/6/1677
f 1691/6/1681 1699/6/1691 1698/6/1690
f 1691/6/1681 1698/6/1690 1690/6/1679
f 1692/6/1683 1700/6/1692 1699/6/1691
f 1692/6/1683 1699/6/1691 1691/6/1681
f 1693/6/1685 1701/6/1693 1700/6/1692
f 1693/6/1685 1700/6/1692 1692/6/1683
f 1694/6/1672 1702/6/1687 1701/6/1693
f 1694/6/1672 1701/6/1693 1693/6/1685
f 1695/6/1686 1703/6/1694 1710/6/1695
f 1695/6/1686 1710/6/1695 1702/6/1687
f 1696/6/1688 1704/6/1696 1703/6/1694
f 1696/6/1688 1703/6/1694 1695/6/1686
f 1697/6/1689 1705/6/1697 1704/6/1696
f 1697/6/1689 1704/6/1696 1696/6/1688
f 1698/6/1690 1706/6/1698 1705/6/1697
f 1698/6/1690 1705/6/1697 1697/6/1689
f 1699/6/1691 1707/6/1699 1706/6/1698
f 1699/6/1691 1706/6/1698 1698/6/1690
f 1700/6/1692 1708/6/1700 1707/6/1699
f 1700/6/1692 1707/6/1699 1699/6/1691
f 1701/6/1693 1709/6/1701 1708/6/1700
f 1701/6/1693 1708/6/1700 1700/6/1692
f 1702/6/1687 1710/6/1695 1709/6/1701
f 1702/6/1687 1709/6/1701 1701/6/1693
f 1703/6/1694 1711/6/1702 1718/6/1703
f 1703/6/1694 1718/6/1703 1710/6/1695
f 1704/6/1696 1712/6/1704 1711/6/1702
f 1704/6/1696 1711/6/1702 1703/6/1694
f 1705/6/1697 1713/6/1705 1712/6/1704
f 1705/6/1697 1712/6/1704 1704/6/1696
f 1706/6/1698 1714/6/1706 1713/6/1705
f 1706/6/1698 1713/6/1705 1705/6/1697
f 1707/6/1699 1715/6/1707 1714/6/1706
f 1707/6/1699 1714/6/1706 1706/6/1698
f 1708/6/1700 1716/6/1708 1715/6/1707
f 1708/6/1700 1715/6/1707 1707/6/1699
f 1709/6/1701 1717/6/1709 1716/6/1708
f 1709/6/1701 1716/6/1708 1708/6/1700
f 1710/6/1695 1718/6/1703 1717/6/1709
f 1710/6/1695 1717/6/1709 1709/6/1701
f 1711/6/1702 1719/6/1710 1726/6/1711
f 1711/6/1702 1726/6/1711 1718/6/1703
f 1712/6/1704 1720/6/1712 1719/6/1710
f 1712/6/1704 1719/6/1710 1711/6/1702
f 1713/6/1705 1721/6/1713 1720/6/1712
f 1713/6/1705 1720/6/1712 1712/6/1704
f 1714/6/1706 1722/6/1714 1721/6/1713
f 1714/6/1706 1721/6/1713 1713/6/1705
f 1715/6/1707 1723/6/1715 1722/6/1714
f 1715/6/1707 1722/6/1714 1714/6/1706
f 1716/6/1708 1724/6/1716 1723/6/1715
f 1716/6/1708 1723/6/1715 1715/6/1707
f 1717/6/1709 1725/6/1717 1724/6/1716
f 1717/6/1709 1724/6/1716 1716/6/1708
f 1718/6/1703 1726/6/1711 1725/6/1717
f 1718/6/1703 1725/6/1717 1717/6/1709
f 1674/6/1666 1675/6/1667 1731/6/1718
f 1674/6/1666 1731/6/1718 1730/6/1719
f 1678/6/1663 1671/6/1662 1727/6/1720
f 1678/6/1663 1727/6/1720 1734/6/1721
f 1675/6/1667 1676/6/1668 1732/6/1722
f 1675/6/1667 1732/6/1722 1731/6/1718
f 1672/6/1664 1673/6/1665 1729/6/1723
f 1672/6/1664 1729/6/1723 1728/6/1724
f 1677/6/1669 1678/6/1663 1734/6/1721
f 1677/6/1669 1734/6/1721 1733/6/1725
f 1671/6/1662 1672/6/1664 1728/6/1724
f 1671/6/1662 1728/6/1724 1727/6/1720
f 1676/6/1668 1677/6/1669 1733/6/1725
f 1676/6/1668 1733/6/1725 1732/6/1722
f 1673/6/1665 1674/6/1666 1730/6/1719
f 1673/6/1665 1730/6/1719 1729/6/1723
f 1728/6/1724 1729/6/1723 1735/6/1726
f 1731/6/1718 1732/6/1722 1735/6/1726
f 1729/6/1723 1730/6/1719 1735/6/1726
f 1732/6/1722 1733/6/1725 1735/6/1726
f 1730/6/1719 1731/6/1718 1735/6/1726
f 1733/6/1725 1734/6/1721 1735/6/1726
f 1727/6/1720 1728/6/1724 1735/6/1726
f 1734/6/1721 1727/6/1720 1735/6/1726
f 1578/6/1570 1579/6/1571 1796/6/1727
f 1578/6/1570 1796/6/1727 1795/6/1728
f 1483/6/1475 1484/6/1476 1781/6/1729
f 1483/6/1475 1781/6/1729 1780/6/1730
f 1534/6/1519 1527/6/1518 1784/6/1731
f 1534/6/1519 1784/6/1731 1791/6/1732
f 1437/6/1429 1438/6/1423 1775/6/1733
f 1437/6/1429 1775/6/1733 1774/6/1734
f 1342/6/1327 1335/6/1326 1752/6/1735
f 1342/6/1327 1752/6/1735 1759/6/1736
f 1294/6/1279 1287/6/1278 1744/6/1737
f 1294/6/1279 1744/6/1737 1751/6/1738
f 1629/6/1621 1630/6/1615 1807/6/1739
f 1629/6/1621 1807/6/1739 1806/6/1740
f 1387/6/1379 1388/6/1380 1765/6/1741
f 1387/6/1379 1765/6/1741 1764/6/1742
f 1628/6/1620 1629/6/1621 1806/6/1740
f 1628/6/1620 1806/6/1740 1805/6/1743
f 1623/6/1614 1624/6/1616 1801/6/1744
f 1623/6/1614 1801/6/1744 1800/6/1745
f 1335/6/1326 1336/6/1328 1753/6/1746
f 1335/6/1326 1753/6/1746 1752/6/1735
f 1389/6/1381 1390/6/1375 1767/6/1747
f 1389/6/1381 1767/6/1747 1766/6/1748
f 1243/6/1235 1244/6/1236 1741/6/1749
f 1243/6/1235 1741/6/1749 1740/6/1750
f 1720/6/1712 1721/6/1713 1810/6/1751
f 1720/6/1712 1810/6/1751 1809/6/1752
f 1532/6/1524 1533/6/1525 1790/6/1753
f 1532/6/1524 1790/6/1753 1789/6/1754
f 1433/6/1425 1434/6/1426 1771/6/1755
f 1433/6/1425 1771/6/1755 1770/6/1756
f 1627/6/1619 1628/6/1620 1805/6/1743
f 1627/6/1619 1805/6/1743 1804/6/1757
f 1482/6/1474 1483/6/1475 1780/6/1730
f 1482/6/1474 1780/6/1730 1779/6/1758
f 1624/6/1616 1625/6/1617 1802/6/1759
f 1624/6/1616 1802/6/1759 1801/6/1744
f 1725/6/1717 1726/6/1711 1815/6/1760
f 1725/6/1717 1815/6/1760 1814/6/1761
f 1576/6/1568 1577/6/1569 1794/6/1762
f 1576/6/1568 1794/6/1762 1793/6/1763
f 1288/6/1280 1289/6/1281 1746/6/1764
f 1288/6/1280 1746/6/1764 1745/6/1765
f 1341/6/1333 1342/6/1327 1759/6/1736
f 1341/6/1333 1759/6/1736 1758/6/1766
f 1581/6/1573 1582/6/1567 1799/6/1767
f 1581/6/1573 1799/6/1767 1798/6/1768
f 1431/6/1422 1432/6/1424 1769/6/1769
f 1431/6/1422 1769/6/1769 1768/6/1770
f 1242/6/1234 1243/6/1235 1740/6/1750
f 1242/6/1234 1740/6/1750 1739/6/1771
f 1287/6/1278 1288/6/1280 1745/6/1765
f 1287/6/1278 1745/6/1765 1744/6/1737
f 1721/6/1713 1722/6/1714 1811/6/1772
f 1721/6/1713 1811/6/1772 1810/6/1751
f 1337/6/1329 1338/6/1330 1755/6/1773
f 1337/6/1329 1755/6/1773 1754/6/1774
f 1529/6/1521 1530/6/1522 1787/6/1775
f 1529/6/1521 1787/6/1775 1786/6/1776
f 1388/6/1380 1389/6/1381 1766/6/1748
f 1388/6/1380 1766/6/1748 1765/6/1741
f 1245/6/1237 1246/6/1231 1743/6/1777
f 1245/6/1237 1743/6/1777 1742/6/1778
f 1486/6/1471 1479/6/1470 1776/6/1779
f 1486/6/1471 1776/6/1779 1783/6/1780
f 1244/6/1236 1245/6/1237 1742/6/1778
f 1244/6/1236 1742/6/1778 1741/6/1749
f 1241/6/1233 1242/6/1234 1739/6/1771
f 1241/6/1233 1739/6/1771 1738/6/1781
f 1293/6/1285 1294/6/1279 1751/6/1738
f 1293/6/1285 1751/6/1738 1750/6/1782
f 1485/6/1477 1486/6/1471 1783/6/1780
f 1485/6/1477 1783/6/1780 1782/6/1783
f 1338/6/1330 1339/6/1331 1756/6/1784
f 1338/6/1330 1756/6/1784 1755/6/1773
f 1626/6/1618 1627/6/1619 1804/6/1757
f 1626/6/1618 1804/6/1757 1803/6/1785
f 1289/6/1281 1290/6/1282 1747/6/1786
f 1289/6/1281 1747/6/1786 1746/6/1764
f 1390/6/1375 1383/6/1374 1760/6/1787
f 1390/6/1375 1760/6/1787 1767/6/1747
f 1480/6/1472 1481/6/1473 1778/6/1788
f 1480/6/1472 1778/6/1788 1777/6/1789
f 1383/6/1374 1384/6/1376 1761/6/1790
f 1383/6/1374 1761/6/1790 1760/6/1787
f 1722/6/1714 1723/6/1715 1812/6/1791
f 1722/6/1714 1812/6/1791 1811/6/1772
f 1723/6/1715 1724/6/1716 1813/6/1792
f 1723/6/1715 1813/6/1792 1812/6/1791
f 1339/6/1331 1340/6/1332 1757/6/1793
f 1339/6/1331 1757/6/1793 1756/6/1784
f 1630/6/1615 1623/6/1614 1800/6/1745
f 1630/6/1615 1800/6/1745 1807/6/1739
f 1527/6/1518 1528/6/1520 1785/6/1794
f 1527/6/1518 1785/6/1794 1784/6/1731
f 1577/6/1569 1578/6/1570 1795/6/1728
f 1577/6/1569 1795/6/1728 1794/6/1762
f 1530/6/1522 1531/6/1523 1788/6/1795
f 1530/6/1522 1788/6/1795 1787/6/1775
f 1724/6/1716 1725/6/1717 1814/6/1761
f 1724/6/1716 1814/6/1761 1813/6/1792
f 1239/6/1230 1240/6/1232 1737/6/1796
f 1239/6/1230 1737/6/1796 1736/6/1797
f 1533/6/1525 1534/6/1519 1791/6/1732
f 1533/6/1525 1791/6/1732 1790/6/1753
f 1432/6/1424 1433/6/1425 1770/6/1756
f 1432/6/1424 1770/6/1756 1769/6/1769
f 1386/6/1378 1387/6/1379 1764/6/1742
f 1386/6/1378 1764/6/1742 1763/6/1798
f 1336/6/1328 1337/6/1329 1754/6/1774
f 1336/6/1328 1754/6/1774 1753/6/1746
f 1528/6/1520 1529/6/1521 1786/6/1776
f 1528/6/1520 1786/6/1776 1785/6/1794
f 1582/6/1567 1575/6/1566 1792/6/1799
f 1582/6/1567 1792/6/1799 1799/6/1767
f 1436/6/1428 1437/6/1429 1774/6/1734
f 1436/6/1428 1774/6/1734 1773/6/1800
f 1435/6/1427 1436/6/1428 1773/6/1800
f 1435/6/1427 1773/6/1800 1772/6/1801
f 1484/6/1476 1485/6/1477 1782/6/1783
f 1484/6/1476 1782/6/1783 1781/6/1729
f 1290/6/1282 1291/6/1283 1748/6/1802
f 1290/6/1282 1748/6/1802 1747/6/1786
f 1726/6/1711 1719/6/1710 1808/6/1803
f 1726/6/1711 1808/6/1803 1815/6/1760
f 1385/6/1377 1386/6/1378 1763/6/1798
f 1385/6/1377 1763/6/1798 1762/6/1804
f 1719/6/1710 1720/6/1712 1809/6/1752
f 1719/6/1710 1809/6/1752 1808/6/1803
f 1438/6/1423 1431/6/1422 1768/6/1770
f 1438/6/1423 1768/6/1770 1775/6/1733
f 1481/6/1473 1482/6/1474 1779/6/1758
f 1481/6/1473 1779/6/1758 1778/6/1788
f 1479/6/1470 1480/6/1472 1777/6/1789
f 1479/6/1470 1777/6/1789 1776/6/1779
f 1580/6/1572 1581/6/1573 1798/6/1768
f 1580/6/1572 1798/6/1768 1797/6/1805
f 1240/6/1232 1241/6/1233 1738/6/1781
f 1240/6/1232 1738/6/1781 1737/6/1796
f 1292/6/1284 1293/6/1285 1750/6/1782
f 1292/6/1284 1750/6/1782 1749/6/1806
f 1291/6/1283 1292/6/1284 1749/6/1806
f 1291/6/1283 1749/6/1806 1748/6/1802
f 1384/6/1376 1385/6/1377 1762/6/1804
f 1384/6/1376 1762/6/1804 1761/6/1790
f 1340/6/1332 1341/6/1333 1758/6/1766
f 1340/6/1332 1758/6/1766 1757/6/1793
f 1625/6/1617 1626/6/1618 1803/6/1785
f 1625/6/1617 1803/6/1785 1802/6/1759
f 1434/6/1426 1435/6/1427 1772/6/1801
f 1434/6/1426 1772/6/1801 1771/6/1755
f 1579/6/1571 1580/6/1572 1797/6/1805
f 1579/6/1571 1797/6/1805 1796/6/1727
f 1531/6/1523 1532/6/1524 1789/6/1754
f 1531/6/1523 1789/6/1754 1788/6/1795
f 1246/6/1231 1239/6/1230 1736/6/1797
f 1246/6/1231 1736/6/1797 1743/6/1777
f 1575/6/1566 1576/6/1568 1793/6/1763
f 1575/6/1566 1793/6/1763 1792/6/1799
f 1736/6/1797 1737/6/1796 1816/6/1807
f 1809/6/1752 1810/6/1751 1825/6/1808
f 1805/6/1743 1806/6/1740 1824/6/1809
f 1762/6/1804 1763/6/1798 1819/6/1810
f 1745/6/1765 1746/6/1764 1817/6/1811
f 1811/6/1772 1812/6/1791 1825/6/1808
f 1739/6/1771 1740/6/1750 1816/6/1807
f 1772/6/1801 1773/6/1800 1820/6/1812
f 1765/6/1741 1766/6/1748 1819/6/1810
f 1761/6/1790 1762/6/1804 1819/6/1810
f 1741/6/1749 1742/6/1778 1816/6/1807
f 1774/6/1734 1775/6/1733 1820/6/1812
f 1806/6/1740 1807/6/1739 1824/6/1809
f 1763/6/1798 1764/6/1742 1819/6/1810
f 1783/6/1780 1776/6/1779 1821/6/1813
f 1753/6/1746 1754/6/1774 1818/6/1814
f 1780/6/1730 1781/6/1729 1821/6/1813
f 1803/6/1785 1804/6/1757 1824/6/1809
f 1797/6/1805 1798/6/1768 1823/6/1815
f 1769/6/1769 1770/6/1756 1820/6/1812
f 1787/6/1775 1788/6/1795 1822/6/1816
f 1748/6/1802 1749/6/1806 1817/6/1811
f 1789/6/1754 1790/6/1753 1822/6/1816
f 1778/6/1788 1779/6/1758 1821/6/1813
f 1791/6/1732 1784/6/1731 1822/6/1816
f 1755/6/1773 1756/6/1784 1818/6/1814
f 1757/6/1793 1758/6/1766 1818/6/1814
f 1804/6/1757 1805/6/1743 1824/6/1809
f 1792/6/1799 1793/6/1763 1823/6/1815
f 1740/6/1750 1741/6/1749 1816/6/1807
f 1786/6/1776 1787/6/1775 1822/6/1816
f 1795/6/1728 1796/6/1727 1823/6/1815
f 1744/6/1737 1745/6/1765 1817/6/1811
f 1777/6/1789 1778/6/1788 1821/6/1813
f 1759/6/1736 1752/6/1735 1818/6/1814
f 1794/6/1762 1795/6/1728 1823/6/1815
f 1756/6/1784 1757/6/1793 1818/6/1814
f 1801/6/1744 1802/6/1759 1824/6/1809
f 1768/6/1770 1769/6/1769 1820/6/1812
f 1747/6/1786 1748/6/1802 1817/6/1811
f 1754/6/1774 1755/6/1773 1818/6/1814
f 1790/6/1753 1791/6/1732 1822/6/1816
f 1742/6/1778 1743/6/1777 1816/6/1807
f 1796/6/1727 1797/6/1805 1823/6/1815
f 1764/6/1742 1765/6/1741 1819/6/1810
f 1750/6/1782 1751/6/1738 1817/6/1811
f 1799/6/1767 1792/6/1799 1823/6/1815
f 1773/6/1800 1774/6/1734 1820/6/1812
f 1760/6/1787 1761/6/1790 1819/6/1810
f 1781/6/1729 1782/6/1783 1821/6/1813
f 1766/6/1748 1767/6/1747 1819/6/1810
f 1807/6/1739 1800/6/1745 1824/6/1809
f 1737/6/1796 1738/6/1781 1816/6/1807
f 1770/6/1756 1771/6/1755 1820/6/1812
f 1802/6/1759 1803/6/1785 1824/6/1809
f 1752/6/1735 1753/6/1746 1818/6/1814
f 1758/6/1766 1759/6/1736 1818/6/1814
f 1788/6/1795 1789/6/1754 1822/6/1816
f 1798/6/1768 1799/6/1767 1823/6/1815
f 1785/6/1794 1786/6/1776 1822/6/1816
f 1779/6/1758 1780/6/1730 1821/6/1813
f 1743/6/1777 1736/6/1797 1816/6/1807
f 1749/6/1806 1750/6/1782 1817/6/1811
f 1815/6/1760 1808/6/1803 1825/6/1808
f 1751/6/1738 1744/6/1737 1817/6/1811
f 1793/6/1763 1794/6/1762 1823/6/1815
f 1810/6/1751 1811/6/1772 1825/6/1808
f 1800/6/1745 1801/6/1744 1824/6/1809
f 1782/6/1783 1783/6/1780 1821/6/1813
f 1808/6/1803 1809/6/1752 1825/6/1808
f 1738/6/1781 1739/6/1771 1816/6/1807
f 1771/6/1755 1772/6/1801 1820/6/1812
f 1814/6/1761 1815/6/1760 1825/6/1808
f 1746/6/1764 1747/6/1786 1817/6/1811
f 1767/6/1747 1760/6/1787 1819/6/1810
f 1812/6/1791 1813/6/1792 1825/6/1808
f 1776/6/1779 1777/6/1789 1821/6/1813
f 1784/6/1731 1785/6/1794 1822/6/1816
f 1813/6/1792 1814/6/1761 1825/6/1808
f 1775/6/1733 1768/6/1770 1820/6/1812
f 1826/6/1817 1833/6/1818 1841/6/1819
f 1826/6/1817 1841/6/1819 1834/6/1820
f 1827/6/1821 1826/6/1817 1834/6/1820
f 1827/6/1821 1834/6/1820 1835/6/1822
f 1828/6/1823 1827/6/1821 1835/6/1822
f 1828/6/1823 1835/6/1822 1836/6/1824
f 1829/6/1825 1828/6/1823 1836/6/1824
f 1829/6/1825 1836/6/1824 1837/6/1826
f 1830/6/1827 1829/6/1825 1837/6/1826
f 1830/6/1827 1837/6/1826 1838/6/1828
f 1831/6/1829 1830/6/1827 1838/6/1828
f 1831/6/1829 1838/6/1828 1839/6/1830
f 1832/6/1831 1831/6/1829 1839/6/1830
f 1832/6/1831 1839/6/1830 1840/6/1832
f 1833/6/1818 1832/6/1831 1840/6/1832
f 1833/6/1818 1840/6/1832 1841/6/1819
f 1834/6/1820 1841/6/1819 1849/6/1833
f 1834/6/1820 1849/6/1833 1842/6/1834
f 1835/6/1822 1834/6/1820 1842/6/1834
f 1835/6/1822 1842/6/1834 1843/6/1835
f 1836/6/1824 1835/6/1822 1843/6/1835
f 1836/6/1824 1843/6/1835 1844/6/1836
f 1837/6/1826 1836/6/1824 1844/6/1836
f 1837/6/1826 1844/6/1836 1845/6/1837
f 1838/6/1828 1837/6/1826 1845/6/1837
f 1838/6/1828 1845/6/1837 1846/6/1838
f 1839/6/1830 1838/6/1828 1846/6/1838
f 1839/6/1830 1846/6/1838 1847/6/1839
f 1840/6/1832 1839/6/1830 1847/6/1839
f 1840/6/1832 1847/6/1839 1848/6/1840
f 1841/6/1819 1840/6/1832 1848/6/1840
f 1841/6/1819 1848/6/1840 1849/6/1833
f 1842/6/1834 1849/6/1833 1857/6/1841
f 1842/6/1834 1857/6/1841 1850/6/1842
f 1843/6/1835 1842/6/1834 1850/6/1842
f 1843/6/1835 1850/6/1842 1851/6/1843
f 1844/6/1836 1843/6/1835 1851/6/1843
f 1844/6/1836 1851/6/1843 1852/6/1844
f 1845/6/1837 1844/6/1836 1852/6/1844
f 1845/6/1837 1852/6/1844 1853/6/1845
f 1846/6/1838 1845/6/1837 1853/6/1845
f 1846/6/1838 1853/6/1845 1854/6/1846
f 1847/6/1839 1846/6/1838 1854/6/1846
f 1847/6/1839 1854/6/1846 1855/6/1847
f 1848/6/1840 1847/6/1839 1855/6/1847
f 1848/6/1840 1855/6/1847 1856/6/1848
f 1849/6/1833 1848/6/1840 1856/6/1848
f 1849/6/1833 1856/6/1848 1857/6/1841
f 1850/6/1842 1857/6/1841 1865/6/1849
f 1850/6/1842 1865/6/1849 1858/6/1850
f 1851/6/1843 1850/6/1842 1858/6/1850
f 1851/6/1843 1858/6/1850 1859/6/1851
f 1852/6/1844 1851/6/1843 1859/6/1851
f 1852/6/1844 1859/6/1851 1860/6/1852
f 1853/6/1845 1852/6/1844 1860/6/1852
f 1853/6/1845 1860/6/1852 1861/6/1853
f 1854/6/1846 1853/6/1845 1861/6/1853
f 1854/6/1846 1861/6/1853 1862/6/1854
f 1855/6/1847 1854/6/1846 1862/6/1854
f 1855/6/1847 1862/6/1854 1863/6/1855
f 1856/6/1848 1855/6/1847 1863/6/1855
f 1856/6/1848 1863/6/1855 1864/6/1856
f 1857/6/1841 1856/6/1848 1864/6/1856
f 1857/6/1841 1864/6/1856 1865/6/1849
f 1858/6/1850 1865/6/1849 1873/6/1857
f 1858/6/1850 1873/6/1857 1866/6/1858
f 1859/6/1851 1858/6/1850 1866/6/1858
f 1859/6/1851 1866/6/1858 1867/6/1859
f 1860/6/1852 1859/6/1851 1867/6/1859
f 1860/6/1852 1867/6/1859 1868/6/1860
f 1861/6/1853 1860/6/1852 1868/6/1860
f 1861/6/1853 1868/6/1860 1869/6/1861
f 1862/6/1854 1861/6/1853 1869/6/1861
f 1862/6/1854 1869/6/1861 1870/6/1862
f 1863/6/1855 1862/6/1854 1870/6/1862
f 1863/6/1855 1870/6/1862 1871/6/1863
f 1864/6/1856 1863/6/1855 1871/6/1863
f 1864/6/1856 1871/6/1863 1872/6/1864
f 1865/6/1849 1864/6/1856 1872/6/1864
f 1865/6/1849 1872/6/1864 1873/6/1857
f 1874/6/1865 1881/6/1866 1889/6/1867
f 1874/6/1865 1889/6/1867 1882/6/1868
f 1875/6/1869 1874/6/1865 1882/6/1868
f 1875/6/1869 1882/6/1868 1883/6/1870
f 1876/6/1871 1875/6/1869 1883/6/1870
f 1876/6/1871 1883/6/1870 1884/6/1872
f 1877/6/1873 1876/6/1871 1884/6/1872
f 1877/6/1873 1884/6/1872 1885/6/1874
f 1878/6/1875 1877/6/1873 1885/6/1874
f 1878/6/1875 1885/6/1874 1886/6/1876
f 1879/6/1877 1878/6/1875 1886/6/1876
f 1879/6/1877 1886/6/1876 1887/6/1878
f 1880/6/1879 1879/6/1877 1887/6/1878
f 1880/6/1879 1887/6/1878 1888/6/1880
f 1881/6/1866 1880/6/1879 1888/6/1880
f 1881/6/1866 1888/6/1880 1889/6/1867
f 1882/6/1868 1889/6/1867 1897/6/1881
f 1882/6/1868 1897/6/1881 1890/6/1882
f 1883/6/1870 1882/6/1868 1890/6/1882
f 1883/6/1870 1890/6/1882 1891/6/1883
f 1884/6/1872 1883/6/1870 1891/6/1883
f 1884/6/1872 1891/6/1883 1892/6/1884
f 1885/6/1874 1884/6/1872 1892/6/1884
f 1885/6/1874 1892/6/1884 1893/6/1885
f 1886/6/1876 1885/6/1874 1893/6/1885
f 1886/6/1876 1893/6/1885 1894/6/1886
f 1887/6/1878 1886/6/1876 1894/6/1886
f 1887/6/1878 1894/6/1886 1895/6/1887
f 1888/6/1880 1887/6/1878 1895/6/1887
f 1888/6/1880 1895/6/1887 1896/6/1888
f 1889/6/1867 1888/6/1880 1896/6/1888
f 1889/6/1867 1896/6/1888 1897/6/1881
f 1890/6/1882 1897/6/1881 1905/6/1889
f 1890/6/1882 1905/6/1889 1898/6/1890
f 1891/6/1883 1890/6/1882 1898/6/1890
f 1891/6/1883 1898/6/1890 1899/6/1891
f 1892/6/1884 1891/6/1883 1899/6/1891
f 1892/6/1884 1899/6/1891 1900/6/1892
f 1893/6/1885 1892/6/1884 1900/6/1892
f 1893/6/1885 1900/6/1892 1901/6/1893
f 1894/6/1886 1893/6/1885 1901/6/1893
f 1894/6/1886 1901/6/1893 1902/6/1894
f 1895/6/1887 1894/6/1886 1902/6/1894
f 1895/6/1887 1902/6/1894 1903/6/1895
f 1896/6/1888 1895/6/1887 1903/6/1895
f 1896/6/1888 1903/6/1895 1904/6/1896
f 1897/6/1881 1896/6/1888 1904/6/1896
f 1897/6/1881 1904/6/1896 1905/6/1889
f 1898/6/1890 1905/6/1889 1913/6/1897
f 1898/6/1890 1913/6/1897 1906/6/1898
f 1899/6/1891 1898/6/1890 1906/6/1898
f 1899/6/1891 1906/6/1898 1907/6/1899
f 1900/6/1892 1899/6/1891 1907/6/1899
f 1900/6/1892 1907/6/1899 1908/6/1900
f 1901/6/1893 1900/6/1892 1908/6/1900
f 1901/6/1893 1908/6/1900 1909/6/1901
f 1902/6/1894 1901/6/1893 1909/6/1901
f 1902/6/1894 1909/6/1901 1910/6/1902
f 1903/6/1895 1902/6/1894 1910/6/1902
f 1903/6/1895 1910/6/1902 1911/6/1903
f 1904/6/1896 1903/6/1895 1911/6/1903
f 1904/6/1896 1911/6/1903 1912/6/1904
f 1905/6/1889 1904/6/1896 1912/6/1904
f 1905/6/1889 1912/6/1904 1913/6/1897
f 1906/6/1898 1913/6/1897 1921/6/1905
f 1906/6/1898 1921/6/1905 1914/6/1906
f 1907/6/1899 1906/6/1898 1914/6/1906
f 1907/6/1899 1914/6/1906 1915/6/1907
f 1908/6/1900 1907/6/1899 1915/6/1907
f 1908/6/1900 1915/6/1907 1916/6/1908
f 1909/6/1901 1908/6/1900 1916/6/1908
f 1909/6/1901 1916/6/1908 1917/6/1909
f 1910/6/1902 1909/6/1901 1917/6/1909
f 1910/6/1902 1917/6/1909 1918/6/1910
f 1911/6/1903 1910/6/1902 1918/6/1910
f 1911/6/1903 1918/6/1910 1919/6/1911
f 1912/6/1904 1911/6/1903 1919/6/1911
f 1912/6/1904 1919/6/1911 1920/6/1912
f 1913/6/1897 1912/6/1904 1920/6/1912
f 1913/6/1897 1920/6/1912 1921/6/1905
f 1922/6/1913 1929/6/1914 1937/6/1915
f 1922/6/1913 1937/6/1915 1930/6/1916
f 1923/6/1917 1922/6/1913 1930/6/1916
f 1923/6/1917 1930/6/1916 1931/6/1918
f 1924/6/1919 1923/6/1917 1931/6/1918
f 1924/6/1919 1931/6/1918 1932/6/1920
f 1925/6/1921 1924/6/1919 1932/6/1920
f 1925/6/1921 1932/6/1920 1933/6/1922
f 1926/6/1923 1925/6/1921 1933/6/1922
f 1926/6/1923 1933/6/1922 1934/6/1924
f 1927/6/1925 1926/6/1923 1934/6/1924
f 1927/6/1925 1934/6/1924 1935/6/1926
f 1928/6/1927 1927/6/1925 1935/6/1926
f 1928/6/1927 1935/6/1926 1936/6/1928
f 1929/6/1914 1928/6/1927 1936/6/1928
f 1929/6/1914 1936/6/1928 1937/6/1915
f 1930/6/1916 1937/6/1915 1945/6/1929
f 1930/6/1916 1945/6/1929 1938/6/1930
f 1931/6/1918 1930/6/1916 1938/6/1930
f 1931/6/1918 1938/6/1930 1939/6/1931
f 1932/6/1920 1931/6/1918 1939/6/1931
f 1932/6/1920 1939/6/1931 1940/6/1932
f 1933/6/1922 1932/6/1920 1940/6/1932
f 1933/6/1922 1940/6/1932 1941/6/1933
f 1934/6/1924 1933/6/1922 1941/6/1933
f 1934/6/1924 1941/6/1933 1942/6/1934
f 1935/6/1926 1934/6/1924 1942/6/1934
f 1935/6/1926 1942/6/1934 1943/6/1935
f 1936/6/1928 1935/6/1926 1943/6/1935
f 1936/6/1928 1943/6/1935 1944/6/1936
f 1937/6/1915 1936/6/1928 1944/6/1936
f 1937/6/1915 1944/6/1936 1945/6/1929
f 1938/6/1930 1945/6/1929 1953/6/1937
f 1938/6/1930 1953/6/1937 1946/6/1938
f 1939/6/1931 1938/6/1930 1946/6/1938
f 1939/6/1931 1946/6/1938 1947/6/1939
f 1940/6/1932 1939/6/1931 1947/6/1939
f 1940/6/1932 1947/6/1939 1948/6/1940
f 1941/6/1933 1940/6/1932 1948/6/1940
f 1941/6/1933 1948/6/1940 1949/6/1941
f 1942/6/1934 1941/6/1933 1949/6/1941
f 1942/6/1934 1949/6/1941 1950/6/1942
f 1943/6/1935 1942/6/1934 1950/6/1942
f 1943/6/1935 1950/6/1942 1951/6/1943
f 1944/6/1936 1943/6/1935 1951/6/1943
f 1944/6/1936 1951/6/1943 1952/6/1944
f 1945/6/1929 1944/6/1936 1952/6/1944
f 1945/6/1929 1952/6/1944 1953/6/1937
f 1946/6/1938 1953/6/1937 1961/6/1945
f 1946/6/1938 1961/6/1945 1954/6/1946
f 1947/6/1939 1946/6/1938 1954/6/1946
f 1947/6/1939 1954/6/1946 1955/6/1947
f 1948/6/1940 1947/6/1939 1955/6/1947
f 1948/6/1940 1955/6/1947 1956/6/1948
f 1949/6/1941 1948/6/1940 1956/6/1948
f 1949/6/1941 1956/6/1948 1957/6/1949
f 1950/6/1942 1949/6/1941 1957/6/1949
f 1950/6/1942 1957/6/1949 1958/6/1950
f 1951/6/1943 1950/6/1942 1958/6/1950
f 1951/6/1943 1958/6/1950 1959/6/1951
f 1952/6/1944 1951/6/1943 1959/6/1951
f 1952/6/1944 1959/6/1951 1960/6/1952
f 1953/6/1937 1952/6/1944 1960/6/1952
f 1953/6/1937 1960/6/1952 1961/6/1945
f 1954/6/1946 1961/6/1945 1969/6/1953
f 1954/6/1946 1969/6/1953 1962/6/1954
f 1955/6/1947 1954/6/1946 1962/6/1954
f 1955/6/1947 1962/6/1954 1963/6/1955
f 1956/6/1948 1955/6/1947 1963/6/1955
f 1956/6/1948 1963/6/1955 1964/6/1956
f 1957/6/1949 1956/6/1948 1964/6/1956
f 1957/6/1949 1964/6/1956 1965/6/1957
f 1958/6/1950 1957/6/1949 1965/6/1957
f 1958/6/1950 1965/6/1957 1966/6/1958
f 1959/6/1951 1958/6/1950 1966/6/1958
f 1959/6/1951 1966/6/1958 1967/6/1959
f 1960/6/1952 1959/6/1951 1967/6/1959
f 1960/6/1952 1967/6/1959 1968/6/1960
f 1961/6/1945 1960/6/1952 1968/6/1960
f 1961/6/1945 1968/6/1960 1969/6/1953
f 1970/6/1961 1977/6/1962 1985/6/1963
f 1970/6/1961 1985/6/1963 1978/6/1964
f 1971/6/1965 1970/6/1961 1978/6/1964
f 1971/6/1965 1978/6/1964 1979/6/1966
f 1972/6/1967 1971/6/1965 1979/6/1966
f 1972/6/1967 1979/6/1966 1980/6/1968
f 1973/6/1969 1972/6/1967 1980/6/1968
f 1973/6/1969 1980/6/1968 1981/6/1970
f 1974/6/1971 1973/6/1969 1981/6/1970
f 1974/6/1971 1981/6/1970 1982/6/1972
f 1975/6/1973 1974/6/1971 1982/6/1972
f 1975/6/1973 1982/6/1972 1983/6/1974
f 1976/6/1975 1975/6/1973 1983/6/1974
f 1976/6/1975 1983/6/1974 1984/6/1976
f 1977/6/1962 1976/6/1975 1984/6/1976
f 1977/6/1962 1984/6/1976 1985/6/1963
f 1978/6/1964 1985/6/1963 1993/6/1977
f 1978/6/1964 1993/6/1977 1986/6/1978
f 1979/6/1966 1978/6/1964 1986/6/1978
f 1979/6/1966 1986/6/1978 1987/6/1979
f 1980/6/1968 1979/6/1966 1987/6/1979
f 1980/6/1968 1987/6/1979 1988/6/1980
f 1981/6/1970 1980/6/1968 1988/6/1980
f 1981/6/1970 1988/6/1980 1989/6/1981
f 1982/6/1972 1981/6/1970 1989/6/1981
f 1982/6/1972 1989/6/1981 1990/6/1982
f 1983/6/1974 1982/6/1972 1990/6/1982
f 1983/6/1974 1990/6/1982 1991/6/1983
f 1984/6/1976 1983/6/1974 1991/6/1983
f 1984/6/1976 1991/6/1983 1992/6/1984
f 1985/6/1963 1984/6/1976 1992/6/1984
f 1985/6/1963 1992/6/1984 1993/6/1977
f 1986/6/1978 1993/6/1977 2001/6/1985
f 1986/6/1978 2001/6/1985 1994/6/1986
f 1987/6/1979 1986/6/1978 1994/6/1986
f 1987/6/1979 1994/6/1986 1995/6/1987
f 1988/6/1980 1987/6/1979 1995/6/1987
f 1988/6/1980 1995/6/1987 1996/6/1988
f 1989/6/1981 1988/6/1980 1996/6/1988
f 1989/6/1981 1996/6/1988 1997/6/1989
f 1990/6/1982 1989/6/1981 1997/6/1989
f 1990/6/1982 1997/6/1989 1998/6/1990
f 1991/6/1983 1990/6/1982 1998/6/1990
f 1991/6/1983 1998/6/1990 1999/6/1991
f 1992/6/1984 1991/6/1983 1999/6/1991
f 1992/6/1984 1999/6/1991 2000/6/1992
f 1993/6/1977 1992/6/1984 2000/6/1992
f 1993/6/1977 2000/6/1992 2001/6/1985
f 1994/6/1986 2001/6/1985 2009/6/1993
f 1994/6/1986 2009/6/1993 2002/6/1994
f 1995/6/1987 1994/6/1986 2002/6/1994
f 1995/6/1987 2002/6/1994 2003/6/1995
f 1996/6/1988 1995/6/1987 2003/6/1995
f 1996/6/1988 2003/6/1995 2004/6/1996
f 1997/6/1989 1996/6/1988 2004/6/1996
f 1997/6/1989 2004/6/1996 2005/6/1997
f 1998/6/1990 1997/6/1989 2005/6/1997
f 1998/6/1990 2005/6/1997 2006/6/1998
f 1999/6/1991 1998/6/1990 2006/6/1998
f 1999/6/1991 2006/6/1998 2007/6/1999
f 2000/6/1992 1999/6/1991 2007/6/1999
f 2000/6/1992 2007/6/1999 2008/6/2000
f 2001/6/1985 2000/6/1992 2008/6/2000
f 2001/6/1985 2008/6/2000 2009/6/1993
f 2002/6/1994 2009/6/1993 2017/6/2001
f 2002/6/1994 2017/6/2001 2010/6/2002
f 2003/6/1995 2002/6/1994 2010/6/2002
f 2003/6/1995 2010/6/2002 2011/6/2003
f 2004/6/1996 2003/6/1995 2011/6/2003
f 2004/6/1996 2011/6/2003 2012/6/2004
f 2005/6/1997 2004/6/1996 2012/6/2004
f 2005/6/1997 2012/6/2004 2013/6/2005
f 2006/6/1998 2005/6/1997 2013/6/2005
f 2006/6/1998 2013/6/2005 2014/6/2006
f 2007/6/1999 2006/6/1998 2014/6/2006
f 2007/6/1999 2014/6/2006 2015/6/2007
f 2008/6/2000 2007/6/1999 2015/6/2007
f 2008/6/2000 2015/6/2007 2016/6/2008
f 2009/6/1993 2008/6/2000 2016/6/2008
f 2009/6/1993 2016/6/2008 2017/6/2001
f 2018/6/2009 2025/6/2010 2033/6/2011
f 2018/6/2009 2033/6/2011 2026/6/2012
f 2019/6/2013 2018/6/2009 2026/6/2012
f 2019/6/2013 2026/6/2012 2027/6/2014
f 2020/6/2015 2019/6/2013 2027/6/2014
f 2020/6/2015 2027/6/2014 2028/6/2016
f 2021/6/2017 2020/6/2015 2028/6/2016
f 2021/6/2017 2028/6/2016 2029/6/2018
f 2022/6/2019 2021/6/2017 2029/6/2018
f 2022/6/2019 2029/6/2018 2030/6/2020
f 2023/6/2021 2022/6/2019 2030/6/2020
f 2023/6/2021 2030/6/2020 2031/6/2022
f 2024/6/2023 2023/6/2021 2031/6/2022
f 2024/6/2023 2031/6/2022 2032/6/2024
f 2025/6/2010 2024/6/2023 2032/6/2024
f 2025/6/2010 2032/6/2024 2033/6/2011
f 2026/6/2012 2033/6/2011 2041/6/2025
f 2026/6/2012 2041/6/2025 2034/6/2026
f 2027/6/2014 2026/6/2012 2034/6/2026
f 2027/6/2014 2034/6/2026 2035/6/2027
f 2028/6/2016 2027/6/2014 2035/6/2027
f 2028/6/2016 2035/6/2027 2036/6/2028
f 2029/6/2018 2028/6/2016 2036/6/2028
f 2029/6/2018 2036/6/2028 2037/6/2029
f 2030/6/2020 2029/6/2018 2037/6/2029
f 2030/6/2020 2037/6/2029 2038/6/2030
f 2031/6/2022 2030/6/2020 2038/6/2030
f 2031/6/2022 2038/6/2030 2039/6/2031
f 2032/6/2024 2031/6/2022 2039/6/2031
f 2032/6/2024 2039/6/2031 2040/6/2032
f 2033/6/2011 2032/6/2024 2040/6/2032
f 2033/6/2011 2040/6/2032 2041/6/2025
f 2034/6/2026 2041/6/2025 2049/6/2033
f 2034/6/2026 2049/6/2033 2042/6/2034
f 2035/6/2027 2034/6/2026 2042/6/2034
f 2035/6/2027 2042/6/2034 2043/6/2035
f 2036/6/2028 2035/6/2027 2043/6/2035
f 2036/6/2028 2043/6/2035 2044/6/2036
f 2037/6/2029 2036/6/2028 2044/6/2036
f 2037/6/2029 2044/6/2036 2045/6/2037
f 2038/6/2030 2037/6/2029 2045/6/2037
f 2038/6/2030 2045/6/2037 2046/6/2038
f 2039/6/2031 2038/6/2030 2046/6/2038
f 2039/6/2031 2046/6/2038 2047/6/2039
f 2040/6/2032 2039/6/2031 2047/6/2039
f 2040/6/2032 2047/6/2039 2048/6/2040
f 2041/6/2025 2040/6/2032 2048/6/2040
f 2041/6/2025 2048/6/2040 2049/6/2033
f 2042/6/2034 2049/6/2033 2057/6/2041
f 2042/6/2034 2057/6/2041 2050/6/2042
f 2043/6/2035 2042/6/2034 2050/6/2042
f 2043/6/2035 2050/6/2042 2051/6/2043
f 2044/6/2036 2043/6/2035 2051/6/2043
f 2044/6/2036 2051/6/2043 2052/6/2044
f 2045/6/2037 2044/6/2036 2052/6/2044
f 2045/6/2037 2052/6/2044 2053/6/2045
f 2046/6/2038 2045/6/2037 2053/6/2045
f 2046/6/2038 2053/6/2045 2054/6/2046
f 2047/6/2039 2046/6/2038 2054/6/2046
f 2047/6/2039 2054/6/2046 2055/6/2047
f 2048/6/2040 2047/6/2039 2055/6/2047
f 2048/6/2040 2055/6/2047 2056/6/2048
f 2049/6/2033 2048/6/2040 2056/6/2048
f 2049/6/2033 2056/6/2048 2057/6/2041
f 2050/6/2042 2057/6/2041 2065/6/2049
f 2050/6/2042 2065/6/2049 2058/6/2050
f 2051/6/2043 2050/6/2042 2058/6/2050
f 2051/6/2043 2058/6/2050 2059/6/2051
f 2052/6/2044 2051/6/2043 2059/6/2051
f 2052/6/2044 2059/6/2051 2060/6/2052
f 2053/6/2045 2052/6/2044 2060/6/2052
f 2053/6/2045 2060/6/2052 2061/6/2053
f 2054/6/2046 2053/6/2045 2061/6/2053
f 2054/6/2046 2061/6/2053 2062/6/2054
f 2055/6/2047 2054/6/2046 2062/6/2054
f 2055/6/2047 2062/6/2054 2063/6/2055
f 2056/6/2048 2055/6/2047 2063/6/2055
f 2056/6/2048 2063/6/2055 2064/6/2056
f 2057/6/2041 2056/6/2048 2064/6/2056
f 2057/6/2041 2064/6/2056 2065/6/2049
f 2066/6/2057 2073/6/2058 2081/6/2059
f 2066/6/2057 2081/6/2059 2074/6/2060
f 2067/6/2061 2066/6/2057 2074/6/2060
f 2067/6/2061 2074/6/2060 2075/6/2062
f 2068/6/2063 2067/6/2061 2075/6/2062
f 2068/6/2063 2075/6/2062 2076/6/2064
f 2069/6/2065 2068/6/2063 2076/6/2064
f 2069/6/2065 2076/6/2064 2077/6/2066
f 2070/6/2067 2069/6/2065 2077/6/2066
f 2070/6/2067 2077/6/2066 2078/6/2068
f 2071/6/2069 2070/6/2067 2078/6/2068
f 2071/6/2069 2078/6/2068 2079/6/2070
f 2072/6/2071 2071/6/2069 2079/6/2070
f 2072/6/2071 2079/6/2070 2080/6/2072
f 2073/6/2058 2072/6/2071 2080/6/2072
f 2073/6/2058 2080/6/2072 2081/6/2059
f 2074/6/2060 2081/6/2059 2089/6/2073
f 2074/6/2060 2089/6/2073 2082/6/2074
f 2075/6/2062 2074/6/2060 2082/6/2074
f 2075/6/2062 2082/6/2074 2083/6/2075
f 2076/6/2064 2075/6/2062 2083/6/2075
f 2076/6/2064 2083/6/2075 2084/6/2076
f 2077/6/2066 2076/6/2064 2084/6/2076
f 2077/6/2066 2084/6/2076 2085/6/2077
f 2078/6/2068 2077/6/2066 2085/6/2077
f 2078/6/2068 2085/6/2077 2086/6/2078
f 2079/6/2070 2078/6/2068 2086/6/2078
f 2079/6/2070 2086/6/2078 2087/6/2079
f 2080/6/2072 2079/6/2070 2087/6/2079
f 2080/6/2072 2087/6/2079 2088/6/2080
f 2081/6/2059 2080/6/2072 2088/6/2080
f 2081/6/2059 2088/6/2080 2089/6/2073
f 2082/6/2074 2089/6/2073 2097/6/2081
f 2082/6/2074 2097/6/2081 2090/6/2082
f 2083/6/2075 2082/6/2074 2090/6/2082
f 2083/6/2075 2090/6/2082 2091/6/2083
f 2084/6/2076 2083/6/2075 2091/6/2083
f 2084/6/2076 2091/6/2083 2092/6/2084
f 2085/6/2077 2084/6/2076 2092/6/2084
f 2085/6/2077 2092/6/2084 2093/6/2085
f 2086/6/2078 2085/6/2077 2093/6/2085
f 2086/6/2078 2093/6/2085 2094/6/2086
f 2087/6/2079 2086/6/2078 2094/6/2086
f 2087/6/2079 2094/6/2086 2095/6/2087
f 2088/6/2080 2087/6/2079 2095/6/2087
f 2088/6/2080 2095/6/2087 2096/6/2088
f 2089/6/2073 2088/6/2080 2096/6/2088
f 2089/6/2073 2096/6/2088 2097/6/2081
f 2090/6/2082 2097/6/2081 2105/6/2089
f 2090/6/2082 2105/6/2089 2098/6/2090
f 2091/6/2083 2090/6/2082 2098/6/2090
f 2091/6/2083 2098/6/2090 2099/6/2091
f 2092/6/2084 2091/6/2083 2099/6/2091
f 2092/6/2084 2099/6/2091 2100/6/2092
f 2093/6/2085 2092/6/2084 2100/6/2092
f 2093/6/2085 2100/6/2092 2101/6/2093
f 2094/6/2086 2093/6/2085 2101/6/2093
f 2094/6/2086 2101/6/2093 2102/6/2094
f 2095/6/2087 2094/6/2086 2102/6/2094
f 2095/6/2087 2102/6/2094 2103/6/2095
f 2096/6/2088 2095/6/2087 2103/6/2095
f 2096/6/2088 2103/6/2095 2104/6/2096
f 2097/6/2081 2096/6/2088 2104/6/2096
f 2097/6/2081 2104/6/2096 2105/6/2089
f 2098/6/2090 2105/6/2089 2113/6/2097
f 2098/6/2090 2113/6/2097 2106/6/2098
f 2099/6/2091 2098/6/2090 2106/6/2098
f 2099/6/2091 2106/6/2098 2107/6/2099
f 2100/6/2092 2099/6/2091 2107/6/2099
f 2100/6/2092 2107/6/2099 2108/6/2100
f 2101/6/2093 2100/6/2092 2108/6/2100
f 2101/6/2093 2108/6/2100 2109/6/2101
f 2102/6/2094 2101/6/2093 2109/6/2101
f 2102/6/2094 2109/6/2101 2110/6/2102
f 2103/6/2095 2102/6/2094 2110/6/2102
f 2103/6/2095 2110/6/2102 2111/6/2103
f 2104/6/2096 2103/6/2095 2111/6/2103
f 2104/6/2096 2111/6/2103 2112/6/2104
f 2105/6/2089 2104/6/2096 2112/6/2104
f 2105/6/2089 2112/6/2104 2113/6/2097
f 2114/6/2105 2121/6/2106 2129/6/2107
f 2114/6/2105 2129/6/2107 2122/6/2108
f 2115/6/2109 2114/6/2105 2122/6/2108
f 2115/6/2109 2122/6/2108 2123/6/2110
f 2116/6/2111 2115/6/2109 2123/6/2110
f 2116/6/2111 2123/6/2110 2124/6/2112
f 2117/6/2113 2116/6/2111 2124/6/2112
f 2117/6/2113 2124/6/2112 2125/6/2114
f 2118/6/2115 2117/6/2113 2125/6/2114
f 2118/6/2115 2125/6/2114 2126/6/2116
f 2119/6/2117 2118/6/2115 2126/6/2116
f 2119/6/2117 2126/6/2116 2127/6/2118
f 2120/6/2119 2119/6/2117 2127/6/2118
f 2120/6/2119 2127/6/2118 2128/6/2120
f 2121/6/2106 2120/6/2119 2128/6/2120
f 2121/6/2106 2128/6/2120 2129/6/2107
f 2122/6/2108 2129/6/2107 2137/6/2121
f 2122/6/2108 2137/6/2121 2130/6/2122
f 2123/6/2110 2122/6/2108 2130/6/2122
f 2123/6/2110 2130/6/2122 2131/6/2123
f 2124/6/2112 2123/6/2110 2131/6/2123
f 2124/6/2112 2131/6/2123 2132/6/2124
f 2125/6/2114 2124/6/2112 2132/6/2124
f 2125/6/2114 2132/6/2124 2133/6/2125
f 2126/6/2116 2125/6/2114 2133/6/2125
f 2126/6/2116 2133/6/2125 2134/6/2126
f 2127/6/2118 2126/6/2116 2134/6/2126
f 2127/6/2118 2134/6/2126 2135/6/2127
f 2128/6/2120 2127/6/2118 2135/6/2127
f 2128/6/2120 2135/6/2127 2136/6/2128
f 2129/6/2107 2128/6/2120 2136/6/2128
f 2129/6/2107 2136/6/2128 2137/6/2121
f 2130/6/2122 2137/6/2121 2145/6/2129
f 2130/6/2122 2145/6/2129 2138/6/2130
f 2131/6/2123 2130/6/2122 2138/6/2130
f 2131/6/2123 2138/6/2130 2139/6/2131
f 2132/6/2124 2131/6/2123 2139/6/2131
f 2132/6/2124 2139/6/2131 2140/6/2132
f 2133/6/2125 2132/6/2124 2140/6/2132
f 2133/6/2125 2140/6/2132 2141/6/2133
f 2134/6/2126 2133/6/2125 2141/6/2133
f 2134/6/2126 2141/6/2133 2142/6/2134
f 2135/6/2127 2134/6/2126 2142/6/2134
f 2135/6/2127 2142/6/2134 2143/6/2135
f 2136/6/2128 2135/6/2127 2143/6/2135
f 2136/6/2128 2143/6/2135 2144/6/2136
f 2137/6/2121 2136/6/2128 2144/6/2136
f 2137/6/2121 2144/6/2136 2145/6/2129
f 2138/6/2130 2145/6/2129 2153/6/2137
f 2138/6/2130 2153/6/2137 2146/6/2138
f 2139/6/2131 2138/6/2130 2146/6/2138
f 2139/6/2131 2146/6/2138 2147/6/2139
f 2140/6/2132 2139/6/2131 2147/6/2139
f 2140/6/2132 2147/6/2139 2148/6/2140
f 2141/6/2133 2140/6/2132 2148/6/2140
f 2141/6/2133 2148/6/2140 2149/6/2141
f 2142/6/2134 2141/6/2133 2149/6/2141
f 2142/6/2134 2149/6/2141 2150/6/2142
f 2143/6/2135 2142/6/2134 2150/6/2142
f 2143/6/2135 2150/6/2142 2151/6/2143
f 2144/6/2136 2143/6/2135 2151/6/2143
f 2144/6/2136 2151/6/2143 2152/6/2144
f 2145/6/2129 2144/6/2136 2152/6/2144
f 2145/6/2129 2152/6/2144 2153/6/2137
f 2146/6/2138 2153/6/2137 2161/6/2145
f 2146/6/2138 2161/6/2145 2154/6/2146
f 2147/6/2139 2146/6/2138 2154/6/2146
f 2147/6/2139 2154/6/2146 2155/6/2147
f 2148/6/2140 2147/6/2139 2155/6/2147
f 2148/6/2140 2155/6/2147 2156/6/2148
f 2149/6/2141 2148/6/2140 2156/6/2148
f 2149/6/2141 2156/6/2148 2157/6/2149
f 2150/6/2142 2149/6/2141 2157/6/2149
f 2150/6/2142 2157/6/2149 2158/6/2150
f 2151/6/2143 2150/6/2142 2158/6/2150
f 2151/6/2143 2158/6/2150 2159/6/2151
f 2152/6/2144 2151/6/2143 2159/6/2151
f 2152/6/2144 2159/6/2151 2160/6/2152
f 2153/6/2137 2152/6/2144 2160/6/2152
f 2153/6/2137 2160/6/2152 2161/6/2145
f 2162/6/2153 2169/6/2154 2177/6/2155
f 2162/6/2153 2177/6/2155 2170/6/2156
f 2163/6/2157 2162/6/2153 2170/6/2156
f 2163/6/2157 2170/6/2156 2171/6/2158
f 2164/6/2159 2163/6/2157 2171/6/2158
f 2164/6/2159 2171/6/2158 2172/6/2160
f 2165/6/2161 2164/6/2159 2172/6/2160
f 2165/6/2161 2172/6/2160 2173/6/2162
f 2166/6/2163 2165/6/2161 2173/6/2162
f 2166/6/2163 2173/6/2162 2174/6/2164
f 2167/6/2165 2166/6/2163 2174/6/2164
f 2167/6/2165 2174/6/2164 2175/6/2166
f 2168/6/2167 2167/6/2165 2175/6/2166
f 2168/6/2167 2175/6/2166 2176/6/2168
f 2169/6/2154 2168/6/2167 2176/6/2168
f 2169/6/2154 2176/6/2168 2177/6/2155
f 2170/6/2156 2177/6/2155 2185/6/2169
f 2170/6/2156 2185/6/2169 2178/6/2170
f 2171/6/2158 2170/6/2156 2178/6/2170
f 2171/6/2158 2178/6/2170 2179/6/2171
f 2172/6/2160 2171/6/2158 2179/6/2171
f 2172/6/2160 2179/6/2171 2180/6/2172
f 2173/6/2162 2172/6/2160 2180/6/2172
f 2173/6/2162 2180/6/2172 2181/6/2173
f 2174/6/2164 2173/6/2162 2181/6/2173
f 2174/6/2164 2181/6/2173 2182/6/2174
f 2175/6/2166 2174/6/2164 2182/6/2174
f 2175/6/2166 2182/6/2174 2183/6/2175
f 2176/6/2168 2175/6/2166 2183/6/2175
f 2176/6/2168 2183/6/2175 2184/6/2176
f 2177/6/2155 2176/6/2168 2184/6/2176
f 2177/6/2155 2184/6/2176 2185/6/2169
f 2178/6/2170 2185/6/2169 2193/6/2177
f 2178/6/2170 2193/6/2177 2186/6/2178
f 2179/6/2171 2178/6/2170 2186/6/2178
f 2179/6/2171 2186/6/2178 2187/6/2179
f 2180/6/2172 2179/6/2171 2187/6/2179
f 2180/6/2172 2187/6/2179 2188/6/2180
f 2181/6/2173 2180/6/2172 2188/6/2180
f 2181/6/2173 2188/6/2180 2189/6/2181
f 2182/6/2174 2181/6/2173 2189/6/2181
f 2182/6/2174 2189/6/2181 2190/6/2182
f 2183/6/2175 2182/6/2174 2190/6/2182
f 2183/6/2175 2190/6/2182 2191/6/2183
f 2184/6/2176 2183/6/2175 2191/6/2183
f 2184/6/2176 2191/6/2183 2192/6/2184
f 2185/6/2169 2184/6/2176 2192/6/2184
f 2185/6/2169 2192/6/2184 2193/6/2177
f 2186/6/2178 2193/6/2177 2201/6/2185
f 2186/6/2178 2201/6/2185 2194/6/2186
f 2187/6/2179 2186/6/2178 2194/6/2186
f 2187/6/2179 2194/6/2186 2195/6/2187
f 2188/6/2180 2187/6/2179 2195/6/2187
f 2188/6/2180 2195/6/2187 2196/6/2188
f 2189/6/2181 2188/6/2180 2196/6/2188
f 2189/6/2181 2196/6/2188 2197/6/2189
f 2190/6/2182 2189/6/2181 2197/6/2189
f 2190/6/2182 2197/6/2189 2198/6/2190
f 2191/6/2183 2190/6/2182 2198/6/2190
f 2191/6/2183 2198/6/2190 2199/6/2191
f 2192/6/2184 2191/6/2183 2199/6/2191
f 2192/6/2184 2199/6/2191 2200/6/2192
f 2193/6/2177 2192/6/2184 2200/6/2192
f 2193/6/2177 2200/6/2192 2201/6/2185
f 2194/6/2186 2201/6/2185 2209/6/2193
f 2194/6/2186 2209/6/2193 2202/6/2194
f 2195/6/2187 2194/6/2186 2202/6/2194
f 2195/6/2187 2202/6/2194 2203/6/2195
f 2196/6/2188 2195/6/2187 2203/6/2195
f 2196/6/2188 2203/6/2195 2204/6/2196
f 2197/6/2189 2196/6/2188 2204/6/2196
f 2197/6/2189 2204/6/2196 2205/6/2197
f 2198/6/2190 2197/6/2189 2205/6/2197
f 2198/6/2190 2205/6/2197 2206/6/2198
f 2199/6/2191 2198/6/2190 2206/6/2198
f 2199/6/2191 2206/6/2198 2207/6/2199
f 2200/6/2192 2199/6/2191 2207/6/2199
f 2200/6/2192 2207/6/2199 2208/6/2200
f 2201/6/2185 2200/6/2192 2208/6/2200
f 2201/6/2185 2208/6/2200 2209/6/2193
f 2210/6/2201 2217/6/2202 2225/6/2203
f 2210/6/2201 2225/6/2203 2218/6/2204
f 2211/6/2205 2210/6/2201 2218/6/2204
f 2211/6/2205 2218/6/2204 2219/6/2206
f 2212/6/2207 2211/6/2205 2219/6/2206
f 2212/6/2207 2219/6/2206 2220/6/2208
f 2213/6/2209 2212/6/2207 2220/6/2208
f 2213/6/2209 2220/6/2208 2221/6/2210
f 2214/6/2211 2213/6/2209 2221/6/2210
f 2214/6/2211 2221/6/2210 2222/6/2212
f 2215/6/2213 2214/6/2211 2222/6/2212
f 2215/6/2213 2222/6/2212 2223/6/2214
f 2216/6/2215 2215/6/2213 2223/6/2214
f 2216/6/2215 2223/6/2214 2224/6/2216
f 2217/6/2202 2216/6/2215 2224/6/2216
f 2217/6/2202 2224/6/2216 2225/6/2203
f 2218/6/2204 2225/6/2203 2233/6/2217
f 2218/6/2204 2233/6/2217 2226/6/2218
f 2219/6/2206 2218/6/2204 2226/6/2218
f 2219/6/2206 2226/6/2218 2227/6/2219
f 2220/6/2208 2219/6/2206 2227/6/2219
f 2220/6/2208 2227/6/2219 2228/6/2220
f 2221/6/2210 2220/6/2208 2228/6/2220
f 2221/6/2210 2228/6/2220 2229/6/2221
f 2222/6/2212 2221/6/2210 2229/6/2221
f 2222/6/2212 2229/6/2221 2230/6/2222
f 2223/6/2214 2222/6/2212 2230/6/2222
f 2223/6/2214 2230/6/2222 2231/6/2223
f 2224/6/2216 2223/6/2214 2231/6/2223
f 2224/6/2216 2231/6/2223 2232/6/2224
f 2225/6/2203 2224/6/2216 2232/6/2224
f 2225/6/2203 2232/6/2224 2233/6/2217
f 2226/6/2218 2233/6/2217 2241/6/2225
f 2226/6/2218 2241/6/2225 2234/6/2226
f 2227/6/2219 2226/6/2218 2234/6/2226
f 2227/6/2219 2234/6/2226 2235/6/2227
f 2228/6/2220 2227/6/2219 2235/6/2227
f 2228/6/2220 2235/6/2227 2236/6/2228
f 2229/6/2221 2228/6/2220 2236/6/2228
f 2229/6/2221 2236/6/2228 2237/6/2229
f 2230/6/2222 2229/6/2221 2237/6/2229
f 2230/6/2222 2237/6/2229 2238/6/2230
f 2231/6/2223 2230/6/2222 2238/6/2230
f 2231/6/2223 2238/6/2230 2239/6/2231
f 2232/6/2224 2231/6/2223 2239/6/2231
f 2232/6/2224 2239/6/2231 2240/6/2232
f 2233/6/2217 2232/6/2224 2240/6/2232
f 2233/6/2217 2240/6/2232 2241/6/2225
f 2234/6/2226 2241/6/2225 2249/6/2233
f 2234/6/2226 2249/6/2233 2242/6/2234
f 2235/6/2227 2234/6/2226 2242/6/2234
f 2235/6/2227 2242/6/2234 2243/6/2235
f 2236/6/2228 2235/6/2227 2243/6/2235
f 2236/6/2228 2243/6/2235 2244/6/2236
f 2237/6/2229 2236/6/2228 2244/6/2236
f 2237/6/2229 2244/6/2236 2245/6/2237
f 2238/6/2230 2237/6/2229 2245/6/2237
f 2238/6/2230 2245/6/2237 2246/6/2238
f 2239/6/2231 2238/6/2230 2246/6/2238
f 2239/6/2231 2246/6/2238 2247/6/2239
f 2240/6/2232 2239/6/2231 2247/6/2239
f 2240/6/2232 2247/6/2239 2248/6/2240
f 2241/6/2225 2240/6/2232 2248/6/2240
f 2241/6/2225 2248/6/2240 2249/6/2233
f 2242/6/2234 2249/6/2233 2257/6/2241
f 2242/6/2234 2257/6/2241 2250/6/2242
f 2243/6/2235 2242/6/2234 2250/6/2242
f 2243/6/2235 2250/6/2242 2251/6/2243
f 2244/6/2236 2243/6/2235 2251/6/2243
f 2244/6/2236 2251/6/2243 2252/6/2244
f 2245/6/2237 2244/6/2236 2252/6/2244
f 2245/6/2237 2252/6/2244 2253/6/2245
f 2246/6/2238 2245/6/2237 2253/6/2245
f 2246/6/2238 2253/6/2245 2254/6/2246
f 2247/6/2239 2246/6/2238 2254/6/2246
f 2247/6/2239 2254/6/2246 2255/6/2247
f 2248/6/2240 2247/6/2239 2255/6/2247
f 2248/6/2240 2255/6/2247 2256/6/2248
f 2249/6/2233 2248/6/2240 2256/6/2248
f 2249/6/2233 2256/6/2248 2257/6/2241
f 2258/6/2249 2265/6/2250 2273/6/2251
f 2258/6/2249 2273/6/2251 2266/6/2252
f 2259/6/2253 2258/6/2249 2266/6/2252
f 2259/6/2253 2266/6/2252 2267/6/2254
f 2260/6/2255 2259/6/2253 2267/6/2254
f 2260/6/2255 2267/6/2254 2268/6/2256
f 2261/6/2257 2260/6/2255 2268/6/2256
f 2261/6/2257 2268/6/2256 2269/6/2258
f 2262/6/2259 2261/6/2257 2269/6/2258
f 2262/6/2259 2269/6/2258 2270/6/2260
f 2263/6/2261 2262/6/2259 2270/6/2260
f 2263/6/2261 2270/6/2260 2271/6/2262
f 2264/6/2263 2263/6/2261 2271/6/2262
f 2264/6/2263 2271/6/2262 2272/6/2264
f 2265/6/2250 2264/6/2263 2272/6/2264
f 2265/6/2250 2272/6/2264 2273/6/2251
f 2266/6/2252 2273/6/2251 2281/6/2265
f 2266/6/2252 2281/6/2265 2274/6/2266
f 2267/6/2254 2266/6/2252 2274/6/2266
f 2267/6/2254 2274/6/2266 2275/6/2267
f 2268/6/2256 2267/6/2254 2275/6/2267
f 2268/6/2256 2275/6/2267 2276/6/2268
f 2269/6/2258 2268/6/2256 2276/6/2268
f 2269/6/2258 2276/6/2268 2277/6/2269
f 2270/6/2260 2269/6/2258 2277/6/2269
f 2270/6/2260 2277/6/2269 2278/6/2270
f 2271/6/2262 2270/6/2260 2278/6/2270
f 2271/6/2262 2278/6/2270 2279/6/2271
f 2272/6/2264 2271/6/2262 2279/6/2271
f 2272/6/2264 2279/6/2271 2280/6/2272
f 2273/6/2251 2272/6/2264 2280/6/2272
f 2273/6/2251 2280/6/2272 2281/6/2265
f 2274/6/2266 2281/6/2265 2289/6/2273
f 2274/6/2266 2289/6/2273 2282/6/2274
f 2275/6/2267 2274/6/2266 2282/6/2274
f 2275/6/2267 2282/6/2274 2283/6/2275
f 2276/6/2268 2275/6/2267 2283/6/2275
f 2276/6/2268 2283/6/2275 2284/6/2276
f 2277/6/2269 2276/6/2268 2284/6/2276
f 2277/6/2269 2284/6/2276 2285/6/2277
f 2278/6/2270 2277/6/2269 2285/6/2277
f 2278/6/2270 2285/6/2277 2286/6/2278
f 2279/6/2271 2278/6/2270 2286/6/2278
f 2279/6/2271 2286/6/2278 2287/6/2279
f 2280/6/2272 2279/6/2271 2287/6/2279
f 2280/6/2272 2287/6/2279 2288/6/2280
f 2281/6/2265 2280/6/2272 2288/6/2280
f 2281/6/2265 2288/6/2280 2289/6/2273
f 2282/6/2274 2289/6/2273 2297/6/2281
f 2282/6/2274 2297/6/2281 2290/6/2282
f 2283/6/2275 2282/6/2274 2290/6/2282
f 2283/6/2275 2290/6/2282 2291/6/2283
f 2284/6/2276 2283/6/2275 2291/6/2283
f 2284/6/2276 2291/6/2283 2292/6/2284
f 2285/6/2277 2284/6/2276 2292/6/2284
f 2285/6/2277 2292/6/2284 2293/6/2285
f 2286/6/2278 2285/6/2277 2293/6/2285
f 2286/6/2278 2293/6/2285 2294/6/2286
f 2287/6/2279 2286/6/2278 2294/6/2286
f 2287/6/2279 2294/6/2286 2295/6/2287
f 2288/6/2280 2287/6/2279 2295/6/2287
f 2288/6/2280 2295/6/2287 2296/6/2288
f 2289/6/2273 2288/6/2280 2296/6/2288
f 2289/6/2273 2296/6/2288 2297/6/2281
f 2290/6/2282 2297/6/2281 2305/6/2289
f 2290/6/2282 2305/6/2289 2298/6/2290
f 2291/6/2283 2290/6/2282 2298/6/2290
f 2291/6/2283 2298/6/2290 2299/6/2291
f 2292/6/2284 2291/6/2283 2299/6/2291
f 2292/6/2284 2299/6/2291 2300/6/2292
f 2293/6/2285 2292/6/2284 2300/6/2292
f 2293/6/2285 2300/6/2292 2301/6/2293
f 2294/6/2286 2293/6/2285 2301/6/2293
f 2294/6/2286 2301/6/2293 2302/6/2294
f 2295/6/2287 2294/6/2286 2302/6/2294
f 2295/6/2287 2302/6/2294 2303/6/2295
f 2296/6/2288 2295/6/2287 2303/6/2295
f 2296/6/2288 2303/6/2295 2304/6/2296
f 2297/6/2281 2296/6/2288 2304/6/2296
f 2297/6/2281 2304/6/2296 2305/6/2289
f 2306/6/2297 2313/6/2298 2321/6/2299
f 2306/6/2297 2321/6/2299 2314/6/2300
f 2307/6/2301 2306/6/2297 2314/6/2300
f 2307/6/2301 2314/6/2300 2315/6/2302
f 2308/6/2303 2307/6/2301 2315/6/2302
f 2308/6/2303 2315/6/2302 2316/6/2304
f 2309/6/2305 2308/6/2303 2316/6/2304
f 2309/6/2305 2316/6/2304 2317/6/2306
f 2310/6/2307 2309/6/2305 2317/6/2306
f 2310/6/2307 2317/6/2306 2318/6/2308
f 2311/6/2309 2310/6/2307 2318/6/2308
f 2311/6/2309 2318/6/2308 2319/6/2310
f 2312/6/2311 2311/6/2309 2319/6/2310
f 2312/6/2311 2319/6/2310 2320/6/2312
f 2313/6/2298 2312/6/2311 2320/6/2312
f 2313/6/2298 2320/6/2312 2321/6/2299
f 2314/6/2300 2321/6/2299 2329/6/2313
f 2314/6/2300 2329/6/2313 2322/6/2314
f 2315/6/2302 2314/6/2300 2322/6/2314
f 2315/6/2302 2322/6/2314 2323/6/2315
f 2316/6/2304 2315/6/2302 2323/6/2315
f 2316/6/2304 2323/6/2315 2324/6/2316
f 2317/6/2306 2316/6/2304 2324/6/2316
f 2317/6/2306 2324/6/2316 2325/6/2317
f 2318/6/2308 2317/6/2306 2325/6/2317
f 2318/6/2308 2325/6/2317 2326/6/2318
f 2319/6/2310 2318/6/2308 2326/6/2318
f 2319/6/2310 2326/6/2318 2327/6/2319
f 2320/6/2312 2319/6/2310 2327/6/2319
f 2320/6/2312 2327/6/2319 2328/6/2320
f 2321/6/2299 2320/6/2312 2328/6/2320
f 2321/6/2299 2328/6/2320 2329/6/2313
f 2322/6/2314 2329/6/2313 2337/6/2321
f 2322/6/2314 2337/6/2321 2330/6/2322
f 2323/6/2315 2322/6/2314 2330/6/2322
f 2323/6/2315 2330/6/2322 2331/6/2323
f 2324/6/2316 2323/6/2315 2331/6/2323
f 2324/6/2316 2331/6/2323 2332/6/2324
f 2325/6/2317 2324/6/2316 2332/6/2324
f 2325/6/2317 2332/6/2324 2333/6/2325
f 2326/6/2318 2325/6/2317 2333/6/2325
f 2326/6/2318 2333/6/2325 2334/6/2326
f 2327/6/2319 2326/6/2318 2334/6/2326
f 2327/6/2319 2334/6/2326 2335/6/2327
f 2328/6/2320 2327/6/2319 2335/6/2327
f 2328/6/2320 2335/6/2327 2336/6/2328
f 2329/6/2313 2328/6/2320 2336/6/2328
f 2329/6/2313 2336/6/2328 2337/6/2321
f 2330/6/2322 2337/6/2321 2345/6/2329
f 2330/6/2322 2345/6/2329 2338/6/2330
f 2331/6/2323 2330/6/2322 2338/6/2330
f 2331/6/2323 2338/6/2330 2339/6/2331
f 2332/6/2324 2331/6/2323 2339/6/2331
f 2332/6/2324 2339/6/2331 2340/6/2332
f 2333/6/2325 2332/6/2324 2340/6/2332
f 2333/6/2325 2340/6/2332 2341/6/2333
f 2334/6/2326 2333/6/2325 2341/6/2333
f 2334/6/2326 2341/6/2333 2342/6/2334
f 2335/6/2327 2334/6/2326 2342/6/2334
f 2335/6/2327 2342/6/2334 2343/6/2335
f 2336/6/2328 2335/6/2327 2343/6/2335
f 2336/6/2328 2343/6/2335 2344/6/2336
f 2337/6/2321 2336/6/2328 2344/6/2336
f 2337/6/2321 2344/6/2336 2345/6/2329
f 2338/6/2330 2345/6/2329 2353/6/2337
f 2338/6/2330 2353/6/2337 2346/6/2338
f 2339/6/2331 2338/6/2330 2346/6/2338
f 2339/6/2331 2346/6/2338 2347/6/2339
f 2340/6/2332 2339/6/2331 2347/6/2339
f 2340/6/2332 2347/6/2339 2348/6/2340
f 2341/6/2333 2340/6/2332 2348/6/2340
f 2341/6/2333 2348/6/2340 2349/6/2341
f 2342/6/2334 2341/6/2333 2349/6/2341
f 2342/6/2334 2349/6/2341 2350/6/2342
f 2343/6/2335 2342/6/2334 2350/6/2342
f 2343/6/2335 2350/6/2342 2351/6/2343
f 2344/6/2336 2343/6/2335 2351/6/2343
f 2344/6/2336 2351/6/2343 2352/6/2344
f 2345/6/2329 2344/6/2336 2352/6/2344
f 2345/6/2329 2352/6/2344 2353/6/2337
f 2301/6/2293 2357/6/2345 2358/6/2346
f 2301/6/2293 2358/6/2346 2302/6/2294
f 2305/6/2289 2361/6/2347 2354/6/2348
f 2305/6/2289 2354/6/2348 2298/6/2290
f 2302/6/2294 2358/6/2346 2359/6/2349
f 2302/6/2294 2359/6/2349 2303/6/2295
f 2299/6/2291 2355/6/2350 2356/6/2351
f 2299/6/2291 2356/6/2351 2300/6/2292
f 2304/6/2296 2360/6/2352 2361/6/2347
f 2304/6/2296 2361/6/2347 2305/6/2289
f 2298/6/2290 2354/6/2348 2355/6/2350
f 2298/6/2290 2355/6/2350 2299/6/2291
f 2303/6/2295 2359/6/2349 2360/6/2352
f 2303/6/2295 2360/6/2352 2304/6/2296
f 2300/6/2292 2356/6/2351 2357/6/2345
f 2300/6/2292 2357/6/2345 2301/6/2293
f 2355/6/2350 2362/6/2353 2356/6/2351
f 2358/6/2346 2362/6/2353 2359/6/2349
f 2356/6/2351 2362/6/2353 2357/6/2345
f 2359/6/2349 2362/6/2353 2360/6/2352
f 2357/6/2345 2362/6/2353 2358/6/2346
f 2360/6/2352 2362/6/2353 2361/6/2347
f 2354/6/2348 2362/6/2353 2355/6/2350
f 2361/6/2347 2362/6/2353 2354/6/2348
f 2205/6/2197 2422/6/2354 2423/6/2355
f 2205/6/2197 2423/6/2355 2206/6/2198
f 2110/6/2102 2407/6/2356 2408/6/2357
f 2110/6/2102 2408/6/2357 2111/6/2103
f 2161/6/2145 2418/6/2358 2411/6/2359
f 2161/6/2145 2411/6/2359 2154/6/2146
f 2064/6/2056 2401/6/2360 2402/6/2361
f 2064/6/2056 2402/6/2361 2065/6/2049
f 1969/6/1953 2386/6/2362 2379/6/2363
f 1969/6/1953 2379/6/2363 1962/6/1954
f 1921/6/1905 2378/6/2364 2371/6/2365
f 1921/6/1905 2371/6/2365 1914/6/1906
f 2256/6/2248 2433/6/2366 2434/6/2367
f 2256/6/2248 2434/6/2367 2257/6/2241
f 2014/6/2006 2391/6/2368 2392/6/2369
f 2014/6/2006 2392/6/2369 2015/6/2007
f 2255/6/2247 2432/6/2370 2433/6/2366
f 2255/6/2247 2433/6/2366 2256/6/2248
f 2250/6/2242 2427/6/2371 2428/6/2372
f 2250/6/2242 2428/6/2372 2251/6/2243
f 1962/6/1954 2379/6/2363 2380/6/2373
f 1962/6/1954 2380/6/2373 1963/6/1955
f 2016/6/2008 2393/6/2374 2394/6/2375
f 2016/6/2008 2394/6/2375 2017/6/2001
f 1870/6/1862 2367/6/2376 2368/6/2377
f 1870/6/1862 2368/6/2377 1871/6/1863
f 2347/6/2339 2436/6/2378 2437/6/2379
f 2347/6/2339 2437/6/2379 2348/6/2340
f 2159/6/2151 2416/6/2380 2417/6/2381
f 2159/6/2151 2417/6/2381 2160/6/2152
f 2060/6/2052 2397/6/2382 2398/6/2383
f 2060/6/2052 2398/6/2383 2061/6/2053
f 2254/6/2246 2431/6/2384 2432/6/2370
f 2254/6/2246 2432/6/2370 2255/6/2247
f 2109/6/2101 2406/6/2385 2407/6/2356
f 2109/6/2101 2407/6/2356 2110/6/2102
f 2251/6/2243 2428/6/2372 2429/6/2386
f 2251/6/2243 2429/6/2386 2252/6/2244
f 2352/6/2344 2441/6/2387 2442/6/2388
f 2352/6/2344 2442/6/2388 2353/6/2337
f 2203/6/2195 2420/6/2389 2421/6/2390
f 2203/6/2195 2421/6/2390 2204/6/2196
f 1915/6/1907 2372/6/2391 2373/6/2392
f 1915/6/1907 2373/6/2392 1916/6/1908
f 1968/6/1960 2385/6/2393 2386/6/2362
f 1968/6/1960 2386/6/2362 1969/6/1953
f 2208/6/2200 2425/6/2394 2426/6/2395
f 2208/6/2200 2426/6/2395 2209/6/2193
f 2058/6/2050 2395/6/2396 2396/6/2397
f 2058/6/2050 2396/6/2397 2059/6/2051
f 1869/6/1861 2366/6/2398 2367/6/2376
f 1869/6/1861 2367/6/2376 1870/6/1862
f 1914/6/1906 2371/6/2365 2372/6/2391
f 1914/6/1906 2372/6/2391 1915/6/1907
f 2348/6/2340 2437/6/2379 2438/6/2399
f 2348/6/2340 2438/6/2399 2349/6/2341
f 1964/6/1956 2381/6/2400 2382/6/2401
f 1964/6/1956 2382/6/2401 1965/6/1957
f 2156/6/2148 2413/6/2402 2414/6/2403
f 2156/6/2148 2414/6/2403 2157/6/2149
f 2015/6/2007 2392/6/2369 2393/6/2374
f 2015/6/2007 2393/6/2374 2016/6/2008
f 1872/6/1864 2369/6/2404 2370/6/2405
f 1872/6/1864 2370/6/2405 1873/6/1857
f 2113/6/2097 2410/6/2406 2403/6/2407
f 2113/6/2097 2403/6/2407 2106/6/2098
f 1871/6/1863 2368/6/2377 2369/6/2404
f 1871/6/1863 2369/6/2404 1872/6/1864
f 1868/6/1860 2365/6/2408 2366/6/2398
f 1868/6/1860 2366/6/2398 1869/6/1861
f 1920/6/1912 2377/6/2409 2378/6/2364
f 1920/6/1912 2378/6/2364 1921/6/1905
f 2112/6/2104 2409/6/2410 2410/6/2406
f 2112/6/2104 2410/6/2406 2113/6/2097
f 1965/6/1957 2382/6/2401 2383/6/2411
f 1965/6/1957 2383/6/2411 1966/6/1958
f 2253/6/2245 2430/6/2412 2431/6/2384
f 2253/6/2245 2431/6/2384 2254/6/2246
f 1916/6/1908 2373/6/2392 2374/6/2413
f 1916/6/1908 2374/6/2413 1917/6/1909
f 2017/6/2001 2394/6/2375 2387/6/2414
f 2017/6/2001 2387/6/2414 2010/6/2002
f 2107/6/2099 2404/6/2415 2405/6/2416
f 2107/6/2099 2405/6/2416 2108/6/2100
f 2010/6/2002 2387/6/2414 2388/6/2417
f 2010/6/2002 2388/6/2417 2011/6/2003
f 2349/6/2341 2438/6/2399 2439/6/2418
f 2349/6/2341 2439/6/2418 2350/6/2342
f 2350/6/2342 2439/6/2418 2440/6/2419
f 2350/6/2342 2440/6/2419 2351/6/2343
f 1966/6/1958 2383/6/2411 2384/6/2420
f 1966/6/1958 2384/6/2420 1967/6/1959
f 2257/6/2241 2434/6/2367 2427/6/2371
f 2257/6/2241 2427/6/2371 2250/6/2242
f 2154/6/2146 2411/6/2359 2412/6/2421
f 2154/6/2146 2412/6/2421 2155/6/2147
f 2204/6/2196 2421/6/2390 2422/6/2354
f 2204/6/2196 2422/6/2354 2205/6/2197
f 2157/6/2149 2414/6/2403 2415/6/2422
f 2157/6/2149 2415/6/2422 2158/6/2150
f 2351/6/2343 2440/6/2419 2441/6/2387
f 2351/6/2343 2441/6/2387 2352/6/2344
f 1866/6/1858 2363/6/2423 2364/6/2424
f 1866/6/1858 2364/6/2424 1867/6/1859
f 2160/6/2152 2417/6/2381 2418/6/2358
f 2160/6/2152 2418/6/2358 2161/6/2145
f 2059/6/2051 2396/6/2397 2397/6/2382
f 2059/6/2051 2397/6/2382 2060/6/2052
f 2013/6/2005 2390/6/2425 2391/6/2368
f 2013/6/2005 2391/6/2368 2014/6/2006
f 1963/6/1955 2380/6/2373 2381/6/2400
f 1963/6/1955 2381/6/2400 1964/6/1956
f 2155/6/2147 2412/6/2421 2413/6/2402
f 2155/6/2147 2413/6/2402 2156/6/2148
f 2209/6/2193 2426/6/2395 2419/6/2426
f 2209/6/2193 2419/6/2426 2202/6/2194
f 2063/6/2055 2400/6/2427 2401/6/2360
f 2063/6/2055 2401/6/2360 2064/6/2056
f 2062/6/2054 2399/6/2428 2400/6/2427
f 2062/6/2054 2400/6/2427 2063/6/2055
f 2111/6/2103 2408/6/2357 2409/6/2410
f 2111/6/2103 2409/6/2410 2112/6/2104
f 1917/6/1909 2374/6/2413 2375/6/2429
f 1917/6/1909 2375/6/2429 1918/6/1910
f 2353/6/2337 2442/6/2388 2435/6/2430
f 2353/6/2337 2435/6/2430 2346/6/2338
f 2012/6/2004 2389/6/2431 2390/6/2425
f 2012/6/2004 2390/6/2425 2013/6/2005
f 2346/6/2338 2435/6/2430 2436/6/2378
f 2346/6/2338 2436/6/2378 2347/6/2339
f 2065/6/2049 2402/6/2361 2395/6/2396
f 2065/6/2049 2395/6/2396 2058/6/2050
f 2108/6/2100 2405/6/2416 2406/6/2385
f 2108/6/2100 2406/6/2385 2109/6/2101
f 2106/6/2098 2403/6/2407 2404/6/2415
f 2106/6/2098 2404/6/2415 2107/6/2099
f 2207/6/2199 2424/6/2432 2425/6/2394
f 2207/6/2199 2425/6/2394 2208/6/2200
f 1867/6/1859 2364/6/2424 2365/6/2408
f 1867/6/1859 2365/6/2408 1868/6/1860
f 1919/6/1911 2376/6/2433 2377/6/2409
f 1919/6/1911 2377/6/2409 1920/6/1912
f 1918/6/1910 2375/6/2429 2376/6/2433
f 1918/6/1910 2376/6/2433 1919/6/1911
f 2011/6/2003 2388/6/2417 2389/6/2431
f 2011/6/2003 2389/6/2431 2012/6/2004
f 1967/6/1959 2384/6/2420 2385/6/2393
f 1967/6/1959 2385/6/2393 1968/6/1960
f 2252/6/2244 2429/6/2386 2430/6/2412
f 2252/6/2244 2430/6/2412 2253/6/2245
f 2061/6/2053 2398/6/2383 2399/6/2428
f 2061/6/2053 2399/6/2428 2062/6/2054
f 2206/6/2198 2423/6/2355 2424/6/2432
f 2206/6/2198 2424/6/2432 2207/6/2199
f 2158/6/2150 2415/6/2422 2416/6/2380
f 2158/6/2150 2416/6/2380 2159/6/2151
f 1873/6/1857 2370/6/2405 2363/6/2423
f 1873/6/1857 2363/6/2423 1866/6/1858
f 2202/6/2194 2419/6/2426 2420/6/2389
f 2202/6/2194 2420/6/2389 2203/6/2195
f 2363/6/2423 2443/6/2434 2364/6/2424
f 2436/6/2378 2452/6/2435 2437/6/2379
f 2432/6/2370 2451/6/2436 2433/6/2366
f 2389/6/2431 2446/6/2437 2390/6/2425
f 2372/6/2391 2444/6/2438 2373/6/2392
f 2438/6/2399 2452/6/2435 2439/6/2418
f 2366/6/2398 2443/6/2434 2367/6/2376
f 2399/6/2428 2447/6/2439 2400/6/2427
f 2392/6/2369 2446/6/2437 2393/6/2374
f 2388/6/2417 2446/6/2437 2389/6/2431
f 2368/6/2377 2443/6/2434 2369/6/2404
f 2401/6/2360 2447/6/2439 2402/6/2361
f 2433/6/2366 2451/6/2436 2434/6/2367
f 2390/6/2425 2446/6/2437 2391/6/2368
f 2410/6/2406 2448/6/2440 2403/6/2407
f 2380/6/2373 2445/6/2441 2381/6/2400
f 2407/6/2356 2448/6/2440 2408/6/2357
f 2430/6/2412 2451/6/2436 2431/6/2384
f 2424/6/2432 2450/6/2442 2425/6/2394
f 2396/6/2397 2447/6/2439 2397/6/2382
f 2414/6/2403 2449/6/2443 2415/6/2422
f 2375/6/2429 2444/6/2438 2376/6/2433
f 2416/6/2380 2449/6/2443 2417/6/2381
f 2405/6/2416 2448/6/2440 2406/6/2385
f 2418/6/2358 2449/6/2443 2411/6/2359
f 2382/6/2401 2445/6/2441 2383/6/2411
f 2384/6/2420 2445/6/2441 2385/6/2393
f 2431/6/2384 2451/6/2436 2432/6/2370
f 2419/6/2426 2450/6/2442 2420/6/2389
f 2367/6/2376 2443/6/2434 2368/6/2377
f 2413/6/2402 2449/6/2443 2414/6/2403
f 2422/6/2354 2450/6/2442 2423/6/2355
f 2371/6/2365 2444/6/2438 2372/6/2391
f 2404/6/2415 2448/6/2440 2405/6/2416
f 2386/6/2362 2445/6/2441 2379/6/2363
f 2421/6/2390 2450/6/2442 2422/6/2354
f 2383/6/2411 2445/6/2441 2384/6/2420
f 2428/6/2372 2451/6/2436 2429/6/2386
f 2395/6/2396 2447/6/2439 2396/6/2397
f 2374/6/2413 2444/6/2438 2375/6/2429
f 2381/6/2400 2445/6/2441 2382/6/2401
f 2417/6/2381 2449/6/2443 2418/6/2358
f 2369/6/2404 2443/6/2434 2370/6/2405
f 2423/6/2355 2450/6/2442 2424/6/2432
f 2391/6/2368 2446/6/2437 2392/6/2369
f 2377/6/2409 2444/6/2438 2378/6/2364
f 2426/6/2395 2450/6/2442 2419/6/2426
f 2400/6/2427 2447/6/2439 2401/6/2360
f 2387/6/2414 2446/6/2437 2388/6/2417
f 2408/6/2357 2448/6/2440 2409/6/2410
f 2393/6/2374 2446/6/2437 2394/6/2375
f 2434/6/2367 2451/6/2436 2427/6/2371
f 2364/6/2424 2443/6/2434 2365/6/2408
f 2397/6/2382 2447/6/2439 2398/6/2383
f 2429/6/2386 2451/6/2436 2430/6/2412
f 2379/6/2363 2445/6/2441 2380/6/2373
f 2385/6/2393 2445/6/2441 2386/6/2362
f 2415/6/2422 2449/6/2443 2416/6/2380
f 2425/6/2394 2450/6/2442 2426/6/2395
f 2412/6/2421 2449/6/2443 2413/6/2402
f 2406/6/2385 2448/6/2440 2407/6/2356
f 2370/6/2405 2443/6/2434 2363/6/2423
f 2376/6/2433 2444/6/2438 2377/6/2409
f 2442/6/2388 2452/6/2435 2435/6/2430
f 2378/6/2364 2444/6/2438 2371/6/2365
f 2420/6/2389 2450/6/2442 2421/6/2390
f 2437/6/2379 2452/6/2435 2438/6/2399
f 2427/6/2371 2451/6/2436 2428/6/2372
f 2409/6/2410 2448/6/2440 2410/6/2406
f 2435/6/2430 2452/6/2435 2436/6/2378
f 2365/6/2408 2443/6/2434 2366/6/2398
f 2398/6/2383 2447/6/2439 2399/6/2428
f 2441/6/2387 2452/6/2435 2442/6/2388
f 2373/6/2392 2444/6/2438 2374/6/2413
f 2394/6/2375 2446/6/2437 2387/6/2414
f 2439/6/2418 2452/6/2435 2440/6/2419
f 2403/6/2407 2448/6/2440 2404/6/2415
f 2411/6/2359 2449/6/2443 2412/6/2421
f 2440/6/2419 2452/6/2435 2441/6/2387
f 2402/6/2361 2447/6/2439 2395/6/2396
f 2833/7/2444 2831/7/2445 2814/7/2446
f 2833/7/2444 2814/7/2446 2819/7/2447
f 2834/7/2448 2824/7/2449 2737/7/2450
f 2834/7/2448 2737/7/2450 2727/7/2451
f 2479/7/2452 2468/7/2453 2460/7/2454
f 2479/7/2452 2460/7/2454 2478/7/2455
f 2817/7/2456 2818/7/2457 2467/7/2458
f 2817/7/2456 2467/7/2458 2466/7/2459
f 2719/7/2460 2821/7/2461 2828/7/2462
f 2719/7/2460 2828/7/2462 2741/7/2463
f 2809/7/2464 2815/7/2465 2826/7/2466
f 2809/7/2464 2826/7/2466 2822/7/2467
f 2808/7/2468 2818/7/2457 2825/7/2469
f 2808/7/2468 2825/7/2469 2823/7/2470
f 2808/7/2468 2823/7/2470 2830/7/2471
f 2808/7/2468 2830/7/2471 2812/7/2472
f 2807/7/2473 2816/7/2474 2828/7/2462
f 2807/7/2473 2828/7/2462 2821/7/2461
f 2807/7/2473 2821/7/2461 2827/7/2475
f 2807/7/2473 2827/7/2475 2817/7/2456
f 2814/7/2446 2815/7/2465 2464/7/2476
f 2814/7/2446 2464/7/2476 2463/7/2477
f 2810/7/2478 2811/7/2479 2460/7/2454
f 2810/7/2478 2460/7/2454 2459/7/2480
f 2476/7/2481 2459/7/2480 2460/7/2454
f 2476/7/2481 2460/7/2454 2468/7/2453
f 2812/7/2472 2813/7/2482 2462/7/2483
f 2812/7/2472 2462/7/2483 2461/7/2484
f 2474/7/2485 2461/7/2484 2462/7/2483
f 2474/7/2485 2462/7/2483 2473/7/2486
f 2813/7/2482 2810/7/2478 2459/7/2480
f 2813/7/2482 2459/7/2480 2462/7/2483
f 2475/7/2487 2463/7/2477 2464/7/2476
f 2475/7/2487 2464/7/2476 2470/7/2488
f 2828/7/2462 2822/7/2467 2725/7/2489
f 2828/7/2462 2725/7/2489 2741/7/2463
f 2733/7/2490 2725/7/2489 2822/7/2467
f 2733/7/2490 2822/7/2467 2826/7/2466
f 2453/7/2491 2466/7/2459 2471/7/2492
f 2453/7/2491 2471/7/2492 2456/7/2493
f 2453/7/2491 2456/7/2493 2472/7/2494
f 2453/7/2491 2472/7/2494 2465/7/2495
f 2832/7/2496 2824/7/2449 2811/7/2479
f 2832/7/2496 2811/7/2479 2810/7/2478
f 2721/7/2497 2731/7/2498 2829/7/2499
f 2721/7/2497 2829/7/2499 2830/7/2471
f 2454/7/2500 2461/7/2484 2474/7/2485
f 2454/7/2500 2474/7/2485 2458/7/2501
f 2454/7/2500 2458/7/2501 2469/7/2502
f 2454/7/2500 2469/7/2502 2467/7/2458
f 2473/7/2486 2462/7/2483 2459/7/2480
f 2473/7/2486 2459/7/2480 2476/7/2481
f 2480/7/2503 2477/7/2504 2463/7/2477
f 2480/7/2503 2463/7/2477 2475/7/2487
f 2820/7/2505 2478/7/2455 2460/7/2454
f 2820/7/2505 2460/7/2454 2811/7/2479
f 2471/7/2492 2466/7/2459 2467/7/2458
f 2471/7/2492 2467/7/2458 2469/7/2502
f 2809/7/2464 2822/7/2467 2828/7/2462
f 2809/7/2464 2828/7/2462 2816/7/2474
f 2743/7/2506 2717/7/2507 2825/7/2469
f 2743/7/2506 2825/7/2469 2827/7/2475
f 2455/7/2508 2465/7/2495 2472/7/2494
f 2455/7/2508 2472/7/2494 2457/7/2509
f 2455/7/2508 2457/7/2509 2470/7/2488
f 2455/7/2508 2470/7/2488 2464/7/2476
f 2819/7/2447 2814/7/2446 2463/7/2477
f 2819/7/2447 2463/7/2477 2477/7/2504
f 2829/7/2499 2832/7/2496 2810/7/2478
f 2829/7/2499 2810/7/2478 2813/7/2482
f 2831/7/2445 2826/7/2466 2815/7/2465
f 2831/7/2445 2815/7/2465 2814/7/2446
f 2830/7/2471 2829/7/2499 2813/7/2482
f 2830/7/2471 2813/7/2482 2812/7/2472
f 2819/7/2447 2477/7/2504 2478/7/2455
f 2819/7/2447 2478/7/2455 2820/7/2505
f 2477/7/2504 2480/7/2503 2479/7/2452
f 2477/7/2504 2479/7/2452 2478/7/2455
f 2834/7/2448 2820/7/2505 2811/7/2479
f 2834/7/2448 2811/7/2479 2824/7/2449
f 2735/7/2510 2721/7/2497 2830/7/2471
f 2735/7/2510 2830/7/2471 2823/7/2470
f 2826/7/2466 2831/7/2445 2723/7/2511
f 2826/7/2466 2723/7/2511 2733/7/2490
f 2827/7/2475 2821/7/2461 2719/7/2460
f 2827/7/2475 2719/7/2460 2743/7/2506
f 2823/7/2470 2825/7/2469 2717/7/2507
f 2823/7/2470 2717/7/2507 2735/7/2510
f 2824/7/2449 2832/7/2496 2729/7/2512
f 2824/7/2449 2729/7/2512 2737/7/2450
f 2739/7/2513 2723/7/2511 2831/7/2445
f 2739/7/2513 2831/7/2445 2833/7/2444
f 2727/7/2451 2739/7/2513 2833/7/2444
f 2727/7/2451 2833/7/2444 2834/7/2448
f 2475/7/2487 2470/7/2488 2486/7/2514
f 2475/7/2487 2486/7/2514 2491/7/2515
f 2468/7/2453 2479/7/2452 2493/7/2516
f 2468/7/2453 2493/7/2516 2484/7/2517
f 2457/7/2509 2472/7/2494 2488/7/2518
f 2457/7/2509 2488/7/2518 2482/7/2519
f 2479/7/2452 2480/7/2503 2494/7/2520
f 2479/7/2452 2494/7/2520 2493/7/2516
f 2480/7/2503 2475/7/2487 2491/7/2515
f 2480/7/2503 2491/7/2515 2494/7/2520
f 2470/7/2488 2457/7/2509 2482/7/2519
f 2470/7/2488 2482/7/2519 2486/7/2514
f 2474/7/2485 2473/7/2486 2489/7/2521
f 2474/7/2485 2489/7/2521 2490/7/2522
f 2472/7/2494 2456/7/2493 2481/7/2523
f 2472/7/2494 2481/7/2523 2488/7/2518
f 2469/7/2502 2458/7/2501 2483/7/2524
f 2469/7/2502 2483/7/2524 2485/7/2525
f 2456/7/2493 2471/7/2492 2487/7/2526
f 2456/7/2493 2487/7/2526 2481/7/2523
f 2458/7/2501 2474/7/2485 2490/7/2522
f 2458/7/2501 2490/7/2522 2483/7/2524
f 2471/7/2492 2469/7/2502 2485/7/2525
f 2471/7/2492 2485/7/2525 2487/7/2526
f 2473/7/2486 2476/7/2481 2492/7/2527
f 2473/7/2486 2492/7/2527 2489/7/2521
f 2476/7/2481 2468/7/2453 2484/7/2517
f 2476/7/2481 2484/7/2517 2492/7/2527
f 2495/8/2528 2568/8/2529 2664/8/2530
f 2495/8/2528 2664/8/2530 2560/8/2531
f 2495/8/2528 2560/8/2531 2663/8/2532
f 2495/8/2528 2663/8/2532 2570/8/2533
f 2495/8/2528 2570/8/2533 2655/8/2534
f 2495/8/2528 2655/8/2534 2554/8/2535
f 2495/8/2528 2554/8/2535 2653/8/2536
f 2495/8/2528 2653/8/2536 2568/8/2529
f 2496/8/2537 2564/8/2538 2665/8/2539
f 2496/8/2537 2665/8/2539 2571/8/2540
f 2496/8/2537 2571/8/2540 2652/8/2541
f 2496/8/2537 2652/8/2541 2549/8/2542
f 2496/8/2537 2549/8/2542 2656/8/2543
f 2496/8/2537 2656/8/2543 2569/8/2544
f 2496/8/2537 2569/8/2544 2662/8/2545
f 2496/8/2537 2662/8/2545 2564/8/2538
f 2497/8/2546 2569/8/2544 2656/8/2543
f 2497/8/2546 2656/8/2543 2557/8/2547
f 2497/8/2546 2557/8/2547 2655/8/2534
f 2497/8/2546 2655/8/2534 2570/8/2533
f 2497/8/2546 2570/8/2533 2663/8/2532
f 2497/8/2546 2663/8/2532 2559/8/2548
f 2497/8/2546 2559/8/2548 2662/8/2545
f 2497/8/2546 2662/8/2545 2569/8/2544
f 2498/8/2549 2561/8/2550 2666/8/2551
f 2498/8/2549 2666/8/2551 2565/8/2552
f 2498/8/2549 2565/8/2552 2651/8/2553
f 2498/8/2549 2651/8/2553 2553/8/2554
f 2498/8/2549 2553/8/2554 2652/8/2541
f 2498/8/2549 2652/8/2541 2571/8/2540
f 2498/8/2549 2571/8/2540 2665/8/2539
f 2498/8/2549 2665/8/2539 2561/8/2550
f 2499/8/2555 2566/8/2556 2660/8/2557
f 2499/8/2555 2660/8/2557 2562/8/2558
f 2500/8/2559 2567/8/2560 2756/8/2561
f 2500/8/2559 2756/8/2561 2758/8/2562
f 2499/8/2555 2567/8/2560 2657/8/2563
f 2499/8/2555 2657/8/2563 2552/8/2564
f 2499/8/2555 2552/8/2564 2658/8/2565
f 2499/8/2555 2658/8/2565 2566/8/2556
f 2500/8/2559 2568/8/2529 2653/8/2536
f 2500/8/2559 2653/8/2536 2555/8/2566
f 2500/8/2559 2555/8/2566 2657/8/2563
f 2500/8/2559 2657/8/2563 2567/8/2560
f 2661/8/2567 2558/8/2568 2760/8/2569
f 2661/8/2567 2760/8/2569 2762/8/2570
f 2500/8/2559 2558/8/2568 2664/8/2530
f 2500/8/2559 2664/8/2530 2568/8/2529
f 2501/8/2571 2565/8/2552 2666/8/2551
f 2501/8/2571 2666/8/2551 2563/8/2572
f 2501/8/2571 2563/8/2572 2660/8/2557
f 2501/8/2571 2660/8/2557 2566/8/2556
f 2501/8/2571 2566/8/2556 2658/8/2565
f 2501/8/2571 2658/8/2565 2550/8/2573
f 2501/8/2571 2550/8/2573 2651/8/2553
f 2501/8/2571 2651/8/2553 2565/8/2552
f 2502/8/2574 2578/8/2575 2657/8/2563
f 2502/8/2574 2657/8/2563 2555/8/2566
f 2749/4/2576 2747/4/2577 2746/4/2578
f 2749/4/2576 2746/4/2578 2750/4/2579
f 2502/8/2574 2576/8/2580 2667/8/2581
f 2502/8/2574 2667/8/2581 2574/8/2582
f 2502/8/2574 2574/8/2582 2669/8/2583
f 2502/8/2574 2669/8/2583 2578/8/2575
f 2748/4/2584 2505/4/2585 2747/4/2577
f 2748/4/2584 2747/4/2577 2749/4/2576
f 2504/8/2586 2552/8/2564 2657/8/2563
f 2504/8/2586 2657/8/2563 2578/8/2575
f 2504/8/2586 2578/8/2575 2669/8/2583
f 2504/8/2586 2669/8/2583 2572/8/2587
f 2504/8/2586 2572/8/2587 2671/8/2588
f 2504/8/2586 2671/8/2588 2579/8/2589
f 2506/4/2590 2585/4/2591 2670/4/2592
f 2506/4/2590 2670/4/2592 2575/4/2593
f 2506/4/2590 2575/4/2593 2668/4/2594
f 2506/4/2590 2668/4/2594 2584/4/2595
f 2506/4/2590 2584/4/2595 2674/4/2596
f 2506/4/2590 2674/4/2596 2582/4/2597
f 2506/4/2590 2582/4/2597 2675/4/2598
f 2506/4/2590 2675/4/2598 2585/4/2591
f 2507/4/2599 2587/4/2600 2672/4/2601
f 2507/4/2599 2672/4/2601 2573/4/2602
f 2507/4/2599 2573/4/2602 2670/4/2592
f 2507/4/2599 2670/4/2592 2585/4/2591
f 2507/4/2599 2585/4/2591 2675/4/2598
f 2507/4/2599 2675/4/2598 2581/4/2603
f 2507/4/2599 2581/4/2603 2677/4/2604
f 2507/4/2599 2677/4/2604 2587/4/2600
f 2509/4/2605 2628/4/2606 2691/4/2607
f 2509/4/2605 2691/4/2607 2650/4/2608
f 2509/4/2605 2650/4/2608 2690/4/2609
f 2509/4/2605 2690/4/2609 2591/4/2610
f 2508/8/2611 2590/8/2610 2678/8/2612
f 2508/8/2611 2678/8/2612 2589/8/2613
f 2508/8/2611 2589/8/2613 2679/8/2614
f 2508/8/2611 2679/8/2614 2627/8/2606
f 2511/4/2615 2630/4/2616 2692/4/2617
f 2511/4/2615 2692/4/2617 2649/4/2618
f 2511/4/2615 2649/4/2618 2691/4/2607
f 2511/4/2615 2691/4/2607 2628/4/2606
f 2510/8/2615 2627/8/2606 2679/8/2614
f 2510/8/2615 2679/8/2614 2588/8/2619
f 2510/8/2615 2588/8/2619 2680/8/2620
f 2510/8/2615 2680/8/2620 2629/8/2621
f 2512/8/2622 2608/8/2623 2685/8/2624
f 2512/8/2622 2685/8/2624 2611/8/2625
f 2512/8/2622 2611/8/2625 2684/8/2626
f 2512/8/2622 2684/8/2626 2598/8/2627
f 2512/8/2622 2598/8/2627 2681/8/2628
f 2512/8/2622 2681/8/2628 2597/8/2629
f 2512/8/2622 2597/8/2629 2682/8/2630
f 2512/8/2622 2682/8/2630 2608/8/2623
f 2513/8/2631 2609/8/2632 2686/8/2633
f 2513/8/2631 2686/8/2633 2610/8/2634
f 2513/8/2631 2610/8/2634 2685/8/2624
f 2513/8/2631 2685/8/2624 2608/8/2623
f 2513/8/2631 2608/8/2623 2682/8/2630
f 2513/8/2631 2682/8/2630 2596/8/2635
f 2513/8/2631 2596/8/2635 2683/8/2636
f 2513/8/2631 2683/8/2636 2609/8/2632
f 2515/4/2637 2648/4/2638 2694/4/2639
f 2515/4/2637 2694/4/2639 2602/4/2640
f 2514/8/2641 2601/8/2642 2683/8/2636
f 2514/8/2641 2683/8/2636 2596/8/2635
f 2514/8/2641 2596/8/2635 2682/8/2630
f 2514/8/2641 2682/8/2630 2603/8/2643
f 2515/4/2637 2604/4/2644 2696/4/2645
f 2515/4/2637 2696/4/2645 2648/4/2638
f 2517/4/2646 2606/4/2647 2697/4/2648
f 2517/4/2646 2697/4/2648 2646/4/2649
f 2517/4/2646 2646/4/2649 2696/4/2645
f 2517/4/2646 2696/4/2645 2604/4/2644
f 2516/8/2650 2603/8/2643 2682/8/2630
f 2516/8/2650 2682/8/2630 2597/8/2629
f 2516/8/2650 2597/8/2629 2681/8/2628
f 2516/8/2650 2681/8/2628 2605/8/2651
f 2518/8/2652 2617/8/2653 2688/8/2654
f 2518/8/2652 2688/8/2654 2620/8/2655
f 2518/8/2652 2620/8/2655 2687/8/2656
f 2518/8/2652 2687/8/2656 2616/8/2657
f 2518/8/2652 2616/8/2657 2685/8/2624
f 2518/8/2652 2685/8/2624 2610/8/2634
f 2518/8/2652 2610/8/2634 2686/8/2633
f 2518/8/2652 2686/8/2633 2617/8/2653
f 2519/8/2658 2616/8/2657 2687/8/2656
f 2519/8/2658 2687/8/2656 2619/8/2659
f 2519/8/2658 2619/8/2659 2689/8/2660
f 2519/8/2658 2689/8/2660 2607/8/2661
f 2519/8/2658 2607/8/2661 2684/8/2626
f 2519/8/2658 2684/8/2626 2611/8/2625
f 2519/8/2658 2611/8/2625 2685/8/2624
f 2519/8/2658 2685/8/2624 2616/8/2657
f 2521/4/2662 2645/4/2663 2698/4/2664
f 2521/4/2662 2698/4/2664 2613/4/2665
f 2520/8/2666 2612/8/2667 2686/8/2633
f 2520/8/2666 2686/8/2633 2609/8/2632
f 2520/8/2666 2609/8/2632 2683/8/2636
f 2520/8/2666 2683/8/2636 2601/8/2642
f 2521/4/2662 2602/4/2640 2694/4/2639
f 2521/4/2662 2694/4/2639 2645/4/2663
f 2523/4/2668 2644/4/2669 2697/4/2648
f 2523/4/2668 2697/4/2648 2606/4/2647
f 2522/8/2670 2605/8/2651 2681/8/2628
f 2522/8/2670 2681/8/2628 2598/8/2627
f 2522/8/2670 2598/8/2627 2684/8/2626
f 2522/8/2670 2684/8/2626 2614/8/2671
f 2523/4/2668 2615/4/2672 2699/4/2673
f 2523/4/2668 2699/4/2673 2644/4/2669
f 2524/8/2674 2599/8/2675 2679/8/2614
f 2524/8/2674 2679/8/2614 2589/8/2613
f 2524/8/2674 2589/8/2613 2678/8/2612
f 2524/8/2674 2678/8/2612 2618/8/2676
f 2524/8/2674 2618/8/2676 2689/8/2660
f 2524/8/2674 2689/8/2660 2619/8/2659
f 2524/8/2674 2619/8/2659 2687/8/2656
f 2524/8/2674 2687/8/2656 2599/8/2675
f 2525/8/2677 2600/8/2678 2680/8/2620
f 2525/8/2677 2680/8/2620 2588/8/2619
f 2525/8/2677 2588/8/2619 2679/8/2614
f 2525/8/2677 2679/8/2614 2599/8/2675
f 2525/8/2677 2599/8/2675 2687/8/2656
f 2525/8/2677 2687/8/2656 2620/8/2655
f 2525/8/2677 2620/8/2655 2688/8/2654
f 2525/8/2677 2688/8/2654 2600/8/2678
f 2527/4/2679 2643/4/2680 2699/4/2673
f 2527/4/2679 2699/4/2673 2615/4/2672
f 2526/8/2681 2614/8/2671 2684/8/2626
f 2526/8/2681 2684/8/2626 2607/8/2661
f 2526/8/2681 2607/8/2661 2689/8/2660
f 2526/8/2681 2689/8/2660 2621/8/2682
f 2527/4/2679 2622/4/2683 2700/4/2684
f 2527/4/2679 2700/4/2684 2643/4/2680
f 2529/4/2685 2642/4/2686 2700/4/2684
f 2529/4/2685 2700/4/2684 2622/4/2683
f 2528/8/2687 2621/8/2682 2689/8/2660
f 2528/8/2687 2689/8/2660 2618/8/2676
f 2528/8/2687 2618/8/2676 2678/8/2612
f 2528/8/2687 2678/8/2612 2590/8/2610
f 2529/4/2685 2591/4/2610 2690/4/2609
f 2529/4/2685 2690/4/2609 2642/4/2686
f 2531/4/2688 2641/4/2689 2692/4/2617
f 2531/4/2688 2692/4/2617 2630/4/2616
f 2530/8/2690 2629/8/2621 2680/8/2620
f 2530/8/2690 2680/8/2620 2600/8/2678
f 2530/8/2690 2600/8/2678 2688/8/2654
f 2530/8/2690 2688/8/2654 2623/8/2691
f 2531/4/2688 2624/4/2692 2701/4/2693
f 2531/4/2688 2701/4/2693 2641/4/2689
f 2533/4/2694 2613/4/2665 2698/4/2664
f 2533/4/2694 2698/4/2664 2640/4/2695
f 2532/8/2696 2686/8/2633 2612/8/2667
f 2535/4/2697 2639/4/2698 2701/4/2693
f 2535/4/2697 2701/4/2693 2624/4/2692
f 2534/8/2699 2623/8/2691 2688/8/2654
f 2534/8/2699 2688/8/2654 2617/8/2653
f 2534/8/2699 2617/8/2653 2686/8/2633
f 2534/8/2699 2686/8/2633 2532/8/2696
f 2535/4/2697 2533/4/2694 2640/4/2695
f 2535/4/2697 2640/4/2695 2639/4/2698
f 2536/8/2700 2579/8/2589 2671/8/2588
f 2536/8/2700 2671/8/2588 2637/8/2701
f 2765/4/2702 2806/4/2703 2701/4/2693
f 2765/4/2702 2701/4/2693 2639/4/2698
f 2765/4/2702 2639/4/2698 2640/4/2695
f 2765/4/2702 2640/4/2695 2790/4/2704
f 2536/8/2700 2638/8/2705 2658/8/2565
f 2536/8/2700 2658/8/2565 2579/8/2589
f 2537/8/2706 2634/8/2707 2651/8/2553
f 2537/8/2706 2651/8/2553 2550/8/2573
f 2537/8/2706 2550/8/2573 2658/8/2565
f 2537/8/2706 2658/8/2565 2638/8/2705
f 2767/4/2708 2790/4/2704 2640/4/2695
f 2767/4/2708 2640/4/2695 2698/4/2664
f 2767/4/2708 2698/4/2664 2800/4/2709
f 2538/8/2710 2586/8/2711 2676/8/2712
f 2538/8/2710 2676/8/2712 2594/8/2713
f 2769/4/2714 2788/4/2715 2692/4/2617
f 2769/4/2714 2692/4/2617 2641/4/2689
f 2769/4/2714 2641/4/2689 2701/4/2693
f 2769/4/2714 2701/4/2693 2806/4/2703
f 2538/8/2710 2637/8/2701 2671/8/2588
f 2538/8/2710 2671/8/2588 2586/8/2711
f 2539/8/2716 2583/8/2717 2667/8/2581
f 2539/8/2716 2667/8/2581 2636/8/2718
f 2771/4/2719 2804/4/2720 2700/4/2684
f 2771/4/2719 2700/4/2684 2642/4/2686
f 2771/4/2719 2642/4/2686 2690/4/2609
f 2771/4/2719 2690/4/2609 2792/4/2721
f 2539/8/2716 2625/8/2722 2673/8/2723
f 2539/8/2716 2673/8/2723 2583/8/2717
f 2540/8/2724 2576/8/2580 2653/8/2536
f 2540/8/2724 2653/8/2536 2635/8/2725
f 2773/4/2726 2802/4/2727 2699/4/2673
f 2773/4/2726 2699/4/2673 2643/4/2680
f 2773/4/2726 2643/4/2680 2700/4/2684
f 2773/4/2726 2700/4/2684 2804/4/2720
f 2540/8/2724 2636/8/2718 2667/8/2581
f 2540/8/2724 2667/8/2581 2576/8/2580
f 2541/8/2728 2554/8/2535 2655/8/2534
f 2541/8/2728 2655/8/2534 2633/8/2729
f 2775/4/2730 2798/4/2731 2697/4/2648
f 2775/4/2730 2697/4/2648 2644/4/2669
f 2775/4/2730 2644/4/2669 2699/4/2673
f 2775/4/2730 2699/4/2673 2802/4/2727
f 2541/8/2728 2635/8/2725 2653/8/2536
f 2541/8/2728 2653/8/2536 2554/8/2535
f 2542/8/2732 2553/8/2554 2651/8/2553
f 2542/8/2732 2651/8/2553 2634/8/2707
f 2777/4/2733 2800/4/2709 2698/4/2664
f 2777/4/2733 2698/4/2664 2645/4/2663
f 2777/4/2733 2645/4/2663 2694/4/2639
f 2777/4/2733 2694/4/2639 2794/4/2734
f 2542/8/2732 2631/8/2735 2652/8/2541
f 2542/8/2732 2652/8/2541 2553/8/2554
f 2543/8/2736 2633/8/2729 2655/8/2534
f 2543/8/2736 2655/8/2534 2557/8/2547
f 2543/8/2736 2557/8/2547 2656/8/2543
f 2543/8/2736 2656/8/2543 2632/8/2737
f 2779/4/2738 2796/4/2739 2696/4/2645
f 2779/4/2738 2696/4/2645 2646/4/2649
f 2779/4/2738 2646/4/2649 2697/4/2648
f 2779/4/2738 2697/4/2648 2798/4/2731
f 2544/8/2740 2549/8/2542 2652/8/2541
f 2544/8/2740 2652/8/2541 2631/8/2735
f 2780/8/2741 2793/8/2742 2693/8/2743
f 2780/8/2741 2693/8/2743 2647/8/2744
f 2780/8/2741 2647/8/2744 2695/8/2745
f 2780/8/2741 2695/8/2745 2795/8/2746
f 2544/8/2740 2632/8/2737 2656/8/2543
f 2544/8/2740 2656/8/2543 2549/8/2542
f 2546/4/2747 2595/4/2748 2677/4/2604
f 2546/4/2747 2677/4/2604 2581/4/2603
f 2546/4/2747 2581/4/2603 2675/4/2598
f 2546/4/2747 2675/4/2598 2593/4/2749
f 2782/4/2750 2786/4/2751 2691/4/2607
f 2782/4/2750 2691/4/2607 2649/4/2618
f 2782/4/2750 2649/4/2618 2692/4/2617
f 2782/4/2750 2692/4/2617 2788/4/2715
f 2548/4/2752 2593/4/2749 2675/4/2598
f 2548/4/2752 2675/4/2598 2582/4/2597
f 2548/4/2752 2582/4/2597 2674/4/2596
f 2548/4/2752 2674/4/2596 2626/4/2722
f 2784/4/2753 2792/4/2721 2690/4/2609
f 2784/4/2753 2690/4/2609 2650/4/2608
f 2784/4/2753 2650/4/2608 2691/4/2607
f 2784/4/2753 2691/4/2607 2786/4/2751
f 2558/8/2568 2702/8/2754 2715/8/2755
f 2558/8/2568 2715/8/2755 2664/8/2530
f 2661/8/2567 2711/8/2756 2702/8/2754
f 2661/8/2567 2702/8/2754 2558/8/2568
f 2562/8/2558 2704/8/2757 2711/8/2756
f 2562/8/2558 2711/8/2756 2661/8/2567
f 2660/8/2557 2709/8/2758 2704/8/2757
f 2660/8/2557 2704/8/2757 2562/8/2558
f 2563/8/2572 2708/8/2759 2709/8/2758
f 2563/8/2572 2709/8/2758 2660/8/2557
f 2666/8/2551 2712/8/2760 2708/8/2759
f 2666/8/2551 2708/8/2759 2563/8/2572
f 2561/8/2550 2707/8/2761 2712/8/2760
f 2561/8/2550 2712/8/2760 2666/8/2551
f 2665/8/2539 2713/8/2762 2707/8/2761
f 2665/8/2539 2707/8/2761 2561/8/2550
f 2564/8/2538 2705/8/2763 2713/8/2762
f 2564/8/2538 2713/8/2762 2665/8/2539
f 2662/8/2545 2710/8/2764 2705/8/2763
f 2662/8/2545 2705/8/2763 2564/8/2538
f 2559/8/2548 2706/8/2765 2710/8/2764
f 2559/8/2548 2710/8/2764 2662/8/2545
f 2663/8/2532 2714/8/2766 2706/8/2765
f 2663/8/2532 2706/8/2765 2559/8/2548
f 2560/8/2531 2703/8/2767 2714/8/2766
f 2560/8/2531 2714/8/2766 2663/8/2532
f 2664/8/2530 2715/8/2755 2703/8/2767
f 2664/8/2530 2703/8/2767 2560/8/2531
f 2706/8/2765 2714/8/2766 2740/8/2768
f 2706/8/2765 2740/8/2768 2724/8/2769
f 2714/8/2766 2703/8/2767 2718/8/2770
f 2714/8/2766 2718/8/2770 2740/8/2768
f 2709/8/2758 2708/8/2759 2728/8/2771
f 2709/8/2758 2728/8/2771 2730/8/2772
f 2704/8/2757 2709/8/2758 2730/8/2772
f 2704/8/2757 2730/8/2772 2720/8/2773
f 2710/8/2764 2706/8/2765 2724/8/2769
f 2710/8/2764 2724/8/2769 2732/8/2774
f 2702/8/2754 2711/8/2756 2734/8/2775
f 2702/8/2754 2734/8/2775 2716/8/2776
f 2707/8/2761 2713/8/2762 2738/8/2777
f 2707/8/2761 2738/8/2777 2726/8/2778
f 2711/8/2756 2704/8/2757 2720/8/2773
f 2711/8/2756 2720/8/2773 2734/8/2775
f 2705/8/2763 2710/8/2764 2732/8/2774
f 2705/8/2763 2732/8/2774 2722/8/2779
f 2715/8/2755 2702/8/2754 2716/8/2776
f 2715/8/2755 2716/8/2776 2742/8/2780
f 2712/8/2760 2707/8/2761 2726/8/2778
f 2712/8/2760 2726/8/2778 2736/8/2781
f 2703/8/2767 2715/8/2755 2742/8/2780
f 2703/8/2767 2742/8/2780 2718/8/2770
f 2708/8/2759 2712/8/2760 2736/8/2781
f 2708/8/2759 2736/8/2781 2728/8/2771
f 2713/8/2762 2705/8/2763 2722/8/2779
f 2713/8/2762 2722/8/2779 2738/8/2777
f 2750/4/2579 2746/4/2578 2551/4/2782
f 2750/4/2579 2551/4/2782 2751/4/2783
f 2556/4/2784 2654/4/2785 2745/4/2786
f 2505/4/2585 2580/4/2787 2747/4/2577
f 2577/4/2788 2503/4/2789 2744/4/2790
f 2654/4/2785 2577/4/2788 2744/4/2790
f 2654/4/2785 2744/4/2790 2745/4/2786
f 2659/4/2791 2551/4/2782 2746/4/2578
f 2751/4/2783 2551/4/2782 2505/4/2585
f 2751/4/2783 2505/4/2585 2748/4/2584
f 2580/4/2787 2659/4/2791 2746/4/2578
f 2580/4/2787 2746/4/2578 2747/4/2577
f 2556/4/2784 2751/4/2783 2748/4/2584
f 2556/4/2784 2748/4/2584 2503/4/2789
f 2745/4/2786 2750/4/2579 2751/4/2783
f 2745/4/2786 2751/4/2783 2556/4/2784
f 2503/4/2789 2748/4/2584 2749/4/2576
f 2503/4/2789 2749/4/2576 2744/4/2790
f 2744/4/2790 2749/4/2576 2750/4/2579
f 2744/4/2790 2750/4/2579 2745/4/2786
f 2753/4/2792 2755/4/2793 2763/4/2794
f 2753/4/2792 2763/4/2794 2757/4/2795
f 2759/4/2796 2757/4/2795 2763/4/2794
f 2759/4/2796 2763/4/2794 2761/4/2797
f 2562/8/2558 2661/8/2567 2762/8/2570
f 2562/8/2558 2762/8/2570 2754/8/2798
f 2567/8/2560 2499/8/2555 2752/8/2799
f 2567/8/2560 2752/8/2799 2756/8/2561
f 2558/8/2568 2500/8/2559 2758/8/2562
f 2558/8/2568 2758/8/2562 2760/8/2569
f 2499/8/2555 2562/8/2558 2754/8/2798
f 2499/8/2555 2754/8/2798 2752/8/2799
f 2547/8/2752 2783/8/2800 2785/8/2801
f 2547/8/2752 2785/8/2801 2592/8/2802
f 2547/8/2752 2625/8/2722 2791/8/2721
f 2547/8/2752 2791/8/2721 2783/8/2800
f 2545/8/2803 2781/8/2750 2787/8/2715
f 2545/8/2803 2787/8/2715 2594/8/2713
f 2545/8/2803 2592/8/2802 2785/8/2801
f 2545/8/2803 2785/8/2801 2781/8/2750
f 2544/8/2740 2780/8/2741 2795/8/2746
f 2544/8/2740 2795/8/2746 2632/8/2737
f 2544/8/2740 2631/8/2735 2793/8/2742
f 2544/8/2740 2793/8/2742 2780/8/2741
f 2543/8/2736 2778/8/2804 2797/8/2805
f 2543/8/2736 2797/8/2805 2633/8/2729
f 2543/8/2736 2632/8/2737 2795/8/2746
f 2543/8/2736 2795/8/2746 2778/8/2804
f 2542/8/2732 2776/8/2806 2793/8/2742
f 2542/8/2732 2793/8/2742 2631/8/2735
f 2542/8/2732 2634/8/2707 2799/8/2807
f 2542/8/2732 2799/8/2807 2776/8/2806
f 2541/8/2728 2774/8/2808 2801/8/2809
f 2541/8/2728 2801/8/2809 2635/8/2725
f 2541/8/2728 2633/8/2729 2797/8/2805
f 2541/8/2728 2797/8/2805 2774/8/2808
f 2540/8/2724 2772/8/2810 2803/8/2811
f 2540/8/2724 2803/8/2811 2636/8/2718
f 2540/8/2724 2635/8/2725 2801/8/2809
f 2540/8/2724 2801/8/2809 2772/8/2810
f 2539/8/2716 2770/8/2812 2791/8/2721
f 2539/8/2716 2791/8/2721 2625/8/2722
f 2539/8/2716 2636/8/2718 2803/8/2811
f 2539/8/2716 2803/8/2811 2770/8/2812
f 2538/8/2710 2768/8/2813 2805/8/2814
f 2538/8/2710 2805/8/2814 2637/8/2701
f 2538/8/2710 2594/8/2713 2787/8/2715
f 2538/8/2710 2787/8/2715 2768/8/2813
f 2537/8/2706 2766/8/2815 2799/8/2807
f 2537/8/2706 2799/8/2807 2634/8/2707
f 2537/8/2706 2638/8/2705 2789/8/2816
f 2537/8/2706 2789/8/2816 2766/8/2815
f 2536/8/2700 2764/8/2817 2789/8/2816
f 2536/8/2700 2789/8/2816 2638/8/2705
f 2536/8/2700 2637/8/2701 2805/8/2814
f 2536/8/2700 2805/8/2814 2764/8/2817
f 2833/7/2444 2819/7/2447 2820/7/2505
f 2833/7/2444 2820/7/2505 2834/7/2448
f 2455/7/2508 2809/7/2464 2816/7/2474
f 2455/7/2508 2816/7/2474 2465/7/2495
f 2455/7/2508 2464/7/2476 2815/7/2465
f 2455/7/2508 2815/7/2465 2809/7/2464
f 2827/7/2475 2825/7/2469 2818/7/2457
f 2827/7/2475 2818/7/2457 2817/7/2456
f 2454/7/2500 2808/7/2468 2812/7/2472
f 2454/7/2500 2812/7/2472 2461/7/2484
f 2454/7/2500 2467/7/2458 2818/7/2457
f 2454/7/2500 2818/7/2457 2808/7/2468
f 2453/7/2491 2807/7/2473 2817/7/2456
f 2453/7/2491 2817/7/2456 2466/7/2459
f 2453/7/2491 2465/7/2495 2816/7/2474
f 2453/7/2491 2816/7/2474 2807/7/2473
f 2731/7/2498 2729/7/2512 2832/7/2496
f 2731/7/2498 2832/7/2496 2829/7/2499
f 3215/7/2818 3201/7/2819 3196/7/2820
f 3215/7/2818 3196/7/2820 3213/7/2821
f 3216/7/2822 3109/7/2823 3119/7/2824
f 3216/7/2822 3119/7/2824 3206/7/2825
f 2861/7/2826 2860/7/2827 2842/7/2828
f 2861/7/2826 2842/7/2828 2850/7/2829
f 3199/7/2830 2848/7/2831 2849/7/2832
f 3199/7/2830 2849/7/2832 3200/7/2833
f 3101/7/2834 3123/7/2835 3210/7/2836
f 3101/7/2834 3210/7/2836 3203/7/2837
f 3191/7/2838 3204/7/2839 3208/7/2840
f 3191/7/2838 3208/7/2840 3197/7/2841
f 3190/7/2842 3205/7/2843 3207/7/2844
f 3190/7/2842 3207/7/2844 3200/7/2833
f 3190/7/2842 3194/7/2845 3212/7/2846
f 3190/7/2842 3212/7/2846 3205/7/2843
f 3189/7/2847 3203/7/2837 3210/7/2836
f 3189/7/2847 3210/7/2836 3198/7/2848
f 3189/7/2847 3199/7/2830 3209/7/2849
f 3189/7/2847 3209/7/2849 3203/7/2837
f 3196/7/2820 2845/7/2850 2846/7/2851
f 3196/7/2820 2846/7/2851 3197/7/2841
f 3192/7/2852 2841/7/2853 2842/7/2828
f 3192/7/2852 2842/7/2828 3193/7/2854
f 2858/7/2855 2850/7/2829 2842/7/2828
f 2858/7/2855 2842/7/2828 2841/7/2853
f 3194/7/2845 2843/7/2856 2844/7/2857
f 3194/7/2845 2844/7/2857 3195/7/2858
f 2856/7/2859 2855/7/2860 2844/7/2857
f 2856/7/2859 2844/7/2857 2843/7/2856
f 3195/7/2858 2844/7/2857 2841/7/2853
f 3195/7/2858 2841/7/2853 3192/7/2852
f 2857/7/2861 2852/7/2862 2846/7/2851
f 2857/7/2861 2846/7/2851 2845/7/2850
f 3210/7/2836 3123/7/2835 3107/7/2863
f 3210/7/2836 3107/7/2863 3204/7/2839
f 3115/7/2864 3208/7/2840 3204/7/2839
f 3115/7/2864 3204/7/2839 3107/7/2863
f 2835/7/2865 2838/7/2866 2853/7/2867
f 2835/7/2865 2853/7/2867 2848/7/2831
f 2835/7/2865 2847/7/2868 2854/7/2869
f 2835/7/2865 2854/7/2869 2838/7/2866
f 3214/7/2870 3192/7/2852 3193/7/2854
f 3214/7/2870 3193/7/2854 3206/7/2825
f 3103/7/2871 3212/7/2846 3211/7/2872
f 3103/7/2871 3211/7/2872 3113/7/2873
f 2836/7/2874 2840/7/2875 2856/7/2859
f 2836/7/2874 2856/7/2859 2843/7/2856
f 2836/7/2874 2849/7/2832 2851/7/2876
f 2836/7/2874 2851/7/2876 2840/7/2875
f 2855/7/2860 2858/7/2855 2841/7/2853
f 2855/7/2860 2841/7/2853 2844/7/2857
f 2862/7/2877 2857/7/2861 2845/7/2850
f 2862/7/2877 2845/7/2850 2859/7/2878
f 3202/7/2879 3193/7/2854 2842/7/2828
f 3202/7/2879 2842/7/2828 2860/7/2827
f 2853/7/2867 2851/7/2876 2849/7/2832
f 2853/7/2867 2849/7/2832 2848/7/2831
f 3191/7/2838 3198/7/2848 3210/7/2836
f 3191/7/2838 3210/7/2836 3204/7/2839
f 3125/7/2880 3209/7/2849 3207/7/2844
f 3125/7/2880 3207/7/2844 3099/7/2881
f 2837/7/2882 2839/7/2883 2854/7/2869
f 2837/7/2882 2854/7/2869 2847/7/2868
f 2837/7/2882 2846/7/2851 2852/7/2862
f 2837/7/2882 2852/7/2862 2839/7/2883
f 3201/7/2819 2859/7/2878 2845/7/2850
f 3201/7/2819 2845/7/2850 3196/7/2820
f 3211/7/2872 3195/7/2858 3192/7/2852
f 3211/7/2872 3192/7/2852 3214/7/2870
f 3213/7/2821 3196/7/2820 3197/7/2841
f 3213/7/2821 3197/7/2841 3208/7/2840
f 3212/7/2846 3194/7/2845 3195/7/2858
f 3212/7/2846 3195/7/2858 3211/7/2872
f 3201/7/2819 3202/7/2879 2860/7/2827
f 3201/7/2819 2860/7/2827 2859/7/2878
f 2859/7/2878 2860/7/2827 2861/7/2826
f 2859/7/2878 2861/7/2826 2862/7/2877
f 3216/7/2822 3206/7/2825 3193/7/2854
f 3216/7/2822 3193/7/2854 3202/7/2879
f 3117/7/2884 3205/7/2843 3212/7/2846
f 3117/7/2884 3212/7/2846 3103/7/2871
f 3208/7/2840 3115/7/2864 3105/7/2885
f 3208/7/2840 3105/7/2885 3213/7/2821
f 3209/7/2849 3125/7/2880 3101/7/2834
f 3209/7/2849 3101/7/2834 3203/7/2837
f 3205/7/2843 3117/7/2884 3099/7/2881
f 3205/7/2843 3099/7/2881 3207/7/2844
f 3206/7/2825 3119/7/2824 3111/7/2886
f 3206/7/2825 3111/7/2886 3214/7/2870
f 3121/7/2887 3215/7/2818 3213/7/2821
f 3121/7/2887 3213/7/2821 3105/7/2885
f 3109/7/2823 3216/7/2822 3215/7/2818
f 3109/7/2823 3215/7/2818 3121/7/2887
f 2857/7/2861 2873/7/2888 2868/7/2889
f 2857/7/2861 2868/7/2889 2852/7/2862
f 2850/7/2829 2866/7/2890 2875/7/2891
f 2850/7/2829 2875/7/2891 2861/7/2826
f 2839/7/2883 2864/7/2892 2870/7/2893
f 2839/7/2883 2870/7/2893 2854/7/2869
f 2861/7/2826 2875/7/2891 2876/7/2894
f 2861/7/2826 2876/7/2894 2862/7/2877
f 2862/7/2877 2876/7/2894 2873/7/2888
f 2862/7/2877 2873/7/2888 2857/7/2861
f 2852/7/2862 2868/7/2889 2864/7/2892
f 2852/7/2862 2864/7/2892 2839/7/2883
f 2856/7/2859 2872/7/2895 2871/7/2896
f 2856/7/2859 2871/7/2896 2855/7/2860
f 2854/7/2869 2870/7/2893 2863/7/2897
f 2854/7/2869 2863/7/2897 2838/7/2866
f 2851/7/2876 2867/7/2898 2865/7/2899
f 2851/7/2876 2865/7/2899 2840/7/2875
f 2838/7/2866 2863/7/2897 2869/7/2900
f 2838/7/2866 2869/7/2900 2853/7/2867
f 2840/7/2875 2865/7/2899 2872/7/2895
f 2840/7/2875 2872/7/2895 2856/7/2859
f 2853/7/2867 2869/7/2900 2867/7/2898
f 2853/7/2867 2867/7/2898 2851/7/2876
f 2855/7/2860 2871/7/2896 2874/7/2901
f 2855/7/2860 2874/7/2901 2858/7/2855
f 2858/7/2855 2874/7/2901 2866/7/2890
f 2858/7/2855 2866/7/2890 2850/7/2829
f 2877/8/2902 2942/8/2903 3046/8/2904
f 2877/8/2902 3046/8/2904 2950/8/2905
f 2877/8/2902 2952/8/2906 3045/8/2907
f 2877/8/2902 3045/8/2907 2942/8/2903
f 2877/8/2902 2936/8/2908 3037/8/2909
f 2877/8/2902 3037/8/2909 2952/8/2906
f 2877/8/2902 2950/8/2905 3035/8/2910
f 2877/8/2902 3035/8/2910 2936/8/2908
f 2878/8/2911 2953/8/2912 3047/8/2913
f 2878/8/2911 3047/8/2913 2946/8/2914
f 2878/8/2911 2931/8/2915 3034/8/2916
f 2878/8/2911 3034/8/2916 2953/8/2912
f 2878/8/2911 2951/8/2917 3038/8/2918
f 2878/8/2911 3038/8/2918 2931/8/2915
f 2878/8/2911 2946/8/2914 3044/8/2919
f 2878/8/2911 3044/8/2919 2951/8/2917
f 2879/8/2920 2939/8/2921 3038/8/2918
f 2879/8/2920 3038/8/2918 2951/8/2917
f 2879/8/2920 2952/8/2906 3037/8/2909
f 2879/8/2920 3037/8/2909 2939/8/2921
f 2879/8/2920 2941/8/2922 3045/8/2907
f 2879/8/2920 3045/8/2907 2952/8/2906
f 2879/8/2920 2951/8/2917 3044/8/2919
f 2879/8/2920 3044/8/2919 2941/8/2922
f 2880/8/2923 2947/8/2924 3048/8/2925
f 2880/8/2923 3048/8/2925 2943/8/2926
f 2880/8/2923 2935/8/2927 3033/8/2928
f 2880/8/2923 3033/8/2928 2947/8/2924
f 2880/8/2923 2953/8/2912 3034/8/2916
f 2880/8/2923 3034/8/2916 2935/8/2927
f 2880/8/2923 2943/8/2926 3047/8/2913
f 2880/8/2923 3047/8/2913 2953/8/2912
f 2881/8/2929 2944/8/2930 3042/8/2931
f 2881/8/2929 3042/8/2931 2948/8/2932
f 2882/8/2933 3140/8/2934 3138/8/2935
f 2882/8/2933 3138/8/2935 2949/8/2936
f 2881/8/2929 2933/8/2937 3039/8/2938
f 2881/8/2929 3039/8/2938 2949/8/2936
f 2881/8/2929 2948/8/2932 3040/8/2939
f 2881/8/2929 3040/8/2939 2933/8/2937
f 2882/8/2933 2938/8/2940 3035/8/2910
f 2882/8/2933 3035/8/2910 2950/8/2905
f 2882/8/2933 2949/8/2936 3039/8/2938
f 2882/8/2933 3039/8/2938 2938/8/2940
f 3043/8/2941 3144/8/2942 3142/8/2943
f 3043/8/2941 3142/8/2943 2940/8/2944
f 2882/8/2933 2950/8/2905 3046/8/2904
f 2882/8/2933 3046/8/2904 2940/8/2944
f 2883/8/2945 2945/8/2946 3048/8/2925
f 2883/8/2945 3048/8/2925 2947/8/2924
f 2883/8/2945 2948/8/2932 3042/8/2931
f 2883/8/2945 3042/8/2931 2945/8/2946
f 2883/8/2945 2932/8/2947 3040/8/2939
f 2883/8/2945 3040/8/2939 2948/8/2932
f 2883/8/2945 2947/8/2924 3033/8/2928
f 2883/8/2945 3033/8/2928 2932/8/2947
f 2884/8/2948 2938/8/2940 3039/8/2938
f 2884/8/2948 3039/8/2938 2960/8/2949
f 3131/4/2950 3132/4/2951 3128/4/2952
f 3131/4/2950 3128/4/2952 3129/4/2953
f 2884/8/2948 2956/8/2954 3049/8/2955
f 2884/8/2948 3049/8/2955 2958/8/2956
f 2884/8/2948 2960/8/2949 3051/8/2957
f 2884/8/2948 3051/8/2957 2956/8/2954
f 3130/4/2958 3131/4/2950 3129/4/2953
f 3130/4/2958 3129/4/2953 2887/4/2959
f 2886/8/2960 2960/8/2949 3039/8/2938
f 2886/8/2960 3039/8/2938 2933/8/2937
f 2886/8/2960 2954/8/2961 3051/8/2957
f 2886/8/2960 3051/8/2957 2960/8/2949
f 2886/8/2960 2961/8/2962 3053/8/2963
f 2886/8/2960 3053/8/2963 2954/8/2961
f 2888/4/2964 2957/4/2965 3052/4/2966
f 2888/4/2964 3052/4/2966 2967/4/2967
f 2888/4/2964 2966/4/2968 3050/4/2969
f 2888/4/2964 3050/4/2969 2957/4/2965
f 2888/4/2964 2964/4/2970 3056/4/2971
f 2888/4/2964 3056/4/2971 2966/4/2968
f 2888/4/2964 2967/4/2967 3057/4/2972
f 2888/4/2964 3057/4/2972 2964/4/2970
f 2889/4/2973 2955/4/2974 3054/4/2975
f 2889/4/2973 3054/4/2975 2969/4/2976
f 2889/4/2973 2967/4/2967 3052/4/2966
f 2889/4/2973 3052/4/2966 2955/4/2974
f 2889/4/2973 2963/4/2977 3057/4/2972
f 2889/4/2973 3057/4/2972 2967/4/2967
f 2889/4/2973 2969/4/2976 3059/4/2978
f 2889/4/2973 3059/4/2978 2963/4/2977
f 2891/4/2979 3032/4/2980 3073/4/2981
f 2891/4/2979 3073/4/2981 3010/4/2982
f 2891/4/2979 2973/4/2983 3072/4/2984
f 2891/4/2979 3072/4/2984 3032/4/2980
f 2890/8/2979 2971/8/2985 3060/8/2986
f 2890/8/2979 3060/8/2986 2972/8/2983
f 2890/8/2979 3009/8/2982 3061/8/2987
f 2890/8/2979 3061/8/2987 2971/8/2985
f 2893/4/2988 3031/4/2989 3074/4/2990
f 2893/4/2988 3074/4/2990 3012/4/2991
f 2893/4/2988 3010/4/2982 3073/4/2981
f 2893/4/2988 3073/4/2981 3031/4/2989
f 2892/8/2988 2970/8/2992 3061/8/2987
f 2892/8/2988 3061/8/2987 3009/8/2982
f 2892/8/2988 3011/8/2993 3062/8/2994
f 2892/8/2988 3062/8/2994 2970/8/2992
f 2894/8/2995 2993/8/2996 3067/8/2997
f 2894/8/2995 3067/8/2997 2990/8/2998
f 2894/8/2995 2980/8/2999 3066/8/3000
f 2894/8/2995 3066/8/3000 2993/8/2996
f 2894/8/2995 2979/8/3001 3063/8/3002
f 2894/8/2995 3063/8/3002 2980/8/2999
f 2894/8/2995 2990/8/2998 3064/8/3003
f 2894/8/2995 3064/8/3003 2979/8/3001
f 2895/8/3004 2992/8/3005 3068/8/3006
f 2895/8/3004 3068/8/3006 2991/8/3007
f 2895/8/3004 2990/8/2998 3067/8/2997
f 2895/8/3004 3067/8/2997 2992/8/3005
f 2895/8/3004 2978/8/3008 3064/8/3003
f 2895/8/3004 3064/8/3003 2990/8/2998
f 2895/8/3004 2991/8/3007 3065/8/3009
f 2895/8/3004 3065/8/3009 2978/8/3008
f 2897/4/3010 2984/4/3011 3076/4/3012
f 2897/4/3010 3076/4/3012 3030/4/3013
f 2896/8/3014 2978/8/3008 3065/8/3009
f 2896/8/3014 3065/8/3009 2983/8/3015
f 2896/8/3014 2985/8/3016 3064/8/3003
f 2896/8/3014 3064/8/3003 2978/8/3008
f 2897/4/3010 3030/4/3013 3078/4/3017
f 2897/4/3010 3078/4/3017 2986/4/3018
f 2899/4/3019 3028/4/3020 3079/4/3021
f 2899/4/3019 3079/4/3021 2988/4/3022
f 2899/4/3019 2986/4/3018 3078/4/3017
f 2899/4/3019 3078/4/3017 3028/4/3020
f 2898/8/3023 2979/8/3001 3064/8/3003
f 2898/8/3023 3064/8/3003 2985/8/3016
f 2898/8/3023 2987/8/3024 3063/8/3002
f 2898/8/3023 3063/8/3002 2979/8/3001
f 2900/8/3025 3002/8/3026 3070/8/3027
f 2900/8/3025 3070/8/3027 2999/8/3028
f 2900/8/3025 2998/8/3029 3069/8/3030
f 2900/8/3025 3069/8/3030 3002/8/3026
f 2900/8/3025 2992/8/3005 3067/8/2997
f 2900/8/3025 3067/8/2997 2998/8/3029
f 2900/8/3025 2999/8/3028 3068/8/3006
f 2900/8/3025 3068/8/3006 2992/8/3005
f 2901/8/3031 3001/8/3032 3069/8/3030
f 2901/8/3031 3069/8/3030 2998/8/3029
f 2901/8/3031 2989/8/3033 3071/8/3034
f 2901/8/3031 3071/8/3034 3001/8/3032
f 2901/8/3031 2993/8/2996 3066/8/3000
f 2901/8/3031 3066/8/3000 2989/8/3033
f 2901/8/3031 2998/8/3029 3067/8/2997
f 2901/8/3031 3067/8/2997 2993/8/2996
f 2903/4/3035 2995/4/3036 3080/4/3037
f 2903/4/3035 3080/4/3037 3027/4/3038
f 2902/8/3039 2991/8/3007 3068/8/3006
f 2902/8/3039 3068/8/3006 2994/8/3040
f 2902/8/3039 2983/8/3015 3065/8/3009
f 2902/8/3039 3065/8/3009 2991/8/3007
f 2903/4/3035 3027/4/3038 3076/4/3012
f 2903/4/3035 3076/4/3012 2984/4/3011
f 2905/4/3041 2988/4/3022 3079/4/3021
f 2905/4/3041 3079/4/3021 3026/4/3042
f 2904/8/3043 2980/8/2999 3063/8/3002
f 2904/8/3043 3063/8/3002 2987/8/3024
f 2904/8/3043 2996/8/3044 3066/8/3000
f 2904/8/3043 3066/8/3000 2980/8/2999
f 2905/4/3041 3026/4/3042 3081/4/3045
f 2905/4/3041 3081/4/3045 2997/4/3046
f 2906/8/3047 2971/8/2985 3061/8/2987
f 2906/8/3047 3061/8/2987 2981/8/3048
f 2906/8/3047 3000/8/3049 3060/8/2986
f 2906/8/3047 3060/8/2986 2971/8/2985
f 2906/8/3047 3001/8/3032 3071/8/3034
f 2906/8/3047 3071/8/3034 3000/8/3049
f 2906/8/3047 2981/8/3048 3069/8/3030
f 2906/8/3047 3069/8/3030 3001/8/3032
f 2907/8/3050 2970/8/2992 3062/8/2994
f 2907/8/3050 3062/8/2994 2982/8/3051
f 2907/8/3050 2981/8/3048 3061/8/2987
f 2907/8/3050 3061/8/2987 2970/8/2992
f 2907/8/3050 3002/8/3026 3069/8/3030
f 2907/8/3050 3069/8/3030 2981/8/3048
f 2907/8/3050 2982/8/3051 3070/8/3027
f 2907/8/3050 3070/8/3027 3002/8/3026
f 2909/4/3052 2997/4/3046 3081/4/3045
f 2909/4/3052 3081/4/3045 3025/4/3053
f 2908/8/3054 2989/8/3033 3066/8/3000
f 2908/8/3054 3066/8/3000 2996/8/3044
f 2908/8/3054 3003/8/3055 3071/8/3034
f 2908/8/3054 3071/8/3034 2989/8/3033
f 2909/4/3052 3025/4/3053 3082/4/3056
f 2909/4/3052 3082/4/3056 3004/4/3057
f 2911/4/3058 3004/4/3057 3082/4/3056
f 2911/4/3058 3082/4/3056 3024/4/3059
f 2910/8/3060 3000/8/3049 3071/8/3034
f 2910/8/3060 3071/8/3034 3003/8/3055
f 2910/8/3060 2972/8/2983 3060/8/2986
f 2910/8/3060 3060/8/2986 3000/8/3049
f 2911/4/3058 3024/4/3059 3072/4/2984
f 2911/4/3058 3072/4/2984 2973/4/2983
f 2913/4/3061 3012/4/2991 3074/4/2990
f 2913/4/3061 3074/4/2990 3023/4/3062
f 2912/8/3063 2982/8/3051 3062/8/2994
f 2912/8/3063 3062/8/2994 3011/8/2993
f 2912/8/3063 3005/8/3064 3070/8/3027
f 2912/8/3063 3070/8/3027 2982/8/3051
f 2913/4/3061 3023/4/3062 3083/4/3065
f 2913/4/3061 3083/4/3065 3006/4/3066
f 2915/4/3067 3022/4/3068 3080/4/3037
f 2915/4/3067 3080/4/3037 2995/4/3036
f 2914/8/3069 2994/8/3040 3068/8/3006
f 2917/4/3070 3006/4/3066 3083/4/3065
f 2917/4/3070 3083/4/3065 3021/4/3071
f 2916/8/3072 2999/8/3028 3070/8/3027
f 2916/8/3072 3070/8/3027 3005/8/3064
f 2916/8/3072 2914/8/3069 3068/8/3006
f 2916/8/3072 3068/8/3006 2999/8/3028
f 2917/4/3070 3021/4/3071 3022/4/3068
f 2917/4/3070 3022/4/3068 2915/4/3067
f 2918/8/3073 3019/8/3074 3053/8/2963
f 2918/8/3073 3053/8/2963 2961/8/2962
f 3147/4/3075 3021/4/3071 3083/4/3065
f 3147/4/3075 3083/4/3065 3188/4/3076
f 3147/4/3075 3172/4/3077 3022/4/3068
f 3147/4/3075 3022/4/3068 3021/4/3071
f 2918/8/3073 2961/8/2962 3040/8/2939
f 2918/8/3073 3040/8/2939 3020/8/3078
f 2919/8/3079 2932/8/2947 3033/8/2928
f 2919/8/3079 3033/8/2928 3016/8/3080
f 2919/8/3079 3020/8/3078 3040/8/2939
f 2919/8/3079 3040/8/2939 2932/8/2947
f 3149/4/3081 3022/4/3068 3172/4/3077
f 3149/4/3081 3182/4/3082 3080/4/3037
f 3149/4/3081 3080/4/3037 3022/4/3068
f 2920/8/3083 2976/8/3084 3058/8/3085
f 2920/8/3083 3058/8/3085 2968/8/3086
f 3151/4/3087 3023/4/3062 3074/4/2990
f 3151/4/3087 3074/4/2990 3170/4/3088
f 3151/4/3087 3188/4/3076 3083/4/3065
f 3151/4/3087 3083/4/3065 3023/4/3062
f 2920/8/3083 2968/8/3086 3053/8/2963
f 2920/8/3083 3053/8/2963 3019/8/3074
f 2921/8/3089 3018/8/3090 3049/8/2955
f 2921/8/3089 3049/8/2955 2965/8/3091
f 3153/4/3092 3024/4/3059 3082/4/3056
f 3153/4/3092 3082/4/3056 3186/4/3093
f 3153/4/3092 3174/4/3094 3072/4/2984
f 3153/4/3092 3072/4/2984 3024/4/3059
f 2921/8/3089 2965/8/3091 3055/8/3095
f 2921/8/3089 3055/8/3095 3007/8/3096
f 2922/8/3097 3017/8/3098 3035/8/2910
f 2922/8/3097 3035/8/2910 2958/8/2956
f 3155/4/3099 3025/4/3053 3081/4/3045
f 3155/4/3099 3081/4/3045 3184/4/3100
f 3155/4/3099 3186/4/3093 3082/4/3056
f 3155/4/3099 3082/4/3056 3025/4/3053
f 2922/8/3097 2958/8/2956 3049/8/2955
f 2922/8/3097 3049/8/2955 3018/8/3090
f 2923/8/3101 3015/8/3102 3037/8/2909
f 2923/8/3101 3037/8/2909 2936/8/2908
f 3157/4/3103 3026/4/3042 3079/4/3021
f 3157/4/3103 3079/4/3021 3180/4/3104
f 3157/4/3103 3184/4/3100 3081/4/3045
f 3157/4/3103 3081/4/3045 3026/4/3042
f 2923/8/3101 2936/8/2908 3035/8/2910
f 2923/8/3101 3035/8/2910 3017/8/3098
f 2924/8/3105 3016/8/3080 3033/8/2928
f 2924/8/3105 3033/8/2928 2935/8/2927
f 3159/4/3106 3027/4/3038 3080/4/3037
f 3159/4/3106 3080/4/3037 3182/4/3082
f 3159/4/3106 3176/4/3107 3076/4/3012
f 3159/4/3106 3076/4/3012 3027/4/3038
f 2924/8/3105 2935/8/2927 3034/8/2916
f 2924/8/3105 3034/8/2916 3013/8/3108
f 2925/8/3109 2939/8/2921 3037/8/2909
f 2925/8/3109 3037/8/2909 3015/8/3102
f 2925/8/3109 3014/8/3110 3038/8/2918
f 2925/8/3109 3038/8/2918 2939/8/2921
f 3161/4/3111 3028/4/3020 3078/4/3017
f 3161/4/3111 3078/4/3017 3178/4/3112
f 3161/4/3111 3180/4/3104 3079/4/3021
f 3161/4/3111 3079/4/3021 3028/4/3020
f 2926/8/3113 3013/8/3108 3034/8/2916
f 2926/8/3113 3034/8/2916 2931/8/2915
f 3162/8/3114 3029/8/3115 3075/8/3116
f 3162/8/3114 3075/8/3116 3175/8/3117
f 3162/8/3114 3177/8/3118 3077/8/3119
f 3162/8/3114 3077/8/3119 3029/8/3115
f 2926/8/3113 2931/8/2915 3038/8/2918
f 2926/8/3113 3038/8/2918 3014/8/3110
f 2928/4/3120 2963/4/2977 3059/4/2978
f 2928/4/3120 3059/4/2978 2977/4/3121
f 2928/4/3120 2975/4/3122 3057/4/2972
f 2928/4/3120 3057/4/2972 2963/4/2977
f 3164/4/3123 3031/4/2989 3073/4/2981
f 3164/4/3123 3073/4/2981 3168/4/3124
f 3164/4/3123 3170/4/3088 3074/4/2990
f 3164/4/3123 3074/4/2990 3031/4/2989
f 2930/4/3125 2964/4/2970 3057/4/2972
f 2930/4/3125 3057/4/2972 2975/4/3122
f 2930/4/3125 3008/4/3096 3056/4/2971
f 2930/4/3125 3056/4/2971 2964/4/2970
f 3166/4/3126 3032/4/2980 3072/4/2984
f 3166/4/3126 3072/4/2984 3174/4/3094
f 3166/4/3126 3168/4/3124 3073/4/2981
f 3166/4/3126 3073/4/2981 3032/4/2980
f 2940/8/2944 3046/8/2904 3097/8/3127
f 2940/8/2944 3097/8/3127 3084/8/3128
f 3043/8/2941 2940/8/2944 3084/8/3128
f 3043/8/2941 3084/8/3128 3093/8/3129
f 2944/8/2930 3043/8/2941 3093/8/3129
f 2944/8/2930 3093/8/3129 3086/8/3130
f 3042/8/2931 2944/8/2930 3086/8/3130
f 3042/8/2931 3086/8/3130 3091/8/3131
f 2945/8/2946 3042/8/2931 3091/8/3131
f 2945/8/2946 3091/8/3131 3090/8/3132
f 3048/8/2925 2945/8/2946 3090/8/3132
f 3048/8/2925 3090/8/3132 3094/8/3133
f 2943/8/2926 3048/8/2925 3094/8/3133
f 2943/8/2926 3094/8/3133 3089/8/3134
f 3047/8/2913 2943/8/2926 3089/8/3134
f 3047/8/2913 3089/8/3134 3095/8/3135
f 2946/8/2914 3047/8/2913 3095/8/3135
f 2946/8/2914 3095/8/3135 3087/8/3136
f 3044/8/2919 2946/8/2914 3087/8/3136
f 3044/8/2919 3087/8/3136 3092/8/3137
f 2941/8/2922 3044/8/2919 3092/8/3137
f 2941/8/2922 3092/8/3137 3088/8/3138
f 3045/8/2907 2941/8/2922 3088/8/3138
f 3045/8/2907 3088/8/3138 3096/8/3139
f 2942/8/2903 3045/8/2907 3096/8/3139
f 2942/8/2903 3096/8/3139 3085/8/3140
f 3046/8/2904 2942/8/2903 3085/8/3140
f 3046/8/2904 3085/8/3140 3097/8/3127
f 3088/8/3138 3106/8/3141 3122/8/3142
f 3088/8/3138 3122/8/3142 3096/8/3139
f 3096/8/3139 3122/8/3142 3100/8/3143
f 3096/8/3139 3100/8/3143 3085/8/3140
f 3091/8/3131 3112/8/3144 3110/8/3145
f 3091/8/3131 3110/8/3145 3090/8/3132
f 3086/8/3130 3102/8/3146 3112/8/3144
f 3086/8/3130 3112/8/3144 3091/8/3131
f 3092/8/3137 3114/8/3147 3106/8/3141
f 3092/8/3137 3106/8/3141 3088/8/3138
f 3084/8/3128 3098/8/3148 3116/8/3149
f 3084/8/3128 3116/8/3149 3093/8/3129
f 3089/8/3134 3108/8/3150 3120/8/3151
f 3089/8/3134 3120/8/3151 3095/8/3135
f 3093/8/3129 3116/8/3149 3102/8/3146
f 3093/8/3129 3102/8/3146 3086/8/3130
f 3087/8/3136 3104/8/3152 3114/8/3147
f 3087/8/3136 3114/8/3147 3092/8/3137
f 3097/8/3127 3124/8/3153 3098/8/3148
f 3097/8/3127 3098/8/3148 3084/8/3128
f 3094/8/3133 3118/8/3154 3108/8/3150
f 3094/8/3133 3108/8/3150 3089/8/3134
f 3085/8/3140 3100/8/3143 3124/8/3153
f 3085/8/3140 3124/8/3153 3097/8/3127
f 3090/8/3132 3110/8/3145 3118/8/3154
f 3090/8/3132 3118/8/3154 3094/8/3133
f 3095/8/3135 3120/8/3151 3104/8/3152
f 3095/8/3135 3104/8/3152 3087/8/3136
f 3132/4/2951 3133/4/3155 2934/4/3156
f 3132/4/2951 2934/4/3156 3128/4/2952
f 2937/4/3157 3127/4/3158 3036/4/3159
f 2887/4/2959 3129/4/2953 2962/4/3160
f 2959/4/3161 3126/4/3162 2885/4/3163
f 3036/4/3159 3127/4/3158 3126/4/3162
f 3036/4/3159 3126/4/3162 2959/4/3161
f 3041/4/3164 3128/4/2952 2934/4/3156
f 3133/4/3155 3130/4/2958 2887/4/2959
f 3133/4/3155 2887/4/2959 2934/4/3156
f 2962/4/3160 3129/4/2953 3128/4/2952
f 2962/4/3160 3128/4/2952 3041/4/3164
f 2937/4/3157 2885/4/3163 3130/4/2958
f 2937/4/3157 3130/4/2958 3133/4/3155
f 3127/4/3158 2937/4/3157 3133/4/3155
f 3127/4/3158 3133/4/3155 3132/4/2951
f 2885/4/3163 3126/4/3162 3131/4/2950
f 2885/4/3163 3131/4/2950 3130/4/2958
f 3126/4/3162 3127/4/3158 3132/4/2951
f 3126/4/3162 3132/4/2951 3131/4/2950
f 3135/4/3165 3139/4/3166 3145/4/3167
f 3135/4/3165 3145/4/3167 3137/4/3168
f 3141/4/3169 3143/4/3170 3145/4/3167
f 3141/4/3169 3145/4/3167 3139/4/3166
f 2944/8/2930 3136/8/3171 3144/8/2942
f 2944/8/2930 3144/8/2942 3043/8/2941
f 2949/8/2936 3138/8/2935 3134/8/3172
f 2949/8/2936 3134/8/3172 2881/8/2929
f 2940/8/2944 3142/8/2943 3140/8/2934
f 2940/8/2944 3140/8/2934 2882/8/2933
f 2881/8/2929 3134/8/3172 3136/8/3171
f 2881/8/2929 3136/8/3171 2944/8/2930
f 2929/8/3125 2974/8/3173 3167/8/3174
f 2929/8/3125 3167/8/3174 3165/8/3175
f 2929/8/3125 3165/8/3175 3173/8/3176
f 2929/8/3125 3173/8/3176 3007/8/3096
f 2927/8/3177 2976/8/3084 3169/8/3088
f 2927/8/3177 3169/8/3088 3163/8/3123
f 2927/8/3177 3163/8/3123 3167/8/3174
f 2927/8/3177 3167/8/3174 2974/8/3173
f 2926/8/3113 3014/8/3110 3177/8/3118
f 2926/8/3113 3177/8/3118 3162/8/3114
f 2926/8/3113 3162/8/3114 3175/8/3117
f 2926/8/3113 3175/8/3117 3013/8/3108
f 2925/8/3109 3015/8/3102 3179/8/3178
f 2925/8/3109 3179/8/3178 3160/8/3179
f 2925/8/3109 3160/8/3179 3177/8/3118
f 2925/8/3109 3177/8/3118 3014/8/3110
f 2924/8/3105 3013/8/3108 3175/8/3117
f 2924/8/3105 3175/8/3117 3158/8/3180
f 2924/8/3105 3158/8/3180 3181/8/3181
f 2924/8/3105 3181/8/3181 3016/8/3080
f 2923/8/3101 3017/8/3098 3183/8/3182
f 2923/8/3101 3183/8/3182 3156/8/3183
f 2923/8/3101 3156/8/3183 3179/8/3178
f 2923/8/3101 3179/8/3178 3015/8/3102
f 2922/8/3097 3018/8/3090 3185/8/3184
f 2922/8/3097 3185/8/3184 3154/8/3185
f 2922/8/3097 3154/8/3185 3183/8/3182
f 2922/8/3097 3183/8/3182 3017/8/3098
f 2921/8/3089 3007/8/3096 3173/8/3176
f 2921/8/3089 3173/8/3176 3152/8/3186
f 2921/8/3089 3152/8/3186 3185/8/3184
f 2921/8/3089 3185/8/3184 3018/8/3090
f 2920/8/3083 3019/8/3074 3187/8/3187
f 2920/8/3083 3187/8/3187 3150/8/3188
f 2920/8/3083 3150/8/3188 3169/8/3088
f 2920/8/3083 3169/8/3088 2976/8/3084
f 2919/8/3079 3016/8/3080 3181/8/3181
f 2919/8/3079 3181/8/3181 3148/8/3189
f 2919/8/3079 3148/8/3189 3171/8/3190
f 2919/8/3079 3171/8/3190 3020/8/3078
f 2918/8/3073 3020/8/3078 3171/8/3190
f 2918/8/3073 3171/8/3190 3146/8/3191
f 2918/8/3073 3146/8/3191 3187/8/3187
f 2918/8/3073 3187/8/3187 3019/8/3074
f 3215/7/2818 3216/7/2822 3202/7/2879
f 3215/7/2818 3202/7/2879 3201/7/2819
f 2837/7/2882 2847/7/2868 3198/7/2848
f 2837/7/2882 3198/7/2848 3191/7/2838
f 2837/7/2882 3191/7/2838 3197/7/2841
f 2837/7/2882 3197/7/2841 2846/7/2851
f 3209/7/2849 3199/7/2830 3200/7/2833
f 3209/7/2849 3200/7/2833 3207/7/2844
f 2836/7/2874 2843/7/2856 3194/7/2845
f 2836/7/2874 3194/7/2845 3190/7/2842
f 2836/7/2874 3190/7/2842 3200/7/2833
f 2836/7/2874 3200/7/2833 2849/7/2832
f 2835/7/2865 2848/7/2831 3199/7/2830
f 2835/7/2865 3199/7/2830 3189/7/2847
f 2835/7/2865 3189/7/2847 3198/7/2848
f 2835/7/2865 3198/7/2848 2847/7/2868
f 3113/7/2873 3211/7/2872 3214/7/2870
f 3113/7/2873 3214/7/2870 3111/7/2886
f 3229/8/3192 3236/8/3193 3227/8/3194
f 3229/8/3192 3227/8/3194 3228/8/3195
f 3221/8/3196 3218/8/3197 3239/8/3198
f 3221/8/3196 3239/8/3198 3235/8/3199
f 3281/8/3200 3272/8/3201 3270/8/3202
f 3281/8/3200 3270/8/3202 3280/8/3203
f 3238/8/3204 3241/8/3205 3226/8/3206
f 3238/8/3204 3226/8/3206 3224/8/3207
f 3218/8/3197 3220/8/3208 3242/8/3209
f 3218/8/3197 3242/8/3209 3239/8/3198
f 3217/8/3210 3219/8/3211 3232/8/3212
f 3217/8/3210 3232/8/3212 3244/8/3213
f 3220/8/3208 3217/8/3210 3244/8/3213
f 3220/8/3208 3244/8/3213 3242/8/3209
f 3233/8/3214 3288/8/3215 3261/8/3216
f 3233/8/3214 3261/8/3216 3225/8/3217
f 3241/8/3205 3245/8/3218 3223/8/3219
f 3241/8/3205 3223/8/3219 3226/8/3206
f 3219/8/3211 3251/8/3220 3289/8/3221
f 3219/8/3211 3289/8/3221 3232/8/3212
f 3236/8/3193 3238/8/3204 3224/8/3207
f 3236/8/3193 3224/8/3207 3227/8/3194
f 3245/8/3218 3233/8/3214 3225/8/3217
f 3245/8/3218 3225/8/3217 3223/8/3219
f 3273/8/3222 3229/8/3192 3228/8/3195
f 3273/8/3222 3228/8/3195 3274/8/3223
f 3245/8/3218 3241/8/3205 3243/8/3224
f 3245/8/3218 3243/8/3224 3246/8/3225
f 3246/8/3225 3243/8/3224 3242/8/3209
f 3246/8/3225 3242/8/3209 3244/8/3213
f 3233/8/3214 3245/8/3218 3246/8/3225
f 3233/8/3214 3246/8/3225 3234/8/3226
f 3234/8/3226 3246/8/3225 3244/8/3213
f 3234/8/3226 3244/8/3213 3232/8/3212
f 3241/8/3205 3238/8/3204 3240/8/3227
f 3241/8/3205 3240/8/3227 3243/8/3224
f 3243/8/3224 3240/8/3227 3239/8/3198
f 3243/8/3224 3239/8/3198 3242/8/3209
f 3237/8/3228 3231/8/3229 3230/8/3230
f 3237/8/3228 3230/8/3230 3235/8/3199
f 3222/8/3231 3221/8/3196 3235/8/3199
f 3222/8/3231 3235/8/3199 3230/8/3230
f 3238/8/3204 3236/8/3193 3237/8/3228
f 3238/8/3204 3237/8/3228 3240/8/3227
f 3240/8/3227 3237/8/3228 3235/8/3199
f 3240/8/3227 3235/8/3199 3239/8/3198
f 3288/8/3215 3233/8/3214 3234/8/3226
f 3288/8/3215 3234/8/3226 3290/8/3232
f 3290/8/3232 3234/8/3226 3232/8/3212
f 3290/8/3232 3232/8/3212 3289/8/3221
f 3273/8/3222 3267/8/3233 3268/8/3234
f 3273/8/3222 3268/8/3234 3257/8/3235
f 3258/8/3236 3269/8/3237 3266/8/3238
f 3258/8/3236 3266/8/3238 3248/8/3239
f 3275/8/3240 3222/8/3231 3230/8/3230
f 3275/8/3240 3230/8/3230 3248/8/3239
f 3270/8/3202 3264/8/3241 3263/8/3242
f 3270/8/3202 3263/8/3242 3280/8/3203
f 3253/8/3243 3279/8/3244 3283/8/3245
f 3253/8/3243 3283/8/3245 3249/8/3246
f 3255/8/3247 3275/8/3240 3248/8/3239
f 3255/8/3247 3248/8/3239 3266/8/3238
f 3282/8/3248 3259/8/3249 3262/8/3250
f 3282/8/3248 3262/8/3250 3285/8/3251
f 3229/8/3192 3273/8/3222 3257/8/3235
f 3229/8/3192 3257/8/3235 3231/8/3229
f 3249/8/3246 3283/8/3245 3286/8/3252
f 3249/8/3246 3286/8/3252 3252/8/3253
f 3247/8/3254 3291/8/3255 3276/8/3256
f 3247/8/3254 3276/8/3256 3250/8/3257
f 3252/8/3253 3286/8/3252 3291/8/3255
f 3252/8/3253 3291/8/3255 3247/8/3254
f 3277/8/3258 3260/8/3259 3261/8/3216
f 3277/8/3258 3261/8/3216 3288/8/3215
f 3285/8/3251 3262/8/3250 3256/8/3260
f 3285/8/3251 3256/8/3260 3292/8/3261
f 3250/8/3257 3276/8/3256 3289/8/3221
f 3250/8/3257 3289/8/3221 3251/8/3220
f 3280/8/3203 3263/8/3242 3259/8/3249
f 3280/8/3203 3259/8/3249 3282/8/3248
f 3231/8/3229 3258/8/3236 3248/8/3239
f 3231/8/3229 3248/8/3239 3230/8/3230
f 3292/8/3261 3256/8/3260 3260/8/3259
f 3292/8/3261 3260/8/3259 3277/8/3258
f 3296/8/3262 3295/8/3263 3264/8/3241
f 3296/8/3262 3264/8/3241 3270/8/3202
f 3292/8/3261 3293/8/3264 3287/8/3265
f 3292/8/3261 3287/8/3265 3285/8/3251
f 3293/8/3264 3291/8/3255 3286/8/3252
f 3293/8/3264 3286/8/3252 3287/8/3265
f 3277/8/3258 3278/8/3266 3293/8/3264
f 3277/8/3258 3293/8/3264 3292/8/3261
f 3278/8/3266 3276/8/3256 3291/8/3255
f 3278/8/3266 3291/8/3255 3293/8/3264
f 3285/8/3251 3287/8/3265 3284/8/3267
f 3285/8/3251 3284/8/3267 3282/8/3248
f 3287/8/3265 3286/8/3252 3283/8/3245
f 3287/8/3265 3283/8/3245 3284/8/3267
f 3279/8/3244 3271/8/3268 3272/8/3201
f 3279/8/3244 3272/8/3201 3281/8/3200
f 3279/8/3244 3253/8/3243 3254/8/3269
f 3279/8/3244 3254/8/3269 3271/8/3268
f 3282/8/3248 3284/8/3267 3281/8/3200
f 3282/8/3248 3281/8/3200 3280/8/3203
f 3284/8/3267 3283/8/3245 3279/8/3244
f 3284/8/3267 3279/8/3244 3281/8/3200
f 3267/8/3233 3273/8/3222 3274/8/3223
f 3267/8/3233 3274/8/3223 3265/8/3270
f 3288/8/3215 3290/8/3232 3278/8/3266
f 3288/8/3215 3278/8/3266 3277/8/3258
f 3290/8/3232 3289/8/3221 3276/8/3256
f 3290/8/3232 3276/8/3256 3278/8/3266
f 3296/8/3262 3298/8/3271 3268/8/3234
f 3296/8/3262 3268/8/3234 3267/8/3233
f 3297/8/3272 3299/8/3273 3266/8/3238
f 3297/8/3272 3266/8/3238 3269/8/3237
f 3294/8/3274 3299/8/3273 3271/8/3268
f 3294/8/3274 3271/8/3268 3254/8/3269
f 3236/8/3193 3229/8/3192 3231/8/3229
f 3236/8/3193 3231/8/3229 3237/8/3228
f 3255/8/3247 3266/8/3238 3299/8/3273
f 3255/8/3247 3299/8/3273 3294/8/3274
f 3272/8/3201 3271/8/3268 3299/8/3273
f 3272/8/3201 3299/8/3273 3297/8/3272
f 3270/8/3202 3272/8/3201 3298/8/3271
f 3270/8/3202 3298/8/3271 3296/8/3262
f 3267/8/3233 3265/8/3270 3295/8/3263
f 3267/8/3233 3295/8/3263 3296/8/3262
f 3300/7/3275 3501/7/3276 3625/7/3277
f 3300/7/3275 3625/7/3277 3512/7/3278
f 3300/7/3275 3384/7/3279 3567/7/3280
f 3300/7/3275 3567/7/3280 3501/7/3276
f 3300/7/3275 3383/7/3281 3568/7/3282
f 3300/7/3275 3568/7/3282 3384/7/3279
f 3300/7/3275 3512/7/3278 3626/7/3283
f 3300/7/3275 3626/7/3283 3383/7/3281
f 3301/7/3284 3408/7/3285 3601/7/3286
f 3301/7/3284 3601/7/3286 3407/7/3287
f 3301/7/3284 3414/7/3288 3602/7/3289
f 3301/7/3284 3602/7/3289 3408/7/3285
f 3301/7/3284 3416/7/3290 3603/7/3291
f 3301/7/3284 3603/7/3291 3414/7/3288
f 3301/7/3284 3407/7/3287 3604/7/3292
f 3301/7/3284 3604/7/3292 3416/7/3290
f 3302/7/3293 3510/7/3294 3632/7/3295
f 3302/7/3293 3632/7/3295 3504/7/3296
f 3302/7/3293 3388/7/3297 3627/7/3298
f 3302/7/3293 3627/7/3298 3510/7/3294
f 3302/7/3293 3397/7/3299 3565/7/3300
f 3302/7/3293 3565/7/3300 3388/7/3297
f 3302/7/3293 3504/7/3296 3573/7/3301
f 3302/7/3293 3573/7/3301 3397/7/3299
f 3303/7/3302 3479/7/3303 3615/7/3304
f 3303/7/3302 3615/7/3304 3484/7/3305
f 3303/7/3302 3408/7/3285 3602/7/3289
f 3303/7/3302 3602/7/3289 3479/7/3303
f 3303/7/3302 3406/7/3306 3601/7/3286
f 3303/7/3302 3601/7/3286 3408/7/3285
f 3303/7/3302 3484/7/3305 3616/7/3307
f 3303/7/3302 3616/7/3307 3406/7/3306
f 3304/7/3308 3447/7/3309 3582/7/3310
f 3304/7/3308 3582/7/3310 3428/7/3311
f 3304/7/3308 3389/7/3312 3570/7/3313
f 3304/7/3308 3570/7/3313 3447/7/3309
f 3304/7/3308 3441/7/3314 3569/7/3315
f 3304/7/3308 3569/7/3315 3389/7/3312
f 3304/7/3308 3428/7/3311 3581/7/3316
f 3304/7/3308 3581/7/3316 3441/7/3314
f 3305/7/3317 3448/7/3318 3584/7/3319
f 3305/7/3317 3584/7/3319 3427/7/3320
f 3305/7/3317 3392/7/3321 3572/7/3322
f 3305/7/3317 3572/7/3322 3448/7/3318
f 3305/7/3317 3442/7/3323 3571/7/3324
f 3305/7/3317 3571/7/3324 3392/7/3321
f 3305/7/3317 3427/7/3320 3583/7/3325
f 3305/7/3317 3583/7/3325 3442/7/3323
f 3306/7/3326 3446/7/3327 3588/7/3328
f 3306/7/3326 3588/7/3328 3426/7/3329
f 3306/7/3326 3390/7/3330 3578/7/3331
f 3306/7/3326 3578/7/3331 3446/7/3327
f 3306/7/3326 3447/7/3309 3570/7/3313
f 3306/7/3326 3570/7/3313 3390/7/3330
f 3306/7/3326 3426/7/3329 3582/7/3310
f 3306/7/3326 3582/7/3310 3447/7/3309
f 3307/7/3332 3444/7/3333 3586/7/3334
f 3307/7/3332 3586/7/3334 3425/7/3335
f 3307/7/3332 3391/7/3336 3580/7/3337
f 3307/7/3332 3580/7/3337 3444/7/3333
f 3307/7/3332 3448/7/3318 3572/7/3322
f 3307/7/3332 3572/7/3322 3391/7/3336
f 3307/7/3332 3425/7/3335 3584/7/3319
f 3307/7/3332 3584/7/3319 3448/7/3318
f 3308/7/3338 3441/7/3314 3581/7/3316
f 3308/7/3338 3581/7/3316 3424/7/3339
f 3308/7/3338 3403/7/3340 3569/7/3315
f 3308/7/3338 3569/7/3315 3441/7/3314
f 3308/7/3338 3443/7/3341 3579/7/3342
f 3308/7/3338 3579/7/3342 3403/7/3340
f 3308/7/3338 3424/7/3339 3585/7/3343
f 3308/7/3338 3585/7/3343 3443/7/3341
f 3309/7/3344 3443/7/3341 3585/7/3343
f 3309/7/3344 3585/7/3343 3423/7/3345
f 3309/7/3344 3404/7/3346 3579/7/3342
f 3309/7/3344 3579/7/3342 3443/7/3341
f 3309/7/3344 3444/7/3333 3580/7/3337
f 3309/7/3344 3580/7/3337 3404/7/3346
f 3309/7/3344 3423/7/3345 3586/7/3334
f 3309/7/3344 3586/7/3334 3444/7/3333
f 3310/7/3347 3442/7/3323 3583/7/3325
f 3310/7/3347 3583/7/3325 3422/7/3348
f 3310/7/3347 3401/7/3349 3571/7/3324
f 3310/7/3347 3571/7/3324 3442/7/3323
f 3310/7/3347 3445/7/3350 3577/7/3351
f 3310/7/3347 3577/7/3351 3401/7/3349
f 3310/7/3347 3422/7/3348 3587/7/3352
f 3310/7/3347 3587/7/3352 3445/7/3350
f 3311/7/3353 3494/7/3354 3622/7/3355
f 3311/7/3353 3622/7/3355 3500/7/3356
f 3311/7/3353 3462/7/3357 3607/7/3358
f 3311/7/3353 3607/7/3358 3494/7/3354
f 3311/7/3353 3465/7/3359 3606/7/3360
f 3311/7/3353 3606/7/3360 3462/7/3357
f 3311/7/3353 3500/7/3356 3621/7/3361
f 3311/7/3353 3621/7/3361 3465/7/3359
f 3312/7/3362 3487/7/3363 3619/7/3364
f 3312/7/3362 3619/7/3364 3492/7/3365
f 3312/7/3362 3453/7/3366 3597/7/3367
f 3312/7/3362 3597/7/3367 3487/7/3363
f 3312/7/3362 3452/7/3368 3600/7/3369
f 3312/7/3362 3600/7/3369 3453/7/3366
f 3312/7/3362 3492/7/3365 3620/7/3370
f 3312/7/3362 3620/7/3370 3452/7/3368
f 3313/7/3371 3506/7/3372 3625/7/3277
f 3313/7/3371 3625/7/3277 3501/7/3276
f 3313/7/3371 3503/7/3373 3631/7/3374
f 3313/7/3371 3631/7/3374 3506/7/3372
f 3313/7/3371 3385/7/3375 3574/7/3376
f 3313/7/3371 3574/7/3376 3503/7/3373
f 3313/7/3371 3501/7/3276 3567/7/3280
f 3313/7/3371 3567/7/3280 3385/7/3375
f 3314/7/3377 3505/7/3378 3631/7/3374
f 3314/7/3377 3631/7/3374 3503/7/3373
f 3314/7/3377 3504/7/3296 3632/7/3295
f 3314/7/3377 3632/7/3295 3505/7/3378
f 3314/7/3377 3398/7/3379 3573/7/3301
f 3314/7/3377 3573/7/3301 3504/7/3296
f 3314/7/3377 3503/7/3373 3574/7/3376
f 3314/7/3377 3574/7/3376 3398/7/3379
f 3315/7/3380 3419/7/3381 3573/7/3301
f 3315/7/3380 3573/7/3301 3398/7/3379
f 3315/7/3380 3421/7/3382 3587/7/3352
f 3315/7/3380 3587/7/3352 3419/7/3381
f 3315/7/3380 3420/7/3383 3588/7/3328
f 3315/7/3380 3588/7/3328 3421/7/3382
f 3315/7/3380 3398/7/3379 3574/7/3376
f 3315/7/3380 3574/7/3376 3420/7/3383
f 3316/7/3384 3415/7/3385 3565/7/3300
f 3316/7/3384 3565/7/3300 3397/7/3299
f 3316/7/3384 3422/7/3348 3583/7/3325
f 3316/7/3384 3583/7/3325 3415/7/3385
f 3316/7/3384 3419/7/3381 3587/7/3352
f 3316/7/3384 3587/7/3352 3422/7/3348
f 3316/7/3384 3397/7/3299 3573/7/3301
f 3316/7/3384 3573/7/3301 3419/7/3381
f 3317/7/3386 3417/7/3387 3575/7/3388
f 3317/7/3386 3575/7/3388 3400/7/3389
f 3317/7/3386 3423/7/3345 3585/7/3343
f 3317/7/3386 3585/7/3343 3417/7/3387
f 3317/7/3386 3418/7/3390 3586/7/3334
f 3317/7/3386 3586/7/3334 3423/7/3345
f 3317/7/3386 3400/7/3389 3576/7/3391
f 3317/7/3386 3576/7/3391 3418/7/3390
f 3318/7/3392 3413/7/3393 3568/7/3282
f 3318/7/3392 3568/7/3282 3399/7/3394
f 3318/7/3392 3424/7/3339 3581/7/3316
f 3318/7/3392 3581/7/3316 3413/7/3393
f 3318/7/3392 3417/7/3387 3585/7/3343
f 3318/7/3392 3585/7/3343 3424/7/3339
f 3318/7/3392 3399/7/3394 3575/7/3388
f 3318/7/3392 3575/7/3388 3417/7/3387
f 3319/7/3395 3418/7/3390 3576/7/3391
f 3319/7/3395 3576/7/3391 3386/7/3396
f 3319/7/3395 3425/7/3335 3586/7/3334
f 3319/7/3395 3586/7/3334 3418/7/3390
f 3319/7/3395 3396/7/3397 3584/7/3319
f 3319/7/3395 3584/7/3319 3425/7/3335
f 3319/7/3395 3386/7/3396 3566/7/3398
f 3319/7/3395 3566/7/3398 3396/7/3397
f 3320/7/3399 3420/7/3383 3574/7/3376
f 3320/7/3399 3574/7/3376 3385/7/3375
f 3320/7/3399 3426/7/3329 3588/7/3328
f 3320/7/3399 3588/7/3328 3420/7/3383
f 3320/7/3399 3394/7/3400 3582/7/3310
f 3320/7/3399 3582/7/3310 3426/7/3329
f 3320/7/3399 3385/7/3375 3567/7/3280
f 3320/7/3399 3567/7/3280 3394/7/3400
f 3321/7/3401 3394/7/3400 3567/7/3280
f 3321/7/3401 3567/7/3280 3384/7/3279
f 3321/7/3401 3428/7/3311 3582/7/3310
f 3321/7/3401 3582/7/3310 3394/7/3400
f 3321/7/3401 3413/7/3393 3581/7/3316
f 3321/7/3401 3581/7/3316 3428/7/3311
f 3321/7/3401 3384/7/3279 3568/7/3282
f 3321/7/3401 3568/7/3282 3413/7/3393
f 3322/7/3402 3470/7/3403 3610/7/3404
f 3322/7/3402 3610/7/3404 3476/7/3405
f 3322/7/3402 3436/7/3406 3596/7/3407
f 3322/7/3402 3596/7/3407 3470/7/3403
f 3322/7/3402 3437/7/3408 3595/7/3409
f 3322/7/3402 3595/7/3409 3436/7/3406
f 3322/7/3402 3476/7/3405 3609/7/3410
f 3322/7/3402 3609/7/3410 3437/7/3408
f 3323/7/3411 3458/7/3412 3565/7/3300
f 3323/7/3411 3565/7/3300 3415/7/3385
f 3323/7/3411 3431/7/3413 3590/7/3414
f 3323/7/3411 3590/7/3414 3458/7/3412
f 3323/7/3411 3457/7/3415 3592/7/3416
f 3323/7/3411 3592/7/3416 3431/7/3413
f 3323/7/3411 3415/7/3385 3583/7/3325
f 3323/7/3411 3583/7/3325 3457/7/3415
f 3324/7/3417 3459/7/3418 3566/7/3398
f 3324/7/3417 3566/7/3398 3387/7/3419
f 3324/7/3417 3429/7/3420 3589/7/3421
f 3324/7/3417 3589/7/3421 3459/7/3418
f 3324/7/3417 3458/7/3412 3590/7/3414
f 3324/7/3417 3590/7/3414 3429/7/3420
f 3324/7/3417 3387/7/3419 3565/7/3300
f 3324/7/3417 3565/7/3300 3458/7/3412
f 3325/7/3422 3457/7/3415 3583/7/3325
f 3325/7/3422 3583/7/3325 3427/7/3320
f 3325/7/3422 3432/7/3423 3592/7/3416
f 3325/7/3422 3592/7/3416 3457/7/3415
f 3325/7/3422 3460/7/3424 3591/7/3425
f 3325/7/3422 3591/7/3425 3432/7/3423
f 3325/7/3422 3427/7/3320 3584/7/3319
f 3325/7/3422 3584/7/3319 3460/7/3424
f 3326/7/3426 3434/7/3427 3593/7/3428
f 3326/7/3426 3593/7/3428 3433/7/3429
f 3326/7/3426 3436/7/3406 3595/7/3409
f 3326/7/3426 3595/7/3409 3434/7/3427
f 3326/7/3426 3435/7/3430 3596/7/3407
f 3326/7/3426 3596/7/3407 3436/7/3406
f 3326/7/3426 3433/7/3429 3594/7/3431
f 3326/7/3426 3594/7/3431 3435/7/3430
f 3327/7/3432 3437/7/3408 3609/7/3410
f 3327/7/3432 3609/7/3410 3475/7/3433
f 3327/7/3432 3434/7/3427 3595/7/3409
f 3327/7/3432 3595/7/3409 3437/7/3408
f 3327/7/3432 3439/7/3434 3593/7/3428
f 3327/7/3432 3593/7/3428 3434/7/3427
f 3327/7/3432 3475/7/3433 3611/7/3435
f 3327/7/3432 3611/7/3435 3439/7/3434
f 3328/7/3436 3472/7/3437 3612/7/3438
f 3328/7/3436 3612/7/3438 3474/7/3439
f 3328/7/3436 3435/7/3430 3594/7/3431
f 3328/7/3436 3594/7/3431 3472/7/3437
f 3328/7/3436 3470/7/3403 3596/7/3407
f 3328/7/3436 3596/7/3407 3435/7/3430
f 3328/7/3436 3474/7/3439 3610/7/3404
f 3328/7/3436 3610/7/3404 3470/7/3403
f 3329/7/3440 3439/7/3434 3611/7/3435
f 3329/7/3440 3611/7/3435 3473/7/3441
f 3329/7/3440 3433/7/3429 3593/7/3428
f 3329/7/3440 3593/7/3428 3439/7/3434
f 3329/7/3440 3472/7/3437 3594/7/3431
f 3329/7/3440 3594/7/3431 3433/7/3429
f 3329/7/3440 3473/7/3441 3612/7/3438
f 3329/7/3440 3612/7/3438 3472/7/3437
f 3330/7/3442 3462/7/3357 3606/7/3360
f 3330/7/3442 3606/7/3360 3461/7/3443
f 3330/7/3442 3464/7/3444 3607/7/3358
f 3330/7/3442 3607/7/3358 3462/7/3357
f 3330/7/3442 3463/7/3445 3608/7/3446
f 3330/7/3442 3608/7/3446 3464/7/3444
f 3330/7/3442 3461/7/3443 3605/7/3447
f 3330/7/3442 3605/7/3447 3463/7/3445
f 3331/7/3448 3449/7/3449 3617/7/3450
f 3331/7/3448 3617/7/3450 3491/7/3451
f 3331/7/3448 3454/7/3452 3599/7/3453
f 3331/7/3448 3599/7/3453 3449/7/3449
f 3331/7/3448 3486/7/3454 3598/7/3455
f 3331/7/3448 3598/7/3455 3454/7/3452
f 3331/7/3448 3491/7/3451 3618/7/3456
f 3331/7/3448 3618/7/3456 3486/7/3454
f 3332/7/3457 3452/7/3368 3620/7/3370
f 3332/7/3457 3620/7/3370 3490/7/3458
f 3332/7/3457 3456/7/3459 3600/7/3369
f 3332/7/3457 3600/7/3369 3452/7/3368
f 3332/7/3457 3449/7/3449 3599/7/3453
f 3332/7/3457 3599/7/3453 3456/7/3459
f 3332/7/3457 3490/7/3458 3617/7/3450
f 3332/7/3457 3617/7/3450 3449/7/3449
f 3333/7/3460 3486/7/3454 3618/7/3456
f 3333/7/3460 3618/7/3456 3489/7/3461
f 3333/7/3460 3455/7/3462 3598/7/3455
f 3333/7/3460 3598/7/3455 3486/7/3454
f 3333/7/3460 3487/7/3363 3597/7/3367
f 3333/7/3460 3597/7/3367 3455/7/3462
f 3333/7/3460 3489/7/3461 3619/7/3364
f 3333/7/3460 3619/7/3364 3487/7/3363
f 3334/7/3463 3456/7/3459 3599/7/3453
f 3334/7/3463 3599/7/3453 3454/7/3452
f 3334/7/3463 3453/7/3366 3600/7/3369
f 3334/7/3463 3600/7/3369 3456/7/3459
f 3334/7/3463 3455/7/3462 3597/7/3367
f 3334/7/3463 3597/7/3367 3453/7/3366
f 3334/7/3463 3454/7/3452 3598/7/3455
f 3334/7/3463 3598/7/3455 3455/7/3462
f 3335/7/3464 3393/7/3465 3613/7/3466
f 3335/7/3464 3613/7/3466 3483/7/3467
f 3335/7/3464 3416/7/3290 3604/7/3292
f 3335/7/3464 3604/7/3292 3393/7/3465
f 3335/7/3464 3478/7/3468 3603/7/3291
f 3335/7/3464 3603/7/3291 3416/7/3290
f 3335/7/3464 3483/7/3467 3614/7/3469
f 3335/7/3464 3614/7/3469 3478/7/3468
f 3336/7/3470 3406/7/3306 3616/7/3307
f 3336/7/3470 3616/7/3307 3482/7/3471
f 3336/7/3470 3407/7/3287 3601/7/3286
f 3336/7/3470 3601/7/3286 3406/7/3306
f 3336/7/3470 3393/7/3465 3604/7/3292
f 3336/7/3470 3604/7/3292 3407/7/3287
f 3336/7/3470 3482/7/3471 3613/7/3466
f 3336/7/3470 3613/7/3466 3393/7/3465
f 3337/7/3472 3478/7/3468 3614/7/3469
f 3337/7/3472 3614/7/3469 3481/7/3473
f 3337/7/3472 3414/7/3288 3603/7/3291
f 3337/7/3472 3603/7/3291 3478/7/3468
f 3337/7/3472 3479/7/3303 3602/7/3289
f 3337/7/3472 3602/7/3289 3414/7/3288
f 3337/7/3472 3481/7/3473 3615/7/3304
f 3337/7/3472 3615/7/3304 3479/7/3303
f 3338/7/3474 3445/7/3350 3587/7/3352
f 3338/7/3474 3587/7/3352 3421/7/3382
f 3338/7/3474 3402/7/3475 3577/7/3351
f 3338/7/3474 3577/7/3351 3445/7/3350
f 3338/7/3474 3446/7/3327 3578/7/3331
f 3338/7/3474 3578/7/3331 3402/7/3475
f 3338/7/3474 3421/7/3382 3588/7/3328
f 3338/7/3474 3588/7/3328 3446/7/3327
f 3339/7/3476 3495/7/3477 3623/7/3478
f 3339/7/3476 3623/7/3478 3499/7/3479
f 3339/7/3476 3464/7/3444 3608/7/3446
f 3339/7/3476 3608/7/3446 3495/7/3477
f 3339/7/3476 3494/7/3354 3607/7/3358
f 3339/7/3476 3607/7/3358 3464/7/3444
f 3339/7/3476 3499/7/3479 3622/7/3355
f 3339/7/3476 3622/7/3355 3494/7/3354
f 3340/7/3480 3465/7/3359 3621/7/3361
f 3340/7/3480 3621/7/3361 3498/7/3481
f 3340/7/3480 3461/7/3443 3606/7/3360
f 3340/7/3480 3606/7/3360 3465/7/3359
f 3340/7/3480 3468/7/3482 3605/7/3447
f 3340/7/3480 3605/7/3447 3461/7/3443
f 3340/7/3480 3498/7/3481 3624/7/3483
f 3340/7/3480 3624/7/3483 3468/7/3482
f 3341/7/3484 3468/7/3482 3624/7/3483
f 3341/7/3484 3624/7/3483 3497/7/3485
f 3341/7/3484 3463/7/3445 3605/7/3447
f 3341/7/3484 3605/7/3447 3468/7/3482
f 3341/7/3484 3495/7/3477 3608/7/3446
f 3341/7/3484 3608/7/3446 3463/7/3445
f 3341/7/3484 3497/7/3485 3623/7/3478
f 3341/7/3484 3623/7/3478 3495/7/3477
f 3342/7/3486 3471/7/3487 3589/7/3421
f 3342/7/3486 3589/7/3421 3429/7/3420
f 3342/7/3486 3473/7/3441 3611/7/3435
f 3342/7/3486 3611/7/3435 3471/7/3487
f 3342/7/3486 3440/7/3488 3612/7/3438
f 3342/7/3486 3612/7/3438 3473/7/3441
f 3342/7/3486 3429/7/3420 3590/7/3414
f 3342/7/3486 3590/7/3414 3440/7/3488
f 3343/7/3489 3440/7/3488 3590/7/3414
f 3343/7/3489 3590/7/3414 3431/7/3413
f 3343/7/3489 3474/7/3439 3612/7/3438
f 3343/7/3489 3612/7/3438 3440/7/3488
f 3343/7/3489 3438/7/3490 3610/7/3404
f 3343/7/3489 3610/7/3404 3474/7/3439
f 3343/7/3489 3431/7/3413 3592/7/3416
f 3343/7/3489 3592/7/3416 3438/7/3490
f 3344/7/3491 3469/7/3492 3591/7/3425
f 3344/7/3491 3591/7/3425 3430/7/3493
f 3344/7/3491 3475/7/3433 3609/7/3410
f 3344/7/3491 3609/7/3410 3469/7/3492
f 3344/7/3491 3471/7/3487 3611/7/3435
f 3344/7/3491 3611/7/3435 3475/7/3433
f 3344/7/3491 3430/7/3493 3589/7/3421
f 3344/7/3491 3589/7/3421 3471/7/3487
f 3345/7/3494 3438/7/3490 3592/7/3416
f 3345/7/3494 3592/7/3416 3432/7/3423
f 3345/7/3494 3476/7/3405 3610/7/3404
f 3345/7/3494 3610/7/3404 3438/7/3490
f 3345/7/3494 3469/7/3492 3609/7/3410
f 3345/7/3494 3609/7/3410 3476/7/3405
f 3345/7/3494 3432/7/3423 3591/7/3425
f 3345/7/3494 3591/7/3425 3469/7/3492
f 3346/7/3495 3395/7/3496 3572/7/3322
f 3346/7/3495 3572/7/3322 3392/7/3321
f 5118/7/3497 3481/7/3473 3614/7/3469
f 5118/7/3497 3614/7/3469 5122/7/3498
f 5118/7/3497 5123/7/3499 3615/7/3304
f 5118/7/3497 3615/7/3304 3481/7/3473
f 3346/7/3495 3392/7/3321 3571/7/3324
f 3346/7/3495 3571/7/3324 3405/7/3500
f 3347/7/3501 3480/7/3502 3577/7/3351
f 3347/7/3501 3577/7/3351 3410/7/3503
f 5119/7/3504 3482/7/3471 3616/7/3307
f 5119/7/3504 3616/7/3307 5125/7/3505
f 5119/7/3504 5124/7/3506 3613/7/3466
f 5119/7/3504 3613/7/3466 3482/7/3471
f 3347/7/3501 3410/7/3503 3580/7/3337
f 3347/7/3501 3580/7/3337 3477/7/3507
f 3348/7/3508 3477/7/3507 3580/7/3337
f 3348/7/3508 3580/7/3337 3391/7/3336
f 5120/7/3509 3483/7/3467 3613/7/3466
f 5120/7/3509 3613/7/3466 5124/7/3506
f 5120/7/3509 5122/7/3498 3614/7/3469
f 5120/7/3509 3614/7/3469 3483/7/3467
f 3348/7/3508 3391/7/3336 3572/7/3322
f 3348/7/3508 3572/7/3322 3395/7/3496
f 3349/7/3510 3405/7/3500 3571/7/3324
f 3349/7/3510 3571/7/3324 3401/7/3349
f 5121/7/3511 3484/7/3305 3615/7/3304
f 5121/7/3511 3615/7/3304 5123/7/3499
f 5121/7/3511 5125/7/3505 3616/7/3307
f 5121/7/3511 3616/7/3307 3484/7/3305
f 3349/7/3510 3401/7/3349 3577/7/3351
f 3349/7/3510 3577/7/3351 3480/7/3502
f 5110/7/3512 5116/7/3513 3641/7/3514
f 5110/7/3512 3641/7/3514 3526/7/3515
f 3350/7/3516 3489/7/3461 3618/7/3456
f 3350/7/3516 3618/7/3456 3521/7/3517
f 3350/7/3516 3522/7/3518 3619/7/3364
f 3350/7/3516 3619/7/3364 3489/7/3461
f 5110/7/3512 3526/7/3515 3642/7/3519
f 5110/7/3512 3642/7/3519 5117/7/3520
f 5111/7/3521 5115/7/3522 3644/7/3523
f 5111/7/3521 3644/7/3523 3525/7/3524
f 3351/7/3525 3490/7/3458 3620/7/3370
f 3351/7/3525 3620/7/3370 3488/7/3526
f 3351/7/3525 3485/7/3527 3617/7/3450
f 3351/7/3525 3617/7/3450 3490/7/3458
f 5111/7/3521 3525/7/3524 3643/7/3528
f 5111/7/3521 3643/7/3528 5114/7/3529
f 5112/7/3530 5114/7/3529 3643/7/3528
f 5112/7/3530 3643/7/3528 3524/7/3531
f 3352/7/3532 3491/7/3451 3617/7/3450
f 3352/7/3532 3617/7/3450 3485/7/3527
f 3352/7/3532 3521/7/3517 3618/7/3456
f 3352/7/3532 3618/7/3456 3491/7/3451
f 5112/7/3530 3524/7/3531 3641/7/3514
f 5112/7/3530 3641/7/3514 5116/7/3513
f 5113/7/3533 5117/7/3520 3642/7/3519
f 5113/7/3533 3642/7/3519 3523/7/3534
f 3353/7/3535 3492/7/3365 3619/7/3364
f 3353/7/3535 3619/7/3364 3522/7/3518
f 3353/7/3535 3488/7/3526 3620/7/3370
f 3353/7/3535 3620/7/3370 3492/7/3365
f 5113/7/3533 3523/7/3534 3644/7/3523
f 5113/7/3533 3644/7/3523 5115/7/3522
f 3354/7/3536 3496/7/3537 3569/7/3315
f 3354/7/3536 3569/7/3315 3403/7/3340
f 5126/7/3538 3497/7/3485 3624/7/3483
f 5126/7/3538 3624/7/3483 5133/7/3539
f 5126/7/3538 5131/7/3540 3623/7/3478
f 5126/7/3538 3623/7/3478 3497/7/3485
f 3354/7/3536 3403/7/3340 3579/7/3342
f 3354/7/3536 3579/7/3342 3467/7/3541
f 3355/7/3542 3493/7/3543 3570/7/3313
f 3355/7/3542 3570/7/3313 3389/7/3312
f 5127/7/3544 3498/7/3481 3621/7/3361
f 5127/7/3544 3621/7/3361 5132/7/3545
f 5127/7/3544 5133/7/3539 3624/7/3483
f 5127/7/3544 3624/7/3483 3498/7/3481
f 3355/7/3542 3389/7/3312 3569/7/3315
f 3355/7/3542 3569/7/3315 3496/7/3537
f 3356/7/3546 3467/7/3541 3579/7/3342
f 3356/7/3546 3579/7/3342 3409/7/3547
f 5128/7/3548 3499/7/3479 3623/7/3478
f 5128/7/3548 3623/7/3478 5131/7/3540
f 5128/7/3548 5130/7/3549 3622/7/3355
f 5128/7/3548 3622/7/3355 3499/7/3479
f 3356/7/3546 3409/7/3547 3578/7/3331
f 3356/7/3546 3578/7/3331 3466/7/3550
f 3357/7/3551 3466/7/3550 3578/7/3331
f 3357/7/3551 3578/7/3331 3390/7/3330
f 5129/7/3552 3500/7/3356 3622/7/3355
f 5129/7/3552 3622/7/3355 5130/7/3549
f 5129/7/3552 5132/7/3545 3621/7/3361
f 5129/7/3552 3621/7/3361 3500/7/3356
f 3357/7/3551 3390/7/3330 3570/7/3313
f 3357/7/3551 3570/7/3313 3493/7/3543
f 3358/7/3553 3460/7/3424 3584/7/3319
f 3358/7/3553 3584/7/3319 3396/7/3397
f 3358/7/3553 3430/7/3493 3591/7/3425
f 3358/7/3553 3591/7/3425 3460/7/3424
f 3358/7/3553 3459/7/3418 3589/7/3421
f 3358/7/3553 3589/7/3421 3430/7/3493
f 3358/7/3553 3396/7/3397 3566/7/3398
f 3358/7/3553 3566/7/3398 3459/7/3418
f 3507/7/3554 3517/7/3555 3640/7/3556
f 3507/7/3554 3640/7/3556 3630/7/3557
f 3513/7/3558 3505/7/3378 3632/7/3295
f 3513/7/3558 3632/7/3295 3636/7/3559
f 3359/7/3560 3400/7/3389 3575/7/3388
f 3359/7/3560 3575/7/3388 3411/7/3561
f 3359/7/3560 3412/7/3562 3576/7/3391
f 3359/7/3560 3576/7/3391 3400/7/3389
f 3359/7/3560 3507/7/3554 3630/7/3557
f 3359/7/3560 3630/7/3557 3412/7/3562
f 3359/7/3560 3411/7/3561 3629/7/3563
f 3359/7/3560 3629/7/3563 3507/7/3554
f 3360/7/3564 3399/7/3394 3568/7/3282
f 3360/7/3564 3568/7/3282 3383/7/3281
f 3360/7/3564 3411/7/3561 3575/7/3388
f 3360/7/3564 3575/7/3388 3399/7/3394
f 3360/7/3564 3508/7/3565 3629/7/3563
f 3360/7/3564 3629/7/3563 3411/7/3561
f 3360/7/3564 3383/7/3281 3626/7/3283
f 3360/7/3564 3626/7/3283 3508/7/3565
f 3361/7/3566 3386/7/3396 3576/7/3391
f 3361/7/3566 3576/7/3391 3412/7/3562
f 3361/7/3566 3502/7/3567 3566/7/3398
f 3361/7/3566 3566/7/3398 3386/7/3396
f 3361/7/3566 3509/7/3568 3628/7/3569
f 3361/7/3566 3628/7/3569 3502/7/3567
f 3361/7/3566 3412/7/3562 3630/7/3557
f 3361/7/3566 3630/7/3557 3509/7/3568
f 3514/7/3570 3506/7/3372 3631/7/3374
f 3514/7/3570 3631/7/3374 3635/7/3571
f 3631/7/3374 3505/7/3378 3513/7/3558
f 3631/7/3374 3513/7/3558 3635/7/3571
f 3362/7/3572 3388/7/3297 3565/7/3300
f 3362/7/3572 3565/7/3300 3387/7/3419
f 3362/7/3572 3511/7/3573 3627/7/3298
f 3362/7/3572 3627/7/3298 3388/7/3297
f 3362/7/3572 3502/7/3567 3628/7/3569
f 3362/7/3572 3628/7/3569 3511/7/3573
f 3362/7/3572 3387/7/3419 3566/7/3398
f 3362/7/3572 3566/7/3398 3502/7/3567
f 3515/7/3574 3510/7/3294 3627/7/3298
f 3515/7/3574 3627/7/3298 3638/7/3575
f 3625/7/3277 3506/7/3372 3514/7/3570
f 3625/7/3277 3514/7/3570 3633/7/3576
f 3508/7/3565 3626/7/3283 3637/7/3577
f 3508/7/3565 3637/7/3577 3518/7/3578
f 3632/7/3295 3510/7/3294 3515/7/3574
f 3632/7/3295 3515/7/3574 3636/7/3559
f 3508/7/3565 3518/7/3578 3639/7/3579
f 3508/7/3565 3639/7/3579 3629/7/3563
f 3509/7/3568 3630/7/3557 3640/7/3556
f 3509/7/3568 3640/7/3556 3519/7/3580
f 3509/7/3568 3519/7/3580 3634/7/3581
f 3509/7/3568 3634/7/3581 3628/7/3569
f 3520/7/3582 3638/7/3575 3627/7/3298
f 3520/7/3582 3627/7/3298 3511/7/3573
f 3520/7/3582 3511/7/3573 3628/7/3569
f 3520/7/3582 3628/7/3569 3634/7/3581
f 3516/7/3583 3512/7/3278 3625/7/3277
f 3516/7/3583 3625/7/3277 3633/7/3576
f 3523/7/3534 3532/7/3584 3648/7/3585
f 3523/7/3534 3648/7/3585 3644/7/3523
f 3524/7/3531 3643/7/3528 3647/7/3586
f 3524/7/3531 3647/7/3586 3531/7/3587
f 3524/7/3531 3531/7/3587 3645/7/3588
f 3524/7/3531 3645/7/3588 3641/7/3514
f 3525/7/3524 3644/7/3523 3648/7/3585
f 3525/7/3524 3648/7/3585 3530/7/3589
f 3525/7/3524 3530/7/3589 3647/7/3586
f 3525/7/3524 3647/7/3586 3643/7/3528
f 3526/7/3515 3641/7/3514 3645/7/3588
f 3526/7/3515 3645/7/3588 3529/7/3590
f 3526/7/3515 3529/7/3590 3646/7/3591
f 3526/7/3515 3646/7/3591 3642/7/3519
f 3363/7/3592 3450/7/3593 3579/7/3342
f 3363/7/3592 3579/7/3342 3404/7/3346
f 3363/7/3592 3529/7/3590 3645/7/3588
f 3363/7/3592 3645/7/3588 3450/7/3593
f 3363/7/3592 3451/7/3594 3646/7/3591
f 3363/7/3592 3646/7/3591 3529/7/3590
f 3363/7/3592 3404/7/3346 3580/7/3337
f 3363/7/3592 3580/7/3337 3451/7/3594
f 3364/7/3595 3528/7/3596 3577/7/3351
f 3364/7/3595 3577/7/3351 3402/7/3475
f 3364/7/3595 3530/7/3589 3648/7/3585
f 3364/7/3595 3648/7/3585 3528/7/3596
f 3364/7/3595 3527/7/3597 3647/7/3586
f 3364/7/3595 3647/7/3586 3530/7/3589
f 3364/7/3595 3402/7/3475 3578/7/3331
f 3364/7/3595 3578/7/3331 3527/7/3597
f 3365/7/3598 3527/7/3597 3578/7/3331
f 3365/7/3598 3578/7/3331 3409/7/3547
f 3365/7/3598 3531/7/3587 3647/7/3586
f 3365/7/3598 3647/7/3586 3527/7/3597
f 3365/7/3598 3450/7/3593 3645/7/3588
f 3365/7/3598 3645/7/3588 3531/7/3587
f 3365/7/3598 3409/7/3547 3579/7/3342
f 3365/7/3598 3579/7/3342 3450/7/3593
f 3366/7/3599 3451/7/3594 3580/7/3337
f 3366/7/3599 3580/7/3337 3410/7/3503
f 3366/7/3599 3532/7/3584 3646/7/3591
f 3366/7/3599 3646/7/3591 3451/7/3594
f 3366/7/3599 3528/7/3596 3648/7/3585
f 3366/7/3599 3648/7/3585 3532/7/3584
f 3366/7/3599 3410/7/3503 3577/7/3351
f 3366/7/3599 3577/7/3351 3528/7/3596
f 3637/7/3577 3626/7/3283 3512/7/3278
f 3637/7/3577 3512/7/3278 3516/7/3583
f 3367/9/3600 3541/9/3601 3650/9/3602
f 3367/9/3600 3650/9/3602 3564/9/3603
f 3905/10/3604 3867/10/3605 3548/10/3606
f 3905/10/3604 3548/10/3606 3544/10/3607
f 3867/10/3605 3895/10/3608 3382/10/3609
f 3867/10/3605 3382/10/3609 3548/10/3606
f 3367/9/3600 3564/9/3603 3652/9/3610
f 3367/9/3600 3652/9/3610 3534/9/3611
f 3368/9/3612 3534/9/3611 3652/9/3610
f 3368/9/3612 3652/9/3610 3562/9/3613
f 3861/10/3614 3879/10/3615 3537/10/3616
f 3861/10/3614 3537/10/3616 3533/10/3617
f 3368/9/3612 3860/9/3618 3897/9/3619
f 3368/9/3612 3897/9/3619 3534/9/3611
f 3368/9/3612 3562/9/3613 3654/9/3620
f 3368/9/3612 3654/9/3620 3535/9/3621
f 3369/9/3622 3535/9/3621 3654/9/3620
f 3369/9/3622 3654/9/3620 3560/9/3623
f 3853/10/3624 3887/10/3625 3539/10/3626
f 3853/10/3624 3539/10/3626 3546/10/3627
f 3369/9/3622 3852/9/3628 3881/9/3629
f 3369/9/3622 3881/9/3629 3535/9/3621
f 3369/9/3622 3560/9/3623 3656/9/3630
f 3369/9/3622 3656/9/3630 3536/9/3631
f 3370/9/3632 3545/9/3633 3658/9/3634
f 3370/9/3632 3658/9/3634 3558/9/3635
f 3883/10/3636 3871/10/3637 3377/10/3638
f 3883/10/3636 3377/10/3638 3379/10/3639
f 3871/10/3637 3907/10/3640 3378/10/3641
f 3871/10/3637 3378/10/3641 3377/10/3638
f 3370/9/3632 3558/9/3635 3660/9/3642
f 3370/9/3632 3660/9/3642 3538/9/3643
f 3371/9/3644 3538/9/3643 3660/9/3642
f 3371/9/3644 3660/9/3642 3556/9/3645
f 3907/10/3640 3863/10/3646 3543/10/3647
f 3907/10/3640 3543/10/3647 3378/10/3641
f 3863/10/3646 3905/10/3604 3544/10/3607
f 3863/10/3646 3544/10/3607 3543/10/3647
f 3371/9/3644 3556/9/3645 3650/9/3602
f 3371/9/3644 3650/9/3602 3541/9/3601
f 3372/9/3648 3547/9/3649 3662/9/3650
f 3372/9/3648 3662/9/3650 3554/9/3651
f 3857/10/3652 3901/10/3653 3380/10/3654
f 3857/10/3652 3380/10/3654 3376/10/3655
f 3893/10/3656 3857/10/3652 3376/10/3655
f 3893/10/3656 3376/10/3655 3375/10/3657
f 3372/9/3648 3554/9/3651 3664/9/3658
f 3372/9/3648 3664/9/3658 3540/9/3659
f 3373/9/3660 3536/9/3631 3656/9/3630
f 3373/9/3660 3656/9/3630 3552/9/3661
f 3849/10/3662 3893/10/3656 3375/10/3657
f 3849/10/3662 3375/10/3657 3542/10/3663
f 3373/9/3660 3848/9/3664 3889/9/3665
f 3373/9/3660 3889/9/3665 3536/9/3631
f 3373/9/3660 3552/9/3661 3662/9/3650
f 3373/9/3660 3662/9/3650 3547/9/3649
f 3374/9/3666 3540/9/3659 3664/9/3658
f 3374/9/3666 3664/9/3658 3550/9/3667
f 3901/10/3653 3875/10/3668 3381/10/3669
f 3901/10/3653 3381/10/3669 3380/10/3654
f 3875/10/3668 3883/10/3636 3379/10/3639
f 3875/10/3668 3379/10/3639 3381/10/3669
f 3374/9/3666 3550/9/3667 3658/9/3634
f 3374/9/3666 3658/9/3634 3545/9/3633
f 3549/7/3670 3520/7/3582 3634/7/3581
f 3549/7/3670 3634/7/3581 3657/7/3671
f 3551/7/3672 3655/7/3673 3635/7/3571
f 3551/7/3672 3635/7/3571 3513/7/3558
f 3370/9/3632 3538/9/3643 3909/9/3674
f 3370/9/3632 3909/9/3674 3873/9/3675
f 3551/7/3672 3513/7/3558 3636/7/3559
f 3551/7/3672 3636/7/3559 3661/7/3676
f 3879/10/3615 3853/10/3624 3546/10/3627
f 3879/10/3615 3546/10/3627 3537/10/3616
f 3553/7/3651 3661/7/3676 3636/7/3559
f 3553/7/3651 3636/7/3559 3515/7/3574
f 3367/9/3600 3869/9/3677 3904/9/3678
f 3367/9/3600 3904/9/3678 3541/9/3601
f 3553/7/3651 3515/7/3574 3638/7/3575
f 3553/7/3651 3638/7/3575 3663/7/3679
f 3372/9/3648 3540/9/3659 3900/9/3680
f 3372/9/3648 3900/9/3680 3856/9/3681
f 3555/7/3682 3659/7/3683 3640/7/3556
f 3555/7/3682 3640/7/3556 3517/7/3555
f 3367/9/3600 3534/9/3611 3897/9/3619
f 3367/9/3600 3897/9/3619 3869/9/3677
f 3555/7/3682 3517/7/3555 3639/7/3579
f 3555/7/3682 3639/7/3579 3649/7/3684
f 3887/10/3625 3849/10/3662 3542/10/3663
f 3887/10/3625 3542/10/3663 3539/10/3626
f 3557/7/3635 3657/7/3671 3634/7/3581
f 3557/7/3635 3634/7/3581 3519/7/3580
f 3371/9/3644 3865/9/3685 3909/9/3674
f 3371/9/3644 3909/9/3674 3538/9/3643
f 3557/7/3635 3519/7/3580 3640/7/3556
f 3557/7/3635 3640/7/3556 3659/7/3683
f 3369/9/3622 3536/9/3631 3889/9/3665
f 3369/9/3622 3889/9/3665 3852/9/3628
f 3559/7/3686 3653/7/3687 3633/7/3576
f 3559/7/3686 3633/7/3576 3514/7/3570
f 3895/10/3608 3861/10/3614 3533/10/3617
f 3895/10/3608 3533/10/3617 3382/10/3609
f 3559/7/3686 3514/7/3570 3635/7/3571
f 3559/7/3686 3635/7/3571 3655/7/3673
f 3561/7/3688 3651/7/3689 3637/7/3577
f 3561/7/3688 3637/7/3577 3516/7/3583
f 3371/9/3644 3541/9/3601 3904/9/3678
f 3371/9/3644 3904/9/3678 3865/9/3685
f 3561/7/3688 3516/7/3583 3633/7/3576
f 3561/7/3688 3633/7/3576 3653/7/3687
f 3374/9/3666 3877/9/3690 3900/9/3680
f 3374/9/3666 3900/9/3680 3540/9/3659
f 3563/7/3691 3649/7/3684 3639/7/3579
f 3563/7/3691 3639/7/3579 3518/7/3578
f 3368/9/3612 3535/9/3621 3881/9/3629
f 3368/9/3612 3881/9/3629 3860/9/3618
f 3563/7/3691 3518/7/3578 3637/7/3577
f 3563/7/3691 3637/7/3577 3651/7/3689
f 3374/9/3666 3545/9/3633 3885/9/3692
f 3374/9/3666 3885/9/3692 3877/9/3690
f 3372/9/3648 3856/9/3681 3892/9/3693
f 3372/9/3648 3892/9/3693 3547/9/3649
f 3370/9/3632 3873/9/3675 3885/9/3692
f 3370/9/3632 3885/9/3692 3545/9/3633
f 3937/10/3694 3935/10/3695 3675/10/3696
f 3937/10/3694 3675/10/3696 3666/10/3697
f 3936/10/3698 3933/10/3699 3670/10/3700
f 3936/10/3698 3670/10/3700 3679/10/3701
f 3935/10/3695 3932/10/3702 3668/10/3703
f 3935/10/3695 3668/10/3703 3675/10/3696
f 3939/10/3704 3936/10/3698 3679/10/3701
f 3939/10/3704 3679/10/3701 3672/10/3705
f 3942/10/3706 3934/10/3707 3676/10/3708
f 3942/10/3706 3676/10/3708 3665/10/3709
f 3938/10/3710 3928/10/3711 3669/10/3712
f 3938/10/3710 3669/10/3712 3680/10/3713
f 3934/10/3707 3937/10/3694 3666/10/3697
f 3934/10/3707 3666/10/3697 3676/10/3708
f 3933/10/3699 3938/10/3710 3680/10/3713
f 3933/10/3699 3680/10/3713 3670/10/3700
f 3940/10/3714 3939/10/3704 3672/10/3705
f 3940/10/3714 3672/10/3705 3677/10/3715
f 3941/10/3716 3931/10/3717 3673/10/3718
f 3941/10/3716 3673/10/3718 3667/10/3719
f 3932/10/3702 3940/10/3714 3677/10/3715
f 3932/10/3702 3677/10/3715 3668/10/3703
f 3931/10/3717 3930/10/3720 3671/10/3721
f 3931/10/3717 3671/10/3721 3673/10/3718
f 3943/10/3722 3941/10/3716 3667/10/3719
f 3943/10/3722 3667/10/3719 3678/10/3723
f 3930/10/3720 3929/10/3724 3674/10/3725
f 3930/10/3720 3674/10/3725 3671/10/3721
f 3929/10/3724 3942/10/3706 3665/10/3709
f 3929/10/3724 3665/10/3709 3674/10/3725
f 3928/10/3711 3943/10/3722 3678/10/3723
f 3928/10/3711 3678/10/3723 3669/10/3712
f 3507/7/3554 3629/7/3563 3639/7/3579
f 3507/7/3554 3639/7/3579 3517/7/3555
f 3689/10/3726 3711/10/3727 3770/10/3728
f 3689/10/3726 3770/10/3728 3736/10/3729
f 3681/10/3730 3711/10/3727 3746/10/3731
f 3681/10/3730 3746/10/3731 3718/10/3732
f 3682/10/3733 3716/10/3734 3742/10/3735
f 3682/10/3733 3742/10/3735 3706/10/3736
f 3682/10/3733 3706/10/3736 3744/10/3737
f 3682/10/3733 3744/10/3737 3715/10/3738
f 3683/10/3739 3728/10/3740 3748/10/3741
f 3683/10/3739 3748/10/3741 3710/10/3742
f 3683/10/3739 3710/10/3742 3747/10/3743
f 3683/10/3739 3747/10/3743 3726/10/3744
f 3685/10/3745 3717/10/3746 3749/10/3747
f 3685/10/3745 3749/10/3747 3713/10/3748
f 3685/10/3745 3713/10/3748 3742/10/3735
f 3685/10/3745 3742/10/3735 3716/10/3734
f 3686/10/3749 3718/10/3732 3746/10/3731
f 3686/10/3749 3746/10/3731 3709/10/3750
f 3686/10/3749 3709/10/3750 3749/10/3747
f 3686/10/3749 3749/10/3747 3717/10/3746
f 3688/10/3751 3710/10/3742 3748/10/3741
f 3688/10/3751 3748/10/3741 3720/10/3752
f 3688/10/3751 3720/10/3752 3751/10/3753
f 3688/10/3751 3751/10/3753 3737/10/3754
f 3732/10/3755 3689/10/3726 3736/10/3729
f 3732/10/3755 3736/10/3729 3734/10/3756
f 3689/10/3726 3731/10/3757 3746/10/3731
f 3689/10/3726 3746/10/3731 3711/10/3727
f 3690/10/3758 3730/10/3759 3743/10/3760
f 3690/10/3758 3743/10/3760 3714/10/3761
f 3690/10/3758 3714/10/3761 3748/10/3741
f 3690/10/3758 3748/10/3741 3728/10/3740
f 3692/10/3762 3723/10/3763 3750/10/3764
f 3692/10/3762 3750/10/3764 3719/10/3765
f 3692/10/3762 3719/10/3765 3744/10/3737
f 3692/10/3762 3744/10/3737 3739/10/3766
f 3693/10/3767 3724/10/3768 3742/10/3735
f 3693/10/3767 3742/10/3735 3713/10/3748
f 3693/10/3767 3713/10/3748 3749/10/3747
f 3693/10/3767 3749/10/3747 3741/10/3769
f 3694/10/3770 3721/10/3771 3751/10/3753
f 3694/10/3770 3751/10/3753 3720/10/3752
f 3694/10/3770 3720/10/3752 3748/10/3741
f 3694/10/3770 3748/10/3741 3740/10/3772
f 3695/10/3773 3722/10/3774 3743/10/3760
f 3695/10/3773 3743/10/3760 3707/10/3775
f 3695/10/3773 3707/10/3775 3745/10/3776
f 3695/10/3773 3745/10/3776 3738/10/3777
f 3696/10/3778 3738/10/3777 3745/10/3776
f 3696/10/3778 3745/10/3776 3704/10/3779
f 3696/10/3778 3704/10/3779 3750/10/3764
f 3696/10/3778 3750/10/3764 3723/10/3763
f 3697/10/3780 3739/10/3766 3744/10/3737
f 3697/10/3780 3744/10/3737 3706/10/3736
f 3697/10/3780 3706/10/3736 3742/10/3735
f 3697/10/3780 3742/10/3735 3724/10/3768
f 3698/10/3781 3741/10/3769 3749/10/3747
f 3698/10/3781 3749/10/3747 3708/10/3782
f 3698/10/3781 3708/10/3782 3751/10/3753
f 3698/10/3781 3751/10/3753 3721/10/3771
f 3699/10/3783 3705/10/3784 3745/10/3776
f 3699/10/3783 3745/10/3776 3725/10/3785
f 3762/10/3786 4415/10/3787 4443/10/3788
f 3762/10/3786 4443/10/3788 3763/10/3789
f 3711/10/3727 3681/10/3730 3768/10/3790
f 3711/10/3727 3768/10/3790 3770/10/3728
f 3700/10/3791 3725/10/3785 3745/10/3776
f 3700/10/3791 3745/10/3776 3707/10/3775
f 3700/10/3791 3707/10/3775 3743/10/3760
f 3700/10/3791 3743/10/3760 3730/10/3759
f 3701/10/3792 3740/10/3772 3748/10/3741
f 3701/10/3792 3748/10/3741 3714/10/3761
f 3701/10/3792 3714/10/3761 3743/10/3760
f 3701/10/3792 3743/10/3760 3722/10/3774
f 3702/10/3793 3737/10/3754 3751/10/3753
f 3702/10/3793 3751/10/3753 3708/10/3782
f 3702/10/3793 3708/10/3782 3749/10/3747
f 3702/10/3793 3749/10/3747 3709/10/3750
f 3702/10/3793 3709/10/3750 3746/10/3731
f 3702/10/3793 3746/10/3731 3731/10/3757
f 3703/10/3794 3726/10/3744 3747/10/3743
f 3703/10/3794 3747/10/3743 3712/10/3795
f 3948/10/3796 3801/10/3797 3927/10/3798
f 3948/10/3796 3927/10/3798 3956/10/3799
f 3785/10/3800 3784/10/3801 3688/10/3751
f 3785/10/3800 3688/10/3751 3737/10/3754
f 3785/10/3800 3737/10/3754 3702/10/3793
f 3785/10/3800 3702/10/3793 3731/10/3757
f 3704/10/3779 3745/10/3776 3705/10/3784
f 3704/10/3779 3705/10/3784 3754/10/3802
f 3744/10/3737 3719/10/3765 3755/10/3803
f 3744/10/3737 3755/10/3803 3715/10/3738
f 3750/10/3764 3704/10/3779 3754/10/3802
f 3750/10/3764 3754/10/3802 3757/10/3804
f 3719/10/3765 3750/10/3764 3757/10/3804
f 3719/10/3765 3757/10/3804 3755/10/3803
f 3755/10/3803 3757/10/3804 3760/10/3805
f 3755/10/3803 3760/10/3805 3759/10/3806
f 3754/10/3802 3705/10/3784 3756/10/3807
f 3754/10/3802 3756/10/3807 3758/10/3808
f 3757/10/3804 3754/10/3802 3758/10/3808
f 3757/10/3804 3758/10/3808 3760/10/3805
f 3699/10/3783 3761/10/3809 3756/10/3807
f 3699/10/3783 3756/10/3807 3705/10/3784
f 3764/10/3810 3765/10/3811 4455/10/3812
f 3764/10/3810 4455/10/3812 4457/10/3813
f 3766/10/3814 3764/10/3810 4457/10/3813
f 3766/10/3814 4457/10/3813 4456/10/3815
f 3765/10/3811 3763/10/3789 4443/10/3788
f 3765/10/3811 4443/10/3788 4455/10/3812
f 3758/10/3808 3756/10/3807 3763/10/3789
f 3758/10/3808 3763/10/3789 3765/10/3811
f 3759/10/3806 3760/10/3805 3764/10/3810
f 3759/10/3806 3764/10/3810 3766/10/3814
f 3760/10/3805 3758/10/3808 3765/10/3811
f 3760/10/3805 3765/10/3811 3764/10/3810
f 3761/10/3809 3762/10/3786 3763/10/3789
f 3761/10/3809 3763/10/3789 3756/10/3807
f 3769/4/3816 3767/4/3817 4468/4/3818
f 3769/4/3816 4468/4/3818 4466/4/3819
f 3735/4/3820 3769/4/3816 4466/4/3819
f 3735/4/3820 4466/4/3819 4467/4/3821
f 3687/10/3822 3732/10/3755 3734/10/3756
f 3687/10/3822 3734/10/3756 3772/10/3823
f 3967/10/3824 3957/10/3825 3773/10/3826
f 3967/10/3824 3773/10/3826 3780/10/3827
f 3969/10/3828 3959/10/3829 3781/10/3830
f 3969/10/3828 3781/10/3830 3776/10/3831
f 3959/10/3829 3960/10/3832 3774/10/3833
f 3959/10/3829 3774/10/3833 3781/10/3830
f 3970/10/3834 3969/10/3828 3776/10/3831
f 3970/10/3834 3776/10/3831 3778/10/3835
f 3971/10/3836 3962/10/3837 3775/10/3838
f 3971/10/3836 3775/10/3838 3782/10/3839
f 3972/10/3840 3963/10/3841 3777/10/3842
f 3972/10/3840 3777/10/3842 3779/10/3843
f 3957/10/3825 3972/10/3840 3779/10/3843
f 3957/10/3825 3779/10/3843 3773/10/3826
f 3962/10/3837 3970/10/3834 3778/10/3835
f 3962/10/3837 3778/10/3835 3775/10/3838
f 3960/10/3832 3967/10/3824 3780/10/3827
f 3960/10/3832 3780/10/3827 3774/10/3833
f 4696/10/3844 3964/10/3845 3783/10/3846
f 4696/10/3844 3783/10/3846 4476/10/3847
f 3964/10/3845 3971/10/3836 3782/10/3839
f 3964/10/3845 3782/10/3839 3783/10/3846
f 3732/10/3755 3785/10/3800 3731/10/3757
f 3732/10/3755 3731/10/3757 3689/10/3726
f 3732/10/3755 3687/10/3822 3784/10/3801
f 3732/10/3755 3784/10/3801 3785/10/3800
f 3688/10/3751 3784/10/3801 3747/10/3743
f 3688/10/3751 3747/10/3743 3710/10/3742
f 3687/10/3822 3712/10/3795 3747/10/3743
f 3687/10/3822 3747/10/3743 3784/10/3801
f 3762/10/3786 3761/10/3809 3796/10/3848
f 3762/10/3786 3796/10/3848 3802/10/3849
f 4415/10/3787 3762/10/3786 3802/10/3849
f 4415/10/3787 3802/10/3849 4501/10/3850
f 3691/9/3851 3729/9/3852 3787/9/3853
f 3691/9/3851 3787/9/3853 3794/9/3854
f 3699/10/3783 3725/10/3785 3795/10/3855
f 3699/10/3783 3795/10/3855 3797/10/3856
f 3684/9/3857 3727/9/3858 3800/9/3859
f 3684/9/3857 3800/9/3859 3789/9/3860
f 3726/10/3744 3703/10/3794 3801/10/3797
f 3726/10/3744 3801/10/3797 3798/10/3861
f 3761/10/3809 3699/10/3783 3797/10/3856
f 3761/10/3809 3797/10/3856 3796/10/3848
f 3725/10/3785 3700/10/3791 3790/10/3862
f 3725/10/3785 3790/10/3862 3795/10/3855
f 3730/10/3759 3690/10/3758 3792/10/3863
f 3730/10/3759 3792/10/3863 3791/10/3864
f 3700/10/3791 3730/10/3759 3791/10/3864
f 3700/10/3791 3791/10/3864 3790/10/3862
f 3729/9/3852 3684/9/3857 3789/9/3860
f 3729/9/3852 3789/9/3860 3787/9/3853
f 3703/10/3794 3712/10/3795 3753/10/3865
f 3703/10/3794 3753/10/3865 3923/10/3866
f 4503/4/3867 3733/4/3868 3735/4/3820
f 4503/4/3867 3735/4/3820 4467/4/3821
f 3723/10/3763 3692/10/3762 3803/10/3869
f 3723/10/3763 3803/10/3869 3813/10/3870
f 3739/10/3766 3697/10/3780 3808/10/3871
f 3739/10/3766 3808/10/3871 3816/10/3872
f 3694/10/3770 3740/10/3772 3817/10/3873
f 3694/10/3770 3817/10/3873 3805/10/3874
f 3722/10/3774 3695/10/3773 3806/10/3875
f 3722/10/3774 3806/10/3875 3812/10/3876
f 3692/10/3762 3739/10/3766 3816/10/3872
f 3692/10/3762 3816/10/3872 3803/10/3869
f 3697/10/3780 3724/10/3768 3814/10/3877
f 3697/10/3780 3814/10/3877 3808/10/3871
f 3724/10/3768 3693/10/3767 3804/10/3878
f 3724/10/3768 3804/10/3878 3814/10/3877
f 3741/10/3769 3698/10/3781 3809/10/3879
f 3741/10/3769 3809/10/3879 3818/10/3880
f 3695/10/3773 3738/10/3777 3815/10/3881
f 3695/10/3773 3815/10/3881 3806/10/3875
f 3738/10/3777 3696/10/3778 3807/10/3882
f 3738/10/3777 3807/10/3882 3815/10/3881
f 3740/10/3772 3701/10/3792 3810/10/3883
f 3740/10/3772 3810/10/3883 3817/10/3873
f 3693/10/3767 3741/10/3769 3818/10/3880
f 3693/10/3767 3818/10/3880 3804/10/3878
f 3698/10/3781 3721/10/3771 3811/10/3884
f 3698/10/3781 3811/10/3884 3809/10/3879
f 3721/10/3771 3694/10/3770 3805/10/3874
f 3721/10/3771 3805/10/3874 3811/10/3884
f 3696/10/3778 3723/10/3763 3813/10/3870
f 3696/10/3778 3813/10/3870 3807/10/3882
f 3701/10/3792 3722/10/3774 3812/10/3876
f 3701/10/3792 3812/10/3876 3810/10/3883
f 3673/10/3718 3811/10/3884 3805/10/3874
f 3673/10/3718 3805/10/3874 3667/10/3719
f 3671/10/3721 3809/10/3879 3811/10/3884
f 3671/10/3721 3811/10/3884 3673/10/3718
f 3674/10/3725 3818/10/3880 3809/10/3879
f 3674/10/3725 3809/10/3879 3671/10/3721
f 3665/10/3709 3804/10/3878 3818/10/3880
f 3665/10/3709 3818/10/3880 3674/10/3725
f 3676/10/3708 3814/10/3877 3804/10/3878
f 3676/10/3708 3804/10/3878 3665/10/3709
f 3666/10/3697 3808/10/3871 3814/10/3877
f 3666/10/3697 3814/10/3877 3676/10/3708
f 3675/10/3696 3816/10/3872 3808/10/3871
f 3675/10/3696 3808/10/3871 3666/10/3697
f 3668/10/3703 3803/10/3869 3816/10/3872
f 3668/10/3703 3816/10/3872 3675/10/3696
f 3677/10/3715 3813/10/3870 3803/10/3869
f 3677/10/3715 3803/10/3869 3668/10/3703
f 3672/10/3705 3807/10/3882 3813/10/3870
f 3672/10/3705 3813/10/3870 3677/10/3715
f 3679/10/3701 3815/10/3881 3807/10/3882
f 3679/10/3701 3807/10/3882 3672/10/3705
f 3670/10/3700 3806/10/3875 3815/10/3881
f 3670/10/3700 3815/10/3881 3679/10/3701
f 3680/10/3713 3812/10/3876 3806/10/3875
f 3680/10/3713 3806/10/3875 3670/10/3700
f 3669/10/3712 3810/10/3883 3812/10/3876
f 3669/10/3712 3812/10/3876 3680/10/3713
f 3678/10/3723 3817/10/3873 3810/10/3883
f 3678/10/3723 3810/10/3883 3669/10/3712
f 3667/10/3719 3805/10/3874 3817/10/3873
f 3667/10/3719 3817/10/3873 3678/10/3723
f 3716/10/3734 3682/10/3733 3822/10/3885
f 3716/10/3734 3822/10/3885 3830/10/3886
f 3718/10/3732 3686/10/3749 3826/10/3887
f 3718/10/3732 3826/10/3887 3834/10/3888
f 3685/10/3745 3716/10/3734 3830/10/3886
f 3685/10/3745 3830/10/3886 3824/10/3889
f 3682/10/3733 3715/10/3738 3828/10/3890
f 3682/10/3733 3828/10/3890 3822/10/3885
f 3686/10/3749 3717/10/3746 3832/10/3891
f 3686/10/3749 3832/10/3891 3826/10/3887
f 3681/10/3730 3718/10/3732 3834/10/3888
f 3681/10/3730 3834/10/3888 3768/10/3790
f 3715/10/3738 3755/10/3803 3820/10/3892
f 3715/10/3738 3820/10/3892 3828/10/3890
f 3717/10/3746 3685/10/3745 3824/10/3889
f 3717/10/3746 3824/10/3889 3832/10/3891
f 3766/10/3814 4456/10/3815 4539/10/3893
f 3766/10/3814 4539/10/3893 3838/10/3894
f 3759/10/3806 3766/10/3814 3838/10/3894
f 3759/10/3806 3838/10/3894 3836/10/3895
f 3755/10/3803 3759/10/3806 3836/10/3895
f 3755/10/3803 3836/10/3895 3820/10/3892
f 3821/4/3896 3827/4/3897 3839/4/3898
f 3821/4/3896 3839/4/3898 3844/4/3899
f 3839/4/3898 3840/4/3900 4542/4/3901
f 3839/4/3898 4542/4/3901 4545/4/3902
f 3841/4/3903 3842/4/3904 4544/4/3905
f 3841/4/3903 4544/4/3905 4547/4/3906
f 3843/4/3907 3844/4/3899 4543/4/3908
f 3843/4/3907 4543/4/3908 4546/4/3909
f 3842/4/3904 3843/4/3907 4546/4/3909
f 3842/4/3904 4546/4/3909 4544/4/3905
f 3844/4/3899 3839/4/3898 4545/4/3902
f 3844/4/3899 4545/4/3902 4543/4/3908
f 3823/4/3910 3829/4/3911 3843/4/3907
f 3823/4/3910 3843/4/3907 3842/4/3904
f 3829/4/3911 3821/4/3896 3844/4/3899
f 3829/4/3911 3844/4/3899 3843/4/3907
f 3831/4/3912 3823/4/3910 3842/4/3904
f 3831/4/3912 3842/4/3904 3841/4/3903
f 3827/4/3897 3819/4/3913 3840/4/3900
f 3827/4/3897 3840/4/3900 3839/4/3898
f 4538/4/3914 4542/4/3901 3840/4/3900
f 4538/4/3914 3840/4/3900 3837/4/3915
f 3837/4/3915 3840/4/3900 3819/4/3913
f 3837/4/3915 3819/4/3913 3835/4/3916
f 4554/4/3917 3845/4/3918 4557/4/3919
f 3845/4/3918 3846/4/3920 4555/4/3921
f 3845/4/3918 4555/4/3921 4557/4/3919
f 3846/4/3920 3841/4/3903 4556/4/3922
f 3846/4/3920 4556/4/3922 4555/4/3921
f 3825/4/3923 3831/4/3912 3841/4/3903
f 3825/4/3923 3841/4/3903 3846/4/3920
f 3833/4/3924 3825/4/3923 3846/4/3920
f 3833/4/3924 3846/4/3920 3845/4/3918
f 3767/4/3925 3833/4/3924 3845/4/3918
f 3767/4/3925 3845/4/3918 4554/4/3917
f 3549/7/3670 3663/7/3679 3638/7/3575
f 3549/7/3670 3638/7/3575 3520/7/3582
f 3888/10/3926 3847/10/3927 3850/10/3928
f 3888/10/3926 3850/10/3928 3890/10/3929
f 3890/10/3929 3850/10/3928 3849/10/3662
f 3890/10/3929 3849/10/3662 3887/10/3625
f 3847/10/3927 3891/10/3930 3894/10/3931
f 3847/10/3927 3894/10/3931 3850/10/3928
f 3850/10/3928 3894/10/3931 3893/10/3656
f 3850/10/3928 3893/10/3656 3849/10/3662
f 3880/10/3932 3851/10/3933 3854/10/3934
f 3880/10/3932 3854/10/3934 3882/10/3935
f 3882/10/3935 3854/10/3934 3853/10/3624
f 3882/10/3935 3853/10/3624 3879/10/3615
f 3851/10/3933 3888/10/3926 3890/10/3929
f 3851/10/3933 3890/10/3929 3854/10/3934
f 3854/10/3934 3890/10/3929 3887/10/3625
f 3854/10/3934 3887/10/3625 3853/10/3624
f 3891/10/3930 3855/10/3936 3858/10/3937
f 3891/10/3930 3858/10/3937 3894/10/3931
f 3894/10/3931 3858/10/3937 3857/10/3652
f 3894/10/3931 3857/10/3652 3893/10/3656
f 3855/10/3936 3899/10/3938 3902/10/3939
f 3855/10/3936 3902/10/3939 3858/10/3937
f 3858/10/3937 3902/10/3939 3901/10/3653
f 3858/10/3937 3901/10/3653 3857/10/3652
f 3896/10/3940 3859/10/3941 3862/10/3942
f 3896/10/3940 3862/10/3942 3898/10/3943
f 3898/10/3943 3862/10/3942 3861/10/3614
f 3898/10/3943 3861/10/3614 3895/10/3608
f 3859/10/3941 3880/10/3932 3882/10/3935
f 3859/10/3941 3882/10/3935 3862/10/3942
f 3862/10/3942 3882/10/3935 3879/10/3615
f 3862/10/3942 3879/10/3615 3861/10/3614
f 3905/10/3604 3863/10/3646 3866/10/3944
f 3905/10/3604 3866/10/3944 3906/10/3945
f 3906/10/3945 3866/10/3944 3864/10/3946
f 3906/10/3945 3864/10/3946 3903/10/3947
f 3863/10/3646 3907/10/3640 3910/10/3948
f 3863/10/3646 3910/10/3948 3866/10/3944
f 3866/10/3944 3910/10/3948 3908/10/3949
f 3866/10/3944 3908/10/3949 3864/10/3946
f 3895/10/3608 3867/10/3605 3870/10/3950
f 3895/10/3608 3870/10/3950 3898/10/3943
f 3898/10/3943 3870/10/3950 3868/10/3951
f 3898/10/3943 3868/10/3951 3896/10/3940
f 3867/10/3605 3905/10/3604 3906/10/3945
f 3867/10/3605 3906/10/3945 3870/10/3950
f 3870/10/3950 3906/10/3945 3903/10/3947
f 3870/10/3950 3903/10/3947 3868/10/3951
f 3907/10/3640 3871/10/3637 3874/10/3952
f 3907/10/3640 3874/10/3952 3910/10/3948
f 3910/10/3948 3874/10/3952 3872/10/3953
f 3910/10/3948 3872/10/3953 3908/10/3949
f 3871/10/3637 3883/10/3636 3886/10/3954
f 3871/10/3637 3886/10/3954 3874/10/3952
f 3874/10/3952 3886/10/3954 3884/10/3955
f 3874/10/3952 3884/10/3955 3872/10/3953
f 3883/10/3636 3875/10/3668 3878/10/3956
f 3883/10/3636 3878/10/3956 3886/10/3954
f 3886/10/3954 3878/10/3956 3876/10/3957
f 3886/10/3954 3876/10/3957 3884/10/3955
f 3875/10/3668 3901/10/3653 3902/10/3939
f 3875/10/3668 3902/10/3939 3878/10/3956
f 3878/10/3956 3902/10/3939 3899/10/3938
f 3878/10/3956 3899/10/3938 3876/10/3957
f 3373/9/3660 3547/9/3649 3892/9/3693
f 3373/9/3660 3892/9/3693 3848/9/3664
f 3779/10/3843 3777/10/3842 3915/10/3958
f 3779/10/3843 3915/10/3958 3917/10/3959
f 4476/10/3847 3783/10/3846 3921/10/3960
f 4476/10/3847 3921/10/3960 4629/10/3961
f 3781/10/3830 3774/10/3833 3912/10/3962
f 3781/10/3830 3912/10/3962 3919/10/3963
f 3782/10/3839 3775/10/3838 3913/10/3964
f 3782/10/3839 3913/10/3964 3920/10/3965
f 3776/10/3831 3781/10/3830 3919/10/3963
f 3776/10/3831 3919/10/3963 3914/10/3966
f 3774/10/3833 3780/10/3827 3918/10/3967
f 3774/10/3833 3918/10/3967 3912/10/3962
f 3783/10/3846 3782/10/3839 3920/10/3965
f 3783/10/3846 3920/10/3965 3921/10/3960
f 3780/10/3827 3773/10/3826 3911/10/3968
f 3780/10/3827 3911/10/3968 3918/10/3967
f 3778/10/3835 3776/10/3831 3914/10/3966
f 3778/10/3835 3914/10/3966 3916/10/3969
f 3775/10/3838 3778/10/3835 3916/10/3969
f 3775/10/3838 3916/10/3969 3913/10/3964
f 3773/10/3826 3779/10/3843 3917/10/3959
f 3773/10/3826 3917/10/3959 3911/10/3968
f 3752/4/3970 4638/4/3971 4639/4/3972
f 3752/4/3970 4639/4/3972 3922/4/3973
f 3965/4/3974 4686/4/3975 4642/4/3976
f 3965/4/3974 4642/4/3976 3924/4/3977
f 3922/4/3973 4639/4/3972 4643/4/3978
f 3922/4/3973 4643/4/3978 3926/4/3979
f 3801/10/3797 3703/10/3794 3923/10/3866
f 3801/10/3797 3923/10/3866 3927/10/3798
f 3712/10/3795 3687/10/3822 3772/10/3823
f 3712/10/3795 3772/10/3823 3753/10/3865
f 3523/7/3534 3642/7/3519 3646/7/3591
f 3523/7/3534 3646/7/3591 3532/7/3584
f 3771/4/3980 3733/4/3868 4503/4/3867
f 3771/4/3980 4503/4/3867 4646/4/3981
f 3752/4/3970 3771/4/3980 4646/4/3981
f 3752/4/3970 4646/4/3981 4638/4/3971
f 3375/10/3657 3376/10/3655 3943/10/3722
f 3375/10/3657 3943/10/3722 3928/10/3711
f 3377/10/3638 3378/10/3641 3942/10/3706
f 3377/10/3638 3942/10/3706 3929/10/3724
f 3379/10/3639 3377/10/3638 3929/10/3724
f 3379/10/3639 3929/10/3724 3930/10/3720
f 3376/10/3655 3380/10/3654 3941/10/3716
f 3376/10/3655 3941/10/3716 3943/10/3722
f 3381/10/3669 3379/10/3639 3930/10/3720
f 3381/10/3669 3930/10/3720 3931/10/3717
f 3382/10/3609 3533/10/3617 3940/10/3714
f 3382/10/3609 3940/10/3714 3932/10/3702
f 3380/10/3654 3381/10/3669 3931/10/3717
f 3380/10/3654 3931/10/3717 3941/10/3716
f 3533/10/3617 3537/10/3616 3939/10/3704
f 3533/10/3617 3939/10/3704 3940/10/3714
f 3539/10/3626 3542/10/3663 3938/10/3710
f 3539/10/3626 3938/10/3710 3933/10/3699
f 3543/10/3647 3544/10/3607 3937/10/3694
f 3543/10/3647 3937/10/3694 3934/10/3707
f 3542/10/3663 3375/10/3657 3928/10/3711
f 3542/10/3663 3928/10/3711 3938/10/3710
f 3378/10/3641 3543/10/3647 3934/10/3707
f 3378/10/3641 3934/10/3707 3942/10/3706
f 3537/10/3616 3546/10/3627 3936/10/3698
f 3537/10/3616 3936/10/3698 3939/10/3704
f 3548/10/3606 3382/10/3609 3932/10/3702
f 3548/10/3606 3932/10/3702 3935/10/3695
f 3546/10/3627 3539/10/3626 3933/10/3699
f 3546/10/3627 3933/10/3699 3936/10/3698
f 3544/10/3607 3548/10/3606 3935/10/3695
f 3544/10/3607 3935/10/3695 3937/10/3694
f 3926/4/3979 4643/4/3978 4675/4/3982
f 3926/4/3979 4675/4/3982 3955/4/3983
f 3802/10/3849 3796/10/3848 3952/10/3984
f 3802/10/3849 3952/10/3984 3949/10/3985
f 4501/10/3850 3802/10/3849 3949/10/3985
f 4501/10/3850 3949/10/3985 4674/10/3986
f 3961/9/3987 3946/9/3988 3985/9/3989
f 3961/9/3987 3985/9/3989 3989/9/3990
f 3797/10/3856 3795/10/3855 3951/10/3991
f 3797/10/3856 3951/10/3991 3947/10/3992
f 3788/1/3993 3799/1/3994 3978/1/3995
f 3788/1/3993 3978/1/3995 3982/1/3996
f 3798/10/3861 3801/10/3797 3948/10/3796
f 3798/10/3861 3948/10/3796 3953/10/3997
f 3796/10/3848 3797/10/3856 3947/10/3992
f 3796/10/3848 3947/10/3992 3952/10/3984
f 3795/10/3855 3790/10/3862 3950/10/3998
f 3795/10/3855 3950/10/3998 3951/10/3991
f 3791/10/3864 3792/10/3863 3945/10/3999
f 3791/10/3864 3945/10/3999 3944/10/4000
f 3790/10/3862 3791/10/3864 3944/10/4000
f 3790/10/3862 3944/10/4000 3950/10/3998
f 3968/9/4001 3961/9/3987 3989/9/3990
f 3968/9/4001 3989/9/3990 3986/9/4002
f 3963/10/3841 3948/10/3796 3956/10/3799
f 3963/10/3841 3956/10/3799 3966/10/4003
f 3777/10/3842 3963/10/3841 3966/10/4003
f 3777/10/3842 3966/10/4003 3925/10/4004
f 3955/4/3983 4675/4/3982 4686/4/3975
f 3955/4/3983 4686/4/3975 3965/4/3974
f 3949/10/3985 3952/10/3984 3971/10/3836
f 3949/10/3985 3971/10/3836 3964/10/3845
f 4674/10/3986 3949/10/3985 3964/10/3845
f 4674/10/3986 3964/10/3845 4696/10/3844
f 3786/1/4005 3788/1/3993 3982/1/3996
f 3786/1/4005 3982/1/3996 3975/1/4006
f 3947/10/3992 3951/10/3991 3970/10/3834
f 3947/10/3992 3970/10/3834 3962/10/3837
f 3800/9/4007 3954/9/4008 3977/9/4009
f 3800/9/4007 3977/9/4009 3979/9/4010
f 3953/10/3997 3948/10/3796 3963/10/3841
f 3953/10/3997 3963/10/3841 3972/10/3840
f 3952/10/3984 3947/10/3992 3962/10/3837
f 3952/10/3984 3962/10/3837 3971/10/3836
f 3951/10/3991 3950/10/3998 3969/10/3828
f 3951/10/3991 3969/10/3828 3970/10/3834
f 3944/10/4000 3945/10/3999 3960/10/3832
f 3944/10/4000 3960/10/3832 3959/10/3829
f 3950/10/3998 3944/10/4000 3959/10/3829
f 3950/10/3998 3959/10/3829 3969/10/3828
f 3954/9/4008 3973/9/4011 3987/9/4012
f 3954/9/4008 3987/9/4012 3977/9/4009
f 3981/9/4013 3976/9/4014 3974/9/4015
f 3981/9/4013 3974/9/4015 3985/9/3989
f 3983/9/4016 3979/9/4010 3977/9/4009
f 3983/9/4016 3977/9/4009 3984/9/4017
f 3976/9/4014 3983/9/4016 3984/9/4017
f 3976/9/4014 3984/9/4017 3974/9/4015
f 3985/9/3989 3974/9/4015 3986/9/4002
f 3985/9/3989 3986/9/4002 3989/9/3990
f 3984/9/4017 3977/9/4009 3987/9/4012
f 3984/9/4017 3987/9/4012 3988/9/4018
f 3974/9/4015 3984/9/4017 3988/9/4018
f 3974/9/4015 3988/9/4018 3986/9/4002
f 3958/9/4019 3968/9/4001 3986/9/4002
f 3958/9/4019 3986/9/4002 3988/9/4018
f 3946/9/3988 3794/9/4020 3981/9/4013
f 3946/9/3988 3981/9/4013 3985/9/3989
f 3793/1/4021 3786/1/4005 3975/1/4006
f 3793/1/4021 3975/1/4006 3980/1/4022
f 3973/9/4011 3958/9/4019 3988/9/4018
f 3973/9/4011 3988/9/4018 3987/9/4012
f 3990/7/4023 4202/7/4024 4315/7/4025
f 3990/7/4023 4315/7/4025 4191/7/4026
f 3990/7/4023 4191/7/4026 4257/7/4027
f 3990/7/4023 4257/7/4027 4074/7/4028
f 3990/7/4023 4074/7/4028 4258/7/4029
f 3990/7/4023 4258/7/4029 4073/7/4030
f 3990/7/4023 4073/7/4030 4316/7/4031
f 3990/7/4023 4316/7/4031 4202/7/4024
f 3991/7/4032 4097/7/4033 4291/7/4034
f 3991/7/4032 4291/7/4034 4098/7/4035
f 3991/7/4032 4098/7/4035 4292/7/4036
f 3991/7/4032 4292/7/4036 4104/7/4037
f 3991/7/4032 4104/7/4037 4293/7/4038
f 3991/7/4032 4293/7/4038 4106/7/4039
f 3991/7/4032 4106/7/4039 4294/7/4040
f 3991/7/4032 4294/7/4040 4097/7/4033
f 3992/7/4041 4194/7/4042 4322/7/4043
f 3992/7/4041 4322/7/4043 4200/7/4044
f 3992/7/4041 4200/7/4044 4317/7/4045
f 3992/7/4041 4317/7/4045 4078/7/4046
f 3992/7/4041 4078/7/4046 4255/7/4047
f 3992/7/4041 4255/7/4047 4087/7/4048
f 3992/7/4041 4087/7/4048 4263/7/4049
f 3992/7/4041 4263/7/4049 4194/7/4042
f 3993/7/4050 4174/7/4051 4305/7/4052
f 3993/7/4050 4305/7/4052 4169/7/4053
f 3993/7/4050 4169/7/4053 4292/7/4036
f 3993/7/4050 4292/7/4036 4098/7/4035
f 3993/7/4050 4098/7/4035 4291/7/4034
f 3993/7/4050 4291/7/4034 4096/7/4054
f 3993/7/4050 4096/7/4054 4306/7/4055
f 3993/7/4050 4306/7/4055 4174/7/4051
f 3994/7/4056 4118/7/4057 4272/7/4058
f 3994/7/4056 4272/7/4058 4137/7/4059
f 3994/7/4056 4137/7/4059 4260/7/4060
f 3994/7/4056 4260/7/4060 4079/7/4061
f 3994/7/4056 4079/7/4061 4259/7/4062
f 3994/7/4056 4259/7/4062 4131/7/4063
f 3994/7/4056 4131/7/4063 4271/7/4064
f 3994/7/4056 4271/7/4064 4118/7/4057
f 3995/7/4065 4117/7/4066 4274/7/4067
f 3995/7/4065 4274/7/4067 4138/7/4068
f 3995/7/4065 4138/7/4068 4262/7/4069
f 3995/7/4065 4262/7/4069 4082/7/4070
f 3995/7/4065 4082/7/4070 4261/7/4071
f 3995/7/4065 4261/7/4071 4132/7/4072
f 3995/7/4065 4132/7/4072 4273/7/4073
f 3995/7/4065 4273/7/4073 4117/7/4066
f 3996/7/4074 4116/7/4075 4278/7/4076
f 3996/7/4074 4278/7/4076 4136/7/4077
f 3996/7/4074 4136/7/4077 4268/7/4078
f 3996/7/4074 4268/7/4078 4080/7/4079
f 3996/7/4074 4080/7/4079 4260/7/4060
f 3996/7/4074 4260/7/4060 4137/7/4059
f 3996/7/4074 4137/7/4059 4272/7/4058
f 3996/7/4074 4272/7/4058 4116/7/4075
f 3997/7/4080 4115/7/4081 4276/7/4082
f 3997/7/4080 4276/7/4082 4134/7/4083
f 3997/7/4080 4134/7/4083 4270/7/4084
f 3997/7/4080 4270/7/4084 4081/7/4085
f 3997/7/4080 4081/7/4085 4262/7/4069
f 3997/7/4080 4262/7/4069 4138/7/4068
f 3997/7/4080 4138/7/4068 4274/7/4067
f 3997/7/4080 4274/7/4067 4115/7/4081
f 3998/7/4086 4114/7/4087 4271/7/4064
f 3998/7/4086 4271/7/4064 4131/7/4063
f 3998/7/4086 4131/7/4063 4259/7/4062
f 3998/7/4086 4259/7/4062 4093/7/4088
f 3998/7/4086 4093/7/4088 4269/7/4089
f 3998/7/4086 4269/7/4089 4133/7/4090
f 3998/7/4086 4133/7/4090 4275/7/4091
f 3998/7/4086 4275/7/4091 4114/7/4087
f 3999/7/4092 4113/7/4093 4275/7/4091
f 3999/7/4092 4275/7/4091 4133/7/4090
f 3999/7/4092 4133/7/4090 4269/7/4089
f 3999/7/4092 4269/7/4089 4094/7/4094
f 3999/7/4092 4094/7/4094 4270/7/4084
f 3999/7/4092 4270/7/4084 4134/7/4083
f 3999/7/4092 4134/7/4083 4276/7/4082
f 3999/7/4092 4276/7/4082 4113/7/4093
f 4000/7/4095 4112/7/4096 4273/7/4073
f 4000/7/4095 4273/7/4073 4132/7/4072
f 4000/7/4095 4132/7/4072 4261/7/4071
f 4000/7/4095 4261/7/4071 4091/7/4097
f 4000/7/4095 4091/7/4097 4267/7/4098
f 4000/7/4095 4267/7/4098 4135/7/4099
f 4000/7/4095 4135/7/4099 4277/7/4100
f 4000/7/4095 4277/7/4100 4112/7/4096
f 4001/7/4101 4190/7/4102 4312/7/4103
f 4001/7/4101 4312/7/4103 4184/7/4104
f 4001/7/4101 4184/7/4104 4297/7/4105
f 4001/7/4101 4297/7/4105 4152/7/4106
f 4001/7/4101 4152/7/4106 4296/7/4107
f 4001/7/4101 4296/7/4107 4155/7/4108
f 4001/7/4101 4155/7/4108 4311/7/4109
f 4001/7/4101 4311/7/4109 4190/7/4102
f 4002/7/4110 4182/7/4111 4309/7/4112
f 4002/7/4110 4309/7/4112 4177/7/4113
f 4002/7/4110 4177/7/4113 4287/7/4114
f 4002/7/4110 4287/7/4114 4143/7/4115
f 4002/7/4110 4143/7/4115 4290/7/4116
f 4002/7/4110 4290/7/4116 4142/7/4117
f 4002/7/4110 4142/7/4117 4310/7/4118
f 4002/7/4110 4310/7/4118 4182/7/4111
f 4003/7/4119 4191/7/4026 4315/7/4025
f 4003/7/4119 4315/7/4025 4196/7/4120
f 4003/7/4119 4196/7/4120 4321/7/4121
f 4003/7/4119 4321/7/4121 4193/7/4122
f 4003/7/4119 4193/7/4122 4264/7/4123
f 4003/7/4119 4264/7/4123 4075/7/4124
f 4003/7/4119 4075/7/4124 4257/7/4027
f 4003/7/4119 4257/7/4027 4191/7/4026
f 4004/7/4125 4193/7/4122 4321/7/4121
f 4004/7/4125 4321/7/4121 4195/7/4126
f 4004/7/4125 4195/7/4126 4322/7/4043
f 4004/7/4125 4322/7/4043 4194/7/4042
f 4004/7/4125 4194/7/4042 4263/7/4049
f 4004/7/4125 4263/7/4049 4088/7/4127
f 4004/7/4125 4088/7/4127 4264/7/4123
f 4004/7/4125 4264/7/4123 4193/7/4122
f 4005/7/4128 4088/7/4127 4263/7/4049
f 4005/7/4128 4263/7/4049 4109/7/4129
f 4005/7/4128 4109/7/4129 4277/7/4100
f 4005/7/4128 4277/7/4100 4111/7/4130
f 4005/7/4128 4111/7/4130 4278/7/4076
f 4005/7/4128 4278/7/4076 4110/7/4131
f 4005/7/4128 4110/7/4131 4264/7/4123
f 4005/7/4128 4264/7/4123 4088/7/4127
f 4006/7/4132 4087/7/4048 4255/7/4047
f 4006/7/4132 4255/7/4047 4105/7/4133
f 4006/7/4132 4105/7/4133 4273/7/4073
f 4006/7/4132 4273/7/4073 4112/7/4096
f 4006/7/4132 4112/7/4096 4277/7/4100
f 4006/7/4132 4277/7/4100 4109/7/4129
f 4006/7/4132 4109/7/4129 4263/7/4049
f 4006/7/4132 4263/7/4049 4087/7/4048
f 4007/7/4134 4090/7/4135 4265/7/4136
f 4007/7/4134 4265/7/4136 4107/7/4137
f 4007/7/4134 4107/7/4137 4275/7/4091
f 4007/7/4134 4275/7/4091 4113/7/4093
f 4007/7/4134 4113/7/4093 4276/7/4082
f 4007/7/4134 4276/7/4082 4108/7/4138
f 4007/7/4134 4108/7/4138 4266/7/4139
f 4007/7/4134 4266/7/4139 4090/7/4135
f 4008/7/4140 4089/7/4141 4258/7/4029
f 4008/7/4140 4258/7/4029 4103/7/4142
f 4008/7/4140 4103/7/4142 4271/7/4064
f 4008/7/4140 4271/7/4064 4114/7/4087
f 4008/7/4140 4114/7/4087 4275/7/4091
f 4008/7/4140 4275/7/4091 4107/7/4137
f 4008/7/4140 4107/7/4137 4265/7/4136
f 4008/7/4140 4265/7/4136 4089/7/4141
f 4009/7/4143 4076/7/4144 4266/7/4139
f 4009/7/4143 4266/7/4139 4108/7/4138
f 4009/7/4143 4108/7/4138 4276/7/4082
f 4009/7/4143 4276/7/4082 4115/7/4081
f 4009/7/4143 4115/7/4081 4274/7/4067
f 4009/7/4143 4274/7/4067 4086/7/4145
f 4009/7/4143 4086/7/4145 4256/7/4146
f 4009/7/4143 4256/7/4146 4076/7/4144
f 4010/7/4147 4075/7/4124 4264/7/4123
f 4010/7/4147 4264/7/4123 4110/7/4131
f 4010/7/4147 4110/7/4131 4278/7/4076
f 4010/7/4147 4278/7/4076 4116/7/4075
f 4010/7/4147 4116/7/4075 4272/7/4058
f 4010/7/4147 4272/7/4058 4084/7/4148
f 4010/7/4147 4084/7/4148 4257/7/4027
f 4010/7/4147 4257/7/4027 4075/7/4124
f 4011/7/4149 4074/7/4028 4257/7/4027
f 4011/7/4149 4257/7/4027 4084/7/4148
f 4011/7/4149 4084/7/4148 4272/7/4058
f 4011/7/4149 4272/7/4058 4118/7/4057
f 4011/7/4149 4118/7/4057 4271/7/4064
f 4011/7/4149 4271/7/4064 4103/7/4142
f 4011/7/4149 4103/7/4142 4258/7/4029
f 4011/7/4149 4258/7/4029 4074/7/4028
f 4012/7/4150 4166/7/4151 4300/7/4152
f 4012/7/4150 4300/7/4152 4160/7/4153
f 4012/7/4150 4160/7/4153 4286/7/4154
f 4012/7/4150 4286/7/4154 4126/7/4155
f 4012/7/4150 4126/7/4155 4285/7/4156
f 4012/7/4150 4285/7/4156 4127/7/4157
f 4012/7/4150 4127/7/4157 4299/7/4158
f 4012/7/4150 4299/7/4158 4166/7/4151
f 4013/7/4159 4105/7/4133 4255/7/4047
f 4013/7/4159 4255/7/4047 4148/7/4160
f 4013/7/4159 4148/7/4160 4280/7/4161
f 4013/7/4159 4280/7/4161 4121/7/4162
f 4013/7/4159 4121/7/4162 4282/7/4163
f 4013/7/4159 4282/7/4163 4147/7/4164
f 4013/7/4159 4147/7/4164 4273/7/4073
f 4013/7/4159 4273/7/4073 4105/7/4133
f 4014/7/4165 4077/7/4166 4256/7/4146
f 4014/7/4165 4256/7/4146 4149/7/4167
f 4014/7/4165 4149/7/4167 4279/7/4168
f 4014/7/4165 4279/7/4168 4119/7/4169
f 4014/7/4165 4119/7/4169 4280/7/4161
f 4014/7/4165 4280/7/4161 4148/7/4160
f 4014/7/4165 4148/7/4160 4255/7/4047
f 4014/7/4165 4255/7/4047 4077/7/4166
f 4015/7/4170 4117/7/4066 4273/7/4073
f 4015/7/4170 4273/7/4073 4147/7/4164
f 4015/7/4170 4147/7/4164 4282/7/4163
f 4015/7/4170 4282/7/4163 4122/7/4171
f 4015/7/4170 4122/7/4171 4281/7/4172
f 4015/7/4170 4281/7/4172 4150/7/4173
f 4015/7/4170 4150/7/4173 4274/7/4067
f 4015/7/4170 4274/7/4067 4117/7/4066
f 4016/7/4174 4123/7/4175 4283/7/4176
f 4016/7/4174 4283/7/4176 4124/7/4177
f 4016/7/4174 4124/7/4177 4285/7/4156
f 4016/7/4174 4285/7/4156 4126/7/4155
f 4016/7/4174 4126/7/4155 4286/7/4154
f 4016/7/4174 4286/7/4154 4125/7/4178
f 4016/7/4174 4125/7/4178 4284/7/4179
f 4016/7/4174 4284/7/4179 4123/7/4175
f 4017/7/4180 4165/7/4181 4299/7/4158
f 4017/7/4180 4299/7/4158 4127/7/4157
f 4017/7/4180 4127/7/4157 4285/7/4156
f 4017/7/4180 4285/7/4156 4124/7/4177
f 4017/7/4180 4124/7/4177 4283/7/4176
f 4017/7/4180 4283/7/4176 4129/7/4182
f 4017/7/4180 4129/7/4182 4301/7/4183
f 4017/7/4180 4301/7/4183 4165/7/4181
f 4018/7/4184 4164/7/4185 4302/7/4186
f 4018/7/4184 4302/7/4186 4162/7/4187
f 4018/7/4184 4162/7/4187 4284/7/4179
f 4018/7/4184 4284/7/4179 4125/7/4178
f 4018/7/4184 4125/7/4178 4286/7/4154
f 4018/7/4184 4286/7/4154 4160/7/4153
f 4018/7/4184 4160/7/4153 4300/7/4152
f 4018/7/4184 4300/7/4152 4164/7/4185
f 4019/7/4188 4163/7/4189 4301/7/4183
f 4019/7/4188 4301/7/4183 4129/7/4182
f 4019/7/4188 4129/7/4182 4283/7/4176
f 4019/7/4188 4283/7/4176 4123/7/4175
f 4019/7/4188 4123/7/4175 4284/7/4179
f 4019/7/4188 4284/7/4179 4162/7/4187
f 4019/7/4188 4162/7/4187 4302/7/4186
f 4019/7/4188 4302/7/4186 4163/7/4189
f 4020/7/4190 4151/7/4191 4296/7/4107
f 4020/7/4190 4296/7/4107 4152/7/4106
f 4020/7/4190 4152/7/4106 4297/7/4105
f 4020/7/4190 4297/7/4105 4154/7/4192
f 4020/7/4190 4154/7/4192 4298/7/4193
f 4020/7/4190 4298/7/4193 4153/7/4194
f 4020/7/4190 4153/7/4194 4295/7/4195
f 4020/7/4190 4295/7/4195 4151/7/4191
f 4021/7/4196 4181/7/4197 4307/7/4198
f 4021/7/4196 4307/7/4198 4139/7/4199
f 4021/7/4196 4139/7/4199 4289/7/4200
f 4021/7/4196 4289/7/4200 4144/7/4201
f 4021/7/4196 4144/7/4201 4288/7/4202
f 4021/7/4196 4288/7/4202 4176/7/4203
f 4021/7/4196 4176/7/4203 4308/7/4204
f 4021/7/4196 4308/7/4204 4181/7/4197
f 4022/7/4205 4180/7/4206 4310/7/4118
f 4022/7/4205 4310/7/4118 4142/7/4117
f 4022/7/4205 4142/7/4117 4290/7/4116
f 4022/7/4205 4290/7/4116 4146/7/4207
f 4022/7/4205 4146/7/4207 4289/7/4200
f 4022/7/4205 4289/7/4200 4139/7/4199
f 4022/7/4205 4139/7/4199 4307/7/4198
f 4022/7/4205 4307/7/4198 4180/7/4206
f 4023/7/4208 4179/7/4209 4308/7/4204
f 4023/7/4208 4308/7/4204 4176/7/4203
f 4023/7/4208 4176/7/4203 4288/7/4202
f 4023/7/4208 4288/7/4202 4145/7/4210
f 4023/7/4208 4145/7/4210 4287/7/4114
f 4023/7/4208 4287/7/4114 4177/7/4113
f 4023/7/4208 4177/7/4113 4309/7/4112
f 4023/7/4208 4309/7/4112 4179/7/4209
f 4024/7/4211 4144/7/4201 4289/7/4200
f 4024/7/4211 4289/7/4200 4146/7/4207
f 4024/7/4211 4146/7/4207 4290/7/4116
f 4024/7/4211 4290/7/4116 4143/7/4115
f 4024/7/4211 4143/7/4115 4287/7/4114
f 4024/7/4211 4287/7/4114 4145/7/4210
f 4024/7/4211 4145/7/4210 4288/7/4202
f 4024/7/4211 4288/7/4202 4144/7/4201
f 4025/7/4212 4173/7/4213 4303/7/4214
f 4025/7/4212 4303/7/4214 4083/7/4215
f 4025/7/4212 4083/7/4215 4294/7/4040
f 4025/7/4212 4294/7/4040 4106/7/4039
f 4025/7/4212 4106/7/4039 4293/7/4038
f 4025/7/4212 4293/7/4038 4168/7/4216
f 4025/7/4212 4168/7/4216 4304/7/4217
f 4025/7/4212 4304/7/4217 4173/7/4213
f 4026/7/4218 4172/7/4219 4306/7/4055
f 4026/7/4218 4306/7/4055 4096/7/4054
f 4026/7/4218 4096/7/4054 4291/7/4034
f 4026/7/4218 4291/7/4034 4097/7/4033
f 4026/7/4218 4097/7/4033 4294/7/4040
f 4026/7/4218 4294/7/4040 4083/7/4215
f 4026/7/4218 4083/7/4215 4303/7/4214
f 4026/7/4218 4303/7/4214 4172/7/4219
f 4027/7/4220 4171/7/4221 4304/7/4217
f 4027/7/4220 4304/7/4217 4168/7/4216
f 4027/7/4220 4168/7/4216 4293/7/4038
f 4027/7/4220 4293/7/4038 4104/7/4037
f 4027/7/4220 4104/7/4037 4292/7/4036
f 4027/7/4220 4292/7/4036 4169/7/4053
f 4027/7/4220 4169/7/4053 4305/7/4052
f 4027/7/4220 4305/7/4052 4171/7/4221
f 4028/7/4222 4111/7/4130 4277/7/4100
f 4028/7/4222 4277/7/4100 4135/7/4099
f 4028/7/4222 4135/7/4099 4267/7/4098
f 4028/7/4222 4267/7/4098 4092/7/4223
f 4028/7/4222 4092/7/4223 4268/7/4078
f 4028/7/4222 4268/7/4078 4136/7/4077
f 4028/7/4222 4136/7/4077 4278/7/4076
f 4028/7/4222 4278/7/4076 4111/7/4130
f 4029/7/4224 4189/7/4225 4313/7/4226
f 4029/7/4224 4313/7/4226 4185/7/4227
f 4029/7/4224 4185/7/4227 4298/7/4193
f 4029/7/4224 4298/7/4193 4154/7/4192
f 4029/7/4224 4154/7/4192 4297/7/4105
f 4029/7/4224 4297/7/4105 4184/7/4104
f 4029/7/4224 4184/7/4104 4312/7/4103
f 4029/7/4224 4312/7/4103 4189/7/4225
f 4030/7/4228 4188/7/4229 4311/7/4109
f 4030/7/4228 4311/7/4109 4155/7/4108
f 4030/7/4228 4155/7/4108 4296/7/4107
f 4030/7/4228 4296/7/4107 4151/7/4191
f 4030/7/4228 4151/7/4191 4295/7/4195
f 4030/7/4228 4295/7/4195 4158/7/4230
f 4030/7/4228 4158/7/4230 4314/7/4231
f 4030/7/4228 4314/7/4231 4188/7/4229
f 4031/7/4232 4187/7/4233 4314/7/4231
f 4031/7/4232 4314/7/4231 4158/7/4230
f 4031/7/4232 4158/7/4230 4295/7/4195
f 4031/7/4232 4295/7/4195 4153/7/4194
f 4031/7/4232 4153/7/4194 4298/7/4193
f 4031/7/4232 4298/7/4193 4185/7/4227
f 4031/7/4232 4185/7/4227 4313/7/4226
f 4031/7/4232 4313/7/4226 4187/7/4233
f 4032/7/4234 4119/7/4169 4279/7/4168
f 4032/7/4234 4279/7/4168 4161/7/4235
f 4032/7/4234 4161/7/4235 4301/7/4183
f 4032/7/4234 4301/7/4183 4163/7/4189
f 4032/7/4234 4163/7/4189 4302/7/4186
f 4032/7/4234 4302/7/4186 4130/7/4236
f 4032/7/4234 4130/7/4236 4280/7/4161
f 4032/7/4234 4280/7/4161 4119/7/4169
f 4033/7/4237 4121/7/4162 4280/7/4161
f 4033/7/4237 4280/7/4161 4130/7/4236
f 4033/7/4237 4130/7/4236 4302/7/4186
f 4033/7/4237 4302/7/4186 4164/7/4185
f 4033/7/4237 4164/7/4185 4300/7/4152
f 4033/7/4237 4300/7/4152 4128/7/4238
f 4033/7/4237 4128/7/4238 4282/7/4163
f 4033/7/4237 4282/7/4163 4121/7/4162
f 4034/7/4239 4120/7/4240 4281/7/4172
f 4034/7/4239 4281/7/4172 4159/7/4241
f 4034/7/4239 4159/7/4241 4299/7/4158
f 4034/7/4239 4299/7/4158 4165/7/4181
f 4034/7/4239 4165/7/4181 4301/7/4183
f 4034/7/4239 4301/7/4183 4161/7/4235
f 4034/7/4239 4161/7/4235 4279/7/4168
f 4034/7/4239 4279/7/4168 4120/7/4240
f 4035/7/4242 4122/7/4171 4282/7/4163
f 4035/7/4242 4282/7/4163 4128/7/4238
f 4035/7/4242 4128/7/4238 4300/7/4152
f 4035/7/4242 4300/7/4152 4166/7/4151
f 4035/7/4242 4166/7/4151 4299/7/4158
f 4035/7/4242 4299/7/4158 4159/7/4241
f 4035/7/4242 4159/7/4241 4281/7/4172
f 4035/7/4242 4281/7/4172 4122/7/4171
f 4036/7/4243 4082/7/4070 4262/7/4069
f 4036/7/4243 4262/7/4069 4085/7/4244
f 4036/7/4243 4085/7/4244 4304/7/4217
f 4036/7/4243 4304/7/4217 4171/7/4221
f 4036/7/4243 4171/7/4221 4305/7/4052
f 4036/7/4243 4305/7/4052 4095/7/4245
f 4036/7/4243 4095/7/4245 4261/7/4071
f 4036/7/4243 4261/7/4071 4082/7/4070
f 4037/7/4246 4100/7/4247 4267/7/4098
f 4037/7/4246 4267/7/4098 4170/7/4248
f 4037/7/4246 4170/7/4248 4306/7/4055
f 4037/7/4246 4306/7/4055 4172/7/4219
f 4037/7/4246 4172/7/4219 4303/7/4214
f 4037/7/4246 4303/7/4214 4167/7/4249
f 4037/7/4246 4167/7/4249 4270/7/4084
f 4037/7/4246 4270/7/4084 4100/7/4247
f 4038/7/4250 4081/7/4085 4270/7/4084
f 4038/7/4250 4270/7/4084 4167/7/4249
f 4038/7/4250 4167/7/4249 4303/7/4214
f 4038/7/4250 4303/7/4214 4173/7/4213
f 4038/7/4250 4173/7/4213 4304/7/4217
f 4038/7/4250 4304/7/4217 4085/7/4244
f 4038/7/4250 4085/7/4244 4262/7/4069
f 4038/7/4250 4262/7/4069 4081/7/4085
f 4039/7/4251 4091/7/4097 4261/7/4071
f 4039/7/4251 4261/7/4071 4095/7/4245
f 4039/7/4251 4095/7/4245 4305/7/4052
f 4039/7/4251 4305/7/4052 4174/7/4051
f 4039/7/4251 4174/7/4051 4306/7/4055
f 4039/7/4251 4306/7/4055 4170/7/4248
f 4039/7/4251 4170/7/4248 4267/7/4098
f 4039/7/4251 4267/7/4098 4091/7/4097
f 4040/7/4252 4216/7/4253 4331/7/4254
f 4040/7/4252 4331/7/4254 4211/7/4255
f 4040/7/4252 4211/7/4255 4308/7/4204
f 4040/7/4252 4308/7/4204 4179/7/4209
f 4040/7/4252 4179/7/4209 4309/7/4112
f 4040/7/4252 4309/7/4112 4212/7/4256
f 4040/7/4252 4212/7/4256 4332/7/4257
f 4040/7/4252 4332/7/4257 4216/7/4253
f 4041/7/4258 4215/7/4259 4334/7/4260
f 4041/7/4258 4334/7/4260 4178/7/4261
f 4041/7/4258 4178/7/4261 4310/7/4118
f 4041/7/4258 4310/7/4118 4180/7/4206
f 4041/7/4258 4180/7/4206 4307/7/4198
f 4041/7/4258 4307/7/4198 4175/7/4262
f 4041/7/4258 4175/7/4262 4333/7/4263
f 4041/7/4258 4333/7/4263 4215/7/4259
f 4042/7/4264 4214/7/4265 4333/7/4263
f 4042/7/4264 4333/7/4263 4175/7/4262
f 4042/7/4264 4175/7/4262 4307/7/4198
f 4042/7/4264 4307/7/4198 4181/7/4197
f 4042/7/4264 4181/7/4197 4308/7/4204
f 4042/7/4264 4308/7/4204 4211/7/4255
f 4042/7/4264 4211/7/4255 4331/7/4254
f 4042/7/4264 4331/7/4254 4214/7/4265
f 4043/7/4266 4213/7/4267 4332/7/4257
f 4043/7/4266 4332/7/4257 4212/7/4256
f 4043/7/4266 4212/7/4256 4309/7/4112
f 4043/7/4266 4309/7/4112 4182/7/4111
f 4043/7/4266 4182/7/4111 4310/7/4118
f 4043/7/4266 4310/7/4118 4178/7/4261
f 4043/7/4266 4178/7/4261 4334/7/4260
f 4043/7/4266 4334/7/4260 4213/7/4267
f 4044/7/4268 4093/7/4088 4259/7/4062
f 4044/7/4268 4259/7/4062 4186/7/4269
f 4044/7/4268 4186/7/4269 4314/7/4231
f 4044/7/4268 4314/7/4231 4187/7/4233
f 4044/7/4268 4187/7/4233 4313/7/4226
f 4044/7/4268 4313/7/4226 4157/7/4270
f 4044/7/4268 4157/7/4270 4269/7/4089
f 4044/7/4268 4269/7/4089 4093/7/4088
f 4045/7/4271 4079/7/4061 4260/7/4060
f 4045/7/4271 4260/7/4060 4183/7/4272
f 4045/7/4271 4183/7/4272 4311/7/4109
f 4045/7/4271 4311/7/4109 4188/7/4229
f 4045/7/4271 4188/7/4229 4314/7/4231
f 4045/7/4271 4314/7/4231 4186/7/4269
f 4045/7/4271 4186/7/4269 4259/7/4062
f 4045/7/4271 4259/7/4062 4079/7/4061
f 4046/7/4273 4099/7/4274 4269/7/4089
f 4046/7/4273 4269/7/4089 4157/7/4270
f 4046/7/4273 4157/7/4270 4313/7/4226
f 4046/7/4273 4313/7/4226 4189/7/4225
f 4046/7/4273 4189/7/4225 4312/7/4103
f 4046/7/4273 4312/7/4103 4156/7/4275
f 4046/7/4273 4156/7/4275 4268/7/4078
f 4046/7/4273 4268/7/4078 4099/7/4274
f 4047/7/4276 4080/7/4079 4268/7/4078
f 4047/7/4276 4268/7/4078 4156/7/4275
f 4047/7/4276 4156/7/4275 4312/7/4103
f 4047/7/4276 4312/7/4103 4190/7/4102
f 4047/7/4276 4190/7/4102 4311/7/4109
f 4047/7/4276 4311/7/4109 4183/7/4272
f 4047/7/4276 4183/7/4272 4260/7/4060
f 4047/7/4276 4260/7/4060 4080/7/4079
f 4048/7/4277 4086/7/4145 4274/7/4067
f 4048/7/4277 4274/7/4067 4150/7/4173
f 4048/7/4277 4150/7/4173 4281/7/4172
f 4048/7/4277 4281/7/4172 4120/7/4240
f 4048/7/4277 4120/7/4240 4279/7/4168
f 4048/7/4277 4279/7/4168 4149/7/4167
f 4048/7/4277 4149/7/4167 4256/7/4146
f 4048/7/4277 4256/7/4146 4086/7/4145
f 4197/7/4278 4320/7/4279 4330/7/4280
f 4197/7/4278 4330/7/4280 4207/7/4281
f 4203/7/4282 4326/7/4283 4322/7/4043
f 4203/7/4282 4322/7/4043 4195/7/4126
f 4049/7/4284 4101/7/4285 4265/7/4136
f 4049/7/4284 4265/7/4136 4090/7/4135
f 4049/7/4284 4090/7/4135 4266/7/4139
f 4049/7/4284 4266/7/4139 4102/7/4286
f 4049/7/4284 4102/7/4286 4320/7/4279
f 4049/7/4284 4320/7/4279 4197/7/4278
f 4049/7/4284 4197/7/4278 4319/7/4287
f 4049/7/4284 4319/7/4287 4101/7/4285
f 4050/7/4288 4073/7/4030 4258/7/4029
f 4050/7/4288 4258/7/4029 4089/7/4141
f 4050/7/4288 4089/7/4141 4265/7/4136
f 4050/7/4288 4265/7/4136 4101/7/4285
f 4050/7/4288 4101/7/4285 4319/7/4287
f 4050/7/4288 4319/7/4287 4198/7/4289
f 4050/7/4288 4198/7/4289 4316/7/4031
f 4050/7/4288 4316/7/4031 4073/7/4030
f 4051/7/4290 4102/7/4286 4266/7/4139
f 4051/7/4290 4266/7/4139 4076/7/4144
f 4051/7/4290 4076/7/4144 4256/7/4146
f 4051/7/4290 4256/7/4146 4192/7/4291
f 4051/7/4290 4192/7/4291 4318/7/4292
f 4051/7/4290 4318/7/4292 4199/7/4293
f 4051/7/4290 4199/7/4293 4320/7/4279
f 4051/7/4290 4320/7/4279 4102/7/4286
f 4204/7/4294 4325/7/4295 4321/7/4121
f 4204/7/4294 4321/7/4121 4196/7/4120
f 4321/7/4121 4325/7/4295 4203/7/4282
f 4321/7/4121 4203/7/4282 4195/7/4126
f 4052/7/4296 4077/7/4166 4255/7/4047
f 4052/7/4296 4255/7/4047 4078/7/4046
f 4052/7/4296 4078/7/4046 4317/7/4045
f 4052/7/4296 4317/7/4045 4201/7/4297
f 4052/7/4296 4201/7/4297 4318/7/4292
f 4052/7/4296 4318/7/4292 4192/7/4291
f 4052/7/4296 4192/7/4291 4256/7/4146
f 4052/7/4296 4256/7/4146 4077/7/4166
f 4205/7/4298 4328/7/4299 4317/7/4045
f 4205/7/4298 4317/7/4045 4200/7/4044
f 4315/7/4025 4323/7/4300 4204/7/4294
f 4315/7/4025 4204/7/4294 4196/7/4120
f 4198/7/4289 4208/7/4301 4327/7/4302
f 4198/7/4289 4327/7/4302 4316/7/4031
f 4322/7/4043 4326/7/4283 4205/7/4298
f 4322/7/4043 4205/7/4298 4200/7/4044
f 4198/7/4289 4319/7/4287 4329/7/4303
f 4198/7/4289 4329/7/4303 4208/7/4301
f 4199/7/4293 4209/7/4304 4330/7/4280
f 4199/7/4293 4330/7/4280 4320/7/4279
f 4199/7/4293 4318/7/4292 4324/7/4305
f 4199/7/4293 4324/7/4305 4209/7/4304
f 4210/7/4306 4201/7/4297 4317/7/4045
f 4210/7/4306 4317/7/4045 4328/7/4299
f 4210/7/4306 4324/7/4305 4318/7/4292
f 4210/7/4306 4318/7/4292 4201/7/4297
f 4206/7/4307 4323/7/4300 4315/7/4025
f 4206/7/4307 4315/7/4025 4202/7/4024
f 4213/7/4267 4334/7/4260 4338/7/4308
f 4213/7/4267 4338/7/4308 4222/7/4309
f 4214/7/4265 4221/7/4310 4337/7/4311
f 4214/7/4265 4337/7/4311 4333/7/4263
f 4214/7/4265 4331/7/4254 4335/7/4312
f 4214/7/4265 4335/7/4312 4221/7/4310
f 4215/7/4259 4220/7/4313 4338/7/4308
f 4215/7/4259 4338/7/4308 4334/7/4260
f 4215/7/4259 4333/7/4263 4337/7/4311
f 4215/7/4259 4337/7/4311 4220/7/4313
f 4216/7/4253 4219/7/4314 4335/7/4312
f 4216/7/4253 4335/7/4312 4331/7/4254
f 4216/7/4253 4332/7/4257 4336/7/4315
f 4216/7/4253 4336/7/4315 4219/7/4314
f 4053/7/4316 4094/7/4094 4269/7/4089
f 4053/7/4316 4269/7/4089 4140/7/4317
f 4053/7/4316 4140/7/4317 4335/7/4312
f 4053/7/4316 4335/7/4312 4219/7/4314
f 4053/7/4316 4219/7/4314 4336/7/4315
f 4053/7/4316 4336/7/4315 4141/7/4318
f 4053/7/4316 4141/7/4318 4270/7/4084
f 4053/7/4316 4270/7/4084 4094/7/4094
f 4054/7/4319 4092/7/4223 4267/7/4098
f 4054/7/4319 4267/7/4098 4218/7/4320
f 4054/7/4319 4218/7/4320 4338/7/4308
f 4054/7/4319 4338/7/4308 4220/7/4313
f 4054/7/4319 4220/7/4313 4337/7/4311
f 4054/7/4319 4337/7/4311 4217/7/4321
f 4054/7/4319 4217/7/4321 4268/7/4078
f 4054/7/4319 4268/7/4078 4092/7/4223
f 4055/7/4322 4099/7/4274 4268/7/4078
f 4055/7/4322 4268/7/4078 4217/7/4321
f 4055/7/4322 4217/7/4321 4337/7/4311
f 4055/7/4322 4337/7/4311 4221/7/4310
f 4055/7/4322 4221/7/4310 4335/7/4312
f 4055/7/4322 4335/7/4312 4140/7/4317
f 4055/7/4322 4140/7/4317 4269/7/4089
f 4055/7/4322 4269/7/4089 4099/7/4274
f 4056/7/4323 4100/7/4247 4270/7/4084
f 4056/7/4323 4270/7/4084 4141/7/4318
f 4056/7/4323 4141/7/4318 4336/7/4315
f 4056/7/4323 4336/7/4315 4222/7/4309
f 4056/7/4323 4222/7/4309 4338/7/4308
f 4056/7/4323 4338/7/4308 4218/7/4320
f 4056/7/4323 4218/7/4320 4267/7/4098
f 4056/7/4323 4267/7/4098 4100/7/4247
f 4327/7/4302 4206/7/4307 4202/7/4024
f 4327/7/4302 4202/7/4024 4316/7/4031
f 4057/9/4324 4254/9/4325 4340/9/4326
f 4057/9/4324 4340/9/4326 4231/9/4327
f 4618/10/4328 4234/10/4329 4238/10/4330
f 4618/10/4328 4238/10/4330 4580/10/4331
f 4580/10/4331 4238/10/4330 4072/10/4332
f 4580/10/4331 4072/10/4332 4608/10/4333
f 4057/9/4324 4224/9/4334 4342/9/4335
f 4057/9/4324 4342/9/4335 4254/9/4325
f 4058/9/4336 4252/9/4337 4342/9/4335
f 4058/9/4336 4342/9/4335 4224/9/4334
f 4574/10/4338 4223/10/4339 4227/10/4340
f 4574/10/4338 4227/10/4340 4592/10/4341
f 4058/9/4336 4224/9/4334 4610/9/4342
f 4058/9/4336 4610/9/4342 4573/9/4343
f 4058/9/4336 4225/9/4344 4344/9/4345
f 4058/9/4336 4344/9/4345 4252/9/4337
f 4059/9/4346 4250/9/4347 4344/9/4345
f 4059/9/4346 4344/9/4345 4225/9/4344
f 4566/10/4348 4236/10/4349 4229/10/4350
f 4566/10/4348 4229/10/4350 4600/10/4351
f 4059/9/4346 4225/9/4344 4594/9/4352
f 4059/9/4346 4594/9/4352 4565/9/4353
f 4059/9/4346 4226/9/4354 4346/9/4355
f 4059/9/4346 4346/9/4355 4250/9/4347
f 4060/9/4356 4248/9/4357 4348/9/4358
f 4060/9/4356 4348/9/4358 4235/9/4359
f 4596/10/4360 4069/10/4361 4067/10/4362
f 4596/10/4360 4067/10/4362 4584/10/4363
f 4584/10/4363 4067/10/4362 4068/10/4364
f 4584/10/4363 4068/10/4364 4620/10/4365
f 4060/9/4356 4228/9/4366 4350/9/4367
f 4060/9/4356 4350/9/4367 4248/9/4357
f 4061/9/4368 4246/9/4369 4350/9/4367
f 4061/9/4368 4350/9/4367 4228/9/4366
f 4620/10/4365 4068/10/4364 4233/10/4370
f 4620/10/4365 4233/10/4370 4576/10/4371
f 4576/10/4371 4233/10/4370 4234/10/4329
f 4576/10/4371 4234/10/4329 4618/10/4328
f 4061/9/4368 4231/9/4327 4340/9/4326
f 4061/9/4368 4340/9/4326 4246/9/4369
f 4062/9/4372 4244/9/4373 4352/9/4374
f 4062/9/4372 4352/9/4374 4237/9/4375
f 4570/10/4376 4066/10/4377 4070/10/4378
f 4570/10/4376 4070/10/4378 4614/10/4379
f 4606/10/4380 4065/10/4381 4066/10/4377
f 4606/10/4380 4066/10/4377 4570/10/4376
f 4062/9/4372 4230/9/4382 4354/9/4383
f 4062/9/4372 4354/9/4383 4244/9/4373
f 4063/9/4384 4242/9/4385 4346/9/4355
f 4063/9/4384 4346/9/4355 4226/9/4354
f 4562/10/4386 4232/10/4387 4065/10/4381
f 4562/10/4386 4065/10/4381 4606/10/4380
f 4063/9/4384 4226/9/4354 4602/9/4388
f 4063/9/4384 4602/9/4388 4561/9/4389
f 4063/9/4384 4237/9/4375 4352/9/4374
f 4063/9/4384 4352/9/4374 4242/9/4385
f 4064/9/4390 4240/9/4391 4354/9/4383
f 4064/9/4390 4354/9/4383 4230/9/4382
f 4614/10/4379 4070/10/4378 4071/10/4392
f 4614/10/4379 4071/10/4392 4588/10/4393
f 4588/10/4393 4071/10/4392 4069/10/4361
f 4588/10/4393 4069/10/4361 4596/10/4360
f 4064/9/4390 4235/9/4359 4348/9/4358
f 4064/9/4390 4348/9/4358 4240/9/4391
f 4239/7/4394 4347/7/4395 4324/7/4305
f 4239/7/4394 4324/7/4305 4210/7/4306
f 4241/7/4396 4203/7/4282 4325/7/4295
f 4241/7/4396 4325/7/4295 4345/7/4397
f 4060/9/4356 4586/9/4398 4622/9/4399
f 4060/9/4356 4622/9/4399 4228/9/4366
f 4241/7/4396 4351/7/4400 4326/7/4283
f 4241/7/4396 4326/7/4283 4203/7/4282
f 4592/10/4341 4227/10/4340 4236/10/4349
f 4592/10/4341 4236/10/4349 4566/10/4348
f 4243/7/4373 4205/7/4298 4326/7/4283
f 4243/7/4373 4326/7/4283 4351/7/4400
f 4057/9/4324 4231/9/4327 4617/9/4401
f 4057/9/4324 4617/9/4401 4582/9/4402
f 4243/7/4373 4353/7/4403 4328/7/4299
f 4243/7/4373 4328/7/4299 4205/7/4298
f 4062/9/4372 4569/9/4404 4613/9/4405
f 4062/9/4372 4613/9/4405 4230/9/4382
f 4245/7/4406 4207/7/4281 4330/7/4280
f 4245/7/4406 4330/7/4280 4349/7/4407
f 4057/9/4324 4582/9/4402 4610/9/4342
f 4057/9/4324 4610/9/4342 4224/9/4334
f 4245/7/4406 4339/7/4408 4329/7/4303
f 4245/7/4406 4329/7/4303 4207/7/4281
f 4600/10/4351 4229/10/4350 4232/10/4387
f 4600/10/4351 4232/10/4387 4562/10/4386
f 4247/7/4409 4209/7/4304 4324/7/4305
f 4247/7/4409 4324/7/4305 4347/7/4395
f 4061/9/4368 4228/9/4366 4622/9/4399
f 4061/9/4368 4622/9/4399 4578/9/4410
f 4247/7/4409 4349/7/4407 4330/7/4280
f 4247/7/4409 4330/7/4280 4209/7/4304
f 4059/9/4346 4565/9/4353 4602/9/4388
f 4059/9/4346 4602/9/4388 4226/9/4354
f 4249/7/4411 4204/7/4294 4323/7/4300
f 4249/7/4411 4323/7/4300 4343/7/4412
f 4608/10/4333 4072/10/4332 4223/10/4339
f 4608/10/4333 4223/10/4339 4574/10/4338
f 4249/7/4411 4345/7/4397 4325/7/4295
f 4249/7/4411 4325/7/4295 4204/7/4294
f 4251/7/4413 4206/7/4307 4327/7/4302
f 4251/7/4413 4327/7/4302 4341/7/4414
f 4061/9/4368 4578/9/4410 4617/9/4401
f 4061/9/4368 4617/9/4401 4231/9/4327
f 4251/7/4413 4343/7/4412 4323/7/4300
f 4251/7/4413 4323/7/4300 4206/7/4307
f 4064/9/4390 4230/9/4382 4613/9/4405
f 4064/9/4390 4613/9/4405 4590/9/4415
f 4253/7/4416 4208/7/4301 4329/7/4303
f 4253/7/4416 4329/7/4303 4339/7/4408
f 4058/9/4336 4573/9/4343 4594/9/4352
f 4058/9/4336 4594/9/4352 4225/9/4344
f 4253/7/4416 4341/7/4414 4327/7/4302
f 4253/7/4416 4327/7/4302 4208/7/4301
f 4064/9/4390 4590/9/4415 4598/9/4417
f 4064/9/4390 4598/9/4417 4235/9/4359
f 4062/9/4372 4237/9/4375 4605/9/4418
f 4062/9/4372 4605/9/4418 4569/9/4404
f 4060/9/4356 4235/9/4359 4598/9/4417
f 4060/9/4356 4598/9/4417 4586/9/4398
f 4656/10/4419 4356/10/4420 4365/10/4421
f 4656/10/4419 4365/10/4421 4654/10/4422
f 4655/10/4423 4369/10/4424 4360/10/4425
f 4655/10/4423 4360/10/4425 4652/10/4426
f 4654/10/4422 4365/10/4421 4358/10/4427
f 4654/10/4422 4358/10/4427 4651/10/4428
f 4658/10/4429 4362/10/4430 4369/10/4424
f 4658/10/4429 4369/10/4424 4655/10/4423
f 4661/10/4431 4355/10/4432 4366/10/4433
f 4661/10/4431 4366/10/4433 4653/10/4434
f 4657/10/4435 4370/10/4436 4359/10/4437
f 4657/10/4435 4359/10/4437 4647/10/4438
f 4653/10/4434 4366/10/4433 4356/10/4420
f 4653/10/4434 4356/10/4420 4656/10/4419
f 4652/10/4426 4360/10/4425 4370/10/4436
f 4652/10/4426 4370/10/4436 4657/10/4435
f 4659/10/4439 4367/10/4440 4362/10/4430
f 4659/10/4439 4362/10/4430 4658/10/4429
f 4660/10/4441 4357/10/4442 4363/10/4443
f 4660/10/4441 4363/10/4443 4650/10/4444
f 4651/10/4428 4358/10/4427 4367/10/4440
f 4651/10/4428 4367/10/4440 4659/10/4439
f 4650/10/4444 4363/10/4443 4361/10/4445
f 4650/10/4444 4361/10/4445 4649/10/4446
f 4662/10/4447 4368/10/4448 4357/10/4442
f 4662/10/4447 4357/10/4442 4660/10/4441
f 4649/10/4446 4361/10/4445 4364/10/4449
f 4649/10/4446 4364/10/4449 4648/10/4450
f 4648/10/4450 4364/10/4449 4355/10/4432
f 4648/10/4450 4355/10/4432 4661/10/4431
f 4647/10/4438 4359/10/4437 4368/10/4448
f 4647/10/4438 4368/10/4448 4662/10/4447
f 4197/7/4278 4207/7/4281 4329/7/4303
f 4197/7/4278 4329/7/4303 4319/7/4287
f 4379/10/4451 4427/10/4452 4465/10/4453
f 4379/10/4451 4465/10/4453 4401/10/4454
f 4371/10/4455 4408/10/4456 4437/10/4457
f 4371/10/4455 4437/10/4457 4401/10/4454
f 4372/10/4458 4396/10/4459 4433/10/4460
f 4372/10/4458 4433/10/4460 4406/10/4461
f 4372/10/4458 4405/10/4462 4435/10/4463
f 4372/10/4458 4435/10/4463 4396/10/4459
f 4373/10/4464 4400/10/4465 4439/10/4466
f 4373/10/4464 4439/10/4466 4419/10/4467
f 4373/10/4464 4417/10/4468 4438/10/4469
f 4373/10/4464 4438/10/4469 4400/10/4465
f 4375/10/4470 4403/10/4471 4440/10/4472
f 4375/10/4470 4440/10/4472 4407/10/4473
f 4375/10/4470 4406/10/4461 4433/10/4460
f 4375/10/4470 4433/10/4460 4403/10/4471
f 4376/10/4474 4399/10/4475 4437/10/4457
f 4376/10/4474 4437/10/4457 4408/10/4456
f 4376/10/4474 4407/10/4473 4440/10/4472
f 4376/10/4474 4440/10/4472 4399/10/4475
f 4378/10/4476 4410/10/4477 4439/10/4466
f 4378/10/4476 4439/10/4466 4400/10/4465
f 4378/10/4476 4428/10/4478 4442/10/4479
f 4378/10/4476 4442/10/4479 4410/10/4477
f 4423/10/4480 4425/10/4481 4427/10/4452
f 4423/10/4480 4427/10/4452 4379/10/4451
f 4379/10/4451 4401/10/4454 4437/10/4457
f 4379/10/4451 4437/10/4457 4422/10/4482
f 4380/10/4483 4404/10/4484 4434/10/4485
f 4380/10/4483 4434/10/4485 4421/10/4486
f 4380/10/4483 4419/10/4467 4439/10/4466
f 4380/10/4483 4439/10/4466 4404/10/4484
f 4382/10/4487 4409/10/4488 4441/10/4489
f 4382/10/4487 4441/10/4489 4413/10/4490
f 4382/10/4487 4430/10/4491 4435/10/4463
f 4382/10/4487 4435/10/4463 4409/10/4488
f 4383/10/4492 4403/10/4471 4433/10/4460
f 4383/10/4492 4433/10/4460 4414/10/4493
f 4383/10/4492 4432/10/4494 4440/10/4472
f 4383/10/4492 4440/10/4472 4403/10/4471
f 4384/10/4495 4410/10/4477 4442/10/4479
f 4384/10/4495 4442/10/4479 4411/10/4496
f 4384/10/4495 4431/10/4497 4439/10/4466
f 4384/10/4495 4439/10/4466 4410/10/4477
f 4385/10/4498 4397/10/4499 4434/10/4485
f 4385/10/4498 4434/10/4485 4412/10/4500
f 4385/10/4498 4429/10/4501 4436/10/4502
f 4385/10/4498 4436/10/4502 4397/10/4499
f 4386/10/4503 4394/10/4504 4436/10/4502
f 4386/10/4503 4436/10/4502 4429/10/4501
f 4386/10/4503 4413/10/4490 4441/10/4489
f 4386/10/4503 4441/10/4489 4394/10/4504
f 4387/10/4505 4396/10/4459 4435/10/4463
f 4387/10/4505 4435/10/4463 4430/10/4491
f 4387/10/4505 4414/10/4493 4433/10/4460
f 4387/10/4505 4433/10/4460 4396/10/4459
f 4388/10/4506 4398/10/4507 4440/10/4472
f 4388/10/4506 4440/10/4472 4432/10/4494
f 4388/10/4506 4411/10/4496 4442/10/4479
f 4388/10/4506 4442/10/4479 4398/10/4507
f 4389/10/4508 4416/10/4509 4436/10/4502
f 4389/10/4508 4436/10/4502 4395/10/4510
f 4454/10/4511 4458/10/4512 4443/10/3788
f 4454/10/4511 4443/10/3788 4415/10/3787
f 4401/10/4454 4465/10/4453 4463/10/4513
f 4401/10/4454 4463/10/4513 4371/10/4455
f 4390/10/4514 4397/10/4499 4436/10/4502
f 4390/10/4514 4436/10/4502 4416/10/4509
f 4390/10/4514 4421/10/4486 4434/10/4485
f 4390/10/4514 4434/10/4485 4397/10/4499
f 4391/10/4515 4404/10/4484 4439/10/4466
f 4391/10/4515 4439/10/4466 4431/10/4497
f 4391/10/4515 4412/10/4500 4434/10/4485
f 4391/10/4515 4434/10/4485 4404/10/4484
f 4392/10/4516 4398/10/4507 4442/10/4479
f 4392/10/4516 4442/10/4479 4428/10/4478
f 4392/10/4516 4399/10/4475 4440/10/4472
f 4392/10/4516 4440/10/4472 4398/10/4507
f 4392/10/4516 4422/10/4482 4437/10/4457
f 4392/10/4516 4437/10/4457 4399/10/4475
f 4393/10/4517 4402/10/4518 4438/10/4469
f 4393/10/4517 4438/10/4469 4417/10/4468
f 4667/10/4519 4677/10/4520 4645/10/4521
f 4667/10/4519 4645/10/4521 4500/10/4522
f 4484/10/4523 4428/10/4478 4378/10/4476
f 4484/10/4523 4378/10/4476 4483/10/4524
f 4484/10/4523 4422/10/4482 4392/10/4516
f 4484/10/4523 4392/10/4516 4428/10/4478
f 4394/10/4504 4446/10/4525 4395/10/4510
f 4394/10/4504 4395/10/4510 4436/10/4502
f 4435/10/4463 4405/10/4462 4447/10/4526
f 4435/10/4463 4447/10/4526 4409/10/4488
f 4441/10/4489 4449/10/4527 4446/10/4525
f 4441/10/4489 4446/10/4525 4394/10/4504
f 4409/10/4488 4447/10/4526 4449/10/4527
f 4409/10/4488 4449/10/4527 4441/10/4489
f 4447/10/4526 4451/10/4528 4452/10/4529
f 4447/10/4526 4452/10/4529 4449/10/4527
f 4446/10/4525 4450/10/4530 4448/10/4531
f 4446/10/4525 4448/10/4531 4395/10/4510
f 4449/10/4527 4452/10/4529 4450/10/4530
f 4449/10/4527 4450/10/4530 4446/10/4525
f 4389/10/4508 4395/10/4510 4448/10/4531
f 4389/10/4508 4448/10/4531 4453/10/4532
f 4459/10/4533 4457/10/3813 4455/10/3812
f 4459/10/4533 4455/10/3812 4460/10/4534
f 4461/10/4535 4456/10/3815 4457/10/3813
f 4461/10/4535 4457/10/3813 4459/10/4533
f 4460/10/4534 4455/10/3812 4443/10/3788
f 4460/10/4534 4443/10/3788 4458/10/4512
f 4450/10/4530 4460/10/4534 4458/10/4512
f 4450/10/4530 4458/10/4512 4448/10/4531
f 4451/10/4528 4461/10/4535 4459/10/4533
f 4451/10/4528 4459/10/4533 4452/10/4529
f 4452/10/4529 4459/10/4533 4460/10/4534
f 4452/10/4529 4460/10/4534 4450/10/4530
f 4453/10/4532 4448/10/4531 4458/10/4512
f 4453/10/4532 4458/10/4512 4454/10/4511
f 4464/4/4536 4466/4/3819 4468/4/3818
f 4464/4/4536 4468/4/3818 4462/4/4537
f 4426/4/4538 4467/4/3821 4466/4/3819
f 4426/4/4538 4466/4/3819 4464/4/4536
f 4377/10/4539 4470/10/4540 4425/10/4481
f 4377/10/4539 4425/10/4481 4423/10/4480
f 4689/10/4541 4479/10/4542 4471/10/4543
f 4689/10/4541 4471/10/4543 4678/10/4544
f 4691/10/4545 4474/10/4546 4480/10/4547
f 4691/10/4545 4480/10/4547 4680/10/4548
f 4680/10/4548 4480/10/4547 4472/10/4549
f 4680/10/4548 4472/10/4549 4681/10/4550
f 4692/10/4551 4477/10/4552 4474/10/4546
f 4692/10/4551 4474/10/4546 4691/10/4545
f 4693/10/4553 4481/10/4554 4473/10/4555
f 4693/10/4553 4473/10/4555 4683/10/4556
f 4694/10/4557 4478/10/4558 4475/10/4559
f 4694/10/4557 4475/10/4559 4684/10/4560
f 4678/10/4544 4471/10/4543 4478/10/4558
f 4678/10/4544 4478/10/4558 4694/10/4557
f 4683/10/4556 4473/10/4555 4477/10/4552
f 4683/10/4556 4477/10/4552 4692/10/4551
f 4681/10/4550 4472/10/4549 4479/10/4542
f 4681/10/4550 4479/10/4542 4689/10/4541
f 4696/10/3844 4476/10/3847 4482/10/4561
f 4696/10/3844 4482/10/4561 4685/10/4562
f 4685/10/4562 4482/10/4561 4481/10/4554
f 4685/10/4562 4481/10/4554 4693/10/4553
f 4423/10/4480 4379/10/4451 4422/10/4482
f 4423/10/4480 4422/10/4482 4484/10/4523
f 4423/10/4480 4484/10/4523 4483/10/4524
f 4423/10/4480 4483/10/4524 4377/10/4539
f 4378/10/4476 4400/10/4465 4438/10/4469
f 4378/10/4476 4438/10/4469 4483/10/4524
f 4377/10/4539 4483/10/4524 4438/10/4469
f 4377/10/4539 4438/10/4469 4402/10/4518
f 4454/10/4511 4502/10/4563 4495/10/4564
f 4454/10/4511 4495/10/4564 4453/10/4532
f 4415/10/3787 4501/10/3850 4502/10/4563
f 4415/10/3787 4502/10/4563 4454/10/4511
f 4381/9/4565 4493/9/4566 4485/9/4567
f 4381/9/4565 4485/9/4567 4420/9/4568
f 4389/10/4508 4496/10/4569 4494/10/4570
f 4389/10/4508 4494/10/4570 4416/10/4509
f 4374/9/4571 4487/9/4572 4499/9/4573
f 4374/9/4571 4499/9/4573 4418/9/4574
f 4417/10/4468 4497/10/4575 4500/10/4522
f 4417/10/4468 4500/10/4522 4393/10/4517
f 4453/10/4532 4495/10/4564 4496/10/4569
f 4453/10/4532 4496/10/4569 4389/10/4508
f 4416/10/4509 4494/10/4570 4489/10/4576
f 4416/10/4509 4489/10/4576 4390/10/4514
f 4421/10/4486 4490/10/4577 4491/10/4578
f 4421/10/4486 4491/10/4578 4380/10/4483
f 4390/10/4514 4489/10/4576 4490/10/4577
f 4390/10/4514 4490/10/4577 4421/10/4486
f 4420/9/4568 4485/9/4567 4487/9/4572
f 4420/9/4568 4487/9/4572 4374/9/4571
f 4393/10/4517 4637/10/4579 4445/10/4580
f 4393/10/4517 4445/10/4580 4402/10/4518
f 4503/4/3867 4467/4/3821 4426/4/4538
f 4503/4/3867 4426/4/4538 4424/4/4581
f 4413/10/4490 4514/10/4582 4504/10/4583
f 4413/10/4490 4504/10/4583 4382/10/4487
f 4430/10/4491 4517/10/4584 4509/10/4585
f 4430/10/4491 4509/10/4585 4387/10/4505
f 4384/10/4495 4506/10/4586 4518/10/4587
f 4384/10/4495 4518/10/4587 4431/10/4497
f 4412/10/4500 4513/10/4588 4507/10/4589
f 4412/10/4500 4507/10/4589 4385/10/4498
f 4382/10/4487 4504/10/4583 4517/10/4584
f 4382/10/4487 4517/10/4584 4430/10/4491
f 4387/10/4505 4509/10/4585 4515/10/4590
f 4387/10/4505 4515/10/4590 4414/10/4493
f 4414/10/4493 4515/10/4590 4505/10/4591
f 4414/10/4493 4505/10/4591 4383/10/4492
f 4432/10/4494 4519/10/4592 4510/10/4593
f 4432/10/4494 4510/10/4593 4388/10/4506
f 4385/10/4498 4507/10/4589 4516/10/4594
f 4385/10/4498 4516/10/4594 4429/10/4501
f 4429/10/4501 4516/10/4594 4508/10/4595
f 4429/10/4501 4508/10/4595 4386/10/4503
f 4431/10/4497 4518/10/4587 4511/10/4596
f 4431/10/4497 4511/10/4596 4391/10/4515
f 4383/10/4492 4505/10/4591 4519/10/4592
f 4383/10/4492 4519/10/4592 4432/10/4494
f 4388/10/4506 4510/10/4593 4512/10/4597
f 4388/10/4506 4512/10/4597 4411/10/4496
f 4411/10/4496 4512/10/4597 4506/10/4586
f 4411/10/4496 4506/10/4586 4384/10/4495
f 4386/10/4503 4508/10/4595 4514/10/4582
f 4386/10/4503 4514/10/4582 4413/10/4490
f 4391/10/4515 4511/10/4596 4513/10/4588
f 4391/10/4515 4513/10/4588 4412/10/4500
f 4363/10/4443 4357/10/4442 4506/10/4586
f 4363/10/4443 4506/10/4586 4512/10/4597
f 4361/10/4445 4363/10/4443 4512/10/4597
f 4361/10/4445 4512/10/4597 4510/10/4593
f 4364/10/4449 4361/10/4445 4510/10/4593
f 4364/10/4449 4510/10/4593 4519/10/4592
f 4355/10/4432 4364/10/4449 4519/10/4592
f 4355/10/4432 4519/10/4592 4505/10/4591
f 4366/10/4433 4355/10/4432 4505/10/4591
f 4366/10/4433 4505/10/4591 4515/10/4590
f 4356/10/4420 4366/10/4433 4515/10/4590
f 4356/10/4420 4515/10/4590 4509/10/4585
f 4365/10/4421 4356/10/4420 4509/10/4585
f 4365/10/4421 4509/10/4585 4517/10/4584
f 4358/10/4427 4365/10/4421 4517/10/4584
f 4358/10/4427 4517/10/4584 4504/10/4583
f 4367/10/4440 4358/10/4427 4504/10/4583
f 4367/10/4440 4504/10/4583 4514/10/4582
f 4362/10/4430 4367/10/4440 4514/10/4582
f 4362/10/4430 4514/10/4582 4508/10/4595
f 4369/10/4424 4362/10/4430 4508/10/4595
f 4369/10/4424 4508/10/4595 4516/10/4594
f 4360/10/4425 4369/10/4424 4516/10/4594
f 4360/10/4425 4516/10/4594 4507/10/4589
f 4370/10/4436 4360/10/4425 4507/10/4589
f 4370/10/4436 4507/10/4589 4513/10/4588
f 4359/10/4437 4370/10/4436 4513/10/4588
f 4359/10/4437 4513/10/4588 4511/10/4596
f 4368/10/4448 4359/10/4437 4511/10/4596
f 4368/10/4448 4511/10/4596 4518/10/4587
f 4357/10/4442 4368/10/4448 4518/10/4587
f 4357/10/4442 4518/10/4587 4506/10/4586
f 4406/10/4461 4531/10/4598 4523/10/4599
f 4406/10/4461 4523/10/4599 4372/10/4458
f 4408/10/4456 4535/10/4600 4527/10/4601
f 4408/10/4456 4527/10/4601 4376/10/4474
f 4375/10/4470 4525/10/4602 4531/10/4598
f 4375/10/4470 4531/10/4598 4406/10/4461
f 4372/10/4458 4523/10/4599 4529/10/4603
f 4372/10/4458 4529/10/4603 4405/10/4462
f 4376/10/4474 4527/10/4601 4533/10/4604
f 4376/10/4474 4533/10/4604 4407/10/4473
f 4371/10/4455 4463/10/4513 4535/10/4600
f 4371/10/4455 4535/10/4600 4408/10/4456
f 4405/10/4462 4529/10/4603 4521/10/4605
f 4405/10/4462 4521/10/4605 4447/10/4526
f 4407/10/4473 4533/10/4604 4525/10/4602
f 4407/10/4473 4525/10/4602 4375/10/4470
f 4461/10/4535 4541/10/4606 4539/10/3893
f 4461/10/4535 4539/10/3893 4456/10/3815
f 4451/10/4528 4537/10/4607 4541/10/4606
f 4451/10/4528 4541/10/4606 4461/10/4535
f 4447/10/4526 4521/10/4605 4537/10/4607
f 4447/10/4526 4537/10/4607 4451/10/4528
f 4522/4/4608 4553/4/4609 4548/4/4610
f 4522/4/4608 4548/4/4610 4528/4/4611
f 4548/4/4610 4545/4/3902 4542/4/3901
f 4548/4/4610 4542/4/3901 4549/4/4612
f 4550/4/4613 4547/4/3906 4544/4/3905
f 4550/4/4613 4544/4/3905 4551/4/4614
f 4552/4/4615 4546/4/3909 4543/4/3908
f 4552/4/4615 4543/4/3908 4553/4/4609
f 4551/4/4614 4544/4/3905 4546/4/3909
f 4551/4/4614 4546/4/3909 4552/4/4615
f 4553/4/4609 4543/4/3908 4545/4/3902
f 4553/4/4609 4545/4/3902 4548/4/4610
f 4524/4/4616 4551/4/4614 4552/4/4615
f 4524/4/4616 4552/4/4615 4530/4/4617
f 4530/4/4617 4552/4/4615 4553/4/4609
f 4530/4/4617 4553/4/4609 4522/4/4608
f 4532/4/4618 4550/4/4613 4551/4/4614
f 4532/4/4618 4551/4/4614 4524/4/4616
f 4528/4/4611 4548/4/4610 4549/4/4612
f 4528/4/4611 4549/4/4612 4520/4/4619
f 4538/4/3914 4540/4/4620 4549/4/4612
f 4538/4/3914 4549/4/4612 4542/4/3901
f 4540/4/4620 4536/4/4621 4520/4/4619
f 4540/4/4620 4520/4/4619 4549/4/4612
f 4554/4/3917 4557/4/3919 4558/4/4622
f 4558/4/4622 4557/4/3919 4555/4/3921
f 4558/4/4622 4555/4/3921 4559/4/4623
f 4559/4/4623 4555/4/3921 4556/4/3922
f 4559/4/4623 4556/4/3922 4550/4/4613
f 4526/4/4624 4559/4/4623 4550/4/4613
f 4526/4/4624 4550/4/4613 4532/4/4618
f 4534/4/4625 4558/4/4622 4559/4/4623
f 4534/4/4625 4559/4/4623 4526/4/4624
f 4462/4/4626 4554/4/3917 4558/4/4622
f 4462/4/4626 4558/4/4622 4534/4/4625
f 4239/7/4394 4210/7/4306 4328/7/4299
f 4239/7/4394 4328/7/4299 4353/7/4403
f 4601/10/4627 4603/10/4628 4563/10/4629
f 4601/10/4627 4563/10/4629 4560/10/4630
f 4603/10/4628 4600/10/4351 4562/10/4386
f 4603/10/4628 4562/10/4386 4563/10/4629
f 4560/10/4630 4563/10/4629 4607/10/4631
f 4560/10/4630 4607/10/4631 4604/10/4632
f 4563/10/4629 4562/10/4386 4606/10/4380
f 4563/10/4629 4606/10/4380 4607/10/4631
f 4593/10/4633 4595/10/4634 4567/10/4635
f 4593/10/4633 4567/10/4635 4564/10/4636
f 4595/10/4634 4592/10/4341 4566/10/4348
f 4595/10/4634 4566/10/4348 4567/10/4635
f 4564/10/4636 4567/10/4635 4603/10/4628
f 4564/10/4636 4603/10/4628 4601/10/4627
f 4567/10/4635 4566/10/4348 4600/10/4351
f 4567/10/4635 4600/10/4351 4603/10/4628
f 4604/10/4632 4607/10/4631 4571/10/4637
f 4604/10/4632 4571/10/4637 4568/10/4638
f 4607/10/4631 4606/10/4380 4570/10/4376
f 4607/10/4631 4570/10/4376 4571/10/4637
f 4568/10/4638 4571/10/4637 4615/10/4639
f 4568/10/4638 4615/10/4639 4612/10/4640
f 4571/10/4637 4570/10/4376 4614/10/4379
f 4571/10/4637 4614/10/4379 4615/10/4639
f 4609/10/4641 4611/10/4642 4575/10/4643
f 4609/10/4641 4575/10/4643 4572/10/4644
f 4611/10/4642 4608/10/4333 4574/10/4338
f 4611/10/4642 4574/10/4338 4575/10/4643
f 4572/10/4644 4575/10/4643 4595/10/4634
f 4572/10/4644 4595/10/4634 4593/10/4633
f 4575/10/4643 4574/10/4338 4592/10/4341
f 4575/10/4643 4592/10/4341 4595/10/4634
f 4618/10/4328 4619/10/4645 4579/10/4646
f 4618/10/4328 4579/10/4646 4576/10/4371
f 4619/10/4645 4616/10/4647 4577/10/4648
f 4619/10/4645 4577/10/4648 4579/10/4646
f 4576/10/4371 4579/10/4646 4623/10/4649
f 4576/10/4371 4623/10/4649 4620/10/4365
f 4579/10/4646 4577/10/4648 4621/10/4650
f 4579/10/4646 4621/10/4650 4623/10/4649
f 4608/10/4333 4611/10/4642 4583/10/4651
f 4608/10/4333 4583/10/4651 4580/10/4331
f 4611/10/4642 4609/10/4641 4581/10/4652
f 4611/10/4642 4581/10/4652 4583/10/4651
f 4580/10/4331 4583/10/4651 4619/10/4645
f 4580/10/4331 4619/10/4645 4618/10/4328
f 4583/10/4651 4581/10/4652 4616/10/4647
f 4583/10/4651 4616/10/4647 4619/10/4645
f 4620/10/4365 4623/10/4649 4587/10/4653
f 4620/10/4365 4587/10/4653 4584/10/4363
f 4623/10/4649 4621/10/4650 4585/10/4654
f 4623/10/4649 4585/10/4654 4587/10/4653
f 4584/10/4363 4587/10/4653 4599/10/4655
f 4584/10/4363 4599/10/4655 4596/10/4360
f 4587/10/4653 4585/10/4654 4597/10/4656
f 4587/10/4653 4597/10/4656 4599/10/4655
f 4596/10/4360 4599/10/4655 4591/10/4657
f 4596/10/4360 4591/10/4657 4588/10/4393
f 4599/10/4655 4597/10/4656 4589/10/4658
f 4599/10/4655 4589/10/4658 4591/10/4657
f 4588/10/4393 4591/10/4657 4615/10/4639
f 4588/10/4393 4615/10/4639 4614/10/4379
f 4591/10/4657 4589/10/4658 4612/10/4640
f 4591/10/4657 4612/10/4640 4615/10/4639
f 4063/9/4384 4561/9/4389 4605/9/4418
f 4063/9/4384 4605/9/4418 4237/9/4375
f 4478/10/4558 4631/10/4659 4628/10/4660
f 4478/10/4558 4628/10/4660 4475/10/4559
f 4476/10/3847 4629/10/3961 4635/10/4661
f 4476/10/3847 4635/10/4661 4482/10/4561
f 4480/10/4547 4633/10/4662 4625/10/4663
f 4480/10/4547 4625/10/4663 4472/10/4549
f 4481/10/4554 4634/10/4664 4626/10/4665
f 4481/10/4554 4626/10/4665 4473/10/4555
f 4474/10/4546 4627/10/4666 4633/10/4662
f 4474/10/4546 4633/10/4662 4480/10/4547
f 4472/10/4549 4625/10/4663 4632/10/4667
f 4472/10/4549 4632/10/4667 4479/10/4542
f 4482/10/4561 4635/10/4661 4634/10/4664
f 4482/10/4561 4634/10/4664 4481/10/4554
f 4479/10/4542 4632/10/4667 4624/10/4668
f 4479/10/4542 4624/10/4668 4471/10/4543
f 4477/10/4552 4630/10/4669 4627/10/4666
f 4477/10/4552 4627/10/4666 4474/10/4546
f 4473/10/4555 4626/10/4665 4630/10/4669
f 4473/10/4555 4630/10/4669 4477/10/4552
f 4471/10/4543 4624/10/4668 4631/10/4659
f 4471/10/4543 4631/10/4659 4478/10/4558
f 4444/4/4670 4636/4/4671 4639/4/3972
f 4444/4/4670 4639/4/3972 4638/4/3971
f 4687/4/4672 4640/4/4673 4642/4/3976
f 4687/4/4672 4642/4/3976 4686/4/3975
f 4636/4/4671 4644/4/4674 4643/4/3978
f 4636/4/4671 4643/4/3978 4639/4/3972
f 4500/10/4522 4645/10/4521 4637/10/4579
f 4500/10/4522 4637/10/4579 4393/10/4517
f 4402/10/4518 4445/10/4580 4470/10/4540
f 4402/10/4518 4470/10/4540 4377/10/4539
f 4213/7/4267 4222/7/4309 4336/7/4315
f 4213/7/4267 4336/7/4315 4332/7/4257
f 4469/4/4675 4646/4/3981 4503/4/3867
f 4469/4/4675 4503/4/3867 4424/4/4581
f 4444/4/4670 4638/4/3971 4646/4/3981
f 4444/4/4670 4646/4/3981 4469/4/4675
f 4065/10/4381 4647/10/4438 4662/10/4447
f 4065/10/4381 4662/10/4447 4066/10/4377
f 4067/10/4362 4648/10/4450 4661/10/4431
f 4067/10/4362 4661/10/4431 4068/10/4364
f 4069/10/4361 4649/10/4446 4648/10/4450
f 4069/10/4361 4648/10/4450 4067/10/4362
f 4066/10/4377 4662/10/4447 4660/10/4441
f 4066/10/4377 4660/10/4441 4070/10/4378
f 4071/10/4392 4650/10/4444 4649/10/4446
f 4071/10/4392 4649/10/4446 4069/10/4361
f 4072/10/4332 4651/10/4428 4659/10/4439
f 4072/10/4332 4659/10/4439 4223/10/4339
f 4070/10/4378 4660/10/4441 4650/10/4444
f 4070/10/4378 4650/10/4444 4071/10/4392
f 4223/10/4339 4659/10/4439 4658/10/4429
f 4223/10/4339 4658/10/4429 4227/10/4340
f 4229/10/4350 4652/10/4426 4657/10/4435
f 4229/10/4350 4657/10/4435 4232/10/4387
f 4233/10/4370 4653/10/4434 4656/10/4419
f 4233/10/4370 4656/10/4419 4234/10/4329
f 4232/10/4387 4657/10/4435 4647/10/4438
f 4232/10/4387 4647/10/4438 4065/10/4381
f 4068/10/4364 4661/10/4431 4653/10/4434
f 4068/10/4364 4653/10/4434 4233/10/4370
f 4227/10/4340 4658/10/4429 4655/10/4423
f 4227/10/4340 4655/10/4423 4236/10/4349
f 4238/10/4330 4654/10/4422 4651/10/4428
f 4238/10/4330 4651/10/4428 4072/10/4332
f 4236/10/4349 4655/10/4423 4652/10/4426
f 4236/10/4349 4652/10/4426 4229/10/4350
f 4234/10/4329 4656/10/4419 4654/10/4422
f 4234/10/4329 4654/10/4422 4238/10/4330
f 4644/4/4674 4676/4/4676 4675/4/3982
f 4644/4/4674 4675/4/3982 4643/4/3978
f 4502/10/4563 4668/10/4677 4671/10/4678
f 4502/10/4563 4671/10/4678 4495/10/4564
f 4501/10/3850 4674/10/3986 4668/10/4677
f 4501/10/3850 4668/10/4677 4502/10/4563
f 4682/9/4679 4712/9/4680 4708/9/4681
f 4682/9/4679 4708/9/4681 4665/9/4682
f 4496/10/4569 4666/10/4683 4670/10/4684
f 4496/10/4569 4670/10/4684 4494/10/4570
f 4488/1/4685 4706/1/4686 4701/1/4687
f 4488/1/4685 4701/1/4687 4498/1/4688
f 4497/10/4575 4672/10/4689 4667/10/4519
f 4497/10/4575 4667/10/4519 4500/10/4522
f 4495/10/4564 4671/10/4678 4666/10/4683
f 4495/10/4564 4666/10/4683 4496/10/4569
f 4494/10/4570 4670/10/4684 4669/10/4690
f 4494/10/4570 4669/10/4690 4489/10/4576
f 4490/10/4577 4663/10/4691 4664/10/4692
f 4490/10/4577 4664/10/4692 4491/10/4578
f 4489/10/4576 4669/10/4690 4663/10/4691
f 4489/10/4576 4663/10/4691 4490/10/4577
f 4690/9/4693 4709/9/4694 4712/9/4680
f 4690/9/4693 4712/9/4680 4682/9/4679
f 4684/10/4560 4688/10/4695 4677/10/4520
f 4684/10/4560 4677/10/4520 4667/10/4519
f 4475/10/4559 4641/10/4696 4688/10/4695
f 4475/10/4559 4688/10/4695 4684/10/4560
f 4676/4/4676 4687/4/4672 4686/4/3975
f 4676/4/4676 4686/4/3975 4675/4/3982
f 4668/10/4677 4685/10/4562 4693/10/4553
f 4668/10/4677 4693/10/4553 4671/10/4678
f 4674/10/3986 4696/10/3844 4685/10/4562
f 4674/10/3986 4685/10/4562 4668/10/4677
f 4486/1/4697 4699/1/4698 4706/1/4686
f 4486/1/4697 4706/1/4686 4488/1/4685
f 4666/10/4683 4683/10/4556 4692/10/4551
f 4666/10/4683 4692/10/4551 4670/10/4684
f 4499/9/4699 4702/9/4700 4700/9/4701
f 4499/9/4699 4700/9/4701 4673/9/4702
f 4672/10/4689 4694/10/4557 4684/10/4560
f 4672/10/4689 4684/10/4560 4667/10/4519
f 4671/10/4678 4693/10/4553 4683/10/4556
f 4671/10/4678 4683/10/4556 4666/10/4683
f 4670/10/4684 4692/10/4551 4691/10/4545
f 4670/10/4684 4691/10/4545 4669/10/4690
f 4663/10/4691 4680/10/4548 4681/10/4550
f 4663/10/4691 4681/10/4550 4664/10/4692
f 4669/10/4690 4691/10/4545 4680/10/4548
f 4669/10/4690 4680/10/4548 4663/10/4691
f 4673/9/4702 4700/9/4701 4710/9/4703
f 4673/9/4702 4710/9/4703 4695/9/4704
f 4704/9/4705 4708/9/4681 4697/9/4706
f 4704/9/4705 4697/9/4706 4698/9/4707
f 4705/9/4708 4707/9/4709 4700/9/4701
f 4705/9/4708 4700/9/4701 4702/9/4700
f 4698/9/4707 4697/9/4706 4707/9/4709
f 4698/9/4707 4707/9/4709 4705/9/4708
f 4708/9/4681 4712/9/4680 4709/9/4694
f 4708/9/4681 4709/9/4694 4697/9/4706
f 4707/9/4709 4711/9/4710 4710/9/4703
f 4707/9/4709 4710/9/4703 4700/9/4701
f 4697/9/4706 4709/9/4694 4711/9/4710
f 4697/9/4706 4711/9/4710 4707/9/4709
f 4679/9/4711 4711/9/4710 4709/9/4694
f 4679/9/4711 4709/9/4694 4690/9/4693
f 4665/9/4682 4708/9/4681 4704/9/4705
f 4665/9/4682 4704/9/4705 4493/9/4712
f 4492/1/4713 4703/1/4714 4699/1/4698
f 4492/1/4713 4699/1/4698 4486/1/4697
f 4695/9/4704 4710/9/4703 4711/9/4710
f 4695/9/4704 4711/9/4710 4679/9/4711
f 5074/7/4715 4820/7/4716 4743/7/4717
f 5074/7/4715 4743/7/4717 4921/7/4718
f 4818/7/4719 4742/7/4720 4922/7/4721
f 4818/7/4719 4922/7/4721 5073/7/4722
f 4713/7/4723 4740/7/4724 4822/7/4725
f 4713/7/4723 4822/7/4725 4775/7/4726
f 4838/1/4727 4760/1/4728 4795/1/4729
f 4838/1/4727 4795/1/4729 4863/1/4730
f 4714/7/4731 4743/7/4717 4820/7/4716
f 4714/7/4731 4820/7/4716 4738/7/4732
f 4714/7/4731 4738/7/4732 4819/7/4733
f 4714/7/4731 4819/7/4733 4741/7/4734
f 4821/7/4735 5075/7/4736 4922/7/4721
f 4821/7/4735 4922/7/4721 4742/7/4720
f 4874/7/4737 4825/7/4738 5077/7/4739
f 4874/7/4737 5077/7/4739 5098/7/4740
f 4715/7/4741 4741/7/4734 4819/7/4733
f 4715/7/4741 4819/7/4733 4739/7/4742
f 4715/7/4741 4739/7/4742 4822/7/4725
f 4715/7/4741 4822/7/4725 4740/7/4724
f 4875/1/4743 4824/1/4744 4744/1/4745
f 4875/1/4743 4744/1/4745 4817/1/4746
f 5076/1/4747 4824/1/4744 4875/1/4743
f 5076/1/4747 4875/1/4743 5097/1/4748
f 4823/1/4749 4745/1/4750 4816/1/4751
f 4823/1/4749 4816/1/4751 4878/1/4752
f 4817/1/4746 4744/1/4745 4823/1/4749
f 4817/1/4746 4823/1/4749 4878/1/4752
f 4827/1/4753 4777/1/4754 4815/1/4755
f 4827/1/4753 4815/1/4755 4879/1/4756
f 4816/1/4751 4745/1/4750 4827/1/4753
f 4816/1/4751 4827/1/4753 4879/1/4756
f 5089/1/4757 4931/1/4758 4750/1/4759
f 5089/1/4757 4750/1/4759 4846/1/4760
f 4814/7/4761 4776/7/4754 4851/7/4762
f 4814/7/4761 4851/7/4762 4876/7/4763
f 4876/7/4763 4851/7/4762 4788/7/4764
f 4876/7/4763 4788/7/4764 4813/7/4765
f 5081/1/4766 4832/1/4767 4750/1/4759
f 5081/1/4766 4750/1/4759 4931/1/4758
f 4835/1/4768 5082/1/4769 4938/1/4770
f 4835/1/4768 4938/1/4770 4754/1/4771
f 4716/7/4772 4770/7/4773 4848/7/4774
f 4716/7/4772 4848/7/4774 4774/7/4775
f 4716/7/4772 4774/7/4775 4847/7/4776
f 4716/7/4772 4847/7/4776 4769/7/4777
f 4716/7/4772 4769/7/4777 4830/7/4778
f 4716/7/4772 4830/7/4778 4751/7/4779
f 4716/7/4772 4751/7/4779 4833/7/4780
f 4716/7/4772 4833/7/4780 4770/7/4773
f 4717/1/4781 4888/1/4782 4773/1/4783
f 4717/1/4781 4773/1/4783 4846/1/4760
f 4717/1/4781 4846/1/4760 4750/1/4759
f 4717/1/4781 4750/1/4759 4832/1/4767
f 4717/1/4781 4832/1/4767 4753/1/4784
f 4717/1/4781 4753/1/4784 4831/1/4778
f 4717/1/4781 4831/1/4778 4888/1/4782
f 4718/1/4785 4755/1/4786 4827/1/4753
f 4718/1/4785 4827/1/4753 4745/1/4750
f 4718/1/4785 4745/1/4750 4823/1/4749
f 4718/1/4785 4823/1/4749 4756/1/4787
f 4718/1/4785 4756/1/4787 4835/1/4768
f 4718/1/4785 4835/1/4768 4754/1/4771
f 4718/1/4785 4754/1/4771 4836/1/4788
f 4718/1/4785 4836/1/4788 4755/1/4786
f 4835/1/4768 4757/1/4789 4939/1/4790
f 4835/1/4768 4939/1/4790 5082/1/4769
f 4754/1/4771 4938/1/4770 5083/1/4791
f 4754/1/4771 5083/1/4791 4836/1/4788
f 5084/1/4792 4837/1/4793 4758/1/4794
f 5084/1/4792 4758/1/4794 4941/1/4795
f 4939/1/4790 4757/1/4789 4837/1/4793
f 4939/1/4790 4837/1/4793 5084/1/4792
f 5083/1/4791 4944/1/4796 4759/1/4797
f 5083/1/4791 4759/1/4797 4836/1/4788
f 4941/1/4795 4758/1/4794 4824/1/4744
f 4941/1/4795 4824/1/4744 5076/1/4747
f 4719/1/4798 4756/1/4787 4823/1/4749
f 4719/1/4798 4823/1/4749 4744/1/4745
f 4719/1/4798 4744/1/4745 4824/1/4744
f 4719/1/4798 4824/1/4744 4758/1/4794
f 4719/1/4798 4758/1/4794 4837/1/4793
f 4719/1/4798 4837/1/4793 4757/1/4789
f 4719/1/4798 4757/1/4789 4835/1/4768
f 4719/1/4798 4835/1/4768 4756/1/4787
f 4838/1/4727 5085/1/4799 4946/1/4800
f 4838/1/4727 4946/1/4800 4760/1/4728
f 4759/1/4797 4944/1/4796 5090/1/4801
f 4759/1/4797 5090/1/4801 4854/1/4802
f 4821/7/4735 4761/7/4803 4925/7/4804
f 4821/7/4735 4925/7/4804 5075/7/4736
f 4760/1/4728 4946/1/4800 5078/1/4739
f 4760/1/4728 5078/1/4739 4826/1/4738
f 4818/7/4719 4850/7/4805 4787/7/4806
f 4818/7/4719 4787/7/4806 4742/7/4720
f 4795/1/4729 4760/1/4728 4826/1/4738
f 4795/1/4729 4826/1/4738 4859/1/4807
f 4841/7/4808 5086/7/4809 4925/7/4804
f 4841/7/4808 4925/7/4804 4761/7/4803
f 5074/7/4715 4949/7/4810 4762/7/4811
f 5074/7/4715 4762/7/4811 4820/7/4716
f 4720/7/4812 4746/7/4813 4819/7/4733
f 4720/7/4812 4819/7/4733 4738/7/4732
f 4720/7/4812 4738/7/4732 4820/7/4716
f 4720/7/4812 4820/7/4716 4762/7/4811
f 4720/7/4812 4762/7/4811 4842/7/4814
f 4720/7/4812 4842/7/4814 4763/7/4815
f 4720/7/4812 4763/7/4815 4839/7/4816
f 4720/7/4812 4839/7/4816 4746/7/4813
f 4721/7/4817 4747/7/4818 4822/7/4725
f 4721/7/4817 4822/7/4725 4739/7/4742
f 4721/7/4817 4739/7/4742 4819/7/4733
f 4721/7/4817 4819/7/4733 4746/7/4813
f 4721/7/4817 4746/7/4813 4839/7/4816
f 4721/7/4817 4839/7/4816 4764/7/4819
f 4721/7/4817 4764/7/4819 4840/7/4820
f 4721/7/4817 4840/7/4820 4747/7/4818
f 4722/7/4821 4785/7/4822 4850/7/4805
f 4722/7/4821 4850/7/4805 4775/7/4726
f 4722/7/4821 4775/7/4726 4822/7/4725
f 4722/7/4821 4822/7/4725 4747/7/4818
f 4722/7/4821 4747/7/4818 4840/7/4820
f 4722/7/4821 4840/7/4820 4781/7/4823
f 4722/7/4821 4781/7/4823 4855/7/4824
f 4722/7/4821 4855/7/4824 4785/7/4822
f 5087/7/4825 4842/7/4814 4762/7/4811
f 5087/7/4825 4762/7/4811 4949/7/4810
f 4867/7/4826 4807/7/4827 5000/7/4828
f 4867/7/4826 5000/7/4828 5093/7/4829
f 4873/7/4830 5096/7/4831 5000/7/4828
f 4873/7/4830 5000/7/4828 4807/7/4827
f 5094/7/4832 4956/7/4833 4768/7/4834
f 5094/7/4832 4768/7/4834 4869/7/4835
f 4723/7/4836 4796/7/4837 4864/7/4838
f 4723/7/4836 4864/7/4838 4801/7/4839
f 4723/7/4836 4801/7/4839 4869/7/4835
f 4723/7/4836 4869/7/4835 4768/7/4834
f 4723/7/4836 4768/7/4834 4845/7/4840
f 4723/7/4836 4845/7/4840 4772/7/4841
f 4723/7/4836 4772/7/4841 4847/7/4776
f 4723/7/4836 4847/7/4776 4796/7/4837
f 4724/7/4842 4797/7/4843 4865/7/4844
f 4724/7/4842 4865/7/4844 4800/7/4845
f 4724/7/4842 4800/7/4845 4864/7/4838
f 4724/7/4842 4864/7/4838 4796/7/4837
f 4724/7/4842 4796/7/4837 4847/7/4776
f 4724/7/4842 4847/7/4776 4774/7/4775
f 4724/7/4842 4774/7/4775 4848/7/4774
f 4724/7/4842 4848/7/4774 4797/7/4843
f 4725/7/4846 4784/7/4847 4870/7/4848
f 4725/7/4846 4870/7/4848 4799/7/4849
f 4725/7/4846 4799/7/4849 4865/7/4844
f 4725/7/4846 4865/7/4844 4797/7/4843
f 4725/7/4846 4797/7/4843 4848/7/4774
f 4725/7/4846 4848/7/4774 4782/7/4850
f 4725/7/4846 4782/7/4850 4856/7/4851
f 4725/7/4846 4856/7/4851 4784/7/4847
f 5088/7/4852 4845/7/4840 4768/7/4834
f 5088/7/4852 4768/7/4834 4956/7/4833
f 4854/1/4802 5090/1/4801 4969/1/4853
f 4854/1/4802 4969/1/4853 4780/1/4854
f 4726/7/4855 4794/7/4856 4871/7/4857
f 4726/7/4855 4871/7/4857 4798/7/4858
f 4726/7/4855 4798/7/4858 4870/7/4848
f 4726/7/4855 4870/7/4848 4784/7/4847
f 4726/7/4855 4784/7/4847 4856/7/4851
f 4726/7/4855 4856/7/4851 4792/7/4859
f 4726/7/4855 4792/7/4859 4862/7/4860
f 4726/7/4855 4862/7/4860 4794/7/4856
f 4727/7/4861 4793/7/4862 4857/7/4863
f 4727/7/4861 4857/7/4863 4787/7/4806
f 4727/7/4861 4787/7/4806 4850/7/4805
f 4727/7/4861 4850/7/4805 4785/7/4822
f 4727/7/4861 4785/7/4822 4855/7/4824
f 4727/7/4861 4855/7/4824 4791/7/4864
f 4727/7/4861 4791/7/4864 4861/7/4865
f 4727/7/4861 4861/7/4865 4793/7/4862
f 4728/1/4866 4777/1/4754 4827/1/4753
f 4728/1/4866 4827/1/4753 4755/1/4786
f 4728/1/4866 4755/1/4786 4836/1/4788
f 4728/1/4866 4836/1/4788 4759/1/4797
f 4728/1/4866 4759/1/4797 4854/1/4802
f 4728/1/4866 4854/1/4802 4786/1/4867
f 4728/1/4866 4786/1/4867 4852/1/4868
f 4728/1/4866 4852/1/4868 4777/1/4754
f 4829/7/4869 5080/7/4870 4991/7/4871
f 4829/7/4869 4991/7/4871 4806/7/4872
f 4780/1/4854 4969/1/4853 5091/1/4873
f 4780/1/4854 5091/1/4873 4863/1/4730
f 5094/7/4832 4869/7/4835 4842/7/4814
f 5094/7/4832 4842/7/4814 5087/7/4825
f 4813/7/4765 4788/7/4764 4858/7/4807
f 4813/7/4765 4858/7/4807 4877/7/4874
f 4857/7/4863 4821/7/4735 4742/7/4720
f 4857/7/4863 4742/7/4720 4787/7/4806
f 4858/7/4807 4825/7/4738 4874/7/4737
f 4858/7/4807 4874/7/4737 4877/7/4874
f 5085/1/4799 4838/1/4727 4863/1/4730
f 5085/1/4799 4863/1/4730 5091/1/4873
f 4804/7/4875 4997/7/4876 5095/7/4877
f 4804/7/4875 5095/7/4877 4872/7/4878
f 4857/7/4863 4793/7/4862 4761/7/4803
f 4857/7/4863 4761/7/4803 4821/7/4735
f 4861/7/4865 4841/7/4808 4761/7/4803
f 4861/7/4865 4761/7/4803 4793/7/4862
f 4871/7/4857 4794/7/4856 4765/7/4879
f 4871/7/4857 4765/7/4879 4866/7/4880
f 4862/7/4860 4843/7/4881 4765/7/4879
f 4862/7/4860 4765/7/4879 4794/7/4856
f 4861/7/4865 4871/7/4857 4866/7/4880
f 4861/7/4865 4866/7/4880 4841/7/4808
f 4729/1/4882 4789/1/4764 4852/1/4868
f 4729/1/4882 4852/1/4868 4786/1/4867
f 4729/1/4882 4786/1/4867 4854/1/4802
f 4729/1/4882 4854/1/4802 4780/1/4854
f 4729/1/4882 4780/1/4854 4863/1/4730
f 4729/1/4882 4863/1/4730 4795/1/4729
f 4729/1/4882 4795/1/4729 4859/1/4807
f 4729/1/4882 4859/1/4807 4789/1/4764
f 4855/7/4824 4870/7/4848 4798/7/4858
f 4855/7/4824 4798/7/4858 4791/7/4864
f 4862/7/4860 4802/7/4883 4748/7/4884
f 4862/7/4860 4748/7/4884 4843/7/4881
f 4866/7/4880 5092/7/4885 5086/7/4809
f 4866/7/4880 5086/7/4809 4841/7/4808
f 4791/7/4864 4798/7/4858 4871/7/4857
f 4791/7/4864 4871/7/4857 4861/7/4865
f 4865/7/4844 4799/7/4849 4781/7/4823
f 4865/7/4844 4781/7/4823 4840/7/4820
f 4864/7/4838 4800/7/4845 4764/7/4819
f 4864/7/4838 4764/7/4819 4839/7/4816
f 4781/7/4823 4799/7/4849 4870/7/4848
f 4781/7/4823 4870/7/4848 4855/7/4824
f 4842/7/4814 4869/7/4835 4801/7/4839
f 4842/7/4814 4801/7/4839 4763/7/4815
f 4764/7/4819 4800/7/4845 4865/7/4844
f 4764/7/4819 4865/7/4844 4840/7/4820
f 4873/7/4830 4805/7/4886 4996/7/4887
f 4873/7/4830 4996/7/4887 5096/7/4831
f 4763/7/4815 4801/7/4839 4864/7/4838
f 4763/7/4815 4864/7/4838 4839/7/4816
f 4860/7/4888 4828/7/4889 4748/7/4884
f 4860/7/4888 4748/7/4884 4802/7/4883
f 4860/7/4888 4877/7/4874 4874/7/4737
f 4860/7/4888 4874/7/4737 4828/7/4889
f 4730/7/4890 4790/7/4891 4860/7/4888
f 4730/7/4890 4860/7/4888 4802/7/4883
f 4730/7/4890 4802/7/4883 4862/7/4860
f 4730/7/4890 4862/7/4860 4792/7/4859
f 4730/7/4890 4792/7/4859 4856/7/4851
f 4730/7/4890 4856/7/4851 4803/7/4892
f 4730/7/4890 4803/7/4892 4853/7/4893
f 4730/7/4890 4853/7/4893 4790/7/4891
f 4732/1/4894 4783/1/4850 4849/1/4895
f 4732/1/4894 4849/1/4895 4771/1/4896
f 4732/1/4894 4771/1/4896 4834/1/4897
f 4732/1/4894 4834/1/4897 4779/1/4898
f 4731/7/4894 4778/7/4899 4853/7/4893
f 4731/7/4894 4853/7/4893 4803/7/4892
f 4731/7/4894 4803/7/4892 4856/7/4851
f 4731/7/4894 4856/7/4851 4782/7/4850
f 4872/7/4878 5095/7/4877 4996/7/4887
f 4872/7/4878 4996/7/4887 4805/7/4886
f 4804/7/4875 4806/7/4872 4991/7/4871
f 4804/7/4875 4991/7/4871 4997/7/4876
f 5097/1/4748 4875/1/4743 4832/1/4767
f 5097/1/4748 4832/1/4767 5081/1/4766
f 4733/7/4900 4808/7/4901 4844/7/4902
f 4733/7/4900 4844/7/4902 4749/7/4903
f 4733/7/4900 4749/7/4903 4829/7/4869
f 4733/7/4900 4829/7/4869 4806/7/4872
f 4733/7/4900 4806/7/4872 4804/7/4875
f 4733/7/4900 4804/7/4875 4872/7/4878
f 4733/7/4900 4872/7/4878 4808/7/4901
f 4735/7/4904 4812/7/4905 4736/7/4906
f 4735/7/4904 4736/7/4906 4810/7/4907
f 4811/7/4908 4736/7/4906 4812/7/4905
f 4811/7/4908 4812/7/4905 4734/7/4909
f 4734/7/4909 4812/7/4905 4872/7/4878
f 4734/7/4909 4872/7/4878 4805/7/4886
f 4734/7/4909 4805/7/4886 4873/7/4830
f 4734/7/4909 4873/7/4830 4811/7/4908
f 4735/7/4904 4767/7/4910 4844/7/4902
f 4735/7/4904 4844/7/4902 4808/7/4901
f 4735/7/4904 4808/7/4901 4872/7/4878
f 4735/7/4904 4872/7/4878 4812/7/4905
f 4736/7/4906 4811/7/4908 4873/7/4830
f 4736/7/4906 4873/7/4830 4807/7/4827
f 4736/7/4906 4807/7/4827 4867/7/4826
f 4736/7/4906 4867/7/4826 4810/7/4907
f 4853/7/4893 4876/7/4763 4813/7/4765
f 4853/7/4893 4813/7/4765 4790/7/4891
f 4790/7/4891 4813/7/4765 4877/7/4874
f 4790/7/4891 4877/7/4874 4860/7/4888
f 4874/7/4737 5098/7/4740 5079/7/4911
f 4874/7/4737 5079/7/4911 4828/7/4889
f 4779/1/4898 4834/1/4897 4879/1/4756
f 4779/1/4898 4879/1/4756 4815/1/4755
f 4778/7/4899 4814/7/4761 4876/7/4763
f 4778/7/4899 4876/7/4763 4853/7/4893
f 4752/1/4779 4831/1/4778 4878/1/4752
f 4752/1/4779 4878/1/4752 4816/1/4751
f 4752/1/4779 4816/1/4751 4879/1/4756
f 4752/1/4779 4879/1/4756 4834/1/4897
f 4832/1/4767 4875/1/4743 4817/1/4746
f 4832/1/4767 4817/1/4746 4753/1/4784
f 4753/1/4784 4817/1/4746 4878/1/4752
f 4753/1/4784 4878/1/4752 4831/1/4778
f 4921/7/4718 4743/7/4717 4886/7/4912
f 4921/7/4718 4886/7/4912 5107/7/4913
f 4767/7/4910 4735/7/4904 4810/7/4907
f 4766/7/4914 4809/7/4914 4868/7/4914
f 4737/7/4915 4914/7/4916 5103/7/4917
f 4737/7/4915 5103/7/4917 4883/7/4918
f 4743/7/4717 4714/7/4731 4881/7/4919
f 4743/7/4717 4881/7/4919 4886/7/4912
f 4741/7/4734 4715/7/4741 4882/7/4920
f 4741/7/4734 4882/7/4920 4885/7/4921
f 4714/7/4731 4741/7/4734 4885/7/4921
f 4714/7/4731 4885/7/4921 4881/7/4919
f 4715/7/4741 4740/7/4724 4884/7/4922
f 4715/7/4741 4884/7/4922 4882/7/4920
f 4713/7/4723 4737/7/4915 4883/7/4918
f 4713/7/4723 4883/7/4918 4880/7/4923
f 4740/7/4724 4713/7/4723 4880/7/4923
f 4740/7/4724 4880/7/4923 4884/7/4922
f 4850/7/4805 4818/7/4719 4737/7/4915
f 4737/7/4915 4713/7/4723 4775/7/4726
f 4737/7/4915 4775/7/4726 4850/7/4805
f 4818/7/4719 5073/7/4722 4914/7/4916
f 4818/7/4719 4914/7/4916 4737/7/4915
f 4887/7/4782 4830/7/4778 4769/7/4777
f 4772/7/4841 4887/7/4782 4769/7/4777
f 4772/7/4841 4769/7/4777 4847/7/4776
f 5074/7/4715 4921/7/4718 4920/7/4924
f 5074/7/4715 4920/7/4924 5013/7/4925
f 5011/7/4926 5073/7/4722 4922/7/4721
f 5011/7/4926 4922/7/4721 4919/7/4927
f 4889/7/4928 4963/7/4929 5015/7/4930
f 4889/7/4928 5015/7/4930 4917/7/4931
f 5031/1/4932 5056/1/4933 4984/1/4934
f 5031/1/4932 4984/1/4934 4945/1/4935
f 4890/7/4936 4915/7/4937 5013/7/4925
f 4890/7/4936 5013/7/4925 4920/7/4924
f 4890/7/4936 4918/7/4938 5012/7/4939
f 4890/7/4936 5012/7/4939 4915/7/4937
f 5014/7/4940 4919/7/4927 4922/7/4721
f 5014/7/4940 4922/7/4721 5075/7/4736
f 5067/7/4941 5098/7/4740 5077/7/4739
f 5067/7/4941 5077/7/4739 5018/7/4942
f 4891/7/4943 4916/7/4944 5012/7/4939
f 4891/7/4943 5012/7/4939 4918/7/4938
f 4891/7/4943 4917/7/4931 5015/7/4930
f 4891/7/4943 5015/7/4930 4916/7/4944
f 5068/1/4945 5010/1/4946 4923/1/4947
f 5068/1/4945 4923/1/4947 5017/1/4948
f 5076/1/4747 5097/1/4748 5068/1/4945
f 5076/1/4747 5068/1/4945 5017/1/4948
f 5016/1/4949 5071/1/4950 5009/1/4951
f 5016/1/4949 5009/1/4951 4924/1/4952
f 5010/1/4946 5071/1/4950 5016/1/4949
f 5010/1/4946 5016/1/4949 4923/1/4947
f 5020/1/4953 5072/1/4954 5008/1/4955
f 5020/1/4953 5008/1/4955 4965/1/4956
f 5009/1/4951 5072/1/4954 5020/1/4953
f 5009/1/4951 5020/1/4953 4924/1/4952
f 5089/1/4757 5039/1/4957 4930/1/4958
f 5089/1/4757 4930/1/4958 4931/1/4758
f 5007/7/4959 5069/7/4960 5044/7/4961
f 5007/7/4959 5044/7/4961 4964/7/4956
f 5069/7/4960 5006/7/4962 4977/7/4963
f 5069/7/4960 4977/7/4963 5044/7/4961
f 5081/1/4766 4931/1/4758 4930/1/4958
f 5081/1/4766 4930/1/4958 5025/1/4964
f 5028/1/4965 4935/1/4966 4938/1/4770
f 5028/1/4965 4938/1/4770 5082/1/4769
f 4892/7/4967 4962/7/4968 5041/7/4969
f 4892/7/4967 5041/7/4969 4958/7/4970
f 4892/7/4967 4957/7/4971 5040/7/4972
f 4892/7/4967 5040/7/4972 4962/7/4968
f 4892/7/4967 4932/7/4973 5023/7/4974
f 4892/7/4967 5023/7/4974 4957/7/4971
f 4892/7/4967 4958/7/4970 5026/7/4975
f 4892/7/4967 5026/7/4975 4932/7/4973
f 4893/1/4976 4961/1/4977 5109/1/4978
f 4893/1/4976 4930/1/4958 5039/1/4957
f 4893/1/4976 5039/1/4957 4961/1/4977
f 4893/1/4976 4934/1/4979 5025/1/4964
f 4893/1/4976 5025/1/4964 4930/1/4958
f 4893/1/4976 5109/1/4978 5024/1/4974
f 4893/1/4976 5024/1/4974 4934/1/4979
f 4894/1/4980 4924/1/4952 5020/1/4953
f 4894/1/4980 5020/1/4953 4936/1/4981
f 4894/1/4980 4937/1/4982 5016/1/4949
f 4894/1/4980 5016/1/4949 4924/1/4952
f 4894/1/4980 4935/1/4966 5028/1/4965
f 4894/1/4980 5028/1/4965 4937/1/4982
f 4894/1/4980 4936/1/4981 5029/1/4983
f 4894/1/4980 5029/1/4983 4935/1/4966
f 5028/1/4965 5082/1/4769 4939/1/4790
f 5028/1/4965 4939/1/4790 4940/1/4984
f 4935/1/4966 5029/1/4983 5083/1/4791
f 4935/1/4966 5083/1/4791 4938/1/4770
f 5084/1/4792 4941/1/4795 4942/1/4985
f 5084/1/4792 4942/1/4985 5030/1/4986
f 4939/1/4790 5084/1/4792 5030/1/4986
f 4939/1/4790 5030/1/4986 4940/1/4984
f 5083/1/4791 5029/1/4983 4943/1/4987
f 5083/1/4791 4943/1/4987 4944/1/4796
f 4941/1/4795 5076/1/4747 5017/1/4948
f 4941/1/4795 5017/1/4948 4942/1/4985
f 4895/1/4988 4923/1/4947 5016/1/4949
f 4895/1/4988 5016/1/4949 4937/1/4982
f 4895/1/4988 4942/1/4985 5017/1/4948
f 4895/1/4988 5017/1/4948 4923/1/4947
f 4895/1/4988 4940/1/4984 5030/1/4986
f 4895/1/4988 5030/1/4986 4942/1/4985
f 4895/1/4988 4937/1/4982 5028/1/4965
f 4895/1/4988 5028/1/4965 4940/1/4984
f 5031/1/4932 4945/1/4935 4946/1/4800
f 5031/1/4932 4946/1/4800 5085/1/4799
f 4943/1/4987 5047/1/4989 5090/1/4801
f 4943/1/4987 5090/1/4801 4944/1/4796
f 5014/7/4940 5075/7/4736 4925/7/4804
f 5014/7/4940 4925/7/4804 4947/7/4990
f 4945/1/4935 5019/1/4942 5078/1/4739
f 4945/1/4935 5078/1/4739 4946/1/4800
f 5011/7/4926 4919/7/4927 4976/7/4991
f 5011/7/4926 4976/7/4991 5043/7/4992
f 4984/1/4934 5052/1/4993 5019/1/4942
f 4984/1/4934 5019/1/4942 4945/1/4935
f 5034/7/4994 4947/7/4990 4925/7/4804
f 5034/7/4994 4925/7/4804 5086/7/4809
f 5074/7/4715 5013/7/4925 4948/7/4995
f 5074/7/4715 4948/7/4995 4949/7/4810
f 4896/7/4996 4915/7/4937 5012/7/4939
f 4896/7/4996 5012/7/4939 4926/7/4997
f 4896/7/4996 4948/7/4995 5013/7/4925
f 4896/7/4996 5013/7/4925 4915/7/4937
f 4896/7/4996 4950/7/4998 5035/7/4999
f 4896/7/4996 5035/7/4999 4948/7/4995
f 4896/7/4996 4926/7/4997 5032/7/5000
f 4896/7/4996 5032/7/5000 4950/7/4998
f 4897/7/5001 4916/7/4944 5015/7/4930
f 4897/7/5001 5015/7/4930 4927/7/5002
f 4897/7/5001 4926/7/4997 5012/7/4939
f 4897/7/5001 5012/7/4939 4916/7/4944
f 4897/7/5001 4951/7/5003 5032/7/5000
f 4897/7/5001 5032/7/5000 4926/7/4997
f 4897/7/5001 4927/7/5002 5033/7/5004
f 4897/7/5001 5033/7/5004 4951/7/5003
f 4898/7/5005 4963/7/4929 5043/7/4992
f 4898/7/5005 5043/7/4992 4974/7/5006
f 4898/7/5005 4927/7/5002 5015/7/4930
f 4898/7/5005 5015/7/4930 4963/7/4929
f 4898/7/5005 4970/7/5007 5033/7/5004
f 4898/7/5005 5033/7/5004 4927/7/5002
f 4898/7/5005 4974/7/5006 5048/7/5008
f 4898/7/5005 5048/7/5008 4970/7/5007
f 5087/7/4825 4949/7/4810 4948/7/4995
f 5087/7/4825 4948/7/4995 5035/7/4999
f 5060/7/5009 5093/7/4829 5000/7/4828
f 5060/7/5009 5000/7/4828 4999/7/5010
f 5066/7/5011 4999/7/5010 5000/7/4828
f 5066/7/5011 5000/7/4828 5096/7/4831
f 5094/7/4832 5062/7/5012 4955/7/5013
f 5094/7/4832 4955/7/5013 4956/7/4833
f 4899/7/5014 4990/7/5015 5057/7/5016
f 4899/7/5014 5057/7/5016 4985/7/5017
f 4899/7/5014 4955/7/5013 5062/7/5012
f 4899/7/5014 5062/7/5012 4990/7/5015
f 4899/7/5014 4960/7/4977 5038/7/5018
f 4899/7/5014 5038/7/5018 4955/7/5013
f 4899/7/5014 4985/7/5017 5040/7/4972
f 4899/7/5014 5040/7/4972 4960/7/4977
f 4900/7/5019 4989/7/5020 5058/7/5021
f 4900/7/5019 5058/7/5021 4986/7/5022
f 4900/7/5019 4985/7/5017 5057/7/5016
f 4900/7/5019 5057/7/5016 4989/7/5020
f 4900/7/5019 4962/7/4968 5040/7/4972
f 4900/7/5019 5040/7/4972 4985/7/5017
f 4900/7/5019 4986/7/5022 5041/7/4969
f 4900/7/5019 5041/7/4969 4962/7/4968
f 4901/7/5023 4988/7/5024 5063/7/5025
f 4901/7/5023 5063/7/5025 4973/7/5026
f 4901/7/5023 4986/7/5022 5058/7/5021
f 4901/7/5023 5058/7/5021 4988/7/5024
f 4901/7/5023 4971/7/5027 5041/7/4969
f 4901/7/5023 5041/7/4969 4986/7/5022
f 4901/7/5023 4973/7/5026 5049/7/5028
f 4901/7/5023 5049/7/5028 4971/7/5027
f 5088/7/4852 4956/7/4833 4955/7/5013
f 5088/7/4852 4955/7/5013 5038/7/5018
f 5047/1/4989 4968/1/5029 4969/1/4853
f 5047/1/4989 4969/1/4853 5090/1/4801
f 4902/7/5030 4987/7/5031 5064/7/5032
f 4902/7/5030 5064/7/5032 4983/7/5033
f 4902/7/5030 4973/7/5026 5063/7/5025
f 4902/7/5030 5063/7/5025 4987/7/5031
f 4902/7/5030 4981/7/5034 5049/7/5028
f 4902/7/5030 5049/7/5028 4973/7/5026
f 4902/7/5030 4983/7/5033 5055/7/5035
f 4902/7/5030 5055/7/5035 4981/7/5034
f 4903/7/5036 4976/7/4991 5050/7/5037
f 4903/7/5036 5050/7/5037 4982/7/5038
f 4903/7/5036 4974/7/5006 5043/7/4992
f 4903/7/5036 5043/7/4992 4976/7/4991
f 4903/7/5036 4980/7/5039 5048/7/5008
f 4903/7/5036 5048/7/5008 4974/7/5006
f 4903/7/5036 4982/7/5038 5054/7/5040
f 4903/7/5036 5054/7/5040 4980/7/5039
f 4904/1/5041 4936/1/4981 5020/1/4953
f 4904/1/5041 5020/1/4953 4965/1/4956
f 4904/1/5041 4943/1/4987 5029/1/4983
f 4904/1/5041 5029/1/4983 4936/1/4981
f 4904/1/5041 4975/1/5042 5047/1/4989
f 4904/1/5041 5047/1/4989 4943/1/4987
f 4904/1/5041 4965/1/4956 5045/1/5043
f 4904/1/5041 5045/1/5043 4975/1/5042
f 5021/7/5044 4998/7/5045 4991/7/4871
f 5021/7/5044 4991/7/4871 5080/7/4870
f 4968/1/5029 5056/1/4933 5091/1/4873
f 4968/1/5029 5091/1/4873 4969/1/4853
f 5094/7/4832 5087/7/4825 5035/7/4999
f 5094/7/4832 5035/7/4999 5062/7/5012
f 5006/7/4962 5070/7/5046 5051/7/4993
f 5006/7/4962 5051/7/4993 4977/7/4963
f 5050/7/5037 4976/7/4991 4919/7/4927
f 5050/7/5037 4919/7/4927 5014/7/4940
f 5051/7/4993 5070/7/5046 5067/7/4941
f 5051/7/4993 5067/7/4941 5018/7/4942
f 5085/1/4799 5091/1/4873 5056/1/4933
f 5085/1/4799 5056/1/4933 5031/1/4932
f 4994/7/5047 5065/7/5048 5095/7/4877
f 4994/7/5047 5095/7/4877 4997/7/4876
f 5050/7/5037 5014/7/4940 4947/7/4990
f 5050/7/5037 4947/7/4990 4982/7/5038
f 5054/7/5040 4982/7/5038 4947/7/4990
f 5054/7/5040 4947/7/4990 5034/7/4994
f 5064/7/5032 5061/7/5049 4954/7/5050
f 5064/7/5032 4954/7/5050 4983/7/5033
f 5055/7/5035 4983/7/5033 4954/7/5050
f 5055/7/5035 4954/7/5050 5037/7/5051
f 5054/7/5040 5034/7/4994 5061/7/5049
f 5054/7/5040 5061/7/5049 5064/7/5032
f 4905/1/5052 4975/1/5042 5045/1/5043
f 4905/1/5052 5045/1/5043 4978/1/4963
f 4905/1/5052 4968/1/5029 5047/1/4989
f 4905/1/5052 5047/1/4989 4975/1/5042
f 4905/1/5052 4984/1/4934 5056/1/4933
f 4905/1/5052 5056/1/4933 4968/1/5029
f 4905/1/5052 4978/1/4963 5052/1/4993
f 4905/1/5052 5052/1/4993 4984/1/4934
f 5048/7/5008 4980/7/5039 4987/7/5031
f 5048/7/5008 4987/7/5031 5063/7/5025
f 5055/7/5035 5037/7/5051 4929/7/5053
f 5055/7/5035 4929/7/5053 4992/7/5054
f 5061/7/5049 5034/7/4994 5086/7/4809
f 5061/7/5049 5086/7/4809 5092/7/4885
f 4980/7/5039 5054/7/5040 5064/7/5032
f 4980/7/5039 5064/7/5032 4987/7/5031
f 5058/7/5021 5033/7/5004 4970/7/5007
f 5058/7/5021 4970/7/5007 4988/7/5024
f 5057/7/5016 5032/7/5000 4951/7/5003
f 5057/7/5016 4951/7/5003 4989/7/5020
f 4970/7/5007 5048/7/5008 5063/7/5025
f 4970/7/5007 5063/7/5025 4988/7/5024
f 5035/7/4999 4950/7/4998 4990/7/5015
f 5035/7/4999 4990/7/5015 5062/7/5012
f 4951/7/5003 5033/7/5004 5058/7/5021
f 4951/7/5003 5058/7/5021 4989/7/5020
f 5066/7/5011 5096/7/4831 4996/7/4887
f 5066/7/5011 4996/7/4887 4995/7/5055
f 4950/7/4998 5032/7/5000 5057/7/5016
f 4950/7/4998 5057/7/5016 4990/7/5015
f 5053/7/5056 4992/7/5054 4929/7/5053
f 5053/7/5056 4929/7/5053 5022/7/5057
f 5053/7/5056 5022/7/5057 5067/7/4941
f 5053/7/5056 5067/7/4941 5070/7/5046
f 4906/7/5058 4992/7/5054 5053/7/5056
f 4906/7/5058 5053/7/5056 4979/7/5059
f 4906/7/5058 4981/7/5034 5055/7/5035
f 4906/7/5058 5055/7/5035 4992/7/5054
f 4906/7/5058 4993/7/5060 5049/7/5028
f 4906/7/5058 5049/7/5028 4981/7/5034
f 4906/7/5058 4979/7/5059 5046/7/5061
f 4906/7/5058 5046/7/5061 4993/7/5060
f 4908/1/5062 4959/1/5063 5042/1/5064
f 4908/1/5062 5042/1/5064 4972/1/5027
f 4908/1/5062 4967/1/5065 5027/1/5066
f 4908/1/5062 5027/1/5066 4959/1/5063
f 4907/7/5062 4993/7/5060 5046/7/5061
f 4907/7/5062 5046/7/5061 4966/7/5067
f 4907/7/5062 4971/7/5027 5049/7/5028
f 4907/7/5062 5049/7/5028 4993/7/5060
f 5065/7/5048 4995/7/5055 4996/7/4887
f 5065/7/5048 4996/7/4887 5095/7/4877
f 4994/7/5047 4997/7/4876 4991/7/4871
f 4994/7/5047 4991/7/4871 4998/7/5045
f 5097/1/4748 5081/1/4766 5025/1/4964
f 5097/1/4748 5025/1/4964 5068/1/4945
f 4909/7/5068 4928/7/5069 5036/7/5070
f 4909/7/5068 5036/7/5070 5001/7/5071
f 4909/7/5068 4998/7/5045 5021/7/5044
f 4909/7/5068 5021/7/5044 4928/7/5069
f 4909/7/5068 4994/7/5047 4998/7/5045
f 4909/7/5068 5001/7/5071 5065/7/5048
f 4909/7/5068 5065/7/5048 4994/7/5047
f 4911/7/5072 5002/7/5073 4912/7/5074
f 4911/7/5072 4912/7/5074 5005/7/5075
f 5004/7/5076 4910/7/5077 5005/7/5075
f 5004/7/5076 5005/7/5075 4912/7/5074
f 4910/7/5077 4995/7/5055 5065/7/5048
f 4910/7/5077 5065/7/5048 5005/7/5075
f 4910/7/5077 5004/7/5076 5066/7/5011
f 4910/7/5077 5066/7/5011 4995/7/5055
f 4911/7/5072 5001/7/5071 5036/7/5070
f 4911/7/5072 5036/7/5070 4952/7/5078
f 4911/7/5072 5005/7/5075 5065/7/5048
f 4911/7/5072 5065/7/5048 5001/7/5071
f 4912/7/5074 4999/7/5010 5066/7/5011
f 4912/7/5074 5066/7/5011 5004/7/5076
f 4912/7/5074 5002/7/5073 5060/7/5009
f 4912/7/5074 5060/7/5009 4999/7/5010
f 5046/7/5061 4979/7/5059 5006/7/4962
f 5046/7/5061 5006/7/4962 5069/7/4960
f 4979/7/5059 5053/7/5056 5070/7/5046
f 4979/7/5059 5070/7/5046 5006/7/4962
f 5067/7/4941 5022/7/5057 5079/7/4911
f 5067/7/4941 5079/7/4911 5098/7/4740
f 4967/1/5065 5008/1/4955 5072/1/4954
f 4967/1/5065 5072/1/4954 5027/1/5066
f 4966/7/5067 5046/7/5061 5069/7/4960
f 4966/7/5067 5069/7/4960 5007/7/4959
f 4933/1/4973 5009/1/4951 5071/1/4950
f 4933/1/4973 5071/1/4950 5024/1/4974
f 4933/1/4973 5027/1/5066 5072/1/4954
f 4933/1/4973 5072/1/4954 5009/1/4951
f 5025/1/4964 4934/1/4979 5010/1/4946
f 5025/1/4964 5010/1/4946 5068/1/4945
f 4934/1/4979 5024/1/4974 5071/1/4950
f 4934/1/4979 5071/1/4950 5010/1/4946
f 4921/7/4718 5107/7/4913 5106/7/5079
f 4921/7/4718 5106/7/5079 4920/7/4924
f 4952/7/5078 5002/7/5073 4911/7/5072
f 4953/7/5080 5059/7/5080 5003/7/5080
f 4913/7/5081 5102/7/5082 5103/7/4917
f 4913/7/5081 5103/7/4917 4914/7/4916
f 4920/7/4924 5106/7/5079 5100/7/5083
f 4920/7/4924 5100/7/5083 4890/7/4936
f 4918/7/4938 5105/7/5084 5101/7/5085
f 4918/7/4938 5101/7/5085 4891/7/4943
f 4890/7/4936 5100/7/5083 5105/7/5084
f 4890/7/4936 5105/7/5084 4918/7/4938
f 4891/7/4943 5101/7/5085 5104/7/5086
f 4891/7/4943 5104/7/5086 4917/7/4931
f 4889/7/4928 5099/7/5087 5102/7/5082
f 4889/7/4928 5102/7/5082 4913/7/5081
f 4917/7/4931 5104/7/5086 5099/7/5087
f 4917/7/4931 5099/7/5087 4889/7/4928
f 4913/7/5081 5011/7/4926 5043/7/4992
f 5043/7/4992 4963/7/4929 4889/7/4928
f 5043/7/4992 4889/7/4928 4913/7/5081
f 5011/7/4926 4913/7/5081 4914/7/4916
f 5011/7/4926 4914/7/4916 5073/7/4722
f 5108/7/4978 4957/7/4971 5023/7/4974
f 4960/7/4977 5040/7/4972 4957/7/4971
f 4960/7/4977 4957/7/4971 5108/7/4978
f 3353/7/3535 5113/7/3533 5115/7/3522
f 3353/7/3535 5115/7/3522 3488/7/3526
f 3353/7/3535 3522/7/3518 5117/7/3520
f 3353/7/3535 5117/7/3520 5113/7/3533
f 3352/7/3532 5112/7/3530 5116/7/3513
f 3352/7/3532 5116/7/3513 3521/7/3517
f 3352/7/3532 3485/7/3527 5114/7/3529
f 3352/7/3532 5114/7/3529 5112/7/3530
f 3351/7/3525 5111/7/3521 5114/7/3529
f 3351/7/3525 5114/7/3529 3485/7/3527
f 3351/7/3525 3488/7/3526 5115/7/3522
f 3351/7/3525 5115/7/3522 5111/7/3521
f 3350/7/3516 5110/7/3512 5117/7/3520
f 3350/7/3516 5117/7/3520 3522/7/3518
f 3350/7/3516 3521/7/3517 5116/7/3513
f 3350/7/3516 5116/7/3513 5110/7/3512
f 3349/7/3510 3480/7/3502 5125/7/3505
f 3349/7/3510 5125/7/3505 5121/7/3511
f 3349/7/3510 5121/7/3511 5123/7/3499
f 3349/7/3510 5123/7/3499 3405/7/3500
f 3348/7/3508 3395/7/3496 5122/7/3498
f 3348/7/3508 5122/7/3498 5120/7/3509
f 3348/7/3508 5120/7/3509 5124/7/3506
f 3348/7/3508 5124/7/3506 3477/7/3507
f 3347/7/3501 3477/7/3507 5124/7/3506
f 3347/7/3501 5124/7/3506 5119/7/3504
f 3347/7/3501 5119/7/3504 5125/7/3505
f 3347/7/3501 5125/7/3505 3480/7/3502
f 3346/7/3495 3405/7/3500 5123/7/3499
f 3346/7/3495 5123/7/3499 5118/7/3497
f 3346/7/3495 5118/7/3497 5122/7/3498
f 3346/7/3495 5122/7/3498 3395/7/3496
f 3357/7/3551 3493/7/3543 5132/7/3545
f 3357/7/3551 5132/7/3545 5129/7/3552
f 3357/7/3551 5129/7/3552 5130/7/3549
f 3357/7/3551 5130/7/3549 3466/7/3550
f 3356/7/3546 3466/7/3550 5130/7/3549
f 3356/7/3546 5130/7/3549 5128/7/3548
f 3356/7/3546 5128/7/3548 5131/7/3540
f 3356/7/3546 5131/7/3540 3467/7/3541
f 3355/7/3542 3496/7/3537 5133/7/3539
f 3355/7/3542 5133/7/3539 5127/7/3544
f 3355/7/3542 5127/7/3544 5132/7/3545
f 3355/7/3542 5132/7/3545 3493/7/3543
f 3354/7/3536 3467/7/3541 5131/7/3540
f 3354/7/3536 5131/7/3540 5126/7/3538
f 3354/7/3536 5126/7/3538 5133/7/3539
f 3354/7/3536 5133/7/3539 3496/7/3537
usemtl noah_Pants
f 5134/11/5088 5135/12/5089 5137/13/5090 5136/14/5091
f 5136/14/5091 5137/13/5090 5139/15/5092 5138/16/5093
f 5138/16/5093 5139/15/5092 5141/17/5094 5140/18/5095
f 5140/18/5095 5141/17/5094 5143/19/5096 5142/20/5097
f 5142/20/5097 5143/19/5096 5145/21/5098 5144/22/5099
f 5144/22/5099 5145/21/5098 5147/23/5100 5146/24/5101
f 5146/24/5101 5147/23/5100 5149/25/5102 5148/26/5103
f 5148/26/5103 5149/25/5102 5151/27/5104 5150/28/5105
f 5150/28/5105 5151/27/5104 5153/29/5106 5152/30/5107
f 5152/30/5107 5153/29/5106 5155/31/5108 5154/32/5109
f 5154/32/5109 5155/31/5108 5157/33/5110 5156/34/5111
f 5156/34/5111 5157/33/5110 5159/35/5112 5158/36/5113
f 5158/36/5113 5159/35/5112 5161/37/5114 5160/38/5115
f 5160/38/5115 5161/37/5114 5163/39/5116 5162/40/5117
f 5162/40/5117 5163/39/5116 5165/41/5118 5164/42/5119
f 5164/42/5119 5165/41/5118 5167/43/5120 5166/44/5121
f 5166/44/5121 5167/43/5120 5169/45/5122 5168/46/5123
f 5168/46/5123 5169/45/5122 5171/47/5124 5170/48/5125
f 5170/48/5125 5171/47/5124 5173/49/5126 5172/50/5127
f 5172/50/5127 5173/49/5126 5175/51/5128 5174/52/5129
f 5174/52/5129 5175/51/5128 5177/53/5130 5176/54/5131
f 5176/54/5131 5177/53/5130 5179/55/5132 5178/56/5133
f 5178/56/5133 5179/55/5132 5181/57/5134 5180/58/5135
f 5180/58/5135 5181/57/5134 5183/59/5136 5182/60/5137
f 5182/60/5137 5183/59/5136 5185/61/5138 5184/62/5139
f 5184/62/5139 5185/61/5138 5187/63/5140 5186/64/5141
f 5186/64/5141 5187/63/5140 5189/65/5142 5188/66/5143
f 5188/66/5143 5189/65/5142 5191/67/5144 5190/68/5145
f 5190/68/5145 5191/67/5144 5193/69/5146 5192/70/5147
f 5192/70/5147 5193/69/5146 5195/71/5148 5194/72/5149
f 5137/73/5090 5135/74/5089 5197/75/5150 5195/76/5148 5193/77/5146 5191/78/5144 5189/79/5142 5187/80/5140 5185/81/5138 5183/82/5136 5181/83/5134 5179/84/5132 5177/85/5130 5175/86/5128 5173/87/5126 5171/88/5124 5169/89/5122 5167/90/5120 5165/91/5118 5163/92/5116 5161/93/5114 5159/94/5112 5157/95/5110 5155/96/5108 5153/97/5106 5151/98/5104 5149/99/5102 5147/100/5100 5145/101/5098 5143/102/5096 5141/103/5094 5139/104/5092
f 5194/72/5149 5195/71/5148 5197/105/5150 5196/106/5151
f 5196/106/5151 5197/105/5150 5135/107/5089 5134/108/5088
f 5134/109/5088 5136/110/5091 5138/111/5093 5140/112/5095 5142/113/5097 5144/114/5099 5146/115/5101 5148/116/5103 5150/117/5105 5152/118/5107 5154/119/5109 5156/120/5111 5158/121/5113 5160/122/5115 5162/123/5117 5164/124/5119 5166/125/5121 5168/126/5123 5170/127/5125 5172/128/5127 5174/129/5129 5176/130/5131 5178/131/5133 5180/132/5135 5182/133/5137 5184/134/5139 5186/135/5141 5188/136/5143 5190/137/5145 5192/138/5147 5194/139/5149 5196/140/5151
usemtl noah_Shirt
f 5929/141/5152 5928/28/5153 5217/30/5154 5218/142/5155
f 5926/143/5156 5925/144/5157 5210/145/5158 5211/146/5159
f 5933/147/5160 5932/148/5161 5225/149/5162 5226/150/5163
f 5930/151/5164 5929/141/5152 5218/142/5155 5219/152/5165
f 5198/153/5166 5926/143/5156 5211/146/5159 5212/154/5167
f 5934/155/5168 5933/147/5160 5226/150/5163 5227/156/5169
f 5202/157/5170 5930/151/5164 5219/152/5165 5220/158/5171
f 5199/159/5172 5198/153/5166 5212/154/5167 5213/160/5173
f 5935/161/5174 5934/155/5168 5227/156/5169 5228/162/5175
f 5921/163/5176 5644/164/5177 5206/165/5178
f 5203/166/5179 5202/157/5170 5220/158/5171 5221/167/5180
f 5200/168/5181 5199/159/5172 5213/160/5173 5214/169/5182
f 5275/170/5183 5935/161/5174 5228/162/5175
f 5922/171/5184 5921/163/5176 5206/165/5178 5207/172/5185
f 5204/173/5186 5203/166/5179 5221/167/5180 5222/174/5187
f 5927/175/5188 5200/168/5181 5214/169/5182 5215/176/5189
f 5923/177/5190 5922/171/5184 5207/172/5185 5208/178/5191
f 5931/179/5192 5204/173/5186 5222/174/5187 5223/180/5193
f 5201/181/5194 5927/175/5188 5215/176/5189 5216/182/5195
f 5924/183/5196 5923/177/5190 5208/178/5191 5209/184/5197
f 5205/185/5198 5931/179/5192 5223/180/5193 5224/186/5199
f 5928/28/5153 5201/181/5194 5216/182/5195 5217/30/5154
f 5925/144/5157 5924/183/5196 5209/184/5197 5210/145/5158
f 5932/148/5161 5205/185/5198 5224/186/5199 5225/149/5162
f 5209/184/5197 5208/178/5191 5231/187/5200 5232/188/5201
f 5224/186/5199 5223/180/5193 5246/189/5202 5247/190/5203
f 5217/30/5154 5216/182/5195 5239/191/5204 5240/32/5205
f 5210/145/5158 5209/184/5197 5232/188/5201 5233/192/5206
f 5225/149/5162 5224/186/5199 5247/190/5203 5248/193/5207
f 5218/142/5155 5217/30/5154 5240/32/5205 5241/194/5208
f 5211/146/5159 5210/145/5158 5233/192/5206 5234/195/5209
f 5226/150/5163 5225/149/5162 5248/193/5207 5249/196/5210
f 5219/152/5165 5218/142/5155 5241/194/5208 5242/197/5211
f 5212/154/5167 5211/146/5159 5234/195/5209 5235/198/5212
f 5227/156/5169 5226/150/5163 5249/196/5210 5250/199/5213
f 5220/158/5171 5219/152/5165 5242/197/5211 5243/200/5214
f 5213/160/5173 5212/154/5167 5235/198/5212 5236/201/5215
f 5228/162/5175 5227/156/5169 5250/199/5213 5251/202/5216
f 5206/165/5178 5644/203/5177 5229/204/5217
f 5221/167/5180 5220/158/5171 5243/200/5214 5244/205/5218
f 5214/169/5182 5213/160/5173 5236/201/5215 5237/206/5219
f 5275/207/5183 5228/162/5175 5251/202/5216
f 5207/172/5185 5206/165/5178 5229/204/5217 5230/208/5220
f 5222/174/5187 5221/167/5180 5244/205/5218 5245/209/5221
f 5215/176/5189 5214/169/5182 5237/206/5219 5238/210/5222
f 5208/178/5191 5207/172/5185 5230/208/5220 5231/187/5200
f 5223/180/5193 5222/174/5187 5245/209/5221 5246/189/5202
f 5216/182/5195 5215/176/5189 5238/210/5222 5239/191/5204
f 5242/197/5211 5241/194/5208 5264/211/5223 5265/212/5224
f 5235/198/5212 5234/195/5209 5257/213/5225 5258/214/5226
f 5250/199/5213 5249/196/5210 5272/215/5227 5273/216/5228
f 5243/200/5214 5242/197/5211 5265/212/5224 5266/217/5229
f 5236/201/5215 5235/198/5212 5258/214/5226 5259/218/5230
f 5251/202/5216 5250/199/5213 5273/216/5228 5274/219/5231
f 5229/204/5217 5644/220/5177 5252/221/5232
f 5244/205/5218 5243/200/5214 5266/217/5229 5267/222/5233
f 5237/206/5219 5236/201/5215 5259/218/5230 5260/223/5234
f 5275/224/5183 5251/202/5216 5274/219/5231
f 5230/208/5220 5229/204/5217 5252/221/5232 5253/225/5235
f 5245/209/5221 5244/205/5218 5267/222/5233 5268/226/5236
f 5238/210/5222 5237/206/5219 5260/223/5234 5261/227/5237
f 5231/187/5200 5230/208/5220 5253/225/5235 5254/228/5238
f 5246/189/5202 5245/209/5221 5268/226/5236 5269/229/5239
f 5239/191/5204 5238/210/5222 5261/227/5237 5262/230/5240
f 5232/188/5201 5231/187/5200 5254/228/5238 5255/231/5241
f 5247/190/5203 5246/189/5202 5269/229/5239 5270/232/5242
f 5240/32/5205 5239/191/5204 5262/230/5240 5263/34/5243
f 5233/192/5206 5232/188/5201 5255/231/5241 5256/233/5244
f 5248/193/5207 5247/190/5203 5270/232/5242 5271/234/5245
f 5241/194/5208 5240/32/5205 5263/34/5243 5264/211/5223
f 5234/195/5209 5233/192/5206 5256/233/5244 5257/213/5225
f 5249/196/5210 5248/193/5207 5271/234/5245 5272/215/5227
f 5253/225/5235 5252/221/5232 5276/235/5246 5277/236/5247
f 5268/226/5236 5267/222/5233 5291/237/5248 5292/238/5249
f 5261/227/5237 5260/223/5234 5284/239/5250 5285/240/5251
f 5254/228/5238 5253/225/5235 5277/236/5247 5278/241/5252
f 5269/229/5239 5268/226/5236 5292/238/5249 5293/242/5253
f 5262/230/5240 5261/227/5237 5285/240/5251 5286/243/5254
f 5255/231/5241 5254/228/5238 5278/241/5252 5279/244/5255
f 5270/232/5242 5269/229/5239 5293/242/5253 5294/245/5256
f 5263/34/5243 5262/230/5240 5286/243/5254 5287/36/5257
f 5256/233/5244 5255/231/5241 5279/244/5255 5280/246/5258
f 5271/234/5245 5270/232/5242 5294/245/5256 5295/247/5259
f 5264/211/5223 5263/34/5243 5287/36/5257 5288/248/5260
f 5257/213/5225 5256/233/5244 5280/246/5258 5281/249/5261
f 5272/215/5227 5271/234/5245 5295/247/5259 5296/250/5262
f 5265/212/5224 5264/211/5223 5288/248/5260 5289/251/5263
f 5258/214/5226 5257/213/5225 5281/249/5261 5282/252/5264
f 5273/216/5228 5272/215/5227 5296/250/5262 5297/253/5265
f 5266/217/5229 5265/212/5224 5289/251/5263 5290/254/5266
f 5259/218/5230 5258/214/5226 5282/252/5264 5283/255/5267
f 5274/219/5231 5273/216/5228 5297/253/5265 5298/256/5268
f 5252/221/5232 5644/257/5177 5276/235/5246
f 5267/222/5233 5266/217/5229 5290/254/5266 5291/237/5248
f 5260/223/5234 5259/218/5230 5283/255/5267 5284/239/5250
f 5275/258/5183 5274/219/5231 5298/256/5268
f 5280/246/5258 5279/244/5255 5302/259/5269 5303/260/5270
f 5295/247/5259 5294/245/5256 5317/261/5271 5318/262/5272
f 5288/248/5260 5287/36/5257 5310/38/5273 5311/263/5274
f 5281/249/5261 5280/246/5258 5303/260/5270 5304/264/5275
f 5296/250/5262 5295/247/5259 5318/262/5272 5319/265/5276
f 5289/251/5263 5288/248/5260 5311/263/5274 5312/266/5277
f 5282/252/5264 5281/249/5261 5304/264/5275 5305/267/5278
f 5297/253/5265 5296/250/5262 5319/265/5276 5320/268/5279
f 5290/254/5266 5289/251/5263 5312/266/5277 5313/269/5280
f 5283/255/5267 5282/252/5264 5305/267/5278 5306/270/5281
f 5298/256/5268 5297/253/5265 5320/268/5279 5321/271/5282
f 5276/235/5246 5644/272/5177 5299/273/5283
f 5291/237/5248 5290/254/5266 5313/269/5280 5314/274/5284
f 5284/239/5250 5283/255/5267 5306/270/5281 5307/275/5285
f 5275/276/5183 5298/256/5268 5321/271/5282
f 5277/236/5247 5276/235/5246 5299/273/5283 5300/277/5286
f 5292/238/5249 5291/237/5248 5314/274/5284 5315/278/5287
f 5285/240/5251 5284/239/5250 5307/275/5285 5308/279/5288
f 5278/241/5252 5277/236/5247 5300/277/5286 5301/280/5289
f 5293/242/5253 5292/238/5249 5315/278/5287 5316/281/5290
f 5286/243/5254 5285/240/5251 5308/279/5288 5309/282/5291
f 5279/244/5255 5278/241/5252 5301/280/5289 5302/259/5269
f 5294/245/5256 5293/242/5253 5316/281/5290 5317/261/5271
f 5287/36/5257 5286/243/5254 5309/282/5291 5310/38/5273
f 5313/269/5280 5312/266/5277 5335/283/5292 5336/284/5293
f 5306/270/5281 5305/267/5278 5328/285/5294 5329/286/5295
f 5321/271/5282 5320/268/5279 5343/287/5296 5344/288/5297
f 5299/273/5283 5644/289/5177 5322/290/5298
f 5314/274/5284 5313/269/5280 5336/284/5293 5337/291/5299
f 5307/275/5285 5306/270/5281 5329/286/5295 5330/292/5300
f 5275/293/5183 5321/271/5282 5344/288/5297
f 5300/277/5286 5299/273/5283 5322/290/5298 5323/294/5301
f 5315/278/5287 5314/274/5284 5337/291/5299 5338/295/5302
f 5308/279/5288 5307/275/5285 5330/292/5300 5331/296/5303
f 5301/280/5289 5300/277/5286 5323/294/5301 5324/297/5304
f 5316/281/5290 5315/278/5287 5338/295/5302 5339/298/5305
f 5309/282/5291 5308/279/5288 5331/296/5303 5332/299/5306
f 5302/259/5269 5301/280/5289 5324/297/5304 5325/300/5307
f 5317/261/5271 5316/281/5290 5339/298/5305 5340/301/5308
f 5310/38/5273 5309/282/5291 5332/299/5306 5333/40/5309
f 5303/260/5270 5302/259/5269 5325/300/5307 5326/302/5310
f 5318/262/5272 5317/261/5271 5340/301/5308 5341/303/5311
f 5311/263/5274 5310/38/5273 5333/40/5309 5334/304/5312
f 5304/264/5275 5303/260/5270 5326/302/5310 5327/305/5313
f 5319/265/5276 5318/262/5272 5341/303/5311 5342/306/5314
f 5312/266/5277 5311/263/5274 5334/304/5312 5335/283/5292
f 5305/267/5278 5304/264/5275 5327/305/5313 5328/285/5294
f 5320/268/5279 5319/265/5276 5342/306/5314 5343/287/5296
f 5324/297/5304 5323/294/5301 5346/307/5315 5347/308/5316
f 5339/298/5305 5338/295/5302 5361/309/5317 5362/310/5318
f 5332/299/5306 5331/296/5303 5354/311/5319 5355/312/5320
f 5325/300/5307 5324/297/5304 5347/308/5316 5348/313/5321
f 5340/301/5308 5339/298/5305 5362/310/5318 5363/314/5322
f 5333/40/5309 5332/299/5306 5355/312/5320 5356/42/5323
f 5326/302/5310 5325/300/5307 5348/313/5321 5349/315/5324
f 5341/303/5311 5340/301/5308 5363/314/5322 5364/316/5325
f 5334/304/5312 5333/40/5309 5356/42/5323 5357/317/5326
f 5327/305/5313 5326/302/5310 5349/315/5324 5350/318/5327
f 5342/306/5314 5341/303/5311 5364/316/5325 5365/319/5328
f 5335/283/5292 5334/304/5312 5357/317/5326 5358/320/5329
f 5328/285/5294 5327/305/5313 5350/318/5327 5351/321/5330
f 5343/287/5296 5342/306/5314 5365/319/5328 5366/322/5331
f 5336/284/5293 5335/283/5292 5358/320/5329 5359/323/5332
f 5329/286/5295 5328/285/5294 5351/321/5330 5352/324/5333
f 5344/288/5297 5343/287/5296 5366/322/5331 5367/325/5334
f 5322/290/5298 5644/326/5177 5345/327/5335
f 5337/291/5299 5336/284/5293 5359/323/5332 5360/328/5336
f 5330/292/5300 5329/286/5295 5352/324/5333 5353/329/5337
f 5275/330/5183 5344/288/5297 5367/325/5334
f 5323/294/5301 5322/290/5298 5345/327/5335 5346/307/5315
f 5338/295/5302 5337/291/5299 5360/328/5336 5361/309/5317
f 5331/296/5303 5330/292/5300 5353/329/5337 5354/311/5319
f 5350/318/5327 5349/315/5324 5372/331/5338 5373/332/5339
f 5365/319/5328 5364/316/5325 5387/333/5340 5388/334/5341
f 5358/320/5329 5357/317/5326 5380/335/5342 5381/336/5343
f 5351/321/5330 5350/318/5327 5373/332/5339 5374/337/5344
f 5366/322/5331 5365/319/5328 5388/334/5341 5389/338/5345
f 5359/323/5332 5358/320/5329 5381/336/5343 5382/339/5346
f 5352/324/5333 5351/321/5330 5374/337/5344 5375/340/5347
f 5367/325/5334 5366/322/5331 5389/338/5345 5390/341/5348
f 5345/327/5335 5644/342/5177 5368/343/5349
f 5360/328/5336 5359/323/5332 5382/339/5346 5383/344/5350
f 5353/329/5337 5352/324/5333 5375/340/5347 5376/345/5351
f 5275/346/5183 5367/325/5334 5390/341/5348
f 5346/307/5315 5345/327/5335 5368/343/5349 5369/347/5352
f 5361/309/5317 5360/328/5336 5383/344/5350 5384/348/5353
f 5354/311/5319 5353/329/5337 5376/345/5351 5377/349/5354
f 5347/308/5316 5346/307/5315 5369/347/5352 5370/350/5355
f 5362/310/5318 5361/309/5317 5384/348/5353 5385/351/5356
f 5355/312/5320 5354/311/5319 5377/349/5354 5378/352/5357
f 5348/313/5321 5347/308/5316 5370/350/5355 5371/353/5358
f 5363/314/5322 5362/310/5318 5385/351/5356 5386/354/5359
f 5356/42/5323 5355/312/5320 5378/352/5357 5379/44/5360
f 5349/315/5324 5348/313/5321 5371/353/5358 5372/331/5338
f 5364/316/5325 5363/314/5322 5386/354/5359 5387/333/5340
f 5357/317/5326 5356/42/5323 5379/44/5360 5380/335/5342
f 5383/344/5350 5382/339/5346 5405/355/5361 5406/356/5362
f 5376/345/5351 5375/340/5347 5398/357/5363 5399/358/5364
f 5275/359/5183 5390/341/5348 5413/360/5365
f 5369/347/5352 5368/343/5349 5391/361/5366 5392/362/5367
f 5384/348/5353 5383/344/5350 5406/356/5362 5407/363/5368
f 5377/349/5354 5376/345/5351 5399/358/5364 5400/364/5369
f 5370/350/5355 5369/347/5352 5392/362/5367 5393/365/5370
f 5385/351/5356 5384/348/5353 5407/363/5368 5408/366/5371
f 5378/352/5357 5377/349/5354 5400/364/5369 5401/367/5372
f 5371/353/5358 5370/350/5355 5393/365/5370 5394/368/5373
f 5386/354/5359 5385/351/5356 5408/366/5371 5409/369/5374
f 5379/44/5360 5378/352/5357 5401/367/5372 5402/46/5375
f 5372/331/5338 5371/353/5358 5394/368/5373 5395/370/5376
f 5387/333/5340 5386/354/5359 5409/369/5374 5410/371/5377
f 5380/335/5342 5379/44/5360 5402/46/5375 5403/372/5378
f 5373/332/5339 5372/331/5338 5395/370/5376 5396/373/5379
f 5388/334/5341 5387/333/5340 5410/371/5377 5411/374/5380
f 5381/336/5343 5380/335/5342 5403/372/5378 5404/375/5381
f 5374/337/5344 5373/332/5339 5396/373/5379 5397/376/5382
f 5389/338/5345 5388/334/5341 5411/374/5380 5412/377/5383
f 5382/339/5346 5381/336/5343 5404/375/5381 5405/355/5361
f 5375/340/5347 5374/337/5344 5397/376/5382 5398/357/5363
f 5390/341/5348 5389/338/5345 5412/377/5383 5413/360/5365
f 5368/343/5349 5644/378/5177 5391/361/5366
f 5394/368/5373 5393/365/5370 5416/379/5384 5417/380/5385
f 5409/369/5374 5408/366/5371 5431/381/5386 5432/382/5387
f 5402/46/5375 5401/367/5372 5424/383/5388 5425/48/5389
f 5395/370/5376 5394/368/5373 5417/380/5385 5418/384/5390
f 5410/371/5377 5409/369/5374 5432/382/5387 5433/385/5391
f 5403/372/5378 5402/46/5375 5425/48/5389 5426/386/5392
f 5396/373/5379 5395/370/5376 5418/384/5390 5419/387/5393
f 5411/374/5380 5410/371/5377 5433/385/5391 5434/388/5394
f 5404/375/5381 5403/372/5378 5426/386/5392 5427/389/5395
f 5397/376/5382 5396/373/5379 5419/387/5393 5420/390/5396
f 5412/377/5383 5411/374/5380 5434/388/5394 5435/391/5397
f 5405/355/5361 5404/375/5381 5427/389/5395 5428/392/5398
f 5398/357/5363 5397/376/5382 5420/390/5396 5421/393/5399
f 5413/360/5365 5412/377/5383 5435/391/5397 5436/394/5400
f 5391/361/5366 5644/395/5177 5414/396/5401
f 5406/356/5362 5405/355/5361 5428/392/5398 5429/397/5402
f 5399/358/5364 5398/357/5363 5421/393/5399 5422/398/5403
f 5275/399/5183 5413/360/5365 5436/394/5400
f 5392/362/5367 5391/361/5366 5414/396/5401 5415/400/5404
f 5407/363/5368 5406/356/5362 5429/397/5402 5430/401/5405
f 5400/364/5369 5399/358/5364 5422/398/5403 5423/402/5406
f 5393/365/5370 5392/362/5367 5415/400/5404 5416/379/5384
f 5408/366/5371 5407/363/5368 5430/401/5405 5431/381/5386
f 5401/367/5372 5400/364/5369 5423/402/5406 5424/383/5388
f 5420/390/5396 5419/387/5393 5442/403/5407 5443/404/5408
f 5435/391/5397 5434/388/5394 5457/405/5409 5458/406/5410
f 5428/392/5398 5427/389/5395 5450/407/5411 5451/408/5412
f 5421/393/5399 5420/390/5396 5443/404/5408 5444/409/5413
f 5436/394/5400 5435/391/5397 5458/406/5410 5459/410/5414
f 5414/396/5401 5644/411/5177 5437/412/5415
f 5429/397/5402 5428/392/5398 5451/408/5412 5452/413/5416
f 5422/398/5403 5421/393/5399 5444/409/5413 5445/414/5417
f 5275/415/5183 5436/394/5400 5459/410/5414
f 5415/400/5404 5414/396/5401 5437/412/5415 5438/416/5418
f 5430/401/5405 5429/397/5402 5452/413/5416 5453/417/5419
f 5423/402/5406 5422/398/5403 5445/414/5417 5446/418/5420
f 5416/379/5384 5415/400/5404 5438/416/5418 5439/419/5421
f 5431/381/5386 5430/401/5405 5453/417/5419 5454/420/5422
f 5424/383/5388 5423/402/5406 5446/418/5420 5447/421/5423
f 5417/380/5385 5416/379/5384 5439/419/5421 5440/422/5424
f 5432/382/5387 5431/381/5386 5454/420/5422 5455/423/5425
f 5425/48/5389 5424/383/5388 5447/421/5423 5448/50/5426
f 5418/384/5390 5417/380/5385 5440/422/5424 5441/424/5427
f 5433/385/5391 5432/382/5387 5455/423/5425 5456/425/5428
f 5426/386/5392 5425/48/5389 5448/50/5426 5449/426/5429
f 5419/387/5393 5418/384/5390 5441/424/5427 5442/403/5407
f 5434/388/5394 5433/385/5391 5456/425/5428 5457/405/5409
f 5427/389/5395 5426/386/5392 5449/426/5429 5450/407/5411
f 5453/417/5419 5452/413/5416 5475/427/5430 5476/428/5431
f 5446/418/5420 5445/414/5417 5468/429/5432 5469/430/5433
f 5439/419/5421 5438/416/5418 5461/431/5434 5462/432/5435
f 5454/420/5422 5453/417/5419 5476/428/5431 5477/433/5436
f 5447/421/5423 5446/418/5420 5469/430/5433 5470/434/5437
f 5440/422/5424 5439/419/5421 5462/432/5435 5463/435/5438
f 5455/423/5425 5454/420/5422 5477/433/5436 5478/436/5439
f 5448/50/5426 5447/421/5423 5470/434/5437 5471/52/5440
f 5441/424/5427 5440/422/5424 5463/435/5438 5464/437/5441
f 5456/425/5428 5455/423/5425 5478/436/5439 5479/438/5442
f 5449/426/5429 5448/50/5426 5471/52/5440 5472/439/5443
f 5442/403/5407 5441/424/5427 5464/437/5441 5465/440/5444
f 5457/405/5409 5456/425/5428 5479/438/5442 5480/441/5445
f 5450/407/5411 5449/426/5429 5472/439/5443 5473/442/5446
f 5443/404/5408 5442/403/5407 5465/440/5444 5466/443/5447
f 5458/406/5410 5457/405/5409 5480/441/5445 5481/444/5448
f 5451/408/5412 5450/407/5411 5473/442/5446 5474/445/5449
f 5444/409/5413 5443/404/5408 5466/443/5447 5467/446/5450
f 5459/410/5414 5458/406/5410 5481/444/5448 5482/447/5451
f 5437/412/5415 5644/448/5177 5460/449/5452
f 5452/413/5416 5451/408/5412 5474/445/5449 5475/427/5430
f 5445/414/5417 5444/409/5413 5467/446/5450 5468/429/5432
f 5275/450/5183 5459/410/5414 5482/447/5451
f 5438/416/5418 5437/412/5415 5460/449/5452 5461/431/5434
f 5464/437/5441 5463/435/5438 5486/451/5453 5487/452/5454
f 5479/438/5442 5478/436/5439 5501/453/5455 5502/454/5456
f 5472/439/5443 5471/52/5440 5494/54/5457 5495/455/5458
f 5465/440/5444 5464/437/5441 5487/452/5454 5488/456/5459
f 5480/441/5445 5479/438/5442 5502/454/5456 5503/457/5460
f 5473/442/5446 5472/439/5443 5495/455/5458 5496/458/5461
f 5466/443/5447 5465/440/5444 5488/456/5459 5489/459/5462
f 5481/444/5448 5480/441/5445 5503/457/5460 5504/460/5463
f 5474/445/5449 5473/442/5446 5496/458/5461 5497/461/5464
f 5467/446/5450 5466/443/5447 5489/459/5462 5490/462/5465
f 5482/447/5451 5481/444/5448 5504/460/5463 5505/463/5466
f 5460/449/5452 5644/464/5177 5483/465/5467
f 5475/427/5430 5474/445/5449 5497/461/5464 5498/466/5468
f 5468/429/5432 5467/446/5450 5490/462/5465 5491/467/5469
f 5275/468/5183 5482/447/5451 5505/463/5466
f 5461/431/5434 5460/449/5452 5483/465/5467 5484/469/5470
f 5476/428/5431 5475/427/5430 5498/466/5468 5499/470/5471
f 5469/430/5433 5468/429/5432 5491/467/5469 5492/471/5472
f 5462/432/5435 5461/431/5434 5484/469/5470 5485/472/5473
f 5477/433/5436 5476/428/5431 5499/470/5471 5500/473/5474
f 5470/434/5437 5469/430/5433 5492/471/5472 5493/474/5475
f 5463/435/5438 5462/432/5435 5485/472/5473 5486/451/5453
f 5478/436/5439 5477/433/5436 5500/473/5474 5501/453/5455
f 5471/52/5440 5470/434/5437 5493/474/5475 5494/54/5457
f 5490/462/5465 5489/459/5462 5512/475/5476 5513/476/5477
f 5505/463/5466 5504/460/5463 5527/477/5478 5528/478/5479
f 5483/465/5467 5644/479/5177 5506/480/5480
f 5498/466/5468 5497/461/5464 5520/481/5481 5521/482/5482
f 5491/467/5469 5490/462/5465 5513/476/5477 5514/483/5483
f 5275/484/5183 5505/463/5466 5528/478/5479
f 5484/469/5470 5483/465/5467 5506/480/5480 5507/485/5484
f 5499/470/5471 5498/466/5468 5521/482/5482 5522/486/5485
f 5492/471/5472 5491/467/5469 5514/483/5483 5515/487/5486
f 5485/472/5473 5484/469/5470 5507/485/5484 5508/488/5487
f 5500/473/5474 5499/470/5471 5522/486/5485 5523/489/5488
f 5493/474/5475 5492/471/5472 5515/487/5486 5516/490/5489
f 5486/451/5453 5485/472/5473 5508/488/5487 5509/491/5490
f 5501/453/5455 5500/473/5474 5523/489/5488 5524/492/5491
f 5494/54/5457 5493/474/5475 5516/490/5489 5517/56/5492
f 5487/452/5454 5486/451/5453 5509/491/5490 5510/493/5493
f 5502/454/5456 5501/453/5455 5524/492/5491 5525/494/5494
f 5495/455/5458 5494/54/5457 5517/56/5492 5518/495/5495
f 5488/456/5459 5487/452/5454 5510/493/5493 5511/496/5496
f 5503/457/5460 5502/454/5456 5525/494/5494 5526/497/5497
f 5496/458/5461 5495/455/5458 5518/495/5495 5519/498/5498
f 5489/459/5462 5488/456/5459 5511/496/5496 5512/475/5476
f 5504/460/5463 5503/457/5460 5526/497/5497 5527/477/5478
f 5497/461/5464 5496/458/5461 5519/498/5498 5520/481/5481
f 5523/489/5488 5522/486/5485 5545/499/5499 5546/500/5500
f 5516/490/5489 5515/487/5486 5538/501/5501 5539/502/5502
f 5509/491/5490 5508/488/5487 5531/503/5503 5532/504/5504
f 5524/492/5491 5523/489/5488 5546/500/5500 5547/505/5505
f 5517/56/5492 5516/490/5489 5539/502/5502 5540/58/5506
f 5510/493/5493 5509/491/5490 5532/504/5504 5533/506/5507
f 5525/494/5494 5524/492/5491 5547/505/5505 5548/507/5508
f 5518/495/5495 5517/56/5492 5540/58/5506 5541/508/5509
f 5511/496/5496 5510/493/5493 5533/506/5507 5534/509/5510
f 5526/497/5497 5525/494/5494 5548/507/5508 5549/510/5511
f 5519/498/5498 5518/495/5495 5541/508/5509 5542/511/5512
f 5512/475/5476 5511/496/5496 5534/509/5510 5535/512/5513
f 5527/477/5478 5526/497/5497 5549/510/5511 5550/513/5514
f 5520/481/5481 5519/498/5498 5542/511/5512 5543/514/5515
f 5513/476/5477 5512/475/5476 5535/512/5513 5536/515/5516
f 5528/478/5479 5527/477/5478 5550/513/5514 5551/516/5517
f 5506/480/5480 5644/517/5177 5529/518/5518
f 5521/482/5482 5520/481/5481 5543/514/5515 5544/519/5519
f 5514/483/5483 5513/476/5477 5536/515/5516 5537/520/5520
f 5275/521/5183 5528/478/5479 5551/516/5517
f 5507/485/5484 5506/480/5480 5529/518/5518 5530/522/5521
f 5522/486/5485 5521/482/5482 5544/519/5519 5545/499/5499
f 5515/487/5486 5514/483/5483 5537/520/5520 5538/501/5501
f 5508/488/5487 5507/485/5484 5530/522/5521 5531/503/5503
f 5534/509/5510 5533/506/5507 5556/523/5522 5557/524/5523
f 5549/510/5511 5548/507/5508 5571/525/5524 5572/526/5525
f 5542/511/5512 5541/508/5509 5564/527/5526 5565/528/5527
f 5535/512/5513 5534/509/5510 5557/524/5523 5558/529/5528
f 5550/513/5514 5549/510/5511 5572/526/5525 5573/530/5529
f 5543/514/5515 5542/511/5512 5565/528/5527 5566/531/5530
f 5536/515/5516 5535/512/5513 5558/529/5528 5559/532/5531
f 5551/516/5517 5550/513/5514 5573/530/5529 5574/533/5532
f 5529/518/5518 5644/534/5177 5552/535/5533
f 5544/519/5519 5543/514/5515 5566/531/5530 5567/536/5534
f 5537/520/5520 5536/515/5516 5559/532/5531 5560/537/5535
f 5275/538/5183 5551/516/5517 5574/533/5532
f 5530/522/5521 5529/518/5518 5552/535/5533 5553/539/5536
f 5545/499/5499 5544/519/5519 5567/536/5534 5568/540/5537
f 5538/501/5501 5537/520/5520 5560/537/5535 5561/541/5538
f 5531/503/5503 5530/522/5521 5553/539/5536 5554/542/5539
f 5546/500/5500 5545/499/5499 5568/540/5537 5569/543/5540
f 5539/502/5502 5538/501/5501 5561/541/5538 5562/544/5541
f 5532/504/5504 5531/503/5503 5554/542/5539 5555/545/5542
f 5547/505/5505 5546/500/5500 5569/543/5540 5570/546/5543
f 5540/58/5506 5539/502/5502 5562/544/5541 5563/60/5544
f 5533/506/5507 5532/504/5504 5555/545/5542 5556/523/5522
f 5548/507/5508 5547/505/5505 5570/546/5543 5571/525/5524
f 5541/508/5509 5540/58/5506 5563/60/5544 5564/527/5526
f 5560/537/5535 5559/532/5531 5582/547/5545 5583/548/5546
f 5275/549/5183 5574/533/5532 5597/550/5547
f 5553/539/5536 5552/535/5533 5575/551/5548 5576/552/5549
f 5568/540/5537 5567/536/5534 5590/553/5550 5591/554/5551
f 5561/541/5538 5560/537/5535 5583/548/5546 5584/555/5552
f 5554/542/5539 5553/539/5536 5576/552/5549 5577/556/5553
f 5569/543/5540 5568/540/5537 5591/554/5551 5592/557/5554
f 5562/544/5541 5561/541/5538 5584/555/5552 5585/558/5555
f 5555/545/5542 5554/542/5539 5577/556/5553 5578/559/5556
f 5570/546/5543 5569/543/5540 5592/557/5554 5593/560/5557
f 5563/60/5544 5562/544/5541 5585/558/5555 5586/62/5558
f 5556/523/5522 5555/545/5542 5578/559/5556 5579/561/5559
f 5571/525/5524 5570/546/5543 5593/560/5557 5594/562/5560
f 5564/527/5526 5563/60/5544 5586/62/5558 5587/563/5561
f 5557/524/5523 5556/523/5522 5579/561/5559 5580/564/5562
f 5572/526/5525 5571/525/5524 5594/562/5560 5595/565/5563
f 5565/528/5527 5564/527/5526 5587/563/5561 5588/566/5564
f 5558/529/5528 5557/524/5523 5580/564/5562 5581/567/5565
f 5573/530/5529 5572/526/5525 5595/565/5563 5596/568/5566
f 5566/531/5530 5565/528/5527 5588/566/5564 5589/569/5567
f 5559/532/5531 5558/529/5528 5581/567/5565 5582/547/5545
f 5574/533/5532 5573/530/5529 5596/568/5566 5597/550/5547
f 5552/535/5533 5644/570/5177 5575/551/5548
f 5567/536/5534 5566/531/5530 5589/569/5567 5590/553/5550
f 5593/560/5557 5592/557/5554 5615/571/5568 5616/572/5569
f 5586/62/5558 5585/558/5555 5608/573/5570 5609/64/5571
f 5579/561/5559 5578/559/5556 5601/574/5572 5602/575/5573
f 5594/562/5560 5593/560/5557 5616/572/5569 5617/576/5574
f 5587/563/5561 5586/62/5558 5609/64/5571 5610/577/5575
f 5580/564/5562 5579/561/5559 5602/575/5573 5603/578/5576
f 5595/565/5563 5594/562/5560 5617/576/5574 5618/579/5577
f 5588/566/5564 5587/563/5561 5610/577/5575 5611/580/5578
f 5581/567/5565 5580/564/5562 5603/578/5576 5604/581/5579
f 5596/568/5566 5595/565/5563 5618/579/5577 5619/582/5580
f 5589/569/5567 5588/566/5564 5611/580/5578 5612/583/5581
f 5582/547/5545 5581/567/5565 5604/581/5579 5605/584/5582
f 5597/550/5547 5596/568/5566 5619/582/5580 5620/585/5583
f 5575/551/5548 5644/586/5177 5598/587/5584
f 5590/553/5550 5589/569/5567 5612/583/5581 5613/588/5585
f 5583/548/5546 5582/547/5545 5605/584/5582 5606/589/5586
f 5275/590/5183 5597/550/5547 5620/585/5583
f 5576/552/5549 5575/551/5548 5598/587/5584 5599/591/5587
f 5591/554/5551 5590/553/5550 5613/588/5585 5614/592/5588
f 5584/555/5552 5583/548/5546 5606/589/5586 5607/593/5589
f 5577/556/5553 5576/552/5549 5599/591/5587 5600/594/5590
f 5592/557/5554 5591/554/5551 5614/592/5588 5615/571/5568
f 5585/558/5555 5584/555/5552 5607/593/5589 5608/573/5570
f 5578/559/5556 5577/556/5553 5600/594/5590 5601/574/5572
f 5604/581/5579 5603/578/5576 5626/595/5591 5627/596/5592
f 5619/582/5580 5618/579/5577 5641/597/5593 5642/598/5594
f 5612/583/5581 5611/580/5578 5634/599/5595 5635/600/5596
f 5605/584/5582 5604/581/5579 5627/596/5592 5628/601/5597
f 5620/585/5583 5619/582/5580 5642/598/5594 5643/602/5598
f 5598/587/5584 5644/603/5177 5621/604/5599
f 5613/588/5585 5612/583/5581 5635/600/5596 5636/605/5600
f 5606/589/5586 5605/584/5582 5628/601/5597 5629/606/5601
f 5275/607/5183 5620/585/5583 5643/602/5598
f 5599/591/5587 5598/587/5584 5621/604/5599 5622/608/5602
f 5614/592/5588 5613/588/5585 5636/605/5600 5637/609/5603
f 5607/593/5589 5606/589/5586 5629/606/5601 5630/610/5604
f 5600/594/5590 5599/591/5587 5622/608/5602 5623/611/5605
f 5615/571/5568 5614/592/5588 5637/609/5603 5638/612/5606
f 5608/573/5570 5607/593/5589 5630/610/5604 5631/613/5607
f 5601/574/5572 5600/594/5590 5623/611/5605 5624/614/5608
f 5616/572/5569 5615/571/5568 5638/612/5606 5639/615/5609
f 5609/64/5571 5608/573/5570 5631/613/5607 5632/616/5610
f 5602/575/5573 5601/574/5572 5624/614/5608 5625/617/5611
f 5617/576/5574 5616/572/5569 5639/615/5609 5640/618/5612
f 5610/577/5575 5609/64/5571 5632/616/5610 5633/619/5613
f 5603/578/5576 5602/575/5573 5625/617/5611 5626/595/5591
f 5618/579/5577 5617/576/5574 5640/618/5612 5641/597/5593
f 5611/580/5578 5610/577/5575 5633/619/5613 5634/599/5595
f 5630/610/5604 5629/606/5601 5653/620/5614 5654/621/5615
f 5623/611/5605 5622/608/5602 5646/622/5616 5647/623/5617
f 5638/612/5606 5637/609/5603 5661/624/5618 5662/625/5619
f 5631/613/5607 5630/610/5604 5654/621/5615 5655/626/5620
f 5624/614/5608 5623/611/5605 5647/623/5617 5648/627/5621
f 5639/615/5609 5638/612/5606 5662/625/5619 5663/628/5622
f 5632/616/5610 5631/613/5607 5655/626/5620 5656/68/5623
f 5625/617/5611 5624/614/5608 5648/627/5621 5649/629/5624
f 5640/618/5612 5639/615/5609 5663/628/5622 5664/630/5625
f 5633/619/5613 5632/616/5610 5656/68/5623 5657/631/5626
f 5626/595/5591 5625/617/5611 5649/629/5624 5650/632/5627
f 5641/597/5593 5640/618/5612 5664/630/5625 5665/633/5628
f 5634/599/5595 5633/619/5613 5657/631/5626 5658/634/5629
f 5627/596/5592 5626/595/5591 5650/632/5627 5651/635/5630
f 5642/598/5594 5641/597/5593 5665/633/5628 5666/636/5631
f 5635/600/5596 5634/599/5595 5658/634/5629 5659/637/5632
f 5628/601/5597 5627/596/5592 5651/635/5630 5652/638/5633
f 5643/602/5598 5642/598/5594 5666/636/5631 5667/639/5634
f 5621/604/5599 5644/640/5177 5645/641/5635
f 5636/605/5600 5635/600/5596 5659/637/5632 5660/642/5636
f 5629/606/5601 5628/601/5597 5652/638/5633 5653/620/5614
f 5275/643/5183 5643/602/5598 5667/639/5634
f 5622/608/5602 5621/604/5599 5645/641/5635 5646/622/5616
f 5637/609/5603 5636/605/5600 5660/642/5636 5661/624/5618
f 5664/630/5625 5663/628/5622 5686/644/5637 5687/645/5638
f 5657/631/5626 5656/68/5623 5679/70/5639 5680/646/5640
f 5650/632/5627 5649/629/5624 5672/647/5641 5673/648/5642
f 5665/633/5628 5664/630/5625 5687/645/5638 5688/649/5643
f 5658/634/5629 5657/631/5626 5680/646/5640 5681/650/5644
f 5651/635/5630 5650/632/5627 5673/648/5642 5674/651/5645
f 5666/636/5631 5665/633/5628 5688/649/5643 5689/652/5646
f 5659/637/5632 5658/634/5629 5681/650/5644 5682/653/5647
f 5652/638/5633 5651/635/5630 5674/651/5645 5675/654/5648
f 5667/639/5634 5666/636/5631 5689/652/5646 5690/655/5649
f 5645/641/5635 5644/656/5177 5668/657/5650
f 5660/642/5636 5659/637/5632 5682/653/5647 5683/658/5651
f 5653/620/5614 5652/638/5633 5675/654/5648 5676/659/5652
f 5275/660/5183 5667/639/5634 5690/655/5649
f 5646/622/5616 5645/641/5635 5668/657/5650 5669/661/5653
f 5661/624/5618 5660/642/5636 5683/658/5651 5684/662/5654
f 5654/621/5615 5653/620/5614 5676/659/5652 5677/663/5655
f 5647/623/5617 5646/622/5616 5669/661/5653 5670/664/5656
f 5662/625/5619 5661/624/5618 5684/662/5654 5685/665/5657
f 5655/626/5620 5654/621/5615 5677/663/5655 5678/666/5658
f 5648/627/5621 5647/623/5617 5670/664/5656 5671/667/5659
f 5663/628/5622 5662/625/5619 5685/665/5657 5686/644/5637
f 5656/68/5623 5655/626/5620 5678/666/5658 5679/70/5639
f 5649/629/5624 5648/627/5621 5671/667/5659 5672/647/5641
f 5675/654/5648 5674/651/5645 5697/668/5660 5698/669/5661
f 5690/655/5649 5689/652/5646 5712/670/5662 5713/671/5663
f 5668/657/5650 5644/672/5177 5691/673/5664
f 5683/658/5651 5682/653/5647 5705/674/5665 5706/675/5666
f 5676/659/5652 5675/654/5648 5698/669/5661 5699/676/5667
f 5275/677/5183 5690/655/5649 5713/671/5663
f 5669/661/5653 5668/657/5650 5691/673/5664 5692/678/5668
f 5684/662/5654 5683/658/5651 5706/675/5666 5707/679/5669
f 5677/663/5655 5676/659/5652 5699/676/5667 5700/680/5670
f 5670/664/5656 5669/661/5653 5692/678/5668 5693/681/5671
f 5685/665/5657 5684/662/5654 5707/679/5669 5708/682/5672
f 5678/666/5658 5677/663/5655 5700/680/5670 5701/683/5673
f 5671/667/5659 5670/664/5656 5693/681/5671 5694/684/5674
f 5686/644/5637 5685/665/5657 5708/682/5672 5709/685/5675
f 5679/70/5639 5678/666/5658 5701/683/5673 5702/72/5676
f 5672/647/5641 5671/667/5659 5694/684/5674 5695/686/5677
f 5687/645/5638 5686/644/5637 5709/685/5675 5710/687/5678
f 5680/646/5640 5679/70/5639 5702/72/5676 5703/688/5679
f 5673/648/5642 5672/647/5641 5695/686/5677 5696/689/5680
f 5688/649/5643 5687/645/5638 5710/687/5678 5711/690/5681
f 5681/650/5644 5680/646/5640 5703/688/5679 5704/691/5682
f 5674/651/5645 5673/648/5642 5696/689/5680 5697/668/5660
f 5689/652/5646 5688/649/5643 5711/690/5681 5712/670/5662
f 5682/653/5647 5681/650/5644 5704/691/5682 5705/674/5665
f 5701/683/5673 5700/680/5670 5723/692/5683 5724/693/5684
f 5694/684/5674 5693/681/5671 5716/694/5685 5717/695/5686
f 5709/685/5675 5708/682/5672 5731/696/5687 5732/697/5688
f 5702/72/5676 5701/683/5673 5724/693/5684 5725/106/5689
f 5695/686/5677 5694/684/5674 5717/695/5686 5718/698/5690
f 5710/687/5678 5709/685/5675 5732/697/5688 5733/699/5691
f 5703/688/5679 5702/72/5676 5725/106/5689 5726/700/5692
f 5696/689/5680 5695/686/5677 5718/698/5690 5719/701/5693
f 5711/690/5681 5710/687/5678 5733/699/5691 5734/702/5694
f 5704/691/5682 5703/688/5679 5726/700/5692 5727/703/5695
f 5697/668/5660 5696/689/5680 5719/701/5693 5720/704/5696
f 5712/670/5662 5711/690/5681 5734/702/5694 5735/705/5697
f 5705/674/5665 5704/691/5682 5727/703/5695 5728/706/5698
f 5698/669/5661 5697/668/5660 5720/704/5696 5721/707/5699
f 5713/671/5663 5712/670/5662 5735/705/5697 5736/708/5700
f 5691/673/5664 5644/709/5177 5714/710/5701
f 5706/675/5666 5705/674/5665 5728/706/5698 5729/711/5702
f 5699/676/5667 5698/669/5661 5721/707/5699 5722/712/5703
f 5275/713/5183 5713/671/5663 5736/708/5700
f 5692/678/5668 5691/673/5664 5714/710/5701 5715/714/5704
f 5707/679/5669 5706/675/5666 5729/711/5702 5730/715/5705
f 5700/680/5670 5699/676/5667 5722/712/5703 5723/692/5683
f 5693/681/5671 5692/678/5668 5715/714/5704 5716/694/5685
f 5708/682/5672 5707/679/5669 5730/715/5705 5731/696/5687
f 5734/702/5694 5733/699/5691 5756/716/5706 5757/717/5707
f 5727/703/5695 5726/700/5692 5749/718/5708 5750/719/5709
f 5720/704/5696 5719/701/5693 5742/720/5710 5743/721/5711
f 5735/705/5697 5734/702/5694 5757/717/5707 5758/722/5712
f 5728/706/5698 5727/703/5695 5750/719/5709 5751/723/5713
f 5721/707/5699 5720/704/5696 5743/721/5711 5744/724/5714
f 5736/708/5700 5735/705/5697 5758/722/5712 5759/725/5715
f 5714/710/5701 5644/726/5177 5737/727/5716
f 5729/711/5702 5728/706/5698 5751/723/5713 5752/728/5717
f 5722/712/5703 5721/707/5699 5744/724/5714 5745/729/5718
f 5275/730/5183 5736/708/5700 5759/725/5715
f 5715/714/5704 5714/710/5701 5737/727/5716 5738/731/5719
f 5730/715/5705 5729/711/5702 5752/728/5717 5753/732/5720
f 5723/692/5683 5722/712/5703 5745/729/5718 5746/733/5721
f 5716/694/5685 5715/714/5704 5738/731/5719 5739/734/5722
f 5731/696/5687 5730/715/5705 5753/732/5720 5754/735/5723
f 5724/693/5684 5723/692/5683 5746/733/5721 5747/736/5724
f 5717/695/5686 5716/694/5685 5739/734/5722 5740/737/5725
f 5732/697/5688 5731/696/5687 5754/735/5723 5755/738/5726
f 5725/106/5689 5724/693/5684 5747/736/5724 5748/108/5727
f 5718/698/5690 5717/695/5686 5740/737/5725 5741/739/5728
f 5733/699/5691 5732/697/5688 5755/738/5726 5756/716/5706
f 5726/700/5692 5725/106/5689 5748/108/5727 5749/718/5708
f 5719/701/5693 5718/698/5690 5741/739/5728 5742/720/5710
f 5745/740/5718 5744/741/5714 5767/742/5729 5768/743/5730
f 5275/744/5183 5759/745/5715 5782/746/5731
f 5738/747/5719 5737/748/5716 5760/749/5732 5761/750/5733
f 5753/751/5720 5752/752/5717 5775/753/5734 5776/754/5735
f 5746/755/5721 5745/740/5718 5768/743/5730 5769/756/5736
f 5739/757/5722 5738/747/5719 5761/750/5733 5762/758/5737
f 5754/759/5723 5753/751/5720 5776/754/5735 5777/760/5738
f 5747/761/5724 5746/755/5721 5769/756/5736 5770/762/5739
f 5740/763/5725 5739/757/5722 5762/758/5737 5763/764/5740
f 5755/765/5726 5754/759/5723 5777/760/5738 5778/766/5741
f 5748/11/5727 5747/761/5724 5770/762/5739 5771/14/5742
f 5741/767/5728 5740/763/5725 5763/764/5740 5764/768/5743
f 5756/769/5706 5755/765/5726 5778/766/5741 5779/770/5744
f 5749/771/5708 5748/11/5727 5771/14/5742 5772/772/5745
f 5742/773/5710 5741/767/5728 5764/768/5743 5765/774/5746
f 5757/775/5707 5756/769/5706 5779/770/5744 5780/776/5747
f 5750/777/5709 5749/771/5708 5772/772/5745 5773/778/5748
f 5743/779/5711 5742/773/5710 5765/774/5746 5766/780/5749
f 5758/781/5712 5757/775/5707 5780/776/5747 5781/782/5750
f 5751/783/5713 5750/777/5709 5773/778/5748 5774/784/5751
f 5744/741/5714 5743/779/5711 5766/780/5749 5767/742/5729
f 5759/745/5715 5758/781/5712 5781/782/5750 5782/746/5731
f 5737/748/5716 5644/785/5177 5760/749/5732
f 5752/752/5717 5751/783/5713 5774/784/5751 5775/753/5734
f 5771/14/5742 5770/762/5739 5793/786/5752 5794/16/5753
f 5764/768/5743 5763/764/5740 5786/787/5754 5787/788/5755
f 5779/770/5744 5778/766/5741 5801/789/5756 5802/790/5757
f 5772/772/5745 5771/14/5742 5794/16/5753 5795/791/5758
f 5765/774/5746 5764/768/5743 5787/788/5755 5788/792/5759
f 5780/776/5747 5779/770/5744 5802/790/5757 5803/793/5760
f 5773/778/5748 5772/772/5745 5795/791/5758 5796/794/5761
f 5766/780/5749 5765/774/5746 5788/792/5759 5789/795/5762
f 5781/782/5750 5780/776/5747 5803/793/5760 5804/796/5763
f 5774/784/5751 5773/778/5748 5796/794/5761 5797/797/5764
f 5767/742/5729 5766/780/5749 5789/795/5762 5790/798/5765
f 5782/746/5731 5781/782/5750 5804/796/5763 5805/799/5766
f 5760/749/5732 5644/800/5177 5783/801/5767
f 5775/753/5734 5774/784/5751 5797/797/5764 5798/802/5768
f 5768/743/5730 5767/742/5729 5790/798/5765 5791/803/5769
f 5275/804/5183 5782/746/5731 5805/799/5766
f 5761/750/5733 5760/749/5732 5783/801/5767 5784/805/5770
f 5776/754/5735 5775/753/5734 5798/802/5768 5799/806/5771
f 5769/756/5736 5768/743/5730 5791/803/5769 5792/807/5772
f 5762/758/5737 5761/750/5733 5784/805/5770 5785/808/5773
f 5777/760/5738 5776/754/5735 5799/806/5771 5800/809/5774
f 5770/762/5739 5769/756/5736 5792/807/5772 5793/786/5752
f 5763/764/5740 5762/758/5737 5785/808/5773 5786/787/5754
f 5778/766/5741 5777/760/5738 5800/809/5774 5801/789/5756
f 5804/796/5763 5803/793/5760 5826/810/5775 5827/811/5776
f 5797/797/5764 5796/794/5761 5819/812/5777 5820/813/5778
f 5790/798/5765 5789/795/5762 5812/814/5779 5813/815/5780
f 5805/799/5766 5804/796/5763 5827/811/5776 5828/816/5781
f 5783/801/5767 5644/817/5177 5806/818/5782
f 5798/802/5768 5797/797/5764 5820/813/5778 5821/819/5783
f 5791/803/5769 5790/798/5765 5813/815/5780 5814/820/5784
f 5275/821/5183 5805/799/5766 5828/816/5781
f 5784/805/5770 5783/801/5767 5806/818/5782 5807/822/5785
f 5799/806/5771 5798/802/5768 5821/819/5783 5822/823/5786
f 5792/807/5772 5791/803/5769 5814/820/5784 5815/824/5787
f 5785/808/5773 5784/805/5770 5807/822/5785 5808/825/5788
f 5800/809/5774 5799/806/5771 5822/823/5786 5823/826/5789
f 5793/786/5752 5792/807/5772 5815/824/5787 5816/827/5790
f 5786/787/5754 5785/808/5773 5808/825/5788 5809/828/5791
f 5801/789/5756 5800/809/5774 5823/826/5789 5824/829/5792
f 5794/16/5753 5793/786/5752 5816/827/5790 5817/18/5793
f 5787/788/5755 5786/787/5754 5809/828/5791 5810/830/5794
f 5802/790/5757 5801/789/5756 5824/829/5792 5825/831/5795
f 5795/791/5758 5794/16/5753 5817/18/5793 5818/832/5796
f 5788/792/5759 5787/788/5755 5810/830/5794 5811/833/5797
f 5803/793/5760 5802/790/5757 5825/831/5795 5826/810/5775
f 5796/794/5761 5795/791/5758 5818/832/5796 5819/812/5777
f 5789/795/5762 5788/792/5759 5811/833/5797 5812/814/5779
f 5815/824/5787 5814/820/5784 5837/834/5798 5838/835/5799
f 5808/825/5788 5807/822/5785 5830/836/5800 5831/837/5801
f 5823/826/5789 5822/823/5786 5845/838/5802 5846/839/5803
f 5816/827/5790 5815/824/5787 5838/835/5799 5839/840/5804
f 5809/828/5791 5808/825/5788 5831/837/5801 5832/841/5805
f 5824/829/5792 5823/826/5789 5846/839/5803 5847/842/5806
f 5817/18/5793 5816/827/5790 5839/840/5804 5840/20/5807
f 5810/830/5794 5809/828/5791 5832/841/5805 5833/843/5808
f 5825/831/5795 5824/829/5792 5847/842/5806 5848/844/5809
f 5818/832/5796 5817/18/5793 5840/20/5807 5841/845/5810
f 5811/833/5797 5810/830/5794 5833/843/5808 5834/846/5811
f 5826/810/5775 5825/831/5795 5848/844/5809 5849/847/5812
f 5819/812/5777 5818/832/5796 5841/845/5810 5842/848/5813
f 5812/814/5779 5811/833/5797 5834/846/5811 5835/849/5814
f 5827/811/5776 5826/810/5775 5849/847/5812 5850/850/5815
f 5820/813/5778 5819/812/5777 5842/848/5813 5843/851/5816
f 5813/815/5780 5812/814/5779 5835/849/5814 5836/852/5817
f 5828/816/5781 5827/811/5776 5850/850/5815 5851/853/5818
f 5806/818/5782 5644/854/5177 5829/855/5819
f 5821/819/5783 5820/813/5778 5843/851/5816 5844/856/5820
f 5814/820/5784 5813/815/5780 5836/852/5817 5837/834/5798
f 5275/857/5183 5828/816/5781 5851/853/5818
f 5807/822/5785 5806/818/5782 5829/855/5819 5830/836/5800
f 5822/823/5786 5821/819/5783 5844/856/5820 5845/838/5802
f 5841/845/5810 5840/20/5807 5863/22/5821 5864/858/5822
f 5834/846/5811 5833/843/5808 5856/859/5823 5857/860/5824
f 5849/847/5812 5848/844/5809 5871/861/5825 5872/862/5826
f 5842/848/5813 5841/845/5810 5864/858/5822 5865/863/5827
f 5835/849/5814 5834/846/5811 5857/860/5824 5858/864/5828
f 5850/850/5815 5849/847/5812 5872/862/5826 5873/865/5829
f 5843/851/5816 5842/848/5813 5865/863/5827 5866/866/5830
f 5836/852/5817 5835/849/5814 5858/864/5828 5859/867/5831
f 5851/853/5818 5850/850/5815 5873/865/5829 5874/868/5832
f 5829/855/5819 5644/869/5177 5852/870/5833
f 5844/856/5820 5843/851/5816 5866/866/5830 5867/871/5834
f 5837/834/5798 5836/852/5817 5859/867/5831 5860/872/5835
f 5275/873/5183 5851/853/5818 5874/868/5832
f 5830/836/5800 5829/855/5819 5852/870/5833 5853/874/5836
f 5845/838/5802 5844/856/5820 5867/871/5834 5868/875/5837
f 5838/835/5799 5837/834/5798 5860/872/5835 5861/876/5838
f 5831/837/5801 5830/836/5800 5853/874/5836 5854/877/5839
f 5846/839/5803 5845/838/5802 5868/875/5837 5869/878/5840
f 5839/840/5804 5838/835/5799 5861/876/5838 5862/879/5841
f 5832/841/5805 5831/837/5801 5854/877/5839 5855/880/5842
f 5847/842/5806 5846/839/5803 5869/878/5840 5870/881/5843
f 5840/20/5807 5839/840/5804 5862/879/5841 5863/22/5821
f 5833/843/5808 5832/841/5805 5855/880/5842 5856/859/5823
f 5848/844/5809 5847/842/5806 5870/881/5843 5871/861/5825
f 5874/868/5832 5873/865/5829 5896/882/5844 5897/883/5845
f 5852/870/5833 5644/884/5177 5875/885/5846
f 5867/871/5834 5866/866/5830 5889/886/5847 5890/887/5848
f 5860/872/5835 5859/867/5831 5882/888/5849 5883/889/5850
f 5275/890/5183 5874/868/5832 5897/883/5845
f 5853/874/5836 5852/870/5833 5875/885/5846 5876/891/5851
f 5868/875/5837 5867/871/5834 5890/887/5848 5891/892/5852
f 5861/876/5838 5860/872/5835 5883/889/5850 5884/893/5853
f 5854/877/5839 5853/874/5836 5876/891/5851 5877/894/5854
f 5869/878/5840 5868/875/5837 5891/892/5852 5892/895/5855
f 5862/879/5841 5861/876/5838 5884/893/5853 5885/896/5856
f 5855/880/5842 5854/877/5839 5877/894/5854 5878/897/5857
f 5870/881/5843 5869/878/5840 5892/895/5855 5893/898/5858
f 5863/22/5821 5862/879/5841 5885/896/5856 5886/24/5859
f 5856/859/5823 5855/880/5842 5878/897/5857 5879/899/5860
f 5871/861/5825 5870/881/5843 5893/898/5858 5894/900/5861
f 5864/858/5822 5863/22/5821 5886/24/5859 5887/901/5862
f 5857/860/5824 5856/859/5823 5879/899/5860 5880/902/5863
f 5872/862/5826 5871/861/5825 5894/900/5861 5895/903/5864
f 5865/863/5827 5864/858/5822 5887/901/5862 5888/904/5865
f 5858/864/5828 5857/860/5824 5880/902/5863 5881/905/5866
f 5873/865/5829 5872/862/5826 5895/903/5864 5896/882/5844
f 5866/866/5830 5865/863/5827 5888/904/5865 5889/886/5847
f 5859/867/5831 5858/864/5828 5881/905/5866 5882/888/5849
f 5885/896/5856 5884/893/5853 5907/906/5867 5908/907/5868
f 5878/897/5857 5877/894/5854 5900/908/5869 5901/909/5870
f 5893/898/5858 5892/895/5855 5915/910/5871 5916/911/5872
f 5886/24/5859 5885/896/5856 5908/907/5868 5909/26/5873
f 5879/899/5860 5878/897/5857 5901/909/5870 5902/912/5874
f 5894/900/5861 5893/898/5858 5916/911/5872 5917/913/5875
f 5887/901/5862 5886/24/5859 5909/26/5873 5910/914/5876
f 5880/902/5863 5879/899/5860 5902/912/5874 5903/915/5877
f 5895/903/5864 5894/900/5861 5917/913/5875 5918/916/5878
f 5888/904/5865 5887/901/5862 5910/914/5876 5911/917/5879
f 5881/905/5866 5880/902/5863 5903/915/5877 5904/918/5880
f 5896/882/5844 5895/903/5864 5918/916/5878 5919/919/5881
f 5889/886/5847 5888/904/5865 5911/917/5879 5912/920/5882
f 5882/888/5849 5881/905/5866 5904/918/5880 5905/921/5883
f 5897/883/5845 5896/882/5844 5919/919/5881 5920/922/5884
f 5875/885/5846 5644/923/5177 5898/924/5885
f 5890/887/5848 5889/886/5847 5912/920/5882 5913/925/5886
f 5883/889/5850 5882/888/5849 5905/921/5883 5906/926/5887
f 5275/927/5183 5897/883/5845 5920/922/5884
f 5876/891/5851 5875/885/5846 5898/924/5885 5899/928/5888
f 5891/892/5852 5890/887/5848 5913/925/5886 5914/929/5889
f 5884/893/5853 5883/889/5850 5906/926/5887 5907/906/5867
f 5877/894/5854 5876/891/5851 5899/928/5888 5900/908/5869
f 5892/895/5855 5891/892/5852 5914/929/5889 5915/910/5871
f 5911/917/5879 5910/914/5876 5929/141/5152 5930/151/5164
f 5904/918/5880 5903/915/5877 5926/143/5156 5198/153/5166
f 5919/919/5881 5918/916/5878 5933/147/5160 5934/155/5168
f 5912/920/5882 5911/917/5879 5930/151/5164 5202/157/5170
f 5905/921/5883 5904/918/5880 5198/153/5166 5199/159/5172
f 5920/922/5884 5919/919/5881 5934/155/5168 5935/161/5174
f 5898/924/5885 5644/930/5177 5921/163/5176
f 5913/925/5886 5912/920/5882 5202/157/5170 5203/166/5179
f 5906/926/5887 5905/921/5883 5199/159/5172 5200/168/5181
f 5275/931/5183 5920/922/5884 5935/161/5174
f 5899/928/5888 5898/924/5885 5921/163/5176 5922/171/5184
f 5914/929/5889 5913/925/5886 5203/166/5179 5204/173/5186
f 5907/906/5867 5906/926/5887 5200/168/5181 5927/175/5188
f 5900/908/5869 5899/928/5888 5922/171/5184 5923/177/5190
f 5915/910/5871 5914/929/5889 5204/173/5186 5931/179/5192
f 5908/907/5868 5907/906/5867 5927/175/5188 5201/181/5194
f 5901/909/5870 5900/908/5869 5923/177/5190 5924/183/5196
f 5916/911/5872 5915/910/5871 5931/179/5192 5205/185/5198
f 5909/26/5873 5908/907/5868 5201/181/5194 5928/28/5153
f 5902/912/5874 5901/909/5870 5924/183/5196 5925/144/5157
f 5917/913/5875 5916/911/5872 5205/185/5198 5932/148/5161
f 5910/914/5876 5909/26/5873 5928/28/5153 5929/141/5152
f 5903/915/5877 5902/912/5874 5925/144/5157 5926/143/5156
f 5918/916/5878 5917/913/5875 5932/148/5161 5933/147/5160
usemtl noah_Jacket
f 6460/932/5890 6459/933/5891 5944/934/5892 5945/935/5893
f 6469/936/5894 6468/937/5895 5959/938/5896 5960/939/5897
f 5939/940/5898 6464/941/5899 5952/942/5900 5953/943/5901
f 6461/944/5902 6460/932/5890 5945/935/5893 5946/945/5903
f 6208/946/5183 6469/936/5894 5960/939/5897
f 5940/947/5904 5939/940/5898 5953/943/5901 5954/948/5905
f 6462/949/5906 6461/944/5902 5946/945/5903 5947/950/5907
f 6465/951/5908 5940/947/5904 5954/948/5905 5955/952/5909
f 5936/953/5910 6462/949/5906 5947/950/5907 5948/954/5911
f 5941/955/5912 6465/951/5908 5955/952/5909 5956/956/5913
f 5937/957/5914 5936/953/5910 5948/954/5911 5949/958/5915
f 6457/959/5916 6323/960/5177 5942/961/5917
f 6466/962/5918 5941/955/5912 5956/956/5913 5957/963/5919
f 6463/964/5920 5937/957/5914 5949/958/5915 5950/965/5921
f 6458/966/5922 6457/959/5916 5942/961/5917 5943/967/5923
f 6467/968/5924 6466/962/5918 5957/963/5919 5958/969/5925
f 5938/28/5153 6463/964/5920 5950/965/5921 5951/970/5926
f 6459/933/5891 6458/966/5922 5943/967/5923 5944/934/5892
f 6468/937/5895 6467/968/5924 5958/969/5925 5959/938/5896
f 6464/941/5899 5938/28/5153 5951/970/5926 5952/942/5900
f 5955/952/5909 5954/948/5905 5973/971/5927 5974/972/5928
f 5948/954/5911 5947/950/5907 5966/973/5929 5967/974/5930
f 5956/956/5913 5955/952/5909 5974/972/5928 5975/975/5931
f 5949/958/5915 5948/954/5911 5967/974/5930 5968/976/5932
f 5942/961/5917 6323/977/5177 5961/978/5933
f 5957/963/5919 5956/956/5913 5975/975/5931 5976/979/5934
f 5950/965/5921 5949/958/5915 5968/976/5932 5969/980/5935
f 5943/967/5923 5942/961/5917 5961/978/5933 5962/981/5936
f 5958/969/5925 5957/963/5919 5976/979/5934 5977/982/5937
f 5951/970/5926 5950/965/5921 5969/980/5935 5970/983/5938
f 5944/934/5892 5943/967/5923 5962/981/5936 5963/984/5939
f 5959/938/5896 5958/969/5925 5977/982/5937 5978/985/5940
f 5952/942/5900 5951/970/5926 5970/983/5938 5971/986/5941
f 5945/935/5893 5944/934/5892 5963/984/5939 5964/987/5942
f 5960/939/5897 5959/938/5896 5978/985/5940 5979/988/5943
f 5953/943/5901 5952/942/5900 5971/986/5941 5972/989/5944
f 5946/945/5903 5945/935/5893 5964/987/5942 5965/990/5945
f 6208/991/5183 5960/939/5897 5979/988/5943
f 5954/948/5905 5953/943/5901 5972/989/5944 5973/971/5927
f 5947/950/5907 5946/945/5903 5965/990/5945 5966/973/5929
f 5977/982/5937 5976/979/5934 5995/992/5946 5996/993/5947
f 5970/983/5938 5969/980/5935 5988/994/5948 5989/995/5949
f 5963/984/5939 5962/981/5936 5981/996/5950 5982/997/5951
f 5978/985/5940 5977/982/5937 5996/993/5947 5997/998/5952
f 5971/986/5941 5970/983/5938 5989/995/5949 5990/999/5953
f 5964/987/5942 5963/984/5939 5982/997/5951 5983/1000/5954
f 5979/988/5943 5978/985/5940 5997/998/5952 5998/1001/5955
f 5972/989/5944 5971/986/5941 5990/999/5953 5991/1002/5956
f 5965/990/5945 5964/987/5942 5983/1000/5954 5984/1003/5957
f 6208/1004/5183 5979/988/5943 5998/1001/5955
f 5973/971/5927 5972/989/5944 5991/1002/5956 5992/1005/5958
f 5966/973/5929 5965/990/5945 5984/1003/5957 5985/1006/5959
f 5974/972/5928 5973/971/5927 5992/1005/5958 5993/1007/5960
f 5967/974/5930 5966/973/5929 5985/1006/5959 5986/1008/5961
f 5975/975/5931 5974/972/5928 5993/1007/5960 5994/1009/5962
f 5968/976/5932 5967/974/5930 5986/1008/5961 5987/1010/5963
f 5961/978/5933 6323/1011/5177 5980/1012/5964
f 5976/979/5934 5975/975/5931 5994/1009/5962 5995/992/5946
f 5969/980/5935 5968/976/5932 5987/1010/5963 5988/994/5948
f 5962/981/5936 5961/978/5933 5980/1012/5964 5981/996/5950
f 5992/1005/5958 5991/1002/5956 6010/1013/5965 6011/1014/5966
f 5985/1006/5959 5984/1003/5957 6003/1015/5967 6004/1016/5968
f 5993/1007/5960 5992/1005/5958 6011/1014/5966 6012/1017/5969
f 5986/1008/5961 5985/1006/5959 6004/1016/5968 6005/1018/5970
f 5994/1009/5962 5993/1007/5960 6012/1017/5969 6013/1019/5971
f 5987/1010/5963 5986/1008/5961 6005/1018/5970 6006/1020/5972
f 5980/1012/5964 6323/35/5177 5999/1021/5973
f 5995/992/5946 5994/1009/5962 6013/1019/5971 6014/1022/5974
f 5988/994/5948 5987/1010/5963 6006/1020/5972 6007/1023/5975
f 5981/996/5950 5980/1012/5964 5999/1021/5973 6000/1024/5976
f 5996/993/5947 5995/992/5946 6014/1022/5974 6015/1025/5977
f 5989/995/5949 5988/994/5948 6007/1023/5975 6008/1026/5978
f 5982/997/5951 5981/996/5950 6000/1024/5976 6001/1027/5979
f 5997/998/5952 5996/993/5947 6015/1025/5977 6016/1028/5980
f 5990/999/5953 5989/995/5949 6008/1026/5978 6009/1029/5981
f 5983/1000/5954 5982/997/5951 6001/1027/5979 6002/1030/5982
f 5998/1001/5955 5997/998/5952 6016/1028/5980 6017/1031/5983
f 5991/1002/5956 5990/999/5953 6009/1029/5981 6010/1013/5965
f 5984/1003/5957 5983/1000/5954 6002/1030/5982 6003/1015/5967
f 6208/1032/5183 5998/1001/5955 6017/1031/5983
f 6007/1023/5975 6006/1020/5972 6025/1033/5984 6026/1034/5985
f 6000/1024/5976 5999/1021/5973 6018/1035/5986 6019/1036/5987
f 6015/1025/5977 6014/1022/5974 6033/1037/5988 6034/1038/5989
f 6008/1026/5978 6007/1023/5975 6026/1034/5985 6027/1039/5990
f 6001/1027/5979 6000/1024/5976 6019/1036/5987 6020/1040/5991
f 6016/1028/5980 6015/1025/5977 6034/1038/5989 6035/1041/5992
f 6009/1029/5981 6008/1026/5978 6027/1039/5990 6028/1042/5993
f 6002/1030/5982 6001/1027/5979 6020/1040/5991 6021/1043/5994
f 6017/1031/5983 6016/1028/5980 6035/1041/5992 6036/1044/5995
f 6010/1013/5965 6009/1029/5981 6028/1042/5993 6029/1045/5996
f 6003/1015/5967 6002/1030/5982 6021/1043/5994 6022/1046/5997
f 6208/1047/5183 6017/1031/5983 6036/1044/5995
f 6011/1014/5966 6010/1013/5965 6029/1045/5996 6030/1048/5998
f 6004/1016/5968 6003/1015/5967 6022/1046/5997 6023/1049/5999
f 6012/1017/5969 6011/1014/5966 6030/1048/5998 6031/1050/6000
f 6005/1018/5970 6004/1016/5968 6023/1049/5999 6024/1051/6001
f 6013/1019/5971 6012/1017/5969 6031/1050/6000 6032/1052/6002
f 6006/1020/5972 6005/1018/5970 6024/1051/6001 6025/1033/5984
f 5999/1021/5973 6323/1053/5177 6018/1035/5986
f 6014/1022/5974 6013/1019/5971 6032/1052/6002 6033/1037/5988
f 6022/1046/5997 6021/1043/5994 6040/1054/6003 6041/1055/6004
f 6208/1056/5183 6036/1044/5995 6055/1057/6005
f 6030/1048/5998 6029/1045/5996 6048/1058/6006 6049/1059/6007
f 6023/1049/5999 6022/1046/5997 6041/1055/6004 6042/1060/6008
f 6031/1050/6000 6030/1048/5998 6049/1059/6007 6050/1061/6009
f 6024/1051/6001 6023/1049/5999 6042/1060/6008 6043/1062/6010
f 6032/1052/6002 6031/1050/6000 6050/1061/6009 6051/1063/6011
f 6025/1033/5984 6024/1051/6001 6043/1062/6010 6044/1064/6012
f 6018/1035/5986 6323/1065/5177 6037/1066/6013
f 6033/1037/5988 6032/1052/6002 6051/1063/6011 6052/1067/6014
f 6026/1034/5985 6025/1033/5984 6044/1064/6012 6045/1068/6015
f 6019/1036/5987 6018/1035/5986 6037/1066/6013 6038/1069/6016
f 6034/1038/5989 6033/1037/5988 6052/1067/6014 6053/1070/6017
f 6027/1039/5990 6026/1034/5985 6045/1068/6015 6046/1071/6018
f 6020/1040/5991 6019/1036/5987 6038/1069/6016 6039/1072/6019
f 6035/1041/5992 6034/1038/5989 6053/1070/6017 6054/1073/6020
f 6028/1042/5993 6027/1039/5990 6046/1071/6018 6047/1074/6021
f 6021/1043/5994 6020/1040/5991 6039/1072/6019 6040/1054/6003
f 6036/1044/5995 6035/1041/5992 6054/1073/6020 6055/1057/6005
f 6029/1045/5996 6028/1042/5993 6047/1074/6021 6048/1058/6006
f 6037/1066/6013 6323/1075/5177 6056/1076/6022
f 6052/1067/6014 6051/1063/6011 6070/1077/6023 6071/1078/6024
f 6045/1068/6015 6044/1064/6012 6063/1079/6025 6064/1080/6026
f 6038/1069/6016 6037/1066/6013 6056/1076/6022 6057/1081/6027
f 6053/1070/6017 6052/1067/6014 6071/1078/6024 6072/1082/6028
f 6046/1071/6018 6045/1068/6015 6064/1080/6026 6065/44/5360
f 6039/1072/6019 6038/1069/6016 6057/1081/6027 6058/1083/6029
f 6054/1073/6020 6053/1070/6017 6072/1082/6028 6073/1084/6030
f 6047/1074/6021 6046/1071/6018 6065/44/5360 6066/1085/6031
f 6040/1054/6003 6039/1072/6019 6058/1083/6029 6059/1086/6032
f 6055/1057/6005 6054/1073/6020 6073/1084/6030 6074/1087/6033
f 6048/1058/6006 6047/1074/6021 6066/1085/6031 6067/1088/6034
f 6041/1055/6004 6040/1054/6003 6059/1086/6032 6060/1089/6035
f 6208/1090/5183 6055/1057/6005 6074/1087/6033
f 6049/1059/6007 6048/1058/6006 6067/1088/6034 6068/1091/6036
f 6042/1060/6008 6041/1055/6004 6060/1089/6035 6061/1092/6037
f 6050/1061/6009 6049/1059/6007 6068/1091/6036 6069/1093/6038
f 6043/1062/6010 6042/1060/6008 6061/1092/6037 6062/1094/6039
f 6051/1063/6011 6050/1061/6009 6069/1093/6038 6070/1077/6023
f 6044/1064/6012 6043/1062/6010 6062/1094/6039 6063/1079/6025
f 6067/1088/6034 6066/1085/6031 6085/1095/6040 6086/1096/6041
f 6060/1089/6035 6059/1086/6032 6078/1097/6042 6079/1098/6043
f 6208/1099/5183 6074/1087/6033 6093/1100/6044
f 6068/1091/6036 6067/1088/6034 6086/1096/6041 6087/1101/6045
f 6061/1092/6037 6060/1089/6035 6079/1098/6043 6080/1102/6046
f 6069/1093/6038 6068/1091/6036 6087/1101/6045 6088/1103/6047
f 6062/1094/6039 6061/1092/6037 6080/1102/6046 6081/1104/6048
f 6070/1077/6023 6069/1093/6038 6088/1103/6047 6089/1105/6049
f 6063/1079/6025 6062/1094/6039 6081/1104/6048 6082/1106/6050
f 6056/1076/6022 6323/1107/5177 6075/1108/6051
f 6071/1078/6024 6070/1077/6023 6089/1105/6049 6090/1109/6052
f 6064/1080/6026 6063/1079/6025 6082/1106/6050 6083/1110/6053
f 6057/1081/6027 6056/1076/6022 6075/1108/6051 6076/1111/6054
f 6072/1082/6028 6071/1078/6024 6090/1109/6052 6091/1112/6055
f 6065/44/5360 6064/1080/6026 6083/1110/6053 6084/1113/6056
f 6058/1083/6029 6057/1081/6027 6076/1111/6054 6077/1114/6057
f 6073/1084/6030 6072/1082/6028 6091/1112/6055 6092/1115/6058
f 6066/1085/6031 6065/44/5360 6084/1113/6056 6085/1095/6040
f 6059/1086/6032 6058/1083/6029 6077/1114/6057 6078/1097/6042
f 6074/1087/6033 6073/1084/6030 6092/1115/6058 6093/1100/6044
f 6082/1106/6050 6081/1104/6048 6100/1116/6059 6101/1117/6060
f 6075/1108/6051 6323/1118/5177 6094/1119/6061
f 6090/1109/6052 6089/1105/6049 6108/1120/6062 6109/1121/6063
f 6083/1110/6053 6082/1106/6050 6101/1117/6060 6102/1122/6064
f 6076/1111/6054 6075/1108/6051 6094/1119/6061 6095/1123/6065
f 6091/1112/6055 6090/1109/6052 6109/1121/6063 6110/1124/6066
f 6084/1113/6056 6083/1110/6053 6102/1122/6064 6103/1125/6067
f 6077/1114/6057 6076/1111/6054 6095/1123/6065 6096/1126/6068
f 6092/1115/6058 6091/1112/6055 6110/1124/6066 6111/1127/6069
f 6085/1095/6040 6084/1113/6056 6103/1125/6067 6104/1128/6070
f 6078/1097/6042 6077/1114/6057 6096/1126/6068 6097/1129/6071
f 6093/1100/6044 6092/1115/6058 6111/1127/6069 6112/1130/6072
f 6086/1096/6041 6085/1095/6040 6104/1128/6070 6105/1131/6073
f 6079/1098/6043 6078/1097/6042 6097/1129/6071 6098/1132/6074
f 6208/1133/5183 6093/1100/6044 6112/1130/6072
f 6087/1101/6045 6086/1096/6041 6105/1131/6073 6106/1134/6075
f 6080/1102/6046 6079/1098/6043 6098/1132/6074 6099/1135/6076
f 6088/1103/6047 6087/1101/6045 6106/1134/6075 6107/1136/6077
f 6081/1104/6048 6080/1102/6046 6099/1135/6076 6100/1116/6059
f 6089/1105/6049 6088/1103/6047 6107/1136/6077 6108/1120/6062
f 6097/1129/6071 6096/1126/6068 6115/1137/6078 6116/1138/6079
f 6112/1130/6072 6111/1127/6069 6130/1139/6080 6131/1140/6081
f 6105/1131/6073 6104/1128/6070 6123/1141/6082 6124/1142/6083
f 6098/1132/6074 6097/1129/6071 6116/1138/6079 6117/1143/6084
f 6208/1144/5183 6112/1130/6072 6131/1140/6081
f 6106/1134/6075 6105/1131/6073 6124/1142/6083 6125/1145/6085
f 6099/1135/6076 6098/1132/6074 6117/1143/6084 6118/1146/6086
f 6107/1136/6077 6106/1134/6075 6125/1145/6085 6126/1147/6087
f 6100/1116/6059 6099/1135/6076 6118/1146/6086 6119/1148/6088
f 6108/1120/6062 6107/1136/6077 6126/1147/6087 6127/1149/6089
f 6101/1117/6060 6100/1116/6059 6119/1148/6088 6120/1150/6090
f 6094/1119/6061 6323/1151/5177 6113/1152/6091
f 6109/1121/6063 6108/1120/6062 6127/1149/6089 6128/1153/6092
f 6102/1122/6064 6101/1117/6060 6120/1150/6090 6121/1154/6093
f 6095/1123/6065 6094/1119/6061 6113/1152/6091 6114/1155/6094
f 6110/1124/6066 6109/1121/6063 6128/1153/6092 6129/1156/6095
f 6103/1125/6067 6102/1122/6064 6121/1154/6093 6122/1157/6096
f 6096/1126/6068 6095/1123/6065 6114/1155/6094 6115/1137/6078
f 6111/1127/6069 6110/1124/6066 6129/1156/6095 6130/1139/6080
f 6104/1128/6070 6103/1125/6067 6122/1157/6096 6123/1141/6082
f 6127/1149/6089 6126/1147/6087 6145/1158/6097 6146/1159/6098
f 6120/1150/6090 6119/1148/6088 6138/1160/6099 6139/1161/6100
f 6113/1152/6091 6323/1162/5177 6132/1163/6101
f 6128/1153/6092 6127/1149/6089 6146/1159/6098 6147/1164/6102
f 6121/1154/6093 6120/1150/6090 6139/1161/6100 6140/1165/6103
f 6114/1155/6094 6113/1152/6091 6132/1163/6101 6133/1166/6104
f 6129/1156/6095 6128/1153/6092 6147/1164/6102 6148/1167/6105
f 6122/1157/6096 6121/1154/6093 6140/1165/6103 6141/1168/6106
f 6115/1137/6078 6114/1155/6094 6133/1166/6104 6134/1169/6107
f 6130/1139/6080 6129/1156/6095 6148/1167/6105 6149/1170/6108
f 6123/1141/6082 6122/1157/6096 6141/1168/6106 6142/1171/6109
f 6116/1138/6079 6115/1137/6078 6134/1169/6107 6135/1172/6110
f 6131/1140/6081 6130/1139/6080 6149/1170/6108 6150/1173/6111
f 6124/1142/6083 6123/1141/6082 6142/1171/6109 6143/1174/6112
f 6117/1143/6084 6116/1138/6079 6135/1172/6110 6136/1175/6113
f 6208/1176/5183 6131/1140/6081 6150/1173/6111
f 6125/1145/6085 6124/1142/6083 6143/1174/6112 6144/1177/6114
f 6118/1146/6086 6117/1143/6084 6136/1175/6113 6137/1178/6115
f 6126/1147/6087 6125/1145/6085 6144/1177/6114 6145/1158/6097
f 6119/1148/6088 6118/1146/6086 6137/1178/6115 6138/1160/6099
f 6149/1170/6108 6148/1167/6105 6167/1179/6116 6168/1180/6117
f 6142/1171/6109 6141/1168/6106 6160/1181/6118 6161/1182/6119
f 6135/1172/6110 6134/1169/6107 6153/1183/6120 6154/1184/6121
f 6150/1173/6111 6149/1170/6108 6168/1180/6117 6169/1185/6122
f 6143/1174/6112 6142/1171/6109 6161/1182/6119 6162/1186/6123
f 6136/1175/6113 6135/1172/6110 6154/1184/6121 6155/1187/6124
f 6208/1188/5183 6150/1173/6111 6169/1185/6122
f 6144/1177/6114 6143/1174/6112 6162/1186/6123 6163/1189/6125
f 6137/1178/6115 6136/1175/6113 6155/1187/6124 6156/1190/6126
f 6145/1158/6097 6144/1177/6114 6163/1189/6125 6164/1191/6127
f 6138/1160/6099 6137/1178/6115 6156/1190/6126 6157/1192/6128
f 6146/1159/6098 6145/1158/6097 6164/1191/6127 6165/1193/6129
f 6139/1161/6100 6138/1160/6099 6157/1192/6128 6158/1194/6130
f 6132/1163/6101 6323/1195/5177 6151/1196/6131
f 6147/1164/6102 6146/1159/6098 6165/1193/6129 6166/1197/6132
f 6140/1165/6103 6139/1161/6100 6158/1194/6130 6159/1198/6133
f 6133/1166/6104 6132/1163/6101 6151/1196/6131 6152/1199/6134
f 6148/1167/6105 6147/1164/6102 6166/1197/6132 6167/1179/6116
f 6141/1168/6106 6140/1165/6103 6159/1198/6133 6160/1181/6118
f 6134/1169/6107 6133/1166/6104 6152/1199/6134 6153/1183/6120
f 6164/1191/6127 6163/1189/6125 6182/1200/6135 6183/1201/6136
f 6157/1192/6128 6156/1190/6126 6175/1202/6137 6176/1203/6138
f 6165/1193/6129 6164/1191/6127 6183/1201/6136 6184/1204/6139
f 6158/1194/6130 6157/1192/6128 6176/1203/6138 6177/1205/6140
f 6151/1196/6131 6323/1206/5177 6170/1207/6141
f 6166/1197/6132 6165/1193/6129 6184/1204/6139 6185/1208/6142
f 6159/1198/6133 6158/1194/6130 6177/1205/6140 6178/1209/6143
f 6152/1199/6134 6151/1196/6131 6170/1207/6141 6171/1210/6144
f 6167/1179/6116 6166/1197/6132 6185/1208/6142 6186/1211/6145
f 6160/1181/6118 6159/1198/6133 6178/1209/6143 6179/1212/6146
f 6153/1183/6120 6152/1199/6134 6171/1210/6144 6172/1213/6147
f 6168/1180/6117 6167/1179/6116 6186/1211/6145 6187/1214/6148
f 6161/1182/6119 6160/1181/6118 6179/1212/6146 6180/1215/6149
f 6154/1184/6121 6153/1183/6120 6172/1213/6147 6173/1216/6150
f 6169/1185/6122 6168/1180/6117 6187/1214/6148 6188/1217/6151
f 6162/1186/6123 6161/1182/6119 6180/1215/6149 6181/1218/6152
f 6155/1187/6124 6154/1184/6121 6173/1216/6150 6174/1219/6153
f 6208/1220/5183 6169/1185/6122 6188/1217/6151
f 6163/1189/6125 6162/1186/6123 6181/1218/6152 6182/1200/6135
f 6156/1190/6126 6155/1187/6124 6174/1219/6153 6175/1202/6137
f 6179/1212/6146 6178/1209/6143 6197/1221/6154 6198/60/5544
f 6172/1213/6147 6171/1210/6144 6190/1222/6155 6191/1223/6156
f 6187/1214/6148 6186/1211/6145 6205/1224/6157 6206/1225/6158
f 6180/1215/6149 6179/1212/6146 6198/60/5544 6199/1226/6159
f 6173/1216/6150 6172/1213/6147 6191/1223/6156 6192/1227/6160
f 6188/1217/6151 6187/1214/6148 6206/1225/6158 6207/1228/6161
f 6181/1218/6152 6180/1215/6149 6199/1226/6159 6200/1229/6162
f 6174/1219/6153 6173/1216/6150 6192/1227/6160 6193/1230/6163
f 6208/1231/5183 6188/1217/6151 6207/1228/6161
f 6182/1200/6135 6181/1218/6152 6200/1229/6162 6201/1232/6164
f 6175/1202/6137 6174/1219/6153 6193/1230/6163 6194/1233/6165
f 6183/1201/6136 6182/1200/6135 6201/1232/6164 6202/1234/6166
f 6176/1203/6138 6175/1202/6137 6194/1233/6165 6195/1235/6167
f 6184/1204/6139 6183/1201/6136 6202/1234/6166 6203/1236/6168
f 6177/1205/6140 6176/1203/6138 6195/1235/6167 6196/1237/6169
f 6170/1207/6141 6323/1238/5177 6189/1239/6170
f 6185/1208/6142 6184/1204/6139 6203/1236/6168 6204/1240/6171
f 6178/1209/6143 6177/1205/6140 6196/1237/6169 6197/1221/6154
f 6171/1210/6144 6170/1207/6141 6189/1239/6170 6190/1222/6155
f 6186/1211/6145 6185/1208/6142 6204/1240/6171 6205/1224/6157
f 6194/1233/6165 6193/1230/6163 6213/1241/6172 6214/1242/6173
f 6202/1234/6166 6201/1232/6164 6221/1243/6174 6222/1244/6175
f 6195/1235/6167 6194/1233/6165 6214/1242/6173 6215/1245/6176
f 6203/1236/6168 6202/1234/6166 6222/1244/6175 6223/1246/6177
f 6196/1237/6169 6195/1235/6167 6215/1245/6176 6216/1247/6178
f 6189/1239/6170 6323/1248/5177 6209/1249/6179
f 6204/1240/6171 6203/1236/6168 6223/1246/6177 6224/1250/6180
f 6197/1221/6154 6196/1237/6169 6216/1247/6178 6217/1251/6181
f 6190/1222/6155 6189/1239/6170 6209/1249/6179 6210/1252/6182
f 6205/1224/6157 6204/1240/6171 6224/1250/6180 6225/1253/6183
f 6198/60/5544 6197/1221/6154 6217/1251/6181 6218/1254/6184
f 6191/1223/6156 6190/1222/6155 6210/1252/6182 6211/1255/6185
f 6206/1225/6158 6205/1224/6157 6225/1253/6183 6226/1256/6186
f 6199/1226/6159 6198/60/5544 6218/1254/6184 6219/1257/6187
f 6192/1227/6160 6191/1223/6156 6211/1255/6185 6212/1258/6188
f 6207/1228/6161 6206/1225/6158 6226/1256/6186 6227/1259/6189
f 6200/1229/6162 6199/1226/6159 6219/1257/6187 6220/1260/6190
f 6193/1230/6163 6192/1227/6160 6212/1258/6188 6213/1241/6172
f 6208/1261/5183 6207/1228/6161 6227/1259/6189
f 6201/1232/6164 6200/1229/6162 6220/1260/6190 6221/1243/6174
f 6210/1252/6182 6209/1249/6179 6228/1262/6191 6229/1263/6192
f 6225/1253/6183 6224/1250/6180 6243/1264/6193 6244/1265/6194
f 6218/1254/6184 6217/1251/6181 6236/1266/6195 6237/1267/6196
f 6211/1255/6185 6210/1252/6182 6229/1263/6192 6230/1268/6197
f 6226/1256/6186 6225/1253/6183 6244/1265/6194 6245/1269/6198
f 6219/1257/6187 6218/1254/6184 6237/1267/6196 6238/1270/6199
f 6212/1258/6188 6211/1255/6185 6230/1268/6197 6231/1271/6200
f 6227/1259/6189 6226/1256/6186 6245/1269/6198 6246/1272/6201
f 6220/1260/6190 6219/1257/6187 6238/1270/6199 6239/1273/6202
f 6213/1241/6172 6212/1258/6188 6231/1271/6200 6232/1274/6203
f 6208/1275/5183 6227/1259/6189 6246/1272/6201
f 6221/1243/6174 6220/1260/6190 6239/1273/6202 6240/1276/6204
f 6214/1242/6173 6213/1241/6172 6232/1274/6203 6233/1277/6205
f 6222/1244/6175 6221/1243/6174 6240/1276/6204 6241/1278/6206
f 6215/1245/6176 6214/1242/6173 6233/1277/6205 6234/1279/6207
f 6223/1246/6177 6222/1244/6175 6241/1278/6206 6242/1280/6208
f 6216/1247/6178 6215/1245/6176 6234/1279/6207 6235/1281/6209
f 6209/1249/6179 6323/1282/5177 6228/1262/6191
f 6224/1250/6180 6223/1246/6177 6242/1280/6208 6243/1264/6193
f 6217/1251/6181 6216/1247/6178 6235/1281/6209 6236/1266/6195
f 6240/1276/6204 6239/1273/6202 6258/1283/6210 6259/1284/6211
f 6233/1277/6205 6232/1274/6203 6251/1285/6212 6252/1286/6213
f 6241/1278/6206 6240/1276/6204 6259/1284/6211 6260/1287/6214
f 6234/1279/6207 6233/1277/6205 6252/1286/6213 6253/1288/6215
f 6242/1280/6208 6241/1278/6206 6260/1287/6214 6261/1289/6216
f 6235/1281/6209 6234/1279/6207 6253/1288/6215 6254/1290/6217
f 6228/1262/6191 6323/1291/5177 6247/1292/6218
f 6243/1264/6193 6242/1280/6208 6261/1289/6216 6262/1293/6219
f 6236/1266/6195 6235/1281/6209 6254/1290/6217 6255/1294/6220
f 6229/1263/6192 6228/1262/6191 6247/1292/6218 6248/1295/6221
f 6244/1265/6194 6243/1264/6193 6262/1293/6219 6263/1296/6222
f 6237/1267/6196 6236/1266/6195 6255/1294/6220 6256/1297/6223
f 6230/1268/6197 6229/1263/6192 6248/1295/6221 6249/1298/6224
f 6245/1269/6198 6244/1265/6194 6263/1296/6222 6264/1299/6225
f 6238/1270/6199 6237/1267/6196 6256/1297/6223 6257/1300/6226
f 6231/1271/6200 6230/1268/6197 6249/1298/6224 6250/1301/6227
f 6246/1272/6201 6245/1269/6198 6264/1299/6225 6265/1302/6228
f 6239/1273/6202 6238/1270/6199 6257/1300/6226 6258/1283/6210
f 6232/1274/6203 6231/1271/6200 6250/1301/6227 6251/1285/6212
f 6208/1303/5183 6246/1272/6201 6265/1302/6228
f 6255/1294/6220 6254/1290/6217 6273/1304/6229 6274/1305/6230
f 6248/1295/6221 6247/1292/6218 6266/1306/6231 6267/1307/6232
f 6263/1296/6222 6262/1293/6219 6281/1308/6233 6282/1309/6234
f 6256/1297/6223 6255/1294/6220 6274/1305/6230 6275/1310/6235
f 6249/1298/6224 6248/1295/6221 6267/1307/6232 6268/1311/6236
f 6264/1299/6225 6263/1296/6222 6282/1309/6234 6283/1312/6237
f 6257/1300/6226 6256/1297/6223 6275/1310/6235 6276/1313/6238
f 6250/1301/6227 6249/1298/6224 6268/1311/6236 6269/1314/6239
f 6265/1302/6228 6264/1299/6225 6283/1312/6237 6284/1315/6240
f 6258/1283/6210 6257/1300/6226 6276/1313/6238 6277/1316/6241
f 6251/1285/6212 6250/1301/6227 6269/1314/6239 6270/1317/6242
f 6208/1318/5183 6265/1302/6228 6284/1315/6240
f 6259/1284/6211 6258/1283/6210 6277/1316/6241 6278/1319/6243
f 6252/1286/6213 6251/1285/6212 6270/1317/6242 6271/1320/6244
f 6260/1287/6214 6259/1284/6211 6278/1319/6243 6279/1321/6245
f 6253/1288/6215 6252/1286/6213 6271/1320/6244 6272/1322/6246
f 6261/1289/6216 6260/1287/6214 6279/1321/6245 6280/1323/6247
f 6254/1290/6217 6253/1288/6215 6272/1322/6246 6273/1304/6229
f 6247/1292/6218 6323/67/5177 6266/1306/6231
f 6262/1293/6219 6261/1289/6216 6280/1323/6247 6281/1308/6233
f 6270/1317/6242 6269/1314/6239 6288/1324/6248 6289/1325/6249
f 6208/1326/5183 6284/1315/6240 6303/1327/6250
f 6278/1319/6243 6277/1316/6241 6296/1328/6251 6297/1329/6252
f 6271/1320/6244 6270/1317/6242 6289/1325/6249 6290/1330/6253
f 6279/1321/6245 6278/1319/6243 6297/1329/6252 6298/1331/6254
f 6272/1322/6246 6271/1320/6244 6290/1330/6253 6291/1332/6255
f 6280/1323/6247 6279/1321/6245 6298/1331/6254 6299/1333/6256
f 6273/1304/6229 6272/1322/6246 6291/1332/6255 6292/1334/6257
f 6266/1306/6231 6323/1335/5177 6285/1336/6258
f 6281/1308/6233 6280/1323/6247 6299/1333/6256 6300/1337/6259
f 6274/1305/6230 6273/1304/6229 6292/1334/6257 6293/1338/6260
f 6267/1307/6232 6266/1306/6231 6285/1336/6258 6286/1339/6261
f 6282/1309/6234 6281/1308/6233 6300/1337/6259 6301/1340/6262
f 6275/1310/6235 6274/1305/6230 6293/1338/6260 6294/1341/6263
f 6268/1311/6236 6267/1307/6232 6286/1339/6261 6287/1342/6264
f 6283/1312/6237 6282/1309/6234 6301/1340/6262 6302/1343/6265
f 6276/1313/6238 6275/1310/6235 6294/1341/6263 6295/1344/6266
f 6269/1314/6239 6268/1311/6236 6287/1342/6264 6288/1324/6248
f 6284/1315/6240 6283/1312/6237 6302/1343/6265 6303/1327/6250
f 6277/1316/6241 6276/1313/6238 6295/1344/6266 6296/1328/6251
f 6285/1336/6258 6323/1345/5177 6304/1346/6267
f 6300/1337/6259 6299/1333/6256 6318/1347/6268 6319/1348/6269
f 6293/1338/6260 6292/1334/6257 6311/1349/6270 6312/1350/6271
f 6286/1339/6261 6285/1336/6258 6304/1346/6267 6305/1351/6272
f 6301/1340/6262 6300/1337/6259 6319/1348/6269 6320/1352/6273
f 6294/1341/6263 6293/1338/6260 6312/1350/6271 6313/1353/6274
f 6287/1342/6264 6286/1339/6261 6305/1351/6272 6306/1354/6275
f 6302/1343/6265 6301/1340/6262 6320/1352/6273 6321/1355/6276
f 6295/1344/6266 6294/1341/6263 6313/1353/6274 6314/1356/6277
f 6288/1324/6248 6287/1342/6264 6306/1354/6275 6307/1357/6278
f 6303/1327/6250 6302/1343/6265 6321/1355/6276 6322/1358/6279
f 6296/1328/6251 6295/1344/6266 6314/1356/6277 6315/1359/6280
f 6289/1325/6249 6288/1324/6248 6307/1357/6278 6308/1360/6281
f 6208/1361/5183 6303/1327/6250 6322/1358/6279
f 6297/1329/6252 6296/1328/6251 6315/1359/6280 6316/1362/6282
f 6290/1330/6253 6289/1325/6249 6308/1360/6281 6309/1363/6283
f 6298/1331/6254 6297/1329/6252 6316/1362/6282 6317/1364/6284
f 6291/1332/6255 6290/1330/6253 6309/1363/6283 6310/1365/6285
f 6299/1333/6256 6298/1331/6254 6317/1364/6284 6318/1347/6268
f 6292/1334/6257 6291/1332/6255 6310/1365/6285 6311/1349/6270
f 6322/1358/6279 6321/1355/6276 6341/1366/6286 6342/1367/6287
f 6315/1359/6280 6314/1356/6277 6334/1368/6288 6335/1369/6289
f 6308/1360/6281 6307/1357/6278 6327/1370/6290 6328/1371/6291
f 6208/1372/5183 6322/1358/6279 6342/1367/6287
f 6316/1362/6282 6315/1359/6280 6335/1369/6289 6336/1373/6292
f 6309/1363/6283 6308/1360/6281 6328/1371/6291 6329/1374/6293
f 6317/1364/6284 6316/1362/6282 6336/1373/6292 6337/1375/6294
f 6310/1365/6285 6309/1363/6283 6329/1374/6293 6330/1376/6295
f 6318/1347/6268 6317/1364/6284 6337/1375/6294 6338/735/6296
f 6311/1349/6270 6310/1365/6285 6330/1376/6295 6331/1377/6297
f 6304/1346/6267 6323/1378/5177 6324/1379/6298
f 6319/1348/6269 6318/1347/6268 6338/735/6296 6339/1380/6299
f 6312/1350/6271 6311/1349/6270 6331/1377/6297 6332/1381/6300
f 6305/1351/6272 6304/1346/6267 6324/1379/6298 6325/1382/6301
f 6320/1352/6273 6319/1348/6269 6339/1380/6299 6340/1383/6302
f 6313/1353/6274 6312/1350/6271 6332/1381/6300 6333/108/5727
f 6306/1354/6275 6305/1351/6272 6325/1382/6301 6326/1384/6303
f 6321/1355/6276 6320/1352/6273 6340/1383/6302 6341/1366/6286
f 6314/1356/6277 6313/1353/6274 6333/108/5727 6334/1368/6288
f 6307/1357/6278 6306/1354/6275 6326/1384/6303 6327/1370/6290
f 6338/759/6296 6337/1385/6294 6356/1386/6304 6357/1387/6305
f 6331/1388/6297 6330/1389/6295 6349/1390/6306 6350/1391/6307
f 6324/1392/6298 6323/1393/5177 6343/1394/6308
f 6339/1395/6299 6338/759/6296 6357/1387/6305 6358/1396/6309
f 6332/1397/6300 6331/1388/6297 6350/1391/6307 6351/1398/6310
f 6325/1399/6301 6324/1392/6298 6343/1394/6308 6344/1400/6311
f 6340/1401/6302 6339/1395/6299 6358/1396/6309 6359/1402/6312
f 6333/11/5727 6332/1397/6300 6351/1398/6310 6352/1403/6313
f 6326/1404/6303 6325/1399/6301 6344/1400/6311 6345/1405/6314
f 6341/1406/6286 6340/1401/6302 6359/1402/6312 6360/1407/6315
f 6334/1408/6288 6333/11/5727 6352/1403/6313 6353/1409/6316
f 6327/1410/6290 6326/1404/6303 6345/1405/6314 6346/1411/6317
f 6342/1412/6287 6341/1406/6286 6360/1407/6315 6361/1413/6318
f 6335/1414/6289 6334/1408/6288 6353/1409/6316 6354/1415/6319
f 6328/1416/6291 6327/1410/6290 6346/1411/6317 6347/1417/6320
f 6208/1418/5183 6342/1412/6287 6361/1413/6318
f 6336/1419/6292 6335/1414/6289 6354/1415/6319 6355/1420/6321
f 6329/1421/6293 6328/1416/6291 6347/1417/6320 6348/1422/6322
f 6337/1385/6294 6336/1419/6292 6355/1420/6321 6356/1386/6304
f 6330/1389/6295 6329/1421/6293 6348/1422/6322 6349/1390/6306
f 6353/1409/6316 6352/1403/6313 6371/1423/6323 6372/1424/6324
f 6346/1411/6317 6345/1405/6314 6364/1425/6325 6365/1426/6326
f 6361/1413/6318 6360/1407/6315 6379/1427/6327 6380/1428/6328
f 6354/1415/6319 6353/1409/6316 6372/1424/6324 6373/1429/6329
f 6347/1417/6320 6346/1411/6317 6365/1426/6326 6366/1430/6330
f 6208/1431/5183 6361/1413/6318 6380/1428/6328
f 6355/1420/6321 6354/1415/6319 6373/1429/6329 6374/1432/6331
f 6348/1422/6322 6347/1417/6320 6366/1430/6330 6367/1433/6332
f 6356/1386/6304 6355/1420/6321 6374/1432/6331 6375/1434/6333
f 6349/1390/6306 6348/1422/6322 6367/1433/6332 6368/1435/6334
f 6357/1387/6305 6356/1386/6304 6375/1434/6333 6376/1436/6335
f 6350/1391/6307 6349/1390/6306 6368/1435/6334 6369/1437/6336
f 6343/1394/6308 6323/1438/5177 6362/1439/6337
f 6358/1396/6309 6357/1387/6305 6376/1436/6335 6377/1440/6338
f 6351/1398/6310 6350/1391/6307 6369/1437/6336 6370/1441/6339
f 6344/1400/6311 6343/1394/6308 6362/1439/6337 6363/1442/6340
f 6359/1402/6312 6358/1396/6309 6377/1440/6338 6378/1443/6341
f 6352/1403/6313 6351/1398/6310 6370/1441/6339 6371/1423/6323
f 6345/1405/6314 6344/1400/6311 6363/1442/6340 6364/1425/6325
f 6360/1407/6315 6359/1402/6312 6378/1443/6341 6379/1427/6327
f 6368/1435/6334 6367/1433/6332 6386/1444/6342 6387/1445/6343
f 6376/1436/6335 6375/1434/6333 6394/1446/6344 6395/1447/6345
f 6369/1437/6336 6368/1435/6334 6387/1445/6343 6388/1448/6346
f 6362/1439/6337 6323/1449/5177 6381/1450/6347
f 6377/1440/6338 6376/1436/6335 6395/1447/6345 6396/1451/6348
f 6370/1441/6339 6369/1437/6336 6388/1448/6346 6389/1452/6349
f 6363/1442/6340 6362/1439/6337 6381/1450/6347 6382/1453/6350
f 6378/1443/6341 6377/1440/6338 6396/1451/6348 6397/1454/6351
f 6371/1423/6323 6370/1441/6339 6389/1452/6349 6390/1455/6352
f 6364/1425/6325 6363/1442/6340 6382/1453/6350 6383/1456/6353
f 6379/1427/6327 6378/1443/6341 6397/1454/6351 6398/1457/6354
f 6372/1424/6324 6371/1423/6323 6390/1455/6352 6391/1458/6355
f 6365/1426/6326 6364/1425/6325 6383/1456/6353 6384/1459/6356
f 6380/1428/6328 6379/1427/6327 6398/1457/6354 6399/1460/6357
f 6373/1429/6329 6372/1424/6324 6391/1458/6355 6392/1461/6358
f 6366/1430/6330 6365/1426/6326 6384/1459/6356 6385/1462/6359
f 6208/1463/5183 6380/1428/6328 6399/1460/6357
f 6374/1432/6331 6373/1429/6329 6392/1461/6358 6393/1464/6360
f 6367/1433/6332 6366/1430/6330 6385/1462/6359 6386/1444/6342
f 6375/1434/6333 6374/1432/6331 6393/1464/6360 6394/1446/6344
f 6383/1456/6353 6382/1453/6350 6401/1465/6361 6402/1466/6362
f 6398/1457/6354 6397/1454/6351 6416/1467/6363 6417/1468/6364
f 6391/1458/6355 6390/1455/6352 6409/1469/6365 6410/1470/6366
f 6384/1459/6356 6383/1456/6353 6402/1466/6362 6403/1471/6367
f 6399/1460/6357 6398/1457/6354 6417/1468/6364 6418/1472/6368
f 6392/1461/6358 6391/1458/6355 6410/1470/6366 6411/1473/6369
f 6385/1462/6359 6384/1459/6356 6403/1471/6367 6404/1474/6370
f 6208/1475/5183 6399/1460/6357 6418/1472/6368
f 6393/1464/6360 6392/1461/6358 6411/1473/6369 6412/1476/6371
f 6386/1444/6342 6385/1462/6359 6404/1474/6370 6405/1477/6372
f 6394/1446/6344 6393/1464/6360 6412/1476/6371 6413/1478/6373
f 6387/1445/6343 6386/1444/6342 6405/1477/6372 6406/1479/6374
f 6395/1447/6345 6394/1446/6344 6413/1478/6373 6414/1480/6375
f 6388/1448/6346 6387/1445/6343 6406/1479/6374 6407/1481/6376
f 6381/1450/6347 6323/19/5177 6400/1482/6377
f 6396/1451/6348 6395/1447/6345 6414/1480/6375 6415/1483/6378
f 6389/1452/6349 6388/1448/6346 6407/1481/6376 6408/1484/6379
f 6382/1453/6350 6381/1450/6347 6400/1482/6377 6401/1465/6361
f 6397/1454/6351 6396/1451/6348 6415/1483/6378 6416/1467/6363
f 6390/1455/6352 6389/1452/6349 6408/1484/6379 6409/1469/6365
f 6413/1478/6373 6412/1476/6371 6431/1485/6380 6432/1486/6381
f 6406/1479/6374 6405/1477/6372 6424/1487/6382 6425/1488/6383
f 6414/1480/6375 6413/1478/6373 6432/1486/6381 6433/1489/6384
f 6407/1481/6376 6406/1479/6374 6425/1488/6383 6426/1490/6385
f 6400/1482/6377 6323/1491/5177 6419/1492/6386
f 6415/1483/6378 6414/1480/6375 6433/1489/6384 6434/1493/6387
f 6408/1484/6379 6407/1481/6376 6426/1490/6385 6427/1494/6388
f 6401/1465/6361 6400/1482/6377 6419/1492/6386 6420/1495/6389
f 6416/1467/6363 6415/1483/6378 6434/1493/6387 6435/1496/6390
f 6409/1469/6365 6408/1484/6379 6427/1494/6388 6428/1497/6391
f 6402/1466/6362 6401/1465/6361 6420/1495/6389 6421/1498/6392
f 6417/1468/6364 6416/1467/6363 6435/1496/6390 6436/1499/6393
f 6410/1470/6366 6409/1469/6365 6428/1497/6391 6429/1500/6394
f 6403/1471/6367 6402/1466/6362 6421/1498/6392 6422/1501/6395
f 6418/1472/6368 6417/1468/6364 6436/1499/6393 6437/1502/6396
f 6411/1473/6369 6410/1470/6366 6429/1500/6394 6430/1503/6397
f 6404/1474/6370 6403/1471/6367 6422/1501/6395 6423/1504/6398
f 6208/1505/5183 6418/1472/6368 6437/1502/6396
f 6412/1476/6371 6411/1473/6369 6430/1503/6397 6431/1485/6380
f 6405/1477/6372 6404/1474/6370 6423/1504/6398 6424/1487/6382
f 6428/1497/6391 6427/1494/6388 6446/1506/6399 6447/1507/6400
f 6421/1498/6392 6420/1495/6389 6439/1508/6401 6440/1509/6402
f 6436/1499/6393 6435/1496/6390 6454/1510/6403 6455/1511/6404
f 6429/1500/6394 6428/1497/6391 6447/1507/6400 6448/1512/6405
f 6422/1501/6395 6421/1498/6392 6440/1509/6402 6441/1513/6406
f 6437/1502/6396 6436/1499/6393 6455/1511/6404 6456/1514/6407
f 6430/1503/6397 6429/1500/6394 6448/1512/6405 6449/1515/6408
f 6423/1504/6398 6422/1501/6395 6441/1513/6406 6442/1516/6409
f 6208/1517/5183 6437/1502/6396 6456/1514/6407
f 6431/1485/6380 6430/1503/6397 6449/1515/6408 6450/1518/6410
f 6424/1487/6382 6423/1504/6398 6442/1516/6409 6443/1519/6411
f 6432/1486/6381 6431/1485/6380 6450/1518/6410 6451/1520/6412
f 6425/1488/6383 6424/1487/6382 6443/1519/6411 6444/1521/6413
f 6433/1489/6384 6432/1486/6381 6451/1520/6412 6452/1522/6414
f 6426/1490/6385 6425/1488/6383 6444/1521/6413 6445/1523/6415
f 6419/1492/6386 6323/1524/5177 6438/1525/6416
f 6434/1493/6387 6433/1489/6384 6452/1522/6414 6453/1526/6417
f 6427/1494/6388 6426/1490/6385 6445/1523/6415 6446/1506/6399
f 6420/1495/6389 6419/1492/6386 6438/1525/6416 6439/1508/6401
f 6435/1496/6390 6434/1493/6387 6453/1526/6417 6454/1510/6403
f 6443/1519/6411 6442/1516/6409 6461/944/5902 6462/949/5906
f 6451/1520/6412 6450/1518/6410 5940/947/5904 6465/951/5908
f 6444/1521/6413 6443/1519/6411 6462/949/5906 5936/953/5910
f 6452/1522/6414 6451/1520/6412 6465/951/5908 5941/955/5912
f 6445/1523/6415 6444/1521/6413 5936/953/5910 5937/957/5914
f 6438/1525/6416 6323/1527/5177 6457/959/5916
f 6453/1526/6417 6452/1522/6414 5941/955/5912 6466/962/5918
f 6446/1506/6399 6445/1523/6415 5937/957/5914 6463/964/5920
f 6439/1508/6401 6438/1525/6416 6457/959/5916 6458/966/5922
f 6454/1510/6403 6453/1526/6417 6466/962/5918 6467/968/5924
f 6447/1507/6400 6446/1506/6399 6463/964/5920 5938/28/5153
f 6440/1509/6402 6439/1508/6401 6458/966/5922 6459/933/5891
f 6455/1511/6404 6454/1510/6403 6467/968/5924 6468/937/5895
f 6448/1512/6405 6447/1507/6400 5938/28/5153 6464/941/5899
f 6441/1513/6406 6440/1509/6402 6459/933/5891 6460/932/5890
f 6456/1514/6407 6455/1511/6404 6468/937/5895 6469/936/5894
f 6449/1515/6408 6448/1512/6405 6464/941/5899 5939/940/5898
f 6442/1516/6409 6441/1513/6406 6460/932/5890 6461/944/5902
f 6208/1528/5183 6456/1514/6407 6469/936/5894
f 6450/1518/6410 6449/1515/6408 5939/940/5898 5940/947/5904
usemtl noah_Shoes
f 6470/1529/6418 6471/1032/6419 6473/242/6420 6472/1530/6421
f 6472/1530/6421 6473/242/6420 6477/36/6422 6476/52/6423
f 6476/52/6423 6477/36/6422 6475/249/6424 6474/1531/6425
f 6474/1531/6425 6475/249/6424 6471/35/6419 6470/51/6418
f 6472/68/6421 6476/52/6423 6474/1531/6425 6470/1532/6418
f 6477/36/6422 6473/20/6420 6471/1533/6419 6475/249/6424
f 6478/1529/6418 6479/1032/6419 6481/242/6420 6480/1530/6421
f 6480/1530/6421 6481/242/6420 6485/36/6422 6484/52/6423
f 6484/52/6423 6485/36/6422 6483/249/6424 6482/1531/6425
f 6482/1531/6425 6483/249/6424 6479/35/6419 6478/51/6418
f 6480/68/6421 6484/52/6423 6482/1531/6425 6478/1532/6418
f 6485/36/6422 6481/20/6420 6479/1533/6419 6483/249/6424
usemtl noah_Hair
f 6838/1534/6426 6671/1535/5177 6491/1536/6427
f 6717/1537/5183 6847/1538/6428 6505/1539/6429
f 6489/1540/6430 6842/28/5153 6498/1541/6431 6499/1542/6432
f 6839/1543/6433 6838/1534/6426 6491/1536/6427 6492/1544/6434
f 6843/157/6435 6489/1540/6430 6499/1542/6432 6500/1545/6436
f 6840/1546/6437 6839/1543/6433 6492/1544/6434 6493/1547/6438
f 6490/1548/6439 6843/157/6435 6500/1545/6436 6501/1549/6440
f 6486/1550/6441 6840/1546/6437 6493/1547/6438 6494/1551/6442
f 6844/1552/6443 6490/1548/6439 6501/1549/6440 6502/1553/6444
f 6487/1554/6445 6486/1550/6441 6494/1551/6442 6495/1555/6446
f 6845/1556/6447 6844/1552/6443 6502/1553/6444 6503/1557/6448
f 6841/168/6449 6487/1554/6445 6495/1555/6446 6496/1558/6450
f 6846/1559/6451 6845/1556/6447 6503/1557/6448 6504/1560/6452
f 6488/1561/6453 6841/168/6449 6496/1558/6450 6497/1562/6454
f 6847/1538/6428 6846/1559/6451 6504/1560/6452 6505/1539/6429
f 6842/28/5153 6488/1561/6453 6497/1562/6454 6498/1541/6431
f 6497/1562/6454 6496/1558/6450 6511/1563/6455 6512/1564/6456
f 6505/1539/6429 6504/1560/6452 6519/1565/6457 6520/1566/6458
f 6498/1541/6431 6497/1562/6454 6512/1564/6456 6513/1567/6459
f 6491/1536/6427 6671/31/5177 6506/1568/6460
f 6717/1569/5183 6505/1539/6429 6520/1566/6458
f 6499/1542/6432 6498/1541/6431 6513/1567/6459 6514/1570/6461
f 6492/1544/6434 6491/1536/6427 6506/1568/6460 6507/1571/6462
f 6500/1545/6436 6499/1542/6432 6514/1570/6461 6515/1572/6463
f 6493/1547/6438 6492/1544/6434 6507/1571/6462 6508/1573/6464
f 6501/1549/6440 6500/1545/6436 6515/1572/6463 6516/1574/6465
f 6494/1551/6442 6493/1547/6438 6508/1573/6464 6509/1575/6466
f 6502/1553/6444 6501/1549/6440 6516/1574/6465 6517/1576/6467
f 6495/1555/6446 6494/1551/6442 6509/1575/6466 6510/1577/6468
f 6503/1557/6448 6502/1553/6444 6517/1576/6467 6518/1578/6469
f 6496/1558/6450 6495/1555/6446 6510/1577/6468 6511/1563/6455
f 6504/1560/6452 6503/1557/6448 6518/1578/6469 6519/1565/6457
f 6516/1574/6465 6515/1572/6463 6530/254/6470 6531/1579/6471
f 6509/1575/6466 6508/1573/6464 6523/1580/6472 6524/249/6473
f 6517/1576/6467 6516/1574/6465 6531/1579/6471 6532/242/6474
f 6510/1577/6468 6509/1575/6466 6524/249/6473 6525/1581/6475
f 6518/1578/6469 6517/1576/6467 6532/242/6474 6533/1582/6476
f 6511/1563/6455 6510/1577/6468 6525/1581/6475 6526/1583/6477
f 6519/1565/6457 6518/1578/6469 6533/1582/6476 6534/1584/6478
f 6512/1564/6456 6511/1563/6455 6526/1583/6477 6527/1585/6479
f 6520/1566/6458 6519/1565/6457 6534/1584/6478 6535/1586/6480
f 6513/1567/6459 6512/1564/6456 6527/1585/6479 6528/36/6481
f 6506/1568/6460 6671/1587/5177 6521/1588/6482
f 6717/1589/5183 6520/1566/6458 6535/1586/6480
f 6514/1570/6461 6513/1567/6459 6528/36/6481 6529/1590/6483
f 6507/1571/6462 6506/1568/6460 6521/1588/6482 6522/241/6484
f 6515/1572/6463 6514/1570/6461 6529/1590/6483 6530/254/6470
f 6508/1573/6464 6507/1571/6462 6522/241/6484 6523/1580/6472
f 6535/1586/6480 6534/1584/6478 6549/1591/6485 6550/1592/6486
f 6528/36/6481 6527/1585/6479 6542/1593/6487 6543/1594/6488
f 6521/1588/6482 6671/1595/5177 6536/1596/6489
f 6717/1597/5183 6535/1586/6480 6550/1592/6486
f 6529/1590/6483 6528/36/6481 6543/1594/6488 6544/1598/6490
f 6522/241/6484 6521/1588/6482 6536/1596/6489 6537/1599/6491
f 6530/254/6470 6529/1590/6483 6544/1598/6490 6545/1600/6492
f 6523/1580/6472 6522/241/6484 6537/1599/6491 6538/1601/6493
f 6531/1579/6471 6530/254/6470 6545/1600/6492 6546/1602/6494
f 6524/249/6473 6523/1580/6472 6538/1601/6493 6539/1603/6495
f 6532/242/6474 6531/1579/6471 6546/1602/6494 6547/1604/6496
f 6525/1581/6475 6524/249/6473 6539/1603/6495 6540/1605/6497
f 6533/1582/6476 6532/242/6474 6547/1604/6496 6548/1606/6498
f 6526/1583/6477 6525/1581/6475 6540/1605/6497 6541/1607/6499
f 6534/1584/6478 6533/1582/6476 6548/1606/6498 6549/1591/6485
f 6527/1585/6479 6526/1583/6477 6541/1607/6499 6542/1593/6487
f 6547/1604/6496 6546/1602/6494 6561/1608/6500 6562/1609/6501
f 6540/1605/6497 6539/1603/6495 6554/1610/6502 6555/1611/6503
f 6548/1606/6498 6547/1604/6496 6562/1609/6501 6563/1612/6504
f 6541/1607/6499 6540/1605/6497 6555/1611/6503 6556/1613/6505
f 6549/1591/6485 6548/1606/6498 6563/1612/6504 6564/1614/6506
f 6542/1593/6487 6541/1607/6499 6556/1613/6505 6557/1615/6507
f 6550/1592/6486 6549/1591/6485 6564/1614/6506 6565/1616/6508
f 6543/1594/6488 6542/1593/6487 6557/1615/6507 6558/1617/6509
f 6536/1596/6489 6671/39/5177 6551/1618/6510
f 6717/1619/5183 6550/1592/6486 6565/1616/6508
f 6544/1598/6490 6543/1594/6488 6558/1617/6509 6559/1620/6511
f 6537/1599/6491 6536/1596/6489 6551/1618/6510 6552/1621/6512
f 6545/1600/6492 6544/1598/6490 6559/1620/6511 6560/1622/6513
f 6538/1601/6493 6537/1599/6491 6552/1621/6512 6553/1623/6514
f 6546/1602/6494 6545/1600/6492 6560/1622/6513 6561/1608/6500
f 6539/1603/6495 6538/1601/6493 6553/1623/6514 6554/1610/6502
f 6551/1618/6510 6671/1624/5177 6566/1625/6515
f 6717/1626/5183 6565/1616/6508 6580/1627/6516
f 6559/1620/6511 6558/1617/6509 6573/44/5360 6574/1628/6517
f 6552/1621/6512 6551/1618/6510 6566/1625/6515 6567/350/6518
f 6560/1622/6513 6559/1620/6511 6574/1628/6517 6575/1629/6519
f 6553/1623/6514 6552/1621/6512 6567/350/6518 6568/1630/6520
f 6561/1608/6500 6560/1622/6513 6575/1629/6519 6576/1631/6521
f 6554/1610/6502 6553/1623/6514 6568/1630/6520 6569/1089/6522
f 6562/1609/6501 6561/1608/6500 6576/1631/6521 6577/1077/6523
f 6555/1611/6503 6554/1610/6502 6569/1089/6522 6570/1632/6524
f 6563/1612/6504 6562/1609/6501 6577/1077/6523 6578/1633/6525
f 6556/1613/6505 6555/1611/6503 6570/1632/6524 6571/1634/6526
f 6564/1614/6506 6563/1612/6504 6578/1633/6525 6579/1635/6527
f 6557/1615/6507 6556/1613/6505 6571/1634/6526 6572/1636/6528
f 6565/1616/6508 6564/1614/6506 6579/1635/6527 6580/1627/6516
f 6558/1617/6509 6557/1615/6507 6572/1636/6528 6573/44/5360
f 6570/1632/6524 6569/1089/6522 6584/1637/6529 6585/1638/6530
f 6578/1633/6525 6577/1077/6523 6592/1639/6531 6593/1640/6532
f 6571/1634/6526 6570/1632/6524 6585/1638/6530 6586/1641/6533
f 6579/1635/6527 6578/1633/6525 6593/1640/6532 6594/1642/6534
f 6572/1636/6528 6571/1634/6526 6586/1641/6533 6587/1643/6535
f 6580/1627/6516 6579/1635/6527 6594/1642/6534 6595/1644/6536
f 6573/44/5360 6572/1636/6528 6587/1643/6535 6588/1645/6537
f 6566/1625/6515 6671/1646/5177 6581/1647/6538
f 6717/1648/5183 6580/1627/6516 6595/1644/6536
f 6574/1628/6517 6573/44/5360 6588/1645/6537 6589/1649/6539
f 6567/350/6518 6566/1625/6515 6581/1647/6538 6582/1650/6540
f 6575/1629/6519 6574/1628/6517 6589/1649/6539 6590/1651/6541
f 6568/1630/6520 6567/350/6518 6582/1650/6540 6583/1652/6542
f 6576/1631/6521 6575/1629/6519 6590/1651/6541 6591/1653/6543
f 6569/1089/6522 6568/1630/6520 6583/1652/6542 6584/1637/6529
f 6577/1077/6523 6576/1631/6521 6591/1653/6543 6592/1639/6531
f 6589/1649/6539 6588/1645/6537 6603/1654/6544 6604/1655/6545
f 6582/1650/6540 6581/1647/6538 6596/1656/6546 6597/1657/6547
f 6590/1651/6541 6589/1649/6539 6604/1655/6545 6605/1658/6548
f 6583/1652/6542 6582/1650/6540 6597/1657/6547 6598/1659/6549
f 6591/1653/6543 6590/1651/6541 6605/1658/6548 6606/1660/6550
f 6584/1637/6529 6583/1652/6542 6598/1659/6549 6599/1661/6551
f 6592/1639/6531 6591/1653/6543 6606/1660/6550 6607/1662/6552
f 6585/1638/6530 6584/1637/6529 6599/1661/6551 6600/1663/6553
f 6593/1640/6532 6592/1639/6531 6607/1662/6552 6608/1664/6554
f 6586/1641/6533 6585/1638/6530 6600/1663/6553 6601/1665/6555
f 6594/1642/6534 6593/1640/6532 6608/1664/6554 6609/1666/6556
f 6587/1643/6535 6586/1641/6533 6601/1665/6555 6602/1667/6557
f 6595/1644/6536 6594/1642/6534 6609/1666/6556 6610/1668/6558
f 6588/1645/6537 6587/1643/6535 6602/1667/6557 6603/1654/6544
f 6581/1647/6538 6671/47/5177 6596/1656/6546
f 6717/1669/5183 6595/1644/6536 6610/1668/6558
f 6608/1664/6554 6607/1662/6552 6622/1530/6559 6623/1670/6560
f 6601/1665/6555 6600/1663/6553 6615/1671/6561 6616/1672/6562
f 6609/1666/6556 6608/1664/6554 6623/1670/6560 6624/1673/6563
f 6602/1667/6557 6601/1665/6555 6616/1672/6562 6617/1674/6564
f 6610/1668/6558 6609/1666/6556 6624/1673/6563 6625/1675/6565
f 6603/1654/6544 6602/1667/6557 6617/1674/6564 6618/52/6566
f 6596/1656/6546 6671/1676/5177 6611/1677/6567
f 6717/1678/5183 6610/1668/6558 6625/1675/6565
f 6604/1655/6545 6603/1654/6544 6618/52/6566 6619/1679/6568
f 6597/1657/6547 6596/1656/6546 6611/1677/6567 6612/432/6569
f 6605/1658/6548 6604/1655/6545 6619/1679/6568 6620/1680/6570
f 6598/1659/6549 6597/1657/6547 6612/432/6569 6613/1681/6571
f 6606/1660/6550 6605/1658/6548 6620/1680/6570 6621/1682/6572
f 6599/1661/6551 6598/1659/6549 6613/1681/6571 6614/1531/6573
f 6607/1662/6552 6606/1660/6550 6621/1682/6572 6622/1530/6559
f 6600/1663/6553 6599/1661/6551 6614/1531/6573 6615/1671/6561
f 6612/432/6569 6611/1677/6567 6626/1683/6574 6627/1684/6575
f 6620/1680/6570 6619/1679/6568 6634/1685/6576 6635/1686/6577
f 6613/1681/6571 6612/432/6569 6627/1684/6575 6628/1687/6578
f 6621/1682/6572 6620/1680/6570 6635/1686/6577 6636/1688/6579
f 6614/1531/6573 6613/1681/6571 6628/1687/6578 6629/1689/6580
f 6622/1530/6559 6621/1682/6572 6636/1688/6579 6637/1690/6581
f 6615/1671/6561 6614/1531/6573 6629/1689/6580 6630/1691/6582
f 6623/1670/6560 6622/1530/6559 6637/1690/6581 6638/1692/6583
f 6616/1672/6562 6615/1671/6561 6630/1691/6582 6631/1693/6584
f 6624/1673/6563 6623/1670/6560 6638/1692/6583 6639/1694/6585
f 6617/1674/6564 6616/1672/6562 6631/1693/6584 6632/1695/6586
f 6625/1675/6565 6624/1673/6563 6639/1694/6585 6640/1696/6587
f 6618/52/6566 6617/1674/6564 6632/1695/6586 6633/1697/6588
f 6611/1677/6567 6671/1698/5177 6626/1683/6574
f 6717/1699/5183 6625/1675/6565 6640/1696/6587
f 6619/1679/6568 6618/52/6566 6633/1697/6588 6634/1685/6576
f 6631/1693/6584 6630/1691/6582 6645/1700/6589 6646/1701/6590
f 6639/1694/6585 6638/1692/6583 6653/1702/6591 6654/1703/6592
f 6632/1695/6586 6631/1693/6584 6646/1701/6590 6647/1704/6593
f 6640/1696/6587 6639/1694/6585 6654/1703/6592 6655/1705/6594
f 6633/1697/6588 6632/1695/6586 6647/1704/6593 6648/1706/6595
f 6626/1683/6574 6671/55/5177 6641/1707/6596
f 6717/1708/5183 6640/1696/6587 6655/1705/6594
f 6634/1685/6576 6633/1697/6588 6648/1706/6595 6649/1709/6597
f 6627/1684/6575 6626/1683/6574 6641/1707/6596 6642/1710/6598
f 6635/1686/6577 6634/1685/6576 6649/1709/6597 6650/1711/6599
f 6628/1687/6578 6627/1684/6575 6642/1710/6598 6643/1712/6600
f 6636/1688/6579 6635/1686/6577 6650/1711/6599 6651/1713/6601
f 6629/1689/6580 6628/1687/6578 6643/1712/6600 6644/1714/6602
f 6637/1690/6581 6636/1688/6579 6651/1713/6601 6652/1715/6603
f 6630/1691/6582 6629/1689/6580 6644/1714/6602 6645/1700/6589
f 6638/1692/6583 6637/1690/6581 6652/1715/6603 6653/1702/6591
f 6650/1711/6599 6649/1709/6597 6664/1716/6604 6665/1717/6605
f 6643/1712/6600 6642/1710/6598 6657/1718/6606 6658/1719/6607
f 6651/1713/6601 6650/1711/6599 6665/1717/6605 6666/1720/6608
f 6644/1714/6602 6643/1712/6600 6658/1719/6607 6659/1230/6609
f 6652/1715/6603 6651/1713/6601 6666/1720/6608 6667/1236/6610
f 6645/1700/6589 6644/1714/6602 6659/1230/6609 6660/1721/6611
f 6653/1702/6591 6652/1715/6603 6667/1236/6610 6668/1722/6612
f 6646/1701/6590 6645/1700/6589 6660/1721/6611 6661/1723/6613
f 6654/1703/6592 6653/1702/6591 6668/1722/6612 6669/1724/6614
f 6647/1704/6593 6646/1701/6590 6661/1723/6613 6662/1725/6615
f 6655/1705/6594 6654/1703/6592 6669/1724/6614 6670/1726/6616
f 6648/1706/6595 6647/1704/6593 6662/1725/6615 6663/60/5544
f 6641/1707/6596 6671/1727/5177 6656/1728/6617
f 6717/1729/5183 6655/1705/6594 6670/1726/6616
f 6649/1709/6597 6648/1706/6595 6663/60/5544 6664/1716/6604
f 6642/1710/6598 6641/1707/6596 6656/1728/6617 6657/1718/6606
f 6669/1724/6614 6668/1722/6612 6684/1730/6618 6685/1731/6619
f 6662/1725/6615 6661/1723/6613 6677/1732/6620 6678/1733/6621
f 6670/1726/6616 6669/1724/6614 6685/1731/6619 6686/1734/6622
f 6663/60/5544 6662/1725/6615 6678/1733/6621 6679/1735/6623
f 6656/1728/6617 6671/1736/5177 6672/1737/6624
f 6717/1738/5183 6670/1726/6616 6686/1734/6622
f 6664/1716/6604 6663/60/5544 6679/1735/6623 6680/1739/6625
f 6657/1718/6606 6656/1728/6617 6672/1737/6624 6673/1740/6626
f 6665/1717/6605 6664/1716/6604 6680/1739/6625 6681/1741/6627
f 6658/1719/6607 6657/1718/6606 6673/1740/6626 6674/1742/6628
f 6666/1720/6608 6665/1717/6605 6681/1741/6627 6682/1743/6629
f 6659/1230/6609 6658/1719/6607 6674/1742/6628 6675/1744/6630
f 6667/1236/6610 6666/1720/6608 6682/1743/6629 6683/1745/6631
f 6660/1721/6611 6659/1230/6609 6675/1744/6630 6676/1746/6632
f 6668/1722/6612 6667/1236/6610 6683/1745/6631 6684/1730/6618
f 6661/1723/6613 6660/1721/6611 6676/1746/6632 6677/1732/6620
f 6682/1743/6629 6681/1741/6627 6696/1747/6633 6697/1748/6634
f 6675/1744/6630 6674/1742/6628 6689/1749/6635 6690/1750/6636
f 6683/1745/6631 6682/1743/6629 6697/1748/6634 6698/1751/6637
f 6676/1746/6632 6675/1744/6630 6690/1750/6636 6691/1752/6638
f 6684/1730/6618 6683/1745/6631 6698/1751/6637 6699/1753/6639
f 6677/1732/6620 6676/1746/6632 6691/1752/6638 6692/1754/6640
f 6685/1731/6619 6684/1730/6618 6699/1753/6639 6700/1755/6641
f 6678/1733/6621 6677/1732/6620 6692/1754/6640 6693/1756/6642
f 6686/1734/6622 6685/1731/6619 6700/1755/6641 6701/1757/6643
f 6679/1735/6623 6678/1733/6621 6693/1756/6642 6694/1758/6644
f 6672/1737/6624 6671/63/5177 6687/1759/6645
f 6717/1760/5183 6686/1734/6622 6701/1757/6643
f 6680/1739/6625 6679/1735/6623 6694/1758/6644 6695/1761/6646
f 6673/1740/6626 6672/1737/6624 6687/1759/6645 6688/1762/6647
f 6681/1741/6627 6680/1739/6625 6695/1761/6646 6696/1747/6633
f 6674/1742/6628 6673/1740/6626 6688/1762/6647 6689/1749/6635
f 6701/1757/6643 6700/1755/6641 6715/633/6648 6716/1763/6649
f 6694/1758/6644 6693/1756/6642 6708/1764/6650 6709/68/6651
f 6687/1759/6645 6671/1765/5177 6702/1766/6652
f 6717/1767/5183 6701/1757/6643 6716/1763/6649
f 6695/1761/6646 6694/1758/6644 6709/68/6651 6710/1768/6653
f 6688/1762/6647 6687/1759/6645 6702/1766/6652 6703/1769/6654
f 6696/1747/6633 6695/1761/6646 6710/1768/6653 6711/1770/6655
f 6689/1749/6635 6688/1762/6647 6703/1769/6654 6704/1771/6656
f 6697/1748/6634 6696/1747/6633 6711/1770/6655 6712/1772/6657
f 6690/1750/6636 6689/1749/6635 6704/1771/6656 6705/1773/6658
f 6698/1751/6637 6697/1748/6634 6712/1772/6657 6713/1774/6659
f 6691/1752/6638 6690/1750/6636 6705/1773/6658 6706/1775/6660
f 6699/1753/6639 6698/1751/6637 6713/1774/6659 6714/1776/6661
f 6692/1754/6640 6691/1752/6638 6706/1775/6660 6707/1777/6662
f 6700/1755/6641 6699/1753/6639 6714/1776/6661 6715/633/6648
f 6693/1756/6642 6692/1754/6640 6707/1777/6662 6708/1764/6650
f 6705/1773/6658 6704/1771/6656 6720/1778/6663 6721/1779/6664
f 6713/1774/6659 6712/1772/6657 6728/1780/6665 6729/1781/6666
f 6706/1775/6660 6705/1773/6658 6721/1779/6664 6722/1782/6667
f 6714/1776/6661 6713/1774/6659 6729/1781/6666 6730/1783/6668
f 6707/1777/6662 6706/1775/6660 6722/1782/6667 6723/1784/6669
f 6715/633/6648 6714/1776/6661 6730/1783/6668 6731/1785/6670
f 6708/1764/6650 6707/1777/6662 6723/1784/6669 6724/1786/6671
f 6716/1763/6649 6715/633/6648 6731/1785/6670 6732/1787/6672
f 6709/68/6651 6708/1764/6650 6724/1786/6671 6725/1788/6673
f 6702/1766/6652 6671/1789/5177 6718/1790/6674
f 6717/1791/5183 6716/1763/6649 6732/1787/6672
f 6710/1768/6653 6709/68/6651 6725/1788/6673 6726/1792/6675
f 6703/1769/6654 6702/1766/6652 6718/1790/6674 6719/1793/6676
f 6711/1770/6655 6710/1768/6653 6726/1792/6675 6727/1794/6677
f 6704/1771/6656 6703/1769/6654 6719/1793/6676 6720/1778/6663
f 6712/1772/6657 6711/1770/6655 6727/1794/6677 6728/1780/6665
f 6725/1788/6673 6724/1786/6671 6739/1795/6678 6740/1796/6679
f 6718/1790/6674 6671/71/5177 6733/1797/6680
f 6717/1798/5183 6732/1787/6672 6747/1799/6681
f 6726/1792/6675 6725/1788/6673 6740/1796/6679 6741/1800/6682
f 6719/1793/6676 6718/1790/6674 6733/1797/6680 6734/1801/6683
f 6727/1794/6677 6726/1792/6675 6741/1800/6682 6742/1802/6684
f 6720/1778/6663 6719/1793/6676 6734/1801/6683 6735/1803/6685
f 6728/1780/6665 6727/1794/6677 6742/1802/6684 6743/1804/6686
f 6721/1779/6664 6720/1778/6663 6735/1803/6685 6736/1805/6687
f 6729/1781/6666 6728/1780/6665 6743/1804/6686 6744/1806/6688
f 6722/1782/6667 6721/1779/6664 6736/1805/6687 6737/1807/6689
f 6730/1783/6668 6729/1781/6666 6744/1806/6688 6745/1808/6690
f 6723/1784/6669 6722/1782/6667 6737/1807/6689 6738/1809/6691
f 6731/1785/6670 6730/1783/6668 6745/1808/6690 6746/1810/6692
f 6724/1786/6671 6723/1784/6669 6738/1809/6691 6739/1795/6678
f 6732/1787/6672 6731/1785/6670 6746/1810/6692 6747/1799/6681
f 6744/1806/6688 6743/1804/6686 6758/1811/6693 6759/735/6694
f 6737/1807/6689 6736/1805/6687 6751/1371/6695 6752/1812/6696
f 6745/1808/6690 6744/1806/6688 6759/735/6694 6760/1813/6697
f 6738/1809/6691 6737/1807/6689 6752/1812/6696 6753/1814/6698
f 6746/1810/6692 6745/1808/6690 6760/1813/6697 6761/717/6699
f 6739/1795/6678 6738/1809/6691 6753/1814/6698 6754/1815/6700
f 6747/1799/6681 6746/1810/6692 6761/717/6699 6762/1816/6701
f 6740/1796/6679 6739/1795/6678 6754/1815/6700 6755/108/5727
f 6733/1797/6680 6671/1817/5177 6748/1818/6702
f 6717/1819/5183 6747/1799/6681 6762/1816/6701
f 6741/1800/6682 6740/1796/6679 6755/108/5727 6756/1820/6703
f 6734/1801/6683 6733/1797/6680 6748/1818/6702 6749/1821/6704
f 6742/1802/6684 6741/1800/6682 6756/1820/6703 6757/1822/6705
f 6735/1803/6685 6734/1801/6683 6749/1821/6704 6750/1823/6706
f 6743/1804/6686 6742/1802/6684 6757/1822/6705 6758/1811/6693
f 6736/1805/6687 6735/1803/6685 6750/1823/6706 6751/1371/6695
f 6748/1824/6702 6671/1825/5177 6763/1826/6707
f 6717/1827/5183 6762/1828/6701 6777/1829/6708
f 6756/1830/6703 6755/11/5727 6770/1831/6709 6771/1832/6710
f 6749/1833/6704 6748/1824/6702 6763/1826/6707 6764/1834/6711
f 6757/1835/6705 6756/1830/6703 6771/1832/6710 6772/1836/6712
f 6750/1837/6706 6749/1833/6704 6764/1834/6711 6765/1838/6713
f 6758/1839/6693 6757/1835/6705 6772/1836/6712 6773/1840/6714
f 6751/1416/6695 6750/1837/6706 6765/1838/6713 6766/1841/6715
f 6759/759/6694 6758/1839/6693 6773/1840/6714 6774/1842/6716
f 6752/1843/6696 6751/1416/6695 6766/1841/6715 6767/1844/6717
f 6760/1845/6697 6759/759/6694 6774/1842/6716 6775/1846/6718
f 6753/1847/6698 6752/1843/6696 6767/1844/6717 6768/1848/6719
f 6761/775/6699 6760/1845/6697 6775/1846/6718 6776/1849/6720
f 6754/1850/6700 6753/1847/6698 6768/1848/6719 6769/1851/6721
f 6762/1828/6701 6761/775/6699 6776/1849/6720 6777/1829/6708
f 6755/11/5727 6754/1850/6700 6769/1851/6721 6770/1831/6709
f 6767/1844/6717 6766/1841/6715 6781/1852/6722 6782/1853/6723
f 6775/1846/6718 6774/1842/6716 6789/1854/6724 6790/1855/6725
f 6768/1848/6719 6767/1844/6717 6782/1853/6723 6783/1856/6726
f 6776/1849/6720 6775/1846/6718 6790/1855/6725 6791/1857/6727
f 6769/1851/6721 6768/1848/6719 6783/1856/6726 6784/1858/6728
f 6777/1829/6708 6776/1849/6720 6791/1857/6727 6792/1859/6729
f 6770/1831/6709 6769/1851/6721 6784/1858/6728 6785/1860/6730
f 6763/1826/6707 6671/15/5177 6778/1861/6731
f 6717/1862/5183 6777/1829/6708 6792/1859/6729
f 6771/1832/6710 6770/1831/6709 6785/1860/6730 6786/1863/6732
f 6764/1834/6711 6763/1826/6707 6778/1861/6731 6779/1864/6733
f 6772/1836/6712 6771/1832/6710 6786/1863/6732 6787/1865/6734
f 6765/1838/6713 6764/1834/6711 6779/1864/6733 6780/1866/6735
f 6773/1840/6714 6772/1836/6712 6787/1865/6734 6788/1867/6736
f 6766/1841/6715 6765/1838/6713 6780/1866/6735 6781/1852/6722
f 6774/1842/6716 6773/1840/6714 6788/1867/6736 6789/1854/6724
f 6786/1863/6732 6785/1860/6730 6800/20/6737 6801/1868/6738
f 6779/1864/6733 6778/1861/6731 6793/1869/6739 6794/1870/6740
f 6787/1865/6734 6786/1863/6732 6801/1868/6738 6802/1871/6741
f 6780/1866/6735 6779/1864/6733 6794/1870/6740 6795/1872/6742
f 6788/1867/6736 6787/1865/6734 6802/1871/6741 6803/1873/6743
f 6781/1852/6722 6780/1866/6735 6795/1872/6742 6796/1874/6744
f 6789/1854/6724 6788/1867/6736 6803/1873/6743 6804/839/6745
f 6782/1853/6723 6781/1852/6722 6796/1874/6744 6797/1875/6746
f 6790/1855/6725 6789/1854/6724 6804/839/6745 6805/1876/6747
f 6783/1856/6726 6782/1853/6723 6797/1875/6746 6798/1877/6748
f 6791/1857/6727 6790/1855/6725 6805/1876/6747 6806/1878/6749
f 6784/1858/6728 6783/1856/6726 6798/1877/6748 6799/1879/6750
f 6792/1859/6729 6791/1857/6727 6806/1878/6749 6807/1880/6751
f 6785/1860/6730 6784/1858/6728 6799/1879/6750 6800/20/6737
f 6778/1861/6731 6671/1881/5177 6793/1869/6739
f 6717/1882/5183 6792/1859/6729 6807/1880/6751
f 6805/1876/6747 6804/839/6745 6819/1883/6752 6820/1884/6753
f 6798/1877/6748 6797/1875/6746 6812/1885/6754 6813/1886/6755
f 6806/1878/6749 6805/1876/6747 6820/1884/6753 6821/1887/6756
f 6799/1879/6750 6798/1877/6748 6813/1886/6755 6814/1888/6757
f 6807/1880/6751 6806/1878/6749 6821/1887/6756 6822/1889/6758
f 6800/20/6737 6799/1879/6750 6814/1888/6757 6815/1890/6759
f 6793/1869/6739 6671/1891/5177 6808/1892/6760
f 6717/1893/5183 6807/1880/6751 6822/1889/6758
f 6801/1868/6738 6800/20/6737 6815/1890/6759 6816/1894/6761
f 6794/1870/6740 6793/1869/6739 6808/1892/6760 6809/1895/6762
f 6802/1871/6741 6801/1868/6738 6816/1894/6761 6817/1896/6763
f 6795/1872/6742 6794/1870/6740 6809/1895/6762 6810/1897/6764
f 6803/1873/6743 6802/1871/6741 6817/1896/6763 6818/1898/6765
f 6796/1874/6744 6795/1872/6742 6810/1897/6764 6811/1899/6766
f 6804/839/6745 6803/1873/6743 6818/1898/6765 6819/1883/6752
f 6797/1875/6746 6796/1874/6744 6811/1899/6766 6812/1885/6754
f 6817/1896/6763 6816/1894/6761 6831/1900/6767 6832/1901/6768
f 6810/1897/6764 6809/1895/6762 6824/1902/6769 6825/1903/6770
f 6818/1898/6765 6817/1896/6763 6832/1901/6768 6833/1904/6771
f 6811/1899/6766 6810/1897/6764 6825/1903/6770 6826/1905/6772
f 6819/1883/6752 6818/1898/6765 6833/1904/6771 6834/1906/6773
f 6812/1885/6754 6811/1899/6766 6826/1905/6772 6827/1907/6774
f 6820/1884/6753 6819/1883/6752 6834/1906/6773 6835/1908/6775
f 6813/1886/6755 6812/1885/6754 6827/1907/6774 6828/1909/6776
f 6821/1887/6756 6820/1884/6753 6835/1908/6775 6836/1910/6777
f 6814/1888/6757 6813/1886/6755 6828/1909/6776 6829/1911/6778
f 6822/1889/6758 6821/1887/6756 6836/1910/6777 6837/1912/6779
f 6815/1890/6759 6814/1888/6757 6829/1911/6778 6830/1913/6780
f 6808/1892/6760 6671/23/5177 6823/1914/6781
f 6717/1915/5183 6822/1889/6758 6837/1912/6779
f 6816/1894/6761 6815/1890/6759 6830/1913/6780 6831/1900/6767
f 6809/1895/6762 6808/1892/6760 6823/1914/6781 6824/1902/6769
f 6836/1910/6777 6835/1908/6775 6845/1556/6447 6846/1559/6451
f 6829/1911/6778 6828/1909/6776 6841/168/6449 6488/1561/6453
f 6837/1912/6779 6836/1910/6777 6846/1559/6451 6847/1538/6428
f 6830/1913/6780 6829/1911/6778 6488/1561/6453 6842/28/5153
f 6823/1914/6781 6671/1916/5177 6838/1534/6426
f 6717/1917/5183 6837/1912/6779 6847/1538/6428
f 6831/1900/6767 6830/1913/6780 6842/28/5153 6489/1540/6430
f 6824/1902/6769 6823/1914/6781 6838/1534/6426 6839/1543/6433
f 6832/1901/6768 6831/1900/6767 6489/1540/6430 6843/157/6435
f 6825/1903/6770 6824/1902/6769 6839/1543/6433 6840/1546/6437
f 6833/1904/6771 6832/1901/6768 6843/157/6435 6490/1548/6439
f 6826/1905/6772 6825/1903/6770 6840/1546/6437 6486/1550/6441
f 6834/1906/6773 6833/1904/6771 6490/1548/6439 6844/1552/6443
f 6827/1907/6774 6826/1905/6772 6486/1550/6441 6487/1554/6445
f 6835/1908/6775 6834/1906/6773 6844/1552/6443 6845/1556/6447
f 6828/1909/6776 6827/1907/6774 6487/1554/6445 6841/168/6449
s 0
usemtl noah_HairCard
f 6848/1529/5727 6849/1032/5727 6851/242/5727 6850/1530/5727
f 6850/1530/6782 6851/242/6782 6855/36/6782 6854/52/6782
f 6854/52/5360 6855/36/5360 6853/249/5360 6852/1531/5360
f 6852/1531/6783 6853/249/6783 6849/35/6783 6848/51/6783
f 6850/68/6784 6854/52/6784 6852/1531/6784 6848/1532/6784
f 6855/36/6785 6851/20/6785 6849/1533/6785 6853/249/6785
f 6856/1529/6786 6857/1032/6786 6859/242/6786 6858/1530/6786
f 6858/1530/6787 6859/242/6787 6863/36/6787 6862/52/6787
f 6862/52/6788 6863/36/6788 6861/249/6788 6860/1531/6788
f 6860/1531/6789 6861/249/6789 6857/35/6789 6856/51/6789
f 6858/68/6790 6862/52/6790 6860/1531/6790 6856/1532/6790
f 6863/36/6791 6859/20/6791 6857/1533/6791 6861/249/6791
f 6864/1529/6792 6865/1032/6792 6867/242/6792 6866/1530/6792
f 6866/1530/6793 6867/242/6793 6871/36/6793 6870/52/6793
f 6870/52/6794 6871/36/6794 6869/249/6794 6868/1531/6794
f 6868/1531/6795 6869/249/6795 6865/35/6795 6864/51/6795
f 6866/68/6796 6870/52/6796 6868/1531/6796 6864/1532/6796
f 6871/36/6797 6867/20/6797 6865/1533/6797 6869/249/6797
f 6872/1529/6798 6873/1032/6798 6875/242/6798 6874/1530/6798
f 6874/1530/6799 6875/242/6799 6879/36/6799 6878/52/6799
f 6878/52/6800 6879/36/6800 6877/249/6800 6876/1531/6800
f 6876/1531/6801 6877/249/6801 6873/35/6801 6872/51/6801
f 6874/68/6802 6878/52/6802 6876/1531/6802 6872/1532/6802
f 6879/36/6803 6875/20/6803 6873/1533/6803 6877/249/6803
f 6880/1529/5544 6881/1032/5544 6883/242/5544 6882/1530/5544
f 6882/1530/6804 6883/242/6804 6887/36/6804 6886/52/6804
f 6886/52/5153 6887/36/5153 6885/249/5153 6884/1531/5153
f 6884/1531/6805 6885/249/6805 6881/35/6805 6880/51/6805
f 6882/68/6806 6886/52/6806 6884/1531/6806 6880/1532/6806
f 6887/36/6807 6883/20/6807 6881/1533/6807 6885/249/6807
f 6888/1529/6808 6889/1032/6808 6891/242/6808 6890/1530/6808
f 6890/1530/6809 6891/242/6809 6895/36/6809 6894/52/6809
f 6894/52/6810 6895/36/6810 6893/249/6810 6892/1531/6810
f 6892/1531/6811 6893/249/6811 6889/35/6811 6888/51/6811
f 6890/68/6812 6894/52/6812 6892/1531/6812 6888/1532/6812
f 6895/36/6813 6891/20/6813 6889/1533/6813 6893/249/6813
f 6896/1529/6814 6897/1032/6814 6899/242/6814 6898/1530/6814
f 6898/1530/6815 6899/242/6815 6903/36/6815 6902/52/6815
f 6902/52/6816 6903/36/6816 6901/249/6816 6900/1531/6816
f 6900/1531/6817 6901/249/6817 6897/35/6817 6896/51/6817
f 6898/68/6818 6902/52/6818 6900/1531/6818 6896/1532/6818
f 6903/36/6819 6899/20/6819 6897/1533/6819 6901/249/6819
f 6904/1529/6820 6905/1032/6820 6907/242/6820 6906/1530/6820
f 6906/1530/6821 6907/242/6821 6911/36/6821 6910/52/6821
f 6910/52/6822 6911/36/6822 6909/249/6822 6908/1531/6822
f 6908/1531/6823 6909/249/6823 6905/35/6823 6904/51/6823
f 6906/68/6824 6910/52/6824 6908/1531/6824 6904/1532/6824
f 6911/36/6825 6907/20/6825 6905/1533/6825 6909/249/6825
f 6912/1529/5360 6913/1032/5360 6915/242/5360 6914/1530/5360
f 6914/1530/6826 6915/242/6826 6919/36/6826 6918/52/6826
f 6918/52/5727 6919/36/5727 6917/249/5727 6916/1531/5727
f 6916/1531/6827 6917/249/6827 6913/35/6827 6912/51/6827
f 6914/68/6828 6918/52/6828 6916/1531/6828 6912/1532/6828
f 6919/36/6829 6915/20/6829 6913/1533/6829 6917/249/6829
f 6920/1529/6788 6921/1032/6788 6923/242/6788 6922/1530/6788
f 6922/1530/6830 6923/242/6830 6927/36/6830 6926/52/6830
f 6926/52/6786 6927/36/6786 6925/249/6786 6924/1531/6786
f 6924/1531/6831 6925/249/6831 6921/35/6831 6920/51/6831
f 6922/68/6832 6926/52/6832 6924/1531/6832 6920/1532/6832
f 6927/36/6833 6923/20/6833 6921/1533/6833 6925/249/6833
f 6928/1529/6794 6929/1032/6794 6931/242/6794 6930/1530/6794
f 6930/1530/6834 6931/242/6834 6935/36/6834 6934/52/6834
f 6934/52/6792 6935/36/6792 6933/249/6792 6932/1531/6792
f 6932/1531/6835 6933/249/6835 6929/35/6835 6928/51/6835
f 6930/68/6836 6934/52/6836 6932/1531/6836 6928/1532/6836
f 6935/36/6837 6931/20/6837 6929/1533/6837 6933/249/6837
f 6936/1529/6800 6937/1032/6800 6939/242/6800 6938/1530/6800
f 6938/1530/6838 6939/242/6838 6943/36/6838 6942/52/6838
f 6942/52/6798 6943/36/6798 6941/249/6798 6940/1531/6798
f 6940/1531/6839 6941/249/6839 6937/35/6839 6936/51/6839
f 6938/68/6840 6942/52/6840 6940/1531/6840 6936/1532/6840
f 6943/36/6841 6939/20/6841 6937/1533/6841 6941/249/6841
f 6944/1529/5153 6945/1032/5153 6947/242/5153 6946/1530/5153
f 6946/1530/6842 6947/242/6842 6951/36/6842 6950/52/6842
f 6950/52/5544 6951/36/5544 6949/249/5544 6948/1531/5544
f 6948/1531/6843 6949/249/6843 6945/35/6843 6944/51/6843
f 6946/68/6844 6950/52/6844 6948/1531/6844 6944/1532/6844
f 6951/36/6845 6947/20/6845 6945/1533/6845 6949/249/6845
f 6952/1529/6810 6953/1032/6810 6955/242/6810 6954/1530/6810
f 6954/1530/6846 6955/242/6846 6959/36/6846 6958/52/6846
f 6958/52/6808 6959/36/6808 6957/249/6808 6956/1531/6808
f 6956/1531/6847 6957/249/6847 6953/35/6847 6952/51/6847
f 6954/68/6848 6958/52/6848 6956/1531/6848 6952/1532/6848
f 6959/36/6849 6955/20/6849 6953/1533/6849 6957/249/6849
f 6960/1529/6816 6961/1032/6816 6963/242/6816 6962/1530/6816
f 6962/1530/6850 6963/242/6850 6967/36/6850 6966/52/6850
f 6966/52/6814 6967/36/6814 6965/249/6814 6964/1531/6814
f 6964/1531/6851 6965/249/6851 6961/35/6851 6960/51/6851
f 6962/68/6852 6966/52/6852 6964/1531/6852 6960/1532/6852
f 6967/36/6853 6963/20/6853 6961/1533/6853 6965/249/6853
f 6968/1529/6822 6969/1032/6822 6971/242/6822 6970/1530/6822
f 6970/1530/6854 6971/242/6854 6975/36/6854 6974/52/6854
f 6974/52/6820 6975/36/6820 6973/249/6820 6972/1531/6820
f 6972/1531/6855 6973/249/6855 6969/35/6855 6968/51/6855
f 6970/68/6856 6974/52/6856 6972/1531/6856 6968/1532/6856
f 6975/36/6857 6971/20/6857 6969/1533/6857 6973/249/6857
