# Blender 4.2.8 LTS
# www.blender.org
mtllib hm_prop_newsbox_v2.mtl
o News_Body
v -0.182743 -0.002069 0.138182
v -0.185521 0.160857 0.217727
v -0.278944 0.160858 0.134823
v -0.185311 0.000845 0.214819
v -0.277450 0.002061 0.210384
v -0.278708 0.160966 0.211557
v -0.276028 0.000845 0.134817
v -0.185521 0.783142 0.217727
v -0.182743 0.946069 0.138182
v -0.278944 0.783142 0.134823
v -0.185311 0.943155 0.214819
v -0.277450 0.941939 0.210384
v -0.276028 0.943155 0.134817
v -0.278708 0.783034 0.211557
v -0.172659 -0.002069 -0.150593
v -0.268860 0.160857 -0.153953
v -0.169881 0.160858 -0.230138
v -0.265952 0.000845 -0.153743
v -0.262099 0.002061 -0.229226
v -0.263272 0.160966 -0.230484
v -0.169875 0.000845 -0.227222
v -0.172659 0.946069 -0.150593
v -0.169881 0.783142 -0.230138
v -0.268860 0.783142 -0.153953
v -0.169875 0.943155 -0.227222
v -0.262099 0.941939 -0.229226
v -0.263272 0.783034 -0.230484
v -0.265952 0.943155 -0.153743
v 0.172659 -0.002069 0.150593
v 0.268860 0.160857 0.153953
v 0.169881 0.160858 0.230138
v 0.265952 0.000845 0.153743
v 0.262099 0.002061 0.229226
v 0.263272 0.160966 0.230484
v 0.169875 0.000845 0.227222
v 0.172659 0.946069 0.150593
v 0.169881 0.783142 0.230138
v 0.268860 0.783142 0.153953
v 0.169875 0.943155 0.227222
v 0.262099 0.941939 0.229226
v 0.263272 0.783034 0.230484
v 0.265952 0.943155 0.153743
v 0.182743 -0.002069 -0.138182
v 0.185521 0.160857 -0.217727
v 0.278944 0.160858 -0.134823
v 0.185311 0.000845 -0.214819
v 0.277450 0.002061 -0.210384
v 0.278708 0.160966 -0.211557
v 0.276028 0.000845 -0.134817
v 0.182743 0.946069 -0.138182
v 0.278944 0.783142 -0.134823
v 0.185521 0.783142 -0.217727
v 0.276028 0.943155 -0.134817
v 0.277450 0.941939 -0.210384
v 0.278708 0.783034 -0.211557
v 0.185311 0.943155 -0.214819
v -0.273359 -0.000217 0.134922
v -0.262324 -0.001041 0.135336
v -0.234820 -0.001650 0.136332
v -0.184193 -0.001650 0.180632
v -0.184946 -0.001041 0.203194
v -0.185239 -0.000217 0.212409
v -0.237275 0.001056 0.212792
v -0.264587 0.001354 0.211541
v -0.275314 0.001724 0.210796
v -0.277721 0.001725 0.208484
v -0.277780 0.001354 0.199554
v -0.277296 0.001056 0.177166
v -0.185360 0.004558 0.215880
v -0.185417 0.022892 0.216702
v -0.185474 0.070206 0.217309
v -0.237584 0.160890 0.215490
v -0.265068 0.160925 0.213920
v -0.276075 0.160954 0.212712
v -0.278489 0.070421 0.211353
v -0.278182 0.023290 0.211066
v -0.277798 0.005252 0.210709
v -0.279685 0.160954 0.209111
v -0.280187 0.160925 0.199868
v -0.280008 0.160890 0.177286
v -0.278524 0.070206 0.134805
v -0.277914 0.022892 0.134791
v -0.277090 0.004558 0.134791
v -0.276075 0.783046 0.212712
v -0.265068 0.783075 0.213920
v -0.237584 0.783110 0.215490
v -0.185474 0.873794 0.217309
v -0.185417 0.921108 0.216702
v -0.185360 0.939442 0.215880
v -0.237275 0.942944 0.212792
v -0.264587 0.942646 0.211541
v -0.275314 0.942276 0.210796
v -0.277798 0.938748 0.210709
v -0.278182 0.920710 0.211066
v -0.278489 0.873579 0.211353
v -0.185239 0.944217 0.212409
v -0.184946 0.945041 0.203194
v -0.184193 0.945650 0.180632
v -0.234820 0.945650 0.136332
v -0.262324 0.945041 0.135336
v -0.273359 0.944217 0.134922
v -0.277296 0.942944 0.177166
v -0.277780 0.942646 0.199554
v -0.277721 0.942276 0.208484
v -0.277090 0.939442 0.134791
v -0.277914 0.921108 0.134791
v -0.278524 0.873794 0.134805
v -0.280008 0.783110 0.177286
v -0.280187 0.783075 0.199868
v -0.279685 0.783046 0.209111
v -0.169971 -0.000217 -0.224813
v -0.170321 -0.001041 -0.215600
v -0.171144 -0.001650 -0.193041
v -0.224738 -0.001650 -0.152380
v -0.252245 -0.001041 -0.153305
v -0.263281 -0.000217 -0.153662
v -0.264262 0.001056 -0.196077
v -0.263183 0.001354 -0.218445
v -0.262501 0.001724 -0.227349
v -0.259939 0.001725 -0.229487
v -0.249186 0.001354 -0.229482
v -0.221853 0.001056 -0.228826
v -0.267012 0.004558 -0.153792
v -0.267834 0.022892 -0.153849
v -0.268442 0.070206 -0.153906
v -0.266959 0.160890 -0.196387
v -0.265562 0.160925 -0.218926
v -0.264417 0.160954 -0.228111
v -0.263068 0.070421 -0.230265
v -0.262781 0.023290 -0.229957
v -0.262423 0.005252 -0.229574
v -0.260565 0.160954 -0.231452
v -0.249500 0.160925 -0.231889
v -0.221974 0.160890 -0.231538
v -0.169863 0.070206 -0.229718
v -0.169849 0.022892 -0.229108
v -0.169849 0.004558 -0.228284
v -0.263281 0.944217 -0.153662
v -0.252245 0.945041 -0.153305
v -0.224738 0.945650 -0.152380
v -0.171144 0.945650 -0.193041
v -0.170321 0.945041 -0.215600
v -0.169971 0.944217 -0.224813
v -0.221853 0.942944 -0.228826
v -0.249186 0.942646 -0.229482
v -0.259939 0.942276 -0.229487
v -0.262501 0.942276 -0.227349
v -0.263183 0.942646 -0.218445
v -0.264262 0.942944 -0.196077
v -0.169849 0.939442 -0.228284
v -0.169849 0.921108 -0.229108
v -0.169863 0.873794 -0.229718
v -0.221974 0.783110 -0.231538
v -0.249500 0.783075 -0.231889
v -0.260565 0.783046 -0.231452
v -0.263068 0.873579 -0.230265
v -0.262781 0.920710 -0.229957
v -0.262423 0.938748 -0.229574
v -0.264417 0.783046 -0.228111
v -0.265562 0.783075 -0.218926
v -0.266959 0.783110 -0.196387
v -0.268442 0.873794 -0.153906
v -0.267834 0.921108 -0.153849
v -0.267012 0.939442 -0.153792
v 0.169971 -0.000217 0.224813
v 0.170321 -0.001041 0.215600
v 0.171144 -0.001650 0.193041
v 0.224738 -0.001650 0.152380
v 0.252245 -0.001041 0.153305
v 0.263281 -0.000217 0.153661
v 0.264262 0.001056 0.196077
v 0.263183 0.001354 0.218445
v 0.262501 0.001724 0.227349
v 0.259939 0.001725 0.229487
v 0.249186 0.001354 0.229482
v 0.221853 0.001056 0.228826
v 0.267012 0.004558 0.153792
v 0.267834 0.022892 0.153849
v 0.268442 0.070206 0.153906
v 0.266959 0.160890 0.196387
v 0.265562 0.160925 0.218926
v 0.264417 0.160954 0.228111
v 0.263068 0.070421 0.230265
v 0.262781 0.023290 0.229957
v 0.262423 0.005252 0.229574
v 0.260565 0.160954 0.231452
v 0.249500 0.160925 0.231889
v 0.221974 0.160890 0.231538
v 0.169863 0.070206 0.229718
v 0.169849 0.022892 0.229108
v 0.169849 0.004558 0.228284
v 0.263281 0.944217 0.153662
v 0.252245 0.945041 0.153305
v 0.224738 0.945650 0.152380
v 0.171144 0.945650 0.193041
v 0.170321 0.945041 0.215600
v 0.169971 0.944217 0.224813
v 0.221853 0.942944 0.228826
v 0.249186 0.942646 0.229482
v 0.259939 0.942276 0.229487
v 0.262501 0.942276 0.227349
v 0.263183 0.942646 0.218445
v 0.264262 0.942944 0.196077
v 0.169849 0.939442 0.228284
v 0.169849 0.921108 0.229108
v 0.169863 0.873794 0.229718
v 0.221974 0.783110 0.231538
v 0.249500 0.783075 0.231889
v 0.260565 0.783046 0.231452
v 0.263068 0.873579 0.230265
v 0.262781 0.920710 0.229957
v 0.262423 0.938748 0.229574
v 0.264417 0.783046 0.228111
v 0.265562 0.783075 0.218926
v 0.266959 0.783110 0.196387
v 0.268442 0.873794 0.153906
v 0.267834 0.921108 0.153849
v 0.267012 0.939442 0.153792
v 0.273359 -0.000217 -0.134922
v 0.262324 -0.001041 -0.135336
v 0.234820 -0.001650 -0.136332
v 0.184193 -0.001650 -0.180632
v 0.184946 -0.001041 -0.203194
v 0.185239 -0.000217 -0.212409
v 0.237275 0.001056 -0.212792
v 0.264587 0.001354 -0.211541
v 0.275314 0.001724 -0.210796
v 0.277721 0.001725 -0.208484
v 0.277780 0.001354 -0.199554
v 0.277296 0.001056 -0.177166
v 0.185360 0.004558 -0.215880
v 0.185417 0.022892 -0.216702
v 0.185474 0.070206 -0.217309
v 0.237584 0.160890 -0.215490
v 0.265068 0.160925 -0.213920
v 0.276075 0.160954 -0.212712
v 0.278489 0.070421 -0.211353
v 0.278182 0.023290 -0.211066
v 0.277798 0.005252 -0.210709
v 0.279685 0.160954 -0.209111
v 0.280187 0.160925 -0.199868
v 0.280008 0.160890 -0.177286
v 0.278524 0.070206 -0.134805
v 0.277914 0.022892 -0.134791
v 0.277090 0.004558 -0.134791
v 0.185239 0.944217 -0.212409
v 0.184946 0.945041 -0.203194
v 0.184193 0.945650 -0.180632
v 0.234820 0.945650 -0.136332
v 0.262324 0.945041 -0.135336
v 0.273359 0.944217 -0.134922
v 0.277296 0.942944 -0.177166
v 0.277780 0.942646 -0.199554
v 0.277721 0.942276 -0.208484
v 0.275314 0.942276 -0.210796
v 0.264587 0.942646 -0.211541
v 0.237275 0.942944 -0.212792
v 0.277090 0.939442 -0.134791
v 0.277914 0.921108 -0.134791
v 0.278524 0.873794 -0.134805
v 0.280008 0.783110 -0.177286
v 0.280187 0.783075 -0.199868
v 0.279685 0.783046 -0.209111
v 0.278489 0.873579 -0.211353
v 0.278182 0.920710 -0.211066
v 0.277798 0.938748 -0.210709
v 0.276075 0.783046 -0.212712
v 0.265068 0.783075 -0.213920
v 0.237584 0.783110 -0.215490
v 0.185474 0.873794 -0.217309
v 0.185417 0.921108 -0.216702
v 0.185360 0.939442 -0.215880
v -0.174969 -0.002318 -0.085008
v -0.177728 -0.002401 -0.006206
v -0.180473 -0.002318 0.072595
v -0.273867 0.000718 0.069290
v -0.271159 0.000676 -0.009469
v -0.268367 0.000718 -0.088225
v -0.276903 0.160837 0.069228
v -0.274234 0.160830 -0.009576
v -0.271399 0.160837 -0.088375
v -0.185550 0.302005 0.217975
v -0.185559 0.472000 0.218058
v -0.185550 0.641995 0.217975
v -0.278839 0.641952 0.211680
v -0.278883 0.472000 0.211720
v -0.278839 0.302049 0.211680
v -0.279194 0.641995 0.134834
v -0.279277 0.472000 0.134838
v -0.279194 0.302005 0.134834
v -0.180473 0.946318 0.072595
v -0.177728 0.946401 -0.006206
v -0.174969 0.946318 -0.085008
v -0.268367 0.943282 -0.088225
v -0.271159 0.943324 -0.009469
v -0.273867 0.943282 0.069290
v -0.271399 0.783163 -0.088375
v -0.274234 0.783170 -0.009576
v -0.276903 0.783163 0.069228
v -0.169892 0.641995 -0.230388
v -0.169896 0.472000 -0.230471
v -0.169893 0.302005 -0.230388
v -0.263394 0.302049 -0.230615
v -0.263435 0.472000 -0.230659
v -0.263394 0.641951 -0.230615
v -0.269108 0.302005 -0.153982
v -0.269191 0.472000 -0.153991
v -0.269108 0.641995 -0.153982
v 0.102062 -0.002318 -0.141020
v 0.005043 -0.002401 -0.144415
v -0.091977 -0.002318 -0.147796
v -0.089253 0.000718 -0.224534
v 0.007724 0.000676 -0.221190
v 0.104698 0.000718 -0.217761
v -0.089191 0.160837 -0.227569
v 0.007831 0.160830 -0.224264
v 0.104848 0.160837 -0.220793
v -0.091977 0.946318 -0.147796
v 0.005043 0.946401 -0.144415
v 0.102062 0.946318 -0.141020
v 0.104698 0.943282 -0.217761
v 0.007724 0.943324 -0.221190
v -0.089253 0.943282 -0.224534
v 0.104848 0.783163 -0.220793
v 0.007831 0.783170 -0.224264
v -0.089191 0.783163 -0.227569
v 0.279194 0.641995 -0.134834
v 0.279277 0.472000 -0.134838
v 0.279194 0.302005 -0.134834
v 0.278839 0.302049 -0.211680
v 0.278883 0.472000 -0.211720
v 0.278839 0.641951 -0.211680
v 0.185550 0.302005 -0.217975
v 0.185559 0.472000 -0.218058
v 0.185550 0.641995 -0.217975
v 0.174969 -0.002318 0.085008
v 0.177728 -0.002401 0.006206
v 0.180473 -0.002318 -0.072595
v 0.273867 0.000718 -0.069290
v 0.271159 0.000676 0.009469
v 0.268367 0.000718 0.088225
v 0.276903 0.160837 -0.069228
v 0.274234 0.160830 0.009576
v 0.271399 0.160837 0.088375
v 0.180473 0.946318 -0.072595
v 0.177728 0.946401 0.006206
v 0.174969 0.946318 0.085008
v 0.268367 0.943282 0.088225
v 0.271159 0.943324 0.009469
v 0.273867 0.943282 -0.069290
v 0.271399 0.783163 0.088375
v 0.274234 0.783170 0.009576
v 0.276903 0.783163 -0.069228
v 0.169892 0.641995 0.230388
v 0.169896 0.472000 0.230471
v 0.169893 0.302005 0.230388
v 0.263394 0.302049 0.230615
v 0.263435 0.472000 0.230659
v 0.263394 0.641951 0.230615
v 0.269108 0.302005 0.153982
v 0.269191 0.472000 0.153991
v 0.269108 0.641995 0.153982
v -0.102062 -0.002318 0.141020
v -0.005043 -0.002401 0.144415
v 0.091977 -0.002318 0.147796
v 0.089253 0.000718 0.224534
v -0.007724 0.000676 0.221190
v -0.104698 0.000718 0.217761
v 0.089191 0.160837 0.227569
v -0.007831 0.160830 0.224264
v -0.104848 0.160837 0.220793
v 0.091977 0.946318 0.147796
v -0.005043 0.946401 0.144415
v -0.102062 0.946318 0.141020
v -0.104698 0.943282 0.217761
v -0.007724 0.943324 0.221190
v 0.089253 0.943282 0.224534
v -0.104848 0.783163 0.220793
v -0.007831 0.783170 0.224264
v 0.089191 0.783163 0.227569
v 0.089190 0.301996 0.227833
v 0.089190 0.472000 0.227921
v 0.089190 0.642004 0.227833
v -0.007841 0.301994 0.224533
v -0.007844 0.472000 0.224622
v -0.007841 0.642006 0.224533
v -0.104866 0.301996 0.221056
v -0.104871 0.472000 0.221144
v -0.104866 0.642004 0.221056
v 0.277166 0.301996 -0.069227
v 0.277254 0.472000 -0.069227
v 0.277166 0.642004 -0.069227
v 0.274502 0.301994 0.009586
v 0.274591 0.472000 0.009589
v 0.274502 0.642006 0.009586
v 0.271662 0.301996 0.088393
v 0.271750 0.472000 0.088398
v 0.271662 0.642004 0.088393
v 0.099780 0.946582 -0.075421
v 0.002752 0.946669 -0.078812
v -0.094276 0.946582 -0.082198
v 0.097031 0.946669 0.003388
v -0.000000 0.946759 -0.000000
v -0.097031 0.946669 -0.003388
v 0.094276 0.946582 0.082198
v -0.002752 0.946669 0.078812
v -0.099780 0.946582 0.075421
v -0.277166 0.301996 0.069227
v -0.277254 0.472000 0.069227
v -0.277166 0.642004 0.069227
v -0.274502 0.301994 -0.009586
v -0.274591 0.472000 -0.009589
v -0.274502 0.642006 -0.009586
v -0.271662 0.301996 -0.088393
v -0.271750 0.472000 -0.088398
v -0.271662 0.642004 -0.088393
v -0.089190 0.301996 -0.227833
v -0.089190 0.472000 -0.227921
v -0.089190 0.642004 -0.227833
v 0.007841 0.301994 -0.224533
v 0.007844 0.472000 -0.224622
v 0.007841 0.642006 -0.224533
v 0.104866 0.301996 -0.221056
v 0.104871 0.472000 -0.221144
v 0.104866 0.642004 -0.221056
v -0.236239 -0.001269 0.178753
v -0.236956 -0.000710 0.201274
v -0.237217 0.000055 0.210439
v -0.263701 -0.000710 0.177724
v -0.264361 -0.000222 0.200193
v -0.264562 0.000452 0.209282
v -0.274684 0.000055 0.177281
v -0.275264 0.000452 0.199695
v -0.275357 0.000993 0.208684
v -0.237509 0.070268 0.215111
v -0.264954 0.070338 0.213593
v -0.275912 0.070396 0.212445
v -0.237420 0.022995 0.214555
v -0.264812 0.023120 0.213110
v -0.275695 0.023237 0.212056
v -0.237334 0.004712 0.213792
v -0.264672 0.004915 0.212441
v -0.275456 0.005135 0.211523
v -0.279625 0.070268 0.177238
v -0.279064 0.022995 0.177187
v -0.278297 0.004712 0.177155
v -0.279853 0.070338 0.199776
v -0.279361 0.023120 0.199669
v -0.278683 0.004915 0.199575
v -0.279408 0.070396 0.208966
v -0.279004 0.023237 0.208777
v -0.278456 0.005135 0.208576
v -0.237509 0.873732 0.215111
v -0.237420 0.921005 0.214555
v -0.237334 0.939288 0.213792
v -0.264954 0.873662 0.213593
v -0.264812 0.920880 0.213110
v -0.264672 0.939085 0.212441
v -0.275912 0.873604 0.212445
v -0.275695 0.920763 0.212056
v -0.275456 0.938865 0.211523
v -0.236239 0.945269 0.178753
v -0.263701 0.944710 0.177724
v -0.274684 0.943945 0.177281
v -0.236956 0.944710 0.201274
v -0.264361 0.944222 0.200193
v -0.275264 0.943548 0.199695
v -0.237217 0.943945 0.210439
v -0.264562 0.943548 0.209282
v -0.275357 0.943007 0.208684
v -0.279625 0.873732 0.177238
v -0.279853 0.873662 0.199776
v -0.279408 0.873604 0.208966
v -0.279064 0.921005 0.177187
v -0.279361 0.920880 0.199669
v -0.279004 0.920763 0.208777
v -0.278297 0.939288 0.177155
v -0.278683 0.939085 0.199575
v -0.278456 0.938865 0.208576
v -0.223195 -0.001269 -0.194796
v -0.250661 -0.000710 -0.195686
v -0.261648 0.000055 -0.196011
v -0.222339 -0.000710 -0.217313
v -0.249753 -0.000222 -0.218146
v -0.260663 0.000452 -0.218410
v -0.221960 0.000055 -0.226474
v -0.249318 0.000452 -0.227227
v -0.260130 0.000993 -0.227384
v -0.266580 0.070268 -0.196311
v -0.265235 0.070338 -0.218811
v -0.264150 0.070396 -0.227948
v -0.266024 0.022995 -0.196222
v -0.264752 0.023120 -0.218670
v -0.263761 0.023237 -0.227731
v -0.265261 0.004712 -0.196137
v -0.264082 0.004915 -0.218529
v -0.263228 0.005135 -0.227492
v -0.221925 0.070268 -0.231155
v -0.221875 0.022995 -0.230594
v -0.221843 0.004712 -0.229827
v -0.249409 0.070338 -0.231555
v -0.249302 0.023120 -0.231064
v -0.249208 0.004915 -0.230386
v -0.260420 0.070396 -0.231174
v -0.260232 0.023237 -0.230771
v -0.260030 0.005135 -0.230222
v -0.223195 0.945269 -0.194796
v -0.222339 0.944710 -0.217313
v -0.221960 0.943945 -0.226474
v -0.250661 0.944710 -0.195686
v -0.249753 0.944222 -0.218146
v -0.249318 0.943548 -0.227227
v -0.261648 0.943945 -0.196011
v -0.260663 0.943548 -0.218410
v -0.260130 0.943007 -0.227384
v -0.221925 0.873732 -0.231155
v -0.249409 0.873662 -0.231555
v -0.260420 0.873604 -0.231174
v -0.221875 0.921005 -0.230594
v -0.249302 0.920880 -0.231064
v -0.260232 0.920763 -0.230771
v -0.221843 0.939288 -0.229827
v -0.249208 0.939085 -0.230386
v -0.260030 0.938865 -0.230222
v -0.266580 0.873732 -0.196311
v -0.266024 0.921005 -0.196222
v -0.265261 0.939288 -0.196137
v -0.265235 0.873662 -0.218811
v -0.264752 0.920880 -0.218670
v -0.264082 0.939085 -0.218529
v -0.264150 0.873604 -0.227948
v -0.263761 0.920763 -0.227731
v -0.263228 0.938865 -0.227492
v 0.223195 -0.001269 0.194796
v 0.250661 -0.000710 0.195686
v 0.261648 0.000055 0.196011
v 0.222339 -0.000710 0.217313
v 0.249753 -0.000222 0.218146
v 0.260663 0.000452 0.218410
v 0.221960 0.000055 0.226474
v 0.249318 0.000452 0.227227
v 0.260130 0.000993 0.227384
v 0.266580 0.070268 0.196311
v 0.265235 0.070338 0.218811
v 0.264150 0.070396 0.227948
v 0.266024 0.022995 0.196222
v 0.264752 0.023120 0.218670
v 0.263761 0.023237 0.227731
v 0.265261 0.004712 0.196137
v 0.264082 0.004915 0.218529
v 0.263228 0.005135 0.227492
v 0.221925 0.070268 0.231155
v 0.221875 0.022995 0.230594
v 0.221843 0.004712 0.229827
v 0.249409 0.070338 0.231555
v 0.249302 0.023120 0.231064
v 0.249208 0.004915 0.230386
v 0.260420 0.070396 0.231174
v 0.260232 0.023237 0.230771
v 0.260030 0.005135 0.230222
v 0.223195 0.945269 0.194796
v 0.222339 0.944710 0.217313
v 0.221960 0.943945 0.226474
v 0.250661 0.944710 0.195686
v 0.249753 0.944222 0.218146
v 0.249318 0.943548 0.227227
v 0.261648 0.943945 0.196011
v 0.260663 0.943548 0.218410
v 0.260130 0.943007 0.227384
v 0.221925 0.873732 0.231155
v 0.249409 0.873662 0.231555
v 0.260420 0.873604 0.231174
v 0.221875 0.921005 0.230594
v 0.249302 0.920880 0.231064
v 0.260232 0.920763 0.230771
v 0.221843 0.939288 0.229827
v 0.249208 0.939085 0.230386
v 0.260030 0.938865 0.230222
v 0.266580 0.873732 0.196311
v 0.266024 0.921005 0.196222
v 0.265261 0.939288 0.196137
v 0.265235 0.873662 0.218811
v 0.264752 0.920880 0.218670
v 0.264082 0.939085 0.218529
v 0.264150 0.873604 0.227948
v 0.263761 0.920763 0.227731
v 0.263228 0.938865 0.227492
v 0.236239 -0.001269 -0.178753
v 0.236956 -0.000710 -0.201274
v 0.237217 0.000055 -0.210439
v 0.263701 -0.000710 -0.177724
v 0.264361 -0.000222 -0.200193
v 0.264562 0.000452 -0.209282
v 0.274684 0.000055 -0.177281
v 0.275264 0.000452 -0.199695
v 0.275357 0.000993 -0.208684
v 0.237509 0.070268 -0.215111
v 0.264954 0.070338 -0.213593
v 0.275912 0.070396 -0.212445
v 0.237420 0.022995 -0.214555
v 0.264812 0.023120 -0.213110
v 0.275695 0.023237 -0.212056
v 0.237334 0.004712 -0.213792
v 0.264672 0.004915 -0.212441
v 0.275456 0.005135 -0.211523
v 0.279625 0.070268 -0.177238
v 0.279064 0.022995 -0.177187
v 0.278297 0.004712 -0.177155
v 0.279853 0.070338 -0.199776
v 0.279361 0.023120 -0.199669
v 0.278683 0.004915 -0.199575
v 0.279408 0.070396 -0.208966
v 0.279004 0.023237 -0.208777
v 0.278456 0.005135 -0.208576
v 0.236239 0.945269 -0.178753
v 0.263701 0.944710 -0.177724
v 0.274684 0.943945 -0.177281
v 0.236956 0.944710 -0.201274
v 0.264361 0.944222 -0.200193
v 0.275264 0.943548 -0.199695
v 0.237217 0.943945 -0.210439
v 0.264562 0.943548 -0.209282
v 0.275357 0.943007 -0.208684
v 0.279625 0.873732 -0.177238
v 0.279853 0.873662 -0.199776
v 0.279408 0.873604 -0.208966
v 0.279064 0.921005 -0.177187
v 0.279361 0.920880 -0.199669
v 0.279004 0.920763 -0.208777
v 0.278297 0.939288 -0.177155
v 0.278683 0.939085 -0.199575
v 0.278456 0.938865 -0.208576
v 0.237509 0.873732 -0.215111
v 0.237420 0.921005 -0.214555
v 0.237334 0.939288 -0.213792
v 0.264954 0.873662 -0.213593
v 0.264812 0.920880 -0.213110
v 0.264672 0.939085 -0.212441
v 0.275912 0.873604 -0.212445
v 0.275695 0.920763 -0.212056
v 0.275456 0.938865 -0.211523
v -0.227067 -0.001876 -0.086814
v -0.229831 -0.001951 -0.008026
v -0.232569 -0.001876 0.070763
v -0.254597 -0.001236 -0.087761
v -0.257370 -0.001301 -0.008988
v -0.260099 -0.001236 0.069787
v -0.265663 -0.000379 -0.088136
v -0.268445 -0.000433 -0.009374
v -0.271164 -0.000379 0.069389
v -0.269462 0.004464 -0.088268
v -0.272267 0.004433 -0.009508
v -0.274963 0.004464 0.069257
v -0.270319 0.022828 -0.088310
v -0.273135 0.022807 -0.009538
v -0.275821 0.022828 0.069238
v -0.270957 0.070167 -0.088347
v -0.273784 0.070154 -0.009561
v -0.276460 0.070167 0.069230
v -0.237631 0.302018 0.215714
v -0.237647 0.472000 0.215788
v -0.237631 0.641982 0.215714
v -0.265139 0.302032 0.214113
v -0.265163 0.472000 0.214178
v -0.265139 0.641968 0.214113
v -0.276175 0.302044 0.212870
v -0.276208 0.472000 0.212923
v -0.276175 0.641956 0.212870
v -0.279850 0.302044 0.209199
v -0.279905 0.472000 0.209228
v -0.279850 0.641956 0.209199
v -0.280384 0.302032 0.199925
v -0.280450 0.472000 0.199944
v -0.280384 0.641968 0.199925
v -0.280235 0.302018 0.177317
v -0.280310 0.472000 0.177328
v -0.280235 0.641982 0.177317
v -0.232569 0.945876 0.070763
v -0.229831 0.945951 -0.008026
v -0.227067 0.945876 -0.086814
v -0.260099 0.945236 0.069787
v -0.257370 0.945301 -0.008988
v -0.254597 0.945236 -0.087761
v -0.271164 0.944379 0.069389
v -0.268445 0.944432 -0.009374
v -0.265663 0.944379 -0.088136
v -0.274963 0.939536 0.069257
v -0.272267 0.939567 -0.009508
v -0.269462 0.939536 -0.088268
v -0.275821 0.921172 0.069238
v -0.273135 0.921193 -0.009538
v -0.270319 0.921172 -0.088310
v -0.276460 0.873833 0.069230
v -0.273784 0.873846 -0.009561
v -0.270957 0.873833 -0.088347
v -0.222005 0.641982 -0.231765
v -0.222015 0.472000 -0.231840
v -0.222005 0.302018 -0.231765
v -0.249557 0.641968 -0.232087
v -0.249576 0.472000 -0.232153
v -0.249557 0.302032 -0.232087
v -0.260653 0.641956 -0.231616
v -0.260682 0.472000 -0.231671
v -0.260653 0.302044 -0.231616
v -0.264576 0.641956 -0.228210
v -0.264628 0.472000 -0.228243
v -0.264575 0.302044 -0.228210
v -0.265755 0.641968 -0.218997
v -0.265820 0.472000 -0.219020
v -0.265755 0.302032 -0.218997
v -0.267183 0.641982 -0.196434
v -0.267258 0.472000 -0.196449
v -0.267183 0.302018 -0.196434
v 0.103532 -0.001876 -0.183488
v 0.006526 -0.001951 -0.186889
v -0.090481 -0.001876 -0.190263
v 0.104307 -0.001236 -0.206074
v 0.007315 -0.001301 -0.209482
v -0.089678 -0.001236 -0.212848
v 0.104618 -0.000379 -0.215318
v 0.007638 -0.000433 -0.218736
v -0.089343 -0.000379 -0.222091
v 0.104741 0.004464 -0.218857
v 0.007763 0.004433 -0.222297
v -0.089220 0.004464 -0.225630
v 0.104783 0.022828 -0.219713
v 0.007793 0.022807 -0.223165
v -0.089201 0.022828 -0.226487
v 0.104820 0.070167 -0.220352
v 0.007816 0.070154 -0.223814
v -0.089193 0.070167 -0.227127
v -0.090481 0.945876 -0.190263
v 0.006526 0.945951 -0.186889
v 0.103532 0.945876 -0.183488
v -0.089678 0.945236 -0.212848
v 0.007315 0.945301 -0.209482
v 0.104307 0.945236 -0.206074
v -0.089343 0.944379 -0.222091
v 0.007638 0.944432 -0.218736
v 0.104618 0.944379 -0.215318
v -0.089220 0.939536 -0.225630
v 0.007763 0.939567 -0.222297
v 0.104741 0.939536 -0.218857
v -0.089201 0.921172 -0.226487
v 0.007793 0.921193 -0.223165
v 0.104783 0.921172 -0.219713
v -0.089193 0.873833 -0.227127
v 0.007816 0.873846 -0.223814
v 0.104820 0.873833 -0.220352
v 0.280235 0.641982 -0.177317
v 0.280310 0.472000 -0.177328
v 0.280235 0.302018 -0.177317
v 0.280384 0.641968 -0.199925
v 0.280450 0.472000 -0.199944
v 0.280384 0.302032 -0.199925
v 0.279850 0.641956 -0.209199
v 0.279905 0.472000 -0.209228
v 0.279850 0.302044 -0.209199
v 0.276175 0.641956 -0.212870
v 0.276208 0.472000 -0.212923
v 0.276175 0.302044 -0.212870
v 0.265139 0.641968 -0.214113
v 0.265163 0.472000 -0.214178
v 0.265139 0.302032 -0.214113
v 0.237631 0.641982 -0.215714
v 0.237647 0.472000 -0.215788
v 0.237631 0.302018 -0.215714
v 0.227067 -0.001875 0.086814
v 0.229831 -0.001951 0.008026
v 0.232569 -0.001875 -0.070763
v 0.254597 -0.001236 0.087761
v 0.257370 -0.001301 0.008988
v 0.260099 -0.001236 -0.069787
v 0.265663 -0.000379 0.088136
v 0.268445 -0.000433 0.009374
v 0.271164 -0.000379 -0.069389
v 0.269462 0.004464 0.088268
v 0.272267 0.004433 0.009508
v 0.274963 0.004464 -0.069257
v 0.270319 0.022828 0.088310
v 0.273135 0.022807 0.009538
v 0.275820 0.022828 -0.069238
v 0.270957 0.070167 0.088347
v 0.273784 0.070154 0.009561
v 0.276460 0.070167 -0.069230
v 0.232569 0.945876 -0.070763
v 0.229831 0.945951 0.008026
v 0.227067 0.945876 0.086814
v 0.260099 0.945236 -0.069787
v 0.257370 0.945301 0.008988
v 0.254597 0.945236 0.087761
v 0.271164 0.944379 -0.069389
v 0.268445 0.944433 0.009374
v 0.265663 0.944379 0.088136
v 0.274963 0.939536 -0.069257
v 0.272267 0.939567 0.009508
v 0.269462 0.939536 0.088268
v 0.275821 0.921172 -0.069238
v 0.273135 0.921193 0.009538
v 0.270319 0.921172 0.088310
v 0.276460 0.873833 -0.069230
v 0.273784 0.873846 0.009561
v 0.270957 0.873833 0.088347
v 0.222005 0.641982 0.231765
v 0.222015 0.472000 0.231840
v 0.222005 0.302018 0.231765
v 0.249557 0.641968 0.232087
v 0.249576 0.472000 0.232153
v 0.249557 0.302032 0.232087
v 0.260653 0.641956 0.231616
v 0.260682 0.472000 0.231671
v 0.260653 0.302044 0.231616
v 0.264576 0.641956 0.228210
v 0.264628 0.472000 0.228243
v 0.264576 0.302044 0.228210
v 0.265755 0.641968 0.218997
v 0.265820 0.472000 0.219020
v 0.265755 0.302032 0.218997
v 0.267183 0.641982 0.196434
v 0.267258 0.472000 0.196449
v 0.267183 0.302018 0.196434
v -0.103532 -0.001876 0.183488
v -0.006526 -0.001951 0.186889
v 0.090481 -0.001876 0.190263
v -0.104307 -0.001236 0.206074
v -0.007315 -0.001301 0.209482
v 0.089678 -0.001236 0.212848
v -0.104618 -0.000379 0.215318
v -0.007638 -0.000433 0.218736
v 0.089343 -0.000379 0.222091
v -0.104741 0.004464 0.218857
v -0.007763 0.004433 0.222297
v 0.089220 0.004464 0.225630
v -0.104783 0.022828 0.219713
v -0.007793 0.022807 0.223165
v 0.089201 0.022828 0.226487
v -0.104820 0.070167 0.220352
v -0.007816 0.070154 0.223814
v 0.089193 0.070167 0.227127
v 0.090481 0.945876 0.190263
v -0.006526 0.945951 0.186889
v -0.103532 0.945876 0.183488
v 0.089678 0.945236 0.212848
v -0.007315 0.945301 0.209482
v -0.104307 0.945236 0.206074
v 0.089343 0.944379 0.222091
v -0.007638 0.944432 0.218736
v -0.104618 0.944379 0.215318
v 0.089220 0.939536 0.225630
v -0.007763 0.939567 0.222297
v -0.104741 0.939536 0.218857
v 0.089201 0.921172 0.226487
v -0.007793 0.921193 0.223165
v -0.104783 0.921172 0.219713
v 0.089193 0.873833 0.227127
v -0.007816 0.873846 0.223814
v -0.104820 0.873833 0.220352
v -0.094276 -0.002582 -0.082198
v 0.002752 -0.002669 -0.078812
v 0.099780 -0.002582 -0.075421
v -0.097031 -0.002669 -0.003388
v 0.000000 -0.002759 -0.000000
v 0.097031 -0.002669 0.003388
v -0.099780 -0.002582 0.075421
v -0.002752 -0.002669 0.078812
v 0.094276 -0.002582 0.082198
vn -0.0340 -0.0005 0.9994
vn -0.0340 0.0005 0.9994
vn -0.0358 -0.0005 0.9994
vn -0.0358 0.0005 0.9994
vn -0.0318 -0.0019 0.9995
vn -0.0316 -0.0005 0.9995
vn -0.0316 0.0005 0.9995
vn -0.0316 0.0018 0.9995
vn -0.0340 0.0019 0.9994
vn -0.0358 0.0019 0.9994
vn -0.0382 0.0018 0.9993
vn -0.0382 0.0005 0.9993
vn -0.0382 -0.0005 0.9993
vn -0.0380 -0.0019 0.9993
vn -0.0358 -0.0019 0.9994
vn -0.0340 -0.0019 0.9994
vn 0.9994 -0.0005 0.0338
vn 0.9994 0.0005 0.0338
vn 0.9994 -0.0005 0.0360
vn 0.9994 0.0005 0.0360
vn 0.9995 -0.0019 0.0311
vn 0.9995 -0.0005 0.0309
vn 0.9995 0.0005 0.0308
vn 0.9995 0.0018 0.0309
vn 0.9994 0.0019 0.0338
vn 0.9993 0.0019 0.0360
vn 0.9992 0.0018 0.0389
vn 0.9992 0.0005 0.0390
vn 0.9992 -0.0005 0.0389
vn 0.9992 -0.0019 0.0387
vn 0.9994 -0.0019 0.0360
vn 0.9994 -0.0019 0.0338
vn 0.0010 1.0000 -0.0011
vn -0.0009 1.0000 -0.0012
vn 0.0009 1.0000 0.0011
vn -0.0009 1.0000 0.0011
vn 0.0034 1.0000 -0.0037
vn 0.0010 1.0000 -0.0040
vn -0.0007 1.0000 -0.0041
vn -0.0029 1.0000 -0.0041
vn -0.0032 1.0000 -0.0012
vn -0.0033 1.0000 0.0010
vn -0.0032 1.0000 0.0039
vn -0.0010 1.0000 0.0041
vn 0.0008 1.0000 0.0040
vn 0.0031 1.0000 0.0039
vn 0.0033 1.0000 0.0012
vn 0.0034 1.0000 -0.0009
vn -0.9994 -0.0005 -0.0338
vn -0.9994 0.0005 -0.0338
vn -0.9994 -0.0005 -0.0360
vn -0.9994 0.0005 -0.0360
vn -0.9995 -0.0019 -0.0311
vn -0.9995 -0.0005 -0.0309
vn -0.9995 0.0005 -0.0308
vn -0.9995 0.0018 -0.0309
vn -0.9994 0.0019 -0.0338
vn -0.9993 0.0019 -0.0360
vn -0.9992 0.0018 -0.0389
vn -0.9992 0.0005 -0.0390
vn -0.9992 -0.0005 -0.0389
vn -0.9992 -0.0019 -0.0387
vn -0.9994 -0.0019 -0.0360
vn -0.9994 -0.0019 -0.0338
vn 0.0340 -0.0005 -0.9994
vn 0.0340 0.0005 -0.9994
vn 0.0358 -0.0005 -0.9994
vn 0.0358 0.0005 -0.9994
vn 0.0318 -0.0019 -0.9995
vn 0.0316 -0.0005 -0.9995
vn 0.0316 0.0005 -0.9995
vn 0.0316 0.0018 -0.9995
vn 0.0340 0.0019 -0.9994
vn 0.0358 0.0019 -0.9994
vn 0.0382 0.0018 -0.9993
vn 0.0382 0.0005 -0.9993
vn 0.0382 -0.0005 -0.9993
vn 0.0380 -0.0019 -0.9993
vn 0.0358 -0.0019 -0.9994
vn 0.0340 -0.0019 -0.9994
vn -0.0211 -0.9996 0.0211
vn -0.0206 -0.9971 0.0735
vn -0.0701 -0.9974 0.0158
vn -0.0643 -0.9962 0.0593
vn -0.0084 -0.9999 0.0087
vn -0.0082 -0.9997 0.0246
vn -0.0094 -0.9965 0.0829
vn -0.0196 -0.9202 0.3911
vn -0.0291 -0.9285 0.3703
vn -0.0654 -0.9424 0.3280
vn -0.3053 -0.9292 0.2082
vn -0.3392 -0.9398 0.0413
vn -0.3582 -0.9336 0.0047
vn -0.3693 -0.9293 -0.0064
vn -0.0746 -0.9972 0.0041
vn -0.0224 -0.9997 0.0071
vn -0.0527 -0.0118 0.9985
vn -0.0966 -0.0105 0.9953
vn -0.0496 -0.0419 0.9979
vn -0.0855 -0.0373 0.9956
vn -0.0422 -0.0046 0.9991
vn -0.0552 -0.0042 0.9985
vn -0.1043 -0.0037 0.9945
vn -0.3901 -0.0034 0.9208
vn -0.3698 -0.0094 0.9290
vn -0.3296 -0.0321 0.9436
vn -0.2170 -0.2122 0.9528
vn -0.0757 -0.2459 0.9663
vn -0.0470 -0.2642 0.9633
vn -0.0386 -0.2749 0.9607
vn -0.0402 -0.0449 0.9982
vn -0.0413 -0.0129 0.9991
vn -0.9999 -0.0104 -0.0101
vn -0.9992 -0.0372 -0.0130
vn -0.9988 -0.0087 0.0484
vn -0.9987 -0.0307 0.0395
vn -0.9997 -0.0042 -0.0250
vn -0.9996 -0.0118 -0.0259
vn -0.9988 -0.0418 -0.0270
vn -0.9641 -0.2642 -0.0265
vn -0.9692 -0.2457 -0.0145
vn -0.9769 -0.2114 0.0298
vn -0.9449 -0.1335 0.2987
vn -0.9406 -0.0267 0.3386
vn -0.9333 -0.0083 0.3591
vn -0.9287 -0.0031 0.3708
vn -0.9985 -0.0031 0.0542
vn -1.0000 -0.0037 -0.0079
vn -0.0552 0.0104 0.9984
vn -0.0528 0.0371 0.9979
vn -0.1043 0.0087 0.9945
vn -0.0968 0.0306 0.9948
vn -0.0429 0.0042 0.9991
vn -0.0422 0.0118 0.9990
vn -0.0413 0.0418 0.9983
vn -0.0395 0.2642 0.9637
vn -0.0497 0.2457 0.9681
vn -0.0872 0.2112 0.9735
vn -0.3313 0.1312 0.9343
vn -0.3700 0.0263 0.9286
vn -0.3901 0.0081 0.9207
vn -0.4016 0.0030 0.9158
vn -0.1091 0.0031 0.9940
vn -0.0570 0.0037 0.9984
vn -0.0187 0.9995 0.0242
vn -0.0626 0.9978 0.0198
vn -0.0180 0.9964 0.0827
vn -0.0539 0.9959 0.0727
vn -0.0077 0.9999 0.0096
vn -0.0207 0.9998 0.0083
vn -0.0697 0.9976 0.0055
vn -0.3578 0.9338 -0.0052
vn -0.3378 0.9412 0.0079
vn -0.2995 0.9526 0.0542
vn -0.2079 0.9229 0.3242
vn -0.0577 0.9274 0.3695
vn -0.0279 0.9200 0.3908
vn -0.0194 0.9152 0.4026
vn -0.0086 0.9960 0.0887
vn -0.0073 0.9996 0.0268
vn -0.9998 0.0119 -0.0132
vn -0.9992 0.0105 0.0393
vn -0.9990 0.0419 -0.0168
vn -0.9990 0.0373 0.0261
vn -0.9997 0.0046 -0.0259
vn -0.9999 0.0042 -0.0101
vn -0.9988 0.0037 0.0484
vn -0.9333 0.0034 0.3591
vn -0.9410 0.0094 0.3383
vn -0.9546 0.0322 0.2961
vn -0.9615 0.2120 0.1746
vn -0.9692 0.2459 0.0166
vn -0.9643 0.2642 -0.0173
vn -0.9611 0.2749 -0.0274
vn -0.9986 0.0449 -0.0283
vn -0.9996 0.0129 -0.0271
vn -0.0170 -0.9995 -0.0255
vn -0.0611 -0.9978 -0.0241
vn -0.0121 -0.9964 -0.0837
vn -0.0487 -0.9959 -0.0763
vn -0.0070 -0.9999 -0.0101
vn -0.0200 -0.9998 -0.0097
vn -0.0692 -0.9976 -0.0104
vn -0.3573 -0.9338 -0.0198
vn -0.3364 -0.9412 -0.0315
vn -0.2950 -0.9526 -0.0749
vn -0.1848 -0.9229 -0.3379
vn -0.0318 -0.9274 -0.3727
vn -0.0006 -0.9201 -0.3918
vn 0.0087 -0.9152 -0.4030
vn -0.0024 -0.9960 -0.0891
vn -0.0055 -0.9996 -0.0272
vn -0.9983 -0.0119 -0.0566
vn -0.9940 -0.0105 -0.1089
vn -0.9977 -0.0419 -0.0529
vn -0.9947 -0.0373 -0.0957
vn -0.9990 -0.0046 -0.0439
vn -0.9982 -0.0042 -0.0597
vn -0.9930 -0.0037 -0.1179
vn -0.9060 -0.0034 -0.4233
vn -0.9151 -0.0094 -0.4031
vn -0.9316 -0.0322 -0.3620
vn -0.9470 -0.2120 -0.2412
vn -0.9656 -0.2459 -0.0842
vn -0.9632 -0.2642 -0.0500
vn -0.9606 -0.2749 -0.0397
vn -0.9981 -0.0449 -0.0414
vn -0.9990 -0.0129 -0.0427
vn 0.0145 -0.0104 -0.9998
vn 0.0169 -0.0371 -0.9992
vn -0.0346 -0.0087 -0.9994
vn -0.0271 -0.0306 -0.9992
vn 0.0269 -0.0042 -0.9996
vn 0.0276 -0.0118 -0.9995
vn 0.0284 -0.0418 -0.9987
vn 0.0278 -0.2642 -0.9641
vn 0.0180 -0.2457 -0.9692
vn -0.0190 -0.2112 -0.9773
vn -0.2653 -0.1313 -0.9552
vn -0.3044 -0.0263 -0.9522
vn -0.3249 -0.0081 -0.9457
vn -0.3367 -0.0030 -0.9416
vn -0.0395 -0.0031 -0.9992
vn 0.0128 -0.0037 -0.9999
vn -0.0196 0.9996 -0.0225
vn -0.0155 0.9971 -0.0748
vn -0.0689 0.9974 -0.0207
vn -0.0600 0.9962 -0.0636
vn -0.0077 0.9999 -0.0093
vn -0.0065 0.9997 -0.0251
vn -0.0036 0.9965 -0.0834
vn 0.0077 0.9202 -0.3915
vn -0.0032 0.9285 -0.3714
vn -0.0423 0.9424 -0.3317
vn -0.2901 0.9292 -0.2290
vn -0.3355 0.9398 -0.0648
vn -0.3570 0.9336 -0.0296
vn -0.3689 0.9293 -0.0194
vn -0.0741 0.9972 -0.0093
vn -0.0219 0.9997 -0.0086
vn 0.0171 0.0118 -0.9998
vn -0.0269 0.0105 -0.9996
vn 0.0201 0.0419 -0.9989
vn -0.0158 0.0373 -0.9992
vn 0.0276 0.0046 -0.9996
vn 0.0146 0.0042 -0.9999
vn -0.0346 0.0037 -0.9994
vn -0.3249 0.0034 -0.9457
vn -0.3041 0.0094 -0.9526
vn -0.2629 0.0321 -0.9643
vn -0.1500 0.2122 -0.9656
vn -0.0081 0.2459 -0.9693
vn 0.0203 0.2642 -0.9643
vn 0.0285 0.2749 -0.9610
vn 0.0295 0.0449 -0.9986
vn 0.0285 0.0129 -0.9995
vn -0.9982 0.0104 -0.0597
vn -0.9977 0.0372 -0.0567
vn -0.9930 0.0087 -0.1180
vn -0.9936 0.0307 -0.1091
vn -0.9990 0.0042 -0.0448
vn -0.9990 0.0118 -0.0439
vn -0.9982 0.0418 -0.0427
vn -0.9636 0.2642 -0.0408
vn -0.9679 0.2457 -0.0532
vn -0.9725 0.2114 -0.0979
vn -0.9218 0.1335 -0.3639
vn -0.9147 0.0267 -0.4034
vn -0.9059 0.0083 -0.4234
vn -0.9006 0.0031 -0.4347
vn -0.9923 0.0031 -0.1237
vn -0.9981 0.0037 -0.0619
vn 0.0170 -0.9995 0.0255
vn 0.0611 -0.9978 0.0241
vn 0.0121 -0.9964 0.0837
vn 0.0487 -0.9959 0.0763
vn 0.0070 -0.9999 0.0101
vn 0.0200 -0.9998 0.0097
vn 0.0692 -0.9976 0.0104
vn 0.3572 -0.9338 0.0198
vn 0.3365 -0.9412 0.0315
vn 0.2950 -0.9526 0.0749
vn 0.1848 -0.9229 0.3379
vn 0.0318 -0.9274 0.3727
vn 0.0006 -0.9201 0.3918
vn -0.0087 -0.9152 0.4030
vn 0.0024 -0.9960 0.0891
vn 0.0055 -0.9996 0.0272
vn 0.9983 -0.0119 0.0566
vn 0.9940 -0.0105 0.1089
vn 0.9977 -0.0419 0.0529
vn 0.9947 -0.0373 0.0957
vn 0.9990 -0.0046 0.0439
vn 0.9982 -0.0042 0.0597
vn 0.9930 -0.0037 0.1179
vn 0.9059 -0.0034 0.4234
vn 0.9151 -0.0094 0.4031
vn 0.9316 -0.0322 0.3620
vn 0.9470 -0.2120 0.2412
vn 0.9656 -0.2459 0.0842
vn 0.9632 -0.2642 0.0500
vn 0.9606 -0.2750 0.0397
vn 0.9981 -0.0449 0.0414
vn 0.9990 -0.0129 0.0427
vn -0.0145 -0.0104 0.9998
vn -0.0169 -0.0371 0.9992
vn 0.0346 -0.0087 0.9994
vn 0.0271 -0.0306 0.9992
vn -0.0269 -0.0042 0.9996
vn -0.0276 -0.0118 0.9995
vn -0.0284 -0.0418 0.9987
vn -0.0278 -0.2642 0.9641
vn -0.0180 -0.2457 0.9692
vn 0.0190 -0.2112 0.9773
vn 0.2653 -0.1313 0.9552
vn 0.3044 -0.0263 0.9522
vn 0.3249 -0.0081 0.9457
vn 0.3367 -0.0030 0.9416
vn 0.0395 -0.0031 0.9992
vn -0.0128 -0.0037 0.9999
vn 0.0196 0.9996 0.0225
vn 0.0155 0.9971 0.0748
vn 0.0689 0.9974 0.0207
vn 0.0600 0.9962 0.0636
vn 0.0077 0.9999 0.0093
vn 0.0065 0.9997 0.0251
vn 0.0036 0.9965 0.0834
vn -0.0077 0.9202 0.3915
vn 0.0032 0.9285 0.3714
vn 0.0423 0.9424 0.3317
vn 0.2901 0.9292 0.2290
vn 0.3355 0.9398 0.0648
vn 0.3569 0.9337 0.0296
vn 0.3689 0.9293 0.0194
vn 0.0741 0.9972 0.0093
vn 0.0219 0.9997 0.0086
vn -0.0171 0.0118 0.9998
vn 0.0269 0.0105 0.9996
vn -0.0201 0.0419 0.9989
vn 0.0158 0.0373 0.9992
vn -0.0276 0.0046 0.9996
vn -0.0146 0.0042 0.9999
vn 0.0346 0.0037 0.9994
vn 0.3249 0.0034 0.9457
vn 0.3042 0.0094 0.9526
vn 0.2629 0.0321 0.9643
vn 0.1500 0.2122 0.9656
vn 0.0081 0.2459 0.9693
vn -0.0203 0.2642 0.9643
vn -0.0285 0.2749 0.9610
vn -0.0295 0.0449 0.9986
vn -0.0285 0.0129 0.9995
vn 0.9982 0.0104 0.0597
vn 0.9977 0.0372 0.0567
vn 0.9930 0.0087 0.1180
vn 0.9936 0.0307 0.1091
vn 0.9990 0.0042 0.0448
vn 0.9990 0.0118 0.0439
vn 0.9982 0.0418 0.0427
vn 0.9636 0.2642 0.0408
vn 0.9679 0.2457 0.0532
vn 0.9725 0.2114 0.0979
vn 0.9218 0.1335 0.3639
vn 0.9147 0.0267 0.4034
vn 0.9059 0.0083 0.4234
vn 0.9006 0.0031 0.4347
vn 0.9923 0.0031 0.1237
vn 0.9981 0.0037 0.0619
vn 0.0211 -0.9996 -0.0211
vn 0.0206 -0.9971 -0.0735
vn 0.0701 -0.9974 -0.0158
vn 0.0643 -0.9962 -0.0593
vn 0.0084 -0.9999 -0.0087
vn 0.0082 -0.9997 -0.0246
vn 0.0094 -0.9965 -0.0829
vn 0.0196 -0.9202 -0.3911
vn 0.0291 -0.9285 -0.3703
vn 0.0654 -0.9424 -0.3280
vn 0.3053 -0.9292 -0.2082
vn 0.3392 -0.9398 -0.0413
vn 0.3581 -0.9337 -0.0047
vn 0.3694 -0.9293 0.0064
vn 0.0746 -0.9972 -0.0041
vn 0.0224 -0.9997 -0.0071
vn 0.0527 -0.0118 -0.9985
vn 0.0966 -0.0105 -0.9953
vn 0.0496 -0.0419 -0.9979
vn 0.0855 -0.0373 -0.9956
vn 0.0422 -0.0046 -0.9991
vn 0.0552 -0.0042 -0.9985
vn 0.1043 -0.0037 -0.9945
vn 0.3901 -0.0034 -0.9208
vn 0.3699 -0.0094 -0.9290
vn 0.3296 -0.0321 -0.9436
vn 0.2170 -0.2122 -0.9528
vn 0.0757 -0.2459 -0.9663
vn 0.0470 -0.2642 -0.9633
vn 0.0386 -0.2749 -0.9607
vn 0.0402 -0.0449 -0.9982
vn 0.0413 -0.0129 -0.9991
vn 0.9999 -0.0104 0.0101
vn 0.9992 -0.0372 0.0130
vn 0.9988 -0.0087 -0.0484
vn 0.9987 -0.0307 -0.0395
vn 0.9997 -0.0042 0.0250
vn 0.9996 -0.0118 0.0259
vn 0.9988 -0.0418 0.0270
vn 0.9641 -0.2642 0.0265
vn 0.9692 -0.2457 0.0145
vn 0.9769 -0.2114 -0.0298
vn 0.9449 -0.1335 -0.2987
vn 0.9406 -0.0267 -0.3386
vn 0.9332 -0.0083 -0.3592
vn 0.9287 -0.0031 -0.3709
vn 0.9985 -0.0031 -0.0542
vn 1.0000 -0.0037 0.0079
vn 0.0187 0.9995 -0.0242
vn 0.0626 0.9978 -0.0198
vn 0.0180 0.9964 -0.0827
vn 0.0539 0.9959 -0.0727
vn 0.0077 0.9999 -0.0096
vn 0.0207 0.9998 -0.0083
vn 0.0697 0.9976 -0.0055
vn 0.3578 0.9338 0.0052
vn 0.3378 0.9412 -0.0079
vn 0.2995 0.9526 -0.0542
vn 0.2079 0.9229 -0.3242
vn 0.0577 0.9274 -0.3695
vn 0.0279 0.9201 -0.3908
vn 0.0194 0.9152 -0.4026
vn 0.0086 0.9960 -0.0887
vn 0.0073 0.9996 -0.0268
vn 0.9998 0.0119 0.0132
vn 0.9992 0.0105 -0.0393
vn 0.9990 0.0419 0.0168
vn 0.9990 0.0373 -0.0261
vn 0.9997 0.0046 0.0259
vn 0.9999 0.0042 0.0101
vn 0.9988 0.0037 -0.0484
vn 0.9333 0.0034 -0.3591
vn 0.9410 0.0094 -0.3384
vn 0.9546 0.0322 -0.2961
vn 0.9616 0.2120 -0.1745
vn 0.9691 0.2459 -0.0166
vn 0.9643 0.2642 0.0174
vn 0.9611 0.2750 0.0274
vn 0.9986 0.0449 0.0283
vn 0.9996 0.0129 0.0271
vn 0.0552 0.0104 -0.9984
vn 0.0528 0.0371 -0.9979
vn 0.1043 0.0087 -0.9945
vn 0.0968 0.0306 -0.9948
vn 0.0429 0.0042 -0.9991
vn 0.0422 0.0118 -0.9990
vn 0.0413 0.0418 -0.9983
vn 0.0395 0.2642 -0.9637
vn 0.0497 0.2457 -0.9681
vn 0.0872 0.2112 -0.9735
vn 0.3313 0.1313 -0.9343
vn 0.3700 0.0263 -0.9286
vn 0.3901 0.0081 -0.9207
vn 0.4015 0.0030 -0.9158
vn 0.1091 0.0031 -0.9940
vn 0.0570 0.0037 -0.9984
vn -0.0232 -0.9997 -0.0018
vn -0.0236 -0.9997 -0.0000
vn -0.0771 -0.9970 -0.0035
vn -0.0781 -0.9969 -0.0020
vn -0.0079 -1.0000 -0.0041
vn -0.0084 -1.0000 -0.0013
vn -0.0087 -1.0000 0.0007
vn -0.0086 -1.0000 0.0031
vn -0.0233 -0.9997 0.0022
vn -0.0773 -0.9970 -0.0001
vn -0.3756 -0.9267 -0.0106
vn -0.3776 -0.9259 -0.0125
vn -0.3755 -0.9267 -0.0139
vn -0.3691 -0.9293 -0.0157
vn -0.0742 -0.9972 -0.0056
vn -0.0220 -0.9997 -0.0042
vn -0.9983 -0.0466 -0.0357
vn -0.9983 -0.0472 -0.0342
vn -0.9993 -0.0135 -0.0359
vn -0.9993 -0.0137 -0.0341
vn -0.9608 -0.2749 -0.0363
vn -0.9591 -0.2809 -0.0343
vn -0.9586 -0.2829 -0.0328
vn -0.9592 -0.2809 -0.0311
vn -0.9984 -0.0466 -0.0323
vn -0.9994 -0.0135 -0.0319
vn -0.9995 -0.0049 -0.0315
vn -0.9994 -0.0050 -0.0339
vn -0.9993 -0.0049 -0.0360
vn -0.9992 -0.0046 -0.0387
vn -0.9992 -0.0129 -0.0383
vn -0.9983 -0.0449 -0.0379
vn -0.0581 -0.0004 0.9983
vn -0.0584 0.0004 0.9983
vn -0.1120 -0.0004 0.9937
vn -0.1129 0.0003 0.9936
vn -0.0429 -0.0018 0.9991
vn -0.0434 -0.0005 0.9991
vn -0.0435 0.0004 0.9991
vn -0.0434 0.0016 0.9991
vn -0.0581 0.0014 0.9983
vn -0.1120 0.0012 0.9937
vn -0.4079 0.0012 0.9130
vn -0.4099 0.0003 0.9121
vn -0.4079 -0.0004 0.9130
vn -0.4016 -0.0013 0.9158
vn -0.1091 -0.0014 0.9940
vn -0.0570 -0.0016 0.9984
vn -0.9983 -0.0004 0.0575
vn -0.9983 0.0003 0.0586
vn -1.0000 -0.0004 -0.0066
vn -1.0000 0.0004 -0.0062
vn -0.9287 -0.0013 0.3708
vn -0.9261 -0.0004 0.3773
vn -0.9253 0.0003 0.3793
vn -0.9261 0.0012 0.3773
vn -0.9983 0.0012 0.0575
vn -1.0000 0.0014 -0.0066
vn -0.9997 0.0016 -0.0245
vn -0.9997 0.0004 -0.0243
vn -0.9997 -0.0005 -0.0245
vn -0.9997 -0.0018 -0.0250
vn -1.0000 -0.0016 -0.0079
vn -0.9985 -0.0014 0.0542
vn -0.0232 0.9997 0.0001
vn -0.0235 0.9997 -0.0017
vn -0.0772 0.9970 -0.0018
vn -0.0781 0.9969 -0.0034
vn -0.0082 1.0000 0.0035
vn -0.0085 1.0000 0.0008
vn -0.0086 1.0000 -0.0013
vn -0.0084 1.0000 -0.0037
vn -0.0231 0.9997 -0.0038
vn -0.0771 0.9970 -0.0053
vn -0.3754 0.9267 -0.0156
vn -0.3776 0.9259 -0.0139
vn -0.3756 0.9267 -0.0123
vn -0.3693 0.9293 -0.0101
vn -0.0744 0.9972 0.0004
vn -0.0222 0.9997 0.0027
vn -0.9983 0.0466 -0.0340
vn -0.9983 0.0472 -0.0356
vn -0.9993 0.0135 -0.0339
vn -0.9993 0.0137 -0.0357
vn -0.9610 0.2749 -0.0308
vn -0.9592 0.2809 -0.0327
vn -0.9585 0.2829 -0.0341
vn -0.9591 0.2809 -0.0359
vn -0.9982 0.0466 -0.0374
vn -0.9992 0.0135 -0.0379
vn -0.9993 0.0049 -0.0383
vn -0.9993 0.0050 -0.0359
vn -0.9994 0.0049 -0.0338
vn -0.9995 0.0046 -0.0311
vn -0.9994 0.0129 -0.0315
vn -0.9985 0.0449 -0.0318
vn 0.0117 0.0004 -0.9999
vn 0.0113 -0.0004 -0.9999
vn -0.0424 0.0004 -0.9991
vn -0.0433 -0.0003 -0.9991
vn 0.0269 0.0018 -0.9996
vn 0.0264 0.0005 -0.9997
vn 0.0263 -0.0004 -0.9997
vn 0.0264 -0.0016 -0.9996
vn 0.0117 -0.0014 -0.9999
vn -0.0424 -0.0012 -0.9991
vn -0.3432 -0.0012 -0.9393
vn -0.3453 -0.0003 -0.9385
vn -0.3432 0.0004 -0.9393
vn -0.3367 0.0013 -0.9416
vn -0.0395 0.0014 -0.9992
vn 0.0128 0.0016 -0.9999
vn -0.9919 0.0004 -0.1270
vn -0.9918 -0.0003 -0.1281
vn -0.9980 0.0004 -0.0632
vn -0.9980 -0.0004 -0.0636
vn -0.9006 0.0013 -0.4347
vn -0.8975 0.0004 -0.4409
vn -0.8965 -0.0003 -0.4429
vn -0.8975 -0.0012 -0.4409
vn -0.9919 -0.0012 -0.1270
vn -0.9980 -0.0014 -0.0632
vn -0.9990 -0.0016 -0.0453
vn -0.9990 -0.0004 -0.0455
vn -0.9990 0.0005 -0.0453
vn -0.9990 0.0018 -0.0448
vn -0.9981 0.0016 -0.0619
vn -0.9923 0.0014 -0.1237
vn 0.0018 -0.9996 -0.0282
vn 0.0003 -0.9996 -0.0287
vn 0.0039 -0.9957 -0.0922
vn 0.0027 -0.9956 -0.0934
vn 0.0034 -0.9999 -0.0098
vn 0.0012 -0.9999 -0.0104
vn -0.0004 -0.9999 -0.0106
vn -0.0024 -0.9999 -0.0105
vn -0.0015 -0.9996 -0.0284
vn 0.0011 -0.9957 -0.0923
vn 0.0122 -0.9124 -0.4092
vn 0.0138 -0.9115 -0.4112
vn 0.0149 -0.9124 -0.4091
vn 0.0164 -0.9152 -0.4027
vn 0.0056 -0.9960 -0.0888
vn 0.0037 -0.9996 -0.0269
vn 0.0355 -0.0466 -0.9983
vn 0.0343 -0.0472 -0.9983
vn 0.0357 -0.0135 -0.9993
vn 0.0342 -0.0137 -0.9993
vn 0.0358 -0.2750 -0.9608
vn 0.0341 -0.2809 -0.9591
vn 0.0329 -0.2829 -0.9586
vn 0.0315 -0.2809 -0.9592
vn 0.0328 -0.0466 -0.9984
vn 0.0325 -0.0135 -0.9994
vn 0.0321 -0.0049 -0.9995
vn 0.0341 -0.0050 -0.9994
vn 0.0358 -0.0049 -0.9993
vn 0.0380 -0.0046 -0.9993
vn 0.0377 -0.0129 -0.9992
vn 0.0373 -0.0449 -0.9983
vn 0.0002 0.9996 -0.0283
vn 0.0017 0.9996 -0.0287
vn 0.0025 0.9957 -0.0923
vn 0.0038 0.9956 -0.0933
vn -0.0027 0.9999 -0.0100
vn -0.0005 0.9999 -0.0104
vn 0.0011 0.9999 -0.0106
vn 0.0032 0.9999 -0.0103
vn 0.0034 0.9996 -0.0282
vn 0.0053 0.9957 -0.0922
vn 0.0164 0.9124 -0.4090
vn 0.0149 0.9115 -0.4111
vn 0.0136 0.9124 -0.4091
vn 0.0118 0.9152 -0.4029
vn 0.0006 0.9960 -0.0890
vn -0.0019 0.9996 -0.0271
vn 0.0342 0.0466 -0.9983
vn 0.0354 0.0472 -0.9983
vn 0.0341 0.0135 -0.9993
vn 0.0356 0.0137 -0.9993
vn 0.0313 0.2750 -0.9609
vn 0.0329 0.2809 -0.9592
vn 0.0340 0.2829 -0.9585
vn 0.0354 0.2809 -0.9591
vn 0.0369 0.0466 -0.9982
vn 0.0373 0.0135 -0.9992
vn 0.0377 0.0049 -0.9993
vn 0.0357 0.0050 -0.9994
vn 0.0340 0.0049 -0.9994
vn 0.0318 0.0046 -0.9995
vn 0.0321 0.0129 -0.9994
vn 0.0324 0.0449 -0.9985
vn 1.0000 0.0004 0.0066
vn 1.0000 -0.0004 0.0062
vn 0.9983 0.0004 -0.0575
vn 0.9983 -0.0003 -0.0586
vn 0.9997 0.0018 0.0250
vn 0.9997 0.0005 0.0245
vn 0.9997 -0.0004 0.0243
vn 0.9997 -0.0016 0.0245
vn 1.0000 -0.0014 0.0066
vn 0.9983 -0.0012 -0.0575
vn 0.9261 -0.0012 -0.3772
vn 0.9253 -0.0003 -0.3793
vn 0.9261 0.0004 -0.3772
vn 0.9287 0.0013 -0.3708
vn 0.9985 0.0014 -0.0542
vn 1.0000 0.0016 0.0079
vn 0.1120 0.0004 -0.9937
vn 0.1129 -0.0003 -0.9936
vn 0.0581 0.0004 -0.9983
vn 0.0584 -0.0004 -0.9983
vn 0.4015 0.0013 -0.9158
vn 0.4079 0.0004 -0.9130
vn 0.4099 -0.0003 -0.9121
vn 0.4079 -0.0012 -0.9130
vn 0.1120 -0.0012 -0.9937
vn 0.0581 -0.0014 -0.9983
vn 0.0434 -0.0016 -0.9991
vn 0.0435 -0.0004 -0.9991
vn 0.0434 0.0005 -0.9991
vn 0.0429 0.0018 -0.9991
vn 0.0570 0.0016 -0.9984
vn 0.1091 0.0014 -0.9940
vn 0.0232 -0.9997 0.0018
vn 0.0236 -0.9997 -0.0000
vn 0.0771 -0.9970 0.0035
vn 0.0781 -0.9969 0.0020
vn 0.0079 -1.0000 0.0041
vn 0.0084 -1.0000 0.0013
vn 0.0087 -1.0000 -0.0007
vn 0.0086 -1.0000 -0.0031
vn 0.0233 -0.9997 -0.0022
vn 0.0773 -0.9970 0.0001
vn 0.3756 -0.9267 0.0106
vn 0.3776 -0.9259 0.0125
vn 0.3755 -0.9267 0.0139
vn 0.3690 -0.9293 0.0157
vn 0.0742 -0.9972 0.0056
vn 0.0220 -0.9997 0.0042
vn 0.9983 -0.0466 0.0357
vn 0.9983 -0.0472 0.0342
vn 0.9993 -0.0135 0.0359
vn 0.9993 -0.0137 0.0341
vn 0.9608 -0.2749 0.0363
vn 0.9591 -0.2809 0.0343
vn 0.9586 -0.2829 0.0328
vn 0.9592 -0.2809 0.0311
vn 0.9984 -0.0466 0.0323
vn 0.9994 -0.0135 0.0319
vn 0.9995 -0.0049 0.0315
vn 0.9994 -0.0050 0.0339
vn 0.9993 -0.0049 0.0360
vn 0.9992 -0.0046 0.0387
vn 0.9992 -0.0129 0.0383
vn 0.9983 -0.0449 0.0379
vn 0.0232 0.9997 -0.0001
vn 0.0235 0.9997 0.0017
vn 0.0772 0.9970 0.0018
vn 0.0781 0.9969 0.0034
vn 0.0082 1.0000 -0.0035
vn 0.0085 1.0000 -0.0008
vn 0.0086 1.0000 0.0013
vn 0.0084 1.0000 0.0037
vn 0.0231 0.9997 0.0038
vn 0.0771 0.9970 0.0053
vn 0.3754 0.9267 0.0156
vn 0.3776 0.9259 0.0139
vn 0.3756 0.9267 0.0123
vn 0.3692 0.9293 0.0101
vn 0.0744 0.9972 -0.0004
vn 0.0222 0.9997 -0.0027
vn 0.9983 0.0466 0.0340
vn 0.9983 0.0472 0.0356
vn 0.9993 0.0135 0.0339
vn 0.9993 0.0137 0.0357
vn 0.9610 0.2749 0.0308
vn 0.9592 0.2809 0.0327
vn 0.9585 0.2829 0.0341
vn 0.9591 0.2809 0.0359
vn 0.9982 0.0466 0.0374
vn 0.9992 0.0135 0.0379
vn 0.9993 0.0049 0.0383
vn 0.9993 0.0050 0.0359
vn 0.9994 0.0049 0.0338
vn 0.9995 0.0046 0.0311
vn 0.9994 0.0129 0.0315
vn 0.9985 0.0449 0.0318
vn -0.0117 0.0004 0.9999
vn -0.0113 -0.0004 0.9999
vn 0.0424 0.0004 0.9991
vn 0.0433 -0.0003 0.9991
vn -0.0269 0.0018 0.9996
vn -0.0264 0.0005 0.9997
vn -0.0263 -0.0004 0.9997
vn -0.0264 -0.0016 0.9996
vn -0.0117 -0.0014 0.9999
vn 0.0424 -0.0012 0.9991
vn 0.3432 -0.0012 0.9393
vn 0.3453 -0.0003 0.9385
vn 0.3432 0.0004 0.9393
vn 0.3367 0.0013 0.9416
vn 0.0395 0.0014 0.9992
vn -0.0128 0.0016 0.9999
vn 0.9919 0.0004 0.1270
vn 0.9918 -0.0003 0.1281
vn 0.9980 0.0004 0.0632
vn 0.9980 -0.0004 0.0636
vn 0.9006 0.0013 0.4347
vn 0.8975 0.0004 0.4409
vn 0.8966 -0.0003 0.4429
vn 0.8975 -0.0012 0.4409
vn 0.9919 -0.0012 0.1270
vn 0.9980 -0.0014 0.0632
vn 0.9990 -0.0016 0.0453
vn 0.9990 -0.0004 0.0455
vn 0.9990 0.0005 0.0453
vn 0.9990 0.0018 0.0448
vn 0.9981 0.0016 0.0619
vn 0.9923 0.0014 0.1237
vn -0.0018 -0.9996 0.0282
vn -0.0003 -0.9996 0.0287
vn -0.0039 -0.9957 0.0922
vn -0.0027 -0.9956 0.0934
vn -0.0034 -0.9999 0.0098
vn -0.0012 -0.9999 0.0104
vn 0.0004 -0.9999 0.0106
vn 0.0024 -0.9999 0.0105
vn 0.0015 -0.9996 0.0284
vn -0.0011 -0.9957 0.0923
vn -0.0122 -0.9124 0.4092
vn -0.0138 -0.9115 0.4112
vn -0.0149 -0.9124 0.4091
vn -0.0164 -0.9152 0.4027
vn -0.0056 -0.9960 0.0888
vn -0.0037 -0.9996 0.0269
vn -0.0355 -0.0466 0.9983
vn -0.0343 -0.0472 0.9983
vn -0.0357 -0.0135 0.9993
vn -0.0342 -0.0137 0.9993
vn -0.0358 -0.2750 0.9608
vn -0.0341 -0.2809 0.9591
vn -0.0329 -0.2829 0.9586
vn -0.0315 -0.2809 0.9592
vn -0.0328 -0.0466 0.9984
vn -0.0325 -0.0135 0.9994
vn -0.0321 -0.0049 0.9995
vn -0.0341 -0.0050 0.9994
vn -0.0358 -0.0049 0.9993
vn -0.0380 -0.0046 0.9993
vn -0.0377 -0.0129 0.9992
vn -0.0373 -0.0449 0.9983
vn -0.0002 0.9996 0.0283
vn -0.0017 0.9996 0.0287
vn -0.0025 0.9957 0.0923
vn -0.0038 0.9956 0.0933
vn 0.0027 0.9999 0.0100
vn 0.0005 0.9999 0.0104
vn -0.0011 0.9999 0.0106
vn -0.0032 0.9999 0.0103
vn -0.0034 0.9996 0.0282
vn -0.0053 0.9957 0.0922
vn -0.0164 0.9124 0.4090
vn -0.0149 0.9115 0.4111
vn -0.0136 0.9124 0.4091
vn -0.0118 0.9152 0.4029
vn -0.0006 0.9960 0.0890
vn 0.0019 0.9996 0.0271
vn -0.0342 0.0466 0.9983
vn -0.0354 0.0472 0.9983
vn -0.0341 0.0135 0.9993
vn -0.0356 0.0137 0.9993
vn -0.0313 0.2750 0.9609
vn -0.0329 0.2809 0.9592
vn -0.0340 0.2829 0.9585
vn -0.0354 0.2809 0.9591
vn -0.0369 0.0466 0.9982
vn -0.0373 0.0135 0.9992
vn -0.0377 0.0049 0.9993
vn -0.0357 0.0050 0.9994
vn -0.0340 0.0049 0.9994
vn -0.0318 0.0046 0.9995
vn -0.0321 0.0129 0.9994
vn -0.0324 0.0449 0.9985
vn -0.0009 -1.0000 -0.0011
vn 0.0009 -1.0000 -0.0011
vn -0.0010 -1.0000 0.0011
vn 0.0009 -1.0000 0.0012
vn -0.0031 -1.0000 -0.0039
vn -0.0008 -1.0000 -0.0040
vn 0.0010 -1.0000 -0.0041
vn 0.0032 -1.0000 -0.0039
vn 0.0033 -1.0000 -0.0010
vn 0.0032 -1.0000 0.0012
vn 0.0029 -1.0000 0.0041
vn 0.0007 -1.0000 0.0041
vn -0.0010 -1.0000 0.0040
vn -0.0034 -1.0000 0.0037
vn -0.0034 -1.0000 0.0009
vn -0.0033 -1.0000 -0.0012
vn -0.0316 -0.0018 0.9995
vn -0.0318 0.0019 0.9995
vn -0.0380 0.0019 0.9993
vn -0.0382 -0.0018 0.9993
vn 0.9995 -0.0018 0.0309
vn 0.9995 -0.0005 0.0308
vn 0.9995 0.0005 0.0309
vn 0.9995 0.0019 0.0311
vn 0.9994 0.0019 0.0360
vn 0.9992 0.0019 0.0387
vn 0.9992 0.0005 0.0389
vn 0.9992 -0.0005 0.0390
vn 0.9992 -0.0018 0.0389
vn 0.9993 -0.0019 0.0360
vn 0.0009 1.0000 -0.0011
vn -0.0009 1.0000 -0.0011
vn 0.0009 1.0000 0.0012
vn -0.0010 1.0000 0.0011
vn 0.0032 1.0000 -0.0039
vn 0.0010 1.0000 -0.0041
vn -0.0008 1.0000 -0.0040
vn -0.0031 1.0000 -0.0039
vn -0.0033 1.0000 -0.0012
vn -0.0034 1.0000 0.0009
vn -0.0034 1.0000 0.0037
vn -0.0010 1.0000 0.0040
vn 0.0007 1.0000 0.0041
vn 0.0029 1.0000 0.0041
vn 0.0032 1.0000 0.0012
vn 0.0033 1.0000 -0.0010
vn -0.9995 -0.0018 -0.0309
vn -0.9995 -0.0005 -0.0308
vn -0.9995 0.0005 -0.0309
vn -0.9995 0.0019 -0.0311
vn -0.9994 0.0019 -0.0360
vn -0.9992 0.0019 -0.0387
vn -0.9992 0.0005 -0.0389
vn -0.9992 -0.0005 -0.0390
vn -0.9992 -0.0018 -0.0389
vn -0.9993 -0.0019 -0.0360
vn 0.0316 -0.0018 -0.9995
vn 0.0318 0.0019 -0.9995
vn 0.0380 0.0019 -0.9993
vn 0.0382 -0.0018 -0.9993
vn -0.0187 -0.9995 0.0242
vn -0.0180 -0.9964 0.0827
vn -0.0626 -0.9978 0.0198
vn -0.0539 -0.9959 0.0727
vn -0.0077 -0.9999 0.0096
vn -0.0073 -0.9996 0.0268
vn -0.0086 -0.9960 0.0887
vn -0.0194 -0.9152 0.4026
vn -0.0279 -0.9201 0.3908
vn -0.0577 -0.9274 0.3695
vn -0.2079 -0.9229 0.3242
vn -0.2995 -0.9526 0.0542
vn -0.3378 -0.9412 0.0079
vn -0.3578 -0.9338 -0.0052
vn -0.0697 -0.9976 0.0055
vn -0.0207 -0.9998 0.0083
vn -0.0552 -0.0104 0.9984
vn -0.1043 -0.0087 0.9945
vn -0.0528 -0.0371 0.9979
vn -0.0968 -0.0306 0.9948
vn -0.0429 -0.0042 0.9991
vn -0.0570 -0.0037 0.9984
vn -0.1091 -0.0031 0.9940
vn -0.4016 -0.0030 0.9158
vn -0.3901 -0.0081 0.9207
vn -0.3701 -0.0263 0.9286
vn -0.3313 -0.1312 0.9343
vn -0.0872 -0.2112 0.9735
vn -0.0497 -0.2457 0.9681
vn -0.0395 -0.2642 0.9637
vn -0.0413 -0.0418 0.9983
vn -0.0422 -0.0118 0.9990
vn -0.9998 -0.0119 -0.0131
vn -0.9990 -0.0419 -0.0168
vn -0.9992 -0.0105 0.0393
vn -0.9990 -0.0373 0.0261
vn -0.9997 -0.0046 -0.0259
vn -0.9996 -0.0129 -0.0271
vn -0.9986 -0.0449 -0.0283
vn -0.9611 -0.2749 -0.0274
vn -0.9643 -0.2642 -0.0173
vn -0.9692 -0.2459 0.0166
vn -0.9615 -0.2120 0.1746
vn -0.9546 -0.0322 0.2961
vn -0.9410 -0.0094 0.3384
vn -0.9333 -0.0034 0.3591
vn -0.9988 -0.0037 0.0484
vn -0.9999 -0.0042 -0.0101
vn -0.0527 0.0118 0.9985
vn -0.0496 0.0419 0.9979
vn -0.0966 0.0105 0.9953
vn -0.0855 0.0373 0.9956
vn -0.0422 0.0046 0.9991
vn -0.0413 0.0129 0.9991
vn -0.0402 0.0449 0.9982
vn -0.0386 0.2750 0.9607
vn -0.0470 0.2642 0.9633
vn -0.0757 0.2459 0.9663
vn -0.2170 0.2122 0.9528
vn -0.3296 0.0321 0.9436
vn -0.3698 0.0094 0.9290
vn -0.3901 0.0034 0.9208
vn -0.1043 0.0037 0.9945
vn -0.0552 0.0042 0.9985
vn -0.0211 0.9996 0.0211
vn -0.0702 0.9974 0.0158
vn -0.0206 0.9971 0.0735
vn -0.0643 0.9962 0.0593
vn -0.0084 0.9999 0.0087
vn -0.0224 0.9997 0.0071
vn -0.0746 0.9972 0.0041
vn -0.3694 0.9293 -0.0064
vn -0.3582 0.9336 0.0047
vn -0.3392 0.9398 0.0413
vn -0.3053 0.9292 0.2082
vn -0.0654 0.9424 0.3280
vn -0.0291 0.9285 0.3703
vn -0.0196 0.9202 0.3911
vn -0.0094 0.9965 0.0829
vn -0.0082 0.9997 0.0246
vn -0.9999 0.0104 -0.0101
vn -0.9988 0.0087 0.0484
vn -0.9992 0.0371 -0.0130
vn -0.9987 0.0307 0.0395
vn -0.9997 0.0042 -0.0250
vn -1.0000 0.0037 -0.0079
vn -0.9985 0.0031 0.0542
vn -0.9287 0.0031 0.3708
vn -0.9333 0.0083 0.3591
vn -0.9406 0.0267 0.3386
vn -0.9449 0.1335 0.2987
vn -0.9769 0.2114 0.0298
vn -0.9692 0.2458 -0.0145
vn -0.9641 0.2642 -0.0265
vn -0.9988 0.0418 -0.0270
vn -0.9996 0.0118 -0.0259
vn -0.0196 -0.9996 -0.0225
vn -0.0689 -0.9974 -0.0207
vn -0.0155 -0.9971 -0.0748
vn -0.0600 -0.9962 -0.0636
vn -0.0077 -0.9999 -0.0093
vn -0.0219 -0.9997 -0.0086
vn -0.0741 -0.9972 -0.0093
vn -0.3689 -0.9293 -0.0194
vn -0.3570 -0.9336 -0.0296
vn -0.3355 -0.9398 -0.0648
vn -0.2900 -0.9292 -0.2290
vn -0.0423 -0.9424 -0.3318
vn -0.0032 -0.9285 -0.3714
vn 0.0077 -0.9202 -0.3915
vn -0.0036 -0.9965 -0.0834
vn -0.0065 -0.9997 -0.0251
vn -0.9982 -0.0104 -0.0597
vn -0.9930 -0.0087 -0.1180
vn -0.9977 -0.0372 -0.0567
vn -0.9936 -0.0307 -0.1091
vn -0.9990 -0.0042 -0.0448
vn -0.9981 -0.0037 -0.0619
vn -0.9923 -0.0031 -0.1237
vn -0.9006 -0.0031 -0.4347
vn -0.9059 -0.0083 -0.4234
vn -0.9147 -0.0267 -0.4034
vn -0.9218 -0.1335 -0.3639
vn -0.9725 -0.2114 -0.0979
vn -0.9679 -0.2458 -0.0532
vn -0.9636 -0.2642 -0.0408
vn -0.9982 -0.0418 -0.0427
vn -0.9990 -0.0118 -0.0439
vn 0.0171 -0.0118 -0.9998
vn 0.0201 -0.0419 -0.9989
vn -0.0269 -0.0105 -0.9996
vn -0.0158 -0.0373 -0.9992
vn 0.0276 -0.0046 -0.9996
vn 0.0285 -0.0129 -0.9995
vn 0.0295 -0.0449 -0.9986
vn 0.0285 -0.2750 -0.9610
vn 0.0203 -0.2642 -0.9643
vn -0.0081 -0.2459 -0.9693
vn -0.1500 -0.2122 -0.9656
vn -0.2629 -0.0321 -0.9643
vn -0.3041 -0.0094 -0.9526
vn -0.3249 -0.0034 -0.9457
vn -0.0346 -0.0037 -0.9994
vn 0.0146 -0.0042 -0.9999
vn -0.0170 0.9995 -0.0255
vn -0.0121 0.9964 -0.0837
vn -0.0611 0.9978 -0.0241
vn -0.0487 0.9959 -0.0763
vn -0.0070 0.9999 -0.0101
vn -0.0055 0.9996 -0.0272
vn -0.0024 0.9960 -0.0891
vn 0.0087 0.9152 -0.4030
vn -0.0006 0.9201 -0.3918
vn -0.0318 0.9274 -0.3726
vn -0.1848 0.9229 -0.3379
vn -0.2950 0.9526 -0.0749
vn -0.3365 0.9412 -0.0315
vn -0.3573 0.9338 -0.0198
vn -0.0692 0.9976 -0.0104
vn -0.0200 0.9998 -0.0097
vn 0.0145 0.0104 -0.9998
vn -0.0346 0.0087 -0.9994
vn 0.0169 0.0371 -0.9992
vn -0.0271 0.0306 -0.9992
vn 0.0269 0.0042 -0.9996
vn 0.0128 0.0037 -0.9999
vn -0.0395 0.0031 -0.9992
vn -0.3367 0.0030 -0.9416
vn -0.3249 0.0081 -0.9457
vn -0.3044 0.0263 -0.9522
vn -0.2653 0.1312 -0.9552
vn -0.0190 0.2112 -0.9773
vn 0.0180 0.2457 -0.9692
vn 0.0278 0.2642 -0.9641
vn 0.0284 0.0418 -0.9987
vn 0.0276 0.0118 -0.9995
vn -0.9983 0.0119 -0.0566
vn -0.9977 0.0419 -0.0529
vn -0.9940 0.0105 -0.1089
vn -0.9947 0.0373 -0.0957
vn -0.9990 0.0046 -0.0439
vn -0.9990 0.0129 -0.0427
vn -0.9981 0.0449 -0.0414
vn -0.9606 0.2749 -0.0397
vn -0.9632 0.2642 -0.0500
vn -0.9656 0.2459 -0.0842
vn -0.9470 0.2120 -0.2412
vn -0.9316 0.0322 -0.3620
vn -0.9151 0.0094 -0.4032
vn -0.9060 0.0034 -0.4233
vn -0.9930 0.0037 -0.1179
vn -0.9982 0.0042 -0.0597
vn 0.0196 -0.9996 0.0225
vn 0.0689 -0.9974 0.0207
vn 0.0155 -0.9971 0.0748
vn 0.0600 -0.9962 0.0636
vn 0.0077 -0.9999 0.0093
vn 0.0219 -0.9997 0.0086
vn 0.0741 -0.9972 0.0093
vn 0.3689 -0.9293 0.0194
vn 0.3569 -0.9337 0.0296
vn 0.3355 -0.9398 0.0648
vn 0.2900 -0.9292 0.2290
vn 0.0423 -0.9424 0.3318
vn 0.0032 -0.9285 0.3714
vn -0.0077 -0.9202 0.3915
vn 0.0036 -0.9965 0.0834
vn 0.0065 -0.9997 0.0251
vn 0.9982 -0.0104 0.0597
vn 0.9930 -0.0087 0.1180
vn 0.9977 -0.0372 0.0567
vn 0.9936 -0.0307 0.1091
vn 0.9990 -0.0042 0.0448
vn 0.9981 -0.0037 0.0619
vn 0.9923 -0.0031 0.1237
vn 0.9006 -0.0031 0.4347
vn 0.9059 -0.0083 0.4234
vn 0.9147 -0.0267 0.4034
vn 0.9218 -0.1335 0.3639
vn 0.9725 -0.2114 0.0979
vn 0.9679 -0.2458 0.0532
vn 0.9636 -0.2642 0.0408
vn 0.9982 -0.0418 0.0427
vn 0.9990 -0.0118 0.0439
vn -0.0171 -0.0118 0.9998
vn -0.0201 -0.0419 0.9989
vn 0.0269 -0.0105 0.9996
vn 0.0158 -0.0373 0.9992
vn -0.0276 -0.0046 0.9996
vn -0.0285 -0.0129 0.9995
vn -0.0295 -0.0449 0.9986
vn -0.0285 -0.2750 0.9610
vn -0.0203 -0.2642 0.9643
vn 0.0081 -0.2459 0.9693
vn 0.1500 -0.2122 0.9656
vn 0.2629 -0.0321 0.9643
vn 0.3041 -0.0094 0.9526
vn 0.3249 -0.0034 0.9457
vn 0.0346 -0.0037 0.9994
vn -0.0146 -0.0042 0.9999
vn 0.0170 0.9995 0.0255
vn 0.0121 0.9964 0.0837
vn 0.0611 0.9978 0.0241
vn 0.0487 0.9959 0.0763
vn 0.0070 0.9999 0.0101
vn 0.0055 0.9996 0.0272
vn 0.0024 0.9960 0.0891
vn -0.0087 0.9152 0.4030
vn 0.0006 0.9201 0.3918
vn 0.0318 0.9274 0.3726
vn 0.1848 0.9229 0.3379
vn 0.2950 0.9526 0.0749
vn 0.3365 0.9412 0.0315
vn 0.3573 0.9338 0.0198
vn 0.0692 0.9975 0.0104
vn 0.0200 0.9998 0.0097
vn -0.0145 0.0104 0.9998
vn 0.0346 0.0087 0.9994
vn -0.0169 0.0371 0.9992
vn 0.0271 0.0306 0.9992
vn -0.0269 0.0042 0.9996
vn -0.0128 0.0037 0.9999
vn 0.0395 0.0031 0.9992
vn 0.3367 0.0030 0.9416
vn 0.3249 0.0081 0.9457
vn 0.3044 0.0263 0.9522
vn 0.2653 0.1312 0.9552
vn 0.0190 0.2112 0.9773
vn -0.0180 0.2457 0.9692
vn -0.0278 0.2642 0.9641
vn -0.0284 0.0418 0.9987
vn -0.0276 0.0118 0.9995
vn 0.9983 0.0119 0.0566
vn 0.9977 0.0419 0.0529
vn 0.9940 0.0105 0.1089
vn 0.9947 0.0373 0.0957
vn 0.9990 0.0046 0.0439
vn 0.9990 0.0129 0.0427
vn 0.9981 0.0449 0.0414
vn 0.9606 0.2750 0.0397
vn 0.9632 0.2642 0.0500
vn 0.9656 0.2459 0.0842
vn 0.9470 0.2120 0.2412
vn 0.9316 0.0322 0.3620
vn 0.9151 0.0094 0.4031
vn 0.9059 0.0034 0.4234
vn 0.9930 0.0037 0.1179
vn 0.9982 0.0042 0.0597
vn 0.0187 -0.9995 -0.0242
vn 0.0180 -0.9964 -0.0827
vn 0.0626 -0.9978 -0.0198
vn 0.0539 -0.9959 -0.0727
vn 0.0077 -0.9999 -0.0096
vn 0.0073 -0.9996 -0.0268
vn 0.0086 -0.9960 -0.0887
vn 0.0194 -0.9152 -0.4026
vn 0.0279 -0.9201 -0.3908
vn 0.0577 -0.9274 -0.3695
vn 0.2079 -0.9229 -0.3242
vn 0.2995 -0.9526 -0.0542
vn 0.3379 -0.9412 -0.0079
vn 0.3578 -0.9338 0.0052
vn 0.0697 -0.9976 -0.0055
vn 0.0207 -0.9998 -0.0083
vn 0.0552 -0.0104 -0.9984
vn 0.1043 -0.0087 -0.9945
vn 0.0528 -0.0371 -0.9979
vn 0.0968 -0.0306 -0.9948
vn 0.0429 -0.0042 -0.9991
vn 0.0570 -0.0037 -0.9984
vn 0.1091 -0.0031 -0.9940
vn 0.4016 -0.0030 -0.9158
vn 0.3901 -0.0081 -0.9207
vn 0.3701 -0.0263 -0.9286
vn 0.3313 -0.1312 -0.9343
vn 0.0872 -0.2112 -0.9735
vn 0.0497 -0.2457 -0.9681
vn 0.0395 -0.2642 -0.9637
vn 0.0413 -0.0418 -0.9983
vn 0.0422 -0.0118 -0.9990
vn 0.9998 -0.0119 0.0132
vn 0.9990 -0.0419 0.0168
vn 0.9992 -0.0105 -0.0393
vn 0.9990 -0.0373 -0.0261
vn 0.9997 -0.0046 0.0259
vn 0.9996 -0.0129 0.0271
vn 0.9986 -0.0449 0.0283
vn 0.9611 -0.2750 0.0274
vn 0.9643 -0.2642 0.0173
vn 0.9692 -0.2459 -0.0166
vn 0.9615 -0.2120 -0.1746
vn 0.9546 -0.0322 -0.2961
vn 0.9410 -0.0094 -0.3383
vn 0.9333 -0.0034 -0.3591
vn 0.9988 -0.0037 -0.0484
vn 0.9999 -0.0042 0.0101
vn 0.0211 0.9996 -0.0211
vn 0.0701 0.9974 -0.0158
vn 0.0206 0.9971 -0.0735
vn 0.0643 0.9962 -0.0593
vn 0.0084 0.9999 -0.0087
vn 0.0224 0.9997 -0.0071
vn 0.0746 0.9972 -0.0041
vn 0.3694 0.9293 0.0064
vn 0.3581 0.9337 -0.0047
vn 0.3392 0.9398 -0.0413
vn 0.3053 0.9292 -0.2082
vn 0.0654 0.9424 -0.3280
vn 0.0291 0.9285 -0.3703
vn 0.0196 0.9202 -0.3911
vn 0.0094 0.9965 -0.0829
vn 0.0082 0.9997 -0.0246
vn 0.9999 0.0104 0.0101
vn 0.9988 0.0087 -0.0484
vn 0.9992 0.0371 0.0130
vn 0.9987 0.0307 -0.0395
vn 0.9997 0.0042 0.0250
vn 1.0000 0.0037 0.0079
vn 0.9985 0.0031 -0.0542
vn 0.9287 0.0031 -0.3708
vn 0.9333 0.0083 -0.3591
vn 0.9406 0.0267 -0.3386
vn 0.9449 0.1335 -0.2988
vn 0.9769 0.2114 -0.0298
vn 0.9692 0.2458 0.0145
vn 0.9641 0.2642 0.0265
vn 0.9988 0.0418 0.0270
vn 0.9996 0.0118 0.0259
vn 0.0527 0.0118 -0.9985
vn 0.0496 0.0419 -0.9979
vn 0.0966 0.0105 -0.9953
vn 0.0855 0.0373 -0.9956
vn 0.0422 0.0046 -0.9991
vn 0.0413 0.0129 -0.9991
vn 0.0402 0.0449 -0.9982
vn 0.0386 0.2750 -0.9607
vn 0.0470 0.2642 -0.9633
vn 0.0757 0.2459 -0.9663
vn 0.2170 0.2122 -0.9528
vn 0.3296 0.0321 -0.9436
vn 0.3698 0.0094 -0.9290
vn 0.3901 0.0034 -0.9208
vn 0.1043 0.0037 -0.9945
vn 0.0552 0.0042 -0.9985
vn -0.0235 -0.9997 -0.0017
vn -0.0232 -0.9997 0.0001
vn -0.0781 -0.9969 -0.0034
vn -0.0772 -0.9970 -0.0018
vn -0.0084 -1.0000 -0.0037
vn -0.0086 -1.0000 -0.0013
vn -0.0085 -1.0000 0.0008
vn -0.0082 -1.0000 0.0035
vn -0.0222 -0.9997 0.0027
vn -0.0744 -0.9972 0.0004
vn -0.3692 -0.9293 -0.0101
vn -0.3755 -0.9267 -0.0123
vn -0.3775 -0.9259 -0.0139
vn -0.3754 -0.9267 -0.0156
vn -0.0771 -0.9970 -0.0053
vn -0.0231 -0.9997 -0.0038
vn -0.9983 -0.0472 -0.0356
vn -0.9983 -0.0466 -0.0340
vn -0.9993 -0.0137 -0.0357
vn -0.9993 -0.0135 -0.0339
vn -0.9591 -0.2809 -0.0359
vn -0.9585 -0.2829 -0.0341
vn -0.9592 -0.2809 -0.0327
vn -0.9610 -0.2749 -0.0308
vn -0.9985 -0.0449 -0.0318
vn -0.9994 -0.0129 -0.0315
vn -0.9995 -0.0046 -0.0311
vn -0.9994 -0.0049 -0.0338
vn -0.9993 -0.0050 -0.0359
vn -0.9993 -0.0049 -0.0383
vn -0.9992 -0.0135 -0.0379
vn -0.9982 -0.0466 -0.0374
vn -0.0584 -0.0004 0.9983
vn -0.0581 0.0004 0.9983
vn -0.1129 -0.0003 0.9936
vn -0.1120 0.0004 0.9937
vn -0.0434 -0.0016 0.9991
vn -0.0435 -0.0004 0.9991
vn -0.0434 0.0005 0.9991
vn -0.0429 0.0018 0.9991
vn -0.0570 0.0016 0.9984
vn -0.1091 0.0014 0.9940
vn -0.4016 0.0013 0.9158
vn -0.4079 0.0004 0.9130
vn -0.4099 -0.0003 0.9121
vn -0.4079 -0.0012 0.9130
vn -0.1120 -0.0012 0.9937
vn -0.0581 -0.0014 0.9983
vn -0.9983 -0.0003 0.0586
vn -0.9983 0.0004 0.0575
vn -1.0000 -0.0004 -0.0062
vn -1.0000 0.0004 -0.0066
vn -0.9261 -0.0012 0.3773
vn -0.9253 -0.0003 0.3793
vn -0.9261 0.0004 0.3773
vn -0.9287 0.0013 0.3708
vn -0.9985 0.0014 0.0542
vn -1.0000 0.0016 -0.0079
vn -0.9997 0.0018 -0.0250
vn -0.9997 0.0005 -0.0245
vn -0.9997 -0.0004 -0.0243
vn -0.9997 -0.0016 -0.0245
vn -1.0000 -0.0014 -0.0066
vn -0.9983 -0.0012 0.0575
vn -0.0236 0.9997 -0.0000
vn -0.0232 0.9997 -0.0018
vn -0.0781 0.9969 -0.0020
vn -0.0771 0.9970 -0.0035
vn -0.0086 1.0000 0.0031
vn -0.0087 1.0000 0.0007
vn -0.0084 1.0000 -0.0013
vn -0.0079 1.0000 -0.0041
vn -0.0220 0.9997 -0.0042
vn -0.0742 0.9972 -0.0056
vn -0.3691 0.9293 -0.0157
vn -0.3755 0.9267 -0.0139
vn -0.3776 0.9259 -0.0125
vn -0.3756 0.9267 -0.0106
vn -0.0773 0.9970 -0.0001
vn -0.0233 0.9997 0.0022
vn -0.9983 0.0472 -0.0342
vn -0.9983 0.0466 -0.0357
vn -0.9993 0.0137 -0.0341
vn -0.9993 0.0135 -0.0359
vn -0.9592 0.2809 -0.0311
vn -0.9586 0.2829 -0.0328
vn -0.9591 0.2809 -0.0343
vn -0.9608 0.2749 -0.0363
vn -0.9983 0.0449 -0.0379
vn -0.9992 0.0129 -0.0383
vn -0.9992 0.0046 -0.0387
vn -0.9993 0.0049 -0.0360
vn -0.9994 0.0050 -0.0339
vn -0.9995 0.0049 -0.0315
vn -0.9994 0.0135 -0.0319
vn -0.9984 0.0466 -0.0323
vn 0.0113 0.0004 -0.9999
vn 0.0117 -0.0004 -0.9999
vn -0.0433 0.0003 -0.9991
vn -0.0424 -0.0004 -0.9991
vn 0.0264 0.0016 -0.9996
vn 0.0263 0.0004 -0.9997
vn 0.0264 -0.0005 -0.9997
vn 0.0269 -0.0018 -0.9996
vn 0.0128 -0.0016 -0.9999
vn -0.0395 -0.0014 -0.9992
vn -0.3367 -0.0013 -0.9416
vn -0.3432 -0.0004 -0.9393
vn -0.3453 0.0003 -0.9385
vn -0.3432 0.0012 -0.9393
vn -0.0424 0.0012 -0.9991
vn 0.0117 0.0014 -0.9999
vn -0.9918 0.0003 -0.1281
vn -0.9919 -0.0004 -0.1270
vn -0.9980 0.0004 -0.0636
vn -0.9980 -0.0004 -0.0632
vn -0.8975 0.0012 -0.4410
vn -0.8965 0.0003 -0.4430
vn -0.8975 -0.0004 -0.4410
vn -0.9006 -0.0013 -0.4347
vn -0.9923 -0.0014 -0.1237
vn -0.9981 -0.0016 -0.0619
vn -0.9990 -0.0018 -0.0448
vn -0.9990 -0.0005 -0.0453
vn -0.9990 0.0004 -0.0455
vn -0.9990 0.0016 -0.0453
vn -0.9980 0.0014 -0.0632
vn -0.9919 0.0012 -0.1270
vn 0.0017 -0.9996 -0.0287
vn 0.0002 -0.9996 -0.0283
vn 0.0038 -0.9956 -0.0933
vn 0.0025 -0.9957 -0.0923
vn 0.0032 -0.9999 -0.0103
vn 0.0011 -0.9999 -0.0106
vn -0.0005 -0.9999 -0.0104
vn -0.0027 -0.9999 -0.0100
vn -0.0019 -0.9996 -0.0271
vn 0.0006 -0.9960 -0.0890
vn 0.0118 -0.9152 -0.4029
vn 0.0136 -0.9124 -0.4091
vn 0.0149 -0.9115 -0.4111
vn 0.0164 -0.9124 -0.4090
vn 0.0053 -0.9957 -0.0922
vn 0.0034 -0.9996 -0.0282
vn 0.0354 -0.0472 -0.9983
vn 0.0342 -0.0466 -0.9983
vn 0.0356 -0.0137 -0.9993
vn 0.0341 -0.0135 -0.9993
vn 0.0354 -0.2809 -0.9591
vn 0.0340 -0.2829 -0.9585
vn 0.0329 -0.2809 -0.9592
vn 0.0313 -0.2750 -0.9609
vn 0.0324 -0.0449 -0.9985
vn 0.0321 -0.0129 -0.9994
vn 0.0318 -0.0046 -0.9995
vn 0.0340 -0.0049 -0.9994
vn 0.0357 -0.0050 -0.9994
vn 0.0377 -0.0049 -0.9993
vn 0.0373 -0.0135 -0.9992
vn 0.0369 -0.0466 -0.9982
vn 0.0003 0.9996 -0.0287
vn 0.0018 0.9996 -0.0282
vn 0.0027 0.9956 -0.0934
vn 0.0039 0.9957 -0.0922
vn -0.0024 0.9999 -0.0105
vn -0.0004 0.9999 -0.0106
vn 0.0012 0.9999 -0.0104
vn 0.0034 0.9999 -0.0098
vn 0.0037 0.9996 -0.0269
vn 0.0056 0.9960 -0.0888
vn 0.0164 0.9152 -0.4027
vn 0.0149 0.9124 -0.4091
vn 0.0138 0.9115 -0.4112
vn 0.0122 0.9124 -0.4092
vn 0.0011 0.9957 -0.0923
vn -0.0015 0.9996 -0.0284
vn 0.0343 0.0472 -0.9983
vn 0.0355 0.0466 -0.9983
vn 0.0342 0.0137 -0.9993
vn 0.0357 0.0135 -0.9993
vn 0.0315 0.2809 -0.9592
vn 0.0329 0.2829 -0.9586
vn 0.0341 0.2809 -0.9591
vn 0.0358 0.2750 -0.9608
vn 0.0373 0.0449 -0.9983
vn 0.0377 0.0129 -0.9992
vn 0.0380 0.0046 -0.9993
vn 0.0358 0.0049 -0.9993
vn 0.0341 0.0050 -0.9994
vn 0.0321 0.0049 -0.9995
vn 0.0325 0.0135 -0.9994
vn 0.0328 0.0466 -0.9984
vn 1.0000 0.0004 0.0062
vn 1.0000 -0.0004 0.0066
vn 0.9983 0.0003 -0.0586
vn 0.9983 -0.0004 -0.0575
vn 0.9997 0.0016 0.0245
vn 0.9997 0.0004 0.0243
vn 0.9997 -0.0005 0.0245
vn 0.9997 -0.0018 0.0250
vn 1.0000 -0.0016 0.0079
vn 0.9985 -0.0014 -0.0542
vn 0.9287 -0.0013 -0.3709
vn 0.9261 -0.0004 -0.3772
vn 0.9253 0.0003 -0.3793
vn 0.9261 0.0012 -0.3772
vn 0.9983 0.0012 -0.0575
vn 1.0000 0.0014 0.0066
vn 0.1129 0.0003 -0.9936
vn 0.1120 -0.0004 -0.9937
vn 0.0584 0.0004 -0.9983
vn 0.0581 -0.0004 -0.9983
vn 0.4079 0.0012 -0.9130
vn 0.4099 0.0003 -0.9121
vn 0.4079 -0.0004 -0.9130
vn 0.4015 -0.0013 -0.9158
vn 0.1091 -0.0014 -0.9940
vn 0.0570 -0.0016 -0.9984
vn 0.0429 -0.0018 -0.9991
vn 0.0434 -0.0005 -0.9991
vn 0.0435 0.0004 -0.9991
vn 0.0434 0.0016 -0.9991
vn 0.0581 0.0014 -0.9983
vn 0.1120 0.0012 -0.9937
vn 0.0235 -0.9997 0.0017
vn 0.0232 -0.9997 -0.0001
vn 0.0781 -0.9969 0.0034
vn 0.0772 -0.9970 0.0019
vn 0.0084 -1.0000 0.0037
vn 0.0086 -1.0000 0.0013
vn 0.0085 -1.0000 -0.0008
vn 0.0082 -1.0000 -0.0035
vn 0.0222 -0.9997 -0.0027
vn 0.0744 -0.9972 -0.0004
vn 0.3692 -0.9293 0.0101
vn 0.3755 -0.9267 0.0123
vn 0.3776 -0.9259 0.0139
vn 0.3755 -0.9267 0.0156
vn 0.0771 -0.9970 0.0053
vn 0.0231 -0.9997 0.0038
vn 0.9983 -0.0472 0.0356
vn 0.9983 -0.0466 0.0340
vn 0.9993 -0.0137 0.0357
vn 0.9993 -0.0135 0.0339
vn 0.9591 -0.2809 0.0359
vn 0.9585 -0.2829 0.0341
vn 0.9592 -0.2809 0.0327
vn 0.9610 -0.2750 0.0308
vn 0.9985 -0.0449 0.0318
vn 0.9994 -0.0129 0.0315
vn 0.9995 -0.0046 0.0311
vn 0.9994 -0.0049 0.0338
vn 0.9993 -0.0050 0.0359
vn 0.9993 -0.0049 0.0383
vn 0.9992 -0.0135 0.0379
vn 0.9982 -0.0466 0.0374
vn 0.0236 0.9997 -0.0000
vn 0.0232 0.9997 0.0018
vn 0.0781 0.9969 0.0020
vn 0.0771 0.9970 0.0035
vn 0.0086 1.0000 -0.0031
vn 0.0087 1.0000 -0.0007
vn 0.0084 1.0000 0.0013
vn 0.0079 1.0000 0.0041
vn 0.0220 0.9997 0.0042
vn 0.0742 0.9972 0.0056
vn 0.3690 0.9293 0.0157
vn 0.3755 0.9267 0.0139
vn 0.3776 0.9259 0.0125
vn 0.3756 0.9267 0.0106
vn 0.0773 0.9970 0.0001
vn 0.0233 0.9997 -0.0022
vn 0.9983 0.0472 0.0342
vn 0.9983 0.0466 0.0357
vn 0.9993 0.0137 0.0341
vn 0.9993 0.0135 0.0359
vn 0.9592 0.2809 0.0311
vn 0.9586 0.2829 0.0328
vn 0.9591 0.2809 0.0343
vn 0.9608 0.2750 0.0363
vn 0.9983 0.0449 0.0379
vn 0.9992 0.0129 0.0383
vn 0.9992 0.0046 0.0387
vn 0.9993 0.0049 0.0360
vn 0.9994 0.0050 0.0339
vn 0.9995 0.0049 0.0315
vn 0.9994 0.0135 0.0319
vn 0.9984 0.0466 0.0323
vn -0.0113 0.0004 0.9999
vn -0.0117 -0.0004 0.9999
vn 0.0433 0.0003 0.9991
vn 0.0424 -0.0004 0.9991
vn -0.0264 0.0016 0.9996
vn -0.0263 0.0004 0.9997
vn -0.0264 -0.0005 0.9997
vn -0.0269 -0.0018 0.9996
vn -0.0128 -0.0016 0.9999
vn 0.0395 -0.0014 0.9992
vn 0.3367 -0.0013 0.9416
vn 0.3432 -0.0004 0.9393
vn 0.3453 0.0003 0.9385
vn 0.3432 0.0012 0.9393
vn 0.0424 0.0012 0.9991
vn -0.0117 0.0014 0.9999
vn 0.9918 0.0003 0.1281
vn 0.9919 -0.0004 0.1270
vn 0.9980 0.0004 0.0636
vn 0.9980 -0.0004 0.0632
vn 0.8975 0.0012 0.4409
vn 0.8966 0.0003 0.4429
vn 0.8975 -0.0004 0.4409
vn 0.9006 -0.0013 0.4347
vn 0.9923 -0.0014 0.1237
vn 0.9981 -0.0016 0.0619
vn 0.9990 -0.0018 0.0448
vn 0.9990 -0.0005 0.0453
vn 0.9990 0.0004 0.0455
vn 0.9990 0.0016 0.0453
vn 0.9980 0.0014 0.0631
vn 0.9919 0.0012 0.1270
vn -0.0017 -0.9996 0.0287
vn -0.0002 -0.9996 0.0283
vn -0.0038 -0.9956 0.0933
vn -0.0025 -0.9957 0.0923
vn -0.0032 -0.9999 0.0103
vn -0.0011 -0.9999 0.0106
vn 0.0005 -0.9999 0.0104
vn 0.0027 -0.9999 0.0100
vn 0.0019 -0.9996 0.0271
vn -0.0006 -0.9960 0.0890
vn -0.0118 -0.9152 0.4029
vn -0.0136 -0.9124 0.4091
vn -0.0149 -0.9115 0.4111
vn -0.0164 -0.9124 0.4090
vn -0.0053 -0.9957 0.0922
vn -0.0034 -0.9996 0.0282
vn -0.0354 -0.0472 0.9983
vn -0.0342 -0.0466 0.9983
vn -0.0356 -0.0137 0.9993
vn -0.0341 -0.0135 0.9993
vn -0.0354 -0.2809 0.9591
vn -0.0340 -0.2829 0.9585
vn -0.0329 -0.2809 0.9592
vn -0.0313 -0.2750 0.9609
vn -0.0324 -0.0449 0.9985
vn -0.0321 -0.0129 0.9994
vn -0.0318 -0.0046 0.9995
vn -0.0340 -0.0049 0.9994
vn -0.0357 -0.0050 0.9994
vn -0.0377 -0.0049 0.9993
vn -0.0373 -0.0135 0.9992
vn -0.0369 -0.0466 0.9982
vn -0.0003 0.9996 0.0287
vn -0.0018 0.9996 0.0282
vn -0.0027 0.9956 0.0934
vn -0.0039 0.9957 0.0922
vn 0.0024 0.9999 0.0105
vn 0.0004 0.9999 0.0106
vn -0.0012 0.9999 0.0104
vn -0.0034 0.9999 0.0098
vn -0.0037 0.9996 0.0269
vn -0.0056 0.9960 0.0888
vn -0.0164 0.9152 0.4027
vn -0.0149 0.9124 0.4091
vn -0.0138 0.9115 0.4112
vn -0.0122 0.9124 0.4092
vn -0.0011 0.9957 0.0923
vn 0.0015 0.9996 0.0284
vn -0.0343 0.0472 0.9983
vn -0.0355 0.0466 0.9983
vn -0.0342 0.0137 0.9993
vn -0.0357 0.0135 0.9993
vn -0.0315 0.2809 0.9592
vn -0.0329 0.2829 0.9586
vn -0.0341 0.2809 0.9591
vn -0.0358 0.2749 0.9608
vn -0.0373 0.0449 0.9983
vn -0.0377 0.0129 0.9992
vn -0.0380 0.0046 0.9993
vn -0.0358 0.0049 0.9993
vn -0.0341 0.0050 0.9994
vn -0.0321 0.0049 0.9995
vn -0.0325 0.0135 0.9994
vn -0.0328 0.0466 0.9984
vn -0.0009 -1.0000 -0.0012
vn 0.0010 -1.0000 -0.0011
vn -0.0009 -1.0000 0.0011
vn 0.0009 -1.0000 0.0011
vn -0.0029 -1.0000 -0.0041
vn -0.0007 -1.0000 -0.0041
vn 0.0010 -1.0000 -0.0040
vn 0.0034 -1.0000 -0.0037
vn 0.0034 -1.0000 -0.0009
vn 0.0033 -1.0000 0.0012
vn 0.0031 -1.0000 0.0039
vn 0.0008 -1.0000 0.0040
vn -0.0010 -1.0000 0.0041
vn -0.0032 -1.0000 0.0039
vn -0.0033 -1.0000 0.0010
vn -0.0032 -1.0000 -0.0012
vt 0.455210 0.830776
vt 0.500001 0.874999
vt 0.455211 0.875000
vt 0.544793 0.830772
vt 0.500001 0.830775
vt 0.455214 0.919223
vt 0.544792 0.919214
vt 0.500002 0.919221
vt 0.417993 0.793935
vt 0.417987 0.830775
vt 0.455213 0.793938
vt 0.544795 0.793930
vt 0.500002 0.793936
vt 0.582025 0.793918
vt 0.582021 0.830767
vt 0.544792 0.874996
vt 0.582018 0.919201
vt 0.582018 0.956007
vt 0.544792 0.956038
vt 0.500004 0.956054
vt 0.455221 0.956060
vt 0.418013 0.956061
vt 0.417996 0.919224
vt 0.417988 0.875000
vt 0.455207 0.581080
vt 0.500000 0.625000
vt 0.455208 0.625001
vt 0.544790 0.581077
vt 0.499999 0.581078
vt 0.455210 0.668923
vt 0.544793 0.668920
vt 0.500001 0.668922
vt 0.417975 0.544466
vt 0.417979 0.581085
vt 0.455205 0.544454
vt 0.544787 0.544447
vt 0.499998 0.544448
vt 0.582007 0.544448
vt 0.582013 0.581078
vt 0.544792 0.624999
vt 0.582021 0.668915
vt 0.582025 0.705534
vt 0.544795 0.705546
vt 0.500002 0.705552
vt 0.455213 0.705554
vt 0.417993 0.705552
vt 0.417987 0.668922
vt 0.417983 0.625002
vt 0.705774 0.581077
vt 0.749999 0.624999
vt 0.705776 0.624999
vt 0.794214 0.581076
vt 0.749997 0.581077
vt 0.705778 0.668919
vt 0.794223 0.668912
vt 0.750000 0.668919
vt 0.668929 0.544448
vt 0.668935 0.581078
vt 0.705771 0.544446
vt 0.794201 0.544445
vt 0.749992 0.544445
vt 0.831007 0.544445
vt 0.831038 0.581075
vt 0.794221 0.624997
vt 0.831060 0.668896
vt 0.831061 0.705490
vt 0.794224 0.705528
vt 0.750001 0.705545
vt 0.705780 0.705545
vt 0.668947 0.705534
vt 0.668942 0.668915
vt 0.668939 0.624998
vt 0.455208 0.081088
vt 0.500000 0.125000
vt 0.455210 0.125003
vt 0.544786 0.081076
vt 0.499998 0.081080
vt 0.455214 0.168924
vt 0.544792 0.168912
vt 0.500002 0.168920
vt 0.417982 0.044510
vt 0.417983 0.081104
vt 0.455208 0.044472
vt 0.544779 0.044445
vt 0.499996 0.044453
vt 0.581987 0.044444
vt 0.582004 0.081075
vt 0.544790 0.124997
vt 0.582017 0.168896
vt 0.582018 0.205490
vt 0.544792 0.205528
vt 0.500004 0.205547
vt 0.455221 0.205555
vt 0.418013 0.205556
vt 0.417995 0.168925
vt 0.417986 0.125008
vt 0.455208 0.330786
vt 0.499999 0.375001
vt 0.455208 0.375004
vt 0.544786 0.330777
vt 0.499998 0.330779
vt 0.455207 0.419228
vt 0.544790 0.419224
vt 0.499999 0.419225
vt 0.417982 0.293993
vt 0.417982 0.330799
vt 0.455208 0.293962
vt 0.544779 0.293940
vt 0.499996 0.293946
vt 0.581987 0.293939
vt 0.582004 0.330777
vt 0.544789 0.375000
vt 0.582013 0.419225
vt 0.582007 0.456065
vt 0.544787 0.456063
vt 0.499998 0.456064
vt 0.455205 0.456070
vt 0.417975 0.456082
vt 0.417979 0.419234
vt 0.417982 0.375009
vt 0.144926 0.729718
vt 0.131884 0.743171
vt 0.132395 0.731756
vt 0.142969 0.742463
vt 0.130364 0.748105
vt 0.127381 0.744893
vt 0.127139 0.737111
vt 0.127514 0.748320
vt 0.168993 0.705556
vt 0.145128 0.705961
vt 0.168628 0.729427
vt 0.165797 0.742361
vt 0.137644 0.748016
vt 0.157183 0.748004
vt 0.128889 0.750000
vt 0.128233 0.750000
vt 0.127577 0.750000
vt 0.126921 0.750000
vt 0.126441 0.748611
vt 0.125961 0.747222
vt 0.125480 0.745833
vt 0.126896 0.717303
vt 0.125000 0.744444
vt 0.132337 0.708796
vt 0.393806 0.980267
vt 0.380813 0.993624
vt 0.381429 0.982331
vt 0.391754 0.992906
vt 0.379156 0.998351
vt 0.376607 0.995368
vt 0.376507 0.987756
vt 0.376587 0.998569
vt 0.394054 0.956471
vt 0.417620 0.979972
vt 0.414701 0.992803
vt 0.386255 0.998261
vt 0.405877 0.998248
vt 0.377252 1.000000
vt 0.376872 1.000000
vt 0.376492 1.000000
vt 0.376112 1.000000
vt 0.375834 0.998864
vt 0.375556 0.997727
vt 0.375278 0.996591
vt 0.376372 0.967961
vt 0.375000 0.995455
vt 0.381441 0.959344
vt 0.393695 0.020517
vt 0.380519 0.007449
vt 0.391580 0.007905
vt 0.381255 0.018611
vt 0.376183 0.006001
vt 0.378733 0.002789
vt 0.386024 0.002472
vt 0.375960 0.003004
vt 0.417562 0.020694
vt 0.393997 0.044161
vt 0.381360 0.041375
vt 0.376275 0.013377
vt 0.376288 0.032873
vt 0.375000 0.004754
vt 0.375000 0.003952
vt 0.375000 0.003150
vt 0.375000 0.002348
vt 0.375658 0.001761
vt 0.376316 0.001174
vt 0.376974 0.000587
vt 0.405793 0.002173
vt 0.377632 0.000000
vt 0.414620 0.007810
vt 0.606305 0.980074
vt 0.619481 0.993116
vt 0.608420 0.992605
vt 0.618746 0.982031
vt 0.623817 0.994636
vt 0.621267 0.997619
vt 0.613976 0.997861
vt 0.624040 0.997486
vt 0.582438 0.979872
vt 0.606003 0.956372
vt 0.618640 0.959203
vt 0.623725 0.987356
vt 0.623712 0.967817
vt 0.625000 0.996111
vt 0.625000 0.996767
vt 0.625000 0.997423
vt 0.625000 0.998079
vt 0.624342 0.998559
vt 0.623684 0.999040
vt 0.623026 0.999520
vt 0.594207 0.998104
vt 0.622368 1.000000
vt 0.585380 0.992663
vt 0.855267 0.729483
vt 0.868624 0.742551
vt 0.857331 0.742095
vt 0.867906 0.731389
vt 0.873351 0.743999
vt 0.870368 0.747211
vt 0.862756 0.747528
vt 0.873569 0.746996
vt 0.831471 0.729306
vt 0.854972 0.705839
vt 0.867803 0.708625
vt 0.873261 0.736623
vt 0.873248 0.717127
vt 0.875000 0.745246
vt 0.875000 0.746048
vt 0.875000 0.746850
vt 0.875000 0.747652
vt 0.873864 0.748239
vt 0.872727 0.748826
vt 0.871591 0.749413
vt 0.842961 0.747827
vt 0.870455 0.750000
vt 0.834343 0.742190
vt 0.606194 0.020282
vt 0.619187 0.006829
vt 0.618572 0.018244
vt 0.608246 0.007538
vt 0.620844 0.001895
vt 0.623393 0.005107
vt 0.623493 0.012889
vt 0.623413 0.001680
vt 0.605946 0.044039
vt 0.582380 0.020573
vt 0.585299 0.007639
vt 0.613745 0.001984
vt 0.594123 0.001997
vt 0.622748 0.000000
vt 0.623128 0.000000
vt 0.623508 0.000000
vt 0.623888 0.000000
vt 0.624166 0.001389
vt 0.624444 0.002778
vt 0.624722 0.004167
vt 0.623628 0.032697
vt 0.625000 0.005556
vt 0.618559 0.041204
vt 0.144733 0.520517
vt 0.131376 0.507449
vt 0.142669 0.507905
vt 0.132094 0.518611
vt 0.126649 0.506001
vt 0.129632 0.502789
vt 0.137245 0.502473
vt 0.126431 0.503004
vt 0.168939 0.544510
vt 0.168529 0.520694
vt 0.145028 0.544161
vt 0.132197 0.541375
vt 0.126739 0.513377
vt 0.126752 0.532873
vt 0.125000 0.504754
vt 0.125000 0.503952
vt 0.125000 0.503150
vt 0.125000 0.502348
vt 0.126136 0.501761
vt 0.127273 0.501174
vt 0.128409 0.500587
vt 0.157039 0.502173
vt 0.129545 0.500000
vt 0.165657 0.507810
vt 0.393806 0.229718
vt 0.380813 0.243171
vt 0.381429 0.231756
vt 0.391754 0.242462
vt 0.379156 0.248105
vt 0.376607 0.244893
vt 0.376507 0.237111
vt 0.376587 0.248320
vt 0.394054 0.205961
vt 0.417620 0.229427
vt 0.414701 0.242358
vt 0.386255 0.248015
vt 0.405982 0.247993
vt 0.377252 0.250000
vt 0.376872 0.250000
vt 0.376492 0.250000
vt 0.376112 0.250000
vt 0.375834 0.248611
vt 0.375556 0.247222
vt 0.375278 0.245833
vt 0.376372 0.217303
vt 0.375000 0.244444
vt 0.381441 0.208796
vt 0.393695 0.269926
vt 0.380519 0.256884
vt 0.391580 0.257394
vt 0.381255 0.267969
vt 0.376183 0.255364
vt 0.378733 0.252381
vt 0.386024 0.252138
vt 0.375960 0.252514
vt 0.417562 0.270127
vt 0.393997 0.293628
vt 0.381360 0.290797
vt 0.376275 0.262644
vt 0.376288 0.282183
vt 0.375000 0.253889
vt 0.375000 0.253233
vt 0.375000 0.252577
vt 0.375000 0.251921
vt 0.375658 0.251441
vt 0.376316 0.250961
vt 0.376974 0.250480
vt 0.405898 0.251886
vt 0.377632 0.250000
vt 0.414620 0.257334
vt 0.855074 0.520282
vt 0.868116 0.506829
vt 0.867605 0.518244
vt 0.857031 0.507538
vt 0.869637 0.501895
vt 0.872619 0.505107
vt 0.872861 0.512889
vt 0.872486 0.501680
vt 0.854872 0.544039
vt 0.831372 0.520573
vt 0.834203 0.507639
vt 0.862356 0.501984
vt 0.842817 0.501997
vt 0.871111 0.500000
vt 0.871767 0.500000
vt 0.872423 0.500000
vt 0.873079 0.500000
vt 0.873559 0.501389
vt 0.874039 0.502778
vt 0.874520 0.504167
vt 0.873104 0.532697
vt 0.875000 0.505556
vt 0.867663 0.541204
vt 0.606194 0.269733
vt 0.619187 0.256376
vt 0.618571 0.267669
vt 0.608246 0.257094
vt 0.620844 0.251649
vt 0.623393 0.254632
vt 0.623493 0.262245
vt 0.623413 0.251431
vt 0.605946 0.293529
vt 0.582380 0.270028
vt 0.585299 0.257194
vt 0.613745 0.251738
vt 0.594018 0.251741
vt 0.622748 0.250000
vt 0.623128 0.250000
vt 0.623508 0.250000
vt 0.623888 0.250000
vt 0.624166 0.251136
vt 0.624444 0.252273
vt 0.624722 0.253409
vt 0.623628 0.282039
vt 0.625000 0.254545
vt 0.618559 0.290657
vt 0.606305 0.229483
vt 0.619481 0.242551
vt 0.608420 0.242095
vt 0.618746 0.231389
vt 0.623817 0.243999
vt 0.621267 0.247211
vt 0.613976 0.247527
vt 0.624040 0.246996
vt 0.582438 0.229305
vt 0.606003 0.205839
vt 0.618640 0.208625
vt 0.623725 0.236623
vt 0.623712 0.217127
vt 0.625000 0.245246
vt 0.625000 0.246048
vt 0.625000 0.246850
vt 0.625000 0.247652
vt 0.624342 0.248239
vt 0.623684 0.248826
vt 0.623026 0.249413
vt 0.594102 0.247816
vt 0.622368 0.250000
vt 0.585380 0.242186
vt 0.355299 0.729413
vt 0.368684 0.742325
vt 0.357384 0.742339
vt 0.367924 0.729405
vt 0.373361 0.742313
vt 0.370486 0.747951
vt 0.362830 0.747974
vt 0.373692 0.747928
vt 0.331071 0.705552
vt 0.331490 0.729420
vt 0.354986 0.705548
vt 0.367793 0.705544
vt 0.373202 0.729399
vt 0.373151 0.705541
vt 0.374765 0.729396
vt 0.374845 0.742305
vt 0.374996 0.747909
vt 0.375371 0.749858
vt 0.374142 0.749893
vt 0.372913 0.749929
vt 0.371684 0.749965
vt 0.342989 0.747993
vt 0.370455 0.750000
vt 0.334371 0.742351
vt 0.394029 0.729410
vt 0.381416 0.742309
vt 0.381377 0.729403
vt 0.394049 0.742319
vt 0.381462 0.747896
vt 0.376295 0.742304
vt 0.376229 0.729398
vt 0.376395 0.747896
vt 0.394011 0.705548
vt 0.418002 0.729417
vt 0.418012 0.742329
vt 0.394067 0.747906
vt 0.418020 0.747918
vt 0.394076 0.749803
vt 0.381491 0.749793
vt 0.376488 0.749798
vt 0.376192 0.705541
vt 0.374722 0.705540
vt 0.381349 0.705544
vt 0.394034 0.769717
vt 0.381453 0.756323
vt 0.394054 0.757052
vt 0.381417 0.767645
vt 0.376426 0.754569
vt 0.381484 0.751540
vt 0.394070 0.751641
vt 0.376481 0.751319
vt 0.418002 0.770018
vt 0.394016 0.793522
vt 0.381387 0.790646
vt 0.376365 0.762214
vt 0.376316 0.782028
vt 0.375093 0.753374
vt 0.375185 0.752202
vt 0.375278 0.751030
vt 0.418020 0.751667
vt 0.418024 0.749816
vt 0.418012 0.757165
vt 0.644765 0.729349
vt 0.631478 0.742163
vt 0.632175 0.729307
vt 0.642715 0.742240
vt 0.629752 0.747713
vt 0.626856 0.742096
vt 0.626925 0.729272
vt 0.626644 0.747592
vt 0.645048 0.705515
vt 0.668543 0.729387
vt 0.665676 0.742304
vt 0.637303 0.747842
vt 0.657059 0.747945
vt 0.628477 0.749804
vt 0.627408 0.749609
vt 0.626339 0.749413
vt 0.625270 0.749217
vt 0.625382 0.747531
vt 0.625393 0.742067
vt 0.625374 0.729257
vt 0.626914 0.705476
vt 0.625349 0.705469
vt 0.632258 0.705493
vt 0.606030 0.769653
vt 0.618709 0.756161
vt 0.618682 0.767545
vt 0.606045 0.756953
vt 0.618732 0.751324
vt 0.623812 0.754332
vt 0.623767 0.762081
vt 0.623855 0.750983
vt 0.606017 0.793489
vt 0.582032 0.769985
vt 0.582039 0.757113
vt 0.606057 0.751514
vt 0.582045 0.751601
vt 0.606063 0.749664
vt 0.618747 0.749555
vt 0.623891 0.749420
vt 0.625202 0.750549
vt 0.625135 0.751881
vt 0.625067 0.753213
vt 0.623732 0.781980
vt 0.625000 0.754545
vt 0.618660 0.790600
vt 0.606035 0.729347
vt 0.618739 0.742154
vt 0.606049 0.742221
vt 0.618721 0.729306
vt 0.623916 0.742093
vt 0.618749 0.747685
vt 0.606059 0.747779
vt 0.623916 0.747585
vt 0.582032 0.729383
vt 0.606023 0.705515
vt 0.618702 0.705493
vt 0.623897 0.729271
vt 0.623874 0.705476
vt 0.582045 0.747853
vt 0.582048 0.749745
vt 0.582039 0.742278
vt 0.355235 0.520651
vt 0.368522 0.507837
vt 0.367825 0.520693
vt 0.357285 0.507760
vt 0.370249 0.502287
vt 0.373144 0.507904
vt 0.373075 0.520728
vt 0.373356 0.502408
vt 0.331053 0.544466
vt 0.354952 0.544486
vt 0.331457 0.520613
vt 0.334324 0.507696
vt 0.362697 0.502159
vt 0.342941 0.502055
vt 0.371524 0.500196
vt 0.372593 0.500391
vt 0.373661 0.500587
vt 0.374730 0.500783
vt 0.374618 0.502470
vt 0.374607 0.507933
vt 0.374626 0.520743
vt 0.373086 0.544524
vt 0.374651 0.544532
vt 0.367742 0.544507
vt 0.393970 0.480347
vt 0.381291 0.493839
vt 0.381318 0.482455
vt 0.393955 0.493047
vt 0.381268 0.498676
vt 0.376188 0.495669
vt 0.376233 0.487919
vt 0.376145 0.499017
vt 0.393983 0.456511
vt 0.417968 0.480015
vt 0.417961 0.492887
vt 0.393943 0.498486
vt 0.417955 0.498399
vt 0.393938 0.500336
vt 0.381253 0.500445
vt 0.376109 0.500580
vt 0.374798 0.499451
vt 0.374865 0.498119
vt 0.374933 0.496787
vt 0.376268 0.468020
vt 0.375000 0.495455
vt 0.381340 0.459401
vt 0.393965 0.520653
vt 0.381261 0.507846
vt 0.393951 0.507779
vt 0.381279 0.520695
vt 0.376084 0.507907
vt 0.381251 0.502315
vt 0.393941 0.502221
vt 0.376084 0.502415
vt 0.417968 0.520617
vt 0.393978 0.544486
vt 0.381298 0.544507
vt 0.376103 0.520729
vt 0.376126 0.544524
vt 0.417955 0.502147
vt 0.417953 0.500255
vt 0.417961 0.507722
vt 0.644701 0.520587
vt 0.631316 0.507675
vt 0.642616 0.507661
vt 0.632076 0.520595
vt 0.626640 0.507687
vt 0.629514 0.502049
vt 0.637170 0.502026
vt 0.626309 0.502072
vt 0.668510 0.520580
vt 0.645014 0.544452
vt 0.632207 0.544456
vt 0.626798 0.520601
vt 0.626849 0.544459
vt 0.625235 0.520604
vt 0.625155 0.507695
vt 0.625004 0.502091
vt 0.624629 0.500142
vt 0.625858 0.500107
vt 0.627087 0.500071
vt 0.628316 0.500036
vt 0.657011 0.502007
vt 0.629545 0.500000
vt 0.665630 0.507649
vt 0.605971 0.520590
vt 0.618584 0.507691
vt 0.618623 0.520597
vt 0.605951 0.507681
vt 0.618538 0.502104
vt 0.623705 0.507696
vt 0.623771 0.520602
vt 0.623605 0.502104
vt 0.605989 0.544452
vt 0.581998 0.520583
vt 0.581988 0.507671
vt 0.605933 0.502094
vt 0.581980 0.502082
vt 0.605924 0.500197
vt 0.618509 0.500207
vt 0.623512 0.500202
vt 0.623808 0.544459
vt 0.625278 0.544460
vt 0.618651 0.544456
vt 0.605966 0.480283
vt 0.618547 0.493677
vt 0.605946 0.492948
vt 0.618583 0.482355
vt 0.623574 0.495431
vt 0.618516 0.498460
vt 0.605930 0.498359
vt 0.623519 0.498681
vt 0.581998 0.479982
vt 0.605984 0.456478
vt 0.618613 0.459354
vt 0.623635 0.487786
vt 0.623684 0.467972
vt 0.624907 0.496627
vt 0.624815 0.497799
vt 0.624722 0.498970
vt 0.581980 0.498334
vt 0.581976 0.500184
vt 0.581988 0.492836
vt 0.145040 0.625015
vt 0.132199 0.578911
vt 0.145030 0.580848
vt 0.132248 0.671154
vt 0.132211 0.625017
vt 0.126753 0.573756
vt 0.126790 0.676293
vt 0.126761 0.625011
vt 0.168940 0.581104
vt 0.168946 0.625008
vt 0.145069 0.669204
vt 0.168962 0.668925
vt 0.125000 0.684722
vt 0.125000 0.625000
vt 0.125000 0.565278
vt 0.125000 0.505556
vt 0.376311 0.176293
vt 0.381368 0.125017
vt 0.381389 0.171154
vt 0.376289 0.073756
vt 0.376294 0.125011
vt 0.394004 0.125015
vt 0.394020 0.169204
vt 0.381361 0.078911
vt 0.375000 0.184722
vt 0.375000 0.065278
vt 0.375000 0.125000
vt 0.375000 0.005556
vt 0.393998 0.080848
vt 0.500007 0.979960
vt 0.452926 0.992801
vt 0.454943 0.979970
vt 0.547105 0.992752
vt 0.500008 0.992789
vt 0.447586 0.998247
vt 0.552437 0.998210
vt 0.500005 0.998239
vt 0.545082 0.979931
vt 0.561184 1.000000
vt 0.500000 1.000000
vt 0.438816 1.000000
vt 0.377632 1.000000
vt 0.447563 0.002043
vt 0.499992 0.007656
vt 0.452896 0.007701
vt 0.552414 0.001998
vt 0.499995 0.002008
vt 0.499993 0.020588
vt 0.454919 0.020623
vt 0.547074 0.007641
vt 0.438816 0.000000
vt 0.561184 0.000000
vt 0.500000 0.000000
vt 0.622368 0.000000
vt 0.545057 0.020575
vt 0.854960 0.624985
vt 0.867801 0.671089
vt 0.854970 0.669152
vt 0.867752 0.578846
vt 0.867789 0.624983
vt 0.873247 0.676244
vt 0.873210 0.573707
vt 0.873239 0.624989
vt 0.831054 0.624992
vt 0.854931 0.580796
vt 0.875000 0.565278
vt 0.875000 0.625000
vt 0.875000 0.684722
vt 0.875000 0.744444
vt 0.623689 0.073707
vt 0.618632 0.124983
vt 0.618611 0.078846
vt 0.623711 0.176244
vt 0.623706 0.124989
vt 0.605996 0.124985
vt 0.605980 0.080796
vt 0.618639 0.171089
vt 0.625000 0.065278
vt 0.625000 0.184722
vt 0.625000 0.125000
vt 0.625000 0.244444
vt 0.606002 0.169152
vt 0.582014 0.124992
vt 0.499993 0.270039
vt 0.547074 0.257189
vt 0.545057 0.270029
vt 0.452896 0.257238
vt 0.499992 0.257197
vt 0.551993 0.251715
vt 0.447984 0.251754
vt 0.499995 0.251710
vt 0.454918 0.270068
vt 0.443656 0.249894
vt 0.500000 0.249859
vt 0.556345 0.249871
vt 0.552016 0.247918
vt 0.500008 0.242330
vt 0.547105 0.242289
vt 0.448007 0.247965
vt 0.500005 0.247941
vt 0.500007 0.229411
vt 0.545081 0.229376
vt 0.452926 0.242349
vt 0.454943 0.229424
vt 0.249998 0.520592
vt 0.296473 0.507662
vt 0.294500 0.520591
vt 0.203519 0.507702
vt 0.249998 0.507662
vt 0.301681 0.502014
vt 0.198313 0.502044
vt 0.249999 0.502012
vt 0.294220 0.544455
vt 0.249999 0.544455
vt 0.205494 0.520623
vt 0.205776 0.544472
vt 0.189773 0.500000
vt 0.250000 0.500000
vt 0.310227 0.500000
vt 0.370455 0.500000
vt 0.376283 0.426704
vt 0.381358 0.375020
vt 0.381352 0.421503
vt 0.376288 0.323352
vt 0.376287 0.375013
vt 0.393995 0.375017
vt 0.393991 0.419524
vt 0.381359 0.328571
vt 0.375000 0.435227
vt 0.375000 0.314773
vt 0.375000 0.375000
vt 0.375000 0.254545
vt 0.393997 0.330536
vt 0.749986 0.520574
vt 0.796429 0.507639
vt 0.794465 0.520573
vt 0.703508 0.507643
vt 0.749983 0.507640
vt 0.801648 0.501997
vt 0.698305 0.501999
vt 0.749989 0.501997
vt 0.705485 0.520576
vt 0.689773 0.500000
vt 0.750000 0.500000
vt 0.810227 0.500000
vt 0.870455 0.500000
vt 0.623689 0.323313
vt 0.618629 0.375001
vt 0.618610 0.328520
vt 0.623704 0.426690
vt 0.623705 0.375001
vt 0.605994 0.375001
vt 0.605979 0.330495
vt 0.618630 0.421484
vt 0.625000 0.314773
vt 0.625000 0.435227
vt 0.625000 0.375000
vt 0.625000 0.495455
vt 0.605994 0.419509
vt 0.582012 0.375001
vt 0.499996 0.520582
vt 0.544779 0.507666
vt 0.544783 0.520579
vt 0.455199 0.507686
vt 0.499994 0.507669
vt 0.544775 0.502075
vt 0.455196 0.502101
vt 0.499992 0.502079
vt 0.455202 0.520593
vt 0.455195 0.500205
vt 0.499991 0.500181
vt 0.544774 0.500176
vt 0.544775 0.498327
vt 0.499994 0.492833
vt 0.544779 0.492830
vt 0.455196 0.498353
vt 0.499992 0.498331
vt 0.499996 0.479980
vt 0.544783 0.479978
vt 0.455199 0.492851
vt 0.455202 0.479992
vt 0.354967 0.625004
vt 0.367775 0.668920
vt 0.354975 0.668921
vt 0.367755 0.581103
vt 0.367764 0.625006
vt 0.373129 0.668919
vt 0.373103 0.581110
vt 0.373115 0.625008
vt 0.331065 0.668922
vt 0.331061 0.625002
vt 0.354961 0.581094
vt 0.331058 0.581086
vt 0.374669 0.581113
vt 0.374682 0.625009
vt 0.374698 0.668918
vt 0.376169 0.668919
vt 0.381321 0.625006
vt 0.381332 0.668920
vt 0.376143 0.581110
vt 0.376155 0.625008
vt 0.393992 0.625004
vt 0.394000 0.668921
vt 0.381311 0.581103
vt 0.393986 0.581094
vt 0.645033 0.624996
vt 0.632225 0.581080
vt 0.645025 0.581079
vt 0.632245 0.668897
vt 0.632236 0.624994
vt 0.626871 0.581081
vt 0.626898 0.668890
vt 0.626885 0.624992
vt 0.645039 0.668906
vt 0.625331 0.668887
vt 0.625318 0.624991
vt 0.625302 0.581082
vt 0.623831 0.581081
vt 0.618679 0.624994
vt 0.618668 0.581080
vt 0.623857 0.668890
vt 0.623845 0.624992
vt 0.606008 0.624996
vt 0.606000 0.581079
vt 0.618689 0.668897
vt 0.606014 0.668906
vt 0.582017 0.624998
vt 0.500004 0.770020
vt 0.544801 0.757149
vt 0.544798 0.770009
vt 0.455221 0.757170
vt 0.500006 0.757167
vt 0.544804 0.751647
vt 0.455225 0.751674
vt 0.500008 0.751669
vt 0.455217 0.770022
vt 0.455226 0.749824
vt 0.500009 0.749819
vt 0.544805 0.749795
vt 0.544804 0.747899
vt 0.500006 0.742331
vt 0.544801 0.742314
vt 0.455225 0.747925
vt 0.500008 0.747921
vt 0.500004 0.729418
vt 0.544798 0.729407
vt 0.455221 0.742334
vt 0.455217 0.729421
vt 0.250014 0.729426
vt 0.203571 0.742361
vt 0.205536 0.729427
vt 0.296492 0.742357
vt 0.250017 0.742360
vt 0.198352 0.748003
vt 0.301695 0.748001
vt 0.250011 0.748003
vt 0.205799 0.705556
vt 0.250008 0.705555
vt 0.294515 0.729424
vt 0.294229 0.705554
vt 0.310227 0.750000
vt 0.250000 0.750000
vt 0.189773 0.750000
vt 0.129545 0.750000
vt 0.376311 0.926687
vt 0.381371 0.874999
vt 0.381390 0.921480
vt 0.376297 0.823310
vt 0.376296 0.874999
vt 0.394006 0.874999
vt 0.394021 0.919506
vt 0.381371 0.828516
vt 0.375000 0.935227
vt 0.375000 0.814773
vt 0.375000 0.875000
vt 0.375000 0.754545
vt 0.394006 0.830492
vt 0.750002 0.729408
vt 0.703527 0.742338
vt 0.705500 0.729409
vt 0.796481 0.742298
vt 0.750002 0.742338
vt 0.698319 0.747986
vt 0.801687 0.747956
vt 0.750001 0.747988
vt 0.794506 0.729377
vt 0.810227 0.750000
vt 0.750000 0.750000
vt 0.689773 0.750000
vt 0.629545 0.750000
vt 0.623717 0.823296
vt 0.618642 0.874980
vt 0.618648 0.828497
vt 0.623712 0.926648
vt 0.623713 0.874987
vt 0.606005 0.874983
vt 0.606009 0.830476
vt 0.618641 0.921429
vt 0.625000 0.814773
vt 0.625000 0.935227
vt 0.625000 0.875000
vt 0.625000 0.995455
vt 0.606003 0.919464
vt 0.582018 0.874991
vt 0.205777 0.581088
vt 0.250001 0.625001
vt 0.205779 0.625004
vt 0.294222 0.581081
vt 0.250000 0.581081
vt 0.205786 0.668924
vt 0.294226 0.668923
vt 0.250003 0.668924
vt 0.294224 0.625001
s 0
usemtl HM_NewsBody
f 381/1/1 385/2/1 384/3/1
f 383/4/2 385/2/2 382/5/2
f 385/2/3 387/6/3 384/3/3
f 385/2/4 389/7/4 388/8/4
f 31/9/5 381/1/5 369/10/5
f 356/11/6 382/5/6 381/1/6
f 354/12/7 382/5/7 355/13/7
f 37/14/8 383/4/8 354/12/8
f 380/15/9 386/16/9 383/4/9
f 386/16/10 378/17/10 389/7/10
f 389/7/11 8/18/11 284/19/11
f 388/8/12 284/19/12 283/20/12
f 388/8/13 282/21/13 387/6/13
f 387/6/14 2/22/14 371/23/14
f 384/3/15 371/23/15 370/24/15
f 369/10/16 384/3/16 370/24/16
f 390/25/17 394/26/17 393/27/17
f 392/28/18 394/26/18 391/29/18
f 394/26/19 396/30/19 393/27/19
f 394/26/20 398/31/20 397/32/20
f 45/33/21 390/25/21 342/34/21
f 329/35/22 391/29/22 390/25/22
f 327/36/23 391/29/23 328/37/23
f 51/38/24 392/28/24 327/36/24
f 353/39/25 395/40/25 392/28/25
f 395/40/26 351/41/26 398/31/26
f 398/31/27 38/42/27 362/43/27
f 397/32/28 362/43/28 361/44/28
f 397/32/29 360/45/29 396/30/29
f 396/30/30 30/46/30 344/47/30
f 393/27/31 344/47/31 343/48/31
f 342/34/32 393/27/32 343/48/32
f 399/49/33 403/50/33 402/51/33
f 401/52/34 403/50/34 400/53/34
f 403/50/35 405/54/35 402/51/35
f 403/50/36 407/55/36 406/56/36
f 50/57/37 399/49/37 345/58/37
f 320/59/38 400/53/38 399/49/38
f 318/60/39 400/53/39 319/61/39
f 22/62/40 401/52/40 318/60/40
f 293/63/41 404/64/41 401/52/41
f 404/64/42 291/65/42 407/55/42
f 407/55/43 9/66/43 374/67/43
f 406/56/44 374/67/44 373/68/44
f 406/56/45 372/69/45 405/54/45
f 405/54/46 36/70/46 347/71/46
f 402/51/47 347/71/47 346/72/47
f 345/58/48 402/51/48 346/72/48
f 408/73/49 412/74/49 411/75/49
f 410/76/50 412/74/50 409/77/50
f 412/74/51 414/78/51 411/75/51
f 412/74/52 416/79/52 415/80/52
f 3/81/53 408/73/53 279/82/53
f 290/83/54 409/77/54 408/73/54
f 288/84/55 409/77/55 289/85/55
f 10/86/56 410/76/56 288/84/56
f 299/87/57 413/88/57 410/76/57
f 413/88/58 297/89/58 416/79/58
f 416/79/59 24/90/59 308/91/59
f 415/80/60 308/91/60 307/92/60
f 415/80/61 306/93/61 414/78/61
f 414/78/62 16/94/62 281/95/62
f 411/75/63 281/95/63 280/96/63
f 279/82/64 411/75/64 280/96/64
f 417/97/65 421/98/65 420/99/65
f 419/100/66 421/98/66 418/101/66
f 421/98/67 423/102/67 420/99/67
f 421/98/68 425/103/68 424/104/68
f 17/105/69 417/97/69 315/106/69
f 302/107/70 418/101/70 417/97/70
f 300/108/71 418/101/71 301/109/71
f 23/110/72 419/100/72 300/108/72
f 326/111/73 422/112/73 419/100/73
f 422/112/74 324/113/74 425/103/74
f 425/103/75 52/114/75 335/115/75
f 424/104/76 335/115/76 334/116/76
f 424/104/77 333/117/77 423/102/77
f 423/102/78 44/118/78 317/119/78
f 420/99/79 317/119/79 316/120/79
f 315/106/80 420/99/80 316/120/80
f 426/121/81 430/122/81 429/123/81
f 427/124/82 431/125/82 430/122/82
f 429/123/83 433/126/83 432/127/83
f 430/122/84 434/128/84 433/126/84
f 1/129/85 426/121/85 59/130/85
f 60/131/86 427/124/86 426/121/86
f 61/132/87 428/133/87 427/124/87
f 62/134/88 63/135/88 428/133/88
f 428/133/89 64/136/89 431/125/89
f 431/125/90 65/137/90 434/128/90
f 434/128/91 5/138/91 66/139/91
f 433/126/92 66/139/92 67/140/92
f 432/127/93 67/140/93 68/141/93
f 57/142/94 68/141/94 7/143/94
f 58/144/95 432/127/95 57/142/95
f 59/130/96 429/123/96 58/144/96
f 435/145/97 439/146/97 438/147/97
f 436/148/98 440/149/98 439/146/98
f 438/147/99 442/150/99 441/151/99
f 439/146/100 443/152/100 442/150/100
f 2/22/101 435/145/101 71/153/101
f 72/154/102 436/148/102 435/145/102
f 73/155/103 437/156/103 436/148/103
f 74/157/104 75/158/104 437/156/104
f 437/156/105 76/159/105 440/149/105
f 440/149/106 77/160/106 443/152/106
f 443/152/107 5/161/107 65/162/107
f 442/150/108 65/162/108 64/163/108
f 441/151/109 64/163/109 63/164/109
f 69/165/110 63/164/110 4/166/110
f 70/167/111 441/151/111 69/165/111
f 71/153/112 438/147/112 70/167/112
f 444/168/113 448/169/113 447/170/113
f 445/171/114 449/172/114 448/169/114
f 447/170/115 451/173/115 450/174/115
f 448/169/116 452/175/116 451/173/116
f 3/81/117 444/168/117 80/176/117
f 81/177/118 445/171/118 444/168/118
f 82/178/119 446/179/119 445/171/119
f 83/180/120 68/181/120 446/179/120
f 446/179/121 67/182/121 449/172/121
f 449/172/122 66/183/122 452/175/122
f 452/175/123 5/184/123 77/185/123
f 451/173/124 77/185/124 76/186/124
f 450/174/125 76/186/125 75/187/125
f 78/188/126 75/187/126 6/189/126
f 79/190/127 450/174/127 78/188/127
f 80/176/128 447/170/128 79/190/128
f 453/191/129 457/192/129 456/193/129
f 454/194/130 458/195/130 457/192/130
f 456/193/131 460/196/131 459/197/131
f 457/192/132 461/198/132 460/196/132
f 8/18/133 453/191/133 86/199/133
f 87/200/134 454/194/134 453/191/134
f 88/201/135 455/202/135 454/194/135
f 89/203/136 90/204/136 455/202/136
f 455/202/137 91/205/137 458/195/137
f 458/195/138 92/206/138 461/198/138
f 461/198/139 12/207/139 93/208/139
f 460/196/140 93/208/140 94/209/140
f 459/197/141 94/209/141 95/210/141
f 84/211/142 95/210/142 14/212/142
f 85/213/143 459/197/143 84/211/143
f 86/199/144 456/193/144 85/213/144
f 462/214/145 466/215/145 465/216/145
f 463/217/146 467/218/146 466/215/146
f 465/216/147 469/219/147 468/220/147
f 466/215/148 470/221/148 469/219/148
f 9/66/149 462/214/149 98/222/149
f 99/223/150 463/217/150 462/214/150
f 100/224/151 464/225/151 463/217/151
f 101/226/152 102/227/152 464/225/152
f 464/225/153 103/228/153 467/218/153
f 467/218/154 104/229/154 470/221/154
f 470/221/155 12/230/155 92/231/155
f 469/219/156 92/231/156 91/232/156
f 468/220/157 91/232/157 90/233/157
f 96/234/158 90/233/158 11/235/158
f 97/236/159 468/220/159 96/234/159
f 98/222/160 465/216/160 97/236/160
f 471/237/161 475/238/161 474/239/161
f 472/240/162 476/241/162 475/238/162
f 474/239/163 478/242/163 477/243/163
f 475/238/164 479/244/164 478/242/164
f 10/86/165 471/237/165 107/245/165
f 108/246/166 472/240/166 471/237/166
f 109/247/167 473/248/167 472/240/167
f 110/249/168 95/250/168 473/248/168
f 473/248/169 94/251/169 476/241/169
f 476/241/170 93/252/170 479/244/170
f 479/244/171 12/253/171 104/254/171
f 478/242/172 104/254/172 103/255/172
f 477/243/173 103/255/173 102/256/173
f 105/257/174 102/256/174 13/258/174
f 106/259/175 477/243/175 105/257/175
f 107/245/176 474/239/176 106/259/176
f 480/260/177 484/261/177 483/262/177
f 481/263/178 485/264/178 484/261/178
f 483/262/179 487/265/179 486/266/179
f 484/261/180 488/267/180 487/265/180
f 15/268/181 480/260/181 113/269/181
f 114/270/182 481/263/182 480/260/182
f 115/271/183 482/272/183 481/263/183
f 116/273/184 117/274/184 482/272/184
f 482/272/185 118/275/185 485/264/185
f 485/264/186 119/276/186 488/267/186
f 488/267/187 19/277/187 120/278/187
f 487/265/188 120/278/188 121/279/188
f 486/266/189 121/279/189 122/280/189
f 111/281/190 122/280/190 21/282/190
f 112/283/191 486/266/191 111/281/191
f 113/269/192 483/262/192 112/283/192
f 489/284/193 493/285/193 492/286/193
f 490/287/194 494/288/194 493/285/194
f 492/286/195 496/289/195 495/290/195
f 493/285/196 497/291/196 496/289/196
f 16/94/197 489/284/197 125/292/197
f 126/293/198 490/287/198 489/284/198
f 127/294/199 491/295/199 490/287/199
f 128/296/200 129/297/200 491/295/200
f 491/295/201 130/298/201 494/288/201
f 494/288/202 131/299/202 497/291/202
f 497/291/203 19/300/203 119/301/203
f 496/289/204 119/301/204 118/302/204
f 495/290/205 118/302/205 117/303/205
f 123/304/206 117/303/206 18/305/206
f 124/306/207 495/290/207 123/304/207
f 125/292/208 492/286/208 124/306/208
f 498/307/209 502/308/209 501/309/209
f 499/310/210 503/311/210 502/308/210
f 501/309/211 505/312/211 504/313/211
f 502/308/212 506/314/212 505/312/212
f 17/105/213 498/307/213 134/315/213
f 135/316/214 499/310/214 498/307/214
f 136/317/215 500/318/215 499/310/215
f 137/319/216 122/320/216 500/318/216
f 500/318/217 121/321/217 503/311/217
f 503/311/218 120/322/218 506/314/218
f 506/314/219 19/323/219 131/324/219
f 505/312/220 131/324/220 130/325/220
f 504/313/221 130/325/221 129/326/221
f 132/327/222 129/326/222 20/328/222
f 133/329/223 504/313/223 132/327/223
f 134/315/224 501/309/224 133/329/224
f 507/330/225 511/331/225 510/332/225
f 508/333/226 512/334/226 511/331/226
f 510/332/227 514/335/227 513/336/227
f 511/331/228 515/337/228 514/335/228
f 22/62/229 507/330/229 140/338/229
f 141/339/230 508/333/230 507/330/230
f 142/340/231 509/341/231 508/333/231
f 143/342/232 144/343/232 509/341/232
f 509/341/233 145/344/233 512/334/233
f 512/334/234 146/345/234 515/337/234
f 515/337/235 26/346/235 147/347/235
f 514/335/236 147/347/236 148/348/236
f 513/336/237 148/348/237 149/349/237
f 138/350/238 149/349/238 28/351/238
f 139/352/239 513/336/239 138/350/239
f 140/338/240 510/332/240 139/352/240
f 516/353/241 520/354/241 519/355/241
f 517/356/242 521/357/242 520/354/242
f 519/355/243 523/358/243 522/359/243
f 520/354/244 524/360/244 523/358/244
f 23/110/245 516/353/245 152/361/245
f 153/362/246 517/356/246 516/353/246
f 154/363/247 518/364/247 517/356/247
f 155/365/248 156/366/248 518/364/248
f 518/364/249 157/367/249 521/357/249
f 521/357/250 158/368/250 524/360/250
f 524/360/251 26/369/251 146/370/251
f 523/358/252 146/370/252 145/371/252
f 522/359/253 145/371/253 144/372/253
f 150/373/254 144/372/254 25/374/254
f 151/375/255 522/359/255 150/373/255
f 152/361/256 519/355/256 151/375/256
f 525/376/257 529/377/257 528/378/257
f 526/379/258 530/380/258 529/377/258
f 528/378/259 532/381/259 531/382/259
f 529/377/260 533/383/260 532/381/260
f 24/90/261 525/376/261 161/384/261
f 162/385/262 526/379/262 525/376/262
f 163/386/263 527/387/263 526/379/263
f 164/388/264 149/389/264 527/387/264
f 527/387/265 148/390/265 530/380/265
f 530/380/266 147/391/266 533/383/266
f 533/383/267 26/392/267 158/393/267
f 532/381/268 158/393/268 157/394/268
f 531/382/269 157/394/269 156/395/269
f 159/396/270 156/395/270 27/397/270
f 160/398/271 531/382/271 159/396/271
f 161/384/272 528/378/272 160/398/272
f 534/399/273 538/400/273 537/401/273
f 535/402/274 539/403/274 538/400/274
f 537/401/275 541/404/275 540/405/275
f 538/400/276 542/406/276 541/404/276
f 29/407/277 534/399/277 167/408/277
f 168/409/278 535/402/278 534/399/278
f 169/410/279 536/411/279 535/402/279
f 170/412/280 171/413/280 536/411/280
f 536/411/281 172/414/281 539/403/281
f 539/403/282 173/415/282 542/406/282
f 542/406/283 33/416/283 174/417/283
f 541/404/284 174/417/284 175/418/284
f 540/405/285 175/418/285 176/419/285
f 165/420/286 176/419/286 35/421/286
f 166/422/287 540/405/287 165/420/287
f 167/408/288 537/401/288 166/422/288
f 543/423/289 547/424/289 546/425/289
f 544/426/290 548/427/290 547/424/290
f 546/425/291 550/428/291 549/429/291
f 547/424/292 551/430/292 550/428/292
f 30/46/293 543/423/293 179/431/293
f 180/432/294 544/426/294 543/423/294
f 181/433/295 545/434/295 544/426/295
f 182/435/296 183/436/296 545/434/296
f 545/434/297 184/437/297 548/427/297
f 548/427/298 185/438/298 551/430/298
f 551/430/299 33/416/299 173/415/299
f 550/428/300 173/415/300 172/414/300
f 549/429/301 172/414/301 171/413/301
f 177/439/302 171/413/302 32/440/302
f 178/441/303 549/429/303 177/439/303
f 179/431/304 546/425/304 178/441/304
f 552/442/305 556/443/305 555/444/305
f 553/445/306 557/446/306 556/443/306
f 555/444/307 559/447/307 558/448/307
f 556/443/308 560/449/308 559/447/308
f 31/9/309 552/442/309 188/450/309
f 189/451/310 553/445/310 552/442/310
f 190/452/311 554/453/311 553/445/311
f 191/454/312 176/455/312 554/453/312
f 554/453/313 175/456/313 557/446/313
f 557/446/314 174/457/314 560/449/314
f 560/449/315 33/416/315 185/438/315
f 559/447/316 185/438/316 184/437/316
f 558/448/317 184/437/317 183/436/317
f 186/458/318 183/436/318 34/459/318
f 187/460/319 558/448/319 186/458/319
f 188/450/320 555/444/320 187/460/320
f 561/461/321 565/462/321 564/463/321
f 562/464/322 566/465/322 565/462/322
f 564/463/323 568/466/323 567/467/323
f 565/462/324 569/468/324 568/466/324
f 36/70/325 561/461/325 194/469/325
f 195/470/326 562/464/326 561/461/326
f 196/471/327 563/472/327 562/464/327
f 197/473/328 198/474/328 563/472/328
f 563/472/329 199/475/329 566/465/329
f 566/465/330 200/476/330 569/468/330
f 569/468/331 40/477/331 201/478/331
f 568/466/332 201/478/332 202/479/332
f 567/467/333 202/479/333 203/480/333
f 192/481/334 203/480/334 42/482/334
f 193/483/335 567/467/335 192/481/335
f 194/469/336 564/463/336 193/483/336
f 570/484/337 574/485/337 573/486/337
f 571/487/338 575/488/338 574/485/338
f 573/486/339 577/489/339 576/490/339
f 574/485/340 578/491/340 577/489/340
f 37/14/341 570/484/341 206/492/341
f 207/493/342 571/487/342 570/484/342
f 208/494/343 572/495/343 571/487/343
f 209/496/344 210/497/344 572/495/344
f 572/495/345 211/498/345 575/488/345
f 575/488/346 212/499/346 578/491/346
f 578/491/347 40/477/347 200/500/347
f 577/489/348 200/500/348 199/501/348
f 576/490/349 199/501/349 198/502/349
f 204/503/350 198/502/350 39/504/350
f 205/505/351 576/490/351 204/503/351
f 206/492/352 573/486/352 205/505/352
f 579/506/353 583/507/353 582/508/353
f 580/509/354 584/510/354 583/507/354
f 582/508/355 586/511/355 585/512/355
f 583/507/356 587/513/356 586/511/356
f 38/42/357 579/506/357 215/514/357
f 216/515/358 580/509/358 579/506/358
f 217/516/359 581/517/359 580/509/359
f 218/518/360 203/480/360 581/517/360
f 581/517/361 202/479/361 584/510/361
f 584/510/362 201/478/362 587/513/362
f 587/513/363 40/477/363 212/499/363
f 586/511/364 212/499/364 211/498/364
f 585/512/365 211/498/365 210/497/365
f 213/519/366 210/497/366 41/520/366
f 214/521/367 585/512/367 213/519/367
f 215/514/368 582/508/368 214/521/368
f 588/522/369 592/523/369 591/524/369
f 589/525/370 593/526/370 592/523/370
f 591/524/371 595/527/371 594/528/371
f 592/523/372 596/529/372 595/527/372
f 43/530/373 588/522/373 221/531/373
f 222/532/374 589/525/374 588/522/374
f 223/533/375 590/534/375 589/525/375
f 224/535/376 225/536/376 590/534/376
f 590/534/377 226/537/377 593/526/377
f 593/526/378 227/538/378 596/529/378
f 596/529/379 47/539/379 228/540/379
f 595/527/380 228/540/380 229/541/380
f 594/528/381 229/541/381 230/542/381
f 219/543/382 230/542/382 49/544/382
f 220/545/383 594/528/383 219/543/383
f 221/531/384 591/524/384 220/545/384
f 597/546/385 601/547/385 600/548/385
f 598/549/386 602/550/386 601/547/386
f 600/548/387 604/551/387 603/552/387
f 601/547/388 605/553/388 604/551/388
f 44/118/389 597/546/389 233/554/389
f 234/555/390 598/549/390 597/546/390
f 235/556/391 599/557/391 598/549/391
f 236/558/392 237/559/392 599/557/392
f 599/557/393 238/560/393 602/550/393
f 602/550/394 239/561/394 605/553/394
f 605/553/395 47/539/395 227/562/395
f 604/551/396 227/562/396 226/563/396
f 603/552/397 226/563/397 225/564/397
f 231/565/398 225/564/398 46/566/398
f 232/567/399 603/552/399 231/565/399
f 233/554/400 600/548/400 232/567/400
f 606/568/401 610/569/401 609/570/401
f 607/571/402 611/572/402 610/569/402
f 609/570/403 613/573/403 612/574/403
f 610/569/404 614/575/404 613/573/404
f 45/33/405 606/568/405 242/576/405
f 243/577/406 607/571/406 606/568/406
f 244/578/407 608/579/407 607/571/407
f 245/580/408 230/542/408 608/579/408
f 608/579/409 229/541/409 611/572/409
f 611/572/410 228/540/410 614/575/410
f 614/575/411 47/539/411 239/561/411
f 613/573/412 239/561/412 238/560/412
f 612/574/413 238/560/413 237/559/413
f 240/581/414 237/559/414 48/582/414
f 241/583/415 612/574/415 240/581/415
f 242/576/416 609/570/416 241/583/416
f 615/584/417 619/585/417 618/586/417
f 616/587/418 620/588/418 619/585/418
f 618/586/419 622/589/419 621/590/419
f 619/585/420 623/591/420 622/589/420
f 50/57/421 615/584/421 248/592/421
f 249/593/422 616/587/422 615/584/422
f 250/594/423 617/595/423 616/587/423
f 251/596/424 252/597/424 617/595/424
f 617/595/425 253/598/425 620/588/425
f 620/588/426 254/599/426 623/591/426
f 623/591/427 54/600/427 255/601/427
f 622/589/428 255/601/428 256/602/428
f 621/590/429 256/602/429 257/603/429
f 246/604/430 257/603/430 56/605/430
f 247/606/431 621/590/431 246/604/431
f 248/592/432 618/586/432 247/606/432
f 624/607/433 628/608/433 627/609/433
f 625/610/434 629/611/434 628/608/434
f 627/609/435 631/612/435 630/613/435
f 628/608/436 632/614/436 631/612/436
f 51/38/437 624/607/437 260/615/437
f 261/616/438 625/610/438 624/607/438
f 262/617/439 626/618/439 625/610/439
f 263/619/440 264/620/440 626/618/440
f 626/618/441 265/621/441 629/611/441
f 629/611/442 266/622/442 632/614/442
f 632/614/443 54/600/443 254/599/443
f 631/612/444 254/599/444 253/598/444
f 630/613/445 253/598/445 252/597/445
f 258/623/446 252/597/446 53/624/446
f 259/625/447 630/613/447 258/623/447
f 260/615/448 627/609/448 259/625/448
f 633/626/449 637/627/449 636/628/449
f 634/629/450 638/630/450 637/627/450
f 636/628/451 640/631/451 639/632/451
f 637/627/452 641/633/452 640/631/452
f 52/114/453 633/626/453 269/634/453
f 270/635/454 634/629/454 633/626/454
f 271/636/455 635/637/455 634/629/455
f 272/638/456 257/639/456 635/637/456
f 635/637/457 256/640/457 638/630/457
f 638/630/458 255/641/458 641/633/458
f 641/633/459 54/600/459 266/622/459
f 640/631/460 266/622/460 265/621/460
f 639/632/461 265/621/461 264/620/461
f 267/642/462 264/620/462 55/643/462
f 268/644/463 639/632/463 267/642/463
f 269/634/464 636/628/464 268/644/464
f 643/645/465 645/646/465 642/647/465
f 643/645/466 647/648/466 646/649/466
f 646/649/467 648/650/467 645/646/467
f 646/649/468 650/651/468 649/652/468
f 273/653/469 114/270/469 15/268/469
f 274/654/470 642/647/470 273/653/470
f 274/654/471 644/655/471 643/645/471
f 275/656/472 59/130/472 644/655/472
f 644/655/473 58/144/473 647/648/473
f 647/648/474 57/142/474 650/651/474
f 650/651/475 7/143/475 276/657/475
f 649/652/476 276/657/476 277/658/476
f 649/652/477 278/659/477 648/650/477
f 648/650/478 18/660/478 116/273/478
f 645/646/479 116/273/479 115/271/479
f 642/647/480 115/271/480 114/270/480
f 651/661/481 655/662/481 654/663/481
f 653/664/482 655/662/482 652/665/482
f 654/663/483 658/666/483 657/667/483
f 656/668/484 658/666/484 655/662/484
f 18/305/485 651/661/485 123/304/485
f 278/669/486 652/665/486 651/661/486
f 276/670/487 652/665/487 277/671/487
f 7/672/488 653/664/488 276/670/488
f 83/180/489 656/668/489 653/664/489
f 82/178/490 659/673/490 656/668/490
f 81/177/491 279/82/491 659/673/491
f 659/673/492 280/96/492 658/666/492
f 657/667/493 280/96/493 281/95/493
f 125/292/494 281/95/494 16/94/494
f 124/306/495 657/667/495 125/292/495
f 123/304/496 654/663/496 124/306/496
f 661/674/497 663/675/497 660/676/497
f 661/674/498 665/677/498 664/678/498
f 664/678/499 666/679/499 663/675/499
f 664/678/500 668/680/500 667/681/500
f 282/21/501 72/154/501 2/22/501
f 283/20/502 660/676/502 282/21/502
f 283/20/503 662/682/503 661/674/503
f 284/19/504 86/199/504 662/682/504
f 662/682/505 85/213/505 665/677/505
f 665/677/506 84/211/506 668/680/506
f 668/680/507 14/212/507 285/683/507
f 667/681/508 285/683/508 286/684/508
f 667/681/509 287/685/509 666/679/509
f 666/679/510 6/686/510 74/157/510
f 663/675/511 74/157/511 73/155/511
f 660/676/512 73/155/512 72/154/512
f 669/687/513 673/688/513 672/689/513
f 671/690/514 673/688/514 670/691/514
f 672/689/515 676/692/515 675/693/515
f 674/694/516 676/692/516 673/688/516
f 6/189/517 669/687/517 78/188/517
f 287/695/518 670/691/518 669/687/518
f 285/696/519 670/691/519 286/697/519
f 14/698/520 671/690/520 285/696/520
f 110/249/521 674/694/521 671/690/521
f 109/247/522 677/699/522 674/694/522
f 108/246/523 288/84/523 677/699/523
f 677/699/524 289/85/524 676/692/524
f 675/693/525 289/85/525 290/83/525
f 80/176/526 290/83/526 3/81/526
f 79/190/527 675/693/527 80/176/527
f 78/188/528 672/689/528 79/190/528
f 679/700/529 681/701/529 678/702/529
f 679/700/530 683/703/530 682/704/530
f 682/704/531 684/705/531 681/701/531
f 682/704/532 686/706/532 685/707/532
f 291/65/533 99/223/533 9/66/533
f 292/708/534 678/702/534 291/65/534
f 292/708/535 680/709/535 679/700/535
f 293/63/536 140/338/536 680/709/536
f 680/709/537 139/352/537 683/703/537
f 683/703/538 138/350/538 686/706/538
f 686/706/539 28/351/539 294/710/539
f 685/707/540 294/710/540 295/711/540
f 685/707/541 296/712/541 684/705/541
f 684/705/542 13/713/542 101/226/542
f 681/701/543 101/226/543 100/224/543
f 678/702/544 100/224/544 99/223/544
f 687/714/545 691/715/545 690/716/545
f 689/717/546 691/715/546 688/718/546
f 690/716/547 694/719/547 693/720/547
f 692/721/548 694/719/548 691/715/548
f 13/258/549 687/714/549 105/257/549
f 296/722/550 688/718/550 687/714/550
f 294/723/551 688/718/551 295/724/551
f 28/725/552 689/717/552 294/723/552
f 164/388/553 692/721/553 689/717/553
f 163/386/554 695/726/554 692/721/554
f 162/385/555 297/89/555 695/726/555
f 695/726/556 298/727/556 694/719/556
f 693/720/557 298/727/557 299/87/557
f 107/245/558 299/87/558 10/86/558
f 106/259/559 693/720/559 107/245/559
f 105/257/560 690/716/560 106/259/560
f 697/728/561 699/729/561 696/730/561
f 697/728/562 701/731/562 700/732/562
f 700/732/563 702/733/563 699/729/563
f 700/732/564 704/734/564 703/735/564
f 300/108/565 153/362/565 23/110/565
f 301/109/566 696/730/566 300/108/566
f 301/109/567 698/736/567 697/728/567
f 302/107/568 134/315/568 698/736/568
f 698/736/569 133/329/569 701/731/569
f 701/731/570 132/327/570 704/734/570
f 704/734/571 20/328/571 303/737/571
f 703/735/572 303/737/572 304/738/572
f 703/735/573 305/739/573 702/733/573
f 702/733/574 27/397/574 155/365/574
f 699/729/575 155/365/575 154/363/575
f 696/730/576 154/363/576 153/362/576
f 705/740/577 709/741/577 708/742/577
f 707/743/578 709/741/578 706/744/578
f 708/742/579 712/745/579 711/746/579
f 710/747/580 712/745/580 709/741/580
f 27/397/581 705/740/581 159/396/581
f 305/739/582 706/744/582 705/740/582
f 303/737/583 706/744/583 304/738/583
f 20/328/584 707/743/584 303/737/584
f 128/296/585 710/747/585 707/743/585
f 127/294/586 713/748/586 710/747/586
f 126/293/587 306/93/587 713/748/587
f 713/748/588 307/92/588 712/745/588
f 711/746/589 307/92/589 308/91/589
f 161/384/590 308/91/590 24/90/590
f 160/398/591 711/746/591 161/384/591
f 159/396/592 708/742/592 160/398/592
f 715/749/593 717/750/593 714/751/593
f 715/749/594 719/752/594 718/753/594
f 718/753/595 720/754/595 717/750/595
f 718/753/596 722/755/596 721/756/596
f 309/757/597 222/532/597 43/530/597
f 310/758/598 714/751/598 309/757/598
f 310/758/599 716/759/599 715/749/599
f 311/760/600 113/269/600 716/759/600
f 716/759/601 112/283/601 719/752/601
f 719/752/602 111/281/602 722/755/602
f 722/755/603 21/282/603 312/761/603
f 721/756/604 312/761/604 313/762/604
f 721/756/605 314/763/605 720/754/605
f 720/754/606 46/764/606 224/535/606
f 717/750/607 224/535/607 223/533/607
f 714/751/608 223/533/608 222/532/608
f 723/765/609 727/766/609 726/767/609
f 725/768/610 727/766/610 724/769/610
f 726/767/611 730/770/611 729/771/611
f 728/772/612 730/770/612 727/766/612
f 46/566/613 723/765/613 231/565/613
f 314/773/614 724/769/614 723/765/614
f 312/774/615 724/769/615 313/775/615
f 21/776/616 725/768/616 312/774/616
f 137/319/617 728/772/617 725/768/617
f 136/317/618 731/777/618 728/772/618
f 135/316/619 315/106/619 731/777/619
f 731/777/620 316/120/620 730/770/620
f 729/771/621 316/120/621 317/119/621
f 233/554/622 317/119/622 44/118/622
f 232/567/623 729/771/623 233/554/623
f 231/565/624 726/767/624 232/567/624
f 733/778/625 735/779/625 732/780/625
f 733/778/626 737/781/626 736/782/626
f 736/782/627 738/783/627 735/779/627
f 736/782/628 740/784/628 739/785/628
f 318/60/629 141/339/629 22/62/629
f 319/61/630 732/780/630 318/60/630
f 319/61/631 734/786/631 733/778/631
f 320/59/632 248/592/632 734/786/632
f 734/786/633 247/606/633 737/781/633
f 737/781/634 246/604/634 740/784/634
f 740/784/635 56/605/635 321/787/635
f 739/785/636 321/787/636 322/788/636
f 739/785/637 323/789/637 738/783/637
f 738/783/638 25/790/638 143/342/638
f 735/779/639 143/342/639 142/340/639
f 732/780/640 142/340/640 141/339/640
f 741/791/641 745/792/641 744/793/641
f 743/794/642 745/792/642 742/795/642
f 744/793/643 748/796/643 747/797/643
f 746/798/644 748/796/644 745/792/644
f 25/374/645 741/791/645 150/373/645
f 323/799/646 742/795/646 741/791/646
f 321/800/647 742/795/647 322/801/647
f 56/802/648 743/794/648 321/800/648
f 272/638/649 746/798/649 743/794/649
f 271/636/650 749/803/650 746/798/650
f 270/635/651 324/113/651 749/803/651
f 749/803/652 325/804/652 748/796/652
f 747/797/653 325/804/653 326/111/653
f 152/361/654 326/111/654 23/110/654
f 151/375/655 747/797/655 152/361/655
f 150/373/656 744/793/656 151/375/656
f 751/805/657 753/806/657 750/807/657
f 751/805/658 755/808/658 754/809/658
f 754/809/659 756/810/659 753/806/659
f 754/809/660 758/811/660 757/812/660
f 327/36/661 261/616/661 51/38/661
f 328/37/662 750/807/662 327/36/662
f 328/37/663 752/813/663 751/805/663
f 329/35/664 242/576/664 752/813/664
f 752/813/665 241/583/665 755/808/665
f 755/808/666 240/581/666 758/811/666
f 758/811/667 48/582/667 330/814/667
f 757/812/668 330/814/668 331/815/668
f 757/812/669 332/816/669 756/810/669
f 756/810/670 55/643/670 263/619/670
f 753/806/671 263/619/671 262/617/671
f 750/807/672 262/617/672 261/616/672
f 759/817/673 763/818/673 762/819/673
f 761/820/674 763/818/674 760/821/674
f 762/819/675 766/822/675 765/823/675
f 764/824/676 766/822/676 763/818/676
f 55/643/677 759/817/677 267/642/677
f 332/816/678 760/821/678 759/817/678
f 330/814/679 760/821/679 331/815/679
f 48/582/680 761/820/680 330/814/680
f 236/558/681 764/824/681 761/820/681
f 235/556/682 767/825/682 764/824/682
f 234/555/683 333/117/683 767/825/683
f 767/825/684 334/116/684 766/822/684
f 765/823/685 334/116/685 335/115/685
f 269/634/686 335/115/686 52/114/686
f 268/644/687 765/823/687 269/634/687
f 267/642/688 762/819/688 268/644/688
f 769/826/689 771/827/689 768/828/689
f 769/826/690 773/829/690 772/830/690
f 772/830/691 774/831/691 771/827/691
f 772/830/692 776/832/692 775/833/692
f 336/834/693 168/409/693 29/407/693
f 337/835/694 768/828/694 336/834/694
f 337/835/695 770/836/695 769/826/695
f 338/837/696 221/531/696 770/836/696
f 770/836/697 220/545/697 773/829/697
f 773/829/698 219/543/698 776/832/698
f 776/832/699 49/544/699 339/838/699
f 775/833/700 339/838/700 340/839/700
f 775/833/701 341/840/701 774/831/701
f 774/831/702 32/440/702 170/412/702
f 771/827/703 170/412/703 169/410/703
f 768/828/704 169/410/704 168/409/704
f 777/841/705 781/842/705 780/843/705
f 779/844/706 781/842/706 778/845/706
f 780/843/707 784/846/707 783/847/707
f 782/848/708 784/846/708 781/842/708
f 32/440/709 777/841/709 177/439/709
f 341/840/710 778/845/710 777/841/710
f 339/838/711 778/845/711 340/839/711
f 49/544/712 779/844/712 339/838/712
f 245/580/713 782/848/713 779/844/713
f 244/578/714 785/849/714 782/848/714
f 243/577/715 342/34/715 785/849/715
f 785/849/716 343/48/716 784/846/716
f 783/847/717 343/48/717 344/47/717
f 179/431/718 344/47/718 30/46/718
f 178/441/719 783/847/719 179/431/719
f 177/439/720 780/843/720 178/441/720
f 787/850/721 789/851/721 786/852/721
f 787/850/722 791/853/722 790/854/722
f 790/854/723 792/855/723 789/851/723
f 790/854/724 794/856/724 793/857/724
f 345/58/725 249/593/725 50/57/725
f 346/72/726 786/852/726 345/58/726
f 346/72/727 788/858/727 787/850/727
f 347/71/728 194/469/728 788/858/728
f 788/858/729 193/483/729 791/853/729
f 791/853/730 192/481/730 794/856/730
f 794/856/731 42/482/731 348/859/731
f 793/857/732 348/859/732 349/860/732
f 793/857/733 350/861/733 792/855/733
f 792/855/734 53/624/734 251/596/734
f 789/851/735 251/596/735 250/594/735
f 786/852/736 250/594/736 249/593/736
f 795/862/737 799/863/737 798/864/737
f 797/865/738 799/863/738 796/866/738
f 798/864/739 802/867/739 801/868/739
f 800/869/740 802/867/740 799/863/740
f 53/624/741 795/862/741 258/623/741
f 350/861/742 796/866/742 795/862/742
f 348/859/743 796/866/743 349/860/743
f 42/482/744 797/865/744 348/859/744
f 218/518/745 800/869/745 797/865/745
f 217/516/746 803/870/746 800/869/746
f 216/515/747 351/41/747 803/870/747
f 803/870/748 352/871/748 802/867/748
f 801/868/749 352/871/749 353/39/749
f 260/615/750 353/39/750 51/38/750
f 259/625/751 801/868/751 260/615/751
f 258/623/752 798/864/752 259/625/752
f 805/872/753 807/873/753 804/874/753
f 805/872/754 809/875/754 808/876/754
f 808/876/755 810/877/755 807/873/755
f 808/876/756 812/878/756 811/879/756
f 354/12/757 207/493/757 37/14/757
f 355/13/758 804/874/758 354/12/758
f 355/13/759 806/880/759 805/872/759
f 356/11/760 188/450/760 806/880/760
f 806/880/761 187/460/761 809/875/761
f 809/875/762 186/458/762 812/878/762
f 812/878/763 34/459/763 357/881/763
f 811/879/764 357/881/764 358/882/764
f 811/879/765 359/883/765 810/877/765
f 810/877/766 41/520/766 209/496/766
f 807/873/767 209/496/767 208/494/767
f 804/874/768 208/494/768 207/493/768
f 813/884/769 817/885/769 816/886/769
f 815/887/770 817/885/770 814/888/770
f 816/886/771 820/889/771 819/890/771
f 818/891/772 820/889/772 817/885/772
f 41/520/773 813/884/773 213/519/773
f 359/883/774 814/888/774 813/884/774
f 357/881/775 814/888/775 358/882/775
f 34/459/776 815/887/776 357/881/776
f 182/435/777 818/891/777 815/887/777
f 181/433/778 821/892/778 818/891/778
f 180/432/779 360/45/779 821/892/779
f 821/892/780 361/44/780 820/889/780
f 819/890/781 361/44/781 362/43/781
f 215/514/782 362/43/782 38/42/782
f 214/521/783 819/890/783 215/514/783
f 213/519/784 816/886/784 214/521/784
f 823/893/785 825/894/785 822/895/785
f 823/893/786 827/896/786 826/897/786
f 826/897/787 828/898/787 825/894/787
f 826/897/788 830/899/788 829/900/788
f 363/901/789 60/131/789 1/129/789
f 364/902/790 822/895/790 363/901/790
f 364/902/791 824/903/791 823/893/791
f 365/904/792 167/408/792 824/903/792
f 824/903/793 166/422/793 827/896/793
f 827/896/794 165/420/794 830/899/794
f 830/899/795 35/421/795 366/905/795
f 829/900/796 366/905/796 367/906/796
f 829/900/797 368/907/797 828/898/797
f 828/898/798 4/908/798 62/134/798
f 825/894/799 62/134/799 61/132/799
f 822/895/800 61/132/800 60/131/800
f 831/909/801 835/910/801 834/911/801
f 833/912/802 835/910/802 832/913/802
f 834/911/803 838/914/803 837/915/803
f 836/916/804 838/914/804 835/910/804
f 4/166/805 831/909/805 69/165/805
f 368/917/806 832/913/806 831/909/806
f 366/918/807 832/913/807 367/919/807
f 35/920/808 833/912/808 366/918/808
f 191/454/809 836/916/809 833/912/809
f 190/452/810 839/921/810 836/916/810
f 189/451/811 369/10/811 839/921/811
f 839/921/812 370/24/812 838/914/812
f 837/915/813 370/24/813 371/23/813
f 71/153/814 371/23/814 2/22/814
f 70/167/815 837/915/815 71/153/815
f 69/165/816 834/911/816 70/167/816
f 841/922/817 843/923/817 840/924/817
f 841/922/818 845/925/818 844/926/818
f 844/926/819 846/927/819 843/923/819
f 844/926/820 848/928/820 847/929/820
f 372/69/821 195/470/821 36/70/821
f 373/68/822 840/924/822 372/69/822
f 373/68/823 842/930/823 841/922/823
f 374/67/824 98/222/824 842/930/824
f 842/930/825 97/236/825 845/925/825
f 845/925/826 96/234/826 848/928/826
f 848/928/827 11/235/827 375/931/827
f 847/929/828 375/931/828 376/932/828
f 847/929/829 377/933/829 846/927/829
f 846/927/830 39/934/830 197/473/830
f 843/923/831 197/473/831 196/471/831
f 840/924/832 196/471/832 195/470/832
f 849/935/833 853/936/833 852/937/833
f 851/938/834 853/936/834 850/939/834
f 852/937/835 856/940/835 855/941/835
f 854/942/836 856/940/836 853/936/836
f 39/504/837 849/935/837 204/503/837
f 377/943/838 850/939/838 849/935/838
f 375/944/839 850/939/839 376/945/839
f 11/946/840 851/938/840 375/944/840
f 89/203/841 854/942/841 851/938/841
f 88/201/842 857/947/842 854/942/842
f 87/200/843 378/17/843 857/947/843
f 857/947/844 379/948/844 856/940/844
f 855/941/845 379/948/845 380/15/845
f 206/492/846 380/15/846 37/14/846
f 205/505/847 855/941/847 206/492/847
f 204/503/848 852/937/848 205/505/848
f 858/949/849 862/950/849 861/951/849
f 860/952/850 862/950/850 859/953/850
f 862/950/851 864/954/851 861/951/851
f 862/950/852 866/955/852 865/956/852
f 15/268/853 858/949/853 273/653/853
f 311/760/854 859/953/854 858/949/854
f 309/757/855 859/953/855 310/758/855
f 43/530/856 860/952/856 309/757/856
f 338/837/857 863/957/857 860/952/857
f 863/957/858 336/834/858 866/955/858
f 866/955/859 29/407/859 365/904/859
f 865/956/860 365/904/860 364/902/860
f 865/956/861 363/901/861 864/954/861
f 864/954/862 1/129/862 275/656/862
f 861/951/863 275/656/863 274/654/863
f 273/653/864 861/951/864 274/654/864
f 381/1/1 382/5/1 385/2/1
f 383/4/2 386/16/2 385/2/2
f 385/2/3 388/8/3 387/6/3
f 385/2/4 386/16/4 389/7/4
f 31/9/865 356/11/865 381/1/865
f 356/11/6 355/13/6 382/5/6
f 354/12/7 383/4/7 382/5/7
f 37/14/866 380/15/866 383/4/866
f 380/15/9 379/948/9 386/16/9
f 386/16/10 379/948/10 378/17/10
f 389/7/867 378/17/867 8/18/867
f 388/8/12 389/7/12 284/19/12
f 388/8/13 283/20/13 282/21/13
f 387/6/868 282/21/868 2/22/868
f 384/3/15 387/6/15 371/23/15
f 369/10/16 381/1/16 384/3/16
f 390/25/17 391/29/17 394/26/17
f 392/28/18 395/40/18 394/26/18
f 394/26/19 397/32/19 396/30/19
f 394/26/20 395/40/20 398/31/20
f 45/33/869 329/35/869 390/25/869
f 329/35/870 328/37/870 391/29/870
f 327/36/871 392/28/871 391/29/871
f 51/38/872 353/39/872 392/28/872
f 353/39/25 352/871/25 395/40/25
f 395/40/873 352/871/873 351/41/873
f 398/31/874 351/41/874 38/42/874
f 397/32/875 398/31/875 362/43/875
f 397/32/876 361/44/876 360/45/876
f 396/30/877 360/45/877 30/46/877
f 393/27/878 396/30/878 344/47/878
f 342/34/32 390/25/32 393/27/32
f 399/49/879 400/53/879 403/50/879
f 401/52/880 404/64/880 403/50/880
f 403/50/881 406/56/881 405/54/881
f 403/50/882 404/64/882 407/55/882
f 50/57/883 320/59/883 399/49/883
f 320/59/884 319/61/884 400/53/884
f 318/60/885 401/52/885 400/53/885
f 22/62/886 293/63/886 401/52/886
f 293/63/887 292/708/887 404/64/887
f 404/64/888 292/708/888 291/65/888
f 407/55/889 291/65/889 9/66/889
f 406/56/890 407/55/890 374/67/890
f 406/56/891 373/68/891 372/69/891
f 405/54/892 372/69/892 36/70/892
f 402/51/893 405/54/893 347/71/893
f 345/58/894 399/49/894 402/51/894
f 408/73/49 409/77/49 412/74/49
f 410/76/50 413/88/50 412/74/50
f 412/74/51 415/80/51 414/78/51
f 412/74/52 413/88/52 416/79/52
f 3/81/895 290/83/895 408/73/895
f 290/83/896 289/85/896 409/77/896
f 288/84/897 410/76/897 409/77/897
f 10/86/898 299/87/898 410/76/898
f 299/87/57 298/727/57 413/88/57
f 413/88/899 298/727/899 297/89/899
f 416/79/900 297/89/900 24/90/900
f 415/80/901 416/79/901 308/91/901
f 415/80/902 307/92/902 306/93/902
f 414/78/903 306/93/903 16/94/903
f 411/75/904 414/78/904 281/95/904
f 279/82/64 408/73/64 411/75/64
f 417/97/65 418/101/65 421/98/65
f 419/100/66 422/112/66 421/98/66
f 421/98/67 424/104/67 423/102/67
f 421/98/68 422/112/68 425/103/68
f 17/105/905 302/107/905 417/97/905
f 302/107/70 301/109/70 418/101/70
f 300/108/71 419/100/71 418/101/71
f 23/110/906 326/111/906 419/100/906
f 326/111/73 325/804/73 422/112/73
f 422/112/74 325/804/74 324/113/74
f 425/103/907 324/113/907 52/114/907
f 424/104/76 425/103/76 335/115/76
f 424/104/77 334/116/77 333/117/77
f 423/102/908 333/117/908 44/118/908
f 420/99/79 423/102/79 317/119/79
f 315/106/80 417/97/80 420/99/80
f 426/121/909 427/124/909 430/122/909
f 427/124/910 428/133/910 431/125/910
f 429/123/911 430/122/911 433/126/911
f 430/122/912 431/125/912 434/128/912
f 1/129/913 60/131/913 426/121/913
f 60/131/914 61/132/914 427/124/914
f 61/132/915 62/134/915 428/133/915
f 62/134/916 4/908/916 63/135/916
f 428/133/917 63/135/917 64/136/917
f 431/125/918 64/136/918 65/137/918
f 434/128/919 65/137/919 5/138/919
f 433/126/920 434/128/920 66/139/920
f 432/127/921 433/126/921 67/140/921
f 57/142/922 432/127/922 68/141/922
f 58/144/923 429/123/923 432/127/923
f 59/130/924 426/121/924 429/123/924
f 435/145/925 436/148/925 439/146/925
f 436/148/926 437/156/926 440/149/926
f 438/147/927 439/146/927 442/150/927
f 439/146/928 440/149/928 443/152/928
f 2/22/929 72/154/929 435/145/929
f 72/154/930 73/155/930 436/148/930
f 73/155/931 74/157/931 437/156/931
f 74/157/932 6/686/932 75/158/932
f 437/156/933 75/158/933 76/159/933
f 440/149/934 76/159/934 77/160/934
f 443/152/935 77/160/935 5/161/935
f 442/150/936 443/152/936 65/162/936
f 441/151/937 442/150/937 64/163/937
f 69/165/938 441/151/938 63/164/938
f 70/167/939 438/147/939 441/151/939
f 71/153/940 435/145/940 438/147/940
f 444/168/941 445/171/941 448/169/941
f 445/171/942 446/179/942 449/172/942
f 447/170/943 448/169/943 451/173/943
f 448/169/944 449/172/944 452/175/944
f 3/81/945 81/177/945 444/168/945
f 81/177/946 82/178/946 445/171/946
f 82/178/947 83/180/947 446/179/947
f 83/180/948 7/672/948 68/181/948
f 446/179/949 68/181/949 67/182/949
f 449/172/950 67/182/950 66/183/950
f 452/175/951 66/183/951 5/184/951
f 451/173/952 452/175/952 77/185/952
f 450/174/953 451/173/953 76/186/953
f 78/188/954 450/174/954 75/187/954
f 79/190/955 447/170/955 450/174/955
f 80/176/956 444/168/956 447/170/956
f 453/191/957 454/194/957 457/192/957
f 454/194/958 455/202/958 458/195/958
f 456/193/959 457/192/959 460/196/959
f 457/192/960 458/195/960 461/198/960
f 8/18/961 87/200/961 453/191/961
f 87/200/962 88/201/962 454/194/962
f 88/201/963 89/203/963 455/202/963
f 89/203/964 11/946/964 90/204/964
f 455/202/965 90/204/965 91/205/965
f 458/195/966 91/205/966 92/206/966
f 461/198/967 92/206/967 12/207/967
f 460/196/968 461/198/968 93/208/968
f 459/197/969 460/196/969 94/209/969
f 84/211/970 459/197/970 95/210/970
f 85/213/971 456/193/971 459/197/971
f 86/199/972 453/191/972 456/193/972
f 462/214/973 463/217/973 466/215/973
f 463/217/974 464/225/974 467/218/974
f 465/216/975 466/215/975 469/219/975
f 466/215/976 467/218/976 470/221/976
f 9/66/977 99/223/977 462/214/977
f 99/223/978 100/224/978 463/217/978
f 100/224/979 101/226/979 464/225/979
f 101/226/980 13/713/980 102/227/980
f 464/225/981 102/227/981 103/228/981
f 467/218/982 103/228/982 104/229/982
f 470/221/983 104/229/983 12/230/983
f 469/219/984 470/221/984 92/231/984
f 468/220/985 469/219/985 91/232/985
f 96/234/986 468/220/986 90/233/986
f 97/236/987 465/216/987 468/220/987
f 98/222/988 462/214/988 465/216/988
f 471/237/989 472/240/989 475/238/989
f 472/240/990 473/248/990 476/241/990
f 474/239/991 475/238/991 478/242/991
f 475/238/992 476/241/992 479/244/992
f 10/86/993 108/246/993 471/237/993
f 108/246/994 109/247/994 472/240/994
f 109/247/995 110/249/995 473/248/995
f 110/249/996 14/698/996 95/250/996
f 473/248/997 95/250/997 94/251/997
f 476/241/998 94/251/998 93/252/998
f 479/244/999 93/252/999 12/253/999
f 478/242/1000 479/244/1000 104/254/1000
f 477/243/1001 478/242/1001 103/255/1001
f 105/257/1002 477/243/1002 102/256/1002
f 106/259/1003 474/239/1003 477/243/1003
f 107/245/1004 471/237/1004 474/239/1004
f 480/260/1005 481/263/1005 484/261/1005
f 481/263/1006 482/272/1006 485/264/1006
f 483/262/1007 484/261/1007 487/265/1007
f 484/261/1008 485/264/1008 488/267/1008
f 15/268/1009 114/270/1009 480/260/1009
f 114/270/1010 115/271/1010 481/263/1010
f 115/271/1011 116/273/1011 482/272/1011
f 116/273/1012 18/660/1012 117/274/1012
f 482/272/1013 117/274/1013 118/275/1013
f 485/264/1014 118/275/1014 119/276/1014
f 488/267/1015 119/276/1015 19/277/1015
f 487/265/1016 488/267/1016 120/278/1016
f 486/266/1017 487/265/1017 121/279/1017
f 111/281/1018 486/266/1018 122/280/1018
f 112/283/1019 483/262/1019 486/266/1019
f 113/269/1020 480/260/1020 483/262/1020
f 489/284/1021 490/287/1021 493/285/1021
f 490/287/1022 491/295/1022 494/288/1022
f 492/286/1023 493/285/1023 496/289/1023
f 493/285/1024 494/288/1024 497/291/1024
f 16/94/1025 126/293/1025 489/284/1025
f 126/293/1026 127/294/1026 490/287/1026
f 127/294/1027 128/296/1027 491/295/1027
f 128/296/1028 20/328/1028 129/297/1028
f 491/295/1029 129/297/1029 130/298/1029
f 494/288/1030 130/298/1030 131/299/1030
f 497/291/1031 131/299/1031 19/300/1031
f 496/289/1032 497/291/1032 119/301/1032
f 495/290/1033 496/289/1033 118/302/1033
f 123/304/1034 495/290/1034 117/303/1034
f 124/306/1035 492/286/1035 495/290/1035
f 125/292/1036 489/284/1036 492/286/1036
f 498/307/1037 499/310/1037 502/308/1037
f 499/310/1038 500/318/1038 503/311/1038
f 501/309/1039 502/308/1039 505/312/1039
f 502/308/1040 503/311/1040 506/314/1040
f 17/105/1041 135/316/1041 498/307/1041
f 135/316/1042 136/317/1042 499/310/1042
f 136/317/1043 137/319/1043 500/318/1043
f 137/319/1044 21/776/1044 122/320/1044
f 500/318/1045 122/320/1045 121/321/1045
f 503/311/1046 121/321/1046 120/322/1046
f 506/314/1047 120/322/1047 19/323/1047
f 505/312/1048 506/314/1048 131/324/1048
f 504/313/1049 505/312/1049 130/325/1049
f 132/327/1050 504/313/1050 129/326/1050
f 133/329/1051 501/309/1051 504/313/1051
f 134/315/1052 498/307/1052 501/309/1052
f 507/330/1053 508/333/1053 511/331/1053
f 508/333/1054 509/341/1054 512/334/1054
f 510/332/1055 511/331/1055 514/335/1055
f 511/331/1056 512/334/1056 515/337/1056
f 22/62/1057 141/339/1057 507/330/1057
f 141/339/1058 142/340/1058 508/333/1058
f 142/340/1059 143/342/1059 509/341/1059
f 143/342/1060 25/790/1060 144/343/1060
f 509/341/1061 144/343/1061 145/344/1061
f 512/334/1062 145/344/1062 146/345/1062
f 515/337/1063 146/345/1063 26/346/1063
f 514/335/1064 515/337/1064 147/347/1064
f 513/336/1065 514/335/1065 148/348/1065
f 138/350/1066 513/336/1066 149/349/1066
f 139/352/1067 510/332/1067 513/336/1067
f 140/338/1068 507/330/1068 510/332/1068
f 516/353/1069 517/356/1069 520/354/1069
f 517/356/1070 518/364/1070 521/357/1070
f 519/355/1071 520/354/1071 523/358/1071
f 520/354/1072 521/357/1072 524/360/1072
f 23/110/1073 153/362/1073 516/353/1073
f 153/362/1074 154/363/1074 517/356/1074
f 154/363/1075 155/365/1075 518/364/1075
f 155/365/1076 27/397/1076 156/366/1076
f 518/364/1077 156/366/1077 157/367/1077
f 521/357/1078 157/367/1078 158/368/1078
f 524/360/1079 158/368/1079 26/369/1079
f 523/358/1080 524/360/1080 146/370/1080
f 522/359/1081 523/358/1081 145/371/1081
f 150/373/1082 522/359/1082 144/372/1082
f 151/375/1083 519/355/1083 522/359/1083
f 152/361/1084 516/353/1084 519/355/1084
f 525/376/1085 526/379/1085 529/377/1085
f 526/379/1086 527/387/1086 530/380/1086
f 528/378/1087 529/377/1087 532/381/1087
f 529/377/1088 530/380/1088 533/383/1088
f 24/90/1089 162/385/1089 525/376/1089
f 162/385/1090 163/386/1090 526/379/1090
f 163/386/1091 164/388/1091 527/387/1091
f 164/388/1092 28/725/1092 149/389/1092
f 527/387/1093 149/389/1093 148/390/1093
f 530/380/1094 148/390/1094 147/391/1094
f 533/383/1095 147/391/1095 26/392/1095
f 532/381/1096 533/383/1096 158/393/1096
f 531/382/1097 532/381/1097 157/394/1097
f 159/396/1098 531/382/1098 156/395/1098
f 160/398/1099 528/378/1099 531/382/1099
f 161/384/1100 525/376/1100 528/378/1100
f 534/399/1101 535/402/1101 538/400/1101
f 535/402/1102 536/411/1102 539/403/1102
f 537/401/1103 538/400/1103 541/404/1103
f 538/400/1104 539/403/1104 542/406/1104
f 29/407/1105 168/409/1105 534/399/1105
f 168/409/1106 169/410/1106 535/402/1106
f 169/410/1107 170/412/1107 536/411/1107
f 170/412/1108 32/440/1108 171/413/1108
f 536/411/1109 171/413/1109 172/414/1109
f 539/403/1110 172/414/1110 173/415/1110
f 542/406/1111 173/415/1111 33/416/1111
f 541/404/1112 542/406/1112 174/417/1112
f 540/405/1113 541/404/1113 175/418/1113
f 165/420/1114 540/405/1114 176/419/1114
f 166/422/1115 537/401/1115 540/405/1115
f 167/408/1116 534/399/1116 537/401/1116
f 543/423/1117 544/426/1117 547/424/1117
f 544/426/1118 545/434/1118 548/427/1118
f 546/425/1119 547/424/1119 550/428/1119
f 547/424/1120 548/427/1120 551/430/1120
f 30/46/1121 180/432/1121 543/423/1121
f 180/432/1122 181/433/1122 544/426/1122
f 181/433/1123 182/435/1123 545/434/1123
f 182/435/1124 34/459/1124 183/436/1124
f 545/434/1125 183/436/1125 184/437/1125
f 548/427/1126 184/437/1126 185/438/1126
f 551/430/1127 185/438/1127 33/416/1127
f 550/428/1128 551/430/1128 173/415/1128
f 549/429/1129 550/428/1129 172/414/1129
f 177/439/1130 549/429/1130 171/413/1130
f 178/441/1131 546/425/1131 549/429/1131
f 179/431/1132 543/423/1132 546/425/1132
f 552/442/1133 553/445/1133 556/443/1133
f 553/445/1134 554/453/1134 557/446/1134
f 555/444/1135 556/443/1135 559/447/1135
f 556/443/1136 557/446/1136 560/449/1136
f 31/9/1137 189/451/1137 552/442/1137
f 189/451/1138 190/452/1138 553/445/1138
f 190/452/1139 191/454/1139 554/453/1139
f 191/454/1140 35/920/1140 176/455/1140
f 554/453/1141 176/455/1141 175/456/1141
f 557/446/1142 175/456/1142 174/457/1142
f 560/449/1143 174/457/1143 33/416/1143
f 559/447/1144 560/449/1144 185/438/1144
f 558/448/1145 559/447/1145 184/437/1145
f 186/458/1146 558/448/1146 183/436/1146
f 187/460/1147 555/444/1147 558/448/1147
f 188/450/1148 552/442/1148 555/444/1148
f 561/461/1149 562/464/1149 565/462/1149
f 562/464/1150 563/472/1150 566/465/1150
f 564/463/1151 565/462/1151 568/466/1151
f 565/462/1152 566/465/1152 569/468/1152
f 36/70/1153 195/470/1153 561/461/1153
f 195/470/1154 196/471/1154 562/464/1154
f 196/471/1155 197/473/1155 563/472/1155
f 197/473/1156 39/934/1156 198/474/1156
f 563/472/1157 198/474/1157 199/475/1157
f 566/465/1158 199/475/1158 200/476/1158
f 569/468/1159 200/476/1159 40/477/1159
f 568/466/1160 569/468/1160 201/478/1160
f 567/467/1161 568/466/1161 202/479/1161
f 192/481/1162 567/467/1162 203/480/1162
f 193/483/1163 564/463/1163 567/467/1163
f 194/469/1164 561/461/1164 564/463/1164
f 570/484/1165 571/487/1165 574/485/1165
f 571/487/1166 572/495/1166 575/488/1166
f 573/486/1167 574/485/1167 577/489/1167
f 574/485/1168 575/488/1168 578/491/1168
f 37/14/1169 207/493/1169 570/484/1169
f 207/493/1170 208/494/1170 571/487/1170
f 208/494/1171 209/496/1171 572/495/1171
f 209/496/1172 41/520/1172 210/497/1172
f 572/495/1173 210/497/1173 211/498/1173
f 575/488/1174 211/498/1174 212/499/1174
f 578/491/1175 212/499/1175 40/477/1175
f 577/489/1176 578/491/1176 200/500/1176
f 576/490/1177 577/489/1177 199/501/1177
f 204/503/1178 576/490/1178 198/502/1178
f 205/505/1179 573/486/1179 576/490/1179
f 206/492/1180 570/484/1180 573/486/1180
f 579/506/1181 580/509/1181 583/507/1181
f 580/509/1182 581/517/1182 584/510/1182
f 582/508/1183 583/507/1183 586/511/1183
f 583/507/1184 584/510/1184 587/513/1184
f 38/42/1185 216/515/1185 579/506/1185
f 216/515/1186 217/516/1186 580/509/1186
f 217/516/1187 218/518/1187 581/517/1187
f 218/518/1188 42/482/1188 203/480/1188
f 581/517/1189 203/480/1189 202/479/1189
f 584/510/1190 202/479/1190 201/478/1190
f 587/513/1191 201/478/1191 40/477/1191
f 586/511/1192 587/513/1192 212/499/1192
f 585/512/1193 586/511/1193 211/498/1193
f 213/519/1194 585/512/1194 210/497/1194
f 214/521/1195 582/508/1195 585/512/1195
f 215/514/1196 579/506/1196 582/508/1196
f 588/522/1197 589/525/1197 592/523/1197
f 589/525/1198 590/534/1198 593/526/1198
f 591/524/1199 592/523/1199 595/527/1199
f 592/523/1200 593/526/1200 596/529/1200
f 43/530/1201 222/532/1201 588/522/1201
f 222/532/1202 223/533/1202 589/525/1202
f 223/533/1203 224/535/1203 590/534/1203
f 224/535/1204 46/764/1204 225/536/1204
f 590/534/1205 225/536/1205 226/537/1205
f 593/526/1206 226/537/1206 227/538/1206
f 596/529/1207 227/538/1207 47/539/1207
f 595/527/1208 596/529/1208 228/540/1208
f 594/528/1209 595/527/1209 229/541/1209
f 219/543/1210 594/528/1210 230/542/1210
f 220/545/1211 591/524/1211 594/528/1211
f 221/531/1212 588/522/1212 591/524/1212
f 597/546/1213 598/549/1213 601/547/1213
f 598/549/1214 599/557/1214 602/550/1214
f 600/548/1215 601/547/1215 604/551/1215
f 601/547/1216 602/550/1216 605/553/1216
f 44/118/1217 234/555/1217 597/546/1217
f 234/555/1218 235/556/1218 598/549/1218
f 235/556/1219 236/558/1219 599/557/1219
f 236/558/1220 48/582/1220 237/559/1220
f 599/557/1221 237/559/1221 238/560/1221
f 602/550/1222 238/560/1222 239/561/1222
f 605/553/1223 239/561/1223 47/539/1223
f 604/551/1224 605/553/1224 227/562/1224
f 603/552/1225 604/551/1225 226/563/1225
f 231/565/1226 603/552/1226 225/564/1226
f 232/567/1227 600/548/1227 603/552/1227
f 233/554/1228 597/546/1228 600/548/1228
f 606/568/1229 607/571/1229 610/569/1229
f 607/571/1230 608/579/1230 611/572/1230
f 609/570/1231 610/569/1231 613/573/1231
f 610/569/1232 611/572/1232 614/575/1232
f 45/33/1233 243/577/1233 606/568/1233
f 243/577/1234 244/578/1234 607/571/1234
f 244/578/1235 245/580/1235 608/579/1235
f 245/580/1236 49/544/1236 230/542/1236
f 608/579/1237 230/542/1237 229/541/1237
f 611/572/1238 229/541/1238 228/540/1238
f 614/575/1239 228/540/1239 47/539/1239
f 613/573/1240 614/575/1240 239/561/1240
f 612/574/1241 613/573/1241 238/560/1241
f 240/581/1242 612/574/1242 237/559/1242
f 241/583/1243 609/570/1243 612/574/1243
f 242/576/1244 606/568/1244 609/570/1244
f 615/584/1245 616/587/1245 619/585/1245
f 616/587/1246 617/595/1246 620/588/1246
f 618/586/1247 619/585/1247 622/589/1247
f 619/585/1248 620/588/1248 623/591/1248
f 50/57/1249 249/593/1249 615/584/1249
f 249/593/1250 250/594/1250 616/587/1250
f 250/594/1251 251/596/1251 617/595/1251
f 251/596/1252 53/624/1252 252/597/1252
f 617/595/1253 252/597/1253 253/598/1253
f 620/588/1254 253/598/1254 254/599/1254
f 623/591/1255 254/599/1255 54/600/1255
f 622/589/1256 623/591/1256 255/601/1256
f 621/590/1257 622/589/1257 256/602/1257
f 246/604/1258 621/590/1258 257/603/1258
f 247/606/1259 618/586/1259 621/590/1259
f 248/592/1260 615/584/1260 618/586/1260
f 624/607/1261 625/610/1261 628/608/1261
f 625/610/1262 626/618/1262 629/611/1262
f 627/609/1263 628/608/1263 631/612/1263
f 628/608/1264 629/611/1264 632/614/1264
f 51/38/1265 261/616/1265 624/607/1265
f 261/616/1266 262/617/1266 625/610/1266
f 262/617/1267 263/619/1267 626/618/1267
f 263/619/1268 55/643/1268 264/620/1268
f 626/618/1269 264/620/1269 265/621/1269
f 629/611/1270 265/621/1270 266/622/1270
f 632/614/1271 266/622/1271 54/600/1271
f 631/612/1272 632/614/1272 254/599/1272
f 630/613/1273 631/612/1273 253/598/1273
f 258/623/1274 630/613/1274 252/597/1274
f 259/625/1275 627/609/1275 630/613/1275
f 260/615/1276 624/607/1276 627/609/1276
f 633/626/1277 634/629/1277 637/627/1277
f 634/629/1278 635/637/1278 638/630/1278
f 636/628/1279 637/627/1279 640/631/1279
f 637/627/1280 638/630/1280 641/633/1280
f 52/114/1281 270/635/1281 633/626/1281
f 270/635/1282 271/636/1282 634/629/1282
f 271/636/1283 272/638/1283 635/637/1283
f 272/638/1284 56/802/1284 257/639/1284
f 635/637/1285 257/639/1285 256/640/1285
f 638/630/1286 256/640/1286 255/641/1286
f 641/633/1287 255/641/1287 54/600/1287
f 640/631/1288 641/633/1288 266/622/1288
f 639/632/1289 640/631/1289 265/621/1289
f 267/642/1290 639/632/1290 264/620/1290
f 268/644/1291 636/628/1291 639/632/1291
f 269/634/1292 633/626/1292 636/628/1292
f 643/645/1293 646/649/1293 645/646/1293
f 643/645/1294 644/655/1294 647/648/1294
f 646/649/1295 649/652/1295 648/650/1295
f 646/649/1296 647/648/1296 650/651/1296
f 273/653/1297 642/647/1297 114/270/1297
f 274/654/1298 643/645/1298 642/647/1298
f 274/654/1299 275/656/1299 644/655/1299
f 275/656/1300 1/129/1300 59/130/1300
f 644/655/1301 59/130/1301 58/144/1301
f 647/648/1302 58/144/1302 57/142/1302
f 650/651/1303 57/142/1303 7/143/1303
f 649/652/1304 650/651/1304 276/657/1304
f 649/652/1305 277/658/1305 278/659/1305
f 648/650/1306 278/659/1306 18/660/1306
f 645/646/1307 648/650/1307 116/273/1307
f 642/647/1308 645/646/1308 115/271/1308
f 651/661/1309 652/665/1309 655/662/1309
f 653/664/1310 656/668/1310 655/662/1310
f 654/663/1311 655/662/1311 658/666/1311
f 656/668/1312 659/673/1312 658/666/1312
f 18/305/1313 278/669/1313 651/661/1313
f 278/669/1314 277/671/1314 652/665/1314
f 276/670/1315 653/664/1315 652/665/1315
f 7/672/1316 83/180/1316 653/664/1316
f 83/180/1317 82/178/1317 656/668/1317
f 82/178/1318 81/177/1318 659/673/1318
f 81/177/1319 3/81/1319 279/82/1319
f 659/673/1320 279/82/1320 280/96/1320
f 657/667/1321 658/666/1321 280/96/1321
f 125/292/1322 657/667/1322 281/95/1322
f 124/306/1323 654/663/1323 657/667/1323
f 123/304/1324 651/661/1324 654/663/1324
f 661/674/1325 664/678/1325 663/675/1325
f 661/674/1326 662/682/1326 665/677/1326
f 664/678/1327 667/681/1327 666/679/1327
f 664/678/1328 665/677/1328 668/680/1328
f 282/21/1329 660/676/1329 72/154/1329
f 283/20/1330 661/674/1330 660/676/1330
f 283/20/1331 284/19/1331 662/682/1331
f 284/19/1332 8/18/1332 86/199/1332
f 662/682/1333 86/199/1333 85/213/1333
f 665/677/1334 85/213/1334 84/211/1334
f 668/680/1335 84/211/1335 14/212/1335
f 667/681/1336 668/680/1336 285/683/1336
f 667/681/1337 286/684/1337 287/685/1337
f 666/679/1338 287/685/1338 6/686/1338
f 663/675/1339 666/679/1339 74/157/1339
f 660/676/1340 663/675/1340 73/155/1340
f 669/687/1341 670/691/1341 673/688/1341
f 671/690/1342 674/694/1342 673/688/1342
f 672/689/1343 673/688/1343 676/692/1343
f 674/694/1344 677/699/1344 676/692/1344
f 6/189/1345 287/695/1345 669/687/1345
f 287/695/1346 286/697/1346 670/691/1346
f 285/696/1347 671/690/1347 670/691/1347
f 14/698/1348 110/249/1348 671/690/1348
f 110/249/1349 109/247/1349 674/694/1349
f 109/247/1350 108/246/1350 677/699/1350
f 108/246/1351 10/86/1351 288/84/1351
f 677/699/1352 288/84/1352 289/85/1352
f 675/693/1353 676/692/1353 289/85/1353
f 80/176/1354 675/693/1354 290/83/1354
f 79/190/1355 672/689/1355 675/693/1355
f 78/188/1356 669/687/1356 672/689/1356
f 679/700/1357 682/704/1357 681/701/1357
f 679/700/1358 680/709/1358 683/703/1358
f 682/704/1359 685/707/1359 684/705/1359
f 682/704/1360 683/703/1360 686/706/1360
f 291/65/1361 678/702/1361 99/223/1361
f 292/708/1362 679/700/1362 678/702/1362
f 292/708/1363 293/63/1363 680/709/1363
f 293/63/1364 22/62/1364 140/338/1364
f 680/709/1365 140/338/1365 139/352/1365
f 683/703/1366 139/352/1366 138/350/1366
f 686/706/1367 138/350/1367 28/351/1367
f 685/707/1368 686/706/1368 294/710/1368
f 685/707/1369 295/711/1369 296/712/1369
f 684/705/1370 296/712/1370 13/713/1370
f 681/701/1371 684/705/1371 101/226/1371
f 678/702/1372 681/701/1372 100/224/1372
f 687/714/1373 688/718/1373 691/715/1373
f 689/717/1374 692/721/1374 691/715/1374
f 690/716/1375 691/715/1375 694/719/1375
f 692/721/1376 695/726/1376 694/719/1376
f 13/258/1377 296/722/1377 687/714/1377
f 296/722/1378 295/724/1378 688/718/1378
f 294/723/1379 689/717/1379 688/718/1379
f 28/725/1380 164/388/1380 689/717/1380
f 164/388/1381 163/386/1381 692/721/1381
f 163/386/1382 162/385/1382 695/726/1382
f 162/385/1383 24/90/1383 297/89/1383
f 695/726/1384 297/89/1384 298/727/1384
f 693/720/1385 694/719/1385 298/727/1385
f 107/245/1386 693/720/1386 299/87/1386
f 106/259/1387 690/716/1387 693/720/1387
f 105/257/1388 687/714/1388 690/716/1388
f 697/728/1389 700/732/1389 699/729/1389
f 697/728/1390 698/736/1390 701/731/1390
f 700/732/1391 703/735/1391 702/733/1391
f 700/732/1392 701/731/1392 704/734/1392
f 300/108/1393 696/730/1393 153/362/1393
f 301/109/1394 697/728/1394 696/730/1394
f 301/109/1395 302/107/1395 698/736/1395
f 302/107/1396 17/105/1396 134/315/1396
f 698/736/1397 134/315/1397 133/329/1397
f 701/731/1398 133/329/1398 132/327/1398
f 704/734/1399 132/327/1399 20/328/1399
f 703/735/1400 704/734/1400 303/737/1400
f 703/735/1401 304/738/1401 305/739/1401
f 702/733/1402 305/739/1402 27/397/1402
f 699/729/1403 702/733/1403 155/365/1403
f 696/730/1404 699/729/1404 154/363/1404
f 705/740/1405 706/744/1405 709/741/1405
f 707/743/1406 710/747/1406 709/741/1406
f 708/742/1407 709/741/1407 712/745/1407
f 710/747/1408 713/748/1408 712/745/1408
f 27/397/1409 305/739/1409 705/740/1409
f 305/739/1410 304/738/1410 706/744/1410
f 303/737/1411 707/743/1411 706/744/1411
f 20/328/1412 128/296/1412 707/743/1412
f 128/296/1413 127/294/1413 710/747/1413
f 127/294/1414 126/293/1414 713/748/1414
f 126/293/1415 16/94/1415 306/93/1415
f 713/748/1416 306/93/1416 307/92/1416
f 711/746/1417 712/745/1417 307/92/1417
f 161/384/1418 711/746/1418 308/91/1418
f 160/398/1419 708/742/1419 711/746/1419
f 159/396/1420 705/740/1420 708/742/1420
f 715/749/1421 718/753/1421 717/750/1421
f 715/749/1422 716/759/1422 719/752/1422
f 718/753/1423 721/756/1423 720/754/1423
f 718/753/1424 719/752/1424 722/755/1424
f 309/757/1425 714/751/1425 222/532/1425
f 310/758/1426 715/749/1426 714/751/1426
f 310/758/1427 311/760/1427 716/759/1427
f 311/760/1428 15/268/1428 113/269/1428
f 716/759/1429 113/269/1429 112/283/1429
f 719/752/1430 112/283/1430 111/281/1430
f 722/755/1431 111/281/1431 21/282/1431
f 721/756/1432 722/755/1432 312/761/1432
f 721/756/1433 313/762/1433 314/763/1433
f 720/754/1434 314/763/1434 46/764/1434
f 717/750/1435 720/754/1435 224/535/1435
f 714/751/1436 717/750/1436 223/533/1436
f 723/765/1437 724/769/1437 727/766/1437
f 725/768/1438 728/772/1438 727/766/1438
f 726/767/1439 727/766/1439 730/770/1439
f 728/772/1440 731/777/1440 730/770/1440
f 46/566/1441 314/773/1441 723/765/1441
f 314/773/1442 313/775/1442 724/769/1442
f 312/774/1443 725/768/1443 724/769/1443
f 21/776/1444 137/319/1444 725/768/1444
f 137/319/1445 136/317/1445 728/772/1445
f 136/317/1446 135/316/1446 731/777/1446
f 135/316/1447 17/105/1447 315/106/1447
f 731/777/1448 315/106/1448 316/120/1448
f 729/771/1449 730/770/1449 316/120/1449
f 233/554/1450 729/771/1450 317/119/1450
f 232/567/1451 726/767/1451 729/771/1451
f 231/565/1452 723/765/1452 726/767/1452
f 733/778/1453 736/782/1453 735/779/1453
f 733/778/1454 734/786/1454 737/781/1454
f 736/782/1455 739/785/1455 738/783/1455
f 736/782/1456 737/781/1456 740/784/1456
f 318/60/1457 732/780/1457 141/339/1457
f 319/61/1458 733/778/1458 732/780/1458
f 319/61/1459 320/59/1459 734/786/1459
f 320/59/1460 50/57/1460 248/592/1460
f 734/786/1461 248/592/1461 247/606/1461
f 737/781/1462 247/606/1462 246/604/1462
f 740/784/1463 246/604/1463 56/605/1463
f 739/785/1464 740/784/1464 321/787/1464
f 739/785/1465 322/788/1465 323/789/1465
f 738/783/1466 323/789/1466 25/790/1466
f 735/779/1467 738/783/1467 143/342/1467
f 732/780/1468 735/779/1468 142/340/1468
f 741/791/1469 742/795/1469 745/792/1469
f 743/794/1470 746/798/1470 745/792/1470
f 744/793/1471 745/792/1471 748/796/1471
f 746/798/1472 749/803/1472 748/796/1472
f 25/374/1473 323/799/1473 741/791/1473
f 323/799/1474 322/801/1474 742/795/1474
f 321/800/1475 743/794/1475 742/795/1475
f 56/802/1476 272/638/1476 743/794/1476
f 272/638/1477 271/636/1477 746/798/1477
f 271/636/1478 270/635/1478 749/803/1478
f 270/635/1479 52/114/1479 324/113/1479
f 749/803/1480 324/113/1480 325/804/1480
f 747/797/1481 748/796/1481 325/804/1481
f 152/361/1482 747/797/1482 326/111/1482
f 151/375/1483 744/793/1483 747/797/1483
f 150/373/1484 741/791/1484 744/793/1484
f 751/805/1485 754/809/1485 753/806/1485
f 751/805/1486 752/813/1486 755/808/1486
f 754/809/1487 757/812/1487 756/810/1487
f 754/809/1488 755/808/1488 758/811/1488
f 327/36/1489 750/807/1489 261/616/1489
f 328/37/1490 751/805/1490 750/807/1490
f 328/37/1491 329/35/1491 752/813/1491
f 329/35/1492 45/33/1492 242/576/1492
f 752/813/1493 242/576/1493 241/583/1493
f 755/808/1494 241/583/1494 240/581/1494
f 758/811/1495 240/581/1495 48/582/1495
f 757/812/1496 758/811/1496 330/814/1496
f 757/812/1497 331/815/1497 332/816/1497
f 756/810/1498 332/816/1498 55/643/1498
f 753/806/1499 756/810/1499 263/619/1499
f 750/807/1500 753/806/1500 262/617/1500
f 759/817/1501 760/821/1501 763/818/1501
f 761/820/1502 764/824/1502 763/818/1502
f 762/819/1503 763/818/1503 766/822/1503
f 764/824/1504 767/825/1504 766/822/1504
f 55/643/1505 332/816/1505 759/817/1505
f 332/816/1506 331/815/1506 760/821/1506
f 330/814/1507 761/820/1507 760/821/1507
f 48/582/1508 236/558/1508 761/820/1508
f 236/558/1509 235/556/1509 764/824/1509
f 235/556/1510 234/555/1510 767/825/1510
f 234/555/1511 44/118/1511 333/117/1511
f 767/825/1512 333/117/1512 334/116/1512
f 765/823/1513 766/822/1513 334/116/1513
f 269/634/1514 765/823/1514 335/115/1514
f 268/644/1515 762/819/1515 765/823/1515
f 267/642/1516 759/817/1516 762/819/1516
f 769/826/1517 772/830/1517 771/827/1517
f 769/826/1518 770/836/1518 773/829/1518
f 772/830/1519 775/833/1519 774/831/1519
f 772/830/1520 773/829/1520 776/832/1520
f 336/834/1521 768/828/1521 168/409/1521
f 337/835/1522 769/826/1522 768/828/1522
f 337/835/1523 338/837/1523 770/836/1523
f 338/837/1524 43/530/1524 221/531/1524
f 770/836/1525 221/531/1525 220/545/1525
f 773/829/1526 220/545/1526 219/543/1526
f 776/832/1527 219/543/1527 49/544/1527
f 775/833/1528 776/832/1528 339/838/1528
f 775/833/1529 340/839/1529 341/840/1529
f 774/831/1530 341/840/1530 32/440/1530
f 771/827/1531 774/831/1531 170/412/1531
f 768/828/1532 771/827/1532 169/410/1532
f 777/841/1533 778/845/1533 781/842/1533
f 779/844/1534 782/848/1534 781/842/1534
f 780/843/1535 781/842/1535 784/846/1535
f 782/848/1536 785/849/1536 784/846/1536
f 32/440/1537 341/840/1537 777/841/1537
f 341/840/1538 340/839/1538 778/845/1538
f 339/838/1539 779/844/1539 778/845/1539
f 49/544/1540 245/580/1540 779/844/1540
f 245/580/1541 244/578/1541 782/848/1541
f 244/578/1542 243/577/1542 785/849/1542
f 243/577/1543 45/33/1543 342/34/1543
f 785/849/1544 342/34/1544 343/48/1544
f 783/847/1545 784/846/1545 343/48/1545
f 179/431/1546 783/847/1546 344/47/1546
f 178/441/1547 780/843/1547 783/847/1547
f 177/439/1548 777/841/1548 780/843/1548
f 787/850/1549 790/854/1549 789/851/1549
f 787/850/1550 788/858/1550 791/853/1550
f 790/854/1551 793/857/1551 792/855/1551
f 790/854/1552 791/853/1552 794/856/1552
f 345/58/1553 786/852/1553 249/593/1553
f 346/72/1554 787/850/1554 786/852/1554
f 346/72/1555 347/71/1555 788/858/1555
f 347/71/1556 36/70/1556 194/469/1556
f 788/858/1557 194/469/1557 193/483/1557
f 791/853/1558 193/483/1558 192/481/1558
f 794/856/1559 192/481/1559 42/482/1559
f 793/857/1560 794/856/1560 348/859/1560
f 793/857/1561 349/860/1561 350/861/1561
f 792/855/1562 350/861/1562 53/624/1562
f 789/851/1563 792/855/1563 251/596/1563
f 786/852/1564 789/851/1564 250/594/1564
f 795/862/1565 796/866/1565 799/863/1565
f 797/865/1566 800/869/1566 799/863/1566
f 798/864/1567 799/863/1567 802/867/1567
f 800/869/1568 803/870/1568 802/867/1568
f 53/624/1569 350/861/1569 795/862/1569
f 350/861/1570 349/860/1570 796/866/1570
f 348/859/1571 797/865/1571 796/866/1571
f 42/482/1572 218/518/1572 797/865/1572
f 218/518/1573 217/516/1573 800/869/1573
f 217/516/1574 216/515/1574 803/870/1574
f 216/515/1575 38/42/1575 351/41/1575
f 803/870/1576 351/41/1576 352/871/1576
f 801/868/1577 802/867/1577 352/871/1577
f 260/615/1578 801/868/1578 353/39/1578
f 259/625/1579 798/864/1579 801/868/1579
f 258/623/1580 795/862/1580 798/864/1580
f 805/872/1581 808/876/1581 807/873/1581
f 805/872/1582 806/880/1582 809/875/1582
f 808/876/1583 811/879/1583 810/877/1583
f 808/876/1584 809/875/1584 812/878/1584
f 354/12/1585 804/874/1585 207/493/1585
f 355/13/1586 805/872/1586 804/874/1586
f 355/13/1587 356/11/1587 806/880/1587
f 356/11/1588 31/9/1588 188/450/1588
f 806/880/1589 188/450/1589 187/460/1589
f 809/875/1590 187/460/1590 186/458/1590
f 812/878/1591 186/458/1591 34/459/1591
f 811/879/1592 812/878/1592 357/881/1592
f 811/879/1593 358/882/1593 359/883/1593
f 810/877/1594 359/883/1594 41/520/1594
f 807/873/1595 810/877/1595 209/496/1595
f 804/874/1596 807/873/1596 208/494/1596
f 813/884/1597 814/888/1597 817/885/1597
f 815/887/1598 818/891/1598 817/885/1598
f 816/886/1599 817/885/1599 820/889/1599
f 818/891/1600 821/892/1600 820/889/1600
f 41/520/1601 359/883/1601 813/884/1601
f 359/883/1602 358/882/1602 814/888/1602
f 357/881/1603 815/887/1603 814/888/1603
f 34/459/1604 182/435/1604 815/887/1604
f 182/435/1605 181/433/1605 818/891/1605
f 181/433/1606 180/432/1606 821/892/1606
f 180/432/1607 30/46/1607 360/45/1607
f 821/892/1608 360/45/1608 361/44/1608
f 819/890/1609 820/889/1609 361/44/1609
f 215/514/1610 819/890/1610 362/43/1610
f 214/521/1611 816/886/1611 819/890/1611
f 213/519/1612 813/884/1612 816/886/1612
f 823/893/1613 826/897/1613 825/894/1613
f 823/893/1614 824/903/1614 827/896/1614
f 826/897/1615 829/900/1615 828/898/1615
f 826/897/1616 827/896/1616 830/899/1616
f 363/901/1617 822/895/1617 60/131/1617
f 364/902/1618 823/893/1618 822/895/1618
f 364/902/1619 365/904/1619 824/903/1619
f 365/904/1620 29/407/1620 167/408/1620
f 824/903/1621 167/408/1621 166/422/1621
f 827/896/1622 166/422/1622 165/420/1622
f 830/899/1623 165/420/1623 35/421/1623
f 829/900/1624 830/899/1624 366/905/1624
f 829/900/1625 367/906/1625 368/907/1625
f 828/898/1626 368/907/1626 4/908/1626
f 825/894/1627 828/898/1627 62/134/1627
f 822/895/1628 825/894/1628 61/132/1628
f 831/909/1629 832/913/1629 835/910/1629
f 833/912/1630 836/916/1630 835/910/1630
f 834/911/1631 835/910/1631 838/914/1631
f 836/916/1632 839/921/1632 838/914/1632
f 4/166/1633 368/917/1633 831/909/1633
f 368/917/1634 367/919/1634 832/913/1634
f 366/918/1635 833/912/1635 832/913/1635
f 35/920/1636 191/454/1636 833/912/1636
f 191/454/1637 190/452/1637 836/916/1637
f 190/452/1638 189/451/1638 839/921/1638
f 189/451/1639 31/9/1639 369/10/1639
f 839/921/1640 369/10/1640 370/24/1640
f 837/915/1641 838/914/1641 370/24/1641
f 71/153/1642 837/915/1642 371/23/1642
f 70/167/1643 834/911/1643 837/915/1643
f 69/165/1644 831/909/1644 834/911/1644
f 841/922/1645 844/926/1645 843/923/1645
f 841/922/1646 842/930/1646 845/925/1646
f 844/926/1647 847/929/1647 846/927/1647
f 844/926/1648 845/925/1648 848/928/1648
f 372/69/1649 840/924/1649 195/470/1649
f 373/68/1650 841/922/1650 840/924/1650
f 373/68/1651 374/67/1651 842/930/1651
f 374/67/1652 9/66/1652 98/222/1652
f 842/930/1653 98/222/1653 97/236/1653
f 845/925/1654 97/236/1654 96/234/1654
f 848/928/1655 96/234/1655 11/235/1655
f 847/929/1656 848/928/1656 375/931/1656
f 847/929/1657 376/932/1657 377/933/1657
f 846/927/1658 377/933/1658 39/934/1658
f 843/923/1659 846/927/1659 197/473/1659
f 840/924/1660 843/923/1660 196/471/1660
f 849/935/1661 850/939/1661 853/936/1661
f 851/938/1662 854/942/1662 853/936/1662
f 852/937/1663 853/936/1663 856/940/1663
f 854/942/1664 857/947/1664 856/940/1664
f 39/504/1665 377/943/1665 849/935/1665
f 377/943/1666 376/945/1666 850/939/1666
f 375/944/1667 851/938/1667 850/939/1667
f 11/946/1668 89/203/1668 851/938/1668
f 89/203/1669 88/201/1669 854/942/1669
f 88/201/1670 87/200/1670 857/947/1670
f 87/200/1671 8/18/1671 378/17/1671
f 857/947/1672 378/17/1672 379/948/1672
f 855/941/1673 856/940/1673 379/948/1673
f 206/492/1674 855/941/1674 380/15/1674
f 205/505/1675 852/937/1675 855/941/1675
f 204/503/1676 849/935/1676 852/937/1676
f 858/949/1677 859/953/1677 862/950/1677
f 860/952/1678 863/957/1678 862/950/1678
f 862/950/1679 865/956/1679 864/954/1679
f 862/950/1680 863/957/1680 866/955/1680
f 15/268/1681 311/760/1681 858/949/1681
f 311/760/1682 310/758/1682 859/953/1682
f 309/757/1683 860/952/1683 859/953/1683
f 43/530/1684 338/837/1684 860/952/1684
f 338/837/1685 337/835/1685 863/957/1685
f 863/957/1686 337/835/1686 336/834/1686
f 866/955/1687 336/834/1687 29/407/1687
f 865/956/1688 866/955/1688 365/904/1688
f 865/956/1689 364/902/1689 363/901/1689
f 864/954/1690 363/901/1690 1/129/1690
f 861/951/1691 864/954/1691 275/656/1691
f 273/653/1692 858/949/1692 861/951/1692
o News_Door
v -0.164676 0.187559 0.226076
v -0.164946 0.310315 0.233827
v -0.247381 0.310315 0.223188
v -0.164821 0.189307 0.232082
v -0.245089 0.190037 0.228549
v -0.245844 0.310379 0.229253
v -0.245632 0.189307 0.223184
v -0.164946 0.783685 0.233827
v -0.164676 0.906441 0.226076
v -0.247381 0.783686 0.223188
v -0.164821 0.904693 0.232082
v -0.245089 0.903963 0.228549
v -0.245632 0.904693 0.223184
v -0.245844 0.783621 0.229253
v -0.164209 0.187559 0.212713
v -0.246915 0.310315 0.209825
v -0.163938 0.310315 0.204962
v -0.245170 0.189307 0.209951
v -0.244254 0.190037 0.204637
v -0.244958 0.310379 0.203882
v -0.163935 0.189307 0.206712
v -0.164209 0.906441 0.212713
v -0.163938 0.783686 0.204962
v -0.246915 0.783685 0.209825
v -0.163935 0.904693 0.206712
v -0.244254 0.903963 0.204637
v -0.244958 0.783621 0.203882
v -0.245170 0.904693 0.209951
v 0.148504 0.187559 0.237013
v 0.231210 0.310315 0.239901
v 0.148234 0.310315 0.244764
v 0.229465 0.189307 0.239775
v 0.228549 0.190037 0.245089
v 0.229253 0.310379 0.245844
v 0.148230 0.189307 0.243014
v 0.148504 0.906441 0.237013
v 0.148234 0.783686 0.244764
v 0.231210 0.783685 0.239901
v 0.148230 0.904693 0.243014
v 0.228549 0.903963 0.245089
v 0.229253 0.783621 0.245844
v 0.229465 0.904693 0.239775
v 0.148971 0.187559 0.223650
v 0.149242 0.310315 0.215899
v 0.231676 0.310315 0.226538
v 0.149116 0.189307 0.217644
v 0.229384 0.190037 0.221177
v 0.230139 0.310379 0.220473
v 0.229927 0.189307 0.226542
v 0.148971 0.906441 0.223650
v 0.231676 0.783686 0.226538
v 0.149242 0.783685 0.215899
v 0.229927 0.904693 0.226542
v 0.229384 0.903963 0.221177
v 0.230139 0.783621 0.220473
v 0.149116 0.904693 0.217644
v -0.243640 0.188670 0.223261
v -0.234286 0.188176 0.223605
v -0.210366 0.187810 0.224461
v -0.164739 0.187810 0.228435
v -0.164776 0.188176 0.230104
v -0.164799 0.188670 0.231261
v -0.210443 0.189434 0.230362
v -0.234248 0.189612 0.229352
v -0.243417 0.189835 0.228810
v -0.245273 0.189835 0.228034
v -0.245461 0.189612 0.227048
v -0.245585 0.189434 0.225483
v -0.164850 0.191925 0.232719
v -0.164884 0.205660 0.233212
v -0.164918 0.241470 0.233577
v -0.210629 0.310334 0.231980
v -0.234537 0.310355 0.230780
v -0.243874 0.310372 0.229959
v -0.245712 0.241600 0.229130
v -0.245528 0.205899 0.228958
v -0.245298 0.192342 0.228744
v -0.246452 0.310372 0.228409
v -0.246905 0.310355 0.227236
v -0.247212 0.310334 0.225555
v -0.247129 0.241470 0.223177
v -0.246763 0.205660 0.223169
v -0.246269 0.191925 0.223169
v -0.243874 0.783628 0.229959
v -0.234537 0.783645 0.230780
v -0.210629 0.783666 0.231980
v -0.164918 0.852530 0.233577
v -0.164884 0.888340 0.233212
v -0.164850 0.902075 0.232719
v -0.210443 0.904566 0.230362
v -0.234248 0.904388 0.229352
v -0.243417 0.904165 0.228810
v -0.245298 0.901658 0.228744
v -0.245528 0.888101 0.228958
v -0.245712 0.852400 0.229130
v -0.164799 0.905330 0.231261
v -0.164776 0.905824 0.230104
v -0.164739 0.906190 0.228435
v -0.210366 0.906190 0.224461
v -0.234286 0.905824 0.223605
v -0.243640 0.905330 0.223261
v -0.245585 0.904566 0.225483
v -0.245461 0.904388 0.227048
v -0.245273 0.904165 0.228034
v -0.246269 0.902075 0.223169
v -0.246763 0.888340 0.223169
v -0.247129 0.852530 0.223177
v -0.247212 0.783666 0.225555
v -0.246905 0.783645 0.227236
v -0.246452 0.783628 0.228409
v -0.163970 0.188670 0.207533
v -0.164028 0.188176 0.208688
v -0.164108 0.187810 0.210356
v -0.209901 0.187810 0.211137
v -0.233822 0.188176 0.210323
v -0.243177 0.188670 0.210013
v -0.244963 0.189434 0.207661
v -0.244730 0.189612 0.206109
v -0.244473 0.189835 0.205138
v -0.242567 0.189835 0.204494
v -0.233383 0.189612 0.204592
v -0.209566 0.189434 0.205245
v -0.245806 0.191925 0.209922
v -0.246299 0.205660 0.209887
v -0.246664 0.241470 0.209853
v -0.246581 0.310334 0.207476
v -0.246157 0.310355 0.205820
v -0.245623 0.310372 0.204681
v -0.244835 0.241600 0.204014
v -0.244663 0.205899 0.204198
v -0.244449 0.192342 0.204428
v -0.242943 0.310372 0.203315
v -0.233572 0.310355 0.203148
v -0.209638 0.310334 0.203618
v -0.163928 0.241470 0.205214
v -0.163919 0.205660 0.205580
v -0.163919 0.191925 0.206075
v -0.243177 0.905330 0.210013
v -0.233822 0.905824 0.210323
v -0.209901 0.906190 0.211137
v -0.164108 0.906190 0.210356
v -0.164028 0.905824 0.208688
v -0.163970 0.905330 0.207533
v -0.209566 0.904566 0.205245
v -0.233383 0.904388 0.204592
v -0.242567 0.904165 0.204494
v -0.244473 0.904165 0.205138
v -0.244730 0.904388 0.206109
v -0.244963 0.904566 0.207661
v -0.163919 0.902075 0.206075
v -0.163919 0.888340 0.205580
v -0.163928 0.852530 0.205214
v -0.209638 0.783666 0.203618
v -0.233572 0.783645 0.203148
v -0.242943 0.783628 0.203315
v -0.244835 0.852400 0.204014
v -0.244663 0.888101 0.204198
v -0.244449 0.901658 0.204428
v -0.245623 0.783628 0.204681
v -0.246157 0.783645 0.205820
v -0.246581 0.783666 0.207476
v -0.246664 0.852530 0.209853
v -0.246299 0.888340 0.209887
v -0.245806 0.902075 0.209922
v 0.148266 0.188670 0.242193
v 0.148323 0.188176 0.241038
v 0.148403 0.187810 0.239370
v 0.194196 0.187810 0.238589
v 0.218117 0.188176 0.239403
v 0.227472 0.188670 0.239712
v 0.229258 0.189434 0.242064
v 0.229025 0.189612 0.243617
v 0.228769 0.189835 0.244588
v 0.226863 0.189835 0.245232
v 0.217678 0.189612 0.245134
v 0.193861 0.189434 0.244481
v 0.230101 0.191925 0.239804
v 0.230595 0.205660 0.239839
v 0.230959 0.241470 0.239873
v 0.230876 0.310334 0.242250
v 0.230453 0.310355 0.243906
v 0.229918 0.310372 0.245045
v 0.229130 0.241600 0.245712
v 0.228958 0.205899 0.245528
v 0.228744 0.192342 0.245298
v 0.227238 0.310372 0.246411
v 0.217867 0.310355 0.246578
v 0.193934 0.310334 0.246108
v 0.148223 0.241470 0.244512
v 0.148215 0.205660 0.244146
v 0.148215 0.191925 0.243651
v 0.227472 0.905330 0.239712
v 0.218117 0.905824 0.239403
v 0.194196 0.906190 0.238589
v 0.148403 0.906190 0.239370
v 0.148323 0.905824 0.241038
v 0.148266 0.905330 0.242193
v 0.193861 0.904566 0.244481
v 0.217679 0.904388 0.245134
v 0.226863 0.904165 0.245232
v 0.228769 0.904165 0.244588
v 0.229025 0.904388 0.243617
v 0.229258 0.904566 0.242064
v 0.148215 0.902075 0.243651
v 0.148215 0.888340 0.244146
v 0.148223 0.852530 0.244512
v 0.193934 0.783666 0.246108
v 0.217867 0.783645 0.246578
v 0.227238 0.783628 0.246411
v 0.229130 0.852400 0.245712
v 0.228958 0.888101 0.245528
v 0.228744 0.901658 0.245298
v 0.229918 0.783628 0.245045
v 0.230453 0.783645 0.243906
v 0.230876 0.783666 0.242250
v 0.230959 0.852530 0.239873
v 0.230595 0.888340 0.239839
v 0.230101 0.902075 0.239804
v 0.227935 0.188670 0.226465
v 0.218581 0.188176 0.226121
v 0.194662 0.187810 0.225265
v 0.149034 0.187810 0.221291
v 0.149071 0.188176 0.219622
v 0.149094 0.188670 0.218465
v 0.194738 0.189434 0.219364
v 0.218543 0.189612 0.220374
v 0.227712 0.189835 0.220916
v 0.229568 0.189835 0.221692
v 0.229756 0.189612 0.222678
v 0.229880 0.189434 0.224243
v 0.149145 0.191925 0.217007
v 0.149180 0.205660 0.216514
v 0.149214 0.241470 0.216149
v 0.194924 0.310334 0.217745
v 0.218832 0.310355 0.218946
v 0.228169 0.310372 0.219767
v 0.230008 0.241600 0.220595
v 0.229823 0.205899 0.220767
v 0.229593 0.192342 0.220982
v 0.230747 0.310372 0.221316
v 0.231200 0.310355 0.222490
v 0.231507 0.310334 0.224171
v 0.231424 0.241470 0.226548
v 0.231058 0.205660 0.226557
v 0.230564 0.191925 0.226557
v 0.149094 0.905330 0.218465
v 0.149071 0.905824 0.219622
v 0.149034 0.906190 0.221291
v 0.194662 0.906190 0.225265
v 0.218581 0.905824 0.226121
v 0.227935 0.905330 0.226465
v 0.229880 0.904566 0.224243
v 0.229756 0.904388 0.222678
v 0.229568 0.904165 0.221692
v 0.227712 0.904165 0.220916
v 0.218543 0.904388 0.220374
v 0.194738 0.904566 0.219364
v 0.230564 0.902075 0.226557
v 0.231058 0.888340 0.226557
v 0.231424 0.852530 0.226548
v 0.231507 0.783666 0.224171
v 0.231200 0.783645 0.222490
v 0.230747 0.783628 0.221316
v 0.230008 0.852400 0.220595
v 0.229823 0.888101 0.220767
v 0.229593 0.901658 0.220982
v 0.228169 0.783628 0.219767
v 0.218832 0.783645 0.218946
v 0.194924 0.783666 0.217745
v 0.149214 0.852530 0.216149
v 0.149180 0.888340 0.216514
v 0.149145 0.902075 0.217007
v -0.164330 0.187409 0.215837
v -0.164459 0.187359 0.219394
v -0.164579 0.187409 0.222952
v -0.245600 0.189231 0.220096
v -0.245502 0.189205 0.216564
v -0.245353 0.189231 0.213034
v -0.247422 0.310302 0.220059
v -0.247347 0.310298 0.216500
v -0.247173 0.310302 0.212944
v -0.164964 0.417659 0.233976
v -0.164970 0.547000 0.234026
v -0.164964 0.676341 0.233976
v -0.245922 0.676315 0.229326
v -0.245949 0.547000 0.229351
v -0.245922 0.417685 0.229326
v -0.247531 0.676341 0.223195
v -0.247581 0.547000 0.223197
v -0.247531 0.417659 0.223195
v -0.164579 0.906591 0.222952
v -0.164459 0.906641 0.219394
v -0.164330 0.906591 0.215837
v -0.245353 0.904769 0.213034
v -0.245502 0.904795 0.216564
v -0.245600 0.904769 0.220096
v -0.247173 0.783698 0.212944
v -0.247347 0.783702 0.216500
v -0.247422 0.783698 0.220059
v -0.163945 0.676341 0.204812
v -0.163948 0.547000 0.204762
v -0.163945 0.417659 0.204812
v -0.245031 0.417685 0.203803
v -0.245056 0.547000 0.203777
v -0.245031 0.676315 0.203803
v -0.247064 0.417659 0.209808
v -0.247113 0.547000 0.209802
v -0.247064 0.676341 0.209808
v 0.077920 0.187409 0.221156
v -0.007618 0.187359 0.218165
v -0.093157 0.187409 0.215182
v -0.092919 0.189231 0.209115
v -0.007406 0.189205 0.212076
v 0.078106 0.189231 0.215088
v -0.092882 0.310302 0.207294
v -0.007341 0.310298 0.210231
v 0.078196 0.310302 0.213268
v -0.093157 0.906591 0.215182
v -0.007619 0.906641 0.218165
v 0.077920 0.906591 0.221156
v 0.078106 0.904769 0.215088
v -0.007406 0.904795 0.212076
v -0.092919 0.904769 0.209115
v 0.078196 0.783698 0.213268
v -0.007341 0.783702 0.210231
v -0.092882 0.783698 0.207294
v 0.231826 0.676341 0.226531
v 0.231876 0.547000 0.226529
v 0.231826 0.417659 0.226531
v 0.230218 0.417685 0.220400
v 0.230244 0.547000 0.220375
v 0.230218 0.676315 0.220400
v 0.149259 0.417659 0.215750
v 0.149265 0.547000 0.215700
v 0.149259 0.676341 0.215750
v 0.148626 0.187409 0.233889
v 0.148754 0.187359 0.230332
v 0.148874 0.187409 0.226774
v 0.229895 0.189231 0.229630
v 0.229797 0.189205 0.233162
v 0.229649 0.189231 0.236692
v 0.231717 0.310302 0.229667
v 0.231642 0.310298 0.233226
v 0.231468 0.310302 0.236782
v 0.148874 0.906591 0.226774
v 0.148754 0.906641 0.230332
v 0.148626 0.906591 0.233889
v 0.229649 0.904769 0.236692
v 0.229797 0.904795 0.233162
v 0.229895 0.904769 0.229630
v 0.231468 0.783698 0.236782
v 0.231642 0.783702 0.233226
v 0.231717 0.783698 0.229667
v 0.148241 0.676341 0.244914
v 0.148243 0.547000 0.244964
v 0.148241 0.417659 0.244914
v 0.229326 0.417685 0.245922
v 0.229351 0.547000 0.245949
v 0.229326 0.676315 0.245922
v 0.231359 0.417659 0.239918
v 0.231408 0.547000 0.239924
v 0.231359 0.676341 0.239918
v -0.093625 0.187409 0.228569
v -0.008086 0.187359 0.231561
v 0.077453 0.187409 0.234544
v 0.077214 0.189231 0.240611
v -0.008299 0.189205 0.237650
v -0.093811 0.189231 0.234638
v 0.077177 0.310302 0.242432
v -0.008363 0.310298 0.239495
v -0.093900 0.310302 0.236458
v 0.077453 0.906591 0.234544
v -0.008086 0.906641 0.231561
v -0.093625 0.906591 0.228569
v -0.093811 0.904769 0.234638
v -0.008299 0.904795 0.237650
v 0.077214 0.904769 0.240611
v -0.093900 0.783698 0.236458
v -0.008363 0.783702 0.239495
v 0.077177 0.783698 0.242432
v 0.077177 0.417654 0.242590
v 0.077176 0.547000 0.242643
v 0.077177 0.676346 0.242590
v -0.008369 0.417652 0.239656
v -0.008371 0.547000 0.239709
v -0.008369 0.676348 0.239656
v -0.093911 0.417654 0.236616
v -0.093914 0.547000 0.236668
v -0.093911 0.676346 0.236616
v 0.231875 0.417654 0.229668
v 0.231928 0.547000 0.229668
v 0.231875 0.676346 0.229668
v 0.231803 0.417652 0.233232
v 0.231857 0.547000 0.233234
v 0.231803 0.676348 0.233232
v 0.231626 0.417654 0.236793
v 0.231679 0.547000 0.236796
v 0.231626 0.676346 0.236793
v 0.077816 0.906749 0.224288
v -0.007728 0.906802 0.221299
v -0.093272 0.906749 0.218313
v 0.077693 0.906802 0.227850
v -0.007852 0.906855 0.224863
v -0.093398 0.906802 0.221876
v 0.077567 0.906749 0.231413
v -0.007977 0.906802 0.228427
v -0.093521 0.906749 0.225438
v -0.247580 0.417654 0.220058
v -0.247632 0.547000 0.220058
v -0.247580 0.676346 0.220058
v -0.247508 0.417652 0.216494
v -0.247562 0.547000 0.216492
v -0.247508 0.676348 0.216494
v -0.247331 0.417654 0.212933
v -0.247384 0.547000 0.212930
v -0.247331 0.676346 0.212933
v -0.092881 0.417654 0.207136
v -0.092881 0.547000 0.207083
v -0.092881 0.676346 0.207136
v -0.007336 0.417652 0.210070
v -0.007334 0.547000 0.210017
v -0.007336 0.676348 0.210070
v 0.078206 0.417654 0.213110
v 0.078210 0.547000 0.213058
v 0.078206 0.676346 0.213110
v -0.210411 0.188038 0.226803
v -0.210426 0.188374 0.228448
v -0.210431 0.188833 0.229575
v -0.234305 0.188374 0.225927
v -0.234287 0.188667 0.227540
v -0.234254 0.189071 0.228621
v -0.243628 0.188833 0.225566
v -0.243561 0.189071 0.227146
v -0.243465 0.189396 0.228167
v -0.210584 0.241508 0.231753
v -0.234468 0.241550 0.230584
v -0.243776 0.241585 0.229799
v -0.210530 0.205722 0.231420
v -0.234383 0.205797 0.230294
v -0.243646 0.205867 0.229566
v -0.210479 0.192018 0.230962
v -0.234299 0.192140 0.229892
v -0.243502 0.192272 0.229246
v -0.246983 0.241508 0.225526
v -0.246646 0.205722 0.225496
v -0.246186 0.192018 0.225476
v -0.246705 0.241550 0.227181
v -0.246410 0.205797 0.227117
v -0.246003 0.192140 0.227061
v -0.246285 0.241585 0.228323
v -0.246043 0.205867 0.228210
v -0.245714 0.192272 0.228089
v -0.210584 0.852492 0.231753
v -0.210530 0.888278 0.231420
v -0.210479 0.901982 0.230962
v -0.234468 0.852450 0.230584
v -0.234383 0.888203 0.230294
v -0.234299 0.901860 0.229892
v -0.243776 0.852415 0.229799
v -0.243646 0.888133 0.229566
v -0.243502 0.901728 0.229246
v -0.210411 0.905962 0.226803
v -0.234305 0.905626 0.225927
v -0.243628 0.905167 0.225566
v -0.210426 0.905626 0.228448
v -0.234287 0.905333 0.227540
v -0.243561 0.904929 0.227146
v -0.210431 0.905167 0.229575
v -0.234254 0.904929 0.228621
v -0.243465 0.904604 0.228167
v -0.246983 0.852492 0.225526
v -0.246705 0.852450 0.227181
v -0.246285 0.852415 0.228323
v -0.246646 0.888278 0.225496
v -0.246410 0.888203 0.227117
v -0.246043 0.888133 0.228210
v -0.246186 0.901982 0.225476
v -0.246003 0.901860 0.227061
v -0.245714 0.901728 0.228089
v -0.209782 0.188038 0.208798
v -0.233679 0.188374 0.208005
v -0.243004 0.188833 0.207715
v -0.209683 0.188374 0.207156
v -0.233549 0.188667 0.206397
v -0.242828 0.189071 0.206143
v -0.209608 0.188833 0.206031
v -0.233441 0.189071 0.205321
v -0.242660 0.189396 0.205131
v -0.246354 0.241508 0.207521
v -0.245961 0.241550 0.205889
v -0.245463 0.241585 0.204779
v -0.246020 0.205722 0.207574
v -0.245671 0.205797 0.205973
v -0.245229 0.205867 0.204909
v -0.245562 0.192018 0.207626
v -0.245270 0.192140 0.206058
v -0.244910 0.192272 0.205052
v -0.209609 0.241508 0.203847
v -0.209579 0.205722 0.204184
v -0.209560 0.192018 0.204644
v -0.233517 0.241550 0.203348
v -0.233452 0.205797 0.203643
v -0.233396 0.192140 0.204050
v -0.242856 0.241585 0.203482
v -0.242743 0.205867 0.203724
v -0.242622 0.192272 0.204053
v -0.209782 0.905962 0.208798
v -0.209683 0.905626 0.207156
v -0.209608 0.905167 0.206031
v -0.233679 0.905626 0.208005
v -0.233549 0.905333 0.206397
v -0.233441 0.904929 0.205321
v -0.243004 0.905167 0.207715
v -0.242828 0.904929 0.206143
v -0.242660 0.904604 0.205131
v -0.209609 0.852492 0.203847
v -0.233517 0.852450 0.203348
v -0.242857 0.852415 0.203482
v -0.209579 0.888278 0.204184
v -0.233452 0.888203 0.203643
v -0.242743 0.888133 0.203724
v -0.209560 0.901982 0.204644
v -0.233396 0.901860 0.204050
v -0.242622 0.901728 0.204053
v -0.246354 0.852492 0.207521
v -0.246020 0.888278 0.207574
v -0.245562 0.901982 0.207626
v -0.245961 0.852450 0.205889
v -0.245672 0.888203 0.205973
v -0.245270 0.901860 0.206058
v -0.245463 0.852415 0.204779
v -0.245229 0.888133 0.204909
v -0.244910 0.901728 0.205052
v 0.194077 0.188038 0.240928
v 0.217975 0.188374 0.241721
v 0.227300 0.188833 0.242011
v 0.193978 0.188374 0.242570
v 0.217844 0.188667 0.243329
v 0.227123 0.189071 0.243583
v 0.193904 0.188833 0.243695
v 0.217736 0.189071 0.244405
v 0.226955 0.189396 0.244595
v 0.230649 0.241508 0.242205
v 0.230257 0.241550 0.243837
v 0.229758 0.241585 0.244947
v 0.230315 0.205722 0.242151
v 0.229967 0.205797 0.243752
v 0.229525 0.205867 0.244817
v 0.229858 0.192018 0.242100
v 0.229565 0.192140 0.243668
v 0.229205 0.192272 0.244673
v 0.193904 0.241508 0.245878
v 0.193874 0.205722 0.245542
v 0.193855 0.192018 0.245082
v 0.217812 0.241550 0.246378
v 0.217748 0.205797 0.246083
v 0.217692 0.192140 0.245676
v 0.227152 0.241585 0.246244
v 0.227038 0.205867 0.246002
v 0.226918 0.192272 0.245673
v 0.194077 0.905962 0.240928
v 0.193978 0.905626 0.242570
v 0.193904 0.905167 0.243695
v 0.217975 0.905626 0.241721
v 0.217844 0.905333 0.243329
v 0.217736 0.904929 0.244405
v 0.227300 0.905167 0.242011
v 0.227123 0.904929 0.243583
v 0.226955 0.904604 0.244595
v 0.193904 0.852492 0.245878
v 0.217812 0.852450 0.246378
v 0.227152 0.852415 0.246244
v 0.193874 0.888278 0.245542
v 0.217748 0.888203 0.246083
v 0.227038 0.888133 0.246002
v 0.193855 0.901982 0.245082
v 0.217692 0.901860 0.245676
v 0.226918 0.901728 0.245673
v 0.230649 0.852492 0.242205
v 0.230315 0.888278 0.242151
v 0.229858 0.901982 0.242100
v 0.230257 0.852450 0.243837
v 0.229967 0.888203 0.243752
v 0.229565 0.901860 0.243668
v 0.229758 0.852415 0.244947
v 0.229525 0.888133 0.244817
v 0.229205 0.901728 0.244673
v 0.194706 0.188038 0.222923
v 0.194722 0.188374 0.221278
v 0.194726 0.188833 0.220151
v 0.218600 0.188374 0.223799
v 0.218582 0.188667 0.222186
v 0.218550 0.189071 0.221105
v 0.227923 0.188833 0.224160
v 0.227856 0.189071 0.222580
v 0.227760 0.189396 0.221558
v 0.194879 0.241508 0.217973
v 0.218763 0.241550 0.219142
v 0.228071 0.241585 0.219927
v 0.194825 0.205722 0.218306
v 0.218678 0.205797 0.219432
v 0.227941 0.205867 0.220160
v 0.194774 0.192018 0.218764
v 0.218594 0.192140 0.219834
v 0.227797 0.192272 0.220480
v 0.231278 0.241508 0.224200
v 0.230941 0.205722 0.224230
v 0.230481 0.192018 0.224249
v 0.231000 0.241550 0.222545
v 0.230705 0.205797 0.222609
v 0.230298 0.192140 0.222665
v 0.230580 0.241585 0.221403
v 0.230338 0.205867 0.221516
v 0.230009 0.192272 0.221637
v 0.194706 0.905962 0.222923
v 0.218600 0.905626 0.223799
v 0.227923 0.905167 0.224160
v 0.194722 0.905626 0.221278
v 0.218582 0.905333 0.222186
v 0.227856 0.904929 0.222580
v 0.194726 0.905167 0.220151
v 0.218550 0.904929 0.221105
v 0.227760 0.904604 0.221558
v 0.231278 0.852492 0.224200
v 0.231000 0.852450 0.222545
v 0.230580 0.852415 0.221403
v 0.230941 0.888278 0.224230
v 0.230705 0.888203 0.222609
v 0.230338 0.888133 0.221516
v 0.230481 0.901982 0.224249
v 0.230298 0.901860 0.222665
v 0.230009 0.901728 0.221637
v 0.194879 0.852492 0.217973
v 0.194825 0.888278 0.218306
v 0.194774 0.901982 0.218764
v 0.218763 0.852450 0.219142
v 0.218678 0.888203 0.219432
v 0.218594 0.901860 0.219834
v 0.228071 0.852415 0.219927
v 0.227941 0.888133 0.220160
v 0.227797 0.901728 0.220480
v -0.210033 0.187675 0.214249
v -0.210165 0.187630 0.217798
v -0.210281 0.187675 0.221348
v -0.233969 0.188058 0.213421
v -0.234105 0.188019 0.216962
v -0.234216 0.188058 0.220504
v -0.243341 0.188573 0.213101
v -0.243483 0.188540 0.216635
v -0.243588 0.188573 0.220169
v -0.246011 0.191869 0.213008
v -0.246167 0.191850 0.216541
v -0.246258 0.191869 0.220076
v -0.246525 0.205622 0.212983
v -0.246688 0.205609 0.216523
v -0.246772 0.205622 0.220065
v -0.246908 0.241447 0.212961
v -0.247077 0.241439 0.216509
v -0.247156 0.241447 0.220060
v -0.210657 0.417667 0.232115
v -0.210666 0.547000 0.232160
v -0.210657 0.676333 0.232115
v -0.234579 0.417675 0.230896
v -0.234593 0.547000 0.230934
v -0.234579 0.676324 0.230896
v -0.243933 0.417682 0.230054
v -0.243953 0.547000 0.230086
v -0.243933 0.676318 0.230054
v -0.246551 0.417682 0.228462
v -0.246584 0.547000 0.228480
v -0.246551 0.676318 0.228462
v -0.247024 0.417675 0.227270
v -0.247063 0.547000 0.227282
v -0.247024 0.676324 0.227270
v -0.247348 0.417667 0.225574
v -0.247394 0.547000 0.225580
v -0.247348 0.676333 0.225574
v -0.210281 0.906325 0.221348
v -0.210165 0.906370 0.217798
v -0.210033 0.906325 0.214249
v -0.234216 0.905942 0.220504
v -0.234105 0.905981 0.216962
v -0.233969 0.905942 0.213421
v -0.243588 0.905427 0.220169
v -0.243483 0.905460 0.216635
v -0.243341 0.905427 0.213101
v -0.246258 0.902131 0.220076
v -0.246167 0.902150 0.216541
v -0.246011 0.902131 0.213008
v -0.246772 0.888378 0.220065
v -0.246688 0.888391 0.216523
v -0.246525 0.888378 0.212983
v -0.247156 0.852553 0.220060
v -0.247077 0.852561 0.216509
v -0.246908 0.852553 0.212961
v -0.209657 0.676333 0.203482
v -0.209663 0.547000 0.203436
v -0.209657 0.417667 0.203482
v -0.233606 0.676324 0.203029
v -0.233617 0.547000 0.202990
v -0.233606 0.417675 0.203029
v -0.242996 0.676317 0.203216
v -0.243014 0.547000 0.203183
v -0.242996 0.417682 0.203216
v -0.245718 0.676318 0.204622
v -0.245750 0.547000 0.204602
v -0.245718 0.417682 0.204622
v -0.246273 0.676324 0.205777
v -0.246312 0.547000 0.205763
v -0.246273 0.417675 0.205777
v -0.246715 0.676333 0.207447
v -0.246760 0.547000 0.207438
v -0.246715 0.417667 0.207447
v 0.077995 0.187675 0.218787
v -0.007536 0.187630 0.215792
v -0.093067 0.187675 0.212813
v 0.078045 0.188058 0.217103
v -0.007477 0.188019 0.214104
v -0.092999 0.188058 0.211130
v 0.078079 0.188573 0.215929
v -0.007435 0.188540 0.212924
v -0.092951 0.188573 0.209956
v 0.078132 0.191869 0.214430
v -0.007383 0.191850 0.211412
v -0.092899 0.191869 0.208458
v 0.078157 0.205622 0.213916
v -0.007364 0.205609 0.210891
v -0.092888 0.205622 0.207943
v 0.078179 0.241447 0.213533
v -0.007351 0.241439 0.210501
v -0.092883 0.241447 0.207560
v -0.093067 0.906325 0.212813
v -0.007536 0.906370 0.215792
v 0.077995 0.906325 0.218787
v -0.093000 0.905942 0.211130
v -0.007477 0.905981 0.214104
v 0.078045 0.905942 0.217103
v -0.092952 0.905427 0.209956
v -0.007435 0.905460 0.212924
v 0.078079 0.905427 0.215929
v -0.092899 0.902131 0.208458
v -0.007383 0.902150 0.211412
v 0.078132 0.902131 0.214430
v -0.092888 0.888378 0.207943
v -0.007364 0.888391 0.210891
v 0.078157 0.888378 0.213916
v -0.092883 0.852553 0.207560
v -0.007351 0.852561 0.210501
v 0.078179 0.852553 0.213533
v 0.231644 0.676333 0.224152
v 0.231689 0.547000 0.224146
v 0.231644 0.417667 0.224152
v 0.231319 0.676324 0.222455
v 0.231359 0.547000 0.222444
v 0.231319 0.417675 0.222455
v 0.230846 0.676318 0.221264
v 0.230879 0.547000 0.221246
v 0.230846 0.417682 0.221264
v 0.228228 0.676318 0.219672
v 0.228248 0.547000 0.219640
v 0.228228 0.417682 0.219672
v 0.218874 0.676324 0.218830
v 0.218888 0.547000 0.218792
v 0.218874 0.417675 0.218830
v 0.194952 0.676333 0.217611
v 0.194962 0.547000 0.217566
v 0.194952 0.417667 0.217611
v 0.194328 0.187675 0.235477
v 0.194460 0.187630 0.231928
v 0.194576 0.187675 0.228378
v 0.218264 0.188058 0.236305
v 0.218401 0.188019 0.232764
v 0.218511 0.188058 0.229222
v 0.227636 0.188573 0.236625
v 0.227779 0.188540 0.233091
v 0.227883 0.188573 0.229557
v 0.230306 0.191869 0.236718
v 0.230462 0.191850 0.233185
v 0.230553 0.191869 0.229650
v 0.230820 0.205622 0.236743
v 0.230983 0.205609 0.233203
v 0.231067 0.205622 0.229661
v 0.231203 0.241447 0.236765
v 0.231372 0.241439 0.233217
v 0.231451 0.241447 0.229666
v 0.194576 0.906325 0.228378
v 0.194460 0.906370 0.231928
v 0.194328 0.906325 0.235477
v 0.218511 0.905942 0.229222
v 0.218401 0.905981 0.232764
v 0.218264 0.905942 0.236305
v 0.227883 0.905427 0.229557
v 0.227779 0.905460 0.233091
v 0.227636 0.905427 0.236625
v 0.230553 0.902131 0.229650
v 0.230462 0.902150 0.233185
v 0.230306 0.902131 0.236718
v 0.231067 0.888378 0.229661
v 0.230983 0.888391 0.233203
v 0.230820 0.888378 0.236743
v 0.231451 0.852553 0.229666
v 0.231372 0.852561 0.233217
v 0.231203 0.852553 0.236765
v 0.193952 0.676333 0.246244
v 0.193959 0.547000 0.246290
v 0.193952 0.417667 0.246244
v 0.217901 0.676324 0.246697
v 0.217913 0.547000 0.246736
v 0.217901 0.417675 0.246697
v 0.227291 0.676318 0.246510
v 0.227309 0.547000 0.246543
v 0.227291 0.417682 0.246510
v 0.230013 0.676318 0.245104
v 0.230045 0.547000 0.245124
v 0.230013 0.417682 0.245104
v 0.230568 0.676324 0.243948
v 0.230607 0.547000 0.243963
v 0.230568 0.417675 0.243948
v 0.231011 0.676333 0.242278
v 0.231055 0.547000 0.242288
v 0.231011 0.417667 0.242278
v -0.093700 0.187675 0.230939
v -0.008169 0.187630 0.233934
v 0.077362 0.187675 0.236913
v -0.093750 0.188058 0.232623
v -0.008228 0.188019 0.235622
v 0.077295 0.188058 0.238596
v -0.093784 0.188573 0.233797
v -0.008269 0.188540 0.236802
v 0.077247 0.188573 0.239770
v -0.093836 0.191869 0.235296
v -0.008322 0.191850 0.238314
v 0.077194 0.191869 0.241268
v -0.093861 0.205622 0.235810
v -0.008340 0.205609 0.238835
v 0.077183 0.205622 0.241783
v -0.093883 0.241447 0.236193
v -0.008354 0.241439 0.239225
v 0.077179 0.241447 0.242166
v 0.077362 0.906325 0.236913
v -0.008169 0.906370 0.233934
v -0.093700 0.906325 0.230939
v 0.077295 0.905942 0.238596
v -0.008228 0.905981 0.235622
v -0.093750 0.905942 0.232623
v 0.077247 0.905427 0.239770
v -0.008269 0.905460 0.236802
v -0.093784 0.905427 0.233797
v 0.077194 0.902131 0.241268
v -0.008322 0.902150 0.238314
v -0.093836 0.902131 0.235296
v 0.077183 0.888378 0.241783
v -0.008340 0.888391 0.238835
v -0.093861 0.888378 0.235810
v 0.077179 0.852553 0.242166
v -0.008354 0.852561 0.239225
v -0.093883 0.852553 0.236193
v -0.093272 0.187251 0.218313
v -0.007728 0.187198 0.221299
v 0.077816 0.187251 0.224288
v -0.093398 0.187198 0.221876
v -0.007852 0.187145 0.224863
v 0.077693 0.187198 0.227850
v -0.093521 0.187251 0.225438
v -0.007977 0.187198 0.228427
v 0.077567 0.187251 0.231413
vn -0.0343 -0.0004 0.9994
vn -0.0343 0.0004 0.9994
vn -0.0355 -0.0004 0.9994
vn -0.0355 0.0004 0.9994
vn -0.0328 -0.0015 0.9995
vn -0.0327 -0.0004 0.9995
vn -0.0326 0.0004 0.9995
vn -0.0327 0.0014 0.9995
vn -0.0343 0.0015 0.9994
vn -0.0355 0.0015 0.9994
vn -0.0371 0.0014 0.9993
vn -0.0372 0.0004 0.9993
vn -0.0371 -0.0004 0.9993
vn -0.0370 -0.0015 0.9993
vn -0.0355 -0.0015 0.9994
vn -0.0343 -0.0015 0.9994
vn 0.9998 -0.0004 0.0201
vn 0.9998 0.0004 0.0199
vn 0.9988 -0.0004 0.0497
vn 0.9988 0.0004 0.0499
vn 0.9999 -0.0015 -0.0129
vn 0.9999 -0.0004 -0.0155
vn 0.9999 0.0004 -0.0164
vn 0.9999 0.0014 -0.0155
vn 0.9998 0.0015 0.0201
vn 0.9988 0.0015 0.0497
vn 0.9964 0.0014 0.0852
vn 0.9963 0.0004 0.0861
vn 0.9964 -0.0004 0.0852
vn 0.9966 -0.0015 0.0826
vn 0.9988 -0.0015 0.0489
vn 0.9998 -0.0015 0.0209
vn 0.0011 0.9999 -0.0148
vn -0.0001 0.9999 -0.0151
vn 0.0001 0.9999 0.0148
vn -0.0011 0.9999 0.0150
vn 0.0039 0.9989 -0.0477
vn 0.0024 0.9987 -0.0503
vn 0.0012 0.9987 -0.0513
vn -0.0003 0.9987 -0.0504
vn -0.0017 0.9999 -0.0148
vn -0.0027 0.9999 0.0147
vn -0.0039 0.9987 0.0503
vn -0.0024 0.9987 0.0512
vn -0.0011 0.9987 0.0504
vn 0.0006 0.9989 0.0478
vn 0.0018 0.9999 0.0141
vn 0.0028 0.9999 -0.0139
vn -0.9998 -0.0004 -0.0201
vn -0.9998 0.0004 -0.0199
vn -0.9988 -0.0004 -0.0497
vn -0.9988 0.0004 -0.0499
vn -0.9999 -0.0015 0.0129
vn -0.9999 -0.0004 0.0155
vn -0.9999 0.0004 0.0164
vn -0.9999 0.0014 0.0155
vn -0.9998 0.0015 -0.0201
vn -0.9988 0.0015 -0.0497
vn -0.9964 0.0014 -0.0852
vn -0.9963 0.0004 -0.0861
vn -0.9964 -0.0004 -0.0852
vn -0.9966 -0.0015 -0.0826
vn -0.9988 -0.0015 -0.0489
vn -0.9998 -0.0015 -0.0209
vn 0.0343 -0.0004 -0.9994
vn 0.0343 0.0004 -0.9994
vn 0.0355 -0.0004 -0.9994
vn 0.0355 0.0004 -0.9994
vn 0.0328 -0.0015 -0.9995
vn 0.0327 -0.0004 -0.9995
vn 0.0326 0.0004 -0.9995
vn 0.0327 0.0014 -0.9995
vn 0.0343 0.0015 -0.9994
vn 0.0355 0.0015 -0.9994
vn 0.0371 0.0014 -0.9993
vn 0.0372 0.0004 -0.9993
vn 0.0371 -0.0004 -0.9993
vn 0.0370 -0.0015 -0.9993
vn 0.0355 -0.0015 -0.9994
vn 0.0343 -0.0015 -0.9994
vn -0.0204 -0.9837 0.1786
vn -0.0248 -0.9360 0.3511
vn -0.0545 -0.9870 0.1510
vn -0.0545 -0.9501 0.3070
vn -0.0089 -0.9953 0.0969
vn -0.0120 -0.9798 0.1997
vn -0.0177 -0.9259 0.3773
vn -0.0252 -0.7949 0.6062
vn -0.0318 -0.8032 0.5948
vn -0.0569 -0.8222 0.5664
vn -0.2429 -0.8704 0.4283
vn -0.2769 -0.9247 0.2614
vn -0.2959 -0.9461 0.1313
vn -0.3061 -0.9502 0.0587
vn -0.0552 -0.9960 0.0709
vn -0.0183 -0.9962 0.0849
vn -0.0472 -0.0094 0.9988
vn -0.0785 -0.0083 0.9969
vn -0.0450 -0.0335 0.9984
vn -0.0704 -0.0298 0.9971
vn -0.0399 -0.0037 0.9992
vn -0.0489 -0.0033 0.9988
vn -0.0840 -0.0029 0.9965
vn -0.3264 -0.0027 0.9452
vn -0.3071 -0.0073 0.9516
vn -0.2701 -0.0255 0.9625
vn -0.1726 -0.1795 0.9685
vn -0.0628 -0.2096 0.9758
vn -0.0430 -0.2265 0.9731
vn -0.0373 -0.2364 0.9709
vn -0.0385 -0.0360 0.9986
vn -0.0392 -0.0102 0.9992
vn -0.9861 -0.0084 0.1657
vn -0.9889 -0.0301 0.1454
vn -0.9385 -0.0075 0.3452
vn -0.9472 -0.0258 0.3196
vn -0.9975 -0.0034 0.0712
vn -0.9980 -0.0094 0.0624
vn -0.9981 -0.0336 0.0511
vn -0.9731 -0.2262 0.0440
vn -0.9696 -0.2086 0.1279
vn -0.9414 -0.1769 0.2872
vn -0.8318 -0.1212 0.5418
vn -0.8231 -0.0229 0.5674
vn -0.8156 -0.0070 0.5786
vn -0.8112 -0.0026 0.5848
vn -0.9327 -0.0027 0.3605
vn -0.9837 -0.0030 0.1798
vn -0.0489 0.0082 0.9988
vn -0.0472 0.0297 0.9984
vn -0.0840 0.0068 0.9964
vn -0.0786 0.0243 0.9966
vn -0.0404 0.0033 0.9992
vn -0.0399 0.0094 0.9992
vn -0.0393 0.0335 0.9987
vn -0.0379 0.2265 0.9733
vn -0.0449 0.2095 0.9768
vn -0.0715 0.1782 0.9814
vn -0.2716 0.1055 0.9566
vn -0.3073 0.0203 0.9514
vn -0.3264 0.0062 0.9452
vn -0.3375 0.0023 0.9413
vn -0.0875 0.0024 0.9962
vn -0.0502 0.0029 0.9987
vn -0.0196 0.9797 0.1995
vn -0.0505 0.9826 0.1787
vn -0.0243 0.9258 0.3772
vn -0.0503 0.9349 0.3514
vn -0.0088 0.9944 0.1058
vn -0.0175 0.9952 0.0968
vn -0.0523 0.9950 0.0845
vn -0.2954 0.9529 0.0691
vn -0.2780 0.9481 0.1545
vn -0.2458 0.9169 0.3145
vn -0.1851 0.8047 0.5641
vn -0.0546 0.8023 0.5944
vn -0.0317 0.7948 0.6060
vn -0.0253 0.7902 0.6123
vn -0.0178 0.9196 0.3925
vn -0.0120 0.9768 0.2137
vn -0.9895 0.0094 0.1446
vn -0.9478 0.0084 0.3187
vn -0.9926 0.0335 0.1171
vn -0.9613 0.0298 0.2739
vn -0.9980 0.0037 0.0624
vn -0.9862 0.0034 0.1655
vn -0.9386 0.0030 0.3451
vn -0.8156 0.0027 0.5786
vn -0.8236 0.0074 0.5671
vn -0.8424 0.0252 0.5382
vn -0.9041 0.1725 0.3909
vn -0.9518 0.2053 0.2279
vn -0.9690 0.2251 0.1023
vn -0.9712 0.2360 0.0328
vn -0.9987 0.0359 0.0373
vn -0.9987 0.0102 0.0505
vn -0.0056 -0.9797 -0.2004
vn -0.0379 -0.9826 -0.1818
vn 0.0020 -0.9258 -0.3780
vn -0.0256 -0.9349 -0.3541
vn -0.0014 -0.9944 -0.1061
vn -0.0107 -0.9952 -0.0977
vn -0.0463 -0.9950 -0.0880
vn -0.2898 -0.9529 -0.0895
vn -0.2665 -0.9481 -0.1735
vn -0.2233 -0.9169 -0.3309
vn -0.1454 -0.8047 -0.5756
vn -0.0130 -0.8023 -0.5967
vn 0.0107 -0.7948 -0.6068
vn 0.0175 -0.7903 -0.6125
vn 0.0096 -0.9196 -0.3927
vn 0.0029 -0.9768 -0.2140
vn -0.9770 -0.0094 -0.2132
vn -0.9233 -0.0084 -0.3840
vn -0.9820 -0.0335 -0.1860
vn -0.9398 -0.0298 -0.3403
vn -0.9913 -0.0037 -0.1319
vn -0.9722 -0.0034 -0.2340
vn -0.9122 -0.0030 -0.4097
vn -0.7733 -0.0027 -0.6341
vn -0.7820 -0.0074 -0.6232
vn -0.8028 -0.0252 -0.5957
vn -0.8747 -0.1725 -0.4530
vn -0.9336 -0.2053 -0.2938
vn -0.9595 -0.2251 -0.1697
vn -0.9665 -0.2361 -0.1005
vn -0.9936 -0.0359 -0.1069
vn -0.9927 -0.0102 -0.1201
vn 0.0209 -0.0082 -0.9997
vn 0.0225 -0.0297 -0.9993
vn -0.0143 -0.0068 -0.9999
vn -0.0088 -0.0243 -0.9997
vn 0.0294 -0.0033 -0.9996
vn 0.0299 -0.0094 -0.9995
vn 0.0305 -0.0335 -0.9990
vn 0.0301 -0.2265 -0.9736
vn 0.0233 -0.2095 -0.9775
vn -0.0028 -0.1782 -0.9840
vn -0.2042 -0.1055 -0.9732
vn -0.2401 -0.0203 -0.9705
vn -0.2597 -0.0062 -0.9657
vn -0.2710 -0.0023 -0.9626
vn -0.0178 -0.0024 -0.9998
vn 0.0196 -0.0029 -0.9998
vn -0.0079 0.9837 -0.1796
vn -0.0003 0.9360 -0.3520
vn -0.0438 0.9870 -0.1544
vn -0.0330 0.9501 -0.3101
vn -0.0021 0.9953 -0.0973
vn 0.0019 0.9798 -0.2000
vn 0.0087 0.9259 -0.3776
vn 0.0171 0.7949 -0.6065
vn 0.0097 0.8032 -0.5956
vn -0.0172 0.8222 -0.5689
vn -0.2125 0.8704 -0.4442
vn -0.2580 0.9247 -0.2800
vn -0.2860 0.9461 -0.1516
vn -0.3013 0.9502 -0.0799
vn -0.0501 0.9960 -0.0746
vn -0.0123 0.9962 -0.0860
vn 0.0226 0.0094 -0.9997
vn -0.0087 0.0083 -0.9999
vn 0.0247 0.0335 -0.9991
vn -0.0007 0.0298 -0.9996
vn 0.0299 0.0037 -0.9995
vn 0.0209 0.0033 -0.9998
vn -0.0143 0.0029 -0.9999
vn -0.2596 0.0027 -0.9657
vn -0.2400 0.0073 -0.9707
vn -0.2023 0.0255 -0.9790
vn -0.1046 0.1795 -0.9782
vn 0.0054 0.2096 -0.9778
vn 0.0250 0.2265 -0.9737
vn 0.0306 0.2364 -0.9712
vn 0.0312 0.0360 -0.9989
vn 0.0305 0.0102 -0.9995
vn -0.9722 0.0084 -0.2341
vn -0.9764 0.0301 -0.2141
vn -0.9121 0.0075 -0.4098
vn -0.9226 0.0258 -0.3849
vn -0.9901 0.0034 -0.1406
vn -0.9912 0.0094 -0.1319
vn -0.9921 0.0336 -0.1206
vn -0.9677 0.2262 -0.1118
vn -0.9583 0.2086 -0.1952
vn -0.9191 0.1769 -0.3522
vn -0.7919 0.1212 -0.5985
vn -0.7815 0.0229 -0.6235
vn -0.7732 0.0070 -0.6341
vn -0.7684 0.0026 -0.6399
vn -0.9053 0.0027 -0.4247
vn -0.9688 0.0030 -0.2479
vn 0.0056 -0.9797 0.2004
vn 0.0379 -0.9826 0.1818
vn -0.0020 -0.9258 0.3780
vn 0.0256 -0.9349 0.3541
vn 0.0014 -0.9944 0.1061
vn 0.0107 -0.9952 0.0977
vn 0.0463 -0.9950 0.0880
vn 0.2898 -0.9529 0.0895
vn 0.2665 -0.9481 0.1735
vn 0.2233 -0.9169 0.3309
vn 0.1454 -0.8047 0.5756
vn 0.0130 -0.8023 0.5967
vn -0.0107 -0.7948 0.6068
vn -0.0175 -0.7903 0.6125
vn -0.0096 -0.9196 0.3927
vn -0.0029 -0.9768 0.2140
vn 0.9770 -0.0094 0.2132
vn 0.9233 -0.0084 0.3840
vn 0.9820 -0.0335 0.1861
vn 0.9398 -0.0298 0.3403
vn 0.9913 -0.0037 0.1319
vn 0.9722 -0.0034 0.2340
vn 0.9122 -0.0030 0.4098
vn 0.7732 -0.0027 0.6341
vn 0.7821 -0.0074 0.6232
vn 0.8028 -0.0252 0.5957
vn 0.8747 -0.1725 0.4530
vn 0.9336 -0.2053 0.2938
vn 0.9595 -0.2251 0.1697
vn 0.9665 -0.2361 0.1005
vn 0.9936 -0.0359 0.1069
vn 0.9927 -0.0102 0.1201
vn -0.0209 -0.0082 0.9997
vn -0.0225 -0.0297 0.9993
vn 0.0143 -0.0068 0.9999
vn 0.0088 -0.0243 0.9997
vn -0.0294 -0.0033 0.9996
vn -0.0299 -0.0094 0.9995
vn -0.0305 -0.0335 0.9990
vn -0.0301 -0.2265 0.9736
vn -0.0233 -0.2095 0.9775
vn 0.0028 -0.1782 0.9840
vn 0.2042 -0.1055 0.9732
vn 0.2401 -0.0203 0.9705
vn 0.2597 -0.0062 0.9657
vn 0.2710 -0.0023 0.9626
vn 0.0178 -0.0024 0.9998
vn -0.0196 -0.0029 0.9998
vn 0.0079 0.9837 0.1796
vn 0.0003 0.9360 0.3520
vn 0.0438 0.9870 0.1544
vn 0.0330 0.9501 0.3101
vn 0.0021 0.9953 0.0973
vn -0.0019 0.9798 0.2000
vn -0.0087 0.9259 0.3776
vn -0.0171 0.7949 0.6065
vn -0.0097 0.8032 0.5956
vn 0.0172 0.8222 0.5689
vn 0.2125 0.8704 0.4442
vn 0.2580 0.9247 0.2800
vn 0.2861 0.9461 0.1516
vn 0.3013 0.9502 0.0799
vn 0.0501 0.9960 0.0746
vn 0.0123 0.9962 0.0860
vn -0.0226 0.0094 0.9997
vn 0.0087 0.0083 0.9999
vn -0.0247 0.0335 0.9991
vn 0.0007 0.0298 0.9996
vn -0.0299 0.0037 0.9995
vn -0.0209 0.0033 0.9998
vn 0.0143 0.0029 0.9999
vn 0.2596 0.0027 0.9657
vn 0.2400 0.0073 0.9707
vn 0.2023 0.0255 0.9790
vn 0.1046 0.1795 0.9782
vn -0.0054 0.2096 0.9778
vn -0.0250 0.2265 0.9737
vn -0.0306 0.2364 0.9712
vn -0.0312 0.0360 0.9989
vn -0.0305 0.0102 0.9995
vn 0.9722 0.0084 0.2341
vn 0.9764 0.0301 0.2141
vn 0.9121 0.0075 0.4098
vn 0.9226 0.0258 0.3849
vn 0.9901 0.0034 0.1406
vn 0.9912 0.0094 0.1319
vn 0.9921 0.0336 0.1206
vn 0.9677 0.2262 0.1118
vn 0.9583 0.2086 0.1952
vn 0.9191 0.1769 0.3522
vn 0.7919 0.1212 0.5985
vn 0.7815 0.0229 0.6235
vn 0.7732 0.0070 0.6341
vn 0.7684 0.0026 0.6400
vn 0.9054 0.0027 0.4247
vn 0.9688 0.0030 0.2479
vn 0.0204 -0.9837 -0.1786
vn 0.0248 -0.9360 -0.3511
vn 0.0545 -0.9870 -0.1510
vn 0.0545 -0.9501 -0.3070
vn 0.0089 -0.9953 -0.0969
vn 0.0120 -0.9798 -0.1997
vn 0.0177 -0.9259 -0.3773
vn 0.0252 -0.7949 -0.6062
vn 0.0318 -0.8032 -0.5948
vn 0.0569 -0.8222 -0.5664
vn 0.2429 -0.8704 -0.4283
vn 0.2769 -0.9247 -0.2614
vn 0.2960 -0.9461 -0.1313
vn 0.3061 -0.9502 -0.0587
vn 0.0552 -0.9960 -0.0709
vn 0.0183 -0.9962 -0.0849
vn 0.0472 -0.0094 -0.9988
vn 0.0785 -0.0083 -0.9969
vn 0.0450 -0.0335 -0.9984
vn 0.0704 -0.0298 -0.9971
vn 0.0399 -0.0037 -0.9992
vn 0.0489 -0.0033 -0.9988
vn 0.0840 -0.0029 -0.9965
vn 0.3264 -0.0027 -0.9452
vn 0.3071 -0.0073 -0.9516
vn 0.2701 -0.0255 -0.9625
vn 0.1726 -0.1795 -0.9685
vn 0.0628 -0.2096 -0.9758
vn 0.0430 -0.2265 -0.9731
vn 0.0373 -0.2364 -0.9709
vn 0.0385 -0.0360 -0.9986
vn 0.0392 -0.0102 -0.9992
vn 0.9861 -0.0084 -0.1657
vn 0.9889 -0.0301 -0.1454
vn 0.9385 -0.0075 -0.3452
vn 0.9472 -0.0258 -0.3196
vn 0.9975 -0.0034 -0.0712
vn 0.9980 -0.0094 -0.0625
vn 0.9981 -0.0336 -0.0511
vn 0.9731 -0.2262 -0.0440
vn 0.9696 -0.2086 -0.1279
vn 0.9414 -0.1769 -0.2872
vn 0.8318 -0.1212 -0.5418
vn 0.8231 -0.0229 -0.5674
vn 0.8155 -0.0070 -0.5786
vn 0.8112 -0.0026 -0.5848
vn 0.9328 -0.0027 -0.3605
vn 0.9837 -0.0030 -0.1798
vn 0.0196 0.9797 -0.1996
vn 0.0505 0.9826 -0.1787
vn 0.0244 0.9258 -0.3772
vn 0.0503 0.9349 -0.3514
vn 0.0088 0.9944 -0.1058
vn 0.0175 0.9952 -0.0968
vn 0.0523 0.9950 -0.0846
vn 0.2954 0.9529 -0.0691
vn 0.2780 0.9481 -0.1545
vn 0.2458 0.9169 -0.3145
vn 0.1851 0.8047 -0.5640
vn 0.0546 0.8023 -0.5944
vn 0.0317 0.7948 -0.6060
vn 0.0253 0.7903 -0.6123
vn 0.0178 0.9196 -0.3925
vn 0.0120 0.9768 -0.2137
vn 0.9895 0.0094 -0.1445
vn 0.9478 0.0084 -0.3187
vn 0.9926 0.0335 -0.1171
vn 0.9613 0.0298 -0.2739
vn 0.9980 0.0037 -0.0624
vn 0.9862 0.0034 -0.1655
vn 0.9386 0.0030 -0.3451
vn 0.8156 0.0027 -0.5786
vn 0.8236 0.0074 -0.5671
vn 0.8424 0.0252 -0.5383
vn 0.9041 0.1725 -0.3908
vn 0.9518 0.2053 -0.2279
vn 0.9690 0.2251 -0.1023
vn 0.9712 0.2361 -0.0328
vn 0.9987 0.0359 -0.0373
vn 0.9987 0.0102 -0.0506
vn 0.0489 0.0082 -0.9988
vn 0.0472 0.0297 -0.9984
vn 0.0840 0.0068 -0.9964
vn 0.0786 0.0243 -0.9966
vn 0.0404 0.0033 -0.9992
vn 0.0399 0.0094 -0.9992
vn 0.0393 0.0335 -0.9987
vn 0.0379 0.2265 -0.9733
vn 0.0449 0.2095 -0.9768
vn 0.0715 0.1782 -0.9814
vn 0.2716 0.1055 -0.9566
vn 0.3073 0.0203 -0.9514
vn 0.3264 0.0062 -0.9452
vn 0.3375 0.0023 -0.9413
vn 0.0875 0.0024 -0.9962
vn 0.0502 0.0029 -0.9987
vn -0.0156 -0.9998 -0.0133
vn -0.0166 -0.9998 0.0105
vn -0.0544 -0.9984 -0.0131
vn -0.0558 -0.9984 0.0075
vn -0.0038 -0.9988 -0.0480
vn -0.0053 -0.9999 -0.0142
vn -0.0063 -0.9999 0.0125
vn -0.0073 -0.9990 0.0433
vn -0.0173 -0.9991 0.0374
vn -0.0559 -0.9980 0.0304
vn -0.3114 -0.9501 0.0202
vn -0.3128 -0.9498 -0.0019
vn -0.3101 -0.9505 -0.0212
vn -0.3029 -0.9519 -0.0460
vn -0.0514 -0.9979 -0.0402
vn -0.0138 -0.9989 -0.0440
vn -0.9982 -0.0374 -0.0460
vn -0.9990 -0.0379 -0.0255
vn -0.9988 -0.0107 -0.0476
vn -0.9997 -0.0109 -0.0238
vn -0.9692 -0.2363 -0.0686
vn -0.9693 -0.2420 -0.0440
vn -0.9695 -0.2438 -0.0251
vn -0.9703 -0.2419 -0.0040
vn -0.9993 -0.0374 -0.0029
vn -0.9999 -0.0107 0.0031
vn -1.0000 -0.0039 0.0086
vn -0.9997 -0.0039 -0.0222
vn -0.9988 -0.0039 -0.0489
vn -0.9966 -0.0037 -0.0826
vn -0.9969 -0.0102 -0.0784
vn -0.9967 -0.0360 -0.0731
vn -0.0509 -0.0003 0.9987
vn -0.0511 0.0003 0.9987
vn -0.0896 -0.0003 0.9960
vn -0.0903 0.0003 0.9959
vn -0.0404 -0.0014 0.9992
vn -0.0407 -0.0004 0.9992
vn -0.0408 0.0003 0.9992
vn -0.0407 0.0013 0.9992
vn -0.0509 0.0011 0.9987
vn -0.0896 0.0009 0.9960
vn -0.3436 0.0009 0.9391
vn -0.3456 0.0002 0.9384
vn -0.3436 -0.0003 0.9391
vn -0.3375 -0.0010 0.9413
vn -0.0875 -0.0011 0.9962
vn -0.0502 -0.0013 0.9987
vn -0.9294 -0.0003 0.3690
vn -0.9283 0.0003 0.3717
vn -0.9822 -0.0004 0.1879
vn -0.9817 0.0003 0.1906
vn -0.8112 -0.0010 0.5848
vn -0.8088 -0.0003 0.5881
vn -0.8081 0.0003 0.5891
vn -0.8088 0.0010 0.5881
vn -0.9294 0.0010 0.3690
vn -0.9822 0.0011 0.1879
vn -0.9971 0.0013 0.0766
vn -0.9969 0.0004 0.0783
vn -0.9971 -0.0004 0.0765
vn -0.9975 -0.0014 0.0712
vn -0.9837 -0.0013 0.1797
vn -0.9328 -0.0011 0.3605
vn -0.0165 0.9998 0.0122
vn -0.0159 0.9998 -0.0117
vn -0.0551 0.9984 0.0093
vn -0.0551 0.9984 -0.0113
vn -0.0072 0.9988 0.0476
vn -0.0063 0.9999 0.0138
vn -0.0055 0.9999 -0.0129
vn -0.0043 0.9990 -0.0437
vn -0.0147 0.9991 -0.0385
vn -0.0536 0.9980 -0.0342
vn -0.3093 0.9500 -0.0419
vn -0.3121 0.9498 -0.0200
vn -0.3108 0.9505 -0.0005
vn -0.3054 0.9519 0.0248
vn -0.0541 0.9979 0.0365
vn -0.0168 0.9989 0.0430
vn -0.9990 0.0374 -0.0237
vn -0.9983 0.0379 -0.0442
vn -0.9997 0.0107 -0.0222
vn -0.9989 0.0109 -0.0460
vn -0.9717 0.2363 0.0009
vn -0.9700 0.2420 -0.0237
vn -0.9689 0.2438 -0.0426
vn -0.9682 0.2419 -0.0637
vn -0.9971 0.0374 -0.0668
vn -0.9973 0.0107 -0.0728
vn -0.9969 0.0039 -0.0783
vn -0.9989 0.0039 -0.0476
vn -0.9998 0.0039 -0.0209
vn -0.9999 0.0037 0.0129
vn -0.9999 0.0102 0.0086
vn -0.9993 0.0360 0.0033
vn 0.0189 0.0003 -0.9998
vn 0.0186 -0.0003 -0.9998
vn -0.0199 0.0003 -0.9998
vn -0.0206 -0.0003 -0.9998
vn 0.0294 0.0014 -0.9996
vn 0.0291 0.0004 -0.9996
vn 0.0290 -0.0003 -0.9996
vn 0.0291 -0.0013 -0.9996
vn 0.0189 -0.0011 -0.9998
vn -0.0199 -0.0009 -0.9998
vn -0.2773 -0.0009 -0.9608
vn -0.2793 -0.0002 -0.9602
vn -0.2773 0.0003 -0.9608
vn -0.2710 0.0010 -0.9626
vn -0.0178 0.0011 -0.9998
vn 0.0196 0.0013 -0.9998
vn -0.9014 0.0003 -0.4329
vn -0.9001 -0.0003 -0.4356
vn -0.9667 0.0004 -0.2560
vn -0.9660 -0.0003 -0.2586
vn -0.7684 0.0010 -0.6399
vn -0.7658 0.0003 -0.6430
vn -0.7650 -0.0003 -0.6440
vn -0.7658 -0.0010 -0.6430
vn -0.9014 -0.0010 -0.4329
vn -0.9667 -0.0011 -0.2560
vn -0.9893 -0.0013 -0.1459
vn -0.9890 -0.0004 -0.1477
vn -0.9893 0.0004 -0.1459
vn -0.9901 0.0014 -0.1406
vn -0.9688 0.0013 -0.2479
vn -0.9053 0.0011 -0.4247
vn 0.0083 -0.9750 -0.2219
vn 0.0074 -0.9744 -0.2246
vn 0.0145 -0.9160 -0.4009
vn 0.0137 -0.9148 -0.4037
vn 0.0058 -0.9944 -0.1058
vn 0.0045 -0.9938 -0.1112
vn 0.0034 -0.9936 -0.1130
vn 0.0020 -0.9938 -0.1113
vn 0.0060 -0.9750 -0.2220
vn 0.0124 -0.9160 -0.4010
vn 0.0200 -0.7878 -0.6156
vn 0.0211 -0.7870 -0.6166
vn 0.0219 -0.7878 -0.6155
vn 0.0229 -0.7903 -0.6123
vn 0.0154 -0.9196 -0.3925
vn 0.0094 -0.9768 -0.2138
vn 0.0353 -0.0374 -0.9987
vn 0.0345 -0.0379 -0.9987
vn 0.0354 -0.0107 -0.9993
vn 0.0344 -0.0109 -0.9993
vn 0.0354 -0.2364 -0.9710
vn 0.0343 -0.2420 -0.9697
vn 0.0335 -0.2438 -0.9692
vn 0.0326 -0.2420 -0.9697
vn 0.0335 -0.0374 -0.9987
vn 0.0332 -0.0107 -0.9994
vn 0.0330 -0.0039 -0.9994
vn 0.0344 -0.0039 -0.9994
vn 0.0355 -0.0039 -0.9994
vn 0.0370 -0.0037 -0.9993
vn 0.0368 -0.0102 -0.9993
vn 0.0365 -0.0360 -0.9987
vn 0.0072 0.9750 -0.2220
vn 0.0083 0.9744 -0.2245
vn 0.0135 0.9160 -0.4010
vn 0.0145 0.9148 -0.4037
vn 0.0016 0.9944 -0.1060
vn 0.0033 0.9938 -0.1113
vn 0.0045 0.9936 -0.1130
vn 0.0058 0.9938 -0.1112
vn 0.0095 0.9750 -0.2219
vn 0.0156 0.9160 -0.4009
vn 0.0230 0.7878 -0.6155
vn 0.0219 0.7870 -0.6166
vn 0.0211 0.7878 -0.6156
vn 0.0198 0.7903 -0.6125
vn 0.0120 0.9196 -0.3926
vn 0.0055 0.9768 -0.2139
vn 0.0344 0.0374 -0.9987
vn 0.0353 0.0379 -0.9987
vn 0.0344 0.0107 -0.9994
vn 0.0354 0.0109 -0.9993
vn 0.0324 0.2364 -0.9711
vn 0.0334 0.2420 -0.9697
vn 0.0342 0.2438 -0.9692
vn 0.0352 0.2420 -0.9696
vn 0.0363 0.0374 -0.9986
vn 0.0366 0.0107 -0.9993
vn 0.0368 0.0039 -0.9993
vn 0.0354 0.0039 -0.9994
vn 0.0343 0.0039 -0.9994
vn 0.0328 0.0037 -0.9995
vn 0.0330 0.0102 -0.9994
vn 0.0332 0.0360 -0.9988
vn 0.9822 0.0004 -0.1879
vn 0.9817 -0.0003 -0.1906
vn 0.9294 0.0003 -0.3690
vn 0.9283 -0.0003 -0.3718
vn 0.9975 0.0014 -0.0712
vn 0.9971 0.0004 -0.0766
vn 0.9969 -0.0004 -0.0783
vn 0.9971 -0.0013 -0.0766
vn 0.9822 -0.0011 -0.1879
vn 0.9294 -0.0010 -0.3690
vn 0.8088 -0.0010 -0.5881
vn 0.8081 -0.0003 -0.5891
vn 0.8088 0.0003 -0.5881
vn 0.8112 0.0010 -0.5848
vn 0.9328 0.0011 -0.3605
vn 0.9837 0.0013 -0.1797
vn 0.0896 0.0003 -0.9960
vn 0.0903 -0.0003 -0.9959
vn 0.0509 0.0003 -0.9987
vn 0.0511 -0.0003 -0.9987
vn 0.3375 0.0010 -0.9413
vn 0.3436 0.0003 -0.9391
vn 0.3456 -0.0002 -0.9384
vn 0.3436 -0.0009 -0.9391
vn 0.0896 -0.0009 -0.9960
vn 0.0509 -0.0011 -0.9987
vn 0.0407 -0.0013 -0.9992
vn 0.0408 -0.0003 -0.9992
vn 0.0407 0.0004 -0.9992
vn 0.0404 0.0014 -0.9992
vn 0.0502 0.0013 -0.9987
vn 0.0875 0.0011 -0.9962
vn 0.0156 -0.9998 0.0133
vn 0.0166 -0.9998 -0.0105
vn 0.0544 -0.9984 0.0131
vn 0.0557 -0.9984 -0.0075
vn 0.0038 -0.9988 0.0480
vn 0.0053 -0.9999 0.0142
vn 0.0064 -0.9999 -0.0125
vn 0.0073 -0.9990 -0.0432
vn 0.0173 -0.9991 -0.0374
vn 0.0559 -0.9980 -0.0304
vn 0.3114 -0.9501 -0.0202
vn 0.3129 -0.9498 0.0018
vn 0.3101 -0.9505 0.0212
vn 0.3029 -0.9519 0.0460
vn 0.0514 -0.9979 0.0402
vn 0.0138 -0.9989 0.0440
vn 0.9982 -0.0374 0.0460
vn 0.9990 -0.0379 0.0255
vn 0.9988 -0.0107 0.0476
vn 0.9997 -0.0109 0.0238
vn 0.9692 -0.2364 0.0686
vn 0.9693 -0.2420 0.0440
vn 0.9695 -0.2438 0.0251
vn 0.9703 -0.2419 0.0040
vn 0.9993 -0.0374 0.0029
vn 0.9999 -0.0107 -0.0030
vn 1.0000 -0.0039 -0.0086
vn 0.9997 -0.0039 0.0222
vn 0.9988 -0.0039 0.0489
vn 0.9966 -0.0037 0.0826
vn 0.9969 -0.0102 0.0783
vn 0.9967 -0.0360 0.0731
vn 0.0165 0.9998 -0.0122
vn 0.0159 0.9998 0.0116
vn 0.0551 0.9984 -0.0093
vn 0.0551 0.9984 0.0114
vn 0.0072 0.9988 -0.0476
vn 0.0063 0.9999 -0.0138
vn 0.0055 0.9999 0.0129
vn 0.0043 0.9990 0.0437
vn 0.0147 0.9991 0.0385
vn 0.0536 0.9980 0.0342
vn 0.3093 0.9501 0.0419
vn 0.3122 0.9498 0.0200
vn 0.3108 0.9505 0.0005
vn 0.3054 0.9519 -0.0248
vn 0.0541 0.9979 -0.0365
vn 0.0168 0.9989 -0.0430
vn 0.9990 0.0374 0.0237
vn 0.9983 0.0379 0.0442
vn 0.9997 0.0107 0.0222
vn 0.9989 0.0109 0.0460
vn 0.9717 0.2364 -0.0009
vn 0.9700 0.2420 0.0237
vn 0.9689 0.2438 0.0426
vn 0.9682 0.2419 0.0637
vn 0.9971 0.0374 0.0669
vn 0.9973 0.0107 0.0728
vn 0.9969 0.0039 0.0783
vn 0.9989 0.0039 0.0476
vn 0.9998 0.0039 0.0209
vn 0.9999 0.0037 -0.0129
vn 0.9999 0.0102 -0.0086
vn 0.9993 0.0360 -0.0034
vn -0.0189 0.0003 0.9998
vn -0.0186 -0.0003 0.9998
vn 0.0199 0.0003 0.9998
vn 0.0206 -0.0003 0.9998
vn -0.0294 0.0014 0.9996
vn -0.0291 0.0004 0.9996
vn -0.0290 -0.0003 0.9996
vn -0.0291 -0.0013 0.9996
vn -0.0189 -0.0011 0.9998
vn 0.0199 -0.0009 0.9998
vn 0.2773 -0.0009 0.9608
vn 0.2793 -0.0002 0.9602
vn 0.2773 0.0003 0.9608
vn 0.2710 0.0010 0.9626
vn 0.0178 0.0011 0.9998
vn -0.0196 0.0013 0.9998
vn 0.9014 0.0003 0.4329
vn 0.9001 -0.0003 0.4356
vn 0.9667 0.0004 0.2560
vn 0.9660 -0.0003 0.2586
vn 0.7684 0.0010 0.6400
vn 0.7658 0.0003 0.6431
vn 0.7650 -0.0003 0.6440
vn 0.7658 -0.0010 0.6430
vn 0.9014 -0.0010 0.4329
vn 0.9667 -0.0011 0.2560
vn 0.9893 -0.0013 0.1459
vn 0.9890 -0.0004 0.1477
vn 0.9893 0.0004 0.1459
vn 0.9901 0.0014 0.1406
vn 0.9688 0.0013 0.2479
vn 0.9054 0.0011 0.4247
vn -0.0083 -0.9750 0.2219
vn -0.0074 -0.9744 0.2246
vn -0.0145 -0.9160 0.4009
vn -0.0137 -0.9148 0.4037
vn -0.0058 -0.9944 0.1058
vn -0.0045 -0.9938 0.1112
vn -0.0034 -0.9936 0.1130
vn -0.0020 -0.9938 0.1113
vn -0.0060 -0.9750 0.2220
vn -0.0124 -0.9160 0.4010
vn -0.0200 -0.7878 0.6156
vn -0.0211 -0.7870 0.6166
vn -0.0219 -0.7878 0.6155
vn -0.0229 -0.7903 0.6123
vn -0.0154 -0.9196 0.3925
vn -0.0094 -0.9768 0.2138
vn -0.0353 -0.0374 0.9987
vn -0.0345 -0.0379 0.9987
vn -0.0354 -0.0107 0.9993
vn -0.0344 -0.0109 0.9993
vn -0.0354 -0.2364 0.9710
vn -0.0343 -0.2420 0.9697
vn -0.0335 -0.2438 0.9692
vn -0.0326 -0.2420 0.9697
vn -0.0335 -0.0374 0.9987
vn -0.0332 -0.0107 0.9994
vn -0.0330 -0.0039 0.9994
vn -0.0344 -0.0039 0.9994
vn -0.0355 -0.0039 0.9994
vn -0.0370 -0.0037 0.9993
vn -0.0368 -0.0102 0.9993
vn -0.0365 -0.0360 0.9987
vn -0.0072 0.9750 0.2220
vn -0.0083 0.9744 0.2245
vn -0.0135 0.9160 0.4010
vn -0.0145 0.9148 0.4037
vn -0.0016 0.9944 0.1060
vn -0.0033 0.9938 0.1113
vn -0.0045 0.9936 0.1130
vn -0.0058 0.9938 0.1112
vn -0.0095 0.9750 0.2219
vn -0.0156 0.9160 0.4009
vn -0.0230 0.7878 0.6155
vn -0.0219 0.7870 0.6166
vn -0.0211 0.7878 0.6156
vn -0.0198 0.7903 0.6125
vn -0.0120 0.9196 0.3926
vn -0.0055 0.9768 0.2139
vn -0.0344 0.0374 0.9987
vn -0.0353 0.0379 0.9987
vn -0.0344 0.0107 0.9994
vn -0.0354 0.0109 0.9993
vn -0.0324 0.2364 0.9711
vn -0.0334 0.2420 0.9697
vn -0.0342 0.2438 0.9692
vn -0.0352 0.2420 0.9696
vn -0.0363 0.0374 0.9986
vn -0.0366 0.0107 0.9993
vn -0.0368 0.0039 0.9993
vn -0.0354 0.0039 0.9994
vn -0.0343 0.0039 0.9994
vn -0.0328 0.0037 0.9995
vn -0.0330 0.0102 0.9994
vn -0.0332 0.0360 0.9988
vn -0.0001 -0.9999 -0.0148
vn 0.0011 -0.9999 -0.0150
vn -0.0011 -0.9999 0.0148
vn 0.0001 -0.9999 0.0151
vn -0.0006 -0.9989 -0.0478
vn 0.0011 -0.9987 -0.0504
vn 0.0024 -0.9987 -0.0512
vn 0.0039 -0.9987 -0.0503
vn 0.0027 -0.9999 -0.0147
vn 0.0017 -0.9999 0.0149
vn 0.0003 -0.9987 0.0504
vn -0.0012 -0.9987 0.0513
vn -0.0024 -0.9987 0.0503
vn -0.0039 -0.9989 0.0477
vn -0.0028 -0.9999 0.0139
vn -0.0018 -0.9999 -0.0141
vn -0.0327 -0.0014 0.9995
vn -0.0326 -0.0004 0.9995
vn -0.0327 0.0004 0.9995
vn -0.0328 0.0015 0.9995
vn -0.0370 0.0015 0.9993
vn -0.0371 0.0004 0.9993
vn -0.0372 -0.0004 0.9993
vn -0.0371 -0.0014 0.9993
vn 0.9998 -0.0004 0.0199
vn 0.9998 0.0004 0.0201
vn 0.9988 -0.0004 0.0499
vn 0.9988 0.0004 0.0497
vn 0.9999 -0.0014 -0.0155
vn 0.9999 -0.0004 -0.0164
vn 0.9999 0.0004 -0.0155
vn 0.9999 0.0015 -0.0129
vn 0.9998 0.0015 0.0209
vn 0.9988 0.0015 0.0489
vn 0.9966 0.0015 0.0826
vn 0.9964 0.0004 0.0852
vn 0.9963 -0.0004 0.0861
vn 0.9964 -0.0014 0.0852
vn 0.9988 -0.0015 0.0497
vn 0.9998 -0.0015 0.0201
vn 0.0011 0.9999 -0.0150
vn -0.0001 0.9999 -0.0148
vn 0.0001 0.9999 0.0151
vn -0.0011 0.9999 0.0148
vn 0.0039 0.9987 -0.0503
vn 0.0024 0.9987 -0.0512
vn 0.0011 0.9987 -0.0504
vn -0.0006 0.9989 -0.0478
vn -0.0018 0.9999 -0.0141
vn -0.0027 0.9999 0.0139
vn -0.0039 0.9989 0.0477
vn -0.0024 0.9987 0.0503
vn -0.0012 0.9987 0.0512
vn 0.0003 0.9987 0.0504
vn 0.0017 0.9999 0.0149
vn 0.0027 0.9999 -0.0147
vn -0.9998 -0.0004 -0.0199
vn -0.9998 0.0004 -0.0201
vn -0.9988 -0.0004 -0.0499
vn -0.9988 0.0004 -0.0497
vn -0.9999 -0.0014 0.0155
vn -0.9999 -0.0004 0.0164
vn -0.9999 0.0004 0.0155
vn -0.9999 0.0015 0.0129
vn -0.9998 0.0015 -0.0209
vn -0.9988 0.0015 -0.0489
vn -0.9966 0.0015 -0.0826
vn -0.9964 0.0004 -0.0852
vn -0.9963 -0.0004 -0.0861
vn -0.9964 -0.0014 -0.0852
vn -0.9988 -0.0015 -0.0497
vn -0.9998 -0.0015 -0.0201
vn 0.0327 -0.0014 -0.9995
vn 0.0326 -0.0004 -0.9995
vn 0.0327 0.0004 -0.9995
vn 0.0328 0.0015 -0.9995
vn 0.0370 0.0015 -0.9993
vn 0.0371 0.0004 -0.9993
vn 0.0372 -0.0004 -0.9993
vn 0.0371 -0.0014 -0.9993
vn -0.0196 -0.9797 0.1996
vn -0.0243 -0.9258 0.3772
vn -0.0505 -0.9826 0.1788
vn -0.0502 -0.9349 0.3515
vn -0.0088 -0.9944 0.1058
vn -0.0120 -0.9768 0.2137
vn -0.0178 -0.9196 0.3925
vn -0.0253 -0.7902 0.6123
vn -0.0317 -0.7948 0.6060
vn -0.0546 -0.8023 0.5944
vn -0.1851 -0.8047 0.5640
vn -0.2458 -0.9169 0.3145
vn -0.2780 -0.9481 0.1545
vn -0.2954 -0.9529 0.0691
vn -0.0523 -0.9950 0.0845
vn -0.0175 -0.9952 0.0967
vn -0.0489 -0.0082 0.9988
vn -0.0840 -0.0068 0.9964
vn -0.0472 -0.0297 0.9984
vn -0.0786 -0.0243 0.9966
vn -0.0404 -0.0033 0.9992
vn -0.0502 -0.0029 0.9987
vn -0.0875 -0.0024 0.9962
vn -0.3375 -0.0023 0.9413
vn -0.3264 -0.0062 0.9452
vn -0.3073 -0.0203 0.9514
vn -0.2716 -0.1055 0.9566
vn -0.0715 -0.1782 0.9814
vn -0.0449 -0.2095 0.9768
vn -0.0379 -0.2265 0.9733
vn -0.0393 -0.0335 0.9987
vn -0.0399 -0.0094 0.9992
vn -0.9895 -0.0094 0.1446
vn -0.9926 -0.0335 0.1171
vn -0.9478 -0.0084 0.3187
vn -0.9613 -0.0298 0.2738
vn -0.9980 -0.0037 0.0624
vn -0.9987 -0.0102 0.0505
vn -0.9987 -0.0359 0.0373
vn -0.9712 -0.2360 0.0328
vn -0.9690 -0.2251 0.1023
vn -0.9518 -0.2053 0.2279
vn -0.9041 -0.1725 0.3909
vn -0.8424 -0.0252 0.5382
vn -0.8236 -0.0074 0.5671
vn -0.8156 -0.0027 0.5786
vn -0.9386 -0.0030 0.3451
vn -0.9862 -0.0034 0.1655
vn -0.0472 0.0094 0.9988
vn -0.0450 0.0335 0.9984
vn -0.0785 0.0083 0.9969
vn -0.0704 0.0298 0.9971
vn -0.0399 0.0037 0.9992
vn -0.0392 0.0102 0.9992
vn -0.0385 0.0360 0.9986
vn -0.0373 0.2364 0.9709
vn -0.0430 0.2265 0.9731
vn -0.0628 0.2096 0.9758
vn -0.1726 0.1795 0.9685
vn -0.2701 0.0255 0.9625
vn -0.3071 0.0073 0.9516
vn -0.3264 0.0027 0.9452
vn -0.0840 0.0029 0.9965
vn -0.0489 0.0033 0.9988
vn -0.0204 0.9837 0.1786
vn -0.0545 0.9870 0.1510
vn -0.0248 0.9360 0.3511
vn -0.0545 0.9501 0.3070
vn -0.0089 0.9953 0.0969
vn -0.0183 0.9962 0.0849
vn -0.0552 0.9960 0.0709
vn -0.3062 0.9502 0.0587
vn -0.2959 0.9461 0.1313
vn -0.2769 0.9247 0.2613
vn -0.2430 0.8704 0.4282
vn -0.0569 0.8222 0.5664
vn -0.0318 0.8032 0.5948
vn -0.0252 0.7949 0.6062
vn -0.0177 0.9259 0.3773
vn -0.0120 0.9798 0.1996
vn -0.9861 0.0084 0.1656
vn -0.9385 0.0075 0.3452
vn -0.9889 0.0301 0.1454
vn -0.9472 0.0258 0.3196
vn -0.9975 0.0034 0.0712
vn -0.9837 0.0030 0.1797
vn -0.9328 0.0027 0.3605
vn -0.8112 0.0026 0.5848
vn -0.8155 0.0070 0.5786
vn -0.8231 0.0229 0.5674
vn -0.8317 0.1212 0.5418
vn -0.9414 0.1769 0.2872
vn -0.9696 0.2086 0.1279
vn -0.9731 0.2262 0.0440
vn -0.9981 0.0336 0.0511
vn -0.9980 0.0094 0.0625
vn -0.0079 -0.9837 -0.1796
vn -0.0438 -0.9870 -0.1544
vn -0.0003 -0.9360 -0.3520
vn -0.0330 -0.9501 -0.3101
vn -0.0021 -0.9953 -0.0973
vn -0.0123 -0.9962 -0.0860
vn -0.0501 -0.9960 -0.0746
vn -0.3013 -0.9502 -0.0799
vn -0.2861 -0.9461 -0.1516
vn -0.2580 -0.9247 -0.2800
vn -0.2125 -0.8704 -0.4442
vn -0.0172 -0.8222 -0.5689
vn 0.0097 -0.8032 -0.5956
vn 0.0171 -0.7949 -0.6065
vn 0.0087 -0.9259 -0.3776
vn 0.0019 -0.9798 -0.2000
vn -0.9722 -0.0084 -0.2340
vn -0.9121 -0.0075 -0.4098
vn -0.9764 -0.0301 -0.2140
vn -0.9226 -0.0258 -0.3849
vn -0.9901 -0.0034 -0.1406
vn -0.9688 -0.0030 -0.2479
vn -0.9053 -0.0027 -0.4247
vn -0.7684 -0.0026 -0.6400
vn -0.7732 -0.0070 -0.6341
vn -0.7815 -0.0229 -0.6234
vn -0.7919 -0.1212 -0.5985
vn -0.9191 -0.1769 -0.3522
vn -0.9583 -0.2086 -0.1952
vn -0.9677 -0.2262 -0.1118
vn -0.9921 -0.0336 -0.1206
vn -0.9912 -0.0094 -0.1319
vn 0.0226 -0.0094 -0.9997
vn 0.0247 -0.0335 -0.9991
vn -0.0087 -0.0083 -0.9999
vn -0.0007 -0.0298 -0.9996
vn 0.0299 -0.0037 -0.9995
vn 0.0305 -0.0102 -0.9995
vn 0.0312 -0.0360 -0.9989
vn 0.0306 -0.2364 -0.9712
vn 0.0250 -0.2265 -0.9737
vn 0.0054 -0.2096 -0.9778
vn -0.1046 -0.1795 -0.9782
vn -0.2023 -0.0255 -0.9790
vn -0.2400 -0.0073 -0.9707
vn -0.2597 -0.0027 -0.9657
vn -0.0143 -0.0029 -0.9999
vn 0.0209 -0.0033 -0.9998
vn -0.0056 0.9797 -0.2004
vn 0.0020 0.9258 -0.3780
vn -0.0379 0.9826 -0.1818
vn -0.0256 0.9349 -0.3541
vn -0.0014 0.9944 -0.1061
vn 0.0029 0.9768 -0.2140
vn 0.0096 0.9196 -0.3927
vn 0.0175 0.7902 -0.6125
vn 0.0107 0.7948 -0.6068
vn -0.0130 0.8023 -0.5967
vn -0.1453 0.8047 -0.5756
vn -0.2233 0.9169 -0.3309
vn -0.2666 0.9481 -0.1735
vn -0.2898 0.9529 -0.0895
vn -0.0463 0.9950 -0.0880
vn -0.0107 0.9952 -0.0977
vn 0.0209 0.0082 -0.9997
vn -0.0143 0.0068 -0.9999
vn 0.0225 0.0297 -0.9993
vn -0.0088 0.0243 -0.9997
vn 0.0294 0.0033 -0.9996
vn 0.0196 0.0029 -0.9998
vn -0.0178 0.0024 -0.9998
vn -0.2710 0.0023 -0.9626
vn -0.2597 0.0062 -0.9657
vn -0.2401 0.0203 -0.9705
vn -0.2042 0.1055 -0.9732
vn -0.0028 0.1782 -0.9840
vn 0.0233 0.2095 -0.9775
vn 0.0301 0.2265 -0.9736
vn 0.0305 0.0335 -0.9990
vn 0.0299 0.0094 -0.9995
vn -0.9770 0.0094 -0.2132
vn -0.9820 0.0335 -0.1861
vn -0.9233 0.0084 -0.3840
vn -0.9399 0.0298 -0.3402
vn -0.9913 0.0037 -0.1318
vn -0.9927 0.0102 -0.1201
vn -0.9936 0.0359 -0.1069
vn -0.9665 0.2360 -0.1005
vn -0.9595 0.2251 -0.1697
vn -0.9336 0.2053 -0.2937
vn -0.8746 0.1725 -0.4530
vn -0.8028 0.0252 -0.5957
vn -0.7821 0.0074 -0.6232
vn -0.7733 0.0027 -0.6341
vn -0.9122 0.0030 -0.4097
vn -0.9722 0.0034 -0.2339
vn 0.0079 -0.9837 0.1796
vn 0.0438 -0.9870 0.1544
vn 0.0003 -0.9360 0.3520
vn 0.0330 -0.9501 0.3101
vn 0.0021 -0.9953 0.0973
vn 0.0123 -0.9962 0.0860
vn 0.0501 -0.9960 0.0746
vn 0.3013 -0.9502 0.0799
vn 0.2861 -0.9461 0.1516
vn 0.2580 -0.9247 0.2800
vn 0.2125 -0.8704 0.4442
vn 0.0172 -0.8222 0.5689
vn -0.0097 -0.8032 0.5956
vn -0.0171 -0.7949 0.6065
vn -0.0087 -0.9259 0.3776
vn -0.0019 -0.9798 0.2000
vn 0.9722 -0.0084 0.2340
vn 0.9121 -0.0075 0.4099
vn 0.9764 -0.0301 0.2140
vn 0.9226 -0.0258 0.3849
vn 0.9901 -0.0034 0.1406
vn 0.9688 -0.0030 0.2479
vn 0.9054 -0.0027 0.4247
vn 0.7684 -0.0026 0.6399
vn 0.7732 -0.0070 0.6341
vn 0.7815 -0.0229 0.6234
vn 0.7919 -0.1212 0.5985
vn 0.9191 -0.1769 0.3522
vn 0.9583 -0.2086 0.1952
vn 0.9677 -0.2262 0.1118
vn 0.9921 -0.0336 0.1206
vn 0.9912 -0.0094 0.1319
vn -0.0226 -0.0094 0.9997
vn -0.0247 -0.0335 0.9991
vn 0.0087 -0.0083 0.9999
vn 0.0007 -0.0298 0.9996
vn -0.0299 -0.0037 0.9995
vn -0.0305 -0.0102 0.9995
vn -0.0312 -0.0360 0.9989
vn -0.0306 -0.2364 0.9712
vn -0.0250 -0.2265 0.9737
vn -0.0054 -0.2096 0.9778
vn 0.1046 -0.1795 0.9782
vn 0.2023 -0.0255 0.9790
vn 0.2400 -0.0073 0.9707
vn 0.2596 -0.0027 0.9657
vn 0.0143 -0.0029 0.9999
vn -0.0209 -0.0033 0.9998
vn 0.0056 0.9797 0.2004
vn -0.0020 0.9258 0.3780
vn 0.0379 0.9826 0.1818
vn 0.0256 0.9349 0.3541
vn 0.0014 0.9944 0.1061
vn -0.0029 0.9768 0.2140
vn -0.0096 0.9196 0.3927
vn -0.0175 0.7902 0.6125
vn -0.0107 0.7948 0.6068
vn 0.0130 0.8023 0.5967
vn 0.1453 0.8047 0.5756
vn 0.2233 0.9169 0.3309
vn 0.2666 0.9481 0.1735
vn 0.2898 0.9529 0.0895
vn 0.0463 0.9950 0.0880
vn 0.0107 0.9952 0.0977
vn -0.0209 0.0082 0.9997
vn 0.0143 0.0068 0.9999
vn -0.0225 0.0297 0.9993
vn 0.0088 0.0243 0.9997
vn -0.0294 0.0033 0.9996
vn -0.0196 0.0029 0.9998
vn 0.0178 0.0024 0.9998
vn 0.2710 0.0023 0.9626
vn 0.2597 0.0062 0.9657
vn 0.2401 0.0203 0.9705
vn 0.2042 0.1055 0.9732
vn 0.0028 0.1782 0.9840
vn -0.0233 0.2095 0.9775
vn -0.0301 0.2265 0.9736
vn -0.0305 0.0335 0.9990
vn -0.0299 0.0094 0.9995
vn 0.9770 0.0094 0.2132
vn 0.9820 0.0335 0.1861
vn 0.9233 0.0084 0.3840
vn 0.9399 0.0298 0.3402
vn 0.9913 0.0037 0.1318
vn 0.9927 0.0102 0.1201
vn 0.9936 0.0359 0.1069
vn 0.9665 0.2360 0.1005
vn 0.9595 0.2251 0.1697
vn 0.9336 0.2053 0.2937
vn 0.8746 0.1725 0.4530
vn 0.8028 0.0252 0.5957
vn 0.7821 0.0074 0.6232
vn 0.7732 0.0027 0.6341
vn 0.9122 0.0030 0.4097
vn 0.9722 0.0034 0.2339
vn 0.0196 -0.9797 -0.1996
vn 0.0243 -0.9258 -0.3772
vn 0.0505 -0.9826 -0.1788
vn 0.0502 -0.9349 -0.3515
vn 0.0088 -0.9944 -0.1058
vn 0.0120 -0.9768 -0.2137
vn 0.0178 -0.9196 -0.3925
vn 0.0253 -0.7902 -0.6123
vn 0.0317 -0.7948 -0.6060
vn 0.0546 -0.8023 -0.5944
vn 0.1851 -0.8047 -0.5640
vn 0.2458 -0.9169 -0.3145
vn 0.2780 -0.9481 -0.1545
vn 0.2954 -0.9529 -0.0691
vn 0.0523 -0.9950 -0.0845
vn 0.0175 -0.9952 -0.0967
vn 0.0489 -0.0082 -0.9988
vn 0.0840 -0.0068 -0.9964
vn 0.0472 -0.0297 -0.9984
vn 0.0786 -0.0243 -0.9966
vn 0.0404 -0.0033 -0.9992
vn 0.0502 -0.0029 -0.9987
vn 0.0875 -0.0024 -0.9962
vn 0.3375 -0.0023 -0.9413
vn 0.3264 -0.0062 -0.9452
vn 0.3073 -0.0203 -0.9514
vn 0.2716 -0.1055 -0.9566
vn 0.0715 -0.1782 -0.9814
vn 0.0449 -0.2095 -0.9768
vn 0.0379 -0.2265 -0.9733
vn 0.0393 -0.0335 -0.9987
vn 0.0399 -0.0094 -0.9992
vn 0.9895 -0.0094 -0.1445
vn 0.9926 -0.0335 -0.1171
vn 0.9478 -0.0084 -0.3187
vn 0.9613 -0.0298 -0.2738
vn 0.9980 -0.0037 -0.0624
vn 0.9987 -0.0102 -0.0505
vn 0.9987 -0.0359 -0.0373
vn 0.9712 -0.2360 -0.0328
vn 0.9690 -0.2251 -0.1023
vn 0.9518 -0.2053 -0.2279
vn 0.9041 -0.1725 -0.3909
vn 0.8424 -0.0252 -0.5382
vn 0.8236 -0.0074 -0.5671
vn 0.8156 -0.0027 -0.5786
vn 0.9386 -0.0030 -0.3451
vn 0.9862 -0.0034 -0.1655
vn 0.0204 0.9837 -0.1786
vn 0.0545 0.9870 -0.1510
vn 0.0248 0.9360 -0.3511
vn 0.0545 0.9501 -0.3070
vn 0.0089 0.9953 -0.0969
vn 0.0183 0.9962 -0.0849
vn 0.0552 0.9960 -0.0709
vn 0.3062 0.9502 -0.0587
vn 0.2960 0.9461 -0.1313
vn 0.2769 0.9247 -0.2614
vn 0.2429 0.8704 -0.4283
vn 0.0569 0.8222 -0.5664
vn 0.0318 0.8032 -0.5948
vn 0.0252 0.7949 -0.6062
vn 0.0177 0.9259 -0.3773
vn 0.0120 0.9798 -0.1996
vn 0.9861 0.0084 -0.1656
vn 0.9385 0.0075 -0.3452
vn 0.9889 0.0301 -0.1454
vn 0.9472 0.0258 -0.3196
vn 0.9975 0.0034 -0.0712
vn 0.9837 0.0030 -0.1797
vn 0.9328 0.0027 -0.3605
vn 0.8112 0.0026 -0.5848
vn 0.8155 0.0070 -0.5786
vn 0.8231 0.0229 -0.5674
vn 0.8317 0.1212 -0.5418
vn 0.9414 0.1769 -0.2872
vn 0.9696 0.2086 -0.1279
vn 0.9731 0.2262 -0.0440
vn 0.9981 0.0336 -0.0511
vn 0.9980 0.0094 -0.0625
vn 0.0472 0.0094 -0.9988
vn 0.0450 0.0335 -0.9984
vn 0.0785 0.0083 -0.9969
vn 0.0704 0.0298 -0.9971
vn 0.0399 0.0037 -0.9992
vn 0.0392 0.0102 -0.9992
vn 0.0385 0.0360 -0.9986
vn 0.0373 0.2364 -0.9709
vn 0.0430 0.2265 -0.9731
vn 0.0628 0.2096 -0.9758
vn 0.1726 0.1795 -0.9685
vn 0.2701 0.0255 -0.9625
vn 0.3071 0.0073 -0.9516
vn 0.3264 0.0027 -0.9452
vn 0.0840 0.0029 -0.9965
vn 0.0489 0.0033 -0.9988
vn -0.0159 -0.9998 -0.0117
vn -0.0165 -0.9998 0.0122
vn -0.0551 -0.9984 -0.0113
vn -0.0551 -0.9984 0.0093
vn -0.0043 -0.9990 -0.0436
vn -0.0055 -0.9999 -0.0129
vn -0.0063 -0.9999 0.0138
vn -0.0072 -0.9988 0.0476
vn -0.0168 -0.9989 0.0430
vn -0.0541 -0.9979 0.0366
vn -0.3054 -0.9519 0.0248
vn -0.3108 -0.9505 -0.0005
vn -0.3121 -0.9498 -0.0200
vn -0.3093 -0.9501 -0.0419
vn -0.0536 -0.9980 -0.0342
vn -0.0147 -0.9991 -0.0385
vn -0.9983 -0.0379 -0.0442
vn -0.9990 -0.0374 -0.0237
vn -0.9989 -0.0109 -0.0460
vn -0.9997 -0.0107 -0.0222
vn -0.9682 -0.2419 -0.0637
vn -0.9689 -0.2438 -0.0425
vn -0.9700 -0.2420 -0.0237
vn -0.9717 -0.2363 0.0009
vn -0.9993 -0.0360 0.0033
vn -0.9999 -0.0102 0.0086
vn -0.9999 -0.0037 0.0129
vn -0.9998 -0.0039 -0.0209
vn -0.9989 -0.0039 -0.0476
vn -0.9969 -0.0039 -0.0783
vn -0.9973 -0.0107 -0.0728
vn -0.9971 -0.0374 -0.0669
vn -0.0511 -0.0003 0.9987
vn -0.0509 0.0003 0.9987
vn -0.0903 -0.0003 0.9959
vn -0.0896 0.0003 0.9960
vn -0.0407 -0.0013 0.9992
vn -0.0408 -0.0003 0.9992
vn -0.0407 0.0004 0.9992
vn -0.0404 0.0014 0.9992
vn -0.0502 0.0013 0.9987
vn -0.0875 0.0011 0.9962
vn -0.3375 0.0010 0.9413
vn -0.3436 0.0003 0.9391
vn -0.3456 -0.0002 0.9384
vn -0.3436 -0.0009 0.9391
vn -0.0896 -0.0009 0.9960
vn -0.0509 -0.0011 0.9987
vn -0.9283 -0.0003 0.3717
vn -0.9294 0.0003 0.3690
vn -0.9817 -0.0003 0.1906
vn -0.9822 0.0004 0.1879
vn -0.8088 -0.0010 0.5881
vn -0.8080 -0.0003 0.5891
vn -0.8088 0.0003 0.5881
vn -0.8112 0.0010 0.5848
vn -0.9328 0.0011 0.3605
vn -0.9837 0.0013 0.1797
vn -0.9975 0.0014 0.0712
vn -0.9971 0.0004 0.0765
vn -0.9969 -0.0004 0.0783
vn -0.9971 -0.0013 0.0765
vn -0.9822 -0.0011 0.1879
vn -0.9294 -0.0010 0.3690
vn -0.0166 0.9998 0.0105
vn -0.0156 0.9998 -0.0133
vn -0.0558 0.9984 0.0075
vn -0.0544 0.9984 -0.0131
vn -0.0073 0.9990 0.0432
vn -0.0063 0.9999 0.0125
vn -0.0053 0.9999 -0.0142
vn -0.0038 0.9988 -0.0480
vn -0.0138 0.9989 -0.0441
vn -0.0514 0.9979 -0.0402
vn -0.3029 0.9519 -0.0460
vn -0.3101 0.9505 -0.0212
vn -0.3128 0.9498 -0.0019
vn -0.3114 0.9501 0.0202
vn -0.0559 0.9980 0.0304
vn -0.0173 0.9991 0.0374
vn -0.9990 0.0379 -0.0255
vn -0.9982 0.0374 -0.0460
vn -0.9997 0.0109 -0.0238
vn -0.9988 0.0107 -0.0476
vn -0.9703 0.2419 -0.0040
vn -0.9695 0.2438 -0.0251
vn -0.9693 0.2420 -0.0440
vn -0.9692 0.2363 -0.0686
vn -0.9967 0.0360 -0.0731
vn -0.9969 0.0102 -0.0783
vn -0.9966 0.0037 -0.0826
vn -0.9988 0.0039 -0.0489
vn -0.9997 0.0039 -0.0222
vn -1.0000 0.0039 0.0086
vn -0.9999 0.0107 0.0030
vn -0.9993 0.0374 -0.0029
vn 0.0186 0.0003 -0.9998
vn 0.0189 -0.0003 -0.9998
vn -0.0206 0.0003 -0.9998
vn -0.0199 -0.0003 -0.9998
vn 0.0291 0.0013 -0.9996
vn 0.0290 0.0003 -0.9996
vn 0.0291 -0.0004 -0.9996
vn 0.0294 -0.0014 -0.9996
vn 0.0196 -0.0013 -0.9998
vn -0.0178 -0.0011 -0.9998
vn -0.2710 -0.0010 -0.9626
vn -0.2773 -0.0003 -0.9608
vn -0.2793 0.0002 -0.9602
vn -0.2773 0.0009 -0.9608
vn -0.0199 0.0009 -0.9998
vn 0.0189 0.0011 -0.9998
vn -0.9001 0.0003 -0.4356
vn -0.9014 -0.0003 -0.4329
vn -0.9660 0.0003 -0.2586
vn -0.9667 -0.0004 -0.2560
vn -0.7658 0.0010 -0.6431
vn -0.7650 0.0003 -0.6441
vn -0.7658 -0.0003 -0.6430
vn -0.7684 -0.0010 -0.6400
vn -0.9053 -0.0011 -0.4247
vn -0.9688 -0.0013 -0.2479
vn -0.9901 -0.0014 -0.1406
vn -0.9893 -0.0004 -0.1459
vn -0.9890 0.0004 -0.1477
vn -0.9893 0.0013 -0.1459
vn -0.9667 0.0011 -0.2560
vn -0.9014 0.0010 -0.4329
vn 0.0083 -0.9744 -0.2246
vn 0.0072 -0.9750 -0.2220
vn 0.0145 -0.9148 -0.4037
vn 0.0135 -0.9160 -0.4010
vn 0.0058 -0.9938 -0.1112
vn 0.0045 -0.9936 -0.1130
vn 0.0033 -0.9938 -0.1113
vn 0.0016 -0.9944 -0.1060
vn 0.0055 -0.9768 -0.2139
vn 0.0120 -0.9196 -0.3926
vn 0.0198 -0.7903 -0.6124
vn 0.0211 -0.7878 -0.6156
vn 0.0219 -0.7870 -0.6166
vn 0.0230 -0.7878 -0.6155
vn 0.0156 -0.9160 -0.4009
vn 0.0095 -0.9750 -0.2219
vn 0.0353 -0.0379 -0.9987
vn 0.0344 -0.0374 -0.9987
vn 0.0354 -0.0109 -0.9993
vn 0.0344 -0.0107 -0.9994
vn 0.0352 -0.2420 -0.9696
vn 0.0342 -0.2438 -0.9692
vn 0.0334 -0.2420 -0.9697
vn 0.0324 -0.2364 -0.9711
vn 0.0332 -0.0360 -0.9988
vn 0.0330 -0.0102 -0.9994
vn 0.0328 -0.0037 -0.9995
vn 0.0343 -0.0039 -0.9994
vn 0.0354 -0.0039 -0.9994
vn 0.0368 -0.0039 -0.9993
vn 0.0366 -0.0107 -0.9993
vn 0.0363 -0.0374 -0.9986
vn 0.0074 0.9744 -0.2246
vn 0.0083 0.9750 -0.2219
vn 0.0137 0.9148 -0.4037
vn 0.0145 0.9160 -0.4009
vn 0.0020 0.9938 -0.1113
vn 0.0034 0.9936 -0.1130
vn 0.0045 0.9938 -0.1112
vn 0.0058 0.9944 -0.1058
vn 0.0094 0.9768 -0.2137
vn 0.0154 0.9196 -0.3925
vn 0.0229 0.7903 -0.6123
vn 0.0219 0.7878 -0.6156
vn 0.0211 0.7870 -0.6166
vn 0.0200 0.7878 -0.6156
vn 0.0124 0.9160 -0.4010
vn 0.0060 0.9750 -0.2220
vn 0.0345 0.0379 -0.9987
vn 0.0353 0.0374 -0.9987
vn 0.0344 0.0109 -0.9993
vn 0.0354 0.0107 -0.9993
vn 0.0326 0.2420 -0.9697
vn 0.0335 0.2438 -0.9692
vn 0.0343 0.2420 -0.9697
vn 0.0354 0.2364 -0.9710
vn 0.0365 0.0360 -0.9987
vn 0.0368 0.0102 -0.9993
vn 0.0370 0.0037 -0.9993
vn 0.0355 0.0039 -0.9994
vn 0.0344 0.0039 -0.9994
vn 0.0330 0.0039 -0.9994
vn 0.0332 0.0107 -0.9994
vn 0.0335 0.0374 -0.9987
vn 0.9817 0.0003 -0.1906
vn 0.9822 -0.0004 -0.1879
vn 0.9283 0.0003 -0.3718
vn 0.9294 -0.0003 -0.3690
vn 0.9971 0.0013 -0.0766
vn 0.9969 0.0004 -0.0783
vn 0.9971 -0.0004 -0.0766
vn 0.9975 -0.0014 -0.0712
vn 0.9837 -0.0013 -0.1797
vn 0.9328 -0.0011 -0.3605
vn 0.8112 -0.0010 -0.5848
vn 0.8088 -0.0003 -0.5880
vn 0.8081 0.0003 -0.5891
vn 0.8088 0.0010 -0.5881
vn 0.9294 0.0010 -0.3690
vn 0.9822 0.0011 -0.1879
vn 0.0903 0.0003 -0.9959
vn 0.0896 -0.0003 -0.9960
vn 0.0511 0.0003 -0.9987
vn 0.0509 -0.0003 -0.9987
vn 0.3436 0.0009 -0.9391
vn 0.3456 0.0002 -0.9384
vn 0.3436 -0.0003 -0.9391
vn 0.3375 -0.0010 -0.9413
vn 0.0875 -0.0011 -0.9962
vn 0.0502 -0.0013 -0.9987
vn 0.0404 -0.0014 -0.9992
vn 0.0407 -0.0004 -0.9992
vn 0.0408 0.0003 -0.9992
vn 0.0407 0.0013 -0.9992
vn 0.0509 0.0011 -0.9987
vn 0.0896 0.0009 -0.9960
vn 0.0159 -0.9998 0.0116
vn 0.0164 -0.9998 -0.0122
vn 0.0551 -0.9984 0.0114
vn 0.0551 -0.9984 -0.0093
vn 0.0043 -0.9990 0.0436
vn 0.0055 -0.9999 0.0129
vn 0.0063 -0.9999 -0.0138
vn 0.0072 -0.9988 -0.0476
vn 0.0168 -0.9989 -0.0430
vn 0.0541 -0.9979 -0.0366
vn 0.3054 -0.9519 -0.0247
vn 0.3108 -0.9505 0.0005
vn 0.3122 -0.9498 0.0200
vn 0.3093 -0.9501 0.0419
vn 0.0536 -0.9980 0.0342
vn 0.0147 -0.9991 0.0385
vn 0.9983 -0.0379 0.0442
vn 0.9990 -0.0374 0.0237
vn 0.9989 -0.0109 0.0460
vn 0.9997 -0.0107 0.0222
vn 0.9682 -0.2419 0.0637
vn 0.9689 -0.2438 0.0426
vn 0.9700 -0.2420 0.0237
vn 0.9717 -0.2363 -0.0008
vn 0.9993 -0.0360 -0.0033
vn 0.9999 -0.0102 -0.0086
vn 0.9999 -0.0037 -0.0129
vn 0.9998 -0.0039 0.0209
vn 0.9989 -0.0039 0.0476
vn 0.9969 -0.0039 0.0783
vn 0.9973 -0.0107 0.0728
vn 0.9971 -0.0374 0.0668
vn 0.0166 0.9998 -0.0105
vn 0.0156 0.9998 0.0133
vn 0.0557 0.9984 -0.0075
vn 0.0544 0.9984 0.0131
vn 0.0073 0.9990 -0.0432
vn 0.0063 0.9999 -0.0125
vn 0.0053 0.9999 0.0142
vn 0.0038 0.9988 0.0480
vn 0.0138 0.9989 0.0440
vn 0.0514 0.9979 0.0402
vn 0.3029 0.9519 0.0460
vn 0.3101 0.9505 0.0212
vn 0.3128 0.9498 0.0018
vn 0.3114 0.9501 -0.0202
vn 0.0559 0.9980 -0.0304
vn 0.0173 0.9991 -0.0374
vn 0.9990 0.0379 0.0255
vn 0.9982 0.0374 0.0460
vn 0.9997 0.0109 0.0238
vn 0.9988 0.0107 0.0476
vn 0.9703 0.2419 0.0040
vn 0.9695 0.2438 0.0251
vn 0.9693 0.2420 0.0440
vn 0.9692 0.2363 0.0686
vn 0.9967 0.0360 0.0730
vn 0.9969 0.0102 0.0784
vn 0.9966 0.0037 0.0826
vn 0.9988 0.0039 0.0489
vn 0.9997 0.0039 0.0222
vn 1.0000 0.0039 -0.0086
vn 0.9999 0.0107 -0.0030
vn 0.9993 0.0374 0.0029
vn -0.0186 0.0003 0.9998
vn -0.0189 -0.0003 0.9998
vn 0.0206 0.0003 0.9998
vn 0.0199 -0.0003 0.9998
vn -0.0291 0.0013 0.9996
vn -0.0290 0.0003 0.9996
vn -0.0291 -0.0004 0.9996
vn -0.0294 -0.0014 0.9996
vn -0.0196 -0.0013 0.9998
vn 0.0178 -0.0011 0.9998
vn 0.2710 -0.0010 0.9626
vn 0.2773 -0.0003 0.9608
vn 0.2793 0.0002 0.9602
vn 0.2773 0.0009 0.9608
vn 0.0199 0.0009 0.9998
vn -0.0189 0.0011 0.9998
vn 0.9002 0.0003 0.4356
vn 0.9014 -0.0003 0.4329
vn 0.9660 0.0003 0.2586
vn 0.9667 -0.0004 0.2560
vn 0.7658 0.0010 0.6431
vn 0.7650 0.0003 0.6440
vn 0.7658 -0.0003 0.6430
vn 0.7684 -0.0010 0.6400
vn 0.9053 -0.0011 0.4247
vn 0.9688 -0.0013 0.2479
vn 0.9901 -0.0014 0.1406
vn 0.9893 -0.0004 0.1459
vn 0.9890 0.0004 0.1477
vn 0.9893 0.0013 0.1459
vn 0.9667 0.0011 0.2560
vn 0.9014 0.0010 0.4329
vn -0.0083 -0.9744 0.2246
vn -0.0072 -0.9750 0.2220
vn -0.0145 -0.9148 0.4037
vn -0.0135 -0.9160 0.4010
vn -0.0058 -0.9938 0.1112
vn -0.0045 -0.9936 0.1130
vn -0.0033 -0.9938 0.1113
vn -0.0016 -0.9944 0.1060
vn -0.0055 -0.9768 0.2139
vn -0.0120 -0.9196 0.3926
vn -0.0198 -0.7903 0.6124
vn -0.0211 -0.7878 0.6156
vn -0.0219 -0.7870 0.6166
vn -0.0230 -0.7878 0.6155
vn -0.0156 -0.9160 0.4009
vn -0.0095 -0.9750 0.2219
vn -0.0353 -0.0379 0.9987
vn -0.0344 -0.0374 0.9987
vn -0.0354 -0.0109 0.9993
vn -0.0344 -0.0107 0.9994
vn -0.0352 -0.2420 0.9696
vn -0.0342 -0.2438 0.9692
vn -0.0334 -0.2420 0.9697
vn -0.0324 -0.2364 0.9711
vn -0.0332 -0.0360 0.9988
vn -0.0330 -0.0102 0.9994
vn -0.0328 -0.0037 0.9995
vn -0.0343 -0.0039 0.9994
vn -0.0354 -0.0039 0.9994
vn -0.0368 -0.0039 0.9993
vn -0.0366 -0.0107 0.9993
vn -0.0363 -0.0374 0.9986
vn -0.0074 0.9744 0.2246
vn -0.0083 0.9750 0.2219
vn -0.0137 0.9148 0.4037
vn -0.0145 0.9160 0.4009
vn -0.0020 0.9938 0.1113
vn -0.0034 0.9936 0.1130
vn -0.0045 0.9938 0.1112
vn -0.0058 0.9944 0.1058
vn -0.0094 0.9768 0.2137
vn -0.0154 0.9196 0.3925
vn -0.0229 0.7903 0.6123
vn -0.0219 0.7878 0.6156
vn -0.0211 0.7870 0.6166
vn -0.0200 0.7878 0.6156
vn -0.0124 0.9160 0.4010
vn -0.0060 0.9750 0.2220
vn -0.0345 0.0379 0.9987
vn -0.0353 0.0374 0.9987
vn -0.0344 0.0109 0.9993
vn -0.0354 0.0107 0.9993
vn -0.0326 0.2420 0.9697
vn -0.0335 0.2438 0.9692
vn -0.0343 0.2420 0.9697
vn -0.0354 0.2364 0.9710
vn -0.0365 0.0360 0.9987
vn -0.0368 0.0102 0.9993
vn -0.0370 0.0037 0.9993
vn -0.0355 0.0039 0.9994
vn -0.0344 0.0039 0.9994
vn -0.0330 0.0039 0.9994
vn -0.0332 0.0107 0.9994
vn -0.0335 0.0374 0.9987
vn -0.0001 -0.9999 -0.0151
vn 0.0011 -0.9999 -0.0147
vn -0.0011 -0.9999 0.0150
vn 0.0001 -0.9999 0.0148
vn -0.0003 -0.9987 -0.0504
vn 0.0012 -0.9987 -0.0513
vn 0.0024 -0.9987 -0.0503
vn 0.0039 -0.9989 -0.0477
vn 0.0028 -0.9999 -0.0139
vn 0.0018 -0.9999 0.0141
vn 0.0006 -0.9989 0.0478
vn -0.0011 -0.9987 0.0504
vn -0.0024 -0.9987 0.0512
vn -0.0039 -0.9987 0.0503
vn -0.0027 -0.9999 0.0147
vn -0.0017 -0.9999 -0.0149
vt 0.455047 0.830321
vt 0.500001 0.874994
vt 0.455047 0.874990
vt 0.544955 0.830319
vt 0.500001 0.830335
vt 0.455050 0.919644
vt 0.544955 0.919637
vt 0.500001 0.919643
vt 0.417717 0.793046
vt 0.417712 0.830278
vt 0.455049 0.793149
vt 0.544956 0.793144
vt 0.500002 0.793182
vt 0.582296 0.793034
vt 0.582293 0.830272
vt 0.544955 0.874987
vt 0.582292 0.919627
vt 0.582292 0.956734
vt 0.544955 0.956755
vt 0.500003 0.956766
vt 0.455056 0.956770
vt 0.417733 0.956771
vt 0.417719 0.919642
vt 0.417712 0.874977
vt 0.455045 0.594306
vt 0.500000 0.625000
vt 0.455046 0.625001
vt 0.544953 0.594303
vt 0.499999 0.594290
vt 0.455047 0.655697
vt 0.544955 0.655694
vt 0.500001 0.655710
vt 0.417704 0.566862
vt 0.417707 0.594351
vt 0.455044 0.566752
vt 0.544951 0.566747
vt 0.499999 0.566714
vt 0.582284 0.566850
vt 0.582288 0.594345
vt 0.544954 0.625000
vt 0.582293 0.655649
vt 0.582296 0.683138
vt 0.544956 0.683248
vt 0.500002 0.683286
vt 0.455049 0.683253
vt 0.417717 0.683150
vt 0.417712 0.655655
vt 0.417709 0.625002
vt 0.705353 0.594302
vt 0.749999 0.624991
vt 0.705355 0.624998
vt 0.794639 0.594268
vt 0.749998 0.594279
vt 0.705356 0.655692
vt 0.794645 0.655623
vt 0.750000 0.655688
vt 0.668221 0.566850
vt 0.668226 0.594345
vt 0.705351 0.566744
vt 0.794630 0.566670
vt 0.749994 0.566690
vt 0.831734 0.566667
vt 0.831755 0.594262
vt 0.794643 0.624969
vt 0.831770 0.655482
vt 0.831771 0.682746
vt 0.794645 0.683083
vt 0.750001 0.683236
vt 0.705357 0.683242
vt 0.668233 0.683138
vt 0.668231 0.655649
vt 0.668229 0.624999
vt 0.455046 0.094375
vt 0.500000 0.125000
vt 0.455047 0.125030
vt 0.544950 0.094271
vt 0.499999 0.094301
vt 0.455050 0.155729
vt 0.544954 0.155625
vt 0.500001 0.155699
vt 0.417708 0.067254
vt 0.417709 0.094518
vt 0.455045 0.066914
vt 0.544944 0.066676
vt 0.499997 0.066740
vt 0.582267 0.066667
vt 0.582281 0.094262
vt 0.544953 0.124970
vt 0.582291 0.155482
vt 0.582292 0.182746
vt 0.544955 0.183086
vt 0.500003 0.183260
vt 0.455056 0.183324
vt 0.417733 0.183333
vt 0.417719 0.155738
vt 0.417711 0.125073
vt 0.455045 0.330363
vt 0.499999 0.375007
vt 0.455045 0.375013
vt 0.544950 0.330356
vt 0.499999 0.330358
vt 0.455045 0.419682
vt 0.544953 0.419679
vt 0.499999 0.419665
vt 0.417708 0.293266
vt 0.417708 0.330373
vt 0.455045 0.293245
vt 0.544944 0.293230
vt 0.499997 0.293234
vt 0.582267 0.293229
vt 0.582281 0.330358
vt 0.544953 0.375010
vt 0.582288 0.419723
vt 0.582283 0.456954
vt 0.544951 0.456851
vt 0.499999 0.456818
vt 0.455044 0.456856
vt 0.417704 0.456967
vt 0.417707 0.419728
vt 0.417708 0.375029
vt 0.144095 0.705594
vt 0.131089 0.723264
vt 0.131678 0.706467
vt 0.142067 0.722960
vt 0.129467 0.737283
vt 0.126806 0.724002
vt 0.126670 0.708762
vt 0.126826 0.737375
vt 0.168266 0.683333
vt 0.144331 0.683507
vt 0.167880 0.705469
vt 0.164983 0.722917
vt 0.136613 0.737245
vt 0.156214 0.737240
vt 0.127674 0.750000
vt 0.127223 0.750000
vt 0.126772 0.750000
vt 0.126321 0.750000
vt 0.125991 0.737500
vt 0.125660 0.725000
vt 0.125330 0.712500
vt 0.126507 0.688368
vt 0.125000 0.700000
vt 0.131672 0.684722
vt 0.393485 0.981038
vt 0.380506 0.994260
vt 0.381152 0.983140
vt 0.391406 0.993529
vt 0.378810 0.998697
vt 0.376385 0.996036
vt 0.376326 0.988662
vt 0.376321 0.998919
vt 0.393747 0.957189
vt 0.417331 0.980737
vt 0.414387 0.993425
vt 0.385857 0.998605
vt 0.405502 0.998592
vt 0.376783 1.000000
vt 0.376482 1.000000
vt 0.376181 1.000000
vt 0.375881 1.000000
vt 0.375660 0.999219
vt 0.375440 0.998438
vt 0.375220 0.997656
vt 0.376222 0.968886
vt 0.375000 0.996875
vt 0.381184 0.960113
vt 0.393397 0.046522
vt 0.380273 0.032322
vt 0.391268 0.030345
vt 0.381014 0.046838
vt 0.376050 0.034043
vt 0.378475 0.020762
vt 0.385674 0.017152
vt 0.375825 0.024537
vt 0.417285 0.045623
vt 0.393701 0.067585
vt 0.381120 0.066819
vt 0.376142 0.045635
vt 0.376156 0.063219
vt 0.375000 0.042783
vt 0.375000 0.035566
vt 0.375000 0.028349
vt 0.375000 0.021132
vt 0.375521 0.015849
vt 0.376042 0.010566
vt 0.376563 0.005283
vt 0.405436 0.014347
vt 0.377083 0.000000
vt 0.414323 0.028624
vt 0.606603 0.980905
vt 0.619727 0.993911
vt 0.608732 0.993322
vt 0.618986 0.982933
vt 0.623950 0.995533
vt 0.621525 0.998194
vt 0.614326 0.998330
vt 0.624175 0.998174
vt 0.582715 0.980669
vt 0.606299 0.957120
vt 0.618880 0.960017
vt 0.623858 0.988387
vt 0.623845 0.968787
vt 0.625000 0.997326
vt 0.625000 0.997777
vt 0.625000 0.998228
vt 0.625000 0.998679
vt 0.624479 0.999009
vt 0.623958 0.999340
vt 0.623438 0.999670
vt 0.594564 0.998493
vt 0.622917 1.000000
vt 0.585677 0.993328
vt 0.856038 0.703478
vt 0.869260 0.717678
vt 0.858139 0.719655
vt 0.868529 0.703162
vt 0.873697 0.715957
vt 0.871035 0.729238
vt 0.863661 0.732848
vt 0.873919 0.725463
vt 0.832189 0.704377
vt 0.855737 0.682416
vt 0.868425 0.683181
vt 0.873605 0.704365
vt 0.873592 0.686781
vt 0.875000 0.707217
vt 0.875000 0.714434
vt 0.875000 0.721651
vt 0.875000 0.728868
vt 0.874219 0.734151
vt 0.873438 0.739434
vt 0.872656 0.744717
vt 0.843886 0.735653
vt 0.871875 0.750000
vt 0.835113 0.721376
vt 0.606515 0.044406
vt 0.619494 0.026736
vt 0.618848 0.043533
vt 0.608594 0.027040
vt 0.621190 0.012717
vt 0.623615 0.025998
vt 0.623674 0.041238
vt 0.623679 0.012625
vt 0.606253 0.066493
vt 0.582669 0.044531
vt 0.585613 0.027083
vt 0.614143 0.012755
vt 0.594498 0.012760
vt 0.623217 0.000000
vt 0.623518 0.000000
vt 0.623819 0.000000
vt 0.624120 0.000000
vt 0.624340 0.012500
vt 0.624560 0.025000
vt 0.624780 0.037500
vt 0.623778 0.061632
vt 0.625000 0.050000
vt 0.618816 0.065278
vt 0.143962 0.546522
vt 0.130740 0.532322
vt 0.141861 0.530345
vt 0.131471 0.546838
vt 0.126303 0.534043
vt 0.128965 0.520762
vt 0.136338 0.517152
vt 0.126082 0.524537
vt 0.168229 0.567254
vt 0.167811 0.545623
vt 0.144263 0.567585
vt 0.131576 0.566819
vt 0.126395 0.545635
vt 0.126408 0.563219
vt 0.125000 0.542783
vt 0.125000 0.535566
vt 0.125000 0.528349
vt 0.125000 0.521133
vt 0.125781 0.515849
vt 0.126563 0.510566
vt 0.127344 0.505283
vt 0.156114 0.514347
vt 0.128125 0.500000
vt 0.164887 0.528624
vt 0.393485 0.205591
vt 0.380506 0.223264
vt 0.381152 0.206467
vt 0.391406 0.222940
vt 0.378810 0.237283
vt 0.376385 0.224002
vt 0.376326 0.208762
vt 0.376321 0.237375
vt 0.393747 0.183507
vt 0.417331 0.205448
vt 0.414387 0.222754
vt 0.385857 0.237202
vt 0.405608 0.236751
vt 0.376783 0.250000
vt 0.376482 0.250000
vt 0.376181 0.250000
vt 0.375881 0.250000
vt 0.375660 0.237500
vt 0.375440 0.225000
vt 0.375220 0.212500
vt 0.376222 0.188368
vt 0.375000 0.200000
vt 0.381184 0.184722
vt 0.393397 0.269092
vt 0.380273 0.256089
vt 0.391268 0.256657
vt 0.381014 0.267067
vt 0.376050 0.254467
vt 0.378475 0.251806
vt 0.385674 0.251626
vt 0.375825 0.251826
vt 0.417285 0.269311
vt 0.393701 0.292880
vt 0.381120 0.289983
vt 0.376142 0.261613
vt 0.376156 0.281214
vt 0.375000 0.252674
vt 0.375000 0.252223
vt 0.375000 0.251772
vt 0.375000 0.251321
vt 0.375521 0.250991
vt 0.376042 0.250660
vt 0.376563 0.250330
vt 0.405542 0.251019
vt 0.377083 0.250000
vt 0.414323 0.256509
vt 0.855905 0.544406
vt 0.868911 0.526736
vt 0.868322 0.543533
vt 0.857933 0.527040
vt 0.870533 0.512717
vt 0.873194 0.525998
vt 0.873330 0.541238
vt 0.873174 0.512625
vt 0.855669 0.566493
vt 0.832120 0.544531
vt 0.835017 0.527083
vt 0.863387 0.512755
vt 0.843786 0.512760
vt 0.872326 0.500000
vt 0.872777 0.500000
vt 0.873228 0.500000
vt 0.873679 0.500000
vt 0.874009 0.512500
vt 0.874340 0.525000
vt 0.874670 0.537500
vt 0.873493 0.561632
vt 0.875000 0.550000
vt 0.868328 0.565278
vt 0.606515 0.268960
vt 0.619494 0.255740
vt 0.618848 0.266861
vt 0.608594 0.256451
vt 0.621190 0.251303
vt 0.623615 0.253965
vt 0.623674 0.261339
vt 0.623679 0.251081
vt 0.606253 0.292811
vt 0.582669 0.269242
vt 0.585613 0.256413
vt 0.614143 0.251352
vt 0.594392 0.250917
vt 0.623217 0.250000
vt 0.623518 0.250000
vt 0.623819 0.250000
vt 0.624120 0.250000
vt 0.624340 0.250781
vt 0.624560 0.251563
vt 0.624780 0.252344
vt 0.623778 0.281114
vt 0.625000 0.253125
vt 0.618816 0.289887
vt 0.606603 0.203476
vt 0.619727 0.217678
vt 0.608732 0.219634
vt 0.618986 0.203162
vt 0.623950 0.215957
vt 0.621525 0.229238
vt 0.614326 0.232804
vt 0.624175 0.225463
vt 0.582715 0.204357
vt 0.606299 0.182416
vt 0.618880 0.183181
vt 0.623858 0.204365
vt 0.623845 0.186781
vt 0.625000 0.207217
vt 0.625000 0.214434
vt 0.625000 0.221651
vt 0.625000 0.228868
vt 0.624479 0.234151
vt 0.623958 0.239434
vt 0.623438 0.244717
vt 0.594458 0.235162
vt 0.622917 0.250000
vt 0.585677 0.221213
vt 0.356064 0.704810
vt 0.369316 0.721246
vt 0.358183 0.721893
vt 0.368553 0.704452
vt 0.373733 0.720665
vt 0.371134 0.734786
vt 0.363721 0.735873
vt 0.374033 0.733735
vt 0.331779 0.683150
vt 0.332204 0.705128
vt 0.355750 0.682986
vt 0.368426 0.682806
vt 0.373591 0.704156
vt 0.373549 0.682660
vt 0.374892 0.704018
vt 0.374950 0.720300
vt 0.375052 0.732849
vt 0.375293 0.743396
vt 0.374439 0.745047
vt 0.373584 0.746698
vt 0.372730 0.748349
vt 0.343908 0.736744
vt 0.371875 0.750000
vt 0.335134 0.722435
vt 0.393728 0.704692
vt 0.381173 0.720506
vt 0.381143 0.704360
vt 0.393744 0.720953
vt 0.381205 0.732242
vt 0.376189 0.720258
vt 0.376142 0.704105
vt 0.376258 0.732244
vt 0.393714 0.682987
vt 0.417724 0.705000
vt 0.417732 0.721413
vt 0.393758 0.732700
vt 0.417738 0.733270
vt 0.393764 0.740839
vt 0.381225 0.740385
vt 0.376318 0.740635
vt 0.376112 0.682660
vt 0.374859 0.682600
vt 0.381122 0.682806
vt 0.393731 0.768184
vt 0.381194 0.753255
vt 0.393746 0.754498
vt 0.381165 0.765735
vt 0.376265 0.751044
vt 0.381219 0.746245
vt 0.393759 0.746847
vt 0.376308 0.745868
vt 0.417724 0.768794
vt 0.393716 0.792470
vt 0.381141 0.789406
vt 0.376216 0.759914
vt 0.376178 0.780619
vt 0.375073 0.750693
vt 0.375147 0.748261
vt 0.375220 0.745828
vt 0.417738 0.747438
vt 0.417741 0.741454
vt 0.417732 0.755072
vt 0.643980 0.704766
vt 0.630795 0.721134
vt 0.631515 0.704385
vt 0.641886 0.721825
vt 0.629030 0.734623
vt 0.626416 0.720517
vt 0.626496 0.704069
vt 0.626197 0.733504
vt 0.644273 0.682963
vt 0.667819 0.705105
vt 0.664898 0.722403
vt 0.636370 0.735782
vt 0.656125 0.736711
vt 0.627381 0.748239
vt 0.626636 0.746478
vt 0.625891 0.744717
vt 0.625147 0.742956
vt 0.625208 0.732589
vt 0.625214 0.720137
vt 0.625204 0.703923
vt 0.626496 0.682615
vt 0.625190 0.682551
vt 0.631609 0.682771
vt 0.606313 0.768140
vt 0.618917 0.753144
vt 0.618903 0.765667
vt 0.606321 0.754431
vt 0.618930 0.746096
vt 0.623899 0.750880
vt 0.623875 0.759822
vt 0.623922 0.745637
vt 0.606306 0.792448
vt 0.582299 0.768771
vt 0.582303 0.755037
vt 0.606328 0.746760
vt 0.582307 0.747394
vt 0.606331 0.740743
vt 0.618938 0.740222
vt 0.623942 0.740375
vt 0.625110 0.745498
vt 0.625073 0.748040
vt 0.625037 0.750583
vt 0.623855 0.780585
vt 0.625000 0.753125
vt 0.618891 0.789374
vt 0.606316 0.704648
vt 0.618934 0.720400
vt 0.606324 0.720886
vt 0.618924 0.704293
vt 0.623955 0.720114
vt 0.618939 0.732097
vt 0.606329 0.732613
vt 0.623955 0.732030
vt 0.582299 0.704977
vt 0.606309 0.682963
vt 0.618914 0.682771
vt 0.623945 0.704018
vt 0.623933 0.682615
vt 0.582307 0.733225
vt 0.582308 0.741405
vt 0.582303 0.721378
vt 0.356020 0.545234
vt 0.369205 0.528866
vt 0.368485 0.545615
vt 0.358114 0.528175
vt 0.370971 0.515377
vt 0.373584 0.529483
vt 0.373504 0.545931
vt 0.373803 0.516496
vt 0.331767 0.566862
vt 0.355727 0.567037
vt 0.332181 0.544895
vt 0.335102 0.527597
vt 0.363630 0.514218
vt 0.343875 0.513289
vt 0.372620 0.501761
vt 0.373364 0.503522
vt 0.374109 0.505283
vt 0.374853 0.507044
vt 0.374792 0.517411
vt 0.374786 0.529863
vt 0.374796 0.546077
vt 0.373504 0.567385
vt 0.374810 0.567449
vt 0.368391 0.567229
vt 0.393687 0.481860
vt 0.381083 0.496856
vt 0.381097 0.484333
vt 0.393679 0.495569
vt 0.381070 0.503904
vt 0.376101 0.499120
vt 0.376125 0.490178
vt 0.376078 0.504363
vt 0.393694 0.457553
vt 0.417701 0.481229
vt 0.417697 0.494964
vt 0.393672 0.503240
vt 0.417693 0.502607
vt 0.393669 0.509257
vt 0.381062 0.509779
vt 0.376058 0.509625
vt 0.374890 0.504502
vt 0.374927 0.501960
vt 0.374963 0.499417
vt 0.376145 0.469415
vt 0.375000 0.496875
vt 0.381109 0.460627
vt 0.393684 0.545352
vt 0.381066 0.529600
vt 0.393677 0.529114
vt 0.381076 0.545707
vt 0.376045 0.529886
vt 0.381061 0.517903
vt 0.393671 0.517387
vt 0.376045 0.517970
vt 0.417701 0.545023
vt 0.393691 0.567037
vt 0.381086 0.567229
vt 0.376055 0.545982
vt 0.376067 0.567385
vt 0.417693 0.516775
vt 0.417692 0.508595
vt 0.417697 0.528623
vt 0.643936 0.545190
vt 0.630684 0.528754
vt 0.641817 0.528107
vt 0.631447 0.545548
vt 0.626267 0.529335
vt 0.628866 0.515214
vt 0.636279 0.514127
vt 0.625967 0.516265
vt 0.667796 0.544872
vt 0.644250 0.567014
vt 0.631574 0.567194
vt 0.626409 0.545844
vt 0.626451 0.567340
vt 0.625108 0.545982
vt 0.625050 0.529700
vt 0.624948 0.517151
vt 0.624707 0.506604
vt 0.625561 0.504953
vt 0.626416 0.503302
vt 0.627270 0.501651
vt 0.656092 0.513256
vt 0.628125 0.500000
vt 0.664866 0.527565
vt 0.606272 0.545308
vt 0.618827 0.529494
vt 0.618857 0.545640
vt 0.606256 0.529047
vt 0.618795 0.517759
vt 0.623811 0.529742
vt 0.623858 0.545895
vt 0.623742 0.517756
vt 0.606286 0.567014
vt 0.582276 0.545000
vt 0.582268 0.528587
vt 0.606242 0.517300
vt 0.582262 0.516730
vt 0.606236 0.509161
vt 0.618775 0.509615
vt 0.623682 0.509365
vt 0.623888 0.567340
vt 0.625141 0.567400
vt 0.618878 0.567194
vt 0.606270 0.481816
vt 0.618806 0.496745
vt 0.606254 0.495502
vt 0.618835 0.484265
vt 0.623735 0.498957
vt 0.618782 0.503756
vt 0.606241 0.503153
vt 0.623692 0.504132
vt 0.582276 0.481206
vt 0.606284 0.457530
vt 0.618859 0.460594
vt 0.623784 0.490087
vt 0.623823 0.469382
vt 0.624927 0.499307
vt 0.624853 0.501740
vt 0.624780 0.504172
vt 0.582262 0.502562
vt 0.582259 0.508546
vt 0.582268 0.494928
vt 0.144271 0.625132
vt 0.131577 0.593879
vt 0.144264 0.594601
vt 0.131611 0.656704
vt 0.131585 0.625156
vt 0.126409 0.591536
vt 0.126434 0.658899
vt 0.126414 0.625102
vt 0.168230 0.594519
vt 0.168234 0.625073
vt 0.144291 0.655865
vt 0.168245 0.655738
vt 0.125000 0.662500
vt 0.125000 0.625000
vt 0.125000 0.587500
vt 0.125000 0.550000
vt 0.376173 0.158899
vt 0.381126 0.125156
vt 0.381143 0.156704
vt 0.376156 0.091536
vt 0.376160 0.125102
vt 0.393707 0.125132
vt 0.393720 0.155865
vt 0.381121 0.093879
vt 0.375000 0.162500
vt 0.375000 0.087500
vt 0.375000 0.125000
vt 0.375000 0.050000
vt 0.393702 0.094601
vt 0.500006 0.980729
vt 0.452742 0.993423
vt 0.454773 0.980736
vt 0.547283 0.993389
vt 0.500007 0.993415
vt 0.447367 0.998591
vt 0.552652 0.998566
vt 0.500004 0.998586
vt 0.545246 0.980709
vt 0.561458 1.000000
vt 0.500000 1.000000
vt 0.438542 1.000000
vt 0.377083 1.000000
vt 0.447349 0.013183
vt 0.499994 0.027239
vt 0.452717 0.027646
vt 0.552633 0.012773
vt 0.499996 0.012862
vt 0.499995 0.044663
vt 0.454754 0.044981
vt 0.547258 0.027103
vt 0.438542 0.000000
vt 0.561458 0.000000
vt 0.500000 0.000000
vt 0.622917 0.000000
vt 0.545227 0.044548
vt 0.855729 0.624868
vt 0.868423 0.656121
vt 0.855736 0.655399
vt 0.868389 0.593297
vt 0.868415 0.624844
vt 0.873591 0.658464
vt 0.873566 0.591101
vt 0.873586 0.624898
vt 0.831766 0.624927
vt 0.855709 0.594135
vt 0.875000 0.587500
vt 0.875000 0.625000
vt 0.875000 0.662500
vt 0.875000 0.700000
vt 0.623827 0.091101
vt 0.618874 0.124844
vt 0.618857 0.093296
vt 0.623844 0.158464
vt 0.623840 0.124898
vt 0.606293 0.124868
vt 0.606280 0.094135
vt 0.618879 0.156121
vt 0.625000 0.087500
vt 0.625000 0.162500
vt 0.625000 0.125000
vt 0.625000 0.200000
vt 0.606298 0.155399
vt 0.582289 0.124927
vt 0.499995 0.269190
vt 0.547258 0.256109
vt 0.545227 0.269205
vt 0.452717 0.256143
vt 0.499994 0.255934
vt 0.552210 0.249662
vt 0.447772 0.249697
vt 0.499996 0.249050
vt 0.454754 0.269232
vt 0.443413 0.244611
vt 0.500000 0.243455
vt 0.556587 0.244490
vt 0.552228 0.235071
vt 0.500007 0.222110
vt 0.547283 0.221886
vt 0.447790 0.235490
vt 0.500004 0.234773
vt 0.500006 0.205256
vt 0.545246 0.204961
vt 0.452742 0.222429
vt 0.454773 0.205394
vt 0.249999 0.544707
vt 0.296939 0.527290
vt 0.294929 0.544698
vt 0.203057 0.527653
vt 0.249999 0.527291
vt 0.302240 0.512914
vt 0.197757 0.513187
vt 0.249999 0.512897
vt 0.294643 0.566758
vt 0.249999 0.566765
vt 0.205068 0.544986
vt 0.205355 0.566917
vt 0.189063 0.500000
vt 0.250000 0.500000
vt 0.310938 0.500000
vt 0.371875 0.500000
vt 0.376153 0.427385
vt 0.381119 0.375062
vt 0.381116 0.422132
vt 0.376155 0.322788
vt 0.376155 0.375040
vt 0.393700 0.375052
vt 0.393698 0.420083
vt 0.381120 0.328099
vt 0.375000 0.435938
vt 0.375000 0.314063
vt 0.375000 0.375000
vt 0.375000 0.253125
vt 0.393701 0.330101
vt 0.749990 0.544572
vt 0.796907 0.527089
vt 0.794904 0.544536
vt 0.703048 0.527259
vt 0.749988 0.527132
vt 0.802216 0.512764
vt 0.697750 0.512892
vt 0.749992 0.512792
vt 0.705060 0.544672
vt 0.689063 0.500000
vt 0.750000 0.500000
vt 0.810938 0.500000
vt 0.871875 0.500000
vt 0.623827 0.322761
vt 0.618872 0.375049
vt 0.618856 0.328063
vt 0.623838 0.427375
vt 0.623839 0.375032
vt 0.606292 0.375041
vt 0.606280 0.330073
vt 0.618872 0.422119
vt 0.625000 0.314063
vt 0.625000 0.435938
vt 0.625000 0.375000
vt 0.625000 0.496875
vt 0.606292 0.420073
vt 0.582288 0.375023
vt 0.499997 0.544743
vt 0.544944 0.528291
vt 0.544948 0.544805
vt 0.455040 0.528306
vt 0.499996 0.528196
vt 0.544942 0.516352
vt 0.455039 0.516370
vt 0.499994 0.516230
vt 0.455042 0.544815
vt 0.455038 0.508154
vt 0.499994 0.508002
vt 0.544940 0.508134
vt 0.544942 0.502184
vt 0.499996 0.494537
vt 0.544944 0.494632
vt 0.455039 0.502202
vt 0.499994 0.502062
vt 0.499997 0.480949
vt 0.544948 0.481012
vt 0.455040 0.494647
vt 0.455042 0.481021
vt 0.355736 0.625003
vt 0.368413 0.655516
vt 0.355741 0.655589
vt 0.368398 0.594500
vt 0.368404 0.625004
vt 0.373531 0.655456
vt 0.373513 0.594563
vt 0.373521 0.625006
vt 0.331774 0.655655
vt 0.331771 0.625002
vt 0.355732 0.594422
vt 0.331769 0.594351
vt 0.374820 0.594590
vt 0.374828 0.625006
vt 0.374840 0.655432
vt 0.376095 0.655456
vt 0.381100 0.625004
vt 0.381108 0.655516
vt 0.376077 0.594563
vt 0.376084 0.625006
vt 0.393699 0.625003
vt 0.393705 0.655589
vt 0.381094 0.594500
vt 0.393695 0.594422
vt 0.644265 0.624997
vt 0.631588 0.594485
vt 0.644259 0.594411
vt 0.631602 0.655500
vt 0.631596 0.624996
vt 0.626469 0.594544
vt 0.626487 0.655437
vt 0.626479 0.624994
vt 0.644269 0.655579
vt 0.625180 0.655410
vt 0.625172 0.624994
vt 0.625160 0.594568
vt 0.623905 0.594544
vt 0.618900 0.624996
vt 0.618892 0.594485
vt 0.623924 0.655437
vt 0.623916 0.624994
vt 0.606301 0.624997
vt 0.606295 0.594411
vt 0.618906 0.655500
vt 0.606305 0.655579
vt 0.582291 0.624999
vt 0.500003 0.769051
vt 0.544960 0.755354
vt 0.544958 0.768979
vt 0.455056 0.755368
vt 0.500004 0.755463
vt 0.544961 0.747798
vt 0.455058 0.747817
vt 0.500006 0.747938
vt 0.455052 0.768989
vt 0.455060 0.741866
vt 0.500006 0.741998
vt 0.544962 0.741846
vt 0.544961 0.733630
vt 0.500004 0.721804
vt 0.544960 0.721695
vt 0.455059 0.733648
vt 0.500006 0.733770
vt 0.500003 0.705257
vt 0.544958 0.705185
vt 0.455056 0.721709
vt 0.455052 0.705195
vt 0.250010 0.705428
vt 0.203093 0.722911
vt 0.205096 0.705464
vt 0.296952 0.722741
vt 0.250012 0.722868
vt 0.197784 0.737236
vt 0.302250 0.737108
vt 0.250008 0.737208
vt 0.205370 0.683330
vt 0.250006 0.683310
vt 0.294940 0.705328
vt 0.294649 0.683256
vt 0.310937 0.750000
vt 0.250000 0.750000
vt 0.189063 0.750000
vt 0.128125 0.750000
vt 0.376173 0.927239
vt 0.381129 0.874951
vt 0.381144 0.921937
vt 0.376162 0.822625
vt 0.376161 0.874968
vt 0.393709 0.874959
vt 0.393720 0.919927
vt 0.381128 0.827881
vt 0.375000 0.935938
vt 0.375000 0.814063
vt 0.375000 0.875000
vt 0.375000 0.753125
vt 0.393708 0.829927
vt 0.750001 0.705293
vt 0.703061 0.722710
vt 0.705071 0.705302
vt 0.796943 0.722347
vt 0.750001 0.722709
vt 0.697760 0.737086
vt 0.802243 0.736813
vt 0.750001 0.737104
vt 0.794933 0.705014
vt 0.810938 0.750000
vt 0.750000 0.750000
vt 0.689063 0.750000
vt 0.628125 0.750000
vt 0.623847 0.822615
vt 0.618881 0.874938
vt 0.618884 0.827868
vt 0.623845 0.927213
vt 0.623845 0.874960
vt 0.606300 0.874948
vt 0.606302 0.829917
vt 0.618880 0.921901
vt 0.625000 0.814063
vt 0.625000 0.935938
vt 0.625000 0.875000
vt 0.625000 0.996875
vt 0.606299 0.919899
vt 0.582292 0.874971
vt 0.205355 0.594377
vt 0.250001 0.625009
vt 0.205357 0.625031
vt 0.294645 0.594308
vt 0.250000 0.594312
vt 0.205361 0.655732
vt 0.294647 0.655698
vt 0.250002 0.655721
vt 0.294646 0.625002
s 0
usemtl HM_NewsDoor
f 1247/958/1693 1251/959/1693 1250/960/1693
f 1249/961/1694 1251/959/1694 1248/962/1694
f 1251/959/1695 1253/963/1695 1250/960/1695
f 1251/959/1696 1255/964/1696 1254/965/1696
f 897/966/1697 1247/958/1697 1235/967/1697
f 1222/968/1698 1248/962/1698 1247/958/1698
f 1220/969/1699 1248/962/1699 1221/970/1699
f 903/971/1700 1249/961/1700 1220/969/1700
f 1246/972/1701 1252/973/1701 1249/961/1701
f 1252/973/1702 1244/974/1702 1255/964/1702
f 1255/964/1703 874/975/1703 1150/976/1703
f 1254/965/1704 1150/976/1704 1149/977/1704
f 1254/965/1705 1148/978/1705 1253/963/1705
f 1253/963/1706 868/979/1706 1237/980/1706
f 1250/960/1707 1237/980/1707 1236/981/1707
f 1235/967/1708 1250/960/1708 1236/981/1708
f 1256/982/1709 1260/983/1709 1259/984/1709
f 1258/985/1710 1260/983/1710 1257/986/1710
f 1260/983/1711 1262/987/1711 1259/984/1711
f 1260/983/1712 1264/988/1712 1263/989/1712
f 911/990/1713 1256/982/1713 1208/991/1713
f 1195/992/1714 1257/986/1714 1256/982/1714
f 1193/993/1715 1257/986/1715 1194/994/1715
f 917/995/1716 1258/985/1716 1193/993/1716
f 1219/996/1717 1261/997/1717 1258/985/1717
f 1261/997/1718 1217/998/1718 1264/988/1718
f 1264/988/1719 904/999/1719 1228/1000/1719
f 1263/989/1720 1228/1000/1720 1227/1001/1720
f 1263/989/1721 1226/1002/1721 1262/987/1721
f 1262/987/1722 896/1003/1722 1210/1004/1722
f 1259/984/1723 1210/1004/1723 1209/1005/1723
f 1208/991/1724 1259/984/1724 1209/1005/1724
f 1265/1006/1725 1269/1007/1725 1268/1008/1725
f 1267/1009/1726 1269/1007/1726 1266/1010/1726
f 1269/1007/1727 1271/1011/1727 1268/1008/1727
f 1269/1007/1728 1273/1012/1728 1272/1013/1728
f 916/1014/1729 1265/1006/1729 1211/1015/1729
f 1186/1016/1730 1266/1010/1730 1265/1006/1730
f 1184/1017/1731 1266/1010/1731 1185/1018/1731
f 888/1019/1732 1267/1009/1732 1184/1017/1732
f 1159/1020/1733 1270/1021/1733 1267/1009/1733
f 1270/1021/1734 1157/1022/1734 1273/1012/1734
f 1273/1012/1735 875/1023/1735 1240/1024/1735
f 1272/1013/1736 1240/1024/1736 1239/1025/1736
f 1272/1013/1737 1238/1026/1737 1271/1011/1737
f 1271/1011/1738 902/1027/1738 1213/1028/1738
f 1268/1008/1739 1213/1028/1739 1212/1029/1739
f 1211/1015/1740 1268/1008/1740 1212/1029/1740
f 1274/1030/1741 1278/1031/1741 1277/1032/1741
f 1276/1033/1742 1278/1031/1742 1275/1034/1742
f 1278/1031/1743 1280/1035/1743 1277/1032/1743
f 1278/1031/1744 1282/1036/1744 1281/1037/1744
f 869/1038/1745 1274/1030/1745 1145/1039/1745
f 1156/1040/1746 1275/1034/1746 1274/1030/1746
f 1154/1041/1747 1275/1034/1747 1155/1042/1747
f 876/1043/1748 1276/1033/1748 1154/1041/1748
f 1165/1044/1749 1279/1045/1749 1276/1033/1749
f 1279/1045/1750 1163/1046/1750 1282/1036/1750
f 1282/1036/1751 890/1047/1751 1174/1048/1751
f 1281/1037/1752 1174/1048/1752 1173/1049/1752
f 1281/1037/1753 1172/1050/1753 1280/1035/1753
f 1280/1035/1754 882/1051/1754 1147/1052/1754
f 1277/1032/1755 1147/1052/1755 1146/1053/1755
f 1145/1039/1756 1277/1032/1756 1146/1053/1756
f 1283/1054/1757 1287/1055/1757 1286/1056/1757
f 1285/1057/1758 1287/1055/1758 1284/1058/1758
f 1287/1055/1759 1289/1059/1759 1286/1056/1759
f 1287/1055/1760 1291/1060/1760 1290/1061/1760
f 883/1062/1761 1283/1054/1761 1181/1063/1761
f 1168/1064/1762 1284/1058/1762 1283/1054/1762
f 1166/1065/1763 1284/1058/1763 1167/1066/1763
f 889/1067/1764 1285/1057/1764 1166/1065/1764
f 1192/1068/1765 1288/1069/1765 1285/1057/1765
f 1288/1069/1766 1190/1070/1766 1291/1060/1766
f 1291/1060/1767 918/1071/1767 1201/1072/1767
f 1290/1061/1768 1201/1072/1768 1200/1073/1768
f 1290/1061/1769 1199/1074/1769 1289/1059/1769
f 1289/1059/1770 910/1075/1770 1183/1076/1770
f 1286/1056/1771 1183/1076/1771 1182/1077/1771
f 1181/1063/1772 1286/1056/1772 1182/1077/1772
f 1292/1078/1773 1296/1079/1773 1295/1080/1773
f 1293/1081/1774 1297/1082/1774 1296/1079/1774
f 1295/1080/1775 1299/1083/1775 1298/1084/1775
f 1296/1079/1776 1300/1085/1776 1299/1083/1776
f 867/1086/1777 1292/1078/1777 925/1087/1777
f 926/1088/1778 1293/1081/1778 1292/1078/1778
f 927/1089/1779 1294/1090/1779 1293/1081/1779
f 928/1091/1780 929/1092/1780 1294/1090/1780
f 1294/1090/1781 930/1093/1781 1297/1082/1781
f 1297/1082/1782 931/1094/1782 1300/1085/1782
f 1300/1085/1783 871/1095/1783 932/1096/1783
f 1299/1083/1784 932/1096/1784 933/1097/1784
f 1298/1084/1785 933/1097/1785 934/1098/1785
f 923/1099/1786 934/1098/1786 873/1100/1786
f 924/1101/1787 1298/1084/1787 923/1099/1787
f 925/1087/1788 1295/1080/1788 924/1101/1788
f 1301/1102/1789 1305/1103/1789 1304/1104/1789
f 1302/1105/1790 1306/1106/1790 1305/1103/1790
f 1304/1104/1791 1308/1107/1791 1307/1108/1791
f 1305/1103/1792 1309/1109/1792 1308/1107/1792
f 868/979/1793 1301/1102/1793 937/1110/1793
f 938/1111/1794 1302/1105/1794 1301/1102/1794
f 939/1112/1795 1303/1113/1795 1302/1105/1795
f 940/1114/1796 941/1115/1796 1303/1113/1796
f 1303/1113/1797 942/1116/1797 1306/1106/1797
f 1306/1106/1798 943/1117/1798 1309/1109/1798
f 1309/1109/1799 871/1118/1799 931/1119/1799
f 1308/1107/1800 931/1119/1800 930/1120/1800
f 1307/1108/1801 930/1120/1801 929/1121/1801
f 935/1122/1802 929/1121/1802 870/1123/1802
f 936/1124/1803 1307/1108/1803 935/1122/1803
f 937/1110/1804 1304/1104/1804 936/1124/1804
f 1310/1125/1805 1314/1126/1805 1313/1127/1805
f 1311/1128/1806 1315/1129/1806 1314/1126/1806
f 1313/1127/1807 1317/1130/1807 1316/1131/1807
f 1314/1126/1808 1318/1132/1808 1317/1130/1808
f 869/1038/1809 1310/1125/1809 946/1133/1809
f 947/1134/1810 1311/1128/1810 1310/1125/1810
f 948/1135/1811 1312/1136/1811 1311/1128/1811
f 949/1137/1812 934/1138/1812 1312/1136/1812
f 1312/1136/1813 933/1139/1813 1315/1129/1813
f 1315/1129/1814 932/1140/1814 1318/1132/1814
f 1318/1132/1815 871/1141/1815 943/1142/1815
f 1317/1130/1816 943/1142/1816 942/1143/1816
f 1316/1131/1817 942/1143/1817 941/1144/1817
f 944/1145/1818 941/1144/1818 872/1146/1818
f 945/1147/1819 1316/1131/1819 944/1145/1819
f 946/1133/1820 1313/1127/1820 945/1147/1820
f 1319/1148/1821 1323/1149/1821 1322/1150/1821
f 1320/1151/1822 1324/1152/1822 1323/1149/1822
f 1322/1150/1823 1326/1153/1823 1325/1154/1823
f 1323/1149/1824 1327/1155/1824 1326/1153/1824
f 874/975/1825 1319/1148/1825 952/1156/1825
f 953/1157/1826 1320/1151/1826 1319/1148/1826
f 954/1158/1827 1321/1159/1827 1320/1151/1827
f 955/1160/1828 956/1161/1828 1321/1159/1828
f 1321/1159/1829 957/1162/1829 1324/1152/1829
f 1324/1152/1830 958/1163/1830 1327/1155/1830
f 1327/1155/1831 878/1164/1831 959/1165/1831
f 1326/1153/1832 959/1165/1832 960/1166/1832
f 1325/1154/1833 960/1166/1833 961/1167/1833
f 950/1168/1834 961/1167/1834 880/1169/1834
f 951/1170/1835 1325/1154/1835 950/1168/1835
f 952/1156/1836 1322/1150/1836 951/1170/1836
f 1328/1171/1837 1332/1172/1837 1331/1173/1837
f 1329/1174/1838 1333/1175/1838 1332/1172/1838
f 1331/1173/1839 1335/1176/1839 1334/1177/1839
f 1332/1172/1840 1336/1178/1840 1335/1176/1840
f 875/1023/1841 1328/1171/1841 964/1179/1841
f 965/1180/1842 1329/1174/1842 1328/1171/1842
f 966/1181/1843 1330/1182/1843 1329/1174/1843
f 967/1183/1844 968/1184/1844 1330/1182/1844
f 1330/1182/1845 969/1185/1845 1333/1175/1845
f 1333/1175/1846 970/1186/1846 1336/1178/1846
f 1336/1178/1847 878/1187/1847 958/1188/1847
f 1335/1176/1848 958/1188/1848 957/1189/1848
f 1334/1177/1849 957/1189/1849 956/1190/1849
f 962/1191/1850 956/1190/1850 877/1192/1850
f 963/1193/1851 1334/1177/1851 962/1191/1851
f 964/1179/1852 1331/1173/1852 963/1193/1852
f 1337/1194/1853 1341/1195/1853 1340/1196/1853
f 1338/1197/1854 1342/1198/1854 1341/1195/1854
f 1340/1196/1855 1344/1199/1855 1343/1200/1855
f 1341/1195/1856 1345/1201/1856 1344/1199/1856
f 876/1043/1857 1337/1194/1857 973/1202/1857
f 974/1203/1858 1338/1197/1858 1337/1194/1858
f 975/1204/1859 1339/1205/1859 1338/1197/1859
f 976/1206/1860 961/1207/1860 1339/1205/1860
f 1339/1205/1861 960/1208/1861 1342/1198/1861
f 1342/1198/1862 959/1209/1862 1345/1201/1862
f 1345/1201/1863 878/1210/1863 970/1211/1863
f 1344/1199/1864 970/1211/1864 969/1212/1864
f 1343/1200/1865 969/1212/1865 968/1213/1865
f 971/1214/1866 968/1213/1866 879/1215/1866
f 972/1216/1867 1343/1200/1867 971/1214/1867
f 973/1202/1868 1340/1196/1868 972/1216/1868
f 1346/1217/1869 1350/1218/1869 1349/1219/1869
f 1347/1220/1870 1351/1221/1870 1350/1218/1870
f 1349/1219/1871 1353/1222/1871 1352/1223/1871
f 1350/1218/1872 1354/1224/1872 1353/1222/1872
f 881/1225/1873 1346/1217/1873 979/1226/1873
f 980/1227/1874 1347/1220/1874 1346/1217/1874
f 981/1228/1875 1348/1229/1875 1347/1220/1875
f 982/1230/1876 983/1231/1876 1348/1229/1876
f 1348/1229/1877 984/1232/1877 1351/1221/1877
f 1351/1221/1878 985/1233/1878 1354/1224/1878
f 1354/1224/1879 885/1234/1879 986/1235/1879
f 1353/1222/1880 986/1235/1880 987/1236/1880
f 1352/1223/1881 987/1236/1881 988/1237/1881
f 977/1238/1882 988/1237/1882 887/1239/1882
f 978/1240/1883 1352/1223/1883 977/1238/1883
f 979/1226/1884 1349/1219/1884 978/1240/1884
f 1355/1241/1885 1359/1242/1885 1358/1243/1885
f 1356/1244/1886 1360/1245/1886 1359/1242/1886
f 1358/1243/1887 1362/1246/1887 1361/1247/1887
f 1359/1242/1888 1363/1248/1888 1362/1246/1888
f 882/1051/1889 1355/1241/1889 991/1249/1889
f 992/1250/1890 1356/1244/1890 1355/1241/1890
f 993/1251/1891 1357/1252/1891 1356/1244/1891
f 994/1253/1892 995/1254/1892 1357/1252/1892
f 1357/1252/1893 996/1255/1893 1360/1245/1893
f 1360/1245/1894 997/1256/1894 1363/1248/1894
f 1363/1248/1895 885/1257/1895 985/1258/1895
f 1362/1246/1896 985/1258/1896 984/1259/1896
f 1361/1247/1897 984/1259/1897 983/1260/1897
f 989/1261/1898 983/1260/1898 884/1262/1898
f 990/1263/1899 1361/1247/1899 989/1261/1899
f 991/1249/1900 1358/1243/1900 990/1263/1900
f 1364/1264/1901 1368/1265/1901 1367/1266/1901
f 1365/1267/1902 1369/1268/1902 1368/1265/1902
f 1367/1266/1903 1371/1269/1903 1370/1270/1903
f 1368/1265/1904 1372/1271/1904 1371/1269/1904
f 883/1062/1905 1364/1264/1905 1000/1272/1905
f 1001/1273/1906 1365/1267/1906 1364/1264/1906
f 1002/1274/1907 1366/1275/1907 1365/1267/1907
f 1003/1276/1908 988/1277/1908 1366/1275/1908
f 1366/1275/1909 987/1278/1909 1369/1268/1909
f 1369/1268/1910 986/1279/1910 1372/1271/1910
f 1372/1271/1911 885/1280/1911 997/1281/1911
f 1371/1269/1912 997/1281/1912 996/1282/1912
f 1370/1270/1913 996/1282/1913 995/1283/1913
f 998/1284/1914 995/1283/1914 886/1285/1914
f 999/1286/1915 1370/1270/1915 998/1284/1915
f 1000/1272/1916 1367/1266/1916 999/1286/1916
f 1373/1287/1917 1377/1288/1917 1376/1289/1917
f 1374/1290/1918 1378/1291/1918 1377/1288/1918
f 1376/1289/1919 1380/1292/1919 1379/1293/1919
f 1377/1288/1920 1381/1294/1920 1380/1292/1920
f 888/1019/1921 1373/1287/1921 1006/1295/1921
f 1007/1296/1922 1374/1290/1922 1373/1287/1922
f 1008/1297/1923 1375/1298/1923 1374/1290/1923
f 1009/1299/1924 1010/1300/1924 1375/1298/1924
f 1375/1298/1925 1011/1301/1925 1378/1291/1925
f 1378/1291/1926 1012/1302/1926 1381/1294/1926
f 1381/1294/1927 892/1303/1927 1013/1304/1927
f 1380/1292/1928 1013/1304/1928 1014/1305/1928
f 1379/1293/1929 1014/1305/1929 1015/1306/1929
f 1004/1307/1930 1015/1306/1930 894/1308/1930
f 1005/1309/1931 1379/1293/1931 1004/1307/1931
f 1006/1295/1932 1376/1289/1932 1005/1309/1932
f 1382/1310/1933 1386/1311/1933 1385/1312/1933
f 1383/1313/1934 1387/1314/1934 1386/1311/1934
f 1385/1312/1935 1389/1315/1935 1388/1316/1935
f 1386/1311/1936 1390/1317/1936 1389/1315/1936
f 889/1067/1937 1382/1310/1937 1018/1318/1937
f 1019/1319/1938 1383/1313/1938 1382/1310/1938
f 1020/1320/1939 1384/1321/1939 1383/1313/1939
f 1021/1322/1940 1022/1323/1940 1384/1321/1940
f 1384/1321/1941 1023/1324/1941 1387/1314/1941
f 1387/1314/1942 1024/1325/1942 1390/1317/1942
f 1390/1317/1943 892/1326/1943 1012/1327/1943
f 1389/1315/1944 1012/1327/1944 1011/1328/1944
f 1388/1316/1945 1011/1328/1945 1010/1329/1945
f 1016/1330/1946 1010/1329/1946 891/1331/1946
f 1017/1332/1947 1388/1316/1947 1016/1330/1947
f 1018/1318/1948 1385/1312/1948 1017/1332/1948
f 1391/1333/1949 1395/1334/1949 1394/1335/1949
f 1392/1336/1950 1396/1337/1950 1395/1334/1950
f 1394/1335/1951 1398/1338/1951 1397/1339/1951
f 1395/1334/1952 1399/1340/1952 1398/1338/1952
f 890/1047/1953 1391/1333/1953 1027/1341/1953
f 1028/1342/1954 1392/1336/1954 1391/1333/1954
f 1029/1343/1955 1393/1344/1955 1392/1336/1955
f 1030/1345/1956 1015/1346/1956 1393/1344/1956
f 1393/1344/1957 1014/1347/1957 1396/1337/1957
f 1396/1337/1958 1013/1348/1958 1399/1340/1958
f 1399/1340/1959 892/1349/1959 1024/1350/1959
f 1398/1338/1960 1024/1350/1960 1023/1351/1960
f 1397/1339/1961 1023/1351/1961 1022/1352/1961
f 1025/1353/1962 1022/1352/1962 893/1354/1962
f 1026/1355/1963 1397/1339/1963 1025/1353/1963
f 1027/1341/1964 1394/1335/1964 1026/1355/1964
f 1400/1356/1965 1404/1357/1965 1403/1358/1965
f 1401/1359/1966 1405/1360/1966 1404/1357/1966
f 1403/1358/1967 1407/1361/1967 1406/1362/1967
f 1404/1357/1968 1408/1363/1968 1407/1361/1968
f 895/1364/1969 1400/1356/1969 1033/1365/1969
f 1034/1366/1970 1401/1359/1970 1400/1356/1970
f 1035/1367/1971 1402/1368/1971 1401/1359/1971
f 1036/1369/1972 1037/1370/1972 1402/1368/1972
f 1402/1368/1973 1038/1371/1973 1405/1360/1973
f 1405/1360/1974 1039/1372/1974 1408/1363/1974
f 1408/1363/1975 899/1373/1975 1040/1374/1975
f 1407/1361/1976 1040/1374/1976 1041/1375/1976
f 1406/1362/1977 1041/1375/1977 1042/1376/1977
f 1031/1377/1978 1042/1376/1978 901/1378/1978
f 1032/1379/1979 1406/1362/1979 1031/1377/1979
f 1033/1365/1980 1403/1358/1980 1032/1379/1980
f 1409/1380/1981 1413/1381/1981 1412/1382/1981
f 1410/1383/1982 1414/1384/1982 1413/1381/1982
f 1412/1382/1983 1416/1385/1983 1415/1386/1983
f 1413/1381/1984 1417/1387/1984 1416/1385/1984
f 896/1003/1985 1409/1380/1985 1045/1388/1985
f 1046/1389/1986 1410/1383/1986 1409/1380/1986
f 1047/1390/1987 1411/1391/1987 1410/1383/1987
f 1048/1392/1988 1049/1393/1988 1411/1391/1988
f 1411/1391/1989 1050/1394/1989 1414/1384/1989
f 1414/1384/1990 1051/1395/1990 1417/1387/1990
f 1417/1387/1991 899/1373/1991 1039/1372/1991
f 1416/1385/1992 1039/1372/1992 1038/1371/1992
f 1415/1386/1993 1038/1371/1993 1037/1370/1993
f 1043/1396/1994 1037/1370/1994 898/1397/1994
f 1044/1398/1995 1415/1386/1995 1043/1396/1995
f 1045/1388/1996 1412/1382/1996 1044/1398/1996
f 1418/1399/1997 1422/1400/1997 1421/1401/1997
f 1419/1402/1998 1423/1403/1998 1422/1400/1998
f 1421/1401/1999 1425/1404/1999 1424/1405/1999
f 1422/1400/2000 1426/1406/2000 1425/1404/2000
f 897/966/2001 1418/1399/2001 1054/1407/2001
f 1055/1408/2002 1419/1402/2002 1418/1399/2002
f 1056/1409/2003 1420/1410/2003 1419/1402/2003
f 1057/1411/2004 1042/1412/2004 1420/1410/2004
f 1420/1410/2005 1041/1413/2005 1423/1403/2005
f 1423/1403/2006 1040/1414/2006 1426/1406/2006
f 1426/1406/2007 899/1373/2007 1051/1395/2007
f 1425/1404/2008 1051/1395/2008 1050/1394/2008
f 1424/1405/2009 1050/1394/2009 1049/1393/2009
f 1052/1415/2010 1049/1393/2010 900/1416/2010
f 1053/1417/2011 1424/1405/2011 1052/1415/2011
f 1054/1407/2012 1421/1401/2012 1053/1417/2012
f 1427/1418/2013 1431/1419/2013 1430/1420/2013
f 1428/1421/2014 1432/1422/2014 1431/1419/2014
f 1430/1420/2015 1434/1423/2015 1433/1424/2015
f 1431/1419/2016 1435/1425/2016 1434/1423/2016
f 902/1027/2017 1427/1418/2017 1060/1426/2017
f 1061/1427/2018 1428/1421/2018 1427/1418/2018
f 1062/1428/2019 1429/1429/2019 1428/1421/2019
f 1063/1430/2020 1064/1431/2020 1429/1429/2020
f 1429/1429/2021 1065/1432/2021 1432/1422/2021
f 1432/1422/2022 1066/1433/2022 1435/1425/2022
f 1435/1425/2023 906/1434/2023 1067/1435/2023
f 1434/1423/2024 1067/1435/2024 1068/1436/2024
f 1433/1424/2025 1068/1436/2025 1069/1437/2025
f 1058/1438/2026 1069/1437/2026 908/1439/2026
f 1059/1440/2027 1433/1424/2027 1058/1438/2027
f 1060/1426/2028 1430/1420/2028 1059/1440/2028
f 1436/1441/2029 1440/1442/2029 1439/1443/2029
f 1437/1444/2030 1441/1445/2030 1440/1442/2030
f 1439/1443/2031 1443/1446/2031 1442/1447/2031
f 1440/1442/2032 1444/1448/2032 1443/1446/2032
f 903/971/2033 1436/1441/2033 1072/1449/2033
f 1073/1450/2034 1437/1444/2034 1436/1441/2034
f 1074/1451/2035 1438/1452/2035 1437/1444/2035
f 1075/1453/2036 1076/1454/2036 1438/1452/2036
f 1438/1452/2037 1077/1455/2037 1441/1445/2037
f 1441/1445/2038 1078/1456/2038 1444/1448/2038
f 1444/1448/2039 906/1434/2039 1066/1457/2039
f 1443/1446/2040 1066/1457/2040 1065/1458/2040
f 1442/1447/2041 1065/1458/2041 1064/1459/2041
f 1070/1460/2042 1064/1459/2042 905/1461/2042
f 1071/1462/2043 1442/1447/2043 1070/1460/2043
f 1072/1449/2044 1439/1443/2044 1071/1462/2044
f 1445/1463/2045 1449/1464/2045 1448/1465/2045
f 1446/1466/2046 1450/1467/2046 1449/1464/2046
f 1448/1465/2047 1452/1468/2047 1451/1469/2047
f 1449/1464/2048 1453/1470/2048 1452/1468/2048
f 904/999/2049 1445/1463/2049 1081/1471/2049
f 1082/1472/2050 1446/1466/2050 1445/1463/2050
f 1083/1473/2051 1447/1474/2051 1446/1466/2051
f 1084/1475/2052 1069/1437/2052 1447/1474/2052
f 1447/1474/2053 1068/1436/2053 1450/1467/2053
f 1450/1467/2054 1067/1435/2054 1453/1470/2054
f 1453/1470/2055 906/1434/2055 1078/1456/2055
f 1452/1468/2056 1078/1456/2056 1077/1455/2056
f 1451/1469/2057 1077/1455/2057 1076/1454/2057
f 1079/1476/2058 1076/1454/2058 907/1477/2058
f 1080/1478/2059 1451/1469/2059 1079/1476/2059
f 1081/1471/2060 1448/1465/2060 1080/1478/2060
f 1454/1479/2061 1458/1480/2061 1457/1481/2061
f 1455/1482/2062 1459/1483/2062 1458/1480/2062
f 1457/1481/2063 1461/1484/2063 1460/1485/2063
f 1458/1480/2064 1462/1486/2064 1461/1484/2064
f 909/1487/2065 1454/1479/2065 1087/1488/2065
f 1088/1489/2066 1455/1482/2066 1454/1479/2066
f 1089/1490/2067 1456/1491/2067 1455/1482/2067
f 1090/1492/2068 1091/1493/2068 1456/1491/2068
f 1456/1491/2069 1092/1494/2069 1459/1483/2069
f 1459/1483/2070 1093/1495/2070 1462/1486/2070
f 1462/1486/2071 913/1496/2071 1094/1497/2071
f 1461/1484/2072 1094/1497/2072 1095/1498/2072
f 1460/1485/2073 1095/1498/2073 1096/1499/2073
f 1085/1500/2074 1096/1499/2074 915/1501/2074
f 1086/1502/2075 1460/1485/2075 1085/1500/2075
f 1087/1488/2076 1457/1481/2076 1086/1502/2076
f 1463/1503/2077 1467/1504/2077 1466/1505/2077
f 1464/1506/2078 1468/1507/2078 1467/1504/2078
f 1466/1505/2079 1470/1508/2079 1469/1509/2079
f 1467/1504/2080 1471/1510/2080 1470/1508/2080
f 910/1075/2081 1463/1503/2081 1099/1511/2081
f 1100/1512/2082 1464/1506/2082 1463/1503/2082
f 1101/1513/2083 1465/1514/2083 1464/1506/2083
f 1102/1515/2084 1103/1516/2084 1465/1514/2084
f 1465/1514/2085 1104/1517/2085 1468/1507/2085
f 1468/1507/2086 1105/1518/2086 1471/1510/2086
f 1471/1510/2087 913/1496/2087 1093/1519/2087
f 1470/1508/2088 1093/1519/2088 1092/1520/2088
f 1469/1509/2089 1092/1520/2089 1091/1521/2089
f 1097/1522/2090 1091/1521/2090 912/1523/2090
f 1098/1524/2091 1469/1509/2091 1097/1522/2091
f 1099/1511/2092 1466/1505/2092 1098/1524/2092
f 1472/1525/2093 1476/1526/2093 1475/1527/2093
f 1473/1528/2094 1477/1529/2094 1476/1526/2094
f 1475/1527/2095 1479/1530/2095 1478/1531/2095
f 1476/1526/2096 1480/1532/2096 1479/1530/2096
f 911/990/2097 1472/1525/2097 1108/1533/2097
f 1109/1534/2098 1473/1528/2098 1472/1525/2098
f 1110/1535/2099 1474/1536/2099 1473/1528/2099
f 1111/1537/2100 1096/1499/2100 1474/1536/2100
f 1474/1536/2101 1095/1498/2101 1477/1529/2101
f 1477/1529/2102 1094/1497/2102 1480/1532/2102
f 1480/1532/2103 913/1496/2103 1105/1518/2103
f 1479/1530/2104 1105/1518/2104 1104/1517/2104
f 1478/1531/2105 1104/1517/2105 1103/1516/2105
f 1106/1538/2106 1103/1516/2106 914/1539/2106
f 1107/1540/2107 1478/1531/2107 1106/1538/2107
f 1108/1533/2108 1475/1527/2108 1107/1540/2108
f 1481/1541/2109 1485/1542/2109 1484/1543/2109
f 1482/1544/2110 1486/1545/2110 1485/1542/2110
f 1484/1543/2111 1488/1546/2111 1487/1547/2111
f 1485/1542/2112 1489/1548/2112 1488/1546/2112
f 916/1014/2113 1481/1541/2113 1114/1549/2113
f 1115/1550/2114 1482/1544/2114 1481/1541/2114
f 1116/1551/2115 1483/1552/2115 1482/1544/2115
f 1117/1553/2116 1118/1554/2116 1483/1552/2116
f 1483/1552/2117 1119/1555/2117 1486/1545/2117
f 1486/1545/2118 1120/1556/2118 1489/1548/2118
f 1489/1548/2119 920/1557/2119 1121/1558/2119
f 1488/1546/2120 1121/1558/2120 1122/1559/2120
f 1487/1547/2121 1122/1559/2121 1123/1560/2121
f 1112/1561/2122 1123/1560/2122 922/1562/2122
f 1113/1563/2123 1487/1547/2123 1112/1561/2123
f 1114/1549/2124 1484/1543/2124 1113/1563/2124
f 1490/1564/2125 1494/1565/2125 1493/1566/2125
f 1491/1567/2126 1495/1568/2126 1494/1565/2126
f 1493/1566/2127 1497/1569/2127 1496/1570/2127
f 1494/1565/2128 1498/1571/2128 1497/1569/2128
f 917/995/2129 1490/1564/2129 1126/1572/2129
f 1127/1573/2130 1491/1567/2130 1490/1564/2130
f 1128/1574/2131 1492/1575/2131 1491/1567/2131
f 1129/1576/2132 1130/1577/2132 1492/1575/2132
f 1492/1575/2133 1131/1578/2133 1495/1568/2133
f 1495/1568/2134 1132/1579/2134 1498/1571/2134
f 1498/1571/2135 920/1557/2135 1120/1556/2135
f 1497/1569/2136 1120/1556/2136 1119/1555/2136
f 1496/1570/2137 1119/1555/2137 1118/1554/2137
f 1124/1580/2138 1118/1554/2138 919/1581/2138
f 1125/1582/2139 1496/1570/2139 1124/1580/2139
f 1126/1572/2140 1493/1566/2140 1125/1582/2140
f 1499/1583/2141 1503/1584/2141 1502/1585/2141
f 1500/1586/2142 1504/1587/2142 1503/1584/2142
f 1502/1585/2143 1506/1588/2143 1505/1589/2143
f 1503/1584/2144 1507/1590/2144 1506/1588/2144
f 918/1071/2145 1499/1583/2145 1135/1591/2145
f 1136/1592/2146 1500/1586/2146 1499/1583/2146
f 1137/1593/2147 1501/1594/2147 1500/1586/2147
f 1138/1595/2148 1123/1596/2148 1501/1594/2148
f 1501/1594/2149 1122/1597/2149 1504/1587/2149
f 1504/1587/2150 1121/1598/2150 1507/1590/2150
f 1507/1590/2151 920/1557/2151 1132/1579/2151
f 1506/1588/2152 1132/1579/2152 1131/1578/2152
f 1505/1589/2153 1131/1578/2153 1130/1577/2153
f 1133/1599/2154 1130/1577/2154 921/1600/2154
f 1134/1601/2155 1505/1589/2155 1133/1599/2155
f 1135/1591/2156 1502/1585/2156 1134/1601/2156
f 1509/1602/2157 1511/1603/2157 1508/1604/2157
f 1509/1602/2158 1513/1605/2158 1512/1606/2158
f 1512/1606/2159 1514/1607/2159 1511/1603/2159
f 1512/1606/2160 1516/1608/2160 1515/1609/2160
f 1139/1610/2161 980/1227/2161 881/1225/2161
f 1140/1611/2162 1508/1604/2162 1139/1610/2162
f 1140/1611/2163 1510/1612/2163 1509/1602/2163
f 1141/1613/2164 925/1087/2164 1510/1612/2164
f 1510/1612/2165 924/1101/2165 1513/1605/2165
f 1513/1605/2166 923/1099/2166 1516/1608/2166
f 1516/1608/2167 873/1100/2167 1142/1614/2167
f 1515/1609/2168 1142/1614/2168 1143/1615/2168
f 1515/1609/2169 1144/1616/2169 1514/1607/2169
f 1514/1607/2170 884/1617/2170 982/1230/2170
f 1511/1603/2171 982/1230/2171 981/1228/2171
f 1508/1604/2172 981/1228/2172 980/1227/2172
f 1517/1618/2173 1521/1619/2173 1520/1620/2173
f 1519/1621/2174 1521/1619/2174 1518/1622/2174
f 1520/1620/2175 1524/1623/2175 1523/1624/2175
f 1522/1625/2176 1524/1623/2176 1521/1619/2176
f 884/1262/2177 1517/1618/2177 989/1261/2177
f 1144/1626/2178 1518/1622/2178 1517/1618/2178
f 1142/1627/2179 1518/1622/2179 1143/1628/2179
f 873/1629/2180 1519/1621/2180 1142/1627/2180
f 949/1137/2181 1522/1625/2181 1519/1621/2181
f 948/1135/2182 1525/1630/2182 1522/1625/2182
f 947/1134/2183 1145/1039/2183 1525/1630/2183
f 1525/1630/2184 1146/1053/2184 1524/1623/2184
f 1523/1624/2185 1146/1053/2185 1147/1052/2185
f 991/1249/2186 1147/1052/2186 882/1051/2186
f 990/1263/2187 1523/1624/2187 991/1249/2187
f 989/1261/2188 1520/1620/2188 990/1263/2188
f 1527/1631/2189 1529/1632/2189 1526/1633/2189
f 1527/1631/2190 1531/1634/2190 1530/1635/2190
f 1530/1635/2191 1532/1636/2191 1529/1632/2191
f 1530/1635/2192 1534/1637/2192 1533/1638/2192
f 1148/978/2193 938/1111/2193 868/979/2193
f 1149/977/2194 1526/1633/2194 1148/978/2194
f 1149/977/2195 1528/1639/2195 1527/1631/2195
f 1150/976/2196 952/1156/2196 1528/1639/2196
f 1528/1639/2197 951/1170/2197 1531/1634/2197
f 1531/1634/2198 950/1168/2198 1534/1637/2198
f 1534/1637/2199 880/1169/2199 1151/1640/2199
f 1533/1638/2200 1151/1640/2200 1152/1641/2200
f 1533/1638/2201 1153/1642/2201 1532/1636/2201
f 1532/1636/2202 872/1643/2202 940/1114/2202
f 1529/1632/2203 940/1114/2203 939/1112/2203
f 1526/1633/2204 939/1112/2204 938/1111/2204
f 1535/1644/2205 1539/1645/2205 1538/1646/2205
f 1537/1647/2206 1539/1645/2206 1536/1648/2206
f 1538/1646/2207 1542/1649/2207 1541/1650/2207
f 1540/1651/2208 1542/1649/2208 1539/1645/2208
f 872/1146/2209 1535/1644/2209 944/1145/2209
f 1153/1652/2210 1536/1648/2210 1535/1644/2210
f 1151/1653/2211 1536/1648/2211 1152/1654/2211
f 880/1655/2212 1537/1647/2212 1151/1653/2212
f 976/1206/2213 1540/1651/2213 1537/1647/2213
f 975/1204/2214 1543/1656/2214 1540/1651/2214
f 974/1203/2215 1154/1041/2215 1543/1656/2215
f 1543/1656/2216 1155/1042/2216 1542/1649/2216
f 1541/1650/2217 1155/1042/2217 1156/1040/2217
f 946/1133/2218 1156/1040/2218 869/1038/2218
f 945/1147/2219 1541/1650/2219 946/1133/2219
f 944/1145/2220 1538/1646/2220 945/1147/2220
f 1545/1657/2221 1547/1658/2221 1544/1659/2221
f 1545/1657/2222 1549/1660/2222 1548/1661/2222
f 1548/1661/2223 1550/1662/2223 1547/1658/2223
f 1548/1661/2224 1552/1663/2224 1551/1664/2224
f 1157/1022/2225 965/1180/2225 875/1023/2225
f 1158/1665/2226 1544/1659/2226 1157/1022/2226
f 1158/1665/2227 1546/1666/2227 1545/1657/2227
f 1159/1020/2228 1006/1295/2228 1546/1666/2228
f 1546/1666/2229 1005/1309/2229 1549/1660/2229
f 1549/1660/2230 1004/1307/2230 1552/1663/2230
f 1552/1663/2231 894/1308/2231 1160/1667/2231
f 1551/1664/2232 1160/1667/2232 1161/1668/2232
f 1551/1664/2233 1162/1669/2233 1550/1662/2233
f 1550/1662/2234 879/1670/2234 967/1183/2234
f 1547/1658/2235 967/1183/2235 966/1181/2235
f 1544/1659/2236 966/1181/2236 965/1180/2236
f 1553/1671/2237 1557/1672/2237 1556/1673/2237
f 1555/1674/2238 1557/1672/2238 1554/1675/2238
f 1556/1673/2239 1560/1676/2239 1559/1677/2239
f 1558/1678/2240 1560/1676/2240 1557/1672/2240
f 879/1215/2241 1553/1671/2241 971/1214/2241
f 1162/1679/2242 1554/1675/2242 1553/1671/2242
f 1160/1680/2243 1554/1675/2243 1161/1681/2243
f 894/1682/2244 1555/1674/2244 1160/1680/2244
f 1030/1345/2245 1558/1678/2245 1555/1674/2245
f 1029/1343/2246 1561/1683/2246 1558/1678/2246
f 1028/1342/2247 1163/1046/2247 1561/1683/2247
f 1561/1683/2248 1164/1684/2248 1560/1676/2248
f 1559/1677/2249 1164/1684/2249 1165/1044/2249
f 973/1202/2250 1165/1044/2250 876/1043/2250
f 972/1216/2251 1559/1677/2251 973/1202/2251
f 971/1214/2252 1556/1673/2252 972/1216/2252
f 1563/1685/2253 1565/1686/2253 1562/1687/2253
f 1563/1685/2254 1567/1688/2254 1566/1689/2254
f 1566/1689/2255 1568/1690/2255 1565/1686/2255
f 1566/1689/2256 1570/1691/2256 1569/1692/2256
f 1166/1065/2257 1019/1319/2257 889/1067/2257
f 1167/1066/2258 1562/1687/2258 1166/1065/2258
f 1167/1066/2259 1564/1693/2259 1563/1685/2259
f 1168/1064/2260 1000/1272/2260 1564/1693/2260
f 1564/1693/2261 999/1286/2261 1567/1688/2261
f 1567/1688/2262 998/1284/2262 1570/1691/2262
f 1570/1691/2263 886/1285/2263 1169/1694/2263
f 1569/1692/2264 1169/1694/2264 1170/1695/2264
f 1569/1692/2265 1171/1696/2265 1568/1690/2265
f 1568/1690/2266 893/1354/2266 1021/1322/2266
f 1565/1686/2267 1021/1322/2267 1020/1320/2267
f 1562/1687/2268 1020/1320/2268 1019/1319/2268
f 1571/1697/2269 1575/1698/2269 1574/1699/2269
f 1573/1700/2270 1575/1698/2270 1572/1701/2270
f 1574/1699/2271 1578/1702/2271 1577/1703/2271
f 1576/1704/2272 1578/1702/2272 1575/1698/2272
f 893/1354/2273 1571/1697/2273 1025/1353/2273
f 1171/1696/2274 1572/1701/2274 1571/1697/2274
f 1169/1694/2275 1572/1701/2275 1170/1695/2275
f 886/1285/2276 1573/1700/2276 1169/1694/2276
f 994/1253/2277 1576/1704/2277 1573/1700/2277
f 993/1251/2278 1579/1705/2278 1576/1704/2278
f 992/1250/2279 1172/1050/2279 1579/1705/2279
f 1579/1705/2280 1173/1049/2280 1578/1702/2280
f 1577/1703/2281 1173/1049/2281 1174/1048/2281
f 1027/1341/2282 1174/1048/2282 890/1047/2282
f 1026/1355/2283 1577/1703/2283 1027/1341/2283
f 1025/1353/2284 1574/1699/2284 1026/1355/2284
f 1581/1706/2285 1583/1707/2285 1580/1708/2285
f 1581/1706/2286 1585/1709/2286 1584/1710/2286
f 1584/1710/2287 1586/1711/2287 1583/1707/2287
f 1584/1710/2288 1588/1712/2288 1587/1713/2288
f 1175/1714/2289 1088/1489/2289 909/1487/2289
f 1176/1715/2290 1580/1708/2290 1175/1714/2290
f 1176/1715/2291 1582/1716/2291 1581/1706/2291
f 1177/1717/2292 979/1226/2292 1582/1716/2292
f 1582/1716/2293 978/1240/2293 1585/1709/2293
f 1585/1709/2294 977/1238/2294 1588/1712/2294
f 1588/1712/2295 887/1239/2295 1178/1718/2295
f 1587/1713/2296 1178/1718/2296 1179/1719/2296
f 1587/1713/2297 1180/1720/2297 1586/1711/2297
f 1586/1711/2298 912/1721/2298 1090/1492/2298
f 1583/1707/2299 1090/1492/2299 1089/1490/2299
f 1580/1708/2300 1089/1490/2300 1088/1489/2300
f 1589/1722/2301 1593/1723/2301 1592/1724/2301
f 1591/1725/2302 1593/1723/2302 1590/1726/2302
f 1592/1724/2303 1596/1727/2303 1595/1728/2303
f 1594/1729/2304 1596/1727/2304 1593/1723/2304
f 912/1523/2305 1589/1722/2305 1097/1522/2305
f 1180/1730/2306 1590/1726/2306 1589/1722/2306
f 1178/1731/2307 1590/1726/2307 1179/1732/2307
f 887/1733/2308 1591/1725/2308 1178/1731/2308
f 1003/1276/2309 1594/1729/2309 1591/1725/2309
f 1002/1274/2310 1597/1734/2310 1594/1729/2310
f 1001/1273/2311 1181/1063/2311 1597/1734/2311
f 1597/1734/2312 1182/1077/2312 1596/1727/2312
f 1595/1728/2313 1182/1077/2313 1183/1076/2313
f 1099/1511/2314 1183/1076/2314 910/1075/2314
f 1098/1524/2315 1595/1728/2315 1099/1511/2315
f 1097/1522/2316 1592/1724/2316 1098/1524/2316
f 1599/1735/2317 1601/1736/2317 1598/1737/2317
f 1599/1735/2318 1603/1738/2318 1602/1739/2318
f 1602/1739/2319 1604/1740/2319 1601/1736/2319
f 1602/1739/2320 1606/1741/2320 1605/1742/2320
f 1184/1017/2321 1007/1296/2321 888/1019/2321
f 1185/1018/2322 1598/1737/2322 1184/1017/2322
f 1185/1018/2323 1600/1743/2323 1599/1735/2323
f 1186/1016/2324 1114/1549/2324 1600/1743/2324
f 1600/1743/2325 1113/1563/2325 1603/1738/2325
f 1603/1738/2326 1112/1561/2326 1606/1741/2326
f 1606/1741/2327 922/1562/2327 1187/1744/2327
f 1605/1742/2328 1187/1744/2328 1188/1745/2328
f 1605/1742/2329 1189/1746/2329 1604/1740/2329
f 1604/1740/2330 891/1747/2330 1009/1299/2330
f 1601/1736/2331 1009/1299/2331 1008/1297/2331
f 1598/1737/2332 1008/1297/2332 1007/1296/2332
f 1607/1748/2333 1611/1749/2333 1610/1750/2333
f 1609/1751/2334 1611/1749/2334 1608/1752/2334
f 1610/1750/2335 1614/1753/2335 1613/1754/2335
f 1612/1755/2336 1614/1753/2336 1611/1749/2336
f 891/1331/2337 1607/1748/2337 1016/1330/2337
f 1189/1756/2338 1608/1752/2338 1607/1748/2338
f 1187/1757/2339 1608/1752/2339 1188/1758/2339
f 922/1759/2340 1609/1751/2340 1187/1757/2340
f 1138/1595/2341 1612/1755/2341 1609/1751/2341
f 1137/1593/2342 1615/1760/2342 1612/1755/2342
f 1136/1592/2343 1190/1070/2343 1615/1760/2343
f 1615/1760/2344 1191/1761/2344 1614/1753/2344
f 1613/1754/2345 1191/1761/2345 1192/1068/2345
f 1018/1318/2346 1192/1068/2346 889/1067/2346
f 1017/1332/2347 1613/1754/2347 1018/1318/2347
f 1016/1330/2348 1610/1750/2348 1017/1332/2348
f 1617/1762/2349 1619/1763/2349 1616/1764/2349
f 1617/1762/2350 1621/1765/2350 1620/1766/2350
f 1620/1766/2351 1622/1767/2351 1619/1763/2351
f 1620/1766/2352 1624/1768/2352 1623/1769/2352
f 1193/993/2353 1127/1573/2353 917/995/2353
f 1194/994/2354 1616/1764/2354 1193/993/2354
f 1194/994/2355 1618/1770/2355 1617/1762/2355
f 1195/992/2356 1108/1533/2356 1618/1770/2356
f 1618/1770/2357 1107/1540/2357 1621/1765/2357
f 1621/1765/2358 1106/1538/2358 1624/1768/2358
f 1624/1768/2359 914/1539/2359 1196/1771/2359
f 1623/1769/2360 1196/1771/2360 1197/1772/2360
f 1623/1769/2361 1198/1773/2361 1622/1767/2361
f 1622/1767/2362 921/1600/2362 1129/1576/2362
f 1619/1763/2363 1129/1576/2363 1128/1574/2363
f 1616/1764/2364 1128/1574/2364 1127/1573/2364
f 1625/1774/2365 1629/1775/2365 1628/1776/2365
f 1627/1777/2366 1629/1775/2366 1626/1778/2366
f 1628/1776/2367 1632/1779/2367 1631/1780/2367
f 1630/1781/2368 1632/1779/2368 1629/1775/2368
f 921/1600/2369 1625/1774/2369 1133/1599/2369
f 1198/1773/2370 1626/1778/2370 1625/1774/2370
f 1196/1771/2371 1626/1778/2371 1197/1772/2371
f 914/1539/2372 1627/1777/2372 1196/1771/2372
f 1102/1515/2373 1630/1781/2373 1627/1777/2373
f 1101/1513/2374 1633/1782/2374 1630/1781/2374
f 1100/1512/2375 1199/1074/2375 1633/1782/2375
f 1633/1782/2376 1200/1073/2376 1632/1779/2376
f 1631/1780/2377 1200/1073/2377 1201/1072/2377
f 1135/1591/2378 1201/1072/2378 918/1071/2378
f 1134/1601/2379 1631/1780/2379 1135/1591/2379
f 1133/1599/2380 1628/1776/2380 1134/1601/2380
f 1635/1783/2381 1637/1784/2381 1634/1785/2381
f 1635/1783/2382 1639/1786/2382 1638/1787/2382
f 1638/1787/2383 1640/1788/2383 1637/1784/2383
f 1638/1787/2384 1642/1789/2384 1641/1790/2384
f 1202/1791/2385 1034/1366/2385 895/1364/2385
f 1203/1792/2386 1634/1785/2386 1202/1791/2386
f 1203/1792/2387 1636/1793/2387 1635/1783/2387
f 1204/1794/2388 1087/1488/2388 1636/1793/2388
f 1636/1793/2389 1086/1502/2389 1639/1786/2389
f 1639/1786/2390 1085/1500/2390 1642/1789/2390
f 1642/1789/2391 915/1501/2391 1205/1795/2391
f 1641/1790/2392 1205/1795/2392 1206/1796/2392
f 1641/1790/2393 1207/1797/2393 1640/1788/2393
f 1640/1788/2394 898/1397/2394 1036/1369/2394
f 1637/1784/2395 1036/1369/2395 1035/1367/2395
f 1634/1785/2396 1035/1367/2396 1034/1366/2396
f 1643/1798/2397 1647/1799/2397 1646/1800/2397
f 1645/1801/2398 1647/1799/2398 1644/1802/2398
f 1646/1800/2399 1650/1803/2399 1649/1804/2399
f 1648/1805/2400 1650/1803/2400 1647/1799/2400
f 898/1397/2401 1643/1798/2401 1043/1396/2401
f 1207/1797/2402 1644/1802/2402 1643/1798/2402
f 1205/1795/2403 1644/1802/2403 1206/1796/2403
f 915/1501/2404 1645/1801/2404 1205/1795/2404
f 1111/1537/2405 1648/1805/2405 1645/1801/2405
f 1110/1535/2406 1651/1806/2406 1648/1805/2406
f 1109/1534/2407 1208/991/2407 1651/1806/2407
f 1651/1806/2408 1209/1005/2408 1650/1803/2408
f 1649/1804/2409 1209/1005/2409 1210/1004/2409
f 1045/1388/2410 1210/1004/2410 896/1003/2410
f 1044/1398/2411 1649/1804/2411 1045/1388/2411
f 1043/1396/2412 1646/1800/2412 1044/1398/2412
f 1653/1807/2413 1655/1808/2413 1652/1809/2413
f 1653/1807/2414 1657/1810/2414 1656/1811/2414
f 1656/1811/2415 1658/1812/2415 1655/1808/2415
f 1656/1811/2416 1660/1813/2416 1659/1814/2416
f 1211/1015/2417 1115/1550/2417 916/1014/2417
f 1212/1029/2418 1652/1809/2418 1211/1015/2418
f 1212/1029/2419 1654/1815/2419 1653/1807/2419
f 1213/1028/2420 1060/1426/2420 1654/1815/2420
f 1654/1815/2421 1059/1440/2421 1657/1810/2421
f 1657/1810/2422 1058/1438/2422 1660/1813/2422
f 1660/1813/2423 908/1439/2423 1214/1816/2423
f 1659/1814/2424 1214/1816/2424 1215/1817/2424
f 1659/1814/2425 1216/1818/2425 1658/1812/2425
f 1658/1812/2426 919/1581/2426 1117/1553/2426
f 1655/1808/2427 1117/1553/2427 1116/1551/2427
f 1652/1809/2428 1116/1551/2428 1115/1550/2428
f 1661/1819/2429 1665/1820/2429 1664/1821/2429
f 1663/1822/2430 1665/1820/2430 1662/1823/2430
f 1664/1821/2431 1668/1824/2431 1667/1825/2431
f 1666/1826/2432 1668/1824/2432 1665/1820/2432
f 919/1581/2433 1661/1819/2433 1124/1580/2433
f 1216/1818/2434 1662/1823/2434 1661/1819/2434
f 1214/1816/2435 1662/1823/2435 1215/1817/2435
f 908/1439/2436 1663/1822/2436 1214/1816/2436
f 1084/1475/2437 1666/1826/2437 1663/1822/2437
f 1083/1473/2438 1669/1827/2438 1666/1826/2438
f 1082/1472/2439 1217/998/2439 1669/1827/2439
f 1669/1827/2440 1218/1828/2440 1668/1824/2440
f 1667/1825/2441 1218/1828/2441 1219/996/2441
f 1126/1572/2442 1219/996/2442 917/995/2442
f 1125/1582/2443 1667/1825/2443 1126/1572/2443
f 1124/1580/2444 1664/1821/2444 1125/1582/2444
f 1671/1829/2445 1673/1830/2445 1670/1831/2445
f 1671/1829/2446 1675/1832/2446 1674/1833/2446
f 1674/1833/2447 1676/1834/2447 1673/1830/2447
f 1674/1833/2448 1678/1835/2448 1677/1836/2448
f 1220/969/2449 1073/1450/2449 903/971/2449
f 1221/970/2450 1670/1831/2450 1220/969/2450
f 1221/970/2451 1672/1837/2451 1671/1829/2451
f 1222/968/2452 1054/1407/2452 1672/1837/2452
f 1672/1837/2453 1053/1417/2453 1675/1832/2453
f 1675/1832/2454 1052/1415/2454 1678/1835/2454
f 1678/1835/2455 900/1416/2455 1223/1838/2455
f 1677/1836/2456 1223/1838/2456 1224/1839/2456
f 1677/1836/2457 1225/1840/2457 1676/1834/2457
f 1676/1834/2458 907/1477/2458 1075/1453/2458
f 1673/1830/2459 1075/1453/2459 1074/1451/2459
f 1670/1831/2460 1074/1451/2460 1073/1450/2460
f 1679/1841/2461 1683/1842/2461 1682/1843/2461
f 1681/1844/2462 1683/1842/2462 1680/1845/2462
f 1682/1843/2463 1686/1846/2463 1685/1847/2463
f 1684/1848/2464 1686/1846/2464 1683/1842/2464
f 907/1477/2465 1679/1841/2465 1079/1476/2465
f 1225/1840/2466 1680/1845/2466 1679/1841/2466
f 1223/1838/2467 1680/1845/2467 1224/1839/2467
f 900/1416/2468 1681/1844/2468 1223/1838/2468
f 1048/1392/2469 1684/1848/2469 1681/1844/2469
f 1047/1390/2470 1687/1849/2470 1684/1848/2470
f 1046/1389/2471 1226/1002/2471 1687/1849/2471
f 1687/1849/2472 1227/1001/2472 1686/1846/2472
f 1685/1847/2473 1227/1001/2473 1228/1000/2473
f 1081/1471/2474 1228/1000/2474 904/999/2474
f 1080/1478/2475 1685/1847/2475 1081/1471/2475
f 1079/1476/2476 1682/1843/2476 1080/1478/2476
f 1689/1850/2477 1691/1851/2477 1688/1852/2477
f 1689/1850/2478 1693/1853/2478 1692/1854/2478
f 1692/1854/2479 1694/1855/2479 1691/1851/2479
f 1692/1854/2480 1696/1856/2480 1695/1857/2480
f 1229/1858/2481 926/1088/2481 867/1086/2481
f 1230/1859/2482 1688/1852/2482 1229/1858/2482
f 1230/1859/2483 1690/1860/2483 1689/1850/2483
f 1231/1861/2484 1033/1365/2484 1690/1860/2484
f 1690/1860/2485 1032/1379/2485 1693/1853/2485
f 1693/1853/2486 1031/1377/2486 1696/1856/2486
f 1696/1856/2487 901/1378/2487 1232/1862/2487
f 1695/1857/2488 1232/1862/2488 1233/1863/2488
f 1695/1857/2489 1234/1864/2489 1694/1855/2489
f 1694/1855/2490 870/1865/2490 928/1091/2490
f 1691/1851/2491 928/1091/2491 927/1089/2491
f 1688/1852/2492 927/1089/2492 926/1088/2492
f 1697/1866/2493 1701/1867/2493 1700/1868/2493
f 1699/1869/2494 1701/1867/2494 1698/1870/2494
f 1700/1868/2495 1704/1871/2495 1703/1872/2495
f 1702/1873/2496 1704/1871/2496 1701/1867/2496
f 870/1123/2497 1697/1866/2497 935/1122/2497
f 1234/1874/2498 1698/1870/2498 1697/1866/2498
f 1232/1875/2499 1698/1870/2499 1233/1876/2499
f 901/1877/2500 1699/1869/2500 1232/1875/2500
f 1057/1411/2501 1702/1873/2501 1699/1869/2501
f 1056/1409/2502 1705/1878/2502 1702/1873/2502
f 1055/1408/2503 1235/967/2503 1705/1878/2503
f 1705/1878/2504 1236/981/2504 1704/1871/2504
f 1703/1872/2505 1236/981/2505 1237/980/2505
f 937/1110/2506 1237/980/2506 868/979/2506
f 936/1124/2507 1703/1872/2507 937/1110/2507
f 935/1122/2508 1700/1868/2508 936/1124/2508
f 1707/1879/2509 1709/1880/2509 1706/1881/2509
f 1707/1879/2510 1711/1882/2510 1710/1883/2510
f 1710/1883/2511 1712/1884/2511 1709/1880/2511
f 1710/1883/2512 1714/1885/2512 1713/1886/2512
f 1238/1026/2513 1061/1427/2513 902/1027/2513
f 1239/1025/2514 1706/1881/2514 1238/1026/2514
f 1239/1025/2515 1708/1887/2515 1707/1879/2515
f 1240/1024/2516 964/1179/2516 1708/1887/2516
f 1708/1887/2517 963/1193/2517 1711/1882/2517
f 1711/1882/2518 962/1191/2518 1714/1885/2518
f 1714/1885/2519 877/1192/2519 1241/1888/2519
f 1713/1886/2520 1241/1888/2520 1242/1889/2520
f 1713/1886/2521 1243/1890/2521 1712/1884/2521
f 1712/1884/2522 905/1891/2522 1063/1430/2522
f 1709/1880/2523 1063/1430/2523 1062/1428/2523
f 1706/1881/2524 1062/1428/2524 1061/1427/2524
f 1715/1892/2525 1719/1893/2525 1718/1894/2525
f 1717/1895/2526 1719/1893/2526 1716/1896/2526
f 1718/1894/2527 1722/1897/2527 1721/1898/2527
f 1720/1899/2528 1722/1897/2528 1719/1893/2528
f 905/1461/2529 1715/1892/2529 1070/1460/2529
f 1243/1900/2530 1716/1896/2530 1715/1892/2530
f 1241/1901/2531 1716/1896/2531 1242/1902/2531
f 877/1903/2532 1717/1895/2532 1241/1901/2532
f 955/1160/2533 1720/1899/2533 1717/1895/2533
f 954/1158/2534 1723/1904/2534 1720/1899/2534
f 953/1157/2535 1244/974/2535 1723/1904/2535
f 1723/1904/2536 1245/1905/2536 1722/1897/2536
f 1721/1898/2537 1245/1905/2537 1246/972/2537
f 1072/1449/2538 1246/972/2538 903/971/2538
f 1071/1462/2539 1721/1898/2539 1072/1449/2539
f 1070/1460/2540 1718/1894/2540 1071/1462/2540
f 1724/1906/2541 1728/1907/2541 1727/1908/2541
f 1726/1909/2542 1728/1907/2542 1725/1910/2542
f 1728/1907/2543 1730/1911/2543 1727/1908/2543
f 1728/1907/2544 1732/1912/2544 1731/1913/2544
f 881/1225/2545 1724/1906/2545 1139/1610/2545
f 1177/1717/2546 1725/1910/2546 1724/1906/2546
f 1175/1714/2547 1725/1910/2547 1176/1715/2547
f 909/1487/2548 1726/1909/2548 1175/1714/2548
f 1204/1794/2549 1729/1914/2549 1726/1909/2549
f 1729/1914/2550 1202/1791/2550 1732/1912/2550
f 1732/1912/2551 895/1364/2551 1231/1861/2551
f 1731/1913/2552 1231/1861/2552 1230/1859/2552
f 1731/1913/2553 1229/1858/2553 1730/1911/2553
f 1730/1911/2554 867/1086/2554 1141/1613/2554
f 1727/1908/2555 1141/1613/2555 1140/1611/2555
f 1139/1610/2556 1727/1908/2556 1140/1611/2556
f 1247/958/1693 1248/962/1693 1251/959/1693
f 1249/961/1694 1252/973/1694 1251/959/1694
f 1251/959/1695 1254/965/1695 1253/963/1695
f 1251/959/1696 1252/973/1696 1255/964/1696
f 897/966/2557 1222/968/2557 1247/958/2557
f 1222/968/2558 1221/970/2558 1248/962/2558
f 1220/969/2559 1249/961/2559 1248/962/2559
f 903/971/2560 1246/972/2560 1249/961/2560
f 1246/972/1701 1245/1905/1701 1252/973/1701
f 1252/973/1702 1245/1905/1702 1244/974/1702
f 1255/964/2561 1244/974/2561 874/975/2561
f 1254/965/2562 1255/964/2562 1150/976/2562
f 1254/965/2563 1149/977/2563 1148/978/2563
f 1253/963/2564 1148/978/2564 868/979/2564
f 1250/960/1707 1253/963/1707 1237/980/1707
f 1235/967/1708 1247/958/1708 1250/960/1708
f 1256/982/2565 1257/986/2565 1260/983/2565
f 1258/985/2566 1261/997/2566 1260/983/2566
f 1260/983/2567 1263/989/2567 1262/987/2567
f 1260/983/2568 1261/997/2568 1264/988/2568
f 911/990/2569 1195/992/2569 1256/982/2569
f 1195/992/2570 1194/994/2570 1257/986/2570
f 1193/993/2571 1258/985/2571 1257/986/2571
f 917/995/2572 1219/996/2572 1258/985/2572
f 1219/996/2573 1218/1828/2573 1261/997/2573
f 1261/997/2574 1218/1828/2574 1217/998/2574
f 1264/988/2575 1217/998/2575 904/999/2575
f 1263/989/2576 1264/988/2576 1228/1000/2576
f 1263/989/2577 1227/1001/2577 1226/1002/2577
f 1262/987/2578 1226/1002/2578 896/1003/2578
f 1259/984/2579 1262/987/2579 1210/1004/2579
f 1208/991/2580 1256/982/2580 1259/984/2580
f 1265/1006/2581 1266/1010/2581 1269/1007/2581
f 1267/1009/2582 1270/1021/2582 1269/1007/2582
f 1269/1007/2583 1272/1013/2583 1271/1011/2583
f 1269/1007/2584 1270/1021/2584 1273/1012/2584
f 916/1014/2585 1186/1016/2585 1265/1006/2585
f 1186/1016/2586 1185/1018/2586 1266/1010/2586
f 1184/1017/2587 1267/1009/2587 1266/1010/2587
f 888/1019/2588 1159/1020/2588 1267/1009/2588
f 1159/1020/2589 1158/1665/2589 1270/1021/2589
f 1270/1021/2590 1158/1665/2590 1157/1022/2590
f 1273/1012/2591 1157/1022/2591 875/1023/2591
f 1272/1013/2592 1273/1012/2592 1240/1024/2592
f 1272/1013/2593 1239/1025/2593 1238/1026/2593
f 1271/1011/2594 1238/1026/2594 902/1027/2594
f 1268/1008/2595 1271/1011/2595 1213/1028/2595
f 1211/1015/2596 1265/1006/2596 1268/1008/2596
f 1274/1030/2597 1275/1034/2597 1278/1031/2597
f 1276/1033/2598 1279/1045/2598 1278/1031/2598
f 1278/1031/2599 1281/1037/2599 1280/1035/2599
f 1278/1031/2600 1279/1045/2600 1282/1036/2600
f 869/1038/2601 1156/1040/2601 1274/1030/2601
f 1156/1040/2602 1155/1042/2602 1275/1034/2602
f 1154/1041/2603 1276/1033/2603 1275/1034/2603
f 876/1043/2604 1165/1044/2604 1276/1033/2604
f 1165/1044/2605 1164/1684/2605 1279/1045/2605
f 1279/1045/2606 1164/1684/2606 1163/1046/2606
f 1282/1036/2607 1163/1046/2607 890/1047/2607
f 1281/1037/2608 1282/1036/2608 1174/1048/2608
f 1281/1037/2609 1173/1049/2609 1172/1050/2609
f 1280/1035/2610 1172/1050/2610 882/1051/2610
f 1277/1032/2611 1280/1035/2611 1147/1052/2611
f 1145/1039/2612 1274/1030/2612 1277/1032/2612
f 1283/1054/1757 1284/1058/1757 1287/1055/1757
f 1285/1057/1758 1288/1069/1758 1287/1055/1758
f 1287/1055/1759 1290/1061/1759 1289/1059/1759
f 1287/1055/1760 1288/1069/1760 1291/1060/1760
f 883/1062/2613 1168/1064/2613 1283/1054/2613
f 1168/1064/2614 1167/1066/2614 1284/1058/2614
f 1166/1065/2615 1285/1057/2615 1284/1058/2615
f 889/1067/2616 1192/1068/2616 1285/1057/2616
f 1192/1068/1765 1191/1761/1765 1288/1069/1765
f 1288/1069/1766 1191/1761/1766 1190/1070/1766
f 1291/1060/2617 1190/1070/2617 918/1071/2617
f 1290/1061/2618 1291/1060/2618 1201/1072/2618
f 1290/1061/2619 1200/1073/2619 1199/1074/2619
f 1289/1059/2620 1199/1074/2620 910/1075/2620
f 1286/1056/1771 1289/1059/1771 1183/1076/1771
f 1181/1063/1772 1283/1054/1772 1286/1056/1772
f 1292/1078/2621 1293/1081/2621 1296/1079/2621
f 1293/1081/2622 1294/1090/2622 1297/1082/2622
f 1295/1080/2623 1296/1079/2623 1299/1083/2623
f 1296/1079/2624 1297/1082/2624 1300/1085/2624
f 867/1086/2625 926/1088/2625 1292/1078/2625
f 926/1088/2626 927/1089/2626 1293/1081/2626
f 927/1089/2627 928/1091/2627 1294/1090/2627
f 928/1091/2628 870/1865/2628 929/1092/2628
f 1294/1090/2629 929/1092/2629 930/1093/2629
f 1297/1082/2630 930/1093/2630 931/1094/2630
f 1300/1085/2631 931/1094/2631 871/1095/2631
f 1299/1083/2632 1300/1085/2632 932/1096/2632
f 1298/1084/2633 1299/1083/2633 933/1097/2633
f 923/1099/2634 1298/1084/2634 934/1098/2634
f 924/1101/2635 1295/1080/2635 1298/1084/2635
f 925/1087/2636 1292/1078/2636 1295/1080/2636
f 1301/1102/2637 1302/1105/2637 1305/1103/2637
f 1302/1105/2638 1303/1113/2638 1306/1106/2638
f 1304/1104/2639 1305/1103/2639 1308/1107/2639
f 1305/1103/2640 1306/1106/2640 1309/1109/2640
f 868/979/2641 938/1111/2641 1301/1102/2641
f 938/1111/2642 939/1112/2642 1302/1105/2642
f 939/1112/2643 940/1114/2643 1303/1113/2643
f 940/1114/2644 872/1643/2644 941/1115/2644
f 1303/1113/2645 941/1115/2645 942/1116/2645
f 1306/1106/2646 942/1116/2646 943/1117/2646
f 1309/1109/2647 943/1117/2647 871/1118/2647
f 1308/1107/2648 1309/1109/2648 931/1119/2648
f 1307/1108/2649 1308/1107/2649 930/1120/2649
f 935/1122/2650 1307/1108/2650 929/1121/2650
f 936/1124/2651 1304/1104/2651 1307/1108/2651
f 937/1110/2652 1301/1102/2652 1304/1104/2652
f 1310/1125/2653 1311/1128/2653 1314/1126/2653
f 1311/1128/2654 1312/1136/2654 1315/1129/2654
f 1313/1127/2655 1314/1126/2655 1317/1130/2655
f 1314/1126/2656 1315/1129/2656 1318/1132/2656
f 869/1038/2657 947/1134/2657 1310/1125/2657
f 947/1134/2658 948/1135/2658 1311/1128/2658
f 948/1135/2659 949/1137/2659 1312/1136/2659
f 949/1137/2660 873/1629/2660 934/1138/2660
f 1312/1136/2661 934/1138/2661 933/1139/2661
f 1315/1129/2662 933/1139/2662 932/1140/2662
f 1318/1132/2663 932/1140/2663 871/1141/2663
f 1317/1130/2664 1318/1132/2664 943/1142/2664
f 1316/1131/2665 1317/1130/2665 942/1143/2665
f 944/1145/2666 1316/1131/2666 941/1144/2666
f 945/1147/2667 1313/1127/2667 1316/1131/2667
f 946/1133/2668 1310/1125/2668 1313/1127/2668
f 1319/1148/2669 1320/1151/2669 1323/1149/2669
f 1320/1151/2670 1321/1159/2670 1324/1152/2670
f 1322/1150/2671 1323/1149/2671 1326/1153/2671
f 1323/1149/2672 1324/1152/2672 1327/1155/2672
f 874/975/2673 953/1157/2673 1319/1148/2673
f 953/1157/2674 954/1158/2674 1320/1151/2674
f 954/1158/2675 955/1160/2675 1321/1159/2675
f 955/1160/2676 877/1903/2676 956/1161/2676
f 1321/1159/2677 956/1161/2677 957/1162/2677
f 1324/1152/2678 957/1162/2678 958/1163/2678
f 1327/1155/2679 958/1163/2679 878/1164/2679
f 1326/1153/2680 1327/1155/2680 959/1165/2680
f 1325/1154/2681 1326/1153/2681 960/1166/2681
f 950/1168/2682 1325/1154/2682 961/1167/2682
f 951/1170/2683 1322/1150/2683 1325/1154/2683
f 952/1156/2684 1319/1148/2684 1322/1150/2684
f 1328/1171/2685 1329/1174/2685 1332/1172/2685
f 1329/1174/2686 1330/1182/2686 1333/1175/2686
f 1331/1173/2687 1332/1172/2687 1335/1176/2687
f 1332/1172/2688 1333/1175/2688 1336/1178/2688
f 875/1023/2689 965/1180/2689 1328/1171/2689
f 965/1180/2690 966/1181/2690 1329/1174/2690
f 966/1181/2691 967/1183/2691 1330/1182/2691
f 967/1183/2692 879/1670/2692 968/1184/2692
f 1330/1182/2693 968/1184/2693 969/1185/2693
f 1333/1175/2694 969/1185/2694 970/1186/2694
f 1336/1178/2695 970/1186/2695 878/1187/2695
f 1335/1176/2696 1336/1178/2696 958/1188/2696
f 1334/1177/2697 1335/1176/2697 957/1189/2697
f 962/1191/2698 1334/1177/2698 956/1190/2698
f 963/1193/2699 1331/1173/2699 1334/1177/2699
f 964/1179/2700 1328/1171/2700 1331/1173/2700
f 1337/1194/2701 1338/1197/2701 1341/1195/2701
f 1338/1197/2702 1339/1205/2702 1342/1198/2702
f 1340/1196/2703 1341/1195/2703 1344/1199/2703
f 1341/1195/2704 1342/1198/2704 1345/1201/2704
f 876/1043/2705 974/1203/2705 1337/1194/2705
f 974/1203/2706 975/1204/2706 1338/1197/2706
f 975/1204/2707 976/1206/2707 1339/1205/2707
f 976/1206/2708 880/1655/2708 961/1207/2708
f 1339/1205/2709 961/1207/2709 960/1208/2709
f 1342/1198/2710 960/1208/2710 959/1209/2710
f 1345/1201/2711 959/1209/2711 878/1210/2711
f 1344/1199/2712 1345/1201/2712 970/1211/2712
f 1343/1200/2713 1344/1199/2713 969/1212/2713
f 971/1214/2714 1343/1200/2714 968/1213/2714
f 972/1216/2715 1340/1196/2715 1343/1200/2715
f 973/1202/2716 1337/1194/2716 1340/1196/2716
f 1346/1217/2717 1347/1220/2717 1350/1218/2717
f 1347/1220/2718 1348/1229/2718 1351/1221/2718
f 1349/1219/2719 1350/1218/2719 1353/1222/2719
f 1350/1218/2720 1351/1221/2720 1354/1224/2720
f 881/1225/2721 980/1227/2721 1346/1217/2721
f 980/1227/2722 981/1228/2722 1347/1220/2722
f 981/1228/2723 982/1230/2723 1348/1229/2723
f 982/1230/2724 884/1617/2724 983/1231/2724
f 1348/1229/2725 983/1231/2725 984/1232/2725
f 1351/1221/2726 984/1232/2726 985/1233/2726
f 1354/1224/2727 985/1233/2727 885/1234/2727
f 1353/1222/2728 1354/1224/2728 986/1235/2728
f 1352/1223/2729 1353/1222/2729 987/1236/2729
f 977/1238/2730 1352/1223/2730 988/1237/2730
f 978/1240/2731 1349/1219/2731 1352/1223/2731
f 979/1226/2732 1346/1217/2732 1349/1219/2732
f 1355/1241/2733 1356/1244/2733 1359/1242/2733
f 1356/1244/2734 1357/1252/2734 1360/1245/2734
f 1358/1243/2735 1359/1242/2735 1362/1246/2735
f 1359/1242/2736 1360/1245/2736 1363/1248/2736
f 882/1051/2737 992/1250/2737 1355/1241/2737
f 992/1250/2738 993/1251/2738 1356/1244/2738
f 993/1251/2739 994/1253/2739 1357/1252/2739
f 994/1253/2740 886/1285/2740 995/1254/2740
f 1357/1252/2741 995/1254/2741 996/1255/2741
f 1360/1245/2742 996/1255/2742 997/1256/2742
f 1363/1248/2743 997/1256/2743 885/1257/2743
f 1362/1246/2744 1363/1248/2744 985/1258/2744
f 1361/1247/2745 1362/1246/2745 984/1259/2745
f 989/1261/2746 1361/1247/2746 983/1260/2746
f 990/1263/2747 1358/1243/2747 1361/1247/2747
f 991/1249/2748 1355/1241/2748 1358/1243/2748
f 1364/1264/2749 1365/1267/2749 1368/1265/2749
f 1365/1267/2750 1366/1275/2750 1369/1268/2750
f 1367/1266/2751 1368/1265/2751 1371/1269/2751
f 1368/1265/2752 1369/1268/2752 1372/1271/2752
f 883/1062/2753 1001/1273/2753 1364/1264/2753
f 1001/1273/2754 1002/1274/2754 1365/1267/2754
f 1002/1274/2755 1003/1276/2755 1366/1275/2755
f 1003/1276/2756 887/1733/2756 988/1277/2756
f 1366/1275/2757 988/1277/2757 987/1278/2757
f 1369/1268/2758 987/1278/2758 986/1279/2758
f 1372/1271/2759 986/1279/2759 885/1280/2759
f 1371/1269/2760 1372/1271/2760 997/1281/2760
f 1370/1270/2761 1371/1269/2761 996/1282/2761
f 998/1284/2762 1370/1270/2762 995/1283/2762
f 999/1286/2763 1367/1266/2763 1370/1270/2763
f 1000/1272/2764 1364/1264/2764 1367/1266/2764
f 1373/1287/2765 1374/1290/2765 1377/1288/2765
f 1374/1290/2766 1375/1298/2766 1378/1291/2766
f 1376/1289/2767 1377/1288/2767 1380/1292/2767
f 1377/1288/2768 1378/1291/2768 1381/1294/2768
f 888/1019/2769 1007/1296/2769 1373/1287/2769
f 1007/1296/2770 1008/1297/2770 1374/1290/2770
f 1008/1297/2771 1009/1299/2771 1375/1298/2771
f 1009/1299/2772 891/1747/2772 1010/1300/2772
f 1375/1298/2773 1010/1300/2773 1011/1301/2773
f 1378/1291/2774 1011/1301/2774 1012/1302/2774
f 1381/1294/2775 1012/1302/2775 892/1303/2775
f 1380/1292/2776 1381/1294/2776 1013/1304/2776
f 1379/1293/2777 1380/1292/2777 1014/1305/2777
f 1004/1307/2778 1379/1293/2778 1015/1306/2778
f 1005/1309/2779 1376/1289/2779 1379/1293/2779
f 1006/1295/2780 1373/1287/2780 1376/1289/2780
f 1382/1310/2781 1383/1313/2781 1386/1311/2781
f 1383/1313/2782 1384/1321/2782 1387/1314/2782
f 1385/1312/2783 1386/1311/2783 1389/1315/2783
f 1386/1311/2784 1387/1314/2784 1390/1317/2784
f 889/1067/2785 1019/1319/2785 1382/1310/2785
f 1019/1319/2786 1020/1320/2786 1383/1313/2786
f 1020/1320/2787 1021/1322/2787 1384/1321/2787
f 1021/1322/2788 893/1354/2788 1022/1323/2788
f 1384/1321/2789 1022/1323/2789 1023/1324/2789
f 1387/1314/2790 1023/1324/2790 1024/1325/2790
f 1390/1317/2791 1024/1325/2791 892/1326/2791
f 1389/1315/2792 1390/1317/2792 1012/1327/2792
f 1388/1316/2793 1389/1315/2793 1011/1328/2793
f 1016/1330/2794 1388/1316/2794 1010/1329/2794
f 1017/1332/2795 1385/1312/2795 1388/1316/2795
f 1018/1318/2796 1382/1310/2796 1385/1312/2796
f 1391/1333/2797 1392/1336/2797 1395/1334/2797
f 1392/1336/2798 1393/1344/2798 1396/1337/2798
f 1394/1335/2799 1395/1334/2799 1398/1338/2799
f 1395/1334/2800 1396/1337/2800 1399/1340/2800
f 890/1047/2801 1028/1342/2801 1391/1333/2801
f 1028/1342/2802 1029/1343/2802 1392/1336/2802
f 1029/1343/2803 1030/1345/2803 1393/1344/2803
f 1030/1345/2804 894/1682/2804 1015/1346/2804
f 1393/1344/2805 1015/1346/2805 1014/1347/2805
f 1396/1337/2806 1014/1347/2806 1013/1348/2806
f 1399/1340/2807 1013/1348/2807 892/1349/2807
f 1398/1338/2808 1399/1340/2808 1024/1350/2808
f 1397/1339/2809 1398/1338/2809 1023/1351/2809
f 1025/1353/2810 1397/1339/2810 1022/1352/2810
f 1026/1355/2811 1394/1335/2811 1397/1339/2811
f 1027/1341/2812 1391/1333/2812 1394/1335/2812
f 1400/1356/2813 1401/1359/2813 1404/1357/2813
f 1401/1359/2814 1402/1368/2814 1405/1360/2814
f 1403/1358/2815 1404/1357/2815 1407/1361/2815
f 1404/1357/2816 1405/1360/2816 1408/1363/2816
f 895/1364/2817 1034/1366/2817 1400/1356/2817
f 1034/1366/2818 1035/1367/2818 1401/1359/2818
f 1035/1367/2819 1036/1369/2819 1402/1368/2819
f 1036/1369/2820 898/1397/2820 1037/1370/2820
f 1402/1368/2821 1037/1370/2821 1038/1371/2821
f 1405/1360/2822 1038/1371/2822 1039/1372/2822
f 1408/1363/2823 1039/1372/2823 899/1373/2823
f 1407/1361/2824 1408/1363/2824 1040/1374/2824
f 1406/1362/2825 1407/1361/2825 1041/1375/2825
f 1031/1377/2826 1406/1362/2826 1042/1376/2826
f 1032/1379/2827 1403/1358/2827 1406/1362/2827
f 1033/1365/2828 1400/1356/2828 1403/1358/2828
f 1409/1380/2829 1410/1383/2829 1413/1381/2829
f 1410/1383/2830 1411/1391/2830 1414/1384/2830
f 1412/1382/2831 1413/1381/2831 1416/1385/2831
f 1413/1381/2832 1414/1384/2832 1417/1387/2832
f 896/1003/2833 1046/1389/2833 1409/1380/2833
f 1046/1389/2834 1047/1390/2834 1410/1383/2834
f 1047/1390/2835 1048/1392/2835 1411/1391/2835
f 1048/1392/2836 900/1416/2836 1049/1393/2836
f 1411/1391/2837 1049/1393/2837 1050/1394/2837
f 1414/1384/2838 1050/1394/2838 1051/1395/2838
f 1417/1387/2839 1051/1395/2839 899/1373/2839
f 1416/1385/2840 1417/1387/2840 1039/1372/2840
f 1415/1386/2841 1416/1385/2841 1038/1371/2841
f 1043/1396/2842 1415/1386/2842 1037/1370/2842
f 1044/1398/2843 1412/1382/2843 1415/1386/2843
f 1045/1388/2844 1409/1380/2844 1412/1382/2844
f 1418/1399/2845 1419/1402/2845 1422/1400/2845
f 1419/1402/2846 1420/1410/2846 1423/1403/2846
f 1421/1401/2847 1422/1400/2847 1425/1404/2847
f 1422/1400/2848 1423/1403/2848 1426/1406/2848
f 897/966/2849 1055/1408/2849 1418/1399/2849
f 1055/1408/2850 1056/1409/2850 1419/1402/2850
f 1056/1409/2851 1057/1411/2851 1420/1410/2851
f 1057/1411/2852 901/1877/2852 1042/1412/2852
f 1420/1410/2853 1042/1412/2853 1041/1413/2853
f 1423/1403/2854 1041/1413/2854 1040/1414/2854
f 1426/1406/2855 1040/1414/2855 899/1373/2855
f 1425/1404/2856 1426/1406/2856 1051/1395/2856
f 1424/1405/2857 1425/1404/2857 1050/1394/2857
f 1052/1415/2858 1424/1405/2858 1049/1393/2858
f 1053/1417/2859 1421/1401/2859 1424/1405/2859
f 1054/1407/2860 1418/1399/2860 1421/1401/2860
f 1427/1418/2861 1428/1421/2861 1431/1419/2861
f 1428/1421/2862 1429/1429/2862 1432/1422/2862
f 1430/1420/2863 1431/1419/2863 1434/1423/2863
f 1431/1419/2864 1432/1422/2864 1435/1425/2864
f 902/1027/2865 1061/1427/2865 1427/1418/2865
f 1061/1427/2866 1062/1428/2866 1428/1421/2866
f 1062/1428/2867 1063/1430/2867 1429/1429/2867
f 1063/1430/2868 905/1891/2868 1064/1431/2868
f 1429/1429/2869 1064/1431/2869 1065/1432/2869
f 1432/1422/2870 1065/1432/2870 1066/1433/2870
f 1435/1425/2871 1066/1433/2871 906/1434/2871
f 1434/1423/2872 1435/1425/2872 1067/1435/2872
f 1433/1424/2873 1434/1423/2873 1068/1436/2873
f 1058/1438/2874 1433/1424/2874 1069/1437/2874
f 1059/1440/2875 1430/1420/2875 1433/1424/2875
f 1060/1426/2876 1427/1418/2876 1430/1420/2876
f 1436/1441/2877 1437/1444/2877 1440/1442/2877
f 1437/1444/2878 1438/1452/2878 1441/1445/2878
f 1439/1443/2879 1440/1442/2879 1443/1446/2879
f 1440/1442/2880 1441/1445/2880 1444/1448/2880
f 903/971/2881 1073/1450/2881 1436/1441/2881
f 1073/1450/2882 1074/1451/2882 1437/1444/2882
f 1074/1451/2883 1075/1453/2883 1438/1452/2883
f 1075/1453/2884 907/1477/2884 1076/1454/2884
f 1438/1452/2885 1076/1454/2885 1077/1455/2885
f 1441/1445/2886 1077/1455/2886 1078/1456/2886
f 1444/1448/2887 1078/1456/2887 906/1434/2887
f 1443/1446/2888 1444/1448/2888 1066/1457/2888
f 1442/1447/2889 1443/1446/2889 1065/1458/2889
f 1070/1460/2890 1442/1447/2890 1064/1459/2890
f 1071/1462/2891 1439/1443/2891 1442/1447/2891
f 1072/1449/2892 1436/1441/2892 1439/1443/2892
f 1445/1463/2893 1446/1466/2893 1449/1464/2893
f 1446/1466/2894 1447/1474/2894 1450/1467/2894
f 1448/1465/2895 1449/1464/2895 1452/1468/2895
f 1449/1464/2896 1450/1467/2896 1453/1470/2896
f 904/999/2897 1082/1472/2897 1445/1463/2897
f 1082/1472/2898 1083/1473/2898 1446/1466/2898
f 1083/1473/2899 1084/1475/2899 1447/1474/2899
f 1084/1475/2900 908/1439/2900 1069/1437/2900
f 1447/1474/2901 1069/1437/2901 1068/1436/2901
f 1450/1467/2902 1068/1436/2902 1067/1435/2902
f 1453/1470/2903 1067/1435/2903 906/1434/2903
f 1452/1468/2904 1453/1470/2904 1078/1456/2904
f 1451/1469/2905 1452/1468/2905 1077/1455/2905
f 1079/1476/2906 1451/1469/2906 1076/1454/2906
f 1080/1478/2907 1448/1465/2907 1451/1469/2907
f 1081/1471/2908 1445/1463/2908 1448/1465/2908
f 1454/1479/2909 1455/1482/2909 1458/1480/2909
f 1455/1482/2910 1456/1491/2910 1459/1483/2910
f 1457/1481/2911 1458/1480/2911 1461/1484/2911
f 1458/1480/2912 1459/1483/2912 1462/1486/2912
f 909/1487/2913 1088/1489/2913 1454/1479/2913
f 1088/1489/2914 1089/1490/2914 1455/1482/2914
f 1089/1490/2915 1090/1492/2915 1456/1491/2915
f 1090/1492/2916 912/1721/2916 1091/1493/2916
f 1456/1491/2917 1091/1493/2917 1092/1494/2917
f 1459/1483/2918 1092/1494/2918 1093/1495/2918
f 1462/1486/2919 1093/1495/2919 913/1496/2919
f 1461/1484/2920 1462/1486/2920 1094/1497/2920
f 1460/1485/2921 1461/1484/2921 1095/1498/2921
f 1085/1500/2922 1460/1485/2922 1096/1499/2922
f 1086/1502/2923 1457/1481/2923 1460/1485/2923
f 1087/1488/2924 1454/1479/2924 1457/1481/2924
f 1463/1503/2925 1464/1506/2925 1467/1504/2925
f 1464/1506/2926 1465/1514/2926 1468/1507/2926
f 1466/1505/2927 1467/1504/2927 1470/1508/2927
f 1467/1504/2928 1468/1507/2928 1471/1510/2928
f 910/1075/2929 1100/1512/2929 1463/1503/2929
f 1100/1512/2930 1101/1513/2930 1464/1506/2930
f 1101/1513/2931 1102/1515/2931 1465/1514/2931
f 1102/1515/2932 914/1539/2932 1103/1516/2932
f 1465/1514/2933 1103/1516/2933 1104/1517/2933
f 1468/1507/2934 1104/1517/2934 1105/1518/2934
f 1471/1510/2935 1105/1518/2935 913/1496/2935
f 1470/1508/2936 1471/1510/2936 1093/1519/2936
f 1469/1509/2937 1470/1508/2937 1092/1520/2937
f 1097/1522/2938 1469/1509/2938 1091/1521/2938
f 1098/1524/2939 1466/1505/2939 1469/1509/2939
f 1099/1511/2940 1463/1503/2940 1466/1505/2940
f 1472/1525/2941 1473/1528/2941 1476/1526/2941
f 1473/1528/2942 1474/1536/2942 1477/1529/2942
f 1475/1527/2943 1476/1526/2943 1479/1530/2943
f 1476/1526/2944 1477/1529/2944 1480/1532/2944
f 911/990/2945 1109/1534/2945 1472/1525/2945
f 1109/1534/2946 1110/1535/2946 1473/1528/2946
f 1110/1535/2947 1111/1537/2947 1474/1536/2947
f 1111/1537/2948 915/1501/2948 1096/1499/2948
f 1474/1536/2949 1096/1499/2949 1095/1498/2949
f 1477/1529/2950 1095/1498/2950 1094/1497/2950
f 1480/1532/2951 1094/1497/2951 913/1496/2951
f 1479/1530/2952 1480/1532/2952 1105/1518/2952
f 1478/1531/2953 1479/1530/2953 1104/1517/2953
f 1106/1538/2954 1478/1531/2954 1103/1516/2954
f 1107/1540/2955 1475/1527/2955 1478/1531/2955
f 1108/1533/2956 1472/1525/2956 1475/1527/2956
f 1481/1541/2957 1482/1544/2957 1485/1542/2957
f 1482/1544/2958 1483/1552/2958 1486/1545/2958
f 1484/1543/2959 1485/1542/2959 1488/1546/2959
f 1485/1542/2960 1486/1545/2960 1489/1548/2960
f 916/1014/2961 1115/1550/2961 1481/1541/2961
f 1115/1550/2962 1116/1551/2962 1482/1544/2962
f 1116/1551/2963 1117/1553/2963 1483/1552/2963
f 1117/1553/2964 919/1581/2964 1118/1554/2964
f 1483/1552/2965 1118/1554/2965 1119/1555/2965
f 1486/1545/2966 1119/1555/2966 1120/1556/2966
f 1489/1548/2967 1120/1556/2967 920/1557/2967
f 1488/1546/2968 1489/1548/2968 1121/1558/2968
f 1487/1547/2969 1488/1546/2969 1122/1559/2969
f 1112/1561/2970 1487/1547/2970 1123/1560/2970
f 1113/1563/2971 1484/1543/2971 1487/1547/2971
f 1114/1549/2972 1481/1541/2972 1484/1543/2972
f 1490/1564/2973 1491/1567/2973 1494/1565/2973
f 1491/1567/2974 1492/1575/2974 1495/1568/2974
f 1493/1566/2975 1494/1565/2975 1497/1569/2975
f 1494/1565/2976 1495/1568/2976 1498/1571/2976
f 917/995/2977 1127/1573/2977 1490/1564/2977
f 1127/1573/2978 1128/1574/2978 1491/1567/2978
f 1128/1574/2979 1129/1576/2979 1492/1575/2979
f 1129/1576/2980 921/1600/2980 1130/1577/2980
f 1492/1575/2981 1130/1577/2981 1131/1578/2981
f 1495/1568/2982 1131/1578/2982 1132/1579/2982
f 1498/1571/2983 1132/1579/2983 920/1557/2983
f 1497/1569/2984 1498/1571/2984 1120/1556/2984
f 1496/1570/2985 1497/1569/2985 1119/1555/2985
f 1124/1580/2986 1496/1570/2986 1118/1554/2986
f 1125/1582/2987 1493/1566/2987 1496/1570/2987
f 1126/1572/2988 1490/1564/2988 1493/1566/2988
f 1499/1583/2989 1500/1586/2989 1503/1584/2989
f 1500/1586/2990 1501/1594/2990 1504/1587/2990
f 1502/1585/2991 1503/1584/2991 1506/1588/2991
f 1503/1584/2992 1504/1587/2992 1507/1590/2992
f 918/1071/2993 1136/1592/2993 1499/1583/2993
f 1136/1592/2994 1137/1593/2994 1500/1586/2994
f 1137/1593/2995 1138/1595/2995 1501/1594/2995
f 1138/1595/2996 922/1759/2996 1123/1596/2996
f 1501/1594/2997 1123/1596/2997 1122/1597/2997
f 1504/1587/2998 1122/1597/2998 1121/1598/2998
f 1507/1590/2999 1121/1598/2999 920/1557/2999
f 1506/1588/3000 1507/1590/3000 1132/1579/3000
f 1505/1589/3001 1506/1588/3001 1131/1578/3001
f 1133/1599/3002 1505/1589/3002 1130/1577/3002
f 1134/1601/3003 1502/1585/3003 1505/1589/3003
f 1135/1591/3004 1499/1583/3004 1502/1585/3004
f 1509/1602/3005 1512/1606/3005 1511/1603/3005
f 1509/1602/3006 1510/1612/3006 1513/1605/3006
f 1512/1606/3007 1515/1609/3007 1514/1607/3007
f 1512/1606/3008 1513/1605/3008 1516/1608/3008
f 1139/1610/3009 1508/1604/3009 980/1227/3009
f 1140/1611/3010 1509/1602/3010 1508/1604/3010
f 1140/1611/3011 1141/1613/3011 1510/1612/3011
f 1141/1613/3012 867/1086/3012 925/1087/3012
f 1510/1612/3013 925/1087/3013 924/1101/3013
f 1513/1605/3014 924/1101/3014 923/1099/3014
f 1516/1608/3015 923/1099/3015 873/1100/3015
f 1515/1609/3016 1516/1608/3016 1142/1614/3016
f 1515/1609/3017 1143/1615/3017 1144/1616/3017
f 1514/1607/3018 1144/1616/3018 884/1617/3018
f 1511/1603/3019 1514/1607/3019 982/1230/3019
f 1508/1604/3020 1511/1603/3020 981/1228/3020
f 1517/1618/3021 1518/1622/3021 1521/1619/3021
f 1519/1621/3022 1522/1625/3022 1521/1619/3022
f 1520/1620/3023 1521/1619/3023 1524/1623/3023
f 1522/1625/3024 1525/1630/3024 1524/1623/3024
f 884/1262/3025 1144/1626/3025 1517/1618/3025
f 1144/1626/3026 1143/1628/3026 1518/1622/3026
f 1142/1627/3027 1519/1621/3027 1518/1622/3027
f 873/1629/3028 949/1137/3028 1519/1621/3028
f 949/1137/3029 948/1135/3029 1522/1625/3029
f 948/1135/3030 947/1134/3030 1525/1630/3030
f 947/1134/3031 869/1038/3031 1145/1039/3031
f 1525/1630/3032 1145/1039/3032 1146/1053/3032
f 1523/1624/3033 1524/1623/3033 1146/1053/3033
f 991/1249/3034 1523/1624/3034 1147/1052/3034
f 990/1263/3035 1520/1620/3035 1523/1624/3035
f 989/1261/3036 1517/1618/3036 1520/1620/3036
f 1527/1631/3037 1530/1635/3037 1529/1632/3037
f 1527/1631/3038 1528/1639/3038 1531/1634/3038
f 1530/1635/3039 1533/1638/3039 1532/1636/3039
f 1530/1635/3040 1531/1634/3040 1534/1637/3040
f 1148/978/3041 1526/1633/3041 938/1111/3041
f 1149/977/3042 1527/1631/3042 1526/1633/3042
f 1149/977/3043 1150/976/3043 1528/1639/3043
f 1150/976/3044 874/975/3044 952/1156/3044
f 1528/1639/3045 952/1156/3045 951/1170/3045
f 1531/1634/3046 951/1170/3046 950/1168/3046
f 1534/1637/3047 950/1168/3047 880/1169/3047
f 1533/1638/3048 1534/1637/3048 1151/1640/3048
f 1533/1638/3049 1152/1641/3049 1153/1642/3049
f 1532/1636/3050 1153/1642/3050 872/1643/3050
f 1529/1632/3051 1532/1636/3051 940/1114/3051
f 1526/1633/3052 1529/1632/3052 939/1112/3052
f 1535/1644/3053 1536/1648/3053 1539/1645/3053
f 1537/1647/3054 1540/1651/3054 1539/1645/3054
f 1538/1646/3055 1539/1645/3055 1542/1649/3055
f 1540/1651/3056 1543/1656/3056 1542/1649/3056
f 872/1146/3057 1153/1652/3057 1535/1644/3057
f 1153/1652/3058 1152/1654/3058 1536/1648/3058
f 1151/1653/3059 1537/1647/3059 1536/1648/3059
f 880/1655/3060 976/1206/3060 1537/1647/3060
f 976/1206/3061 975/1204/3061 1540/1651/3061
f 975/1204/3062 974/1203/3062 1543/1656/3062
f 974/1203/3063 876/1043/3063 1154/1041/3063
f 1543/1656/3064 1154/1041/3064 1155/1042/3064
f 1541/1650/3065 1542/1649/3065 1155/1042/3065
f 946/1133/3066 1541/1650/3066 1156/1040/3066
f 945/1147/3067 1538/1646/3067 1541/1650/3067
f 944/1145/3068 1535/1644/3068 1538/1646/3068
f 1545/1657/3069 1548/1661/3069 1547/1658/3069
f 1545/1657/3070 1546/1666/3070 1549/1660/3070
f 1548/1661/3071 1551/1664/3071 1550/1662/3071
f 1548/1661/3072 1549/1660/3072 1552/1663/3072
f 1157/1022/3073 1544/1659/3073 965/1180/3073
f 1158/1665/3074 1545/1657/3074 1544/1659/3074
f 1158/1665/3075 1159/1020/3075 1546/1666/3075
f 1159/1020/3076 888/1019/3076 1006/1295/3076
f 1546/1666/3077 1006/1295/3077 1005/1309/3077
f 1549/1660/3078 1005/1309/3078 1004/1307/3078
f 1552/1663/3079 1004/1307/3079 894/1308/3079
f 1551/1664/3080 1552/1663/3080 1160/1667/3080
f 1551/1664/3081 1161/1668/3081 1162/1669/3081
f 1550/1662/3082 1162/1669/3082 879/1670/3082
f 1547/1658/3083 1550/1662/3083 967/1183/3083
f 1544/1659/3084 1547/1658/3084 966/1181/3084
f 1553/1671/3085 1554/1675/3085 1557/1672/3085
f 1555/1674/3086 1558/1678/3086 1557/1672/3086
f 1556/1673/3087 1557/1672/3087 1560/1676/3087
f 1558/1678/3088 1561/1683/3088 1560/1676/3088
f 879/1215/3089 1162/1679/3089 1553/1671/3089
f 1162/1679/3090 1161/1681/3090 1554/1675/3090
f 1160/1680/3091 1555/1674/3091 1554/1675/3091
f 894/1682/3092 1030/1345/3092 1555/1674/3092
f 1030/1345/3093 1029/1343/3093 1558/1678/3093
f 1029/1343/3094 1028/1342/3094 1561/1683/3094
f 1028/1342/3095 890/1047/3095 1163/1046/3095
f 1561/1683/3096 1163/1046/3096 1164/1684/3096
f 1559/1677/3097 1560/1676/3097 1164/1684/3097
f 973/1202/3098 1559/1677/3098 1165/1044/3098
f 972/1216/3099 1556/1673/3099 1559/1677/3099
f 971/1214/3100 1553/1671/3100 1556/1673/3100
f 1563/1685/3101 1566/1689/3101 1565/1686/3101
f 1563/1685/3102 1564/1693/3102 1567/1688/3102
f 1566/1689/3103 1569/1692/3103 1568/1690/3103
f 1566/1689/3104 1567/1688/3104 1570/1691/3104
f 1166/1065/3105 1562/1687/3105 1019/1319/3105
f 1167/1066/3106 1563/1685/3106 1562/1687/3106
f 1167/1066/3107 1168/1064/3107 1564/1693/3107
f 1168/1064/3108 883/1062/3108 1000/1272/3108
f 1564/1693/3109 1000/1272/3109 999/1286/3109
f 1567/1688/3110 999/1286/3110 998/1284/3110
f 1570/1691/3111 998/1284/3111 886/1285/3111
f 1569/1692/3112 1570/1691/3112 1169/1694/3112
f 1569/1692/3113 1170/1695/3113 1171/1696/3113
f 1568/1690/3114 1171/1696/3114 893/1354/3114
f 1565/1686/3115 1568/1690/3115 1021/1322/3115
f 1562/1687/3116 1565/1686/3116 1020/1320/3116
f 1571/1697/3117 1572/1701/3117 1575/1698/3117
f 1573/1700/3118 1576/1704/3118 1575/1698/3118
f 1574/1699/3119 1575/1698/3119 1578/1702/3119
f 1576/1704/3120 1579/1705/3120 1578/1702/3120
f 893/1354/3121 1171/1696/3121 1571/1697/3121
f 1171/1696/3122 1170/1695/3122 1572/1701/3122
f 1169/1694/3123 1573/1700/3123 1572/1701/3123
f 886/1285/3124 994/1253/3124 1573/1700/3124
f 994/1253/3125 993/1251/3125 1576/1704/3125
f 993/1251/3126 992/1250/3126 1579/1705/3126
f 992/1250/3127 882/1051/3127 1172/1050/3127
f 1579/1705/3128 1172/1050/3128 1173/1049/3128
f 1577/1703/3129 1578/1702/3129 1173/1049/3129
f 1027/1341/3130 1577/1703/3130 1174/1048/3130
f 1026/1355/3131 1574/1699/3131 1577/1703/3131
f 1025/1353/3132 1571/1697/3132 1574/1699/3132
f 1581/1706/3133 1584/1710/3133 1583/1707/3133
f 1581/1706/3134 1582/1716/3134 1585/1709/3134
f 1584/1710/3135 1587/1713/3135 1586/1711/3135
f 1584/1710/3136 1585/1709/3136 1588/1712/3136
f 1175/1714/3137 1580/1708/3137 1088/1489/3137
f 1176/1715/3138 1581/1706/3138 1580/1708/3138
f 1176/1715/3139 1177/1717/3139 1582/1716/3139
f 1177/1717/3140 881/1225/3140 979/1226/3140
f 1582/1716/3141 979/1226/3141 978/1240/3141
f 1585/1709/3142 978/1240/3142 977/1238/3142
f 1588/1712/3143 977/1238/3143 887/1239/3143
f 1587/1713/3144 1588/1712/3144 1178/1718/3144
f 1587/1713/3145 1179/1719/3145 1180/1720/3145
f 1586/1711/3146 1180/1720/3146 912/1721/3146
f 1583/1707/3147 1586/1711/3147 1090/1492/3147
f 1580/1708/3148 1583/1707/3148 1089/1490/3148
f 1589/1722/3149 1590/1726/3149 1593/1723/3149
f 1591/1725/3150 1594/1729/3150 1593/1723/3150
f 1592/1724/3151 1593/1723/3151 1596/1727/3151
f 1594/1729/3152 1597/1734/3152 1596/1727/3152
f 912/1523/3153 1180/1730/3153 1589/1722/3153
f 1180/1730/3154 1179/1732/3154 1590/1726/3154
f 1178/1731/3155 1591/1725/3155 1590/1726/3155
f 887/1733/3156 1003/1276/3156 1591/1725/3156
f 1003/1276/3157 1002/1274/3157 1594/1729/3157
f 1002/1274/3158 1001/1273/3158 1597/1734/3158
f 1001/1273/3159 883/1062/3159 1181/1063/3159
f 1597/1734/3160 1181/1063/3160 1182/1077/3160
f 1595/1728/3161 1596/1727/3161 1182/1077/3161
f 1099/1511/3162 1595/1728/3162 1183/1076/3162
f 1098/1524/3163 1592/1724/3163 1595/1728/3163
f 1097/1522/3164 1589/1722/3164 1592/1724/3164
f 1599/1735/3165 1602/1739/3165 1601/1736/3165
f 1599/1735/3166 1600/1743/3166 1603/1738/3166
f 1602/1739/3167 1605/1742/3167 1604/1740/3167
f 1602/1739/3168 1603/1738/3168 1606/1741/3168
f 1184/1017/3169 1598/1737/3169 1007/1296/3169
f 1185/1018/3170 1599/1735/3170 1598/1737/3170
f 1185/1018/3171 1186/1016/3171 1600/1743/3171
f 1186/1016/3172 916/1014/3172 1114/1549/3172
f 1600/1743/3173 1114/1549/3173 1113/1563/3173
f 1603/1738/3174 1113/1563/3174 1112/1561/3174
f 1606/1741/3175 1112/1561/3175 922/1562/3175
f 1605/1742/3176 1606/1741/3176 1187/1744/3176
f 1605/1742/3177 1188/1745/3177 1189/1746/3177
f 1604/1740/3178 1189/1746/3178 891/1747/3178
f 1601/1736/3179 1604/1740/3179 1009/1299/3179
f 1598/1737/3180 1601/1736/3180 1008/1297/3180
f 1607/1748/3181 1608/1752/3181 1611/1749/3181
f 1609/1751/3182 1612/1755/3182 1611/1749/3182
f 1610/1750/3183 1611/1749/3183 1614/1753/3183
f 1612/1755/3184 1615/1760/3184 1614/1753/3184
f 891/1331/3185 1189/1756/3185 1607/1748/3185
f 1189/1756/3186 1188/1758/3186 1608/1752/3186
f 1187/1757/3187 1609/1751/3187 1608/1752/3187
f 922/1759/3188 1138/1595/3188 1609/1751/3188
f 1138/1595/3189 1137/1593/3189 1612/1755/3189
f 1137/1593/3190 1136/1592/3190 1615/1760/3190
f 1136/1592/3191 918/1071/3191 1190/1070/3191
f 1615/1760/3192 1190/1070/3192 1191/1761/3192
f 1613/1754/3193 1614/1753/3193 1191/1761/3193
f 1018/1318/3194 1613/1754/3194 1192/1068/3194
f 1017/1332/3195 1610/1750/3195 1613/1754/3195
f 1016/1330/3196 1607/1748/3196 1610/1750/3196
f 1617/1762/3197 1620/1766/3197 1619/1763/3197
f 1617/1762/3198 1618/1770/3198 1621/1765/3198
f 1620/1766/3199 1623/1769/3199 1622/1767/3199
f 1620/1766/3200 1621/1765/3200 1624/1768/3200
f 1193/993/3201 1616/1764/3201 1127/1573/3201
f 1194/994/3202 1617/1762/3202 1616/1764/3202
f 1194/994/3203 1195/992/3203 1618/1770/3203
f 1195/992/3204 911/990/3204 1108/1533/3204
f 1618/1770/3205 1108/1533/3205 1107/1540/3205
f 1621/1765/3206 1107/1540/3206 1106/1538/3206
f 1624/1768/3207 1106/1538/3207 914/1539/3207
f 1623/1769/3208 1624/1768/3208 1196/1771/3208
f 1623/1769/3209 1197/1772/3209 1198/1773/3209
f 1622/1767/3210 1198/1773/3210 921/1600/3210
f 1619/1763/3211 1622/1767/3211 1129/1576/3211
f 1616/1764/3212 1619/1763/3212 1128/1574/3212
f 1625/1774/3213 1626/1778/3213 1629/1775/3213
f 1627/1777/3214 1630/1781/3214 1629/1775/3214
f 1628/1776/3215 1629/1775/3215 1632/1779/3215
f 1630/1781/3216 1633/1782/3216 1632/1779/3216
f 921/1600/3217 1198/1773/3217 1625/1774/3217
f 1198/1773/3218 1197/1772/3218 1626/1778/3218
f 1196/1771/3219 1627/1777/3219 1626/1778/3219
f 914/1539/3220 1102/1515/3220 1627/1777/3220
f 1102/1515/3221 1101/1513/3221 1630/1781/3221
f 1101/1513/3222 1100/1512/3222 1633/1782/3222
f 1100/1512/3223 910/1075/3223 1199/1074/3223
f 1633/1782/3224 1199/1074/3224 1200/1073/3224
f 1631/1780/3225 1632/1779/3225 1200/1073/3225
f 1135/1591/3226 1631/1780/3226 1201/1072/3226
f 1134/1601/3227 1628/1776/3227 1631/1780/3227
f 1133/1599/3228 1625/1774/3228 1628/1776/3228
f 1635/1783/3229 1638/1787/3229 1637/1784/3229
f 1635/1783/3230 1636/1793/3230 1639/1786/3230
f 1638/1787/3231 1641/1790/3231 1640/1788/3231
f 1638/1787/3232 1639/1786/3232 1642/1789/3232
f 1202/1791/3233 1634/1785/3233 1034/1366/3233
f 1203/1792/3234 1635/1783/3234 1634/1785/3234
f 1203/1792/3235 1204/1794/3235 1636/1793/3235
f 1204/1794/3236 909/1487/3236 1087/1488/3236
f 1636/1793/3237 1087/1488/3237 1086/1502/3237
f 1639/1786/3238 1086/1502/3238 1085/1500/3238
f 1642/1789/3239 1085/1500/3239 915/1501/3239
f 1641/1790/3240 1642/1789/3240 1205/1795/3240
f 1641/1790/3241 1206/1796/3241 1207/1797/3241
f 1640/1788/3242 1207/1797/3242 898/1397/3242
f 1637/1784/3243 1640/1788/3243 1036/1369/3243
f 1634/1785/3244 1637/1784/3244 1035/1367/3244
f 1643/1798/3245 1644/1802/3245 1647/1799/3245
f 1645/1801/3246 1648/1805/3246 1647/1799/3246
f 1646/1800/3247 1647/1799/3247 1650/1803/3247
f 1648/1805/3248 1651/1806/3248 1650/1803/3248
f 898/1397/3249 1207/1797/3249 1643/1798/3249
f 1207/1797/3250 1206/1796/3250 1644/1802/3250
f 1205/1795/3251 1645/1801/3251 1644/1802/3251
f 915/1501/3252 1111/1537/3252 1645/1801/3252
f 1111/1537/3253 1110/1535/3253 1648/1805/3253
f 1110/1535/3254 1109/1534/3254 1651/1806/3254
f 1109/1534/3255 911/990/3255 1208/991/3255
f 1651/1806/3256 1208/991/3256 1209/1005/3256
f 1649/1804/3257 1650/1803/3257 1209/1005/3257
f 1045/1388/3258 1649/1804/3258 1210/1004/3258
f 1044/1398/3259 1646/1800/3259 1649/1804/3259
f 1043/1396/3260 1643/1798/3260 1646/1800/3260
f 1653/1807/3261 1656/1811/3261 1655/1808/3261
f 1653/1807/3262 1654/1815/3262 1657/1810/3262
f 1656/1811/3263 1659/1814/3263 1658/1812/3263
f 1656/1811/3264 1657/1810/3264 1660/1813/3264
f 1211/1015/3265 1652/1809/3265 1115/1550/3265
f 1212/1029/3266 1653/1807/3266 1652/1809/3266
f 1212/1029/3267 1213/1028/3267 1654/1815/3267
f 1213/1028/3268 902/1027/3268 1060/1426/3268
f 1654/1815/3269 1060/1426/3269 1059/1440/3269
f 1657/1810/3270 1059/1440/3270 1058/1438/3270
f 1660/1813/3271 1058/1438/3271 908/1439/3271
f 1659/1814/3272 1660/1813/3272 1214/1816/3272
f 1659/1814/3273 1215/1817/3273 1216/1818/3273
f 1658/1812/3274 1216/1818/3274 919/1581/3274
f 1655/1808/3275 1658/1812/3275 1117/1553/3275
f 1652/1809/3276 1655/1808/3276 1116/1551/3276
f 1661/1819/3277 1662/1823/3277 1665/1820/3277
f 1663/1822/3278 1666/1826/3278 1665/1820/3278
f 1664/1821/3279 1665/1820/3279 1668/1824/3279
f 1666/1826/3280 1669/1827/3280 1668/1824/3280
f 919/1581/3281 1216/1818/3281 1661/1819/3281
f 1216/1818/3282 1215/1817/3282 1662/1823/3282
f 1214/1816/3283 1663/1822/3283 1662/1823/3283
f 908/1439/3284 1084/1475/3284 1663/1822/3284
f 1084/1475/3285 1083/1473/3285 1666/1826/3285
f 1083/1473/3286 1082/1472/3286 1669/1827/3286
f 1082/1472/3287 904/999/3287 1217/998/3287
f 1669/1827/3288 1217/998/3288 1218/1828/3288
f 1667/1825/3289 1668/1824/3289 1218/1828/3289
f 1126/1572/3290 1667/1825/3290 1219/996/3290
f 1125/1582/3291 1664/1821/3291 1667/1825/3291
f 1124/1580/3292 1661/1819/3292 1664/1821/3292
f 1671/1829/3293 1674/1833/3293 1673/1830/3293
f 1671/1829/3294 1672/1837/3294 1675/1832/3294
f 1674/1833/3295 1677/1836/3295 1676/1834/3295
f 1674/1833/3296 1675/1832/3296 1678/1835/3296
f 1220/969/3297 1670/1831/3297 1073/1450/3297
f 1221/970/3298 1671/1829/3298 1670/1831/3298
f 1221/970/3299 1222/968/3299 1672/1837/3299
f 1222/968/3300 897/966/3300 1054/1407/3300
f 1672/1837/3301 1054/1407/3301 1053/1417/3301
f 1675/1832/3302 1053/1417/3302 1052/1415/3302
f 1678/1835/3303 1052/1415/3303 900/1416/3303
f 1677/1836/3304 1678/1835/3304 1223/1838/3304
f 1677/1836/3305 1224/1839/3305 1225/1840/3305
f 1676/1834/3306 1225/1840/3306 907/1477/3306
f 1673/1830/3307 1676/1834/3307 1075/1453/3307
f 1670/1831/3308 1673/1830/3308 1074/1451/3308
f 1679/1841/3309 1680/1845/3309 1683/1842/3309
f 1681/1844/3310 1684/1848/3310 1683/1842/3310
f 1682/1843/3311 1683/1842/3311 1686/1846/3311
f 1684/1848/3312 1687/1849/3312 1686/1846/3312
f 907/1477/3313 1225/1840/3313 1679/1841/3313
f 1225/1840/3314 1224/1839/3314 1680/1845/3314
f 1223/1838/3315 1681/1844/3315 1680/1845/3315
f 900/1416/3316 1048/1392/3316 1681/1844/3316
f 1048/1392/3317 1047/1390/3317 1684/1848/3317
f 1047/1390/3318 1046/1389/3318 1687/1849/3318
f 1046/1389/3319 896/1003/3319 1226/1002/3319
f 1687/1849/3320 1226/1002/3320 1227/1001/3320
f 1685/1847/3321 1686/1846/3321 1227/1001/3321
f 1081/1471/3322 1685/1847/3322 1228/1000/3322
f 1080/1478/3323 1682/1843/3323 1685/1847/3323
f 1079/1476/3324 1679/1841/3324 1682/1843/3324
f 1689/1850/3325 1692/1854/3325 1691/1851/3325
f 1689/1850/3326 1690/1860/3326 1693/1853/3326
f 1692/1854/3327 1695/1857/3327 1694/1855/3327
f 1692/1854/3328 1693/1853/3328 1696/1856/3328
f 1229/1858/3329 1688/1852/3329 926/1088/3329
f 1230/1859/3330 1689/1850/3330 1688/1852/3330
f 1230/1859/3331 1231/1861/3331 1690/1860/3331
f 1231/1861/3332 895/1364/3332 1033/1365/3332
f 1690/1860/3333 1033/1365/3333 1032/1379/3333
f 1693/1853/3334 1032/1379/3334 1031/1377/3334
f 1696/1856/3335 1031/1377/3335 901/1378/3335
f 1695/1857/3336 1696/1856/3336 1232/1862/3336
f 1695/1857/3337 1233/1863/3337 1234/1864/3337
f 1694/1855/3338 1234/1864/3338 870/1865/3338
f 1691/1851/3339 1694/1855/3339 928/1091/3339
f 1688/1852/3340 1691/1851/3340 927/1089/3340
f 1697/1866/3341 1698/1870/3341 1701/1867/3341
f 1699/1869/3342 1702/1873/3342 1701/1867/3342
f 1700/1868/3343 1701/1867/3343 1704/1871/3343
f 1702/1873/3344 1705/1878/3344 1704/1871/3344
f 870/1123/3345 1234/1874/3345 1697/1866/3345
f 1234/1874/3346 1233/1876/3346 1698/1870/3346
f 1232/1875/3347 1699/1869/3347 1698/1870/3347
f 901/1877/3348 1057/1411/3348 1699/1869/3348
f 1057/1411/3349 1056/1409/3349 1702/1873/3349
f 1056/1409/3350 1055/1408/3350 1705/1878/3350
f 1055/1408/3351 897/966/3351 1235/967/3351
f 1705/1878/3352 1235/967/3352 1236/981/3352
f 1703/1872/3353 1704/1871/3353 1236/981/3353
f 937/1110/3354 1703/1872/3354 1237/980/3354
f 936/1124/3355 1700/1868/3355 1703/1872/3355
f 935/1122/3356 1697/1866/3356 1700/1868/3356
f 1707/1879/3357 1710/1883/3357 1709/1880/3357
f 1707/1879/3358 1708/1887/3358 1711/1882/3358
f 1710/1883/3359 1713/1886/3359 1712/1884/3359
f 1710/1883/3360 1711/1882/3360 1714/1885/3360
f 1238/1026/3361 1706/1881/3361 1061/1427/3361
f 1239/1025/3362 1707/1879/3362 1706/1881/3362
f 1239/1025/3363 1240/1024/3363 1708/1887/3363
f 1240/1024/3364 875/1023/3364 964/1179/3364
f 1708/1887/3365 964/1179/3365 963/1193/3365
f 1711/1882/3366 963/1193/3366 962/1191/3366
f 1714/1885/3367 962/1191/3367 877/1192/3367
f 1713/1886/3368 1714/1885/3368 1241/1888/3368
f 1713/1886/3369 1242/1889/3369 1243/1890/3369
f 1712/1884/3370 1243/1890/3370 905/1891/3370
f 1709/1880/3371 1712/1884/3371 1063/1430/3371
f 1706/1881/3372 1709/1880/3372 1062/1428/3372
f 1715/1892/3373 1716/1896/3373 1719/1893/3373
f 1717/1895/3374 1720/1899/3374 1719/1893/3374
f 1718/1894/3375 1719/1893/3375 1722/1897/3375
f 1720/1899/3376 1723/1904/3376 1722/1897/3376
f 905/1461/3377 1243/1900/3377 1715/1892/3377
f 1243/1900/3378 1242/1902/3378 1716/1896/3378
f 1241/1901/3379 1717/1895/3379 1716/1896/3379
f 877/1903/3380 955/1160/3380 1717/1895/3380
f 955/1160/3381 954/1158/3381 1720/1899/3381
f 954/1158/3382 953/1157/3382 1723/1904/3382
f 953/1157/3383 874/975/3383 1244/974/3383
f 1723/1904/3384 1244/974/3384 1245/1905/3384
f 1721/1898/3385 1722/1897/3385 1245/1905/3385
f 1072/1449/3386 1721/1898/3386 1246/972/3386
f 1071/1462/3387 1718/1894/3387 1721/1898/3387
f 1070/1460/3388 1715/1892/3388 1718/1894/3388
f 1724/1906/3389 1725/1910/3389 1728/1907/3389
f 1726/1909/3390 1729/1914/3390 1728/1907/3390
f 1728/1907/3391 1731/1913/3391 1730/1911/3391
f 1728/1907/3392 1729/1914/3392 1732/1912/3392
f 881/1225/3393 1177/1717/3393 1724/1906/3393
f 1177/1717/3394 1176/1715/3394 1725/1910/3394
f 1175/1714/3395 1726/1909/3395 1725/1910/3395
f 909/1487/3396 1204/1794/3396 1726/1909/3396
f 1204/1794/3397 1203/1792/3397 1729/1914/3397
f 1729/1914/3398 1203/1792/3398 1202/1791/3398
f 1732/1912/3399 1202/1791/3399 895/1364/3399
f 1731/1913/3400 1732/1912/3400 1231/1861/3400
f 1731/1913/3401 1230/1859/3401 1229/1858/3401
f 1730/1911/3402 1229/1858/3402 867/1086/3402
f 1727/1908/3403 1730/1911/3403 1141/1613/3403
f 1139/1610/3404 1724/1906/3404 1727/1908/3404
o News_Win
v -0.188545 0.407000 0.241567
v -0.188545 0.827000 0.241567
v -0.188127 0.407000 0.229574
v -0.188127 0.827000 0.229574
v 0.171235 0.407000 0.254131
v 0.171235 0.827000 0.254131
v 0.171654 0.407000 0.242138
v 0.171654 0.827000 0.242138
vn -0.9994 -0.0000 -0.0349
vn 0.0349 -0.0000 -0.9994
vn 0.9994 -0.0000 0.0349
vn -0.0349 -0.0000 0.9994
vn -0.0000 -1.0000 -0.0000
vn -0.0000 1.0000 -0.0000
vt 0.625000 0.000000
vt 0.375000 0.250000
vt 0.375000 0.000000
vt 0.625000 0.250000
vt 0.375000 0.500000
vt 0.625000 0.500000
vt 0.375000 0.750000
vt 0.625000 0.750000
vt 0.375000 1.000000
vt 0.125000 0.750000
vt 0.125000 0.500000
vt 0.875000 0.500000
vt 0.625000 1.000000
vt 0.875000 0.750000
s 0
usemtl HM_NewsGlass
f 1734/1915/3405 1735/1916/3405 1733/1917/3405
f 1736/1918/3406 1739/1919/3406 1735/1916/3406
f 1740/1920/3407 1737/1921/3407 1739/1919/3407
f 1738/1922/3408 1733/1923/3408 1737/1921/3408
f 1739/1919/3409 1733/1924/3409 1735/1925/3409
f 1736/1926/3410 1738/1922/3410 1740/1920/3410
f 1734/1915/3405 1736/1918/3405 1735/1916/3405
f 1736/1918/3406 1740/1920/3406 1739/1919/3406
f 1740/1920/3407 1738/1922/3407 1737/1921/3407
f 1738/1922/3408 1734/1927/3408 1733/1923/3408
f 1739/1919/3409 1737/1921/3409 1733/1924/3409
f 1736/1926/3410 1734/1928/3410 1738/1922/3410
o News_Paper
v -0.084139 0.542000 0.117135
v -0.084139 0.552000 0.117135
v -0.082743 0.542000 0.077159
v -0.082743 0.552000 0.077159
v 0.075763 0.542000 0.122719
v 0.075763 0.552000 0.122719
v 0.077159 0.542000 0.082743
v 0.077159 0.552000 0.082743
v -0.094689 0.541271 0.084881
v -0.100961 0.540904 0.096535
v -0.095517 0.541271 0.108599
v -0.095903 0.544033 0.119643
v -0.101812 0.547000 0.120903
v -0.095903 0.549967 0.119643
v -0.095517 0.552729 0.108599
v -0.100961 0.553096 0.096535
v -0.094689 0.552729 0.084881
v -0.094304 0.549967 0.073837
v -0.100110 0.547000 0.072167
v -0.094304 0.544033 0.073837
v 0.044745 0.541271 0.078692
v -0.002639 0.540904 0.075571
v -0.050125 0.541271 0.075379
v -0.050125 0.552729 0.075379
v -0.002639 0.553096 0.075571
v 0.044745 0.552729 0.078692
v 0.088923 0.549967 0.080235
v 0.094832 0.547000 0.078975
v 0.088923 0.544033 0.080235
v 0.087709 0.541271 0.114997
v 0.093982 0.540904 0.103343
v 0.088538 0.541271 0.091280
v 0.088538 0.552729 0.091280
v 0.093981 0.553096 0.103343
v 0.087709 0.552729 0.114997
v 0.087324 0.549967 0.126042
v 0.093131 0.547000 0.127711
v 0.087324 0.544033 0.126042
v -0.051725 0.541271 0.121186
v -0.004341 0.540904 0.124307
v 0.043145 0.541271 0.124499
v 0.043145 0.552729 0.124499
v -0.004341 0.553096 0.124307
v -0.051725 0.552729 0.121186
v -0.120499 0.543838 0.108507
v -0.128971 0.547000 0.108891
v -0.120499 0.550162 0.108507
v -0.128506 0.543669 0.095573
v -0.137729 0.547000 0.095251
v -0.128506 0.550331 0.095573
v -0.119616 0.543838 0.083230
v -0.128041 0.547000 0.082256
v -0.119616 0.550162 0.083230
v -0.053027 0.543838 0.069032
v -0.055669 0.547000 0.066825
v -0.053027 0.550162 0.069032
v -0.002399 0.543669 0.068685
v -0.002318 0.547000 0.066379
v -0.002399 0.550331 0.068685
v 0.048082 0.543838 0.072563
v 0.050871 0.547000 0.070545
v 0.048082 0.550162 0.072563
v 0.113519 0.543838 0.091371
v 0.121992 0.547000 0.090987
v 0.113519 0.550162 0.091371
v 0.121526 0.543669 0.104305
v 0.130749 0.547000 0.104627
v 0.121526 0.550331 0.104305
v 0.112636 0.543838 0.116648
v 0.121061 0.547000 0.117622
v 0.112636 0.550162 0.116648
v 0.046047 0.543838 0.130846
v 0.048689 0.547000 0.133053
v 0.046047 0.550162 0.130846
v -0.004581 0.543669 0.131193
v -0.004662 0.547000 0.133499
v -0.004581 0.550331 0.131193
v -0.055062 0.543838 0.127316
v -0.057851 0.547000 0.129333
v -0.055062 0.550162 0.127316
v -0.053603 0.539710 0.085535
v -0.003025 0.539182 0.086622
v 0.047506 0.539710 0.089066
v -0.056760 0.539182 0.098079
v -0.003490 0.538605 0.099939
v 0.049780 0.539182 0.101799
v -0.054486 0.539710 0.110812
v -0.003955 0.539182 0.113257
v 0.046623 0.539710 0.114343
v 0.047506 0.554290 0.089066
v -0.003025 0.554818 0.086622
v -0.053603 0.554290 0.085535
v 0.049780 0.554818 0.101799
v -0.003490 0.555395 0.099939
v -0.056760 0.554818 0.098079
v 0.046623 0.554290 0.114343
v -0.003955 0.554818 0.113257
v -0.054486 0.554290 0.110812
vn -0.3325 -0.9176 0.2179
vn -0.3383 0.9156 0.2172
vn -0.3165 -0.9176 -0.2406
vn -0.3223 0.9156 -0.2403
vn -0.1161 -0.9645 0.2372
vn -0.2597 -0.7667 0.5871
vn -0.2596 0.7669 0.5869
vn -0.1002 0.9660 0.2382
vn -0.1022 0.9918 0.0763
vn -0.0966 0.9918 -0.0832
vn -0.0833 0.9660 -0.2446
vn -0.2180 0.7669 -0.6036
vn -0.2181 -0.7667 -0.6038
vn -0.0993 -0.9645 -0.2447
vn -0.0967 -0.9918 -0.0832
vn -0.1022 -0.9918 0.0763
vn -0.0075 -0.5690 -0.8223
vn -0.0068 0.5762 -0.8173
vn 0.0649 -0.5690 -0.8198
vn 0.0638 0.5762 -0.8148
vn -0.0404 -0.9326 -0.3588
vn -0.0935 -0.6213 -0.7780
vn -0.0936 0.6210 -0.7782
vn -0.0497 0.9196 -0.3898
vn -0.0057 0.9279 -0.3728
vn 0.0317 0.9279 -0.3715
vn 0.0768 0.9196 -0.3854
vn 0.1476 0.6210 -0.7698
vn 0.1475 -0.6213 -0.7696
vn 0.0654 -0.9326 -0.3551
vn 0.0316 -0.9279 -0.3714
vn -0.0057 -0.9279 -0.3727
vn 0.3325 -0.9176 -0.2179
vn 0.3383 0.9156 -0.2172
vn 0.3165 -0.9176 0.2406
vn 0.3223 0.9156 0.2403
vn 0.1161 -0.9645 -0.2372
vn 0.2597 -0.7667 -0.5871
vn 0.2596 0.7669 -0.5869
vn 0.1002 0.9660 -0.2382
vn 0.1022 0.9918 -0.0763
vn 0.0966 0.9918 0.0832
vn 0.0833 0.9660 0.2446
vn 0.2180 0.7669 0.6036
vn 0.2181 -0.7667 0.6038
vn 0.0993 -0.9645 0.2447
vn 0.0967 -0.9918 0.0832
vn 0.1022 -0.9918 -0.0763
vn 0.0075 -0.5690 0.8223
vn 0.0068 0.5762 0.8173
vn -0.0649 -0.5690 0.8198
vn -0.0638 0.5762 0.8148
vn 0.0404 -0.9326 0.3588
vn 0.0935 -0.6213 0.7780
vn 0.0936 0.6210 0.7782
vn 0.0497 0.9196 0.3898
vn 0.0057 0.9279 0.3728
vn -0.0317 0.9279 0.3715
vn -0.0768 0.9196 0.3854
vn -0.1476 0.6210 0.7698
vn -0.1475 -0.6213 0.7696
vn -0.0654 -0.9326 0.3551
vn -0.0316 -0.9279 0.3714
vn 0.0057 -0.9279 0.3727
vn -0.0093 -0.9990 -0.0444
vn 0.0125 -0.9990 -0.0428
vn -0.0123 -0.9990 0.0437
vn 0.0095 -0.9990 0.0436
vn -0.0352 -0.9884 -0.1478
vn -0.0070 -0.9880 -0.1542
vn 0.0177 -0.9880 -0.1534
vn 0.0421 -0.9863 -0.1596
vn 0.0406 -0.9980 -0.0487
vn 0.0371 -0.9980 0.0514
vn 0.0309 -0.9863 0.1621
vn 0.0070 -0.9880 0.1543
vn -0.0177 -0.9880 0.1534
vn -0.0454 -0.9884 0.1450
vn -0.0406 -0.9980 0.0486
vn -0.0371 -0.9980 -0.0513
vn 0.0123 0.9990 -0.0437
vn -0.0095 0.9990 -0.0436
vn 0.0093 0.9990 0.0444
vn -0.0125 0.9990 0.0428
vn 0.0454 0.9884 -0.1450
vn 0.0177 0.9880 -0.1534
vn -0.0070 0.9880 -0.1543
vn -0.0309 0.9863 -0.1621
vn -0.0371 0.9980 -0.0514
vn -0.0406 0.9980 0.0487
vn -0.0421 0.9863 0.1596
vn -0.0177 0.9880 0.1534
vn 0.0070 0.9880 0.1542
vn 0.0352 0.9884 0.1478
vn 0.0371 0.9980 0.0513
vn 0.0406 0.9980 -0.0486
vn -0.3383 -0.9156 0.2172
vn -0.3325 0.9176 0.2179
vn -0.3223 -0.9156 -0.2403
vn -0.3165 0.9176 -0.2406
vn -0.1002 -0.9660 0.2382
vn -0.2596 -0.7669 0.5869
vn -0.2597 0.7667 0.5871
vn -0.1161 0.9645 0.2372
vn -0.0967 0.9918 -0.0832
vn -0.0993 0.9645 -0.2447
vn -0.2181 0.7667 -0.6038
vn -0.2180 -0.7669 -0.6036
vn -0.0833 -0.9660 -0.2446
vn -0.0966 -0.9918 -0.0832
vn -0.0068 -0.5762 -0.8173
vn -0.0075 0.5690 -0.8223
vn 0.0638 -0.5762 -0.8148
vn 0.0649 0.5690 -0.8198
vn -0.0497 -0.9196 -0.3898
vn -0.0936 -0.6210 -0.7782
vn -0.0935 0.6213 -0.7780
vn -0.0404 0.9326 -0.3588
vn -0.0057 0.9279 -0.3727
vn 0.0316 0.9279 -0.3714
vn 0.0654 0.9326 -0.3551
vn 0.1475 0.6213 -0.7696
vn 0.1476 -0.6210 -0.7698
vn 0.0768 -0.9196 -0.3854
vn 0.0317 -0.9279 -0.3715
vn -0.0057 -0.9279 -0.3728
vn 0.3383 -0.9156 -0.2172
vn 0.3325 0.9176 -0.2179
vn 0.3223 -0.9156 0.2403
vn 0.3165 0.9176 0.2406
vn 0.1002 -0.9660 -0.2382
vn 0.2596 -0.7669 -0.5869
vn 0.2597 0.7667 -0.5871
vn 0.1161 0.9645 -0.2372
vn 0.0967 0.9918 0.0832
vn 0.0993 0.9645 0.2447
vn 0.2181 0.7667 0.6038
vn 0.2180 -0.7669 0.6036
vn 0.0833 -0.9660 0.2446
vn 0.0966 -0.9918 0.0832
vn 0.0068 -0.5762 0.8173
vn 0.0075 0.5690 0.8223
vn -0.0638 -0.5762 0.8148
vn -0.0649 0.5690 0.8198
vn 0.0497 -0.9196 0.3898
vn 0.0936 -0.6210 0.7782
vn 0.0935 0.6213 0.7780
vn 0.0404 0.9326 0.3588
vn 0.0057 0.9279 0.3727
vn -0.0316 0.9279 0.3714
vn -0.0654 0.9326 0.3551
vn -0.1475 0.6213 0.7696
vn -0.1476 -0.6210 0.7698
vn -0.0768 -0.9196 0.3854
vn -0.0317 -0.9279 0.3715
vn 0.0057 -0.9279 0.3728
vn -0.0095 -0.9990 -0.0436
vn 0.0123 -0.9990 -0.0437
vn -0.0125 -0.9990 0.0428
vn 0.0093 -0.9990 0.0444
vn -0.0309 -0.9863 -0.1621
vn -0.0070 -0.9880 -0.1543
vn 0.0454 -0.9884 -0.1450
vn 0.0406 -0.9980 -0.0486
vn 0.0371 -0.9980 0.0513
vn 0.0352 -0.9884 0.1478
vn 0.0070 -0.9880 0.1542
vn -0.0421 -0.9863 0.1596
vn -0.0406 -0.9980 0.0487
vn -0.0371 -0.9980 -0.0514
vn 0.0125 0.9990 -0.0428
vn -0.0093 0.9990 -0.0444
vn 0.0095 0.9990 0.0436
vn -0.0123 0.9990 0.0437
vn 0.0421 0.9863 -0.1596
vn -0.0070 0.9880 -0.1542
vn -0.0352 0.9884 -0.1478
vn -0.0371 0.9980 -0.0513
vn -0.0406 0.9980 0.0486
vn -0.0454 0.9884 0.1450
vn 0.0070 0.9880 0.1543
vn 0.0309 0.9863 0.1621
vn 0.0371 0.9980 0.0514
vn 0.0406 0.9980 -0.0487
vt 0.500000 0.062500
vt 0.437500 0.125000
vt 0.437500 0.062500
vt 0.562500 0.125000
vt 0.500000 0.125000
vt 0.500000 0.187500
vt 0.437500 0.187500
vt 0.437500 0.000000
vt 0.375000 0.062500
vt 0.375000 0.000000
vt 0.500000 0.000000
vt 0.562500 0.062500
vt 0.562500 0.000000
vt 0.625000 0.062500
vt 0.625000 0.125000
vt 0.562500 0.187500
vt 0.625000 0.187500
vt 0.562500 0.250000
vt 0.500000 0.250000
vt 0.437500 0.250000
vt 0.375000 0.187500
vt 0.375000 0.250000
vt 0.375000 0.125000
vt 0.437500 0.312500
vt 0.500000 0.375000
vt 0.437500 0.375000
vt 0.562500 0.312500
vt 0.500000 0.312500
vt 0.437500 0.437500
vt 0.562500 0.437500
vt 0.500000 0.437500
vt 0.375000 0.312500
vt 0.625000 0.250000
vt 0.625000 0.312500
vt 0.562500 0.375000
vt 0.625000 0.437500
vt 0.625000 0.500000
vt 0.562500 0.500000
vt 0.500000 0.500000
vt 0.437500 0.500000
vt 0.375000 0.500000
vt 0.375000 0.437500
vt 0.375000 0.375000
vt 0.500000 0.562500
vt 0.437500 0.625000
vt 0.437500 0.562500
vt 0.562500 0.625000
vt 0.500000 0.625000
vt 0.500000 0.687500
vt 0.437500 0.687500
vt 0.375000 0.562500
vt 0.562500 0.562500
vt 0.625000 0.562500
vt 0.625000 0.625000
vt 0.562500 0.687500
vt 0.625000 0.687500
vt 0.562500 0.750000
vt 0.500000 0.750000
vt 0.437500 0.750000
vt 0.375000 0.687500
vt 0.375000 0.750000
vt 0.375000 0.625000
vt 0.437500 0.812500
vt 0.500000 0.875000
vt 0.437500 0.875000
vt 0.562500 0.812500
vt 0.500000 0.812500
vt 0.437500 0.937500
vt 0.562500 0.937500
vt 0.500000 0.937500
vt 0.375000 0.812500
vt 0.625000 0.750000
vt 0.625000 0.812500
vt 0.562500 0.875000
vt 0.625000 0.937500
vt 0.625000 1.000000
vt 0.562500 1.000000
vt 0.500000 1.000000
vt 0.437500 1.000000
vt 0.375000 1.000000
vt 0.375000 0.937500
vt 0.375000 0.875000
vt 0.187500 0.562500
vt 0.250000 0.625000
vt 0.187500 0.625000
vt 0.312500 0.562500
vt 0.250000 0.562500
vt 0.187500 0.687500
vt 0.312500 0.687500
vt 0.250000 0.687500
vt 0.125000 0.500000
vt 0.125000 0.562500
vt 0.187500 0.500000
vt 0.312500 0.500000
vt 0.250000 0.500000
vt 0.312500 0.625000
vt 0.312500 0.750000
vt 0.250000 0.750000
vt 0.187500 0.750000
vt 0.125000 0.750000
vt 0.125000 0.687500
vt 0.125000 0.625000
vt 0.687500 0.562500
vt 0.750000 0.625000
vt 0.687500 0.625000
vt 0.812500 0.562500
vt 0.750000 0.562500
vt 0.687500 0.687500
vt 0.812500 0.687500
vt 0.750000 0.687500
vt 0.687500 0.500000
vt 0.812500 0.500000
vt 0.750000 0.500000
vt 0.875000 0.500000
vt 0.875000 0.562500
vt 0.812500 0.625000
vt 0.875000 0.687500
vt 0.875000 0.750000
vt 0.812500 0.750000
vt 0.750000 0.750000
vt 0.687500 0.750000
vt 0.625000 0.000000
vt 0.625000 0.375000
vt 0.625000 0.875000
vt 0.875000 0.625000
s 0
usemtl HM_Sticker
f 1786/1929/3411 1788/1930/3411 1785/1931/3411
f 1786/1929/3412 1790/1932/3412 1789/1933/3412
f 1788/1930/3413 1792/1934/3413 1791/1935/3413
f 1790/1932/3414 1792/1934/3414 1789/1933/3414
f 1752/1936/3415 1751/1937/3415 1741/1938/3415
f 1753/1939/3416 1785/1931/3416 1752/1936/3416
f 1753/1939/3417 1787/1940/3417 1786/1929/3417
f 1754/1941/3418 1755/1942/3418 1787/1940/3418
f 1787/1940/3419 1756/1943/3419 1790/1932/3419
f 1756/1943/3420 1793/1944/3420 1790/1932/3420
f 1757/1945/3421 1758/1946/3421 1793/1944/3421
f 1793/1944/3422 1759/1947/3422 1792/1934/3422
f 1791/1935/3423 1759/1947/3423 1760/1948/3423
f 1749/1949/3424 1760/1948/3424 1743/1950/3424
f 1750/1951/3425 1791/1935/3425 1749/1949/3425
f 1785/1931/3426 1750/1951/3426 1751/1937/3426
f 1794/1952/3427 1798/1953/3427 1797/1954/3427
f 1796/1955/3428 1798/1953/3428 1795/1956/3428
f 1798/1953/3429 1800/1957/3429 1797/1954/3429
f 1798/1953/3430 1802/1958/3430 1801/1959/3430
f 1743/1950/3431 1794/1952/3431 1763/1960/3431
f 1760/1948/3432 1795/1956/3432 1794/1952/3432
f 1758/1946/3433 1795/1956/3433 1759/1947/3433
f 1744/1961/3434 1796/1955/3434 1758/1946/3434
f 1764/1962/3435 1799/1963/3435 1796/1955/3435
f 1799/1963/3436 1766/1964/3436 1802/1958/3436
f 1802/1958/3437 1748/1965/3437 1767/1966/3437
f 1801/1959/3438 1767/1966/3438 1768/1967/3438
f 1801/1959/3439 1769/1968/3439 1800/1957/3439
f 1800/1957/3440 1747/1969/3440 1761/1970/3440
f 1797/1954/3441 1761/1970/3441 1762/1971/3441
f 1763/1960/3442 1797/1954/3442 1762/1971/3442
f 1804/1972/3443 1806/1973/3443 1803/1974/3443
f 1804/1972/3444 1808/1975/3444 1807/1976/3444
f 1806/1973/3445 1810/1977/3445 1809/1978/3445
f 1808/1975/3446 1810/1977/3446 1807/1976/3446
f 1769/1968/3447 1772/1979/3447 1747/1969/3447
f 1768/1967/3448 1803/1974/3448 1769/1968/3448
f 1768/1967/3449 1805/1980/3449 1804/1972/3449
f 1767/1966/3450 1773/1981/3450 1805/1980/3450
f 1805/1980/3451 1774/1982/3451 1808/1975/3451
f 1774/1982/3452 1811/1983/3452 1808/1975/3452
f 1775/1984/3453 1776/1985/3453 1811/1983/3453
f 1811/1983/3454 1777/1986/3454 1810/1977/3454
f 1809/1978/3455 1777/1986/3455 1778/1987/3455
f 1770/1988/3456 1778/1987/3456 1745/1989/3456
f 1771/1990/3457 1809/1978/3457 1770/1988/3457
f 1803/1974/3458 1771/1990/3458 1772/1979/3458
f 1812/1991/3459 1816/1992/3459 1815/1993/3459
f 1814/1994/3460 1816/1992/3460 1813/1995/3460
f 1816/1992/3461 1818/1996/3461 1815/1993/3461
f 1816/1992/3462 1820/1997/3462 1819/1998/3462
f 1745/1989/3463 1812/1991/3463 1781/1999/3463
f 1778/1987/3464 1813/1995/3464 1812/1991/3464
f 1776/1985/3465 1813/1995/3465 1777/1986/3465
f 1746/2000/3466 1814/1994/3466 1776/1985/3466
f 1782/2001/3467 1817/2002/3467 1814/1994/3467
f 1817/2002/3468 1784/2003/3468 1820/1997/3468
f 1820/1997/3469 1742/2004/3469 1754/2005/3469
f 1819/1998/3470 1754/2005/3470 1753/2006/3470
f 1819/1998/3471 1752/2007/3471 1818/1996/3471
f 1818/1996/3472 1741/2008/3472 1779/2009/3472
f 1815/1993/3473 1779/2009/3473 1780/2010/3473
f 1781/1999/3474 1815/1993/3474 1780/2010/3474
f 1821/2011/3475 1825/2012/3475 1824/2013/3475
f 1823/2014/3476 1825/2012/3476 1822/2015/3476
f 1825/2012/3477 1827/2016/3477 1824/2013/3477
f 1825/2012/3478 1829/2017/3478 1828/2018/3478
f 1743/2019/3479 1821/2011/3479 1749/2020/3479
f 1763/2021/3480 1822/2015/3480 1821/2011/3480
f 1761/2022/3481 1822/2015/3481 1762/2023/3481
f 1747/1969/3482 1823/2014/3482 1761/2022/3482
f 1772/1979/3483 1826/2024/3483 1823/2014/3483
f 1826/2024/3484 1770/1988/3484 1829/2017/3484
f 1829/2017/3485 1745/1989/3485 1781/2025/3485
f 1828/2018/3486 1781/2025/3486 1780/2026/3486
f 1828/2018/3487 1779/2027/3487 1827/2016/3487
f 1827/2016/3488 1741/2028/3488 1751/2029/3488
f 1824/2013/3489 1751/2029/3489 1750/2030/3489
f 1749/2020/3490 1824/2013/3490 1750/2030/3490
f 1830/2031/3491 1834/2032/3491 1833/2033/3491
f 1832/2034/3492 1834/2032/3492 1831/2035/3492
f 1834/2032/3493 1836/2036/3493 1833/2033/3493
f 1834/2032/3494 1838/2037/3494 1837/2038/3494
f 1748/1965/3495 1830/2031/3495 1773/1981/3495
f 1766/2039/3496 1831/2035/3496 1830/2031/3496
f 1764/2040/3497 1831/2035/3497 1765/2041/3497
f 1744/2042/3498 1832/2034/3498 1764/2040/3498
f 1757/2043/3499 1835/2044/3499 1832/2034/3499
f 1835/2044/3500 1755/2045/3500 1838/2037/3500
f 1838/2037/3501 1742/2046/3501 1784/2047/3501
f 1837/2038/3502 1784/2047/3502 1783/2048/3502
f 1837/2038/3503 1782/2049/3503 1836/2036/3503
f 1836/2036/3504 1746/2000/3504 1775/1984/3504
f 1833/2033/3505 1775/1984/3505 1774/1982/3505
f 1773/1981/3506 1833/2033/3506 1774/1982/3506
f 1786/1929/3507 1789/1933/3507 1788/1930/3507
f 1786/1929/3508 1787/1940/3508 1790/1932/3508
f 1788/1930/3509 1789/1933/3509 1792/1934/3509
f 1790/1932/3510 1793/1944/3510 1792/1934/3510
f 1752/1936/3511 1785/1931/3511 1751/1937/3511
f 1753/1939/3512 1786/1929/3512 1785/1931/3512
f 1753/1939/3513 1754/1941/3513 1787/1940/3513
f 1754/1941/3514 1742/2050/3514 1755/1942/3514
f 1787/1940/3419 1755/1942/3419 1756/1943/3419
f 1756/1943/3515 1757/1945/3515 1793/1944/3515
f 1757/1945/3516 1744/1961/3516 1758/1946/3516
f 1793/1944/3517 1758/1946/3517 1759/1947/3517
f 1791/1935/3518 1792/1934/3518 1759/1947/3518
f 1749/1949/3519 1791/1935/3519 1760/1948/3519
f 1750/1951/3520 1788/1930/3520 1791/1935/3520
f 1785/1931/3426 1788/1930/3426 1750/1951/3426
f 1794/1952/3521 1795/1956/3521 1798/1953/3521
f 1796/1955/3522 1799/1963/3522 1798/1953/3522
f 1798/1953/3523 1801/1959/3523 1800/1957/3523
f 1798/1953/3524 1799/1963/3524 1802/1958/3524
f 1743/1950/3525 1760/1948/3525 1794/1952/3525
f 1760/1948/3526 1759/1947/3526 1795/1956/3526
f 1758/1946/3527 1796/1955/3527 1795/1956/3527
f 1744/1961/3528 1764/1962/3528 1796/1955/3528
f 1764/1962/3529 1765/2051/3529 1799/1963/3529
f 1799/1963/3530 1765/2051/3530 1766/1964/3530
f 1802/1958/3531 1766/1964/3531 1748/1965/3531
f 1801/1959/3532 1802/1958/3532 1767/1966/3532
f 1801/1959/3533 1768/1967/3533 1769/1968/3533
f 1800/1957/3534 1769/1968/3534 1747/1969/3534
f 1797/1954/3535 1800/1957/3535 1761/1970/3535
f 1763/1960/3536 1794/1952/3536 1797/1954/3536
f 1804/1972/3537 1807/1976/3537 1806/1973/3537
f 1804/1972/3538 1805/1980/3538 1808/1975/3538
f 1806/1973/3539 1807/1976/3539 1810/1977/3539
f 1808/1975/3540 1811/1983/3540 1810/1977/3540
f 1769/1968/3541 1803/1974/3541 1772/1979/3541
f 1768/1967/3542 1804/1972/3542 1803/1974/3542
f 1768/1967/3543 1767/1966/3543 1805/1980/3543
f 1767/1966/3544 1748/1965/3544 1773/1981/3544
f 1805/1980/3451 1773/1981/3451 1774/1982/3451
f 1774/1982/3545 1775/1984/3545 1811/1983/3545
f 1775/1984/3546 1746/2000/3546 1776/1985/3546
f 1811/1983/3547 1776/1985/3547 1777/1986/3547
f 1809/1978/3548 1810/1977/3548 1777/1986/3548
f 1770/1988/3549 1809/1978/3549 1778/1987/3549
f 1771/1990/3550 1806/1973/3550 1809/1978/3550
f 1803/1974/3458 1806/1973/3458 1771/1990/3458
f 1812/1991/3551 1813/1995/3551 1816/1992/3551
f 1814/1994/3552 1817/2002/3552 1816/1992/3552
f 1816/1992/3553 1819/1998/3553 1818/1996/3553
f 1816/1992/3554 1817/2002/3554 1820/1997/3554
f 1745/1989/3555 1778/1987/3555 1812/1991/3555
f 1778/1987/3556 1777/1986/3556 1813/1995/3556
f 1776/1985/3557 1814/1994/3557 1813/1995/3557
f 1746/2000/3558 1782/2001/3558 1814/1994/3558
f 1782/2001/3559 1783/2052/3559 1817/2002/3559
f 1817/2002/3560 1783/2052/3560 1784/2003/3560
f 1820/1997/3561 1784/2003/3561 1742/2004/3561
f 1819/1998/3562 1820/1997/3562 1754/2005/3562
f 1819/1998/3563 1753/2006/3563 1752/2007/3563
f 1818/1996/3564 1752/2007/3564 1741/2008/3564
f 1815/1993/3565 1818/1996/3565 1779/2009/3565
f 1781/1999/3566 1812/1991/3566 1815/1993/3566
f 1821/2011/3567 1822/2015/3567 1825/2012/3567
f 1823/2014/3568 1826/2024/3568 1825/2012/3568
f 1825/2012/3569 1828/2018/3569 1827/2016/3569
f 1825/2012/3570 1826/2024/3570 1829/2017/3570
f 1743/2019/3571 1763/2021/3571 1821/2011/3571
f 1763/2021/3572 1762/2023/3572 1822/2015/3572
f 1761/2022/3481 1823/2014/3481 1822/2015/3481
f 1747/1969/3573 1772/1979/3573 1823/2014/3573
f 1772/1979/3574 1771/1990/3574 1826/2024/3574
f 1826/2024/3575 1771/1990/3575 1770/1988/3575
f 1829/2017/3576 1770/1988/3576 1745/1989/3576
f 1828/2018/3577 1829/2017/3577 1781/2025/3577
f 1828/2018/3487 1780/2026/3487 1779/2027/3487
f 1827/2016/3578 1779/2027/3578 1741/2028/3578
f 1824/2013/3579 1827/2016/3579 1751/2029/3579
f 1749/2020/3580 1821/2011/3580 1824/2013/3580
f 1830/2031/3581 1831/2035/3581 1834/2032/3581
f 1832/2034/3582 1835/2044/3582 1834/2032/3582
f 1834/2032/3583 1837/2038/3583 1836/2036/3583
f 1834/2032/3584 1835/2044/3584 1838/2037/3584
f 1748/1965/3585 1766/2039/3585 1830/2031/3585
f 1766/2039/3496 1765/2041/3496 1831/2035/3496
f 1764/2040/3586 1832/2034/3586 1831/2035/3586
f 1744/2042/3587 1757/2043/3587 1832/2034/3587
f 1757/2043/3588 1756/2053/3588 1835/2044/3588
f 1835/2044/3589 1756/2053/3589 1755/2045/3589
f 1838/2037/3590 1755/2045/3590 1742/2046/3590
f 1837/2038/3502 1838/2037/3502 1784/2047/3502
f 1837/2038/3591 1783/2048/3591 1782/2049/3591
f 1836/2036/3592 1782/2049/3592 1746/2000/3592
f 1833/2033/3593 1836/2036/3593 1775/1984/3593
f 1773/1981/3594 1830/2031/3594 1833/2033/3594
o News_Handle
v -0.045610 0.267000 0.274576
v -0.045750 0.271000 0.278573
v -0.049608 0.271000 0.274436
v -0.045709 0.268172 0.277402
v -0.047999 0.268691 0.276803
v -0.048536 0.271000 0.277303
v -0.048437 0.268172 0.274477
v -0.045750 0.283000 0.278573
v -0.045610 0.287000 0.274576
v -0.049608 0.283000 0.274436
v -0.045709 0.285828 0.277402
v -0.047999 0.285309 0.276803
v -0.048437 0.285828 0.274477
v -0.048536 0.283000 0.277303
v -0.044494 0.267000 0.242595
v -0.048491 0.271000 0.242455
v -0.044354 0.271000 0.238597
v -0.047320 0.268172 0.242496
v -0.046721 0.268691 0.240206
v -0.047222 0.271000 0.239670
v -0.044395 0.268172 0.239768
v -0.044494 0.287000 0.242595
v -0.044354 0.283000 0.238597
v -0.048491 0.283000 0.242455
v -0.044395 0.285828 0.239768
v -0.046721 0.285309 0.240206
v -0.047222 0.283000 0.239670
v -0.047320 0.285828 0.242496
v 0.026346 0.267000 0.277088
v 0.030343 0.271000 0.277228
v 0.026206 0.271000 0.281086
v 0.029173 0.268172 0.277187
v 0.028573 0.268691 0.279477
v 0.029074 0.271000 0.280014
v 0.026247 0.268172 0.279915
v 0.026346 0.287000 0.277088
v 0.026206 0.283000 0.281086
v 0.030343 0.283000 0.277228
v 0.026247 0.285828 0.279915
v 0.028573 0.285309 0.279477
v 0.029074 0.283000 0.280014
v 0.029173 0.285828 0.277187
v 0.027463 0.267000 0.245108
v 0.027602 0.271000 0.241110
v 0.031460 0.271000 0.245247
v 0.027561 0.268172 0.242281
v 0.029851 0.268691 0.242880
v 0.030388 0.271000 0.242380
v 0.030289 0.268172 0.245206
v 0.027463 0.287000 0.245108
v 0.031460 0.283000 0.245247
v 0.027602 0.283000 0.241110
v 0.030289 0.285828 0.245206
v 0.029851 0.285309 0.242880
v 0.030388 0.283000 0.242380
v 0.027561 0.285828 0.242281
vn -0.0349 -0.0000 0.9994
vn 0.9994 -0.0000 0.0349
vn -0.0000 1.0000 -0.0000
vn -0.9994 -0.0000 -0.0349
vn 0.0349 -0.0000 -0.9994
vn -0.3768 -0.8865 0.2688
vn -0.3125 -0.3672 0.8761
vn -0.8987 -0.2817 0.3360
vn -0.3979 0.2817 0.8731
vn -0.2944 0.8865 0.3571
vn -0.8957 0.3672 0.2506
vn -0.2688 -0.8865 -0.3768
vn -0.8761 -0.3672 -0.3125
vn -0.3360 -0.2817 -0.8987
vn -0.3571 0.8865 -0.2944
vn -0.2506 0.3672 -0.8957
vn -0.8731 0.2817 -0.3979
vn 0.2688 -0.8865 0.3768
vn 0.8761 -0.3672 0.3125
vn 0.3360 -0.2817 0.8987
vn 0.3571 0.8865 0.2944
vn 0.2506 0.3672 0.8957
vn 0.8731 0.2817 0.3979
vn 0.3768 -0.8865 -0.2688
vn 0.3125 -0.3672 -0.8761
vn 0.8987 -0.2817 -0.3360
vn 0.2944 0.8865 -0.3571
vn 0.8957 0.3672 -0.2506
vn 0.3979 0.2817 -0.8731
vn -0.3825 -0.9239 -0.0134
vn -0.9233 -0.3827 -0.0322
vn -0.4147 -0.0000 0.9100
vn -0.9367 -0.0000 0.3502
vn -0.3825 0.9239 -0.0134
vn -0.9233 0.3827 -0.0322
vn -0.3502 -0.0000 -0.9367
vn -0.9100 -0.0000 -0.4147
vn 0.0134 -0.9239 -0.3825
vn 0.0322 -0.3827 -0.9233
vn 0.0134 0.9239 -0.3825
vn 0.0322 0.3827 -0.9233
vn 0.9367 -0.0000 -0.3502
vn 0.4147 -0.0000 -0.9100
vn 0.3825 -0.9239 0.0134
vn 0.9233 -0.3827 0.0322
vn 0.3825 0.9239 0.0134
vn 0.9233 0.3827 0.0322
vn 0.3502 -0.0000 0.9367
vn 0.9100 -0.0000 0.4147
vn -0.0134 -0.9239 0.3825
vn -0.0322 -0.3827 0.9233
vn -0.0134 0.9239 0.3825
vn -0.0322 0.3827 0.9233
vn -0.0000 -1.0000 -0.0000
vn -0.2944 -0.8865 0.3571
vn -0.3979 -0.2817 0.8731
vn -0.8957 -0.3672 0.2506
vn -0.3125 0.3672 0.8761
vn -0.3768 0.8865 0.2688
vn -0.8987 0.2817 0.3360
vn -0.3571 -0.8865 -0.2944
vn -0.8731 -0.2817 -0.3979
vn -0.2506 -0.3672 -0.8957
vn -0.2688 0.8865 -0.3768
vn -0.3360 0.2817 -0.8987
vn -0.8761 0.3672 -0.3125
vn 0.3571 -0.8865 0.2944
vn 0.8731 -0.2817 0.3979
vn 0.2506 -0.3672 0.8957
vn 0.2688 0.8865 0.3768
vn 0.3360 0.2817 0.8987
vn 0.8761 0.3672 0.3125
vn 0.2944 -0.8865 -0.3571
vn 0.3979 -0.2817 -0.8731
vn 0.8957 -0.3672 -0.2506
vn 0.3768 0.8865 -0.2688
vn 0.8987 0.2817 -0.3360
vn 0.3125 0.3672 -0.8761
vt 0.575000 0.762500
vt 0.425000 0.987500
vt 0.425000 0.762500
vt 0.575000 0.525000
vt 0.425000 0.725000
vt 0.425000 0.525000
vt 0.862500 0.525000
vt 0.637500 0.725000
vt 0.637500 0.525000
vt 0.575000 0.025000
vt 0.425000 0.225000
vt 0.425000 0.025000
vt 0.575000 0.262500
vt 0.425000 0.487500
vt 0.425000 0.262500
vt 0.137500 0.725000
vt 0.130283 0.750000
vt 0.125000 0.725000
vt 0.396133 1.000000
vt 0.375000 0.987500
vt 0.375000 0.010566
vt 0.425000 0.000000
vt 0.575000 0.987500
vt 0.625000 0.994717
vt 0.575000 1.000000
vt 0.862500 0.725000
vt 0.875000 0.739434
vt 0.862500 0.750000
vt 0.603868 0.000000
vt 0.625000 0.025000
vt 0.137500 0.525000
vt 0.125000 0.510566
vt 0.137500 0.500000
vt 0.396133 0.250000
vt 0.375000 0.225000
vt 0.375000 0.255283
vt 0.425000 0.250000
vt 0.869717 0.500000
vt 0.875000 0.525000
vt 0.603867 0.250000
vt 0.625000 0.262500
vt 0.575000 0.225000
vt 0.625000 0.239434
vt 0.575000 0.250000
vt 0.362500 0.725000
vt 0.382044 0.748239
vt 0.362500 0.750000
vt 0.375000 0.725000
vt 0.425000 0.750000
vt 0.619717 0.746478
vt 0.625000 0.725000
vt 0.625000 0.762500
vt 0.575000 0.725000
vt 0.575000 0.750000
vt 0.362500 0.525000
vt 0.380283 0.503522
vt 0.375000 0.525000
vt 0.375000 0.487500
vt 0.425000 0.500000
vt 0.617956 0.501761
vt 0.637500 0.500000
vt 0.625000 0.525000
vt 0.575000 0.487500
vt 0.575000 0.500000
vt 0.125000 0.525000
vt 0.375000 0.025000
vt 0.425000 1.000000
vt 0.575000 0.000000
vt 0.875000 0.725000
vt 0.625000 0.225000
vt 0.362500 0.500000
vt 0.375000 0.262500
vt 0.862500 0.500000
vt 0.625000 0.487500
vt 0.137500 0.750000
vt 0.375000 0.762500
vt 0.637500 0.750000
vt 0.625000 0.987500
s 0
usemtl HM_Chrome
f 1875/2054/3595 1840/2055/3595 1869/2056/3595
f 1889/2057/3596 1868/2058/3596 1883/2059/3596
f 1860/2060/3597 1874/2061/3597 1888/2062/3597
f 1848/2063/3598 1854/2064/3598 1841/2065/3598
f 1861/2066/3599 1882/2067/3599 1855/2068/3599
f 1839/2069/3600 1843/2070/3600 1845/2071/3600
f 1840/2055/3601 1843/2072/3601 1842/2073/3601
f 1841/2065/3602 1843/2074/3602 1844/2075/3602
f 1846/2076/3603 1850/2077/3603 1852/2078/3603
f 1847/2079/3604 1850/2080/3604 1849/2081/3604
f 1848/2063/3605 1850/2082/3605 1851/2083/3605
f 1853/2084/3606 1857/2085/3606 1859/2086/3606
f 1854/2064/3607 1857/2087/3607 1856/2088/3607
f 1855/2068/3608 1857/2089/3608 1858/2090/3608
f 1860/2060/3609 1864/2091/3609 1866/2092/3609
f 1861/2066/3610 1864/2093/3610 1863/2094/3610
f 1862/2095/3611 1864/2096/3611 1865/2097/3611
f 1867/2098/3612 1871/2099/3612 1873/2100/3612
f 1868/2058/3613 1871/2099/3613 1870/2101/3613
f 1869/2056/3614 1871/2099/3614 1872/2102/3614
f 1874/2061/3615 1878/2103/3615 1880/2104/3615
f 1875/2054/3616 1878/2103/3616 1877/2105/3616
f 1876/2106/3617 1878/2103/3617 1879/2107/3617
f 1881/2108/3618 1885/2109/3618 1887/2110/3618
f 1882/2067/3619 1885/2109/3619 1884/2111/3619
f 1883/2059/3620 1885/2109/3620 1886/2112/3620
f 1888/2062/3621 1892/2113/3621 1894/2114/3621
f 1889/2057/3622 1892/2113/3622 1891/2115/3622
f 1890/2116/3623 1892/2113/3623 1893/2117/3623
f 1839/2069/3624 1856/2118/3624 1853/2084/3624
f 1845/2119/3625 1854/2064/3625 1856/2088/3625
f 1846/2076/3626 1844/2120/3626 1840/2055/3626
f 1852/2121/3627 1841/2065/3627 1844/2075/3627
f 1860/2060/3628 1851/2122/3628 1847/2079/3628
f 1866/2123/3629 1848/2063/3629 1851/2083/3629
f 1855/2068/3630 1865/2097/3630 1861/2066/3630
f 1858/2090/3631 1862/2095/3631 1865/2097/3631
f 1853/2084/3632 1884/2124/3632 1881/2108/3632
f 1859/2125/3633 1882/2067/3633 1884/2111/3633
f 1888/2062/3634 1863/2126/3634 1860/2060/3634
f 1894/2127/3635 1861/2066/3635 1863/2094/3635
f 1883/2059/3636 1893/2117/3636 1889/2057/3636
f 1886/2112/3637 1890/2116/3637 1893/2117/3637
f 1881/2108/3638 1870/2101/3638 1867/2098/3638
f 1887/2110/3639 1868/2058/3639 1870/2101/3639
f 1874/2061/3640 1891/2115/3640 1888/2062/3640
f 1880/2104/3641 1889/2057/3641 1891/2115/3641
f 1869/2056/3642 1879/2107/3642 1875/2054/3642
f 1872/2102/3643 1876/2106/3643 1879/2107/3643
f 1867/2098/3644 1842/2128/3644 1839/2069/3644
f 1873/2129/3645 1840/2055/3645 1842/2073/3645
f 1847/2079/3646 1877/2130/3646 1874/2061/3646
f 1849/2131/3647 1875/2054/3647 1877/2105/3647
f 1881/2108/3648 1839/2069/3648 1853/2084/3648
f 1875/2054/3595 1846/2076/3595 1840/2055/3595
f 1889/2057/3596 1876/2106/3596 1868/2058/3596
f 1860/2060/3597 1847/2079/3597 1874/2061/3597
f 1848/2063/3598 1862/2095/3598 1854/2064/3598
f 1861/2066/3599 1890/2116/3599 1882/2067/3599
f 1839/2069/3649 1842/2128/3649 1843/2070/3649
f 1840/2055/3650 1844/2120/3650 1843/2072/3650
f 1841/2065/3651 1845/2119/3651 1843/2074/3651
f 1846/2076/3652 1849/2131/3652 1850/2077/3652
f 1847/2079/3653 1851/2122/3653 1850/2080/3653
f 1848/2063/3654 1852/2121/3654 1850/2082/3654
f 1853/2084/3655 1856/2118/3655 1857/2085/3655
f 1854/2064/3656 1858/2090/3656 1857/2087/3656
f 1855/2068/3657 1859/2125/3657 1857/2089/3657
f 1860/2060/3658 1863/2126/3658 1864/2091/3658
f 1861/2066/3659 1865/2097/3659 1864/2093/3659
f 1862/2095/3660 1866/2123/3660 1864/2096/3660
f 1867/2098/3661 1870/2101/3661 1871/2099/3661
f 1868/2058/3662 1872/2102/3662 1871/2099/3662
f 1869/2056/3663 1873/2129/3663 1871/2099/3663
f 1874/2061/3664 1877/2130/3664 1878/2103/3664
f 1875/2054/3665 1879/2107/3665 1878/2103/3665
f 1876/2106/3666 1880/2104/3666 1878/2103/3666
f 1881/2108/3667 1884/2124/3667 1885/2109/3667
f 1882/2067/3668 1886/2112/3668 1885/2109/3668
f 1883/2059/3669 1887/2110/3669 1885/2109/3669
f 1888/2062/3670 1891/2115/3670 1892/2113/3670
f 1889/2057/3671 1893/2117/3671 1892/2113/3671
f 1890/2116/3672 1894/2127/3672 1892/2113/3672
f 1839/2069/3624 1845/2071/3624 1856/2118/3624
f 1845/2119/3625 1841/2065/3625 1854/2064/3625
f 1846/2076/3626 1852/2078/3626 1844/2120/3626
f 1852/2121/3627 1848/2063/3627 1841/2065/3627
f 1860/2060/3628 1866/2092/3628 1851/2122/3628
f 1866/2123/3629 1862/2095/3629 1848/2063/3629
f 1855/2068/3630 1858/2090/3630 1865/2097/3630
f 1858/2090/3631 1854/2064/3631 1862/2095/3631
f 1853/2084/3632 1859/2086/3632 1884/2124/3632
f 1859/2125/3633 1855/2068/3633 1882/2067/3633
f 1888/2062/3634 1894/2114/3634 1863/2126/3634
f 1894/2127/3635 1890/2116/3635 1861/2066/3635
f 1883/2059/3636 1886/2112/3636 1893/2117/3636
f 1886/2112/3637 1882/2067/3637 1890/2116/3637
f 1881/2108/3638 1887/2110/3638 1870/2101/3638
f 1887/2110/3639 1883/2059/3639 1868/2058/3639
f 1874/2061/3640 1880/2104/3640 1891/2115/3640
f 1880/2104/3641 1876/2106/3641 1889/2057/3641
f 1869/2056/3642 1872/2102/3642 1879/2107/3642
f 1872/2102/3643 1868/2058/3643 1876/2106/3643
f 1867/2098/3644 1873/2100/3644 1842/2128/3644
f 1873/2129/3645 1869/2056/3645 1840/2055/3645
f 1847/2079/3646 1849/2081/3646 1877/2130/3646
f 1849/2131/3647 1846/2076/3647 1875/2054/3647
f 1881/2108/3648 1867/2098/3648 1839/2069/3648
o News_Coin
v 0.133944 0.297000 0.261834
v 0.133839 0.300000 0.264832
v 0.130946 0.300000 0.261729
v 0.133839 0.394000 0.264832
v 0.133944 0.397000 0.261834
v 0.130946 0.394000 0.261729
v 0.135130 0.297000 0.227855
v 0.132132 0.300000 0.227750
v 0.135235 0.300000 0.224857
v 0.135130 0.397000 0.227855
v 0.135235 0.394000 0.224857
v 0.132132 0.394000 0.227750
v 0.207899 0.297000 0.264417
v 0.210897 0.300000 0.264521
v 0.207794 0.300000 0.267415
v 0.207899 0.397000 0.264417
v 0.207794 0.394000 0.267415
v 0.210897 0.394000 0.264521
v 0.209085 0.297000 0.230437
v 0.209190 0.300000 0.227439
v 0.212083 0.300000 0.230542
v 0.209085 0.397000 0.230437
v 0.212083 0.394000 0.230542
v 0.209190 0.394000 0.227439
vn -0.0349 -0.0000 0.9994
vn 0.9994 -0.0000 0.0349
vn -0.0000 1.0000 -0.0000
vn -0.9994 -0.0000 -0.0349
vn 0.0349 -0.0000 -0.9994
vn -0.5971 -0.5774 0.5568
vn -0.5971 0.5774 0.5568
vn -0.5568 -0.5774 -0.5971
vn -0.5568 0.5774 -0.5971
vn 0.5568 -0.5774 0.5971
vn 0.5568 0.5774 0.5971
vn 0.5971 -0.5774 -0.5568
vn 0.5971 0.5774 -0.5568
vn -0.7067 -0.7071 -0.0247
vn -0.7314 -0.0000 0.6820
vn -0.7067 0.7071 -0.0247
vn -0.6820 -0.0000 -0.7314
vn 0.0247 -0.7071 -0.7067
vn 0.0247 0.7071 -0.7067
vn 0.7314 -0.0000 -0.6820
vn 0.7067 -0.7071 0.0247
vn 0.7067 0.7071 0.0247
vn 0.6820 -0.0000 0.7314
vn -0.0247 -0.7071 0.7067
vn -0.0247 0.7071 0.7067
vn -0.0000 -1.0000 -0.0000
vt 0.617500 0.759375
vt 0.382500 0.990625
vt 0.382500 0.759375
vt 0.617500 0.518750
vt 0.382500 0.731250
vt 0.382500 0.518750
vt 0.865625 0.518750
vt 0.634375 0.731250
vt 0.634375 0.518750
vt 0.617500 0.018750
vt 0.382500 0.231250
vt 0.382500 0.018750
vt 0.617500 0.259375
vt 0.382500 0.490625
vt 0.382500 0.259375
vt 0.134375 0.731250
vt 0.134375 0.750000
vt 0.125000 0.731250
vt 0.617500 0.990625
vt 0.625000 0.990625
vt 0.617500 1.000000
vt 0.134375 0.518750
vt 0.125000 0.518750
vt 0.134375 0.500000
vt 0.625000 0.259375
vt 0.617500 0.250000
vt 0.365625 0.731250
vt 0.375000 0.731250
vt 0.365625 0.750000
vt 0.625000 0.759375
vt 0.617500 0.750000
vt 0.365625 0.518750
vt 0.365625 0.500000
vt 0.375000 0.518750
vt 0.625000 0.518750
vt 0.617500 0.500000
vt 0.617500 0.000000
vt 0.382500 0.000000
vt 0.625000 0.231250
vt 0.625000 0.018750
vt 0.617500 0.231250
vt 0.625000 0.490625
vt 0.617500 0.490625
vt 0.617500 0.731250
vt 0.865625 0.731250
s 0
usemtl HM_PlasticBlk
f 1911/2132/3673 1896/2133/3673 1909/2134/3673
f 1917/2135/3674 1908/2136/3674 1915/2137/3674
f 1904/2138/3675 1910/2139/3675 1916/2140/3675
f 1900/2141/3676 1902/2142/3676 1897/2143/3676
f 1905/2144/3677 1914/2145/3677 1903/2146/3677
f 1895/2147/3678 1896/2148/3678 1897/2149/3678
f 1898/2150/3679 1899/2151/3679 1900/2152/3679
f 1901/2153/3680 1902/2154/3680 1903/2155/3680
f 1904/2156/3681 1905/2144/3681 1906/2157/3681
f 1907/2158/3682 1908/2159/3682 1909/2160/3682
f 1910/2161/3683 1911/2132/3683 1912/2162/3683
f 1913/2163/3684 1914/2164/3684 1915/2165/3684
f 1916/2166/3685 1917/2135/3685 1918/2167/3685
f 1895/2147/3686 1902/2154/3686 1901/2153/3686
f 1898/2168/3687 1897/2143/3687 1896/2169/3687
f 1904/2170/3688 1900/2141/3688 1899/2171/3688
f 1903/2146/3689 1906/2172/3689 1905/2144/3689
f 1901/2153/3690 1914/2164/3690 1913/2163/3690
f 1916/2173/3691 1905/2144/3691 1904/2156/3691
f 1915/2137/3692 1918/2174/3692 1917/2135/3692
f 1913/2163/3693 1908/2136/3693 1907/2158/3693
f 1910/2139/3694 1917/2135/3694 1916/2140/3694
f 1909/2134/3695 1912/2175/3695 1911/2132/3695
f 1907/2158/3696 1896/2148/3696 1895/2147/3696
f 1899/2151/3697 1911/2132/3697 1910/2161/3697
f 1913/2163/3698 1895/2147/3698 1901/2153/3698
f 1911/2132/3673 1898/2150/3673 1896/2133/3673
f 1917/2135/3674 1912/2175/3674 1908/2136/3674
f 1904/2138/3675 1899/2176/3675 1910/2139/3675
f 1900/2141/3676 1906/2172/3676 1902/2142/3676
f 1905/2144/3677 1918/2174/3677 1914/2145/3677
f 1895/2147/3686 1897/2149/3686 1902/2154/3686
f 1898/2168/3687 1900/2141/3687 1897/2143/3687
f 1904/2170/3688 1906/2172/3688 1900/2141/3688
f 1903/2146/3689 1902/2142/3689 1906/2172/3689
f 1901/2153/3690 1903/2155/3690 1914/2164/3690
f 1916/2173/3691 1918/2174/3691 1905/2144/3691
f 1915/2137/3692 1914/2145/3692 1918/2174/3692
f 1913/2163/3693 1915/2137/3693 1908/2136/3693
f 1910/2139/3694 1912/2175/3694 1917/2135/3694
f 1909/2134/3695 1908/2136/3695 1912/2175/3695
f 1907/2158/3696 1909/2160/3696 1896/2148/3696
f 1899/2151/3697 1898/2150/3697 1911/2132/3697
f 1913/2163/3698 1907/2158/3698 1895/2147/3698
o News_Header
v -0.187333 0.927745 0.142463
v -0.190137 0.948086 0.222755
v -0.284282 0.948086 0.139077
v -0.189969 0.930076 0.220429
v -0.283669 0.931049 0.216183
v -0.284675 0.948173 0.217121
v -0.281949 0.930076 0.139072
v -0.190137 1.005914 0.222755
v -0.187333 1.026255 0.142463
v -0.284282 1.005914 0.139077
v -0.189969 1.023924 0.220429
v -0.283669 1.022951 0.216183
v -0.281949 1.023924 0.139072
v -0.284675 1.005827 0.217121
v -0.176939 0.927745 -0.155184
v -0.273888 0.948086 -0.158569
v -0.174135 0.948086 -0.235476
v -0.271561 0.930076 -0.158401
v -0.267897 0.931049 -0.235444
v -0.268836 0.948173 -0.236450
v -0.174130 0.930076 -0.233143
v -0.176939 1.026255 -0.155184
v -0.174135 1.005914 -0.235476
v -0.273888 1.005914 -0.158569
v -0.174130 1.023924 -0.233143
v -0.267897 1.022951 -0.235444
v -0.268836 1.005827 -0.236450
v -0.271561 1.023924 -0.158401
v 0.176939 0.927745 0.155184
v 0.273888 0.948086 0.158569
v 0.174135 0.948086 0.235476
v 0.271561 0.930076 0.158401
v 0.267897 0.931049 0.235444
v 0.268836 0.948173 0.236450
v 0.174130 0.930076 0.233143
v 0.176939 1.026255 0.155184
v 0.174135 1.005914 0.235476
v 0.273888 1.005914 0.158569
v 0.174130 1.023924 0.233143
v 0.267897 1.022951 0.235444
v 0.268836 1.005827 0.236450
v 0.271561 1.023924 0.158401
v 0.187333 0.927745 -0.142463
v 0.190137 0.948086 -0.222755
v 0.284282 0.948086 -0.139077
v 0.189969 0.930076 -0.220429
v 0.283669 0.931049 -0.216183
v 0.284675 0.948173 -0.217121
v 0.281949 0.930076 -0.139072
v 0.187333 1.026255 -0.142463
v 0.284282 1.005914 -0.139077
v 0.190137 1.005914 -0.222755
v 0.281949 1.023924 -0.139072
v 0.283669 1.022951 -0.216183
v 0.284675 1.005827 -0.217121
v 0.189969 1.023924 -0.220429
v -0.279502 0.929226 0.139167
v -0.268488 0.928568 0.139575
v -0.240550 0.928080 0.140579
v -0.188830 0.928080 0.186052
v -0.189604 0.928568 0.209046
v -0.189902 0.929226 0.218240
v -0.243096 0.930245 0.218404
v -0.270880 0.930483 0.217196
v -0.281647 0.930780 0.216523
v -0.283876 0.930780 0.214403
v -0.283860 0.930483 0.205437
v -0.283299 0.930245 0.182581
v -0.190009 0.931328 0.221277
v -0.190054 0.933964 0.221935
v -0.190100 0.939158 0.222421
v -0.243344 0.948112 0.220562
v -0.271265 0.948140 0.219099
v -0.282256 0.948163 0.218056
v -0.284500 0.939331 0.216958
v -0.284254 0.934282 0.216729
v -0.283947 0.931883 0.216443
v -0.285448 0.948163 0.214904
v -0.285785 0.948140 0.205688
v -0.285469 0.948112 0.182678
v -0.283946 0.939158 0.139063
v -0.283458 0.933964 0.139052
v -0.282799 0.931328 0.139052
v -0.282256 1.005837 0.218056
v -0.271265 1.005860 0.219099
v -0.243344 1.005888 0.220562
v -0.190100 1.014842 0.222421
v -0.190054 1.020036 0.221935
v -0.190009 1.022672 0.221277
v -0.243096 1.023755 0.218404
v -0.270880 1.023517 0.217196
v -0.281647 1.023220 0.216523
v -0.283947 1.022117 0.216443
v -0.284254 1.019718 0.216729
v -0.284500 1.014669 0.216958
v -0.189902 1.024774 0.218240
v -0.189604 1.025432 0.209046
v -0.188830 1.025920 0.186052
v -0.240550 1.025920 0.140579
v -0.268488 1.025432 0.139575
v -0.279501 1.024774 0.139167
v -0.283299 1.023755 0.182581
v -0.283860 1.023517 0.205437
v -0.283876 1.023220 0.214403
v -0.282799 1.022672 0.139052
v -0.283458 1.020036 0.139052
v -0.283946 1.014842 0.139063
v -0.285469 1.005888 0.182678
v -0.285785 1.005860 0.205688
v -0.285448 1.005837 0.214904
v -0.174216 0.929226 -0.230956
v -0.174560 0.928568 -0.221763
v -0.175391 0.928080 -0.198771
v -0.230158 0.928080 -0.157016
v -0.258097 0.928568 -0.157964
v -0.269113 0.929226 -0.158325
v -0.269873 0.930245 -0.201898
v -0.268838 0.930483 -0.224737
v -0.268228 0.930780 -0.233683
v -0.265857 0.930780 -0.235642
v -0.255069 0.930483 -0.235562
v -0.227269 0.930245 -0.234829
v -0.272410 0.931328 -0.158440
v -0.273068 0.933964 -0.158486
v -0.273554 0.939158 -0.158532
v -0.272031 0.948112 -0.202146
v -0.270741 0.948140 -0.225122
v -0.269761 0.948163 -0.234292
v -0.268673 0.939331 -0.236275
v -0.268443 0.934282 -0.236029
v -0.268157 0.931883 -0.235723
v -0.266358 0.948163 -0.237214
v -0.255320 0.948140 -0.237488
v -0.227365 0.948112 -0.236999
v -0.174121 0.939158 -0.235140
v -0.174110 0.933964 -0.234652
v -0.174110 0.931328 -0.233993
v -0.269113 1.024774 -0.158325
v -0.258097 1.025432 -0.157964
v -0.230158 1.025920 -0.157016
v -0.175391 1.025920 -0.198771
v -0.174560 1.025432 -0.221763
v -0.174216 1.024774 -0.230956
v -0.227269 1.023755 -0.234829
v -0.255069 1.023517 -0.235562
v -0.265857 1.023220 -0.235642
v -0.268228 1.023220 -0.233683
v -0.268838 1.023517 -0.224737
v -0.269873 1.023755 -0.201898
v -0.174110 1.022672 -0.233993
v -0.174110 1.020036 -0.234652
v -0.174121 1.014842 -0.235140
v -0.227365 1.005888 -0.236999
v -0.255320 1.005860 -0.237488
v -0.266358 1.005837 -0.237214
v -0.268673 1.014669 -0.236275
v -0.268443 1.019718 -0.236029
v -0.268157 1.022117 -0.235723
v -0.269761 1.005837 -0.234292
v -0.270741 1.005860 -0.225122
v -0.272031 1.005888 -0.202146
v -0.273554 1.014842 -0.158532
v -0.273068 1.020036 -0.158486
v -0.272410 1.022672 -0.158440
v 0.174216 0.929226 0.230956
v 0.174560 0.928568 0.221763
v 0.175391 0.928080 0.198771
v 0.230158 0.928080 0.157016
v 0.258097 0.928568 0.157964
v 0.269113 0.929226 0.158325
v 0.269873 0.930245 0.201898
v 0.268838 0.930483 0.224737
v 0.268228 0.930780 0.233683
v 0.265857 0.930780 0.235642
v 0.255069 0.930483 0.235562
v 0.227269 0.930245 0.234829
v 0.272410 0.931328 0.158440
v 0.273068 0.933964 0.158486
v 0.273554 0.939158 0.158532
v 0.272031 0.948112 0.202146
v 0.270741 0.948140 0.225122
v 0.269761 0.948163 0.234292
v 0.268673 0.939331 0.236275
v 0.268443 0.934282 0.236029
v 0.268157 0.931883 0.235723
v 0.266358 0.948163 0.237214
v 0.255320 0.948140 0.237488
v 0.227365 0.948112 0.236999
v 0.174121 0.939158 0.235140
v 0.174110 0.933964 0.234652
v 0.174110 0.931328 0.233993
v 0.269113 1.024774 0.158325
v 0.258097 1.025432 0.157964
v 0.230158 1.025920 0.157016
v 0.175391 1.025920 0.198771
v 0.174560 1.025432 0.221763
v 0.174216 1.024774 0.230956
v 0.227269 1.023755 0.234829
v 0.255069 1.023517 0.235562
v 0.265857 1.023220 0.235642
v 0.268228 1.023220 0.233683
v 0.268838 1.023517 0.224737
v 0.269873 1.023755 0.201898
v 0.174110 1.022672 0.233993
v 0.174110 1.020036 0.234652
v 0.174121 1.014842 0.235140
v 0.227365 1.005888 0.236999
v 0.255320 1.005860 0.237488
v 0.266358 1.005837 0.237214
v 0.268673 1.014669 0.236275
v 0.268443 1.019718 0.236029
v 0.268157 1.022117 0.235723
v 0.269761 1.005837 0.234292
v 0.270741 1.005860 0.225122
v 0.272031 1.005888 0.202146
v 0.273554 1.014842 0.158532
v 0.273068 1.020036 0.158486
v 0.272410 1.022672 0.158440
v 0.279502 0.929226 -0.139167
v 0.268488 0.928568 -0.139575
v 0.240550 0.928080 -0.140579
v 0.188830 0.928080 -0.186052
v 0.189604 0.928568 -0.209046
v 0.189902 0.929226 -0.218240
v 0.243096 0.930245 -0.218404
v 0.270880 0.930483 -0.217196
v 0.281647 0.930780 -0.216523
v 0.283876 0.930780 -0.214403
v 0.283860 0.930483 -0.205437
v 0.283299 0.930245 -0.182581
v 0.190009 0.931328 -0.221277
v 0.190054 0.933964 -0.221935
v 0.190100 0.939158 -0.222421
v 0.243344 0.948112 -0.220562
v 0.271265 0.948140 -0.219099
v 0.282256 0.948163 -0.218056
v 0.284500 0.939331 -0.216958
v 0.284254 0.934282 -0.216729
v 0.283947 0.931883 -0.216443
v 0.285448 0.948163 -0.214904
v 0.285785 0.948140 -0.205688
v 0.285469 0.948112 -0.182678
v 0.283946 0.939158 -0.139063
v 0.283458 0.933964 -0.139052
v 0.282799 0.931328 -0.139052
v 0.189902 1.024774 -0.218240
v 0.189604 1.025432 -0.209046
v 0.188830 1.025920 -0.186052
v 0.240550 1.025920 -0.140579
v 0.268488 1.025432 -0.139575
v 0.279502 1.024774 -0.139167
v 0.283299 1.023755 -0.182581
v 0.283860 1.023517 -0.205437
v 0.283876 1.023220 -0.214403
v 0.281647 1.023220 -0.216523
v 0.270880 1.023517 -0.217196
v 0.243096 1.023755 -0.218404
v 0.282799 1.022672 -0.139052
v 0.283458 1.020036 -0.139052
v 0.283946 1.014842 -0.139063
v 0.285469 1.005888 -0.182678
v 0.285785 1.005860 -0.205688
v 0.285448 1.005837 -0.214904
v 0.284500 1.014669 -0.216958
v 0.284254 1.019718 -0.216729
v 0.283947 1.022117 -0.216443
v 0.282256 1.005837 -0.218056
v 0.271265 1.005860 -0.219099
v 0.243344 1.005888 -0.220562
v 0.190100 1.014842 -0.222421
v 0.190054 1.020036 -0.221935
v 0.190009 1.022672 -0.221277
v -0.179315 0.927545 -0.087620
v -0.182158 0.927479 -0.006361
v -0.184990 0.927545 0.074898
v -0.279693 0.929974 0.071556
v -0.276891 0.929941 -0.009669
v -0.274021 0.929974 -0.090892
v -0.282122 0.948070 0.071506
v -0.279351 0.948064 -0.009755
v -0.276447 0.948070 -0.091012
v -0.190160 0.961316 0.222954
v -0.190168 0.977000 0.223020
v -0.190160 0.992684 0.222954
v -0.284780 0.992649 0.217219
v -0.284815 0.977000 0.217252
v -0.284780 0.961351 0.217219
v -0.284482 0.992684 0.139087
v -0.284548 0.977000 0.139090
v -0.284482 0.961316 0.139087
v -0.184990 1.026454 0.074898
v -0.182158 1.026521 -0.006361
v -0.179315 1.026454 -0.087620
v -0.274021 1.024026 -0.090892
v -0.276891 1.024059 -0.009669
v -0.279693 1.024026 0.071556
v -0.276447 1.005930 -0.091012
v -0.279351 1.005936 -0.009755
v -0.282122 1.005930 0.071506
v -0.174145 0.992684 -0.235676
v -0.174148 0.977000 -0.235742
v -0.174145 0.961316 -0.235676
v -0.268934 0.961351 -0.236555
v -0.268966 0.977000 -0.236590
v -0.268934 0.992649 -0.236555
v -0.274087 0.961316 -0.158592
v -0.274153 0.977000 -0.158600
v -0.274087 0.992684 -0.158592
v 0.104675 0.927545 -0.145366
v 0.005198 0.927479 -0.148845
v -0.094280 0.927545 -0.152313
v -0.091519 0.929974 -0.230360
v 0.007924 0.929941 -0.226921
v 0.107365 0.929974 -0.223415
v -0.091469 0.948070 -0.232789
v 0.008010 0.948064 -0.229381
v 0.107485 0.948070 -0.225841
v -0.094280 1.026454 -0.152313
v 0.005198 1.026521 -0.148845
v 0.104675 1.026454 -0.145366
v 0.107365 1.024026 -0.223415
v 0.007924 1.024059 -0.226921
v -0.091519 1.024026 -0.230360
v 0.107485 1.005930 -0.225841
v 0.008010 1.005936 -0.229381
v -0.091469 1.005930 -0.232789
v 0.284482 0.992684 -0.139087
v 0.284548 0.977000 -0.139090
v 0.284482 0.961316 -0.139087
v 0.284780 0.961351 -0.217219
v 0.284815 0.977000 -0.217252
v 0.284780 0.992649 -0.217219
v 0.190160 0.961316 -0.222954
v 0.190168 0.977000 -0.223020
v 0.190160 0.992684 -0.222954
v 0.179315 0.927545 0.087620
v 0.182158 0.927479 0.006361
v 0.184990 0.927545 -0.074898
v 0.279693 0.929974 -0.071556
v 0.276891 0.929941 0.009669
v 0.274020 0.929974 0.090892
v 0.282122 0.948070 -0.071506
v 0.279351 0.948064 0.009755
v 0.276447 0.948070 0.091012
v 0.184990 1.026454 -0.074898
v 0.182158 1.026521 0.006361
v 0.179315 1.026454 0.087620
v 0.274020 1.024026 0.090892
v 0.276891 1.024059 0.009669
v 0.279693 1.024026 -0.071556
v 0.276447 1.005930 0.091012
v 0.279351 1.005936 0.009755
v 0.282122 1.005930 -0.071506
v 0.174145 0.992684 0.235676
v 0.174148 0.977000 0.235742
v 0.174145 0.961316 0.235676
v 0.268934 0.961351 0.236555
v 0.268966 0.977000 0.236590
v 0.268934 0.992649 0.236555
v 0.274087 0.961316 0.158592
v 0.274153 0.977000 0.158600
v 0.274087 0.992684 0.158592
v -0.104675 0.927545 0.145366
v -0.005198 0.927479 0.148845
v 0.094280 0.927545 0.152313
v 0.091519 0.929974 0.230360
v -0.007924 0.929941 0.226921
v -0.107365 0.929974 0.223415
v 0.091469 0.948070 0.232789
v -0.008010 0.948064 0.229381
v -0.107485 0.948070 0.225841
v 0.094280 1.026454 0.152313
v -0.005198 1.026521 0.148845
v -0.104675 1.026454 0.145366
v -0.107365 1.024026 0.223415
v -0.007924 1.024059 0.226921
v 0.091519 1.024026 0.230360
v -0.107485 1.005930 0.225841
v -0.008010 1.005936 0.229381
v 0.091469 1.005930 0.232789
v 0.091469 0.961310 0.232999
v 0.091468 0.977000 0.233070
v 0.091469 0.992690 0.232999
v -0.008018 0.961307 0.229596
v -0.008020 0.977000 0.229667
v -0.008018 0.992693 0.229596
v -0.107499 0.961310 0.226051
v -0.107504 0.977000 0.226121
v -0.107499 0.992690 0.226051
v 0.282333 0.961310 -0.071506
v 0.282403 0.977000 -0.071505
v 0.282333 0.992690 -0.071506
v 0.279565 0.961307 0.009763
v 0.279637 0.977000 0.009765
v 0.279565 0.992693 0.009763
v 0.276657 0.961310 0.091026
v 0.276727 0.977000 0.091031
v 0.276657 0.992690 0.091026
v 0.102322 1.026665 -0.077792
v 0.002838 1.026735 -0.081268
v -0.096646 1.026665 -0.084740
v 0.099486 1.026735 0.003474
v -0.000000 1.026807 -0.000000
v -0.099486 1.026735 -0.003474
v 0.096646 1.026665 0.084740
v -0.002838 1.026735 0.081268
v -0.102322 1.026665 0.077792
v -0.282333 0.961310 0.071506
v -0.282403 0.977000 0.071505
v -0.282333 0.992690 0.071506
v -0.279565 0.961307 -0.009763
v -0.279637 0.977000 -0.009765
v -0.279565 0.992693 -0.009763
v -0.276657 0.961310 -0.091026
v -0.276727 0.977000 -0.091031
v -0.276657 0.992690 -0.091026
v -0.091469 0.961310 -0.232999
v -0.091468 0.977000 -0.233070
v -0.091469 0.992690 -0.232999
v 0.008018 0.961307 -0.229596
v 0.008020 0.977000 -0.229667
v 0.008018 0.992693 -0.229596
v 0.107499 0.961310 -0.226051
v 0.107504 0.977000 -0.226121
v 0.107499 0.992690 -0.226051
v -0.242022 0.928385 0.184145
v -0.242768 0.928832 0.207107
v -0.243041 0.929444 0.216261
v -0.269925 0.928832 0.183115
v -0.270626 0.929222 0.206035
v -0.270850 0.929762 0.215128
v -0.280898 0.929444 0.182685
v -0.281534 0.929762 0.205560
v -0.281673 0.930194 0.214574
v -0.243283 0.939208 0.220259
v -0.271173 0.939264 0.218838
v -0.282126 0.939311 0.217842
v -0.243212 0.934046 0.219814
v -0.271060 0.934146 0.218451
v -0.281952 0.934240 0.217531
v -0.243144 0.931451 0.219204
v -0.270947 0.931613 0.217915
v -0.281761 0.931789 0.217105
v -0.285163 0.939208 0.182639
v -0.284714 0.934046 0.182598
v -0.284101 0.931451 0.182573
v -0.285518 0.939264 0.205615
v -0.285125 0.934146 0.205529
v -0.284582 0.931613 0.205454
v -0.285226 0.939311 0.214788
v -0.284903 0.934240 0.214637
v -0.284464 0.931789 0.214476
v -0.243283 1.014792 0.220259
v -0.243212 1.019954 0.219814
v -0.243144 1.022549 0.219204
v -0.271173 1.014736 0.218838
v -0.271060 1.019854 0.218451
v -0.270947 1.022387 0.217915
v -0.282126 1.014689 0.217842
v -0.281952 1.019760 0.217531
v -0.281761 1.022211 0.217105
v -0.242022 1.025615 0.184145
v -0.269925 1.025168 0.183115
v -0.280898 1.024556 0.182685
v -0.242768 1.025168 0.207107
v -0.270626 1.024778 0.206035
v -0.281534 1.024238 0.205560
v -0.243041 1.024556 0.216261
v -0.270850 1.024238 0.215128
v -0.281673 1.023806 0.214574
v -0.285163 1.014792 0.182639
v -0.285518 1.014736 0.205615
v -0.285226 1.014689 0.214788
v -0.284714 1.019954 0.182598
v -0.285125 1.019854 0.205529
v -0.284903 1.019760 0.214637
v -0.284101 1.022549 0.182573
v -0.284582 1.022387 0.205454
v -0.284464 1.022211 0.214476
v -0.228587 0.928385 -0.200579
v -0.256494 0.928832 -0.201498
v -0.267470 0.929444 -0.201834
v -0.227730 0.928832 -0.223538
v -0.255595 0.929222 -0.224411
v -0.266509 0.929762 -0.224698
v -0.227363 0.929444 -0.232688
v -0.255184 0.929762 -0.233497
v -0.266019 0.930194 -0.233700
v -0.271728 0.939208 -0.202086
v -0.270479 0.939264 -0.225030
v -0.269548 0.939311 -0.234161
v -0.271283 0.934046 -0.202014
v -0.270093 0.934146 -0.224917
v -0.269236 0.934240 -0.233988
v -0.270673 0.931451 -0.201946
v -0.269557 0.931613 -0.224805
v -0.268810 0.931789 -0.233797
v -0.227326 0.939208 -0.236693
v -0.227286 0.934046 -0.236244
v -0.227260 0.931451 -0.235631
v -0.255247 0.939264 -0.237221
v -0.255161 0.934146 -0.236827
v -0.255086 0.931613 -0.236285
v -0.266243 0.939311 -0.236992
v -0.266091 0.934240 -0.236669
v -0.265930 0.931789 -0.236231
v -0.228587 1.025615 -0.200579
v -0.227730 1.025168 -0.223538
v -0.227363 1.024556 -0.232688
v -0.256495 1.025168 -0.201498
v -0.255595 1.024778 -0.224411
v -0.255184 1.024238 -0.233497
v -0.267470 1.024556 -0.201834
v -0.266509 1.024238 -0.224698
v -0.266019 1.023806 -0.233700
v -0.227326 1.014792 -0.236693
v -0.255247 1.014736 -0.237221
v -0.266243 1.014689 -0.236992
v -0.227286 1.019954 -0.236244
v -0.255161 1.019854 -0.236827
v -0.266091 1.019760 -0.236669
v -0.227260 1.022549 -0.235631
v -0.255086 1.022387 -0.236285
v -0.265931 1.022211 -0.236231
v -0.271728 1.014792 -0.202086
v -0.271283 1.019954 -0.202014
v -0.270673 1.022549 -0.201946
v -0.270479 1.014736 -0.225030
v -0.270093 1.019854 -0.224917
v -0.269557 1.022387 -0.224805
v -0.269548 1.014689 -0.234161
v -0.269236 1.019760 -0.233988
v -0.268810 1.022211 -0.233797
v 0.228587 0.928385 0.200579
v 0.256494 0.928832 0.201498
v 0.267470 0.929444 0.201834
v 0.227730 0.928832 0.223538
v 0.255595 0.929222 0.224411
v 0.266509 0.929762 0.224698
v 0.227363 0.929444 0.232688
v 0.255184 0.929762 0.233497
v 0.266019 0.930194 0.233700
v 0.271728 0.939208 0.202086
v 0.270479 0.939264 0.225030
v 0.269548 0.939311 0.234161
v 0.271283 0.934046 0.202014
v 0.270093 0.934146 0.224917
v 0.269236 0.934240 0.233988
v 0.270673 0.931451 0.201946
v 0.269557 0.931613 0.224805
v 0.268810 0.931789 0.233797
v 0.227326 0.939208 0.236693
v 0.227286 0.934046 0.236244
v 0.227260 0.931451 0.235631
v 0.255247 0.939264 0.237221
v 0.255161 0.934146 0.236827
v 0.255086 0.931613 0.236285
v 0.266243 0.939311 0.236992
v 0.266091 0.934240 0.236669
v 0.265930 0.931789 0.236231
v 0.228587 1.025615 0.200579
v 0.227730 1.025168 0.223538
v 0.227363 1.024556 0.232688
v 0.256495 1.025168 0.201498
v 0.255595 1.024778 0.224411
v 0.255184 1.024238 0.233497
v 0.267470 1.024556 0.201834
v 0.266509 1.024238 0.224698
v 0.266019 1.023806 0.233700
v 0.227326 1.014792 0.236693
v 0.255247 1.014736 0.237221
v 0.266243 1.014689 0.236992
v 0.227286 1.019954 0.236244
v 0.255161 1.019854 0.236827
v 0.266091 1.019760 0.236669
v 0.227260 1.022549 0.235631
v 0.255086 1.022387 0.236285
v 0.265931 1.022211 0.236231
v 0.271728 1.014792 0.202086
v 0.271283 1.019954 0.202014
v 0.270673 1.022549 0.201946
v 0.270479 1.014736 0.225030
v 0.270093 1.019854 0.224917
v 0.269557 1.022387 0.224805
v 0.269548 1.014689 0.234161
v 0.269236 1.019760 0.233988
v 0.268810 1.022211 0.233797
v 0.242022 0.928385 -0.184145
v 0.242768 0.928832 -0.207107
v 0.243041 0.929444 -0.216261
v 0.269925 0.928832 -0.183115
v 0.270626 0.929222 -0.206035
v 0.270850 0.929762 -0.215128
v 0.280898 0.929444 -0.182685
v 0.281534 0.929762 -0.205560
v 0.281673 0.930194 -0.214574
v 0.243283 0.939208 -0.220259
v 0.271173 0.939264 -0.218838
v 0.282126 0.939311 -0.217842
v 0.243212 0.934046 -0.219814
v 0.271060 0.934146 -0.218451
v 0.281952 0.934240 -0.217531
v 0.243144 0.931451 -0.219204
v 0.270947 0.931613 -0.217915
v 0.281761 0.931789 -0.217105
v 0.285163 0.939208 -0.182639
v 0.284714 0.934046 -0.182598
v 0.284101 0.931451 -0.182573
v 0.285518 0.939264 -0.205615
v 0.285125 0.934146 -0.205529
v 0.284582 0.931613 -0.205454
v 0.285226 0.939311 -0.214788
v 0.284903 0.934240 -0.214637
v 0.284464 0.931789 -0.214476
v 0.242022 1.025615 -0.184145
v 0.269925 1.025168 -0.183115
v 0.280898 1.024556 -0.182685
v 0.242768 1.025168 -0.207107
v 0.270626 1.024778 -0.206035
v 0.281534 1.024238 -0.205560
v 0.243041 1.024556 -0.216261
v 0.270850 1.024238 -0.215128
v 0.281673 1.023806 -0.214574
v 0.285163 1.014792 -0.182639
v 0.285518 1.014736 -0.205615
v 0.285226 1.014689 -0.214788
v 0.284714 1.019954 -0.182598
v 0.285125 1.019854 -0.205529
v 0.284903 1.019760 -0.214637
v 0.284101 1.022549 -0.182573
v 0.284582 1.022387 -0.205454
v 0.284464 1.022211 -0.214476
v 0.243283 1.014792 -0.220259
v 0.243212 1.019954 -0.219814
v 0.243144 1.022549 -0.219204
v 0.271173 1.014736 -0.218838
v 0.271060 1.019854 -0.218451
v 0.270947 1.022387 -0.217915
v 0.282126 1.014689 -0.217842
v 0.281952 1.019760 -0.217531
v 0.281761 1.022211 -0.217105
v -0.232548 0.927900 -0.089469
v -0.235396 0.927839 -0.008220
v -0.238223 0.927900 0.073029
v -0.260507 0.928411 -0.090433
v -0.263361 0.928359 -0.009197
v -0.266180 0.928411 0.072041
v -0.271546 0.929097 -0.090810
v -0.274407 0.929054 -0.009583
v -0.277219 0.929097 0.071646
v -0.274897 0.931253 -0.090927
v -0.277777 0.931228 -0.009700
v -0.280570 0.931253 0.071529
v -0.275582 0.933913 -0.090960
v -0.278471 0.933896 -0.009724
v -0.281256 0.933913 0.071515
v -0.276093 0.939127 -0.090989
v -0.278991 0.939117 -0.009743
v -0.281768 0.939127 0.071508
v -0.243381 0.961327 0.220741
v -0.243394 0.977000 0.220801
v -0.243381 0.992673 0.220741
v -0.271321 0.961338 0.219254
v -0.271340 0.977000 0.219305
v -0.271321 0.992662 0.219253
v -0.282336 0.961348 0.218182
v -0.282362 0.977000 0.218225
v -0.282336 0.992652 0.218182
v -0.285579 0.961348 0.214974
v -0.285623 0.977000 0.214998
v -0.285579 0.992652 0.214974
v -0.285943 0.961338 0.205734
v -0.285996 0.977000 0.205749
v -0.285943 0.992662 0.205733
v -0.285651 0.961327 0.182703
v -0.285711 0.977000 0.182711
v -0.285651 0.992673 0.182703
v -0.238223 1.026100 0.073029
v -0.235396 1.026161 -0.008220
v -0.232548 1.026100 -0.089469
v -0.266180 1.025589 0.072041
v -0.263361 1.025641 -0.009197
v -0.260507 1.025589 -0.090433
v -0.277219 1.024903 0.071646
v -0.274407 1.024946 -0.009583
v -0.271546 1.024903 -0.090810
v -0.280570 1.022747 0.071529
v -0.277777 1.022772 -0.009700
v -0.274897 1.022747 -0.090927
v -0.281256 1.020087 0.071515
v -0.278471 1.020105 -0.009724
v -0.275582 1.020087 -0.090960
v -0.281768 1.014873 0.071508
v -0.278991 1.014883 -0.009743
v -0.276093 1.014873 -0.090989
v -0.227390 0.992673 -0.237181
v -0.227398 0.977000 -0.237241
v -0.227390 0.961327 -0.237181
v -0.255366 0.992662 -0.237646
v -0.255381 0.977000 -0.237699
v -0.255366 0.961338 -0.237646
v -0.266428 0.992652 -0.237346
v -0.266452 0.977000 -0.237390
v -0.266428 0.961348 -0.237346
v -0.269888 0.992652 -0.234372
v -0.269930 0.977000 -0.234398
v -0.269888 0.961348 -0.234372
v -0.270895 0.992662 -0.225179
v -0.270947 0.977000 -0.225198
v -0.270895 0.961338 -0.225179
v -0.272210 0.992673 -0.202183
v -0.272270 0.977000 -0.202196
v -0.272210 0.961327 -0.202183
v 0.106187 0.927900 -0.188970
v 0.006721 0.927839 -0.192453
v -0.092747 0.927900 -0.195916
v 0.106979 0.928411 -0.211983
v 0.007524 0.928359 -0.215473
v -0.091932 0.928411 -0.218929
v 0.107292 0.929097 -0.221200
v 0.007847 0.929054 -0.224698
v -0.091600 0.929097 -0.228146
v 0.107400 0.931253 -0.224291
v 0.007955 0.931228 -0.227807
v -0.091492 0.931253 -0.231237
v 0.107433 0.933913 -0.224977
v 0.007979 0.933896 -0.228502
v -0.091478 0.933913 -0.231923
v 0.107462 0.939127 -0.225487
v 0.007998 0.939117 -0.229021
v -0.091471 0.939127 -0.232434
v -0.092747 1.026100 -0.195916
v 0.006721 1.026161 -0.192453
v 0.106187 1.026100 -0.188970
v -0.091932 1.025589 -0.218929
v 0.007524 1.025641 -0.215473
v 0.106979 1.025589 -0.211983
v -0.091600 1.024903 -0.228146
v 0.007847 1.024946 -0.224698
v 0.107292 1.024903 -0.221200
v -0.091492 1.022747 -0.231237
v 0.007955 1.022772 -0.227807
v 0.107400 1.022747 -0.224291
v -0.091478 1.020087 -0.231923
v 0.007979 1.020105 -0.228502
v 0.107433 1.020087 -0.224977
v -0.091471 1.014873 -0.232434
v 0.007998 1.014883 -0.229021
v 0.107462 1.014873 -0.225487
v 0.285651 0.992673 -0.182703
v 0.285711 0.977000 -0.182711
v 0.285651 0.961327 -0.182703
v 0.285943 0.992662 -0.205734
v 0.285996 0.977000 -0.205749
v 0.285943 0.961338 -0.205734
v 0.285579 0.992652 -0.214974
v 0.285623 0.977000 -0.214998
v 0.285579 0.961348 -0.214974
v 0.282336 0.992652 -0.218183
v 0.282362 0.977000 -0.218225
v 0.282336 0.961348 -0.218183
v 0.271321 0.992662 -0.219253
v 0.271340 0.977000 -0.219305
v 0.271321 0.961338 -0.219254
v 0.243381 0.992673 -0.220741
v 0.243394 0.977000 -0.220801
v 0.243381 0.961327 -0.220741
v 0.232548 0.927900 0.089469
v 0.235396 0.927839 0.008220
v 0.238223 0.927900 -0.073029
v 0.260507 0.928411 0.090433
v 0.263361 0.928359 0.009197
v 0.266180 0.928411 -0.072041
v 0.271546 0.929097 0.090810
v 0.274407 0.929054 0.009583
v 0.277219 0.929097 -0.071646
v 0.274897 0.931253 0.090927
v 0.277777 0.931228 0.009700
v 0.280570 0.931253 -0.071529
v 0.275582 0.933913 0.090960
v 0.278471 0.933896 0.009724
v 0.281256 0.933913 -0.071515
v 0.276093 0.939127 0.090989
v 0.278991 0.939117 0.009743
v 0.281768 0.939127 -0.071508
v 0.238223 1.026100 -0.073029
v 0.235396 1.026161 0.008220
v 0.232548 1.026100 0.089469
v 0.266180 1.025589 -0.072041
v 0.263361 1.025641 0.009197
v 0.260507 1.025589 0.090433
v 0.277219 1.024903 -0.071646
v 0.274407 1.024946 0.009583
v 0.271546 1.024903 0.090810
v 0.280570 1.022747 -0.071529
v 0.277777 1.022772 0.009700
v 0.274897 1.022747 0.090927
v 0.281256 1.020087 -0.071515
v 0.278471 1.020105 0.009724
v 0.275582 1.020087 0.090960
v 0.281768 1.014873 -0.071508
v 0.278991 1.014883 0.009743
v 0.276093 1.014873 0.090989
v 0.227390 0.992673 0.237181
v 0.227398 0.977000 0.237241
v 0.227390 0.961327 0.237181
v 0.255366 0.992662 0.237646
v 0.255381 0.977000 0.237699
v 0.255366 0.961338 0.237646
v 0.266428 0.992652 0.237346
v 0.266452 0.977000 0.237390
v 0.266428 0.961348 0.237346
v 0.269888 0.992652 0.234372
v 0.269930 0.977000 0.234398
v 0.269888 0.961348 0.234372
v 0.270895 0.992662 0.225179
v 0.270947 0.977000 0.225198
v 0.270895 0.961338 0.225179
v 0.272210 0.992673 0.202183
v 0.272270 0.977000 0.202196
v 0.272210 0.961327 0.202183
v -0.106187 0.927900 0.188970
v -0.006721 0.927839 0.192453
v 0.092747 0.927900 0.195916
v -0.106979 0.928411 0.211983
v -0.007524 0.928359 0.215473
v 0.091932 0.928411 0.218929
v -0.107292 0.929097 0.221200
v -0.007847 0.929054 0.224698
v 0.091600 0.929097 0.228146
v -0.107400 0.931253 0.224291
v -0.007955 0.931228 0.227807
v 0.091492 0.931253 0.231237
v -0.107433 0.933913 0.224977
v -0.007979 0.933896 0.228502
v 0.091478 0.933913 0.231923
v -0.107462 0.939127 0.225487
v -0.007998 0.939117 0.229021
v 0.091471 0.939127 0.232434
v 0.092747 1.026100 0.195916
v -0.006721 1.026161 0.192453
v -0.106187 1.026100 0.188970
v 0.091932 1.025589 0.218929
v -0.007524 1.025641 0.215473
v -0.106979 1.025589 0.211983
v 0.091600 1.024903 0.228146
v -0.007847 1.024946 0.224698
v -0.107292 1.024903 0.221200
v 0.091492 1.022747 0.231237
v -0.007955 1.022772 0.227807
v -0.107400 1.022747 0.224291
v 0.091478 1.020087 0.231923
v -0.007979 1.020105 0.228502
v -0.107433 1.020087 0.224977
v 0.091471 1.014873 0.232434
v -0.007998 1.014883 0.229021
v -0.107462 1.014873 0.225487
v -0.096646 0.927335 -0.084740
v 0.002838 0.927265 -0.081268
v 0.102322 0.927335 -0.077792
v -0.099486 0.927265 -0.003474
v 0.000000 0.927193 -0.000000
v 0.099486 0.927265 0.003474
v -0.102322 0.927335 0.077792
v -0.002838 0.927265 0.081268
v 0.096646 0.927335 0.084740
vn -0.0342 -0.0046 0.9994
vn -0.0342 0.0045 0.9994
vn -0.0356 -0.0046 0.9994
vn -0.0356 0.0045 0.9994
vn -0.0325 -0.0159 0.9993
vn -0.0324 -0.0045 0.9995
vn -0.0323 0.0042 0.9995
vn -0.0323 0.0151 0.9994
vn -0.0342 0.0159 0.9993
vn -0.0356 0.0159 0.9992
vn -0.0374 0.0151 0.9992
vn -0.0375 0.0042 0.9993
vn -0.0374 -0.0045 0.9993
vn -0.0373 -0.0159 0.9992
vn -0.0356 -0.0162 0.9992
vn -0.0342 -0.0162 0.9993
vn 0.9994 -0.0046 0.0340
vn 0.9994 0.0045 0.0340
vn 0.9993 -0.0046 0.0358
vn 0.9993 0.0045 0.0358
vn 0.9994 -0.0159 0.0319
vn 0.9995 -0.0045 0.0318
vn 0.9995 0.0042 0.0317
vn 0.9994 0.0151 0.0318
vn 0.9993 0.0159 0.0340
vn 0.9992 0.0159 0.0358
vn 0.9992 0.0151 0.0380
vn 0.9993 0.0042 0.0381
vn 0.9993 -0.0045 0.0380
vn 0.9992 -0.0159 0.0378
vn 0.9992 -0.0162 0.0357
vn 0.9993 -0.0162 0.0341
vn 0.0007 1.0000 -0.0008
vn -0.0007 1.0000 -0.0009
vn 0.0007 1.0000 0.0009
vn -0.0007 1.0000 0.0009
vn 0.0026 1.0000 -0.0029
vn 0.0008 1.0000 -0.0031
vn -0.0006 1.0000 -0.0032
vn -0.0023 1.0000 -0.0032
vn -0.0025 1.0000 -0.0010
vn -0.0026 1.0000 0.0008
vn -0.0025 1.0000 0.0030
vn -0.0008 1.0000 0.0031
vn 0.0006 1.0000 0.0031
vn 0.0024 1.0000 0.0030
vn 0.0026 1.0000 0.0009
vn 0.0026 1.0000 -0.0007
vn -0.9994 -0.0046 -0.0340
vn -0.9994 0.0045 -0.0340
vn -0.9994 -0.0046 -0.0358
vn -0.9993 0.0045 -0.0358
vn -0.9994 -0.0159 -0.0319
vn -0.9995 -0.0045 -0.0318
vn -0.9995 0.0042 -0.0317
vn -0.9994 0.0151 -0.0318
vn -0.9993 0.0159 -0.0340
vn -0.9992 0.0159 -0.0358
vn -0.9992 0.0151 -0.0380
vn -0.9993 0.0042 -0.0381
vn -0.9993 -0.0045 -0.0380
vn -0.9992 -0.0159 -0.0378
vn -0.9992 -0.0162 -0.0357
vn -0.9993 -0.0162 -0.0341
vn 0.0342 -0.0046 -0.9994
vn 0.0342 0.0045 -0.9994
vn 0.0356 -0.0046 -0.9994
vn 0.0356 0.0045 -0.9994
vn 0.0325 -0.0159 -0.9993
vn 0.0324 -0.0045 -0.9995
vn 0.0323 0.0042 -0.9995
vn 0.0323 0.0151 -0.9994
vn 0.0342 0.0159 -0.9993
vn 0.0356 0.0159 -0.9992
vn 0.0374 0.0151 -0.9992
vn 0.0375 0.0042 -0.9993
vn 0.0374 -0.0045 -0.9993
vn 0.0373 -0.0159 -0.9992
vn 0.0356 -0.0162 -0.9992
vn 0.0342 -0.0162 -0.9993
vn -0.0166 -0.9997 0.0165
vn -0.0162 -0.9981 0.0588
vn -0.0562 -0.9983 0.0123
vn -0.0514 -0.9976 0.0471
vn -0.0065 -1.0000 0.0068
vn -0.0064 -0.9998 0.0193
vn -0.0074 -0.9978 0.0665
vn -0.0169 -0.9367 0.3497
vn -0.0242 -0.9440 0.3290
vn -0.0530 -0.9562 0.2879
vn -0.2655 -0.9482 0.1744
vn -0.2977 -0.9541 0.0310
vn -0.3165 -0.9486 0.0021
vn -0.3276 -0.9448 -0.0065
vn -0.0598 -0.9982 0.0031
vn -0.0176 -0.9998 0.0055
vn -0.0490 -0.0865 0.9951
vn -0.0846 -0.0769 0.9934
vn -0.0464 -0.2298 0.9721
vn -0.0765 -0.2097 0.9748
vn -0.0406 -0.0376 0.9985
vn -0.0509 -0.0343 0.9981
vn -0.0906 -0.0302 0.9954
vn -0.3491 -0.0277 0.9367
vn -0.3295 -0.0691 0.9416
vn -0.2921 -0.1860 0.9381
vn -0.2083 -0.5059 0.8371
vn -0.0673 -0.5388 0.8398
vn -0.0409 -0.5534 0.8319
vn -0.0333 -0.5615 0.8268
vn -0.0384 -0.2425 0.9694
vn -0.0398 -0.0935 0.9948
vn -0.9970 -0.0764 -0.0152
vn -0.9778 -0.2089 -0.0166
vn -0.9974 -0.0644 0.0321
vn -0.9837 -0.1778 0.0258
vn -0.9990 -0.0342 -0.0272
vn -0.9959 -0.0864 -0.0277
vn -0.9729 -0.2297 -0.0276
vn -0.8326 -0.5534 -0.0233
vn -0.8425 -0.5384 -0.0139
vn -0.8632 -0.5044 0.0211
vn -0.8914 -0.3764 0.2524
vn -0.9425 -0.1558 0.2956
vn -0.9465 -0.0605 0.3171
vn -0.9440 -0.0248 0.3289
vn -0.9990 -0.0255 0.0366
vn -0.9995 -0.0300 -0.0137
vn -0.0509 0.0763 0.9958
vn -0.0485 0.2089 0.9767
vn -0.0906 0.0641 0.9938
vn -0.0844 0.1771 0.9806
vn -0.0412 0.0342 0.9986
vn -0.0405 0.0864 0.9954
vn -0.0392 0.2297 0.9725
vn -0.0338 0.5534 0.8322
vn -0.0421 0.5384 0.8416
vn -0.0727 0.5041 0.8606
vn -0.2838 0.3703 0.8845
vn -0.3278 0.1530 0.9323
vn -0.3489 0.0595 0.9353
vn -0.3604 0.0244 0.9325
vn -0.0945 0.0254 0.9952
vn -0.0523 0.0299 0.9982
vn -0.0147 0.9997 0.0190
vn -0.0501 0.9986 0.0155
vn -0.0141 0.9977 0.0663
vn -0.0428 0.9974 0.0581
vn -0.0060 1.0000 0.0075
vn -0.0163 0.9998 0.0064
vn -0.0559 0.9984 0.0042
vn -0.3162 0.9487 -0.0054
vn -0.2966 0.9550 0.0050
vn -0.2596 0.9648 0.0423
vn -0.1736 0.9426 0.2854
vn -0.0465 0.9434 0.3285
vn -0.0232 0.9366 0.3495
vn -0.0167 0.9323 0.3614
vn -0.0067 0.9974 0.0713
vn -0.0057 0.9998 0.0210
vn -0.9961 0.0865 -0.0175
vn -0.9967 0.0770 0.0251
vn -0.9730 0.2298 -0.0188
vn -0.9776 0.2099 0.0169
vn -0.9989 0.0376 -0.0279
vn -0.9993 0.0343 -0.0153
vn -0.9990 0.0303 0.0320
vn -0.9479 0.0279 0.3173
vn -0.9524 0.0695 0.2969
vn -0.9479 0.1866 0.2581
vn -0.8451 0.5051 0.1749
vn -0.8423 0.5388 0.0163
vn -0.8328 0.5534 -0.0146
vn -0.8271 0.5615 -0.0235
vn -0.9697 0.2425 -0.0283
vn -0.9952 0.0935 -0.0285
vn -0.0134 -0.9997 -0.0200
vn -0.0489 -0.9986 -0.0189
vn -0.0094 -0.9977 -0.0671
vn -0.0387 -0.9974 -0.0610
vn -0.0055 -1.0000 -0.0079
vn -0.0158 -0.9998 -0.0076
vn -0.0554 -0.9984 -0.0081
vn -0.3158 -0.9487 -0.0167
vn -0.2955 -0.9550 -0.0257
vn -0.2561 -0.9648 -0.0603
vn -0.1533 -0.9426 -0.2968
vn -0.0235 -0.9434 -0.3309
vn 0.0012 -0.9366 -0.3503
vn 0.0085 -0.9323 -0.3617
vn -0.0018 -0.9974 -0.0716
vn -0.0043 -0.9998 -0.0213
vn -0.9949 -0.0865 -0.0521
vn -0.9925 -0.0770 -0.0945
vn -0.9720 -0.2298 -0.0491
vn -0.9740 -0.2099 -0.0850
vn -0.9984 -0.0376 -0.0419
vn -0.9979 -0.0343 -0.0544
vn -0.9944 -0.0303 -0.1016
vn -0.9235 -0.0279 -0.3826
vn -0.9294 -0.0695 -0.3626
vn -0.9276 -0.1866 -0.3236
vn -0.8309 -0.5051 -0.2334
vn -0.8391 -0.5388 -0.0750
vn -0.8318 -0.5534 -0.0435
vn -0.8268 -0.5615 -0.0343
vn -0.9693 -0.2425 -0.0394
vn -0.9948 -0.0935 -0.0410
vn 0.0187 -0.0763 -0.9969
vn 0.0197 -0.2089 -0.9777
vn -0.0210 -0.0641 -0.9977
vn -0.0158 -0.1772 -0.9841
vn 0.0286 -0.0342 -0.9990
vn 0.0290 -0.0864 -0.9958
vn 0.0288 -0.2297 -0.9728
vn 0.0244 -0.5534 -0.8326
vn 0.0167 -0.5384 -0.8425
vn -0.0125 -0.5040 -0.8636
vn -0.2214 -0.3703 -0.9021
vn -0.2620 -0.1531 -0.9529
vn -0.2828 -0.0595 -0.9573
vn -0.2944 -0.0244 -0.9554
vn -0.0248 -0.0254 -0.9994
vn 0.0174 -0.0299 -0.9994
vn -0.0154 0.9997 -0.0176
vn -0.0121 0.9981 -0.0598
vn -0.0552 0.9983 -0.0162
vn -0.0480 0.9976 -0.0506
vn -0.0061 1.0000 -0.0072
vn -0.0051 0.9998 -0.0197
vn -0.0027 0.9978 -0.0669
vn 0.0076 0.9367 -0.3500
vn -0.0012 0.9440 -0.3299
vn -0.0328 0.9562 -0.2909
vn -0.2527 0.9482 -0.1925
vn -0.2948 0.9541 -0.0517
vn -0.3156 0.9486 -0.0242
vn -0.3273 0.9448 -0.0164
vn -0.0595 0.9982 -0.0072
vn -0.0172 0.9998 -0.0067
vn 0.0205 0.0865 -0.9960
vn -0.0151 0.0769 -0.9969
vn 0.0215 0.2298 -0.9730
vn -0.0083 0.2097 -0.9777
vn 0.0291 0.0375 -0.9989
vn 0.0188 0.0343 -0.9992
vn -0.0209 0.0302 -0.9993
vn -0.2829 0.0277 -0.9587
vn -0.2630 0.0691 -0.9623
vn -0.2260 0.1860 -0.9562
vn -0.1494 0.5059 -0.8496
vn -0.0086 0.5388 -0.8424
vn 0.0172 0.5534 -0.8327
vn 0.0245 0.5615 -0.8271
vn 0.0293 0.2425 -0.9697
vn 0.0297 0.0935 -0.9952
vn -0.9956 0.0764 -0.0544
vn -0.9766 0.2089 -0.0517
vn -0.9927 0.0644 -0.1016
vn -0.9795 0.1778 -0.0943
vn -0.9985 0.0342 -0.0426
vn -0.9954 0.0864 -0.0418
vn -0.9724 0.2297 -0.0403
vn -0.8322 0.5534 -0.0348
vn -0.8415 0.5384 -0.0449
vn -0.8596 0.5044 -0.0813
vn -0.8717 0.3764 -0.3140
vn -0.9196 0.1558 -0.3606
vn -0.9220 0.0605 -0.3823
vn -0.9188 0.0248 -0.3940
vn -0.9940 0.0255 -0.1062
vn -0.9980 0.0300 -0.0561
vn 0.0134 -0.9997 0.0200
vn 0.0489 -0.9986 0.0189
vn 0.0094 -0.9977 0.0671
vn 0.0387 -0.9974 0.0610
vn 0.0055 -1.0000 0.0079
vn 0.0158 -0.9998 0.0076
vn 0.0554 -0.9984 0.0081
vn 0.3158 -0.9487 0.0167
vn 0.2955 -0.9550 0.0257
vn 0.2561 -0.9648 0.0603
vn 0.1533 -0.9426 0.2968
vn 0.0235 -0.9434 0.3309
vn -0.0012 -0.9366 0.3503
vn -0.0085 -0.9323 0.3617
vn 0.0018 -0.9974 0.0716
vn 0.0043 -0.9998 0.0213
vn 0.9949 -0.0865 0.0521
vn 0.9925 -0.0770 0.0945
vn 0.9720 -0.2299 0.0491
vn 0.9740 -0.2099 0.0850
vn 0.9984 -0.0376 0.0419
vn 0.9979 -0.0343 0.0544
vn 0.9944 -0.0303 0.1016
vn 0.9235 -0.0279 0.3826
vn 0.9294 -0.0695 0.3626
vn 0.9276 -0.1866 0.3236
vn 0.8309 -0.5051 0.2334
vn 0.8391 -0.5388 0.0750
vn 0.8318 -0.5534 0.0435
vn 0.8267 -0.5615 0.0343
vn 0.9694 -0.2425 0.0394
vn 0.9948 -0.0935 0.0410
vn -0.0187 -0.0763 0.9969
vn -0.0197 -0.2089 0.9777
vn 0.0210 -0.0641 0.9977
vn 0.0158 -0.1772 0.9841
vn -0.0286 -0.0342 0.9990
vn -0.0290 -0.0864 0.9958
vn -0.0288 -0.2297 0.9728
vn -0.0244 -0.5534 0.8326
vn -0.0167 -0.5384 0.8425
vn 0.0125 -0.5040 0.8636
vn 0.2214 -0.3703 0.9021
vn 0.2620 -0.1531 0.9529
vn 0.2828 -0.0595 0.9573
vn 0.2944 -0.0244 0.9554
vn 0.0248 -0.0254 0.9994
vn -0.0174 -0.0299 0.9994
vn 0.0154 0.9997 0.0176
vn 0.0121 0.9981 0.0598
vn 0.0552 0.9983 0.0162
vn 0.0480 0.9976 0.0506
vn 0.0061 1.0000 0.0072
vn 0.0051 0.9998 0.0197
vn 0.0027 0.9978 0.0669
vn -0.0076 0.9367 0.3500
vn 0.0012 0.9440 0.3299
vn 0.0328 0.9562 0.2909
vn 0.2527 0.9482 0.1925
vn 0.2948 0.9541 0.0517
vn 0.3155 0.9486 0.0242
vn 0.3273 0.9448 0.0164
vn 0.0595 0.9982 0.0072
vn 0.0172 0.9998 0.0067
vn -0.0205 0.0865 0.9960
vn 0.0151 0.0769 0.9969
vn -0.0215 0.2298 0.9730
vn 0.0083 0.2097 0.9777
vn -0.0291 0.0375 0.9989
vn -0.0188 0.0343 0.9992
vn 0.0209 0.0302 0.9993
vn 0.2829 0.0277 0.9587
vn 0.2630 0.0691 0.9623
vn 0.2260 0.1860 0.9562
vn 0.1494 0.5059 0.8496
vn 0.0086 0.5388 0.8424
vn -0.0172 0.5534 0.8327
vn -0.0245 0.5615 0.8271
vn -0.0293 0.2425 0.9697
vn -0.0297 0.0935 0.9952
vn 0.9956 0.0764 0.0544
vn 0.9766 0.2089 0.0517
vn 0.9927 0.0644 0.1016
vn 0.9795 0.1778 0.0943
vn 0.9985 0.0342 0.0426
vn 0.9954 0.0864 0.0418
vn 0.9724 0.2297 0.0403
vn 0.8322 0.5534 0.0348
vn 0.8415 0.5384 0.0449
vn 0.8596 0.5044 0.0813
vn 0.8717 0.3764 0.3140
vn 0.9196 0.1558 0.3606
vn 0.9220 0.0605 0.3823
vn 0.9188 0.0248 0.3940
vn 0.9940 0.0255 0.1062
vn 0.9980 0.0300 0.0561
vn 0.0166 -0.9997 -0.0165
vn 0.0162 -0.9981 -0.0588
vn 0.0562 -0.9983 -0.0123
vn 0.0514 -0.9976 -0.0471
vn 0.0065 -1.0000 -0.0068
vn 0.0064 -0.9998 -0.0193
vn 0.0074 -0.9978 -0.0665
vn 0.0169 -0.9367 -0.3497
vn 0.0242 -0.9440 -0.3290
vn 0.0530 -0.9562 -0.2879
vn 0.2655 -0.9482 -0.1744
vn 0.2977 -0.9541 -0.0310
vn 0.3165 -0.9486 -0.0021
vn 0.3276 -0.9448 0.0065
vn 0.0598 -0.9982 -0.0031
vn 0.0176 -0.9998 -0.0055
vn 0.0490 -0.0865 -0.9951
vn 0.0846 -0.0769 -0.9934
vn 0.0464 -0.2298 -0.9721
vn 0.0765 -0.2097 -0.9748
vn 0.0406 -0.0376 -0.9985
vn 0.0509 -0.0343 -0.9981
vn 0.0906 -0.0302 -0.9954
vn 0.3491 -0.0277 -0.9367
vn 0.3295 -0.0691 -0.9416
vn 0.2921 -0.1860 -0.9381
vn 0.2083 -0.5059 -0.8371
vn 0.0673 -0.5388 -0.8398
vn 0.0409 -0.5534 -0.8319
vn 0.0333 -0.5615 -0.8268
vn 0.0384 -0.2425 -0.9694
vn 0.0398 -0.0935 -0.9948
vn 0.9970 -0.0764 0.0152
vn 0.9778 -0.2089 0.0166
vn 0.9974 -0.0644 -0.0321
vn 0.9837 -0.1778 -0.0258
vn 0.9990 -0.0342 0.0272
vn 0.9959 -0.0864 0.0277
vn 0.9729 -0.2297 0.0276
vn 0.8326 -0.5534 0.0233
vn 0.8425 -0.5384 0.0139
vn 0.8632 -0.5044 -0.0211
vn 0.8914 -0.3764 -0.2524
vn 0.9425 -0.1558 -0.2956
vn 0.9465 -0.0605 -0.3171
vn 0.9440 -0.0248 -0.3290
vn 0.9990 -0.0255 -0.0366
vn 0.9995 -0.0300 0.0137
vn 0.0147 0.9997 -0.0190
vn 0.0501 0.9986 -0.0155
vn 0.0141 0.9977 -0.0663
vn 0.0428 0.9974 -0.0581
vn 0.0060 1.0000 -0.0075
vn 0.0163 0.9998 -0.0064
vn 0.0559 0.9984 -0.0042
vn 0.3162 0.9487 0.0054
vn 0.2966 0.9550 -0.0050
vn 0.2596 0.9648 -0.0423
vn 0.1736 0.9426 -0.2854
vn 0.0465 0.9434 -0.3285
vn 0.0232 0.9366 -0.3495
vn 0.0167 0.9323 -0.3614
vn 0.0067 0.9974 -0.0713
vn 0.0057 0.9998 -0.0210
vn 0.9961 0.0865 0.0175
vn 0.9967 0.0770 -0.0251
vn 0.9730 0.2299 0.0188
vn 0.9776 0.2099 -0.0169
vn 0.9989 0.0376 0.0279
vn 0.9993 0.0343 0.0154
vn 0.9990 0.0303 -0.0320
vn 0.9479 0.0279 -0.3173
vn 0.9524 0.0695 -0.2969
vn 0.9479 0.1866 -0.2581
vn 0.8451 0.5051 -0.1749
vn 0.8423 0.5388 -0.0163
vn 0.8328 0.5534 0.0146
vn 0.8271 0.5615 0.0235
vn 0.9697 0.2425 0.0283
vn 0.9952 0.0935 0.0285
vn 0.0509 0.0763 -0.9958
vn 0.0485 0.2089 -0.9767
vn 0.0906 0.0641 -0.9938
vn 0.0844 0.1772 -0.9806
vn 0.0412 0.0342 -0.9986
vn 0.0405 0.0864 -0.9954
vn 0.0392 0.2297 -0.9725
vn 0.0338 0.5534 -0.8322
vn 0.0421 0.5384 -0.8416
vn 0.0727 0.5040 -0.8606
vn 0.2838 0.3703 -0.8845
vn 0.3278 0.1531 -0.9323
vn 0.3489 0.0595 -0.9353
vn 0.3604 0.0244 -0.9325
vn 0.0945 0.0254 -0.9952
vn 0.0523 0.0299 -0.9982
vn -0.0182 -0.9998 -0.0014
vn -0.0186 -0.9998 -0.0000
vn -0.0619 -0.9981 -0.0028
vn -0.0627 -0.9980 -0.0016
vn -0.0062 -1.0000 -0.0032
vn -0.0066 -1.0000 -0.0010
vn -0.0068 -1.0000 0.0005
vn -0.0067 -1.0000 0.0024
vn -0.0184 -0.9998 0.0017
vn -0.0620 -0.9981 -0.0002
vn -0.3338 -0.9426 -0.0097
vn -0.3358 -0.9419 -0.0112
vn -0.3337 -0.9426 -0.0123
vn -0.3273 -0.9448 -0.0136
vn -0.0596 -0.9982 -0.0044
vn -0.0173 -0.9998 -0.0033
vn -0.9677 -0.2497 -0.0345
vn -0.9671 -0.2521 -0.0332
vn -0.9946 -0.0976 -0.0355
vn -0.9945 -0.0990 -0.0341
vn -0.8269 -0.5615 -0.0311
vn -0.8240 -0.5658 -0.0294
vn -0.8231 -0.5672 -0.0282
vn -0.8241 -0.5658 -0.0267
vn -0.9678 -0.2497 -0.0317
vn -0.9947 -0.0976 -0.0324
vn -0.9987 -0.0396 -0.0322
vn -0.9986 -0.0402 -0.0341
vn -0.9986 -0.0396 -0.0357
vn -0.9986 -0.0375 -0.0378
vn -0.9949 -0.0934 -0.0374
vn -0.9695 -0.2425 -0.0363
vn -0.0532 -0.0039 0.9986
vn -0.0534 0.0033 0.9986
vn -0.0968 -0.0034 0.9953
vn -0.0975 0.0028 0.9952
vn -0.0412 -0.0151 0.9990
vn -0.0415 -0.0042 0.9991
vn -0.0417 0.0038 0.9991
vn -0.0415 0.0137 0.9990
vn -0.0532 0.0119 0.9985
vn -0.0968 0.0101 0.9953
vn -0.3666 0.0098 0.9303
vn -0.3687 0.0028 0.9295
vn -0.3666 -0.0031 0.9304
vn -0.3604 -0.0111 0.9327
vn -0.0945 -0.0121 0.9955
vn -0.0523 -0.0137 0.9985
vn -0.9992 -0.0034 0.0393
vn -0.9992 0.0029 0.0402
vn -0.9999 -0.0039 -0.0127
vn -0.9999 0.0034 -0.0124
vn -0.9443 -0.0112 0.3290
vn -0.9421 -0.0031 0.3354
vn -0.9413 0.0028 0.3376
vn -0.9420 0.0100 0.3354
vn -0.9992 0.0102 0.0393
vn -0.9998 0.0119 -0.0127
vn -0.9995 0.0137 -0.0268
vn -0.9996 0.0038 -0.0266
vn -0.9996 -0.0042 -0.0268
vn -0.9995 -0.0151 -0.0272
vn -0.9998 -0.0137 -0.0137
vn -0.9993 -0.0121 0.0366
vn -0.0183 0.9998 0.0001
vn -0.0185 0.9998 -0.0013
vn -0.0620 0.9981 -0.0015
vn -0.0627 0.9980 -0.0027
vn -0.0064 1.0000 0.0027
vn -0.0067 1.0000 0.0006
vn -0.0067 1.0000 -0.0010
vn -0.0066 1.0000 -0.0029
vn -0.0182 0.9998 -0.0030
vn -0.0619 0.9981 -0.0041
vn -0.3337 0.9426 -0.0136
vn -0.3358 0.9419 -0.0123
vn -0.3338 0.9426 -0.0111
vn -0.3275 0.9448 -0.0093
vn -0.0597 0.9982 0.0003
vn -0.0175 0.9998 0.0021
vn -0.9678 0.2497 -0.0331
vn -0.9671 0.2521 -0.0344
vn -0.9946 0.0976 -0.0340
vn -0.9945 0.0990 -0.0354
vn -0.8271 0.5615 -0.0267
vn -0.8240 0.5658 -0.0282
vn -0.8230 0.5672 -0.0293
vn -0.8239 0.5658 -0.0309
vn -0.9677 0.2497 -0.0359
vn -0.9945 0.0976 -0.0371
vn -0.9985 0.0396 -0.0376
vn -0.9986 0.0402 -0.0356
vn -0.9986 0.0396 -0.0341
vn -0.9988 0.0375 -0.0319
vn -0.9951 0.0934 -0.0320
vn -0.9696 0.2425 -0.0314
vn 0.0166 0.0039 -0.9999
vn 0.0163 -0.0033 -0.9999
vn -0.0271 0.0034 -0.9996
vn -0.0279 -0.0029 -0.9996
vn 0.0286 0.0151 -0.9995
vn 0.0283 0.0042 -0.9996
vn 0.0281 -0.0038 -0.9996
vn 0.0283 -0.0137 -0.9995
vn 0.0166 -0.0119 -0.9998
vn -0.0271 -0.0101 -0.9996
vn -0.3008 -0.0098 -0.9536
vn -0.3029 -0.0028 -0.9530
vn -0.3008 0.0031 -0.9537
vn -0.2945 0.0111 -0.9556
vn -0.0248 0.0121 -0.9996
vn 0.0175 0.0137 -0.9998
vn -0.9940 0.0034 -0.1089
vn -0.9939 -0.0029 -0.1098
vn -0.9984 0.0039 -0.0571
vn -0.9983 -0.0034 -0.0574
vn -0.9190 0.0112 -0.3941
vn -0.9164 0.0031 -0.4003
vn -0.9155 -0.0028 -0.4024
vn -0.9163 -0.0100 -0.4003
vn -0.9940 -0.0102 -0.1089
vn -0.9983 -0.0119 -0.0571
vn -0.9990 -0.0137 -0.0430
vn -0.9991 -0.0038 -0.0432
vn -0.9991 0.0042 -0.0430
vn -0.9990 0.0151 -0.0426
vn -0.9983 0.0137 -0.0561
vn -0.9943 0.0121 -0.1062
vn 0.0014 -0.9998 -0.0222
vn 0.0003 -0.9997 -0.0226
vn 0.0031 -0.9972 -0.0741
vn 0.0022 -0.9972 -0.0751
vn 0.0027 -1.0000 -0.0076
vn 0.0010 -1.0000 -0.0081
vn -0.0003 -1.0000 -0.0083
vn -0.0019 -1.0000 -0.0082
vn -0.0011 -0.9998 -0.0223
vn 0.0010 -0.9972 -0.0742
vn 0.0113 -0.9298 -0.3679
vn 0.0125 -0.9289 -0.3700
vn 0.0133 -0.9298 -0.3679
vn 0.0144 -0.9323 -0.3614
vn 0.0044 -0.9974 -0.0713
vn 0.0029 -0.9998 -0.0211
vn 0.0343 -0.2497 -0.9677
vn 0.0333 -0.2521 -0.9671
vn 0.0353 -0.0976 -0.9946
vn 0.0342 -0.0990 -0.9945
vn 0.0307 -0.5615 -0.8269
vn 0.0293 -0.5659 -0.8240
vn 0.0283 -0.5673 -0.8231
vn 0.0271 -0.5658 -0.8241
vn 0.0321 -0.2497 -0.9678
vn 0.0328 -0.0976 -0.9947
vn 0.0327 -0.0396 -0.9987
vn 0.0343 -0.0402 -0.9986
vn 0.0355 -0.0396 -0.9986
vn 0.0373 -0.0375 -0.9986
vn 0.0370 -0.0934 -0.9949
vn 0.0358 -0.2425 -0.9695
vn 0.0002 0.9998 -0.0222
vn 0.0013 0.9997 -0.0225
vn 0.0021 0.9972 -0.0741
vn 0.0031 0.9972 -0.0750
vn -0.0021 1.0000 -0.0078
vn -0.0004 1.0000 -0.0081
vn 0.0009 1.0000 -0.0082
vn 0.0025 1.0000 -0.0080
vn 0.0027 0.9998 -0.0221
vn 0.0042 0.9972 -0.0741
vn 0.0144 0.9298 -0.3678
vn 0.0134 0.9289 -0.3700
vn 0.0124 0.9298 -0.3679
vn 0.0108 0.9323 -0.3616
vn 0.0006 0.9974 -0.0715
vn -0.0015 0.9998 -0.0212
vn 0.0332 0.2497 -0.9677
vn 0.0343 0.2521 -0.9671
vn 0.0341 0.0976 -0.9946
vn 0.0353 0.0990 -0.9945
vn 0.0271 0.5615 -0.8270
vn 0.0283 0.5659 -0.8240
vn 0.0292 0.5673 -0.8230
vn 0.0305 0.5658 -0.8240
vn 0.0355 0.2497 -0.9677
vn 0.0367 0.0976 -0.9945
vn 0.0371 0.0396 -0.9985
vn 0.0355 0.0402 -0.9986
vn 0.0342 0.0396 -0.9986
vn 0.0325 0.0375 -0.9988
vn 0.0325 0.0934 -0.9951
vn 0.0319 0.2425 -0.9696
vn 0.9999 0.0039 0.0127
vn 0.9999 -0.0034 0.0124
vn 0.9992 0.0034 -0.0393
vn 0.9992 -0.0029 -0.0402
vn 0.9995 0.0151 0.0272
vn 0.9996 0.0042 0.0268
vn 0.9996 -0.0038 0.0266
vn 0.9995 -0.0137 0.0268
vn 0.9998 -0.0119 0.0127
vn 0.9992 -0.0102 -0.0393
vn 0.9420 -0.0100 -0.3354
vn 0.9413 -0.0028 -0.3376
vn 0.9421 0.0032 -0.3354
vn 0.9443 0.0112 -0.3290
vn 0.9993 0.0121 -0.0366
vn 0.9998 0.0137 0.0137
vn 0.0968 0.0034 -0.9953
vn 0.0975 -0.0028 -0.9952
vn 0.0532 0.0039 -0.9986
vn 0.0534 -0.0033 -0.9986
vn 0.3604 0.0111 -0.9327
vn 0.3666 0.0031 -0.9304
vn 0.3687 -0.0028 -0.9295
vn 0.3667 -0.0098 -0.9303
vn 0.0968 -0.0101 -0.9953
vn 0.0532 -0.0119 -0.9985
vn 0.0415 -0.0137 -0.9990
vn 0.0417 -0.0038 -0.9991
vn 0.0415 0.0042 -0.9991
vn 0.0412 0.0151 -0.9990
vn 0.0523 0.0137 -0.9985
vn 0.0945 0.0121 -0.9955
vn 0.0182 -0.9998 0.0014
vn 0.0186 -0.9998 -0.0000
vn 0.0619 -0.9981 0.0028
vn 0.0627 -0.9980 0.0016
vn 0.0062 -1.0000 0.0032
vn 0.0066 -1.0000 0.0010
vn 0.0068 -1.0000 -0.0005
vn 0.0067 -1.0000 -0.0024
vn 0.0184 -0.9998 -0.0017
vn 0.0620 -0.9981 0.0002
vn 0.3338 -0.9426 0.0097
vn 0.3358 -0.9419 0.0112
vn 0.3337 -0.9426 0.0123
vn 0.3273 -0.9448 0.0136
vn 0.0596 -0.9982 0.0044
vn 0.0173 -0.9998 0.0033
vn 0.9677 -0.2497 0.0345
vn 0.9671 -0.2521 0.0332
vn 0.9946 -0.0976 0.0355
vn 0.9945 -0.0990 0.0341
vn 0.8269 -0.5615 0.0311
vn 0.8240 -0.5659 0.0294
vn 0.8231 -0.5673 0.0282
vn 0.8241 -0.5659 0.0267
vn 0.9678 -0.2497 0.0317
vn 0.9947 -0.0976 0.0324
vn 0.9987 -0.0396 0.0322
vn 0.9986 -0.0402 0.0341
vn 0.9986 -0.0396 0.0357
vn 0.9986 -0.0375 0.0378
vn 0.9949 -0.0934 0.0374
vn 0.9695 -0.2425 0.0363
vn 0.0183 0.9998 -0.0001
vn 0.0185 0.9998 0.0013
vn 0.0620 0.9981 0.0015
vn 0.0627 0.9980 0.0027
vn 0.0064 1.0000 -0.0027
vn 0.0067 1.0000 -0.0006
vn 0.0067 1.0000 0.0010
vn 0.0066 1.0000 0.0029
vn 0.0182 0.9998 0.0030
vn 0.0619 0.9981 0.0041
vn 0.3337 0.9426 0.0136
vn 0.3358 0.9419 0.0123
vn 0.3338 0.9426 0.0111
vn 0.3275 0.9448 0.0093
vn 0.0597 0.9982 -0.0003
vn 0.0175 0.9998 -0.0021
vn 0.9678 0.2497 0.0331
vn 0.9671 0.2521 0.0344
vn 0.9946 0.0976 0.0340
vn 0.9945 0.0990 0.0354
vn 0.8270 0.5615 0.0267
vn 0.8240 0.5659 0.0282
vn 0.8230 0.5673 0.0293
vn 0.8239 0.5659 0.0309
vn 0.9677 0.2497 0.0359
vn 0.9945 0.0976 0.0371
vn 0.9985 0.0396 0.0376
vn 0.9986 0.0402 0.0356
vn 0.9986 0.0396 0.0341
vn 0.9988 0.0375 0.0319
vn 0.9951 0.0934 0.0320
vn 0.9696 0.2425 0.0314
vn -0.0166 0.0038 0.9999
vn -0.0163 -0.0033 0.9999
vn 0.0271 0.0034 0.9996
vn 0.0279 -0.0028 0.9996
vn -0.0286 0.0151 0.9995
vn -0.0283 0.0042 0.9996
vn -0.0281 -0.0038 0.9996
vn -0.0283 -0.0137 0.9995
vn -0.0166 -0.0119 0.9998
vn 0.0271 -0.0101 0.9996
vn 0.3008 -0.0098 0.9536
vn 0.3029 -0.0028 0.9530
vn 0.3009 0.0031 0.9537
vn 0.2945 0.0111 0.9556
vn 0.0248 0.0121 0.9996
vn -0.0175 0.0137 0.9998
vn 0.9940 0.0034 0.1089
vn 0.9939 -0.0029 0.1098
vn 0.9984 0.0039 0.0571
vn 0.9983 -0.0034 0.0574
vn 0.9190 0.0112 0.3941
vn 0.9164 0.0031 0.4004
vn 0.9155 -0.0028 0.4024
vn 0.9163 -0.0100 0.4004
vn 0.9940 -0.0102 0.1089
vn 0.9983 -0.0119 0.0571
vn 0.9990 -0.0137 0.0430
vn 0.9991 -0.0038 0.0432
vn 0.9991 0.0042 0.0430
vn 0.9990 0.0151 0.0426
vn 0.9983 0.0137 0.0561
vn 0.9943 0.0121 0.1062
vn -0.0014 -0.9998 0.0222
vn -0.0003 -0.9997 0.0226
vn -0.0031 -0.9972 0.0741
vn -0.0022 -0.9972 0.0751
vn -0.0027 -1.0000 0.0076
vn -0.0010 -1.0000 0.0081
vn 0.0003 -1.0000 0.0083
vn 0.0019 -1.0000 0.0082
vn 0.0011 -0.9998 0.0223
vn -0.0010 -0.9972 0.0742
vn -0.0113 -0.9298 0.3679
vn -0.0125 -0.9289 0.3700
vn -0.0133 -0.9298 0.3679
vn -0.0144 -0.9323 0.3614
vn -0.0044 -0.9974 0.0713
vn -0.0029 -0.9998 0.0211
vn -0.0343 -0.2497 0.9677
vn -0.0333 -0.2521 0.9671
vn -0.0353 -0.0976 0.9946
vn -0.0342 -0.0990 0.9945
vn -0.0307 -0.5615 0.8269
vn -0.0293 -0.5659 0.8240
vn -0.0283 -0.5673 0.8231
vn -0.0271 -0.5658 0.8241
vn -0.0321 -0.2497 0.9678
vn -0.0328 -0.0976 0.9947
vn -0.0327 -0.0396 0.9987
vn -0.0343 -0.0402 0.9986
vn -0.0355 -0.0396 0.9986
vn -0.0373 -0.0375 0.9986
vn -0.0370 -0.0934 0.9949
vn -0.0358 -0.2425 0.9695
vn -0.0002 0.9998 0.0222
vn -0.0013 0.9997 0.0225
vn -0.0021 0.9972 0.0741
vn -0.0031 0.9972 0.0750
vn 0.0021 1.0000 0.0078
vn 0.0004 1.0000 0.0081
vn -0.0009 1.0000 0.0082
vn -0.0025 1.0000 0.0080
vn -0.0027 0.9998 0.0221
vn -0.0042 0.9972 0.0741
vn -0.0144 0.9298 0.3678
vn -0.0134 0.9289 0.3700
vn -0.0124 0.9298 0.3679
vn -0.0108 0.9323 0.3616
vn -0.0006 0.9974 0.0715
vn 0.0015 0.9998 0.0212
vn -0.0332 0.2497 0.9677
vn -0.0343 0.2521 0.9671
vn -0.0341 0.0976 0.9946
vn -0.0353 0.0990 0.9945
vn -0.0271 0.5615 0.8270
vn -0.0283 0.5659 0.8240
vn -0.0292 0.5673 0.8230
vn -0.0305 0.5658 0.8240
vn -0.0355 0.2497 0.9677
vn -0.0367 0.0976 0.9945
vn -0.0371 0.0396 0.9985
vn -0.0355 0.0402 0.9986
vn -0.0342 0.0396 0.9986
vn -0.0325 0.0375 0.9988
vn -0.0325 0.0934 0.9951
vn -0.0319 0.2425 0.9696
vn -0.0007 -1.0000 -0.0009
vn 0.0007 -1.0000 -0.0009
vn -0.0007 -1.0000 0.0008
vn 0.0007 -1.0000 0.0009
vn -0.0024 -1.0000 -0.0030
vn -0.0006 -1.0000 -0.0031
vn 0.0008 -1.0000 -0.0031
vn 0.0025 -1.0000 -0.0030
vn 0.0026 -1.0000 -0.0008
vn 0.0025 -1.0000 0.0010
vn 0.0023 -1.0000 0.0032
vn 0.0006 -1.0000 0.0032
vn -0.0008 -1.0000 0.0031
vn -0.0026 -1.0000 0.0029
vn -0.0026 -1.0000 0.0007
vn -0.0026 -1.0000 -0.0009
vn -0.0342 -0.0045 0.9994
vn -0.0342 0.0046 0.9994
vn -0.0356 -0.0045 0.9994
vn -0.0356 0.0046 0.9994
vn -0.0323 -0.0151 0.9994
vn -0.0323 -0.0042 0.9995
vn -0.0324 0.0045 0.9995
vn -0.0325 0.0159 0.9993
vn -0.0342 0.0162 0.9993
vn -0.0356 0.0162 0.9992
vn -0.0373 0.0159 0.9992
vn -0.0374 0.0045 0.9993
vn -0.0375 -0.0042 0.9993
vn -0.0374 -0.0151 0.9992
vn -0.0356 -0.0159 0.9992
vn -0.0342 -0.0159 0.9993
vn 0.9994 -0.0045 0.0340
vn 0.9994 0.0046 0.0340
vn 0.9993 -0.0045 0.0358
vn 0.9993 0.0046 0.0358
vn 0.9994 -0.0151 0.0318
vn 0.9995 -0.0042 0.0317
vn 0.9995 0.0045 0.0318
vn 0.9994 0.0159 0.0319
vn 0.9993 0.0162 0.0341
vn 0.9992 0.0162 0.0357
vn 0.9992 0.0159 0.0378
vn 0.9993 0.0045 0.0380
vn 0.9993 -0.0042 0.0381
vn 0.9992 -0.0151 0.0380
vn 0.9992 -0.0159 0.0358
vn 0.9993 -0.0159 0.0340
vn 0.0007 1.0000 -0.0009
vn -0.0007 1.0000 0.0008
vn 0.0025 1.0000 -0.0030
vn -0.0006 1.0000 -0.0031
vn -0.0024 1.0000 -0.0030
vn -0.0026 1.0000 -0.0009
vn -0.0026 1.0000 0.0007
vn -0.0026 1.0000 0.0029
vn 0.0006 1.0000 0.0032
vn 0.0023 1.0000 0.0032
vn 0.0025 1.0000 0.0010
vn 0.0026 1.0000 -0.0008
vn -0.9994 -0.0045 -0.0340
vn -0.9994 0.0046 -0.0340
vn -0.9993 -0.0045 -0.0358
vn -0.9994 0.0046 -0.0358
vn -0.9994 -0.0151 -0.0318
vn -0.9995 -0.0042 -0.0317
vn -0.9995 0.0045 -0.0318
vn -0.9994 0.0159 -0.0319
vn -0.9993 0.0162 -0.0341
vn -0.9992 0.0162 -0.0357
vn -0.9992 0.0159 -0.0378
vn -0.9993 0.0045 -0.0380
vn -0.9993 -0.0042 -0.0381
vn -0.9992 -0.0151 -0.0380
vn -0.9992 -0.0159 -0.0358
vn -0.9993 -0.0159 -0.0340
vn 0.0342 -0.0045 -0.9994
vn 0.0342 0.0046 -0.9994
vn 0.0356 -0.0045 -0.9994
vn 0.0356 0.0046 -0.9994
vn 0.0323 -0.0151 -0.9994
vn 0.0323 -0.0042 -0.9995
vn 0.0324 0.0045 -0.9995
vn 0.0325 0.0159 -0.9993
vn 0.0342 0.0162 -0.9993
vn 0.0356 0.0162 -0.9992
vn 0.0373 0.0159 -0.9992
vn 0.0374 0.0045 -0.9993
vn 0.0375 -0.0042 -0.9993
vn 0.0374 -0.0151 -0.9992
vn 0.0356 -0.0159 -0.9992
vn 0.0342 -0.0159 -0.9993
vn -0.0147 -0.9997 0.0190
vn -0.0141 -0.9977 0.0663
vn -0.0501 -0.9986 0.0155
vn -0.0428 -0.9974 0.0581
vn -0.0060 -1.0000 0.0075
vn -0.0057 -0.9998 0.0210
vn -0.0067 -0.9974 0.0713
vn -0.0167 -0.9323 0.3614
vn -0.0232 -0.9366 0.3495
vn -0.0465 -0.9434 0.3285
vn -0.1736 -0.9426 0.2854
vn -0.2596 -0.9648 0.0423
vn -0.2966 -0.9550 0.0050
vn -0.3162 -0.9487 -0.0054
vn -0.0559 -0.9984 0.0042
vn -0.0163 -0.9998 0.0064
vn -0.0509 -0.0763 0.9958
vn -0.0906 -0.0641 0.9938
vn -0.0485 -0.2089 0.9767
vn -0.0844 -0.1771 0.9806
vn -0.0412 -0.0342 0.9986
vn -0.0523 -0.0299 0.9982
vn -0.0945 -0.0254 0.9952
vn -0.3604 -0.0244 0.9325
vn -0.3489 -0.0595 0.9353
vn -0.3278 -0.1531 0.9323
vn -0.2838 -0.3703 0.8845
vn -0.0727 -0.5041 0.8606
vn -0.0421 -0.5384 0.8416
vn -0.0338 -0.5534 0.8322
vn -0.0392 -0.2297 0.9725
vn -0.0405 -0.0864 0.9954
vn -0.9961 -0.0865 -0.0175
vn -0.9731 -0.2298 -0.0188
vn -0.9967 -0.0770 0.0251
vn -0.9776 -0.2099 0.0169
vn -0.9989 -0.0376 -0.0279
vn -0.9952 -0.0935 -0.0285
vn -0.9697 -0.2425 -0.0283
vn -0.8271 -0.5615 -0.0235
vn -0.8328 -0.5534 -0.0147
vn -0.8423 -0.5388 0.0163
vn -0.8451 -0.5051 0.1750
vn -0.9479 -0.1866 0.2582
vn -0.9524 -0.0695 0.2969
vn -0.9479 -0.0279 0.3173
vn -0.9990 -0.0303 0.0320
vn -0.9993 -0.0343 -0.0154
vn -0.0490 0.0865 0.9950
vn -0.0464 0.2298 0.9721
vn -0.0846 0.0769 0.9934
vn -0.0765 0.2097 0.9748
vn -0.0406 0.0376 0.9985
vn -0.0398 0.0935 0.9948
vn -0.0384 0.2425 0.9694
vn -0.0333 0.5615 0.8268
vn -0.0409 0.5535 0.8319
vn -0.0673 0.5387 0.8398
vn -0.2083 0.5059 0.8371
vn -0.2921 0.1860 0.9381
vn -0.3295 0.0691 0.9416
vn -0.3491 0.0277 0.9367
vn -0.0906 0.0302 0.9954
vn -0.0509 0.0343 0.9981
vn -0.0166 0.9997 0.0165
vn -0.0562 0.9983 0.0123
vn -0.0162 0.9981 0.0588
vn -0.0514 0.9976 0.0471
vn -0.0065 1.0000 0.0068
vn -0.0176 0.9998 0.0055
vn -0.0598 0.9982 0.0031
vn -0.3276 0.9448 -0.0065
vn -0.3165 0.9486 0.0021
vn -0.2977 0.9541 0.0310
vn -0.2655 0.9482 0.1744
vn -0.0530 0.9562 0.2879
vn -0.0242 0.9440 0.3290
vn -0.0169 0.9367 0.3497
vn -0.0074 0.9978 0.0665
vn -0.0064 0.9998 0.0193
vn -0.9970 0.0764 -0.0152
vn -0.9974 0.0644 0.0321
vn -0.9778 0.2089 -0.0166
vn -0.9837 0.1778 0.0258
vn -0.9990 0.0342 -0.0272
vn -0.9995 0.0300 -0.0137
vn -0.9990 0.0255 0.0366
vn -0.9440 0.0248 0.3290
vn -0.9465 0.0605 0.3171
vn -0.9425 0.1557 0.2956
vn -0.8914 0.3764 0.2524
vn -0.8632 0.5045 0.0211
vn -0.8425 0.5385 -0.0139
vn -0.8326 0.5534 -0.0233
vn -0.9729 0.2297 -0.0276
vn -0.9959 0.0864 -0.0277
vn -0.0154 -0.9997 -0.0176
vn -0.0552 -0.9983 -0.0162
vn -0.0121 -0.9981 -0.0598
vn -0.0480 -0.9976 -0.0506
vn -0.0061 -1.0000 -0.0072
vn -0.0172 -0.9998 -0.0067
vn -0.0595 -0.9982 -0.0072
vn -0.3272 -0.9448 -0.0164
vn -0.3156 -0.9486 -0.0242
vn -0.2948 -0.9541 -0.0517
vn -0.2527 -0.9482 -0.1925
vn -0.0328 -0.9562 -0.2909
vn -0.0012 -0.9440 -0.3299
vn 0.0076 -0.9367 -0.3500
vn -0.0027 -0.9978 -0.0669
vn -0.0051 -0.9998 -0.0197
vn -0.9956 -0.0764 -0.0544
vn -0.9927 -0.0644 -0.1016
vn -0.9766 -0.2089 -0.0517
vn -0.9795 -0.1778 -0.0943
vn -0.9985 -0.0342 -0.0426
vn -0.9980 -0.0300 -0.0561
vn -0.9940 -0.0255 -0.1062
vn -0.9188 -0.0248 -0.3940
vn -0.9220 -0.0605 -0.3823
vn -0.9196 -0.1558 -0.3606
vn -0.8717 -0.3763 -0.3140
vn -0.8596 -0.5045 -0.0813
vn -0.8415 -0.5385 -0.0449
vn -0.8322 -0.5534 -0.0348
vn -0.9724 -0.2297 -0.0403
vn -0.9954 -0.0864 -0.0418
vn 0.0205 -0.0865 -0.9960
vn 0.0215 -0.2298 -0.9730
vn -0.0151 -0.0769 -0.9969
vn -0.0083 -0.2097 -0.9777
vn 0.0291 -0.0375 -0.9989
vn 0.0297 -0.0935 -0.9952
vn 0.0293 -0.2425 -0.9697
vn 0.0245 -0.5615 -0.8271
vn 0.0172 -0.5534 -0.8327
vn -0.0086 -0.5388 -0.8424
vn -0.1494 -0.5059 -0.8496
vn -0.2260 -0.1860 -0.9562
vn -0.2630 -0.0691 -0.9623
vn -0.2829 -0.0277 -0.9587
vn -0.0209 -0.0302 -0.9993
vn 0.0188 -0.0343 -0.9992
vn -0.0134 0.9997 -0.0200
vn -0.0094 0.9977 -0.0671
vn -0.0489 0.9986 -0.0189
vn -0.0387 0.9974 -0.0610
vn -0.0055 1.0000 -0.0079
vn -0.0043 0.9998 -0.0213
vn -0.0018 0.9974 -0.0716
vn 0.0085 0.9323 -0.3617
vn 0.0012 0.9366 -0.3503
vn -0.0235 0.9434 -0.3309
vn -0.1533 0.9426 -0.2968
vn -0.2561 0.9648 -0.0603
vn -0.2955 0.9550 -0.0257
vn -0.3158 0.9487 -0.0167
vn -0.0554 0.9984 -0.0081
vn -0.0158 0.9998 -0.0076
vn 0.0187 0.0763 -0.9969
vn -0.0210 0.0641 -0.9977
vn 0.0197 0.2089 -0.9777
vn -0.0158 0.1771 -0.9841
vn 0.0286 0.0342 -0.9990
vn 0.0174 0.0299 -0.9994
vn -0.0248 0.0254 -0.9994
vn -0.2944 0.0244 -0.9554
vn -0.2828 0.0595 -0.9573
vn -0.2620 0.1531 -0.9529
vn -0.2214 0.3703 -0.9021
vn -0.0125 0.5041 -0.8636
vn 0.0167 0.5384 -0.8425
vn 0.0244 0.5534 -0.8326
vn 0.0288 0.2297 -0.9728
vn 0.0290 0.0864 -0.9958
vn -0.9949 0.0865 -0.0521
vn -0.9720 0.2298 -0.0491
vn -0.9925 0.0770 -0.0945
vn -0.9740 0.2099 -0.0850
vn -0.9984 0.0376 -0.0419
vn -0.9948 0.0935 -0.0410
vn -0.9694 0.2425 -0.0394
vn -0.8267 0.5615 -0.0343
vn -0.8318 0.5534 -0.0435
vn -0.8391 0.5388 -0.0750
vn -0.8309 0.5051 -0.2335
vn -0.9276 0.1866 -0.3237
vn -0.9294 0.0695 -0.3626
vn -0.9235 0.0279 -0.3826
vn -0.9944 0.0303 -0.1016
vn -0.9979 0.0343 -0.0544
vn 0.0154 -0.9997 0.0176
vn 0.0552 -0.9983 0.0162
vn 0.0121 -0.9981 0.0598
vn 0.0480 -0.9976 0.0506
vn 0.0061 -1.0000 0.0072
vn 0.0172 -0.9998 0.0067
vn 0.0595 -0.9982 0.0072
vn 0.3273 -0.9448 0.0164
vn 0.3156 -0.9486 0.0242
vn 0.2948 -0.9541 0.0517
vn 0.2527 -0.9482 0.1925
vn 0.0328 -0.9562 0.2909
vn 0.0012 -0.9440 0.3299
vn -0.0076 -0.9367 0.3500
vn 0.0027 -0.9978 0.0669
vn 0.0051 -0.9998 0.0197
vn 0.9956 -0.0764 0.0544
vn 0.9927 -0.0644 0.1016
vn 0.9766 -0.2089 0.0517
vn 0.9795 -0.1778 0.0943
vn 0.9985 -0.0342 0.0426
vn 0.9980 -0.0300 0.0561
vn 0.9940 -0.0255 0.1062
vn 0.9188 -0.0248 0.3940
vn 0.9220 -0.0605 0.3823
vn 0.9196 -0.1558 0.3606
vn 0.8717 -0.3763 0.3140
vn 0.8596 -0.5045 0.0813
vn 0.8415 -0.5385 0.0449
vn 0.8322 -0.5534 0.0348
vn 0.9724 -0.2297 0.0403
vn 0.9954 -0.0864 0.0418
vn -0.0205 -0.0865 0.9960
vn -0.0215 -0.2298 0.9730
vn 0.0151 -0.0769 0.9969
vn 0.0083 -0.2097 0.9777
vn -0.0291 -0.0375 0.9989
vn -0.0297 -0.0935 0.9952
vn -0.0293 -0.2425 0.9697
vn -0.0245 -0.5615 0.8271
vn -0.0172 -0.5534 0.8327
vn 0.0086 -0.5388 0.8424
vn 0.1494 -0.5059 0.8496
vn 0.2260 -0.1860 0.9562
vn 0.2630 -0.0691 0.9623
vn 0.2829 -0.0277 0.9587
vn 0.0209 -0.0302 0.9993
vn -0.0188 -0.0343 0.9992
vn 0.0134 0.9997 0.0200
vn 0.0094 0.9977 0.0671
vn 0.0489 0.9986 0.0189
vn 0.0387 0.9974 0.0610
vn 0.0055 1.0000 0.0079
vn 0.0043 0.9998 0.0213
vn 0.0018 0.9974 0.0716
vn -0.0085 0.9323 0.3617
vn -0.0012 0.9366 0.3503
vn 0.0235 0.9434 0.3309
vn 0.1533 0.9426 0.2968
vn 0.2561 0.9648 0.0603
vn 0.2955 0.9550 0.0257
vn 0.3158 0.9487 0.0167
vn 0.0554 0.9984 0.0081
vn 0.0158 0.9998 0.0076
vn -0.0187 0.0763 0.9969
vn 0.0210 0.0641 0.9977
vn -0.0197 0.2089 0.9777
vn 0.0158 0.1771 0.9841
vn -0.0286 0.0342 0.9990
vn -0.0174 0.0299 0.9994
vn 0.0248 0.0254 0.9994
vn 0.2944 0.0244 0.9554
vn 0.2828 0.0595 0.9573
vn 0.2620 0.1531 0.9529
vn 0.2214 0.3703 0.9021
vn 0.0125 0.5041 0.8636
vn -0.0167 0.5384 0.8425
vn -0.0244 0.5534 0.8326
vn -0.0288 0.2297 0.9728
vn -0.0290 0.0864 0.9958
vn 0.9949 0.0865 0.0521
vn 0.9720 0.2298 0.0491
vn 0.9925 0.0770 0.0945
vn 0.9740 0.2099 0.0850
vn 0.9984 0.0376 0.0419
vn 0.9948 0.0935 0.0410
vn 0.9694 0.2425 0.0394
vn 0.8268 0.5615 0.0343
vn 0.8318 0.5534 0.0435
vn 0.8391 0.5388 0.0750
vn 0.8309 0.5051 0.2335
vn 0.9276 0.1866 0.3237
vn 0.9294 0.0695 0.3626
vn 0.9235 0.0279 0.3826
vn 0.9944 0.0303 0.1016
vn 0.9979 0.0343 0.0544
vn 0.0147 -0.9997 -0.0190
vn 0.0141 -0.9977 -0.0663
vn 0.0501 -0.9986 -0.0155
vn 0.0428 -0.9974 -0.0581
vn 0.0060 -1.0000 -0.0075
vn 0.0057 -0.9998 -0.0210
vn 0.0067 -0.9974 -0.0713
vn 0.0167 -0.9323 -0.3614
vn 0.0232 -0.9366 -0.3495
vn 0.0465 -0.9434 -0.3285
vn 0.1736 -0.9426 -0.2854
vn 0.2596 -0.9648 -0.0423
vn 0.2966 -0.9550 -0.0050
vn 0.3162 -0.9487 0.0054
vn 0.0559 -0.9984 -0.0042
vn 0.0163 -0.9998 -0.0064
vn 0.0509 -0.0763 -0.9958
vn 0.0906 -0.0641 -0.9938
vn 0.0485 -0.2089 -0.9767
vn 0.0844 -0.1771 -0.9806
vn 0.0412 -0.0342 -0.9986
vn 0.0523 -0.0299 -0.9982
vn 0.0945 -0.0254 -0.9952
vn 0.3604 -0.0244 -0.9325
vn 0.3489 -0.0595 -0.9353
vn 0.3278 -0.1531 -0.9323
vn 0.2838 -0.3703 -0.8845
vn 0.0727 -0.5041 -0.8606
vn 0.0421 -0.5384 -0.8416
vn 0.0338 -0.5534 -0.8322
vn 0.0392 -0.2297 -0.9725
vn 0.0405 -0.0864 -0.9954
vn 0.9961 -0.0865 0.0175
vn 0.9730 -0.2298 0.0188
vn 0.9967 -0.0770 -0.0251
vn 0.9776 -0.2099 -0.0169
vn 0.9989 -0.0376 0.0279
vn 0.9952 -0.0935 0.0285
vn 0.9697 -0.2425 0.0283
vn 0.8271 -0.5615 0.0235
vn 0.8328 -0.5534 0.0146
vn 0.8423 -0.5388 -0.0163
vn 0.8451 -0.5051 -0.1750
vn 0.9479 -0.1866 -0.2582
vn 0.9524 -0.0695 -0.2969
vn 0.9479 -0.0279 -0.3173
vn 0.9990 -0.0303 -0.0320
vn 0.9993 -0.0343 0.0154
vn 0.0166 0.9997 -0.0165
vn 0.0562 0.9983 -0.0123
vn 0.0162 0.9981 -0.0588
vn 0.0514 0.9976 -0.0471
vn 0.0065 1.0000 -0.0068
vn 0.0176 0.9998 -0.0055
vn 0.0598 0.9982 -0.0031
vn 0.3276 0.9448 0.0065
vn 0.3165 0.9486 -0.0021
vn 0.2977 0.9541 -0.0310
vn 0.2655 0.9482 -0.1744
vn 0.0530 0.9562 -0.2879
vn 0.0242 0.9440 -0.3290
vn 0.0169 0.9367 -0.3497
vn 0.0074 0.9978 -0.0665
vn 0.0064 0.9998 -0.0193
vn 0.9970 0.0764 0.0152
vn 0.9974 0.0644 -0.0321
vn 0.9778 0.2089 0.0166
vn 0.9837 0.1778 -0.0258
vn 0.9990 0.0342 0.0272
vn 0.9995 0.0300 0.0137
vn 0.9990 0.0255 -0.0366
vn 0.9440 0.0248 -0.3290
vn 0.9465 0.0605 -0.3171
vn 0.9425 0.1558 -0.2956
vn 0.8914 0.3763 -0.2524
vn 0.8632 0.5045 -0.0211
vn 0.8425 0.5385 0.0139
vn 0.8326 0.5534 0.0233
vn 0.9729 0.2297 0.0276
vn 0.9959 0.0864 0.0277
vn 0.0490 0.0865 -0.9951
vn 0.0464 0.2298 -0.9721
vn 0.0846 0.0769 -0.9934
vn 0.0765 0.2097 -0.9748
vn 0.0406 0.0375 -0.9985
vn 0.0398 0.0935 -0.9948
vn 0.0384 0.2425 -0.9694
vn 0.0333 0.5615 -0.8268
vn 0.0409 0.5534 -0.8319
vn 0.0673 0.5388 -0.8398
vn 0.2083 0.5059 -0.8371
vn 0.2921 0.1860 -0.9381
vn 0.3295 0.0691 -0.9416
vn 0.3491 0.0277 -0.9367
vn 0.0906 0.0302 -0.9954
vn 0.0509 0.0343 -0.9981
vn -0.0185 -0.9998 -0.0013
vn -0.0183 -0.9998 0.0001
vn -0.0627 -0.9980 -0.0027
vn -0.0620 -0.9981 -0.0015
vn -0.0066 -1.0000 -0.0029
vn -0.0067 -1.0000 -0.0010
vn -0.0067 -1.0000 0.0006
vn -0.0064 -1.0000 0.0027
vn -0.0175 -0.9998 0.0021
vn -0.0597 -0.9982 0.0003
vn -0.3275 -0.9448 -0.0093
vn -0.3338 -0.9426 -0.0111
vn -0.3358 -0.9419 -0.0123
vn -0.3337 -0.9426 -0.0136
vn -0.0619 -0.9981 -0.0041
vn -0.0182 -0.9998 -0.0030
vn -0.9671 -0.2521 -0.0344
vn -0.9678 -0.2497 -0.0331
vn -0.9945 -0.0990 -0.0354
vn -0.9946 -0.0976 -0.0340
vn -0.8239 -0.5658 -0.0309
vn -0.8230 -0.5672 -0.0293
vn -0.8240 -0.5658 -0.0282
vn -0.8270 -0.5615 -0.0267
vn -0.9696 -0.2425 -0.0314
vn -0.9951 -0.0934 -0.0320
vn -0.9988 -0.0375 -0.0319
vn -0.9986 -0.0396 -0.0341
vn -0.9986 -0.0402 -0.0356
vn -0.9985 -0.0396 -0.0376
vn -0.9945 -0.0976 -0.0371
vn -0.9677 -0.2497 -0.0359
vn -0.0534 -0.0033 0.9986
vn -0.0532 0.0039 0.9986
vn -0.0975 -0.0028 0.9952
vn -0.0968 0.0034 0.9953
vn -0.0415 -0.0137 0.9990
vn -0.0417 -0.0038 0.9991
vn -0.0415 0.0042 0.9991
vn -0.0412 0.0151 0.9990
vn -0.0523 0.0137 0.9985
vn -0.0945 0.0121 0.9955
vn -0.3604 0.0111 0.9327
vn -0.3666 0.0031 0.9304
vn -0.3687 -0.0028 0.9295
vn -0.3666 -0.0098 0.9303
vn -0.0968 -0.0101 0.9953
vn -0.0532 -0.0119 0.9985
vn -0.9992 -0.0029 0.0402
vn -0.9992 0.0034 0.0393
vn -0.9999 -0.0034 -0.0124
vn -0.9999 0.0039 -0.0127
vn -0.9420 -0.0100 0.3354
vn -0.9413 -0.0028 0.3376
vn -0.9421 0.0031 0.3354
vn -0.9443 0.0112 0.3290
vn -0.9993 0.0121 0.0366
vn -0.9998 0.0137 -0.0137
vn -0.9995 0.0151 -0.0272
vn -0.9996 0.0042 -0.0268
vn -0.9996 -0.0038 -0.0266
vn -0.9995 -0.0137 -0.0268
vn -0.9998 -0.0119 -0.0127
vn -0.9992 -0.0102 0.0393
vn -0.0186 0.9998 -0.0000
vn -0.0182 0.9998 -0.0014
vn -0.0627 0.9980 -0.0016
vn -0.0619 0.9981 -0.0028
vn -0.0067 1.0000 0.0024
vn -0.0068 1.0000 0.0005
vn -0.0066 1.0000 -0.0010
vn -0.0062 1.0000 -0.0032
vn -0.0173 0.9998 -0.0033
vn -0.0596 0.9982 -0.0044
vn -0.3273 0.9448 -0.0136
vn -0.3337 0.9426 -0.0123
vn -0.3358 0.9419 -0.0112
vn -0.3338 0.9426 -0.0097
vn -0.0620 0.9981 -0.0002
vn -0.0184 0.9998 0.0017
vn -0.9671 0.2521 -0.0332
vn -0.9677 0.2497 -0.0345
vn -0.9945 0.0990 -0.0341
vn -0.9946 0.0976 -0.0355
vn -0.8241 0.5658 -0.0267
vn -0.8231 0.5672 -0.0282
vn -0.8240 0.5658 -0.0294
vn -0.8269 0.5615 -0.0311
vn -0.9695 0.2425 -0.0363
vn -0.9949 0.0934 -0.0374
vn -0.9986 0.0375 -0.0378
vn -0.9986 0.0396 -0.0357
vn -0.9986 0.0402 -0.0341
vn -0.9987 0.0396 -0.0322
vn -0.9947 0.0976 -0.0324
vn -0.9678 0.2497 -0.0317
vn 0.0163 0.0033 -0.9999
vn 0.0166 -0.0039 -0.9999
vn -0.0279 0.0028 -0.9996
vn -0.0271 -0.0034 -0.9996
vn 0.0283 0.0137 -0.9995
vn 0.0281 0.0038 -0.9996
vn 0.0283 -0.0042 -0.9996
vn 0.0286 -0.0151 -0.9995
vn 0.0175 -0.0137 -0.9998
vn -0.0248 -0.0121 -0.9996
vn -0.2945 -0.0111 -0.9556
vn -0.3008 -0.0031 -0.9537
vn -0.3029 0.0028 -0.9530
vn -0.3009 0.0098 -0.9536
vn -0.0271 0.0101 -0.9996
vn 0.0166 0.0119 -0.9998
vn -0.9939 0.0029 -0.1098
vn -0.9940 -0.0034 -0.1089
vn -0.9983 0.0034 -0.0574
vn -0.9984 -0.0039 -0.0571
vn -0.9163 0.0100 -0.4003
vn -0.9155 0.0028 -0.4024
vn -0.9164 -0.0031 -0.4003
vn -0.9190 -0.0112 -0.3941
vn -0.9943 -0.0121 -0.1062
vn -0.9983 -0.0137 -0.0561
vn -0.9990 -0.0151 -0.0426
vn -0.9991 -0.0042 -0.0430
vn -0.9991 0.0038 -0.0432
vn -0.9990 0.0137 -0.0430
vn -0.9983 0.0119 -0.0571
vn -0.9940 0.0102 -0.1089
vn 0.0013 -0.9997 -0.0225
vn 0.0002 -0.9998 -0.0222
vn 0.0031 -0.9972 -0.0750
vn 0.0021 -0.9972 -0.0741
vn 0.0025 -1.0000 -0.0080
vn 0.0009 -1.0000 -0.0082
vn -0.0004 -1.0000 -0.0081
vn -0.0021 -1.0000 -0.0078
vn -0.0015 -0.9998 -0.0212
vn 0.0006 -0.9974 -0.0715
vn 0.0108 -0.9323 -0.3616
vn 0.0124 -0.9298 -0.3679
vn 0.0134 -0.9289 -0.3700
vn 0.0144 -0.9298 -0.3678
vn 0.0042 -0.9972 -0.0741
vn 0.0027 -0.9998 -0.0221
vn 0.0343 -0.2521 -0.9671
vn 0.0332 -0.2497 -0.9677
vn 0.0353 -0.0990 -0.9945
vn 0.0341 -0.0976 -0.9946
vn 0.0305 -0.5659 -0.8239
vn 0.0292 -0.5673 -0.8230
vn 0.0283 -0.5658 -0.8240
vn 0.0271 -0.5615 -0.8270
vn 0.0319 -0.2425 -0.9696
vn 0.0325 -0.0934 -0.9951
vn 0.0325 -0.0375 -0.9988
vn 0.0342 -0.0396 -0.9986
vn 0.0355 -0.0402 -0.9986
vn 0.0371 -0.0396 -0.9985
vn 0.0367 -0.0976 -0.9945
vn 0.0355 -0.2497 -0.9677
vn 0.0003 0.9997 -0.0226
vn 0.0014 0.9998 -0.0222
vn 0.0022 0.9972 -0.0751
vn 0.0031 0.9972 -0.0741
vn -0.0019 1.0000 -0.0082
vn -0.0003 1.0000 -0.0083
vn 0.0010 1.0000 -0.0081
vn 0.0027 1.0000 -0.0076
vn 0.0029 0.9998 -0.0211
vn 0.0044 0.9974 -0.0713
vn 0.0144 0.9323 -0.3614
vn 0.0133 0.9298 -0.3679
vn 0.0125 0.9289 -0.3700
vn 0.0113 0.9298 -0.3680
vn 0.0010 0.9972 -0.0742
vn -0.0011 0.9998 -0.0223
vn 0.0333 0.2521 -0.9671
vn 0.0343 0.2497 -0.9677
vn 0.0342 0.0990 -0.9945
vn 0.0353 0.0976 -0.9946
vn 0.0271 0.5659 -0.8241
vn 0.0283 0.5673 -0.8231
vn 0.0293 0.5658 -0.8240
vn 0.0307 0.5615 -0.8269
vn 0.0358 0.2425 -0.9695
vn 0.0370 0.0934 -0.9949
vn 0.0373 0.0375 -0.9986
vn 0.0355 0.0396 -0.9986
vn 0.0343 0.0402 -0.9986
vn 0.0327 0.0396 -0.9987
vn 0.0328 0.0976 -0.9947
vn 0.0321 0.2497 -0.9678
vn 0.9999 0.0034 0.0124
vn 0.9999 -0.0039 0.0127
vn 0.9992 0.0029 -0.0402
vn 0.9992 -0.0034 -0.0393
vn 0.9995 0.0137 0.0268
vn 0.9996 0.0038 0.0266
vn 0.9996 -0.0042 0.0268
vn 0.9995 -0.0151 0.0272
vn 0.9998 -0.0137 0.0137
vn 0.9993 -0.0121 -0.0366
vn 0.9443 -0.0112 -0.3290
vn 0.9421 -0.0031 -0.3354
vn 0.9413 0.0028 -0.3376
vn 0.9420 0.0100 -0.3354
vn 0.9992 0.0102 -0.0393
vn 0.9998 0.0119 0.0127
vn 0.0975 0.0028 -0.9952
vn 0.0968 -0.0034 -0.9953
vn 0.0534 0.0033 -0.9986
vn 0.0532 -0.0039 -0.9986
vn 0.3666 0.0098 -0.9303
vn 0.3687 0.0028 -0.9296
vn 0.3667 -0.0031 -0.9304
vn 0.3604 -0.0111 -0.9327
vn 0.0945 -0.0121 -0.9955
vn 0.0523 -0.0137 -0.9985
vn 0.0412 -0.0151 -0.9990
vn 0.0415 -0.0042 -0.9991
vn 0.0417 0.0038 -0.9991
vn 0.0415 0.0137 -0.9990
vn 0.0532 0.0119 -0.9985
vn 0.0968 0.0101 -0.9953
vn 0.0185 -0.9998 0.0013
vn 0.0183 -0.9998 -0.0001
vn 0.0627 -0.9980 0.0027
vn 0.0620 -0.9981 0.0015
vn 0.0066 -1.0000 0.0029
vn 0.0067 -1.0000 0.0010
vn 0.0067 -1.0000 -0.0006
vn 0.0064 -1.0000 -0.0027
vn 0.0175 -0.9998 -0.0021
vn 0.0597 -0.9982 -0.0003
vn 0.3275 -0.9448 0.0093
vn 0.3338 -0.9426 0.0111
vn 0.3358 -0.9419 0.0123
vn 0.3337 -0.9426 0.0136
vn 0.0619 -0.9981 0.0041
vn 0.0182 -0.9998 0.0030
vn 0.9671 -0.2521 0.0344
vn 0.9678 -0.2497 0.0331
vn 0.9945 -0.0990 0.0354
vn 0.9946 -0.0976 0.0340
vn 0.8239 -0.5659 0.0309
vn 0.8230 -0.5673 0.0293
vn 0.8240 -0.5659 0.0282
vn 0.8270 -0.5615 0.0267
vn 0.9696 -0.2425 0.0314
vn 0.9951 -0.0934 0.0320
vn 0.9988 -0.0375 0.0319
vn 0.9986 -0.0396 0.0341
vn 0.9986 -0.0402 0.0356
vn 0.9985 -0.0396 0.0376
vn 0.9945 -0.0976 0.0371
vn 0.9677 -0.2497 0.0359
vn 0.0186 0.9998 -0.0000
vn 0.0182 0.9998 0.0014
vn 0.0627 0.9980 0.0016
vn 0.0619 0.9981 0.0028
vn 0.0067 1.0000 -0.0024
vn 0.0068 1.0000 -0.0005
vn 0.0066 1.0000 0.0010
vn 0.0062 1.0000 0.0032
vn 0.0173 0.9998 0.0033
vn 0.0596 0.9982 0.0044
vn 0.3273 0.9448 0.0136
vn 0.3337 0.9426 0.0123
vn 0.3358 0.9419 0.0112
vn 0.3338 0.9426 0.0097
vn 0.0620 0.9981 0.0002
vn 0.0184 0.9998 -0.0017
vn 0.9671 0.2521 0.0332
vn 0.9677 0.2497 0.0345
vn 0.9945 0.0990 0.0341
vn 0.9946 0.0976 0.0355
vn 0.8241 0.5659 0.0267
vn 0.8231 0.5673 0.0282
vn 0.8240 0.5659 0.0294
vn 0.8269 0.5615 0.0311
vn 0.9695 0.2425 0.0363
vn 0.9949 0.0934 0.0374
vn 0.9986 0.0375 0.0378
vn 0.9986 0.0396 0.0357
vn 0.9986 0.0402 0.0341
vn 0.9987 0.0396 0.0322
vn 0.9947 0.0976 0.0324
vn 0.9678 0.2497 0.0317
vn -0.0163 0.0033 0.9999
vn -0.0166 -0.0039 0.9999
vn 0.0279 0.0028 0.9996
vn 0.0271 -0.0034 0.9996
vn -0.0283 0.0137 0.9995
vn -0.0281 0.0038 0.9996
vn -0.0283 -0.0042 0.9996
vn -0.0286 -0.0151 0.9995
vn -0.0175 -0.0137 0.9998
vn 0.0248 -0.0121 0.9996
vn 0.2945 -0.0111 0.9556
vn 0.3008 -0.0031 0.9537
vn 0.3029 0.0028 0.9530
vn 0.3008 0.0098 0.9536
vn 0.0271 0.0101 0.9996
vn -0.0166 0.0119 0.9998
vn 0.9939 0.0029 0.1098
vn 0.9940 -0.0034 0.1089
vn 0.9983 0.0034 0.0574
vn 0.9984 -0.0039 0.0571
vn 0.9163 0.0100 0.4003
vn 0.9155 0.0028 0.4024
vn 0.9164 -0.0031 0.4004
vn 0.9190 -0.0112 0.3940
vn 0.9943 -0.0121 0.1062
vn 0.9983 -0.0137 0.0561
vn 0.9990 -0.0151 0.0426
vn 0.9991 -0.0042 0.0430
vn 0.9991 0.0038 0.0432
vn 0.9990 0.0137 0.0430
vn 0.9983 0.0119 0.0571
vn 0.9940 0.0102 0.1089
vn -0.0013 -0.9997 0.0225
vn -0.0002 -0.9998 0.0222
vn -0.0031 -0.9972 0.0750
vn -0.0021 -0.9972 0.0741
vn -0.0025 -1.0000 0.0080
vn -0.0009 -1.0000 0.0082
vn 0.0004 -1.0000 0.0081
vn 0.0021 -1.0000 0.0078
vn 0.0015 -0.9998 0.0212
vn -0.0006 -0.9974 0.0715
vn -0.0108 -0.9323 0.3616
vn -0.0124 -0.9298 0.3679
vn -0.0134 -0.9289 0.3700
vn -0.0144 -0.9298 0.3678
vn -0.0042 -0.9972 0.0741
vn -0.0027 -0.9998 0.0221
vn -0.0343 -0.2521 0.9671
vn -0.0332 -0.2497 0.9677
vn -0.0353 -0.0990 0.9945
vn -0.0341 -0.0976 0.9946
vn -0.0305 -0.5659 0.8239
vn -0.0292 -0.5673 0.8230
vn -0.0283 -0.5658 0.8240
vn -0.0271 -0.5615 0.8270
vn -0.0319 -0.2425 0.9696
vn -0.0325 -0.0934 0.9951
vn -0.0325 -0.0375 0.9988
vn -0.0342 -0.0396 0.9986
vn -0.0355 -0.0402 0.9986
vn -0.0371 -0.0396 0.9985
vn -0.0367 -0.0976 0.9945
vn -0.0355 -0.2497 0.9677
vn -0.0003 0.9997 0.0226
vn -0.0014 0.9998 0.0222
vn -0.0022 0.9972 0.0751
vn -0.0031 0.9972 0.0741
vn 0.0019 1.0000 0.0082
vn 0.0003 1.0000 0.0083
vn -0.0010 1.0000 0.0081
vn -0.0027 1.0000 0.0076
vn -0.0029 0.9998 0.0211
vn -0.0044 0.9974 0.0713
vn -0.0144 0.9323 0.3614
vn -0.0133 0.9298 0.3679
vn -0.0125 0.9289 0.3700
vn -0.0113 0.9298 0.3680
vn -0.0010 0.9972 0.0742
vn 0.0011 0.9998 0.0223
vn -0.0333 0.2521 0.9671
vn -0.0343 0.2497 0.9677
vn -0.0342 0.0990 0.9945
vn -0.0353 0.0976 0.9946
vn -0.0271 0.5659 0.8241
vn -0.0283 0.5673 0.8230
vn -0.0293 0.5658 0.8240
vn -0.0307 0.5615 0.8269
vn -0.0358 0.2425 0.9695
vn -0.0370 0.0934 0.9949
vn -0.0373 0.0375 0.9986
vn -0.0355 0.0396 0.9986
vn -0.0343 0.0402 0.9986
vn -0.0327 0.0396 0.9987
vn -0.0328 0.0976 0.9947
vn -0.0321 0.2497 0.9678
vn 0.0007 -1.0000 -0.0008
vn -0.0007 -1.0000 0.0009
vn -0.0023 -1.0000 -0.0032
vn -0.0006 -1.0000 -0.0032
vn 0.0026 -1.0000 -0.0029
vn 0.0026 -1.0000 -0.0007
vn 0.0026 -1.0000 0.0009
vn 0.0024 -1.0000 0.0030
vn 0.0006 -1.0000 0.0031
vn -0.0025 -1.0000 0.0030
vn -0.0026 -1.0000 0.0008
vn -0.0025 -1.0000 -0.0010
vt 0.460380 0.830487
vt 0.500004 0.874999
vt 0.460381 0.875000
vt 0.539625 0.830484
vt 0.500001 0.830486
vt 0.460407 0.919512
vt 0.539637 0.919505
vt 0.500013 0.919510
vt 0.426745 0.793449
vt 0.426703 0.830486
vt 0.460397 0.793451
vt 0.539610 0.793445
vt 0.500002 0.793450
vt 0.573269 0.793435
vt 0.573306 0.830480
vt 0.539633 0.874997
vt 0.573332 0.919495
vt 0.573333 0.956506
vt 0.539639 0.956530
vt 0.500029 0.956542
vt 0.460464 0.956547
vt 0.426902 0.956548
vt 0.426767 0.919513
vt 0.426706 0.875000
vt 0.460376 0.580721
vt 0.500000 0.625000
vt 0.460372 0.625001
vt 0.539622 0.580718
vt 0.499999 0.580719
vt 0.460379 0.669282
vt 0.539624 0.669279
vt 0.500001 0.669281
vt 0.426731 0.543858
vt 0.426695 0.580725
vt 0.460391 0.543848
vt 0.539603 0.543842
vt 0.499998 0.543843
vt 0.573255 0.543844
vt 0.573299 0.580719
vt 0.539628 0.624999
vt 0.573305 0.669275
vt 0.573269 0.706142
vt 0.539609 0.706152
vt 0.500002 0.706157
vt 0.460397 0.706158
vt 0.426745 0.706156
vt 0.426701 0.669281
vt 0.426685 0.625002
vt 0.705473 0.580718
vt 0.749997 0.624999
vt 0.705480 0.624999
vt 0.794505 0.580718
vt 0.749994 0.580718
vt 0.705475 0.669279
vt 0.794512 0.669273
vt 0.749996 0.669279
vt 0.668374 0.543844
vt 0.668418 0.580719
vt 0.705454 0.543842
vt 0.794494 0.543841
vt 0.749985 0.543841
vt 0.831506 0.543841
vt 0.831530 0.580717
vt 0.794510 0.624997
vt 0.831547 0.669261
vt 0.831548 0.706108
vt 0.794512 0.706138
vt 0.749992 0.706151
vt 0.705460 0.706151
vt 0.668388 0.706142
vt 0.668424 0.669275
vt 0.668435 0.624998
vt 0.460365 0.080727
vt 0.500000 0.125000
vt 0.460377 0.125003
vt 0.539594 0.080718
vt 0.499988 0.080720
vt 0.460406 0.169282
vt 0.539635 0.169273
vt 0.500012 0.169280
vt 0.426667 0.043892
vt 0.426670 0.080739
vt 0.460361 0.043862
vt 0.539536 0.043841
vt 0.499971 0.043847
vt 0.573099 0.043841
vt 0.573234 0.080717
vt 0.539624 0.124997
vt 0.573330 0.169261
vt 0.573333 0.206108
vt 0.539639 0.206138
vt 0.500029 0.206153
vt 0.460464 0.206159
vt 0.426902 0.206159
vt 0.426766 0.169283
vt 0.426696 0.125006
vt 0.460364 0.330495
vt 0.499996 0.375001
vt 0.460367 0.375003
vt 0.539593 0.330488
vt 0.499988 0.330490
vt 0.460376 0.419516
vt 0.539620 0.419513
vt 0.499999 0.419514
vt 0.426667 0.293494
vt 0.426668 0.330505
vt 0.460361 0.293470
vt 0.539536 0.293453
vt 0.499971 0.293458
vt 0.573099 0.293452
vt 0.573233 0.330487
vt 0.539619 0.375000
vt 0.573297 0.419514
vt 0.573255 0.456551
vt 0.539603 0.456549
vt 0.499998 0.456550
vt 0.460391 0.456555
vt 0.426731 0.456565
vt 0.426694 0.419520
vt 0.426675 0.375007
vt 0.144356 0.730374
vt 0.131339 0.743712
vt 0.131903 0.732444
vt 0.142351 0.742992
vt 0.129749 0.748399
vt 0.126987 0.745461
vt 0.126817 0.737882
vt 0.127042 0.748617
vt 0.168494 0.706159
vt 0.144581 0.706571
vt 0.168115 0.730078
vt 0.165239 0.742890
vt 0.136937 0.748309
vt 0.156518 0.748296
vt 0.128056 0.750000
vt 0.127540 0.750000
vt 0.127025 0.750000
vt 0.126509 0.750000
vt 0.126132 0.748913
vt 0.125755 0.747826
vt 0.125377 0.746739
vt 0.126629 0.718090
vt 0.125000 0.745652
vt 0.131881 0.709451
vt 0.403969 0.980795
vt 0.390533 0.994060
vt 0.390198 0.982885
vt 0.402785 0.993333
vt 0.390115 0.998588
vt 0.383630 0.995826
vt 0.382243 0.988377
vt 0.385002 0.998809
vt 0.403796 0.956963
vt 0.426773 0.980497
vt 0.424644 0.993229
vt 0.398861 0.998497
vt 0.417735 0.998484
vt 0.392113 1.000000
vt 0.389227 1.000000
vt 0.386340 1.000000
vt 0.383453 1.000000
vt 0.381340 0.999107
vt 0.379227 0.998214
vt 0.377113 0.997322
vt 0.381130 0.968595
vt 0.375000 0.996429
vt 0.389575 0.959871
vt 0.403122 0.019810
vt 0.388299 0.006773
vt 0.401463 0.007295
vt 0.388876 0.017844
vt 0.380412 0.005239
vt 0.386897 0.002301
vt 0.397102 0.002074
vt 0.380237 0.002418
vt 0.426337 0.020017
vt 0.403359 0.043524
vt 0.388958 0.040684
vt 0.380484 0.012501
vt 0.380495 0.032048
vt 0.375000 0.003720
vt 0.375000 0.003093
vt 0.375000 0.002465
vt 0.375000 0.001838
vt 0.380000 0.001378
vt 0.385000 0.000919
vt 0.390000 0.000459
vt 0.417101 0.001842
vt 0.395000 0.000000
vt 0.424028 0.007244
vt 0.596878 0.980644
vt 0.611701 0.993661
vt 0.598537 0.993097
vt 0.611124 0.982649
vt 0.619588 0.995251
vt 0.613103 0.998013
vt 0.602898 0.998183
vt 0.619763 0.997958
vt 0.573663 0.980419
vt 0.596641 0.956885
vt 0.611042 0.959761
vt 0.619516 0.988063
vt 0.619505 0.968482
vt 0.625000 0.996944
vt 0.625000 0.997460
vt 0.625000 0.997975
vt 0.625000 0.998491
vt 0.620000 0.998868
vt 0.615000 0.999245
vt 0.610000 0.999623
vt 0.582899 0.998371
vt 0.605000 1.000000
vt 0.575972 0.993119
vt 0.855795 0.730190
vt 0.869060 0.743227
vt 0.857885 0.742705
vt 0.868333 0.732156
vt 0.873588 0.744761
vt 0.870826 0.747699
vt 0.863377 0.747926
vt 0.873809 0.747582
vt 0.831963 0.729983
vt 0.855497 0.706476
vt 0.868229 0.709317
vt 0.873497 0.737499
vt 0.873484 0.717952
vt 0.875000 0.746280
vt 0.875000 0.746907
vt 0.875000 0.747535
vt 0.875000 0.748162
vt 0.874107 0.748622
vt 0.873214 0.749081
vt 0.872322 0.749541
vt 0.843595 0.748158
vt 0.871429 0.750000
vt 0.834871 0.742756
vt 0.596032 0.019626
vt 0.609467 0.006288
vt 0.609802 0.017556
vt 0.597215 0.007008
vt 0.609885 0.001601
vt 0.616370 0.004539
vt 0.617757 0.012118
vt 0.614998 0.001383
vt 0.596204 0.043429
vt 0.573227 0.019922
vt 0.575356 0.007111
vt 0.601139 0.001691
vt 0.582265 0.001704
vt 0.607887 0.000000
vt 0.610774 0.000000
vt 0.613660 0.000000
vt 0.616547 0.000000
vt 0.618660 0.001087
vt 0.620774 0.002174
vt 0.622887 0.003261
vt 0.618871 0.031910
vt 0.625000 0.004348
vt 0.610425 0.040550
vt 0.144205 0.519810
vt 0.130940 0.506774
vt 0.142115 0.507295
vt 0.131667 0.517844
vt 0.126412 0.505239
vt 0.129174 0.502301
vt 0.136623 0.502074
vt 0.126191 0.502419
vt 0.168452 0.543892
vt 0.168037 0.520017
vt 0.144503 0.543524
vt 0.131771 0.540684
vt 0.126503 0.512501
vt 0.126516 0.532048
vt 0.125000 0.503720
vt 0.125000 0.503093
vt 0.125000 0.502465
vt 0.125000 0.501838
vt 0.125893 0.501378
vt 0.126786 0.500919
vt 0.127679 0.500459
vt 0.156405 0.501842
vt 0.128571 0.500000
vt 0.165129 0.507245
vt 0.403968 0.230374
vt 0.390533 0.243712
vt 0.390198 0.232444
vt 0.402785 0.242992
vt 0.390115 0.248399
vt 0.383630 0.245461
vt 0.382243 0.237882
vt 0.385002 0.248617
vt 0.403796 0.206571
vt 0.426773 0.230078
vt 0.424644 0.242887
vt 0.398861 0.248308
vt 0.417819 0.248288
vt 0.392113 0.250000
vt 0.389227 0.250000
vt 0.386340 0.250000
vt 0.383453 0.250000
vt 0.381340 0.248913
vt 0.379227 0.247826
vt 0.377113 0.246739
vt 0.381130 0.218090
vt 0.375000 0.245652
vt 0.389575 0.209450
vt 0.403122 0.269356
vt 0.388299 0.256339
vt 0.401463 0.256903
vt 0.388876 0.267351
vt 0.380412 0.254749
vt 0.386897 0.251987
vt 0.397102 0.251816
vt 0.380237 0.252042
vt 0.426337 0.269581
vt 0.403359 0.293115
vt 0.388958 0.290239
vt 0.380484 0.261937
vt 0.380495 0.281518
vt 0.375000 0.253056
vt 0.375000 0.252540
vt 0.375000 0.252025
vt 0.375000 0.251509
vt 0.380000 0.251132
vt 0.385000 0.250755
vt 0.390000 0.250377
vt 0.417184 0.251621
vt 0.395000 0.250000
vt 0.424028 0.256878
vt 0.855644 0.519626
vt 0.868661 0.506288
vt 0.868097 0.517556
vt 0.857649 0.507008
vt 0.870251 0.501601
vt 0.873013 0.504539
vt 0.873183 0.512119
vt 0.872958 0.501383
vt 0.855419 0.543429
vt 0.831885 0.519922
vt 0.834761 0.507111
vt 0.863063 0.501691
vt 0.843482 0.501704
vt 0.871944 0.500000
vt 0.872460 0.500000
vt 0.872975 0.500000
vt 0.873491 0.500000
vt 0.873868 0.501087
vt 0.874245 0.502174
vt 0.874623 0.503261
vt 0.873371 0.531911
vt 0.875000 0.504348
vt 0.868119 0.540550
vt 0.596032 0.269205
vt 0.609467 0.255940
vt 0.609802 0.267115
vt 0.597215 0.256667
vt 0.609885 0.251412
vt 0.616370 0.254174
vt 0.617757 0.261623
vt 0.614998 0.251191
vt 0.596204 0.293037
vt 0.573227 0.269503
vt 0.575356 0.256768
vt 0.601139 0.251502
vt 0.582181 0.251508
vt 0.607887 0.250000
vt 0.610774 0.250000
vt 0.613660 0.250000
vt 0.616547 0.250000
vt 0.618660 0.250893
vt 0.620774 0.251786
vt 0.622887 0.252679
vt 0.618871 0.281405
vt 0.625000 0.253571
vt 0.610425 0.290129
vt 0.596878 0.230190
vt 0.611701 0.243227
vt 0.598537 0.242705
vt 0.611124 0.232156
vt 0.619588 0.244761
vt 0.613103 0.247699
vt 0.602898 0.247926
vt 0.619763 0.247582
vt 0.573663 0.229983
vt 0.596641 0.206476
vt 0.611042 0.209317
vt 0.619516 0.237499
vt 0.619505 0.217952
vt 0.625000 0.246280
vt 0.625000 0.246907
vt 0.625000 0.247535
vt 0.625000 0.248162
vt 0.620000 0.248622
vt 0.615000 0.249081
vt 0.610000 0.249541
vt 0.582816 0.248150
vt 0.605000 0.250000
vt 0.575972 0.242753
vt 0.356118 0.730067
vt 0.370058 0.742862
vt 0.358358 0.742873
vt 0.369102 0.730061
vt 0.375531 0.742852
vt 0.372036 0.748255
vt 0.363980 0.748273
vt 0.375900 0.748238
vt 0.331626 0.706156
vt 0.332109 0.730073
vt 0.355687 0.706154
vt 0.368796 0.706151
vt 0.375191 0.730056
vt 0.374927 0.706148
vt 0.378320 0.730054
vt 0.378557 0.742846
vt 0.378580 0.748223
vt 0.377818 0.749891
vt 0.376220 0.749918
vt 0.374623 0.749945
vt 0.373026 0.749973
vt 0.343807 0.748288
vt 0.371429 0.750000
vt 0.335077 0.742882
vt 0.403682 0.730065
vt 0.389925 0.742850
vt 0.389723 0.730060
vt 0.403825 0.742857
vt 0.390055 0.748213
vt 0.382412 0.742846
vt 0.382185 0.730056
vt 0.382490 0.748213
vt 0.403550 0.706154
vt 0.426815 0.730070
vt 0.426892 0.742865
vt 0.403937 0.748221
vt 0.426954 0.748230
vt 0.403977 0.749848
vt 0.390062 0.749841
vt 0.382331 0.749845
vt 0.381937 0.706148
vt 0.378051 0.706147
vt 0.389526 0.706151
vt 0.403641 0.769192
vt 0.389671 0.755899
vt 0.403793 0.756634
vt 0.389395 0.767096
vt 0.381542 0.754126
vt 0.389917 0.751328
vt 0.403919 0.751428
vt 0.381987 0.751105
vt 0.426815 0.769496
vt 0.403505 0.793031
vt 0.389164 0.790121
vt 0.381078 0.761600
vt 0.380706 0.781397
vt 0.375704 0.752651
vt 0.376409 0.751731
vt 0.377113 0.750811
vt 0.426954 0.751450
vt 0.426980 0.749859
vt 0.426892 0.756746
vt 0.643932 0.730017
vt 0.630069 0.742735
vt 0.630976 0.729984
vt 0.641720 0.742795
vt 0.628151 0.748068
vt 0.624639 0.742682
vt 0.624909 0.729957
vt 0.624364 0.747974
vt 0.644339 0.706127
vt 0.667917 0.730047
vt 0.664960 0.742845
vt 0.636124 0.748169
vt 0.656231 0.748250
vt 0.627100 0.749847
vt 0.625629 0.749694
vt 0.624157 0.749541
vt 0.622686 0.749387
vt 0.621718 0.747926
vt 0.621630 0.742659
vt 0.621789 0.729945
vt 0.625125 0.706097
vt 0.622005 0.706091
vt 0.631244 0.706111
vt 0.596410 0.769142
vt 0.610456 0.755772
vt 0.610683 0.767018
vt 0.596285 0.756557
vt 0.610253 0.751158
vt 0.618645 0.753939
vt 0.619026 0.761496
vt 0.618277 0.750841
vt 0.596521 0.793005
vt 0.573212 0.769469
vt 0.573149 0.756706
vt 0.596181 0.751328
vt 0.573097 0.751399
vt 0.596132 0.749739
vt 0.610125 0.749654
vt 0.617966 0.749548
vt 0.623264 0.750434
vt 0.623843 0.751480
vt 0.624421 0.752526
vt 0.619331 0.781359
vt 0.625000 0.753571
vt 0.610873 0.790084
vt 0.596368 0.730015
vt 0.610197 0.742728
vt 0.596252 0.742780
vt 0.610354 0.729983
vt 0.617754 0.742680
vt 0.610110 0.748048
vt 0.596163 0.748122
vt 0.617754 0.747969
vt 0.573212 0.730044
vt 0.596476 0.706127
vt 0.610515 0.706111
vt 0.617914 0.729956
vt 0.618114 0.706097
vt 0.573097 0.748179
vt 0.573076 0.749803
vt 0.573149 0.742824
vt 0.356068 0.519983
vt 0.369931 0.507266
vt 0.369024 0.520016
vt 0.358280 0.507205
vt 0.371849 0.501932
vt 0.375361 0.507318
vt 0.375091 0.520043
vt 0.375636 0.502026
vt 0.331612 0.543858
vt 0.355661 0.543873
vt 0.332083 0.519954
vt 0.335040 0.507155
vt 0.363876 0.501831
vt 0.343769 0.501750
vt 0.372900 0.500153
vt 0.374372 0.500306
vt 0.375843 0.500459
vt 0.377315 0.500613
vt 0.378282 0.502074
vt 0.378370 0.507341
vt 0.378211 0.520055
vt 0.374875 0.543903
vt 0.377995 0.543909
vt 0.368756 0.543890
vt 0.403590 0.480858
vt 0.389544 0.494229
vt 0.389317 0.482982
vt 0.403716 0.493443
vt 0.389747 0.498842
vt 0.381355 0.496061
vt 0.380974 0.488505
vt 0.381723 0.499159
vt 0.403479 0.456995
vt 0.426788 0.480531
vt 0.426852 0.493294
vt 0.403820 0.498672
vt 0.426903 0.498601
vt 0.403868 0.500261
vt 0.389875 0.500346
vt 0.382034 0.500453
vt 0.376736 0.499567
vt 0.376157 0.498521
vt 0.375579 0.497475
vt 0.380669 0.468641
vt 0.375000 0.496429
vt 0.389127 0.459916
vt 0.403632 0.519985
vt 0.389803 0.507272
vt 0.403748 0.507220
vt 0.389646 0.520017
vt 0.382246 0.507320
vt 0.389890 0.501952
vt 0.403837 0.501879
vt 0.382246 0.502031
vt 0.426788 0.519956
vt 0.403524 0.543873
vt 0.389485 0.543890
vt 0.382086 0.520044
vt 0.381886 0.543903
vt 0.426903 0.501821
vt 0.426924 0.500197
vt 0.426852 0.507176
vt 0.643882 0.519933
vt 0.629942 0.507138
vt 0.641642 0.507128
vt 0.630898 0.519939
vt 0.624469 0.507148
vt 0.627964 0.501745
vt 0.636020 0.501727
vt 0.624100 0.501762
vt 0.667891 0.519928
vt 0.644313 0.543846
vt 0.631204 0.543849
vt 0.624809 0.519944
vt 0.625073 0.543852
vt 0.621680 0.519946
vt 0.621443 0.507154
vt 0.621421 0.501777
vt 0.622182 0.500109
vt 0.623780 0.500082
vt 0.625377 0.500055
vt 0.626974 0.500027
vt 0.656193 0.501712
vt 0.628571 0.500000
vt 0.664924 0.507119
vt 0.596319 0.519935
vt 0.610075 0.507150
vt 0.610277 0.519940
vt 0.596175 0.507143
vt 0.609945 0.501787
vt 0.617588 0.507155
vt 0.617815 0.519944
vt 0.617511 0.501787
vt 0.596450 0.543846
vt 0.573185 0.519930
vt 0.573108 0.507135
vt 0.596064 0.501779
vt 0.573046 0.501770
vt 0.596023 0.500152
vt 0.609938 0.500159
vt 0.617669 0.500155
vt 0.618063 0.543852
vt 0.621949 0.543853
vt 0.610474 0.543849
vt 0.596360 0.480808
vt 0.610329 0.494101
vt 0.596207 0.493366
vt 0.610605 0.482904
vt 0.618459 0.495874
vt 0.610083 0.498672
vt 0.596081 0.498572
vt 0.618013 0.498895
vt 0.573185 0.480504
vt 0.596495 0.456969
vt 0.610836 0.459879
vt 0.618922 0.488400
vt 0.619294 0.468603
vt 0.624296 0.497349
vt 0.623591 0.498269
vt 0.622887 0.499189
vt 0.573046 0.498550
vt 0.573020 0.500142
vt 0.573108 0.493254
vt 0.144513 0.625012
vt 0.131772 0.578504
vt 0.144505 0.580474
vt 0.131811 0.671547
vt 0.131782 0.625014
vt 0.126517 0.573273
vt 0.126546 0.676765
vt 0.126523 0.625009
vt 0.168453 0.580739
vt 0.168458 0.625006
vt 0.144535 0.669567
vt 0.168470 0.669283
vt 0.125000 0.685326
vt 0.125000 0.625000
vt 0.125000 0.564674
vt 0.125000 0.504348
vt 0.380664 0.176765
vt 0.389021 0.125014
vt 0.389184 0.171546
vt 0.380500 0.073273
vt 0.380536 0.125009
vt 0.403412 0.125011
vt 0.403539 0.169566
vt 0.388966 0.078504
vt 0.375000 0.185326
vt 0.375000 0.064674
vt 0.375000 0.125000
vt 0.375000 0.004348
vt 0.403366 0.080474
vt 0.500053 0.980487
vt 0.458776 0.993228
vt 0.460318 0.980496
vt 0.541458 0.993189
vt 0.500062 0.993218
vt 0.454534 0.998483
vt 0.545640 0.998454
vt 0.500041 0.998477
vt 0.539869 0.980465
vt 0.552500 1.000000
vt 0.500000 1.000000
vt 0.447500 1.000000
vt 0.395000 1.000000
vt 0.454360 0.001741
vt 0.499938 0.007124
vt 0.458543 0.007159
vt 0.545466 0.001705
vt 0.499959 0.001713
vt 0.499947 0.019933
vt 0.460131 0.019961
vt 0.541225 0.007112
vt 0.447500 0.000000
vt 0.552500 0.000000
vt 0.500000 0.000000
vt 0.605000 0.000000
vt 0.539682 0.019923
vt 0.855487 0.624989
vt 0.868228 0.671496
vt 0.855496 0.669526
vt 0.868189 0.578454
vt 0.868218 0.624986
vt 0.873483 0.676727
vt 0.873454 0.573235
vt 0.873477 0.624991
vt 0.831542 0.624994
vt 0.855465 0.580434
vt 0.875000 0.564674
vt 0.875000 0.625000
vt 0.875000 0.685326
vt 0.875000 0.745652
vt 0.619336 0.073235
vt 0.610979 0.124986
vt 0.610816 0.078454
vt 0.619500 0.176727
vt 0.619464 0.124991
vt 0.596588 0.124989
vt 0.596461 0.080434
vt 0.611034 0.171496
vt 0.625000 0.064674
vt 0.625000 0.185326
vt 0.625000 0.125000
vt 0.625000 0.245652
vt 0.596634 0.169526
vt 0.573304 0.124994
vt 0.499947 0.269511
vt 0.541225 0.256765
vt 0.539682 0.269504
vt 0.458543 0.256803
vt 0.499938 0.256771
vt 0.545132 0.251487
vt 0.454694 0.251518
vt 0.499959 0.251484
vt 0.460131 0.269534
vt 0.451339 0.249919
vt 0.500000 0.249892
vt 0.548661 0.249901
vt 0.545306 0.248230
vt 0.500062 0.242865
vt 0.541458 0.242833
vt 0.454868 0.248267
vt 0.500041 0.248248
vt 0.500053 0.230065
vt 0.539869 0.230038
vt 0.458776 0.242880
vt 0.460318 0.230076
vt 0.250014 0.519937
vt 0.296859 0.507129
vt 0.294847 0.519936
vt 0.203205 0.507160
vt 0.250017 0.507129
vt 0.302115 0.501717
vt 0.197933 0.501741
vt 0.250011 0.501716
vt 0.294540 0.543849
vt 0.250008 0.543849
vt 0.205204 0.519961
vt 0.205488 0.543862
vt 0.189286 0.500000
vt 0.250000 0.500000
vt 0.310714 0.500000
vt 0.371429 0.500000
vt 0.380541 0.427081
vt 0.388975 0.375016
vt 0.389020 0.421815
vt 0.380496 0.322962
vt 0.380506 0.375010
vt 0.403374 0.375013
vt 0.403409 0.419813
vt 0.388961 0.328243
vt 0.375000 0.435714
vt 0.375000 0.314286
vt 0.375000 0.375000
vt 0.375000 0.253571
vt 0.403361 0.330234
vt 0.749973 0.519923
vt 0.796755 0.507111
vt 0.794764 0.519922
vt 0.703126 0.507114
vt 0.749968 0.507111
vt 0.802036 0.501704
vt 0.697875 0.501706
vt 0.749979 0.501705
vt 0.705141 0.519924
vt 0.689286 0.500000
vt 0.750000 0.500000
vt 0.810714 0.500000
vt 0.871429 0.500000
vt 0.619335 0.322932
vt 0.610959 0.375001
vt 0.610814 0.328203
vt 0.619444 0.427070
vt 0.619451 0.375001
vt 0.596570 0.375001
vt 0.596459 0.330202
vt 0.610959 0.421800
vt 0.625000 0.314286
vt 0.625000 0.435714
vt 0.625000 0.375000
vt 0.625000 0.496429
vt 0.596574 0.419801
vt 0.573294 0.375000
vt 0.499997 0.519929
vt 0.539543 0.507131
vt 0.539575 0.519927
vt 0.460439 0.507147
vt 0.499995 0.507134
vt 0.539518 0.501764
vt 0.460460 0.501785
vt 0.499994 0.501768
vt 0.460414 0.519938
vt 0.460468 0.500158
vt 0.499993 0.500139
vt 0.539507 0.500136
vt 0.539518 0.498544
vt 0.499995 0.493253
vt 0.539543 0.493250
vt 0.460460 0.498565
vt 0.499994 0.498548
vt 0.499997 0.480503
vt 0.539575 0.480502
vt 0.460439 0.493266
vt 0.460414 0.480512
vt 0.355573 0.625003
vt 0.368669 0.669279
vt 0.355604 0.669280
vt 0.368653 0.580738
vt 0.368623 0.625005
vt 0.374764 0.669278
vt 0.374743 0.580744
vt 0.374705 0.625006
vt 0.331582 0.669281
vt 0.331565 0.625002
vt 0.355593 0.580731
vt 0.331576 0.580725
vt 0.377851 0.580746
vt 0.377809 0.625007
vt 0.377874 0.669278
vt 0.381775 0.669279
vt 0.389352 0.625005
vt 0.389398 0.669279
vt 0.381754 0.580744
vt 0.381715 0.625006
vt 0.403436 0.625003
vt 0.403466 0.669280
vt 0.389382 0.580738
vt 0.403456 0.580731
vt 0.644427 0.624997
vt 0.631331 0.580721
vt 0.644396 0.580720
vt 0.631347 0.669262
vt 0.631377 0.624995
vt 0.625236 0.580722
vt 0.625257 0.669256
vt 0.625295 0.624994
vt 0.644407 0.669269
vt 0.622149 0.669254
vt 0.622191 0.624993
vt 0.622126 0.580722
vt 0.618225 0.580722
vt 0.610648 0.624995
vt 0.610602 0.580721
vt 0.618246 0.669256
vt 0.618285 0.624994
vt 0.596564 0.624997
vt 0.596533 0.580720
vt 0.610618 0.669262
vt 0.596544 0.669269
vt 0.573316 0.624998
vt 0.500003 0.769497
vt 0.539561 0.756734
vt 0.539586 0.769488
vt 0.460457 0.756750
vt 0.500005 0.756748
vt 0.539540 0.751435
vt 0.460482 0.751456
vt 0.500006 0.751452
vt 0.460425 0.769499
vt 0.460493 0.749864
vt 0.500007 0.749861
vt 0.539532 0.749842
vt 0.539540 0.748215
vt 0.500005 0.742866
vt 0.539561 0.742853
vt 0.460482 0.748236
vt 0.500006 0.748232
vt 0.500003 0.730071
vt 0.539586 0.730062
vt 0.460457 0.742869
vt 0.460425 0.730073
vt 0.250027 0.730078
vt 0.203245 0.742889
vt 0.205236 0.730078
vt 0.296874 0.742887
vt 0.250032 0.742889
vt 0.197964 0.748296
vt 0.302125 0.748294
vt 0.250021 0.748295
vt 0.205506 0.706159
vt 0.250015 0.706159
vt 0.294859 0.730076
vt 0.294546 0.706158
vt 0.310714 0.750000
vt 0.250000 0.750000
vt 0.189286 0.750000
vt 0.128571 0.750000
vt 0.380665 0.927068
vt 0.389041 0.874999
vt 0.389186 0.921798
vt 0.380556 0.822930
vt 0.380549 0.875000
vt 0.403430 0.874999
vt 0.403541 0.919798
vt 0.389041 0.828200
vt 0.375000 0.935714
vt 0.375000 0.814286
vt 0.375000 0.875000
vt 0.375000 0.753571
vt 0.403426 0.830199
vt 0.749986 0.730063
vt 0.703141 0.742871
vt 0.705153 0.730064
vt 0.796795 0.742840
vt 0.749983 0.742871
vt 0.697886 0.748283
vt 0.802067 0.748259
vt 0.749989 0.748284
vt 0.794797 0.730039
vt 0.810714 0.750000
vt 0.750000 0.750000
vt 0.689286 0.750000
vt 0.628571 0.750000
vt 0.619459 0.822919
vt 0.611025 0.874984
vt 0.610980 0.828185
vt 0.619504 0.927038
vt 0.619494 0.874990
vt 0.596626 0.874987
vt 0.596591 0.830188
vt 0.611040 0.921757
vt 0.625000 0.814286
vt 0.625000 0.935714
vt 0.625000 0.875000
vt 0.625000 0.996429
vt 0.596639 0.919766
vt 0.573325 0.874993
vt 0.205488 0.580727
vt 0.250003 0.625001
vt 0.205490 0.625003
vt 0.294525 0.580721
vt 0.250004 0.580722
vt 0.205495 0.669283
vt 0.294527 0.669282
vt 0.250006 0.669282
vt 0.294520 0.625001
s 0
usemtl HM_NewsBody
f 2299/2177/3699 2303/2178/3699 2302/2179/3699
f 2301/2180/3700 2303/2178/3700 2300/2181/3700
f 2303/2178/3701 2305/2182/3701 2302/2179/3701
f 2303/2178/3702 2307/2183/3702 2306/2184/3702
f 1949/2185/3703 2299/2177/3703 2287/2186/3703
f 2274/2187/3704 2300/2181/3704 2299/2177/3704
f 2272/2188/3705 2300/2181/3705 2273/2189/3705
f 1955/2190/3706 2301/2180/3706 2272/2188/3706
f 2298/2191/3707 2304/2192/3707 2301/2180/3707
f 2304/2192/3708 2296/2193/3708 2307/2183/3708
f 2307/2183/3709 1926/2194/3709 2202/2195/3709
f 2306/2184/3710 2202/2195/3710 2201/2196/3710
f 2306/2184/3711 2200/2197/3711 2305/2182/3711
f 2305/2182/3712 1920/2198/3712 2289/2199/3712
f 2302/2179/3713 2289/2199/3713 2288/2200/3713
f 2287/2186/3714 2302/2179/3714 2288/2200/3714
f 2308/2201/3715 2312/2202/3715 2311/2203/3715
f 2310/2204/3716 2312/2202/3716 2309/2205/3716
f 2312/2202/3717 2314/2206/3717 2311/2203/3717
f 2312/2202/3718 2316/2207/3718 2315/2208/3718
f 1963/2209/3719 2308/2201/3719 2260/2210/3719
f 2247/2211/3720 2309/2205/3720 2308/2201/3720
f 2245/2212/3721 2309/2205/3721 2246/2213/3721
f 1969/2214/3722 2310/2204/3722 2245/2212/3722
f 2271/2215/3723 2313/2216/3723 2310/2204/3723
f 2313/2216/3724 2269/2217/3724 2316/2207/3724
f 2316/2207/3725 1956/2218/3725 2280/2219/3725
f 2315/2208/3726 2280/2219/3726 2279/2220/3726
f 2315/2208/3727 2278/2221/3727 2314/2206/3727
f 2314/2206/3728 1948/2222/3728 2262/2223/3728
f 2311/2203/3729 2262/2223/3729 2261/2224/3729
f 2260/2210/3730 2311/2203/3730 2261/2224/3730
f 2317/2225/3731 2321/2226/3731 2320/2227/3731
f 2319/2228/3732 2321/2226/3732 2318/2229/3732
f 2321/2226/3733 2323/2230/3733 2320/2227/3733
f 2321/2226/3734 2325/2231/3734 2324/2232/3734
f 1968/2233/3735 2317/2225/3735 2263/2234/3735
f 2238/2235/3736 2318/2229/3736 2317/2225/3736
f 2236/2236/3737 2318/2229/3737 2237/2237/3737
f 1940/2238/3738 2319/2228/3738 2236/2236/3738
f 2211/2239/3739 2322/2240/3739 2319/2228/3739
f 2322/2240/3740 2209/2241/3740 2325/2231/3740
f 2325/2231/3741 1927/2242/3741 2292/2243/3741
f 2324/2232/3742 2292/2243/3742 2291/2244/3742
f 2324/2232/3743 2290/2245/3743 2323/2230/3743
f 2323/2230/3744 1954/2246/3744 2265/2247/3744
f 2320/2227/3745 2265/2247/3745 2264/2248/3745
f 2263/2234/3746 2320/2227/3746 2264/2248/3746
f 2326/2249/3747 2330/2250/3747 2329/2251/3747
f 2328/2252/3748 2330/2250/3748 2327/2253/3748
f 2330/2250/3749 2332/2254/3749 2329/2251/3749
f 2330/2250/3750 2334/2255/3750 2333/2256/3750
f 1921/2257/3751 2326/2249/3751 2197/2258/3751
f 2208/2259/3752 2327/2253/3752 2326/2249/3752
f 2206/2260/3753 2327/2253/3753 2207/2261/3753
f 1928/2262/3754 2328/2252/3754 2206/2260/3754
f 2217/2263/3755 2331/2264/3755 2328/2252/3755
f 2331/2264/3756 2215/2265/3756 2334/2255/3756
f 2334/2255/3757 1942/2266/3757 2226/2267/3757
f 2333/2256/3758 2226/2267/3758 2225/2268/3758
f 2333/2256/3759 2224/2269/3759 2332/2254/3759
f 2332/2254/3760 1934/2270/3760 2199/2271/3760
f 2329/2251/3761 2199/2271/3761 2198/2272/3761
f 2197/2258/3762 2329/2251/3762 2198/2272/3762
f 2335/2273/3763 2339/2274/3763 2338/2275/3763
f 2337/2276/3764 2339/2274/3764 2336/2277/3764
f 2339/2274/3765 2341/2278/3765 2338/2275/3765
f 2339/2274/3766 2343/2279/3766 2342/2280/3766
f 1935/2281/3767 2335/2273/3767 2233/2282/3767
f 2220/2283/3768 2336/2277/3768 2335/2273/3768
f 2218/2284/3769 2336/2277/3769 2219/2285/3769
f 1941/2286/3770 2337/2276/3770 2218/2284/3770
f 2244/2287/3771 2340/2288/3771 2337/2276/3771
f 2340/2288/3772 2242/2289/3772 2343/2279/3772
f 2343/2279/3773 1970/2290/3773 2253/2291/3773
f 2342/2280/3774 2253/2291/3774 2252/2292/3774
f 2342/2280/3775 2251/2293/3775 2341/2278/3775
f 2341/2278/3776 1962/2294/3776 2235/2295/3776
f 2338/2275/3777 2235/2295/3777 2234/2296/3777
f 2233/2282/3778 2338/2275/3778 2234/2296/3778
f 2344/2297/3779 2348/2298/3779 2347/2299/3779
f 2345/2300/3780 2349/2301/3780 2348/2298/3780
f 2347/2299/3781 2351/2302/3781 2350/2303/3781
f 2348/2298/3782 2352/2304/3782 2351/2302/3782
f 1919/2305/3783 2344/2297/3783 1977/2306/3783
f 1978/2307/3784 2345/2300/3784 2344/2297/3784
f 1979/2308/3785 2346/2309/3785 2345/2300/3785
f 1980/2310/3786 1981/2311/3786 2346/2309/3786
f 2346/2309/3787 1982/2312/3787 2349/2301/3787
f 2349/2301/3788 1983/2313/3788 2352/2304/3788
f 2352/2304/3789 1923/2314/3789 1984/2315/3789
f 2351/2302/3790 1984/2315/3790 1985/2316/3790
f 2350/2303/3791 1985/2316/3791 1986/2317/3791
f 1975/2318/3792 1986/2317/3792 1925/2319/3792
f 1976/2320/3793 2350/2303/3793 1975/2318/3793
f 1977/2306/3794 2347/2299/3794 1976/2320/3794
f 2353/2321/3795 2357/2322/3795 2356/2323/3795
f 2354/2324/3796 2358/2325/3796 2357/2322/3796
f 2356/2323/3797 2360/2326/3797 2359/2327/3797
f 2357/2322/3798 2361/2328/3798 2360/2326/3798
f 1920/2198/3799 2353/2321/3799 1989/2329/3799
f 1990/2330/3800 2354/2324/3800 2353/2321/3800
f 1991/2331/3801 2355/2332/3801 2354/2324/3801
f 1992/2333/3802 1993/2334/3802 2355/2332/3802
f 2355/2332/3803 1994/2335/3803 2358/2325/3803
f 2358/2325/3804 1995/2336/3804 2361/2328/3804
f 2361/2328/3805 1923/2337/3805 1983/2338/3805
f 2360/2326/3806 1983/2338/3806 1982/2339/3806
f 2359/2327/3807 1982/2339/3807 1981/2340/3807
f 1987/2341/3808 1981/2340/3808 1922/2342/3808
f 1988/2343/3809 2359/2327/3809 1987/2341/3809
f 1989/2329/3810 2356/2323/3810 1988/2343/3810
f 2362/2344/3811 2366/2345/3811 2365/2346/3811
f 2363/2347/3812 2367/2348/3812 2366/2345/3812
f 2365/2346/3813 2369/2349/3813 2368/2350/3813
f 2366/2345/3814 2370/2351/3814 2369/2349/3814
f 1921/2257/3815 2362/2344/3815 1998/2352/3815
f 1999/2353/3816 2363/2347/3816 2362/2344/3816
f 2000/2354/3817 2364/2355/3817 2363/2347/3817
f 2001/2356/3818 1986/2357/3818 2364/2355/3818
f 2364/2355/3819 1985/2358/3819 2367/2348/3819
f 2367/2348/3820 1984/2359/3820 2370/2351/3820
f 2370/2351/3821 1923/2360/3821 1995/2361/3821
f 2369/2349/3822 1995/2361/3822 1994/2362/3822
f 2368/2350/3823 1994/2362/3823 1993/2363/3823
f 1996/2364/3824 1993/2363/3824 1924/2365/3824
f 1997/2366/3825 2368/2350/3825 1996/2364/3825
f 1998/2352/3826 2365/2346/3826 1997/2366/3826
f 2371/2367/3827 2375/2368/3827 2374/2369/3827
f 2372/2370/3828 2376/2371/3828 2375/2368/3828
f 2374/2369/3829 2378/2372/3829 2377/2373/3829
f 2375/2368/3830 2379/2374/3830 2378/2372/3830
f 1926/2194/3831 2371/2367/3831 2004/2375/3831
f 2005/2376/3832 2372/2370/3832 2371/2367/3832
f 2006/2377/3833 2373/2378/3833 2372/2370/3833
f 2007/2379/3834 2008/2380/3834 2373/2378/3834
f 2373/2378/3835 2009/2381/3835 2376/2371/3835
f 2376/2371/3836 2010/2382/3836 2379/2374/3836
f 2379/2374/3837 1930/2383/3837 2011/2384/3837
f 2378/2372/3838 2011/2384/3838 2012/2385/3838
f 2377/2373/3839 2012/2385/3839 2013/2386/3839
f 2002/2387/3840 2013/2386/3840 1932/2388/3840
f 2003/2389/3841 2377/2373/3841 2002/2387/3841
f 2004/2375/3842 2374/2369/3842 2003/2389/3842
f 2380/2390/3843 2384/2391/3843 2383/2392/3843
f 2381/2393/3844 2385/2394/3844 2384/2391/3844
f 2383/2392/3845 2387/2395/3845 2386/2396/3845
f 2384/2391/3846 2388/2397/3846 2387/2395/3846
f 1927/2242/3847 2380/2390/3847 2016/2398/3847
f 2017/2399/3848 2381/2393/3848 2380/2390/3848
f 2018/2400/3849 2382/2401/3849 2381/2393/3849
f 2019/2402/3850 2020/2403/3850 2382/2401/3850
f 2382/2401/3851 2021/2404/3851 2385/2394/3851
f 2385/2394/3852 2022/2405/3852 2388/2397/3852
f 2388/2397/3853 1930/2406/3853 2010/2407/3853
f 2387/2395/3854 2010/2407/3854 2009/2408/3854
f 2386/2396/3855 2009/2408/3855 2008/2409/3855
f 2014/2410/3856 2008/2409/3856 1929/2411/3856
f 2015/2412/3857 2386/2396/3857 2014/2410/3857
f 2016/2398/3858 2383/2392/3858 2015/2412/3858
f 2389/2413/3859 2393/2414/3859 2392/2415/3859
f 2390/2416/3860 2394/2417/3860 2393/2414/3860
f 2392/2415/3861 2396/2418/3861 2395/2419/3861
f 2393/2414/3862 2397/2420/3862 2396/2418/3862
f 1928/2262/3863 2389/2413/3863 2025/2421/3863
f 2026/2422/3864 2390/2416/3864 2389/2413/3864
f 2027/2423/3865 2391/2424/3865 2390/2416/3865
f 2028/2425/3866 2013/2426/3866 2391/2424/3866
f 2391/2424/3867 2012/2427/3867 2394/2417/3867
f 2394/2417/3868 2011/2428/3868 2397/2420/3868
f 2397/2420/3869 1930/2429/3869 2022/2430/3869
f 2396/2418/3870 2022/2430/3870 2021/2431/3870
f 2395/2419/3871 2021/2431/3871 2020/2432/3871
f 2023/2433/3872 2020/2432/3872 1931/2434/3872
f 2024/2435/3873 2395/2419/3873 2023/2433/3873
f 2025/2421/3874 2392/2415/3874 2024/2435/3874
f 2398/2436/3875 2402/2437/3875 2401/2438/3875
f 2399/2439/3876 2403/2440/3876 2402/2437/3876
f 2401/2438/3877 2405/2441/3877 2404/2442/3877
f 2402/2437/3878 2406/2443/3878 2405/2441/3878
f 1933/2444/3879 2398/2436/3879 2031/2445/3879
f 2032/2446/3880 2399/2439/3880 2398/2436/3880
f 2033/2447/3881 2400/2448/3881 2399/2439/3881
f 2034/2449/3882 2035/2450/3882 2400/2448/3882
f 2400/2448/3883 2036/2451/3883 2403/2440/3883
f 2403/2440/3884 2037/2452/3884 2406/2443/3884
f 2406/2443/3885 1937/2453/3885 2038/2454/3885
f 2405/2441/3886 2038/2454/3886 2039/2455/3886
f 2404/2442/3887 2039/2455/3887 2040/2456/3887
f 2029/2457/3888 2040/2456/3888 1939/2458/3888
f 2030/2459/3889 2404/2442/3889 2029/2457/3889
f 2031/2445/3890 2401/2438/3890 2030/2459/3890
f 2407/2460/3891 2411/2461/3891 2410/2462/3891
f 2408/2463/3892 2412/2464/3892 2411/2461/3892
f 2410/2462/3893 2414/2465/3893 2413/2466/3893
f 2411/2461/3894 2415/2467/3894 2414/2465/3894
f 1934/2270/3895 2407/2460/3895 2043/2468/3895
f 2044/2469/3896 2408/2463/3896 2407/2460/3896
f 2045/2470/3897 2409/2471/3897 2408/2463/3897
f 2046/2472/3898 2047/2473/3898 2409/2471/3898
f 2409/2471/3899 2048/2474/3899 2412/2464/3899
f 2412/2464/3900 2049/2475/3900 2415/2467/3900
f 2415/2467/3901 1937/2476/3901 2037/2477/3901
f 2414/2465/3902 2037/2477/3902 2036/2478/3902
f 2413/2466/3903 2036/2478/3903 2035/2479/3903
f 2041/2480/3904 2035/2479/3904 1936/2481/3904
f 2042/2482/3905 2413/2466/3905 2041/2480/3905
f 2043/2468/3906 2410/2462/3906 2042/2482/3906
f 2416/2483/3907 2420/2484/3907 2419/2485/3907
f 2417/2486/3908 2421/2487/3908 2420/2484/3908
f 2419/2485/3909 2423/2488/3909 2422/2489/3909
f 2420/2484/3910 2424/2490/3910 2423/2488/3910
f 1935/2281/3911 2416/2483/3911 2052/2491/3911
f 2053/2492/3912 2417/2486/3912 2416/2483/3912
f 2054/2493/3913 2418/2494/3913 2417/2486/3913
f 2055/2495/3914 2040/2496/3914 2418/2494/3914
f 2418/2494/3915 2039/2497/3915 2421/2487/3915
f 2421/2487/3916 2038/2498/3916 2424/2490/3916
f 2424/2490/3917 1937/2499/3917 2049/2500/3917
f 2423/2488/3918 2049/2500/3918 2048/2501/3918
f 2422/2489/3919 2048/2501/3919 2047/2502/3919
f 2050/2503/3920 2047/2502/3920 1938/2504/3920
f 2051/2505/3921 2422/2489/3921 2050/2503/3921
f 2052/2491/3922 2419/2485/3922 2051/2505/3922
f 2425/2506/3923 2429/2507/3923 2428/2508/3923
f 2426/2509/3924 2430/2510/3924 2429/2507/3924
f 2428/2508/3925 2432/2511/3925 2431/2512/3925
f 2429/2507/3926 2433/2513/3926 2432/2511/3926
f 1940/2238/3927 2425/2506/3927 2058/2514/3927
f 2059/2515/3928 2426/2509/3928 2425/2506/3928
f 2060/2516/3929 2427/2517/3929 2426/2509/3929
f 2061/2518/3930 2062/2519/3930 2427/2517/3930
f 2427/2517/3931 2063/2520/3931 2430/2510/3931
f 2430/2510/3932 2064/2521/3932 2433/2513/3932
f 2433/2513/3933 1944/2522/3933 2065/2523/3933
f 2432/2511/3934 2065/2523/3934 2066/2524/3934
f 2431/2512/3935 2066/2524/3935 2067/2525/3935
f 2056/2526/3936 2067/2525/3936 1946/2527/3936
f 2057/2528/3937 2431/2512/3937 2056/2526/3937
f 2058/2514/3938 2428/2508/3938 2057/2528/3938
f 2434/2529/3939 2438/2530/3939 2437/2531/3939
f 2435/2532/3940 2439/2533/3940 2438/2530/3940
f 2437/2531/3941 2441/2534/3941 2440/2535/3941
f 2438/2530/3942 2442/2536/3942 2441/2534/3942
f 1941/2286/3943 2434/2529/3943 2070/2537/3943
f 2071/2538/3944 2435/2532/3944 2434/2529/3944
f 2072/2539/3945 2436/2540/3945 2435/2532/3945
f 2073/2541/3946 2074/2542/3946 2436/2540/3946
f 2436/2540/3947 2075/2543/3947 2439/2533/3947
f 2439/2533/3948 2076/2544/3948 2442/2536/3948
f 2442/2536/3949 1944/2545/3949 2064/2546/3949
f 2441/2534/3950 2064/2546/3950 2063/2547/3950
f 2440/2535/3951 2063/2547/3951 2062/2548/3951
f 2068/2549/3952 2062/2548/3952 1943/2550/3952
f 2069/2551/3953 2440/2535/3953 2068/2549/3953
f 2070/2537/3954 2437/2531/3954 2069/2551/3954
f 2443/2552/3955 2447/2553/3955 2446/2554/3955
f 2444/2555/3956 2448/2556/3956 2447/2553/3956
f 2446/2554/3957 2450/2557/3957 2449/2558/3957
f 2447/2553/3958 2451/2559/3958 2450/2557/3958
f 1942/2266/3959 2443/2552/3959 2079/2560/3959
f 2080/2561/3960 2444/2555/3960 2443/2552/3960
f 2081/2562/3961 2445/2563/3961 2444/2555/3961
f 2082/2564/3962 2067/2565/3962 2445/2563/3962
f 2445/2563/3963 2066/2566/3963 2448/2556/3963
f 2448/2556/3964 2065/2567/3964 2451/2559/3964
f 2451/2559/3965 1944/2568/3965 2076/2569/3965
f 2450/2557/3966 2076/2569/3966 2075/2570/3966
f 2449/2558/3967 2075/2570/3967 2074/2571/3967
f 2077/2572/3968 2074/2571/3968 1945/2573/3968
f 2078/2574/3969 2449/2558/3969 2077/2572/3969
f 2079/2560/3970 2446/2554/3970 2078/2574/3970
f 2452/2575/3971 2456/2576/3971 2455/2577/3971
f 2453/2578/3972 2457/2579/3972 2456/2576/3972
f 2455/2577/3973 2459/2580/3973 2458/2581/3973
f 2456/2576/3974 2460/2582/3974 2459/2580/3974
f 1947/2583/3975 2452/2575/3975 2085/2584/3975
f 2086/2585/3976 2453/2578/3976 2452/2575/3976
f 2087/2586/3977 2454/2587/3977 2453/2578/3977
f 2088/2588/3978 2089/2589/3978 2454/2587/3978
f 2454/2587/3979 2090/2590/3979 2457/2579/3979
f 2457/2579/3980 2091/2591/3980 2460/2582/3980
f 2460/2582/3981 1951/2592/3981 2092/2593/3981
f 2459/2580/3982 2092/2593/3982 2093/2594/3982
f 2458/2581/3983 2093/2594/3983 2094/2595/3983
f 2083/2596/3984 2094/2595/3984 1953/2597/3984
f 2084/2598/3985 2458/2581/3985 2083/2596/3985
f 2085/2584/3986 2455/2577/3986 2084/2598/3986
f 2461/2599/3987 2465/2600/3987 2464/2601/3987
f 2462/2602/3988 2466/2603/3988 2465/2600/3988
f 2464/2601/3989 2468/2604/3989 2467/2605/3989
f 2465/2600/3990 2469/2606/3990 2468/2604/3990
f 1948/2222/3991 2461/2599/3991 2097/2607/3991
f 2098/2608/3992 2462/2602/3992 2461/2599/3992
f 2099/2609/3993 2463/2610/3993 2462/2602/3993
f 2100/2611/3994 2101/2612/3994 2463/2610/3994
f 2463/2610/3995 2102/2613/3995 2466/2603/3995
f 2466/2603/3996 2103/2614/3996 2469/2606/3996
f 2469/2606/3997 1951/2592/3997 2091/2591/3997
f 2468/2604/3998 2091/2591/3998 2090/2590/3998
f 2467/2605/3999 2090/2590/3999 2089/2589/3999
f 2095/2615/4000 2089/2589/4000 1950/2616/4000
f 2096/2617/4001 2467/2605/4001 2095/2615/4001
f 2097/2607/4002 2464/2601/4002 2096/2617/4002
f 2470/2618/4003 2474/2619/4003 2473/2620/4003
f 2471/2621/4004 2475/2622/4004 2474/2619/4004
f 2473/2620/4005 2477/2623/4005 2476/2624/4005
f 2474/2619/4006 2478/2625/4006 2477/2623/4006
f 1949/2185/4007 2470/2618/4007 2106/2626/4007
f 2107/2627/4008 2471/2621/4008 2470/2618/4008
f 2108/2628/4009 2472/2629/4009 2471/2621/4009
f 2109/2630/4010 2094/2631/4010 2472/2629/4010
f 2472/2629/4011 2093/2632/4011 2475/2622/4011
f 2475/2622/4012 2092/2633/4012 2478/2625/4012
f 2478/2625/4013 1951/2592/4013 2103/2614/4013
f 2477/2623/4014 2103/2614/4014 2102/2613/4014
f 2476/2624/4015 2102/2613/4015 2101/2612/4015
f 2104/2634/4016 2101/2612/4016 1952/2635/4016
f 2105/2636/4017 2476/2624/4017 2104/2634/4017
f 2106/2626/4018 2473/2620/4018 2105/2636/4018
f 2479/2637/4019 2483/2638/4019 2482/2639/4019
f 2480/2640/4020 2484/2641/4020 2483/2638/4020
f 2482/2639/4021 2486/2642/4021 2485/2643/4021
f 2483/2638/4022 2487/2644/4022 2486/2642/4022
f 1954/2246/4023 2479/2637/4023 2112/2645/4023
f 2113/2646/4024 2480/2640/4024 2479/2637/4024
f 2114/2647/4025 2481/2648/4025 2480/2640/4025
f 2115/2649/4026 2116/2650/4026 2481/2648/4026
f 2481/2648/4027 2117/2651/4027 2484/2641/4027
f 2484/2641/4028 2118/2652/4028 2487/2644/4028
f 2487/2644/4029 1958/2653/4029 2119/2654/4029
f 2486/2642/4030 2119/2654/4030 2120/2655/4030
f 2485/2643/4031 2120/2655/4031 2121/2656/4031
f 2110/2657/4032 2121/2656/4032 1960/2658/4032
f 2111/2659/4033 2485/2643/4033 2110/2657/4033
f 2112/2645/4034 2482/2639/4034 2111/2659/4034
f 2488/2660/4035 2492/2661/4035 2491/2662/4035
f 2489/2663/4036 2493/2664/4036 2492/2661/4036
f 2491/2662/4037 2495/2665/4037 2494/2666/4037
f 2492/2661/4038 2496/2667/4038 2495/2665/4038
f 1955/2190/4039 2488/2660/4039 2124/2668/4039
f 2125/2669/4040 2489/2663/4040 2488/2660/4040
f 2126/2670/4041 2490/2671/4041 2489/2663/4041
f 2127/2672/4042 2128/2673/4042 2490/2671/4042
f 2490/2671/4043 2129/2674/4043 2493/2664/4043
f 2493/2664/4044 2130/2675/4044 2496/2667/4044
f 2496/2667/4045 1958/2653/4045 2118/2676/4045
f 2495/2665/4046 2118/2676/4046 2117/2677/4046
f 2494/2666/4047 2117/2677/4047 2116/2678/4047
f 2122/2679/4048 2116/2678/4048 1957/2680/4048
f 2123/2681/4049 2494/2666/4049 2122/2679/4049
f 2124/2668/4050 2491/2662/4050 2123/2681/4050
f 2497/2682/4051 2501/2683/4051 2500/2684/4051
f 2498/2685/4052 2502/2686/4052 2501/2683/4052
f 2500/2684/4053 2504/2687/4053 2503/2688/4053
f 2501/2683/4054 2505/2689/4054 2504/2687/4054
f 1956/2218/4055 2497/2682/4055 2133/2690/4055
f 2134/2691/4056 2498/2685/4056 2497/2682/4056
f 2135/2692/4057 2499/2693/4057 2498/2685/4057
f 2136/2694/4058 2121/2656/4058 2499/2693/4058
f 2499/2693/4059 2120/2655/4059 2502/2686/4059
f 2502/2686/4060 2119/2654/4060 2505/2689/4060
f 2505/2689/4061 1958/2653/4061 2130/2675/4061
f 2504/2687/4062 2130/2675/4062 2129/2674/4062
f 2503/2688/4063 2129/2674/4063 2128/2673/4063
f 2131/2695/4064 2128/2673/4064 1959/2696/4064
f 2132/2697/4065 2503/2688/4065 2131/2695/4065
f 2133/2690/4066 2500/2684/4066 2132/2697/4066
f 2506/2698/4067 2510/2699/4067 2509/2700/4067
f 2507/2701/4068 2511/2702/4068 2510/2699/4068
f 2509/2700/4069 2513/2703/4069 2512/2704/4069
f 2510/2699/4070 2514/2705/4070 2513/2703/4070
f 1961/2706/4071 2506/2698/4071 2139/2707/4071
f 2140/2708/4072 2507/2701/4072 2506/2698/4072
f 2141/2709/4073 2508/2710/4073 2507/2701/4073
f 2142/2711/4074 2143/2712/4074 2508/2710/4074
f 2508/2710/4075 2144/2713/4075 2511/2702/4075
f 2511/2702/4076 2145/2714/4076 2514/2705/4076
f 2514/2705/4077 1965/2715/4077 2146/2716/4077
f 2513/2703/4078 2146/2716/4078 2147/2717/4078
f 2512/2704/4079 2147/2717/4079 2148/2718/4079
f 2137/2719/4080 2148/2718/4080 1967/2720/4080
f 2138/2721/4081 2512/2704/4081 2137/2719/4081
f 2139/2707/4082 2509/2700/4082 2138/2721/4082
f 2515/2722/4083 2519/2723/4083 2518/2724/4083
f 2516/2725/4084 2520/2726/4084 2519/2723/4084
f 2518/2724/4085 2522/2727/4085 2521/2728/4085
f 2519/2723/4086 2523/2729/4086 2522/2727/4086
f 1962/2294/4087 2515/2722/4087 2151/2730/4087
f 2152/2731/4088 2516/2725/4088 2515/2722/4088
f 2153/2732/4089 2517/2733/4089 2516/2725/4089
f 2154/2734/4090 2155/2735/4090 2517/2733/4090
f 2517/2733/4091 2156/2736/4091 2520/2726/4091
f 2520/2726/4092 2157/2737/4092 2523/2729/4092
f 2523/2729/4093 1965/2715/4093 2145/2738/4093
f 2522/2727/4094 2145/2738/4094 2144/2739/4094
f 2521/2728/4095 2144/2739/4095 2143/2740/4095
f 2149/2741/4096 2143/2740/4096 1964/2742/4096
f 2150/2743/4097 2521/2728/4097 2149/2741/4097
f 2151/2730/4098 2518/2724/4098 2150/2743/4098
f 2524/2744/4099 2528/2745/4099 2527/2746/4099
f 2525/2747/4100 2529/2748/4100 2528/2745/4100
f 2527/2746/4101 2531/2749/4101 2530/2750/4101
f 2528/2745/4102 2532/2751/4102 2531/2749/4102
f 1963/2209/4103 2524/2744/4103 2160/2752/4103
f 2161/2753/4104 2525/2747/4104 2524/2744/4104
f 2162/2754/4105 2526/2755/4105 2525/2747/4105
f 2163/2756/4106 2148/2718/4106 2526/2755/4106
f 2526/2755/4107 2147/2717/4107 2529/2748/4107
f 2529/2748/4108 2146/2716/4108 2532/2751/4108
f 2532/2751/4109 1965/2715/4109 2157/2737/4109
f 2531/2749/4110 2157/2737/4110 2156/2736/4110
f 2530/2750/4111 2156/2736/4111 2155/2735/4111
f 2158/2757/4112 2155/2735/4112 1966/2758/4112
f 2159/2759/4113 2530/2750/4113 2158/2757/4113
f 2160/2752/4114 2527/2746/4114 2159/2759/4114
f 2533/2760/4115 2537/2761/4115 2536/2762/4115
f 2534/2763/4116 2538/2764/4116 2537/2761/4116
f 2536/2762/4117 2540/2765/4117 2539/2766/4117
f 2537/2761/4118 2541/2767/4118 2540/2765/4118
f 1968/2233/4119 2533/2760/4119 2166/2768/4119
f 2167/2769/4120 2534/2763/4120 2533/2760/4120
f 2168/2770/4121 2535/2771/4121 2534/2763/4121
f 2169/2772/4122 2170/2773/4122 2535/2771/4122
f 2535/2771/4123 2171/2774/4123 2538/2764/4123
f 2538/2764/4124 2172/2775/4124 2541/2767/4124
f 2541/2767/4125 1972/2776/4125 2173/2777/4125
f 2540/2765/4126 2173/2777/4126 2174/2778/4126
f 2539/2766/4127 2174/2778/4127 2175/2779/4127
f 2164/2780/4128 2175/2779/4128 1974/2781/4128
f 2165/2782/4129 2539/2766/4129 2164/2780/4129
f 2166/2768/4130 2536/2762/4130 2165/2782/4130
f 2542/2783/4131 2546/2784/4131 2545/2785/4131
f 2543/2786/4132 2547/2787/4132 2546/2784/4132
f 2545/2785/4133 2549/2788/4133 2548/2789/4133
f 2546/2784/4134 2550/2790/4134 2549/2788/4134
f 1969/2214/4135 2542/2783/4135 2178/2791/4135
f 2179/2792/4136 2543/2786/4136 2542/2783/4136
f 2180/2793/4137 2544/2794/4137 2543/2786/4137
f 2181/2795/4138 2182/2796/4138 2544/2794/4138
f 2544/2794/4139 2183/2797/4139 2547/2787/4139
f 2547/2787/4140 2184/2798/4140 2550/2790/4140
f 2550/2790/4141 1972/2776/4141 2172/2775/4141
f 2549/2788/4142 2172/2775/4142 2171/2774/4142
f 2548/2789/4143 2171/2774/4143 2170/2773/4143
f 2176/2799/4144 2170/2773/4144 1971/2800/4144
f 2177/2801/4145 2548/2789/4145 2176/2799/4145
f 2178/2791/4146 2545/2785/4146 2177/2801/4146
f 2551/2802/4147 2555/2803/4147 2554/2804/4147
f 2552/2805/4148 2556/2806/4148 2555/2803/4148
f 2554/2804/4149 2558/2807/4149 2557/2808/4149
f 2555/2803/4150 2559/2809/4150 2558/2807/4150
f 1970/2290/4151 2551/2802/4151 2187/2810/4151
f 2188/2811/4152 2552/2805/4152 2551/2802/4152
f 2189/2812/4153 2553/2813/4153 2552/2805/4153
f 2190/2814/4154 2175/2815/4154 2553/2813/4154
f 2553/2813/4155 2174/2816/4155 2556/2806/4155
f 2556/2806/4156 2173/2817/4156 2559/2809/4156
f 2559/2809/4157 1972/2776/4157 2184/2798/4157
f 2558/2807/4158 2184/2798/4158 2183/2797/4158
f 2557/2808/4159 2183/2797/4159 2182/2796/4159
f 2185/2818/4160 2182/2796/4160 1973/2819/4160
f 2186/2820/4161 2557/2808/4161 2185/2818/4161
f 2187/2810/4162 2554/2804/4162 2186/2820/4162
f 2561/2821/4163 2563/2822/4163 2560/2823/4163
f 2561/2821/4164 2565/2824/4164 2564/2825/4164
f 2564/2825/4165 2566/2826/4165 2563/2822/4165
f 2564/2825/4166 2568/2827/4166 2567/2828/4166
f 2191/2829/4167 2032/2446/4167 1933/2444/4167
f 2192/2830/4168 2560/2823/4168 2191/2829/4168
f 2192/2830/4169 2562/2831/4169 2561/2821/4169
f 2193/2832/4170 1977/2306/4170 2562/2831/4170
f 2562/2831/4171 1976/2320/4171 2565/2824/4171
f 2565/2824/4172 1975/2318/4172 2568/2827/4172
f 2568/2827/4173 1925/2319/4173 2194/2833/4173
f 2567/2828/4174 2194/2833/4174 2195/2834/4174
f 2567/2828/4175 2196/2835/4175 2566/2826/4175
f 2566/2826/4176 1936/2836/4176 2034/2449/4176
f 2563/2822/4177 2034/2449/4177 2033/2447/4177
f 2560/2823/4178 2033/2447/4178 2032/2446/4178
f 2569/2837/4179 2573/2838/4179 2572/2839/4179
f 2571/2840/4180 2573/2838/4180 2570/2841/4180
f 2572/2839/4181 2576/2842/4181 2575/2843/4181
f 2574/2844/4182 2576/2842/4182 2573/2838/4182
f 1936/2481/4183 2569/2837/4183 2041/2480/4183
f 2196/2845/4184 2570/2841/4184 2569/2837/4184
f 2194/2846/4185 2570/2841/4185 2195/2847/4185
f 1925/2848/4186 2571/2840/4186 2194/2846/4186
f 2001/2356/4187 2574/2844/4187 2571/2840/4187
f 2000/2354/4188 2577/2849/4188 2574/2844/4188
f 1999/2353/4189 2197/2258/4189 2577/2849/4189
f 2577/2849/4190 2198/2272/4190 2576/2842/4190
f 2575/2843/4191 2198/2272/4191 2199/2271/4191
f 2043/2468/4192 2199/2271/4192 1934/2270/4192
f 2042/2482/4193 2575/2843/4193 2043/2468/4193
f 2041/2480/4194 2572/2839/4194 2042/2482/4194
f 2579/2850/4195 2581/2851/4195 2578/2852/4195
f 2579/2850/4196 2583/2853/4196 2582/2854/4196
f 2582/2854/4197 2584/2855/4197 2581/2851/4197
f 2582/2854/4198 2586/2856/4198 2585/2857/4198
f 2200/2197/4199 1990/2330/4199 1920/2198/4199
f 2201/2196/4200 2578/2852/4200 2200/2197/4200
f 2201/2196/4201 2580/2858/4201 2579/2850/4201
f 2202/2195/4202 2004/2375/4202 2580/2858/4202
f 2580/2858/4203 2003/2389/4203 2583/2853/4203
f 2583/2853/4204 2002/2387/4204 2586/2856/4204
f 2586/2856/4205 1932/2388/4205 2203/2859/4205
f 2585/2857/4206 2203/2859/4206 2204/2860/4206
f 2585/2857/4207 2205/2861/4207 2584/2855/4207
f 2584/2855/4208 1924/2862/4208 1992/2333/4208
f 2581/2851/4209 1992/2333/4209 1991/2331/4209
f 2578/2852/4210 1991/2331/4210 1990/2330/4210
f 2587/2863/4211 2591/2864/4211 2590/2865/4211
f 2589/2866/4212 2591/2864/4212 2588/2867/4212
f 2590/2865/4213 2594/2868/4213 2593/2869/4213
f 2592/2870/4214 2594/2868/4214 2591/2864/4214
f 1924/2365/4215 2587/2863/4215 1996/2364/4215
f 2205/2871/4216 2588/2867/4216 2587/2863/4216
f 2203/2872/4217 2588/2867/4217 2204/2873/4217
f 1932/2874/4218 2589/2866/4218 2203/2872/4218
f 2028/2425/4219 2592/2870/4219 2589/2866/4219
f 2027/2423/4220 2595/2875/4220 2592/2870/4220
f 2026/2422/4221 2206/2260/4221 2595/2875/4221
f 2595/2875/4222 2207/2261/4222 2594/2868/4222
f 2593/2869/4223 2207/2261/4223 2208/2259/4223
f 1998/2352/4224 2208/2259/4224 1921/2257/4224
f 1997/2366/4225 2593/2869/4225 1998/2352/4225
f 1996/2364/4226 2590/2865/4226 1997/2366/4226
f 2597/2876/4227 2599/2877/4227 2596/2878/4227
f 2597/2876/4228 2601/2879/4228 2600/2880/4228
f 2600/2880/4229 2602/2881/4229 2599/2877/4229
f 2600/2880/4230 2604/2882/4230 2603/2883/4230
f 2209/2241/4231 2017/2399/4231 1927/2242/4231
f 2210/2884/4232 2596/2878/4232 2209/2241/4232
f 2210/2884/4233 2598/2885/4233 2597/2876/4233
f 2211/2239/4234 2058/2514/4234 2598/2885/4234
f 2598/2885/4235 2057/2528/4235 2601/2879/4235
f 2601/2879/4236 2056/2526/4236 2604/2882/4236
f 2604/2882/4237 1946/2527/4237 2212/2886/4237
f 2603/2883/4238 2212/2886/4238 2213/2887/4238
f 2603/2883/4239 2214/2888/4239 2602/2881/4239
f 2602/2881/4240 1931/2889/4240 2019/2402/4240
f 2599/2877/4241 2019/2402/4241 2018/2400/4241
f 2596/2878/4242 2018/2400/4242 2017/2399/4242
f 2605/2890/4243 2609/2891/4243 2608/2892/4243
f 2607/2893/4244 2609/2891/4244 2606/2894/4244
f 2608/2892/4245 2612/2895/4245 2611/2896/4245
f 2610/2897/4246 2612/2895/4246 2609/2891/4246
f 1931/2434/4247 2605/2890/4247 2023/2433/4247
f 2214/2898/4248 2606/2894/4248 2605/2890/4248
f 2212/2899/4249 2606/2894/4249 2213/2900/4249
f 1946/2901/4250 2607/2893/4250 2212/2899/4250
f 2082/2564/4251 2610/2897/4251 2607/2893/4251
f 2081/2562/4252 2613/2902/4252 2610/2897/4252
f 2080/2561/4253 2215/2265/4253 2613/2902/4253
f 2613/2902/4254 2216/2903/4254 2612/2895/4254
f 2611/2896/4255 2216/2903/4255 2217/2263/4255
f 2025/2421/4256 2217/2263/4256 1928/2262/4256
f 2024/2435/4257 2611/2896/4257 2025/2421/4257
f 2023/2433/4258 2608/2892/4258 2024/2435/4258
f 2615/2904/4259 2617/2905/4259 2614/2906/4259
f 2615/2904/4260 2619/2907/4260 2618/2908/4260
f 2618/2908/4261 2620/2909/4261 2617/2905/4261
f 2618/2908/4262 2622/2910/4262 2621/2911/4262
f 2218/2284/4263 2071/2538/4263 1941/2286/4263
f 2219/2285/4264 2614/2906/4264 2218/2284/4264
f 2219/2285/4265 2616/2912/4265 2615/2904/4265
f 2220/2283/4266 2052/2491/4266 2616/2912/4266
f 2616/2912/4267 2051/2505/4267 2619/2907/4267
f 2619/2907/4268 2050/2503/4268 2622/2910/4268
f 2622/2910/4269 1938/2504/4269 2221/2913/4269
f 2621/2911/4270 2221/2913/4270 2222/2914/4270
f 2621/2911/4271 2223/2915/4271 2620/2909/4271
f 2620/2909/4272 1945/2573/4272 2073/2541/4272
f 2617/2905/4273 2073/2541/4273 2072/2539/4273
f 2614/2906/4274 2072/2539/4274 2071/2538/4274
f 2623/2916/4275 2627/2917/4275 2626/2918/4275
f 2625/2919/4276 2627/2917/4276 2624/2920/4276
f 2626/2918/4277 2630/2921/4277 2629/2922/4277
f 2628/2923/4278 2630/2921/4278 2627/2917/4278
f 1945/2573/4279 2623/2916/4279 2077/2572/4279
f 2223/2915/4280 2624/2920/4280 2623/2916/4280
f 2221/2913/4281 2624/2920/4281 2222/2914/4281
f 1938/2504/4282 2625/2919/4282 2221/2913/4282
f 2046/2472/4283 2628/2923/4283 2625/2919/4283
f 2045/2470/4284 2631/2924/4284 2628/2923/4284
f 2044/2469/4285 2224/2269/4285 2631/2924/4285
f 2631/2924/4286 2225/2268/4286 2630/2921/4286
f 2629/2922/4287 2225/2268/4287 2226/2267/4287
f 2079/2560/4288 2226/2267/4288 1942/2266/4288
f 2078/2574/4289 2629/2922/4289 2079/2560/4289
f 2077/2572/4290 2626/2918/4290 2078/2574/4290
f 2633/2925/4291 2635/2926/4291 2632/2927/4291
f 2633/2925/4292 2637/2928/4292 2636/2929/4292
f 2636/2929/4293 2638/2930/4293 2635/2926/4293
f 2636/2929/4294 2640/2931/4294 2639/2932/4294
f 2227/2933/4295 2140/2708/4295 1961/2706/4295
f 2228/2934/4296 2632/2927/4296 2227/2933/4296
f 2228/2934/4297 2634/2935/4297 2633/2925/4297
f 2229/2936/4298 2031/2445/4298 2634/2935/4298
f 2634/2935/4299 2030/2459/4299 2637/2928/4299
f 2637/2928/4300 2029/2457/4300 2640/2931/4300
f 2640/2931/4301 1939/2458/4301 2230/2937/4301
f 2639/2932/4302 2230/2937/4302 2231/2938/4302
f 2639/2932/4303 2232/2939/4303 2638/2930/4303
f 2638/2930/4304 1964/2940/4304 2142/2711/4304
f 2635/2926/4305 2142/2711/4305 2141/2709/4305
f 2632/2927/4306 2141/2709/4306 2140/2708/4306
f 2641/2941/4307 2645/2942/4307 2644/2943/4307
f 2643/2944/4308 2645/2942/4308 2642/2945/4308
f 2644/2943/4309 2648/2946/4309 2647/2947/4309
f 2646/2948/4310 2648/2946/4310 2645/2942/4310
f 1964/2742/4311 2641/2941/4311 2149/2741/4311
f 2232/2949/4312 2642/2945/4312 2641/2941/4312
f 2230/2950/4313 2642/2945/4313 2231/2951/4313
f 1939/2952/4314 2643/2944/4314 2230/2950/4314
f 2055/2495/4315 2646/2948/4315 2643/2944/4315
f 2054/2493/4316 2649/2953/4316 2646/2948/4316
f 2053/2492/4317 2233/2282/4317 2649/2953/4317
f 2649/2953/4318 2234/2296/4318 2648/2946/4318
f 2647/2947/4319 2234/2296/4319 2235/2295/4319
f 2151/2730/4320 2235/2295/4320 1962/2294/4320
f 2150/2743/4321 2647/2947/4321 2151/2730/4321
f 2149/2741/4322 2644/2943/4322 2150/2743/4322
f 2651/2954/4323 2653/2955/4323 2650/2956/4323
f 2651/2954/4324 2655/2957/4324 2654/2958/4324
f 2654/2958/4325 2656/2959/4325 2653/2955/4325
f 2654/2958/4326 2658/2960/4326 2657/2961/4326
f 2236/2236/4327 2059/2515/4327 1940/2238/4327
f 2237/2237/4328 2650/2956/4328 2236/2236/4328
f 2237/2237/4329 2652/2962/4329 2651/2954/4329
f 2238/2235/4330 2166/2768/4330 2652/2962/4330
f 2652/2962/4331 2165/2782/4331 2655/2957/4331
f 2655/2957/4332 2164/2780/4332 2658/2960/4332
f 2658/2960/4333 1974/2781/4333 2239/2963/4333
f 2657/2961/4334 2239/2963/4334 2240/2964/4334
f 2657/2961/4335 2241/2965/4335 2656/2959/4335
f 2656/2959/4336 1943/2966/4336 2061/2518/4336
f 2653/2955/4337 2061/2518/4337 2060/2516/4337
f 2650/2956/4338 2060/2516/4338 2059/2515/4338
f 2659/2967/4339 2663/2968/4339 2662/2969/4339
f 2661/2970/4340 2663/2968/4340 2660/2971/4340
f 2662/2969/4341 2666/2972/4341 2665/2973/4341
f 2664/2974/4342 2666/2972/4342 2663/2968/4342
f 1943/2550/4343 2659/2967/4343 2068/2549/4343
f 2241/2975/4344 2660/2971/4344 2659/2967/4344
f 2239/2976/4345 2660/2971/4345 2240/2977/4345
f 1974/2978/4346 2661/2970/4346 2239/2976/4346
f 2190/2814/4347 2664/2974/4347 2661/2970/4347
f 2189/2812/4348 2667/2979/4348 2664/2974/4348
f 2188/2811/4349 2242/2289/4349 2667/2979/4349
f 2667/2979/4350 2243/2980/4350 2666/2972/4350
f 2665/2973/4351 2243/2980/4351 2244/2287/4351
f 2070/2537/4352 2244/2287/4352 1941/2286/4352
f 2069/2551/4353 2665/2973/4353 2070/2537/4353
f 2068/2549/4354 2662/2969/4354 2069/2551/4354
f 2669/2981/4355 2671/2982/4355 2668/2983/4355
f 2669/2981/4356 2673/2984/4356 2672/2985/4356
f 2672/2985/4357 2674/2986/4357 2671/2982/4357
f 2672/2985/4358 2676/2987/4358 2675/2988/4358
f 2245/2212/4359 2179/2792/4359 1969/2214/4359
f 2246/2213/4360 2668/2983/4360 2245/2212/4360
f 2246/2213/4361 2670/2989/4361 2669/2981/4361
f 2247/2211/4362 2160/2752/4362 2670/2989/4362
f 2670/2989/4363 2159/2759/4363 2673/2984/4363
f 2673/2984/4364 2158/2757/4364 2676/2987/4364
f 2676/2987/4365 1966/2758/4365 2248/2990/4365
f 2675/2988/4366 2248/2990/4366 2249/2991/4366
f 2675/2988/4367 2250/2992/4367 2674/2986/4367
f 2674/2986/4368 1973/2819/4368 2181/2795/4368
f 2671/2982/4369 2181/2795/4369 2180/2793/4369
f 2668/2983/4370 2180/2793/4370 2179/2792/4370
f 2677/2993/4371 2681/2994/4371 2680/2995/4371
f 2679/2996/4372 2681/2994/4372 2678/2997/4372
f 2680/2995/4373 2684/2998/4373 2683/2999/4373
f 2682/3000/4374 2684/2998/4374 2681/2994/4374
f 1973/2819/4375 2677/2993/4375 2185/2818/4375
f 2250/2992/4376 2678/2997/4376 2677/2993/4376
f 2248/2990/4377 2678/2997/4377 2249/2991/4377
f 1966/2758/4378 2679/2996/4378 2248/2990/4378
f 2154/2734/4379 2682/3000/4379 2679/2996/4379
f 2153/2732/4380 2685/3001/4380 2682/3000/4380
f 2152/2731/4381 2251/2293/4381 2685/3001/4381
f 2685/3001/4382 2252/2292/4382 2684/2998/4382
f 2683/2999/4383 2252/2292/4383 2253/2291/4383
f 2187/2810/4384 2253/2291/4384 1970/2290/4384
f 2186/2820/4385 2683/2999/4385 2187/2810/4385
f 2185/2818/4386 2680/2995/4386 2186/2820/4386
f 2687/3002/4387 2689/3003/4387 2686/3004/4387
f 2687/3002/4388 2691/3005/4388 2690/3006/4388
f 2690/3006/4389 2692/3007/4389 2689/3003/4389
f 2690/3006/4390 2694/3008/4390 2693/3009/4390
f 2254/3010/4391 2086/2585/4391 1947/2583/4391
f 2255/3011/4392 2686/3004/4392 2254/3010/4392
f 2255/3011/4393 2688/3012/4393 2687/3002/4393
f 2256/3013/4394 2139/2707/4394 2688/3012/4394
f 2688/3012/4395 2138/2721/4395 2691/3005/4395
f 2691/3005/4396 2137/2719/4396 2694/3008/4396
f 2694/3008/4397 1967/2720/4397 2257/3014/4397
f 2693/3009/4398 2257/3014/4398 2258/3015/4398
f 2693/3009/4399 2259/3016/4399 2692/3007/4399
f 2692/3007/4400 1950/2616/4400 2088/2588/4400
f 2689/3003/4401 2088/2588/4401 2087/2586/4401
f 2686/3004/4402 2087/2586/4402 2086/2585/4402
f 2695/3017/4403 2699/3018/4403 2698/3019/4403
f 2697/3020/4404 2699/3018/4404 2696/3021/4404
f 2698/3019/4405 2702/3022/4405 2701/3023/4405
f 2700/3024/4406 2702/3022/4406 2699/3018/4406
f 1950/2616/4407 2695/3017/4407 2095/2615/4407
f 2259/3016/4408 2696/3021/4408 2695/3017/4408
f 2257/3014/4409 2696/3021/4409 2258/3015/4409
f 1967/2720/4410 2697/3020/4410 2257/3014/4410
f 2163/2756/4411 2700/3024/4411 2697/3020/4411
f 2162/2754/4412 2703/3025/4412 2700/3024/4412
f 2161/2753/4413 2260/2210/4413 2703/3025/4413
f 2703/3025/4414 2261/2224/4414 2702/3022/4414
f 2701/3023/4415 2261/2224/4415 2262/2223/4415
f 2097/2607/4416 2262/2223/4416 1948/2222/4416
f 2096/2617/4417 2701/3023/4417 2097/2607/4417
f 2095/2615/4418 2698/3019/4418 2096/2617/4418
f 2705/3026/4419 2707/3027/4419 2704/3028/4419
f 2705/3026/4420 2709/3029/4420 2708/3030/4420
f 2708/3030/4421 2710/3031/4421 2707/3027/4421
f 2708/3030/4422 2712/3032/4422 2711/3033/4422
f 2263/2234/4423 2167/2769/4423 1968/2233/4423
f 2264/2248/4424 2704/3028/4424 2263/2234/4424
f 2264/2248/4425 2706/3034/4425 2705/3026/4425
f 2265/2247/4426 2112/2645/4426 2706/3034/4426
f 2706/3034/4427 2111/2659/4427 2709/3029/4427
f 2709/3029/4428 2110/2657/4428 2712/3032/4428
f 2712/3032/4429 1960/2658/4429 2266/3035/4429
f 2711/3033/4430 2266/3035/4430 2267/3036/4430
f 2711/3033/4431 2268/3037/4431 2710/3031/4431
f 2710/3031/4432 1971/2800/4432 2169/2772/4432
f 2707/3027/4433 2169/2772/4433 2168/2770/4433
f 2704/3028/4434 2168/2770/4434 2167/2769/4434
f 2713/3038/4435 2717/3039/4435 2716/3040/4435
f 2715/3041/4436 2717/3039/4436 2714/3042/4436
f 2716/3040/4437 2720/3043/4437 2719/3044/4437
f 2718/3045/4438 2720/3043/4438 2717/3039/4438
f 1971/2800/4439 2713/3038/4439 2176/2799/4439
f 2268/3037/4440 2714/3042/4440 2713/3038/4440
f 2266/3035/4441 2714/3042/4441 2267/3036/4441
f 1960/2658/4442 2715/3041/4442 2266/3035/4442
f 2136/2694/4443 2718/3045/4443 2715/3041/4443
f 2135/2692/4444 2721/3046/4444 2718/3045/4444
f 2134/2691/4445 2269/2217/4445 2721/3046/4445
f 2721/3046/4446 2270/3047/4446 2720/3043/4446
f 2719/3044/4447 2270/3047/4447 2271/2215/4447
f 2178/2791/4448 2271/2215/4448 1969/2214/4448
f 2177/2801/4449 2719/3044/4449 2178/2791/4449
f 2176/2799/4450 2716/3040/4450 2177/2801/4450
f 2723/3048/4451 2725/3049/4451 2722/3050/4451
f 2723/3048/4452 2727/3051/4452 2726/3052/4452
f 2726/3052/4453 2728/3053/4453 2725/3049/4453
f 2726/3052/4454 2730/3054/4454 2729/3055/4454
f 2272/2188/4455 2125/2669/4455 1955/2190/4455
f 2273/2189/4456 2722/3050/4456 2272/2188/4456
f 2273/2189/4457 2724/3056/4457 2723/3048/4457
f 2274/2187/4458 2106/2626/4458 2724/3056/4458
f 2724/3056/4459 2105/2636/4459 2727/3051/4459
f 2727/3051/4460 2104/2634/4460 2730/3054/4460
f 2730/3054/4461 1952/2635/4461 2275/3057/4461
f 2729/3055/4462 2275/3057/4462 2276/3058/4462
f 2729/3055/4463 2277/3059/4463 2728/3053/4463
f 2728/3053/4464 1959/2696/4464 2127/2672/4464
f 2725/3049/4465 2127/2672/4465 2126/2670/4465
f 2722/3050/4466 2126/2670/4466 2125/2669/4466
f 2731/3060/4467 2735/3061/4467 2734/3062/4467
f 2733/3063/4468 2735/3061/4468 2732/3064/4468
f 2734/3062/4469 2738/3065/4469 2737/3066/4469
f 2736/3067/4470 2738/3065/4470 2735/3061/4470
f 1959/2696/4471 2731/3060/4471 2131/2695/4471
f 2277/3059/4472 2732/3064/4472 2731/3060/4472
f 2275/3057/4473 2732/3064/4473 2276/3058/4473
f 1952/2635/4474 2733/3063/4474 2275/3057/4474
f 2100/2611/4475 2736/3067/4475 2733/3063/4475
f 2099/2609/4476 2739/3068/4476 2736/3067/4476
f 2098/2608/4477 2278/2221/4477 2739/3068/4477
f 2739/3068/4478 2279/2220/4478 2738/3065/4478
f 2737/3066/4479 2279/2220/4479 2280/2219/4479
f 2133/2690/4480 2280/2219/4480 1956/2218/4480
f 2132/2697/4481 2737/3066/4481 2133/2690/4481
f 2131/2695/4482 2734/3062/4482 2132/2697/4482
f 2741/3069/4483 2743/3070/4483 2740/3071/4483
f 2741/3069/4484 2745/3072/4484 2744/3073/4484
f 2744/3073/4485 2746/3074/4485 2743/3070/4485
f 2744/3073/4486 2748/3075/4486 2747/3076/4486
f 2281/3077/4487 1978/2307/4487 1919/2305/4487
f 2282/3078/4488 2740/3071/4488 2281/3077/4488
f 2282/3078/4489 2742/3079/4489 2741/3069/4489
f 2283/3080/4490 2085/2584/4490 2742/3079/4490
f 2742/3079/4491 2084/2598/4491 2745/3072/4491
f 2745/3072/4492 2083/2596/4492 2748/3075/4492
f 2748/3075/4493 1953/2597/4493 2284/3081/4493
f 2747/3076/4494 2284/3081/4494 2285/3082/4494
f 2747/3076/4495 2286/3083/4495 2746/3074/4495
f 2746/3074/4496 1922/3084/4496 1980/2310/4496
f 2743/3070/4497 1980/2310/4497 1979/2308/4497
f 2740/3071/4498 1979/2308/4498 1978/2307/4498
f 2749/3085/4499 2753/3086/4499 2752/3087/4499
f 2751/3088/4500 2753/3086/4500 2750/3089/4500
f 2752/3087/4501 2756/3090/4501 2755/3091/4501
f 2754/3092/4502 2756/3090/4502 2753/3086/4502
f 1922/2342/4503 2749/3085/4503 1987/2341/4503
f 2286/3093/4504 2750/3089/4504 2749/3085/4504
f 2284/3094/4505 2750/3089/4505 2285/3095/4505
f 1953/3096/4506 2751/3088/4506 2284/3094/4506
f 2109/2630/4507 2754/3092/4507 2751/3088/4507
f 2108/2628/4508 2757/3097/4508 2754/3092/4508
f 2107/2627/4509 2287/2186/4509 2757/3097/4509
f 2757/3097/4510 2288/2200/4510 2756/3090/4510
f 2755/3091/4511 2288/2200/4511 2289/2199/4511
f 1989/2329/4512 2289/2199/4512 1920/2198/4512
f 1988/2343/4513 2755/3091/4513 1989/2329/4513
f 1987/2341/4514 2752/3087/4514 1988/2343/4514
f 2759/3098/4515 2761/3099/4515 2758/3100/4515
f 2759/3098/4516 2763/3101/4516 2762/3102/4516
f 2762/3102/4517 2764/3103/4517 2761/3099/4517
f 2762/3102/4518 2766/3104/4518 2765/3105/4518
f 2290/2245/4519 2113/2646/4519 1954/2246/4519
f 2291/2244/4520 2758/3100/4520 2290/2245/4520
f 2291/2244/4521 2760/3106/4521 2759/3098/4521
f 2292/2243/4522 2016/2398/4522 2760/3106/4522
f 2760/3106/4523 2015/2412/4523 2763/3101/4523
f 2763/3101/4524 2014/2410/4524 2766/3104/4524
f 2766/3104/4525 1929/2411/4525 2293/3107/4525
f 2765/3105/4526 2293/3107/4526 2294/3108/4526
f 2765/3105/4527 2295/3109/4527 2764/3103/4527
f 2764/3103/4528 1957/3110/4528 2115/2649/4528
f 2761/3099/4529 2115/2649/4529 2114/2647/4529
f 2758/3100/4530 2114/2647/4530 2113/2646/4530
f 2767/3111/4531 2771/3112/4531 2770/3113/4531
f 2769/3114/4532 2771/3112/4532 2768/3115/4532
f 2770/3113/4533 2774/3116/4533 2773/3117/4533
f 2772/3118/4534 2774/3116/4534 2771/3112/4534
f 1957/2680/4535 2767/3111/4535 2122/2679/4535
f 2295/3119/4536 2768/3115/4536 2767/3111/4536
f 2293/3120/4537 2768/3115/4537 2294/3121/4537
f 1929/3122/4538 2769/3114/4538 2293/3120/4538
f 2007/2379/4539 2772/3118/4539 2769/3114/4539
f 2006/2377/4540 2775/3123/4540 2772/3118/4540
f 2005/2376/4541 2296/2193/4541 2775/3123/4541
f 2775/3123/4542 2297/3124/4542 2774/3116/4542
f 2773/3117/4543 2297/3124/4543 2298/2191/4543
f 2124/2668/4544 2298/2191/4544 1955/2190/4544
f 2123/2681/4545 2773/3117/4545 2124/2668/4545
f 2122/2679/4546 2770/3113/4546 2123/2681/4546
f 2776/3125/4547 2780/3126/4547 2779/3127/4547
f 2778/3128/4548 2780/3126/4548 2777/3129/4548
f 2780/3126/4549 2782/3130/4549 2779/3127/4549
f 2780/3126/4550 2784/3131/4550 2783/3132/4550
f 1933/2444/4551 2776/3125/4551 2191/2829/4551
f 2229/2936/4552 2777/3129/4552 2776/3125/4552
f 2227/2933/4553 2777/3129/4553 2228/2934/4553
f 1961/2706/4554 2778/3128/4554 2227/2933/4554
f 2256/3013/4555 2781/3133/4555 2778/3128/4555
f 2781/3133/4556 2254/3010/4556 2784/3131/4556
f 2784/3131/4557 1947/2583/4557 2283/3080/4557
f 2783/3132/4558 2283/3080/4558 2282/3078/4558
f 2783/3132/4559 2281/3077/4559 2782/3130/4559
f 2782/3130/4560 1919/2305/4560 2193/2832/4560
f 2779/3127/4561 2193/2832/4561 2192/2830/4561
f 2191/2829/4562 2779/3127/4562 2192/2830/4562
f 2299/2177/4563 2300/2181/4563 2303/2178/4563
f 2301/2180/4564 2304/2192/4564 2303/2178/4564
f 2303/2178/4565 2306/2184/4565 2305/2182/4565
f 2303/2178/4566 2304/2192/4566 2307/2183/4566
f 1949/2185/4567 2274/2187/4567 2299/2177/4567
f 2274/2187/4568 2273/2189/4568 2300/2181/4568
f 2272/2188/4569 2301/2180/4569 2300/2181/4569
f 1955/2190/4570 2298/2191/4570 2301/2180/4570
f 2298/2191/4571 2297/3124/4571 2304/2192/4571
f 2304/2192/4572 2297/3124/4572 2296/2193/4572
f 2307/2183/4573 2296/2193/4573 1926/2194/4573
f 2306/2184/4574 2307/2183/4574 2202/2195/4574
f 2306/2184/4575 2201/2196/4575 2200/2197/4575
f 2305/2182/4576 2200/2197/4576 1920/2198/4576
f 2302/2179/4577 2305/2182/4577 2289/2199/4577
f 2287/2186/4578 2299/2177/4578 2302/2179/4578
f 2308/2201/4579 2309/2205/4579 2312/2202/4579
f 2310/2204/4580 2313/2216/4580 2312/2202/4580
f 2312/2202/4581 2315/2208/4581 2314/2206/4581
f 2312/2202/4582 2313/2216/4582 2316/2207/4582
f 1963/2209/4583 2247/2211/4583 2308/2201/4583
f 2247/2211/4584 2246/2213/4584 2309/2205/4584
f 2245/2212/4585 2310/2204/4585 2309/2205/4585
f 1969/2214/4586 2271/2215/4586 2310/2204/4586
f 2271/2215/4587 2270/3047/4587 2313/2216/4587
f 2313/2216/4588 2270/3047/4588 2269/2217/4588
f 2316/2207/4589 2269/2217/4589 1956/2218/4589
f 2315/2208/4590 2316/2207/4590 2280/2219/4590
f 2315/2208/4591 2279/2220/4591 2278/2221/4591
f 2314/2206/4592 2278/2221/4592 1948/2222/4592
f 2311/2203/4593 2314/2206/4593 2262/2223/4593
f 2260/2210/4594 2308/2201/4594 2311/2203/4594
f 2317/2225/4595 2318/2229/4595 2321/2226/4595
f 2319/2228/3732 2322/2240/3732 2321/2226/3732
f 2321/2226/3733 2324/2232/3733 2323/2230/3733
f 2321/2226/4596 2322/2240/4596 2325/2231/4596
f 1968/2233/4597 2238/2235/4597 2317/2225/4597
f 2238/2235/3736 2237/2237/3736 2318/2229/3736
f 2236/2236/4598 2319/2228/4598 2318/2229/4598
f 1940/2238/4599 2211/2239/4599 2319/2228/4599
f 2211/2239/4600 2210/2884/4600 2322/2240/4600
f 2322/2240/4601 2210/2884/4601 2209/2241/4601
f 2325/2231/4602 2209/2241/4602 1927/2242/4602
f 2324/2232/3742 2325/2231/3742 2292/2243/3742
f 2324/2232/4603 2291/2244/4603 2290/2245/4603
f 2323/2230/4604 2290/2245/4604 1954/2246/4604
f 2320/2227/4605 2323/2230/4605 2265/2247/4605
f 2263/2234/4606 2317/2225/4606 2320/2227/4606
f 2326/2249/4607 2327/2253/4607 2330/2250/4607
f 2328/2252/4608 2331/2264/4608 2330/2250/4608
f 2330/2250/4609 2333/2256/4609 2332/2254/4609
f 2330/2250/4610 2331/2264/4610 2334/2255/4610
f 1921/2257/4611 2208/2259/4611 2326/2249/4611
f 2208/2259/4612 2207/2261/4612 2327/2253/4612
f 2206/2260/4613 2328/2252/4613 2327/2253/4613
f 1928/2262/4614 2217/2263/4614 2328/2252/4614
f 2217/2263/4615 2216/2903/4615 2331/2264/4615
f 2331/2264/4616 2216/2903/4616 2215/2265/4616
f 2334/2255/4617 2215/2265/4617 1942/2266/4617
f 2333/2256/4618 2334/2255/4618 2226/2267/4618
f 2333/2256/4619 2225/2268/4619 2224/2269/4619
f 2332/2254/4620 2224/2269/4620 1934/2270/4620
f 2329/2251/4621 2332/2254/4621 2199/2271/4621
f 2197/2258/4622 2326/2249/4622 2329/2251/4622
f 2335/2273/4623 2336/2277/4623 2339/2274/4623
f 2337/2276/4624 2340/2288/4624 2339/2274/4624
f 2339/2274/4625 2342/2280/4625 2341/2278/4625
f 2339/2274/4626 2340/2288/4626 2343/2279/4626
f 1935/2281/4627 2220/2283/4627 2335/2273/4627
f 2220/2283/4628 2219/2285/4628 2336/2277/4628
f 2218/2284/4629 2337/2276/4629 2336/2277/4629
f 1941/2286/4630 2244/2287/4630 2337/2276/4630
f 2244/2287/4631 2243/2980/4631 2340/2288/4631
f 2340/2288/4632 2243/2980/4632 2242/2289/4632
f 2343/2279/4633 2242/2289/4633 1970/2290/4633
f 2342/2280/4634 2343/2279/4634 2253/2291/4634
f 2342/2280/4635 2252/2292/4635 2251/2293/4635
f 2341/2278/4636 2251/2293/4636 1962/2294/4636
f 2338/2275/4637 2341/2278/4637 2235/2295/4637
f 2233/2282/4638 2335/2273/4638 2338/2275/4638
f 2344/2297/4639 2345/2300/4639 2348/2298/4639
f 2345/2300/4640 2346/2309/4640 2349/2301/4640
f 2347/2299/4641 2348/2298/4641 2351/2302/4641
f 2348/2298/4642 2349/2301/4642 2352/2304/4642
f 1919/2305/4643 1978/2307/4643 2344/2297/4643
f 1978/2307/4644 1979/2308/4644 2345/2300/4644
f 1979/2308/4645 1980/2310/4645 2346/2309/4645
f 1980/2310/4646 1922/3084/4646 1981/2311/4646
f 2346/2309/4647 1981/2311/4647 1982/2312/4647
f 2349/2301/4648 1982/2312/4648 1983/2313/4648
f 2352/2304/4649 1983/2313/4649 1923/2314/4649
f 2351/2302/4650 2352/2304/4650 1984/2315/4650
f 2350/2303/4651 2351/2302/4651 1985/2316/4651
f 1975/2318/4652 2350/2303/4652 1986/2317/4652
f 1976/2320/4653 2347/2299/4653 2350/2303/4653
f 1977/2306/4654 2344/2297/4654 2347/2299/4654
f 2353/2321/4655 2354/2324/4655 2357/2322/4655
f 2354/2324/4656 2355/2332/4656 2358/2325/4656
f 2356/2323/4657 2357/2322/4657 2360/2326/4657
f 2357/2322/4658 2358/2325/4658 2361/2328/4658
f 1920/2198/4659 1990/2330/4659 2353/2321/4659
f 1990/2330/4660 1991/2331/4660 2354/2324/4660
f 1991/2331/4661 1992/2333/4661 2355/2332/4661
f 1992/2333/4662 1924/2862/4662 1993/2334/4662
f 2355/2332/4663 1993/2334/4663 1994/2335/4663
f 2358/2325/4664 1994/2335/4664 1995/2336/4664
f 2361/2328/4665 1995/2336/4665 1923/2337/4665
f 2360/2326/4666 2361/2328/4666 1983/2338/4666
f 2359/2327/4667 2360/2326/4667 1982/2339/4667
f 1987/2341/4668 2359/2327/4668 1981/2340/4668
f 1988/2343/4669 2356/2323/4669 2359/2327/4669
f 1989/2329/4670 2353/2321/4670 2356/2323/4670
f 2362/2344/4671 2363/2347/4671 2366/2345/4671
f 2363/2347/4672 2364/2355/4672 2367/2348/4672
f 2365/2346/4673 2366/2345/4673 2369/2349/4673
f 2366/2345/4674 2367/2348/4674 2370/2351/4674
f 1921/2257/4675 1999/2353/4675 2362/2344/4675
f 1999/2353/4676 2000/2354/4676 2363/2347/4676
f 2000/2354/4677 2001/2356/4677 2364/2355/4677
f 2001/2356/4678 1925/2848/4678 1986/2357/4678
f 2364/2355/4679 1986/2357/4679 1985/2358/4679
f 2367/2348/4680 1985/2358/4680 1984/2359/4680
f 2370/2351/4681 1984/2359/4681 1923/2360/4681
f 2369/2349/4682 2370/2351/4682 1995/2361/4682
f 2368/2350/4683 2369/2349/4683 1994/2362/4683
f 1996/2364/4684 2368/2350/4684 1993/2363/4684
f 1997/2366/4685 2365/2346/4685 2368/2350/4685
f 1998/2352/4686 2362/2344/4686 2365/2346/4686
f 2371/2367/4687 2372/2370/4687 2375/2368/4687
f 2372/2370/4688 2373/2378/4688 2376/2371/4688
f 2374/2369/4689 2375/2368/4689 2378/2372/4689
f 2375/2368/4690 2376/2371/4690 2379/2374/4690
f 1926/2194/4691 2005/2376/4691 2371/2367/4691
f 2005/2376/4692 2006/2377/4692 2372/2370/4692
f 2006/2377/4693 2007/2379/4693 2373/2378/4693
f 2007/2379/4694 1929/3122/4694 2008/2380/4694
f 2373/2378/4695 2008/2380/4695 2009/2381/4695
f 2376/2371/4696 2009/2381/4696 2010/2382/4696
f 2379/2374/4697 2010/2382/4697 1930/2383/4697
f 2378/2372/4698 2379/2374/4698 2011/2384/4698
f 2377/2373/4699 2378/2372/4699 2012/2385/4699
f 2002/2387/4700 2377/2373/4700 2013/2386/4700
f 2003/2389/4701 2374/2369/4701 2377/2373/4701
f 2004/2375/4702 2371/2367/4702 2374/2369/4702
f 2380/2390/4703 2381/2393/4703 2384/2391/4703
f 2381/2393/4704 2382/2401/4704 2385/2394/4704
f 2383/2392/4705 2384/2391/4705 2387/2395/4705
f 2384/2391/4706 2385/2394/4706 2388/2397/4706
f 1927/2242/4707 2017/2399/4707 2380/2390/4707
f 2017/2399/4708 2018/2400/4708 2381/2393/4708
f 2018/2400/4709 2019/2402/4709 2382/2401/4709
f 2019/2402/4710 1931/2889/4710 2020/2403/4710
f 2382/2401/4711 2020/2403/4711 2021/2404/4711
f 2385/2394/4712 2021/2404/4712 2022/2405/4712
f 2388/2397/4713 2022/2405/4713 1930/2406/4713
f 2387/2395/4714 2388/2397/4714 2010/2407/4714
f 2386/2396/4715 2387/2395/4715 2009/2408/4715
f 2014/2410/4716 2386/2396/4716 2008/2409/4716
f 2015/2412/4717 2383/2392/4717 2386/2396/4717
f 2016/2398/4718 2380/2390/4718 2383/2392/4718
f 2389/2413/4719 2390/2416/4719 2393/2414/4719
f 2390/2416/4720 2391/2424/4720 2394/2417/4720
f 2392/2415/4721 2393/2414/4721 2396/2418/4721
f 2393/2414/4722 2394/2417/4722 2397/2420/4722
f 1928/2262/4723 2026/2422/4723 2389/2413/4723
f 2026/2422/4724 2027/2423/4724 2390/2416/4724
f 2027/2423/4725 2028/2425/4725 2391/2424/4725
f 2028/2425/4726 1932/2874/4726 2013/2426/4726
f 2391/2424/4727 2013/2426/4727 2012/2427/4727
f 2394/2417/4728 2012/2427/4728 2011/2428/4728
f 2397/2420/4729 2011/2428/4729 1930/2429/4729
f 2396/2418/4730 2397/2420/4730 2022/2430/4730
f 2395/2419/4731 2396/2418/4731 2021/2431/4731
f 2023/2433/4732 2395/2419/4732 2020/2432/4732
f 2024/2435/4733 2392/2415/4733 2395/2419/4733
f 2025/2421/4734 2389/2413/4734 2392/2415/4734
f 2398/2436/4735 2399/2439/4735 2402/2437/4735
f 2399/2439/4736 2400/2448/4736 2403/2440/4736
f 2401/2438/4737 2402/2437/4737 2405/2441/4737
f 2402/2437/4738 2403/2440/4738 2406/2443/4738
f 1933/2444/4739 2032/2446/4739 2398/2436/4739
f 2032/2446/4740 2033/2447/4740 2399/2439/4740
f 2033/2447/4741 2034/2449/4741 2400/2448/4741
f 2034/2449/4742 1936/2836/4742 2035/2450/4742
f 2400/2448/4743 2035/2450/4743 2036/2451/4743
f 2403/2440/4744 2036/2451/4744 2037/2452/4744
f 2406/2443/4745 2037/2452/4745 1937/2453/4745
f 2405/2441/4746 2406/2443/4746 2038/2454/4746
f 2404/2442/4747 2405/2441/4747 2039/2455/4747
f 2029/2457/4748 2404/2442/4748 2040/2456/4748
f 2030/2459/4749 2401/2438/4749 2404/2442/4749
f 2031/2445/4750 2398/2436/4750 2401/2438/4750
f 2407/2460/4751 2408/2463/4751 2411/2461/4751
f 2408/2463/4752 2409/2471/4752 2412/2464/4752
f 2410/2462/4753 2411/2461/4753 2414/2465/4753
f 2411/2461/4754 2412/2464/4754 2415/2467/4754
f 1934/2270/4755 2044/2469/4755 2407/2460/4755
f 2044/2469/4756 2045/2470/4756 2408/2463/4756
f 2045/2470/4757 2046/2472/4757 2409/2471/4757
f 2046/2472/4758 1938/2504/4758 2047/2473/4758
f 2409/2471/4759 2047/2473/4759 2048/2474/4759
f 2412/2464/4760 2048/2474/4760 2049/2475/4760
f 2415/2467/4761 2049/2475/4761 1937/2476/4761
f 2414/2465/4762 2415/2467/4762 2037/2477/4762
f 2413/2466/4763 2414/2465/4763 2036/2478/4763
f 2041/2480/4764 2413/2466/4764 2035/2479/4764
f 2042/2482/4765 2410/2462/4765 2413/2466/4765
f 2043/2468/4766 2407/2460/4766 2410/2462/4766
f 2416/2483/4767 2417/2486/4767 2420/2484/4767
f 2417/2486/4768 2418/2494/4768 2421/2487/4768
f 2419/2485/4769 2420/2484/4769 2423/2488/4769
f 2420/2484/4770 2421/2487/4770 2424/2490/4770
f 1935/2281/4771 2053/2492/4771 2416/2483/4771
f 2053/2492/4772 2054/2493/4772 2417/2486/4772
f 2054/2493/4773 2055/2495/4773 2418/2494/4773
f 2055/2495/4774 1939/2952/4774 2040/2496/4774
f 2418/2494/4775 2040/2496/4775 2039/2497/4775
f 2421/2487/4776 2039/2497/4776 2038/2498/4776
f 2424/2490/4777 2038/2498/4777 1937/2499/4777
f 2423/2488/4778 2424/2490/4778 2049/2500/4778
f 2422/2489/4779 2423/2488/4779 2048/2501/4779
f 2050/2503/4780 2422/2489/4780 2047/2502/4780
f 2051/2505/4781 2419/2485/4781 2422/2489/4781
f 2052/2491/4782 2416/2483/4782 2419/2485/4782
f 2425/2506/4783 2426/2509/4783 2429/2507/4783
f 2426/2509/4784 2427/2517/4784 2430/2510/4784
f 2428/2508/4785 2429/2507/4785 2432/2511/4785
f 2429/2507/4786 2430/2510/4786 2433/2513/4786
f 1940/2238/4787 2059/2515/4787 2425/2506/4787
f 2059/2515/4788 2060/2516/4788 2426/2509/4788
f 2060/2516/4789 2061/2518/4789 2427/2517/4789
f 2061/2518/4790 1943/2966/4790 2062/2519/4790
f 2427/2517/4791 2062/2519/4791 2063/2520/4791
f 2430/2510/4792 2063/2520/4792 2064/2521/4792
f 2433/2513/4793 2064/2521/4793 1944/2522/4793
f 2432/2511/4794 2433/2513/4794 2065/2523/4794
f 2431/2512/4795 2432/2511/4795 2066/2524/4795
f 2056/2526/4796 2431/2512/4796 2067/2525/4796
f 2057/2528/4797 2428/2508/4797 2431/2512/4797
f 2058/2514/4798 2425/2506/4798 2428/2508/4798
f 2434/2529/4799 2435/2532/4799 2438/2530/4799
f 2435/2532/4800 2436/2540/4800 2439/2533/4800
f 2437/2531/4801 2438/2530/4801 2441/2534/4801
f 2438/2530/4802 2439/2533/4802 2442/2536/4802
f 1941/2286/4803 2071/2538/4803 2434/2529/4803
f 2071/2538/4804 2072/2539/4804 2435/2532/4804
f 2072/2539/4805 2073/2541/4805 2436/2540/4805
f 2073/2541/4806 1945/2573/4806 2074/2542/4806
f 2436/2540/4807 2074/2542/4807 2075/2543/4807
f 2439/2533/4808 2075/2543/4808 2076/2544/4808
f 2442/2536/4809 2076/2544/4809 1944/2545/4809
f 2441/2534/4810 2442/2536/4810 2064/2546/4810
f 2440/2535/4811 2441/2534/4811 2063/2547/4811
f 2068/2549/4812 2440/2535/4812 2062/2548/4812
f 2069/2551/4813 2437/2531/4813 2440/2535/4813
f 2070/2537/4814 2434/2529/4814 2437/2531/4814
f 2443/2552/4815 2444/2555/4815 2447/2553/4815
f 2444/2555/4816 2445/2563/4816 2448/2556/4816
f 2446/2554/4817 2447/2553/4817 2450/2557/4817
f 2447/2553/4818 2448/2556/4818 2451/2559/4818
f 1942/2266/4819 2080/2561/4819 2443/2552/4819
f 2080/2561/4820 2081/2562/4820 2444/2555/4820
f 2081/2562/4821 2082/2564/4821 2445/2563/4821
f 2082/2564/4822 1946/2901/4822 2067/2565/4822
f 2445/2563/4823 2067/2565/4823 2066/2566/4823
f 2448/2556/4824 2066/2566/4824 2065/2567/4824
f 2451/2559/4825 2065/2567/4825 1944/2568/4825
f 2450/2557/4826 2451/2559/4826 2076/2569/4826
f 2449/2558/4827 2450/2557/4827 2075/2570/4827
f 2077/2572/4828 2449/2558/4828 2074/2571/4828
f 2078/2574/4829 2446/2554/4829 2449/2558/4829
f 2079/2560/4830 2443/2552/4830 2446/2554/4830
f 2452/2575/4831 2453/2578/4831 2456/2576/4831
f 2453/2578/4832 2454/2587/4832 2457/2579/4832
f 2455/2577/4833 2456/2576/4833 2459/2580/4833
f 2456/2576/4834 2457/2579/4834 2460/2582/4834
f 1947/2583/4835 2086/2585/4835 2452/2575/4835
f 2086/2585/4836 2087/2586/4836 2453/2578/4836
f 2087/2586/4837 2088/2588/4837 2454/2587/4837
f 2088/2588/4838 1950/2616/4838 2089/2589/4838
f 2454/2587/4839 2089/2589/4839 2090/2590/4839
f 2457/2579/4840 2090/2590/4840 2091/2591/4840
f 2460/2582/4841 2091/2591/4841 1951/2592/4841
f 2459/2580/4842 2460/2582/4842 2092/2593/4842
f 2458/2581/4843 2459/2580/4843 2093/2594/4843
f 2083/2596/4844 2458/2581/4844 2094/2595/4844
f 2084/2598/4845 2455/2577/4845 2458/2581/4845
f 2085/2584/4846 2452/2575/4846 2455/2577/4846
f 2461/2599/4847 2462/2602/4847 2465/2600/4847
f 2462/2602/4848 2463/2610/4848 2466/2603/4848
f 2464/2601/4849 2465/2600/4849 2468/2604/4849
f 2465/2600/4850 2466/2603/4850 2469/2606/4850
f 1948/2222/4851 2098/2608/4851 2461/2599/4851
f 2098/2608/4852 2099/2609/4852 2462/2602/4852
f 2099/2609/4853 2100/2611/4853 2463/2610/4853
f 2100/2611/4854 1952/2635/4854 2101/2612/4854
f 2463/2610/4855 2101/2612/4855 2102/2613/4855
f 2466/2603/4856 2102/2613/4856 2103/2614/4856
f 2469/2606/4857 2103/2614/4857 1951/2592/4857
f 2468/2604/4858 2469/2606/4858 2091/2591/4858
f 2467/2605/4859 2468/2604/4859 2090/2590/4859
f 2095/2615/4860 2467/2605/4860 2089/2589/4860
f 2096/2617/4861 2464/2601/4861 2467/2605/4861
f 2097/2607/4862 2461/2599/4862 2464/2601/4862
f 2470/2618/4863 2471/2621/4863 2474/2619/4863
f 2471/2621/4864 2472/2629/4864 2475/2622/4864
f 2473/2620/4865 2474/2619/4865 2477/2623/4865
f 2474/2619/4866 2475/2622/4866 2478/2625/4866
f 1949/2185/4867 2107/2627/4867 2470/2618/4867
f 2107/2627/4868 2108/2628/4868 2471/2621/4868
f 2108/2628/4869 2109/2630/4869 2472/2629/4869
f 2109/2630/4870 1953/3096/4870 2094/2631/4870
f 2472/2629/4871 2094/2631/4871 2093/2632/4871
f 2475/2622/4872 2093/2632/4872 2092/2633/4872
f 2478/2625/4873 2092/2633/4873 1951/2592/4873
f 2477/2623/4874 2478/2625/4874 2103/2614/4874
f 2476/2624/4875 2477/2623/4875 2102/2613/4875
f 2104/2634/4876 2476/2624/4876 2101/2612/4876
f 2105/2636/4877 2473/2620/4877 2476/2624/4877
f 2106/2626/4878 2470/2618/4878 2473/2620/4878
f 2479/2637/4879 2480/2640/4879 2483/2638/4879
f 2480/2640/4880 2481/2648/4880 2484/2641/4880
f 2482/2639/4881 2483/2638/4881 2486/2642/4881
f 2483/2638/4882 2484/2641/4882 2487/2644/4882
f 1954/2246/4883 2113/2646/4883 2479/2637/4883
f 2113/2646/4884 2114/2647/4884 2480/2640/4884
f 2114/2647/4885 2115/2649/4885 2481/2648/4885
f 2115/2649/4886 1957/3110/4886 2116/2650/4886
f 2481/2648/4887 2116/2650/4887 2117/2651/4887
f 2484/2641/4888 2117/2651/4888 2118/2652/4888
f 2487/2644/4889 2118/2652/4889 1958/2653/4889
f 2486/2642/4890 2487/2644/4890 2119/2654/4890
f 2485/2643/4891 2486/2642/4891 2120/2655/4891
f 2110/2657/4892 2485/2643/4892 2121/2656/4892
f 2111/2659/4893 2482/2639/4893 2485/2643/4893
f 2112/2645/4894 2479/2637/4894 2482/2639/4894
f 2488/2660/4895 2489/2663/4895 2492/2661/4895
f 2489/2663/4896 2490/2671/4896 2493/2664/4896
f 2491/2662/4897 2492/2661/4897 2495/2665/4897
f 2492/2661/4898 2493/2664/4898 2496/2667/4898
f 1955/2190/4899 2125/2669/4899 2488/2660/4899
f 2125/2669/4900 2126/2670/4900 2489/2663/4900
f 2126/2670/4901 2127/2672/4901 2490/2671/4901
f 2127/2672/4902 1959/2696/4902 2128/2673/4902
f 2490/2671/4903 2128/2673/4903 2129/2674/4903
f 2493/2664/4904 2129/2674/4904 2130/2675/4904
f 2496/2667/4905 2130/2675/4905 1958/2653/4905
f 2495/2665/4906 2496/2667/4906 2118/2676/4906
f 2494/2666/4907 2495/2665/4907 2117/2677/4907
f 2122/2679/4908 2494/2666/4908 2116/2678/4908
f 2123/2681/4909 2491/2662/4909 2494/2666/4909
f 2124/2668/4910 2488/2660/4910 2491/2662/4910
f 2497/2682/4911 2498/2685/4911 2501/2683/4911
f 2498/2685/4912 2499/2693/4912 2502/2686/4912
f 2500/2684/4913 2501/2683/4913 2504/2687/4913
f 2501/2683/4914 2502/2686/4914 2505/2689/4914
f 1956/2218/4915 2134/2691/4915 2497/2682/4915
f 2134/2691/4916 2135/2692/4916 2498/2685/4916
f 2135/2692/4917 2136/2694/4917 2499/2693/4917
f 2136/2694/4918 1960/2658/4918 2121/2656/4918
f 2499/2693/4919 2121/2656/4919 2120/2655/4919
f 2502/2686/4920 2120/2655/4920 2119/2654/4920
f 2505/2689/4921 2119/2654/4921 1958/2653/4921
f 2504/2687/4922 2505/2689/4922 2130/2675/4922
f 2503/2688/4923 2504/2687/4923 2129/2674/4923
f 2131/2695/4924 2503/2688/4924 2128/2673/4924
f 2132/2697/4925 2500/2684/4925 2503/2688/4925
f 2133/2690/4926 2497/2682/4926 2500/2684/4926
f 2506/2698/4927 2507/2701/4927 2510/2699/4927
f 2507/2701/4928 2508/2710/4928 2511/2702/4928
f 2509/2700/4929 2510/2699/4929 2513/2703/4929
f 2510/2699/4930 2511/2702/4930 2514/2705/4930
f 1961/2706/4931 2140/2708/4931 2506/2698/4931
f 2140/2708/4932 2141/2709/4932 2507/2701/4932
f 2141/2709/4933 2142/2711/4933 2508/2710/4933
f 2142/2711/4934 1964/2940/4934 2143/2712/4934
f 2508/2710/4935 2143/2712/4935 2144/2713/4935
f 2511/2702/4936 2144/2713/4936 2145/2714/4936
f 2514/2705/4937 2145/2714/4937 1965/2715/4937
f 2513/2703/4938 2514/2705/4938 2146/2716/4938
f 2512/2704/4939 2513/2703/4939 2147/2717/4939
f 2137/2719/4940 2512/2704/4940 2148/2718/4940
f 2138/2721/4941 2509/2700/4941 2512/2704/4941
f 2139/2707/4942 2506/2698/4942 2509/2700/4942
f 2515/2722/4943 2516/2725/4943 2519/2723/4943
f 2516/2725/4944 2517/2733/4944 2520/2726/4944
f 2518/2724/4945 2519/2723/4945 2522/2727/4945
f 2519/2723/4946 2520/2726/4946 2523/2729/4946
f 1962/2294/4947 2152/2731/4947 2515/2722/4947
f 2152/2731/4948 2153/2732/4948 2516/2725/4948
f 2153/2732/4949 2154/2734/4949 2517/2733/4949
f 2154/2734/4950 1966/2758/4950 2155/2735/4950
f 2517/2733/4951 2155/2735/4951 2156/2736/4951
f 2520/2726/4952 2156/2736/4952 2157/2737/4952
f 2523/2729/4953 2157/2737/4953 1965/2715/4953
f 2522/2727/4954 2523/2729/4954 2145/2738/4954
f 2521/2728/4955 2522/2727/4955 2144/2739/4955
f 2149/2741/4956 2521/2728/4956 2143/2740/4956
f 2150/2743/4957 2518/2724/4957 2521/2728/4957
f 2151/2730/4958 2515/2722/4958 2518/2724/4958
f 2524/2744/4959 2525/2747/4959 2528/2745/4959
f 2525/2747/4960 2526/2755/4960 2529/2748/4960
f 2527/2746/4961 2528/2745/4961 2531/2749/4961
f 2528/2745/4962 2529/2748/4962 2532/2751/4962
f 1963/2209/4963 2161/2753/4963 2524/2744/4963
f 2161/2753/4964 2162/2754/4964 2525/2747/4964
f 2162/2754/4965 2163/2756/4965 2526/2755/4965
f 2163/2756/4966 1967/2720/4966 2148/2718/4966
f 2526/2755/4967 2148/2718/4967 2147/2717/4967
f 2529/2748/4968 2147/2717/4968 2146/2716/4968
f 2532/2751/4969 2146/2716/4969 1965/2715/4969
f 2531/2749/4970 2532/2751/4970 2157/2737/4970
f 2530/2750/4971 2531/2749/4971 2156/2736/4971
f 2158/2757/4972 2530/2750/4972 2155/2735/4972
f 2159/2759/4973 2527/2746/4973 2530/2750/4973
f 2160/2752/4974 2524/2744/4974 2527/2746/4974
f 2533/2760/4975 2534/2763/4975 2537/2761/4975
f 2534/2763/4976 2535/2771/4976 2538/2764/4976
f 2536/2762/4977 2537/2761/4977 2540/2765/4977
f 2537/2761/4978 2538/2764/4978 2541/2767/4978
f 1968/2233/4979 2167/2769/4979 2533/2760/4979
f 2167/2769/4980 2168/2770/4980 2534/2763/4980
f 2168/2770/4981 2169/2772/4981 2535/2771/4981
f 2169/2772/4982 1971/2800/4982 2170/2773/4982
f 2535/2771/4983 2170/2773/4983 2171/2774/4983
f 2538/2764/4984 2171/2774/4984 2172/2775/4984
f 2541/2767/4985 2172/2775/4985 1972/2776/4985
f 2540/2765/4986 2541/2767/4986 2173/2777/4986
f 2539/2766/4987 2540/2765/4987 2174/2778/4987
f 2164/2780/4988 2539/2766/4988 2175/2779/4988
f 2165/2782/4989 2536/2762/4989 2539/2766/4989
f 2166/2768/4990 2533/2760/4990 2536/2762/4990
f 2542/2783/4991 2543/2786/4991 2546/2784/4991
f 2543/2786/4992 2544/2794/4992 2547/2787/4992
f 2545/2785/4993 2546/2784/4993 2549/2788/4993
f 2546/2784/4994 2547/2787/4994 2550/2790/4994
f 1969/2214/4995 2179/2792/4995 2542/2783/4995
f 2179/2792/4996 2180/2793/4996 2543/2786/4996
f 2180/2793/4997 2181/2795/4997 2544/2794/4997
f 2181/2795/4998 1973/2819/4998 2182/2796/4998
f 2544/2794/4999 2182/2796/4999 2183/2797/4999
f 2547/2787/5000 2183/2797/5000 2184/2798/5000
f 2550/2790/5001 2184/2798/5001 1972/2776/5001
f 2549/2788/5002 2550/2790/5002 2172/2775/5002
f 2548/2789/5003 2549/2788/5003 2171/2774/5003
f 2176/2799/5004 2548/2789/5004 2170/2773/5004
f 2177/2801/5005 2545/2785/5005 2548/2789/5005
f 2178/2791/5006 2542/2783/5006 2545/2785/5006
f 2551/2802/5007 2552/2805/5007 2555/2803/5007
f 2552/2805/5008 2553/2813/5008 2556/2806/5008
f 2554/2804/5009 2555/2803/5009 2558/2807/5009
f 2555/2803/5010 2556/2806/5010 2559/2809/5010
f 1970/2290/5011 2188/2811/5011 2551/2802/5011
f 2188/2811/5012 2189/2812/5012 2552/2805/5012
f 2189/2812/5013 2190/2814/5013 2553/2813/5013
f 2190/2814/5014 1974/2978/5014 2175/2815/5014
f 2553/2813/5015 2175/2815/5015 2174/2816/5015
f 2556/2806/5016 2174/2816/5016 2173/2817/5016
f 2559/2809/5017 2173/2817/5017 1972/2776/5017
f 2558/2807/5018 2559/2809/5018 2184/2798/5018
f 2557/2808/5019 2558/2807/5019 2183/2797/5019
f 2185/2818/5020 2557/2808/5020 2182/2796/5020
f 2186/2820/5021 2554/2804/5021 2557/2808/5021
f 2187/2810/5022 2551/2802/5022 2554/2804/5022
f 2561/2821/5023 2564/2825/5023 2563/2822/5023
f 2561/2821/5024 2562/2831/5024 2565/2824/5024
f 2564/2825/5025 2567/2828/5025 2566/2826/5025
f 2564/2825/5026 2565/2824/5026 2568/2827/5026
f 2191/2829/5027 2560/2823/5027 2032/2446/5027
f 2192/2830/5028 2561/2821/5028 2560/2823/5028
f 2192/2830/5029 2193/2832/5029 2562/2831/5029
f 2193/2832/5030 1919/2305/5030 1977/2306/5030
f 2562/2831/5031 1977/2306/5031 1976/2320/5031
f 2565/2824/5032 1976/2320/5032 1975/2318/5032
f 2568/2827/5033 1975/2318/5033 1925/2319/5033
f 2567/2828/5034 2568/2827/5034 2194/2833/5034
f 2567/2828/5035 2195/2834/5035 2196/2835/5035
f 2566/2826/5036 2196/2835/5036 1936/2836/5036
f 2563/2822/5037 2566/2826/5037 2034/2449/5037
f 2560/2823/5038 2563/2822/5038 2033/2447/5038
f 2569/2837/5039 2570/2841/5039 2573/2838/5039
f 2571/2840/5040 2574/2844/5040 2573/2838/5040
f 2572/2839/5041 2573/2838/5041 2576/2842/5041
f 2574/2844/5042 2577/2849/5042 2576/2842/5042
f 1936/2481/5043 2196/2845/5043 2569/2837/5043
f 2196/2845/5044 2195/2847/5044 2570/2841/5044
f 2194/2846/5045 2571/2840/5045 2570/2841/5045
f 1925/2848/5046 2001/2356/5046 2571/2840/5046
f 2001/2356/5047 2000/2354/5047 2574/2844/5047
f 2000/2354/5048 1999/2353/5048 2577/2849/5048
f 1999/2353/5049 1921/2257/5049 2197/2258/5049
f 2577/2849/5050 2197/2258/5050 2198/2272/5050
f 2575/2843/5051 2576/2842/5051 2198/2272/5051
f 2043/2468/5052 2575/2843/5052 2199/2271/5052
f 2042/2482/5053 2572/2839/5053 2575/2843/5053
f 2041/2480/5054 2569/2837/5054 2572/2839/5054
f 2579/2850/5055 2582/2854/5055 2581/2851/5055
f 2579/2850/5056 2580/2858/5056 2583/2853/5056
f 2582/2854/5057 2585/2857/5057 2584/2855/5057
f 2582/2854/5058 2583/2853/5058 2586/2856/5058
f 2200/2197/5059 2578/2852/5059 1990/2330/5059
f 2201/2196/5060 2579/2850/5060 2578/2852/5060
f 2201/2196/5061 2202/2195/5061 2580/2858/5061
f 2202/2195/5062 1926/2194/5062 2004/2375/5062
f 2580/2858/5063 2004/2375/5063 2003/2389/5063
f 2583/2853/5064 2003/2389/5064 2002/2387/5064
f 2586/2856/5065 2002/2387/5065 1932/2388/5065
f 2585/2857/5066 2586/2856/5066 2203/2859/5066
f 2585/2857/5067 2204/2860/5067 2205/2861/5067
f 2584/2855/5068 2205/2861/5068 1924/2862/5068
f 2581/2851/5069 2584/2855/5069 1992/2333/5069
f 2578/2852/5070 2581/2851/5070 1991/2331/5070
f 2587/2863/5071 2588/2867/5071 2591/2864/5071
f 2589/2866/5072 2592/2870/5072 2591/2864/5072
f 2590/2865/5073 2591/2864/5073 2594/2868/5073
f 2592/2870/5074 2595/2875/5074 2594/2868/5074
f 1924/2365/5075 2205/2871/5075 2587/2863/5075
f 2205/2871/5076 2204/2873/5076 2588/2867/5076
f 2203/2872/5077 2589/2866/5077 2588/2867/5077
f 1932/2874/5078 2028/2425/5078 2589/2866/5078
f 2028/2425/5079 2027/2423/5079 2592/2870/5079
f 2027/2423/5080 2026/2422/5080 2595/2875/5080
f 2026/2422/5081 1928/2262/5081 2206/2260/5081
f 2595/2875/5082 2206/2260/5082 2207/2261/5082
f 2593/2869/5083 2594/2868/5083 2207/2261/5083
f 1998/2352/5084 2593/2869/5084 2208/2259/5084
f 1997/2366/5085 2590/2865/5085 2593/2869/5085
f 1996/2364/5086 2587/2863/5086 2590/2865/5086
f 2597/2876/5087 2600/2880/5087 2599/2877/5087
f 2597/2876/5088 2598/2885/5088 2601/2879/5088
f 2600/2880/5089 2603/2883/5089 2602/2881/5089
f 2600/2880/5090 2601/2879/5090 2604/2882/5090
f 2209/2241/5091 2596/2878/5091 2017/2399/5091
f 2210/2884/5092 2597/2876/5092 2596/2878/5092
f 2210/2884/5093 2211/2239/5093 2598/2885/5093
f 2211/2239/5094 1940/2238/5094 2058/2514/5094
f 2598/2885/5095 2058/2514/5095 2057/2528/5095
f 2601/2879/5096 2057/2528/5096 2056/2526/5096
f 2604/2882/5097 2056/2526/5097 1946/2527/5097
f 2603/2883/5098 2604/2882/5098 2212/2886/5098
f 2603/2883/5099 2213/2887/5099 2214/2888/5099
f 2602/2881/5100 2214/2888/5100 1931/2889/5100
f 2599/2877/5101 2602/2881/5101 2019/2402/5101
f 2596/2878/5102 2599/2877/5102 2018/2400/5102
f 2605/2890/5103 2606/2894/5103 2609/2891/5103
f 2607/2893/5104 2610/2897/5104 2609/2891/5104
f 2608/2892/5105 2609/2891/5105 2612/2895/5105
f 2610/2897/5106 2613/2902/5106 2612/2895/5106
f 1931/2434/5107 2214/2898/5107 2605/2890/5107
f 2214/2898/5108 2213/2900/5108 2606/2894/5108
f 2212/2899/5109 2607/2893/5109 2606/2894/5109
f 1946/2901/5110 2082/2564/5110 2607/2893/5110
f 2082/2564/5111 2081/2562/5111 2610/2897/5111
f 2081/2562/5112 2080/2561/5112 2613/2902/5112
f 2080/2561/5113 1942/2266/5113 2215/2265/5113
f 2613/2902/5114 2215/2265/5114 2216/2903/5114
f 2611/2896/5115 2612/2895/5115 2216/2903/5115
f 2025/2421/5116 2611/2896/5116 2217/2263/5116
f 2024/2435/5117 2608/2892/5117 2611/2896/5117
f 2023/2433/5118 2605/2890/5118 2608/2892/5118
f 2615/2904/5119 2618/2908/5119 2617/2905/5119
f 2615/2904/5120 2616/2912/5120 2619/2907/5120
f 2618/2908/5121 2621/2911/5121 2620/2909/5121
f 2618/2908/5122 2619/2907/5122 2622/2910/5122
f 2218/2284/5123 2614/2906/5123 2071/2538/5123
f 2219/2285/5124 2615/2904/5124 2614/2906/5124
f 2219/2285/5125 2220/2283/5125 2616/2912/5125
f 2220/2283/5126 1935/2281/5126 2052/2491/5126
f 2616/2912/5127 2052/2491/5127 2051/2505/5127
f 2619/2907/5128 2051/2505/5128 2050/2503/5128
f 2622/2910/5129 2050/2503/5129 1938/2504/5129
f 2621/2911/5130 2622/2910/5130 2221/2913/5130
f 2621/2911/5131 2222/2914/5131 2223/2915/5131
f 2620/2909/5132 2223/2915/5132 1945/2573/5132
f 2617/2905/5133 2620/2909/5133 2073/2541/5133
f 2614/2906/5134 2617/2905/5134 2072/2539/5134
f 2623/2916/5135 2624/2920/5135 2627/2917/5135
f 2625/2919/5136 2628/2923/5136 2627/2917/5136
f 2626/2918/5137 2627/2917/5137 2630/2921/5137
f 2628/2923/5138 2631/2924/5138 2630/2921/5138
f 1945/2573/5139 2223/2915/5139 2623/2916/5139
f 2223/2915/5140 2222/2914/5140 2624/2920/5140
f 2221/2913/5141 2625/2919/5141 2624/2920/5141
f 1938/2504/5142 2046/2472/5142 2625/2919/5142
f 2046/2472/5143 2045/2470/5143 2628/2923/5143
f 2045/2470/5144 2044/2469/5144 2631/2924/5144
f 2044/2469/5145 1934/2270/5145 2224/2269/5145
f 2631/2924/5146 2224/2269/5146 2225/2268/5146
f 2629/2922/5147 2630/2921/5147 2225/2268/5147
f 2079/2560/5148 2629/2922/5148 2226/2267/5148
f 2078/2574/5149 2626/2918/5149 2629/2922/5149
f 2077/2572/5150 2623/2916/5150 2626/2918/5150
f 2633/2925/5151 2636/2929/5151 2635/2926/5151
f 2633/2925/5152 2634/2935/5152 2637/2928/5152
f 2636/2929/5153 2639/2932/5153 2638/2930/5153
f 2636/2929/5154 2637/2928/5154 2640/2931/5154
f 2227/2933/5155 2632/2927/5155 2140/2708/5155
f 2228/2934/5156 2633/2925/5156 2632/2927/5156
f 2228/2934/5157 2229/2936/5157 2634/2935/5157
f 2229/2936/5158 1933/2444/5158 2031/2445/5158
f 2634/2935/5159 2031/2445/5159 2030/2459/5159
f 2637/2928/5160 2030/2459/5160 2029/2457/5160
f 2640/2931/5161 2029/2457/5161 1939/2458/5161
f 2639/2932/5162 2640/2931/5162 2230/2937/5162
f 2639/2932/5163 2231/2938/5163 2232/2939/5163
f 2638/2930/5164 2232/2939/5164 1964/2940/5164
f 2635/2926/5165 2638/2930/5165 2142/2711/5165
f 2632/2927/5166 2635/2926/5166 2141/2709/5166
f 2641/2941/5167 2642/2945/5167 2645/2942/5167
f 2643/2944/5168 2646/2948/5168 2645/2942/5168
f 2644/2943/5169 2645/2942/5169 2648/2946/5169
f 2646/2948/5170 2649/2953/5170 2648/2946/5170
f 1964/2742/5171 2232/2949/5171 2641/2941/5171
f 2232/2949/5172 2231/2951/5172 2642/2945/5172
f 2230/2950/5173 2643/2944/5173 2642/2945/5173
f 1939/2952/5174 2055/2495/5174 2643/2944/5174
f 2055/2495/5175 2054/2493/5175 2646/2948/5175
f 2054/2493/5176 2053/2492/5176 2649/2953/5176
f 2053/2492/5177 1935/2281/5177 2233/2282/5177
f 2649/2953/5178 2233/2282/5178 2234/2296/5178
f 2647/2947/5179 2648/2946/5179 2234/2296/5179
f 2151/2730/5180 2647/2947/5180 2235/2295/5180
f 2150/2743/5181 2644/2943/5181 2647/2947/5181
f 2149/2741/5182 2641/2941/5182 2644/2943/5182
f 2651/2954/5183 2654/2958/5183 2653/2955/5183
f 2651/2954/5184 2652/2962/5184 2655/2957/5184
f 2654/2958/5185 2657/2961/5185 2656/2959/5185
f 2654/2958/5186 2655/2957/5186 2658/2960/5186
f 2236/2236/5187 2650/2956/5187 2059/2515/5187
f 2237/2237/5188 2651/2954/5188 2650/2956/5188
f 2237/2237/5189 2238/2235/5189 2652/2962/5189
f 2238/2235/5190 1968/2233/5190 2166/2768/5190
f 2652/2962/5191 2166/2768/5191 2165/2782/5191
f 2655/2957/5192 2165/2782/5192 2164/2780/5192
f 2658/2960/5193 2164/2780/5193 1974/2781/5193
f 2657/2961/5194 2658/2960/5194 2239/2963/5194
f 2657/2961/5195 2240/2964/5195 2241/2965/5195
f 2656/2959/5196 2241/2965/5196 1943/2966/5196
f 2653/2955/5197 2656/2959/5197 2061/2518/5197
f 2650/2956/5198 2653/2955/5198 2060/2516/5198
f 2659/2967/5199 2660/2971/5199 2663/2968/5199
f 2661/2970/5200 2664/2974/5200 2663/2968/5200
f 2662/2969/5201 2663/2968/5201 2666/2972/5201
f 2664/2974/5202 2667/2979/5202 2666/2972/5202
f 1943/2550/5203 2241/2975/5203 2659/2967/5203
f 2241/2975/5204 2240/2977/5204 2660/2971/5204
f 2239/2976/5205 2661/2970/5205 2660/2971/5205
f 1974/2978/5206 2190/2814/5206 2661/2970/5206
f 2190/2814/5207 2189/2812/5207 2664/2974/5207
f 2189/2812/5208 2188/2811/5208 2667/2979/5208
f 2188/2811/5209 1970/2290/5209 2242/2289/5209
f 2667/2979/5210 2242/2289/5210 2243/2980/5210
f 2665/2973/5211 2666/2972/5211 2243/2980/5211
f 2070/2537/5212 2665/2973/5212 2244/2287/5212
f 2069/2551/5213 2662/2969/5213 2665/2973/5213
f 2068/2549/5214 2659/2967/5214 2662/2969/5214
f 2669/2981/5215 2672/2985/5215 2671/2982/5215
f 2669/2981/5216 2670/2989/5216 2673/2984/5216
f 2672/2985/5217 2675/2988/5217 2674/2986/5217
f 2672/2985/5218 2673/2984/5218 2676/2987/5218
f 2245/2212/5219 2668/2983/5219 2179/2792/5219
f 2246/2213/5220 2669/2981/5220 2668/2983/5220
f 2246/2213/5221 2247/2211/5221 2670/2989/5221
f 2247/2211/5222 1963/2209/5222 2160/2752/5222
f 2670/2989/5223 2160/2752/5223 2159/2759/5223
f 2673/2984/5224 2159/2759/5224 2158/2757/5224
f 2676/2987/5225 2158/2757/5225 1966/2758/5225
f 2675/2988/5226 2676/2987/5226 2248/2990/5226
f 2675/2988/5227 2249/2991/5227 2250/2992/5227
f 2674/2986/5228 2250/2992/5228 1973/2819/5228
f 2671/2982/5229 2674/2986/5229 2181/2795/5229
f 2668/2983/5230 2671/2982/5230 2180/2793/5230
f 2677/2993/5231 2678/2997/5231 2681/2994/5231
f 2679/2996/5232 2682/3000/5232 2681/2994/5232
f 2680/2995/5233 2681/2994/5233 2684/2998/5233
f 2682/3000/5234 2685/3001/5234 2684/2998/5234
f 1973/2819/5235 2250/2992/5235 2677/2993/5235
f 2250/2992/5236 2249/2991/5236 2678/2997/5236
f 2248/2990/5237 2679/2996/5237 2678/2997/5237
f 1966/2758/5238 2154/2734/5238 2679/2996/5238
f 2154/2734/5239 2153/2732/5239 2682/3000/5239
f 2153/2732/5240 2152/2731/5240 2685/3001/5240
f 2152/2731/5241 1962/2294/5241 2251/2293/5241
f 2685/3001/5242 2251/2293/5242 2252/2292/5242
f 2683/2999/5243 2684/2998/5243 2252/2292/5243
f 2187/2810/5244 2683/2999/5244 2253/2291/5244
f 2186/2820/5245 2680/2995/5245 2683/2999/5245
f 2185/2818/5246 2677/2993/5246 2680/2995/5246
f 2687/3002/5247 2690/3006/5247 2689/3003/5247
f 2687/3002/5248 2688/3012/5248 2691/3005/5248
f 2690/3006/5249 2693/3009/5249 2692/3007/5249
f 2690/3006/5250 2691/3005/5250 2694/3008/5250
f 2254/3010/5251 2686/3004/5251 2086/2585/5251
f 2255/3011/5252 2687/3002/5252 2686/3004/5252
f 2255/3011/5253 2256/3013/5253 2688/3012/5253
f 2256/3013/5254 1961/2706/5254 2139/2707/5254
f 2688/3012/5255 2139/2707/5255 2138/2721/5255
f 2691/3005/5256 2138/2721/5256 2137/2719/5256
f 2694/3008/5257 2137/2719/5257 1967/2720/5257
f 2693/3009/5258 2694/3008/5258 2257/3014/5258
f 2693/3009/5259 2258/3015/5259 2259/3016/5259
f 2692/3007/5260 2259/3016/5260 1950/2616/5260
f 2689/3003/5261 2692/3007/5261 2088/2588/5261
f 2686/3004/5262 2689/3003/5262 2087/2586/5262
f 2695/3017/5263 2696/3021/5263 2699/3018/5263
f 2697/3020/5264 2700/3024/5264 2699/3018/5264
f 2698/3019/5265 2699/3018/5265 2702/3022/5265
f 2700/3024/5266 2703/3025/5266 2702/3022/5266
f 1950/2616/5267 2259/3016/5267 2695/3017/5267
f 2259/3016/5268 2258/3015/5268 2696/3021/5268
f 2257/3014/5269 2697/3020/5269 2696/3021/5269
f 1967/2720/5270 2163/2756/5270 2697/3020/5270
f 2163/2756/5271 2162/2754/5271 2700/3024/5271
f 2162/2754/5272 2161/2753/5272 2703/3025/5272
f 2161/2753/5273 1963/2209/5273 2260/2210/5273
f 2703/3025/5274 2260/2210/5274 2261/2224/5274
f 2701/3023/5275 2702/3022/5275 2261/2224/5275
f 2097/2607/5276 2701/3023/5276 2262/2223/5276
f 2096/2617/5277 2698/3019/5277 2701/3023/5277
f 2095/2615/5278 2695/3017/5278 2698/3019/5278
f 2705/3026/5279 2708/3030/5279 2707/3027/5279
f 2705/3026/5280 2706/3034/5280 2709/3029/5280
f 2708/3030/5281 2711/3033/5281 2710/3031/5281
f 2708/3030/5282 2709/3029/5282 2712/3032/5282
f 2263/2234/5283 2704/3028/5283 2167/2769/5283
f 2264/2248/5284 2705/3026/5284 2704/3028/5284
f 2264/2248/5285 2265/2247/5285 2706/3034/5285
f 2265/2247/5286 1954/2246/5286 2112/2645/5286
f 2706/3034/5287 2112/2645/5287 2111/2659/5287
f 2709/3029/5288 2111/2659/5288 2110/2657/5288
f 2712/3032/5289 2110/2657/5289 1960/2658/5289
f 2711/3033/5290 2712/3032/5290 2266/3035/5290
f 2711/3033/5291 2267/3036/5291 2268/3037/5291
f 2710/3031/5292 2268/3037/5292 1971/2800/5292
f 2707/3027/5293 2710/3031/5293 2169/2772/5293
f 2704/3028/5294 2707/3027/5294 2168/2770/5294
f 2713/3038/5295 2714/3042/5295 2717/3039/5295
f 2715/3041/5296 2718/3045/5296 2717/3039/5296
f 2716/3040/5297 2717/3039/5297 2720/3043/5297
f 2718/3045/5298 2721/3046/5298 2720/3043/5298
f 1971/2800/5299 2268/3037/5299 2713/3038/5299
f 2268/3037/5300 2267/3036/5300 2714/3042/5300
f 2266/3035/5301 2715/3041/5301 2714/3042/5301
f 1960/2658/5302 2136/2694/5302 2715/3041/5302
f 2136/2694/5303 2135/2692/5303 2718/3045/5303
f 2135/2692/5304 2134/2691/5304 2721/3046/5304
f 2134/2691/5305 1956/2218/5305 2269/2217/5305
f 2721/3046/5306 2269/2217/5306 2270/3047/5306
f 2719/3044/5307 2720/3043/5307 2270/3047/5307
f 2178/2791/5308 2719/3044/5308 2271/2215/5308
f 2177/2801/5309 2716/3040/5309 2719/3044/5309
f 2176/2799/5310 2713/3038/5310 2716/3040/5310
f 2723/3048/5311 2726/3052/5311 2725/3049/5311
f 2723/3048/5312 2724/3056/5312 2727/3051/5312
f 2726/3052/5313 2729/3055/5313 2728/3053/5313
f 2726/3052/5314 2727/3051/5314 2730/3054/5314
f 2272/2188/5315 2722/3050/5315 2125/2669/5315
f 2273/2189/5316 2723/3048/5316 2722/3050/5316
f 2273/2189/5317 2274/2187/5317 2724/3056/5317
f 2274/2187/5318 1949/2185/5318 2106/2626/5318
f 2724/3056/5319 2106/2626/5319 2105/2636/5319
f 2727/3051/5320 2105/2636/5320 2104/2634/5320
f 2730/3054/5321 2104/2634/5321 1952/2635/5321
f 2729/3055/5322 2730/3054/5322 2275/3057/5322
f 2729/3055/5323 2276/3058/5323 2277/3059/5323
f 2728/3053/5324 2277/3059/5324 1959/2696/5324
f 2725/3049/5325 2728/3053/5325 2127/2672/5325
f 2722/3050/5326 2725/3049/5326 2126/2670/5326
f 2731/3060/5327 2732/3064/5327 2735/3061/5327
f 2733/3063/5328 2736/3067/5328 2735/3061/5328
f 2734/3062/5329 2735/3061/5329 2738/3065/5329
f 2736/3067/5330 2739/3068/5330 2738/3065/5330
f 1959/2696/5331 2277/3059/5331 2731/3060/5331
f 2277/3059/5332 2276/3058/5332 2732/3064/5332
f 2275/3057/5333 2733/3063/5333 2732/3064/5333
f 1952/2635/5334 2100/2611/5334 2733/3063/5334
f 2100/2611/5335 2099/2609/5335 2736/3067/5335
f 2099/2609/5336 2098/2608/5336 2739/3068/5336
f 2098/2608/5337 1948/2222/5337 2278/2221/5337
f 2739/3068/5338 2278/2221/5338 2279/2220/5338
f 2737/3066/5339 2738/3065/5339 2279/2220/5339
f 2133/2690/5340 2737/3066/5340 2280/2219/5340
f 2132/2697/5341 2734/3062/5341 2737/3066/5341
f 2131/2695/5342 2731/3060/5342 2734/3062/5342
f 2741/3069/5343 2744/3073/5343 2743/3070/5343
f 2741/3069/5344 2742/3079/5344 2745/3072/5344
f 2744/3073/5345 2747/3076/5345 2746/3074/5345
f 2744/3073/5346 2745/3072/5346 2748/3075/5346
f 2281/3077/5347 2740/3071/5347 1978/2307/5347
f 2282/3078/5348 2741/3069/5348 2740/3071/5348
f 2282/3078/5349 2283/3080/5349 2742/3079/5349
f 2283/3080/5350 1947/2583/5350 2085/2584/5350
f 2742/3079/5351 2085/2584/5351 2084/2598/5351
f 2745/3072/5352 2084/2598/5352 2083/2596/5352
f 2748/3075/5353 2083/2596/5353 1953/2597/5353
f 2747/3076/5354 2748/3075/5354 2284/3081/5354
f 2747/3076/5355 2285/3082/5355 2286/3083/5355
f 2746/3074/5356 2286/3083/5356 1922/3084/5356
f 2743/3070/5357 2746/3074/5357 1980/2310/5357
f 2740/3071/5358 2743/3070/5358 1979/2308/5358
f 2749/3085/5359 2750/3089/5359 2753/3086/5359
f 2751/3088/5360 2754/3092/5360 2753/3086/5360
f 2752/3087/5361 2753/3086/5361 2756/3090/5361
f 2754/3092/5362 2757/3097/5362 2756/3090/5362
f 1922/2342/5363 2286/3093/5363 2749/3085/5363
f 2286/3093/5364 2285/3095/5364 2750/3089/5364
f 2284/3094/5365 2751/3088/5365 2750/3089/5365
f 1953/3096/5366 2109/2630/5366 2751/3088/5366
f 2109/2630/5367 2108/2628/5367 2754/3092/5367
f 2108/2628/5368 2107/2627/5368 2757/3097/5368
f 2107/2627/5369 1949/2185/5369 2287/2186/5369
f 2757/3097/5370 2287/2186/5370 2288/2200/5370
f 2755/3091/5371 2756/3090/5371 2288/2200/5371
f 1989/2329/5372 2755/3091/5372 2289/2199/5372
f 1988/2343/5373 2752/3087/5373 2755/3091/5373
f 1987/2341/5374 2749/3085/5374 2752/3087/5374
f 2759/3098/5375 2762/3102/5375 2761/3099/5375
f 2759/3098/5376 2760/3106/5376 2763/3101/5376
f 2762/3102/5377 2765/3105/5377 2764/3103/5377
f 2762/3102/5378 2763/3101/5378 2766/3104/5378
f 2290/2245/5379 2758/3100/5379 2113/2646/5379
f 2291/2244/5380 2759/3098/5380 2758/3100/5380
f 2291/2244/5381 2292/2243/5381 2760/3106/5381
f 2292/2243/5382 1927/2242/5382 2016/2398/5382
f 2760/3106/5383 2016/2398/5383 2015/2412/5383
f 2763/3101/5384 2015/2412/5384 2014/2410/5384
f 2766/3104/5385 2014/2410/5385 1929/2411/5385
f 2765/3105/5386 2766/3104/5386 2293/3107/5386
f 2765/3105/5387 2294/3108/5387 2295/3109/5387
f 2764/3103/5388 2295/3109/5388 1957/3110/5388
f 2761/3099/5389 2764/3103/5389 2115/2649/5389
f 2758/3100/5390 2761/3099/5390 2114/2647/5390
f 2767/3111/5391 2768/3115/5391 2771/3112/5391
f 2769/3114/5392 2772/3118/5392 2771/3112/5392
f 2770/3113/5393 2771/3112/5393 2774/3116/5393
f 2772/3118/5394 2775/3123/5394 2774/3116/5394
f 1957/2680/5395 2295/3119/5395 2767/3111/5395
f 2295/3119/5396 2294/3121/5396 2768/3115/5396
f 2293/3120/5397 2769/3114/5397 2768/3115/5397
f 1929/3122/5398 2007/2379/5398 2769/3114/5398
f 2007/2379/5399 2006/2377/5399 2772/3118/5399
f 2006/2377/5400 2005/2376/5400 2775/3123/5400
f 2005/2376/5401 1926/2194/5401 2296/2193/5401
f 2775/3123/5402 2296/2193/5402 2297/3124/5402
f 2773/3117/5403 2774/3116/5403 2297/3124/5403
f 2124/2668/5404 2773/3117/5404 2298/2191/5404
f 2123/2681/5405 2770/3113/5405 2773/3117/5405
f 2122/2679/5406 2767/3111/5406 2770/3113/5406
f 2776/3125/4547 2777/3129/4547 2780/3126/4547
f 2778/3128/5407 2781/3133/5407 2780/3126/5407
f 2780/3126/5408 2783/3132/5408 2782/3130/5408
f 2780/3126/4550 2781/3133/4550 2784/3131/4550
f 1933/2444/5409 2229/2936/5409 2776/3125/5409
f 2229/2936/5410 2228/2934/5410 2777/3129/5410
f 2227/2933/4553 2778/3128/4553 2777/3129/4553
f 1961/2706/5411 2256/3013/5411 2778/3128/5411
f 2256/3013/5412 2255/3011/5412 2781/3133/5412
f 2781/3133/5413 2255/3011/5413 2254/3010/5413
f 2784/3131/5414 2254/3010/5414 1947/2583/5414
f 2783/3132/5415 2784/3131/5415 2283/3080/5415
f 2783/3132/4559 2282/3078/4559 2281/3077/4559
f 2782/3130/5416 2281/3077/5416 1919/2305/5416
f 2779/3127/5417 2782/3130/5417 2193/2832/5417
f 2191/2829/5418 2776/3125/5418 2779/3127/5418
o News_Brand
v -0.208080 0.947000 0.227877
v -0.208080 1.007000 0.227877
v -0.207731 0.947000 0.217883
v -0.207731 1.007000 0.217883
v 0.191677 0.947000 0.241837
v 0.191677 1.007000 0.241837
v 0.192026 0.947000 0.231843
v 0.192026 1.007000 0.231843
vn -0.9994 -0.0000 -0.0349
vn 0.0349 -0.0000 -0.9994
vn 0.9994 -0.0000 0.0349
vn -0.0349 -0.0000 0.9994
vn -0.0000 -1.0000 -0.0000
vn -0.0000 1.0000 -0.0000
vt 0.625000 0.000000
vt 0.375000 0.250000
vt 0.375000 0.000000
vt 0.625000 0.250000
vt 0.375000 0.500000
vt 0.625000 0.500000
vt 0.375000 0.750000
vt 0.625000 0.750000
vt 0.375000 1.000000
vt 0.125000 0.750000
vt 0.125000 0.500000
vt 0.875000 0.500000
vt 0.625000 1.000000
vt 0.875000 0.750000
s 0
usemtl HM_Sticker
f 2786/3134/5419 2787/3135/5419 2785/3136/5419
f 2788/3137/5420 2791/3138/5420 2787/3135/5420
f 2792/3139/5421 2789/3140/5421 2791/3138/5421
f 2790/3141/5422 2785/3142/5422 2789/3140/5422
f 2791/3138/5423 2785/3143/5423 2787/3144/5423
f 2788/3145/5424 2790/3141/5424 2792/3139/5424
f 2786/3134/5419 2788/3137/5419 2787/3135/5419
f 2788/3137/5420 2792/3139/5420 2791/3138/5420
f 2792/3139/5421 2790/3141/5421 2789/3140/5421
f 2790/3141/5422 2786/3146/5422 2785/3142/5422
f 2791/3138/5423 2789/3140/5423 2785/3143/5423
f 2788/3145/5424 2786/3147/5424 2790/3141/5424
o News_Leg_-1_-1
v -0.246834 -0.003000 0.191502
v -0.246834 0.077000 0.191502
v -0.245438 -0.003000 0.151527
v -0.245438 0.077000 0.151527
v -0.206858 -0.003000 0.192898
v -0.206858 0.077000 0.192898
v -0.205462 -0.003000 0.152923
v -0.205462 0.077000 0.152923
vn -0.9994 -0.0000 -0.0349
vn 0.0349 -0.0000 -0.9994
vn 0.9994 -0.0000 0.0349
vn -0.0349 -0.0000 0.9994
vn -0.0000 -1.0000 -0.0000
vn -0.0000 1.0000 -0.0000
vt 0.625000 0.000000
vt 0.375000 0.250000
vt 0.375000 0.000000
vt 0.625000 0.250000
vt 0.375000 0.500000
vt 0.625000 0.500000
vt 0.375000 0.750000
vt 0.625000 0.750000
vt 0.375000 1.000000
vt 0.125000 0.750000
vt 0.125000 0.500000
vt 0.875000 0.500000
vt 0.625000 1.000000
vt 0.875000 0.750000
s 0
usemtl HM_MeterPole
f 2794/3148/5425 2795/3149/5425 2793/3150/5425
f 2796/3151/5426 2799/3152/5426 2795/3149/5426
f 2800/3153/5427 2797/3154/5427 2799/3152/5427
f 2798/3155/5428 2793/3156/5428 2797/3154/5428
f 2799/3152/5429 2793/3157/5429 2795/3158/5429
f 2796/3159/5430 2798/3155/5430 2800/3153/5430
f 2794/3148/5425 2796/3151/5425 2795/3149/5425
f 2796/3151/5426 2800/3153/5426 2799/3152/5426
f 2800/3153/5427 2798/3155/5427 2797/3154/5427
f 2798/3155/5428 2794/3160/5428 2793/3156/5428
f 2799/3152/5429 2797/3154/5429 2793/3157/5429
f 2796/3159/5430 2794/3161/5430 2798/3155/5430
o News_Leg_1_-1
v 0.192898 -0.003000 0.206858
v 0.192898 0.077000 0.206858
v 0.194294 -0.003000 0.166882
v 0.194294 0.077000 0.166882
v 0.232874 -0.003000 0.208254
v 0.232874 0.077000 0.208254
v 0.234270 -0.003000 0.168278
v 0.234270 0.077000 0.168278
vn -0.9994 -0.0000 -0.0349
vn 0.0349 -0.0000 -0.9994
vn 0.9994 -0.0000 0.0349
vn -0.0349 -0.0000 0.9994
vn -0.0000 -1.0000 -0.0000
vn -0.0000 1.0000 -0.0000
vt 0.625000 0.000000
vt 0.375000 0.250000
vt 0.375000 0.000000
vt 0.625000 0.250000
vt 0.375000 0.500000
vt 0.625000 0.500000
vt 0.375000 0.750000
vt 0.625000 0.750000
vt 0.375000 1.000000
vt 0.125000 0.750000
vt 0.125000 0.500000
vt 0.875000 0.500000
vt 0.625000 1.000000
vt 0.875000 0.750000
s 0
usemtl HM_MeterPole
f 2802/3162/5431 2803/3163/5431 2801/3164/5431
f 2804/3165/5432 2807/3166/5432 2803/3163/5432
f 2808/3167/5433 2805/3168/5433 2807/3166/5433
f 2806/3169/5434 2801/3170/5434 2805/3168/5434
f 2807/3166/5435 2801/3171/5435 2803/3172/5435
f 2804/3173/5436 2806/3169/5436 2808/3167/5436
f 2802/3162/5431 2804/3165/5431 2803/3163/5431
f 2804/3165/5432 2808/3167/5432 2807/3166/5432
f 2808/3167/5433 2806/3169/5433 2805/3168/5433
f 2806/3169/5434 2802/3174/5434 2801/3170/5434
f 2807/3166/5435 2805/3168/5435 2801/3171/5435
f 2804/3173/5436 2802/3175/5436 2806/3169/5436
o News_Leg_-1_1
v -0.234270 -0.003000 -0.168278
v -0.234270 0.077000 -0.168278
v -0.232874 -0.003000 -0.208254
v -0.232874 0.077000 -0.208254
v -0.194294 -0.003000 -0.166882
v -0.194294 0.077000 -0.166882
v -0.192898 -0.003000 -0.206858
v -0.192898 0.077000 -0.206858
vn -0.9994 -0.0000 -0.0349
vn 0.0349 -0.0000 -0.9994
vn 0.9994 -0.0000 0.0349
vn -0.0349 -0.0000 0.9994
vn -0.0000 -1.0000 -0.0000
vn -0.0000 1.0000 -0.0000
vt 0.625000 0.000000
vt 0.375000 0.250000
vt 0.375000 0.000000
vt 0.625000 0.250000
vt 0.375000 0.500000
vt 0.625000 0.500000
vt 0.375000 0.750000
vt 0.625000 0.750000
vt 0.375000 1.000000
vt 0.125000 0.750000
vt 0.125000 0.500000
vt 0.875000 0.500000
vt 0.625000 1.000000
vt 0.875000 0.750000
s 0
usemtl HM_MeterPole
f 2810/3176/5437 2811/3177/5437 2809/3178/5437
f 2812/3179/5438 2815/3180/5438 2811/3177/5438
f 2816/3181/5439 2813/3182/5439 2815/3180/5439
f 2814/3183/5440 2809/3184/5440 2813/3182/5440
f 2815/3180/5441 2809/3185/5441 2811/3186/5441
f 2812/3187/5442 2814/3183/5442 2816/3181/5442
f 2810/3176/5437 2812/3179/5437 2811/3177/5437
f 2812/3179/5438 2816/3181/5438 2815/3180/5438
f 2816/3181/5439 2814/3183/5439 2813/3182/5439
f 2814/3183/5440 2810/3188/5440 2809/3184/5440
f 2815/3180/5441 2813/3182/5441 2809/3185/5441
f 2812/3187/5442 2810/3189/5442 2814/3183/5442
o News_Leg_1_1
v 0.205462 -0.003000 -0.152923
v 0.205462 0.077000 -0.152923
v 0.206858 -0.003000 -0.192898
v 0.206858 0.077000 -0.192898
v 0.245438 -0.003000 -0.151527
v 0.245438 0.077000 -0.151527
v 0.246834 -0.003000 -0.191502
v 0.246834 0.077000 -0.191502
vn -0.9994 -0.0000 -0.0349
vn 0.0349 -0.0000 -0.9994
vn 0.9994 -0.0000 0.0349
vn -0.0349 -0.0000 0.9994
vn -0.0000 -1.0000 -0.0000
vn -0.0000 1.0000 -0.0000
vt 0.625000 0.000000
vt 0.375000 0.250000
vt 0.375000 0.000000
vt 0.625000 0.250000
vt 0.375000 0.500000
vt 0.625000 0.500000
vt 0.375000 0.750000
vt 0.625000 0.750000
vt 0.375000 1.000000
vt 0.125000 0.750000
vt 0.125000 0.500000
vt 0.875000 0.500000
vt 0.625000 1.000000
vt 0.875000 0.750000
s 0
usemtl HM_MeterPole
f 2818/3190/5443 2819/3191/5443 2817/3192/5443
f 2820/3193/5444 2823/3194/5444 2819/3191/5444
f 2824/3195/5445 2821/3196/5445 2823/3194/5445
f 2822/3197/5446 2817/3198/5446 2821/3196/5446
f 2823/3194/5447 2817/3199/5447 2819/3200/5447
f 2820/3201/5448 2822/3197/5448 2824/3195/5448
f 2818/3190/5443 2820/3193/5443 2819/3191/5443
f 2820/3193/5444 2824/3195/5444 2823/3194/5444
f 2824/3195/5445 2822/3197/5445 2821/3196/5445
f 2822/3197/5446 2818/3202/5446 2817/3198/5446
f 2823/3194/5447 2821/3196/5447 2817/3199/5447
f 2820/3201/5448 2818/3203/5448 2822/3197/5448
o News_SideAd
v 0.270597 0.347000 0.159541
v 0.270597 0.747000 0.159541
v 0.281067 0.347000 -0.140276
v 0.281067 0.747000 -0.140276
v 0.278592 0.347000 0.159820
v 0.278592 0.747000 0.159820
v 0.289062 0.347000 -0.139997
v 0.289062 0.747000 -0.139997
vn -0.9994 -0.0000 -0.0349
vn 0.0349 -0.0000 -0.9994
vn 0.9994 -0.0000 0.0349
vn -0.0349 -0.0000 0.9994
vn -0.0000 -1.0000 -0.0000
vn -0.0000 1.0000 -0.0000
vt 0.625000 0.000000
vt 0.375000 0.250000
vt 0.375000 0.000000
vt 0.625000 0.250000
vt 0.375000 0.500000
vt 0.625000 0.500000
vt 0.375000 0.750000
vt 0.625000 0.750000
vt 0.375000 1.000000
vt 0.125000 0.750000
vt 0.125000 0.500000
vt 0.875000 0.500000
vt 0.625000 1.000000
vt 0.875000 0.750000
s 0
usemtl HM_StickerWarn
f 2826/3204/5449 2827/3205/5449 2825/3206/5449
f 2828/3207/5450 2831/3208/5450 2827/3205/5450
f 2832/3209/5451 2829/3210/5451 2831/3208/5451
f 2830/3211/5452 2825/3212/5452 2829/3210/5452
f 2831/3208/5453 2825/3213/5453 2827/3214/5453
f 2828/3215/5454 2830/3211/5454 2832/3209/5454
f 2826/3204/5449 2828/3207/5449 2827/3205/5449
f 2828/3207/5450 2832/3209/5450 2831/3208/5450
f 2832/3209/5451 2830/3211/5451 2829/3210/5451
f 2830/3211/5452 2826/3216/5452 2825/3212/5452
f 2831/3208/5453 2829/3210/5453 2825/3213/5453
f 2828/3215/5454 2826/3217/5454 2830/3211/5454
o News_HM
v -0.208394 0.197000 0.236871
v -0.208394 0.237000 0.236871
v -0.208114 0.197000 0.228876
v -0.208114 0.237000 0.228876
v -0.108455 0.197000 0.240361
v -0.108455 0.237000 0.240361
v -0.108175 0.197000 0.232366
v -0.108175 0.237000 0.232366
vn -0.9994 -0.0000 -0.0349
vn 0.0349 -0.0000 -0.9994
vn 0.9994 -0.0000 0.0349
vn -0.0349 -0.0000 0.9994
vn -0.0000 -1.0000 -0.0000
vn -0.0000 1.0000 -0.0000
vt 0.625000 0.000000
vt 0.375000 0.250000
vt 0.375000 0.000000
vt 0.625000 0.250000
vt 0.375000 0.500000
vt 0.625000 0.500000
vt 0.375000 0.750000
vt 0.625000 0.750000
vt 0.375000 1.000000
vt 0.125000 0.750000
vt 0.125000 0.500000
vt 0.875000 0.500000
vt 0.625000 1.000000
vt 0.875000 0.750000
s 0
usemtl HM_StickerTeal
f 2834/3218/5455 2835/3219/5455 2833/3220/5455
f 2836/3221/5456 2839/3222/5456 2835/3219/5456
f 2840/3223/5457 2837/3224/5457 2839/3222/5457
f 2838/3225/5458 2833/3226/5458 2837/3224/5458
f 2839/3222/5459 2833/3227/5459 2835/3228/5459
f 2836/3229/5460 2838/3225/5460 2840/3223/5460
f 2834/3218/5455 2836/3221/5455 2835/3219/5455
f 2836/3221/5456 2840/3223/5456 2839/3222/5456
f 2840/3223/5457 2838/3225/5457 2837/3224/5457
f 2838/3225/5458 2834/3230/5458 2833/3226/5458
f 2839/3222/5459 2837/3224/5459 2833/3227/5459
f 2836/3229/5460 2834/3231/5460 2838/3225/5460
o News_Bolt_0
v -0.207800 0.241000 0.219882
v -0.207800 0.253000 0.219882
v -0.202229 0.241000 0.222421
v -0.202229 0.253000 0.222421
v -0.200084 0.241000 0.228156
v -0.200084 0.253000 0.228156
v -0.202624 0.241000 0.233728
v -0.202624 0.253000 0.233728
v -0.208359 0.241000 0.235872
v -0.208359 0.253000 0.235872
v -0.213930 0.241000 0.233333
v -0.213930 0.253000 0.233333
v -0.216075 0.241000 0.227598
v -0.216075 0.253000 0.227598
v -0.213536 0.241000 0.222026
v -0.213536 0.253000 0.222026
vn 0.4147 -0.0000 -0.9100
vn 0.9367 -0.0000 -0.3502
vn 0.9100 -0.0000 0.4147
vn 0.3502 -0.0000 0.9367
vn -0.4147 -0.0000 0.9100
vn -0.9367 -0.0000 0.3502
vn -0.0000 1.0000 -0.0000
vn -0.9100 -0.0000 -0.4147
vn -0.3502 -0.0000 -0.9367
vn -0.0000 -1.0000 -0.0000
vt 1.000000 1.000000
vt 0.875000 0.500000
vt 1.000000 0.500000
vt 0.875000 1.000000
vt 0.750000 0.500000
vt 0.750000 1.000000
vt 0.625000 0.500000
vt 0.625000 1.000000
vt 0.500000 0.500000
vt 0.500000 1.000000
vt 0.375000 0.500000
vt 0.375000 1.000000
vt 0.250000 0.500000
vt 0.010000 0.250000
vt 0.250000 0.010000
vt 0.490000 0.250000
vt 0.250000 1.000000
vt 0.125000 0.500000
vt 0.125000 1.000000
vt 0.000000 0.500000
vt 0.919706 0.080294
vt 0.580294 0.080294
vt 0.580294 0.419706
vt 0.419706 0.419706
vt 0.250000 0.490000
vt 0.080294 0.419706
vt 0.080294 0.080294
vt 0.419706 0.080294
vt 0.000000 1.000000
vt 0.750000 0.490000
vt 0.919706 0.419706
vt 0.990000 0.250000
vt 0.750000 0.010000
vt 0.510000 0.250000
s 0
usemtl HM_Bolt
f 2842/3232/5461 2843/3233/5461 2841/3234/5461
f 2844/3235/5462 2845/3236/5462 2843/3233/5462
f 2846/3237/5463 2847/3238/5463 2845/3236/5463
f 2848/3239/5464 2849/3240/5464 2847/3238/5464
f 2850/3241/5465 2851/3242/5465 2849/3240/5465
f 2852/3243/5466 2853/3244/5466 2851/3242/5466
f 2854/3245/5467 2850/3246/5467 2846/3247/5467
f 2854/3248/5468 2855/3249/5468 2853/3244/5468
f 2856/3250/5469 2841/3251/5469 2855/3249/5469
f 2847/3252/5470 2851/3253/5470 2855/3254/5470
f 2842/3232/5461 2844/3235/5461 2843/3233/5461
f 2844/3235/5462 2846/3237/5462 2845/3236/5462
f 2846/3237/5463 2848/3239/5463 2847/3238/5463
f 2848/3239/5464 2850/3241/5464 2849/3240/5464
f 2850/3241/5465 2852/3243/5465 2851/3242/5465
f 2852/3243/5466 2854/3248/5466 2853/3244/5466
f 2846/3247/5467 2844/3255/5467 2842/3256/5467
f 2842/3256/5467 2856/3257/5467 2854/3245/5467
f 2854/3245/5467 2852/3258/5467 2850/3246/5467
f 2850/3246/5467 2848/3259/5467 2846/3247/5467
f 2846/3247/5467 2842/3256/5467 2854/3245/5467
f 2854/3248/5468 2856/3250/5468 2855/3249/5468
f 2856/3250/5469 2842/3260/5469 2841/3251/5469
f 2855/3254/5470 2841/3261/5470 2843/3262/5470
f 2843/3262/5470 2845/3263/5470 2847/3252/5470
f 2847/3252/5470 2849/3264/5470 2851/3253/5470
f 2851/3253/5470 2853/3265/5470 2855/3254/5470
f 2855/3254/5470 2843/3262/5470 2847/3252/5470
o News_Bolt_1
v -0.207800 0.841000 0.219882
v -0.207800 0.853000 0.219882
v -0.202229 0.841000 0.222421
v -0.202229 0.853000 0.222421
v -0.200084 0.841000 0.228156
v -0.200084 0.853000 0.228156
v -0.202624 0.841000 0.233728
v -0.202624 0.853000 0.233728
v -0.208359 0.841000 0.235872
v -0.208359 0.853000 0.235872
v -0.213930 0.841000 0.233333
v -0.213930 0.853000 0.233333
v -0.216075 0.841000 0.227598
v -0.216075 0.853000 0.227598
v -0.213536 0.841000 0.222026
v -0.213536 0.853000 0.222026
vn 0.4147 -0.0000 -0.9100
vn 0.9367 -0.0000 -0.3502
vn 0.9100 -0.0000 0.4147
vn 0.3502 -0.0000 0.9367
vn -0.4147 -0.0000 0.9100
vn -0.9367 -0.0000 0.3502
vn -0.0000 1.0000 -0.0000
vn -0.9100 -0.0000 -0.4147
vn -0.3502 -0.0000 -0.9367
vn -0.0000 -1.0000 -0.0000
vt 1.000000 1.000000
vt 0.875000 0.500000
vt 1.000000 0.500000
vt 0.875000 1.000000
vt 0.750000 0.500000
vt 0.750000 1.000000
vt 0.625000 0.500000
vt 0.625000 1.000000
vt 0.500000 0.500000
vt 0.500000 1.000000
vt 0.375000 0.500000
vt 0.375000 1.000000
vt 0.250000 0.500000
vt 0.010000 0.250000
vt 0.250000 0.010000
vt 0.490000 0.250000
vt 0.250000 1.000000
vt 0.125000 0.500000
vt 0.125000 1.000000
vt 0.000000 0.500000
vt 0.919706 0.080294
vt 0.580294 0.080294
vt 0.580294 0.419706
vt 0.419706 0.419706
vt 0.250000 0.490000
vt 0.080294 0.419706
vt 0.080294 0.080294
vt 0.419706 0.080294
vt 0.000000 1.000000
vt 0.750000 0.490000
vt 0.919706 0.419706
vt 0.990000 0.250000
vt 0.750000 0.010000
vt 0.510000 0.250000
s 0
usemtl HM_Bolt
f 2858/3266/5471 2859/3267/5471 2857/3268/5471
f 2860/3269/5472 2861/3270/5472 2859/3267/5472
f 2862/3271/5473 2863/3272/5473 2861/3270/5473
f 2864/3273/5474 2865/3274/5474 2863/3272/5474
f 2866/3275/5475 2867/3276/5475 2865/3274/5475
f 2868/3277/5476 2869/3278/5476 2867/3276/5476
f 2870/3279/5477 2866/3280/5477 2862/3281/5477
f 2870/3282/5478 2871/3283/5478 2869/3278/5478
f 2872/3284/5479 2857/3285/5479 2871/3283/5479
f 2863/3286/5480 2867/3287/5480 2871/3288/5480
f 2858/3266/5471 2860/3269/5471 2859/3267/5471
f 2860/3269/5472 2862/3271/5472 2861/3270/5472
f 2862/3271/5473 2864/3273/5473 2863/3272/5473
f 2864/3273/5474 2866/3275/5474 2865/3274/5474
f 2866/3275/5475 2868/3277/5475 2867/3276/5475
f 2868/3277/5476 2870/3282/5476 2869/3278/5476
f 2862/3281/5477 2860/3289/5477 2858/3290/5477
f 2858/3290/5477 2872/3291/5477 2870/3279/5477
f 2870/3279/5477 2868/3292/5477 2866/3280/5477
f 2866/3280/5477 2864/3293/5477 2862/3281/5477
f 2862/3281/5477 2858/3290/5477 2870/3279/5477
f 2870/3282/5478 2872/3284/5478 2871/3283/5478
f 2872/3284/5479 2858/3294/5479 2857/3285/5479
f 2871/3288/5480 2857/3295/5480 2859/3296/5480
f 2859/3296/5480 2861/3297/5480 2863/3286/5480
f 2863/3286/5480 2865/3298/5480 2867/3287/5480
f 2867/3287/5480 2869/3299/5480 2871/3288/5480
f 2871/3288/5480 2859/3296/5480 2863/3286/5480
o hm_prop_newsbox_v2_HeraldDecal
v -0.148640 0.937000 0.244962
v -0.148640 1.017000 0.244962
v -0.148291 0.937000 0.234968
v -0.148291 1.017000 0.234968
v 0.131190 0.937000 0.254734
v 0.131190 1.017000 0.254734
v 0.131539 0.937000 0.244740
v 0.131539 1.017000 0.244740
vn -0.9994 -0.0000 -0.0349
vn 0.0349 -0.0000 -0.9994
vn 0.9994 -0.0000 0.0349
vn -0.0349 -0.0000 0.9994
vn -0.0000 -1.0000 -0.0000
vn -0.0000 1.0000 -0.0000
vt 0.625000 0.000000
vt 0.375000 0.250000
vt 0.375000 0.000000
vt 0.625000 0.250000
vt 0.375000 0.500000
vt 0.625000 0.500000
vt 0.375000 0.750000
vt 0.625000 0.750000
vt 0.375000 1.000000
vt 0.125000 0.750000
vt 0.125000 0.500000
vt 0.875000 0.500000
vt 0.625000 1.000000
vt 0.875000 0.750000
s 0
usemtl HM_Sticker
f 2874/3300/5481 2875/3301/5481 2873/3302/5481
f 2876/3303/5482 2879/3304/5482 2875/3301/5482
f 2880/3305/5483 2877/3306/5483 2879/3304/5483
f 2878/3307/5484 2873/3308/5484 2877/3306/5484
f 2879/3304/5485 2873/3309/5485 2875/3310/5485
f 2876/3311/5486 2878/3307/5486 2880/3305/5486
f 2874/3300/5481 2876/3303/5481 2875/3301/5481
f 2876/3303/5482 2880/3305/5482 2879/3304/5482
f 2880/3305/5483 2878/3307/5483 2877/3306/5483
f 2878/3307/5484 2874/3312/5484 2873/3308/5484
f 2879/3304/5485 2877/3306/5485 2873/3309/5485
f 2876/3311/5486 2874/3313/5486 2878/3307/5486
o hm_prop_newsbox_v2_HeraldInk
v -0.118763 0.957000 0.249007
v -0.118763 0.997000 0.249007
v -0.118483 0.957000 0.241012
v -0.118483 0.997000 0.241012
v 0.101103 0.957000 0.256685
v 0.101103 0.997000 0.256685
v 0.101383 0.957000 0.248690
v 0.101383 0.997000 0.248690
vn -0.9994 -0.0000 -0.0349
vn 0.0349 -0.0000 -0.9994
vn 0.9994 -0.0000 0.0349
vn -0.0349 -0.0000 0.9994
vn -0.0000 -1.0000 -0.0000
vn -0.0000 1.0000 -0.0000
vt 0.625000 0.000000
vt 0.375000 0.250000
vt 0.375000 0.000000
vt 0.625000 0.250000
vt 0.375000 0.500000
vt 0.625000 0.500000
vt 0.375000 0.750000
vt 0.625000 0.750000
vt 0.375000 1.000000
vt 0.125000 0.750000
vt 0.125000 0.500000
vt 0.875000 0.500000
vt 0.625000 1.000000
vt 0.875000 0.750000
s 0
usemtl HM_HeraldInk
f 2882/3314/5487 2883/3315/5487 2881/3316/5487
f 2884/3317/5488 2887/3318/5488 2883/3315/5488
f 2888/3319/5489 2885/3320/5489 2887/3318/5489
f 2886/3321/5490 2881/3322/5490 2885/3320/5490
f 2887/3318/5491 2881/3323/5491 2883/3324/5491
f 2884/3325/5492 2886/3321/5492 2888/3319/5492
f 2882/3314/5487 2884/3317/5487 2883/3315/5487
f 2884/3317/5488 2888/3319/5488 2887/3318/5488
f 2888/3319/5489 2886/3321/5489 2885/3320/5489
f 2886/3321/5490 2882/3326/5490 2881/3322/5490
f 2887/3318/5491 2885/3320/5491 2881/3323/5491
f 2884/3325/5492 2882/3327/5492 2886/3321/5492
o hm_prop_newsbox_v2_AssetPlate
v 0.071261 0.149500 0.251640
v 0.071261 0.204500 0.251640
v 0.071540 0.149500 0.243645
v 0.071540 0.204500 0.243645
v 0.211176 0.149500 0.256526
v 0.211176 0.204500 0.256526
v 0.211455 0.149500 0.248531
v 0.211455 0.204500 0.248531
vn -0.9994 -0.0000 -0.0349
vn 0.0349 -0.0000 -0.9994
vn 0.9994 -0.0000 0.0349
vn -0.0349 -0.0000 0.9994
vn -0.0000 -1.0000 -0.0000
vn -0.0000 1.0000 -0.0000
vt 0.625000 0.000000
vt 0.375000 0.250000
vt 0.375000 0.000000
vt 0.625000 0.250000
vt 0.375000 0.500000
vt 0.625000 0.500000
vt 0.375000 0.750000
vt 0.625000 0.750000
vt 0.375000 1.000000
vt 0.125000 0.750000
vt 0.125000 0.500000
vt 0.875000 0.500000
vt 0.625000 1.000000
vt 0.875000 0.750000
s 0
usemtl HM_DecalPW
f 2890/3328/5493 2891/3329/5493 2889/3330/5493
f 2892/3331/5494 2895/3332/5494 2891/3329/5494
f 2896/3333/5495 2893/3334/5495 2895/3332/5495
f 2894/3335/5496 2889/3336/5496 2893/3334/5496
f 2895/3332/5497 2889/3337/5497 2891/3338/5497
f 2892/3339/5498 2894/3335/5498 2896/3333/5498
f 2890/3328/5493 2892/3331/5493 2891/3329/5493
f 2892/3331/5494 2896/3333/5494 2895/3332/5494
f 2896/3333/5495 2894/3335/5495 2893/3334/5495
f 2894/3335/5496 2890/3340/5496 2889/3336/5496
f 2895/3332/5497 2893/3334/5497 2889/3337/5497
f 2892/3339/5498 2890/3341/5498 2894/3335/5498
o hm_prop_newsbox_v2_AssetBar
v 0.081151 0.180000 0.254987
v 0.081151 0.198000 0.254987
v 0.081360 0.180000 0.248991
v 0.081360 0.198000 0.248991
v 0.201077 0.180000 0.259175
v 0.201077 0.198000 0.259175
v 0.201287 0.180000 0.253179
v 0.201287 0.198000 0.253179
vn -0.9994 -0.0000 -0.0349
vn 0.0349 -0.0000 -0.9994
vn 0.9994 -0.0000 0.0349
vn -0.0349 -0.0000 0.9994
vn -0.0000 -1.0000 -0.0000
vn -0.0000 1.0000 -0.0000
vt 0.625000 0.000000
vt 0.375000 0.250000
vt 0.375000 0.000000
vt 0.625000 0.250000
vt 0.375000 0.500000
vt 0.625000 0.500000
vt 0.375000 0.750000
vt 0.625000 0.750000
vt 0.375000 1.000000
vt 0.125000 0.750000
vt 0.125000 0.500000
vt 0.875000 0.500000
vt 0.625000 1.000000
vt 0.875000 0.750000
s 0
usemtl HM_DecalHM
f 2898/3342/5499 2899/3343/5499 2897/3344/5499
f 2900/3345/5500 2903/3346/5500 2899/3343/5500
f 2904/3347/5501 2901/3348/5501 2903/3346/5501
f 2902/3349/5502 2897/3350/5502 2901/3348/5502
f 2903/3346/5503 2897/3351/5503 2899/3352/5503
f 2900/3353/5504 2902/3349/5504 2904/3347/5504
f 2898/3342/5499 2900/3345/5499 2899/3343/5499
f 2900/3345/5500 2904/3347/5500 2903/3346/5500
f 2904/3347/5501 2902/3349/5501 2901/3348/5501
f 2902/3349/5502 2898/3354/5502 2897/3350/5502
f 2903/3346/5503 2901/3348/5503 2897/3351/5503
f 2900/3353/5504 2898/3355/5504 2902/3349/5504
o hm_prop_newsbox_v2_Seam
v -0.010137 0.384500 0.247297
v -0.010137 0.709500 0.247297
v -0.009962 0.384500 0.242300
v -0.009962 0.709500 0.242300
v -0.007139 0.384500 0.247402
v -0.007139 0.709500 0.247402
v -0.006964 0.384500 0.242405
v -0.006964 0.709500 0.242405
v -0.010216 0.360797 0.243308
v -0.010378 0.348890 0.244787
v -0.010320 0.360797 0.246273
v -0.010368 0.450589 0.247654
v -0.010484 0.547000 0.247833
v -0.010368 0.643411 0.247654
v -0.010320 0.733203 0.246273
v -0.010378 0.745110 0.244787
v -0.010216 0.733203 0.243308
v -0.010168 0.643411 0.241928
v -0.010272 0.547000 0.241741
v -0.010168 0.450589 0.241928
v -0.007561 0.360797 0.242019
v -0.008444 0.348890 0.241805
v -0.009340 0.360797 0.241957
v -0.009340 0.733203 0.241957
v -0.008444 0.745110 0.241805
v -0.007561 0.733203 0.242019
v -0.006733 0.643411 0.242048
v -0.006616 0.547000 0.241869
v -0.006733 0.450589 0.242048
v -0.006884 0.360797 0.246393
v -0.006723 0.348890 0.244915
v -0.006781 0.360797 0.243428
v -0.006781 0.733203 0.243428
v -0.006723 0.745110 0.244915
v -0.006884 0.733203 0.246393
v -0.006933 0.643411 0.247774
v -0.006829 0.547000 0.247961
v -0.006933 0.450589 0.247774
v -0.009540 0.360797 0.247683
v -0.008657 0.348890 0.247897
v -0.007761 0.360797 0.247745
v -0.007761 0.733203 0.247745
v -0.008657 0.745110 0.247897
v -0.009540 0.733203 0.247683
v -0.010791 0.444249 0.246354
v -0.010953 0.547000 0.246434
v -0.010791 0.649751 0.246354
v -0.010894 0.438729 0.244769
v -0.011067 0.547000 0.244763
v -0.010894 0.655271 0.244769
v -0.010681 0.444249 0.243195
v -0.010836 0.547000 0.243104
v -0.010681 0.649751 0.243195
v -0.009371 0.444249 0.241175
v -0.009413 0.547000 0.240909
v -0.009371 0.649751 0.241175
v -0.008414 0.438729 0.240944
v -0.008404 0.547000 0.240656
v -0.008414 0.655271 0.240944
v -0.007475 0.444249 0.241241
v -0.007415 0.547000 0.240979
v -0.007475 0.649751 0.241241
v -0.006310 0.444249 0.243347
v -0.006148 0.547000 0.243268
v -0.006310 0.649751 0.243347
v -0.006206 0.438729 0.244933
v -0.006033 0.547000 0.244939
v -0.006206 0.655271 0.244933
v -0.006420 0.444249 0.246507
v -0.006264 0.547000 0.246597
v -0.006420 0.649751 0.246507
v -0.007730 0.444249 0.248527
v -0.007688 0.547000 0.248792
v -0.007730 0.649751 0.248527
v -0.008687 0.438729 0.248758
v -0.008697 0.547000 0.249046
v -0.008687 0.655271 0.248758
v -0.009625 0.444249 0.248460
v -0.009686 0.547000 0.248723
v -0.009625 0.649751 0.248460
v -0.009443 0.310078 0.243238
v -0.008492 0.292906 0.243186
v -0.007547 0.310078 0.243304
v -0.009549 0.292906 0.244816
v -0.008550 0.274160 0.244851
v -0.007552 0.292906 0.244886
v -0.009553 0.310078 0.246397
v -0.008609 0.292906 0.246515
v -0.007658 0.310078 0.246464
v -0.007547 0.783922 0.243304
v -0.008492 0.801094 0.243186
v -0.009443 0.783922 0.243238
v -0.007552 0.801094 0.244886
v -0.008550 0.819839 0.244851
v -0.009549 0.801094 0.244816
v -0.007658 0.783922 0.246464
v -0.008609 0.801094 0.246515
v -0.009553 0.783922 0.246397
vn -0.9975 -0.0016 0.0705
vn -0.9976 0.0016 0.0685
vn -0.9902 -0.0016 -0.1399
vn -0.9904 0.0016 -0.1380
vn -0.9533 -0.0057 0.3020
vn -0.9483 -0.0017 0.3172
vn -0.9483 0.0017 0.3173
vn -0.9433 0.0051 0.3320
vn -0.9964 0.0057 0.0848
vn -0.9880 0.0057 -0.1541
vn -0.9178 0.0051 -0.3970
vn -0.9239 0.0017 -0.3827
vn -0.9239 -0.0017 -0.3826
vn -0.9299 -0.0057 -0.3678
vn -0.9881 -0.0057 -0.1540
vn -0.9964 -0.0057 0.0847
vn -0.2485 -0.0026 -0.9686
vn -0.2435 0.0026 -0.9699
vn 0.3154 -0.0026 -0.9490
vn 0.3106 0.0026 -0.9505
vn -0.6775 -0.0071 -0.7354
vn -0.6956 -0.0021 -0.7184
vn -0.6957 0.0021 -0.7183
vn -0.7122 0.0062 -0.7020
vn -0.2838 0.0091 -0.9588
vn 0.3500 0.0091 -0.9367
vn 0.7594 0.0062 -0.6506
vn 0.7441 0.0021 -0.6680
vn 0.7440 -0.0021 -0.6681
vn 0.7272 -0.0071 -0.6864
vn 0.3498 -0.0091 -0.9368
vn -0.2836 -0.0091 -0.9589
vn 0.9975 -0.0016 -0.0705
vn 0.9976 0.0016 -0.0685
vn 0.9902 -0.0016 0.1399
vn 0.9904 0.0016 0.1380
vn 0.9533 -0.0057 -0.3020
vn 0.9483 -0.0017 -0.3172
vn 0.9483 0.0017 -0.3173
vn 0.9433 0.0051 -0.3320
vn 0.9964 0.0057 -0.0848
vn 0.9880 0.0057 0.1541
vn 0.9178 0.0051 0.3970
vn 0.9239 0.0017 0.3827
vn 0.9239 -0.0017 0.3826
vn 0.9299 -0.0057 0.3678
vn 0.9881 -0.0057 0.1540
vn 0.9964 -0.0057 -0.0847
vn 0.2485 -0.0026 0.9686
vn 0.2435 0.0026 0.9699
vn -0.3154 -0.0026 0.9490
vn -0.3106 0.0026 0.9505
vn 0.6775 -0.0071 0.7354
vn 0.6956 -0.0021 0.7184
vn 0.6957 0.0021 0.7183
vn 0.7122 0.0062 0.7020
vn 0.2838 0.0091 0.9588
vn -0.3500 0.0091 0.9367
vn -0.7594 0.0062 0.6506
vn -0.7441 0.0021 0.6680
vn -0.7440 -0.0021 0.6681
vn -0.7272 -0.0071 0.6864
vn -0.3498 -0.0091 0.9368
vn 0.2836 -0.0091 0.9589
vn -0.8382 -0.0448 -0.5436
vn 0.8740 -0.0457 -0.4838
vn -0.8740 -0.0448 0.4838
vn 0.8381 -0.0457 0.5435
vn -0.8389 -0.0142 -0.5441
vn -0.4414 -0.0218 -0.8970
vn 0.5031 -0.0217 -0.8639
vn 0.8749 -0.0120 -0.4842
vn 0.9878 -0.0145 -0.1552
vn 0.9745 -0.0145 0.2238
vn 0.8390 -0.0120 0.5441
vn 0.4416 -0.0217 0.8969
vn -0.5029 -0.0218 0.8641
vn -0.8748 -0.0142 0.4842
vn -0.9878 -0.0145 0.1551
vn -0.9746 -0.0145 -0.2237
vn 0.8740 0.0448 -0.4838
vn -0.8381 0.0457 -0.5435
vn 0.8382 0.0448 0.5436
vn -0.8740 0.0457 0.4838
vn 0.8748 0.0142 -0.4842
vn 0.5029 0.0218 -0.8641
vn -0.4416 0.0217 -0.8969
vn -0.8390 0.0120 -0.5441
vn -0.9745 0.0145 -0.2238
vn -0.9878 0.0145 0.1552
vn -0.8749 0.0120 0.4842
vn -0.5031 0.0217 0.8639
vn 0.4414 0.0218 0.8970
vn 0.8389 0.0142 0.5441
vn 0.9746 0.0145 0.2237
vn 0.9878 0.0145 -0.1551
vn -0.9976 -0.0016 0.0685
vn -0.9975 0.0016 0.0705
vn -0.9904 -0.0016 -0.1380
vn -0.9902 0.0016 -0.1399
vn -0.9433 -0.0051 0.3320
vn -0.9483 -0.0017 0.3173
vn -0.9483 0.0017 0.3172
vn -0.9533 0.0057 0.3020
vn -0.9964 0.0057 0.0847
vn -0.9881 0.0057 -0.1540
vn -0.9299 0.0057 -0.3678
vn -0.9239 0.0017 -0.3826
vn -0.9239 -0.0017 -0.3827
vn -0.9178 -0.0051 -0.3970
vn -0.9880 -0.0057 -0.1541
vn -0.9964 -0.0057 0.0848
vn -0.2435 -0.0026 -0.9699
vn -0.2485 0.0026 -0.9686
vn 0.3106 -0.0026 -0.9505
vn 0.3154 0.0026 -0.9490
vn -0.7122 -0.0062 -0.7020
vn -0.6957 -0.0021 -0.7183
vn -0.6956 0.0021 -0.7184
vn -0.6775 0.0071 -0.7354
vn -0.2836 0.0091 -0.9589
vn 0.3498 0.0091 -0.9368
vn 0.7272 0.0071 -0.6864
vn 0.7440 0.0021 -0.6681
vn 0.7441 -0.0021 -0.6680
vn 0.7594 -0.0062 -0.6506
vn 0.3500 -0.0091 -0.9367
vn -0.2838 -0.0091 -0.9588
vn 0.9976 -0.0016 -0.0685
vn 0.9975 0.0016 -0.0705
vn 0.9904 -0.0016 0.1380
vn 0.9902 0.0016 0.1399
vn 0.9433 -0.0051 -0.3320
vn 0.9483 -0.0017 -0.3173
vn 0.9483 0.0017 -0.3172
vn 0.9533 0.0057 -0.3020
vn 0.9964 0.0057 -0.0847
vn 0.9881 0.0057 0.1540
vn 0.9299 0.0057 0.3678
vn 0.9239 0.0017 0.3826
vn 0.9239 -0.0017 0.3827
vn 0.9178 -0.0051 0.3970
vn 0.9880 -0.0057 0.1541
vn 0.9964 -0.0057 -0.0848
vn 0.2435 -0.0026 0.9699
vn 0.2485 0.0026 0.9686
vn -0.3106 -0.0026 0.9505
vn -0.3154 0.0026 0.9490
vn 0.7122 -0.0062 0.7020
vn 0.6957 -0.0021 0.7183
vn 0.6956 0.0021 0.7184
vn 0.6775 0.0071 0.7354
vn 0.2836 0.0091 0.9589
vn -0.3498 0.0091 0.9368
vn -0.7272 0.0071 0.6864
vn -0.7440 0.0021 0.6681
vn -0.7441 -0.0021 0.6680
vn -0.7594 -0.0062 0.6506
vn -0.3500 -0.0091 0.9367
vn 0.2838 -0.0091 0.9588
vn -0.8381 -0.0457 -0.5435
vn 0.8740 -0.0448 -0.4838
vn -0.8740 -0.0457 0.4838
vn 0.8382 -0.0448 0.5436
vn -0.8390 -0.0120 -0.5441
vn -0.4416 -0.0217 -0.8969
vn 0.5029 -0.0218 -0.8641
vn 0.8748 -0.0142 -0.4842
vn 0.9878 -0.0145 -0.1551
vn 0.9746 -0.0145 0.2237
vn 0.8389 -0.0142 0.5441
vn 0.4414 -0.0218 0.8970
vn -0.5031 -0.0217 0.8639
vn -0.8749 -0.0120 0.4842
vn -0.9878 -0.0145 0.1552
vn -0.9745 -0.0145 -0.2238
vn 0.8740 0.0457 -0.4838
vn -0.8382 0.0448 -0.5436
vn 0.8381 0.0457 0.5435
vn -0.8740 0.0448 0.4838
vn 0.8749 0.0120 -0.4842
vn 0.5031 0.0217 -0.8639
vn -0.4414 0.0218 -0.8970
vn -0.8389 0.0142 -0.5441
vn -0.9746 0.0145 -0.2237
vn -0.9878 0.0145 0.1551
vn -0.8748 0.0142 0.4842
vn -0.5029 0.0218 0.8641
vn 0.4416 0.0217 0.8969
vn 0.8390 0.0120 0.5441
vn 0.9745 0.0145 0.2238
vn 0.9878 0.0145 -0.1552
vt 0.437500 0.062500
vt 0.500000 0.125000
vt 0.437500 0.125000
vt 0.562500 0.062500
vt 0.500000 0.062500
vt 0.437500 0.187500
vt 0.562500 0.187500
vt 0.500000 0.187500
vt 0.375000 0.000000
vt 0.375000 0.062500
vt 0.437500 0.000000
vt 0.562500 0.000000
vt 0.500000 0.000000
vt 0.625000 0.000000
vt 0.625000 0.062500
vt 0.562500 0.125000
vt 0.625000 0.187500
vt 0.625000 0.250000
vt 0.562500 0.250000
vt 0.500000 0.250000
vt 0.437500 0.250000
vt 0.375000 0.250000
vt 0.375000 0.187500
vt 0.375000 0.125000
vt 0.437500 0.312500
vt 0.500000 0.375000
vt 0.437500 0.375000
vt 0.562500 0.312500
vt 0.500000 0.312500
vt 0.437500 0.437500
vt 0.562500 0.437500
vt 0.500000 0.437500
vt 0.375000 0.312500
vt 0.625000 0.312500
vt 0.562500 0.375000
vt 0.625000 0.437500
vt 0.625000 0.500000
vt 0.562500 0.500000
vt 0.500000 0.500000
vt 0.437500 0.500000
vt 0.375000 0.500000
vt 0.375000 0.437500
vt 0.375000 0.375000
vt 0.437500 0.562500
vt 0.500000 0.625000
vt 0.437500 0.625000
vt 0.562500 0.562500
vt 0.500000 0.562500
vt 0.437500 0.687500
vt 0.562500 0.687500
vt 0.500000 0.687500
vt 0.375000 0.562500
vt 0.625000 0.562500
vt 0.562500 0.625000
vt 0.625000 0.687500
vt 0.625000 0.750000
vt 0.562500 0.750000
vt 0.500000 0.750000
vt 0.437500 0.750000
vt 0.375000 0.750000
vt 0.375000 0.687500
vt 0.375000 0.625000
vt 0.437500 0.812500
vt 0.500000 0.875000
vt 0.437500 0.875000
vt 0.562500 0.812500
vt 0.500000 0.812500
vt 0.437500 0.937500
vt 0.562500 0.937500
vt 0.500000 0.937500
vt 0.375000 0.812500
vt 0.625000 0.812500
vt 0.562500 0.875000
vt 0.625000 0.937500
vt 0.625000 1.000000
vt 0.562500 1.000000
vt 0.500000 1.000000
vt 0.437500 1.000000
vt 0.375000 1.000000
vt 0.375000 0.937500
vt 0.375000 0.875000
vt 0.250000 0.562500
vt 0.187500 0.625000
vt 0.187500 0.562500
vt 0.312500 0.625000
vt 0.250000 0.625000
vt 0.250000 0.687500
vt 0.187500 0.687500
vt 0.187500 0.500000
vt 0.125000 0.562500
vt 0.125000 0.500000
vt 0.250000 0.500000
vt 0.312500 0.562500
vt 0.312500 0.500000
vt 0.312500 0.687500
vt 0.312500 0.750000
vt 0.250000 0.750000
vt 0.187500 0.750000
vt 0.125000 0.687500
vt 0.125000 0.750000
vt 0.125000 0.625000
vt 0.750000 0.562500
vt 0.687500 0.625000
vt 0.687500 0.562500
vt 0.812500 0.625000
vt 0.750000 0.625000
vt 0.750000 0.687500
vt 0.687500 0.687500
vt 0.687500 0.500000
vt 0.750000 0.500000
vt 0.812500 0.562500
vt 0.812500 0.500000
vt 0.875000 0.562500
vt 0.875000 0.625000
vt 0.812500 0.687500
vt 0.875000 0.687500
vt 0.812500 0.750000
vt 0.750000 0.750000
vt 0.687500 0.750000
vt 0.625000 0.625000
vt 0.625000 0.125000
vt 0.625000 0.375000
vt 0.625000 0.875000
vt 0.875000 0.500000
vt 0.875000 0.750000
s 0
usemtl HM_PlasticBlk
f 2949/3356/5505 2953/3357/5505 2952/3358/5505
f 2951/3359/5506 2953/3357/5506 2950/3360/5506
f 2953/3357/5507 2955/3361/5507 2952/3358/5507
f 2953/3357/5508 2957/3362/5508 2956/3363/5508
f 2905/3364/5509 2949/3356/5509 2915/3365/5509
f 2916/3366/5510 2950/3360/5510 2949/3356/5510
f 2918/3367/5511 2950/3360/5511 2917/3368/5511
f 2906/3369/5512 2951/3359/5512 2918/3367/5512
f 2919/3370/5513 2954/3371/5513 2951/3359/5513
f 2954/3371/5514 2921/3372/5514 2957/3362/5514
f 2957/3362/5515 2908/3373/5515 2922/3374/5515
f 2956/3363/5516 2922/3374/5516 2923/3375/5516
f 2956/3363/5517 2924/3376/5517 2955/3361/5517
f 2955/3361/5518 2907/3377/5518 2913/3378/5518
f 2952/3358/5519 2913/3378/5519 2914/3379/5519
f 2915/3365/5520 2952/3358/5520 2914/3379/5520
f 2958/3380/5521 2962/3381/5521 2961/3382/5521
f 2960/3383/5522 2962/3381/5522 2959/3384/5522
f 2962/3381/5523 2964/3385/5523 2961/3382/5523
f 2962/3381/5524 2966/3386/5524 2965/3387/5524
f 2907/3377/5525 2958/3380/5525 2927/3388/5525
f 2924/3376/5526 2959/3384/5526 2958/3380/5526
f 2922/3374/5527 2959/3384/5527 2923/3375/5527
f 2908/3373/5528 2960/3383/5528 2922/3374/5528
f 2928/3389/5529 2963/3390/5529 2960/3383/5529
f 2963/3390/5530 2930/3391/5530 2966/3386/5530
f 2966/3386/5531 2912/3392/5531 2931/3393/5531
f 2965/3387/5532 2931/3393/5532 2932/3394/5532
f 2965/3387/5533 2933/3395/5533 2964/3385/5533
f 2964/3385/5534 2911/3396/5534 2925/3397/5534
f 2961/3382/5535 2925/3397/5535 2926/3398/5535
f 2927/3388/5536 2961/3382/5536 2926/3398/5536
f 2967/3399/5537 2971/3400/5537 2970/3401/5537
f 2969/3402/5538 2971/3400/5538 2968/3403/5538
f 2971/3400/5539 2973/3404/5539 2970/3401/5539
f 2971/3400/5540 2975/3405/5540 2974/3406/5540
f 2911/3396/5541 2967/3399/5541 2936/3407/5541
f 2933/3395/5542 2968/3403/5542 2967/3399/5542
f 2931/3393/5543 2968/3403/5543 2932/3394/5543
f 2912/3392/5544 2969/3402/5544 2931/3393/5544
f 2937/3408/5545 2972/3409/5545 2969/3402/5545
f 2972/3409/5546 2939/3410/5546 2975/3405/5546
f 2975/3405/5547 2910/3411/5547 2940/3412/5547
f 2974/3406/5548 2940/3412/5548 2941/3413/5548
f 2974/3406/5549 2942/3414/5549 2973/3404/5549
f 2973/3404/5550 2909/3415/5550 2934/3416/5550
f 2970/3401/5551 2934/3416/5551 2935/3417/5551
f 2936/3407/5552 2970/3401/5552 2935/3417/5552
f 2976/3418/5553 2980/3419/5553 2979/3420/5553
f 2978/3421/5554 2980/3419/5554 2977/3422/5554
f 2980/3419/5555 2982/3423/5555 2979/3420/5555
f 2980/3419/5556 2984/3424/5556 2983/3425/5556
f 2909/3415/5557 2976/3418/5557 2945/3426/5557
f 2942/3414/5558 2977/3422/5558 2976/3418/5558
f 2940/3412/5559 2977/3422/5559 2941/3413/5559
f 2910/3411/5560 2978/3421/5560 2940/3412/5560
f 2946/3427/5561 2981/3428/5561 2978/3421/5561
f 2981/3428/5562 2948/3429/5562 2984/3424/5562
f 2984/3424/5563 2906/3430/5563 2918/3431/5563
f 2983/3425/5564 2918/3431/5564 2917/3432/5564
f 2983/3425/5565 2916/3433/5565 2982/3423/5565
f 2982/3423/5566 2905/3434/5566 2943/3435/5566
f 2979/3420/5567 2943/3435/5567 2944/3436/5567
f 2945/3426/5568 2979/3420/5568 2944/3436/5568
f 2986/3437/5569 2988/3438/5569 2985/3439/5569
f 2986/3437/5570 2990/3440/5570 2989/3441/5570
f 2988/3438/5571 2992/3442/5571 2991/3443/5571
f 2990/3440/5572 2992/3442/5572 2989/3441/5572
f 2927/3444/5573 2913/3445/5573 2907/3446/5573
f 2926/3447/5574 2985/3439/5574 2927/3444/5574
f 2926/3447/5575 2987/3448/5575 2986/3437/5575
f 2925/3449/5576 2936/3407/5576 2987/3448/5576
f 2987/3448/5577 2935/3417/5577 2990/3440/5577
f 2935/3417/5578 2993/3450/5578 2990/3440/5578
f 2934/3416/5579 2945/3451/5579 2993/3450/5579
f 2993/3450/5580 2944/3452/5580 2992/3442/5580
f 2991/3443/5581 2944/3452/5581 2943/3453/5581
f 2915/3454/5582 2943/3453/5582 2905/3455/5582
f 2914/3456/5583 2991/3443/5583 2915/3454/5583
f 2985/3439/5584 2914/3456/5584 2913/3445/5584
f 2995/3457/5585 2997/3458/5585 2994/3459/5585
f 2995/3457/5586 2999/3460/5586 2998/3461/5586
f 2997/3458/5587 3001/3462/5587 3000/3463/5587
f 2999/3460/5588 3001/3462/5588 2998/3461/5588
f 2930/3464/5589 2937/3408/5589 2912/3392/5589
f 2929/3465/5590 2994/3459/5590 2930/3464/5590
f 2929/3465/5591 2996/3466/5591 2995/3457/5591
f 2928/3467/5592 2921/3468/5592 2996/3466/5592
f 2996/3466/5593 2920/3469/5593 2999/3460/5593
f 2920/3469/5594 3002/3470/5594 2999/3460/5594
f 2919/3471/5595 2948/3472/5595 3002/3470/5595
f 3002/3470/5596 2947/3473/5596 3001/3462/5596
f 3000/3463/5597 2947/3473/5597 2946/3474/5597
f 2939/3410/5598 2946/3474/5598 2910/3411/5598
f 2938/3475/5599 3000/3463/5599 2939/3410/5599
f 2994/3459/5600 2938/3475/5600 2937/3408/5600
f 2949/3356/5601 2950/3360/5601 2953/3357/5601
f 2951/3359/5602 2954/3371/5602 2953/3357/5602
f 2953/3357/5603 2956/3363/5603 2955/3361/5603
f 2953/3357/5604 2954/3371/5604 2957/3362/5604
f 2905/3364/5605 2916/3366/5605 2949/3356/5605
f 2916/3366/5606 2917/3368/5606 2950/3360/5606
f 2918/3367/5607 2951/3359/5607 2950/3360/5607
f 2906/3369/5608 2919/3370/5608 2951/3359/5608
f 2919/3370/5609 2920/3476/5609 2954/3371/5609
f 2954/3371/5610 2920/3476/5610 2921/3372/5610
f 2957/3362/5611 2921/3372/5611 2908/3373/5611
f 2956/3363/5612 2957/3362/5612 2922/3374/5612
f 2956/3363/5613 2923/3375/5613 2924/3376/5613
f 2955/3361/5614 2924/3376/5614 2907/3377/5614
f 2952/3358/5615 2955/3361/5615 2913/3378/5615
f 2915/3365/5616 2949/3356/5616 2952/3358/5616
f 2958/3380/5617 2959/3384/5617 2962/3381/5617
f 2960/3383/5618 2963/3390/5618 2962/3381/5618
f 2962/3381/5619 2965/3387/5619 2964/3385/5619
f 2962/3381/5620 2963/3390/5620 2966/3386/5620
f 2907/3377/5621 2924/3376/5621 2958/3380/5621
f 2924/3376/5622 2923/3375/5622 2959/3384/5622
f 2922/3374/5623 2960/3383/5623 2959/3384/5623
f 2908/3373/5624 2928/3389/5624 2960/3383/5624
f 2928/3389/5625 2929/3477/5625 2963/3390/5625
f 2963/3390/5626 2929/3477/5626 2930/3391/5626
f 2966/3386/5627 2930/3391/5627 2912/3392/5627
f 2965/3387/5628 2966/3386/5628 2931/3393/5628
f 2965/3387/5629 2932/3394/5629 2933/3395/5629
f 2964/3385/5630 2933/3395/5630 2911/3396/5630
f 2961/3382/5631 2964/3385/5631 2925/3397/5631
f 2927/3388/5632 2958/3380/5632 2961/3382/5632
f 2967/3399/5633 2968/3403/5633 2971/3400/5633
f 2969/3402/5634 2972/3409/5634 2971/3400/5634
f 2971/3400/5635 2974/3406/5635 2973/3404/5635
f 2971/3400/5636 2972/3409/5636 2975/3405/5636
f 2911/3396/5637 2933/3395/5637 2967/3399/5637
f 2933/3395/5638 2932/3394/5638 2968/3403/5638
f 2931/3393/5639 2969/3402/5639 2968/3403/5639
f 2912/3392/5640 2937/3408/5640 2969/3402/5640
f 2937/3408/5641 2938/3475/5641 2972/3409/5641
f 2972/3409/5642 2938/3475/5642 2939/3410/5642
f 2975/3405/5643 2939/3410/5643 2910/3411/5643
f 2974/3406/5644 2975/3405/5644 2940/3412/5644
f 2974/3406/5645 2941/3413/5645 2942/3414/5645
f 2973/3404/5646 2942/3414/5646 2909/3415/5646
f 2970/3401/5647 2973/3404/5647 2934/3416/5647
f 2936/3407/5648 2967/3399/5648 2970/3401/5648
f 2976/3418/5649 2977/3422/5649 2980/3419/5649
f 2978/3421/5650 2981/3428/5650 2980/3419/5650
f 2980/3419/5651 2983/3425/5651 2982/3423/5651
f 2980/3419/5652 2981/3428/5652 2984/3424/5652
f 2909/3415/5653 2942/3414/5653 2976/3418/5653
f 2942/3414/5654 2941/3413/5654 2977/3422/5654
f 2940/3412/5655 2978/3421/5655 2977/3422/5655
f 2910/3411/5656 2946/3427/5656 2978/3421/5656
f 2946/3427/5657 2947/3478/5657 2981/3428/5657
f 2981/3428/5658 2947/3478/5658 2948/3429/5658
f 2984/3424/5659 2948/3429/5659 2906/3430/5659
f 2983/3425/5660 2984/3424/5660 2918/3431/5660
f 2983/3425/5661 2917/3432/5661 2916/3433/5661
f 2982/3423/5662 2916/3433/5662 2905/3434/5662
f 2979/3420/5663 2982/3423/5663 2943/3435/5663
f 2945/3426/5664 2976/3418/5664 2979/3420/5664
f 2986/3437/5665 2989/3441/5665 2988/3438/5665
f 2986/3437/5666 2987/3448/5666 2990/3440/5666
f 2988/3438/5667 2989/3441/5667 2992/3442/5667
f 2990/3440/5668 2993/3450/5668 2992/3442/5668
f 2927/3444/5669 2985/3439/5669 2913/3445/5669
f 2926/3447/5670 2986/3437/5670 2985/3439/5670
f 2926/3447/5671 2925/3449/5671 2987/3448/5671
f 2925/3449/5672 2911/3396/5672 2936/3407/5672
f 2987/3448/5673 2936/3407/5673 2935/3417/5673
f 2935/3417/5674 2934/3416/5674 2993/3450/5674
f 2934/3416/5675 2909/3415/5675 2945/3451/5675
f 2993/3450/5676 2945/3451/5676 2944/3452/5676
f 2991/3443/5677 2992/3442/5677 2944/3452/5677
f 2915/3454/5678 2991/3443/5678 2943/3453/5678
f 2914/3456/5679 2988/3438/5679 2991/3443/5679
f 2985/3439/5680 2988/3438/5680 2914/3456/5680
f 2995/3457/5681 2998/3461/5681 2997/3458/5681
f 2995/3457/5682 2996/3466/5682 2999/3460/5682
f 2997/3458/5683 2998/3461/5683 3001/3462/5683
f 2999/3460/5684 3002/3470/5684 3001/3462/5684
f 2930/3464/5685 2994/3459/5685 2937/3408/5685
f 2929/3465/5686 2995/3457/5686 2994/3459/5686
f 2929/3465/5687 2928/3467/5687 2996/3466/5687
f 2928/3467/5688 2908/3479/5688 2921/3468/5688
f 2996/3466/5689 2921/3468/5689 2920/3469/5689
f 2920/3469/5690 2919/3471/5690 3002/3470/5690
f 2919/3471/5691 2906/3480/5691 2948/3472/5691
f 3002/3470/5692 2948/3472/5692 2947/3473/5692
f 3000/3463/5693 3001/3462/5693 2947/3473/5693
f 2939/3410/5694 3000/3463/5694 2946/3474/5694
f 2938/3475/5695 2997/3458/5695 3000/3463/5695
f 2994/3459/5696 2997/3458/5696 2938/3475/5696
o hm_prop_newsbox_v2_HSeam
v -0.143503 0.545750 0.241139
v -0.143503 0.548250 0.241139
v -0.143363 0.545750 0.237141
v -0.143363 0.548250 0.237141
v 0.126333 0.545750 0.250562
v 0.126333 0.548250 0.250562
v 0.126472 0.545750 0.246564
v 0.126472 0.548250 0.246564
v -0.163072 0.545568 0.237267
v -0.172999 0.545476 0.238107
v -0.163155 0.545568 0.239639
v -0.163193 0.546258 0.240743
v -0.173084 0.547000 0.240544
v -0.163193 0.547742 0.240743
v -0.163155 0.548432 0.239639
v -0.172999 0.548524 0.238107
v -0.163072 0.548432 0.237267
v -0.163033 0.547742 0.236162
v -0.172913 0.547000 0.235671
v -0.163033 0.546258 0.236162
v 0.071611 0.545568 0.244356
v -0.008430 0.545476 0.241415
v -0.088482 0.545568 0.238766
v -0.088482 0.548432 0.238766
v -0.008430 0.548524 0.241415
v 0.071611 0.548432 0.244356
v 0.146162 0.547742 0.246960
v 0.156053 0.547000 0.247158
v 0.146162 0.546258 0.246960
v 0.146041 0.545568 0.250436
v 0.155968 0.545476 0.249595
v 0.146124 0.545568 0.248064
v 0.146124 0.548432 0.248064
v 0.155968 0.548524 0.249595
v 0.146041 0.548432 0.250436
v 0.146002 0.547742 0.251540
v 0.155883 0.547000 0.252032
v 0.146002 0.546258 0.251540
v -0.088642 0.545568 0.243346
v -0.008601 0.545476 0.246288
v 0.071451 0.545568 0.248937
v 0.071451 0.548432 0.248937
v -0.008601 0.548524 0.246288
v -0.088642 0.548432 0.243346
v -0.205267 0.546210 0.238246
v -0.219527 0.547000 0.237816
v -0.205267 0.547790 0.238246
v -0.219481 0.546167 0.236484
v -0.235044 0.547000 0.235941
v -0.219481 0.547833 0.236484
v -0.205179 0.546210 0.235718
v -0.219434 0.547000 0.235153
v -0.205179 0.547790 0.235718
v -0.093724 0.546210 0.237958
v -0.098299 0.547000 0.237587
v -0.093724 0.547790 0.237958
v -0.008406 0.546167 0.240726
v -0.008398 0.547000 0.240495
v -0.008406 0.547833 0.240726
v 0.076897 0.546210 0.243916
v 0.081487 0.547000 0.243865
v 0.076897 0.547790 0.243916
v 0.188236 0.546210 0.249457
v 0.202496 0.547000 0.249887
v 0.188236 0.547790 0.249457
v 0.202450 0.546167 0.251218
v 0.218013 0.547000 0.251762
v 0.202450 0.547833 0.251218
v 0.188148 0.546210 0.251984
v 0.202403 0.547000 0.252550
v 0.188148 0.547790 0.251984
v 0.076693 0.546210 0.249745
v 0.081269 0.547000 0.250116
v 0.076693 0.547790 0.249745
v -0.008625 0.546167 0.246977
v -0.008633 0.547000 0.247207
v -0.008625 0.547833 0.246977
v -0.093928 0.546210 0.243786
v -0.098518 0.547000 0.243838
v -0.093928 0.547790 0.243786
v -0.093782 0.545178 0.239608
v -0.008469 0.545045 0.242520
v 0.076839 0.545178 0.245567
v -0.098409 0.545045 0.240712
v -0.008515 0.544901 0.243851
v 0.081378 0.545045 0.246991
v -0.093870 0.545178 0.242136
v -0.008562 0.545045 0.245183
v 0.076751 0.545178 0.248094
v 0.076839 0.548822 0.245567
v -0.008469 0.548955 0.242520
v -0.093782 0.548822 0.239608
v 0.081378 0.548955 0.246991
v -0.008515 0.549099 0.243851
v -0.098409 0.548955 0.240712
v 0.076751 0.548822 0.248094
v -0.008562 0.548955 0.245183
v -0.093870 0.548822 0.242136
vn -0.0629 -0.8472 0.5276
vn -0.0638 0.8471 0.5276
vn -0.0259 -0.8472 -0.5307
vn -0.0268 0.8471 -0.5307
vn -0.0325 -0.8479 0.5291
vn -0.0521 -0.4576 0.8876
vn -0.0521 0.4578 0.8875
vn -0.0304 0.8479 0.5292
vn -0.0214 0.9803 0.1966
vn -0.0077 0.9803 -0.1976
vn 0.0066 0.8479 -0.5301
vn 0.0099 0.4578 -0.8890
vn 0.0099 -0.4576 -0.8891
vn 0.0045 -0.8479 -0.5301
vn -0.0077 -0.9803 -0.1975
vn -0.0214 -0.9803 0.1965
vn 0.0311 -0.2670 -0.9632
vn 0.0311 0.2717 -0.9619
vn 0.0362 -0.2670 -0.9630
vn 0.0361 0.2717 -0.9617
vn 0.0181 -0.7223 -0.6913
vn 0.0244 -0.3056 -0.9519
vn 0.0244 0.3054 -0.9519
vn 0.0183 0.6881 -0.7253
vn 0.0226 0.7060 -0.7079
vn 0.0268 0.7060 -0.7077
vn 0.0323 0.6881 -0.7249
vn 0.0420 0.3054 -0.9513
vn 0.0420 -0.3056 -0.9512
vn 0.0302 -0.7223 -0.6909
vn 0.0268 -0.7061 -0.7076
vn 0.0226 -0.7061 -0.7078
vn 0.0629 -0.8472 -0.5276
vn 0.0638 0.8471 -0.5276
vn 0.0259 -0.8472 0.5307
vn 0.0268 0.8471 0.5307
vn 0.0325 -0.8479 -0.5291
vn 0.0521 -0.4576 -0.8876
vn 0.0521 0.4578 -0.8875
vn 0.0304 0.8479 -0.5292
vn 0.0214 0.9803 -0.1966
vn 0.0077 0.9803 0.1976
vn -0.0066 0.8479 0.5301
vn -0.0099 0.4578 0.8890
vn -0.0099 -0.4576 0.8891
vn -0.0045 -0.8479 0.5301
vn 0.0077 -0.9803 0.1975
vn 0.0214 -0.9803 -0.1965
vn -0.0311 -0.2670 0.9632
vn -0.0311 0.2717 0.9619
vn -0.0362 -0.2670 0.9630
vn -0.0361 0.2717 0.9617
vn -0.0181 -0.7223 0.6913
vn -0.0244 -0.3056 0.9519
vn -0.0244 0.3054 0.9519
vn -0.0183 0.6881 0.7253
vn -0.0226 0.7060 0.7079
vn -0.0268 0.7060 0.7077
vn -0.0323 0.6881 0.7249
vn -0.0420 0.3054 0.9513
vn -0.0420 -0.3056 0.9512
vn -0.0302 -0.7223 0.6909
vn -0.0268 -0.7061 0.7076
vn -0.0226 -0.7061 0.7078
vn 0.0022 -0.9940 -0.1096
vn 0.0054 -0.9942 -0.1075
vn -0.0054 -0.9940 0.1095
vn -0.0021 -0.9942 0.1076
vn 0.0065 -0.9377 -0.3474
vn 0.0109 -0.9319 -0.3627
vn 0.0144 -0.9318 -0.3626
vn 0.0183 -0.9259 -0.3773
vn 0.0101 -0.9922 -0.1241
vn 0.0014 -0.9922 0.1245
vn -0.0081 -0.9259 0.3777
vn -0.0109 -0.9318 0.3628
vn -0.0144 -0.9319 0.3626
vn -0.0178 -0.9377 0.3470
vn -0.0101 -0.9922 0.1240
vn -0.0014 -0.9922 -0.1244
vn 0.0054 0.9940 -0.1095
vn 0.0021 0.9942 -0.1076
vn -0.0022 0.9940 0.1096
vn -0.0054 0.9942 0.1075
vn 0.0178 0.9377 -0.3470
vn 0.0144 0.9319 -0.3626
vn 0.0109 0.9318 -0.3628
vn 0.0081 0.9259 -0.3777
vn -0.0014 0.9922 -0.1245
vn -0.0101 0.9922 0.1241
vn -0.0183 0.9259 0.3774
vn -0.0144 0.9318 0.3626
vn -0.0109 0.9319 0.3627
vn -0.0065 0.9377 0.3474
vn 0.0014 0.9922 0.1244
vn 0.0101 0.9922 -0.1240
vn -0.0638 -0.8471 0.5276
vn -0.0629 0.8472 0.5276
vn -0.0268 -0.8471 -0.5307
vn -0.0259 0.8472 -0.5307
vn -0.0304 -0.8479 0.5292
vn -0.0521 -0.4578 0.8875
vn -0.0521 0.4576 0.8876
vn -0.0325 0.8479 0.5291
vn -0.0214 0.9803 0.1965
vn -0.0077 0.9803 -0.1975
vn 0.0045 0.8479 -0.5301
vn 0.0099 0.4576 -0.8891
vn 0.0099 -0.4578 -0.8890
vn 0.0066 -0.8479 -0.5301
vn -0.0077 -0.9803 -0.1976
vn -0.0214 -0.9803 0.1966
vn 0.0311 -0.2717 -0.9619
vn 0.0311 0.2670 -0.9632
vn 0.0361 -0.2717 -0.9617
vn 0.0362 0.2670 -0.9630
vn 0.0183 -0.6881 -0.7253
vn 0.0244 -0.3054 -0.9519
vn 0.0244 0.3056 -0.9519
vn 0.0181 0.7223 -0.6913
vn 0.0226 0.7061 -0.7078
vn 0.0268 0.7061 -0.7076
vn 0.0302 0.7223 -0.6909
vn 0.0420 0.3056 -0.9512
vn 0.0420 -0.3054 -0.9513
vn 0.0323 -0.6881 -0.7249
vn 0.0268 -0.7060 -0.7077
vn 0.0226 -0.7060 -0.7079
vn 0.0638 -0.8471 -0.5276
vn 0.0629 0.8472 -0.5276
vn 0.0268 -0.8471 0.5307
vn 0.0259 0.8472 0.5307
vn 0.0304 -0.8479 -0.5292
vn 0.0521 -0.4578 -0.8875
vn 0.0521 0.4576 -0.8876
vn 0.0325 0.8479 -0.5291
vn 0.0214 0.9803 -0.1965
vn 0.0077 0.9803 0.1975
vn -0.0045 0.8479 0.5301
vn -0.0099 0.4576 0.8891
vn -0.0099 -0.4578 0.8890
vn -0.0066 -0.8479 0.5301
vn 0.0077 -0.9803 0.1976
vn 0.0214 -0.9803 -0.1966
vn -0.0311 -0.2717 0.9619
vn -0.0311 0.2670 0.9632
vn -0.0361 -0.2717 0.9617
vn -0.0362 0.2670 0.9630
vn -0.0183 -0.6881 0.7253
vn -0.0244 -0.3054 0.9519
vn -0.0244 0.3056 0.9519
vn -0.0181 0.7223 0.6913
vn -0.0226 0.7061 0.7078
vn -0.0268 0.7061 0.7076
vn -0.0302 0.7223 0.6909
vn -0.0420 0.3056 0.9512
vn -0.0420 -0.3054 0.9513
vn -0.0323 -0.6881 0.7249
vn -0.0268 -0.7060 0.7077
vn -0.0226 -0.7060 0.7079
vn 0.0021 -0.9942 -0.1076
vn 0.0054 -0.9940 -0.1095
vn -0.0054 -0.9942 0.1075
vn -0.0022 -0.9940 0.1096
vn 0.0081 -0.9259 -0.3777
vn 0.0109 -0.9318 -0.3628
vn 0.0144 -0.9319 -0.3626
vn 0.0178 -0.9377 -0.3470
vn 0.0101 -0.9922 -0.1240
vn 0.0014 -0.9922 0.1244
vn -0.0065 -0.9377 0.3474
vn -0.0109 -0.9319 0.3627
vn -0.0144 -0.9318 0.3626
vn -0.0183 -0.9259 0.3774
vn -0.0101 -0.9922 0.1241
vn -0.0014 -0.9922 -0.1245
vn 0.0054 0.9942 -0.1075
vn 0.0022 0.9940 -0.1096
vn -0.0021 0.9942 0.1076
vn -0.0054 0.9940 0.1095
vn 0.0183 0.9259 -0.3774
vn 0.0144 0.9318 -0.3626
vn 0.0109 0.9319 -0.3627
vn 0.0065 0.9377 -0.3474
vn -0.0014 0.9922 -0.1244
vn -0.0101 0.9922 0.1240
vn -0.0178 0.9377 0.3470
vn -0.0144 0.9319 0.3626
vn -0.0109 0.9318 0.3628
vn -0.0081 0.9259 0.3777
vn 0.0014 0.9922 0.1245
vn 0.0101 0.9922 -0.1241
vt 0.500000 0.062500
vt 0.437500 0.125000
vt 0.437500 0.062500
vt 0.562500 0.125000
vt 0.500000 0.125000
vt 0.500000 0.187500
vt 0.437500 0.187500
vt 0.437500 0.000000
vt 0.375000 0.062500
vt 0.375000 0.000000
vt 0.500000 0.000000
vt 0.562500 0.062500
vt 0.562500 0.000000
vt 0.625000 0.062500
vt 0.625000 0.125000
vt 0.562500 0.187500
vt 0.625000 0.187500
vt 0.562500 0.250000
vt 0.500000 0.250000
vt 0.437500 0.250000
vt 0.375000 0.187500
vt 0.375000 0.250000
vt 0.375000 0.125000
vt 0.437500 0.312500
vt 0.500000 0.375000
vt 0.437500 0.375000
vt 0.562500 0.312500
vt 0.500000 0.312500
vt 0.437500 0.437500
vt 0.562500 0.437500
vt 0.500000 0.437500
vt 0.375000 0.312500
vt 0.625000 0.250000
vt 0.625000 0.312500
vt 0.562500 0.375000
vt 0.625000 0.437500
vt 0.625000 0.500000
vt 0.562500 0.500000
vt 0.500000 0.500000
vt 0.437500 0.500000
vt 0.375000 0.500000
vt 0.375000 0.437500
vt 0.375000 0.375000
vt 0.500000 0.562500
vt 0.437500 0.625000
vt 0.437500 0.562500
vt 0.562500 0.625000
vt 0.500000 0.625000
vt 0.500000 0.687500
vt 0.437500 0.687500
vt 0.375000 0.562500
vt 0.562500 0.562500
vt 0.625000 0.562500
vt 0.625000 0.625000
vt 0.562500 0.687500
vt 0.625000 0.687500
vt 0.562500 0.750000
vt 0.500000 0.750000
vt 0.437500 0.750000
vt 0.375000 0.687500
vt 0.375000 0.750000
vt 0.375000 0.625000
vt 0.437500 0.812500
vt 0.500000 0.875000
vt 0.437500 0.875000
vt 0.562500 0.812500
vt 0.500000 0.812500
vt 0.437500 0.937500
vt 0.562500 0.937500
vt 0.500000 0.937500
vt 0.375000 0.812500
vt 0.625000 0.750000
vt 0.625000 0.812500
vt 0.562500 0.875000
vt 0.625000 0.937500
vt 0.625000 1.000000
vt 0.562500 1.000000
vt 0.500000 1.000000
vt 0.437500 1.000000
vt 0.375000 1.000000
vt 0.375000 0.937500
vt 0.375000 0.875000
vt 0.187500 0.562500
vt 0.250000 0.625000
vt 0.187500 0.625000
vt 0.312500 0.562500
vt 0.250000 0.562500
vt 0.187500 0.687500
vt 0.312500 0.687500
vt 0.250000 0.687500
vt 0.125000 0.500000
vt 0.125000 0.562500
vt 0.187500 0.500000
vt 0.312500 0.500000
vt 0.250000 0.500000
vt 0.312500 0.625000
vt 0.312500 0.750000
vt 0.250000 0.750000
vt 0.187500 0.750000
vt 0.125000 0.750000
vt 0.125000 0.687500
vt 0.125000 0.625000
vt 0.687500 0.562500
vt 0.750000 0.625000
vt 0.687500 0.625000
vt 0.812500 0.562500
vt 0.750000 0.562500
vt 0.687500 0.687500
vt 0.812500 0.687500
vt 0.750000 0.687500
vt 0.687500 0.500000
vt 0.812500 0.500000
vt 0.750000 0.500000
vt 0.875000 0.500000
vt 0.875000 0.562500
vt 0.812500 0.625000
vt 0.875000 0.687500
vt 0.875000 0.750000
vt 0.812500 0.750000
vt 0.750000 0.750000
vt 0.687500 0.750000
vt 0.625000 0.000000
vt 0.625000 0.375000
vt 0.625000 0.875000
vt 0.875000 0.625000
s 0
usemtl HM_PlasticBlk
f 3048/3481/5697 3050/3482/5697 3047/3483/5697
f 3048/3481/5698 3052/3484/5698 3051/3485/5698
f 3050/3482/5699 3054/3486/5699 3053/3487/5699
f 3052/3484/5700 3054/3486/5700 3051/3485/5700
f 3014/3488/5701 3013/3489/5701 3003/3490/5701
f 3015/3491/5702 3047/3483/5702 3014/3488/5702
f 3015/3491/5703 3049/3492/5703 3048/3481/5703
f 3016/3493/5704 3017/3494/5704 3049/3492/5704
f 3049/3492/5705 3018/3495/5705 3052/3484/5705
f 3018/3495/5706 3055/3496/5706 3052/3484/5706
f 3019/3497/5707 3020/3498/5707 3055/3496/5707
f 3055/3496/5708 3021/3499/5708 3054/3486/5708
f 3053/3487/5709 3021/3499/5709 3022/3500/5709
f 3011/3501/5710 3022/3500/5710 3005/3502/5710
f 3012/3503/5711 3053/3487/5711 3011/3501/5711
f 3047/3483/5712 3012/3503/5712 3013/3489/5712
f 3056/3504/5713 3060/3505/5713 3059/3506/5713
f 3058/3507/5714 3060/3505/5714 3057/3508/5714
f 3060/3505/5715 3062/3509/5715 3059/3506/5715
f 3060/3505/5716 3064/3510/5716 3063/3511/5716
f 3005/3502/5717 3056/3504/5717 3025/3512/5717
f 3022/3500/5718 3057/3508/5718 3056/3504/5718
f 3020/3498/5719 3057/3508/5719 3021/3499/5719
f 3006/3513/5720 3058/3507/5720 3020/3498/5720
f 3026/3514/5721 3061/3515/5721 3058/3507/5721
f 3061/3515/5722 3028/3516/5722 3064/3510/5722
f 3064/3510/5723 3010/3517/5723 3029/3518/5723
f 3063/3511/5724 3029/3518/5724 3030/3519/5724
f 3063/3511/5725 3031/3520/5725 3062/3509/5725
f 3062/3509/5726 3009/3521/5726 3023/3522/5726
f 3059/3506/5727 3023/3522/5727 3024/3523/5727
f 3025/3512/5728 3059/3506/5728 3024/3523/5728
f 3066/3524/5729 3068/3525/5729 3065/3526/5729
f 3066/3524/5730 3070/3527/5730 3069/3528/5730
f 3068/3525/5731 3072/3529/5731 3071/3530/5731
f 3070/3527/5732 3072/3529/5732 3069/3528/5732
f 3031/3520/5733 3034/3531/5733 3009/3521/5733
f 3030/3519/5734 3065/3526/5734 3031/3520/5734
f 3030/3519/5735 3067/3532/5735 3066/3524/5735
f 3029/3518/5736 3035/3533/5736 3067/3532/5736
f 3067/3532/5737 3036/3534/5737 3070/3527/5737
f 3036/3534/5738 3073/3535/5738 3070/3527/5738
f 3037/3536/5739 3038/3537/5739 3073/3535/5739
f 3073/3535/5740 3039/3538/5740 3072/3529/5740
f 3071/3530/5741 3039/3538/5741 3040/3539/5741
f 3032/3540/5742 3040/3539/5742 3007/3541/5742
f 3033/3542/5743 3071/3530/5743 3032/3540/5743
f 3065/3526/5744 3033/3542/5744 3034/3531/5744
f 3074/3543/5745 3078/3544/5745 3077/3545/5745
f 3076/3546/5746 3078/3544/5746 3075/3547/5746
f 3078/3544/5747 3080/3548/5747 3077/3545/5747
f 3078/3544/5748 3082/3549/5748 3081/3550/5748
f 3007/3541/5749 3074/3543/5749 3043/3551/5749
f 3040/3539/5750 3075/3547/5750 3074/3543/5750
f 3038/3537/5751 3075/3547/5751 3039/3538/5751
f 3008/3552/5752 3076/3546/5752 3038/3537/5752
f 3044/3553/5753 3079/3554/5753 3076/3546/5753
f 3079/3554/5754 3046/3555/5754 3082/3549/5754
f 3082/3549/5755 3004/3556/5755 3016/3557/5755
f 3081/3550/5756 3016/3557/5756 3015/3558/5756
f 3081/3550/5757 3014/3559/5757 3080/3548/5757
f 3080/3548/5758 3003/3560/5758 3041/3561/5758
f 3077/3545/5759 3041/3561/5759 3042/3562/5759
f 3043/3551/5760 3077/3545/5760 3042/3562/5760
f 3083/3563/5761 3087/3564/5761 3086/3565/5761
f 3085/3566/5762 3087/3564/5762 3084/3567/5762
f 3087/3564/5763 3089/3568/5763 3086/3565/5763
f 3087/3564/5764 3091/3569/5764 3090/3570/5764
f 3005/3571/5765 3083/3563/5765 3011/3572/5765
f 3025/3573/5766 3084/3567/5766 3083/3563/5766
f 3023/3574/5767 3084/3567/5767 3024/3575/5767
f 3009/3521/5768 3085/3566/5768 3023/3574/5768
f 3034/3531/5769 3088/3576/5769 3085/3566/5769
f 3088/3576/5770 3032/3540/5770 3091/3569/5770
f 3091/3569/5771 3007/3541/5771 3043/3577/5771
f 3090/3570/5772 3043/3577/5772 3042/3578/5772
f 3090/3570/5773 3041/3579/5773 3089/3568/5773
f 3089/3568/5774 3003/3580/5774 3013/3581/5774
f 3086/3565/5775 3013/3581/5775 3012/3582/5775
f 3011/3572/5776 3086/3565/5776 3012/3582/5776
f 3092/3583/5777 3096/3584/5777 3095/3585/5777
f 3094/3586/5778 3096/3584/5778 3093/3587/5778
f 3096/3584/5779 3098/3588/5779 3095/3585/5779
f 3096/3584/5780 3100/3589/5780 3099/3590/5780
f 3010/3517/5781 3092/3583/5781 3035/3533/5781
f 3028/3591/5782 3093/3587/5782 3092/3583/5782
f 3026/3592/5783 3093/3587/5783 3027/3593/5783
f 3006/3594/5784 3094/3586/5784 3026/3592/5784
f 3019/3595/5785 3097/3596/5785 3094/3586/5785
f 3097/3596/5786 3017/3597/5786 3100/3589/5786
f 3100/3589/5787 3004/3598/5787 3046/3599/5787
f 3099/3590/5788 3046/3599/5788 3045/3600/5788
f 3099/3590/5789 3044/3601/5789 3098/3588/5789
f 3098/3588/5790 3008/3552/5790 3037/3536/5790
f 3095/3585/5791 3037/3536/5791 3036/3534/5791
f 3035/3533/5792 3095/3585/5792 3036/3534/5792
f 3048/3481/5793 3051/3485/5793 3050/3482/5793
f 3048/3481/5794 3049/3492/5794 3052/3484/5794
f 3050/3482/5795 3051/3485/5795 3054/3486/5795
f 3052/3484/5796 3055/3496/5796 3054/3486/5796
f 3014/3488/5797 3047/3483/5797 3013/3489/5797
f 3015/3491/5798 3048/3481/5798 3047/3483/5798
f 3015/3491/5799 3016/3493/5799 3049/3492/5799
f 3016/3493/5800 3004/3602/5800 3017/3494/5800
f 3049/3492/5801 3017/3494/5801 3018/3495/5801
f 3018/3495/5802 3019/3497/5802 3055/3496/5802
f 3019/3497/5803 3006/3513/5803 3020/3498/5803
f 3055/3496/5804 3020/3498/5804 3021/3499/5804
f 3053/3487/5805 3054/3486/5805 3021/3499/5805
f 3011/3501/5806 3053/3487/5806 3022/3500/5806
f 3012/3503/5807 3050/3482/5807 3053/3487/5807
f 3047/3483/5808 3050/3482/5808 3012/3503/5808
f 3056/3504/5809 3057/3508/5809 3060/3505/5809
f 3058/3507/5810 3061/3515/5810 3060/3505/5810
f 3060/3505/5811 3063/3511/5811 3062/3509/5811
f 3060/3505/5812 3061/3515/5812 3064/3510/5812
f 3005/3502/5813 3022/3500/5813 3056/3504/5813
f 3022/3500/5814 3021/3499/5814 3057/3508/5814
f 3020/3498/5815 3058/3507/5815 3057/3508/5815
f 3006/3513/5816 3026/3514/5816 3058/3507/5816
f 3026/3514/5817 3027/3603/5817 3061/3515/5817
f 3061/3515/5818 3027/3603/5818 3028/3516/5818
f 3064/3510/5819 3028/3516/5819 3010/3517/5819
f 3063/3511/5820 3064/3510/5820 3029/3518/5820
f 3063/3511/5821 3030/3519/5821 3031/3520/5821
f 3062/3509/5822 3031/3520/5822 3009/3521/5822
f 3059/3506/5823 3062/3509/5823 3023/3522/5823
f 3025/3512/5824 3056/3504/5824 3059/3506/5824
f 3066/3524/5825 3069/3528/5825 3068/3525/5825
f 3066/3524/5826 3067/3532/5826 3070/3527/5826
f 3068/3525/5827 3069/3528/5827 3072/3529/5827
f 3070/3527/5828 3073/3535/5828 3072/3529/5828
f 3031/3520/5829 3065/3526/5829 3034/3531/5829
f 3030/3519/5830 3066/3524/5830 3065/3526/5830
f 3030/3519/5831 3029/3518/5831 3067/3532/5831
f 3029/3518/5832 3010/3517/5832 3035/3533/5832
f 3067/3532/5833 3035/3533/5833 3036/3534/5833
f 3036/3534/5834 3037/3536/5834 3073/3535/5834
f 3037/3536/5835 3008/3552/5835 3038/3537/5835
f 3073/3535/5836 3038/3537/5836 3039/3538/5836
f 3071/3530/5837 3072/3529/5837 3039/3538/5837
f 3032/3540/5838 3071/3530/5838 3040/3539/5838
f 3033/3542/5839 3068/3525/5839 3071/3530/5839
f 3065/3526/5840 3068/3525/5840 3033/3542/5840
f 3074/3543/5841 3075/3547/5841 3078/3544/5841
f 3076/3546/5842 3079/3554/5842 3078/3544/5842
f 3078/3544/5843 3081/3550/5843 3080/3548/5843
f 3078/3544/5844 3079/3554/5844 3082/3549/5844
f 3007/3541/5845 3040/3539/5845 3074/3543/5845
f 3040/3539/5846 3039/3538/5846 3075/3547/5846
f 3038/3537/5847 3076/3546/5847 3075/3547/5847
f 3008/3552/5848 3044/3553/5848 3076/3546/5848
f 3044/3553/5849 3045/3604/5849 3079/3554/5849
f 3079/3554/5850 3045/3604/5850 3046/3555/5850
f 3082/3549/5851 3046/3555/5851 3004/3556/5851
f 3081/3550/5852 3082/3549/5852 3016/3557/5852
f 3081/3550/5853 3015/3558/5853 3014/3559/5853
f 3080/3548/5854 3014/3559/5854 3003/3560/5854
f 3077/3545/5855 3080/3548/5855 3041/3561/5855
f 3043/3551/5856 3074/3543/5856 3077/3545/5856
f 3083/3563/5857 3084/3567/5857 3087/3564/5857
f 3085/3566/5858 3088/3576/5858 3087/3564/5858
f 3087/3564/5859 3090/3570/5859 3089/3568/5859
f 3087/3564/5860 3088/3576/5860 3091/3569/5860
f 3005/3571/5861 3025/3573/5861 3083/3563/5861
f 3025/3573/5862 3024/3575/5862 3084/3567/5862
f 3023/3574/5863 3085/3566/5863 3084/3567/5863
f 3009/3521/5864 3034/3531/5864 3085/3566/5864
f 3034/3531/5865 3033/3542/5865 3088/3576/5865
f 3088/3576/5866 3033/3542/5866 3032/3540/5866
f 3091/3569/5867 3032/3540/5867 3007/3541/5867
f 3090/3570/5868 3091/3569/5868 3043/3577/5868
f 3090/3570/5869 3042/3578/5869 3041/3579/5869
f 3089/3568/5870 3041/3579/5870 3003/3580/5870
f 3086/3565/5871 3089/3568/5871 3013/3581/5871
f 3011/3572/5872 3083/3563/5872 3086/3565/5872
f 3092/3583/5873 3093/3587/5873 3096/3584/5873
f 3094/3586/5874 3097/3596/5874 3096/3584/5874
f 3096/3584/5875 3099/3590/5875 3098/3588/5875
f 3096/3584/5876 3097/3596/5876 3100/3589/5876
f 3010/3517/5877 3028/3591/5877 3092/3583/5877
f 3028/3591/5878 3027/3593/5878 3093/3587/5878
f 3026/3592/5879 3094/3586/5879 3093/3587/5879
f 3006/3594/5880 3019/3595/5880 3094/3586/5880
f 3019/3595/5881 3018/3605/5881 3097/3596/5881
f 3097/3596/5882 3018/3605/5882 3017/3597/5882
f 3100/3589/5883 3017/3597/5883 3004/3598/5883
f 3099/3590/5884 3100/3589/5884 3046/3599/5884
f 3099/3590/5885 3045/3600/5885 3044/3601/5885
f 3098/3588/5886 3044/3601/5886 3008/3552/5886
f 3095/3585/5887 3098/3588/5887 3037/3536/5887
f 3035/3533/5888 3092/3583/5888 3095/3585/5888
o hm_prop_newsbox_v2_Hinge_-0.22_0.3
v -0.247881 0.297000 0.221484
v -0.207905 0.297000 0.222880
v -0.247983 0.289929 0.224411
v -0.208007 0.289929 0.225807
v -0.248230 0.287000 0.231478
v -0.208254 0.287000 0.232874
v -0.248476 0.289929 0.238545
v -0.208501 0.289929 0.239941
v -0.248579 0.297000 0.241472
v -0.208603 0.297000 0.242868
v -0.248476 0.304071 0.238545
v -0.208501 0.304071 0.239941
v -0.248230 0.307000 0.231478
v -0.208254 0.307000 0.232874
v -0.247983 0.304071 0.224411
v -0.208007 0.304071 0.225807
vn 0.0322 -0.3827 -0.9233
vn 0.0134 -0.9239 -0.3825
vn -0.0134 -0.9239 0.3825
vn -0.0322 -0.3827 0.9233
vn -0.0322 0.3827 0.9233
vn -0.0134 0.9239 0.3825
vn 0.9994 -0.0000 0.0349
vn 0.0134 0.9239 -0.3825
vn 0.0322 0.3827 -0.9233
vn -0.9994 -0.0000 -0.0349
vt 1.000000 1.000000
vt 0.875000 0.500000
vt 1.000000 0.500000
vt 0.875000 1.000000
vt 0.750000 0.500000
vt 0.750000 1.000000
vt 0.625000 0.500000
vt 0.625000 1.000000
vt 0.500000 0.500000
vt 0.500000 1.000000
vt 0.375000 0.500000
vt 0.375000 1.000000
vt 0.250000 0.500000
vt 0.010000 0.250000
vt 0.250000 0.010000
vt 0.490000 0.250000
vt 0.250000 1.000000
vt 0.125000 0.500000
vt 0.125000 1.000000
vt 0.000000 0.500000
vt 0.919706 0.080294
vt 0.580294 0.080294
vt 0.580294 0.419706
vt 0.419706 0.419706
vt 0.250000 0.490000
vt 0.080294 0.419706
vt 0.080294 0.080294
vt 0.419706 0.080294
vt 0.000000 1.000000
vt 0.750000 0.490000
vt 0.919706 0.419706
vt 0.990000 0.250000
vt 0.750000 0.010000
vt 0.510000 0.250000
s 0
usemtl HM_Bolt
f 3102/3606/5889 3103/3607/5889 3101/3608/5889
f 3104/3609/5890 3105/3610/5890 3103/3607/5890
f 3106/3611/5891 3107/3612/5891 3105/3610/5891
f 3108/3613/5892 3109/3614/5892 3107/3612/5892
f 3110/3615/5893 3111/3616/5893 3109/3614/5893
f 3112/3617/5894 3113/3618/5894 3111/3616/5894
f 3114/3619/5895 3110/3620/5895 3106/3621/5895
f 3114/3622/5896 3115/3623/5896 3113/3618/5896
f 3116/3624/5897 3101/3625/5897 3115/3623/5897
f 3107/3626/5898 3111/3627/5898 3115/3628/5898
f 3102/3606/5889 3104/3609/5889 3103/3607/5889
f 3104/3609/5890 3106/3611/5890 3105/3610/5890
f 3106/3611/5891 3108/3613/5891 3107/3612/5891
f 3108/3613/5892 3110/3615/5892 3109/3614/5892
f 3110/3615/5893 3112/3617/5893 3111/3616/5893
f 3112/3617/5894 3114/3622/5894 3113/3618/5894
f 3106/3621/5895 3104/3629/5895 3102/3630/5895
f 3102/3630/5895 3116/3631/5895 3114/3619/5895
f 3114/3619/5895 3112/3632/5895 3110/3620/5895
f 3110/3620/5895 3108/3633/5895 3106/3621/5895
f 3106/3621/5895 3102/3630/5895 3114/3619/5895
f 3114/3622/5896 3116/3624/5896 3115/3623/5896
f 3116/3624/5897 3102/3634/5897 3101/3625/5897
f 3115/3628/5898 3101/3635/5898 3103/3636/5898
f 3103/3636/5898 3105/3637/5898 3107/3626/5898
f 3107/3626/5898 3109/3638/5898 3111/3627/5898
f 3111/3627/5898 3113/3639/5898 3115/3628/5898
f 3115/3628/5898 3103/3636/5898 3107/3626/5898
o hm_prop_newsbox_v2_Bolt_-0.22_0.3
v -0.194704 0.291000 0.217337
v -0.194704 0.303000 0.217337
v -0.190525 0.291000 0.219242
v -0.190525 0.303000 0.219242
v -0.188917 0.291000 0.223543
v -0.188917 0.303000 0.223543
v -0.190821 0.291000 0.227722
v -0.190821 0.303000 0.227722
v -0.195122 0.291000 0.229330
v -0.195122 0.303000 0.229330
v -0.199301 0.291000 0.227426
v -0.199301 0.303000 0.227426
v -0.200909 0.291000 0.223124
v -0.200909 0.303000 0.223124
v -0.199005 0.291000 0.218946
v -0.199005 0.303000 0.218946
vn 0.4147 -0.0000 -0.9100
vn 0.9367 -0.0000 -0.3502
vn 0.9100 -0.0000 0.4147
vn 0.3502 -0.0000 0.9367
vn -0.4147 -0.0000 0.9100
vn -0.9367 -0.0000 0.3502
vn -0.0000 1.0000 -0.0000
vn -0.9100 -0.0000 -0.4147
vn -0.3502 -0.0000 -0.9367
vn -0.0000 -1.0000 -0.0000
vt 1.000000 1.000000
vt 0.875000 0.500000
vt 1.000000 0.500000
vt 0.875000 1.000000
vt 0.750000 0.500000
vt 0.750000 1.000000
vt 0.625000 0.500000
vt 0.625000 1.000000
vt 0.500000 0.500000
vt 0.500000 1.000000
vt 0.375000 0.500000
vt 0.375000 1.000000
vt 0.250000 0.500000
vt 0.010000 0.250000
vt 0.250000 0.010000
vt 0.490000 0.250000
vt 0.250000 1.000000
vt 0.125000 0.500000
vt 0.125000 1.000000
vt 0.000000 0.500000
vt 0.919706 0.080294
vt 0.580294 0.080294
vt 0.580294 0.419706
vt 0.419706 0.419706
vt 0.250000 0.490000
vt 0.080294 0.419706
vt 0.080294 0.080294
vt 0.419706 0.080294
vt 0.000000 1.000000
vt 0.750000 0.490000
vt 0.919706 0.419706
vt 0.990000 0.250000
vt 0.750000 0.010000
vt 0.510000 0.250000
s 0
usemtl HM_Bolt
f 3118/3640/5899 3119/3641/5899 3117/3642/5899
f 3120/3643/5900 3121/3644/5900 3119/3641/5900
f 3122/3645/5901 3123/3646/5901 3121/3644/5901
f 3124/3647/5902 3125/3648/5902 3123/3646/5902
f 3126/3649/5903 3127/3650/5903 3125/3648/5903
f 3128/3651/5904 3129/3652/5904 3127/3650/5904
f 3130/3653/5905 3126/3654/5905 3122/3655/5905
f 3130/3656/5906 3131/3657/5906 3129/3652/5906
f 3132/3658/5907 3117/3659/5907 3131/3657/5907
f 3123/3660/5908 3127/3661/5908 3131/3662/5908
f 3118/3640/5899 3120/3643/5899 3119/3641/5899
f 3120/3643/5900 3122/3645/5900 3121/3644/5900
f 3122/3645/5901 3124/3647/5901 3123/3646/5901
f 3124/3647/5902 3126/3649/5902 3125/3648/5902
f 3126/3649/5903 3128/3651/5903 3127/3650/5903
f 3128/3651/5904 3130/3656/5904 3129/3652/5904
f 3122/3655/5905 3120/3663/5905 3118/3664/5905
f 3118/3664/5905 3132/3665/5905 3130/3653/5905
f 3130/3653/5905 3128/3666/5905 3126/3654/5905
f 3126/3654/5905 3124/3667/5905 3122/3655/5905
f 3122/3655/5905 3118/3664/5905 3130/3653/5905
f 3130/3656/5906 3132/3658/5906 3131/3657/5906
f 3132/3658/5907 3118/3668/5907 3117/3659/5907
f 3131/3662/5908 3117/3669/5908 3119/3670/5908
f 3119/3670/5908 3121/3671/5908 3123/3660/5908
f 3123/3660/5908 3125/3672/5908 3127/3661/5908
f 3127/3661/5908 3129/3673/5908 3131/3662/5908
f 3131/3662/5908 3119/3670/5908 3123/3660/5908
o hm_prop_newsbox_v2_Hinge_-0.22_0.8
v -0.247881 0.797000 0.221484
v -0.207905 0.797000 0.222880
v -0.247983 0.789929 0.224411
v -0.208007 0.789929 0.225807
v -0.248230 0.787000 0.231478
v -0.208254 0.787000 0.232874
v -0.248476 0.789929 0.238545
v -0.208501 0.789929 0.239941
v -0.248579 0.797000 0.241472
v -0.208603 0.797000 0.242868
v -0.248476 0.804071 0.238545
v -0.208501 0.804071 0.239941
v -0.248230 0.807000 0.231478
v -0.208254 0.807000 0.232874
v -0.247983 0.804071 0.224411
v -0.208007 0.804071 0.225807
vn 0.0322 -0.3827 -0.9233
vn 0.0134 -0.9239 -0.3825
vn -0.0134 -0.9239 0.3825
vn -0.0322 -0.3827 0.9233
vn -0.0322 0.3827 0.9233
vn -0.0134 0.9239 0.3825
vn 0.9994 -0.0000 0.0349
vn 0.0134 0.9239 -0.3825
vn 0.0322 0.3827 -0.9233
vn -0.9994 -0.0000 -0.0349
vt 1.000000 1.000000
vt 0.875000 0.500000
vt 1.000000 0.500000
vt 0.875000 1.000000
vt 0.750000 0.500000
vt 0.750000 1.000000
vt 0.625000 0.500000
vt 0.625000 1.000000
vt 0.500000 0.500000
vt 0.500000 1.000000
vt 0.375000 0.500000
vt 0.375000 1.000000
vt 0.250000 0.500000
vt 0.010000 0.250000
vt 0.250000 0.010000
vt 0.490000 0.250000
vt 0.250000 1.000000
vt 0.125000 0.500000
vt 0.125000 1.000000
vt 0.000000 0.500000
vt 0.919706 0.080294
vt 0.580294 0.080294
vt 0.580294 0.419706
vt 0.419706 0.419706
vt 0.250000 0.490000
vt 0.080294 0.419706
vt 0.080294 0.080294
vt 0.419706 0.080294
vt 0.000000 1.000000
vt 0.750000 0.490000
vt 0.919706 0.419706
vt 0.990000 0.250000
vt 0.750000 0.010000
vt 0.510000 0.250000
s 0
usemtl HM_Bolt
f 3134/3674/5909 3135/3675/5909 3133/3676/5909
f 3136/3677/5910 3137/3678/5910 3135/3675/5910
f 3138/3679/5911 3139/3680/5911 3137/3678/5911
f 3140/3681/5912 3141/3682/5912 3139/3680/5912
f 3142/3683/5913 3143/3684/5913 3141/3682/5913
f 3144/3685/5914 3145/3686/5914 3143/3684/5914
f 3146/3687/5915 3142/3688/5915 3138/3689/5915
f 3146/3690/5916 3147/3691/5916 3145/3686/5916
f 3148/3692/5917 3133/3693/5917 3147/3691/5917
f 3139/3694/5918 3143/3695/5918 3147/3696/5918
f 3134/3674/5909 3136/3677/5909 3135/3675/5909
f 3136/3677/5910 3138/3679/5910 3137/3678/5910
f 3138/3679/5911 3140/3681/5911 3139/3680/5911
f 3140/3681/5912 3142/3683/5912 3141/3682/5912
f 3142/3683/5913 3144/3685/5913 3143/3684/5913
f 3144/3685/5914 3146/3690/5914 3145/3686/5914
f 3138/3689/5915 3136/3697/5915 3134/3698/5915
f 3134/3698/5915 3148/3699/5915 3146/3687/5915
f 3146/3687/5915 3144/3700/5915 3142/3688/5915
f 3142/3688/5915 3140/3701/5915 3138/3689/5915
f 3138/3689/5915 3134/3698/5915 3146/3687/5915
f 3146/3690/5916 3148/3692/5916 3147/3691/5916
f 3148/3692/5917 3134/3702/5917 3133/3693/5917
f 3147/3696/5918 3133/3703/5918 3135/3704/5918
f 3135/3704/5918 3137/3705/5918 3139/3694/5918
f 3139/3694/5918 3141/3706/5918 3143/3695/5918
f 3143/3695/5918 3145/3707/5918 3147/3696/5918
f 3147/3696/5918 3135/3704/5918 3139/3694/5918
o hm_prop_newsbox_v2_Bolt_-0.22_0.8
v -0.194704 0.791000 0.217337
v -0.194704 0.803000 0.217337
v -0.190525 0.791000 0.219242
v -0.190525 0.803000 0.219242
v -0.188917 0.791000 0.223543
v -0.188917 0.803000 0.223543
v -0.190821 0.791000 0.227722
v -0.190821 0.803000 0.227722
v -0.195122 0.791000 0.229330
v -0.195122 0.803000 0.229330
v -0.199301 0.791000 0.227426
v -0.199301 0.803000 0.227426
v -0.200909 0.791000 0.223124
v -0.200909 0.803000 0.223124
v -0.199005 0.791000 0.218946
v -0.199005 0.803000 0.218946
vn 0.4147 -0.0000 -0.9100
vn 0.9367 -0.0000 -0.3502
vn 0.9100 -0.0000 0.4147
vn 0.3502 -0.0000 0.9367
vn -0.4147 -0.0000 0.9100
vn -0.9367 -0.0000 0.3502
vn -0.0000 1.0000 -0.0000
vn -0.9100 -0.0000 -0.4147
vn -0.3502 -0.0000 -0.9367
vn -0.0000 -1.0000 -0.0000
vt 1.000000 1.000000
vt 0.875000 0.500000
vt 1.000000 0.500000
vt 0.875000 1.000000
vt 0.750000 0.500000
vt 0.750000 1.000000
vt 0.625000 0.500000
vt 0.625000 1.000000
vt 0.500000 0.500000
vt 0.500000 1.000000
vt 0.375000 0.500000
vt 0.375000 1.000000
vt 0.250000 0.500000
vt 0.010000 0.250000
vt 0.250000 0.010000
vt 0.490000 0.250000
vt 0.250000 1.000000
vt 0.125000 0.500000
vt 0.125000 1.000000
vt 0.000000 0.500000
vt 0.919706 0.080294
vt 0.580294 0.080294
vt 0.580294 0.419706
vt 0.419706 0.419706
vt 0.250000 0.490000
vt 0.080294 0.419706
vt 0.080294 0.080294
vt 0.419706 0.080294
vt 0.000000 1.000000
vt 0.750000 0.490000
vt 0.919706 0.419706
vt 0.990000 0.250000
vt 0.750000 0.010000
vt 0.510000 0.250000
s 0
usemtl HM_Bolt
f 3150/3708/5919 3151/3709/5919 3149/3710/5919
f 3152/3711/5920 3153/3712/5920 3151/3709/5920
f 3154/3713/5921 3155/3714/5921 3153/3712/5921
f 3156/3715/5922 3157/3716/5922 3155/3714/5922
f 3158/3717/5923 3159/3718/5923 3157/3716/5923
f 3160/3719/5924 3161/3720/5924 3159/3718/5924
f 3162/3721/5925 3158/3722/5925 3154/3723/5925
f 3162/3724/5926 3163/3725/5926 3161/3720/5926
f 3164/3726/5927 3149/3727/5927 3163/3725/5927
f 3155/3728/5928 3159/3729/5928 3163/3730/5928
f 3150/3708/5919 3152/3711/5919 3151/3709/5919
f 3152/3711/5920 3154/3713/5920 3153/3712/5920
f 3154/3713/5921 3156/3715/5921 3155/3714/5921
f 3156/3715/5922 3158/3717/5922 3157/3716/5922
f 3158/3717/5923 3160/3719/5923 3159/3718/5923
f 3160/3719/5924 3162/3724/5924 3161/3720/5924
f 3154/3723/5925 3152/3731/5925 3150/3732/5925
f 3150/3732/5925 3164/3733/5925 3162/3721/5925
f 3162/3721/5925 3160/3734/5925 3158/3722/5925
f 3158/3722/5925 3156/3735/5925 3154/3723/5925
f 3154/3723/5925 3150/3732/5925 3162/3721/5925
f 3162/3724/5926 3164/3726/5926 3163/3725/5926
f 3164/3726/5927 3150/3736/5927 3149/3727/5927
f 3163/3730/5928 3149/3737/5928 3151/3738/5928
f 3151/3738/5928 3153/3739/5928 3155/3728/5928
f 3155/3728/5928 3157/3740/5928 3159/3729/5928
f 3159/3729/5928 3161/3741/5928 3163/3730/5928
f 3163/3730/5928 3151/3738/5928 3155/3728/5928
o hm_prop_newsbox_v2_Hinge_0.22_0.3
v 0.191851 0.297000 0.236840
v 0.231827 0.297000 0.238236
v 0.191749 0.289929 0.239767
v 0.231725 0.289929 0.241163
v 0.191502 0.287000 0.246834
v 0.231478 0.287000 0.248230
v 0.191256 0.289929 0.253900
v 0.231231 0.289929 0.255296
v 0.191153 0.297000 0.256828
v 0.231129 0.297000 0.258224
v 0.191256 0.304071 0.253900
v 0.231231 0.304071 0.255296
v 0.191502 0.307000 0.246834
v 0.231478 0.307000 0.248230
v 0.191749 0.304071 0.239767
v 0.231725 0.304071 0.241163
vn 0.0322 -0.3827 -0.9233
vn 0.0134 -0.9239 -0.3825
vn -0.0134 -0.9239 0.3825
vn -0.0322 -0.3827 0.9233
vn -0.0322 0.3827 0.9233
vn -0.0134 0.9239 0.3825
vn 0.9994 -0.0000 0.0349
vn 0.0134 0.9239 -0.3825
vn 0.0322 0.3827 -0.9233
vn -0.9994 -0.0000 -0.0349
vt 1.000000 1.000000
vt 0.875000 0.500000
vt 1.000000 0.500000
vt 0.875000 1.000000
vt 0.750000 0.500000
vt 0.750000 1.000000
vt 0.625000 0.500000
vt 0.625000 1.000000
vt 0.500000 0.500000
vt 0.500000 1.000000
vt 0.375000 0.500000
vt 0.375000 1.000000
vt 0.250000 0.500000
vt 0.010000 0.250000
vt 0.250000 0.010000
vt 0.490000 0.250000
vt 0.250000 1.000000
vt 0.125000 0.500000
vt 0.125000 1.000000
vt 0.000000 0.500000
vt 0.919706 0.080294
vt 0.580294 0.080294
vt 0.580294 0.419706
vt 0.419706 0.419706
vt 0.250000 0.490000
vt 0.080294 0.419706
vt 0.080294 0.080294
vt 0.419706 0.080294
vt 0.000000 1.000000
vt 0.750000 0.490000
vt 0.919706 0.419706
vt 0.990000 0.250000
vt 0.750000 0.010000
vt 0.510000 0.250000
s 0
usemtl HM_Bolt
f 3166/3742/5929 3167/3743/5929 3165/3744/5929
f 3168/3745/5930 3169/3746/5930 3167/3743/5930
f 3170/3747/5931 3171/3748/5931 3169/3746/5931
f 3172/3749/5932 3173/3750/5932 3171/3748/5932
f 3174/3751/5933 3175/3752/5933 3173/3750/5933
f 3176/3753/5934 3177/3754/5934 3175/3752/5934
f 3178/3755/5935 3174/3756/5935 3170/3757/5935
f 3178/3758/5936 3179/3759/5936 3177/3754/5936
f 3180/3760/5937 3165/3761/5937 3179/3759/5937
f 3171/3762/5938 3175/3763/5938 3179/3764/5938
f 3166/3742/5929 3168/3745/5929 3167/3743/5929
f 3168/3745/5930 3170/3747/5930 3169/3746/5930
f 3170/3747/5931 3172/3749/5931 3171/3748/5931
f 3172/3749/5932 3174/3751/5932 3173/3750/5932
f 3174/3751/5933 3176/3753/5933 3175/3752/5933
f 3176/3753/5934 3178/3758/5934 3177/3754/5934
f 3170/3757/5935 3168/3765/5935 3166/3766/5935
f 3166/3766/5935 3180/3767/5935 3178/3755/5935
f 3178/3755/5935 3176/3768/5935 3174/3756/5935
f 3174/3756/5935 3172/3769/5935 3170/3757/5935
f 3170/3757/5935 3166/3766/5935 3178/3755/5935
f 3178/3758/5936 3180/3760/5936 3179/3759/5936
f 3180/3760/5937 3166/3770/5937 3165/3761/5937
f 3179/3764/5938 3165/3771/5938 3167/3772/5938
f 3167/3772/5938 3169/3773/5938 3171/3762/5938
f 3171/3762/5938 3173/3774/5938 3175/3763/5938
f 3175/3763/5938 3177/3775/5938 3179/3764/5938
f 3179/3764/5938 3167/3772/5938 3171/3762/5938
o hm_prop_newsbox_v2_Bolt_0.22_0.3
v 0.179069 0.291000 0.230390
v 0.179069 0.303000 0.230390
v 0.183247 0.291000 0.232294
v 0.183247 0.303000 0.232294
v 0.184856 0.291000 0.236595
v 0.184856 0.303000 0.236595
v 0.182951 0.291000 0.240774
v 0.182951 0.303000 0.240774
v 0.178650 0.291000 0.242382
v 0.178650 0.303000 0.242382
v 0.174471 0.291000 0.240478
v 0.174471 0.303000 0.240478
v 0.172863 0.291000 0.236177
v 0.172863 0.303000 0.236177
v 0.174767 0.291000 0.231998
v 0.174767 0.303000 0.231998
vn 0.4147 -0.0000 -0.9100
vn 0.9367 -0.0000 -0.3502
vn 0.9100 -0.0000 0.4147
vn 0.3502 -0.0000 0.9367
vn -0.4147 -0.0000 0.9100
vn -0.9367 -0.0000 0.3502
vn -0.0000 1.0000 -0.0000
vn -0.9100 -0.0000 -0.4147
vn -0.3502 -0.0000 -0.9367
vn -0.0000 -1.0000 -0.0000
vt 1.000000 1.000000
vt 0.875000 0.500000
vt 1.000000 0.500000
vt 0.875000 1.000000
vt 0.750000 0.500000
vt 0.750000 1.000000
vt 0.625000 0.500000
vt 0.625000 1.000000
vt 0.500000 0.500000
vt 0.500000 1.000000
vt 0.375000 0.500000
vt 0.375000 1.000000
vt 0.250000 0.500000
vt 0.010000 0.250000
vt 0.250000 0.010000
vt 0.490000 0.250000
vt 0.250000 1.000000
vt 0.125000 0.500000
vt 0.125000 1.000000
vt 0.000000 0.500000
vt 0.919706 0.080294
vt 0.580294 0.080294
vt 0.580294 0.419706
vt 0.419706 0.419706
vt 0.250000 0.490000
vt 0.080294 0.419706
vt 0.080294 0.080294
vt 0.419706 0.080294
vt 0.000000 1.000000
vt 0.750000 0.490000
vt 0.919706 0.419706
vt 0.990000 0.250000
vt 0.750000 0.010000
vt 0.510000 0.250000
s 0
usemtl HM_Bolt
f 3182/3776/5939 3183/3777/5939 3181/3778/5939
f 3184/3779/5940 3185/3780/5940 3183/3777/5940
f 3186/3781/5941 3187/3782/5941 3185/3780/5941
f 3188/3783/5942 3189/3784/5942 3187/3782/5942
f 3190/3785/5943 3191/3786/5943 3189/3784/5943
f 3192/3787/5944 3193/3788/5944 3191/3786/5944
f 3194/3789/5945 3190/3790/5945 3186/3791/5945
f 3194/3792/5946 3195/3793/5946 3193/3788/5946
f 3196/3794/5947 3181/3795/5947 3195/3793/5947
f 3187/3796/5948 3191/3797/5948 3195/3798/5948
f 3182/3776/5939 3184/3779/5939 3183/3777/5939
f 3184/3779/5940 3186/3781/5940 3185/3780/5940
f 3186/3781/5941 3188/3783/5941 3187/3782/5941
f 3188/3783/5942 3190/3785/5942 3189/3784/5942
f 3190/3785/5943 3192/3787/5943 3191/3786/5943
f 3192/3787/5944 3194/3792/5944 3193/3788/5944
f 3186/3791/5945 3184/3799/5945 3182/3800/5945
f 3182/3800/5945 3196/3801/5945 3194/3789/5945
f 3194/3789/5945 3192/3802/5945 3190/3790/5945
f 3190/3790/5945 3188/3803/5945 3186/3791/5945
f 3186/3791/5945 3182/3800/5945 3194/3789/5945
f 3194/3792/5946 3196/3794/5946 3195/3793/5946
f 3196/3794/5947 3182/3804/5947 3181/3795/5947
f 3195/3798/5948 3181/3805/5948 3183/3806/5948
f 3183/3806/5948 3185/3807/5948 3187/3796/5948
f 3187/3796/5948 3189/3808/5948 3191/3797/5948
f 3191/3797/5948 3193/3809/5948 3195/3798/5948
f 3195/3798/5948 3183/3806/5948 3187/3796/5948
o hm_prop_newsbox_v2_Hinge_0.22_0.8
v 0.191851 0.797000 0.236840
v 0.231827 0.797000 0.238236
v 0.191749 0.789929 0.239767
v 0.231725 0.789929 0.241163
v 0.191502 0.787000 0.246834
v 0.231478 0.787000 0.248230
v 0.191256 0.789929 0.253900
v 0.231231 0.789929 0.255296
v 0.191153 0.797000 0.256828
v 0.231129 0.797000 0.258224
v 0.191256 0.804071 0.253900
v 0.231231 0.804071 0.255296
v 0.191502 0.807000 0.246834
v 0.231478 0.807000 0.248230
v 0.191749 0.804071 0.239767
v 0.231725 0.804071 0.241163
vn 0.0322 -0.3827 -0.9233
vn 0.0134 -0.9239 -0.3825
vn -0.0134 -0.9239 0.3825
vn -0.0322 -0.3827 0.9233
vn -0.0322 0.3827 0.9233
vn -0.0134 0.9239 0.3825
vn 0.9994 -0.0000 0.0349
vn 0.0134 0.9239 -0.3825
vn 0.0322 0.3827 -0.9233
vn -0.9994 -0.0000 -0.0349
vt 1.000000 1.000000
vt 0.875000 0.500000
vt 1.000000 0.500000
vt 0.875000 1.000000
vt 0.750000 0.500000
vt 0.750000 1.000000
vt 0.625000 0.500000
vt 0.625000 1.000000
vt 0.500000 0.500000
vt 0.500000 1.000000
vt 0.375000 0.500000
vt 0.375000 1.000000
vt 0.250000 0.500000
vt 0.010000 0.250000
vt 0.250000 0.010000
vt 0.490000 0.250000
vt 0.250000 1.000000
vt 0.125000 0.500000
vt 0.125000 1.000000
vt 0.000000 0.500000
vt 0.919706 0.080294
vt 0.580294 0.080294
vt 0.580294 0.419706
vt 0.419706 0.419706
vt 0.250000 0.490000
vt 0.080294 0.419706
vt 0.080294 0.080294
vt 0.419706 0.080294
vt 0.000000 1.000000
vt 0.750000 0.490000
vt 0.919706 0.419706
vt 0.990000 0.250000
vt 0.750000 0.010000
vt 0.510000 0.250000
s 0
usemtl HM_Bolt
f 3198/3810/5949 3199/3811/5949 3197/3812/5949
f 3200/3813/5950 3201/3814/5950 3199/3811/5950
f 3202/3815/5951 3203/3816/5951 3201/3814/5951
f 3204/3817/5952 3205/3818/5952 3203/3816/5952
f 3206/3819/5953 3207/3820/5953 3205/3818/5953
f 3208/3821/5954 3209/3822/5954 3207/3820/5954
f 3210/3823/5955 3206/3824/5955 3202/3825/5955
f 3210/3826/5956 3211/3827/5956 3209/3822/5956
f 3212/3828/5957 3197/3829/5957 3211/3827/5957
f 3203/3830/5958 3207/3831/5958 3211/3832/5958
f 3198/3810/5949 3200/3813/5949 3199/3811/5949
f 3200/3813/5950 3202/3815/5950 3201/3814/5950
f 3202/3815/5951 3204/3817/5951 3203/3816/5951
f 3204/3817/5952 3206/3819/5952 3205/3818/5952
f 3206/3819/5953 3208/3821/5953 3207/3820/5953
f 3208/3821/5954 3210/3826/5954 3209/3822/5954
f 3202/3825/5955 3200/3833/5955 3198/3834/5955
f 3198/3834/5955 3212/3835/5955 3210/3823/5955
f 3210/3823/5955 3208/3836/5955 3206/3824/5955
f 3206/3824/5955 3204/3837/5955 3202/3825/5955
f 3202/3825/5955 3198/3834/5955 3210/3823/5955
f 3210/3826/5956 3212/3828/5956 3211/3827/5956
f 3212/3828/5957 3198/3838/5957 3197/3829/5957
f 3211/3832/5958 3197/3839/5958 3199/3840/5958
f 3199/3840/5958 3201/3841/5958 3203/3830/5958
f 3203/3830/5958 3205/3842/5958 3207/3831/5958
f 3207/3831/5958 3209/3843/5958 3211/3832/5958
f 3211/3832/5958 3199/3840/5958 3203/3830/5958
o hm_prop_newsbox_v2_Bolt_0.22_0.8
v 0.179069 0.791000 0.230390
v 0.179069 0.803000 0.230390
v 0.183247 0.791000 0.232294
v 0.183247 0.803000 0.232294
v 0.184856 0.791000 0.236595
v 0.184856 0.803000 0.236595
v 0.182951 0.791000 0.240774
v 0.182951 0.803000 0.240774
v 0.178650 0.791000 0.242382
v 0.178650 0.803000 0.242382
v 0.174471 0.791000 0.240478
v 0.174471 0.803000 0.240478
v 0.172863 0.791000 0.236177
v 0.172863 0.803000 0.236177
v 0.174767 0.791000 0.231998
v 0.174767 0.803000 0.231998
vn 0.4147 -0.0000 -0.9100
vn 0.9367 -0.0000 -0.3502
vn 0.9100 -0.0000 0.4147
vn 0.3502 -0.0000 0.9367
vn -0.4147 -0.0000 0.9100
vn -0.9367 -0.0000 0.3502
vn -0.0000 1.0000 -0.0000
vn -0.9100 -0.0000 -0.4147
vn -0.3502 -0.0000 -0.9367
vn -0.0000 -1.0000 -0.0000
vt 1.000000 1.000000
vt 0.875000 0.500000
vt 1.000000 0.500000
vt 0.875000 1.000000
vt 0.750000 0.500000
vt 0.750000 1.000000
vt 0.625000 0.500000
vt 0.625000 1.000000
vt 0.500000 0.500000
vt 0.500000 1.000000
vt 0.375000 0.500000
vt 0.375000 1.000000
vt 0.250000 0.500000
vt 0.010000 0.250000
vt 0.250000 0.010000
vt 0.490000 0.250000
vt 0.250000 1.000000
vt 0.125000 0.500000
vt 0.125000 1.000000
vt 0.000000 0.500000
vt 0.919706 0.080294
vt 0.580294 0.080294
vt 0.580294 0.419706
vt 0.419706 0.419706
vt 0.250000 0.490000
vt 0.080294 0.419706
vt 0.080294 0.080294
vt 0.419706 0.080294
vt 0.000000 1.000000
vt 0.750000 0.490000
vt 0.919706 0.419706
vt 0.990000 0.250000
vt 0.750000 0.010000
vt 0.510000 0.250000
s 0
usemtl HM_Bolt
f 3214/3844/5959 3215/3845/5959 3213/3846/5959
f 3216/3847/5960 3217/3848/5960 3215/3845/5960
f 3218/3849/5961 3219/3850/5961 3217/3848/5961
f 3220/3851/5962 3221/3852/5962 3219/3850/5962
f 3222/3853/5963 3223/3854/5963 3221/3852/5963
f 3224/3855/5964 3225/3856/5964 3223/3854/5964
f 3226/3857/5965 3222/3858/5965 3218/3859/5965
f 3226/3860/5966 3227/3861/5966 3225/3856/5966
f 3228/3862/5967 3213/3863/5967 3227/3861/5967
f 3219/3864/5968 3223/3865/5968 3227/3866/5968
f 3214/3844/5959 3216/3847/5959 3215/3845/5959
f 3216/3847/5960 3218/3849/5960 3217/3848/5960
f 3218/3849/5961 3220/3851/5961 3219/3850/5961
f 3220/3851/5962 3222/3853/5962 3221/3852/5962
f 3222/3853/5963 3224/3855/5963 3223/3854/5963
f 3224/3855/5964 3226/3860/5964 3225/3856/5964
f 3218/3859/5965 3216/3867/5965 3214/3868/5965
f 3214/3868/5965 3228/3869/5965 3226/3857/5965
f 3226/3857/5965 3224/3870/5965 3222/3858/5965
f 3222/3858/5965 3220/3871/5965 3218/3859/5965
f 3218/3859/5965 3214/3868/5965 3226/3857/5965
f 3226/3860/5966 3228/3862/5966 3227/3861/5966
f 3228/3862/5967 3214/3872/5967 3213/3863/5967
f 3227/3866/5968 3213/3873/5968 3215/3874/5968
f 3215/3874/5968 3217/3875/5968 3219/3864/5968
f 3219/3864/5968 3221/3876/5968 3223/3865/5968
f 3223/3865/5968 3225/3877/5968 3227/3866/5968
f 3227/3866/5968 3215/3874/5968 3219/3864/5968
o News_Mast
v -0.218702 0.952000 0.245517
v -0.218702 1.002000 0.245517
v -0.218353 0.952000 0.235523
v -0.218353 1.002000 0.235523
v 0.201043 0.952000 0.260175
v 0.201043 1.002000 0.260175
v 0.201391 0.952000 0.250181
v 0.201391 1.002000 0.250181
vn -0.9994 -0.0000 -0.0349
vn 0.0349 -0.0000 -0.9994
vn 0.9994 -0.0000 0.0349
vn -0.0349 -0.0000 0.9994
vn -0.0000 -1.0000 -0.0000
vn -0.0000 1.0000 -0.0000
vt 0.625000 0.000000
vt 0.375000 0.250000
vt 0.375000 0.000000
vt 0.625000 0.250000
vt 0.375000 0.500000
vt 0.625000 0.500000
vt 0.375000 0.750000
vt 0.625000 0.750000
vt 0.375000 1.000000
vt 0.125000 0.750000
vt 0.125000 0.500000
vt 0.875000 0.500000
vt 0.625000 1.000000
vt 0.875000 0.750000
s 0
usemtl HM_HeraldInk
f 3230/3878/5969 3231/3879/5969 3229/3880/5969
f 3232/3881/5970 3235/3882/5970 3231/3879/5970
f 3236/3883/5971 3233/3884/5971 3235/3882/5971
f 3234/3885/5972 3229/3886/5972 3233/3884/5972
f 3235/3882/5973 3229/3887/5973 3231/3888/5973
f 3232/3889/5974 3234/3885/5974 3236/3883/5974
f 3230/3878/5969 3232/3881/5969 3231/3879/5969
f 3232/3881/5970 3236/3883/5970 3235/3882/5970
f 3236/3883/5971 3234/3885/5971 3233/3884/5971
f 3234/3885/5972 3230/3890/5972 3229/3886/5972
f 3235/3882/5973 3233/3884/5973 3229/3887/5973
f 3232/3889/5974 3230/3891/5974 3234/3885/5974
o hm_prop_newsbox_v2_Shadow
v -0.384559 -0.007000 0.303014
v -0.384559 -0.003000 0.303014
v -0.362485 -0.007000 -0.329101
v -0.362485 -0.003000 -0.329101
v 0.362485 -0.007000 0.329101
v 0.362485 -0.003000 0.329101
v 0.384559 -0.007000 -0.303014
v 0.384559 -0.003000 -0.303014
vn -0.9994 -0.0000 -0.0349
vn 0.0349 -0.0000 -0.9994
vn 0.9994 -0.0000 0.0349
vn -0.0349 -0.0000 0.9994
vn -0.0000 -1.0000 -0.0000
vn -0.0000 1.0000 -0.0000
vt 0.625000 0.000000
vt 0.375000 0.250000
vt 0.375000 0.000000
vt 0.625000 0.250000
vt 0.375000 0.500000
vt 0.625000 0.500000
vt 0.375000 0.750000
vt 0.625000 0.750000
vt 0.375000 1.000000
vt 0.125000 0.750000
vt 0.125000 0.500000
vt 0.875000 0.500000
vt 0.625000 1.000000
vt 0.875000 0.750000
s 0
usemtl HM_ShadowCard
f 3238/3892/5975 3239/3893/5975 3237/3894/5975
f 3240/3895/5976 3243/3896/5976 3239/3893/5976
f 3244/3897/5977 3241/3898/5977 3243/3896/5977
f 3242/3899/5978 3237/3900/5978 3241/3898/5978
f 3243/3896/5979 3237/3901/5979 3239/3902/5979
f 3240/3903/5980 3242/3899/5980 3244/3897/5980
f 3238/3892/5975 3240/3895/5975 3239/3893/5975
f 3240/3895/5976 3244/3897/5976 3243/3896/5976
f 3244/3897/5977 3242/3899/5977 3241/3898/5977
f 3242/3899/5978 3238/3904/5978 3237/3900/5978
f 3243/3896/5979 3241/3898/5979 3237/3901/5979
f 3240/3903/5980 3238/3905/5980 3242/3899/5980
o hm_prop_newsbox_v2_Dirt
v -0.351119 -0.006000 0.276665
v -0.351119 0.000000 0.276665
v -0.330965 -0.006000 -0.300484
v -0.330965 0.000000 -0.300484
v 0.330965 -0.006000 0.300484
v 0.330965 0.000000 0.300484
v 0.351119 -0.006000 -0.276665
v 0.351119 0.000000 -0.276665
vn -0.9994 -0.0000 -0.0349
vn 0.0349 -0.0000 -0.9994
vn 0.9994 -0.0000 0.0349
vn -0.0349 -0.0000 0.9994
vn -0.0000 -1.0000 -0.0000
vn -0.0000 1.0000 -0.0000
vt 0.625000 0.000000
vt 0.375000 0.250000
vt 0.375000 0.000000
vt 0.625000 0.250000
vt 0.375000 0.500000
vt 0.625000 0.500000
vt 0.375000 0.750000
vt 0.625000 0.750000
vt 0.375000 1.000000
vt 0.125000 0.750000
vt 0.125000 0.500000
vt 0.875000 0.500000
vt 0.625000 1.000000
vt 0.875000 0.750000
s 0
usemtl HM_DirtHalo
f 3246/3906/5981 3247/3907/5981 3245/3908/5981
f 3248/3909/5982 3251/3910/5982 3247/3907/5982
f 3252/3911/5983 3249/3912/5983 3251/3910/5983
f 3250/3913/5984 3245/3914/5984 3249/3912/5984
f 3251/3910/5985 3245/3915/5985 3247/3916/5985
f 3248/3917/5986 3250/3913/5986 3252/3911/5986
f 3246/3906/5981 3248/3909/5981 3247/3907/5981
f 3248/3909/5982 3252/3911/5982 3251/3910/5982
f 3252/3911/5983 3250/3913/5983 3249/3912/5983
f 3250/3913/5984 3246/3918/5984 3245/3914/5984
f 3251/3910/5985 3249/3912/5985 3245/3915/5985
f 3248/3917/5986 3246/3919/5986 3250/3913/5986
o hm_prop_newsbox_v2_SaltRing
v -0.374527 -0.006000 0.295109
v -0.374527 -0.002000 0.295109
v -0.353029 -0.006000 -0.320516
v -0.353029 -0.002000 -0.320516
v 0.353029 -0.006000 0.320516
v 0.353029 -0.002000 0.320516
v 0.374527 -0.006000 -0.295109
v 0.374527 -0.002000 -0.295109
vn -0.9994 -0.0000 -0.0349
vn 0.0349 -0.0000 -0.9994
vn 0.9994 -0.0000 0.0349
vn -0.0349 -0.0000 0.9994
vn -0.0000 -1.0000 -0.0000
vn -0.0000 1.0000 -0.0000
vt 0.625000 0.000000
vt 0.375000 0.250000
vt 0.375000 0.000000
vt 0.625000 0.250000
vt 0.375000 0.500000
vt 0.625000 0.500000
vt 0.375000 0.750000
vt 0.625000 0.750000
vt 0.375000 1.000000
vt 0.125000 0.750000
vt 0.125000 0.500000
vt 0.875000 0.500000
vt 0.625000 1.000000
vt 0.875000 0.750000
s 0
usemtl HM_Salt
f 3254/3920/5987 3255/3921/5987 3253/3922/5987
f 3256/3923/5988 3259/3924/5988 3255/3921/5988
f 3260/3925/5989 3257/3926/5989 3259/3924/5989
f 3258/3927/5990 3253/3928/5990 3257/3926/5990
f 3259/3924/5991 3253/3929/5991 3255/3930/5991
f 3256/3931/5992 3258/3927/5992 3260/3925/5992
f 3254/3920/5987 3256/3923/5987 3255/3921/5987
f 3256/3923/5988 3260/3925/5988 3259/3924/5988
f 3260/3925/5989 3258/3927/5989 3257/3926/5989
f 3258/3927/5990 3254/3932/5990 3253/3928/5990
f 3259/3924/5991 3257/3926/5991 3253/3929/5991
f 3256/3931/5992 3254/3933/5992 3258/3927/5992
o hm_prop_newsbox_v2_Scuff_0
v 0.137331 -0.003500 0.257950
v 0.137331 -0.000500 0.257950
v 0.139635 -0.003500 0.191990
v 0.139635 -0.000500 0.191990
v 0.299732 -0.003500 0.263621
v 0.299732 -0.000500 0.263621
v 0.302036 -0.003500 0.197661
v 0.302036 -0.000500 0.197661
vn -0.9994 -0.0000 -0.0349
vn 0.0349 -0.0000 -0.9994
vn 0.9994 -0.0000 0.0349
vn -0.0349 -0.0000 0.9994
vn -0.0000 -1.0000 -0.0000
vn -0.0000 1.0000 -0.0000
vt 0.625000 0.000000
vt 0.375000 0.250000
vt 0.375000 0.000000
vt 0.625000 0.250000
vt 0.375000 0.500000
vt 0.625000 0.500000
vt 0.375000 0.750000
vt 0.625000 0.750000
vt 0.375000 1.000000
vt 0.125000 0.750000
vt 0.125000 0.500000
vt 0.875000 0.500000
vt 0.625000 1.000000
vt 0.875000 0.750000
s 0
usemtl HM_Scuff
f 3262/3934/5993 3263/3935/5993 3261/3936/5993
f 3264/3937/5994 3267/3938/5994 3263/3935/5994
f 3268/3939/5995 3265/3940/5995 3267/3938/5995
f 3266/3941/5996 3261/3942/5996 3265/3940/5996
f 3267/3938/5997 3261/3943/5997 3263/3944/5997
f 3264/3945/5998 3266/3941/5998 3268/3939/5998
f 3262/3934/5993 3264/3937/5993 3263/3935/5993
f 3264/3937/5994 3268/3939/5994 3267/3938/5994
f 3268/3939/5995 3266/3941/5995 3265/3940/5995
f 3266/3941/5996 3262/3946/5996 3261/3942/5996
f 3267/3938/5997 3265/3940/5997 3261/3943/5997
f 3264/3945/5998 3262/3947/5998 3266/3941/5998
o hm_prop_newsbox_v2_Scuff_1
v -0.254083 -0.003500 -0.173973
v -0.254083 -0.000500 -0.173973
v -0.252164 -0.003500 -0.228940
v -0.252164 -0.000500 -0.228940
v -0.124162 -0.003500 -0.169436
v -0.124162 -0.000500 -0.169436
v -0.122243 -0.003500 -0.224403
v -0.122243 -0.000500 -0.224403
vn -0.9994 -0.0000 -0.0349
vn 0.0349 -0.0000 -0.9994
vn 0.9994 -0.0000 0.0349
vn -0.0349 -0.0000 0.9994
vn -0.0000 -1.0000 -0.0000
vn -0.0000 1.0000 -0.0000
vt 0.625000 0.000000
vt 0.375000 0.250000
vt 0.375000 0.000000
vt 0.625000 0.250000
vt 0.375000 0.500000
vt 0.625000 0.500000
vt 0.375000 0.750000
vt 0.625000 0.750000
vt 0.375000 1.000000
vt 0.125000 0.750000
vt 0.125000 0.500000
vt 0.875000 0.500000
vt 0.625000 1.000000
vt 0.875000 0.750000
s 0
usemtl HM_Scuff
f 3270/3948/5999 3271/3949/5999 3269/3950/5999
f 3272/3951/6000 3275/3952/6000 3271/3949/6000
f 3276/3953/6001 3273/3954/6001 3275/3952/6001
f 3274/3955/6002 3269/3956/6002 3273/3954/6002
f 3275/3952/6003 3269/3957/6003 3271/3958/6003
f 3272/3959/6004 3274/3955/6004 3276/3953/6004
f 3270/3948/5999 3272/3951/5999 3271/3949/5999
f 3272/3951/6000 3276/3953/6000 3275/3952/6000
f 3276/3953/6001 3274/3955/6001 3273/3954/6001
f 3274/3955/6002 3270/3960/6002 3269/3956/6002
f 3275/3952/6003 3273/3954/6003 3269/3957/6003
f 3272/3959/6004 3270/3961/6004 3274/3955/6004
o hm_prop_newsbox_v2_Scuff_2
v -0.123662 -0.003500 0.281856
v -0.123662 -0.000500 0.281856
v -0.122126 -0.003500 0.237883
v -0.122126 -0.000500 0.237883
v 0.103699 -0.003500 0.289796
v 0.103699 -0.000500 0.289796
v 0.105235 -0.003500 0.245822
v 0.105235 -0.000500 0.245822
vn -0.9994 -0.0000 -0.0349
vn 0.0349 -0.0000 -0.9994
vn 0.9994 -0.0000 0.0349
vn -0.0349 -0.0000 0.9994
vn -0.0000 -1.0000 -0.0000
vn -0.0000 1.0000 -0.0000
vt 0.625000 0.000000
vt 0.375000 0.250000
vt 0.375000 0.000000
vt 0.625000 0.250000
vt 0.375000 0.500000
vt 0.625000 0.500000
vt 0.375000 0.750000
vt 0.625000 0.750000
vt 0.375000 1.000000
vt 0.125000 0.750000
vt 0.125000 0.500000
vt 0.875000 0.500000
vt 0.625000 1.000000
vt 0.875000 0.750000
s 0
usemtl HM_Scuff
f 3278/3962/6005 3279/3963/6005 3277/3964/6005
f 3280/3965/6006 3283/3966/6006 3279/3963/6006
f 3284/3967/6007 3281/3968/6007 3283/3966/6007
f 3282/3969/6008 3277/3970/6008 3281/3968/6008
f 3283/3966/6009 3277/3971/6009 3279/3972/6009
f 3280/3973/6010 3282/3969/6010 3284/3967/6010
f 3278/3962/6005 3280/3965/6005 3279/3963/6005
f 3280/3965/6006 3284/3967/6006 3283/3966/6006
f 3284/3967/6007 3282/3969/6007 3281/3968/6007
f 3282/3969/6008 3278/3974/6008 3277/3970/6008
f 3283/3966/6009 3281/3968/6009 3277/3971/6009
f 3280/3973/6010 3278/3975/6010 3282/3969/6010
