# Blender 4.2.8 LTS
# www.blender.org
mtllib hm_prop_utility_cabinet_v2.mtl
o Cab_Body
v -0.290593 -0.002069 0.152135
v -0.288509 0.202524 0.231701
v -0.445133 0.202524 0.156182
v -0.288478 0.000845 0.228785
v -0.439029 0.002061 0.231511
v -0.440213 0.202632 0.232758
v -0.442223 0.000845 0.155997
v -0.288509 0.991476 0.231701
v -0.290593 1.196069 0.152135
v -0.445133 0.991476 0.156182
v -0.288478 1.193155 0.228785
v -0.439029 1.191939 0.231511
v -0.442223 1.193155 0.155997
v -0.440213 0.991368 0.232758
v -0.298157 -0.002069 -0.136718
v -0.452697 0.202524 -0.132671
v -0.300240 0.202524 -0.216284
v -0.449781 0.000845 -0.132639
v -0.450544 0.002061 -0.208216
v -0.451791 0.202632 -0.209400
v -0.300056 0.000845 -0.213374
v -0.298157 1.196069 -0.136718
v -0.300240 0.991476 -0.216284
v -0.452697 0.991476 -0.132671
v -0.300056 1.193155 -0.213374
v -0.450544 1.191939 -0.208216
v -0.451791 0.991368 -0.209400
v -0.449781 1.193155 -0.132639
v 0.298157 -0.002069 0.136718
v 0.452697 0.202524 0.132671
v 0.300240 0.202524 0.216284
v 0.449781 0.000845 0.132639
v 0.450544 0.002061 0.208216
v 0.451791 0.202632 0.209400
v 0.300056 0.000845 0.213374
v 0.298157 1.196069 0.136718
v 0.300240 0.991476 0.216284
v 0.452697 0.991476 0.132671
v 0.300056 1.193155 0.213374
v 0.450544 1.191939 0.208216
v 0.451791 0.991368 0.209400
v 0.449781 1.193155 0.132639
v 0.290593 -0.002069 -0.152135
v 0.288509 0.202524 -0.231701
v 0.445133 0.202524 -0.156182
v 0.288478 0.000845 -0.228785
v 0.439029 0.002061 -0.231511
v 0.440213 0.202632 -0.232758
v 0.442223 0.000845 -0.155997
v 0.290593 1.196069 -0.152135
v 0.445133 0.991476 -0.156182
v 0.288509 0.991476 -0.231701
v 0.442223 1.193155 -0.155997
v 0.439029 1.191939 -0.231511
v 0.440213 0.991368 -0.232758
v 0.288478 1.193155 -0.228785
v -0.438641 -0.000217 0.155915
v -0.421224 -0.001041 0.155488
v -0.376398 -0.001650 0.154350
v -0.289449 -0.001650 0.194594
v -0.288823 -0.001041 0.217159
v -0.288553 -0.000217 0.226375
v -0.374181 0.001056 0.230818
v -0.418830 0.001354 0.231689
v -0.435960 0.001724 0.231767
v -0.439415 0.001724 0.229631
v -0.440019 0.001354 0.220721
v -0.440903 0.001056 0.198345
v -0.288462 0.005209 0.229847
v -0.288469 0.028101 0.230671
v -0.288488 0.087784 0.231281
v -0.374325 0.202556 0.233529
v -0.419165 0.202592 0.234093
v -0.436603 0.202620 0.233726
v -0.440007 0.087999 0.232541
v -0.439718 0.028498 0.232236
v -0.439357 0.005903 0.231856
v -0.441338 0.202620 0.230376
v -0.442402 0.202592 0.221181
v -0.443602 0.202556 0.198631
v -0.444715 0.087784 0.156138
v -0.444107 0.028100 0.156087
v -0.443284 0.005209 0.156037
v -0.436603 0.991380 0.233726
v -0.419165 0.991408 0.234093
v -0.374325 0.991444 0.233529
v -0.288488 1.106216 0.231281
v -0.288469 1.165900 0.230671
v -0.288462 1.188791 0.229847
v -0.374181 1.192944 0.230818
v -0.418830 1.192646 0.231689
v -0.435960 1.192276 0.231767
v -0.439357 1.188097 0.231856
v -0.439718 1.165502 0.232236
v -0.440007 1.106001 0.232541
v -0.288553 1.194217 0.226375
v -0.288823 1.195041 0.217159
v -0.289449 1.195650 0.194594
v -0.376398 1.195650 0.154350
v -0.421224 1.195041 0.155488
v -0.438641 1.194217 0.155915
v -0.440903 1.192944 0.198345
v -0.440019 1.192646 0.220721
v -0.439415 1.192276 0.229631
v -0.443284 1.188791 0.156037
v -0.444107 1.165900 0.156087
v -0.444715 1.106216 0.156138
v -0.443602 0.991444 0.198631
v -0.442402 0.991408 0.221181
v -0.441338 0.991379 0.230376
v -0.300005 -0.000217 -0.210963
v -0.299792 -0.001041 -0.201746
v -0.299237 -0.001650 -0.179179
v -0.383961 -0.001650 -0.134439
v -0.428784 -0.001041 -0.133230
v -0.446200 -0.000217 -0.132745
v -0.450679 0.001056 -0.174998
v -0.450968 0.001354 -0.197389
v -0.450831 0.001724 -0.206319
v -0.447492 0.001724 -0.208633
v -0.430382 0.001354 -0.209452
v -0.385748 0.001056 -0.210918
v -0.450843 0.005209 -0.132623
v -0.451667 0.028101 -0.132630
v -0.452277 0.087784 -0.132650
v -0.453390 0.202556 -0.175142
v -0.453372 0.202592 -0.197724
v -0.452790 0.202620 -0.206962
v -0.451574 0.087999 -0.209194
v -0.451269 0.028498 -0.208905
v -0.450889 0.005903 -0.208544
v -0.448237 0.202620 -0.210556
v -0.430842 0.202592 -0.211835
v -0.386034 0.202556 -0.213618
v -0.300197 0.087784 -0.215866
v -0.300146 0.028100 -0.215257
v -0.300096 0.005209 -0.214435
v -0.446200 1.194217 -0.132745
v -0.428784 1.195041 -0.133230
v -0.383961 1.195650 -0.134439
v -0.299237 1.195650 -0.179179
v -0.299792 1.195041 -0.201746
v -0.300005 1.194217 -0.210963
v -0.385748 1.192944 -0.210918
v -0.430382 1.192646 -0.209452
v -0.447493 1.192276 -0.208633
v -0.450831 1.192276 -0.206319
v -0.450968 1.192646 -0.197389
v -0.450679 1.192944 -0.174998
v -0.300096 1.188791 -0.214435
v -0.300146 1.165900 -0.215257
v -0.300197 1.106216 -0.215866
v -0.386034 0.991444 -0.213618
v -0.430842 0.991408 -0.211835
v -0.448237 0.991379 -0.210556
v -0.451574 1.106001 -0.209194
v -0.451269 1.165502 -0.208905
v -0.450889 1.188097 -0.208544
v -0.452790 0.991380 -0.206962
v -0.453372 0.991408 -0.197724
v -0.453390 0.991444 -0.175142
v -0.452277 1.106216 -0.132650
v -0.451667 1.165900 -0.132630
v -0.450843 1.188791 -0.132623
v 0.300005 -0.000217 0.210963
v 0.299792 -0.001041 0.201746
v 0.299237 -0.001650 0.179179
v 0.383961 -0.001650 0.134439
v 0.428784 -0.001041 0.133230
v 0.446200 -0.000217 0.132745
v 0.450679 0.001056 0.174998
v 0.450968 0.001354 0.197389
v 0.450831 0.001724 0.206319
v 0.447492 0.001724 0.208633
v 0.430382 0.001354 0.209452
v 0.385748 0.001056 0.210918
v 0.450843 0.005209 0.132623
v 0.451667 0.028100 0.132630
v 0.452277 0.087784 0.132650
v 0.453390 0.202556 0.175142
v 0.453372 0.202592 0.197724
v 0.452790 0.202620 0.206962
v 0.451574 0.087999 0.209194
v 0.451269 0.028498 0.208905
v 0.450889 0.005903 0.208544
v 0.448237 0.202620 0.210556
v 0.430842 0.202592 0.211835
v 0.386034 0.202556 0.213618
v 0.300197 0.087784 0.215866
v 0.300146 0.028100 0.215257
v 0.300096 0.005209 0.214435
v 0.446200 1.194217 0.132745
v 0.428784 1.195041 0.133230
v 0.383961 1.195650 0.134439
v 0.299237 1.195650 0.179179
v 0.299792 1.195041 0.201746
v 0.300005 1.194217 0.210963
v 0.385748 1.192944 0.210918
v 0.430382 1.192646 0.209452
v 0.447493 1.192276 0.208633
v 0.450831 1.192276 0.206319
v 0.450968 1.192646 0.197389
v 0.450679 1.192944 0.174998
v 0.300096 1.188791 0.214435
v 0.300146 1.165900 0.215257
v 0.300197 1.106216 0.215866
v 0.386034 0.991444 0.213618
v 0.430842 0.991408 0.211835
v 0.448237 0.991380 0.210556
v 0.451574 1.106001 0.209194
v 0.451269 1.165502 0.208905
v 0.450889 1.188097 0.208544
v 0.452790 0.991380 0.206962
v 0.453372 0.991408 0.197724
v 0.453390 0.991444 0.175142
v 0.452277 1.106216 0.132650
v 0.451667 1.165900 0.132630
v 0.450843 1.188791 0.132623
v 0.438641 -0.000217 -0.155915
v 0.421224 -0.001041 -0.155488
v 0.376398 -0.001650 -0.154350
v 0.289449 -0.001650 -0.194594
v 0.288823 -0.001041 -0.217159
v 0.288553 -0.000217 -0.226375
v 0.374181 0.001056 -0.230818
v 0.418830 0.001354 -0.231689
v 0.435960 0.001724 -0.231767
v 0.439415 0.001724 -0.229631
v 0.440019 0.001354 -0.220721
v 0.440903 0.001056 -0.198345
v 0.288462 0.005209 -0.229847
v 0.288469 0.028101 -0.230671
v 0.288488 0.087784 -0.231281
v 0.374325 0.202556 -0.233529
v 0.419165 0.202592 -0.234093
v 0.436604 0.202620 -0.233726
v 0.440007 0.087999 -0.232541
v 0.439718 0.028498 -0.232236
v 0.439357 0.005903 -0.231856
v 0.441338 0.202620 -0.230376
v 0.442402 0.202592 -0.221181
v 0.443602 0.202556 -0.198631
v 0.444715 0.087784 -0.156138
v 0.444107 0.028100 -0.156087
v 0.443284 0.005209 -0.156037
v 0.288553 1.194217 -0.226375
v 0.288823 1.195041 -0.217159
v 0.289449 1.195650 -0.194594
v 0.376398 1.195650 -0.154350
v 0.421224 1.195041 -0.155488
v 0.438641 1.194217 -0.155915
v 0.440903 1.192944 -0.198345
v 0.440019 1.192646 -0.220721
v 0.439415 1.192276 -0.229631
v 0.435960 1.192276 -0.231767
v 0.418830 1.192646 -0.231689
v 0.374181 1.192944 -0.230818
v 0.443284 1.188791 -0.156037
v 0.444107 1.165900 -0.156087
v 0.444715 1.106216 -0.156138
v 0.443602 0.991444 -0.198631
v 0.442402 0.991408 -0.221181
v 0.441338 0.991380 -0.230376
v 0.440007 1.106001 -0.232541
v 0.439718 1.165502 -0.232236
v 0.439357 1.188097 -0.231856
v 0.436604 0.991380 -0.233726
v 0.419165 0.991408 -0.234093
v 0.374325 0.991444 -0.233529
v 0.288488 1.106216 -0.231281
v 0.288469 1.165900 -0.230671
v 0.288462 1.188791 -0.229847
v -0.296459 -0.002318 -0.071114
v -0.294402 -0.002401 0.007709
v -0.292331 -0.002318 0.086532
v -0.444066 0.000718 0.090461
v -0.446171 0.000676 0.011683
v -0.448192 0.000718 -0.067096
v -0.447100 0.202504 0.090584
v -0.449247 0.202497 0.011764
v -0.451228 0.202504 -0.067061
v -0.288523 0.381432 0.231950
v -0.288528 0.597000 0.232033
v -0.288523 0.812568 0.231950
v -0.440337 0.812524 0.232889
v -0.440378 0.597000 0.232932
v -0.440337 0.381476 0.232889
v -0.445382 0.812568 0.156208
v -0.445465 0.597000 0.156217
v -0.445382 0.381432 0.156208
v -0.292331 1.196318 0.086532
v -0.294402 1.196401 0.007709
v -0.296459 1.196318 -0.071113
v -0.448192 1.193282 -0.067096
v -0.446171 1.193324 0.011683
v -0.444066 1.193282 0.090461
v -0.451228 0.991496 -0.067061
v -0.449247 0.991503 0.011764
v -0.447100 0.991496 0.090584
v -0.300267 0.812568 -0.216532
v -0.300276 0.597000 -0.216615
v -0.300267 0.381432 -0.216532
v -0.451922 0.381476 -0.209524
v -0.451965 0.597000 -0.209565
v -0.451922 0.812524 -0.209524
v -0.452947 0.381432 -0.132685
v -0.453030 0.597000 -0.132689
v -0.452947 0.812568 -0.132685
v 0.157043 -0.002318 -0.148658
v -0.003783 -0.002401 -0.144453
v -0.164608 -0.002318 -0.140235
v -0.166574 0.000718 -0.216996
v -0.005794 0.000676 -0.221249
v 0.154989 0.000718 -0.225416
v -0.166698 0.202504 -0.220030
v -0.005874 0.202497 -0.224324
v 0.154954 0.202504 -0.228453
v -0.164608 1.196318 -0.140235
v -0.003783 1.196401 -0.144453
v 0.157043 1.196318 -0.148658
v 0.154989 1.193282 -0.225416
v -0.005794 1.193324 -0.221249
v -0.166574 1.193282 -0.216996
v 0.154954 0.991496 -0.228453
v -0.005874 0.991503 -0.224324
v -0.166698 0.991496 -0.220030
v 0.445382 0.812568 -0.156208
v 0.445465 0.597000 -0.156217
v 0.445382 0.381432 -0.156208
v 0.440337 0.381476 -0.232889
v 0.440378 0.597000 -0.232932
v 0.440337 0.812524 -0.232889
v 0.288523 0.381432 -0.231950
v 0.288528 0.597000 -0.232033
v 0.288523 0.812568 -0.231950
v 0.296459 -0.002318 0.071114
v 0.294402 -0.002401 -0.007709
v 0.292331 -0.002318 -0.086532
v 0.444066 0.000718 -0.090461
v 0.446171 0.000676 -0.011683
v 0.448192 0.000718 0.067096
v 0.447100 0.202504 -0.090584
v 0.449247 0.202497 -0.011764
v 0.451228 0.202504 0.067061
v 0.292331 1.196318 -0.086532
v 0.294402 1.196401 -0.007709
v 0.296459 1.196318 0.071114
v 0.448192 1.193282 0.067096
v 0.446171 1.193324 -0.011683
v 0.444066 1.193282 -0.090461
v 0.451228 0.991496 0.067061
v 0.449247 0.991503 -0.011764
v 0.447100 0.991496 -0.090584
v 0.300267 0.812568 0.216532
v 0.300276 0.597000 0.216615
v 0.300267 0.381432 0.216532
v 0.451922 0.381476 0.209524
v 0.451965 0.597000 0.209565
v 0.451922 0.812524 0.209524
v 0.452947 0.381432 0.132685
v 0.453030 0.597000 0.132689
v 0.452947 0.812568 0.132685
v -0.157043 -0.002318 0.148658
v 0.003783 -0.002401 0.144453
v 0.164608 -0.002318 0.140235
v 0.166574 0.000718 0.216996
v 0.005794 0.000676 0.221249
v -0.154989 0.000718 0.225416
v 0.166698 0.202504 0.220030
v 0.005874 0.202497 0.224324
v -0.154954 0.202504 0.228453
v 0.164608 1.196318 0.140235
v 0.003783 1.196401 0.144453
v -0.157043 1.196318 0.148658
v -0.154989 1.193282 0.225416
v 0.005794 1.193324 0.221249
v 0.166574 1.193282 0.216996
v -0.154954 0.991496 0.228453
v 0.005874 0.991503 0.224324
v 0.166698 0.991496 0.220030
v 0.166713 0.381423 0.220293
v 0.166718 0.597000 0.220381
v 0.166713 0.812577 0.220293
v 0.005881 0.381421 0.224592
v 0.005884 0.597000 0.224682
v 0.005881 0.812579 0.224592
v -0.154955 0.381423 0.228716
v -0.154955 0.597000 0.228804
v -0.154955 0.812577 0.228716
v 0.447363 0.381423 -0.090599
v 0.447451 0.597000 -0.090604
v 0.447363 0.812577 -0.090599
v 0.449515 0.381421 -0.011771
v 0.449605 0.597000 -0.011773
v 0.449515 0.812579 -0.011771
v 0.451492 0.381423 0.067062
v 0.451580 0.597000 0.067063
v 0.451492 0.812577 0.067062
v 0.158770 1.196582 -0.083042
v -0.002064 1.196669 -0.078833
v -0.162898 1.196582 -0.074619
v 0.160837 1.196669 -0.004212
v 0.000000 1.196759 -0.000000
v -0.160837 1.196669 0.004212
v 0.162898 1.196582 0.074619
v 0.002064 1.196669 0.078834
v -0.158770 1.196582 0.083042
v -0.447363 0.381423 0.090599
v -0.447451 0.597000 0.090604
v -0.447363 0.812577 0.090599
v -0.449515 0.381421 0.011771
v -0.449605 0.597000 0.011773
v -0.449515 0.812579 0.011771
v -0.451492 0.381423 -0.067062
v -0.451580 0.597000 -0.067063
v -0.451492 0.812577 -0.067062
v -0.166713 0.381423 -0.220293
v -0.166718 0.597000 -0.220381
v -0.166713 0.812577 -0.220293
v -0.005881 0.381421 -0.224592
v -0.005884 0.597000 -0.224682
v -0.005881 0.812579 -0.224592
v 0.154955 0.381423 -0.228716
v 0.154955 0.597000 -0.228804
v 0.154955 0.812577 -0.228716
v -0.375225 -0.001269 0.196778
v -0.374566 -0.000710 0.219301
v -0.374267 0.000055 0.228465
v -0.420010 -0.000710 0.197881
v -0.419298 -0.000223 0.220348
v -0.418943 0.000452 0.229432
v -0.437378 0.000055 0.198277
v -0.436588 0.000452 0.220684
v -0.436133 0.000993 0.229662
v -0.374273 0.087846 0.233146
v -0.419071 0.087916 0.233760
v -0.436457 0.087974 0.233450
v -0.374218 0.028204 0.232586
v -0.418959 0.028328 0.233269
v -0.436264 0.028445 0.233048
v -0.374179 0.005363 0.231819
v -0.418860 0.005566 0.232592
v -0.436058 0.005786 0.232502
v -0.443223 0.087846 0.198559
v -0.442666 0.028204 0.198474
v -0.441903 0.005363 0.198395
v -0.442075 0.087916 0.221069
v -0.441590 0.028328 0.220932
v -0.440919 0.005566 0.220797
v -0.441070 0.087974 0.230215
v -0.440678 0.028445 0.230002
v -0.440143 0.005786 0.229767
v -0.374273 1.106154 0.233146
v -0.374218 1.165796 0.232586
v -0.374179 1.188637 0.231819
v -0.419071 1.106084 0.233760
v -0.418959 1.165672 0.233269
v -0.418860 1.188434 0.232592
v -0.436457 1.106026 0.233450
v -0.436264 1.165555 0.233048
v -0.436058 1.188214 0.232502
v -0.375225 1.195269 0.196778
v -0.420010 1.194710 0.197881
v -0.437378 1.193945 0.198277
v -0.374566 1.194710 0.219301
v -0.419298 1.194223 0.220348
v -0.436588 1.193548 0.220684
v -0.374267 1.193945 0.228465
v -0.418943 1.193548 0.229432
v -0.436133 1.193007 0.229662
v -0.443223 1.106154 0.198559
v -0.442075 1.106084 0.221069
v -0.441070 1.106025 0.230215
v -0.442666 1.165796 0.198474
v -0.441590 1.165672 0.220932
v -0.440678 1.165555 0.230002
v -0.441903 1.188637 0.198395
v -0.440919 1.188434 0.220797
v -0.440143 1.188214 0.229767
v -0.385010 -0.001269 -0.176871
v -0.429791 -0.000710 -0.175628
v -0.447155 0.000055 -0.175115
v -0.385530 -0.000710 -0.199398
v -0.430255 -0.000223 -0.198102
v -0.447539 0.000452 -0.197532
v -0.385711 0.000055 -0.208565
v -0.430376 0.000452 -0.207192
v -0.447555 0.000993 -0.206522
v -0.453008 0.087846 -0.175090
v -0.453039 0.087916 -0.197630
v -0.452514 0.087974 -0.206815
v -0.452447 0.028204 -0.175035
v -0.452548 0.028328 -0.197518
v -0.452112 0.028445 -0.206623
v -0.451680 0.005363 -0.174996
v -0.451871 0.005566 -0.197419
v -0.451565 0.005786 -0.206417
v -0.385962 0.087846 -0.213239
v -0.385877 0.028204 -0.212682
v -0.385799 0.005363 -0.211918
v -0.430731 0.087916 -0.211507
v -0.430593 0.028328 -0.211023
v -0.430459 0.005566 -0.210352
v -0.448076 0.087974 -0.210288
v -0.447863 0.028445 -0.209896
v -0.447629 0.005786 -0.209361
v -0.385010 1.195269 -0.176871
v -0.385530 1.194710 -0.199398
v -0.385711 1.193945 -0.208565
v -0.429791 1.194710 -0.175628
v -0.430255 1.194223 -0.198102
v -0.430376 1.193548 -0.207192
v -0.447155 1.193945 -0.175115
v -0.447540 1.193548 -0.197532
v -0.447555 1.193007 -0.206522
v -0.385962 1.106154 -0.213239
v -0.430731 1.106084 -0.211507
v -0.448076 1.106025 -0.210288
v -0.385877 1.165796 -0.212682
v -0.430593 1.165672 -0.211023
v -0.447863 1.165555 -0.209896
v -0.385799 1.188637 -0.211918
v -0.430459 1.188434 -0.210352
v -0.447629 1.188214 -0.209361
v -0.453008 1.106154 -0.175090
v -0.452447 1.165796 -0.175035
v -0.451680 1.188637 -0.174996
v -0.453039 1.106084 -0.197630
v -0.452548 1.165672 -0.197518
v -0.451871 1.188434 -0.197419
v -0.452514 1.106026 -0.206815
v -0.452112 1.165555 -0.206623
v -0.451565 1.188214 -0.206417
v 0.385010 -0.001269 0.176871
v 0.429791 -0.000710 0.175628
v 0.447155 0.000055 0.175115
v 0.385530 -0.000710 0.199398
v 0.430255 -0.000223 0.198102
v 0.447539 0.000452 0.197532
v 0.385711 0.000055 0.208565
v 0.430376 0.000452 0.207192
v 0.447555 0.000993 0.206522
v 0.453008 0.087846 0.175090
v 0.453039 0.087916 0.197630
v 0.452514 0.087974 0.206815
v 0.452447 0.028204 0.175035
v 0.452548 0.028328 0.197518
v 0.452112 0.028445 0.206623
v 0.451680 0.005363 0.174996
v 0.451871 0.005566 0.197419
v 0.451565 0.005786 0.206417
v 0.385962 0.087846 0.213239
v 0.385877 0.028204 0.212682
v 0.385799 0.005363 0.211918
v 0.430731 0.087916 0.211507
v 0.430593 0.028328 0.211023
v 0.430459 0.005566 0.210352
v 0.448076 0.087974 0.210288
v 0.447863 0.028445 0.209896
v 0.447629 0.005786 0.209361
v 0.385010 1.195269 0.176871
v 0.385530 1.194710 0.199398
v 0.385711 1.193945 0.208565
v 0.429791 1.194710 0.175628
v 0.430255 1.194223 0.198102
v 0.430376 1.193548 0.207192
v 0.447155 1.193945 0.175115
v 0.447540 1.193548 0.197532
v 0.447555 1.193007 0.206522
v 0.385962 1.106154 0.213239
v 0.430731 1.106084 0.211507
v 0.448076 1.106025 0.210288
v 0.385877 1.165796 0.212682
v 0.430593 1.165672 0.211023
v 0.447863 1.165555 0.209896
v 0.385799 1.188637 0.211918
v 0.430459 1.188434 0.210352
v 0.447629 1.188214 0.209361
v 0.453008 1.106154 0.175090
v 0.452447 1.165796 0.175035
v 0.451680 1.188637 0.174996
v 0.453039 1.106084 0.197630
v 0.452548 1.165672 0.197518
v 0.451871 1.188434 0.197419
v 0.452514 1.106025 0.206815
v 0.452112 1.165555 0.206623
v 0.451565 1.188214 0.206417
v 0.375225 -0.001269 -0.196778
v 0.374566 -0.000710 -0.219301
v 0.374267 0.000055 -0.228465
v 0.420010 -0.000710 -0.197881
v 0.419298 -0.000223 -0.220348
v 0.418943 0.000452 -0.229432
v 0.437378 0.000055 -0.198277
v 0.436588 0.000452 -0.220684
v 0.436133 0.000993 -0.229662
v 0.374273 0.087846 -0.233146
v 0.419071 0.087916 -0.233760
v 0.436457 0.087974 -0.233450
v 0.374218 0.028204 -0.232586
v 0.418959 0.028328 -0.233269
v 0.436264 0.028445 -0.233048
v 0.374179 0.005363 -0.231819
v 0.418860 0.005566 -0.232592
v 0.436058 0.005786 -0.232502
v 0.443223 0.087846 -0.198559
v 0.442666 0.028204 -0.198474
v 0.441903 0.005363 -0.198395
v 0.442075 0.087916 -0.221069
v 0.441590 0.028328 -0.220932
v 0.440919 0.005566 -0.220797
v 0.441070 0.087974 -0.230215
v 0.440678 0.028445 -0.230002
v 0.440143 0.005786 -0.229767
v 0.375225 1.195269 -0.196778
v 0.420010 1.194710 -0.197881
v 0.437378 1.193945 -0.198277
v 0.374566 1.194710 -0.219301
v 0.419298 1.194223 -0.220348
v 0.436588 1.193548 -0.220684
v 0.374267 1.193945 -0.228465
v 0.418943 1.193548 -0.229432
v 0.436133 1.193007 -0.229662
v 0.443223 1.106154 -0.198559
v 0.442075 1.106084 -0.221069
v 0.441070 1.106025 -0.230215
v 0.442666 1.165797 -0.198474
v 0.441590 1.165672 -0.220932
v 0.440678 1.165555 -0.230002
v 0.441903 1.188637 -0.198395
v 0.440919 1.188434 -0.220797
v 0.440143 1.188214 -0.229767
v 0.374273 1.106154 -0.233146
v 0.374218 1.165796 -0.232586
v 0.374179 1.188637 -0.231819
v 0.419071 1.106084 -0.233760
v 0.418959 1.165672 -0.233269
v 0.418860 1.188434 -0.232592
v 0.436457 1.106025 -0.233450
v 0.436264 1.165555 -0.233048
v 0.436058 1.188214 -0.232502
v -0.382282 -0.001876 -0.068853
v -0.380231 -0.001951 0.009957
v -0.378155 -0.001876 0.088766
v -0.427131 -0.001236 -0.067664
v -0.425089 -0.001301 0.011131
v -0.423004 -0.001236 0.089926
v -0.444577 -0.000379 -0.067196
v -0.442546 -0.000433 0.011588
v -0.440451 -0.000379 0.090371
v -0.449288 0.005115 -0.067072
v -0.447279 0.005084 0.011712
v -0.445162 0.005115 0.090494
v -0.450146 0.028036 -0.067062
v -0.448148 0.028015 0.011735
v -0.446019 0.028036 0.090529
v -0.450785 0.087745 -0.067059
v -0.448797 0.087732 0.011752
v -0.446658 0.087745 0.090560
v -0.374358 0.381445 0.233755
v -0.374369 0.597000 0.233831
v -0.374358 0.812555 0.233755
v -0.419224 0.381459 0.234290
v -0.419244 0.597000 0.234356
v -0.419224 0.812541 0.234290
v -0.436693 0.381471 0.233890
v -0.436723 0.597000 0.233945
v -0.436693 0.812529 0.233890
v -0.441497 0.381471 0.230474
v -0.441550 0.597000 0.230506
v -0.441497 0.812529 0.230474
v -0.442596 0.381459 0.221250
v -0.442661 0.597000 0.221273
v -0.442596 0.812541 0.221250
v -0.443827 0.381445 0.198676
v -0.443902 0.597000 0.198691
v -0.443827 0.812555 0.198676
v -0.378155 1.195876 0.088766
v -0.380231 1.195951 0.009957
v -0.382282 1.195876 -0.068853
v -0.423004 1.195236 0.089926
v -0.425089 1.195302 0.011131
v -0.427131 1.195236 -0.067664
v -0.440451 1.194379 0.090371
v -0.442546 1.194433 0.011588
v -0.444577 1.194379 -0.067196
v -0.445162 1.188885 0.090494
v -0.447279 1.188916 0.011712
v -0.449288 1.188885 -0.067072
v -0.446019 1.165964 0.090529
v -0.448148 1.165985 0.011735
v -0.450146 1.165964 -0.067062
v -0.446658 1.106255 0.090560
v -0.448797 1.106268 0.011752
v -0.450785 1.106255 -0.067059
v -0.386079 0.812555 -0.213842
v -0.386094 0.597000 -0.213917
v -0.386079 0.381445 -0.213842
v -0.430911 0.812541 -0.212029
v -0.430934 0.597000 -0.212093
v -0.430911 0.381459 -0.212029
v -0.448335 0.812529 -0.210715
v -0.448368 0.597000 -0.210768
v -0.448335 0.381471 -0.210715
v -0.452954 0.812529 -0.207052
v -0.453009 0.597000 -0.207082
v -0.452954 0.381471 -0.207052
v -0.453569 0.812541 -0.197783
v -0.453635 0.597000 -0.197803
v -0.453569 0.381459 -0.197783
v -0.453617 0.812555 -0.175175
v -0.453692 0.597000 -0.175186
v -0.453617 0.381445 -0.175175
v 0.155918 -0.001876 -0.191136
v -0.004895 -0.001951 -0.186938
v -0.165707 -0.001876 -0.182714
v 0.155312 -0.001236 -0.213727
v -0.005487 -0.001301 -0.209538
v -0.166285 -0.001236 -0.205306
v 0.155058 -0.000379 -0.222973
v -0.005729 -0.000433 -0.218794
v -0.166515 -0.000379 -0.214552
v 0.154965 0.005115 -0.226513
v -0.005823 0.005084 -0.222356
v -0.166608 0.005115 -0.218092
v 0.154955 0.028036 -0.227370
v -0.005845 0.028015 -0.223225
v -0.166642 0.028036 -0.218949
v 0.154952 0.087745 -0.228010
v -0.005862 0.087732 -0.223874
v -0.166673 0.087745 -0.219588
v -0.165707 1.195876 -0.182714
v -0.004895 1.195951 -0.186938
v 0.155918 1.195876 -0.191136
v -0.166285 1.195236 -0.205306
v -0.005487 1.195302 -0.209538
v 0.155312 1.195236 -0.213727
v -0.166515 1.194379 -0.214552
v -0.005729 1.194433 -0.218794
v 0.155058 1.194379 -0.222973
v -0.166608 1.188885 -0.218092
v -0.005823 1.188916 -0.222356
v 0.154965 1.188885 -0.226513
v -0.166642 1.165964 -0.218949
v -0.005845 1.165985 -0.223225
v 0.154955 1.165964 -0.227370
v -0.166673 1.106255 -0.219588
v -0.005862 1.106268 -0.223874
v 0.154952 1.106255 -0.228010
v 0.443827 0.812555 -0.198676
v 0.443902 0.597000 -0.198691
v 0.443827 0.381445 -0.198676
v 0.442596 0.812541 -0.221250
v 0.442661 0.597000 -0.221273
v 0.442596 0.381459 -0.221250
v 0.441497 0.812529 -0.230474
v 0.441550 0.597000 -0.230506
v 0.441497 0.381471 -0.230474
v 0.436693 0.812529 -0.233890
v 0.436723 0.597000 -0.233945
v 0.436693 0.381471 -0.233890
v 0.419224 0.812541 -0.234290
v 0.419244 0.597000 -0.234356
v 0.419224 0.381459 -0.234290
v 0.374358 0.812555 -0.233755
v 0.374369 0.597000 -0.233831
v 0.374358 0.381445 -0.233755
v 0.382282 -0.001876 0.068853
v 0.380232 -0.001951 -0.009957
v 0.378155 -0.001876 -0.088766
v 0.427131 -0.001236 0.067664
v 0.425089 -0.001301 -0.011131
v 0.423004 -0.001236 -0.089926
v 0.444577 -0.000379 0.067196
v 0.442545 -0.000433 -0.011588
v 0.440451 -0.000379 -0.090371
v 0.449288 0.005115 0.067072
v 0.447279 0.005084 -0.011712
v 0.445162 0.005115 -0.090494
v 0.450146 0.028036 0.067062
v 0.448148 0.028015 -0.011735
v 0.446019 0.028036 -0.090529
v 0.450785 0.087745 0.067059
v 0.448797 0.087732 -0.011752
v 0.446658 0.087745 -0.090560
v 0.378155 1.195876 -0.088766
v 0.380232 1.195951 -0.009957
v 0.382282 1.195876 0.068853
v 0.423004 1.195236 -0.089926
v 0.425089 1.195301 -0.011131
v 0.427131 1.195236 0.067664
v 0.440451 1.194379 -0.090371
v 0.442545 1.194432 -0.011588
v 0.444577 1.194379 0.067196
v 0.445162 1.188885 -0.090494
v 0.447279 1.188916 -0.011712
v 0.449288 1.188885 0.067072
v 0.446019 1.165964 -0.090529
v 0.448148 1.165985 -0.011735
v 0.450146 1.165964 0.067062
v 0.446658 1.106255 -0.090560
v 0.448797 1.106268 -0.011752
v 0.450785 1.106255 0.067059
v 0.386079 0.812555 0.213842
v 0.386094 0.597000 0.213917
v 0.386079 0.381445 0.213842
v 0.430911 0.812541 0.212029
v 0.430934 0.597000 0.212093
v 0.430911 0.381459 0.212029
v 0.448335 0.812529 0.210715
v 0.448368 0.597000 0.210768
v 0.448335 0.381471 0.210715
v 0.452954 0.812529 0.207052
v 0.453009 0.597000 0.207082
v 0.452954 0.381471 0.207052
v 0.453569 0.812541 0.197783
v 0.453635 0.597000 0.197803
v 0.453569 0.381459 0.197783
v 0.453617 0.812555 0.175175
v 0.453692 0.597000 0.175186
v 0.453617 0.381445 0.175175
v -0.155918 -0.001876 0.191136
v 0.004895 -0.001951 0.186938
v 0.165707 -0.001876 0.182714
v -0.155312 -0.001236 0.213727
v 0.005487 -0.001301 0.209538
v 0.166285 -0.001236 0.205306
v -0.155058 -0.000379 0.222973
v 0.005729 -0.000433 0.218794
v 0.166515 -0.000379 0.214552
v -0.154965 0.005115 0.226513
v 0.005823 0.005084 0.222356
v 0.166608 0.005115 0.218092
v -0.154955 0.028036 0.227370
v 0.005845 0.028015 0.223225
v 0.166642 0.028036 0.218949
v -0.154952 0.087745 0.228010
v 0.005862 0.087732 0.223874
v 0.166673 0.087745 0.219588
v 0.165707 1.195876 0.182714
v 0.004895 1.195951 0.186938
v -0.155918 1.195876 0.191136
v 0.166285 1.195236 0.205306
v 0.005487 1.195302 0.209538
v -0.155312 1.195236 0.213727
v 0.166515 1.194379 0.214552
v 0.005729 1.194433 0.218794
v -0.155058 1.194379 0.222973
v 0.166608 1.188885 0.218092
v 0.005823 1.188916 0.222356
v -0.154965 1.188885 0.226513
v 0.166642 1.165964 0.218949
v 0.005845 1.165985 0.223225
v -0.154955 1.165964 0.227370
v 0.166673 1.106255 0.219588
v 0.005862 1.106268 0.223874
v -0.154952 1.106255 0.228010
v -0.162898 -0.002582 -0.074619
v -0.002064 -0.002669 -0.078833
v 0.158770 -0.002582 -0.083042
v -0.160837 -0.002669 0.004212
v -0.000000 -0.002759 -0.000000
v 0.160837 -0.002669 -0.004212
v -0.158770 -0.002582 0.083042
v 0.002064 -0.002669 0.078834
v 0.162898 -0.002582 0.074619
vn 0.0267 -0.0004 0.9996
vn 0.0267 0.0004 0.9996
vn 0.0256 -0.0004 0.9997
vn 0.0256 0.0004 0.9997
vn 0.0280 -0.0015 0.9996
vn 0.0281 -0.0004 0.9996
vn 0.0282 0.0004 0.9996
vn 0.0281 0.0014 0.9996
vn 0.0267 0.0015 0.9996
vn 0.0256 0.0015 0.9997
vn 0.0242 0.0014 0.9997
vn 0.0242 0.0004 0.9997
vn 0.0242 -0.0004 0.9997
vn 0.0243 -0.0015 0.9997
vn 0.0257 -0.0015 0.9997
vn 0.0267 -0.0015 0.9996
vn 0.9996 -0.0004 -0.0273
vn 0.9996 0.0004 -0.0273
vn 0.9997 -0.0004 -0.0251
vn 0.9997 0.0004 -0.0250
vn 0.9995 -0.0015 -0.0300
vn 0.9995 -0.0004 -0.0302
vn 0.9995 0.0004 -0.0303
vn 0.9995 0.0014 -0.0302
vn 0.9996 0.0015 -0.0273
vn 0.9997 0.0015 -0.0251
vn 0.9998 0.0014 -0.0222
vn 0.9998 0.0004 -0.0221
vn 0.9998 -0.0004 -0.0222
vn 0.9997 -0.0015 -0.0224
vn 0.9997 -0.0015 -0.0251
vn 0.9996 -0.0015 -0.0272
vn 0.0005 1.0000 -0.0011
vn -0.0006 1.0000 -0.0011
vn 0.0006 1.0000 0.0011
vn -0.0005 1.0000 0.0011
vn 0.0019 1.0000 -0.0038
vn 0.0004 1.0000 -0.0040
vn -0.0006 1.0000 -0.0041
vn -0.0020 1.0000 -0.0040
vn -0.0020 1.0000 -0.0011
vn -0.0019 1.0000 0.0012
vn -0.0018 1.0000 0.0041
vn -0.0004 1.0000 0.0041
vn 0.0007 1.0000 0.0040
vn 0.0021 1.0000 0.0037
vn 0.0020 1.0000 0.0010
vn 0.0020 1.0000 -0.0011
vn -0.9996 -0.0004 0.0273
vn -0.9996 0.0004 0.0273
vn -0.9997 -0.0004 0.0251
vn -0.9997 0.0004 0.0250
vn -0.9995 -0.0015 0.0300
vn -0.9995 -0.0004 0.0302
vn -0.9995 0.0004 0.0303
vn -0.9995 0.0014 0.0302
vn -0.9996 0.0015 0.0273
vn -0.9997 0.0015 0.0251
vn -0.9998 0.0014 0.0222
vn -0.9998 0.0004 0.0221
vn -0.9998 -0.0004 0.0222
vn -0.9997 -0.0015 0.0224
vn -0.9997 -0.0015 0.0251
vn -0.9996 -0.0015 0.0272
vn -0.0267 -0.0004 -0.9996
vn -0.0267 0.0004 -0.9996
vn -0.0256 -0.0004 -0.9997
vn -0.0256 0.0004 -0.9997
vn -0.0280 -0.0015 -0.9996
vn -0.0281 -0.0004 -0.9996
vn -0.0282 0.0004 -0.9996
vn -0.0281 0.0014 -0.9996
vn -0.0267 0.0015 -0.9996
vn -0.0256 0.0015 -0.9997
vn -0.0242 0.0014 -0.9997
vn -0.0242 0.0004 -0.9997
vn -0.0242 -0.0004 -0.9997
vn -0.0243 -0.0015 -0.9997
vn -0.0257 -0.0015 -0.9997
vn -0.0267 -0.0015 -0.9996
vn -0.0119 -0.9997 0.0221
vn -0.0091 -0.9972 0.0744
vn -0.0436 -0.9989 0.0192
vn -0.0377 -0.9974 0.0620
vn -0.0046 -0.9999 0.0091
vn -0.0038 -0.9997 0.0249
vn -0.0018 -0.9965 0.0833
vn 0.0066 -0.9202 0.3914
vn -0.0002 -0.9286 0.3711
vn -0.0253 -0.9436 0.3301
vn -0.2145 -0.9528 0.2147
vn -0.2533 -0.9657 0.0573
vn -0.2728 -0.9618 0.0235
vn -0.2839 -0.9588 0.0136
vn -0.0470 -0.9989 0.0078
vn -0.0134 -0.9999 0.0082
vn 0.0153 -0.0094 0.9998
vn -0.0129 -0.0083 0.9999
vn 0.0171 -0.0335 0.9993
vn -0.0056 -0.0298 0.9995
vn 0.0217 -0.0037 0.9998
vn 0.0137 -0.0033 0.9999
vn -0.0179 -0.0029 0.9998
vn -0.2479 -0.0027 0.9688
vn -0.2289 -0.0073 0.9734
vn -0.1929 -0.0254 0.9809
vn -0.1015 -0.1794 0.9785
vn -0.0001 -0.2096 0.9778
vn 0.0175 -0.2265 0.9739
vn 0.0225 -0.2364 0.9714
vn 0.0229 -0.0360 0.9991
vn 0.0223 -0.0102 0.9997
vn -0.9987 -0.0082 0.0510
vn -0.9984 -0.0297 0.0480
vn -0.9940 -0.0069 0.1093
vn -0.9947 -0.0245 0.1003
vn -0.9993 -0.0033 0.0360
vn -0.9993 -0.0094 0.0352
vn -0.9989 -0.0335 0.0340
vn -0.9735 -0.2265 0.0326
vn -0.9768 -0.2096 0.0448
vn -0.9799 -0.1787 0.0891
vn -0.9279 -0.1112 0.3558
vn -0.9183 -0.0213 0.3953
vn -0.9096 -0.0066 0.4155
vn -0.9043 -0.0024 0.4269
vn -0.9934 -0.0025 0.1150
vn -0.9986 -0.0029 0.0531
vn 0.0137 0.0082 0.9999
vn 0.0152 0.0297 0.9994
vn -0.0179 0.0068 0.9998
vn -0.0130 0.0242 0.9996
vn 0.0213 0.0033 0.9998
vn 0.0217 0.0094 0.9997
vn 0.0223 0.0335 0.9992
vn 0.0220 0.2265 0.9738
vn 0.0160 0.2095 0.9777
vn -0.0075 0.1781 0.9840
vn -0.1946 0.1043 0.9753
vn -0.2291 0.0200 0.9732
vn -0.2480 0.0062 0.9688
vn -0.2589 0.0023 0.9659
vn -0.0211 0.0024 0.9998
vn 0.0126 0.0029 0.9999
vn -0.0103 0.9996 0.0251
vn -0.0385 0.9990 0.0229
vn -0.0070 0.9965 0.0834
vn -0.0303 0.9967 0.0752
vn -0.0042 0.9999 0.0100
vn -0.0123 0.9999 0.0093
vn -0.0438 0.9990 0.0090
vn -0.2729 0.9619 0.0143
vn -0.2539 0.9669 0.0261
vn -0.2177 0.9735 0.0697
vn -0.1304 0.9331 0.3351
vn -0.0184 0.9281 0.3718
vn 0.0015 0.9201 0.3916
vn 0.0073 0.9152 0.4030
vn -0.0010 0.9960 0.0890
vn -0.0032 0.9996 0.0271
vn -0.9988 0.0094 0.0479
vn -0.9949 0.0083 0.1002
vn -0.9985 0.0335 0.0441
vn -0.9958 0.0299 0.0869
vn -0.9994 0.0037 0.0351
vn -0.9987 0.0033 0.0510
vn -0.9940 0.0029 0.1093
vn -0.9096 0.0027 0.4154
vn -0.9186 0.0075 0.3951
vn -0.9350 0.0257 0.3536
vn -0.9569 0.1793 0.2287
vn -0.9749 0.2097 0.0748
vn -0.9731 0.2265 0.0414
vn -0.9711 0.2364 0.0315
vn -0.9988 0.0360 0.0327
vn -0.9994 0.0102 0.0340
vn -0.0116 -0.9996 -0.0245
vn -0.0397 -0.9990 -0.0209
vn -0.0114 -0.9965 -0.0830
vn -0.0342 -0.9967 -0.0735
vn -0.0047 -0.9999 -0.0098
vn -0.0127 -0.9999 -0.0087
vn -0.0442 -0.9990 -0.0067
vn -0.2733 -0.9619 -0.0000
vn -0.2549 -0.9669 -0.0127
vn -0.2210 -0.9735 -0.0582
vn -0.1478 -0.9331 -0.3278
vn -0.0378 -0.9281 -0.3703
vn -0.0190 -0.9201 -0.3912
vn -0.0138 -0.9152 -0.4028
vn -0.0056 -0.9960 -0.0889
vn -0.0046 -0.9996 -0.0269
vn -0.9999 -0.0094 0.0044
vn -0.9988 -0.0083 -0.0480
vn -0.9994 -0.0335 0.0082
vn -0.9990 -0.0299 -0.0346
vn -0.9998 -0.0037 0.0172
vn -1.0000 -0.0033 0.0014
vn -0.9984 -0.0029 -0.0571
vn -0.9301 -0.0027 -0.3673
vn -0.9380 -0.0075 -0.3465
vn -0.9523 -0.0257 -0.3042
vn -0.9675 -0.1793 -0.1783
vn -0.9775 -0.2097 -0.0237
vn -0.9740 -0.2265 0.0096
vn -0.9715 -0.2364 0.0194
vn -0.9992 -0.0360 0.0196
vn -0.9998 -0.0102 0.0184
vn -0.0387 -0.0082 -0.9992
vn -0.0371 -0.0297 -0.9989
vn -0.0702 -0.0068 -0.9975
vn -0.0653 -0.0242 -0.9976
vn -0.0311 -0.0033 -0.9995
vn -0.0306 -0.0094 -0.9995
vn -0.0301 -0.0335 -0.9990
vn -0.0290 -0.2265 -0.9736
vn -0.0352 -0.2095 -0.9772
vn -0.0590 -0.1781 -0.9822
vn -0.2454 -0.1043 -0.9638
vn -0.2797 -0.0200 -0.9599
vn -0.2983 -0.0062 -0.9544
vn -0.3091 -0.0023 -0.9510
vn -0.0734 -0.0024 -0.9973
vn -0.0398 -0.0029 -0.9992
vn -0.0131 0.9997 -0.0214
vn -0.0130 0.9972 -0.0738
vn -0.0445 0.9989 -0.0169
vn -0.0409 0.9974 -0.0599
vn -0.0051 0.9999 -0.0088
vn -0.0051 0.9997 -0.0247
vn -0.0061 0.9965 -0.0831
vn -0.0139 0.9202 -0.3912
vn -0.0196 0.9286 -0.3706
vn -0.0425 0.9436 -0.3284
vn -0.2254 0.9528 -0.2032
vn -0.2559 0.9657 -0.0440
vn -0.2736 0.9618 -0.0092
vn -0.2842 0.9588 0.0012
vn -0.0474 0.9989 -0.0053
vn -0.0138 0.9999 -0.0075
vn -0.0371 0.0094 -0.9993
vn -0.0652 0.0083 -0.9978
vn -0.0352 0.0335 -0.9988
vn -0.0580 0.0298 -0.9979
vn -0.0306 0.0037 -0.9995
vn -0.0387 0.0033 -0.9992
vn -0.0702 0.0029 -0.9975
vn -0.2983 0.0027 -0.9545
vn -0.2796 0.0073 -0.9601
vn -0.2440 0.0254 -0.9694
vn -0.1525 0.1794 -0.9719
vn -0.0513 0.2096 -0.9764
vn -0.0335 0.2265 -0.9734
vn -0.0284 0.2364 -0.9712
vn -0.0294 0.0360 -0.9989
vn -0.0300 0.0102 -0.9995
vn -1.0000 0.0082 0.0014
vn -0.9995 0.0297 0.0043
vn -0.9983 0.0069 -0.0571
vn -0.9985 0.0245 -0.0482
vn -0.9999 0.0033 0.0163
vn -0.9998 0.0094 0.0172
vn -0.9993 0.0335 0.0183
vn -0.9738 0.2265 0.0184
vn -0.9778 0.2096 0.0064
vn -0.9832 0.1787 -0.0377
vn -0.9453 0.1112 -0.3067
vn -0.9377 0.0213 -0.3467
vn -0.9301 0.0066 -0.3673
vn -0.9254 0.0024 -0.3790
vn -0.9980 0.0025 -0.0629
vn -1.0000 0.0029 -0.0008
vn 0.0116 -0.9996 0.0245
vn 0.0397 -0.9990 0.0209
vn 0.0114 -0.9965 0.0830
vn 0.0342 -0.9967 0.0735
vn 0.0047 -0.9999 0.0098
vn 0.0127 -0.9999 0.0087
vn 0.0442 -0.9990 0.0067
vn 0.2733 -0.9619 -0.0000
vn 0.2549 -0.9669 0.0127
vn 0.2210 -0.9735 0.0582
vn 0.1478 -0.9331 0.3278
vn 0.0378 -0.9281 0.3703
vn 0.0190 -0.9201 0.3912
vn 0.0138 -0.9152 0.4028
vn 0.0056 -0.9960 0.0889
vn 0.0046 -0.9996 0.0269
vn 0.9999 -0.0094 -0.0044
vn 0.9988 -0.0083 0.0480
vn 0.9994 -0.0335 -0.0082
vn 0.9990 -0.0299 0.0346
vn 0.9998 -0.0037 -0.0172
vn 1.0000 -0.0033 -0.0014
vn 0.9984 -0.0029 0.0571
vn 0.9301 -0.0027 0.3673
vn 0.9380 -0.0075 0.3465
vn 0.9523 -0.0257 0.3042
vn 0.9675 -0.1793 0.1783
vn 0.9775 -0.2097 0.0237
vn 0.9740 -0.2265 -0.0096
vn 0.9715 -0.2364 -0.0194
vn 0.9992 -0.0360 -0.0196
vn 0.9998 -0.0102 -0.0184
vn 0.0387 -0.0082 0.9992
vn 0.0371 -0.0297 0.9989
vn 0.0702 -0.0068 0.9975
vn 0.0653 -0.0242 0.9976
vn 0.0311 -0.0033 0.9995
vn 0.0306 -0.0094 0.9995
vn 0.0301 -0.0335 0.9990
vn 0.0290 -0.2265 0.9736
vn 0.0352 -0.2095 0.9772
vn 0.0590 -0.1781 0.9822
vn 0.2454 -0.1043 0.9638
vn 0.2797 -0.0200 0.9599
vn 0.2983 -0.0062 0.9544
vn 0.3091 -0.0023 0.9510
vn 0.0734 -0.0024 0.9973
vn 0.0398 -0.0029 0.9992
vn 0.0131 0.9997 0.0214
vn 0.0130 0.9972 0.0738
vn 0.0445 0.9989 0.0169
vn 0.0409 0.9974 0.0599
vn 0.0051 0.9999 0.0088
vn 0.0051 0.9997 0.0247
vn 0.0061 0.9965 0.0831
vn 0.0139 0.9202 0.3912
vn 0.0196 0.9286 0.3706
vn 0.0425 0.9436 0.3284
vn 0.2254 0.9528 0.2032
vn 0.2559 0.9657 0.0440
vn 0.2736 0.9618 0.0092
vn 0.2842 0.9588 -0.0012
vn 0.0474 0.9989 0.0054
vn 0.0138 0.9999 0.0075
vn 0.0371 0.0094 0.9993
vn 0.0652 0.0083 0.9978
vn 0.0352 0.0335 0.9988
vn 0.0580 0.0298 0.9979
vn 0.0306 0.0037 0.9995
vn 0.0387 0.0033 0.9992
vn 0.0702 0.0029 0.9975
vn 0.2983 0.0027 0.9545
vn 0.2796 0.0073 0.9601
vn 0.2440 0.0254 0.9694
vn 0.1525 0.1794 0.9719
vn 0.0513 0.2096 0.9764
vn 0.0335 0.2265 0.9734
vn 0.0284 0.2364 0.9712
vn 0.0294 0.0360 0.9989
vn 0.0300 0.0102 0.9995
vn 1.0000 0.0082 -0.0014
vn 0.9995 0.0297 -0.0043
vn 0.9983 0.0069 0.0571
vn 0.9985 0.0245 0.0482
vn 0.9999 0.0033 -0.0163
vn 0.9998 0.0094 -0.0172
vn 0.9993 0.0335 -0.0183
vn 0.9738 0.2265 -0.0184
vn 0.9778 0.2096 -0.0064
vn 0.9832 0.1787 0.0377
vn 0.9453 0.1112 0.3067
vn 0.9377 0.0213 0.3467
vn 0.9301 0.0066 0.3673
vn 0.9254 0.0024 0.3789
vn 0.9980 0.0025 0.0629
vn 1.0000 0.0029 0.0008
vn 0.0119 -0.9997 -0.0221
vn 0.0091 -0.9972 -0.0744
vn 0.0436 -0.9989 -0.0192
vn 0.0377 -0.9974 -0.0620
vn 0.0046 -0.9999 -0.0091
vn 0.0038 -0.9997 -0.0249
vn 0.0018 -0.9965 -0.0833
vn -0.0066 -0.9202 -0.3914
vn 0.0002 -0.9286 -0.3711
vn 0.0253 -0.9436 -0.3301
vn 0.2145 -0.9528 -0.2147
vn 0.2533 -0.9657 -0.0573
vn 0.2727 -0.9618 -0.0236
vn 0.2839 -0.9588 -0.0136
vn 0.0470 -0.9989 -0.0078
vn 0.0134 -0.9999 -0.0082
vn -0.0153 -0.0094 -0.9998
vn 0.0129 -0.0083 -0.9999
vn -0.0171 -0.0335 -0.9993
vn 0.0056 -0.0298 -0.9995
vn -0.0217 -0.0037 -0.9998
vn -0.0137 -0.0033 -0.9999
vn 0.0179 -0.0029 -0.9998
vn 0.2479 -0.0027 -0.9688
vn 0.2289 -0.0073 -0.9734
vn 0.1929 -0.0254 -0.9809
vn 0.1015 -0.1794 -0.9785
vn 0.0001 -0.2096 -0.9778
vn -0.0175 -0.2265 -0.9739
vn -0.0225 -0.2364 -0.9714
vn -0.0229 -0.0360 -0.9991
vn -0.0223 -0.0102 -0.9997
vn 0.9987 -0.0082 -0.0510
vn 0.9984 -0.0297 -0.0480
vn 0.9940 -0.0069 -0.1093
vn 0.9947 -0.0245 -0.1003
vn 0.9993 -0.0033 -0.0360
vn 0.9993 -0.0094 -0.0352
vn 0.9989 -0.0335 -0.0340
vn 0.9735 -0.2265 -0.0326
vn 0.9768 -0.2096 -0.0448
vn 0.9799 -0.1787 -0.0891
vn 0.9279 -0.1112 -0.3558
vn 0.9183 -0.0213 -0.3953
vn 0.9096 -0.0066 -0.4155
vn 0.9043 -0.0024 -0.4269
vn 0.9934 -0.0025 -0.1150
vn 0.9986 -0.0029 -0.0531
vn 0.0103 0.9996 -0.0251
vn 0.0385 0.9990 -0.0229
vn 0.0070 0.9965 -0.0834
vn 0.0303 0.9967 -0.0752
vn 0.0042 0.9999 -0.0100
vn 0.0123 0.9999 -0.0093
vn 0.0438 0.9990 -0.0090
vn 0.2729 0.9619 -0.0143
vn 0.2539 0.9669 -0.0261
vn 0.2177 0.9735 -0.0697
vn 0.1304 0.9331 -0.3351
vn 0.0184 0.9281 -0.3718
vn -0.0015 0.9201 -0.3916
vn -0.0073 0.9152 -0.4030
vn 0.0010 0.9960 -0.0890
vn 0.0032 0.9996 -0.0271
vn 0.9988 0.0094 -0.0479
vn 0.9949 0.0083 -0.1002
vn 0.9985 0.0335 -0.0441
vn 0.9958 0.0299 -0.0869
vn 0.9994 0.0037 -0.0351
vn 0.9987 0.0033 -0.0510
vn 0.9940 0.0029 -0.1093
vn 0.9096 0.0027 -0.4154
vn 0.9186 0.0075 -0.3951
vn 0.9350 0.0257 -0.3536
vn 0.9569 0.1793 -0.2287
vn 0.9749 0.2097 -0.0748
vn 0.9731 0.2265 -0.0414
vn 0.9711 0.2364 -0.0315
vn 0.9988 0.0360 -0.0327
vn 0.9994 0.0102 -0.0340
vn -0.0137 0.0082 -0.9999
vn -0.0152 0.0297 -0.9994
vn 0.0179 0.0068 -0.9998
vn 0.0130 0.0242 -0.9996
vn -0.0213 0.0033 -0.9998
vn -0.0217 0.0094 -0.9997
vn -0.0223 0.0335 -0.9992
vn -0.0220 0.2265 -0.9738
vn -0.0160 0.2095 -0.9777
vn 0.0075 0.1781 -0.9840
vn 0.1946 0.1043 -0.9753
vn 0.2291 0.0200 -0.9732
vn 0.2479 0.0062 -0.9688
vn 0.2589 0.0023 -0.9659
vn 0.0211 0.0024 -0.9998
vn -0.0126 0.0029 -0.9999
vn -0.0143 -0.9999 -0.0006
vn -0.0144 -0.9999 0.0012
vn -0.0491 -0.9988 0.0004
vn -0.0497 -0.9988 0.0020
vn -0.0050 -1.0000 -0.0037
vn -0.0052 -1.0000 -0.0009
vn -0.0052 -1.0000 0.0011
vn -0.0051 -1.0000 0.0036
vn -0.0142 -0.9999 0.0034
vn -0.0490 -0.9988 0.0038
vn -0.2900 -0.9570 0.0100
vn -0.2921 -0.9563 0.0083
vn -0.2901 -0.9570 0.0068
vn -0.2841 -0.9588 0.0047
vn -0.0473 -0.9989 -0.0018
vn -0.0137 -0.9999 -0.0031
vn -0.9990 -0.0374 0.0253
vn -0.9989 -0.0379 0.0269
vn -0.9996 -0.0107 0.0252
vn -0.9996 -0.0109 0.0270
vn -0.9714 -0.2364 0.0227
vn -0.9700 -0.2420 0.0246
vn -0.9695 -0.2438 0.0260
vn -0.9699 -0.2420 0.0277
vn -0.9989 -0.0374 0.0287
vn -0.9995 -0.0107 0.0292
vn -0.9996 -0.0039 0.0296
vn -0.9996 -0.0039 0.0271
vn -0.9997 -0.0039 0.0251
vn -0.9997 -0.0037 0.0224
vn -0.9997 -0.0102 0.0227
vn -0.9991 -0.0360 0.0231
vn 0.0119 -0.0003 0.9999
vn 0.0117 0.0003 0.9999
vn -0.0229 -0.0003 0.9997
vn -0.0235 0.0003 0.9997
vn 0.0213 -0.0014 0.9998
vn 0.0210 -0.0004 0.9998
vn 0.0209 0.0003 0.9998
vn 0.0210 0.0013 0.9998
vn 0.0119 0.0011 0.9999
vn -0.0229 0.0009 0.9997
vn -0.2651 0.0009 0.9642
vn -0.2671 0.0002 0.9637
vn -0.2651 -0.0003 0.9642
vn -0.2589 -0.0010 0.9659
vn -0.0211 -0.0011 0.9998
vn 0.0126 -0.0013 0.9999
vn -0.9930 -0.0003 0.1183
vn -0.9928 0.0003 0.1194
vn -0.9985 -0.0004 0.0544
vn -0.9985 0.0003 0.0549
vn -0.9043 -0.0010 0.4269
vn -0.9013 -0.0003 0.4331
vn -0.9004 0.0003 0.4351
vn -0.9014 0.0009 0.4331
vn -0.9930 0.0009 0.1183
vn -0.9985 0.0011 0.0544
vn -0.9993 0.0013 0.0366
vn -0.9993 0.0003 0.0368
vn -0.9993 -0.0004 0.0366
vn -0.9993 -0.0014 0.0360
vn -0.9986 -0.0013 0.0531
vn -0.9934 -0.0011 0.1150
vn -0.0142 0.9999 0.0013
vn -0.0145 0.9999 -0.0005
vn -0.0490 0.9988 0.0021
vn -0.0497 0.9988 0.0006
vn -0.0048 1.0000 0.0039
vn -0.0051 1.0000 0.0012
vn -0.0053 1.0000 -0.0008
vn -0.0052 1.0000 -0.0033
vn -0.0143 0.9999 -0.0026
vn -0.0491 0.9988 -0.0012
vn -0.2902 0.9570 0.0052
vn -0.2922 0.9563 0.0070
vn -0.2901 0.9570 0.0084
vn -0.2839 0.9588 0.0102
vn -0.0471 0.9989 0.0043
vn -0.0135 0.9999 0.0038
vn -0.9989 0.0374 0.0270
vn -0.9990 0.0379 0.0255
vn -0.9996 0.0107 0.0271
vn -0.9996 0.0109 0.0253
vn -0.9712 0.2364 0.0282
vn -0.9699 0.2420 0.0262
vn -0.9695 0.2438 0.0247
vn -0.9700 0.2420 0.0231
vn -0.9990 0.0374 0.0236
vn -0.9997 0.0107 0.0232
vn -0.9997 0.0039 0.0227
vn -0.9997 0.0039 0.0252
vn -0.9996 0.0039 0.0272
vn -0.9995 0.0037 0.0300
vn -0.9995 0.0102 0.0296
vn -0.9989 0.0360 0.0292
vn -0.0404 0.0003 -0.9992
vn -0.0406 -0.0003 -0.9992
vn -0.0752 0.0003 -0.9972
vn -0.0758 -0.0003 -0.9971
vn -0.0311 0.0014 -0.9995
vn -0.0313 0.0004 -0.9995
vn -0.0314 -0.0003 -0.9995
vn -0.0313 -0.0013 -0.9995
vn -0.0404 -0.0011 -0.9992
vn -0.0752 -0.0009 -0.9972
vn -0.3152 -0.0009 -0.9490
vn -0.3171 -0.0002 -0.9484
vn -0.3152 0.0003 -0.9490
vn -0.3091 0.0010 -0.9510
vn -0.0733 0.0011 -0.9973
vn -0.0398 0.0013 -0.9992
vn -0.9978 0.0003 -0.0662
vn -0.9977 -0.0003 -0.0673
vn -1.0000 0.0004 -0.0021
vn -1.0000 -0.0003 -0.0025
vn -0.9254 0.0010 -0.3789
vn -0.9228 0.0003 -0.3853
vn -0.9219 -0.0003 -0.3874
vn -0.9228 -0.0009 -0.3853
vn -0.9978 -0.0009 -0.0662
vn -1.0000 -0.0011 -0.0021
vn -0.9999 -0.0013 0.0158
vn -0.9999 -0.0003 0.0156
vn -0.9999 0.0004 0.0158
vn -0.9999 0.0014 0.0163
vn -1.0000 0.0013 -0.0008
vn -0.9980 0.0011 -0.0629
vn -0.0003 -0.9996 -0.0283
vn -0.0012 -0.9996 -0.0287
vn -0.0020 -0.9957 -0.0923
vn -0.0028 -0.9956 -0.0934
vn 0.0016 -0.9999 -0.0099
vn 0.0002 -0.9999 -0.0104
vn -0.0007 -0.9999 -0.0106
vn -0.0020 -0.9999 -0.0104
vn -0.0022 -0.9996 -0.0282
vn -0.0037 -0.9957 -0.0922
vn -0.0120 -0.9124 -0.4092
vn -0.0111 -0.9114 -0.4113
vn -0.0103 -0.9124 -0.4092
vn -0.0092 -0.9152 -0.4029
vn -0.0008 -0.9960 -0.0890
vn 0.0010 -0.9996 -0.0270
vn -0.0257 -0.0374 -0.9990
vn -0.0265 -0.0379 -0.9989
vn -0.0257 -0.0107 -0.9996
vn -0.0266 -0.0109 -0.9996
vn -0.0241 -0.2364 -0.9714
vn -0.0250 -0.2420 -0.9700
vn -0.0257 -0.2438 -0.9695
vn -0.0266 -0.2420 -0.9699
vn -0.0274 -0.0374 -0.9989
vn -0.0276 -0.0107 -0.9996
vn -0.0279 -0.0039 -0.9996
vn -0.0266 -0.0039 -0.9996
vn -0.0257 -0.0039 -0.9997
vn -0.0243 -0.0037 -0.9997
vn -0.0245 -0.0102 -0.9996
vn -0.0247 -0.0360 -0.9990
vn -0.0012 0.9996 -0.0283
vn -0.0003 0.9996 -0.0287
vn -0.0028 0.9957 -0.0923
vn -0.0021 0.9956 -0.0934
vn -0.0021 0.9999 -0.0098
vn -0.0008 0.9999 -0.0104
vn 0.0002 0.9999 -0.0106
vn 0.0014 0.9999 -0.0105
vn 0.0007 0.9996 -0.0283
vn -0.0011 0.9957 -0.0923
vn -0.0095 0.9124 -0.4092
vn -0.0104 0.9114 -0.4113
vn -0.0111 0.9124 -0.4092
vn -0.0119 0.9152 -0.4029
vn -0.0038 0.9960 -0.0889
vn -0.0024 0.9996 -0.0269
vn -0.0266 0.0374 -0.9989
vn -0.0258 0.0379 -0.9989
vn -0.0266 0.0107 -0.9996
vn -0.0258 0.0109 -0.9996
vn -0.0268 0.2364 -0.9713
vn -0.0258 0.2420 -0.9699
vn -0.0251 0.2438 -0.9695
vn -0.0242 0.2420 -0.9700
vn -0.0249 0.0374 -0.9990
vn -0.0247 0.0107 -0.9996
vn -0.0245 0.0039 -0.9997
vn -0.0257 0.0039 -0.9997
vn -0.0267 0.0039 -0.9996
vn -0.0280 0.0037 -0.9996
vn -0.0279 0.0102 -0.9996
vn -0.0276 0.0360 -0.9990
vn 0.9985 0.0004 -0.0544
vn 0.9985 -0.0003 -0.0549
vn 0.9930 0.0003 -0.1183
vn 0.9928 -0.0003 -0.1194
vn 0.9993 0.0014 -0.0360
vn 0.9993 0.0004 -0.0366
vn 0.9993 -0.0003 -0.0368
vn 0.9993 -0.0013 -0.0366
vn 0.9985 -0.0011 -0.0544
vn 0.9930 -0.0009 -0.1183
vn 0.9013 -0.0009 -0.4331
vn 0.9004 -0.0003 -0.4351
vn 0.9013 0.0003 -0.4331
vn 0.9043 0.0010 -0.4268
vn 0.9934 0.0011 -0.1150
vn 0.9986 0.0013 -0.0531
vn 0.0229 0.0003 -0.9997
vn 0.0235 -0.0003 -0.9997
vn -0.0119 0.0003 -0.9999
vn -0.0117 -0.0003 -0.9999
vn 0.2589 0.0010 -0.9659
vn 0.2651 0.0003 -0.9642
vn 0.2671 -0.0002 -0.9637
vn 0.2651 -0.0009 -0.9642
vn 0.0229 -0.0009 -0.9997
vn -0.0119 -0.0011 -0.9999
vn -0.0210 -0.0013 -0.9998
vn -0.0209 -0.0003 -0.9998
vn -0.0210 0.0004 -0.9998
vn -0.0213 0.0014 -0.9998
vn -0.0126 0.0013 -0.9999
vn 0.0211 0.0011 -0.9998
vn 0.0143 -0.9999 0.0006
vn 0.0145 -0.9999 -0.0012
vn 0.0491 -0.9988 -0.0004
vn 0.0497 -0.9988 -0.0020
vn 0.0050 -1.0000 0.0037
vn 0.0052 -1.0000 0.0009
vn 0.0052 -1.0000 -0.0011
vn 0.0051 -1.0000 -0.0036
vn 0.0142 -0.9999 -0.0034
vn 0.0490 -0.9988 -0.0038
vn 0.2900 -0.9570 -0.0100
vn 0.2921 -0.9564 -0.0083
vn 0.2902 -0.9570 -0.0068
vn 0.2841 -0.9588 -0.0047
vn 0.0473 -0.9989 0.0018
vn 0.0137 -0.9999 0.0031
vn 0.9990 -0.0374 -0.0253
vn 0.9989 -0.0379 -0.0269
vn 0.9996 -0.0107 -0.0252
vn 0.9996 -0.0109 -0.0270
vn 0.9714 -0.2364 -0.0227
vn 0.9700 -0.2420 -0.0246
vn 0.9695 -0.2438 -0.0260
vn 0.9699 -0.2420 -0.0277
vn 0.9989 -0.0374 -0.0287
vn 0.9995 -0.0107 -0.0292
vn 0.9996 -0.0039 -0.0296
vn 0.9996 -0.0039 -0.0271
vn 0.9997 -0.0039 -0.0251
vn 0.9997 -0.0037 -0.0224
vn 0.9997 -0.0102 -0.0227
vn 0.9991 -0.0360 -0.0231
vn 0.0142 0.9999 -0.0013
vn 0.0145 0.9999 0.0005
vn 0.0490 0.9988 -0.0021
vn 0.0497 0.9988 -0.0006
vn 0.0048 1.0000 -0.0039
vn 0.0051 1.0000 -0.0012
vn 0.0053 1.0000 0.0008
vn 0.0052 1.0000 0.0033
vn 0.0143 0.9999 0.0026
vn 0.0491 0.9988 0.0012
vn 0.2902 0.9570 -0.0052
vn 0.2921 0.9564 -0.0070
vn 0.2901 0.9570 -0.0084
vn 0.2840 0.9588 -0.0102
vn 0.0471 0.9989 -0.0043
vn 0.0135 0.9999 -0.0038
vn 0.9989 0.0374 -0.0270
vn 0.9990 0.0379 -0.0255
vn 0.9996 0.0107 -0.0271
vn 0.9996 0.0109 -0.0253
vn 0.9712 0.2364 -0.0282
vn 0.9699 0.2420 -0.0262
vn 0.9695 0.2438 -0.0247
vn 0.9700 0.2420 -0.0231
vn 0.9990 0.0374 -0.0236
vn 0.9997 0.0107 -0.0232
vn 0.9997 0.0039 -0.0227
vn 0.9997 0.0039 -0.0252
vn 0.9996 0.0039 -0.0272
vn 0.9995 0.0037 -0.0300
vn 0.9995 0.0102 -0.0296
vn 0.9989 0.0360 -0.0292
vn 0.0404 0.0003 0.9992
vn 0.0406 -0.0003 0.9992
vn 0.0752 0.0003 0.9972
vn 0.0758 -0.0003 0.9971
vn 0.0311 0.0014 0.9995
vn 0.0313 0.0004 0.9995
vn 0.0314 -0.0003 0.9995
vn 0.0313 -0.0013 0.9995
vn 0.0404 -0.0011 0.9992
vn 0.0752 -0.0009 0.9972
vn 0.3152 -0.0009 0.9490
vn 0.3171 -0.0002 0.9484
vn 0.3152 0.0003 0.9490
vn 0.3091 0.0010 0.9510
vn 0.0733 0.0011 0.9973
vn 0.0398 0.0013 0.9992
vn 0.9978 0.0003 0.0662
vn 0.9977 -0.0003 0.0673
vn 1.0000 0.0004 0.0021
vn 1.0000 -0.0003 0.0025
vn 0.9254 0.0010 0.3789
vn 0.9228 0.0003 0.3853
vn 0.9219 -0.0003 0.3874
vn 0.9228 -0.0009 0.3853
vn 0.9978 -0.0009 0.0662
vn 1.0000 -0.0011 0.0021
vn 0.9999 -0.0013 -0.0158
vn 0.9999 -0.0003 -0.0156
vn 0.9999 0.0004 -0.0158
vn 0.9999 0.0014 -0.0163
vn 1.0000 0.0013 0.0008
vn 0.9980 0.0011 0.0629
vn 0.0003 -0.9996 0.0283
vn 0.0012 -0.9996 0.0287
vn 0.0020 -0.9957 0.0923
vn 0.0028 -0.9956 0.0934
vn -0.0016 -0.9999 0.0099
vn -0.0002 -0.9999 0.0104
vn 0.0007 -0.9999 0.0106
vn 0.0020 -0.9999 0.0104
vn 0.0022 -0.9996 0.0282
vn 0.0037 -0.9957 0.0922
vn 0.0120 -0.9124 0.4092
vn 0.0111 -0.9114 0.4113
vn 0.0103 -0.9124 0.4092
vn 0.0092 -0.9152 0.4029
vn 0.0008 -0.9960 0.0890
vn -0.0010 -0.9996 0.0270
vn 0.0257 -0.0374 0.9990
vn 0.0265 -0.0379 0.9989
vn 0.0257 -0.0107 0.9996
vn 0.0266 -0.0109 0.9996
vn 0.0241 -0.2364 0.9714
vn 0.0250 -0.2420 0.9700
vn 0.0257 -0.2438 0.9695
vn 0.0266 -0.2420 0.9699
vn 0.0274 -0.0374 0.9989
vn 0.0276 -0.0107 0.9996
vn 0.0279 -0.0039 0.9996
vn 0.0266 -0.0039 0.9996
vn 0.0257 -0.0039 0.9997
vn 0.0243 -0.0037 0.9997
vn 0.0245 -0.0102 0.9996
vn 0.0247 -0.0360 0.9990
vn 0.0012 0.9996 0.0283
vn 0.0003 0.9996 0.0287
vn 0.0028 0.9957 0.0923
vn 0.0021 0.9956 0.0934
vn 0.0021 0.9999 0.0098
vn 0.0008 0.9999 0.0104
vn -0.0002 0.9999 0.0106
vn -0.0014 0.9999 0.0105
vn -0.0007 0.9996 0.0283
vn 0.0011 0.9957 0.0923
vn 0.0095 0.9124 0.4092
vn 0.0104 0.9114 0.4113
vn 0.0111 0.9124 0.4092
vn 0.0119 0.9152 0.4029
vn 0.0038 0.9960 0.0889
vn 0.0024 0.9996 0.0269
vn 0.0266 0.0374 0.9989
vn 0.0258 0.0379 0.9989
vn 0.0266 0.0107 0.9996
vn 0.0258 0.0109 0.9996
vn 0.0268 0.2364 0.9713
vn 0.0258 0.2420 0.9699
vn 0.0251 0.2438 0.9695
vn 0.0242 0.2420 0.9700
vn 0.0249 0.0374 0.9990
vn 0.0247 0.0107 0.9996
vn 0.0245 0.0039 0.9997
vn 0.0257 0.0039 0.9997
vn 0.0267 0.0039 0.9996
vn 0.0280 0.0037 0.9996
vn 0.0279 0.0102 0.9996
vn 0.0276 0.0360 0.9990
vn -0.0006 -1.0000 -0.0011
vn 0.0005 -1.0000 -0.0011
vn -0.0005 -1.0000 0.0011
vn 0.0006 -1.0000 0.0011
vn -0.0021 -1.0000 -0.0037
vn -0.0007 -1.0000 -0.0040
vn 0.0004 -1.0000 -0.0041
vn 0.0018 -1.0000 -0.0041
vn 0.0019 -1.0000 -0.0012
vn 0.0020 -1.0000 0.0011
vn 0.0020 -1.0000 0.0040
vn 0.0006 -1.0000 0.0041
vn -0.0004 -1.0000 0.0040
vn -0.0019 -1.0000 0.0038
vn -0.0020 -1.0000 0.0011
vn -0.0020 -1.0000 -0.0010
vn 0.0281 -0.0014 0.9996
vn 0.0282 -0.0004 0.9996
vn 0.0281 0.0004 0.9996
vn 0.0280 0.0015 0.9996
vn 0.0257 0.0015 0.9997
vn 0.0243 0.0015 0.9997
vn 0.0242 -0.0014 0.9997
vn 0.0256 -0.0015 0.9997
vn 0.9997 -0.0004 -0.0250
vn 0.9997 0.0004 -0.0251
vn 0.9995 -0.0014 -0.0302
vn 0.9995 -0.0004 -0.0303
vn 0.9995 0.0004 -0.0302
vn 0.9995 0.0015 -0.0300
vn 0.9996 0.0015 -0.0272
vn 0.9997 0.0015 -0.0224
vn 0.9998 0.0004 -0.0222
vn 0.9998 -0.0004 -0.0221
vn 0.9998 -0.0014 -0.0222
vn 0.9996 -0.0015 -0.0273
vn 0.0018 1.0000 -0.0041
vn 0.0004 1.0000 -0.0041
vn -0.0007 1.0000 -0.0040
vn -0.0021 1.0000 -0.0037
vn -0.0020 1.0000 -0.0010
vn -0.0020 1.0000 0.0011
vn -0.0019 1.0000 0.0038
vn -0.0004 1.0000 0.0040
vn 0.0006 1.0000 0.0041
vn 0.0020 1.0000 0.0040
vn 0.0020 1.0000 0.0011
vn 0.0019 1.0000 -0.0012
vn -0.9997 -0.0004 0.0250
vn -0.9997 0.0004 0.0251
vn -0.9995 -0.0014 0.0302
vn -0.9995 -0.0004 0.0303
vn -0.9995 0.0004 0.0302
vn -0.9995 0.0015 0.0300
vn -0.9996 0.0015 0.0272
vn -0.9997 0.0015 0.0224
vn -0.9998 0.0004 0.0222
vn -0.9998 -0.0004 0.0221
vn -0.9998 -0.0014 0.0222
vn -0.9996 -0.0015 0.0273
vn -0.0281 -0.0014 -0.9996
vn -0.0282 -0.0004 -0.9996
vn -0.0281 0.0004 -0.9996
vn -0.0280 0.0015 -0.9996
vn -0.0257 0.0015 -0.9997
vn -0.0243 0.0015 -0.9997
vn -0.0242 -0.0014 -0.9997
vn -0.0256 -0.0015 -0.9997
vn -0.0103 -0.9996 0.0251
vn -0.0070 -0.9965 0.0834
vn -0.0385 -0.9990 0.0229
vn -0.0304 -0.9967 0.0752
vn -0.0042 -0.9999 0.0100
vn -0.0032 -0.9996 0.0271
vn -0.0010 -0.9960 0.0890
vn 0.0073 -0.9152 0.4030
vn 0.0015 -0.9201 0.3916
vn -0.0184 -0.9281 0.3718
vn -0.1304 -0.9331 0.3351
vn -0.2177 -0.9735 0.0697
vn -0.2539 -0.9669 0.0261
vn -0.2729 -0.9619 0.0143
vn -0.0438 -0.9990 0.0090
vn -0.0122 -0.9999 0.0093
vn 0.0137 -0.0082 0.9999
vn -0.0179 -0.0068 0.9998
vn 0.0152 -0.0297 0.9994
vn -0.0130 -0.0242 0.9996
vn 0.0213 -0.0033 0.9998
vn 0.0126 -0.0029 0.9999
vn -0.0211 -0.0024 0.9998
vn -0.2589 -0.0023 0.9659
vn -0.2480 -0.0062 0.9688
vn -0.2291 -0.0200 0.9732
vn -0.1946 -0.1043 0.9753
vn -0.0075 -0.1781 0.9840
vn 0.0160 -0.2095 0.9777
vn 0.0220 -0.2265 0.9738
vn 0.0223 -0.0335 0.9992
vn 0.0217 -0.0094 0.9997
vn -0.9988 -0.0094 0.0479
vn -0.9985 -0.0335 0.0441
vn -0.9949 -0.0083 0.1002
vn -0.9958 -0.0299 0.0869
vn -0.9994 -0.0037 0.0352
vn -0.9994 -0.0102 0.0340
vn -0.9988 -0.0360 0.0327
vn -0.9711 -0.2364 0.0315
vn -0.9731 -0.2265 0.0414
vn -0.9749 -0.2097 0.0748
vn -0.9569 -0.1793 0.2287
vn -0.9350 -0.0257 0.3536
vn -0.9186 -0.0075 0.3951
vn -0.9096 -0.0027 0.4154
vn -0.9940 -0.0029 0.1093
vn -0.9987 -0.0033 0.0510
vn 0.0153 0.0094 0.9998
vn 0.0171 0.0335 0.9993
vn -0.0129 0.0083 0.9999
vn -0.0057 0.0298 0.9995
vn 0.0217 0.0037 0.9998
vn 0.0223 0.0102 0.9997
vn 0.0229 0.0360 0.9991
vn 0.0225 0.2364 0.9714
vn 0.0175 0.2265 0.9739
vn -0.0001 0.2096 0.9778
vn -0.1015 0.1794 0.9785
vn -0.1929 0.0254 0.9809
vn -0.2289 0.0073 0.9734
vn -0.2479 0.0027 0.9688
vn -0.0179 0.0029 0.9998
vn 0.0137 0.0033 0.9999
vn -0.0119 0.9997 0.0221
vn -0.0436 0.9989 0.0192
vn -0.0091 0.9972 0.0744
vn -0.0377 0.9974 0.0620
vn -0.0046 0.9999 0.0091
vn -0.0134 0.9999 0.0082
vn -0.0470 0.9989 0.0078
vn -0.2839 0.9588 0.0136
vn -0.2728 0.9618 0.0236
vn -0.2533 0.9657 0.0573
vn -0.2145 0.9528 0.2148
vn -0.0253 0.9436 0.3302
vn -0.0002 0.9286 0.3711
vn 0.0066 0.9202 0.3915
vn -0.0018 0.9965 0.0833
vn -0.0038 0.9997 0.0249
vn -0.9987 0.0082 0.0510
vn -0.9940 0.0069 0.1093
vn -0.9984 0.0297 0.0480
vn -0.9947 0.0245 0.1003
vn -0.9993 0.0033 0.0360
vn -0.9986 0.0029 0.0531
vn -0.9934 0.0025 0.1150
vn -0.9043 0.0024 0.4269
vn -0.9096 0.0066 0.4155
vn -0.9183 0.0213 0.3953
vn -0.9279 0.1112 0.3558
vn -0.9799 0.1787 0.0891
vn -0.9768 0.2096 0.0448
vn -0.9735 0.2265 0.0326
vn -0.9989 0.0335 0.0340
vn -0.9993 0.0094 0.0352
vn -0.0131 -0.9997 -0.0214
vn -0.0445 -0.9989 -0.0169
vn -0.0130 -0.9972 -0.0738
vn -0.0409 -0.9974 -0.0599
vn -0.0051 -0.9999 -0.0088
vn -0.0138 -0.9999 -0.0075
vn -0.0474 -0.9989 -0.0054
vn -0.2842 -0.9588 0.0012
vn -0.2736 -0.9618 -0.0092
vn -0.2559 -0.9657 -0.0440
vn -0.2255 -0.9528 -0.2032
vn -0.0425 -0.9436 -0.3284
vn -0.0196 -0.9286 -0.3706
vn -0.0139 -0.9202 -0.3913
vn -0.0061 -0.9965 -0.0831
vn -0.0051 -0.9997 -0.0247
vn -1.0000 -0.0082 0.0014
vn -0.9983 -0.0069 -0.0571
vn -0.9995 -0.0297 0.0043
vn -0.9985 -0.0245 -0.0482
vn -0.9999 -0.0033 0.0163
vn -1.0000 -0.0029 -0.0008
vn -0.9980 -0.0025 -0.0629
vn -0.9254 -0.0024 -0.3790
vn -0.9301 -0.0066 -0.3673
vn -0.9377 -0.0213 -0.3467
vn -0.9453 -0.1112 -0.3067
vn -0.9832 -0.1787 -0.0377
vn -0.9778 -0.2096 0.0064
vn -0.9738 -0.2265 0.0184
vn -0.9993 -0.0335 0.0183
vn -0.9998 -0.0094 0.0172
vn -0.0371 -0.0094 -0.9993
vn -0.0352 -0.0335 -0.9988
vn -0.0652 -0.0083 -0.9978
vn -0.0580 -0.0298 -0.9979
vn -0.0306 -0.0037 -0.9995
vn -0.0300 -0.0102 -0.9995
vn -0.0294 -0.0360 -0.9989
vn -0.0284 -0.2364 -0.9712
vn -0.0335 -0.2265 -0.9734
vn -0.0513 -0.2096 -0.9764
vn -0.1525 -0.1794 -0.9719
vn -0.2440 -0.0254 -0.9695
vn -0.2796 -0.0073 -0.9601
vn -0.2983 -0.0027 -0.9545
vn -0.0702 -0.0029 -0.9975
vn -0.0387 -0.0033 -0.9992
vn -0.0116 0.9996 -0.0245
vn -0.0114 0.9965 -0.0830
vn -0.0397 0.9990 -0.0209
vn -0.0342 0.9967 -0.0735
vn -0.0047 0.9999 -0.0098
vn -0.0046 0.9996 -0.0269
vn -0.0057 0.9960 -0.0889
vn -0.0138 0.9152 -0.4028
vn -0.0190 0.9201 -0.3911
vn -0.0378 0.9281 -0.3703
vn -0.1478 0.9331 -0.3278
vn -0.2210 0.9735 -0.0582
vn -0.2549 0.9669 -0.0127
vn -0.2733 0.9619 -0.0000
vn -0.0442 0.9990 -0.0067
vn -0.0127 0.9999 -0.0087
vn -0.0387 0.0082 -0.9992
vn -0.0702 0.0068 -0.9975
vn -0.0371 0.0297 -0.9989
vn -0.0653 0.0242 -0.9976
vn -0.0311 0.0033 -0.9995
vn -0.0398 0.0029 -0.9992
vn -0.0734 0.0024 -0.9973
vn -0.3091 0.0023 -0.9510
vn -0.2983 0.0062 -0.9544
vn -0.2797 0.0200 -0.9599
vn -0.2454 0.1043 -0.9638
vn -0.0590 0.1781 -0.9822
vn -0.0352 0.2095 -0.9772
vn -0.0290 0.2265 -0.9736
vn -0.0301 0.0335 -0.9990
vn -0.0306 0.0094 -0.9995
vn -0.9999 0.0094 0.0044
vn -0.9994 0.0335 0.0082
vn -0.9988 0.0083 -0.0480
vn -0.9990 0.0299 -0.0346
vn -0.9998 0.0037 0.0172
vn -0.9998 0.0102 0.0184
vn -0.9992 0.0360 0.0196
vn -0.9715 0.2364 0.0194
vn -0.9740 0.2265 0.0096
vn -0.9775 0.2097 -0.0237
vn -0.9675 0.1793 -0.1783
vn -0.9523 0.0257 -0.3042
vn -0.9380 0.0075 -0.3465
vn -0.9301 0.0027 -0.3672
vn -0.9984 0.0029 -0.0571
vn -1.0000 0.0033 0.0014
vn 0.0131 -0.9997 0.0214
vn 0.0445 -0.9989 0.0169
vn 0.0130 -0.9972 0.0738
vn 0.0409 -0.9974 0.0599
vn 0.0051 -0.9999 0.0088
vn 0.0138 -0.9999 0.0075
vn 0.0474 -0.9989 0.0054
vn 0.2842 -0.9588 -0.0012
vn 0.2736 -0.9618 0.0092
vn 0.2559 -0.9657 0.0440
vn 0.2255 -0.9528 0.2032
vn 0.0425 -0.9436 0.3284
vn 0.0196 -0.9286 0.3706
vn 0.0139 -0.9202 0.3913
vn 0.0061 -0.9965 0.0831
vn 0.0051 -0.9997 0.0247
vn 1.0000 -0.0082 -0.0014
vn 0.9983 -0.0069 0.0571
vn 0.9995 -0.0297 -0.0043
vn 0.9985 -0.0245 0.0482
vn 0.9999 -0.0033 -0.0163
vn 1.0000 -0.0029 0.0008
vn 0.9980 -0.0025 0.0629
vn 0.9254 -0.0024 0.3789
vn 0.9301 -0.0066 0.3673
vn 0.9377 -0.0213 0.3467
vn 0.9453 -0.1112 0.3067
vn 0.9832 -0.1787 0.0377
vn 0.9778 -0.2096 -0.0064
vn 0.9738 -0.2265 -0.0184
vn 0.9993 -0.0335 -0.0183
vn 0.9998 -0.0094 -0.0172
vn 0.0371 -0.0094 0.9993
vn 0.0352 -0.0335 0.9988
vn 0.0652 -0.0083 0.9978
vn 0.0580 -0.0298 0.9979
vn 0.0306 -0.0037 0.9995
vn 0.0300 -0.0102 0.9995
vn 0.0294 -0.0360 0.9989
vn 0.0284 -0.2364 0.9712
vn 0.0335 -0.2265 0.9734
vn 0.0513 -0.2096 0.9764
vn 0.1525 -0.1794 0.9719
vn 0.2440 -0.0254 0.9695
vn 0.2796 -0.0073 0.9601
vn 0.2983 -0.0027 0.9545
vn 0.0702 -0.0029 0.9975
vn 0.0387 -0.0033 0.9992
vn 0.0116 0.9996 0.0245
vn 0.0114 0.9965 0.0830
vn 0.0397 0.9990 0.0209
vn 0.0342 0.9967 0.0735
vn 0.0047 0.9999 0.0098
vn 0.0046 0.9996 0.0269
vn 0.0057 0.9960 0.0889
vn 0.0138 0.9152 0.4028
vn 0.0190 0.9201 0.3911
vn 0.0378 0.9281 0.3703
vn 0.1478 0.9331 0.3278
vn 0.2210 0.9735 0.0582
vn 0.2549 0.9669 0.0127
vn 0.2733 0.9619 -0.0000
vn 0.0442 0.9990 0.0067
vn 0.0127 0.9999 0.0087
vn 0.0387 0.0082 0.9992
vn 0.0702 0.0068 0.9975
vn 0.0371 0.0297 0.9989
vn 0.0653 0.0242 0.9976
vn 0.0311 0.0033 0.9995
vn 0.0398 0.0029 0.9992
vn 0.0734 0.0024 0.9973
vn 0.3091 0.0023 0.9510
vn 0.2983 0.0062 0.9544
vn 0.2797 0.0200 0.9599
vn 0.2454 0.1043 0.9638
vn 0.0590 0.1781 0.9822
vn 0.0352 0.2095 0.9772
vn 0.0290 0.2265 0.9736
vn 0.0301 0.0335 0.9990
vn 0.0306 0.0094 0.9995
vn 0.9999 0.0094 -0.0044
vn 0.9994 0.0335 -0.0082
vn 0.9988 0.0083 0.0480
vn 0.9990 0.0299 0.0346
vn 0.9998 0.0037 -0.0172
vn 0.9998 0.0102 -0.0184
vn 0.9992 0.0360 -0.0196
vn 0.9715 0.2364 -0.0194
vn 0.9740 0.2265 -0.0096
vn 0.9775 0.2097 0.0237
vn 0.9675 0.1793 0.1783
vn 0.9523 0.0257 0.3042
vn 0.9380 0.0075 0.3465
vn 0.9301 0.0027 0.3673
vn 0.9984 0.0029 0.0571
vn 1.0000 0.0033 -0.0014
vn 0.0103 -0.9996 -0.0251
vn 0.0070 -0.9965 -0.0834
vn 0.0385 -0.9990 -0.0229
vn 0.0304 -0.9967 -0.0752
vn 0.0042 -0.9999 -0.0100
vn 0.0032 -0.9996 -0.0271
vn 0.0010 -0.9960 -0.0890
vn -0.0073 -0.9152 -0.4030
vn -0.0015 -0.9201 -0.3916
vn 0.0184 -0.9281 -0.3718
vn 0.1304 -0.9331 -0.3351
vn 0.2177 -0.9735 -0.0697
vn 0.2539 -0.9669 -0.0261
vn 0.2729 -0.9619 -0.0143
vn 0.0438 -0.9990 -0.0090
vn 0.0122 -0.9999 -0.0093
vn -0.0137 -0.0082 -0.9999
vn 0.0179 -0.0068 -0.9998
vn -0.0152 -0.0297 -0.9994
vn 0.0130 -0.0242 -0.9996
vn -0.0213 -0.0033 -0.9998
vn -0.0126 -0.0029 -0.9999
vn 0.0211 -0.0024 -0.9998
vn 0.2589 -0.0023 -0.9659
vn 0.2479 -0.0062 -0.9688
vn 0.2291 -0.0200 -0.9732
vn 0.1946 -0.1043 -0.9753
vn 0.0075 -0.1781 -0.9840
vn -0.0160 -0.2095 -0.9777
vn -0.0220 -0.2265 -0.9738
vn -0.0223 -0.0335 -0.9992
vn -0.0217 -0.0094 -0.9997
vn 0.9988 -0.0094 -0.0479
vn 0.9985 -0.0335 -0.0441
vn 0.9949 -0.0083 -0.1002
vn 0.9958 -0.0299 -0.0869
vn 0.9994 -0.0037 -0.0352
vn 0.9994 -0.0102 -0.0340
vn 0.9988 -0.0360 -0.0327
vn 0.9711 -0.2364 -0.0315
vn 0.9731 -0.2265 -0.0414
vn 0.9749 -0.2097 -0.0748
vn 0.9569 -0.1793 -0.2287
vn 0.9350 -0.0257 -0.3536
vn 0.9186 -0.0075 -0.3951
vn 0.9096 -0.0027 -0.4154
vn 0.9940 -0.0029 -0.1093
vn 0.9987 -0.0033 -0.0510
vn 0.0119 0.9997 -0.0221
vn 0.0436 0.9989 -0.0192
vn 0.0091 0.9972 -0.0744
vn 0.0377 0.9974 -0.0620
vn 0.0046 0.9999 -0.0091
vn 0.0134 0.9999 -0.0082
vn 0.0470 0.9989 -0.0078
vn 0.2839 0.9588 -0.0136
vn 0.2727 0.9618 -0.0236
vn 0.2533 0.9657 -0.0573
vn 0.2145 0.9528 -0.2147
vn 0.0253 0.9436 -0.3302
vn 0.0002 0.9286 -0.3711
vn -0.0066 0.9202 -0.3915
vn 0.0018 0.9965 -0.0833
vn 0.0038 0.9997 -0.0249
vn 0.9987 0.0082 -0.0510
vn 0.9940 0.0069 -0.1093
vn 0.9984 0.0297 -0.0480
vn 0.9947 0.0245 -0.1003
vn 0.9993 0.0033 -0.0360
vn 0.9986 0.0029 -0.0531
vn 0.9934 0.0025 -0.1150
vn 0.9043 0.0024 -0.4268
vn 0.9096 0.0066 -0.4155
vn 0.9183 0.0213 -0.3953
vn 0.9279 0.1112 -0.3558
vn 0.9799 0.1787 -0.0891
vn 0.9768 0.2096 -0.0448
vn 0.9735 0.2265 -0.0326
vn 0.9989 0.0335 -0.0340
vn 0.9993 0.0094 -0.0352
vn -0.0153 0.0094 -0.9998
vn -0.0171 0.0335 -0.9993
vn 0.0129 0.0083 -0.9999
vn 0.0057 0.0298 -0.9995
vn -0.0217 0.0037 -0.9998
vn -0.0223 0.0102 -0.9997
vn -0.0229 0.0360 -0.9991
vn -0.0225 0.2364 -0.9714
vn -0.0175 0.2265 -0.9739
vn 0.0001 0.2096 -0.9778
vn 0.1015 0.1794 -0.9785
vn 0.1929 0.0254 -0.9809
vn 0.2289 0.0073 -0.9734
vn 0.2479 0.0027 -0.9688
vn 0.0179 0.0029 -0.9998
vn -0.0137 0.0033 -0.9999
vn -0.0145 -0.9999 -0.0005
vn -0.0142 -0.9999 0.0013
vn -0.0497 -0.9988 0.0006
vn -0.0490 -0.9988 0.0021
vn -0.0052 -1.0000 -0.0033
vn -0.0053 -1.0000 -0.0008
vn -0.0051 -1.0000 0.0012
vn -0.0048 -1.0000 0.0039
vn -0.0135 -0.9999 0.0038
vn -0.0471 -0.9989 0.0043
vn -0.2839 -0.9588 0.0102
vn -0.2901 -0.9570 0.0084
vn -0.2921 -0.9564 0.0070
vn -0.2902 -0.9570 0.0052
vn -0.0491 -0.9988 -0.0012
vn -0.0143 -0.9999 -0.0026
vn -0.9990 -0.0379 0.0255
vn -0.9989 -0.0374 0.0270
vn -0.9996 -0.0109 0.0253
vn -0.9996 -0.0107 0.0271
vn -0.9700 -0.2420 0.0231
vn -0.9695 -0.2438 0.0247
vn -0.9699 -0.2420 0.0262
vn -0.9712 -0.2364 0.0282
vn -0.9989 -0.0360 0.0292
vn -0.9995 -0.0102 0.0296
vn -0.9995 -0.0037 0.0300
vn -0.9996 -0.0039 0.0272
vn -0.9997 -0.0039 0.0252
vn -0.9997 -0.0039 0.0227
vn -0.9997 -0.0107 0.0232
vn -0.9990 -0.0374 0.0236
vn 0.0117 -0.0003 0.9999
vn 0.0119 0.0003 0.9999
vn -0.0235 -0.0003 0.9997
vn -0.0229 0.0003 0.9997
vn 0.0210 -0.0013 0.9998
vn 0.0209 -0.0003 0.9998
vn 0.0210 0.0004 0.9998
vn 0.0213 0.0014 0.9998
vn 0.0126 0.0013 0.9999
vn -0.0211 0.0011 0.9998
vn -0.2589 0.0010 0.9659
vn -0.2651 0.0003 0.9642
vn -0.2671 -0.0002 0.9637
vn -0.2650 -0.0009 0.9642
vn -0.0229 -0.0009 0.9997
vn 0.0119 -0.0011 0.9999
vn -0.9928 -0.0003 0.1194
vn -0.9930 0.0003 0.1183
vn -0.9985 -0.0003 0.0549
vn -0.9985 0.0004 0.0544
vn -0.9014 -0.0009 0.4331
vn -0.9004 -0.0003 0.4351
vn -0.9014 0.0003 0.4331
vn -0.9043 0.0010 0.4269
vn -0.9934 0.0011 0.1150
vn -0.9986 0.0013 0.0531
vn -0.9993 0.0014 0.0360
vn -0.9993 0.0004 0.0366
vn -0.9993 -0.0003 0.0368
vn -0.9993 -0.0013 0.0366
vn -0.9985 -0.0011 0.0544
vn -0.9930 -0.0009 0.1183
vn -0.0144 0.9999 0.0012
vn -0.0143 0.9999 -0.0006
vn -0.0497 0.9988 0.0020
vn -0.0491 0.9988 0.0004
vn -0.0051 1.0000 0.0036
vn -0.0052 1.0000 0.0011
vn -0.0052 1.0000 -0.0009
vn -0.0050 1.0000 -0.0037
vn -0.0137 0.9999 -0.0031
vn -0.0473 0.9989 -0.0018
vn -0.2841 0.9588 0.0047
vn -0.2901 0.9570 0.0068
vn -0.2921 0.9564 0.0083
vn -0.2900 0.9570 0.0100
vn -0.0490 0.9988 0.0038
vn -0.0142 0.9999 0.0034
vn -0.9989 0.0379 0.0269
vn -0.9990 0.0374 0.0253
vn -0.9996 0.0109 0.0270
vn -0.9996 0.0107 0.0252
vn -0.9699 0.2420 0.0277
vn -0.9695 0.2438 0.0260
vn -0.9700 0.2420 0.0246
vn -0.9714 0.2364 0.0227
vn -0.9991 0.0360 0.0231
vn -0.9997 0.0102 0.0227
vn -0.9997 0.0037 0.0224
vn -0.9997 0.0039 0.0251
vn -0.9996 0.0039 0.0271
vn -0.9996 0.0039 0.0296
vn -0.9995 0.0107 0.0292
vn -0.9989 0.0374 0.0287
vn -0.0406 0.0003 -0.9992
vn -0.0404 -0.0003 -0.9992
vn -0.0758 0.0003 -0.9971
vn -0.0752 -0.0003 -0.9972
vn -0.0313 0.0013 -0.9995
vn -0.0314 0.0003 -0.9995
vn -0.0313 -0.0004 -0.9995
vn -0.0311 -0.0014 -0.9995
vn -0.0398 -0.0013 -0.9992
vn -0.0733 -0.0011 -0.9973
vn -0.3091 -0.0010 -0.9510
vn -0.3152 -0.0003 -0.9490
vn -0.3171 0.0002 -0.9484
vn -0.3152 0.0009 -0.9490
vn -0.0752 0.0009 -0.9972
vn -0.0404 0.0011 -0.9992
vn -0.9977 0.0003 -0.0673
vn -0.9978 -0.0003 -0.0662
vn -1.0000 0.0003 -0.0025
vn -1.0000 -0.0004 -0.0021
vn -0.9228 0.0009 -0.3853
vn -0.9219 0.0003 -0.3874
vn -0.9228 -0.0003 -0.3853
vn -0.9254 -0.0010 -0.3790
vn -0.9980 -0.0011 -0.0629
vn -1.0000 -0.0013 -0.0008
vn -0.9999 -0.0014 0.0163
vn -0.9999 -0.0004 0.0158
vn -0.9999 0.0003 0.0156
vn -0.9999 0.0013 0.0158
vn -1.0000 0.0011 -0.0021
vn -0.9978 0.0009 -0.0662
vn -0.0003 -0.9996 -0.0287
vn -0.0012 -0.9996 -0.0283
vn -0.0021 -0.9956 -0.0934
vn -0.0028 -0.9957 -0.0923
vn 0.0014 -0.9999 -0.0105
vn 0.0002 -0.9999 -0.0106
vn -0.0008 -0.9999 -0.0104
vn -0.0021 -0.9999 -0.0098
vn -0.0024 -0.9996 -0.0269
vn -0.0038 -0.9960 -0.0889
vn -0.0119 -0.9152 -0.4028
vn -0.0111 -0.9124 -0.4092
vn -0.0104 -0.9114 -0.4113
vn -0.0095 -0.9124 -0.4092
vn -0.0011 -0.9957 -0.0923
vn 0.0007 -0.9996 -0.0283
vn -0.0258 -0.0379 -0.9989
vn -0.0266 -0.0374 -0.9989
vn -0.0258 -0.0109 -0.9996
vn -0.0266 -0.0107 -0.9996
vn -0.0242 -0.2420 -0.9700
vn -0.0251 -0.2438 -0.9695
vn -0.0258 -0.2420 -0.9699
vn -0.0268 -0.2364 -0.9713
vn -0.0276 -0.0360 -0.9990
vn -0.0279 -0.0102 -0.9996
vn -0.0280 -0.0037 -0.9996
vn -0.0267 -0.0039 -0.9996
vn -0.0245 -0.0039 -0.9997
vn -0.0247 -0.0107 -0.9996
vn -0.0249 -0.0374 -0.9990
vn -0.0012 0.9996 -0.0287
vn -0.0003 0.9996 -0.0283
vn -0.0028 0.9956 -0.0934
vn -0.0020 0.9957 -0.0923
vn -0.0020 0.9999 -0.0104
vn -0.0007 0.9999 -0.0106
vn 0.0002 0.9999 -0.0104
vn 0.0016 0.9999 -0.0099
vn 0.0010 0.9996 -0.0270
vn -0.0008 0.9960 -0.0890
vn -0.0092 0.9152 -0.4029
vn -0.0103 0.9124 -0.4092
vn -0.0111 0.9114 -0.4113
vn -0.0120 0.9124 -0.4092
vn -0.0037 0.9957 -0.0923
vn -0.0022 0.9996 -0.0282
vn -0.0265 0.0379 -0.9989
vn -0.0257 0.0374 -0.9990
vn -0.0266 0.0109 -0.9996
vn -0.0257 0.0107 -0.9996
vn -0.0266 0.2420 -0.9699
vn -0.0257 0.2438 -0.9695
vn -0.0250 0.2420 -0.9700
vn -0.0241 0.2364 -0.9714
vn -0.0247 0.0360 -0.9990
vn -0.0245 0.0102 -0.9996
vn -0.0243 0.0037 -0.9997
vn -0.0266 0.0039 -0.9996
vn -0.0279 0.0039 -0.9996
vn -0.0276 0.0107 -0.9996
vn -0.0274 0.0374 -0.9989
vn 0.9985 0.0003 -0.0549
vn 0.9985 -0.0004 -0.0544
vn 0.9928 0.0003 -0.1194
vn 0.9930 -0.0003 -0.1183
vn 0.9993 0.0013 -0.0366
vn 0.9993 0.0003 -0.0368
vn 0.9993 -0.0004 -0.0366
vn 0.9993 -0.0014 -0.0360
vn 0.9986 -0.0013 -0.0531
vn 0.9934 -0.0011 -0.1150
vn 0.9043 -0.0010 -0.4268
vn 0.9013 -0.0003 -0.4331
vn 0.9004 0.0003 -0.4351
vn 0.9013 0.0009 -0.4331
vn 0.9930 0.0009 -0.1183
vn 0.9985 0.0011 -0.0544
vn 0.0235 0.0003 -0.9997
vn 0.0229 -0.0003 -0.9997
vn -0.0117 0.0003 -0.9999
vn -0.0119 -0.0003 -0.9999
vn 0.2651 0.0009 -0.9642
vn 0.2671 0.0002 -0.9637
vn 0.2651 -0.0003 -0.9642
vn 0.2589 -0.0010 -0.9659
vn 0.0211 -0.0011 -0.9998
vn -0.0126 -0.0013 -0.9999
vn -0.0213 -0.0014 -0.9998
vn -0.0210 -0.0004 -0.9998
vn -0.0209 0.0003 -0.9998
vn -0.0210 0.0013 -0.9998
vn -0.0119 0.0011 -0.9999
vn 0.0229 0.0009 -0.9997
vn 0.0145 -0.9999 0.0005
vn 0.0142 -0.9999 -0.0013
vn 0.0497 -0.9988 -0.0006
vn 0.0490 -0.9988 -0.0021
vn 0.0052 -1.0000 0.0033
vn 0.0053 -1.0000 0.0008
vn 0.0051 -1.0000 -0.0012
vn 0.0048 -1.0000 -0.0039
vn 0.0135 -0.9999 -0.0038
vn 0.0471 -0.9989 -0.0043
vn 0.2840 -0.9588 -0.0102
vn 0.2901 -0.9570 -0.0084
vn 0.2921 -0.9564 -0.0070
vn 0.2901 -0.9570 -0.0052
vn 0.0491 -0.9988 0.0012
vn 0.0143 -0.9999 0.0026
vn 0.9990 -0.0379 -0.0255
vn 0.9989 -0.0374 -0.0270
vn 0.9996 -0.0109 -0.0253
vn 0.9996 -0.0107 -0.0271
vn 0.9700 -0.2420 -0.0231
vn 0.9695 -0.2438 -0.0247
vn 0.9699 -0.2420 -0.0262
vn 0.9712 -0.2364 -0.0282
vn 0.9989 -0.0360 -0.0292
vn 0.9995 -0.0102 -0.0296
vn 0.9995 -0.0037 -0.0300
vn 0.9996 -0.0039 -0.0272
vn 0.9997 -0.0039 -0.0252
vn 0.9997 -0.0039 -0.0227
vn 0.9997 -0.0107 -0.0232
vn 0.9990 -0.0374 -0.0236
vn 0.0144 0.9999 -0.0012
vn 0.0143 0.9999 0.0006
vn 0.0497 0.9988 -0.0020
vn 0.0491 0.9988 -0.0004
vn 0.0051 1.0000 -0.0036
vn 0.0052 1.0000 -0.0011
vn 0.0052 1.0000 0.0009
vn 0.0050 1.0000 0.0037
vn 0.0137 0.9999 0.0031
vn 0.0473 0.9989 0.0018
vn 0.2841 0.9588 -0.0047
vn 0.2901 0.9570 -0.0068
vn 0.2921 0.9564 -0.0083
vn 0.2900 0.9570 -0.0100
vn 0.0490 0.9988 -0.0038
vn 0.0142 0.9999 -0.0034
vn 0.9989 0.0379 -0.0269
vn 0.9990 0.0374 -0.0253
vn 0.9996 0.0109 -0.0270
vn 0.9996 0.0107 -0.0252
vn 0.9699 0.2420 -0.0277
vn 0.9695 0.2438 -0.0260
vn 0.9700 0.2420 -0.0246
vn 0.9714 0.2364 -0.0227
vn 0.9991 0.0360 -0.0231
vn 0.9997 0.0102 -0.0227
vn 0.9997 0.0037 -0.0224
vn 0.9997 0.0039 -0.0251
vn 0.9996 0.0039 -0.0271
vn 0.9996 0.0039 -0.0296
vn 0.9995 0.0107 -0.0292
vn 0.9989 0.0374 -0.0287
vn 0.0406 0.0003 0.9992
vn 0.0404 -0.0003 0.9992
vn 0.0758 0.0003 0.9971
vn 0.0752 -0.0003 0.9972
vn 0.0313 0.0013 0.9995
vn 0.0314 0.0003 0.9995
vn 0.0313 -0.0004 0.9995
vn 0.0311 -0.0014 0.9995
vn 0.0398 -0.0013 0.9992
vn 0.0733 -0.0011 0.9973
vn 0.3091 -0.0010 0.9510
vn 0.3152 -0.0003 0.9490
vn 0.3171 0.0002 0.9484
vn 0.3152 0.0009 0.9490
vn 0.0752 0.0009 0.9972
vn 0.0404 0.0011 0.9992
vn 0.9977 0.0003 0.0673
vn 0.9978 -0.0003 0.0662
vn 1.0000 0.0003 0.0025
vn 1.0000 -0.0004 0.0021
vn 0.9228 0.0009 0.3853
vn 0.9219 0.0003 0.3874
vn 0.9228 -0.0003 0.3853
vn 0.9254 -0.0010 0.3789
vn 0.9980 -0.0011 0.0629
vn 1.0000 -0.0013 0.0008
vn 0.9999 -0.0014 -0.0163
vn 0.9999 -0.0004 -0.0158
vn 0.9999 0.0003 -0.0156
vn 0.9999 0.0013 -0.0158
vn 1.0000 0.0011 0.0021
vn 0.9978 0.0009 0.0662
vn 0.0003 -0.9996 0.0287
vn 0.0012 -0.9996 0.0283
vn 0.0021 -0.9956 0.0934
vn 0.0028 -0.9957 0.0923
vn -0.0014 -0.9999 0.0105
vn -0.0002 -0.9999 0.0106
vn 0.0008 -0.9999 0.0104
vn 0.0021 -0.9999 0.0098
vn 0.0024 -0.9996 0.0269
vn 0.0038 -0.9960 0.0889
vn 0.0119 -0.9152 0.4028
vn 0.0111 -0.9124 0.4092
vn 0.0104 -0.9114 0.4113
vn 0.0095 -0.9124 0.4092
vn 0.0011 -0.9957 0.0923
vn -0.0007 -0.9996 0.0283
vn 0.0258 -0.0379 0.9989
vn 0.0266 -0.0374 0.9989
vn 0.0258 -0.0109 0.9996
vn 0.0266 -0.0107 0.9996
vn 0.0242 -0.2420 0.9700
vn 0.0251 -0.2438 0.9695
vn 0.0258 -0.2420 0.9699
vn 0.0268 -0.2364 0.9713
vn 0.0276 -0.0360 0.9990
vn 0.0279 -0.0102 0.9996
vn 0.0280 -0.0037 0.9996
vn 0.0267 -0.0039 0.9996
vn 0.0245 -0.0039 0.9997
vn 0.0247 -0.0107 0.9996
vn 0.0249 -0.0374 0.9990
vn 0.0012 0.9996 0.0287
vn 0.0003 0.9996 0.0283
vn 0.0028 0.9956 0.0934
vn 0.0020 0.9957 0.0923
vn 0.0020 0.9999 0.0104
vn 0.0007 0.9999 0.0106
vn -0.0002 0.9999 0.0104
vn -0.0016 0.9999 0.0099
vn -0.0010 0.9996 0.0270
vn 0.0008 0.9960 0.0890
vn 0.0092 0.9152 0.4029
vn 0.0103 0.9124 0.4092
vn 0.0111 0.9114 0.4113
vn 0.0120 0.9124 0.4092
vn 0.0037 0.9957 0.0923
vn 0.0022 0.9996 0.0282
vn 0.0265 0.0379 0.9989
vn 0.0257 0.0374 0.9990
vn 0.0266 0.0109 0.9996
vn 0.0257 0.0107 0.9996
vn 0.0266 0.2420 0.9699
vn 0.0257 0.2438 0.9695
vn 0.0250 0.2420 0.9700
vn 0.0241 0.2364 0.9714
vn 0.0247 0.0360 0.9990
vn 0.0245 0.0102 0.9996
vn 0.0243 0.0037 0.9997
vn 0.0266 0.0039 0.9996
vn 0.0279 0.0039 0.9996
vn 0.0276 0.0107 0.9996
vn 0.0274 0.0374 0.9989
vn -0.0020 -1.0000 -0.0040
vn -0.0006 -1.0000 -0.0041
vn 0.0004 -1.0000 -0.0040
vn 0.0019 -1.0000 -0.0038
vn 0.0020 -1.0000 -0.0011
vn 0.0020 -1.0000 0.0010
vn 0.0021 -1.0000 0.0037
vn 0.0007 -1.0000 0.0040
vn -0.0004 -1.0000 0.0041
vn -0.0018 -1.0000 0.0041
vn -0.0019 -1.0000 0.0012
vn -0.0020 -1.0000 -0.0011
vt 0.455047 0.830250
vt 0.500001 0.874999
vt 0.455047 0.874999
vt 0.544955 0.830248
vt 0.500001 0.830250
vt 0.455050 0.919748
vt 0.544955 0.919742
vt 0.500001 0.919747
vt 0.417717 0.793045
vt 0.417712 0.830247
vt 0.455049 0.793051
vt 0.544956 0.793046
vt 0.500001 0.793051
vt 0.582294 0.793034
vt 0.582293 0.830242
vt 0.544955 0.874997
vt 0.582292 0.919734
vt 0.582292 0.956912
vt 0.544955 0.956931
vt 0.500003 0.956940
vt 0.455056 0.956944
vt 0.417733 0.956945
vt 0.417719 0.919748
vt 0.417712 0.874999
vt 0.455045 0.581080
vt 0.500000 0.625000
vt 0.455046 0.625001
vt 0.544953 0.581078
vt 0.499999 0.581078
vt 0.455047 0.668922
vt 0.544955 0.668920
vt 0.500001 0.668922
vt 0.417706 0.544466
vt 0.417707 0.581085
vt 0.455044 0.544454
vt 0.544951 0.544449
vt 0.499999 0.544449
vt 0.582284 0.544455
vt 0.582288 0.581081
vt 0.544954 0.625000
vt 0.582293 0.668915
vt 0.582294 0.705534
vt 0.544956 0.705546
vt 0.500001 0.705551
vt 0.455049 0.705551
vt 0.417717 0.705545
vt 0.417712 0.668919
vt 0.417709 0.625001
vt 0.705250 0.581078
vt 0.750000 0.624999
vt 0.705251 0.624999
vt 0.794742 0.581076
vt 0.749998 0.581077
vt 0.705252 0.668919
vt 0.794748 0.668912
vt 0.750000 0.668919
vt 0.668047 0.544455
vt 0.668052 0.581081
vt 0.705248 0.544449
vt 0.794734 0.544445
vt 0.749995 0.544446
vt 0.831912 0.544445
vt 0.831931 0.581075
vt 0.794747 0.624997
vt 0.831944 0.668896
vt 0.831945 0.705490
vt 0.794748 0.705528
vt 0.750000 0.705545
vt 0.705253 0.705545
vt 0.668058 0.705534
vt 0.668057 0.668915
vt 0.668055 0.624999
vt 0.455046 0.081088
vt 0.500000 0.125000
vt 0.455047 0.125003
vt 0.544950 0.081076
vt 0.499999 0.081080
vt 0.455050 0.168924
vt 0.544954 0.168912
vt 0.500001 0.168920
vt 0.417708 0.044510
vt 0.417709 0.081104
vt 0.455045 0.044472
vt 0.544944 0.044445
vt 0.499997 0.044453
vt 0.582267 0.044444
vt 0.582281 0.081075
vt 0.544953 0.124997
vt 0.582291 0.168896
vt 0.582292 0.205490
vt 0.544955 0.205528
vt 0.500003 0.205547
vt 0.455056 0.205555
vt 0.417733 0.205556
vt 0.417719 0.168925
vt 0.417711 0.125008
vt 0.455045 0.330258
vt 0.499999 0.375001
vt 0.455045 0.375003
vt 0.544950 0.330252
vt 0.499999 0.330254
vt 0.455045 0.419752
vt 0.544953 0.419750
vt 0.499999 0.419750
vt 0.417708 0.293088
vt 0.417708 0.330266
vt 0.455045 0.293069
vt 0.544944 0.293056
vt 0.499997 0.293060
vt 0.582267 0.293056
vt 0.582281 0.330252
vt 0.544953 0.375001
vt 0.582288 0.419753
vt 0.582284 0.456955
vt 0.544951 0.456949
vt 0.499999 0.456949
vt 0.455044 0.456954
vt 0.417706 0.456966
vt 0.417707 0.419758
vt 0.417708 0.375007
vt 0.143891 0.729718
vt 0.130895 0.743171
vt 0.131502 0.731756
vt 0.141847 0.742463
vt 0.129248 0.748105
vt 0.126666 0.744893
vt 0.126555 0.737111
vt 0.126658 0.748320
vt 0.168088 0.705556
vt 0.144136 0.705961
vt 0.167697 0.729427
vt 0.164785 0.742361
vt 0.136361 0.748016
vt 0.155976 0.748004
vt 0.127377 0.750000
vt 0.126976 0.750000
vt 0.126575 0.750000
vt 0.126174 0.750000
vt 0.125881 0.748611
vt 0.125587 0.747222
vt 0.125294 0.745833
vt 0.126412 0.717303
vt 0.125000 0.744444
vt 0.131509 0.708796
vt 0.393485 0.981226
vt 0.380506 0.994416
vt 0.381152 0.983337
vt 0.391406 0.993681
vt 0.378810 0.998781
vt 0.376385 0.996199
vt 0.376326 0.988883
vt 0.376321 0.999004
vt 0.393747 0.957364
vt 0.417331 0.980925
vt 0.414387 0.993577
vt 0.385857 0.998689
vt 0.405502 0.998676
vt 0.376783 1.000000
vt 0.376482 1.000000
vt 0.376181 1.000000
vt 0.375881 1.000000
vt 0.375660 0.999306
vt 0.375440 0.998611
vt 0.375220 0.997917
vt 0.376222 0.969112
vt 0.375000 0.997222
vt 0.381184 0.960301
vt 0.393397 0.020517
vt 0.380273 0.007449
vt 0.391268 0.007905
vt 0.381014 0.018611
vt 0.376050 0.006001
vt 0.378475 0.002789
vt 0.385674 0.002472
vt 0.375825 0.003004
vt 0.417285 0.020694
vt 0.393701 0.044161
vt 0.381120 0.041375
vt 0.376142 0.013377
vt 0.376156 0.032873
vt 0.375000 0.004754
vt 0.375000 0.003952
vt 0.375000 0.003150
vt 0.375000 0.002348
vt 0.375521 0.001761
vt 0.376042 0.001174
vt 0.376563 0.000587
vt 0.405436 0.002173
vt 0.377083 0.000000
vt 0.414323 0.007810
vt 0.606603 0.981109
vt 0.619727 0.994105
vt 0.608732 0.993498
vt 0.618986 0.983153
vt 0.623950 0.995752
vt 0.621525 0.998334
vt 0.614326 0.998445
vt 0.624175 0.998342
vt 0.582715 0.980864
vt 0.606299 0.957303
vt 0.618880 0.960215
vt 0.623858 0.988639
vt 0.623845 0.969024
vt 0.625000 0.997623
vt 0.625000 0.998024
vt 0.625000 0.998425
vt 0.625000 0.998826
vt 0.624479 0.999120
vt 0.623958 0.999413
vt 0.623438 0.999707
vt 0.594564 0.998588
vt 0.622917 1.000000
vt 0.585677 0.993491
vt 0.856226 0.729483
vt 0.869416 0.742551
vt 0.858337 0.742095
vt 0.868681 0.731389
vt 0.873781 0.743999
vt 0.871199 0.747211
vt 0.863883 0.747528
vt 0.874004 0.746996
vt 0.832364 0.729306
vt 0.855924 0.705839
vt 0.868577 0.708625
vt 0.873689 0.736623
vt 0.873676 0.717127
vt 0.875000 0.745246
vt 0.875000 0.746048
vt 0.875000 0.746850
vt 0.875000 0.747652
vt 0.874306 0.748239
vt 0.873611 0.748826
vt 0.872917 0.749413
vt 0.844112 0.747827
vt 0.872222 0.750000
vt 0.835301 0.742190
vt 0.606515 0.020282
vt 0.619494 0.006829
vt 0.618848 0.018244
vt 0.608594 0.007538
vt 0.621190 0.001895
vt 0.623615 0.005107
vt 0.623674 0.012889
vt 0.623679 0.001680
vt 0.606253 0.044039
vt 0.582669 0.020573
vt 0.585613 0.007639
vt 0.614143 0.001984
vt 0.594498 0.001997
vt 0.623217 0.000000
vt 0.623518 0.000000
vt 0.623819 0.000000
vt 0.624120 0.000000
vt 0.624340 0.001389
vt 0.624560 0.002778
vt 0.624780 0.004167
vt 0.623778 0.032697
vt 0.625000 0.005556
vt 0.618816 0.041204
vt 0.143774 0.520517
vt 0.130584 0.507449
vt 0.141663 0.507905
vt 0.131319 0.518611
vt 0.126219 0.506001
vt 0.128801 0.502789
vt 0.136117 0.502473
vt 0.125996 0.503004
vt 0.168056 0.544510
vt 0.167636 0.520694
vt 0.144076 0.544161
vt 0.131424 0.541375
vt 0.126311 0.513377
vt 0.126324 0.532873
vt 0.125000 0.504754
vt 0.125000 0.503952
vt 0.125000 0.503150
vt 0.125000 0.502348
vt 0.125694 0.501761
vt 0.126389 0.501174
vt 0.127083 0.500587
vt 0.155888 0.502173
vt 0.127778 0.500000
vt 0.164699 0.507810
vt 0.393485 0.229718
vt 0.380506 0.243171
vt 0.381152 0.231756
vt 0.391406 0.242461
vt 0.378810 0.248105
vt 0.376385 0.244893
vt 0.376326 0.237111
vt 0.376321 0.248320
vt 0.393747 0.205961
vt 0.417331 0.229426
vt 0.414387 0.242351
vt 0.385857 0.248014
vt 0.405608 0.247975
vt 0.376783 0.250000
vt 0.376482 0.250000
vt 0.376181 0.250000
vt 0.375881 0.250000
vt 0.375660 0.248611
vt 0.375440 0.247222
vt 0.375220 0.245833
vt 0.376222 0.217303
vt 0.375000 0.244444
vt 0.381184 0.208796
vt 0.393397 0.268891
vt 0.380273 0.255895
vt 0.391268 0.256501
vt 0.381014 0.266847
vt 0.376050 0.254248
vt 0.378475 0.251666
vt 0.385674 0.251552
vt 0.375825 0.251658
vt 0.417285 0.269135
vt 0.393701 0.292697
vt 0.381120 0.289785
vt 0.376142 0.261361
vt 0.376156 0.280976
vt 0.375000 0.252377
vt 0.375000 0.251976
vt 0.375000 0.251575
vt 0.375000 0.251174
vt 0.375521 0.250881
vt 0.376042 0.250587
vt 0.376563 0.250294
vt 0.405542 0.251383
vt 0.377083 0.250000
vt 0.414323 0.256500
vt 0.856109 0.520282
vt 0.869105 0.506829
vt 0.868498 0.518244
vt 0.858153 0.507538
vt 0.870752 0.501895
vt 0.873334 0.505107
vt 0.873445 0.512889
vt 0.873342 0.501680
vt 0.855864 0.544039
vt 0.832303 0.520573
vt 0.835215 0.507639
vt 0.863639 0.501984
vt 0.844024 0.501997
vt 0.872623 0.500000
vt 0.873024 0.500000
vt 0.873425 0.500000
vt 0.873826 0.500000
vt 0.874120 0.501389
vt 0.874413 0.502778
vt 0.874707 0.504167
vt 0.873588 0.532697
vt 0.875000 0.505556
vt 0.868491 0.541204
vt 0.606515 0.268774
vt 0.619494 0.255585
vt 0.618848 0.266663
vt 0.608594 0.256318
vt 0.621190 0.251219
vt 0.623615 0.253801
vt 0.623674 0.261117
vt 0.623679 0.250996
vt 0.606253 0.292636
vt 0.582669 0.269074
vt 0.585613 0.256414
vt 0.614143 0.251308
vt 0.594392 0.251295
vt 0.623217 0.250000
vt 0.623518 0.250000
vt 0.623819 0.250000
vt 0.624120 0.250000
vt 0.624340 0.250694
vt 0.624560 0.251389
vt 0.624780 0.252083
vt 0.623778 0.280888
vt 0.625000 0.252778
vt 0.618816 0.289699
vt 0.606603 0.229483
vt 0.619727 0.242551
vt 0.608732 0.242094
vt 0.618986 0.231389
vt 0.623950 0.243999
vt 0.621525 0.247211
vt 0.614326 0.247525
vt 0.624175 0.246996
vt 0.582715 0.229305
vt 0.606299 0.205839
vt 0.618880 0.208625
vt 0.623858 0.236623
vt 0.623845 0.217127
vt 0.625000 0.245246
vt 0.625000 0.246048
vt 0.625000 0.246850
vt 0.625000 0.247652
vt 0.624479 0.248239
vt 0.623958 0.248826
vt 0.623438 0.249413
vt 0.594458 0.247798
vt 0.622917 0.250000
vt 0.585677 0.242180
vt 0.356254 0.729388
vt 0.369478 0.742262
vt 0.358381 0.742300
vt 0.368712 0.729367
vt 0.373838 0.742228
vt 0.371301 0.747858
vt 0.363943 0.747923
vt 0.374132 0.747796
vt 0.331953 0.705545
vt 0.332379 0.729407
vt 0.355938 0.705535
vt 0.368585 0.705524
vt 0.373700 0.729349
vt 0.373657 0.705516
vt 0.374949 0.729341
vt 0.375003 0.742206
vt 0.375093 0.747743
vt 0.375293 0.749609
vt 0.374526 0.749707
vt 0.373758 0.749804
vt 0.372990 0.749902
vt 0.344134 0.747974
vt 0.372222 0.750000
vt 0.335322 0.742333
vt 0.393729 0.729381
vt 0.381179 0.742218
vt 0.381150 0.729361
vt 0.393744 0.742245
vt 0.381209 0.747707
vt 0.376210 0.742204
vt 0.376166 0.729346
vt 0.376271 0.747707
vt 0.393715 0.705535
vt 0.417724 0.729399
vt 0.417732 0.742272
vt 0.393758 0.747734
vt 0.417738 0.747768
vt 0.393764 0.749457
vt 0.381226 0.749430
vt 0.376322 0.749445
vt 0.376137 0.705516
vt 0.374917 0.705512
vt 0.381129 0.705524
vt 0.393731 0.768728
vt 0.381194 0.755437
vt 0.393746 0.756202
vt 0.381165 0.766596
vt 0.376265 0.753628
vt 0.381219 0.750919
vt 0.393759 0.751041
vt 0.376309 0.750687
vt 0.417724 0.769048
vt 0.393716 0.792616
vt 0.381141 0.789671
vt 0.376216 0.761033
vt 0.376178 0.780859
vt 0.375073 0.751986
vt 0.375147 0.751193
vt 0.375220 0.750401
vt 0.417738 0.751089
vt 0.417741 0.749494
vt 0.417732 0.756335
vt 0.643786 0.729349
vt 0.630621 0.742163
vt 0.631348 0.729307
vt 0.641680 0.742240
vt 0.628845 0.747713
vt 0.626294 0.742096
vt 0.626378 0.729272
vt 0.626073 0.747591
vt 0.644083 0.705515
vt 0.667641 0.729387
vt 0.664706 0.742304
vt 0.636138 0.747842
vt 0.655896 0.747945
vt 0.627108 0.749804
vt 0.626438 0.749609
vt 0.625768 0.749413
vt 0.625098 0.749217
vt 0.625139 0.747512
vt 0.625143 0.742061
vt 0.625136 0.729256
vt 0.626383 0.705476
vt 0.625127 0.705469
vt 0.631446 0.705493
vt 0.606309 0.768689
vt 0.618905 0.755338
vt 0.618895 0.766536
vt 0.606314 0.756142
vt 0.618914 0.750787
vt 0.623881 0.753483
vt 0.623865 0.760952
vt 0.623896 0.750482
vt 0.606304 0.792596
vt 0.582297 0.769027
vt 0.582300 0.756303
vt 0.606318 0.750964
vt 0.582302 0.751049
vt 0.606320 0.749372
vt 0.618919 0.749285
vt 0.623909 0.749214
vt 0.625073 0.750108
vt 0.625049 0.750998
vt 0.625025 0.751888
vt 0.623852 0.780830
vt 0.625000 0.752778
vt 0.618887 0.789642
vt 0.606310 0.729342
vt 0.618916 0.742124
vt 0.606315 0.742185
vt 0.618909 0.729302
vt 0.623918 0.742075
vt 0.618920 0.747579
vt 0.606319 0.747657
vt 0.623919 0.747518
vt 0.582297 0.729379
vt 0.606306 0.705515
vt 0.618903 0.705493
vt 0.623912 0.729269
vt 0.623903 0.705476
vt 0.582302 0.747728
vt 0.582303 0.749450
vt 0.582300 0.742241
vt 0.356215 0.520651
vt 0.369379 0.507837
vt 0.368652 0.520693
vt 0.358320 0.507760
vt 0.371155 0.502287
vt 0.373706 0.507905
vt 0.373622 0.520728
vt 0.373927 0.502409
vt 0.331942 0.544466
vt 0.355918 0.544486
vt 0.332359 0.520613
vt 0.335294 0.507696
vt 0.363862 0.502159
vt 0.344104 0.502055
vt 0.372892 0.500196
vt 0.373562 0.500391
vt 0.374232 0.500587
vt 0.374902 0.500783
vt 0.374861 0.502488
vt 0.374858 0.507939
vt 0.374864 0.520744
vt 0.373617 0.544524
vt 0.374873 0.544532
vt 0.368554 0.544507
vt 0.393691 0.481311
vt 0.381095 0.494662
vt 0.381105 0.483464
vt 0.393686 0.493858
vt 0.381086 0.499213
vt 0.376119 0.496517
vt 0.376135 0.489049
vt 0.376104 0.499518
vt 0.393696 0.457404
vt 0.417703 0.480973
vt 0.417701 0.493697
vt 0.393682 0.499037
vt 0.417698 0.498951
vt 0.393680 0.500628
vt 0.381081 0.500715
vt 0.376091 0.500786
vt 0.374927 0.499893
vt 0.374951 0.499003
vt 0.374976 0.498112
vt 0.376148 0.469171
vt 0.375000 0.497222
vt 0.381113 0.460358
vt 0.393690 0.520658
vt 0.381084 0.507876
vt 0.393685 0.507815
vt 0.381091 0.520698
vt 0.376082 0.507925
vt 0.381080 0.502421
vt 0.393681 0.502343
vt 0.376082 0.502482
vt 0.417703 0.520621
vt 0.393694 0.544486
vt 0.381097 0.544507
vt 0.376088 0.520731
vt 0.376097 0.544524
vt 0.417698 0.502272
vt 0.417697 0.500550
vt 0.417701 0.507759
vt 0.643747 0.520612
vt 0.630522 0.507738
vt 0.641619 0.507700
vt 0.631288 0.520633
vt 0.626162 0.507772
vt 0.628699 0.502142
vt 0.636057 0.502078
vt 0.625868 0.502204
vt 0.667621 0.520593
vt 0.644062 0.544465
vt 0.631415 0.544476
vt 0.626301 0.520651
vt 0.626343 0.544484
vt 0.625051 0.520659
vt 0.624997 0.507794
vt 0.624908 0.502257
vt 0.624707 0.500391
vt 0.625474 0.500294
vt 0.626242 0.500196
vt 0.627010 0.500098
vt 0.655866 0.502026
vt 0.627778 0.500000
vt 0.664678 0.507667
vt 0.606271 0.520619
vt 0.618821 0.507782
vt 0.618850 0.520639
vt 0.606256 0.507755
vt 0.618791 0.502293
vt 0.623790 0.507796
vt 0.623834 0.520654
vt 0.623729 0.502293
vt 0.606285 0.544465
vt 0.582276 0.520601
vt 0.582268 0.507728
vt 0.606242 0.502266
vt 0.582262 0.502232
vt 0.606236 0.500543
vt 0.618774 0.500570
vt 0.623678 0.500555
vt 0.623863 0.544484
vt 0.625083 0.544488
vt 0.618871 0.544476
vt 0.606270 0.481272
vt 0.618806 0.494563
vt 0.606254 0.493798
vt 0.618835 0.483404
vt 0.623735 0.496372
vt 0.618781 0.499081
vt 0.606241 0.498959
vt 0.623691 0.499313
vt 0.582276 0.480952
vt 0.606284 0.457384
vt 0.618859 0.460330
vt 0.623784 0.488968
vt 0.623823 0.469141
vt 0.624927 0.498015
vt 0.624853 0.498807
vt 0.624780 0.499599
vt 0.582262 0.498911
vt 0.582259 0.500507
vt 0.582268 0.493666
vt 0.144083 0.625015
vt 0.131425 0.578911
vt 0.144076 0.580848
vt 0.131455 0.671154
vt 0.131432 0.625017
vt 0.126325 0.573756
vt 0.126347 0.676293
vt 0.126329 0.625011
vt 0.168056 0.581104
vt 0.168060 0.625008
vt 0.144101 0.669204
vt 0.168069 0.668925
vt 0.125000 0.684722
vt 0.125000 0.625000
vt 0.125000 0.565278
vt 0.125000 0.505556
vt 0.376173 0.176293
vt 0.381126 0.125017
vt 0.381143 0.171154
vt 0.376156 0.073756
vt 0.376160 0.125011
vt 0.393707 0.125015
vt 0.393720 0.169204
vt 0.381121 0.078911
vt 0.375000 0.184722
vt 0.375000 0.065278
vt 0.375000 0.125000
vt 0.375000 0.005556
vt 0.393702 0.080848
vt 0.500006 0.980917
vt 0.452742 0.993575
vt 0.454773 0.980924
vt 0.547283 0.993545
vt 0.500007 0.993568
vt 0.447367 0.998676
vt 0.552652 0.998653
vt 0.500004 0.998671
vt 0.545246 0.980900
vt 0.561458 1.000000
vt 0.500000 1.000000
vt 0.438542 1.000000
vt 0.377083 1.000000
vt 0.447349 0.002043
vt 0.499994 0.007656
vt 0.452717 0.007701
vt 0.552633 0.001998
vt 0.499996 0.002008
vt 0.499995 0.020588
vt 0.454754 0.020623
vt 0.547258 0.007641
vt 0.438542 0.000000
vt 0.561458 0.000000
vt 0.500000 0.000000
vt 0.622917 0.000000
vt 0.545227 0.020575
vt 0.855917 0.624985
vt 0.868575 0.671089
vt 0.855924 0.669152
vt 0.868545 0.578846
vt 0.868568 0.624983
vt 0.873676 0.676244
vt 0.873653 0.573707
vt 0.873671 0.624989
vt 0.831940 0.624992
vt 0.855900 0.580796
vt 0.875000 0.565278
vt 0.875000 0.625000
vt 0.875000 0.684722
vt 0.875000 0.744444
vt 0.623827 0.073707
vt 0.618874 0.124983
vt 0.618857 0.078846
vt 0.623844 0.176244
vt 0.623840 0.124989
vt 0.606293 0.124985
vt 0.606280 0.080796
vt 0.618880 0.171089
vt 0.625000 0.065278
vt 0.625000 0.184722
vt 0.625000 0.125000
vt 0.625000 0.244444
vt 0.606298 0.169152
vt 0.582289 0.124992
vt 0.499995 0.269078
vt 0.547258 0.256397
vt 0.545227 0.269073
vt 0.452717 0.256427
vt 0.499994 0.256394
vt 0.552210 0.251221
vt 0.447772 0.251245
vt 0.499996 0.251189
vt 0.454754 0.269097
vt 0.443413 0.249687
vt 0.500000 0.249612
vt 0.556587 0.249668
vt 0.552228 0.247853
vt 0.500007 0.242305
vt 0.547283 0.242271
vt 0.447790 0.247900
vt 0.500004 0.247852
vt 0.500006 0.229408
vt 0.545246 0.229374
vt 0.452742 0.242331
vt 0.454773 0.229422
vt 0.249999 0.520592
vt 0.297053 0.507662
vt 0.295035 0.520591
vt 0.202944 0.507702
vt 0.249999 0.507662
vt 0.302377 0.502014
vt 0.197621 0.502044
vt 0.250000 0.502012
vt 0.294747 0.544455
vt 0.250000 0.544455
vt 0.204963 0.520623
vt 0.205252 0.544472
vt 0.188889 0.500000
vt 0.250000 0.500000
vt 0.311111 0.500000
vt 0.372222 0.500000
vt 0.376154 0.427395
vt 0.381119 0.375014
vt 0.381117 0.422078
vt 0.376156 0.322645
vt 0.376155 0.375010
vt 0.393701 0.375012
vt 0.393699 0.420054
vt 0.381120 0.327976
vt 0.375000 0.436111
vt 0.375000 0.313889
vt 0.375000 0.375000
vt 0.375000 0.252778
vt 0.393701 0.329989
vt 0.749991 0.520575
vt 0.797024 0.507639
vt 0.795012 0.520573
vt 0.702935 0.507649
vt 0.749989 0.507642
vt 0.802355 0.501997
vt 0.697614 0.502004
vt 0.749993 0.501998
vt 0.704956 0.520581
vt 0.688889 0.500000
vt 0.750000 0.500000
vt 0.811111 0.500000
vt 0.872222 0.500000
vt 0.623827 0.322621
vt 0.618872 0.375003
vt 0.618856 0.327945
vt 0.623838 0.427387
vt 0.623839 0.375002
vt 0.606292 0.375002
vt 0.606280 0.329964
vt 0.618872 0.422066
vt 0.625000 0.313889
vt 0.625000 0.436111
vt 0.625000 0.375000
vt 0.625000 0.497222
vt 0.606292 0.420045
vt 0.582288 0.375001
vt 0.499997 0.520588
vt 0.544944 0.507711
vt 0.544948 0.520589
vt 0.455042 0.507724
vt 0.499996 0.507708
vt 0.544942 0.502210
vt 0.455041 0.502226
vt 0.499995 0.502207
vt 0.455043 0.520598
vt 0.455041 0.500500
vt 0.499995 0.500479
vt 0.544941 0.500483
vt 0.544942 0.498890
vt 0.499996 0.493646
vt 0.544944 0.493648
vt 0.455041 0.498906
vt 0.499995 0.498887
vt 0.499997 0.480940
vt 0.544948 0.480941
vt 0.455042 0.493661
vt 0.455043 0.480949
vt 0.355924 0.625003
vt 0.368572 0.668911
vt 0.355929 0.668916
vt 0.368559 0.581102
vt 0.368564 0.625004
vt 0.373640 0.668908
vt 0.373624 0.581109
vt 0.373630 0.625005
vt 0.331948 0.668920
vt 0.331945 0.625001
vt 0.355921 0.581093
vt 0.331943 0.581085
vt 0.374880 0.581112
vt 0.374887 0.625005
vt 0.374898 0.668907
vt 0.376119 0.668908
vt 0.381107 0.625004
vt 0.381115 0.668911
vt 0.376103 0.581109
vt 0.376109 0.625005
vt 0.393701 0.625003
vt 0.393706 0.668916
vt 0.381102 0.581102
vt 0.393697 0.581093
vt 0.644076 0.624997
vt 0.631428 0.581089
vt 0.644071 0.581084
vt 0.631441 0.668898
vt 0.631436 0.624996
vt 0.626360 0.581092
vt 0.626376 0.668891
vt 0.626370 0.624995
vt 0.644079 0.668907
vt 0.625120 0.668888
vt 0.625113 0.624995
vt 0.625102 0.581093
vt 0.623881 0.581092
vt 0.618893 0.624996
vt 0.618885 0.581089
vt 0.623897 0.668891
vt 0.623891 0.624995
vt 0.606299 0.624997
vt 0.606294 0.581084
vt 0.618898 0.668898
vt 0.606303 0.668907
vt 0.582291 0.624999
vt 0.500003 0.769061
vt 0.544958 0.756339
vt 0.544957 0.769051
vt 0.455056 0.756352
vt 0.500004 0.756354
vt 0.544959 0.751094
vt 0.455058 0.751110
vt 0.500005 0.751113
vt 0.455052 0.769059
vt 0.455059 0.749517
vt 0.500005 0.749521
vt 0.544960 0.749500
vt 0.544959 0.747774
vt 0.500004 0.742292
vt 0.544958 0.742276
vt 0.455058 0.747790
vt 0.500005 0.747793
vt 0.500003 0.729412
vt 0.544957 0.729402
vt 0.455056 0.742289
vt 0.455052 0.729411
vt 0.250009 0.729425
vt 0.202976 0.742361
vt 0.204988 0.729427
vt 0.297065 0.742351
vt 0.250011 0.742358
vt 0.197645 0.748003
vt 0.302386 0.747996
vt 0.250007 0.748002
vt 0.205266 0.705555
vt 0.250005 0.705554
vt 0.295044 0.729419
vt 0.294752 0.705551
vt 0.311111 0.750000
vt 0.250000 0.750000
vt 0.188889 0.750000
vt 0.127778 0.750000
vt 0.376173 0.927379
vt 0.381128 0.874997
vt 0.381144 0.922056
vt 0.376162 0.822613
vt 0.376161 0.874998
vt 0.393709 0.874998
vt 0.393720 0.920037
vt 0.381128 0.827934
vt 0.375000 0.936111
vt 0.375000 0.813889
vt 0.375000 0.875000
vt 0.375000 0.752778
vt 0.393708 0.829955
vt 0.750001 0.729408
vt 0.702947 0.742338
vt 0.704965 0.729409
vt 0.797056 0.742298
vt 0.750001 0.742338
vt 0.697623 0.747986
vt 0.802379 0.747956
vt 0.750001 0.747988
vt 0.795037 0.729377
vt 0.811111 0.750000
vt 0.750000 0.750000
vt 0.688889 0.750000
vt 0.627778 0.750000
vt 0.623846 0.822605
vt 0.618881 0.874986
vt 0.618883 0.827922
vt 0.623845 0.927355
vt 0.623845 0.874991
vt 0.606300 0.874988
vt 0.606301 0.829946
vt 0.618880 0.922024
vt 0.625000 0.813889
vt 0.625000 0.936111
vt 0.625000 0.875000
vt 0.625000 0.997222
vt 0.606299 0.920011
vt 0.582292 0.874993
vt 0.205252 0.581088
vt 0.250001 0.625001
vt 0.205253 0.625004
vt 0.294748 0.581081
vt 0.250000 0.581081
vt 0.205258 0.668924
vt 0.294750 0.668922
vt 0.250002 0.668923
vt 0.294749 0.625001
s 0
usemtl HM_CabBody
f 381/1/1 385/2/1 384/3/1
f 383/4/2 385/2/2 382/5/2
f 385/2/3 387/6/3 384/3/3
f 385/2/4 389/7/4 388/8/4
f 31/9/5 381/1/5 369/10/5
f 356/11/6 382/5/6 381/1/6
f 354/12/7 382/5/7 355/13/7
f 37/14/8 383/4/8 354/12/8
f 380/15/9 386/16/9 383/4/9
f 386/16/10 378/17/10 389/7/10
f 389/7/11 8/18/11 284/19/11
f 388/8/12 284/19/12 283/20/12
f 388/8/13 282/21/13 387/6/13
f 387/6/14 2/22/14 371/23/14
f 384/3/15 371/23/15 370/24/15
f 369/10/16 384/3/16 370/24/16
f 390/25/17 394/26/17 393/27/17
f 392/28/18 394/26/18 391/29/18
f 394/26/19 396/30/19 393/27/19
f 394/26/20 398/31/20 397/32/20
f 45/33/21 390/25/21 342/34/21
f 329/35/22 391/29/22 390/25/22
f 327/36/23 391/29/23 328/37/23
f 51/38/24 392/28/24 327/36/24
f 353/39/25 395/40/25 392/28/25
f 395/40/26 351/41/26 398/31/26
f 398/31/27 38/42/27 362/43/27
f 397/32/28 362/43/28 361/44/28
f 397/32/29 360/45/29 396/30/29
f 396/30/30 30/46/30 344/47/30
f 393/27/31 344/47/31 343/48/31
f 342/34/32 393/27/32 343/48/32
f 399/49/33 403/50/33 402/51/33
f 401/52/34 403/50/34 400/53/34
f 403/50/35 405/54/35 402/51/35
f 403/50/36 407/55/36 406/56/36
f 50/57/37 399/49/37 345/58/37
f 320/59/38 400/53/38 399/49/38
f 318/60/39 400/53/39 319/61/39
f 22/62/40 401/52/40 318/60/40
f 293/63/41 404/64/41 401/52/41
f 404/64/42 291/65/42 407/55/42
f 407/55/43 9/66/43 374/67/43
f 406/56/44 374/67/44 373/68/44
f 406/56/45 372/69/45 405/54/45
f 405/54/46 36/70/46 347/71/46
f 402/51/47 347/71/47 346/72/47
f 345/58/48 402/51/48 346/72/48
f 408/73/49 412/74/49 411/75/49
f 410/76/50 412/74/50 409/77/50
f 412/74/51 414/78/51 411/75/51
f 412/74/52 416/79/52 415/80/52
f 3/81/53 408/73/53 279/82/53
f 290/83/54 409/77/54 408/73/54
f 288/84/55 409/77/55 289/85/55
f 10/86/56 410/76/56 288/84/56
f 299/87/57 413/88/57 410/76/57
f 413/88/58 297/89/58 416/79/58
f 416/79/59 24/90/59 308/91/59
f 415/80/60 308/91/60 307/92/60
f 415/80/61 306/93/61 414/78/61
f 414/78/62 16/94/62 281/95/62
f 411/75/63 281/95/63 280/96/63
f 279/82/64 411/75/64 280/96/64
f 417/97/65 421/98/65 420/99/65
f 419/100/66 421/98/66 418/101/66
f 421/98/67 423/102/67 420/99/67
f 421/98/68 425/103/68 424/104/68
f 17/105/69 417/97/69 315/106/69
f 302/107/70 418/101/70 417/97/70
f 300/108/71 418/101/71 301/109/71
f 23/110/72 419/100/72 300/108/72
f 326/111/73 422/112/73 419/100/73
f 422/112/74 324/113/74 425/103/74
f 425/103/75 52/114/75 335/115/75
f 424/104/76 335/115/76 334/116/76
f 424/104/77 333/117/77 423/102/77
f 423/102/78 44/118/78 317/119/78
f 420/99/79 317/119/79 316/120/79
f 315/106/80 420/99/80 316/120/80
f 426/121/81 430/122/81 429/123/81
f 427/124/82 431/125/82 430/122/82
f 429/123/83 433/126/83 432/127/83
f 430/122/84 434/128/84 433/126/84
f 1/129/85 426/121/85 59/130/85
f 60/131/86 427/124/86 426/121/86
f 61/132/87 428/133/87 427/124/87
f 62/134/88 63/135/88 428/133/88
f 428/133/89 64/136/89 431/125/89
f 431/125/90 65/137/90 434/128/90
f 434/128/91 5/138/91 66/139/91
f 433/126/92 66/139/92 67/140/92
f 432/127/93 67/140/93 68/141/93
f 57/142/94 68/141/94 7/143/94
f 58/144/95 432/127/95 57/142/95
f 59/130/96 429/123/96 58/144/96
f 435/145/97 439/146/97 438/147/97
f 436/148/98 440/149/98 439/146/98
f 438/147/99 442/150/99 441/151/99
f 439/146/100 443/152/100 442/150/100
f 2/22/101 435/145/101 71/153/101
f 72/154/102 436/148/102 435/145/102
f 73/155/103 437/156/103 436/148/103
f 74/157/104 75/158/104 437/156/104
f 437/156/105 76/159/105 440/149/105
f 440/149/106 77/160/106 443/152/106
f 443/152/107 5/161/107 65/162/107
f 442/150/108 65/162/108 64/163/108
f 441/151/109 64/163/109 63/164/109
f 69/165/110 63/164/110 4/166/110
f 70/167/111 441/151/111 69/165/111
f 71/153/112 438/147/112 70/167/112
f 444/168/113 448/169/113 447/170/113
f 445/171/114 449/172/114 448/169/114
f 447/170/115 451/173/115 450/174/115
f 448/169/116 452/175/116 451/173/116
f 3/81/117 444/168/117 80/176/117
f 81/177/118 445/171/118 444/168/118
f 82/178/119 446/179/119 445/171/119
f 83/180/120 68/181/120 446/179/120
f 446/179/121 67/182/121 449/172/121
f 449/172/122 66/183/122 452/175/122
f 452/175/123 5/184/123 77/185/123
f 451/173/124 77/185/124 76/186/124
f 450/174/125 76/186/125 75/187/125
f 78/188/126 75/187/126 6/189/126
f 79/190/127 450/174/127 78/188/127
f 80/176/128 447/170/128 79/190/128
f 453/191/129 457/192/129 456/193/129
f 454/194/130 458/195/130 457/192/130
f 456/193/131 460/196/131 459/197/131
f 457/192/132 461/198/132 460/196/132
f 8/18/133 453/191/133 86/199/133
f 87/200/134 454/194/134 453/191/134
f 88/201/135 455/202/135 454/194/135
f 89/203/136 90/204/136 455/202/136
f 455/202/137 91/205/137 458/195/137
f 458/195/138 92/206/138 461/198/138
f 461/198/139 12/207/139 93/208/139
f 460/196/140 93/208/140 94/209/140
f 459/197/141 94/209/141 95/210/141
f 84/211/142 95/210/142 14/212/142
f 85/213/143 459/197/143 84/211/143
f 86/199/144 456/193/144 85/213/144
f 462/214/145 466/215/145 465/216/145
f 463/217/146 467/218/146 466/215/146
f 465/216/147 469/219/147 468/220/147
f 466/215/148 470/221/148 469/219/148
f 9/66/149 462/214/149 98/222/149
f 99/223/150 463/217/150 462/214/150
f 100/224/151 464/225/151 463/217/151
f 101/226/152 102/227/152 464/225/152
f 464/225/153 103/228/153 467/218/153
f 467/218/154 104/229/154 470/221/154
f 470/221/155 12/230/155 92/231/155
f 469/219/156 92/231/156 91/232/156
f 468/220/157 91/232/157 90/233/157
f 96/234/158 90/233/158 11/235/158
f 97/236/159 468/220/159 96/234/159
f 98/222/160 465/216/160 97/236/160
f 471/237/161 475/238/161 474/239/161
f 472/240/162 476/241/162 475/238/162
f 474/239/163 478/242/163 477/243/163
f 475/238/164 479/244/164 478/242/164
f 10/86/165 471/237/165 107/245/165
f 108/246/166 472/240/166 471/237/166
f 109/247/167 473/248/167 472/240/167
f 110/249/168 95/250/168 473/248/168
f 473/248/169 94/251/169 476/241/169
f 476/241/170 93/252/170 479/244/170
f 479/244/171 12/253/171 104/254/171
f 478/242/172 104/254/172 103/255/172
f 477/243/173 103/255/173 102/256/173
f 105/257/174 102/256/174 13/258/174
f 106/259/175 477/243/175 105/257/175
f 107/245/176 474/239/176 106/259/176
f 480/260/177 484/261/177 483/262/177
f 481/263/178 485/264/178 484/261/178
f 483/262/179 487/265/179 486/266/179
f 484/261/180 488/267/180 487/265/180
f 15/268/181 480/260/181 113/269/181
f 114/270/182 481/263/182 480/260/182
f 115/271/183 482/272/183 481/263/183
f 116/273/184 117/274/184 482/272/184
f 482/272/185 118/275/185 485/264/185
f 485/264/186 119/276/186 488/267/186
f 488/267/187 19/277/187 120/278/187
f 487/265/188 120/278/188 121/279/188
f 486/266/189 121/279/189 122/280/189
f 111/281/190 122/280/190 21/282/190
f 112/283/191 486/266/191 111/281/191
f 113/269/192 483/262/192 112/283/192
f 489/284/193 493/285/193 492/286/193
f 490/287/194 494/288/194 493/285/194
f 492/286/195 496/289/195 495/290/195
f 493/285/196 497/291/196 496/289/196
f 16/94/197 489/284/197 125/292/197
f 126/293/198 490/287/198 489/284/198
f 127/294/199 491/295/199 490/287/199
f 128/296/200 129/297/200 491/295/200
f 491/295/201 130/298/201 494/288/201
f 494/288/202 131/299/202 497/291/202
f 497/291/203 19/300/203 119/301/203
f 496/289/204 119/301/204 118/302/204
f 495/290/205 118/302/205 117/303/205
f 123/304/206 117/303/206 18/305/206
f 124/306/207 495/290/207 123/304/207
f 125/292/208 492/286/208 124/306/208
f 498/307/209 502/308/209 501/309/209
f 499/310/210 503/311/210 502/308/210
f 501/309/211 505/312/211 504/313/211
f 502/308/212 506/314/212 505/312/212
f 17/105/213 498/307/213 134/315/213
f 135/316/214 499/310/214 498/307/214
f 136/317/215 500/318/215 499/310/215
f 137/319/216 122/320/216 500/318/216
f 500/318/217 121/321/217 503/311/217
f 503/311/218 120/322/218 506/314/218
f 506/314/219 19/323/219 131/324/219
f 505/312/220 131/324/220 130/325/220
f 504/313/221 130/325/221 129/326/221
f 132/327/222 129/326/222 20/328/222
f 133/329/223 504/313/223 132/327/223
f 134/315/224 501/309/224 133/329/224
f 507/330/225 511/331/225 510/332/225
f 508/333/226 512/334/226 511/331/226
f 510/332/227 514/335/227 513/336/227
f 511/331/228 515/337/228 514/335/228
f 22/62/229 507/330/229 140/338/229
f 141/339/230 508/333/230 507/330/230
f 142/340/231 509/341/231 508/333/231
f 143/342/232 144/343/232 509/341/232
f 509/341/233 145/344/233 512/334/233
f 512/334/234 146/345/234 515/337/234
f 515/337/235 26/346/235 147/347/235
f 514/335/236 147/347/236 148/348/236
f 513/336/237 148/348/237 149/349/237
f 138/350/238 149/349/238 28/351/238
f 139/352/239 513/336/239 138/350/239
f 140/338/240 510/332/240 139/352/240
f 516/353/241 520/354/241 519/355/241
f 517/356/242 521/357/242 520/354/242
f 519/355/243 523/358/243 522/359/243
f 520/354/244 524/360/244 523/358/244
f 23/110/245 516/353/245 152/361/245
f 153/362/246 517/356/246 516/353/246
f 154/363/247 518/364/247 517/356/247
f 155/365/248 156/366/248 518/364/248
f 518/364/249 157/367/249 521/357/249
f 521/357/250 158/368/250 524/360/250
f 524/360/251 26/369/251 146/370/251
f 523/358/252 146/370/252 145/371/252
f 522/359/253 145/371/253 144/372/253
f 150/373/254 144/372/254 25/374/254
f 151/375/255 522/359/255 150/373/255
f 152/361/256 519/355/256 151/375/256
f 525/376/257 529/377/257 528/378/257
f 526/379/258 530/380/258 529/377/258
f 528/378/259 532/381/259 531/382/259
f 529/377/260 533/383/260 532/381/260
f 24/90/261 525/376/261 161/384/261
f 162/385/262 526/379/262 525/376/262
f 163/386/263 527/387/263 526/379/263
f 164/388/264 149/389/264 527/387/264
f 527/387/265 148/390/265 530/380/265
f 530/380/266 147/391/266 533/383/266
f 533/383/267 26/392/267 158/393/267
f 532/381/268 158/393/268 157/394/268
f 531/382/269 157/394/269 156/395/269
f 159/396/270 156/395/270 27/397/270
f 160/398/271 531/382/271 159/396/271
f 161/384/272 528/378/272 160/398/272
f 534/399/273 538/400/273 537/401/273
f 535/402/274 539/403/274 538/400/274
f 537/401/275 541/404/275 540/405/275
f 538/400/276 542/406/276 541/404/276
f 29/407/277 534/399/277 167/408/277
f 168/409/278 535/402/278 534/399/278
f 169/410/279 536/411/279 535/402/279
f 170/412/280 171/413/280 536/411/280
f 536/411/281 172/414/281 539/403/281
f 539/403/282 173/415/282 542/406/282
f 542/406/283 33/416/283 174/417/283
f 541/404/284 174/417/284 175/418/284
f 540/405/285 175/418/285 176/419/285
f 165/420/286 176/419/286 35/421/286
f 166/422/287 540/405/287 165/420/287
f 167/408/288 537/401/288 166/422/288
f 543/423/289 547/424/289 546/425/289
f 544/426/290 548/427/290 547/424/290
f 546/425/291 550/428/291 549/429/291
f 547/424/292 551/430/292 550/428/292
f 30/46/293 543/423/293 179/431/293
f 180/432/294 544/426/294 543/423/294
f 181/433/295 545/434/295 544/426/295
f 182/435/296 183/436/296 545/434/296
f 545/434/297 184/437/297 548/427/297
f 548/427/298 185/438/298 551/430/298
f 551/430/299 33/416/299 173/415/299
f 550/428/300 173/415/300 172/414/300
f 549/429/301 172/414/301 171/413/301
f 177/439/302 171/413/302 32/440/302
f 178/441/303 549/429/303 177/439/303
f 179/431/304 546/425/304 178/441/304
f 552/442/305 556/443/305 555/444/305
f 553/445/306 557/446/306 556/443/306
f 555/444/307 559/447/307 558/448/307
f 556/443/308 560/449/308 559/447/308
f 31/9/309 552/442/309 188/450/309
f 189/451/310 553/445/310 552/442/310
f 190/452/311 554/453/311 553/445/311
f 191/454/312 176/455/312 554/453/312
f 554/453/313 175/456/313 557/446/313
f 557/446/314 174/457/314 560/449/314
f 560/449/315 33/416/315 185/438/315
f 559/447/316 185/438/316 184/437/316
f 558/448/317 184/437/317 183/436/317
f 186/458/318 183/436/318 34/459/318
f 187/460/319 558/448/319 186/458/319
f 188/450/320 555/444/320 187/460/320
f 561/461/321 565/462/321 564/463/321
f 562/464/322 566/465/322 565/462/322
f 564/463/323 568/466/323 567/467/323
f 565/462/324 569/468/324 568/466/324
f 36/70/325 561/461/325 194/469/325
f 195/470/326 562/464/326 561/461/326
f 196/471/327 563/472/327 562/464/327
f 197/473/328 198/474/328 563/472/328
f 563/472/329 199/475/329 566/465/329
f 566/465/330 200/476/330 569/468/330
f 569/468/331 40/477/331 201/478/331
f 568/466/332 201/478/332 202/479/332
f 567/467/333 202/479/333 203/480/333
f 192/481/334 203/480/334 42/482/334
f 193/483/335 567/467/335 192/481/335
f 194/469/336 564/463/336 193/483/336
f 570/484/337 574/485/337 573/486/337
f 571/487/338 575/488/338 574/485/338
f 573/486/339 577/489/339 576/490/339
f 574/485/340 578/491/340 577/489/340
f 37/14/341 570/484/341 206/492/341
f 207/493/342 571/487/342 570/484/342
f 208/494/343 572/495/343 571/487/343
f 209/496/344 210/497/344 572/495/344
f 572/495/345 211/498/345 575/488/345
f 575/488/346 212/499/346 578/491/346
f 578/491/347 40/477/347 200/500/347
f 577/489/348 200/500/348 199/501/348
f 576/490/349 199/501/349 198/502/349
f 204/503/350 198/502/350 39/504/350
f 205/505/351 576/490/351 204/503/351
f 206/492/352 573/486/352 205/505/352
f 579/506/353 583/507/353 582/508/353
f 580/509/354 584/510/354 583/507/354
f 582/508/355 586/511/355 585/512/355
f 583/507/356 587/513/356 586/511/356
f 38/42/357 579/506/357 215/514/357
f 216/515/358 580/509/358 579/506/358
f 217/516/359 581/517/359 580/509/359
f 218/518/360 203/480/360 581/517/360
f 581/517/361 202/479/361 584/510/361
f 584/510/362 201/478/362 587/513/362
f 587/513/363 40/477/363 212/499/363
f 586/511/364 212/499/364 211/498/364
f 585/512/365 211/498/365 210/497/365
f 213/519/366 210/497/366 41/520/366
f 214/521/367 585/512/367 213/519/367
f 215/514/368 582/508/368 214/521/368
f 588/522/369 592/523/369 591/524/369
f 589/525/370 593/526/370 592/523/370
f 591/524/371 595/527/371 594/528/371
f 592/523/372 596/529/372 595/527/372
f 43/530/373 588/522/373 221/531/373
f 222/532/374 589/525/374 588/522/374
f 223/533/375 590/534/375 589/525/375
f 224/535/376 225/536/376 590/534/376
f 590/534/377 226/537/377 593/526/377
f 593/526/378 227/538/378 596/529/378
f 596/529/379 47/539/379 228/540/379
f 595/527/380 228/540/380 229/541/380
f 594/528/381 229/541/381 230/542/381
f 219/543/382 230/542/382 49/544/382
f 220/545/383 594/528/383 219/543/383
f 221/531/384 591/524/384 220/545/384
f 597/546/385 601/547/385 600/548/385
f 598/549/386 602/550/386 601/547/386
f 600/548/387 604/551/387 603/552/387
f 601/547/388 605/553/388 604/551/388
f 44/118/389 597/546/389 233/554/389
f 234/555/390 598/549/390 597/546/390
f 235/556/391 599/557/391 598/549/391
f 236/558/392 237/559/392 599/557/392
f 599/557/393 238/560/393 602/550/393
f 602/550/394 239/561/394 605/553/394
f 605/553/395 47/539/395 227/562/395
f 604/551/396 227/562/396 226/563/396
f 603/552/397 226/563/397 225/564/397
f 231/565/398 225/564/398 46/566/398
f 232/567/399 603/552/399 231/565/399
f 233/554/400 600/548/400 232/567/400
f 606/568/401 610/569/401 609/570/401
f 607/571/402 611/572/402 610/569/402
f 609/570/403 613/573/403 612/574/403
f 610/569/404 614/575/404 613/573/404
f 45/33/405 606/568/405 242/576/405
f 243/577/406 607/571/406 606/568/406
f 244/578/407 608/579/407 607/571/407
f 245/580/408 230/542/408 608/579/408
f 608/579/409 229/541/409 611/572/409
f 611/572/410 228/540/410 614/575/410
f 614/575/411 47/539/411 239/561/411
f 613/573/412 239/561/412 238/560/412
f 612/574/413 238/560/413 237/559/413
f 240/581/414 237/559/414 48/582/414
f 241/583/415 612/574/415 240/581/415
f 242/576/416 609/570/416 241/583/416
f 615/584/417 619/585/417 618/586/417
f 616/587/418 620/588/418 619/585/418
f 618/586/419 622/589/419 621/590/419
f 619/585/420 623/591/420 622/589/420
f 50/57/421 615/584/421 248/592/421
f 249/593/422 616/587/422 615/584/422
f 250/594/423 617/595/423 616/587/423
f 251/596/424 252/597/424 617/595/424
f 617/595/425 253/598/425 620/588/425
f 620/588/426 254/599/426 623/591/426
f 623/591/427 54/600/427 255/601/427
f 622/589/428 255/601/428 256/602/428
f 621/590/429 256/602/429 257/603/429
f 246/604/430 257/603/430 56/605/430
f 247/606/431 621/590/431 246/604/431
f 248/592/432 618/586/432 247/606/432
f 624/607/433 628/608/433 627/609/433
f 625/610/434 629/611/434 628/608/434
f 627/609/435 631/612/435 630/613/435
f 628/608/436 632/614/436 631/612/436
f 51/38/437 624/607/437 260/615/437
f 261/616/438 625/610/438 624/607/438
f 262/617/439 626/618/439 625/610/439
f 263/619/440 264/620/440 626/618/440
f 626/618/441 265/621/441 629/611/441
f 629/611/442 266/622/442 632/614/442
f 632/614/443 54/600/443 254/599/443
f 631/612/444 254/599/444 253/598/444
f 630/613/445 253/598/445 252/597/445
f 258/623/446 252/597/446 53/624/446
f 259/625/447 630/613/447 258/623/447
f 260/615/448 627/609/448 259/625/448
f 633/626/449 637/627/449 636/628/449
f 634/629/450 638/630/450 637/627/450
f 636/628/451 640/631/451 639/632/451
f 637/627/452 641/633/452 640/631/452
f 52/114/453 633/626/453 269/634/453
f 270/635/454 634/629/454 633/626/454
f 271/636/455 635/637/455 634/629/455
f 272/638/456 257/639/456 635/637/456
f 635/637/457 256/640/457 638/630/457
f 638/630/458 255/641/458 641/633/458
f 641/633/459 54/600/459 266/622/459
f 640/631/460 266/622/460 265/621/460
f 639/632/461 265/621/461 264/620/461
f 267/642/462 264/620/462 55/643/462
f 268/644/463 639/632/463 267/642/463
f 269/634/464 636/628/464 268/644/464
f 643/645/465 645/646/465 642/647/465
f 643/645/466 647/648/466 646/649/466
f 646/649/467 648/650/467 645/646/467
f 646/649/468 650/651/468 649/652/468
f 273/653/469 114/270/469 15/268/469
f 274/654/470 642/647/470 273/653/470
f 274/654/471 644/655/471 643/645/471
f 275/656/472 59/130/472 644/655/472
f 644/655/473 58/144/473 647/648/473
f 647/648/474 57/142/474 650/651/474
f 650/651/475 7/143/475 276/657/475
f 649/652/476 276/657/476 277/658/476
f 649/652/477 278/659/477 648/650/477
f 648/650/478 18/660/478 116/273/478
f 645/646/479 116/273/479 115/271/479
f 642/647/480 115/271/480 114/270/480
f 651/661/481 655/662/481 654/663/481
f 653/664/482 655/662/482 652/665/482
f 654/663/483 658/666/483 657/667/483
f 656/668/484 658/666/484 655/662/484
f 18/305/485 651/661/485 123/304/485
f 278/669/486 652/665/486 651/661/486
f 276/670/487 652/665/487 277/671/487
f 7/672/488 653/664/488 276/670/488
f 83/180/489 656/668/489 653/664/489
f 82/178/490 659/673/490 656/668/490
f 81/177/491 279/82/491 659/673/491
f 659/673/492 280/96/492 658/666/492
f 657/667/493 280/96/493 281/95/493
f 125/292/494 281/95/494 16/94/494
f 124/306/495 657/667/495 125/292/495
f 123/304/496 654/663/496 124/306/496
f 661/674/497 663/675/497 660/676/497
f 661/674/498 665/677/498 664/678/498
f 664/678/499 666/679/499 663/675/499
f 664/678/500 668/680/500 667/681/500
f 282/21/501 72/154/501 2/22/501
f 283/20/502 660/676/502 282/21/502
f 283/20/503 662/682/503 661/674/503
f 284/19/504 86/199/504 662/682/504
f 662/682/505 85/213/505 665/677/505
f 665/677/506 84/211/506 668/680/506
f 668/680/507 14/212/507 285/683/507
f 667/681/508 285/683/508 286/684/508
f 667/681/509 287/685/509 666/679/509
f 666/679/510 6/686/510 74/157/510
f 663/675/511 74/157/511 73/155/511
f 660/676/512 73/155/512 72/154/512
f 669/687/513 673/688/513 672/689/513
f 671/690/514 673/688/514 670/691/514
f 672/689/515 676/692/515 675/693/515
f 674/694/516 676/692/516 673/688/516
f 6/189/517 669/687/517 78/188/517
f 287/695/518 670/691/518 669/687/518
f 285/696/519 670/691/519 286/697/519
f 14/698/520 671/690/520 285/696/520
f 110/249/521 674/694/521 671/690/521
f 109/247/522 677/699/522 674/694/522
f 108/246/523 288/84/523 677/699/523
f 677/699/524 289/85/524 676/692/524
f 675/693/525 289/85/525 290/83/525
f 80/176/526 290/83/526 3/81/526
f 79/190/527 675/693/527 80/176/527
f 78/188/528 672/689/528 79/190/528
f 679/700/529 681/701/529 678/702/529
f 679/700/530 683/703/530 682/704/530
f 682/704/531 684/705/531 681/701/531
f 682/704/532 686/706/532 685/707/532
f 291/65/533 99/223/533 9/66/533
f 292/708/534 678/702/534 291/65/534
f 292/708/535 680/709/535 679/700/535
f 293/63/536 140/338/536 680/709/536
f 680/709/537 139/352/537 683/703/537
f 683/703/538 138/350/538 686/706/538
f 686/706/539 28/351/539 294/710/539
f 685/707/540 294/710/540 295/711/540
f 685/707/541 296/712/541 684/705/541
f 684/705/542 13/713/542 101/226/542
f 681/701/543 101/226/543 100/224/543
f 678/702/544 100/224/544 99/223/544
f 687/714/545 691/715/545 690/716/545
f 689/717/546 691/715/546 688/718/546
f 690/716/547 694/719/547 693/720/547
f 692/721/548 694/719/548 691/715/548
f 13/258/549 687/714/549 105/257/549
f 296/722/550 688/718/550 687/714/550
f 294/723/551 688/718/551 295/724/551
f 28/725/552 689/717/552 294/723/552
f 164/388/553 692/721/553 689/717/553
f 163/386/554 695/726/554 692/721/554
f 162/385/555 297/89/555 695/726/555
f 695/726/556 298/727/556 694/719/556
f 693/720/557 298/727/557 299/87/557
f 107/245/558 299/87/558 10/86/558
f 106/259/559 693/720/559 107/245/559
f 105/257/560 690/716/560 106/259/560
f 697/728/561 699/729/561 696/730/561
f 697/728/562 701/731/562 700/732/562
f 700/732/563 702/733/563 699/729/563
f 700/732/564 704/734/564 703/735/564
f 300/108/565 153/362/565 23/110/565
f 301/109/566 696/730/566 300/108/566
f 301/109/567 698/736/567 697/728/567
f 302/107/568 134/315/568 698/736/568
f 698/736/569 133/329/569 701/731/569
f 701/731/570 132/327/570 704/734/570
f 704/734/571 20/328/571 303/737/571
f 703/735/572 303/737/572 304/738/572
f 703/735/573 305/739/573 702/733/573
f 702/733/574 27/397/574 155/365/574
f 699/729/575 155/365/575 154/363/575
f 696/730/576 154/363/576 153/362/576
f 705/740/577 709/741/577 708/742/577
f 707/743/578 709/741/578 706/744/578
f 708/742/579 712/745/579 711/746/579
f 710/747/580 712/745/580 709/741/580
f 27/397/581 705/740/581 159/396/581
f 305/739/582 706/744/582 705/740/582
f 303/737/583 706/744/583 304/738/583
f 20/328/584 707/743/584 303/737/584
f 128/296/585 710/747/585 707/743/585
f 127/294/586 713/748/586 710/747/586
f 126/293/587 306/93/587 713/748/587
f 713/748/588 307/92/588 712/745/588
f 711/746/589 307/92/589 308/91/589
f 161/384/590 308/91/590 24/90/590
f 160/398/591 711/746/591 161/384/591
f 159/396/592 708/742/592 160/398/592
f 715/749/593 717/750/593 714/751/593
f 715/749/594 719/752/594 718/753/594
f 718/753/595 720/754/595 717/750/595
f 718/753/596 722/755/596 721/756/596
f 309/757/597 222/532/597 43/530/597
f 310/758/598 714/751/598 309/757/598
f 310/758/599 716/759/599 715/749/599
f 311/760/600 113/269/600 716/759/600
f 716/759/601 112/283/601 719/752/601
f 719/752/602 111/281/602 722/755/602
f 722/755/603 21/282/603 312/761/603
f 721/756/604 312/761/604 313/762/604
f 721/756/605 314/763/605 720/754/605
f 720/754/606 46/764/606 224/535/606
f 717/750/607 224/535/607 223/533/607
f 714/751/608 223/533/608 222/532/608
f 723/765/609 727/766/609 726/767/609
f 725/768/610 727/766/610 724/769/610
f 726/767/611 730/770/611 729/771/611
f 728/772/612 730/770/612 727/766/612
f 46/566/613 723/765/613 231/565/613
f 314/773/614 724/769/614 723/765/614
f 312/774/615 724/769/615 313/775/615
f 21/776/616 725/768/616 312/774/616
f 137/319/617 728/772/617 725/768/617
f 136/317/618 731/777/618 728/772/618
f 135/316/619 315/106/619 731/777/619
f 731/777/620 316/120/620 730/770/620
f 729/771/621 316/120/621 317/119/621
f 233/554/622 317/119/622 44/118/622
f 232/567/623 729/771/623 233/554/623
f 231/565/624 726/767/624 232/567/624
f 733/778/625 735/779/625 732/780/625
f 733/778/626 737/781/626 736/782/626
f 736/782/627 738/783/627 735/779/627
f 736/782/628 740/784/628 739/785/628
f 318/60/629 141/339/629 22/62/629
f 319/61/630 732/780/630 318/60/630
f 319/61/631 734/786/631 733/778/631
f 320/59/632 248/592/632 734/786/632
f 734/786/633 247/606/633 737/781/633
f 737/781/634 246/604/634 740/784/634
f 740/784/635 56/605/635 321/787/635
f 739/785/636 321/787/636 322/788/636
f 739/785/637 323/789/637 738/783/637
f 738/783/638 25/790/638 143/342/638
f 735/779/639 143/342/639 142/340/639
f 732/780/640 142/340/640 141/339/640
f 741/791/641 745/792/641 744/793/641
f 743/794/642 745/792/642 742/795/642
f 744/793/643 748/796/643 747/797/643
f 746/798/644 748/796/644 745/792/644
f 25/374/645 741/791/645 150/373/645
f 323/799/646 742/795/646 741/791/646
f 321/800/647 742/795/647 322/801/647
f 56/802/648 743/794/648 321/800/648
f 272/638/649 746/798/649 743/794/649
f 271/636/650 749/803/650 746/798/650
f 270/635/651 324/113/651 749/803/651
f 749/803/652 325/804/652 748/796/652
f 747/797/653 325/804/653 326/111/653
f 152/361/654 326/111/654 23/110/654
f 151/375/655 747/797/655 152/361/655
f 150/373/656 744/793/656 151/375/656
f 751/805/657 753/806/657 750/807/657
f 751/805/658 755/808/658 754/809/658
f 754/809/659 756/810/659 753/806/659
f 754/809/660 758/811/660 757/812/660
f 327/36/661 261/616/661 51/38/661
f 328/37/662 750/807/662 327/36/662
f 328/37/663 752/813/663 751/805/663
f 329/35/664 242/576/664 752/813/664
f 752/813/665 241/583/665 755/808/665
f 755/808/666 240/581/666 758/811/666
f 758/811/667 48/582/667 330/814/667
f 757/812/668 330/814/668 331/815/668
f 757/812/669 332/816/669 756/810/669
f 756/810/670 55/643/670 263/619/670
f 753/806/671 263/619/671 262/617/671
f 750/807/672 262/617/672 261/616/672
f 759/817/673 763/818/673 762/819/673
f 761/820/674 763/818/674 760/821/674
f 762/819/675 766/822/675 765/823/675
f 764/824/676 766/822/676 763/818/676
f 55/643/677 759/817/677 267/642/677
f 332/816/678 760/821/678 759/817/678
f 330/814/679 760/821/679 331/815/679
f 48/582/680 761/820/680 330/814/680
f 236/558/681 764/824/681 761/820/681
f 235/556/682 767/825/682 764/824/682
f 234/555/683 333/117/683 767/825/683
f 767/825/684 334/116/684 766/822/684
f 765/823/685 334/116/685 335/115/685
f 269/634/686 335/115/686 52/114/686
f 268/644/687 765/823/687 269/634/687
f 267/642/688 762/819/688 268/644/688
f 769/826/689 771/827/689 768/828/689
f 769/826/690 773/829/690 772/830/690
f 772/830/691 774/831/691 771/827/691
f 772/830/692 776/832/692 775/833/692
f 336/834/693 168/409/693 29/407/693
f 337/835/694 768/828/694 336/834/694
f 337/835/695 770/836/695 769/826/695
f 338/837/696 221/531/696 770/836/696
f 770/836/697 220/545/697 773/829/697
f 773/829/698 219/543/698 776/832/698
f 776/832/699 49/544/699 339/838/699
f 775/833/700 339/838/700 340/839/700
f 775/833/701 341/840/701 774/831/701
f 774/831/702 32/440/702 170/412/702
f 771/827/703 170/412/703 169/410/703
f 768/828/704 169/410/704 168/409/704
f 777/841/705 781/842/705 780/843/705
f 779/844/706 781/842/706 778/845/706
f 780/843/707 784/846/707 783/847/707
f 782/848/708 784/846/708 781/842/708
f 32/440/709 777/841/709 177/439/709
f 341/840/710 778/845/710 777/841/710
f 339/838/711 778/845/711 340/839/711
f 49/544/712 779/844/712 339/838/712
f 245/580/713 782/848/713 779/844/713
f 244/578/714 785/849/714 782/848/714
f 243/577/715 342/34/715 785/849/715
f 785/849/716 343/48/716 784/846/716
f 783/847/717 343/48/717 344/47/717
f 179/431/718 344/47/718 30/46/718
f 178/441/719 783/847/719 179/431/719
f 177/439/720 780/843/720 178/441/720
f 787/850/721 789/851/721 786/852/721
f 787/850/722 791/853/722 790/854/722
f 790/854/723 792/855/723 789/851/723
f 790/854/724 794/856/724 793/857/724
f 345/58/725 249/593/725 50/57/725
f 346/72/726 786/852/726 345/58/726
f 346/72/727 788/858/727 787/850/727
f 347/71/728 194/469/728 788/858/728
f 788/858/729 193/483/729 791/853/729
f 791/853/730 192/481/730 794/856/730
f 794/856/731 42/482/731 348/859/731
f 793/857/732 348/859/732 349/860/732
f 793/857/733 350/861/733 792/855/733
f 792/855/734 53/624/734 251/596/734
f 789/851/735 251/596/735 250/594/735
f 786/852/736 250/594/736 249/593/736
f 795/862/737 799/863/737 798/864/737
f 797/865/738 799/863/738 796/866/738
f 798/864/739 802/867/739 801/868/739
f 800/869/740 802/867/740 799/863/740
f 53/624/741 795/862/741 258/623/741
f 350/861/742 796/866/742 795/862/742
f 348/859/743 796/866/743 349/860/743
f 42/482/744 797/865/744 348/859/744
f 218/518/745 800/869/745 797/865/745
f 217/516/746 803/870/746 800/869/746
f 216/515/747 351/41/747 803/870/747
f 803/870/748 352/871/748 802/867/748
f 801/868/749 352/871/749 353/39/749
f 260/615/750 353/39/750 51/38/750
f 259/625/751 801/868/751 260/615/751
f 258/623/752 798/864/752 259/625/752
f 805/872/753 807/873/753 804/874/753
f 805/872/754 809/875/754 808/876/754
f 808/876/755 810/877/755 807/873/755
f 808/876/756 812/878/756 811/879/756
f 354/12/757 207/493/757 37/14/757
f 355/13/758 804/874/758 354/12/758
f 355/13/759 806/880/759 805/872/759
f 356/11/760 188/450/760 806/880/760
f 806/880/761 187/460/761 809/875/761
f 809/875/762 186/458/762 812/878/762
f 812/878/763 34/459/763 357/881/763
f 811/879/764 357/881/764 358/882/764
f 811/879/765 359/883/765 810/877/765
f 810/877/766 41/520/766 209/496/766
f 807/873/767 209/496/767 208/494/767
f 804/874/768 208/494/768 207/493/768
f 813/884/769 817/885/769 816/886/769
f 815/887/770 817/885/770 814/888/770
f 816/886/771 820/889/771 819/890/771
f 818/891/772 820/889/772 817/885/772
f 41/520/773 813/884/773 213/519/773
f 359/883/774 814/888/774 813/884/774
f 357/881/775 814/888/775 358/882/775
f 34/459/776 815/887/776 357/881/776
f 182/435/777 818/891/777 815/887/777
f 181/433/778 821/892/778 818/891/778
f 180/432/779 360/45/779 821/892/779
f 821/892/780 361/44/780 820/889/780
f 819/890/781 361/44/781 362/43/781
f 215/514/782 362/43/782 38/42/782
f 214/521/783 819/890/783 215/514/783
f 213/519/784 816/886/784 214/521/784
f 823/893/785 825/894/785 822/895/785
f 823/893/786 827/896/786 826/897/786
f 826/897/787 828/898/787 825/894/787
f 826/897/788 830/899/788 829/900/788
f 363/901/789 60/131/789 1/129/789
f 364/902/790 822/895/790 363/901/790
f 364/902/791 824/903/791 823/893/791
f 365/904/792 167/408/792 824/903/792
f 824/903/793 166/422/793 827/896/793
f 827/896/794 165/420/794 830/899/794
f 830/899/795 35/421/795 366/905/795
f 829/900/796 366/905/796 367/906/796
f 829/900/797 368/907/797 828/898/797
f 828/898/798 4/908/798 62/134/798
f 825/894/799 62/134/799 61/132/799
f 822/895/800 61/132/800 60/131/800
f 831/909/801 835/910/801 834/911/801
f 833/912/802 835/910/802 832/913/802
f 834/911/803 838/914/803 837/915/803
f 836/916/804 838/914/804 835/910/804
f 4/166/805 831/909/805 69/165/805
f 368/917/806 832/913/806 831/909/806
f 366/918/807 832/913/807 367/919/807
f 35/920/808 833/912/808 366/918/808
f 191/454/809 836/916/809 833/912/809
f 190/452/810 839/921/810 836/916/810
f 189/451/811 369/10/811 839/921/811
f 839/921/812 370/24/812 838/914/812
f 837/915/813 370/24/813 371/23/813
f 71/153/814 371/23/814 2/22/814
f 70/167/815 837/915/815 71/153/815
f 69/165/816 834/911/816 70/167/816
f 841/922/817 843/923/817 840/924/817
f 841/922/818 845/925/818 844/926/818
f 844/926/819 846/927/819 843/923/819
f 844/926/820 848/928/820 847/929/820
f 372/69/821 195/470/821 36/70/821
f 373/68/822 840/924/822 372/69/822
f 373/68/823 842/930/823 841/922/823
f 374/67/824 98/222/824 842/930/824
f 842/930/825 97/236/825 845/925/825
f 845/925/826 96/234/826 848/928/826
f 848/928/827 11/235/827 375/931/827
f 847/929/828 375/931/828 376/932/828
f 847/929/829 377/933/829 846/927/829
f 846/927/830 39/934/830 197/473/830
f 843/923/831 197/473/831 196/471/831
f 840/924/832 196/471/832 195/470/832
f 849/935/833 853/936/833 852/937/833
f 851/938/834 853/936/834 850/939/834
f 852/937/835 856/940/835 855/941/835
f 854/942/836 856/940/836 853/936/836
f 39/504/837 849/935/837 204/503/837
f 377/943/838 850/939/838 849/935/838
f 375/944/839 850/939/839 376/945/839
f 11/946/840 851/938/840 375/944/840
f 89/203/841 854/942/841 851/938/841
f 88/201/842 857/947/842 854/942/842
f 87/200/843 378/17/843 857/947/843
f 857/947/844 379/948/844 856/940/844
f 855/941/845 379/948/845 380/15/845
f 206/492/846 380/15/846 37/14/846
f 205/505/847 855/941/847 206/492/847
f 204/503/848 852/937/848 205/505/848
f 858/949/849 862/950/849 861/951/849
f 860/952/850 862/950/850 859/953/850
f 862/950/851 864/954/851 861/951/851
f 862/950/852 866/955/852 865/956/852
f 15/268/853 858/949/853 273/653/853
f 311/760/854 859/953/854 858/949/854
f 309/757/855 859/953/855 310/758/855
f 43/530/856 860/952/856 309/757/856
f 338/837/857 863/957/857 860/952/857
f 863/957/858 336/834/858 866/955/858
f 866/955/859 29/407/859 365/904/859
f 865/956/860 365/904/860 364/902/860
f 865/956/861 363/901/861 864/954/861
f 864/954/862 1/129/862 275/656/862
f 861/951/863 275/656/863 274/654/863
f 273/653/864 861/951/864 274/654/864
f 381/1/1 382/5/1 385/2/1
f 383/4/2 386/16/2 385/2/2
f 385/2/3 388/8/3 387/6/3
f 385/2/4 386/16/4 389/7/4
f 31/9/865 356/11/865 381/1/865
f 356/11/866 355/13/866 382/5/866
f 354/12/867 383/4/867 382/5/867
f 37/14/868 380/15/868 383/4/868
f 380/15/9 379/948/9 386/16/9
f 386/16/869 379/948/869 378/17/869
f 389/7/870 378/17/870 8/18/870
f 388/8/12 389/7/12 284/19/12
f 388/8/13 283/20/13 282/21/13
f 387/6/871 282/21/871 2/22/871
f 384/3/872 387/6/872 371/23/872
f 369/10/16 381/1/16 384/3/16
f 390/25/17 391/29/17 394/26/17
f 392/28/18 395/40/18 394/26/18
f 394/26/873 397/32/873 396/30/873
f 394/26/874 395/40/874 398/31/874
f 45/33/875 329/35/875 390/25/875
f 329/35/876 328/37/876 391/29/876
f 327/36/877 392/28/877 391/29/877
f 51/38/878 353/39/878 392/28/878
f 353/39/879 352/871/879 395/40/879
f 395/40/26 352/871/26 351/41/26
f 398/31/880 351/41/880 38/42/880
f 397/32/881 398/31/881 362/43/881
f 397/32/882 361/44/882 360/45/882
f 396/30/883 360/45/883 30/46/883
f 393/27/31 396/30/31 344/47/31
f 342/34/884 390/25/884 393/27/884
f 399/49/33 400/53/33 403/50/33
f 401/52/34 404/64/34 403/50/34
f 403/50/35 406/56/35 405/54/35
f 403/50/36 404/64/36 407/55/36
f 50/57/885 320/59/885 399/49/885
f 320/59/886 319/61/886 400/53/886
f 318/60/887 401/52/887 400/53/887
f 22/62/888 293/63/888 401/52/888
f 293/63/889 292/708/889 404/64/889
f 404/64/890 292/708/890 291/65/890
f 407/55/891 291/65/891 9/66/891
f 406/56/892 407/55/892 374/67/892
f 406/56/893 373/68/893 372/69/893
f 405/54/894 372/69/894 36/70/894
f 402/51/895 405/54/895 347/71/895
f 345/58/896 399/49/896 402/51/896
f 408/73/49 409/77/49 412/74/49
f 410/76/50 413/88/50 412/74/50
f 412/74/897 415/80/897 414/78/897
f 412/74/898 413/88/898 416/79/898
f 3/81/899 290/83/899 408/73/899
f 290/83/900 289/85/900 409/77/900
f 288/84/901 410/76/901 409/77/901
f 10/86/902 299/87/902 410/76/902
f 299/87/903 298/727/903 413/88/903
f 413/88/58 298/727/58 297/89/58
f 416/79/904 297/89/904 24/90/904
f 415/80/905 416/79/905 308/91/905
f 415/80/906 307/92/906 306/93/906
f 414/78/907 306/93/907 16/94/907
f 411/75/63 414/78/63 281/95/63
f 279/82/908 408/73/908 411/75/908
f 417/97/65 418/101/65 421/98/65
f 419/100/66 422/112/66 421/98/66
f 421/98/67 424/104/67 423/102/67
f 421/98/68 422/112/68 425/103/68
f 17/105/909 302/107/909 417/97/909
f 302/107/910 301/109/910 418/101/910
f 300/108/911 419/100/911 418/101/911
f 23/110/912 326/111/912 419/100/912
f 326/111/73 325/804/73 422/112/73
f 422/112/913 325/804/913 324/113/913
f 425/103/914 324/113/914 52/114/914
f 424/104/76 425/103/76 335/115/76
f 424/104/77 334/116/77 333/117/77
f 423/102/915 333/117/915 44/118/915
f 420/99/916 423/102/916 317/119/916
f 315/106/80 417/97/80 420/99/80
f 426/121/917 427/124/917 430/122/917
f 427/124/918 428/133/918 431/125/918
f 429/123/919 430/122/919 433/126/919
f 430/122/920 431/125/920 434/128/920
f 1/129/921 60/131/921 426/121/921
f 60/131/922 61/132/922 427/124/922
f 61/132/923 62/134/923 428/133/923
f 62/134/924 4/908/924 63/135/924
f 428/133/925 63/135/925 64/136/925
f 431/125/926 64/136/926 65/137/926
f 434/128/927 65/137/927 5/138/927
f 433/126/928 434/128/928 66/139/928
f 432/127/929 433/126/929 67/140/929
f 57/142/930 432/127/930 68/141/930
f 58/144/931 429/123/931 432/127/931
f 59/130/932 426/121/932 429/123/932
f 435/145/933 436/148/933 439/146/933
f 436/148/934 437/156/934 440/149/934
f 438/147/935 439/146/935 442/150/935
f 439/146/936 440/149/936 443/152/936
f 2/22/937 72/154/937 435/145/937
f 72/154/938 73/155/938 436/148/938
f 73/155/939 74/157/939 437/156/939
f 74/157/940 6/686/940 75/158/940
f 437/156/941 75/158/941 76/159/941
f 440/149/942 76/159/942 77/160/942
f 443/152/943 77/160/943 5/161/943
f 442/150/944 443/152/944 65/162/944
f 441/151/945 442/150/945 64/163/945
f 69/165/946 441/151/946 63/164/946
f 70/167/947 438/147/947 441/151/947
f 71/153/948 435/145/948 438/147/948
f 444/168/949 445/171/949 448/169/949
f 445/171/950 446/179/950 449/172/950
f 447/170/951 448/169/951 451/173/951
f 448/169/952 449/172/952 452/175/952
f 3/81/953 81/177/953 444/168/953
f 81/177/954 82/178/954 445/171/954
f 82/178/955 83/180/955 446/179/955
f 83/180/956 7/672/956 68/181/956
f 446/179/957 68/181/957 67/182/957
f 449/172/958 67/182/958 66/183/958
f 452/175/959 66/183/959 5/184/959
f 451/173/960 452/175/960 77/185/960
f 450/174/961 451/173/961 76/186/961
f 78/188/962 450/174/962 75/187/962
f 79/190/963 447/170/963 450/174/963
f 80/176/964 444/168/964 447/170/964
f 453/191/965 454/194/965 457/192/965
f 454/194/966 455/202/966 458/195/966
f 456/193/967 457/192/967 460/196/967
f 457/192/968 458/195/968 461/198/968
f 8/18/969 87/200/969 453/191/969
f 87/200/970 88/201/970 454/194/970
f 88/201/971 89/203/971 455/202/971
f 89/203/972 11/946/972 90/204/972
f 455/202/973 90/204/973 91/205/973
f 458/195/974 91/205/974 92/206/974
f 461/198/975 92/206/975 12/207/975
f 460/196/976 461/198/976 93/208/976
f 459/197/977 460/196/977 94/209/977
f 84/211/978 459/197/978 95/210/978
f 85/213/979 456/193/979 459/197/979
f 86/199/980 453/191/980 456/193/980
f 462/214/981 463/217/981 466/215/981
f 463/217/982 464/225/982 467/218/982
f 465/216/983 466/215/983 469/219/983
f 466/215/984 467/218/984 470/221/984
f 9/66/985 99/223/985 462/214/985
f 99/223/986 100/224/986 463/217/986
f 100/224/987 101/226/987 464/225/987
f 101/226/988 13/713/988 102/227/988
f 464/225/989 102/227/989 103/228/989
f 467/218/990 103/228/990 104/229/990
f 470/221/991 104/229/991 12/230/991
f 469/219/992 470/221/992 92/231/992
f 468/220/993 469/219/993 91/232/993
f 96/234/994 468/220/994 90/233/994
f 97/236/995 465/216/995 468/220/995
f 98/222/996 462/214/996 465/216/996
f 471/237/997 472/240/997 475/238/997
f 472/240/998 473/248/998 476/241/998
f 474/239/999 475/238/999 478/242/999
f 475/238/1000 476/241/1000 479/244/1000
f 10/86/1001 108/246/1001 471/237/1001
f 108/246/1002 109/247/1002 472/240/1002
f 109/247/1003 110/249/1003 473/248/1003
f 110/249/1004 14/698/1004 95/250/1004
f 473/248/1005 95/250/1005 94/251/1005
f 476/241/1006 94/251/1006 93/252/1006
f 479/244/1007 93/252/1007 12/253/1007
f 478/242/1008 479/244/1008 104/254/1008
f 477/243/1009 478/242/1009 103/255/1009
f 105/257/1010 477/243/1010 102/256/1010
f 106/259/1011 474/239/1011 477/243/1011
f 107/245/1012 471/237/1012 474/239/1012
f 480/260/1013 481/263/1013 484/261/1013
f 481/263/1014 482/272/1014 485/264/1014
f 483/262/1015 484/261/1015 487/265/1015
f 484/261/1016 485/264/1016 488/267/1016
f 15/268/1017 114/270/1017 480/260/1017
f 114/270/1018 115/271/1018 481/263/1018
f 115/271/1019 116/273/1019 482/272/1019
f 116/273/1020 18/660/1020 117/274/1020
f 482/272/1021 117/274/1021 118/275/1021
f 485/264/1022 118/275/1022 119/276/1022
f 488/267/1023 119/276/1023 19/277/1023
f 487/265/1024 488/267/1024 120/278/1024
f 486/266/1025 487/265/1025 121/279/1025
f 111/281/1026 486/266/1026 122/280/1026
f 112/283/1027 483/262/1027 486/266/1027
f 113/269/1028 480/260/1028 483/262/1028
f 489/284/1029 490/287/1029 493/285/1029
f 490/287/1030 491/295/1030 494/288/1030
f 492/286/1031 493/285/1031 496/289/1031
f 493/285/1032 494/288/1032 497/291/1032
f 16/94/1033 126/293/1033 489/284/1033
f 126/293/1034 127/294/1034 490/287/1034
f 127/294/1035 128/296/1035 491/295/1035
f 128/296/1036 20/328/1036 129/297/1036
f 491/295/1037 129/297/1037 130/298/1037
f 494/288/1038 130/298/1038 131/299/1038
f 497/291/1039 131/299/1039 19/300/1039
f 496/289/1040 497/291/1040 119/301/1040
f 495/290/1041 496/289/1041 118/302/1041
f 123/304/1042 495/290/1042 117/303/1042
f 124/306/1043 492/286/1043 495/290/1043
f 125/292/1044 489/284/1044 492/286/1044
f 498/307/1045 499/310/1045 502/308/1045
f 499/310/1046 500/318/1046 503/311/1046
f 501/309/1047 502/308/1047 505/312/1047
f 502/308/1048 503/311/1048 506/314/1048
f 17/105/1049 135/316/1049 498/307/1049
f 135/316/1050 136/317/1050 499/310/1050
f 136/317/1051 137/319/1051 500/318/1051
f 137/319/1052 21/776/1052 122/320/1052
f 500/318/1053 122/320/1053 121/321/1053
f 503/311/1054 121/321/1054 120/322/1054
f 506/314/1055 120/322/1055 19/323/1055
f 505/312/1056 506/314/1056 131/324/1056
f 504/313/1057 505/312/1057 130/325/1057
f 132/327/1058 504/313/1058 129/326/1058
f 133/329/1059 501/309/1059 504/313/1059
f 134/315/1060 498/307/1060 501/309/1060
f 507/330/1061 508/333/1061 511/331/1061
f 508/333/1062 509/341/1062 512/334/1062
f 510/332/1063 511/331/1063 514/335/1063
f 511/331/1064 512/334/1064 515/337/1064
f 22/62/1065 141/339/1065 507/330/1065
f 141/339/1066 142/340/1066 508/333/1066
f 142/340/1067 143/342/1067 509/341/1067
f 143/342/1068 25/790/1068 144/343/1068
f 509/341/1069 144/343/1069 145/344/1069
f 512/334/1070 145/344/1070 146/345/1070
f 515/337/1071 146/345/1071 26/346/1071
f 514/335/1072 515/337/1072 147/347/1072
f 513/336/1073 514/335/1073 148/348/1073
f 138/350/1074 513/336/1074 149/349/1074
f 139/352/1075 510/332/1075 513/336/1075
f 140/338/1076 507/330/1076 510/332/1076
f 516/353/1077 517/356/1077 520/354/1077
f 517/356/1078 518/364/1078 521/357/1078
f 519/355/1079 520/354/1079 523/358/1079
f 520/354/1080 521/357/1080 524/360/1080
f 23/110/1081 153/362/1081 516/353/1081
f 153/362/1082 154/363/1082 517/356/1082
f 154/363/1083 155/365/1083 518/364/1083
f 155/365/1084 27/397/1084 156/366/1084
f 518/364/1085 156/366/1085 157/367/1085
f 521/357/1086 157/367/1086 158/368/1086
f 524/360/1087 158/368/1087 26/369/1087
f 523/358/1088 524/360/1088 146/370/1088
f 522/359/1089 523/358/1089 145/371/1089
f 150/373/1090 522/359/1090 144/372/1090
f 151/375/1091 519/355/1091 522/359/1091
f 152/361/1092 516/353/1092 519/355/1092
f 525/376/1093 526/379/1093 529/377/1093
f 526/379/1094 527/387/1094 530/380/1094
f 528/378/1095 529/377/1095 532/381/1095
f 529/377/1096 530/380/1096 533/383/1096
f 24/90/1097 162/385/1097 525/376/1097
f 162/385/1098 163/386/1098 526/379/1098
f 163/386/1099 164/388/1099 527/387/1099
f 164/388/1100 28/725/1100 149/389/1100
f 527/387/1101 149/389/1101 148/390/1101
f 530/380/1102 148/390/1102 147/391/1102
f 533/383/1103 147/391/1103 26/392/1103
f 532/381/1104 533/383/1104 158/393/1104
f 531/382/1105 532/381/1105 157/394/1105
f 159/396/1106 531/382/1106 156/395/1106
f 160/398/1107 528/378/1107 531/382/1107
f 161/384/1108 525/376/1108 528/378/1108
f 534/399/1109 535/402/1109 538/400/1109
f 535/402/1110 536/411/1110 539/403/1110
f 537/401/1111 538/400/1111 541/404/1111
f 538/400/1112 539/403/1112 542/406/1112
f 29/407/1113 168/409/1113 534/399/1113
f 168/409/1114 169/410/1114 535/402/1114
f 169/410/1115 170/412/1115 536/411/1115
f 170/412/1116 32/440/1116 171/413/1116
f 536/411/1117 171/413/1117 172/414/1117
f 539/403/1118 172/414/1118 173/415/1118
f 542/406/1119 173/415/1119 33/416/1119
f 541/404/1120 542/406/1120 174/417/1120
f 540/405/1121 541/404/1121 175/418/1121
f 165/420/1122 540/405/1122 176/419/1122
f 166/422/1123 537/401/1123 540/405/1123
f 167/408/1124 534/399/1124 537/401/1124
f 543/423/1125 544/426/1125 547/424/1125
f 544/426/1126 545/434/1126 548/427/1126
f 546/425/1127 547/424/1127 550/428/1127
f 547/424/1128 548/427/1128 551/430/1128
f 30/46/1129 180/432/1129 543/423/1129
f 180/432/1130 181/433/1130 544/426/1130
f 181/433/1131 182/435/1131 545/434/1131
f 182/435/1132 34/459/1132 183/436/1132
f 545/434/1133 183/436/1133 184/437/1133
f 548/427/1134 184/437/1134 185/438/1134
f 551/430/1135 185/438/1135 33/416/1135
f 550/428/1136 551/430/1136 173/415/1136
f 549/429/1137 550/428/1137 172/414/1137
f 177/439/1138 549/429/1138 171/413/1138
f 178/441/1139 546/425/1139 549/429/1139
f 179/431/1140 543/423/1140 546/425/1140
f 552/442/1141 553/445/1141 556/443/1141
f 553/445/1142 554/453/1142 557/446/1142
f 555/444/1143 556/443/1143 559/447/1143
f 556/443/1144 557/446/1144 560/449/1144
f 31/9/1145 189/451/1145 552/442/1145
f 189/451/1146 190/452/1146 553/445/1146
f 190/452/1147 191/454/1147 554/453/1147
f 191/454/1148 35/920/1148 176/455/1148
f 554/453/1149 176/455/1149 175/456/1149
f 557/446/1150 175/456/1150 174/457/1150
f 560/449/1151 174/457/1151 33/416/1151
f 559/447/1152 560/449/1152 185/438/1152
f 558/448/1153 559/447/1153 184/437/1153
f 186/458/1154 558/448/1154 183/436/1154
f 187/460/1155 555/444/1155 558/448/1155
f 188/450/1156 552/442/1156 555/444/1156
f 561/461/1157 562/464/1157 565/462/1157
f 562/464/1158 563/472/1158 566/465/1158
f 564/463/1159 565/462/1159 568/466/1159
f 565/462/1160 566/465/1160 569/468/1160
f 36/70/1161 195/470/1161 561/461/1161
f 195/470/1162 196/471/1162 562/464/1162
f 196/471/1163 197/473/1163 563/472/1163
f 197/473/1164 39/934/1164 198/474/1164
f 563/472/1165 198/474/1165 199/475/1165
f 566/465/1166 199/475/1166 200/476/1166
f 569/468/1167 200/476/1167 40/477/1167
f 568/466/1168 569/468/1168 201/478/1168
f 567/467/1169 568/466/1169 202/479/1169
f 192/481/1170 567/467/1170 203/480/1170
f 193/483/1171 564/463/1171 567/467/1171
f 194/469/1172 561/461/1172 564/463/1172
f 570/484/1173 571/487/1173 574/485/1173
f 571/487/1174 572/495/1174 575/488/1174
f 573/486/1175 574/485/1175 577/489/1175
f 574/485/1176 575/488/1176 578/491/1176
f 37/14/1177 207/493/1177 570/484/1177
f 207/493/1178 208/494/1178 571/487/1178
f 208/494/1179 209/496/1179 572/495/1179
f 209/496/1180 41/520/1180 210/497/1180
f 572/495/1181 210/497/1181 211/498/1181
f 575/488/1182 211/498/1182 212/499/1182
f 578/491/1183 212/499/1183 40/477/1183
f 577/489/1184 578/491/1184 200/500/1184
f 576/490/1185 577/489/1185 199/501/1185
f 204/503/1186 576/490/1186 198/502/1186
f 205/505/1187 573/486/1187 576/490/1187
f 206/492/1188 570/484/1188 573/486/1188
f 579/506/1189 580/509/1189 583/507/1189
f 580/509/1190 581/517/1190 584/510/1190
f 582/508/1191 583/507/1191 586/511/1191
f 583/507/1192 584/510/1192 587/513/1192
f 38/42/1193 216/515/1193 579/506/1193
f 216/515/1194 217/516/1194 580/509/1194
f 217/516/1195 218/518/1195 581/517/1195
f 218/518/1196 42/482/1196 203/480/1196
f 581/517/1197 203/480/1197 202/479/1197
f 584/510/1198 202/479/1198 201/478/1198
f 587/513/1199 201/478/1199 40/477/1199
f 586/511/1200 587/513/1200 212/499/1200
f 585/512/1201 586/511/1201 211/498/1201
f 213/519/1202 585/512/1202 210/497/1202
f 214/521/1203 582/508/1203 585/512/1203
f 215/514/1204 579/506/1204 582/508/1204
f 588/522/1205 589/525/1205 592/523/1205
f 589/525/1206 590/534/1206 593/526/1206
f 591/524/1207 592/523/1207 595/527/1207
f 592/523/1208 593/526/1208 596/529/1208
f 43/530/1209 222/532/1209 588/522/1209
f 222/532/1210 223/533/1210 589/525/1210
f 223/533/1211 224/535/1211 590/534/1211
f 224/535/1212 46/764/1212 225/536/1212
f 590/534/1213 225/536/1213 226/537/1213
f 593/526/1214 226/537/1214 227/538/1214
f 596/529/1215 227/538/1215 47/539/1215
f 595/527/1216 596/529/1216 228/540/1216
f 594/528/1217 595/527/1217 229/541/1217
f 219/543/1218 594/528/1218 230/542/1218
f 220/545/1219 591/524/1219 594/528/1219
f 221/531/1220 588/522/1220 591/524/1220
f 597/546/1221 598/549/1221 601/547/1221
f 598/549/1222 599/557/1222 602/550/1222
f 600/548/1223 601/547/1223 604/551/1223
f 601/547/1224 602/550/1224 605/553/1224
f 44/118/1225 234/555/1225 597/546/1225
f 234/555/1226 235/556/1226 598/549/1226
f 235/556/1227 236/558/1227 599/557/1227
f 236/558/1228 48/582/1228 237/559/1228
f 599/557/1229 237/559/1229 238/560/1229
f 602/550/1230 238/560/1230 239/561/1230
f 605/553/1231 239/561/1231 47/539/1231
f 604/551/1232 605/553/1232 227/562/1232
f 603/552/1233 604/551/1233 226/563/1233
f 231/565/1234 603/552/1234 225/564/1234
f 232/567/1235 600/548/1235 603/552/1235
f 233/554/1236 597/546/1236 600/548/1236
f 606/568/1237 607/571/1237 610/569/1237
f 607/571/1238 608/579/1238 611/572/1238
f 609/570/1239 610/569/1239 613/573/1239
f 610/569/1240 611/572/1240 614/575/1240
f 45/33/1241 243/577/1241 606/568/1241
f 243/577/1242 244/578/1242 607/571/1242
f 244/578/1243 245/580/1243 608/579/1243
f 245/580/1244 49/544/1244 230/542/1244
f 608/579/1245 230/542/1245 229/541/1245
f 611/572/1246 229/541/1246 228/540/1246
f 614/575/1247 228/540/1247 47/539/1247
f 613/573/1248 614/575/1248 239/561/1248
f 612/574/1249 613/573/1249 238/560/1249
f 240/581/1250 612/574/1250 237/559/1250
f 241/583/1251 609/570/1251 612/574/1251
f 242/576/1252 606/568/1252 609/570/1252
f 615/584/1253 616/587/1253 619/585/1253
f 616/587/1254 617/595/1254 620/588/1254
f 618/586/1255 619/585/1255 622/589/1255
f 619/585/1256 620/588/1256 623/591/1256
f 50/57/1257 249/593/1257 615/584/1257
f 249/593/1258 250/594/1258 616/587/1258
f 250/594/1259 251/596/1259 617/595/1259
f 251/596/1260 53/624/1260 252/597/1260
f 617/595/1261 252/597/1261 253/598/1261
f 620/588/1262 253/598/1262 254/599/1262
f 623/591/1263 254/599/1263 54/600/1263
f 622/589/1264 623/591/1264 255/601/1264
f 621/590/1265 622/589/1265 256/602/1265
f 246/604/1266 621/590/1266 257/603/1266
f 247/606/1267 618/586/1267 621/590/1267
f 248/592/1268 615/584/1268 618/586/1268
f 624/607/1269 625/610/1269 628/608/1269
f 625/610/1270 626/618/1270 629/611/1270
f 627/609/1271 628/608/1271 631/612/1271
f 628/608/1272 629/611/1272 632/614/1272
f 51/38/1273 261/616/1273 624/607/1273
f 261/616/1274 262/617/1274 625/610/1274
f 262/617/1275 263/619/1275 626/618/1275
f 263/619/1276 55/643/1276 264/620/1276
f 626/618/1277 264/620/1277 265/621/1277
f 629/611/1278 265/621/1278 266/622/1278
f 632/614/1279 266/622/1279 54/600/1279
f 631/612/1280 632/614/1280 254/599/1280
f 630/613/1281 631/612/1281 253/598/1281
f 258/623/1282 630/613/1282 252/597/1282
f 259/625/1283 627/609/1283 630/613/1283
f 260/615/1284 624/607/1284 627/609/1284
f 633/626/1285 634/629/1285 637/627/1285
f 634/629/1286 635/637/1286 638/630/1286
f 636/628/1287 637/627/1287 640/631/1287
f 637/627/1288 638/630/1288 641/633/1288
f 52/114/1289 270/635/1289 633/626/1289
f 270/635/1290 271/636/1290 634/629/1290
f 271/636/1291 272/638/1291 635/637/1291
f 272/638/1292 56/802/1292 257/639/1292
f 635/637/1293 257/639/1293 256/640/1293
f 638/630/1294 256/640/1294 255/641/1294
f 641/633/1295 255/641/1295 54/600/1295
f 640/631/1296 641/633/1296 266/622/1296
f 639/632/1297 640/631/1297 265/621/1297
f 267/642/1298 639/632/1298 264/620/1298
f 268/644/1299 636/628/1299 639/632/1299
f 269/634/1300 633/626/1300 636/628/1300
f 643/645/1301 646/649/1301 645/646/1301
f 643/645/1302 644/655/1302 647/648/1302
f 646/649/1303 649/652/1303 648/650/1303
f 646/649/1304 647/648/1304 650/651/1304
f 273/653/1305 642/647/1305 114/270/1305
f 274/654/1306 643/645/1306 642/647/1306
f 274/654/1307 275/656/1307 644/655/1307
f 275/656/1308 1/129/1308 59/130/1308
f 644/655/1309 59/130/1309 58/144/1309
f 647/648/1310 58/144/1310 57/142/1310
f 650/651/1311 57/142/1311 7/143/1311
f 649/652/1312 650/651/1312 276/657/1312
f 649/652/1313 277/658/1313 278/659/1313
f 648/650/1314 278/659/1314 18/660/1314
f 645/646/1315 648/650/1315 116/273/1315
f 642/647/1316 645/646/1316 115/271/1316
f 651/661/1317 652/665/1317 655/662/1317
f 653/664/1318 656/668/1318 655/662/1318
f 654/663/1319 655/662/1319 658/666/1319
f 656/668/1320 659/673/1320 658/666/1320
f 18/305/1321 278/669/1321 651/661/1321
f 278/669/1322 277/671/1322 652/665/1322
f 276/670/1323 653/664/1323 652/665/1323
f 7/672/1324 83/180/1324 653/664/1324
f 83/180/1325 82/178/1325 656/668/1325
f 82/178/1326 81/177/1326 659/673/1326
f 81/177/1327 3/81/1327 279/82/1327
f 659/673/1328 279/82/1328 280/96/1328
f 657/667/1329 658/666/1329 280/96/1329
f 125/292/1330 657/667/1330 281/95/1330
f 124/306/1331 654/663/1331 657/667/1331
f 123/304/1332 651/661/1332 654/663/1332
f 661/674/1333 664/678/1333 663/675/1333
f 661/674/1334 662/682/1334 665/677/1334
f 664/678/1335 667/681/1335 666/679/1335
f 664/678/1336 665/677/1336 668/680/1336
f 282/21/1337 660/676/1337 72/154/1337
f 283/20/1338 661/674/1338 660/676/1338
f 283/20/1339 284/19/1339 662/682/1339
f 284/19/1340 8/18/1340 86/199/1340
f 662/682/1341 86/199/1341 85/213/1341
f 665/677/1342 85/213/1342 84/211/1342
f 668/680/1343 84/211/1343 14/212/1343
f 667/681/1344 668/680/1344 285/683/1344
f 667/681/1345 286/684/1345 287/685/1345
f 666/679/1346 287/685/1346 6/686/1346
f 663/675/1347 666/679/1347 74/157/1347
f 660/676/1348 663/675/1348 73/155/1348
f 669/687/1349 670/691/1349 673/688/1349
f 671/690/1350 674/694/1350 673/688/1350
f 672/689/1351 673/688/1351 676/692/1351
f 674/694/1352 677/699/1352 676/692/1352
f 6/189/1353 287/695/1353 669/687/1353
f 287/695/1354 286/697/1354 670/691/1354
f 285/696/1355 671/690/1355 670/691/1355
f 14/698/1356 110/249/1356 671/690/1356
f 110/249/1357 109/247/1357 674/694/1357
f 109/247/1358 108/246/1358 677/699/1358
f 108/246/1359 10/86/1359 288/84/1359
f 677/699/1360 288/84/1360 289/85/1360
f 675/693/1361 676/692/1361 289/85/1361
f 80/176/1362 675/693/1362 290/83/1362
f 79/190/1363 672/689/1363 675/693/1363
f 78/188/1364 669/687/1364 672/689/1364
f 679/700/1365 682/704/1365 681/701/1365
f 679/700/1366 680/709/1366 683/703/1366
f 682/704/1367 685/707/1367 684/705/1367
f 682/704/1368 683/703/1368 686/706/1368
f 291/65/1369 678/702/1369 99/223/1369
f 292/708/1370 679/700/1370 678/702/1370
f 292/708/1371 293/63/1371 680/709/1371
f 293/63/1372 22/62/1372 140/338/1372
f 680/709/1373 140/338/1373 139/352/1373
f 683/703/1374 139/352/1374 138/350/1374
f 686/706/1375 138/350/1375 28/351/1375
f 685/707/1376 686/706/1376 294/710/1376
f 685/707/1377 295/711/1377 296/712/1377
f 684/705/1378 296/712/1378 13/713/1378
f 681/701/1379 684/705/1379 101/226/1379
f 678/702/1380 681/701/1380 100/224/1380
f 687/714/1381 688/718/1381 691/715/1381
f 689/717/1382 692/721/1382 691/715/1382
f 690/716/1383 691/715/1383 694/719/1383
f 692/721/1384 695/726/1384 694/719/1384
f 13/258/1385 296/722/1385 687/714/1385
f 296/722/1386 295/724/1386 688/718/1386
f 294/723/1387 689/717/1387 688/718/1387
f 28/725/1388 164/388/1388 689/717/1388
f 164/388/1389 163/386/1389 692/721/1389
f 163/386/1390 162/385/1390 695/726/1390
f 162/385/1391 24/90/1391 297/89/1391
f 695/726/1392 297/89/1392 298/727/1392
f 693/720/1393 694/719/1393 298/727/1393
f 107/245/1394 693/720/1394 299/87/1394
f 106/259/1395 690/716/1395 693/720/1395
f 105/257/1396 687/714/1396 690/716/1396
f 697/728/1397 700/732/1397 699/729/1397
f 697/728/1398 698/736/1398 701/731/1398
f 700/732/1399 703/735/1399 702/733/1399
f 700/732/1400 701/731/1400 704/734/1400
f 300/108/1401 696/730/1401 153/362/1401
f 301/109/1402 697/728/1402 696/730/1402
f 301/109/1403 302/107/1403 698/736/1403
f 302/107/1404 17/105/1404 134/315/1404
f 698/736/1405 134/315/1405 133/329/1405
f 701/731/1406 133/329/1406 132/327/1406
f 704/734/1407 132/327/1407 20/328/1407
f 703/735/1408 704/734/1408 303/737/1408
f 703/735/1409 304/738/1409 305/739/1409
f 702/733/1410 305/739/1410 27/397/1410
f 699/729/1411 702/733/1411 155/365/1411
f 696/730/1412 699/729/1412 154/363/1412
f 705/740/1413 706/744/1413 709/741/1413
f 707/743/1414 710/747/1414 709/741/1414
f 708/742/1415 709/741/1415 712/745/1415
f 710/747/1416 713/748/1416 712/745/1416
f 27/397/1417 305/739/1417 705/740/1417
f 305/739/1418 304/738/1418 706/744/1418
f 303/737/1419 707/743/1419 706/744/1419
f 20/328/1420 128/296/1420 707/743/1420
f 128/296/1421 127/294/1421 710/747/1421
f 127/294/1422 126/293/1422 713/748/1422
f 126/293/1423 16/94/1423 306/93/1423
f 713/748/1424 306/93/1424 307/92/1424
f 711/746/1425 712/745/1425 307/92/1425
f 161/384/1426 711/746/1426 308/91/1426
f 160/398/1427 708/742/1427 711/746/1427
f 159/396/1428 705/740/1428 708/742/1428
f 715/749/1429 718/753/1429 717/750/1429
f 715/749/1430 716/759/1430 719/752/1430
f 718/753/1431 721/756/1431 720/754/1431
f 718/753/1432 719/752/1432 722/755/1432
f 309/757/1433 714/751/1433 222/532/1433
f 310/758/1434 715/749/1434 714/751/1434
f 310/758/1435 311/760/1435 716/759/1435
f 311/760/1436 15/268/1436 113/269/1436
f 716/759/1437 113/269/1437 112/283/1437
f 719/752/1438 112/283/1438 111/281/1438
f 722/755/1439 111/281/1439 21/282/1439
f 721/756/1440 722/755/1440 312/761/1440
f 721/756/1441 313/762/1441 314/763/1441
f 720/754/1442 314/763/1442 46/764/1442
f 717/750/1443 720/754/1443 224/535/1443
f 714/751/1444 717/750/1444 223/533/1444
f 723/765/1445 724/769/1445 727/766/1445
f 725/768/1446 728/772/1446 727/766/1446
f 726/767/1447 727/766/1447 730/770/1447
f 728/772/1448 731/777/1448 730/770/1448
f 46/566/1449 314/773/1449 723/765/1449
f 314/773/1450 313/775/1450 724/769/1450
f 312/774/1451 725/768/1451 724/769/1451
f 21/776/1452 137/319/1452 725/768/1452
f 137/319/1453 136/317/1453 728/772/1453
f 136/317/1454 135/316/1454 731/777/1454
f 135/316/1455 17/105/1455 315/106/1455
f 731/777/1456 315/106/1456 316/120/1456
f 729/771/621 730/770/621 316/120/621
f 233/554/1457 729/771/1457 317/119/1457
f 232/567/1458 726/767/1458 729/771/1458
f 231/565/1459 723/765/1459 726/767/1459
f 733/778/1460 736/782/1460 735/779/1460
f 733/778/1461 734/786/1461 737/781/1461
f 736/782/1462 739/785/1462 738/783/1462
f 736/782/1463 737/781/1463 740/784/1463
f 318/60/1464 732/780/1464 141/339/1464
f 319/61/1465 733/778/1465 732/780/1465
f 319/61/1466 320/59/1466 734/786/1466
f 320/59/1467 50/57/1467 248/592/1467
f 734/786/1468 248/592/1468 247/606/1468
f 737/781/1469 247/606/1469 246/604/1469
f 740/784/1470 246/604/1470 56/605/1470
f 739/785/1471 740/784/1471 321/787/1471
f 739/785/1472 322/788/1472 323/789/1472
f 738/783/1473 323/789/1473 25/790/1473
f 735/779/1474 738/783/1474 143/342/1474
f 732/780/1475 735/779/1475 142/340/1475
f 741/791/1476 742/795/1476 745/792/1476
f 743/794/1477 746/798/1477 745/792/1477
f 744/793/1478 745/792/1478 748/796/1478
f 746/798/1479 749/803/1479 748/796/1479
f 25/374/1480 323/799/1480 741/791/1480
f 323/799/1481 322/801/1481 742/795/1481
f 321/800/1482 743/794/1482 742/795/1482
f 56/802/1483 272/638/1483 743/794/1483
f 272/638/1484 271/636/1484 746/798/1484
f 271/636/1485 270/635/1485 749/803/1485
f 270/635/1486 52/114/1486 324/113/1486
f 749/803/652 324/113/652 325/804/652
f 747/797/1487 748/796/1487 325/804/1487
f 152/361/1488 747/797/1488 326/111/1488
f 151/375/1489 744/793/1489 747/797/1489
f 150/373/1490 741/791/1490 744/793/1490
f 751/805/1491 754/809/1491 753/806/1491
f 751/805/1492 752/813/1492 755/808/1492
f 754/809/1493 757/812/1493 756/810/1493
f 754/809/1494 755/808/1494 758/811/1494
f 327/36/1495 750/807/1495 261/616/1495
f 328/37/1496 751/805/1496 750/807/1496
f 328/37/1497 329/35/1497 752/813/1497
f 329/35/1498 45/33/1498 242/576/1498
f 752/813/1499 242/576/1499 241/583/1499
f 755/808/1500 241/583/1500 240/581/1500
f 758/811/1501 240/581/1501 48/582/1501
f 757/812/1502 758/811/1502 330/814/1502
f 757/812/1503 331/815/1503 332/816/1503
f 756/810/1504 332/816/1504 55/643/1504
f 753/806/1505 756/810/1505 263/619/1505
f 750/807/1506 753/806/1506 262/617/1506
f 759/817/1507 760/821/1507 763/818/1507
f 761/820/1508 764/824/1508 763/818/1508
f 762/819/1509 763/818/1509 766/822/1509
f 764/824/1510 767/825/1510 766/822/1510
f 55/643/1511 332/816/1511 759/817/1511
f 332/816/1512 331/815/1512 760/821/1512
f 330/814/1513 761/820/1513 760/821/1513
f 48/582/1514 236/558/1514 761/820/1514
f 236/558/1515 235/556/1515 764/824/1515
f 235/556/1516 234/555/1516 767/825/1516
f 234/555/1517 44/118/1517 333/117/1517
f 767/825/1518 333/117/1518 334/116/1518
f 765/823/1519 766/822/1519 334/116/1519
f 269/634/1520 765/823/1520 335/115/1520
f 268/644/1521 762/819/1521 765/823/1521
f 267/642/1522 759/817/1522 762/819/1522
f 769/826/1523 772/830/1523 771/827/1523
f 769/826/1524 770/836/1524 773/829/1524
f 772/830/1525 775/833/1525 774/831/1525
f 772/830/1526 773/829/1526 776/832/1526
f 336/834/1527 768/828/1527 168/409/1527
f 337/835/1528 769/826/1528 768/828/1528
f 337/835/1529 338/837/1529 770/836/1529
f 338/837/1530 43/530/1530 221/531/1530
f 770/836/1531 221/531/1531 220/545/1531
f 773/829/1532 220/545/1532 219/543/1532
f 776/832/1533 219/543/1533 49/544/1533
f 775/833/1534 776/832/1534 339/838/1534
f 775/833/1535 340/839/1535 341/840/1535
f 774/831/1536 341/840/1536 32/440/1536
f 771/827/1537 774/831/1537 170/412/1537
f 768/828/1538 771/827/1538 169/410/1538
f 777/841/1539 778/845/1539 781/842/1539
f 779/844/1540 782/848/1540 781/842/1540
f 780/843/1541 781/842/1541 784/846/1541
f 782/848/1542 785/849/1542 784/846/1542
f 32/440/1543 341/840/1543 777/841/1543
f 341/840/1544 340/839/1544 778/845/1544
f 339/838/1545 779/844/1545 778/845/1545
f 49/544/1546 245/580/1546 779/844/1546
f 245/580/1547 244/578/1547 782/848/1547
f 244/578/1548 243/577/1548 785/849/1548
f 243/577/1549 45/33/1549 342/34/1549
f 785/849/1550 342/34/1550 343/48/1550
f 783/847/1551 784/846/1551 343/48/1551
f 179/431/1552 783/847/1552 344/47/1552
f 178/441/1553 780/843/1553 783/847/1553
f 177/439/1554 777/841/1554 780/843/1554
f 787/850/1555 790/854/1555 789/851/1555
f 787/850/1556 788/858/1556 791/853/1556
f 790/854/1557 793/857/1557 792/855/1557
f 790/854/1558 791/853/1558 794/856/1558
f 345/58/1559 786/852/1559 249/593/1559
f 346/72/1560 787/850/1560 786/852/1560
f 346/72/1561 347/71/1561 788/858/1561
f 347/71/1562 36/70/1562 194/469/1562
f 788/858/1563 194/469/1563 193/483/1563
f 791/853/1564 193/483/1564 192/481/1564
f 794/856/1565 192/481/1565 42/482/1565
f 793/857/1566 794/856/1566 348/859/1566
f 793/857/1567 349/860/1567 350/861/1567
f 792/855/1568 350/861/1568 53/624/1568
f 789/851/1569 792/855/1569 251/596/1569
f 786/852/1570 789/851/1570 250/594/1570
f 795/862/1571 796/866/1571 799/863/1571
f 797/865/1572 800/869/1572 799/863/1572
f 798/864/1573 799/863/1573 802/867/1573
f 800/869/1574 803/870/1574 802/867/1574
f 53/624/1575 350/861/1575 795/862/1575
f 350/861/1576 349/860/1576 796/866/1576
f 348/859/1577 797/865/1577 796/866/1577
f 42/482/1578 218/518/1578 797/865/1578
f 218/518/1579 217/516/1579 800/869/1579
f 217/516/1580 216/515/1580 803/870/1580
f 216/515/1581 38/42/1581 351/41/1581
f 803/870/1582 351/41/1582 352/871/1582
f 801/868/1583 802/867/1583 352/871/1583
f 260/615/1584 801/868/1584 353/39/1584
f 259/625/1585 798/864/1585 801/868/1585
f 258/623/1586 795/862/1586 798/864/1586
f 805/872/1587 808/876/1587 807/873/1587
f 805/872/1588 806/880/1588 809/875/1588
f 808/876/1589 811/879/1589 810/877/1589
f 808/876/1590 809/875/1590 812/878/1590
f 354/12/1591 804/874/1591 207/493/1591
f 355/13/1592 805/872/1592 804/874/1592
f 355/13/1593 356/11/1593 806/880/1593
f 356/11/1594 31/9/1594 188/450/1594
f 806/880/1595 188/450/1595 187/460/1595
f 809/875/1596 187/460/1596 186/458/1596
f 812/878/1597 186/458/1597 34/459/1597
f 811/879/1598 812/878/1598 357/881/1598
f 811/879/1599 358/882/1599 359/883/1599
f 810/877/1600 359/883/1600 41/520/1600
f 807/873/1601 810/877/1601 209/496/1601
f 804/874/1602 807/873/1602 208/494/1602
f 813/884/1603 814/888/1603 817/885/1603
f 815/887/1604 818/891/1604 817/885/1604
f 816/886/1605 817/885/1605 820/889/1605
f 818/891/1606 821/892/1606 820/889/1606
f 41/520/1607 359/883/1607 813/884/1607
f 359/883/1608 358/882/1608 814/888/1608
f 357/881/1609 815/887/1609 814/888/1609
f 34/459/1610 182/435/1610 815/887/1610
f 182/435/1611 181/433/1611 818/891/1611
f 181/433/1612 180/432/1612 821/892/1612
f 180/432/1613 30/46/1613 360/45/1613
f 821/892/1614 360/45/1614 361/44/1614
f 819/890/1615 820/889/1615 361/44/1615
f 215/514/1616 819/890/1616 362/43/1616
f 214/521/1617 816/886/1617 819/890/1617
f 213/519/1618 813/884/1618 816/886/1618
f 823/893/1619 826/897/1619 825/894/1619
f 823/893/1620 824/903/1620 827/896/1620
f 826/897/1621 829/900/1621 828/898/1621
f 826/897/1622 827/896/1622 830/899/1622
f 363/901/1623 822/895/1623 60/131/1623
f 364/902/1624 823/893/1624 822/895/1624
f 364/902/1625 365/904/1625 824/903/1625
f 365/904/1626 29/407/1626 167/408/1626
f 824/903/1627 167/408/1627 166/422/1627
f 827/896/1628 166/422/1628 165/420/1628
f 830/899/1629 165/420/1629 35/421/1629
f 829/900/1630 830/899/1630 366/905/1630
f 829/900/1631 367/906/1631 368/907/1631
f 828/898/1632 368/907/1632 4/908/1632
f 825/894/1633 828/898/1633 62/134/1633
f 822/895/1634 825/894/1634 61/132/1634
f 831/909/1635 832/913/1635 835/910/1635
f 833/912/1636 836/916/1636 835/910/1636
f 834/911/1637 835/910/1637 838/914/1637
f 836/916/1638 839/921/1638 838/914/1638
f 4/166/1639 368/917/1639 831/909/1639
f 368/917/1640 367/919/1640 832/913/1640
f 366/918/1641 833/912/1641 832/913/1641
f 35/920/1642 191/454/1642 833/912/1642
f 191/454/1643 190/452/1643 836/916/1643
f 190/452/1644 189/451/1644 839/921/1644
f 189/451/1645 31/9/1645 369/10/1645
f 839/921/1646 369/10/1646 370/24/1646
f 837/915/813 838/914/813 370/24/813
f 71/153/1647 837/915/1647 371/23/1647
f 70/167/1648 834/911/1648 837/915/1648
f 69/165/1649 831/909/1649 834/911/1649
f 841/922/1650 844/926/1650 843/923/1650
f 841/922/1651 842/930/1651 845/925/1651
f 844/926/1652 847/929/1652 846/927/1652
f 844/926/1653 845/925/1653 848/928/1653
f 372/69/1654 840/924/1654 195/470/1654
f 373/68/1655 841/922/1655 840/924/1655
f 373/68/1656 374/67/1656 842/930/1656
f 374/67/1657 9/66/1657 98/222/1657
f 842/930/1658 98/222/1658 97/236/1658
f 845/925/1659 97/236/1659 96/234/1659
f 848/928/1660 96/234/1660 11/235/1660
f 847/929/1661 848/928/1661 375/931/1661
f 847/929/1662 376/932/1662 377/933/1662
f 846/927/1663 377/933/1663 39/934/1663
f 843/923/1664 846/927/1664 197/473/1664
f 840/924/1665 843/923/1665 196/471/1665
f 849/935/1666 850/939/1666 853/936/1666
f 851/938/1667 854/942/1667 853/936/1667
f 852/937/1668 853/936/1668 856/940/1668
f 854/942/1669 857/947/1669 856/940/1669
f 39/504/1670 377/943/1670 849/935/1670
f 377/943/1671 376/945/1671 850/939/1671
f 375/944/1672 851/938/1672 850/939/1672
f 11/946/1673 89/203/1673 851/938/1673
f 89/203/1674 88/201/1674 854/942/1674
f 88/201/1675 87/200/1675 857/947/1675
f 87/200/1676 8/18/1676 378/17/1676
f 857/947/844 378/17/844 379/948/844
f 855/941/1677 856/940/1677 379/948/1677
f 206/492/1678 855/941/1678 380/15/1678
f 205/505/1679 852/937/1679 855/941/1679
f 204/503/1680 849/935/1680 852/937/1680
f 858/949/849 859/953/849 862/950/849
f 860/952/850 863/957/850 862/950/850
f 862/950/851 865/956/851 864/954/851
f 862/950/852 863/957/852 866/955/852
f 15/268/1681 311/760/1681 858/949/1681
f 311/760/1682 310/758/1682 859/953/1682
f 309/757/1683 860/952/1683 859/953/1683
f 43/530/1684 338/837/1684 860/952/1684
f 338/837/1685 337/835/1685 863/957/1685
f 863/957/1686 337/835/1686 336/834/1686
f 866/955/1687 336/834/1687 29/407/1687
f 865/956/1688 866/955/1688 365/904/1688
f 865/956/1689 364/902/1689 363/901/1689
f 864/954/1690 363/901/1690 1/129/1690
f 861/951/1691 864/954/1691 275/656/1691
f 273/653/1692 858/949/1692 861/951/1692
o Cab_Door_L
v -0.343703 0.092559 0.245767
v -0.343500 0.270314 0.253520
v -0.413102 0.270315 0.247584
v -0.343481 0.094307 0.251771
v -0.410487 0.095037 0.252795
v -0.411197 0.270379 0.253544
v -0.411356 0.094307 0.247473
v -0.343500 0.963686 0.253520
v -0.343703 1.141441 0.245767
v -0.413102 0.963685 0.247584
v -0.343481 1.139693 0.251771
v -0.410487 1.138963 0.252795
v -0.411356 1.139693 0.247473
v -0.411197 0.963621 0.253544
v -0.344053 0.092559 0.232400
v -0.413452 0.270314 0.234218
v -0.344256 0.270315 0.224647
v -0.411703 0.094307 0.234237
v -0.411113 0.095037 0.228877
v -0.411862 0.270379 0.228166
v -0.344146 0.094307 0.226393
v -0.344053 1.141441 0.232400
v -0.344256 0.963685 0.224647
v -0.413452 0.963686 0.234218
v -0.344146 1.139693 0.226393
v -0.411113 1.138963 0.228877
v -0.411862 0.963621 0.228166
v -0.411703 1.139693 0.234237
v -0.083755 0.092559 0.238960
v -0.014356 0.270314 0.237143
v -0.083552 0.270315 0.246713
v -0.016105 0.094307 0.237123
v -0.016695 0.095037 0.242483
v -0.015946 0.270379 0.243194
v -0.083662 0.094307 0.244967
v -0.083755 1.141441 0.238960
v -0.083552 0.963685 0.246713
v -0.014356 0.963686 0.237143
v -0.083662 1.139693 0.244967
v -0.016695 1.138963 0.242483
v -0.015946 0.963621 0.243194
v -0.016105 1.139693 0.237123
v -0.084105 0.092559 0.225593
v -0.084308 0.270314 0.217840
v -0.014706 0.270315 0.223776
v -0.084327 0.094307 0.219590
v -0.017321 0.095037 0.218565
v -0.016611 0.270379 0.217816
v -0.016452 0.094307 0.223887
v -0.084105 1.141441 0.225593
v -0.014706 0.963685 0.223776
v -0.084308 0.963686 0.217840
v -0.016452 1.139693 0.223887
v -0.017321 1.138963 0.218565
v -0.016611 0.963621 0.217816
v -0.084327 1.139693 0.219590
v -0.409571 0.093670 0.247434
v -0.401672 0.093176 0.247244
v -0.381701 0.092810 0.246743
v -0.343622 0.092810 0.248125
v -0.343557 0.093176 0.249794
v -0.343510 0.093670 0.250949
v -0.381418 0.094434 0.252637
v -0.401283 0.094612 0.252979
v -0.409010 0.094835 0.252959
v -0.410702 0.094835 0.252292
v -0.410950 0.094612 0.251319
v -0.411169 0.094434 0.249765
v -0.343471 0.097785 0.252408
v -0.343476 0.117535 0.252902
v -0.343488 0.169673 0.253268
v -0.381505 0.270334 0.254264
v -0.401484 0.270355 0.254421
v -0.409396 0.270372 0.254134
v -0.411073 0.169803 0.253414
v -0.410900 0.117774 0.253231
v -0.410683 0.098201 0.253002
v -0.411855 0.270372 0.252739
v -0.412380 0.270355 0.251596
v -0.412789 0.270334 0.249936
v -0.412851 0.169673 0.247558
v -0.412486 0.117535 0.247527
v -0.411993 0.097785 0.247497
v -0.409396 0.963628 0.254134
v -0.401484 0.963645 0.254421
v -0.381505 0.963666 0.254264
v -0.343488 1.064327 0.253268
v -0.343476 1.116465 0.252902
v -0.343471 1.136215 0.252408
v -0.381418 1.139566 0.252637
v -0.401283 1.139388 0.252979
v -0.409010 1.139165 0.252959
v -0.410683 1.135799 0.253002
v -0.410900 1.116226 0.253231
v -0.411073 1.064197 0.253414
v -0.343510 1.140330 0.250949
v -0.343557 1.140824 0.249794
v -0.343622 1.141190 0.248125
v -0.381701 1.141190 0.246743
v -0.401672 1.140824 0.247244
v -0.409571 1.140330 0.247434
v -0.411169 1.139566 0.249765
v -0.410950 1.139388 0.251319
v -0.410702 1.139165 0.252292
v -0.411993 1.136215 0.247497
v -0.412486 1.116465 0.247527
v -0.412851 1.064327 0.247558
v -0.412789 0.963666 0.249936
v -0.412380 0.963645 0.251596
v -0.411855 0.963628 0.252739
v -0.344131 0.093670 0.227215
v -0.344118 0.093176 0.228372
v -0.344096 0.092810 0.230041
v -0.382050 0.092810 0.233415
v -0.402020 0.093176 0.233959
v -0.409918 0.093670 0.234183
v -0.411636 0.094434 0.231939
v -0.411498 0.094612 0.230375
v -0.411302 0.094835 0.229390
v -0.409647 0.094835 0.228636
v -0.401931 0.094612 0.228212
v -0.382076 0.094434 0.227513
v -0.412340 0.097785 0.234246
v -0.412834 0.117535 0.234242
v -0.413200 0.169673 0.234230
v -0.413262 0.270334 0.231852
v -0.412941 0.270355 0.230174
v -0.412477 0.270372 0.229004
v -0.411731 0.169803 0.228290
v -0.411548 0.117774 0.228464
v -0.411320 0.098201 0.228680
v -0.410094 0.270372 0.227483
v -0.402208 0.270355 0.226782
v -0.382247 0.270334 0.225894
v -0.344230 0.169673 0.224898
v -0.344200 0.117535 0.225263
v -0.344169 0.097785 0.225756
v -0.409918 1.140330 0.234183
v -0.402020 1.140824 0.233959
v -0.382050 1.141190 0.233415
v -0.344096 1.141190 0.230041
v -0.344118 1.140824 0.228372
v -0.344131 1.140330 0.227215
v -0.382076 1.139566 0.227513
v -0.401931 1.139388 0.228212
v -0.409647 1.139165 0.228636
v -0.411302 1.139165 0.229390
v -0.411498 1.139388 0.230375
v -0.411636 1.139566 0.231939
v -0.344169 1.136215 0.225756
v -0.344200 1.116465 0.225263
v -0.344230 1.064327 0.224898
v -0.382247 0.963666 0.225894
v -0.402208 0.963645 0.226782
v -0.410094 0.963628 0.227483
v -0.411731 1.064197 0.228290
v -0.411548 1.116226 0.228464
v -0.411320 1.135799 0.228680
v -0.412477 0.963628 0.229004
v -0.412941 0.963645 0.230174
v -0.413262 0.963666 0.231852
v -0.413200 1.064327 0.234230
v -0.412834 1.116465 0.234242
v -0.412340 1.136215 0.234246
v -0.083677 0.093670 0.244145
v -0.083690 0.093176 0.242989
v -0.083712 0.092810 0.241319
v -0.045757 0.092810 0.237946
v -0.025788 0.093176 0.237401
v -0.017890 0.093670 0.237177
v -0.016172 0.094434 0.239421
v -0.016310 0.094612 0.240985
v -0.016506 0.094835 0.241970
v -0.018161 0.094835 0.242724
v -0.025876 0.094612 0.243148
v -0.045732 0.094434 0.243847
v -0.015468 0.097785 0.237114
v -0.014974 0.117535 0.237118
v -0.014608 0.169673 0.237130
v -0.014545 0.270334 0.239508
v -0.014867 0.270355 0.241186
v -0.015331 0.270372 0.242356
v -0.016077 0.169803 0.243070
v -0.016260 0.117774 0.242897
v -0.016488 0.098201 0.242680
v -0.017714 0.270372 0.243877
v -0.025600 0.270355 0.244578
v -0.045560 0.270334 0.245467
v -0.083577 0.169673 0.246462
v -0.083608 0.117535 0.246097
v -0.083638 0.097785 0.245604
v -0.017890 1.140330 0.237177
v -0.025788 1.140824 0.237401
v -0.045757 1.141190 0.237946
v -0.083712 1.141190 0.241319
v -0.083690 1.140824 0.242989
v -0.083677 1.140330 0.244145
v -0.045732 1.139566 0.243847
v -0.025876 1.139388 0.243148
v -0.018161 1.139165 0.242724
v -0.016506 1.139165 0.241970
v -0.016310 1.139388 0.240985
v -0.016172 1.139566 0.239421
v -0.083638 1.136215 0.245604
v -0.083608 1.116465 0.246097
v -0.083577 1.064327 0.246462
v -0.045560 0.963666 0.245467
v -0.025600 0.963645 0.244578
v -0.017714 0.963628 0.243877
v -0.016077 1.064197 0.243070
v -0.016260 1.116226 0.242897
v -0.016488 1.135799 0.242680
v -0.015331 0.963628 0.242356
v -0.014867 0.963645 0.241186
v -0.014546 0.963666 0.239508
v -0.014608 1.064327 0.237130
v -0.014974 1.116465 0.237118
v -0.015468 1.136215 0.237114
v -0.018237 0.093670 0.223926
v -0.026136 0.093176 0.224116
v -0.046106 0.092810 0.224618
v -0.084186 0.092810 0.223235
v -0.084251 0.093176 0.221567
v -0.084298 0.093670 0.220411
v -0.046390 0.094434 0.218723
v -0.026525 0.094612 0.218381
v -0.018798 0.094835 0.218402
v -0.017106 0.094835 0.219068
v -0.016858 0.094612 0.220041
v -0.016639 0.094434 0.221595
v -0.084336 0.097785 0.218953
v -0.084332 0.117535 0.218458
v -0.084320 0.169673 0.218092
v -0.046303 0.270334 0.217097
v -0.026324 0.270355 0.216939
v -0.018412 0.270372 0.217226
v -0.016734 0.169803 0.217947
v -0.016908 0.117774 0.218130
v -0.017125 0.098201 0.218358
v -0.015952 0.270372 0.218621
v -0.015428 0.270355 0.219765
v -0.015019 0.270334 0.221424
v -0.014957 0.169673 0.223802
v -0.015322 0.117535 0.223833
v -0.015815 0.097785 0.223863
v -0.084298 1.140330 0.220411
v -0.084251 1.140824 0.221567
v -0.084186 1.141190 0.223235
v -0.046106 1.141190 0.224618
v -0.026136 1.140824 0.224116
v -0.018237 1.140330 0.223926
v -0.016639 1.139566 0.221595
v -0.016858 1.139388 0.220041
v -0.017106 1.139165 0.219068
v -0.018798 1.139165 0.218402
v -0.026525 1.139388 0.218381
v -0.046390 1.139566 0.218723
v -0.015815 1.136215 0.223863
v -0.015322 1.116465 0.223833
v -0.014957 1.064327 0.223802
v -0.015019 0.963666 0.221424
v -0.015428 0.963645 0.219765
v -0.015952 0.963628 0.218621
v -0.016734 1.064197 0.217947
v -0.016908 1.116226 0.218130
v -0.017125 1.135799 0.218358
v -0.018412 0.963628 0.217226
v -0.026324 0.963645 0.216939
v -0.046303 0.963666 0.217097
v -0.084320 1.064327 0.218092
v -0.084332 1.116465 0.218458
v -0.084336 1.136215 0.218953
v -0.343984 0.092409 0.235525
v -0.343894 0.092359 0.239084
v -0.343797 0.092409 0.242642
v -0.411513 0.094231 0.244389
v -0.411631 0.094205 0.240858
v -0.411698 0.094231 0.237325
v -0.413333 0.270302 0.244463
v -0.413476 0.270298 0.240906
v -0.413520 0.270302 0.237346
v -0.343508 0.427503 0.253670
v -0.343511 0.617000 0.253720
v -0.343508 0.806497 0.253670
v -0.411271 0.806471 0.253622
v -0.411296 0.617000 0.253648
v -0.411271 0.427529 0.253622
v -0.413251 0.806497 0.247600
v -0.413301 0.617000 0.247606
v -0.413251 0.427503 0.247600
v -0.343797 1.141591 0.242642
v -0.343894 1.141641 0.239084
v -0.343984 1.141591 0.235525
v -0.411698 1.139769 0.237325
v -0.411631 1.139795 0.240858
v -0.411513 1.139769 0.244389
v -0.413520 0.963698 0.237346
v -0.413476 0.963702 0.240906
v -0.413333 0.963698 0.244463
v -0.344272 0.806497 0.224498
v -0.344278 0.617000 0.224448
v -0.344272 0.427503 0.224498
v -0.411940 0.427529 0.228092
v -0.411966 0.617000 0.228068
v -0.411940 0.806471 0.228092
v -0.413602 0.427503 0.234209
v -0.413652 0.617000 0.234207
v -0.413602 0.806497 0.234209
v -0.143096 0.092409 0.227126
v -0.214079 0.092359 0.228981
v -0.285063 0.092409 0.230844
v -0.285195 0.094231 0.224773
v -0.214239 0.094205 0.222890
v -0.143281 0.094231 0.221057
v -0.285269 0.270302 0.222953
v -0.214287 0.270298 0.221044
v -0.143303 0.270302 0.219235
v -0.285063 1.141591 0.230844
v -0.214079 1.141641 0.228981
v -0.143096 1.141591 0.227126
v -0.143281 1.139769 0.221057
v -0.214239 1.139795 0.222890
v -0.285195 1.139769 0.224773
v -0.143303 0.963698 0.219235
v -0.214287 0.963702 0.221044
v -0.285269 0.963698 0.222953
v -0.014557 0.806497 0.223760
v -0.014507 0.617000 0.223755
v -0.014557 0.427503 0.223760
v -0.016537 0.427529 0.217738
v -0.016512 0.617000 0.217712
v -0.016537 0.806471 0.217738
v -0.084299 0.427503 0.217690
v -0.084297 0.617000 0.217641
v -0.084299 0.806497 0.217690
v -0.083824 0.092409 0.235835
v -0.083913 0.092359 0.232276
v -0.084011 0.092409 0.228718
v -0.016295 0.094231 0.226971
v -0.016177 0.094205 0.230502
v -0.016110 0.094231 0.234035
v -0.014475 0.270302 0.226897
v -0.014332 0.270298 0.230454
v -0.014288 0.270302 0.234014
v -0.084011 1.141591 0.228718
v -0.083913 1.141641 0.232276
v -0.083824 1.141591 0.235835
v -0.016110 1.139769 0.234035
v -0.016177 1.139795 0.230502
v -0.016295 1.139769 0.226971
v -0.014288 0.963698 0.234014
v -0.014332 0.963702 0.230454
v -0.014475 0.963698 0.226897
v -0.083536 0.806497 0.246862
v -0.083530 0.617000 0.246912
v -0.083536 0.427503 0.246862
v -0.015868 0.427529 0.243268
v -0.015842 0.617000 0.243293
v -0.015868 0.806471 0.243268
v -0.014206 0.427503 0.237151
v -0.014156 0.617000 0.237154
v -0.014206 0.806497 0.237151
v -0.284712 0.092409 0.244234
v -0.213728 0.092359 0.242380
v -0.142745 0.092409 0.240517
v -0.142613 0.094231 0.246587
v -0.213569 0.094205 0.248470
v -0.284527 0.094231 0.250303
v -0.142539 0.270302 0.248407
v -0.213521 0.270298 0.250316
v -0.284505 0.270302 0.252125
v -0.142745 1.141591 0.240517
v -0.213728 1.141641 0.242380
v -0.284712 1.141591 0.244234
v -0.284527 1.139769 0.250303
v -0.213569 1.139795 0.248470
v -0.142613 1.139769 0.246587
v -0.284505 0.963698 0.252125
v -0.213521 0.963702 0.250316
v -0.142539 0.963698 0.248407
v -0.142530 0.427498 0.248565
v -0.142527 0.617000 0.248618
v -0.142530 0.806502 0.248565
v -0.213516 0.427496 0.250477
v -0.213515 0.617000 0.250530
v -0.213516 0.806504 0.250477
v -0.284506 0.427498 0.252283
v -0.284506 0.617000 0.252336
v -0.284506 0.806502 0.252283
v -0.014317 0.427498 0.226888
v -0.014264 0.617000 0.226885
v -0.014317 0.806502 0.226888
v -0.014171 0.427496 0.230450
v -0.014117 0.617000 0.230449
v -0.014171 0.806504 0.230450
v -0.014130 0.427498 0.234015
v -0.014077 0.617000 0.234015
v -0.014130 0.806502 0.234015
v -0.143009 1.141749 0.230258
v -0.213997 1.141802 0.232115
v -0.284985 1.141749 0.233976
v -0.142914 1.141802 0.233821
v -0.213904 1.141855 0.235680
v -0.284894 1.141802 0.237539
v -0.142822 1.141749 0.237385
v -0.213811 1.141802 0.239245
v -0.284799 1.141749 0.241102
v -0.413491 0.427498 0.244472
v -0.413544 0.617000 0.244475
v -0.413491 0.806502 0.244472
v -0.413637 0.427496 0.240910
v -0.413691 0.617000 0.240912
v -0.413637 0.806504 0.240910
v -0.413678 0.427498 0.237345
v -0.413730 0.617000 0.237345
v -0.413678 0.806502 0.237345
v -0.285278 0.427498 0.222795
v -0.285281 0.617000 0.222743
v -0.285278 0.806502 0.222795
v -0.214291 0.427496 0.220884
v -0.214293 0.617000 0.220830
v -0.214291 0.806504 0.220884
v -0.143302 0.427498 0.219077
v -0.143301 0.617000 0.219025
v -0.143302 0.806502 0.219077
v -0.381603 0.093038 0.249083
v -0.381518 0.093374 0.250726
v -0.381453 0.093833 0.251851
v -0.401549 0.093374 0.249563
v -0.401433 0.093666 0.251173
v -0.401334 0.094071 0.252249
v -0.409419 0.093833 0.249734
v -0.409256 0.094071 0.251307
v -0.409097 0.094396 0.252321
v -0.381473 0.169711 0.254034
v -0.401427 0.169753 0.254221
v -0.409308 0.169788 0.253968
v -0.381440 0.117597 0.253698
v -0.401360 0.117672 0.253927
v -0.409192 0.117742 0.253727
v -0.381417 0.097877 0.253238
v -0.401301 0.097999 0.253521
v -0.409069 0.098131 0.253399
v -0.412561 0.169711 0.249893
v -0.412227 0.117597 0.249843
v -0.411769 0.097877 0.249795
v -0.412183 0.169753 0.251529
v -0.411893 0.117672 0.251446
v -0.411490 0.097999 0.251366
v -0.411695 0.169788 0.252643
v -0.411460 0.117742 0.252515
v -0.411139 0.098131 0.252374
v -0.381473 1.064289 0.254034
v -0.381440 1.116403 0.253698
v -0.381417 1.136123 0.253238
v -0.401427 1.064247 0.254221
v -0.401360 1.116328 0.253927
v -0.401301 1.136001 0.253521
v -0.409308 1.064212 0.253968
v -0.409192 1.116258 0.253727
v -0.409069 1.135869 0.253399
v -0.381603 1.140961 0.249083
v -0.401549 1.140626 0.249563
v -0.409419 1.140167 0.249734
v -0.381518 1.140626 0.250726
v -0.401433 1.140334 0.251173
v -0.409256 1.139929 0.251307
v -0.381453 1.140167 0.251851
v -0.401334 1.139929 0.252249
v -0.409097 1.139604 0.252321
v -0.412561 1.064289 0.249893
v -0.412183 1.064247 0.251529
v -0.411695 1.064212 0.252643
v -0.412227 1.116403 0.249843
v -0.411893 1.116328 0.251446
v -0.411460 1.116258 0.252515
v -0.411769 1.136123 0.249795
v -0.411490 1.136001 0.251366
v -0.411139 1.135869 0.252374
v -0.382075 0.093038 0.231073
v -0.402019 0.093374 0.231637
v -0.409886 0.093833 0.231878
v -0.382076 0.093374 0.229427
v -0.401986 0.093666 0.230023
v -0.409806 0.094071 0.230299
v -0.382070 0.093833 0.228301
v -0.401944 0.094071 0.228943
v -0.409700 0.094396 0.229278
v -0.413033 0.169711 0.231883
v -0.412741 0.169753 0.230230
v -0.412311 0.169788 0.229093
v -0.412697 0.117597 0.231917
v -0.412446 0.117672 0.230297
v -0.412070 0.117742 0.229208
v -0.412237 0.097877 0.231940
v -0.412040 0.097999 0.230357
v -0.411742 0.098131 0.229332
v -0.382204 0.169711 0.226121
v -0.382154 0.117597 0.226455
v -0.382106 0.097877 0.226913
v -0.402141 0.169753 0.226979
v -0.402058 0.117672 0.227269
v -0.401978 0.097999 0.227672
v -0.409997 0.169788 0.227644
v -0.409869 0.117742 0.227878
v -0.409729 0.098131 0.228199
v -0.382075 1.140961 0.231073
v -0.382076 1.140626 0.229427
v -0.382070 1.140167 0.228301
v -0.402019 1.140626 0.231637
v -0.401986 1.140334 0.230023
v -0.401944 1.139929 0.228943
v -0.409886 1.140167 0.231878
v -0.409806 1.139929 0.230299
v -0.409700 1.139604 0.229278
v -0.382204 1.064289 0.226121
v -0.402141 1.064247 0.226979
v -0.409997 1.064212 0.227644
v -0.382154 1.116403 0.226455
v -0.402058 1.116328 0.227269
v -0.409869 1.116258 0.227878
v -0.382106 1.136123 0.226913
v -0.401978 1.136001 0.227672
v -0.409729 1.135869 0.228199
v -0.413033 1.064289 0.231883
v -0.412697 1.116403 0.231917
v -0.412237 1.136123 0.231940
v -0.412741 1.064247 0.230230
v -0.412446 1.116328 0.230297
v -0.412040 1.136001 0.230357
v -0.412311 1.064212 0.229093
v -0.412070 1.116258 0.229208
v -0.411742 1.135869 0.229332
v -0.045733 0.093038 0.240287
v -0.025789 0.093374 0.239723
v -0.017922 0.093833 0.239482
v -0.045732 0.093374 0.241933
v -0.025822 0.093666 0.241337
v -0.018002 0.094071 0.241062
v -0.045738 0.093833 0.243060
v -0.025864 0.094071 0.242417
v -0.018108 0.094396 0.242082
v -0.014775 0.169711 0.239477
v -0.015067 0.169753 0.241130
v -0.015497 0.169788 0.242268
v -0.015111 0.117597 0.239444
v -0.015361 0.117672 0.241063
v -0.015738 0.117742 0.242152
v -0.015571 0.097877 0.239421
v -0.015768 0.097999 0.241003
v -0.016066 0.098131 0.242029
v -0.045604 0.169711 0.245239
v -0.045654 0.117597 0.244905
v -0.045701 0.097877 0.244447
v -0.025667 0.169753 0.244382
v -0.025749 0.117672 0.244091
v -0.025830 0.097999 0.243688
v -0.017811 0.169788 0.243717
v -0.017939 0.117742 0.243482
v -0.018079 0.098131 0.243161
v -0.045733 1.140961 0.240287
v -0.045732 1.140626 0.241933
v -0.045738 1.140167 0.243060
v -0.025789 1.140626 0.239723
v -0.025822 1.140334 0.241337
v -0.025864 1.139929 0.242417
v -0.017922 1.140167 0.239482
v -0.018002 1.139929 0.241062
v -0.018108 1.139604 0.242082
v -0.045604 1.064289 0.245239
v -0.025667 1.064247 0.244382
v -0.017811 1.064212 0.243717
v -0.045654 1.116403 0.244905
v -0.025749 1.116328 0.244091
v -0.017939 1.116258 0.243482
v -0.045701 1.136123 0.244447
v -0.025830 1.136001 0.243688
v -0.018079 1.135869 0.243161
v -0.014775 1.064289 0.239477
v -0.015111 1.116403 0.239444
v -0.015571 1.136123 0.239421
v -0.015067 1.064247 0.241130
v -0.015361 1.116328 0.241063
v -0.015768 1.136001 0.241003
v -0.015497 1.064212 0.242268
v -0.015738 1.116258 0.242152
v -0.016066 1.135869 0.242029
v -0.046205 0.093038 0.222278
v -0.046290 0.093374 0.220635
v -0.046354 0.093833 0.219510
v -0.026259 0.093374 0.221797
v -0.026375 0.093666 0.220188
v -0.026474 0.094071 0.219111
v -0.018389 0.093833 0.221626
v -0.018552 0.094071 0.220053
v -0.018711 0.094396 0.219040
v -0.046335 0.169711 0.217326
v -0.026381 0.169753 0.217139
v -0.018500 0.169788 0.217392
v -0.046368 0.117597 0.217662
v -0.026447 0.117672 0.217433
v -0.018616 0.117742 0.217633
v -0.046391 0.097877 0.218122
v -0.026507 0.097999 0.217840
v -0.018739 0.098131 0.217961
v -0.015246 0.169711 0.221467
v -0.015581 0.117597 0.221518
v -0.016039 0.097877 0.221565
v -0.015625 0.169753 0.219832
v -0.015915 0.117672 0.219914
v -0.016318 0.097999 0.219995
v -0.016113 0.169788 0.218718
v -0.016348 0.117742 0.218846
v -0.016669 0.098131 0.218986
v -0.046205 1.140961 0.222278
v -0.026259 1.140626 0.221797
v -0.018389 1.140167 0.221626
v -0.046290 1.140626 0.220635
v -0.026375 1.140334 0.220188
v -0.018552 1.139929 0.220053
v -0.046354 1.140167 0.219510
v -0.026474 1.139929 0.219111
v -0.018711 1.139604 0.219040
v -0.015246 1.064289 0.221467
v -0.015625 1.064247 0.219832
v -0.016113 1.064212 0.218718
v -0.015581 1.116403 0.221518
v -0.015915 1.116328 0.219914
v -0.016348 1.116258 0.218846
v -0.016039 1.136123 0.221565
v -0.016318 1.136001 0.219995
v -0.016669 1.135869 0.218986
v -0.046335 1.064289 0.217326
v -0.046368 1.116403 0.217662
v -0.046391 1.136123 0.218122
v -0.026381 1.064247 0.217139
v -0.026447 1.116328 0.217433
v -0.026507 1.136001 0.217840
v -0.018500 1.064212 0.217392
v -0.018616 1.116258 0.217633
v -0.018739 1.135869 0.217961
v -0.381992 0.092675 0.236529
v -0.381907 0.092630 0.240079
v -0.381806 0.092675 0.243630
v -0.401977 0.093058 0.237061
v -0.401897 0.093019 0.240603
v -0.401791 0.093058 0.244145
v -0.409893 0.093573 0.237275
v -0.409820 0.093540 0.240810
v -0.409708 0.093573 0.244345
v -0.412356 0.097729 0.237339
v -0.412295 0.097710 0.240875
v -0.412171 0.097729 0.244409
v -0.412870 0.117497 0.237346
v -0.412817 0.117484 0.240889
v -0.412685 0.117497 0.244430
v -0.413254 0.169650 0.237347
v -0.413206 0.169642 0.240899
v -0.413068 0.169650 0.244449
v -0.381524 0.427511 0.254400
v -0.381531 0.617000 0.254445
v -0.381524 0.806489 0.254400
v -0.401519 0.427519 0.254539
v -0.401531 0.617000 0.254579
v -0.401519 0.806481 0.254539
v -0.409449 0.427526 0.254232
v -0.409467 0.617000 0.254265
v -0.409449 0.806474 0.254232
v -0.411951 0.427526 0.252798
v -0.411983 0.617000 0.252818
v -0.411951 0.806474 0.252798
v -0.412496 0.427519 0.251637
v -0.412535 0.617000 0.251651
v -0.412496 0.806481 0.251637
v -0.412924 0.427511 0.249963
v -0.412968 0.617000 0.249972
v -0.412924 0.806489 0.249963
v -0.381806 1.141325 0.243630
v -0.381907 1.141370 0.240079
v -0.381992 1.141325 0.236529
v -0.401792 1.140942 0.244145
v -0.401897 1.140981 0.240603
v -0.401977 1.140942 0.237061
v -0.409708 1.140427 0.244345
v -0.409820 1.140460 0.240810
v -0.409893 1.140427 0.237275
v -0.412171 1.136271 0.244409
v -0.412295 1.136290 0.240875
v -0.412356 1.136271 0.237339
v -0.412685 1.116503 0.244430
v -0.412817 1.116516 0.240889
v -0.412870 1.116503 0.237346
v -0.413068 1.064350 0.244449
v -0.413206 1.064358 0.240899
v -0.413254 1.064350 0.237347
v -0.382274 0.806489 0.225759
v -0.382283 0.617000 0.225714
v -0.382274 0.427511 0.225759
v -0.402249 0.806481 0.226666
v -0.402263 0.617000 0.226627
v -0.402249 0.427519 0.226666
v -0.410152 0.806474 0.227387
v -0.410172 0.617000 0.227355
v -0.410152 0.427526 0.227387
v -0.412575 0.806474 0.228951
v -0.412608 0.617000 0.228933
v -0.412575 0.427526 0.228951
v -0.413059 0.806481 0.230138
v -0.413098 0.617000 0.230127
v -0.413059 0.427519 0.230138
v -0.413398 0.806489 0.231832
v -0.413444 0.617000 0.231826
v -0.413398 0.427511 0.231832
v -0.143166 0.092675 0.224756
v -0.214142 0.092630 0.226607
v -0.285117 0.092675 0.228473
v -0.143219 0.093058 0.223072
v -0.214186 0.093019 0.224918
v -0.285152 0.093058 0.226789
v -0.143256 0.093573 0.221898
v -0.214217 0.093540 0.223738
v -0.285176 0.093573 0.225615
v -0.143296 0.097729 0.220399
v -0.214256 0.097710 0.222225
v -0.285215 0.097729 0.224116
v -0.143302 0.117497 0.219885
v -0.214270 0.117484 0.221704
v -0.285236 0.117497 0.223602
v -0.143303 0.169650 0.219501
v -0.214280 0.169642 0.221315
v -0.285254 0.169650 0.223218
v -0.285117 1.141325 0.228473
v -0.214142 1.141370 0.226607
v -0.143166 1.141325 0.224756
v -0.285152 1.140942 0.226789
v -0.214186 1.140981 0.224918
v -0.143219 1.140942 0.223072
v -0.285176 1.140427 0.225615
v -0.214217 1.140460 0.223738
v -0.143256 1.140427 0.221898
v -0.285215 1.136271 0.224116
v -0.214256 1.136290 0.222225
v -0.143296 1.136271 0.220399
v -0.285236 1.116503 0.223602
v -0.214270 1.116516 0.221704
v -0.143302 1.116503 0.219885
v -0.285254 1.064350 0.223218
v -0.214280 1.064358 0.221315
v -0.143303 1.064350 0.219501
v -0.014884 0.806489 0.221397
v -0.014839 0.617000 0.221388
v -0.014884 0.427511 0.221397
v -0.015312 0.806481 0.219723
v -0.015273 0.617000 0.219709
v -0.015312 0.427519 0.219723
v -0.015857 0.806474 0.218562
v -0.015825 0.617000 0.218543
v -0.015857 0.427526 0.218562
v -0.018358 0.806474 0.217128
v -0.018341 0.617000 0.217095
v -0.018358 0.427526 0.217128
v -0.026289 0.806481 0.216821
v -0.026277 0.617000 0.216781
v -0.026289 0.427519 0.216821
v -0.046283 0.806489 0.216961
v -0.046277 0.617000 0.216915
v -0.046283 0.427511 0.216961
v -0.045815 0.092675 0.234832
v -0.045901 0.092630 0.231281
v -0.046001 0.092675 0.227730
v -0.025831 0.093058 0.234300
v -0.025911 0.093019 0.230757
v -0.026016 0.093058 0.227216
v -0.017914 0.093573 0.234085
v -0.017988 0.093540 0.230550
v -0.018099 0.093573 0.227015
v -0.015452 0.097729 0.234021
v -0.015512 0.097710 0.230485
v -0.015637 0.097728 0.226951
v -0.014938 0.117497 0.234014
v -0.014991 0.117484 0.230471
v -0.015123 0.117497 0.226930
v -0.014554 0.169650 0.234013
v -0.014602 0.169642 0.230461
v -0.014740 0.169650 0.226912
v -0.046001 1.141325 0.227730
v -0.045901 1.141370 0.231281
v -0.045815 1.141325 0.234832
v -0.026016 1.140942 0.227216
v -0.025911 1.140981 0.230757
v -0.025831 1.140942 0.234300
v -0.018100 1.140427 0.227015
v -0.017988 1.140460 0.230550
v -0.017914 1.140427 0.234085
v -0.015637 1.136271 0.226951
v -0.015512 1.136290 0.230485
v -0.015452 1.136271 0.234021
v -0.015123 1.116503 0.226930
v -0.014991 1.116516 0.230471
v -0.014938 1.116503 0.234014
v -0.014740 1.064350 0.226912
v -0.014602 1.064358 0.230461
v -0.014554 1.064350 0.234013
v -0.045533 0.806489 0.245601
v -0.045524 0.617000 0.245646
v -0.045533 0.427511 0.245601
v -0.025559 0.806481 0.244695
v -0.025545 0.617000 0.244733
v -0.025559 0.427519 0.244695
v -0.017655 0.806474 0.243973
v -0.017636 0.617000 0.244005
v -0.017655 0.427526 0.243973
v -0.015232 0.806474 0.242409
v -0.015200 0.617000 0.242427
v -0.015232 0.427526 0.242409
v -0.014749 0.806481 0.241222
v -0.014709 0.617000 0.241234
v -0.014749 0.427519 0.241222
v -0.014410 0.806489 0.239528
v -0.014364 0.617000 0.239535
v -0.014409 0.427511 0.239528
v -0.284642 0.092675 0.246604
v -0.213666 0.092630 0.244753
v -0.142691 0.092675 0.242887
v -0.284589 0.093058 0.248288
v -0.213622 0.093019 0.246442
v -0.142656 0.093058 0.244571
v -0.284552 0.093573 0.249462
v -0.213591 0.093540 0.247622
v -0.142632 0.093573 0.245746
v -0.284512 0.097729 0.250961
v -0.213552 0.097710 0.249135
v -0.142593 0.097729 0.247245
v -0.284506 0.117497 0.251475
v -0.213538 0.117484 0.249656
v -0.142572 0.117497 0.247759
v -0.284504 0.169650 0.251859
v -0.213528 0.169642 0.250046
v -0.142553 0.169650 0.248142
v -0.142691 1.141325 0.242887
v -0.213666 1.141370 0.244753
v -0.284642 1.141325 0.246604
v -0.142656 1.140942 0.244571
v -0.213622 1.140981 0.246442
v -0.284589 1.140942 0.248288
v -0.142632 1.140427 0.245746
v -0.213591 1.140460 0.247622
v -0.284552 1.140427 0.249462
v -0.142593 1.136271 0.247245
v -0.213552 1.136290 0.249135
v -0.284512 1.136271 0.250961
v -0.142572 1.116503 0.247759
v -0.213538 1.116516 0.249656
v -0.284506 1.116503 0.251475
v -0.142553 1.064350 0.248142
v -0.213528 1.064358 0.250046
v -0.284504 1.064350 0.251859
v -0.284985 0.092251 0.233976
v -0.213997 0.092198 0.232115
v -0.143009 0.092251 0.230258
v -0.284894 0.092198 0.237539
v -0.213904 0.092145 0.235680
v -0.142914 0.092198 0.233821
v -0.284799 0.092251 0.241102
v -0.213811 0.092198 0.239245
v -0.142822 0.092251 0.237385
vn 0.0269 -0.0003 0.9996
vn 0.0269 0.0003 0.9996
vn 0.0254 -0.0003 0.9997
vn 0.0254 0.0003 0.9997
vn 0.0287 -0.0010 0.9996
vn 0.0289 -0.0003 0.9996
vn 0.0289 0.0003 0.9996
vn 0.0289 0.0010 0.9996
vn 0.0269 0.0010 0.9996
vn 0.0254 0.0010 0.9997
vn 0.0235 0.0010 0.9997
vn 0.0235 0.0003 0.9997
vn 0.0235 -0.0003 0.9997
vn 0.0236 -0.0010 0.9997
vn 0.0255 -0.0010 0.9997
vn 0.0269 -0.0010 0.9996
vn 0.9992 -0.0003 -0.0409
vn 0.9992 0.0003 -0.0412
vn 0.9999 -0.0003 -0.0114
vn 0.9999 0.0003 -0.0111
vn 0.9973 -0.0010 -0.0739
vn 0.9971 -0.0003 -0.0765
vn 0.9970 0.0003 -0.0774
vn 0.9971 0.0010 -0.0765
vn 0.9992 0.0010 -0.0410
vn 0.9999 0.0010 -0.0114
vn 0.9997 0.0010 0.0242
vn 0.9997 0.0003 0.0251
vn 0.9997 -0.0003 0.0242
vn 0.9998 -0.0010 0.0216
vn 0.9999 -0.0010 -0.0122
vn 0.9992 -0.0010 -0.0402
vn 0.0004 0.9999 -0.0148
vn -0.0011 0.9999 -0.0150
vn 0.0011 0.9999 0.0148
vn -0.0003 0.9999 0.0150
vn 0.0014 0.9989 -0.0478
vn -0.0006 0.9987 -0.0504
vn -0.0020 0.9987 -0.0512
vn -0.0039 0.9987 -0.0503
vn -0.0031 0.9999 -0.0147
vn -0.0023 0.9999 0.0149
vn -0.0012 0.9987 0.0504
vn 0.0006 0.9987 0.0513
vn 0.0021 0.9987 0.0504
vn 0.0039 0.9989 0.0477
vn 0.0031 0.9999 0.0139
vn 0.0024 0.9999 -0.0141
vn -0.9992 -0.0003 0.0409
vn -0.9992 0.0003 0.0412
vn -0.9999 -0.0003 0.0114
vn -0.9999 0.0003 0.0111
vn -0.9973 -0.0010 0.0739
vn -0.9971 -0.0003 0.0765
vn -0.9970 0.0003 0.0774
vn -0.9971 0.0010 0.0765
vn -0.9992 0.0010 0.0410
vn -0.9999 0.0010 0.0114
vn -0.9997 0.0010 -0.0242
vn -0.9997 0.0003 -0.0251
vn -0.9997 -0.0003 -0.0242
vn -0.9998 -0.0010 -0.0216
vn -0.9999 -0.0010 0.0122
vn -0.9992 -0.0010 0.0402
vn -0.0269 -0.0003 -0.9996
vn -0.0269 0.0003 -0.9996
vn -0.0254 -0.0003 -0.9997
vn -0.0254 0.0003 -0.9997
vn -0.0287 -0.0010 -0.9996
vn -0.0289 -0.0003 -0.9996
vn -0.0289 0.0003 -0.9996
vn -0.0289 0.0010 -0.9996
vn -0.0269 0.0010 -0.9996
vn -0.0254 0.0010 -0.9997
vn -0.0235 0.0010 -0.9997
vn -0.0235 0.0003 -0.9997
vn -0.0235 -0.0003 -0.9997
vn -0.0236 -0.0010 -0.9997
vn -0.0255 -0.0010 -0.9997
vn -0.0269 -0.0010 -0.9996
vn -0.0122 -0.9837 0.1797
vn -0.0058 -0.9359 0.3522
vn -0.0542 -0.9864 0.1548
vn -0.0438 -0.9495 0.3108
vn -0.0041 -0.9952 0.0974
vn -0.0008 -0.9798 0.2000
vn 0.0044 -0.9259 0.3777
vn 0.0110 -0.7949 0.6066
vn 0.0023 -0.8031 0.5958
vn -0.0291 -0.8216 0.5693
vn -0.2431 -0.8596 0.4494
vn -0.2900 -0.9142 0.2829
vn -0.3184 -0.9356 0.1523
vn -0.3336 -0.9394 0.0793
vn -0.0605 -0.9954 0.0747
vn -0.0161 -0.9962 0.0860
vn 0.0115 -0.0064 0.9999
vn -0.0255 -0.0057 0.9997
vn 0.0141 -0.0233 0.9996
vn -0.0159 -0.0207 0.9997
vn 0.0202 -0.0025 0.9998
vn 0.0094 -0.0023 1.0000
vn -0.0321 -0.0020 0.9995
vn -0.2997 -0.0018 0.9540
vn -0.2793 -0.0051 0.9602
vn -0.2394 -0.0177 0.9708
vn -0.1271 -0.1337 0.9828
vn -0.0071 -0.1580 0.9874
vn 0.0154 -0.1719 0.9850
vn 0.0219 -0.1802 0.9834
vn 0.0218 -0.0250 0.9994
vn 0.0209 -0.0070 0.9998
vn -0.9742 -0.0058 0.2255
vn -0.9785 -0.0209 0.2051
vn -0.9157 -0.0051 0.4018
vn -0.9263 -0.0179 0.3764
vn -0.9912 -0.0023 0.1320
vn -0.9924 -0.0065 0.1232
vn -0.9935 -0.0233 0.1117
vn -0.9798 -0.1717 0.1022
vn -0.9701 -0.1572 0.1847
vn -0.9307 -0.1319 0.3412
vn -0.8017 -0.0885 0.5912
vn -0.7872 -0.0159 0.6165
vn -0.7787 -0.0048 0.6274
vn -0.7740 -0.0018 0.6332
vn -0.9090 -0.0019 0.4168
vn -0.9709 -0.0021 0.2394
vn 0.0094 0.0056 0.9999
vn 0.0114 0.0206 0.9997
vn -0.0321 0.0047 0.9995
vn -0.0256 0.0169 0.9995
vn 0.0196 0.0023 0.9998
vn 0.0202 0.0064 0.9998
vn 0.0209 0.0233 0.9995
vn 0.0211 0.1719 0.9849
vn 0.0131 0.1579 0.9874
vn -0.0177 0.1328 0.9910
vn -0.2412 0.0783 0.9673
vn -0.2795 0.0143 0.9600
vn -0.2997 0.0044 0.9540
vn -0.3113 0.0016 0.9503
vn -0.0363 0.0017 0.9993
vn 0.0079 0.0020 1.0000
vn -0.0099 0.9796 0.2005
vn -0.0477 0.9821 0.1820
vn -0.0035 0.9257 0.3781
vn -0.0358 0.9344 0.3544
vn -0.0033 0.9944 0.1061
vn -0.0144 0.9951 0.0978
vn -0.0561 0.9945 0.0880
vn -0.3219 0.9426 0.0883
vn -0.2986 0.9386 0.1729
vn -0.2544 0.9088 0.3309
vn -0.1731 0.8002 0.5742
vn -0.0246 0.8020 0.5968
vn 0.0033 0.7948 0.6069
vn 0.0113 0.7902 0.6127
vn 0.0054 0.9196 0.3928
vn 0.0002 0.9768 0.2141
vn -0.9788 0.0065 0.2045
vn -0.9267 0.0058 0.3758
vn -0.9840 0.0233 0.1768
vn -0.9434 0.0207 0.3311
vn -0.9924 0.0025 0.1231
vn -0.9743 0.0023 0.2254
vn -0.9158 0.0021 0.4017
vn -0.7788 0.0018 0.6273
vn -0.7875 0.0051 0.6163
vn -0.8085 0.0174 0.5882
vn -0.8918 0.1290 0.4336
vn -0.9482 0.1550 0.2772
vn -0.9727 0.1709 0.1567
vn -0.9796 0.1799 0.0899
vn -0.9949 0.0250 0.0978
vn -0.9938 0.0070 0.1114
vn -0.0204 -0.9796 -0.1997
vn -0.0571 -0.9821 -0.1792
vn -0.0233 -0.9257 -0.3774
vn -0.0543 -0.9344 -0.3521
vn -0.0089 -0.9943 -0.1058
vn -0.0195 -0.9951 -0.0969
vn -0.0607 -0.9945 -0.0849
vn -0.3261 -0.9426 -0.0713
vn -0.3072 -0.9386 -0.1570
vn -0.2713 -0.9087 -0.3171
vn -0.2029 -0.8002 -0.5644
vn -0.0558 -0.8020 -0.5947
vn -0.0285 -0.7948 -0.6062
vn -0.0207 -0.7902 -0.6125
vn -0.0152 -0.9196 -0.3926
vn -0.0111 -0.9768 -0.2138
vn -0.9882 -0.0065 -0.1530
vn -0.9451 -0.0058 -0.3268
vn -0.9919 -0.0233 -0.1251
vn -0.9594 -0.0207 -0.2812
vn -0.9975 -0.0025 -0.0711
vn -0.9847 -0.0023 -0.1742
vn -0.9355 -0.0021 -0.3532
vn -0.8105 -0.0018 -0.5857
vn -0.8187 -0.0051 -0.5742
vn -0.8382 -0.0174 -0.5451
vn -0.9133 -0.1290 -0.3862
vn -0.9614 -0.1550 -0.2272
vn -0.9796 -0.1709 -0.1056
vn -0.9829 -0.1799 -0.0385
vn -0.9986 -0.0250 -0.0456
vn -0.9982 -0.0070 -0.0592
vn -0.0430 -0.0056 -0.9991
vn -0.0409 -0.0206 -0.9989
vn -0.0844 -0.0047 -0.9964
vn -0.0779 -0.0169 -0.9968
vn -0.0328 -0.0023 -0.9995
vn -0.0322 -0.0064 -0.9995
vn -0.0314 -0.0233 -0.9992
vn -0.0304 -0.1719 -0.9846
vn -0.0386 -0.1579 -0.9867
vn -0.0696 -0.1328 -0.9887
vn -0.2915 -0.0783 -0.9534
vn -0.3293 -0.0143 -0.9441
vn -0.3492 -0.0044 -0.9370
vn -0.3606 -0.0016 -0.9327
vn -0.0885 -0.0017 -0.9961
vn -0.0445 -0.0020 -0.9990
vn -0.0216 0.9837 -0.1788
vn -0.0243 0.9359 -0.3514
vn -0.0623 0.9864 -0.1518
vn -0.0600 0.9495 -0.3081
vn -0.0092 0.9952 -0.0970
vn -0.0113 0.9798 -0.1997
vn -0.0153 0.9259 -0.3774
vn -0.0208 0.7949 -0.6064
vn -0.0288 0.8031 -0.5951
vn -0.0589 0.8216 -0.5670
vn -0.2663 0.8596 -0.4360
vn -0.3044 0.9142 -0.2674
vn -0.3260 0.9356 -0.1354
vn -0.3373 0.9394 -0.0617
vn -0.0643 0.9954 -0.0715
vn -0.0206 0.9962 -0.0850
vn -0.0409 0.0064 -0.9991
vn -0.0778 0.0057 -0.9970
vn -0.0383 0.0233 -0.9990
vn -0.0682 0.0207 -0.9975
vn -0.0322 0.0025 -0.9995
vn -0.0430 0.0023 -0.9991
vn -0.0844 0.0020 -0.9964
vn -0.3492 0.0018 -0.9370
vn -0.3292 0.0051 -0.9442
vn -0.2899 0.0177 -0.9569
vn -0.1783 0.1337 -0.9748
vn -0.0588 0.1580 -0.9857
vn -0.0362 0.1719 -0.9845
vn -0.0296 0.1802 -0.9832
vn -0.0305 0.0250 -0.9992
vn -0.0314 0.0070 -0.9995
vn -0.9847 0.0058 -0.1742
vn -0.9879 0.0209 -0.1537
vn -0.9355 0.0051 -0.3533
vn -0.9447 0.0179 -0.3274
vn -0.9968 0.0023 -0.0799
vn -0.9974 0.0065 -0.0711
vn -0.9979 0.0233 -0.0596
vn -0.9838 0.1717 -0.0508
vn -0.9785 0.1572 -0.1337
vn -0.9473 0.1319 -0.2920
vn -0.8315 0.0885 -0.5484
vn -0.8184 0.0159 -0.5744
vn -0.8105 0.0048 -0.5857
vn -0.8061 0.0018 -0.5918
vn -0.9296 0.0019 -0.3687
vn -0.9821 0.0021 -0.1883
vn 0.0204 -0.9796 0.1997
vn 0.0571 -0.9821 0.1792
vn 0.0233 -0.9257 0.3774
vn 0.0543 -0.9344 0.3521
vn 0.0089 -0.9943 0.1058
vn 0.0195 -0.9951 0.0969
vn 0.0606 -0.9945 0.0849
vn 0.3261 -0.9426 0.0713
vn 0.3072 -0.9386 0.1570
vn 0.2713 -0.9087 0.3171
vn 0.2029 -0.8002 0.5644
vn 0.0558 -0.8020 0.5947
vn 0.0285 -0.7948 0.6062
vn 0.0207 -0.7902 0.6125
vn 0.0152 -0.9196 0.3926
vn 0.0111 -0.9768 0.2138
vn 0.9882 -0.0065 0.1530
vn 0.9451 -0.0058 0.3268
vn 0.9919 -0.0233 0.1250
vn 0.9594 -0.0207 0.2812
vn 0.9975 -0.0025 0.0711
vn 0.9847 -0.0023 0.1741
vn 0.9355 -0.0021 0.3533
vn 0.8105 -0.0018 0.5857
vn 0.8187 -0.0051 0.5742
vn 0.8382 -0.0174 0.5451
vn 0.9133 -0.1290 0.3862
vn 0.9614 -0.1550 0.2272
vn 0.9796 -0.1709 0.1056
vn 0.9829 -0.1799 0.0385
vn 0.9986 -0.0250 0.0456
vn 0.9982 -0.0070 0.0592
vn 0.0430 -0.0056 0.9991
vn 0.0409 -0.0206 0.9989
vn 0.0844 -0.0047 0.9964
vn 0.0779 -0.0169 0.9968
vn 0.0328 -0.0023 0.9995
vn 0.0322 -0.0064 0.9995
vn 0.0314 -0.0233 0.9992
vn 0.0304 -0.1719 0.9846
vn 0.0386 -0.1579 0.9867
vn 0.0696 -0.1328 0.9887
vn 0.2915 -0.0783 0.9534
vn 0.3293 -0.0143 0.9441
vn 0.3492 -0.0044 0.9370
vn 0.3606 -0.0016 0.9327
vn 0.0885 -0.0017 0.9961
vn 0.0445 -0.0020 0.9990
vn 0.0216 0.9837 0.1788
vn 0.0243 0.9359 0.3514
vn 0.0622 0.9864 0.1518
vn 0.0600 0.9495 0.3081
vn 0.0092 0.9952 0.0970
vn 0.0113 0.9798 0.1997
vn 0.0153 0.9259 0.3774
vn 0.0208 0.7949 0.6064
vn 0.0288 0.8031 0.5951
vn 0.0589 0.8216 0.5670
vn 0.2663 0.8596 0.4360
vn 0.3044 0.9142 0.2674
vn 0.3259 0.9356 0.1354
vn 0.3374 0.9394 0.0617
vn 0.0643 0.9954 0.0715
vn 0.0206 0.9962 0.0851
vn 0.0409 0.0064 0.9991
vn 0.0778 0.0057 0.9970
vn 0.0383 0.0233 0.9990
vn 0.0682 0.0207 0.9975
vn 0.0322 0.0025 0.9995
vn 0.0430 0.0023 0.9991
vn 0.0844 0.0020 0.9964
vn 0.3492 0.0018 0.9370
vn 0.3292 0.0051 0.9442
vn 0.2899 0.0177 0.9569
vn 0.1783 0.1337 0.9748
vn 0.0588 0.1580 0.9857
vn 0.0362 0.1719 0.9845
vn 0.0296 0.1802 0.9832
vn 0.0305 0.0250 0.9992
vn 0.0314 0.0070 0.9995
vn 0.9847 0.0058 0.1742
vn 0.9879 0.0209 0.1537
vn 0.9355 0.0051 0.3534
vn 0.9447 0.0179 0.3274
vn 0.9968 0.0023 0.0799
vn 0.9974 0.0065 0.0711
vn 0.9979 0.0233 0.0596
vn 0.9838 0.1717 0.0508
vn 0.9785 0.1572 0.1337
vn 0.9473 0.1319 0.2920
vn 0.8315 0.0885 0.5484
vn 0.8184 0.0159 0.5744
vn 0.8105 0.0048 0.5857
vn 0.8060 0.0018 0.5919
vn 0.9296 0.0019 0.3686
vn 0.9821 0.0021 0.1883
vn 0.0122 -0.9836 -0.1797
vn 0.0059 -0.9359 -0.3522
vn 0.0542 -0.9864 -0.1549
vn 0.0438 -0.9495 -0.3108
vn 0.0041 -0.9952 -0.0974
vn 0.0008 -0.9798 -0.2000
vn -0.0044 -0.9259 -0.3777
vn -0.0110 -0.7949 -0.6066
vn -0.0023 -0.8032 -0.5957
vn 0.0291 -0.8216 -0.5693
vn 0.2431 -0.8596 -0.4494
vn 0.2900 -0.9142 -0.2829
vn 0.3184 -0.9356 -0.1523
vn 0.3337 -0.9394 -0.0792
vn 0.0605 -0.9954 -0.0747
vn 0.0161 -0.9962 -0.0860
vn -0.0115 -0.0064 -0.9999
vn 0.0255 -0.0057 -0.9997
vn -0.0141 -0.0233 -0.9996
vn 0.0159 -0.0207 -0.9997
vn -0.0202 -0.0025 -0.9998
vn -0.0094 -0.0023 -1.0000
vn 0.0321 -0.0020 -0.9995
vn 0.2997 -0.0018 -0.9540
vn 0.2793 -0.0051 -0.9602
vn 0.2394 -0.0177 -0.9708
vn 0.1271 -0.1337 -0.9828
vn 0.0071 -0.1580 -0.9874
vn -0.0154 -0.1719 -0.9850
vn -0.0219 -0.1802 -0.9834
vn -0.0218 -0.0250 -0.9994
vn -0.0209 -0.0070 -0.9998
vn 0.9742 -0.0058 -0.2255
vn 0.9785 -0.0209 -0.2051
vn 0.9157 -0.0051 -0.4019
vn 0.9263 -0.0179 -0.3764
vn 0.9912 -0.0023 -0.1320
vn 0.9924 -0.0065 -0.1232
vn 0.9935 -0.0233 -0.1118
vn 0.9798 -0.1717 -0.1022
vn 0.9701 -0.1572 -0.1847
vn 0.9307 -0.1319 -0.3412
vn 0.8017 -0.0885 -0.5912
vn 0.7872 -0.0159 -0.6165
vn 0.7787 -0.0048 -0.6273
vn 0.7740 -0.0018 -0.6332
vn 0.9090 -0.0019 -0.4168
vn 0.9709 -0.0021 -0.2395
vn 0.0099 0.9796 -0.2005
vn 0.0477 0.9821 -0.1820
vn 0.0035 0.9257 -0.3781
vn 0.0358 0.9344 -0.3544
vn 0.0033 0.9944 -0.1061
vn 0.0144 0.9951 -0.0978
vn 0.0561 0.9945 -0.0880
vn 0.3219 0.9426 -0.0883
vn 0.2986 0.9386 -0.1729
vn 0.2544 0.9088 -0.3309
vn 0.1731 0.8002 -0.5742
vn 0.0246 0.8020 -0.5968
vn -0.0033 0.7948 -0.6069
vn -0.0113 0.7902 -0.6127
vn -0.0054 0.9196 -0.3928
vn -0.0002 0.9768 -0.2141
vn 0.9788 0.0065 -0.2045
vn 0.9267 0.0058 -0.3758
vn 0.9840 0.0233 -0.1768
vn 0.9434 0.0207 -0.3310
vn 0.9924 0.0025 -0.1231
vn 0.9743 0.0023 -0.2254
vn 0.9158 0.0021 -0.4017
vn 0.7788 0.0018 -0.6273
vn 0.7876 0.0051 -0.6162
vn 0.8085 0.0174 -0.5882
vn 0.8919 0.1290 -0.4335
vn 0.9482 0.1550 -0.2772
vn 0.9727 0.1709 -0.1568
vn 0.9796 0.1799 -0.0899
vn 0.9949 0.0250 -0.0978
vn 0.9938 0.0070 -0.1113
vn -0.0094 0.0056 -0.9999
vn -0.0114 0.0206 -0.9997
vn 0.0321 0.0047 -0.9995
vn 0.0256 0.0169 -0.9995
vn -0.0196 0.0023 -0.9998
vn -0.0202 0.0064 -0.9998
vn -0.0209 0.0233 -0.9995
vn -0.0211 0.1719 -0.9849
vn -0.0131 0.1579 -0.9874
vn 0.0177 0.1328 -0.9910
vn 0.2412 0.0783 -0.9673
vn 0.2795 0.0143 -0.9600
vn 0.2997 0.0044 -0.9540
vn 0.3113 0.0016 -0.9503
vn 0.0363 0.0017 -0.9993
vn -0.0079 0.0020 -1.0000
vn -0.0195 -0.9997 -0.0122
vn -0.0192 -0.9997 0.0116
vn -0.0651 -0.9978 -0.0095
vn -0.0654 -0.9978 0.0112
vn -0.0079 -0.9988 -0.0476
vn -0.0074 -0.9999 -0.0138
vn -0.0068 -0.9999 0.0129
vn -0.0058 -0.9990 0.0436
vn -0.0182 -0.9991 0.0385
vn -0.0640 -0.9974 0.0341
vn -0.3414 -0.9391 0.0405
vn -0.3442 -0.9387 0.0182
vn -0.3427 -0.9395 -0.0014
vn -0.3368 -0.9412 -0.0269
vn -0.0634 -0.9973 -0.0369
vn -0.0195 -0.9989 -0.0431
vn -0.9995 -0.0260 0.0150
vn -0.9990 -0.0264 0.0354
vn -0.9999 -0.0074 0.0135
vn -0.9993 -0.0075 0.0372
vn -0.9836 -0.1801 -0.0084
vn -0.9826 -0.1849 0.0158
vn -0.9819 -0.1864 0.0341
vn -0.9813 -0.1848 0.0545
vn -0.9980 -0.0260 0.0580
vn -0.9979 -0.0074 0.0640
vn -0.9976 -0.0026 0.0696
vn -0.9992 -0.0027 0.0389
vn -0.9999 -0.0026 0.0122
vn -0.9998 -0.0025 -0.0216
vn -0.9998 -0.0070 -0.0173
vn -0.9996 -0.0250 -0.0120
vn 0.0070 -0.0002 1.0000
vn 0.0067 0.0002 1.0000
vn -0.0387 -0.0002 0.9993
vn -0.0395 0.0002 0.9992
vn 0.0196 -0.0010 0.9998
vn 0.0192 -0.0003 0.9998
vn 0.0191 0.0002 0.9998
vn 0.0192 0.0009 0.9998
vn 0.0070 0.0008 1.0000
vn -0.0387 0.0006 0.9993
vn -0.3178 0.0006 0.9482
vn -0.3199 0.0002 0.9475
vn -0.3178 -0.0002 0.9482
vn -0.3113 -0.0007 0.9503
vn -0.0363 -0.0008 0.9993
vn 0.0079 -0.0009 1.0000
vn -0.9052 -0.0002 0.4250
vn -0.9039 0.0002 0.4277
vn -0.9689 -0.0002 0.2475
vn -0.9682 0.0002 0.2502
vn -0.7740 -0.0007 0.6332
vn -0.7714 -0.0002 0.6364
vn -0.7706 0.0002 0.6374
vn -0.7714 0.0007 0.6364
vn -0.9052 0.0007 0.4250
vn -0.9689 0.0008 0.2475
vn -0.9905 0.0009 0.1373
vn -0.9903 0.0002 0.1391
vn -0.9905 -0.0003 0.1373
vn -0.9913 -0.0010 0.1320
vn -0.9709 -0.0009 0.2394
vn -0.9090 -0.0008 0.4168
vn -0.0189 0.9997 0.0132
vn -0.0198 0.9997 -0.0106
vn -0.0645 0.9978 0.0130
vn -0.0659 0.9978 -0.0078
vn -0.0054 0.9988 0.0480
vn -0.0066 0.9999 0.0142
vn -0.0074 0.9999 -0.0125
vn -0.0081 0.9990 -0.0433
vn -0.0202 0.9991 -0.0375
vn -0.0656 0.9974 -0.0307
vn -0.3430 0.9391 -0.0226
vn -0.3447 0.9387 -0.0002
vn -0.3421 0.9395 0.0194
vn -0.3349 0.9412 0.0444
vn -0.0614 0.9973 0.0401
vn -0.0172 0.9989 0.0440
vn -0.9990 0.0260 0.0373
vn -0.9995 0.0264 0.0169
vn -0.9992 0.0074 0.0389
vn -0.9999 0.0075 0.0151
vn -0.9818 0.1801 0.0599
vn -0.9821 0.1849 0.0357
vn -0.9823 0.1864 0.0173
vn -0.9828 0.1848 -0.0030
vn -0.9996 0.0260 -0.0057
vn -0.9999 0.0074 -0.0117
vn -0.9998 0.0026 -0.0173
vn -0.9999 0.0027 0.0135
vn -0.9992 0.0026 0.0402
vn -0.9973 0.0025 0.0739
vn -0.9975 0.0070 0.0696
vn -0.9976 0.0250 0.0643
vn -0.0454 0.0002 -0.9990
vn -0.0456 -0.0002 -0.9990
vn -0.0909 0.0002 -0.9959
vn -0.0917 -0.0002 -0.9958
vn -0.0328 0.0010 -0.9995
vn -0.0332 0.0003 -0.9995
vn -0.0333 -0.0002 -0.9994
vn -0.0332 -0.0009 -0.9994
vn -0.0454 -0.0008 -0.9990
vn -0.0909 -0.0006 -0.9959
vn -0.3669 -0.0006 -0.9302
vn -0.3690 -0.0002 -0.9294
vn -0.3669 0.0002 -0.9302
vn -0.3606 0.0007 -0.9327
vn -0.0885 0.0008 -0.9961
vn -0.0445 0.0009 -0.9990
vn -0.9262 0.0002 -0.3771
vn -0.9251 -0.0002 -0.3798
vn -0.9805 0.0002 -0.1965
vn -0.9800 -0.0002 -0.1992
vn -0.8061 0.0007 -0.5918
vn -0.8036 0.0002 -0.5951
vn -0.8029 -0.0002 -0.5962
vn -0.8036 -0.0007 -0.5951
vn -0.9262 -0.0007 -0.3771
vn -0.9805 -0.0008 -0.1965
vn -0.9964 -0.0009 -0.0853
vn -0.9962 -0.0002 -0.0870
vn -0.9964 0.0003 -0.0853
vn -0.9968 0.0010 -0.0799
vn -0.9821 0.0009 -0.1883
vn -0.9296 0.0008 -0.3686
vn -0.0052 -0.9750 -0.2220
vn -0.0065 -0.9744 -0.2246
vn -0.0099 -0.9160 -0.4011
vn -0.0111 -0.9148 -0.4038
vn -0.0002 -0.9944 -0.1060
vn -0.0022 -0.9938 -0.1113
vn -0.0036 -0.9936 -0.1130
vn -0.0052 -0.9938 -0.1112
vn -0.0079 -0.9750 -0.2219
vn -0.0124 -0.9160 -0.4010
vn -0.0179 -0.7878 -0.6157
vn -0.0167 -0.7870 -0.6167
vn -0.0156 -0.7878 -0.6158
vn -0.0142 -0.7903 -0.6126
vn -0.0082 -0.9196 -0.3927
vn -0.0033 -0.9768 -0.2140
vn -0.0256 -0.0260 -0.9993
vn -0.0266 -0.0263 -0.9993
vn -0.0255 -0.0074 -0.9996
vn -0.0267 -0.0075 -0.9996
vn -0.0240 -0.1802 -0.9833
vn -0.0252 -0.1849 -0.9824
vn -0.0261 -0.1864 -0.9821
vn -0.0272 -0.1849 -0.9824
vn -0.0278 -0.0260 -0.9993
vn -0.0282 -0.0074 -0.9996
vn -0.0285 -0.0026 -0.9996
vn -0.0268 -0.0027 -0.9996
vn -0.0255 -0.0026 -0.9997
vn -0.0236 -0.0025 -0.9997
vn -0.0239 -0.0070 -0.9997
vn -0.0242 -0.0250 -0.9994
vn -0.0065 0.9750 -0.2220
vn -0.0053 0.9744 -0.2247
vn -0.0111 0.9160 -0.4010
vn -0.0101 0.9148 -0.4038
vn -0.0053 0.9944 -0.1059
vn -0.0036 0.9938 -0.1112
vn -0.0023 0.9936 -0.1130
vn -0.0006 0.9938 -0.1113
vn -0.0037 0.9750 -0.2221
vn -0.0086 0.9160 -0.4011
vn -0.0143 0.7878 -0.6158
vn -0.0156 0.7870 -0.6168
vn -0.0166 0.7878 -0.6157
vn -0.0179 0.7903 -0.6125
vn -0.0124 0.9196 -0.3926
vn -0.0079 0.9768 -0.2139
vn -0.0267 0.0260 -0.9993
vn -0.0257 0.0263 -0.9993
vn -0.0268 0.0074 -0.9996
vn -0.0256 0.0075 -0.9996
vn -0.0275 0.1802 -0.9832
vn -0.0262 0.1849 -0.9824
vn -0.0253 0.1864 -0.9821
vn -0.0242 0.1849 -0.9825
vn -0.0245 0.0260 -0.9994
vn -0.0242 0.0074 -0.9997
vn -0.0239 0.0026 -0.9997
vn -0.0255 0.0027 -0.9997
vn -0.0269 0.0026 -0.9996
vn -0.0287 0.0025 -0.9996
vn -0.0285 0.0070 -0.9996
vn -0.0282 0.0250 -0.9993
vn 0.9689 0.0002 -0.2475
vn 0.9682 -0.0002 -0.2501
vn 0.9052 0.0002 -0.4250
vn 0.9039 -0.0002 -0.4278
vn 0.9912 0.0010 -0.1320
vn 0.9905 0.0003 -0.1373
vn 0.9903 -0.0002 -0.1391
vn 0.9905 -0.0009 -0.1373
vn 0.9689 -0.0008 -0.2475
vn 0.9052 -0.0007 -0.4250
vn 0.7714 -0.0007 -0.6363
vn 0.7706 -0.0002 -0.6373
vn 0.7714 0.0002 -0.6363
vn 0.7740 0.0007 -0.6332
vn 0.9090 0.0008 -0.4168
vn 0.9709 0.0009 -0.2394
vn 0.0387 0.0002 -0.9993
vn 0.0395 -0.0002 -0.9992
vn -0.0070 0.0002 -1.0000
vn -0.0067 -0.0002 -1.0000
vn 0.3113 0.0007 -0.9503
vn 0.3178 0.0002 -0.9482
vn 0.3198 -0.0002 -0.9475
vn 0.3178 -0.0006 -0.9482
vn 0.0387 -0.0006 -0.9993
vn -0.0070 -0.0008 -1.0000
vn -0.0192 -0.0009 -0.9998
vn -0.0191 -0.0002 -0.9998
vn -0.0192 0.0003 -0.9998
vn -0.0196 0.0010 -0.9998
vn -0.0079 0.0009 -1.0000
vn 0.0363 0.0008 -0.9993
vn 0.0195 -0.9997 0.0122
vn 0.0192 -0.9997 -0.0116
vn 0.0651 -0.9978 0.0096
vn 0.0654 -0.9978 -0.0112
vn 0.0079 -0.9988 0.0476
vn 0.0074 -0.9999 0.0138
vn 0.0068 -0.9999 -0.0129
vn 0.0058 -0.9990 -0.0436
vn 0.0182 -0.9991 -0.0385
vn 0.0640 -0.9974 -0.0342
vn 0.3414 -0.9390 -0.0405
vn 0.3442 -0.9387 -0.0182
vn 0.3426 -0.9395 0.0014
vn 0.3369 -0.9412 0.0268
vn 0.0634 -0.9973 0.0368
vn 0.0195 -0.9989 0.0431
vn 0.9995 -0.0260 -0.0150
vn 0.9990 -0.0263 -0.0354
vn 0.9999 -0.0074 -0.0135
vn 0.9993 -0.0075 -0.0372
vn 0.9836 -0.1801 0.0084
vn 0.9826 -0.1849 -0.0157
vn 0.9819 -0.1864 -0.0341
vn 0.9813 -0.1848 -0.0545
vn 0.9980 -0.0260 -0.0580
vn 0.9979 -0.0074 -0.0640
vn 0.9976 -0.0026 -0.0696
vn 0.9992 -0.0027 -0.0389
vn 0.9999 -0.0026 -0.0122
vn 0.9998 -0.0025 0.0216
vn 0.9998 -0.0070 0.0173
vn 0.9996 -0.0250 0.0120
vn 0.0189 0.9997 -0.0132
vn 0.0198 0.9997 0.0106
vn 0.0645 0.9978 -0.0130
vn 0.0659 0.9978 0.0077
vn 0.0054 0.9988 -0.0480
vn 0.0066 0.9999 -0.0142
vn 0.0074 0.9999 0.0125
vn 0.0081 0.9990 0.0433
vn 0.0202 0.9991 0.0375
vn 0.0657 0.9974 0.0308
vn 0.3431 0.9390 0.0226
vn 0.3447 0.9387 0.0002
vn 0.3420 0.9395 -0.0194
vn 0.3350 0.9412 -0.0444
vn 0.0614 0.9973 -0.0401
vn 0.0172 0.9989 -0.0440
vn 0.9990 0.0260 -0.0373
vn 0.9995 0.0263 -0.0169
vn 0.9992 0.0074 -0.0389
vn 0.9999 0.0075 -0.0151
vn 0.9818 0.1801 -0.0598
vn 0.9821 0.1849 -0.0357
vn 0.9823 0.1864 -0.0173
vn 0.9828 0.1848 0.0030
vn 0.9996 0.0260 0.0057
vn 0.9999 0.0074 0.0117
vn 0.9998 0.0026 0.0173
vn 0.9999 0.0027 -0.0135
vn 0.9992 0.0026 -0.0402
vn 0.9973 0.0025 -0.0739
vn 0.9975 0.0070 -0.0696
vn 0.9976 0.0250 -0.0643
vn 0.0454 0.0002 0.9990
vn 0.0456 -0.0002 0.9990
vn 0.0909 0.0002 0.9959
vn 0.0917 -0.0002 0.9958
vn 0.0328 0.0010 0.9995
vn 0.0332 0.0003 0.9995
vn 0.0333 -0.0002 0.9994
vn 0.0332 -0.0009 0.9994
vn 0.0454 -0.0008 0.9990
vn 0.0909 -0.0006 0.9959
vn 0.3670 -0.0006 0.9302
vn 0.3690 -0.0002 0.9294
vn 0.3669 0.0002 0.9302
vn 0.3606 0.0007 0.9327
vn 0.0885 0.0008 0.9961
vn 0.0445 0.0009 0.9990
vn 0.9262 0.0002 0.3771
vn 0.9250 -0.0002 0.3799
vn 0.9805 0.0002 0.1965
vn 0.9800 -0.0002 0.1992
vn 0.8061 0.0007 0.5918
vn 0.8037 0.0002 0.5951
vn 0.8029 -0.0002 0.5961
vn 0.8036 -0.0007 0.5951
vn 0.9262 -0.0007 0.3771
vn 0.9805 -0.0008 0.1965
vn 0.9964 -0.0009 0.0853
vn 0.9962 -0.0002 0.0870
vn 0.9964 0.0003 0.0853
vn 0.9968 0.0010 0.0799
vn 0.9821 0.0009 0.1883
vn 0.9296 0.0008 0.3686
vn 0.0052 -0.9750 0.2220
vn 0.0065 -0.9744 0.2246
vn 0.0099 -0.9160 0.4011
vn 0.0111 -0.9148 0.4038
vn 0.0002 -0.9944 0.1060
vn 0.0022 -0.9938 0.1113
vn 0.0036 -0.9936 0.1130
vn 0.0052 -0.9938 0.1112
vn 0.0079 -0.9750 0.2219
vn 0.0124 -0.9160 0.4010
vn 0.0179 -0.7878 0.6157
vn 0.0167 -0.7870 0.6167
vn 0.0156 -0.7878 0.6158
vn 0.0142 -0.7903 0.6126
vn 0.0082 -0.9196 0.3927
vn 0.0033 -0.9768 0.2140
vn 0.0256 -0.0260 0.9993
vn 0.0266 -0.0263 0.9993
vn 0.0255 -0.0074 0.9996
vn 0.0267 -0.0075 0.9996
vn 0.0240 -0.1802 0.9833
vn 0.0252 -0.1849 0.9824
vn 0.0261 -0.1864 0.9821
vn 0.0272 -0.1849 0.9824
vn 0.0278 -0.0260 0.9993
vn 0.0282 -0.0074 0.9996
vn 0.0285 -0.0026 0.9996
vn 0.0268 -0.0027 0.9996
vn 0.0255 -0.0026 0.9997
vn 0.0236 -0.0025 0.9997
vn 0.0239 -0.0070 0.9997
vn 0.0242 -0.0250 0.9994
vn 0.0065 0.9750 0.2220
vn 0.0053 0.9744 0.2247
vn 0.0111 0.9160 0.4010
vn 0.0101 0.9148 0.4038
vn 0.0053 0.9944 0.1059
vn 0.0036 0.9938 0.1112
vn 0.0023 0.9936 0.1130
vn 0.0006 0.9938 0.1113
vn 0.0037 0.9750 0.2221
vn 0.0086 0.9160 0.4011
vn 0.0143 0.7878 0.6158
vn 0.0156 0.7870 0.6168
vn 0.0166 0.7878 0.6157
vn 0.0179 0.7903 0.6125
vn 0.0124 0.9196 0.3926
vn 0.0079 0.9768 0.2139
vn 0.0267 0.0260 0.9993
vn 0.0257 0.0263 0.9993
vn 0.0268 0.0074 0.9996
vn 0.0256 0.0075 0.9996
vn 0.0275 0.1802 0.9832
vn 0.0262 0.1849 0.9824
vn 0.0253 0.1864 0.9821
vn 0.0242 0.1849 0.9825
vn 0.0245 0.0260 0.9994
vn 0.0242 0.0074 0.9997
vn 0.0239 0.0026 0.9997
vn 0.0255 0.0027 0.9997
vn 0.0269 0.0026 0.9996
vn 0.0287 0.0025 0.9996
vn 0.0285 0.0070 0.9996
vn 0.0282 0.0250 0.9993
vn -0.0011 -0.9999 -0.0148
vn 0.0003 -0.9999 -0.0150
vn -0.0004 -0.9999 0.0148
vn 0.0011 -0.9999 0.0150
vn -0.0039 -0.9989 -0.0477
vn -0.0021 -0.9987 -0.0504
vn -0.0006 -0.9987 -0.0513
vn 0.0012 -0.9987 -0.0504
vn 0.0023 -0.9999 -0.0149
vn 0.0031 -0.9999 0.0147
vn 0.0039 -0.9987 0.0503
vn 0.0020 -0.9987 0.0512
vn 0.0006 -0.9987 0.0504
vn -0.0014 -0.9989 0.0478
vn -0.0024 -0.9999 0.0140
vn -0.0031 -0.9999 -0.0139
vn 0.0289 -0.0010 0.9996
vn 0.0287 0.0010 0.9996
vn 0.0255 0.0010 0.9997
vn 0.0236 0.0010 0.9997
vn 0.0235 -0.0010 0.9997
vn 0.0254 -0.0010 0.9997
vn 0.9992 -0.0003 -0.0412
vn 0.9992 0.0003 -0.0409
vn 0.9999 -0.0003 -0.0111
vn 0.9999 0.0003 -0.0114
vn 0.9971 -0.0010 -0.0765
vn 0.9970 -0.0003 -0.0774
vn 0.9971 0.0003 -0.0765
vn 0.9973 0.0010 -0.0739
vn 0.9992 0.0010 -0.0401
vn 0.9999 0.0010 -0.0122
vn 0.9998 0.0010 0.0216
vn 0.9997 0.0003 0.0242
vn 0.9997 -0.0003 0.0251
vn 0.9997 -0.0010 0.0242
vn 0.9999 -0.0010 -0.0114
vn 0.9992 -0.0010 -0.0409
vn 0.0003 0.9999 -0.0150
vn -0.0011 0.9999 -0.0148
vn 0.0011 0.9999 0.0150
vn -0.0004 0.9999 0.0148
vn 0.0012 0.9987 -0.0504
vn -0.0006 0.9987 -0.0513
vn -0.0021 0.9987 -0.0504
vn -0.0039 0.9989 -0.0477
vn -0.0031 0.9999 -0.0139
vn -0.0024 0.9999 0.0141
vn -0.0014 0.9989 0.0478
vn 0.0006 0.9987 0.0504
vn 0.0020 0.9987 0.0512
vn 0.0039 0.9987 0.0503
vn 0.0031 0.9999 0.0147
vn 0.0023 0.9999 -0.0149
vn -0.9992 -0.0003 0.0412
vn -0.9992 0.0003 0.0409
vn -0.9999 -0.0003 0.0111
vn -0.9999 0.0003 0.0114
vn -0.9971 -0.0010 0.0765
vn -0.9970 -0.0003 0.0774
vn -0.9971 0.0003 0.0765
vn -0.9973 0.0010 0.0739
vn -0.9992 0.0010 0.0401
vn -0.9999 0.0010 0.0122
vn -0.9998 0.0010 -0.0216
vn -0.9997 0.0003 -0.0242
vn -0.9997 -0.0003 -0.0251
vn -0.9997 -0.0010 -0.0242
vn -0.9999 -0.0010 0.0114
vn -0.9992 -0.0010 0.0409
vn -0.0289 -0.0010 -0.9996
vn -0.0287 0.0010 -0.9996
vn -0.0255 0.0010 -0.9997
vn -0.0236 0.0010 -0.9997
vn -0.0235 -0.0010 -0.9997
vn -0.0254 -0.0010 -0.9997
vn -0.0099 -0.9796 0.2005
vn -0.0035 -0.9258 0.3781
vn -0.0477 -0.9821 0.1820
vn -0.0358 -0.9344 0.3544
vn -0.0033 -0.9943 0.1061
vn 0.0002 -0.9768 0.2141
vn 0.0054 -0.9196 0.3928
vn 0.0113 -0.7902 0.6127
vn 0.0033 -0.7948 0.6069
vn -0.0246 -0.8020 0.5968
vn -0.1730 -0.8002 0.5743
vn -0.2544 -0.9088 0.3308
vn -0.2984 -0.9386 0.1729
vn -0.3219 -0.9426 0.0884
vn -0.0561 -0.9945 0.0880
vn -0.0144 -0.9951 0.0978
vn 0.0094 -0.0056 0.9999
vn -0.0321 -0.0047 0.9995
vn 0.0114 -0.0206 0.9997
vn -0.0256 -0.0169 0.9995
vn 0.0196 -0.0023 0.9998
vn 0.0079 -0.0020 1.0000
vn -0.0363 -0.0017 0.9993
vn -0.3113 -0.0016 0.9503
vn -0.2997 -0.0044 0.9540
vn -0.2795 -0.0143 0.9600
vn -0.2412 -0.0783 0.9673
vn -0.0177 -0.1328 0.9910
vn 0.0131 -0.1579 0.9874
vn 0.0211 -0.1719 0.9849
vn 0.0209 -0.0233 0.9995
vn 0.0202 -0.0064 0.9998
vn -0.9788 -0.0065 0.2046
vn -0.9840 -0.0233 0.1768
vn -0.9267 -0.0058 0.3758
vn -0.9434 -0.0207 0.3311
vn -0.9924 -0.0025 0.1232
vn -0.9938 -0.0070 0.1113
vn -0.9949 -0.0250 0.0978
vn -0.9796 -0.1799 0.0899
vn -0.9727 -0.1709 0.1568
vn -0.9482 -0.1550 0.2772
vn -0.8918 -0.1290 0.4336
vn -0.8085 -0.0174 0.5882
vn -0.7876 -0.0051 0.6162
vn -0.7788 -0.0018 0.6273
vn -0.9158 -0.0021 0.4017
vn -0.9743 -0.0023 0.2255
vn 0.0115 0.0064 0.9999
vn 0.0141 0.0233 0.9996
vn -0.0255 0.0057 0.9997
vn -0.0159 0.0207 0.9997
vn 0.0202 0.0025 0.9998
vn 0.0209 0.0070 0.9998
vn 0.0218 0.0250 0.9994
vn 0.0219 0.1802 0.9834
vn 0.0154 0.1719 0.9850
vn -0.0071 0.1580 0.9874
vn -0.1271 0.1337 0.9828
vn -0.2394 0.0177 0.9708
vn -0.2793 0.0051 0.9602
vn -0.2997 0.0018 0.9540
vn -0.0321 0.0020 0.9995
vn 0.0094 0.0023 1.0000
vn -0.0122 0.9837 0.1797
vn -0.0542 0.9865 0.1548
vn -0.0058 0.9359 0.3522
vn -0.0438 0.9494 0.3109
vn -0.0041 0.9952 0.0973
vn -0.0161 0.9962 0.0860
vn -0.0605 0.9954 0.0747
vn -0.3336 0.9394 0.0792
vn -0.3184 0.9356 0.1523
vn -0.2900 0.9142 0.2830
vn -0.2431 0.8596 0.4494
vn -0.0291 0.8217 0.5692
vn 0.0023 0.8032 0.5957
vn 0.0110 0.7949 0.6066
vn 0.0044 0.9259 0.3777
vn -0.0009 0.9798 0.2000
vn -0.9742 0.0058 0.2255
vn -0.9157 0.0051 0.4018
vn -0.9785 0.0209 0.2051
vn -0.9263 0.0179 0.3764
vn -0.9912 0.0023 0.1320
vn -0.9709 0.0021 0.2394
vn -0.9090 0.0019 0.4168
vn -0.7740 0.0018 0.6332
vn -0.7787 0.0048 0.6273
vn -0.7872 0.0159 0.6165
vn -0.8017 0.0885 0.5912
vn -0.9307 0.1319 0.3412
vn -0.9701 0.1572 0.1847
vn -0.9798 0.1717 0.1022
vn -0.9935 0.0233 0.1117
vn -0.9924 0.0065 0.1232
vn -0.0216 -0.9837 -0.1788
vn -0.0622 -0.9865 -0.1518
vn -0.0243 -0.9359 -0.3515
vn -0.0600 -0.9494 -0.3082
vn -0.0092 -0.9952 -0.0970
vn -0.0206 -0.9962 -0.0850
vn -0.0643 -0.9954 -0.0714
vn -0.3373 -0.9394 -0.0617
vn -0.3259 -0.9356 -0.1354
vn -0.3044 -0.9142 -0.2674
vn -0.2663 -0.8597 -0.4359
vn -0.0589 -0.8216 -0.5670
vn -0.0288 -0.8032 -0.5950
vn -0.0208 -0.7949 -0.6064
vn -0.0153 -0.9259 -0.3775
vn -0.0113 -0.9798 -0.1997
vn -0.9847 -0.0058 -0.1742
vn -0.9355 -0.0051 -0.3533
vn -0.9879 -0.0209 -0.1536
vn -0.9447 -0.0179 -0.3274
vn -0.9968 -0.0023 -0.0799
vn -0.9821 -0.0021 -0.1883
vn -0.9296 -0.0019 -0.3686
vn -0.8060 -0.0018 -0.5919
vn -0.8105 -0.0048 -0.5857
vn -0.8184 -0.0159 -0.5744
vn -0.8315 -0.0885 -0.5484
vn -0.9473 -0.1319 -0.2920
vn -0.9785 -0.1572 -0.1337
vn -0.9838 -0.1717 -0.0508
vn -0.9980 -0.0233 -0.0596
vn -0.9974 -0.0065 -0.0711
vn -0.0409 -0.0064 -0.9991
vn -0.0383 -0.0233 -0.9990
vn -0.0778 -0.0057 -0.9970
vn -0.0682 -0.0207 -0.9975
vn -0.0322 -0.0025 -0.9995
vn -0.0314 -0.0070 -0.9995
vn -0.0305 -0.0250 -0.9992
vn -0.0296 -0.1802 -0.9832
vn -0.0362 -0.1719 -0.9845
vn -0.0588 -0.1580 -0.9857
vn -0.1783 -0.1337 -0.9748
vn -0.2899 -0.0177 -0.9569
vn -0.3292 -0.0051 -0.9442
vn -0.3492 -0.0018 -0.9370
vn -0.0844 -0.0020 -0.9964
vn -0.0430 -0.0023 -0.9991
vn -0.0204 0.9796 -0.1997
vn -0.0233 0.9258 -0.3774
vn -0.0571 0.9821 -0.1792
vn -0.0543 0.9344 -0.3520
vn -0.0089 0.9943 -0.1058
vn -0.0110 0.9768 -0.2138
vn -0.0152 0.9196 -0.3926
vn -0.0207 0.7902 -0.6124
vn -0.0285 0.7948 -0.6062
vn -0.0558 0.8020 -0.5947
vn -0.2029 0.8002 -0.5644
vn -0.2713 0.9088 -0.3170
vn -0.3071 0.9386 -0.1571
vn -0.3261 0.9426 -0.0714
vn -0.0607 0.9945 -0.0849
vn -0.0195 0.9951 -0.0969
vn -0.0430 0.0056 -0.9991
vn -0.0844 0.0047 -0.9964
vn -0.0409 0.0206 -0.9989
vn -0.0779 0.0169 -0.9968
vn -0.0328 0.0023 -0.9995
vn -0.0445 0.0020 -0.9990
vn -0.0885 0.0017 -0.9961
vn -0.3606 0.0016 -0.9327
vn -0.3492 0.0044 -0.9370
vn -0.3293 0.0143 -0.9441
vn -0.2915 0.0783 -0.9534
vn -0.0696 0.1328 -0.9887
vn -0.0386 0.1579 -0.9867
vn -0.0304 0.1719 -0.9846
vn -0.0314 0.0233 -0.9992
vn -0.0322 0.0064 -0.9995
vn -0.9882 0.0065 -0.1530
vn -0.9919 0.0233 -0.1250
vn -0.9451 0.0058 -0.3268
vn -0.9594 0.0207 -0.2812
vn -0.9975 0.0025 -0.0710
vn -0.9982 0.0070 -0.0592
vn -0.9986 0.0250 -0.0456
vn -0.9829 0.1799 -0.0385
vn -0.9796 0.1709 -0.1056
vn -0.9614 0.1550 -0.2271
vn -0.9133 0.1290 -0.3863
vn -0.8382 0.0174 -0.5451
vn -0.8187 0.0051 -0.5742
vn -0.8105 0.0018 -0.5857
vn -0.9355 0.0021 -0.3532
vn -0.9847 0.0023 -0.1742
vn 0.0216 -0.9837 0.1788
vn 0.0622 -0.9865 0.1518
vn 0.0243 -0.9359 0.3515
vn 0.0600 -0.9494 0.3082
vn 0.0092 -0.9952 0.0970
vn 0.0206 -0.9962 0.0851
vn 0.0643 -0.9954 0.0714
vn 0.3373 -0.9394 0.0617
vn 0.3259 -0.9357 0.1354
vn 0.3044 -0.9142 0.2674
vn 0.2663 -0.8597 0.4359
vn 0.0589 -0.8216 0.5670
vn 0.0288 -0.8032 0.5950
vn 0.0208 -0.7949 0.6064
vn 0.0153 -0.9259 0.3775
vn 0.0113 -0.9798 0.1997
vn 0.9847 -0.0058 0.1742
vn 0.9355 -0.0051 0.3534
vn 0.9879 -0.0209 0.1537
vn 0.9447 -0.0179 0.3274
vn 0.9968 -0.0023 0.0799
vn 0.9821 -0.0021 0.1883
vn 0.9296 -0.0019 0.3686
vn 0.8060 -0.0018 0.5919
vn 0.8105 -0.0048 0.5857
vn 0.8184 -0.0159 0.5744
vn 0.8315 -0.0885 0.5484
vn 0.9473 -0.1319 0.2920
vn 0.9785 -0.1572 0.1337
vn 0.9838 -0.1717 0.0508
vn 0.9980 -0.0233 0.0596
vn 0.9974 -0.0065 0.0711
vn 0.0409 -0.0064 0.9991
vn 0.0383 -0.0233 0.9990
vn 0.0778 -0.0057 0.9970
vn 0.0682 -0.0207 0.9975
vn 0.0322 -0.0025 0.9995
vn 0.0314 -0.0070 0.9995
vn 0.0305 -0.0250 0.9992
vn 0.0296 -0.1802 0.9832
vn 0.0362 -0.1719 0.9845
vn 0.0588 -0.1580 0.9857
vn 0.1783 -0.1337 0.9748
vn 0.2899 -0.0177 0.9569
vn 0.3292 -0.0051 0.9442
vn 0.3492 -0.0018 0.9370
vn 0.0844 -0.0020 0.9964
vn 0.0430 -0.0023 0.9991
vn 0.0204 0.9796 0.1997
vn 0.0233 0.9258 0.3774
vn 0.0571 0.9821 0.1792
vn 0.0543 0.9344 0.3520
vn 0.0089 0.9943 0.1058
vn 0.0110 0.9768 0.2138
vn 0.0152 0.9196 0.3926
vn 0.0207 0.7902 0.6124
vn 0.0285 0.7948 0.6062
vn 0.0558 0.8020 0.5947
vn 0.2029 0.8002 0.5644
vn 0.2713 0.9088 0.3170
vn 0.3072 0.9386 0.1571
vn 0.3261 0.9427 0.0714
vn 0.0606 0.9945 0.0849
vn 0.0195 0.9951 0.0969
vn 0.0430 0.0056 0.9991
vn 0.0844 0.0047 0.9964
vn 0.0409 0.0206 0.9989
vn 0.0779 0.0169 0.9968
vn 0.0328 0.0023 0.9995
vn 0.0445 0.0020 0.9990
vn 0.0885 0.0017 0.9961
vn 0.3607 0.0016 0.9327
vn 0.3492 0.0044 0.9370
vn 0.3293 0.0143 0.9441
vn 0.2915 0.0783 0.9534
vn 0.0696 0.1328 0.9887
vn 0.0386 0.1579 0.9867
vn 0.0304 0.1719 0.9846
vn 0.0314 0.0233 0.9992
vn 0.0322 0.0064 0.9995
vn 0.9882 0.0065 0.1530
vn 0.9919 0.0233 0.1250
vn 0.9451 0.0058 0.3268
vn 0.9594 0.0207 0.2812
vn 0.9975 0.0025 0.0710
vn 0.9982 0.0070 0.0592
vn 0.9986 0.0250 0.0456
vn 0.9829 0.1799 0.0385
vn 0.9796 0.1709 0.1056
vn 0.9614 0.1550 0.2271
vn 0.9133 0.1290 0.3863
vn 0.8382 0.0174 0.5451
vn 0.8187 0.0051 0.5742
vn 0.8105 0.0018 0.5857
vn 0.9355 0.0021 0.3533
vn 0.9847 0.0023 0.1741
vn 0.0099 -0.9796 -0.2005
vn 0.0035 -0.9258 -0.3781
vn 0.0477 -0.9821 -0.1820
vn 0.0358 -0.9344 -0.3544
vn 0.0033 -0.9943 -0.1061
vn -0.0002 -0.9768 -0.2141
vn -0.0054 -0.9196 -0.3928
vn -0.0113 -0.7902 -0.6127
vn -0.0033 -0.7948 -0.6069
vn 0.0247 -0.8020 -0.5968
vn 0.1730 -0.8002 -0.5743
vn 0.2544 -0.9088 -0.3308
vn 0.2985 -0.9386 -0.1729
vn 0.3219 -0.9427 -0.0883
vn 0.0561 -0.9945 -0.0880
vn 0.0144 -0.9951 -0.0978
vn -0.0094 -0.0056 -0.9999
vn 0.0321 -0.0047 -0.9995
vn -0.0114 -0.0206 -0.9997
vn 0.0256 -0.0169 -0.9995
vn -0.0196 -0.0023 -0.9998
vn -0.0079 -0.0020 -1.0000
vn 0.0363 -0.0017 -0.9993
vn 0.3113 -0.0016 -0.9503
vn 0.2997 -0.0044 -0.9540
vn 0.2795 -0.0143 -0.9600
vn 0.2412 -0.0783 -0.9673
vn 0.0177 -0.1328 -0.9910
vn -0.0131 -0.1579 -0.9874
vn -0.0211 -0.1719 -0.9849
vn -0.0209 -0.0233 -0.9995
vn -0.0202 -0.0064 -0.9998
vn 0.9788 -0.0065 -0.2046
vn 0.9840 -0.0233 -0.1768
vn 0.9267 -0.0058 -0.3758
vn 0.9434 -0.0207 -0.3311
vn 0.9924 -0.0025 -0.1232
vn 0.9938 -0.0070 -0.1113
vn 0.9949 -0.0250 -0.0978
vn 0.9796 -0.1799 -0.0899
vn 0.9727 -0.1709 -0.1568
vn 0.9482 -0.1550 -0.2772
vn 0.8918 -0.1290 -0.4336
vn 0.8085 -0.0174 -0.5882
vn 0.7876 -0.0051 -0.6162
vn 0.7788 -0.0018 -0.6273
vn 0.9158 -0.0021 -0.4017
vn 0.9743 -0.0023 -0.2254
vn 0.0122 0.9837 -0.1797
vn 0.0542 0.9865 -0.1548
vn 0.0058 0.9359 -0.3522
vn 0.0438 0.9494 -0.3109
vn 0.0041 0.9952 -0.0973
vn 0.0161 0.9962 -0.0860
vn 0.0605 0.9954 -0.0747
vn 0.3336 0.9394 -0.0792
vn 0.3184 0.9357 -0.1523
vn 0.2900 0.9142 -0.2830
vn 0.2431 0.8597 -0.4493
vn 0.0291 0.8216 -0.5693
vn -0.0023 0.8032 -0.5957
vn -0.0110 0.7949 -0.6067
vn -0.0044 0.9259 -0.3777
vn 0.0009 0.9798 -0.2000
vn 0.9742 0.0058 -0.2255
vn 0.9157 0.0051 -0.4018
vn 0.9785 0.0209 -0.2052
vn 0.9263 0.0179 -0.3764
vn 0.9912 0.0023 -0.1320
vn 0.9709 0.0021 -0.2394
vn 0.9090 0.0019 -0.4168
vn 0.7740 0.0018 -0.6332
vn 0.7787 0.0048 -0.6273
vn 0.7872 0.0159 -0.6165
vn 0.8017 0.0885 -0.5912
vn 0.9307 0.1319 -0.3412
vn 0.9701 0.1572 -0.1847
vn 0.9798 0.1717 -0.1022
vn 0.9935 0.0233 -0.1117
vn 0.9924 0.0065 -0.1232
vn -0.0115 0.0064 -0.9999
vn -0.0141 0.0233 -0.9996
vn 0.0255 0.0057 -0.9997
vn 0.0159 0.0207 -0.9997
vn -0.0202 0.0025 -0.9998
vn -0.0209 0.0070 -0.9998
vn -0.0218 0.0250 -0.9994
vn -0.0219 0.1802 -0.9834
vn -0.0154 0.1719 -0.9850
vn 0.0071 0.1580 -0.9874
vn 0.1271 0.1337 -0.9828
vn 0.2394 0.0177 -0.9708
vn 0.2793 0.0051 -0.9602
vn 0.2997 0.0018 -0.9540
vn 0.0321 0.0020 -0.9995
vn -0.0094 0.0023 -1.0000
vn -0.0198 -0.9997 -0.0106
vn -0.0188 -0.9997 0.0132
vn -0.0659 -0.9978 -0.0077
vn -0.0645 -0.9978 0.0129
vn -0.0081 -0.9990 -0.0433
vn -0.0074 -0.9999 -0.0125
vn -0.0066 -0.9999 0.0142
vn -0.0054 -0.9988 0.0479
vn -0.0172 -0.9989 0.0440
vn -0.0614 -0.9973 0.0401
vn -0.3350 -0.9412 0.0444
vn -0.3420 -0.9395 0.0194
vn -0.3447 -0.9387 -0.0002
vn -0.3431 -0.9390 -0.0226
vn -0.0657 -0.9974 -0.0308
vn -0.0202 -0.9991 -0.0375
vn -0.9995 -0.0264 0.0169
vn -0.9990 -0.0260 0.0373
vn -0.9999 -0.0075 0.0151
vn -0.9992 -0.0074 0.0389
vn -0.9828 -0.1848 -0.0030
vn -0.9823 -0.1864 0.0173
vn -0.9821 -0.1849 0.0357
vn -0.9818 -0.1801 0.0599
vn -0.9976 -0.0250 0.0643
vn -0.9975 -0.0070 0.0696
vn -0.9973 -0.0025 0.0739
vn -0.9992 -0.0026 0.0402
vn -0.9999 -0.0027 0.0135
vn -0.9998 -0.0026 -0.0173
vn -0.9999 -0.0074 -0.0117
vn -0.9996 -0.0260 -0.0057
vn 0.0067 -0.0002 1.0000
vn 0.0070 0.0002 1.0000
vn -0.0395 -0.0002 0.9992
vn -0.0387 0.0002 0.9993
vn 0.0192 -0.0009 0.9998
vn 0.0191 -0.0002 0.9998
vn 0.0192 0.0003 0.9998
vn 0.0196 0.0010 0.9998
vn 0.0079 0.0009 1.0000
vn -0.0363 0.0008 0.9993
vn -0.3113 0.0007 0.9503
vn -0.3178 0.0002 0.9482
vn -0.3199 -0.0002 0.9475
vn -0.3178 -0.0006 0.9482
vn -0.0387 -0.0006 0.9993
vn 0.0070 -0.0008 1.0000
vn -0.9039 -0.0002 0.4277
vn -0.9052 0.0002 0.4250
vn -0.9682 -0.0002 0.2502
vn -0.9689 0.0002 0.2475
vn -0.7714 -0.0007 0.6363
vn -0.7706 -0.0002 0.6373
vn -0.7714 0.0002 0.6364
vn -0.7740 0.0007 0.6332
vn -0.9090 0.0008 0.4168
vn -0.9709 0.0009 0.2394
vn -0.9912 0.0010 0.1320
vn -0.9905 0.0003 0.1373
vn -0.9903 -0.0002 0.1390
vn -0.9905 -0.0009 0.1373
vn -0.9689 -0.0008 0.2475
vn -0.9052 -0.0007 0.4251
vn -0.0192 0.9997 0.0116
vn -0.0195 0.9997 -0.0122
vn -0.0654 0.9978 0.0112
vn -0.0651 0.9978 -0.0096
vn -0.0058 0.9990 0.0436
vn -0.0068 0.9999 0.0129
vn -0.0074 0.9999 -0.0138
vn -0.0079 0.9988 -0.0476
vn -0.0195 0.9989 -0.0430
vn -0.0634 0.9973 -0.0369
vn -0.3369 0.9412 -0.0268
vn -0.3426 0.9395 -0.0014
vn -0.3442 0.9387 0.0182
vn -0.3414 0.9390 0.0405
vn -0.0639 0.9974 0.0342
vn -0.0182 0.9991 0.0385
vn -0.9990 0.0264 0.0354
vn -0.9995 0.0260 0.0150
vn -0.9993 0.0075 0.0372
vn -0.9999 0.0074 0.0135
vn -0.9813 0.1848 0.0545
vn -0.9819 0.1864 0.0341
vn -0.9826 0.1849 0.0158
vn -0.9836 0.1801 -0.0084
vn -0.9996 0.0250 -0.0119
vn -0.9998 0.0070 -0.0173
vn -0.9998 0.0025 -0.0216
vn -0.9999 0.0026 0.0122
vn -0.9992 0.0027 0.0389
vn -0.9976 0.0026 0.0696
vn -0.9979 0.0074 0.0641
vn -0.9980 0.0260 0.0580
vn -0.0456 0.0002 -0.9990
vn -0.0454 -0.0002 -0.9990
vn -0.0917 0.0002 -0.9958
vn -0.0909 -0.0002 -0.9959
vn -0.0332 0.0009 -0.9994
vn -0.0333 0.0002 -0.9994
vn -0.0332 -0.0003 -0.9995
vn -0.0328 -0.0010 -0.9995
vn -0.0445 -0.0009 -0.9990
vn -0.0885 -0.0008 -0.9961
vn -0.3606 -0.0007 -0.9327
vn -0.3669 -0.0002 -0.9302
vn -0.3690 0.0002 -0.9294
vn -0.3669 0.0006 -0.9302
vn -0.0909 0.0006 -0.9959
vn -0.0454 0.0008 -0.9990
vn -0.9251 0.0002 -0.3798
vn -0.9262 -0.0002 -0.3771
vn -0.9800 0.0002 -0.1991
vn -0.9805 -0.0002 -0.1965
vn -0.8037 0.0007 -0.5951
vn -0.8029 0.0002 -0.5961
vn -0.8036 -0.0002 -0.5951
vn -0.8060 -0.0007 -0.5919
vn -0.9296 -0.0008 -0.3686
vn -0.9821 -0.0009 -0.1883
vn -0.9968 -0.0010 -0.0799
vn -0.9964 -0.0003 -0.0853
vn -0.9962 0.0002 -0.0870
vn -0.9964 0.0009 -0.0853
vn -0.9805 0.0008 -0.1965
vn -0.9262 0.0007 -0.3771
vn -0.0053 -0.9744 -0.2247
vn -0.0065 -0.9750 -0.2220
vn -0.0101 -0.9148 -0.4038
vn -0.0111 -0.9160 -0.4011
vn -0.0006 -0.9938 -0.1113
vn -0.0023 -0.9936 -0.1130
vn -0.0036 -0.9938 -0.1112
vn -0.0053 -0.9944 -0.1059
vn -0.0079 -0.9768 -0.2139
vn -0.0124 -0.9196 -0.3926
vn -0.0179 -0.7902 -0.6125
vn -0.0166 -0.7878 -0.6157
vn -0.0156 -0.7870 -0.6168
vn -0.0143 -0.7878 -0.6158
vn -0.0086 -0.9160 -0.4011
vn -0.0037 -0.9750 -0.2220
vn -0.0257 -0.0263 -0.9993
vn -0.0267 -0.0260 -0.9993
vn -0.0256 -0.0075 -0.9996
vn -0.0268 -0.0074 -0.9996
vn -0.0242 -0.1849 -0.9825
vn -0.0253 -0.1864 -0.9821
vn -0.0262 -0.1849 -0.9824
vn -0.0275 -0.1802 -0.9832
vn -0.0282 -0.0250 -0.9993
vn -0.0285 -0.0070 -0.9996
vn -0.0287 -0.0025 -0.9996
vn -0.0269 -0.0026 -0.9996
vn -0.0255 -0.0027 -0.9997
vn -0.0239 -0.0026 -0.9997
vn -0.0242 -0.0074 -0.9997
vn -0.0245 -0.0260 -0.9994
vn -0.0065 0.9744 -0.2246
vn -0.0052 0.9750 -0.2220
vn -0.0111 0.9148 -0.4038
vn -0.0099 0.9160 -0.4011
vn -0.0052 0.9938 -0.1112
vn -0.0036 0.9936 -0.1130
vn -0.0022 0.9938 -0.1113
vn -0.0002 0.9944 -0.1060
vn -0.0033 0.9768 -0.2140
vn -0.0082 0.9196 -0.3927
vn -0.0142 0.7902 -0.6126
vn -0.0156 0.7878 -0.6157
vn -0.0167 0.7870 -0.6167
vn -0.0179 0.7878 -0.6157
vn -0.0124 0.9160 -0.4010
vn -0.0079 0.9750 -0.2220
vn -0.0266 0.0264 -0.9993
vn -0.0256 0.0260 -0.9993
vn -0.0267 0.0075 -0.9996
vn -0.0255 0.0074 -0.9996
vn -0.0272 0.1849 -0.9824
vn -0.0261 0.1864 -0.9821
vn -0.0252 0.1849 -0.9824
vn -0.0240 0.1802 -0.9833
vn -0.0242 0.0250 -0.9994
vn -0.0239 0.0070 -0.9997
vn -0.0236 0.0025 -0.9997
vn -0.0255 0.0026 -0.9997
vn -0.0268 0.0027 -0.9996
vn -0.0285 0.0026 -0.9996
vn -0.0282 0.0074 -0.9996
vn -0.0278 0.0260 -0.9993
vn 0.9682 0.0002 -0.2502
vn 0.9689 -0.0002 -0.2475
vn 0.9039 0.0002 -0.4278
vn 0.9052 -0.0002 -0.4250
vn 0.9905 0.0009 -0.1373
vn 0.9903 0.0002 -0.1391
vn 0.9905 -0.0003 -0.1373
vn 0.9913 -0.0010 -0.1320
vn 0.9709 -0.0009 -0.2394
vn 0.9090 -0.0008 -0.4168
vn 0.7740 -0.0007 -0.6332
vn 0.7714 -0.0002 -0.6364
vn 0.7706 0.0002 -0.6373
vn 0.7714 0.0007 -0.6363
vn 0.9052 0.0007 -0.4251
vn 0.9689 0.0008 -0.2475
vn 0.0395 0.0002 -0.9992
vn 0.0387 -0.0002 -0.9993
vn -0.0067 0.0002 -1.0000
vn -0.0070 -0.0002 -1.0000
vn 0.3178 0.0006 -0.9482
vn 0.3199 0.0002 -0.9475
vn 0.3178 -0.0002 -0.9482
vn 0.3113 -0.0007 -0.9503
vn 0.0363 -0.0008 -0.9993
vn -0.0079 -0.0009 -1.0000
vn -0.0196 -0.0010 -0.9998
vn -0.0192 -0.0003 -0.9998
vn -0.0191 0.0002 -0.9998
vn -0.0192 0.0009 -0.9998
vn -0.0070 0.0008 -1.0000
vn 0.0387 0.0006 -0.9993
vn 0.0198 -0.9997 0.0106
vn 0.0189 -0.9997 -0.0132
vn 0.0659 -0.9978 0.0078
vn 0.0645 -0.9978 -0.0130
vn 0.0081 -0.9990 0.0433
vn 0.0074 -0.9999 0.0125
vn 0.0066 -0.9999 -0.0142
vn 0.0054 -0.9988 -0.0479
vn 0.0172 -0.9989 -0.0440
vn 0.0614 -0.9973 -0.0401
vn 0.3350 -0.9412 -0.0444
vn 0.3421 -0.9395 -0.0194
vn 0.3446 -0.9387 0.0002
vn 0.3430 -0.9390 0.0226
vn 0.0656 -0.9974 0.0308
vn 0.0202 -0.9991 0.0375
vn 0.9995 -0.0264 -0.0169
vn 0.9990 -0.0260 -0.0373
vn 0.9999 -0.0075 -0.0151
vn 0.9992 -0.0074 -0.0389
vn 0.9828 -0.1848 0.0030
vn 0.9823 -0.1864 -0.0173
vn 0.9821 -0.1849 -0.0357
vn 0.9818 -0.1802 -0.0599
vn 0.9976 -0.0250 -0.0642
vn 0.9975 -0.0070 -0.0696
vn 0.9973 -0.0025 -0.0739
vn 0.9992 -0.0026 -0.0402
vn 0.9999 -0.0027 -0.0135
vn 0.9998 -0.0026 0.0173
vn 0.9999 -0.0074 0.0117
vn 0.9996 -0.0260 0.0057
vn 0.0192 0.9997 -0.0116
vn 0.0195 0.9997 0.0122
vn 0.0654 0.9978 -0.0112
vn 0.0651 0.9978 0.0096
vn 0.0058 0.9990 -0.0436
vn 0.0068 0.9999 -0.0129
vn 0.0074 0.9999 0.0138
vn 0.0079 0.9988 0.0476
vn 0.0195 0.9989 0.0430
vn 0.0634 0.9973 0.0368
vn 0.3368 0.9412 0.0268
vn 0.3427 0.9395 0.0014
vn 0.3441 0.9387 -0.0182
vn 0.3414 0.9390 -0.0405
vn 0.0639 0.9974 -0.0342
vn 0.0182 0.9991 -0.0385
vn 0.9990 0.0264 -0.0355
vn 0.9995 0.0260 -0.0150
vn 0.9993 0.0075 -0.0372
vn 0.9999 0.0074 -0.0135
vn 0.9813 0.1848 -0.0545
vn 0.9819 0.1864 -0.0341
vn 0.9826 0.1849 -0.0158
vn 0.9836 0.1802 0.0084
vn 0.9996 0.0250 0.0119
vn 0.9998 0.0070 0.0173
vn 0.9998 0.0025 0.0216
vn 0.9999 0.0026 -0.0122
vn 0.9992 0.0027 -0.0389
vn 0.9976 0.0026 -0.0696
vn 0.9979 0.0074 -0.0640
vn 0.9980 0.0260 -0.0580
vn 0.0456 0.0002 0.9990
vn 0.0454 -0.0002 0.9990
vn 0.0917 0.0002 0.9958
vn 0.0909 -0.0002 0.9959
vn 0.0332 0.0009 0.9994
vn 0.0333 0.0002 0.9994
vn 0.0332 -0.0003 0.9995
vn 0.0328 -0.0010 0.9995
vn 0.0445 -0.0009 0.9990
vn 0.0885 -0.0008 0.9961
vn 0.3606 -0.0007 0.9327
vn 0.3669 -0.0002 0.9302
vn 0.3690 0.0002 0.9294
vn 0.3670 0.0006 0.9302
vn 0.0909 0.0006 0.9959
vn 0.0454 0.0008 0.9990
vn 0.9251 0.0002 0.3798
vn 0.9262 -0.0002 0.3771
vn 0.9800 0.0002 0.1991
vn 0.9805 -0.0002 0.1964
vn 0.8036 0.0007 0.5951
vn 0.8029 0.0002 0.5961
vn 0.8037 -0.0002 0.5951
vn 0.8061 -0.0007 0.5918
vn 0.9296 -0.0008 0.3686
vn 0.9821 -0.0009 0.1883
vn 0.9968 -0.0010 0.0799
vn 0.9964 -0.0003 0.0853
vn 0.9962 0.0002 0.0870
vn 0.9964 0.0009 0.0853
vn 0.9805 0.0008 0.1965
vn 0.9262 0.0007 0.3771
vn 0.0053 -0.9744 0.2247
vn 0.0065 -0.9750 0.2220
vn 0.0101 -0.9148 0.4038
vn 0.0111 -0.9160 0.4011
vn 0.0006 -0.9938 0.1113
vn 0.0023 -0.9936 0.1130
vn 0.0036 -0.9938 0.1112
vn 0.0053 -0.9944 0.1059
vn 0.0079 -0.9768 0.2139
vn 0.0124 -0.9196 0.3926
vn 0.0179 -0.7902 0.6125
vn 0.0166 -0.7878 0.6157
vn 0.0156 -0.7870 0.6168
vn 0.0143 -0.7878 0.6158
vn 0.0086 -0.9160 0.4011
vn 0.0037 -0.9750 0.2220
vn 0.0257 -0.0263 0.9993
vn 0.0267 -0.0260 0.9993
vn 0.0256 -0.0075 0.9996
vn 0.0268 -0.0074 0.9996
vn 0.0242 -0.1849 0.9825
vn 0.0253 -0.1864 0.9821
vn 0.0262 -0.1849 0.9824
vn 0.0275 -0.1802 0.9832
vn 0.0282 -0.0250 0.9993
vn 0.0285 -0.0070 0.9996
vn 0.0287 -0.0025 0.9996
vn 0.0269 -0.0026 0.9996
vn 0.0255 -0.0027 0.9997
vn 0.0239 -0.0026 0.9997
vn 0.0242 -0.0074 0.9997
vn 0.0245 -0.0260 0.9994
vn 0.0065 0.9744 0.2246
vn 0.0052 0.9750 0.2220
vn 0.0111 0.9148 0.4038
vn 0.0099 0.9160 0.4011
vn 0.0052 0.9938 0.1112
vn 0.0036 0.9936 0.1130
vn 0.0022 0.9938 0.1113
vn 0.0002 0.9944 0.1060
vn 0.0033 0.9768 0.2140
vn 0.0082 0.9196 0.3927
vn 0.0142 0.7902 0.6126
vn 0.0156 0.7878 0.6157
vn 0.0167 0.7870 0.6167
vn 0.0179 0.7878 0.6157
vn 0.0124 0.9160 0.4010
vn 0.0079 0.9750 0.2220
vn 0.0266 0.0264 0.9993
vn 0.0256 0.0260 0.9993
vn 0.0267 0.0075 0.9996
vn 0.0255 0.0074 0.9996
vn 0.0272 0.1849 0.9824
vn 0.0261 0.1864 0.9821
vn 0.0252 0.1849 0.9824
vn 0.0240 0.1802 0.9833
vn 0.0242 0.0250 0.9994
vn 0.0239 0.0070 0.9997
vn 0.0236 0.0025 0.9997
vn 0.0255 0.0026 0.9997
vn 0.0268 0.0027 0.9996
vn 0.0285 0.0026 0.9996
vn 0.0282 0.0074 0.9996
vn 0.0278 0.0260 0.9993
vn -0.0011 -0.9999 -0.0150
vn 0.0004 -0.9999 -0.0148
vn -0.0003 -0.9999 0.0150
vn 0.0011 -0.9999 0.0148
vn -0.0039 -0.9987 -0.0503
vn -0.0020 -0.9987 -0.0512
vn -0.0006 -0.9987 -0.0504
vn 0.0014 -0.9989 -0.0478
vn 0.0024 -0.9999 -0.0141
vn 0.0031 -0.9999 0.0139
vn 0.0039 -0.9989 0.0477
vn 0.0021 -0.9987 0.0504
vn 0.0006 -0.9987 0.0513
vn -0.0012 -0.9987 0.0505
vn -0.0023 -0.9999 0.0148
vn -0.0031 -0.9999 -0.0147
vt 0.454852 0.830507
vt 0.500001 0.874994
vt 0.454852 0.874990
vt 0.545150 0.830504
vt 0.500001 0.830521
vt 0.454854 0.919458
vt 0.545149 0.919451
vt 0.500001 0.919457
vt 0.417387 0.793361
vt 0.417384 0.830464
vt 0.454854 0.793462
vt 0.545153 0.793456
vt 0.500002 0.793495
vt 0.582628 0.793346
vt 0.582623 0.830457
vt 0.545149 0.874987
vt 0.582619 0.919438
vt 0.582619 0.956414
vt 0.545149 0.956440
vt 0.500002 0.956453
vt 0.454858 0.956458
vt 0.417398 0.956458
vt 0.417388 0.919457
vt 0.417384 0.874978
vt 0.454850 0.594306
vt 0.500000 0.625000
vt 0.454851 0.625001
vt 0.545148 0.594303
vt 0.499999 0.594290
vt 0.454852 0.655697
vt 0.545151 0.655694
vt 0.500001 0.655710
vt 0.417372 0.566862
vt 0.417377 0.594351
vt 0.454847 0.566752
vt 0.545146 0.566746
vt 0.499998 0.566714
vt 0.582613 0.566848
vt 0.582617 0.594344
vt 0.545149 0.624999
vt 0.582623 0.655649
vt 0.582628 0.683138
vt 0.545153 0.683248
vt 0.500002 0.683286
vt 0.454854 0.683254
vt 0.417387 0.683152
vt 0.417383 0.655656
vt 0.417381 0.625002
vt 0.705539 0.594302
vt 0.749999 0.624991
vt 0.705540 0.624998
vt 0.794452 0.594268
vt 0.749997 0.594279
vt 0.705542 0.655692
vt 0.794460 0.655623
vt 0.750000 0.655688
vt 0.668536 0.566848
vt 0.668539 0.594344
vt 0.705537 0.566743
vt 0.794441 0.566670
vt 0.749994 0.566689
vt 0.831414 0.566667
vt 0.831440 0.594262
vt 0.794457 0.624969
vt 0.831458 0.655482
vt 0.831458 0.682746
vt 0.794460 0.683083
vt 0.750001 0.683236
vt 0.705544 0.683242
vt 0.668551 0.683138
vt 0.668545 0.655650
vt 0.668542 0.624998
vt 0.454851 0.094375
vt 0.500000 0.125000
vt 0.454852 0.125030
vt 0.545146 0.094271
vt 0.499999 0.094301
vt 0.454854 0.155729
vt 0.545149 0.155625
vt 0.500001 0.155699
vt 0.417381 0.067254
vt 0.417381 0.094518
vt 0.454851 0.066914
vt 0.545142 0.066676
vt 0.499998 0.066740
vt 0.582602 0.066667
vt 0.582612 0.094262
vt 0.545148 0.124970
vt 0.582619 0.155482
vt 0.582619 0.182746
vt 0.545149 0.183086
vt 0.500002 0.183260
vt 0.454858 0.183324
vt 0.417398 0.183333
vt 0.417388 0.155738
vt 0.417383 0.125073
vt 0.454851 0.330550
vt 0.500000 0.375007
vt 0.454851 0.375013
vt 0.545146 0.330542
vt 0.499999 0.330543
vt 0.454850 0.419496
vt 0.545148 0.419493
vt 0.499999 0.419480
vt 0.417381 0.293586
vt 0.417381 0.330562
vt 0.454851 0.293560
vt 0.545142 0.293542
vt 0.499998 0.293547
vt 0.582602 0.293542
vt 0.582612 0.330543
vt 0.545148 0.375010
vt 0.582616 0.419536
vt 0.582613 0.456639
vt 0.545146 0.456538
vt 0.499998 0.456505
vt 0.454847 0.456544
vt 0.417372 0.456654
vt 0.417377 0.419543
vt 0.417380 0.375030
vt 0.144460 0.705594
vt 0.131439 0.723264
vt 0.131993 0.706467
vt 0.142464 0.722960
vt 0.129862 0.737283
vt 0.127059 0.724002
vt 0.126876 0.708762
vt 0.127129 0.737375
vt 0.168586 0.683333
vt 0.144681 0.683507
vt 0.168209 0.705469
vt 0.165341 0.722917
vt 0.137067 0.737245
vt 0.156640 0.737240
vt 0.128209 0.750000
vt 0.127668 0.750000
vt 0.127126 0.750000
vt 0.126585 0.750000
vt 0.126189 0.737500
vt 0.125792 0.725000
vt 0.125396 0.712500
vt 0.126678 0.688368
vt 0.125000 0.700000
vt 0.131965 0.684722
vt 0.393102 0.980699
vt 0.380140 0.993980
vt 0.380821 0.982784
vt 0.390990 0.993255
vt 0.378397 0.998545
vt 0.376120 0.995742
vt 0.376109 0.988263
vt 0.376004 0.998765
vt 0.393379 0.956873
vt 0.416986 0.980401
vt 0.414012 0.993151
vt 0.385382 0.998454
vt 0.405055 0.998441
vt 0.376222 1.000000
vt 0.376016 1.000000
vt 0.375810 1.000000
vt 0.375604 1.000000
vt 0.375453 0.999063
vt 0.375302 0.998125
vt 0.375151 0.997188
vt 0.376042 0.968479
vt 0.375000 0.996250
vt 0.380877 0.959774
vt 0.393042 0.046522
vt 0.379980 0.032322
vt 0.390895 0.030345
vt 0.380727 0.046838
vt 0.375890 0.034043
vt 0.378167 0.020762
vt 0.385256 0.017152
vt 0.375664 0.024537
vt 0.416954 0.045623
vt 0.393348 0.067585
vt 0.380833 0.066819
vt 0.375984 0.045635
vt 0.375997 0.063219
vt 0.375000 0.042783
vt 0.375000 0.035566
vt 0.375000 0.028349
vt 0.375000 0.021132
vt 0.375357 0.015849
vt 0.375714 0.010566
vt 0.376071 0.005283
vt 0.405010 0.014347
vt 0.376429 0.000000
vt 0.413968 0.028624
vt 0.606958 0.980540
vt 0.620020 0.993561
vt 0.609105 0.993007
vt 0.619273 0.982536
vt 0.624110 0.995138
vt 0.621833 0.997941
vt 0.614744 0.998124
vt 0.624336 0.997871
vt 0.583046 0.980319
vt 0.606652 0.956791
vt 0.619167 0.959659
vt 0.624016 0.987933
vt 0.624003 0.968360
vt 0.625000 0.996791
vt 0.625000 0.997333
vt 0.625000 0.997874
vt 0.625000 0.998415
vt 0.624643 0.998811
vt 0.624286 0.999208
vt 0.623929 0.999604
vt 0.594990 0.998322
vt 0.623571 1.000000
vt 0.586032 0.993036
vt 0.855698 0.703478
vt 0.868980 0.717678
vt 0.857784 0.719655
vt 0.868255 0.703162
vt 0.873544 0.715957
vt 0.870742 0.729238
vt 0.863263 0.732848
vt 0.873765 0.725463
vt 0.831873 0.704377
vt 0.855401 0.682416
vt 0.868151 0.683181
vt 0.873454 0.704365
vt 0.873441 0.686781
vt 0.875000 0.707217
vt 0.875000 0.714434
vt 0.875000 0.721651
vt 0.875000 0.728868
vt 0.874063 0.734151
vt 0.873125 0.739434
vt 0.872188 0.744717
vt 0.843479 0.735653
vt 0.871250 0.750000
vt 0.834774 0.721376
vt 0.606898 0.044406
vt 0.619860 0.026736
vt 0.619179 0.043533
vt 0.609010 0.027040
vt 0.621603 0.012717
vt 0.623880 0.025998
vt 0.623891 0.041238
vt 0.623996 0.012625
vt 0.606621 0.066493
vt 0.583015 0.044531
vt 0.585988 0.027083
vt 0.614618 0.012755
vt 0.594945 0.012760
vt 0.623778 0.000000
vt 0.623984 0.000000
vt 0.624190 0.000000
vt 0.624396 0.000000
vt 0.624547 0.012500
vt 0.624698 0.025000
vt 0.624849 0.037500
vt 0.623958 0.061632
vt 0.625000 0.050000
vt 0.619123 0.065278
vt 0.144302 0.546522
vt 0.131020 0.532322
vt 0.142216 0.530345
vt 0.131745 0.546838
vt 0.126456 0.534043
vt 0.129258 0.520762
vt 0.136737 0.517152
vt 0.126235 0.524537
vt 0.168542 0.567254
vt 0.168127 0.545623
vt 0.144600 0.567585
vt 0.131849 0.566819
vt 0.126546 0.545635
vt 0.126559 0.563219
vt 0.125000 0.542783
vt 0.125000 0.535566
vt 0.125000 0.528349
vt 0.125000 0.521133
vt 0.125938 0.515849
vt 0.126875 0.510566
vt 0.127813 0.505283
vt 0.156521 0.514347
vt 0.128750 0.500000
vt 0.165226 0.528624
vt 0.393102 0.205591
vt 0.380140 0.223264
vt 0.380821 0.206467
vt 0.390990 0.222940
vt 0.378397 0.237283
vt 0.376120 0.224002
vt 0.376109 0.208762
vt 0.376004 0.237375
vt 0.393379 0.183507
vt 0.416986 0.205449
vt 0.414012 0.222756
vt 0.385382 0.237202
vt 0.405162 0.236758
vt 0.376222 0.250000
vt 0.376016 0.250000
vt 0.375810 0.250000
vt 0.375604 0.250000
vt 0.375453 0.237500
vt 0.375302 0.225000
vt 0.375151 0.212500
vt 0.376042 0.188368
vt 0.375000 0.200000
vt 0.380877 0.184722
vt 0.393042 0.269458
vt 0.379980 0.256439
vt 0.390895 0.256973
vt 0.380727 0.267464
vt 0.375890 0.254862
vt 0.378167 0.252059
vt 0.385256 0.251833
vt 0.375664 0.252129
vt 0.416954 0.269661
vt 0.393348 0.293209
vt 0.380833 0.290341
vt 0.375984 0.262067
vt 0.375997 0.281640
vt 0.375000 0.253209
vt 0.375000 0.252668
vt 0.375000 0.252126
vt 0.375000 0.251585
vt 0.375357 0.251189
vt 0.375714 0.250793
vt 0.376071 0.250396
vt 0.405117 0.251197
vt 0.376429 0.250000
vt 0.413968 0.256804
vt 0.855540 0.544406
vt 0.868561 0.526736
vt 0.868007 0.543533
vt 0.857536 0.527040
vt 0.870138 0.512717
vt 0.872941 0.525998
vt 0.873124 0.541238
vt 0.872871 0.512625
vt 0.855319 0.566493
vt 0.831791 0.544531
vt 0.834659 0.527083
vt 0.862933 0.512755
vt 0.843360 0.512760
vt 0.871791 0.500000
vt 0.872333 0.500000
vt 0.872874 0.500000
vt 0.873415 0.500000
vt 0.873811 0.512500
vt 0.874208 0.525000
vt 0.874604 0.537500
vt 0.873322 0.561632
vt 0.875000 0.550000
vt 0.868036 0.565278
vt 0.606898 0.269299
vt 0.619860 0.256020
vt 0.619179 0.267216
vt 0.609010 0.256725
vt 0.621603 0.251456
vt 0.623880 0.254258
vt 0.623891 0.261737
vt 0.623996 0.251235
vt 0.606621 0.293127
vt 0.583015 0.269580
vt 0.585988 0.256688
vt 0.614618 0.251504
vt 0.594838 0.251075
vt 0.623778 0.250000
vt 0.623984 0.250000
vt 0.624190 0.250000
vt 0.624396 0.250000
vt 0.624547 0.250938
vt 0.624698 0.251875
vt 0.624849 0.252813
vt 0.623958 0.281521
vt 0.625000 0.253750
vt 0.619123 0.290226
vt 0.606958 0.203476
vt 0.620020 0.217678
vt 0.609105 0.219635
vt 0.619273 0.203162
vt 0.624110 0.215957
vt 0.621833 0.229238
vt 0.614744 0.232805
vt 0.624336 0.225463
vt 0.583046 0.204357
vt 0.606652 0.182416
vt 0.619167 0.183181
vt 0.624016 0.204365
vt 0.624003 0.186781
vt 0.625000 0.207217
vt 0.625000 0.214434
vt 0.625000 0.221651
vt 0.625000 0.228868
vt 0.624643 0.234151
vt 0.624286 0.239434
vt 0.623929 0.244717
vt 0.594883 0.235169
vt 0.623571 0.250000
vt 0.586032 0.221215
vt 0.355713 0.704819
vt 0.368991 0.721268
vt 0.357810 0.721907
vt 0.368238 0.704466
vt 0.373472 0.720695
vt 0.370793 0.734819
vt 0.363302 0.735891
vt 0.373783 0.733782
vt 0.331464 0.683152
vt 0.331883 0.705132
vt 0.355405 0.682991
vt 0.368119 0.682813
vt 0.373333 0.704174
vt 0.373298 0.682669
vt 0.374661 0.704038
vt 0.374720 0.720335
vt 0.374848 0.732907
vt 0.375201 0.743484
vt 0.374213 0.745113
vt 0.373226 0.746742
vt 0.372238 0.748371
vt 0.343494 0.736750
vt 0.371250 0.750000
vt 0.334789 0.722442
vt 0.393362 0.704703
vt 0.380842 0.720538
vt 0.380817 0.704375
vt 0.393374 0.720980
vt 0.380875 0.732308
vt 0.375923 0.720294
vt 0.375876 0.704123
vt 0.376006 0.732310
vt 0.393353 0.682991
vt 0.417392 0.705006
vt 0.417397 0.721433
vt 0.393385 0.732760
vt 0.417401 0.733323
vt 0.393391 0.740961
vt 0.380900 0.740513
vt 0.376092 0.740760
vt 0.375854 0.682669
vt 0.374635 0.682609
vt 0.380801 0.682813
vt 0.393368 0.768534
vt 0.380884 0.753568
vt 0.393379 0.754799
vt 0.380865 0.766106
vt 0.376072 0.751376
vt 0.380900 0.746464
vt 0.393388 0.747059
vt 0.376100 0.746091
vt 0.417392 0.769137
vt 0.393359 0.792791
vt 0.380848 0.789751
vt 0.376039 0.760331
vt 0.376012 0.781032
vt 0.375050 0.751184
vt 0.375101 0.748617
vt 0.375151 0.746051
vt 0.417401 0.747643
vt 0.417403 0.741568
vt 0.417397 0.755365
vt 0.644340 0.704766
vt 0.631143 0.721134
vt 0.631843 0.704385
vt 0.642272 0.721825
vt 0.629403 0.734623
vt 0.626706 0.720517
vt 0.626772 0.704069
vt 0.626494 0.733505
vt 0.644623 0.682963
vt 0.668144 0.705105
vt 0.665250 0.722403
vt 0.636808 0.735782
vt 0.656546 0.736711
vt 0.627894 0.748239
vt 0.627039 0.746478
vt 0.626183 0.744717
vt 0.625327 0.742956
vt 0.625464 0.732595
vt 0.625476 0.720139
vt 0.625454 0.703923
vt 0.626756 0.682615
vt 0.625423 0.682551
vt 0.631923 0.682771
vt 0.606685 0.768481
vt 0.619249 0.753435
vt 0.619217 0.766024
vt 0.606702 0.754718
vt 0.619278 0.746286
vt 0.624124 0.751180
vt 0.624071 0.760222
vt 0.624177 0.745814
vt 0.606669 0.792763
vt 0.582636 0.769109
vt 0.582645 0.755323
vt 0.606717 0.746955
vt 0.582652 0.747589
vt 0.606724 0.740846
vt 0.619296 0.740317
vt 0.624220 0.740448
vt 0.625245 0.745654
vt 0.625164 0.748353
vt 0.625082 0.751052
vt 0.624028 0.780992
vt 0.625000 0.753750
vt 0.619191 0.789712
vt 0.606690 0.704650
vt 0.619286 0.720411
vt 0.606707 0.720899
vt 0.619264 0.704294
vt 0.624251 0.720120
vt 0.619298 0.732135
vt 0.606719 0.732656
vt 0.624250 0.732054
vt 0.582636 0.704978
vt 0.606675 0.682963
vt 0.619241 0.682771
vt 0.624228 0.704019
vt 0.624200 0.682615
vt 0.582652 0.733269
vt 0.582655 0.741509
vt 0.582645 0.721391
vt 0.355660 0.545234
vt 0.368857 0.528866
vt 0.368157 0.545615
vt 0.357728 0.528175
vt 0.370597 0.515377
vt 0.373294 0.529483
vt 0.373229 0.545931
vt 0.373506 0.516495
vt 0.331449 0.566862
vt 0.355377 0.567037
vt 0.331856 0.544895
vt 0.334750 0.527597
vt 0.363192 0.514218
vt 0.343454 0.513289
vt 0.372106 0.501761
vt 0.372962 0.503522
vt 0.373817 0.505283
vt 0.374673 0.507044
vt 0.374536 0.517405
vt 0.374524 0.529861
vt 0.374546 0.546077
vt 0.373244 0.567385
vt 0.374577 0.567449
vt 0.368077 0.567229
vt 0.393316 0.481519
vt 0.380751 0.496565
vt 0.380783 0.483976
vt 0.393298 0.495282
vt 0.380722 0.503714
vt 0.375876 0.498820
vt 0.375929 0.489778
vt 0.375824 0.504186
vt 0.393331 0.457237
vt 0.417364 0.480891
vt 0.417355 0.494677
vt 0.393283 0.503046
vt 0.417348 0.502411
vt 0.393276 0.509154
vt 0.380704 0.509683
vt 0.375780 0.509552
vt 0.374755 0.504346
vt 0.374837 0.501647
vt 0.374918 0.498949
vt 0.375972 0.469008
vt 0.375000 0.496250
vt 0.380810 0.460288
vt 0.393310 0.545350
vt 0.380714 0.529589
vt 0.393293 0.529101
vt 0.380736 0.545706
vt 0.375750 0.529880
vt 0.380702 0.517866
vt 0.393281 0.517344
vt 0.375750 0.517946
vt 0.417364 0.545022
vt 0.393325 0.567037
vt 0.380759 0.567229
vt 0.375772 0.545981
vt 0.375800 0.567385
vt 0.417348 0.516731
vt 0.417345 0.508491
vt 0.417355 0.528610
vt 0.644288 0.545182
vt 0.631009 0.528732
vt 0.642190 0.528093
vt 0.631762 0.545534
vt 0.626528 0.529305
vt 0.629207 0.515181
vt 0.636698 0.514109
vt 0.626217 0.516218
vt 0.668117 0.544868
vt 0.644595 0.567009
vt 0.631881 0.567187
vt 0.626667 0.545827
vt 0.626702 0.567331
vt 0.625339 0.545963
vt 0.625280 0.529665
vt 0.625152 0.517093
vt 0.624799 0.506516
vt 0.625787 0.504887
vt 0.626774 0.503258
vt 0.627762 0.501629
vt 0.656506 0.513250
vt 0.628750 0.500000
vt 0.665211 0.527559
vt 0.606638 0.545297
vt 0.619158 0.529462
vt 0.619183 0.545625
vt 0.606626 0.529021
vt 0.619125 0.517692
vt 0.624077 0.529706
vt 0.624124 0.545877
vt 0.623994 0.517690
vt 0.606647 0.567009
vt 0.582609 0.544994
vt 0.582603 0.528567
vt 0.606615 0.517240
vt 0.582599 0.516677
vt 0.606609 0.509039
vt 0.619100 0.509487
vt 0.623908 0.509240
vt 0.624146 0.567331
vt 0.625365 0.567391
vt 0.619199 0.567187
vt 0.606632 0.481467
vt 0.619116 0.496432
vt 0.606621 0.495201
vt 0.619135 0.483894
vt 0.623928 0.498624
vt 0.619100 0.503536
vt 0.606612 0.502941
vt 0.623900 0.503909
vt 0.582608 0.480863
vt 0.606641 0.457209
vt 0.619152 0.460249
vt 0.623961 0.489669
vt 0.623988 0.468968
vt 0.624950 0.498817
vt 0.624899 0.501383
vt 0.624849 0.503949
vt 0.582599 0.502357
vt 0.582597 0.508432
vt 0.582603 0.494635
vt 0.144609 0.625132
vt 0.131850 0.593879
vt 0.144601 0.594601
vt 0.131891 0.656704
vt 0.131861 0.625156
vt 0.126560 0.591536
vt 0.126591 0.658899
vt 0.126567 0.625102
vt 0.168542 0.594519
vt 0.168547 0.625073
vt 0.144633 0.655865
vt 0.168560 0.655738
vt 0.125000 0.662500
vt 0.125000 0.625000
vt 0.125000 0.587500
vt 0.125000 0.550000
vt 0.376009 0.158899
vt 0.380838 0.125156
vt 0.380849 0.156704
vt 0.375997 0.091536
vt 0.376000 0.125102
vt 0.393352 0.125132
vt 0.393361 0.155865
vt 0.380834 0.093879
vt 0.375000 0.162500
vt 0.375000 0.087500
vt 0.375000 0.125000
vt 0.375000 0.050000
vt 0.393349 0.094601
vt 0.500004 0.980391
vt 0.452521 0.993150
vt 0.454571 0.980399
vt 0.547496 0.993109
vt 0.500005 0.993139
vt 0.447105 0.998440
vt 0.552908 0.998409
vt 0.500003 0.998433
vt 0.545443 0.980367
vt 0.561786 1.000000
vt 0.500000 1.000000
vt 0.438214 1.000000
vt 0.376429 1.000000
vt 0.447092 0.013183
vt 0.499996 0.027239
vt 0.452504 0.027646
vt 0.552895 0.012773
vt 0.499997 0.012862
vt 0.499996 0.044663
vt 0.454557 0.044981
vt 0.547479 0.027103
vt 0.438214 0.000000
vt 0.561786 0.000000
vt 0.500000 0.000000
vt 0.623571 0.000000
vt 0.545429 0.044548
vt 0.855391 0.624868
vt 0.868150 0.656121
vt 0.855399 0.655399
vt 0.868109 0.593297
vt 0.868139 0.624844
vt 0.873440 0.658464
vt 0.873409 0.591101
vt 0.873433 0.624898
vt 0.831453 0.624927
vt 0.855367 0.594135
vt 0.875000 0.587500
vt 0.875000 0.625000
vt 0.875000 0.662500
vt 0.875000 0.700000
vt 0.623991 0.091101
vt 0.619162 0.124844
vt 0.619151 0.093296
vt 0.624003 0.158464
vt 0.624000 0.124898
vt 0.606648 0.124868
vt 0.606639 0.094135
vt 0.619166 0.156121
vt 0.625000 0.087500
vt 0.625000 0.162500
vt 0.625000 0.125000
vt 0.625000 0.200000
vt 0.606651 0.155399
vt 0.582617 0.124927
vt 0.499996 0.269529
vt 0.547479 0.256389
vt 0.545429 0.269543
vt 0.452504 0.256429
vt 0.499996 0.256218
vt 0.552468 0.249837
vt 0.447519 0.249877
vt 0.499997 0.249234
vt 0.454557 0.269576
vt 0.443123 0.244685
vt 0.500000 0.243542
vt 0.556877 0.244562
vt 0.552481 0.235094
vt 0.500004 0.222118
vt 0.547496 0.221892
vt 0.447532 0.235513
vt 0.500003 0.234805
vt 0.500004 0.205257
vt 0.545443 0.204961
vt 0.452521 0.222436
vt 0.454571 0.205395
vt 0.249998 0.544707
vt 0.296731 0.527290
vt 0.294738 0.544698
vt 0.203260 0.527653
vt 0.249998 0.527291
vt 0.301992 0.512914
vt 0.198002 0.513187
vt 0.249998 0.512897
vt 0.294456 0.566758
vt 0.249999 0.566765
vt 0.205255 0.544986
vt 0.205540 0.566917
vt 0.189375 0.500000
vt 0.250000 0.500000
vt 0.310625 0.500000
vt 0.371250 0.500000
vt 0.375991 0.427140
vt 0.380831 0.375064
vt 0.380825 0.421929
vt 0.375997 0.323038
vt 0.375995 0.375042
vt 0.393346 0.375054
vt 0.393341 0.419896
vt 0.380833 0.328309
vt 0.375000 0.435625
vt 0.375000 0.314375
vt 0.375000 0.375000
vt 0.375000 0.253750
vt 0.393348 0.330295
vt 0.749989 0.544572
vt 0.796697 0.527089
vt 0.794711 0.544536
vt 0.703254 0.527257
vt 0.749987 0.527131
vt 0.801966 0.512764
vt 0.697997 0.512891
vt 0.749991 0.512792
vt 0.705250 0.544670
vt 0.689375 0.500000
vt 0.750000 0.500000
vt 0.810625 0.500000
vt 0.871250 0.500000
vt 0.623991 0.323006
vt 0.619161 0.375048
vt 0.619150 0.328267
vt 0.623999 0.427129
vt 0.623999 0.375031
vt 0.606647 0.375041
vt 0.606639 0.330260
vt 0.619161 0.421913
vt 0.625000 0.314375
vt 0.625000 0.435625
vt 0.625000 0.375000
vt 0.625000 0.496250
vt 0.606647 0.419883
vt 0.582616 0.375023
vt 0.499997 0.544741
vt 0.545142 0.528275
vt 0.545144 0.544802
vt 0.454840 0.528292
vt 0.499995 0.528182
vt 0.545140 0.516304
vt 0.454837 0.516326
vt 0.499993 0.516185
vt 0.454844 0.544813
vt 0.454836 0.508050
vt 0.499993 0.507897
vt 0.545139 0.508026
vt 0.545140 0.501984
vt 0.499995 0.494250
vt 0.545142 0.494343
vt 0.454837 0.502006
vt 0.499993 0.501866
vt 0.499997 0.480610
vt 0.545144 0.480671
vt 0.454840 0.494360
vt 0.454844 0.480682
vt 0.355394 0.625004
vt 0.368109 0.655519
vt 0.355399 0.655591
vt 0.368092 0.594500
vt 0.368101 0.625005
vt 0.373286 0.655460
vt 0.373264 0.594564
vt 0.373276 0.625007
vt 0.331461 0.655656
vt 0.331458 0.625002
vt 0.355387 0.594422
vt 0.331455 0.594351
vt 0.374598 0.594590
vt 0.374611 0.625007
vt 0.374622 0.655436
vt 0.375842 0.655460
vt 0.380784 0.625005
vt 0.380791 0.655519
vt 0.375820 0.594564
vt 0.375832 0.625007
vt 0.393341 0.625004
vt 0.393346 0.655591
vt 0.380774 0.594500
vt 0.393335 0.594422
vt 0.644607 0.624997
vt 0.631891 0.594482
vt 0.644602 0.594409
vt 0.631908 0.655500
vt 0.631899 0.624995
vt 0.626714 0.594540
vt 0.626736 0.655437
vt 0.626724 0.624993
vt 0.644613 0.655579
vt 0.625402 0.655410
vt 0.625389 0.624993
vt 0.625378 0.594564
vt 0.624158 0.594540
vt 0.619216 0.624995
vt 0.619209 0.594482
vt 0.624180 0.655436
vt 0.624168 0.624993
vt 0.606659 0.624997
vt 0.606654 0.594409
vt 0.619226 0.655500
vt 0.606665 0.655578
vt 0.582620 0.624998
vt 0.500003 0.769390
vt 0.545160 0.755640
vt 0.545156 0.769318
vt 0.454858 0.755657
vt 0.500005 0.755750
vt 0.545163 0.747994
vt 0.454860 0.748016
vt 0.500007 0.748134
vt 0.454856 0.769329
vt 0.454861 0.741974
vt 0.500007 0.742103
vt 0.545164 0.741950
vt 0.545163 0.733674
vt 0.500005 0.721818
vt 0.545160 0.721708
vt 0.454860 0.733696
vt 0.500007 0.733815
vt 0.500003 0.705259
vt 0.545156 0.705187
vt 0.454858 0.721725
vt 0.454856 0.705198
vt 0.250011 0.705428
vt 0.203303 0.722911
vt 0.205289 0.705464
vt 0.296746 0.722743
vt 0.250013 0.722869
vt 0.198034 0.737236
vt 0.302003 0.737109
vt 0.250009 0.737208
vt 0.205559 0.683331
vt 0.250006 0.683311
vt 0.294750 0.705330
vt 0.294463 0.683257
vt 0.310625 0.750000
vt 0.250000 0.750000
vt 0.189375 0.750000
vt 0.128750 0.750000
vt 0.376009 0.926994
vt 0.380839 0.874952
vt 0.380850 0.921733
vt 0.376001 0.822872
vt 0.376001 0.874969
vt 0.393353 0.874960
vt 0.393361 0.919740
vt 0.380839 0.828087
vt 0.375000 0.935625
vt 0.375000 0.814375
vt 0.375000 0.875000
vt 0.375000 0.753750
vt 0.393353 0.830117
vt 0.750002 0.705293
vt 0.703269 0.722710
vt 0.705262 0.705302
vt 0.796740 0.722347
vt 0.750002 0.722709
vt 0.698008 0.737086
vt 0.801999 0.736813
vt 0.750002 0.737104
vt 0.794745 0.705014
vt 0.810625 0.750000
vt 0.750000 0.750000
vt 0.689375 0.750000
vt 0.628750 0.750000
vt 0.624010 0.822860
vt 0.619169 0.874936
vt 0.619175 0.828072
vt 0.624003 0.926962
vt 0.624005 0.874958
vt 0.606654 0.874946
vt 0.606659 0.830104
vt 0.619167 0.921691
vt 0.625000 0.814375
vt 0.625000 0.935625
vt 0.625000 0.875000
vt 0.625000 0.996250
vt 0.606652 0.919705
vt 0.582620 0.874970
vt 0.205541 0.594377
vt 0.250001 0.625010
vt 0.205543 0.625031
vt 0.294458 0.594308
vt 0.250000 0.594312
vt 0.205548 0.655732
vt 0.294461 0.655698
vt 0.250003 0.655721
vt 0.294460 0.625002
s 0
usemtl HM_CabDoor
f 1247/958/1693 1251/959/1693 1250/960/1693
f 1249/961/1694 1251/959/1694 1248/962/1694
f 1251/959/1695 1253/963/1695 1250/960/1695
f 1251/959/1696 1255/964/1696 1254/965/1696
f 897/966/1697 1247/958/1697 1235/967/1697
f 1222/968/1698 1248/962/1698 1247/958/1698
f 1220/969/1699 1248/962/1699 1221/970/1699
f 903/971/1700 1249/961/1700 1220/969/1700
f 1246/972/1701 1252/973/1701 1249/961/1701
f 1252/973/1702 1244/974/1702 1255/964/1702
f 1255/964/1703 874/975/1703 1150/976/1703
f 1254/965/1704 1150/976/1704 1149/977/1704
f 1254/965/1705 1148/978/1705 1253/963/1705
f 1253/963/1706 868/979/1706 1237/980/1706
f 1250/960/1707 1237/980/1707 1236/981/1707
f 1235/967/1708 1250/960/1708 1236/981/1708
f 1256/982/1709 1260/983/1709 1259/984/1709
f 1258/985/1710 1260/983/1710 1257/986/1710
f 1260/983/1711 1262/987/1711 1259/984/1711
f 1260/983/1712 1264/988/1712 1263/989/1712
f 911/990/1713 1256/982/1713 1208/991/1713
f 1195/992/1714 1257/986/1714 1256/982/1714
f 1193/993/1715 1257/986/1715 1194/994/1715
f 917/995/1716 1258/985/1716 1193/993/1716
f 1219/996/1717 1261/997/1717 1258/985/1717
f 1261/997/1718 1217/998/1718 1264/988/1718
f 1264/988/1719 904/999/1719 1228/1000/1719
f 1263/989/1720 1228/1000/1720 1227/1001/1720
f 1263/989/1721 1226/1002/1721 1262/987/1721
f 1262/987/1722 896/1003/1722 1210/1004/1722
f 1259/984/1723 1210/1004/1723 1209/1005/1723
f 1208/991/1724 1259/984/1724 1209/1005/1724
f 1265/1006/1725 1269/1007/1725 1268/1008/1725
f 1267/1009/1726 1269/1007/1726 1266/1010/1726
f 1269/1007/1727 1271/1011/1727 1268/1008/1727
f 1269/1007/1728 1273/1012/1728 1272/1013/1728
f 916/1014/1729 1265/1006/1729 1211/1015/1729
f 1186/1016/1730 1266/1010/1730 1265/1006/1730
f 1184/1017/1731 1266/1010/1731 1185/1018/1731
f 888/1019/1732 1267/1009/1732 1184/1017/1732
f 1159/1020/1733 1270/1021/1733 1267/1009/1733
f 1270/1021/1734 1157/1022/1734 1273/1012/1734
f 1273/1012/1735 875/1023/1735 1240/1024/1735
f 1272/1013/1736 1240/1024/1736 1239/1025/1736
f 1272/1013/1737 1238/1026/1737 1271/1011/1737
f 1271/1011/1738 902/1027/1738 1213/1028/1738
f 1268/1008/1739 1213/1028/1739 1212/1029/1739
f 1211/1015/1740 1268/1008/1740 1212/1029/1740
f 1274/1030/1741 1278/1031/1741 1277/1032/1741
f 1276/1033/1742 1278/1031/1742 1275/1034/1742
f 1278/1031/1743 1280/1035/1743 1277/1032/1743
f 1278/1031/1744 1282/1036/1744 1281/1037/1744
f 869/1038/1745 1274/1030/1745 1145/1039/1745
f 1156/1040/1746 1275/1034/1746 1274/1030/1746
f 1154/1041/1747 1275/1034/1747 1155/1042/1747
f 876/1043/1748 1276/1033/1748 1154/1041/1748
f 1165/1044/1749 1279/1045/1749 1276/1033/1749
f 1279/1045/1750 1163/1046/1750 1282/1036/1750
f 1282/1036/1751 890/1047/1751 1174/1048/1751
f 1281/1037/1752 1174/1048/1752 1173/1049/1752
f 1281/1037/1753 1172/1050/1753 1280/1035/1753
f 1280/1035/1754 882/1051/1754 1147/1052/1754
f 1277/1032/1755 1147/1052/1755 1146/1053/1755
f 1145/1039/1756 1277/1032/1756 1146/1053/1756
f 1283/1054/1757 1287/1055/1757 1286/1056/1757
f 1285/1057/1758 1287/1055/1758 1284/1058/1758
f 1287/1055/1759 1289/1059/1759 1286/1056/1759
f 1287/1055/1760 1291/1060/1760 1290/1061/1760
f 883/1062/1761 1283/1054/1761 1181/1063/1761
f 1168/1064/1762 1284/1058/1762 1283/1054/1762
f 1166/1065/1763 1284/1058/1763 1167/1066/1763
f 889/1067/1764 1285/1057/1764 1166/1065/1764
f 1192/1068/1765 1288/1069/1765 1285/1057/1765
f 1288/1069/1766 1190/1070/1766 1291/1060/1766
f 1291/1060/1767 918/1071/1767 1201/1072/1767
f 1290/1061/1768 1201/1072/1768 1200/1073/1768
f 1290/1061/1769 1199/1074/1769 1289/1059/1769
f 1289/1059/1770 910/1075/1770 1183/1076/1770
f 1286/1056/1771 1183/1076/1771 1182/1077/1771
f 1181/1063/1772 1286/1056/1772 1182/1077/1772
f 1292/1078/1773 1296/1079/1773 1295/1080/1773
f 1293/1081/1774 1297/1082/1774 1296/1079/1774
f 1295/1080/1775 1299/1083/1775 1298/1084/1775
f 1296/1079/1776 1300/1085/1776 1299/1083/1776
f 867/1086/1777 1292/1078/1777 925/1087/1777
f 926/1088/1778 1293/1081/1778 1292/1078/1778
f 927/1089/1779 1294/1090/1779 1293/1081/1779
f 928/1091/1780 929/1092/1780 1294/1090/1780
f 1294/1090/1781 930/1093/1781 1297/1082/1781
f 1297/1082/1782 931/1094/1782 1300/1085/1782
f 1300/1085/1783 871/1095/1783 932/1096/1783
f 1299/1083/1784 932/1096/1784 933/1097/1784
f 1298/1084/1785 933/1097/1785 934/1098/1785
f 923/1099/1786 934/1098/1786 873/1100/1786
f 924/1101/1787 1298/1084/1787 923/1099/1787
f 925/1087/1788 1295/1080/1788 924/1101/1788
f 1301/1102/1789 1305/1103/1789 1304/1104/1789
f 1302/1105/1790 1306/1106/1790 1305/1103/1790
f 1304/1104/1791 1308/1107/1791 1307/1108/1791
f 1305/1103/1792 1309/1109/1792 1308/1107/1792
f 868/979/1793 1301/1102/1793 937/1110/1793
f 938/1111/1794 1302/1105/1794 1301/1102/1794
f 939/1112/1795 1303/1113/1795 1302/1105/1795
f 940/1114/1796 941/1115/1796 1303/1113/1796
f 1303/1113/1797 942/1116/1797 1306/1106/1797
f 1306/1106/1798 943/1117/1798 1309/1109/1798
f 1309/1109/1799 871/1118/1799 931/1119/1799
f 1308/1107/1800 931/1119/1800 930/1120/1800
f 1307/1108/1801 930/1120/1801 929/1121/1801
f 935/1122/1802 929/1121/1802 870/1123/1802
f 936/1124/1803 1307/1108/1803 935/1122/1803
f 937/1110/1804 1304/1104/1804 936/1124/1804
f 1310/1125/1805 1314/1126/1805 1313/1127/1805
f 1311/1128/1806 1315/1129/1806 1314/1126/1806
f 1313/1127/1807 1317/1130/1807 1316/1131/1807
f 1314/1126/1808 1318/1132/1808 1317/1130/1808
f 869/1038/1809 1310/1125/1809 946/1133/1809
f 947/1134/1810 1311/1128/1810 1310/1125/1810
f 948/1135/1811 1312/1136/1811 1311/1128/1811
f 949/1137/1812 934/1138/1812 1312/1136/1812
f 1312/1136/1813 933/1139/1813 1315/1129/1813
f 1315/1129/1814 932/1140/1814 1318/1132/1814
f 1318/1132/1815 871/1141/1815 943/1142/1815
f 1317/1130/1816 943/1142/1816 942/1143/1816
f 1316/1131/1817 942/1143/1817 941/1144/1817
f 944/1145/1818 941/1144/1818 872/1146/1818
f 945/1147/1819 1316/1131/1819 944/1145/1819
f 946/1133/1820 1313/1127/1820 945/1147/1820
f 1319/1148/1821 1323/1149/1821 1322/1150/1821
f 1320/1151/1822 1324/1152/1822 1323/1149/1822
f 1322/1150/1823 1326/1153/1823 1325/1154/1823
f 1323/1149/1824 1327/1155/1824 1326/1153/1824
f 874/975/1825 1319/1148/1825 952/1156/1825
f 953/1157/1826 1320/1151/1826 1319/1148/1826
f 954/1158/1827 1321/1159/1827 1320/1151/1827
f 955/1160/1828 956/1161/1828 1321/1159/1828
f 1321/1159/1829 957/1162/1829 1324/1152/1829
f 1324/1152/1830 958/1163/1830 1327/1155/1830
f 1327/1155/1831 878/1164/1831 959/1165/1831
f 1326/1153/1832 959/1165/1832 960/1166/1832
f 1325/1154/1833 960/1166/1833 961/1167/1833
f 950/1168/1834 961/1167/1834 880/1169/1834
f 951/1170/1835 1325/1154/1835 950/1168/1835
f 952/1156/1836 1322/1150/1836 951/1170/1836
f 1328/1171/1837 1332/1172/1837 1331/1173/1837
f 1329/1174/1838 1333/1175/1838 1332/1172/1838
f 1331/1173/1839 1335/1176/1839 1334/1177/1839
f 1332/1172/1840 1336/1178/1840 1335/1176/1840
f 875/1023/1841 1328/1171/1841 964/1179/1841
f 965/1180/1842 1329/1174/1842 1328/1171/1842
f 966/1181/1843 1330/1182/1843 1329/1174/1843
f 967/1183/1844 968/1184/1844 1330/1182/1844
f 1330/1182/1845 969/1185/1845 1333/1175/1845
f 1333/1175/1846 970/1186/1846 1336/1178/1846
f 1336/1178/1847 878/1187/1847 958/1188/1847
f 1335/1176/1848 958/1188/1848 957/1189/1848
f 1334/1177/1849 957/1189/1849 956/1190/1849
f 962/1191/1850 956/1190/1850 877/1192/1850
f 963/1193/1851 1334/1177/1851 962/1191/1851
f 964/1179/1852 1331/1173/1852 963/1193/1852
f 1337/1194/1853 1341/1195/1853 1340/1196/1853
f 1338/1197/1854 1342/1198/1854 1341/1195/1854
f 1340/1196/1855 1344/1199/1855 1343/1200/1855
f 1341/1195/1856 1345/1201/1856 1344/1199/1856
f 876/1043/1857 1337/1194/1857 973/1202/1857
f 974/1203/1858 1338/1197/1858 1337/1194/1858
f 975/1204/1859 1339/1205/1859 1338/1197/1859
f 976/1206/1860 961/1207/1860 1339/1205/1860
f 1339/1205/1861 960/1208/1861 1342/1198/1861
f 1342/1198/1862 959/1209/1862 1345/1201/1862
f 1345/1201/1863 878/1210/1863 970/1211/1863
f 1344/1199/1864 970/1211/1864 969/1212/1864
f 1343/1200/1865 969/1212/1865 968/1213/1865
f 971/1214/1866 968/1213/1866 879/1215/1866
f 972/1216/1867 1343/1200/1867 971/1214/1867
f 973/1202/1868 1340/1196/1868 972/1216/1868
f 1346/1217/1869 1350/1218/1869 1349/1219/1869
f 1347/1220/1870 1351/1221/1870 1350/1218/1870
f 1349/1219/1871 1353/1222/1871 1352/1223/1871
f 1350/1218/1872 1354/1224/1872 1353/1222/1872
f 881/1225/1873 1346/1217/1873 979/1226/1873
f 980/1227/1874 1347/1220/1874 1346/1217/1874
f 981/1228/1875 1348/1229/1875 1347/1220/1875
f 982/1230/1876 983/1231/1876 1348/1229/1876
f 1348/1229/1877 984/1232/1877 1351/1221/1877
f 1351/1221/1878 985/1233/1878 1354/1224/1878
f 1354/1224/1879 885/1234/1879 986/1235/1879
f 1353/1222/1880 986/1235/1880 987/1236/1880
f 1352/1223/1881 987/1236/1881 988/1237/1881
f 977/1238/1882 988/1237/1882 887/1239/1882
f 978/1240/1883 1352/1223/1883 977/1238/1883
f 979/1226/1884 1349/1219/1884 978/1240/1884
f 1355/1241/1885 1359/1242/1885 1358/1243/1885
f 1356/1244/1886 1360/1245/1886 1359/1242/1886
f 1358/1243/1887 1362/1246/1887 1361/1247/1887
f 1359/1242/1888 1363/1248/1888 1362/1246/1888
f 882/1051/1889 1355/1241/1889 991/1249/1889
f 992/1250/1890 1356/1244/1890 1355/1241/1890
f 993/1251/1891 1357/1252/1891 1356/1244/1891
f 994/1253/1892 995/1254/1892 1357/1252/1892
f 1357/1252/1893 996/1255/1893 1360/1245/1893
f 1360/1245/1894 997/1256/1894 1363/1248/1894
f 1363/1248/1895 885/1257/1895 985/1258/1895
f 1362/1246/1896 985/1258/1896 984/1259/1896
f 1361/1247/1897 984/1259/1897 983/1260/1897
f 989/1261/1898 983/1260/1898 884/1262/1898
f 990/1263/1899 1361/1247/1899 989/1261/1899
f 991/1249/1900 1358/1243/1900 990/1263/1900
f 1364/1264/1901 1368/1265/1901 1367/1266/1901
f 1365/1267/1902 1369/1268/1902 1368/1265/1902
f 1367/1266/1903 1371/1269/1903 1370/1270/1903
f 1368/1265/1904 1372/1271/1904 1371/1269/1904
f 883/1062/1905 1364/1264/1905 1000/1272/1905
f 1001/1273/1906 1365/1267/1906 1364/1264/1906
f 1002/1274/1907 1366/1275/1907 1365/1267/1907
f 1003/1276/1908 988/1277/1908 1366/1275/1908
f 1366/1275/1909 987/1278/1909 1369/1268/1909
f 1369/1268/1910 986/1279/1910 1372/1271/1910
f 1372/1271/1911 885/1280/1911 997/1281/1911
f 1371/1269/1912 997/1281/1912 996/1282/1912
f 1370/1270/1913 996/1282/1913 995/1283/1913
f 998/1284/1914 995/1283/1914 886/1285/1914
f 999/1286/1915 1370/1270/1915 998/1284/1915
f 1000/1272/1916 1367/1266/1916 999/1286/1916
f 1373/1287/1917 1377/1288/1917 1376/1289/1917
f 1374/1290/1918 1378/1291/1918 1377/1288/1918
f 1376/1289/1919 1380/1292/1919 1379/1293/1919
f 1377/1288/1920 1381/1294/1920 1380/1292/1920
f 888/1019/1921 1373/1287/1921 1006/1295/1921
f 1007/1296/1922 1374/1290/1922 1373/1287/1922
f 1008/1297/1923 1375/1298/1923 1374/1290/1923
f 1009/1299/1924 1010/1300/1924 1375/1298/1924
f 1375/1298/1925 1011/1301/1925 1378/1291/1925
f 1378/1291/1926 1012/1302/1926 1381/1294/1926
f 1381/1294/1927 892/1303/1927 1013/1304/1927
f 1380/1292/1928 1013/1304/1928 1014/1305/1928
f 1379/1293/1929 1014/1305/1929 1015/1306/1929
f 1004/1307/1930 1015/1306/1930 894/1308/1930
f 1005/1309/1931 1379/1293/1931 1004/1307/1931
f 1006/1295/1932 1376/1289/1932 1005/1309/1932
f 1382/1310/1933 1386/1311/1933 1385/1312/1933
f 1383/1313/1934 1387/1314/1934 1386/1311/1934
f 1385/1312/1935 1389/1315/1935 1388/1316/1935
f 1386/1311/1936 1390/1317/1936 1389/1315/1936
f 889/1067/1937 1382/1310/1937 1018/1318/1937
f 1019/1319/1938 1383/1313/1938 1382/1310/1938
f 1020/1320/1939 1384/1321/1939 1383/1313/1939
f 1021/1322/1940 1022/1323/1940 1384/1321/1940
f 1384/1321/1941 1023/1324/1941 1387/1314/1941
f 1387/1314/1942 1024/1325/1942 1390/1317/1942
f 1390/1317/1943 892/1326/1943 1012/1327/1943
f 1389/1315/1944 1012/1327/1944 1011/1328/1944
f 1388/1316/1945 1011/1328/1945 1010/1329/1945
f 1016/1330/1946 1010/1329/1946 891/1331/1946
f 1017/1332/1947 1388/1316/1947 1016/1330/1947
f 1018/1318/1948 1385/1312/1948 1017/1332/1948
f 1391/1333/1949 1395/1334/1949 1394/1335/1949
f 1392/1336/1950 1396/1337/1950 1395/1334/1950
f 1394/1335/1951 1398/1338/1951 1397/1339/1951
f 1395/1334/1952 1399/1340/1952 1398/1338/1952
f 890/1047/1953 1391/1333/1953 1027/1341/1953
f 1028/1342/1954 1392/1336/1954 1391/1333/1954
f 1029/1343/1955 1393/1344/1955 1392/1336/1955
f 1030/1345/1956 1015/1346/1956 1393/1344/1956
f 1393/1344/1957 1014/1347/1957 1396/1337/1957
f 1396/1337/1958 1013/1348/1958 1399/1340/1958
f 1399/1340/1959 892/1349/1959 1024/1350/1959
f 1398/1338/1960 1024/1350/1960 1023/1351/1960
f 1397/1339/1961 1023/1351/1961 1022/1352/1961
f 1025/1353/1962 1022/1352/1962 893/1354/1962
f 1026/1355/1963 1397/1339/1963 1025/1353/1963
f 1027/1341/1964 1394/1335/1964 1026/1355/1964
f 1400/1356/1965 1404/1357/1965 1403/1358/1965
f 1401/1359/1966 1405/1360/1966 1404/1357/1966
f 1403/1358/1967 1407/1361/1967 1406/1362/1967
f 1404/1357/1968 1408/1363/1968 1407/1361/1968
f 895/1364/1969 1400/1356/1969 1033/1365/1969
f 1034/1366/1970 1401/1359/1970 1400/1356/1970
f 1035/1367/1971 1402/1368/1971 1401/1359/1971
f 1036/1369/1972 1037/1370/1972 1402/1368/1972
f 1402/1368/1973 1038/1371/1973 1405/1360/1973
f 1405/1360/1974 1039/1372/1974 1408/1363/1974
f 1408/1363/1975 899/1373/1975 1040/1374/1975
f 1407/1361/1976 1040/1374/1976 1041/1375/1976
f 1406/1362/1977 1041/1375/1977 1042/1376/1977
f 1031/1377/1978 1042/1376/1978 901/1378/1978
f 1032/1379/1979 1406/1362/1979 1031/1377/1979
f 1033/1365/1980 1403/1358/1980 1032/1379/1980
f 1409/1380/1981 1413/1381/1981 1412/1382/1981
f 1410/1383/1982 1414/1384/1982 1413/1381/1982
f 1412/1382/1983 1416/1385/1983 1415/1386/1983
f 1413/1381/1984 1417/1387/1984 1416/1385/1984
f 896/1003/1985 1409/1380/1985 1045/1388/1985
f 1046/1389/1986 1410/1383/1986 1409/1380/1986
f 1047/1390/1987 1411/1391/1987 1410/1383/1987
f 1048/1392/1988 1049/1393/1988 1411/1391/1988
f 1411/1391/1989 1050/1394/1989 1414/1384/1989
f 1414/1384/1990 1051/1395/1990 1417/1387/1990
f 1417/1387/1991 899/1373/1991 1039/1372/1991
f 1416/1385/1992 1039/1372/1992 1038/1371/1992
f 1415/1386/1993 1038/1371/1993 1037/1370/1993
f 1043/1396/1994 1037/1370/1994 898/1397/1994
f 1044/1398/1995 1415/1386/1995 1043/1396/1995
f 1045/1388/1996 1412/1382/1996 1044/1398/1996
f 1418/1399/1997 1422/1400/1997 1421/1401/1997
f 1419/1402/1998 1423/1403/1998 1422/1400/1998
f 1421/1401/1999 1425/1404/1999 1424/1405/1999
f 1422/1400/2000 1426/1406/2000 1425/1404/2000
f 897/966/2001 1418/1399/2001 1054/1407/2001
f 1055/1408/2002 1419/1402/2002 1418/1399/2002
f 1056/1409/2003 1420/1410/2003 1419/1402/2003
f 1057/1411/2004 1042/1412/2004 1420/1410/2004
f 1420/1410/2005 1041/1413/2005 1423/1403/2005
f 1423/1403/2006 1040/1414/2006 1426/1406/2006
f 1426/1406/2007 899/1373/2007 1051/1395/2007
f 1425/1404/2008 1051/1395/2008 1050/1394/2008
f 1424/1405/2009 1050/1394/2009 1049/1393/2009
f 1052/1415/2010 1049/1393/2010 900/1416/2010
f 1053/1417/2011 1424/1405/2011 1052/1415/2011
f 1054/1407/2012 1421/1401/2012 1053/1417/2012
f 1427/1418/2013 1431/1419/2013 1430/1420/2013
f 1428/1421/2014 1432/1422/2014 1431/1419/2014
f 1430/1420/2015 1434/1423/2015 1433/1424/2015
f 1431/1419/2016 1435/1425/2016 1434/1423/2016
f 902/1027/2017 1427/1418/2017 1060/1426/2017
f 1061/1427/2018 1428/1421/2018 1427/1418/2018
f 1062/1428/2019 1429/1429/2019 1428/1421/2019
f 1063/1430/2020 1064/1431/2020 1429/1429/2020
f 1429/1429/2021 1065/1432/2021 1432/1422/2021
f 1432/1422/2022 1066/1433/2022 1435/1425/2022
f 1435/1425/2023 906/1434/2023 1067/1435/2023
f 1434/1423/2024 1067/1435/2024 1068/1436/2024
f 1433/1424/2025 1068/1436/2025 1069/1437/2025
f 1058/1438/2026 1069/1437/2026 908/1439/2026
f 1059/1440/2027 1433/1424/2027 1058/1438/2027
f 1060/1426/2028 1430/1420/2028 1059/1440/2028
f 1436/1441/2029 1440/1442/2029 1439/1443/2029
f 1437/1444/2030 1441/1445/2030 1440/1442/2030
f 1439/1443/2031 1443/1446/2031 1442/1447/2031
f 1440/1442/2032 1444/1448/2032 1443/1446/2032
f 903/971/2033 1436/1441/2033 1072/1449/2033
f 1073/1450/2034 1437/1444/2034 1436/1441/2034
f 1074/1451/2035 1438/1452/2035 1437/1444/2035
f 1075/1453/2036 1076/1454/2036 1438/1452/2036
f 1438/1452/2037 1077/1455/2037 1441/1445/2037
f 1441/1445/2038 1078/1456/2038 1444/1448/2038
f 1444/1448/2039 906/1434/2039 1066/1457/2039
f 1443/1446/2040 1066/1457/2040 1065/1458/2040
f 1442/1447/2041 1065/1458/2041 1064/1459/2041
f 1070/1460/2042 1064/1459/2042 905/1461/2042
f 1071/1462/2043 1442/1447/2043 1070/1460/2043
f 1072/1449/2044 1439/1443/2044 1071/1462/2044
f 1445/1463/2045 1449/1464/2045 1448/1465/2045
f 1446/1466/2046 1450/1467/2046 1449/1464/2046
f 1448/1465/2047 1452/1468/2047 1451/1469/2047
f 1449/1464/2048 1453/1470/2048 1452/1468/2048
f 904/999/2049 1445/1463/2049 1081/1471/2049
f 1082/1472/2050 1446/1466/2050 1445/1463/2050
f 1083/1473/2051 1447/1474/2051 1446/1466/2051
f 1084/1475/2052 1069/1437/2052 1447/1474/2052
f 1447/1474/2053 1068/1436/2053 1450/1467/2053
f 1450/1467/2054 1067/1435/2054 1453/1470/2054
f 1453/1470/2055 906/1434/2055 1078/1456/2055
f 1452/1468/2056 1078/1456/2056 1077/1455/2056
f 1451/1469/2057 1077/1455/2057 1076/1454/2057
f 1079/1476/2058 1076/1454/2058 907/1477/2058
f 1080/1478/2059 1451/1469/2059 1079/1476/2059
f 1081/1471/2060 1448/1465/2060 1080/1478/2060
f 1454/1479/2061 1458/1480/2061 1457/1481/2061
f 1455/1482/2062 1459/1483/2062 1458/1480/2062
f 1457/1481/2063 1461/1484/2063 1460/1485/2063
f 1458/1480/2064 1462/1486/2064 1461/1484/2064
f 909/1487/2065 1454/1479/2065 1087/1488/2065
f 1088/1489/2066 1455/1482/2066 1454/1479/2066
f 1089/1490/2067 1456/1491/2067 1455/1482/2067
f 1090/1492/2068 1091/1493/2068 1456/1491/2068
f 1456/1491/2069 1092/1494/2069 1459/1483/2069
f 1459/1483/2070 1093/1495/2070 1462/1486/2070
f 1462/1486/2071 913/1496/2071 1094/1497/2071
f 1461/1484/2072 1094/1497/2072 1095/1498/2072
f 1460/1485/2073 1095/1498/2073 1096/1499/2073
f 1085/1500/2074 1096/1499/2074 915/1501/2074
f 1086/1502/2075 1460/1485/2075 1085/1500/2075
f 1087/1488/2076 1457/1481/2076 1086/1502/2076
f 1463/1503/2077 1467/1504/2077 1466/1505/2077
f 1464/1506/2078 1468/1507/2078 1467/1504/2078
f 1466/1505/2079 1470/1508/2079 1469/1509/2079
f 1467/1504/2080 1471/1510/2080 1470/1508/2080
f 910/1075/2081 1463/1503/2081 1099/1511/2081
f 1100/1512/2082 1464/1506/2082 1463/1503/2082
f 1101/1513/2083 1465/1514/2083 1464/1506/2083
f 1102/1515/2084 1103/1516/2084 1465/1514/2084
f 1465/1514/2085 1104/1517/2085 1468/1507/2085
f 1468/1507/2086 1105/1518/2086 1471/1510/2086
f 1471/1510/2087 913/1496/2087 1093/1519/2087
f 1470/1508/2088 1093/1519/2088 1092/1520/2088
f 1469/1509/2089 1092/1520/2089 1091/1521/2089
f 1097/1522/2090 1091/1521/2090 912/1523/2090
f 1098/1524/2091 1469/1509/2091 1097/1522/2091
f 1099/1511/2092 1466/1505/2092 1098/1524/2092
f 1472/1525/2093 1476/1526/2093 1475/1527/2093
f 1473/1528/2094 1477/1529/2094 1476/1526/2094
f 1475/1527/2095 1479/1530/2095 1478/1531/2095
f 1476/1526/2096 1480/1532/2096 1479/1530/2096
f 911/990/2097 1472/1525/2097 1108/1533/2097
f 1109/1534/2098 1473/1528/2098 1472/1525/2098
f 1110/1535/2099 1474/1536/2099 1473/1528/2099
f 1111/1537/2100 1096/1499/2100 1474/1536/2100
f 1474/1536/2101 1095/1498/2101 1477/1529/2101
f 1477/1529/2102 1094/1497/2102 1480/1532/2102
f 1480/1532/2103 913/1496/2103 1105/1518/2103
f 1479/1530/2104 1105/1518/2104 1104/1517/2104
f 1478/1531/2105 1104/1517/2105 1103/1516/2105
f 1106/1538/2106 1103/1516/2106 914/1539/2106
f 1107/1540/2107 1478/1531/2107 1106/1538/2107
f 1108/1533/2108 1475/1527/2108 1107/1540/2108
f 1481/1541/2109 1485/1542/2109 1484/1543/2109
f 1482/1544/2110 1486/1545/2110 1485/1542/2110
f 1484/1543/2111 1488/1546/2111 1487/1547/2111
f 1485/1542/2112 1489/1548/2112 1488/1546/2112
f 916/1014/2113 1481/1541/2113 1114/1549/2113
f 1115/1550/2114 1482/1544/2114 1481/1541/2114
f 1116/1551/2115 1483/1552/2115 1482/1544/2115
f 1117/1553/2116 1118/1554/2116 1483/1552/2116
f 1483/1552/2117 1119/1555/2117 1486/1545/2117
f 1486/1545/2118 1120/1556/2118 1489/1548/2118
f 1489/1548/2119 920/1557/2119 1121/1558/2119
f 1488/1546/2120 1121/1558/2120 1122/1559/2120
f 1487/1547/2121 1122/1559/2121 1123/1560/2121
f 1112/1561/2122 1123/1560/2122 922/1562/2122
f 1113/1563/2123 1487/1547/2123 1112/1561/2123
f 1114/1549/2124 1484/1543/2124 1113/1563/2124
f 1490/1564/2125 1494/1565/2125 1493/1566/2125
f 1491/1567/2126 1495/1568/2126 1494/1565/2126
f 1493/1566/2127 1497/1569/2127 1496/1570/2127
f 1494/1565/2128 1498/1571/2128 1497/1569/2128
f 917/995/2129 1490/1564/2129 1126/1572/2129
f 1127/1573/2130 1491/1567/2130 1490/1564/2130
f 1128/1574/2131 1492/1575/2131 1491/1567/2131
f 1129/1576/2132 1130/1577/2132 1492/1575/2132
f 1492/1575/2133 1131/1578/2133 1495/1568/2133
f 1495/1568/2134 1132/1579/2134 1498/1571/2134
f 1498/1571/2135 920/1557/2135 1120/1556/2135
f 1497/1569/2136 1120/1556/2136 1119/1555/2136
f 1496/1570/2137 1119/1555/2137 1118/1554/2137
f 1124/1580/2138 1118/1554/2138 919/1581/2138
f 1125/1582/2139 1496/1570/2139 1124/1580/2139
f 1126/1572/2140 1493/1566/2140 1125/1582/2140
f 1499/1583/2141 1503/1584/2141 1502/1585/2141
f 1500/1586/2142 1504/1587/2142 1503/1584/2142
f 1502/1585/2143 1506/1588/2143 1505/1589/2143
f 1503/1584/2144 1507/1590/2144 1506/1588/2144
f 918/1071/2145 1499/1583/2145 1135/1591/2145
f 1136/1592/2146 1500/1586/2146 1499/1583/2146
f 1137/1593/2147 1501/1594/2147 1500/1586/2147
f 1138/1595/2148 1123/1596/2148 1501/1594/2148
f 1501/1594/2149 1122/1597/2149 1504/1587/2149
f 1504/1587/2150 1121/1598/2150 1507/1590/2150
f 1507/1590/2151 920/1557/2151 1132/1579/2151
f 1506/1588/2152 1132/1579/2152 1131/1578/2152
f 1505/1589/2153 1131/1578/2153 1130/1577/2153
f 1133/1599/2154 1130/1577/2154 921/1600/2154
f 1134/1601/2155 1505/1589/2155 1133/1599/2155
f 1135/1591/2156 1502/1585/2156 1134/1601/2156
f 1509/1602/2157 1511/1603/2157 1508/1604/2157
f 1509/1602/2158 1513/1605/2158 1512/1606/2158
f 1512/1606/2159 1514/1607/2159 1511/1603/2159
f 1512/1606/2160 1516/1608/2160 1515/1609/2160
f 1139/1610/2161 980/1227/2161 881/1225/2161
f 1140/1611/2162 1508/1604/2162 1139/1610/2162
f 1140/1611/2163 1510/1612/2163 1509/1602/2163
f 1141/1613/2164 925/1087/2164 1510/1612/2164
f 1510/1612/2165 924/1101/2165 1513/1605/2165
f 1513/1605/2166 923/1099/2166 1516/1608/2166
f 1516/1608/2167 873/1100/2167 1142/1614/2167
f 1515/1609/2168 1142/1614/2168 1143/1615/2168
f 1515/1609/2169 1144/1616/2169 1514/1607/2169
f 1514/1607/2170 884/1617/2170 982/1230/2170
f 1511/1603/2171 982/1230/2171 981/1228/2171
f 1508/1604/2172 981/1228/2172 980/1227/2172
f 1517/1618/2173 1521/1619/2173 1520/1620/2173
f 1519/1621/2174 1521/1619/2174 1518/1622/2174
f 1520/1620/2175 1524/1623/2175 1523/1624/2175
f 1522/1625/2176 1524/1623/2176 1521/1619/2176
f 884/1262/2177 1517/1618/2177 989/1261/2177
f 1144/1626/2178 1518/1622/2178 1517/1618/2178
f 1142/1627/2179 1518/1622/2179 1143/1628/2179
f 873/1629/2180 1519/1621/2180 1142/1627/2180
f 949/1137/2181 1522/1625/2181 1519/1621/2181
f 948/1135/2182 1525/1630/2182 1522/1625/2182
f 947/1134/2183 1145/1039/2183 1525/1630/2183
f 1525/1630/2184 1146/1053/2184 1524/1623/2184
f 1523/1624/2185 1146/1053/2185 1147/1052/2185
f 991/1249/2186 1147/1052/2186 882/1051/2186
f 990/1263/2187 1523/1624/2187 991/1249/2187
f 989/1261/2188 1520/1620/2188 990/1263/2188
f 1527/1631/2189 1529/1632/2189 1526/1633/2189
f 1527/1631/2190 1531/1634/2190 1530/1635/2190
f 1530/1635/2191 1532/1636/2191 1529/1632/2191
f 1530/1635/2192 1534/1637/2192 1533/1638/2192
f 1148/978/2193 938/1111/2193 868/979/2193
f 1149/977/2194 1526/1633/2194 1148/978/2194
f 1149/977/2195 1528/1639/2195 1527/1631/2195
f 1150/976/2196 952/1156/2196 1528/1639/2196
f 1528/1639/2197 951/1170/2197 1531/1634/2197
f 1531/1634/2198 950/1168/2198 1534/1637/2198
f 1534/1637/2199 880/1169/2199 1151/1640/2199
f 1533/1638/2200 1151/1640/2200 1152/1641/2200
f 1533/1638/2201 1153/1642/2201 1532/1636/2201
f 1532/1636/2202 872/1643/2202 940/1114/2202
f 1529/1632/2203 940/1114/2203 939/1112/2203
f 1526/1633/2204 939/1112/2204 938/1111/2204
f 1535/1644/2205 1539/1645/2205 1538/1646/2205
f 1537/1647/2206 1539/1645/2206 1536/1648/2206
f 1538/1646/2207 1542/1649/2207 1541/1650/2207
f 1540/1651/2208 1542/1649/2208 1539/1645/2208
f 872/1146/2209 1535/1644/2209 944/1145/2209
f 1153/1652/2210 1536/1648/2210 1535/1644/2210
f 1151/1653/2211 1536/1648/2211 1152/1654/2211
f 880/1655/2212 1537/1647/2212 1151/1653/2212
f 976/1206/2213 1540/1651/2213 1537/1647/2213
f 975/1204/2214 1543/1656/2214 1540/1651/2214
f 974/1203/2215 1154/1041/2215 1543/1656/2215
f 1543/1656/2216 1155/1042/2216 1542/1649/2216
f 1541/1650/2217 1155/1042/2217 1156/1040/2217
f 946/1133/2218 1156/1040/2218 869/1038/2218
f 945/1147/2219 1541/1650/2219 946/1133/2219
f 944/1145/2220 1538/1646/2220 945/1147/2220
f 1545/1657/2221 1547/1658/2221 1544/1659/2221
f 1545/1657/2222 1549/1660/2222 1548/1661/2222
f 1548/1661/2223 1550/1662/2223 1547/1658/2223
f 1548/1661/2224 1552/1663/2224 1551/1664/2224
f 1157/1022/2225 965/1180/2225 875/1023/2225
f 1158/1665/2226 1544/1659/2226 1157/1022/2226
f 1158/1665/2227 1546/1666/2227 1545/1657/2227
f 1159/1020/2228 1006/1295/2228 1546/1666/2228
f 1546/1666/2229 1005/1309/2229 1549/1660/2229
f 1549/1660/2230 1004/1307/2230 1552/1663/2230
f 1552/1663/2231 894/1308/2231 1160/1667/2231
f 1551/1664/2232 1160/1667/2232 1161/1668/2232
f 1551/1664/2233 1162/1669/2233 1550/1662/2233
f 1550/1662/2234 879/1670/2234 967/1183/2234
f 1547/1658/2235 967/1183/2235 966/1181/2235
f 1544/1659/2236 966/1181/2236 965/1180/2236
f 1553/1671/2237 1557/1672/2237 1556/1673/2237
f 1555/1674/2238 1557/1672/2238 1554/1675/2238
f 1556/1673/2239 1560/1676/2239 1559/1677/2239
f 1558/1678/2240 1560/1676/2240 1557/1672/2240
f 879/1215/2241 1553/1671/2241 971/1214/2241
f 1162/1679/2242 1554/1675/2242 1553/1671/2242
f 1160/1680/2243 1554/1675/2243 1161/1681/2243
f 894/1682/2244 1555/1674/2244 1160/1680/2244
f 1030/1345/2245 1558/1678/2245 1555/1674/2245
f 1029/1343/2246 1561/1683/2246 1558/1678/2246
f 1028/1342/2247 1163/1046/2247 1561/1683/2247
f 1561/1683/2248 1164/1684/2248 1560/1676/2248
f 1559/1677/2249 1164/1684/2249 1165/1044/2249
f 973/1202/2250 1165/1044/2250 876/1043/2250
f 972/1216/2251 1559/1677/2251 973/1202/2251
f 971/1214/2252 1556/1673/2252 972/1216/2252
f 1563/1685/2253 1565/1686/2253 1562/1687/2253
f 1563/1685/2254 1567/1688/2254 1566/1689/2254
f 1566/1689/2255 1568/1690/2255 1565/1686/2255
f 1566/1689/2256 1570/1691/2256 1569/1692/2256
f 1166/1065/2257 1019/1319/2257 889/1067/2257
f 1167/1066/2258 1562/1687/2258 1166/1065/2258
f 1167/1066/2259 1564/1693/2259 1563/1685/2259
f 1168/1064/2260 1000/1272/2260 1564/1693/2260
f 1564/1693/2261 999/1286/2261 1567/1688/2261
f 1567/1688/2262 998/1284/2262 1570/1691/2262
f 1570/1691/2263 886/1285/2263 1169/1694/2263
f 1569/1692/2264 1169/1694/2264 1170/1695/2264
f 1569/1692/2265 1171/1696/2265 1568/1690/2265
f 1568/1690/2266 893/1354/2266 1021/1322/2266
f 1565/1686/2267 1021/1322/2267 1020/1320/2267
f 1562/1687/2268 1020/1320/2268 1019/1319/2268
f 1571/1697/2269 1575/1698/2269 1574/1699/2269
f 1573/1700/2270 1575/1698/2270 1572/1701/2270
f 1574/1699/2271 1578/1702/2271 1577/1703/2271
f 1576/1704/2272 1578/1702/2272 1575/1698/2272
f 893/1354/2273 1571/1697/2273 1025/1353/2273
f 1171/1696/2274 1572/1701/2274 1571/1697/2274
f 1169/1694/2275 1572/1701/2275 1170/1695/2275
f 886/1285/2276 1573/1700/2276 1169/1694/2276
f 994/1253/2277 1576/1704/2277 1573/1700/2277
f 993/1251/2278 1579/1705/2278 1576/1704/2278
f 992/1250/2279 1172/1050/2279 1579/1705/2279
f 1579/1705/2280 1173/1049/2280 1578/1702/2280
f 1577/1703/2281 1173/1049/2281 1174/1048/2281
f 1027/1341/2282 1174/1048/2282 890/1047/2282
f 1026/1355/2283 1577/1703/2283 1027/1341/2283
f 1025/1353/2284 1574/1699/2284 1026/1355/2284
f 1581/1706/2285 1583/1707/2285 1580/1708/2285
f 1581/1706/2286 1585/1709/2286 1584/1710/2286
f 1584/1710/2287 1586/1711/2287 1583/1707/2287
f 1584/1710/2288 1588/1712/2288 1587/1713/2288
f 1175/1714/2289 1088/1489/2289 909/1487/2289
f 1176/1715/2290 1580/1708/2290 1175/1714/2290
f 1176/1715/2291 1582/1716/2291 1581/1706/2291
f 1177/1717/2292 979/1226/2292 1582/1716/2292
f 1582/1716/2293 978/1240/2293 1585/1709/2293
f 1585/1709/2294 977/1238/2294 1588/1712/2294
f 1588/1712/2295 887/1239/2295 1178/1718/2295
f 1587/1713/2296 1178/1718/2296 1179/1719/2296
f 1587/1713/2297 1180/1720/2297 1586/1711/2297
f 1586/1711/2298 912/1721/2298 1090/1492/2298
f 1583/1707/2299 1090/1492/2299 1089/1490/2299
f 1580/1708/2300 1089/1490/2300 1088/1489/2300
f 1589/1722/2301 1593/1723/2301 1592/1724/2301
f 1591/1725/2302 1593/1723/2302 1590/1726/2302
f 1592/1724/2303 1596/1727/2303 1595/1728/2303
f 1594/1729/2304 1596/1727/2304 1593/1723/2304
f 912/1523/2305 1589/1722/2305 1097/1522/2305
f 1180/1730/2306 1590/1726/2306 1589/1722/2306
f 1178/1731/2307 1590/1726/2307 1179/1732/2307
f 887/1733/2308 1591/1725/2308 1178/1731/2308
f 1003/1276/2309 1594/1729/2309 1591/1725/2309
f 1002/1274/2310 1597/1734/2310 1594/1729/2310
f 1001/1273/2311 1181/1063/2311 1597/1734/2311
f 1597/1734/2312 1182/1077/2312 1596/1727/2312
f 1595/1728/2313 1182/1077/2313 1183/1076/2313
f 1099/1511/2314 1183/1076/2314 910/1075/2314
f 1098/1524/2315 1595/1728/2315 1099/1511/2315
f 1097/1522/2316 1592/1724/2316 1098/1524/2316
f 1599/1735/2317 1601/1736/2317 1598/1737/2317
f 1599/1735/2318 1603/1738/2318 1602/1739/2318
f 1602/1739/2319 1604/1740/2319 1601/1736/2319
f 1602/1739/2320 1606/1741/2320 1605/1742/2320
f 1184/1017/2321 1007/1296/2321 888/1019/2321
f 1185/1018/2322 1598/1737/2322 1184/1017/2322
f 1185/1018/2323 1600/1743/2323 1599/1735/2323
f 1186/1016/2324 1114/1549/2324 1600/1743/2324
f 1600/1743/2325 1113/1563/2325 1603/1738/2325
f 1603/1738/2326 1112/1561/2326 1606/1741/2326
f 1606/1741/2327 922/1562/2327 1187/1744/2327
f 1605/1742/2328 1187/1744/2328 1188/1745/2328
f 1605/1742/2329 1189/1746/2329 1604/1740/2329
f 1604/1740/2330 891/1747/2330 1009/1299/2330
f 1601/1736/2331 1009/1299/2331 1008/1297/2331
f 1598/1737/2332 1008/1297/2332 1007/1296/2332
f 1607/1748/2333 1611/1749/2333 1610/1750/2333
f 1609/1751/2334 1611/1749/2334 1608/1752/2334
f 1610/1750/2335 1614/1753/2335 1613/1754/2335
f 1612/1755/2336 1614/1753/2336 1611/1749/2336
f 891/1331/2337 1607/1748/2337 1016/1330/2337
f 1189/1756/2338 1608/1752/2338 1607/1748/2338
f 1187/1757/2339 1608/1752/2339 1188/1758/2339
f 922/1759/2340 1609/1751/2340 1187/1757/2340
f 1138/1595/2341 1612/1755/2341 1609/1751/2341
f 1137/1593/2342 1615/1760/2342 1612/1755/2342
f 1136/1592/2343 1190/1070/2343 1615/1760/2343
f 1615/1760/2344 1191/1761/2344 1614/1753/2344
f 1613/1754/2345 1191/1761/2345 1192/1068/2345
f 1018/1318/2346 1192/1068/2346 889/1067/2346
f 1017/1332/2347 1613/1754/2347 1018/1318/2347
f 1016/1330/2348 1610/1750/2348 1017/1332/2348
f 1617/1762/2349 1619/1763/2349 1616/1764/2349
f 1617/1762/2350 1621/1765/2350 1620/1766/2350
f 1620/1766/2351 1622/1767/2351 1619/1763/2351
f 1620/1766/2352 1624/1768/2352 1623/1769/2352
f 1193/993/2353 1127/1573/2353 917/995/2353
f 1194/994/2354 1616/1764/2354 1193/993/2354
f 1194/994/2355 1618/1770/2355 1617/1762/2355
f 1195/992/2356 1108/1533/2356 1618/1770/2356
f 1618/1770/2357 1107/1540/2357 1621/1765/2357
f 1621/1765/2358 1106/1538/2358 1624/1768/2358
f 1624/1768/2359 914/1539/2359 1196/1771/2359
f 1623/1769/2360 1196/1771/2360 1197/1772/2360
f 1623/1769/2361 1198/1773/2361 1622/1767/2361
f 1622/1767/2362 921/1600/2362 1129/1576/2362
f 1619/1763/2363 1129/1576/2363 1128/1574/2363
f 1616/1764/2364 1128/1574/2364 1127/1573/2364
f 1625/1774/2365 1629/1775/2365 1628/1776/2365
f 1627/1777/2366 1629/1775/2366 1626/1778/2366
f 1628/1776/2367 1632/1779/2367 1631/1780/2367
f 1630/1781/2368 1632/1779/2368 1629/1775/2368
f 921/1600/2369 1625/1774/2369 1133/1599/2369
f 1198/1773/2370 1626/1778/2370 1625/1774/2370
f 1196/1771/2371 1626/1778/2371 1197/1772/2371
f 914/1539/2372 1627/1777/2372 1196/1771/2372
f 1102/1515/2373 1630/1781/2373 1627/1777/2373
f 1101/1513/2374 1633/1782/2374 1630/1781/2374
f 1100/1512/2375 1199/1074/2375 1633/1782/2375
f 1633/1782/2376 1200/1073/2376 1632/1779/2376
f 1631/1780/2377 1200/1073/2377 1201/1072/2377
f 1135/1591/2378 1201/1072/2378 918/1071/2378
f 1134/1601/2379 1631/1780/2379 1135/1591/2379
f 1133/1599/2380 1628/1776/2380 1134/1601/2380
f 1635/1783/2381 1637/1784/2381 1634/1785/2381
f 1635/1783/2382 1639/1786/2382 1638/1787/2382
f 1638/1787/2383 1640/1788/2383 1637/1784/2383
f 1638/1787/2384 1642/1789/2384 1641/1790/2384
f 1202/1791/2385 1034/1366/2385 895/1364/2385
f 1203/1792/2386 1634/1785/2386 1202/1791/2386
f 1203/1792/2387 1636/1793/2387 1635/1783/2387
f 1204/1794/2388 1087/1488/2388 1636/1793/2388
f 1636/1793/2389 1086/1502/2389 1639/1786/2389
f 1639/1786/2390 1085/1500/2390 1642/1789/2390
f 1642/1789/2391 915/1501/2391 1205/1795/2391
f 1641/1790/2392 1205/1795/2392 1206/1796/2392
f 1641/1790/2393 1207/1797/2393 1640/1788/2393
f 1640/1788/2394 898/1397/2394 1036/1369/2394
f 1637/1784/2395 1036/1369/2395 1035/1367/2395
f 1634/1785/2396 1035/1367/2396 1034/1366/2396
f 1643/1798/2397 1647/1799/2397 1646/1800/2397
f 1645/1801/2398 1647/1799/2398 1644/1802/2398
f 1646/1800/2399 1650/1803/2399 1649/1804/2399
f 1648/1805/2400 1650/1803/2400 1647/1799/2400
f 898/1397/2401 1643/1798/2401 1043/1396/2401
f 1207/1797/2402 1644/1802/2402 1643/1798/2402
f 1205/1795/2403 1644/1802/2403 1206/1796/2403
f 915/1501/2404 1645/1801/2404 1205/1795/2404
f 1111/1537/2405 1648/1805/2405 1645/1801/2405
f 1110/1535/2406 1651/1806/2406 1648/1805/2406
f 1109/1534/2407 1208/991/2407 1651/1806/2407
f 1651/1806/2408 1209/1005/2408 1650/1803/2408
f 1649/1804/2409 1209/1005/2409 1210/1004/2409
f 1045/1388/2410 1210/1004/2410 896/1003/2410
f 1044/1398/2411 1649/1804/2411 1045/1388/2411
f 1043/1396/2412 1646/1800/2412 1044/1398/2412
f 1653/1807/2413 1655/1808/2413 1652/1809/2413
f 1653/1807/2414 1657/1810/2414 1656/1811/2414
f 1656/1811/2415 1658/1812/2415 1655/1808/2415
f 1656/1811/2416 1660/1813/2416 1659/1814/2416
f 1211/1015/2417 1115/1550/2417 916/1014/2417
f 1212/1029/2418 1652/1809/2418 1211/1015/2418
f 1212/1029/2419 1654/1815/2419 1653/1807/2419
f 1213/1028/2420 1060/1426/2420 1654/1815/2420
f 1654/1815/2421 1059/1440/2421 1657/1810/2421
f 1657/1810/2422 1058/1438/2422 1660/1813/2422
f 1660/1813/2423 908/1439/2423 1214/1816/2423
f 1659/1814/2424 1214/1816/2424 1215/1817/2424
f 1659/1814/2425 1216/1818/2425 1658/1812/2425
f 1658/1812/2426 919/1581/2426 1117/1553/2426
f 1655/1808/2427 1117/1553/2427 1116/1551/2427
f 1652/1809/2428 1116/1551/2428 1115/1550/2428
f 1661/1819/2429 1665/1820/2429 1664/1821/2429
f 1663/1822/2430 1665/1820/2430 1662/1823/2430
f 1664/1821/2431 1668/1824/2431 1667/1825/2431
f 1666/1826/2432 1668/1824/2432 1665/1820/2432
f 919/1581/2433 1661/1819/2433 1124/1580/2433
f 1216/1818/2434 1662/1823/2434 1661/1819/2434
f 1214/1816/2435 1662/1823/2435 1215/1817/2435
f 908/1439/2436 1663/1822/2436 1214/1816/2436
f 1084/1475/2437 1666/1826/2437 1663/1822/2437
f 1083/1473/2438 1669/1827/2438 1666/1826/2438
f 1082/1472/2439 1217/998/2439 1669/1827/2439
f 1669/1827/2440 1218/1828/2440 1668/1824/2440
f 1667/1825/2441 1218/1828/2441 1219/996/2441
f 1126/1572/2442 1219/996/2442 917/995/2442
f 1125/1582/2443 1667/1825/2443 1126/1572/2443
f 1124/1580/2444 1664/1821/2444 1125/1582/2444
f 1671/1829/2445 1673/1830/2445 1670/1831/2445
f 1671/1829/2446 1675/1832/2446 1674/1833/2446
f 1674/1833/2447 1676/1834/2447 1673/1830/2447
f 1674/1833/2448 1678/1835/2448 1677/1836/2448
f 1220/969/2449 1073/1450/2449 903/971/2449
f 1221/970/2450 1670/1831/2450 1220/969/2450
f 1221/970/2451 1672/1837/2451 1671/1829/2451
f 1222/968/2452 1054/1407/2452 1672/1837/2452
f 1672/1837/2453 1053/1417/2453 1675/1832/2453
f 1675/1832/2454 1052/1415/2454 1678/1835/2454
f 1678/1835/2455 900/1416/2455 1223/1838/2455
f 1677/1836/2456 1223/1838/2456 1224/1839/2456
f 1677/1836/2457 1225/1840/2457 1676/1834/2457
f 1676/1834/2458 907/1477/2458 1075/1453/2458
f 1673/1830/2459 1075/1453/2459 1074/1451/2459
f 1670/1831/2460 1074/1451/2460 1073/1450/2460
f 1679/1841/2461 1683/1842/2461 1682/1843/2461
f 1681/1844/2462 1683/1842/2462 1680/1845/2462
f 1682/1843/2463 1686/1846/2463 1685/1847/2463
f 1684/1848/2464 1686/1846/2464 1683/1842/2464
f 907/1477/2465 1679/1841/2465 1079/1476/2465
f 1225/1840/2466 1680/1845/2466 1679/1841/2466
f 1223/1838/2467 1680/1845/2467 1224/1839/2467
f 900/1416/2468 1681/1844/2468 1223/1838/2468
f 1048/1392/2469 1684/1848/2469 1681/1844/2469
f 1047/1390/2470 1687/1849/2470 1684/1848/2470
f 1046/1389/2471 1226/1002/2471 1687/1849/2471
f 1687/1849/2472 1227/1001/2472 1686/1846/2472
f 1685/1847/2473 1227/1001/2473 1228/1000/2473
f 1081/1471/2474 1228/1000/2474 904/999/2474
f 1080/1478/2475 1685/1847/2475 1081/1471/2475
f 1079/1476/2476 1682/1843/2476 1080/1478/2476
f 1689/1850/2477 1691/1851/2477 1688/1852/2477
f 1689/1850/2478 1693/1853/2478 1692/1854/2478
f 1692/1854/2479 1694/1855/2479 1691/1851/2479
f 1692/1854/2480 1696/1856/2480 1695/1857/2480
f 1229/1858/2481 926/1088/2481 867/1086/2481
f 1230/1859/2482 1688/1852/2482 1229/1858/2482
f 1230/1859/2483 1690/1860/2483 1689/1850/2483
f 1231/1861/2484 1033/1365/2484 1690/1860/2484
f 1690/1860/2485 1032/1379/2485 1693/1853/2485
f 1693/1853/2486 1031/1377/2486 1696/1856/2486
f 1696/1856/2487 901/1378/2487 1232/1862/2487
f 1695/1857/2488 1232/1862/2488 1233/1863/2488
f 1695/1857/2489 1234/1864/2489 1694/1855/2489
f 1694/1855/2490 870/1865/2490 928/1091/2490
f 1691/1851/2491 928/1091/2491 927/1089/2491
f 1688/1852/2492 927/1089/2492 926/1088/2492
f 1697/1866/2493 1701/1867/2493 1700/1868/2493
f 1699/1869/2494 1701/1867/2494 1698/1870/2494
f 1700/1868/2495 1704/1871/2495 1703/1872/2495
f 1702/1873/2496 1704/1871/2496 1701/1867/2496
f 870/1123/2497 1697/1866/2497 935/1122/2497
f 1234/1874/2498 1698/1870/2498 1697/1866/2498
f 1232/1875/2499 1698/1870/2499 1233/1876/2499
f 901/1877/2500 1699/1869/2500 1232/1875/2500
f 1057/1411/2501 1702/1873/2501 1699/1869/2501
f 1056/1409/2502 1705/1878/2502 1702/1873/2502
f 1055/1408/2503 1235/967/2503 1705/1878/2503
f 1705/1878/2504 1236/981/2504 1704/1871/2504
f 1703/1872/2505 1236/981/2505 1237/980/2505
f 937/1110/2506 1237/980/2506 868/979/2506
f 936/1124/2507 1703/1872/2507 937/1110/2507
f 935/1122/2508 1700/1868/2508 936/1124/2508
f 1707/1879/2509 1709/1880/2509 1706/1881/2509
f 1707/1879/2510 1711/1882/2510 1710/1883/2510
f 1710/1883/2511 1712/1884/2511 1709/1880/2511
f 1710/1883/2512 1714/1885/2512 1713/1886/2512
f 1238/1026/2513 1061/1427/2513 902/1027/2513
f 1239/1025/2514 1706/1881/2514 1238/1026/2514
f 1239/1025/2515 1708/1887/2515 1707/1879/2515
f 1240/1024/2516 964/1179/2516 1708/1887/2516
f 1708/1887/2517 963/1193/2517 1711/1882/2517
f 1711/1882/2518 962/1191/2518 1714/1885/2518
f 1714/1885/2519 877/1192/2519 1241/1888/2519
f 1713/1886/2520 1241/1888/2520 1242/1889/2520
f 1713/1886/2521 1243/1890/2521 1712/1884/2521
f 1712/1884/2522 905/1891/2522 1063/1430/2522
f 1709/1880/2523 1063/1430/2523 1062/1428/2523
f 1706/1881/2524 1062/1428/2524 1061/1427/2524
f 1715/1892/2525 1719/1893/2525 1718/1894/2525
f 1717/1895/2526 1719/1893/2526 1716/1896/2526
f 1718/1894/2527 1722/1897/2527 1721/1898/2527
f 1720/1899/2528 1722/1897/2528 1719/1893/2528
f 905/1461/2529 1715/1892/2529 1070/1460/2529
f 1243/1900/2530 1716/1896/2530 1715/1892/2530
f 1241/1901/2531 1716/1896/2531 1242/1902/2531
f 877/1903/2532 1717/1895/2532 1241/1901/2532
f 955/1160/2533 1720/1899/2533 1717/1895/2533
f 954/1158/2534 1723/1904/2534 1720/1899/2534
f 953/1157/2535 1244/974/2535 1723/1904/2535
f 1723/1904/2536 1245/1905/2536 1722/1897/2536
f 1721/1898/2537 1245/1905/2537 1246/972/2537
f 1072/1449/2538 1246/972/2538 903/971/2538
f 1071/1462/2539 1721/1898/2539 1072/1449/2539
f 1070/1460/2540 1718/1894/2540 1071/1462/2540
f 1724/1906/2541 1728/1907/2541 1727/1908/2541
f 1726/1909/2542 1728/1907/2542 1725/1910/2542
f 1728/1907/2543 1730/1911/2543 1727/1908/2543
f 1728/1907/2544 1732/1912/2544 1731/1913/2544
f 881/1225/2545 1724/1906/2545 1139/1610/2545
f 1177/1717/2546 1725/1910/2546 1724/1906/2546
f 1175/1714/2547 1725/1910/2547 1176/1715/2547
f 909/1487/2548 1726/1909/2548 1175/1714/2548
f 1204/1794/2549 1729/1914/2549 1726/1909/2549
f 1729/1914/2550 1202/1791/2550 1732/1912/2550
f 1732/1912/2551 895/1364/2551 1231/1861/2551
f 1731/1913/2552 1231/1861/2552 1230/1859/2552
f 1731/1913/2553 1229/1858/2553 1730/1911/2553
f 1730/1911/2554 867/1086/2554 1141/1613/2554
f 1727/1908/2555 1141/1613/2555 1140/1611/2555
f 1139/1610/2556 1727/1908/2556 1140/1611/2556
f 1247/958/1693 1248/962/1693 1251/959/1693
f 1249/961/1694 1252/973/1694 1251/959/1694
f 1251/959/1695 1254/965/1695 1253/963/1695
f 1251/959/1696 1252/973/1696 1255/964/1696
f 897/966/2557 1222/968/2557 1247/958/2557
f 1222/968/1698 1221/970/1698 1248/962/1698
f 1220/969/1699 1249/961/1699 1248/962/1699
f 903/971/2558 1246/972/2558 1249/961/2558
f 1246/972/1701 1245/1905/1701 1252/973/1701
f 1252/973/2559 1245/1905/2559 1244/974/2559
f 1255/964/2560 1244/974/2560 874/975/2560
f 1254/965/1704 1255/964/1704 1150/976/1704
f 1254/965/1705 1149/977/1705 1148/978/1705
f 1253/963/2561 1148/978/2561 868/979/2561
f 1250/960/2562 1253/963/2562 1237/980/2562
f 1235/967/1708 1247/958/1708 1250/960/1708
f 1256/982/2563 1257/986/2563 1260/983/2563
f 1258/985/2564 1261/997/2564 1260/983/2564
f 1260/983/2565 1263/989/2565 1262/987/2565
f 1260/983/2566 1261/997/2566 1264/988/2566
f 911/990/2567 1195/992/2567 1256/982/2567
f 1195/992/2568 1194/994/2568 1257/986/2568
f 1193/993/2569 1258/985/2569 1257/986/2569
f 917/995/2570 1219/996/2570 1258/985/2570
f 1219/996/2571 1218/1828/2571 1261/997/2571
f 1261/997/2572 1218/1828/2572 1217/998/2572
f 1264/988/2573 1217/998/2573 904/999/2573
f 1263/989/2574 1264/988/2574 1228/1000/2574
f 1263/989/2575 1227/1001/2575 1226/1002/2575
f 1262/987/2576 1226/1002/2576 896/1003/2576
f 1259/984/2577 1262/987/2577 1210/1004/2577
f 1208/991/2578 1256/982/2578 1259/984/2578
f 1265/1006/2579 1266/1010/2579 1269/1007/2579
f 1267/1009/2580 1270/1021/2580 1269/1007/2580
f 1269/1007/2581 1272/1013/2581 1271/1011/2581
f 1269/1007/2582 1270/1021/2582 1273/1012/2582
f 916/1014/2583 1186/1016/2583 1265/1006/2583
f 1186/1016/2584 1185/1018/2584 1266/1010/2584
f 1184/1017/2585 1267/1009/2585 1266/1010/2585
f 888/1019/2586 1159/1020/2586 1267/1009/2586
f 1159/1020/2587 1158/1665/2587 1270/1021/2587
f 1270/1021/2588 1158/1665/2588 1157/1022/2588
f 1273/1012/2589 1157/1022/2589 875/1023/2589
f 1272/1013/2590 1273/1012/2590 1240/1024/2590
f 1272/1013/2591 1239/1025/2591 1238/1026/2591
f 1271/1011/2592 1238/1026/2592 902/1027/2592
f 1268/1008/2593 1271/1011/2593 1213/1028/2593
f 1211/1015/2594 1265/1006/2594 1268/1008/2594
f 1274/1030/2595 1275/1034/2595 1278/1031/2595
f 1276/1033/2596 1279/1045/2596 1278/1031/2596
f 1278/1031/2597 1281/1037/2597 1280/1035/2597
f 1278/1031/2598 1279/1045/2598 1282/1036/2598
f 869/1038/2599 1156/1040/2599 1274/1030/2599
f 1156/1040/2600 1155/1042/2600 1275/1034/2600
f 1154/1041/2601 1276/1033/2601 1275/1034/2601
f 876/1043/2602 1165/1044/2602 1276/1033/2602
f 1165/1044/2603 1164/1684/2603 1279/1045/2603
f 1279/1045/2604 1164/1684/2604 1163/1046/2604
f 1282/1036/2605 1163/1046/2605 890/1047/2605
f 1281/1037/2606 1282/1036/2606 1174/1048/2606
f 1281/1037/2607 1173/1049/2607 1172/1050/2607
f 1280/1035/2608 1172/1050/2608 882/1051/2608
f 1277/1032/2609 1280/1035/2609 1147/1052/2609
f 1145/1039/2610 1274/1030/2610 1277/1032/2610
f 1283/1054/1757 1284/1058/1757 1287/1055/1757
f 1285/1057/1758 1288/1069/1758 1287/1055/1758
f 1287/1055/1759 1290/1061/1759 1289/1059/1759
f 1287/1055/1760 1288/1069/1760 1291/1060/1760
f 883/1062/2611 1168/1064/2611 1283/1054/2611
f 1168/1064/1762 1167/1066/1762 1284/1058/1762
f 1166/1065/1763 1285/1057/1763 1284/1058/1763
f 889/1067/2612 1192/1068/2612 1285/1057/2612
f 1192/1068/1765 1191/1761/1765 1288/1069/1765
f 1288/1069/2613 1191/1761/2613 1190/1070/2613
f 1291/1060/2614 1190/1070/2614 918/1071/2614
f 1290/1061/1768 1291/1060/1768 1201/1072/1768
f 1290/1061/1769 1200/1073/1769 1199/1074/1769
f 1289/1059/2615 1199/1074/2615 910/1075/2615
f 1286/1056/2616 1289/1059/2616 1183/1076/2616
f 1181/1063/1772 1283/1054/1772 1286/1056/1772
f 1292/1078/2617 1293/1081/2617 1296/1079/2617
f 1293/1081/2618 1294/1090/2618 1297/1082/2618
f 1295/1080/2619 1296/1079/2619 1299/1083/2619
f 1296/1079/2620 1297/1082/2620 1300/1085/2620
f 867/1086/2621 926/1088/2621 1292/1078/2621
f 926/1088/2622 927/1089/2622 1293/1081/2622
f 927/1089/2623 928/1091/2623 1294/1090/2623
f 928/1091/2624 870/1865/2624 929/1092/2624
f 1294/1090/2625 929/1092/2625 930/1093/2625
f 1297/1082/2626 930/1093/2626 931/1094/2626
f 1300/1085/2627 931/1094/2627 871/1095/2627
f 1299/1083/2628 1300/1085/2628 932/1096/2628
f 1298/1084/2629 1299/1083/2629 933/1097/2629
f 923/1099/2630 1298/1084/2630 934/1098/2630
f 924/1101/2631 1295/1080/2631 1298/1084/2631
f 925/1087/2632 1292/1078/2632 1295/1080/2632
f 1301/1102/2633 1302/1105/2633 1305/1103/2633
f 1302/1105/2634 1303/1113/2634 1306/1106/2634
f 1304/1104/2635 1305/1103/2635 1308/1107/2635
f 1305/1103/2636 1306/1106/2636 1309/1109/2636
f 868/979/2637 938/1111/2637 1301/1102/2637
f 938/1111/2638 939/1112/2638 1302/1105/2638
f 939/1112/2639 940/1114/2639 1303/1113/2639
f 940/1114/2640 872/1643/2640 941/1115/2640
f 1303/1113/2641 941/1115/2641 942/1116/2641
f 1306/1106/2642 942/1116/2642 943/1117/2642
f 1309/1109/2643 943/1117/2643 871/1118/2643
f 1308/1107/2644 1309/1109/2644 931/1119/2644
f 1307/1108/2645 1308/1107/2645 930/1120/2645
f 935/1122/2646 1307/1108/2646 929/1121/2646
f 936/1124/2647 1304/1104/2647 1307/1108/2647
f 937/1110/2648 1301/1102/2648 1304/1104/2648
f 1310/1125/2649 1311/1128/2649 1314/1126/2649
f 1311/1128/2650 1312/1136/2650 1315/1129/2650
f 1313/1127/2651 1314/1126/2651 1317/1130/2651
f 1314/1126/2652 1315/1129/2652 1318/1132/2652
f 869/1038/2653 947/1134/2653 1310/1125/2653
f 947/1134/2654 948/1135/2654 1311/1128/2654
f 948/1135/2655 949/1137/2655 1312/1136/2655
f 949/1137/2656 873/1629/2656 934/1138/2656
f 1312/1136/2657 934/1138/2657 933/1139/2657
f 1315/1129/2658 933/1139/2658 932/1140/2658
f 1318/1132/2659 932/1140/2659 871/1141/2659
f 1317/1130/2660 1318/1132/2660 943/1142/2660
f 1316/1131/2661 1317/1130/2661 942/1143/2661
f 944/1145/2662 1316/1131/2662 941/1144/2662
f 945/1147/2663 1313/1127/2663 1316/1131/2663
f 946/1133/2664 1310/1125/2664 1313/1127/2664
f 1319/1148/2665 1320/1151/2665 1323/1149/2665
f 1320/1151/2666 1321/1159/2666 1324/1152/2666
f 1322/1150/2667 1323/1149/2667 1326/1153/2667
f 1323/1149/2668 1324/1152/2668 1327/1155/2668
f 874/975/2669 953/1157/2669 1319/1148/2669
f 953/1157/2670 954/1158/2670 1320/1151/2670
f 954/1158/2671 955/1160/2671 1321/1159/2671
f 955/1160/2672 877/1903/2672 956/1161/2672
f 1321/1159/2673 956/1161/2673 957/1162/2673
f 1324/1152/2674 957/1162/2674 958/1163/2674
f 1327/1155/2675 958/1163/2675 878/1164/2675
f 1326/1153/2676 1327/1155/2676 959/1165/2676
f 1325/1154/2677 1326/1153/2677 960/1166/2677
f 950/1168/2678 1325/1154/2678 961/1167/2678
f 951/1170/2679 1322/1150/2679 1325/1154/2679
f 952/1156/2680 1319/1148/2680 1322/1150/2680
f 1328/1171/2681 1329/1174/2681 1332/1172/2681
f 1329/1174/2682 1330/1182/2682 1333/1175/2682
f 1331/1173/2683 1332/1172/2683 1335/1176/2683
f 1332/1172/2684 1333/1175/2684 1336/1178/2684
f 875/1023/2685 965/1180/2685 1328/1171/2685
f 965/1180/2686 966/1181/2686 1329/1174/2686
f 966/1181/2687 967/1183/2687 1330/1182/2687
f 967/1183/2688 879/1670/2688 968/1184/2688
f 1330/1182/2689 968/1184/2689 969/1185/2689
f 1333/1175/2690 969/1185/2690 970/1186/2690
f 1336/1178/2691 970/1186/2691 878/1187/2691
f 1335/1176/2692 1336/1178/2692 958/1188/2692
f 1334/1177/2693 1335/1176/2693 957/1189/2693
f 962/1191/2694 1334/1177/2694 956/1190/2694
f 963/1193/2695 1331/1173/2695 1334/1177/2695
f 964/1179/2696 1328/1171/2696 1331/1173/2696
f 1337/1194/2697 1338/1197/2697 1341/1195/2697
f 1338/1197/2698 1339/1205/2698 1342/1198/2698
f 1340/1196/2699 1341/1195/2699 1344/1199/2699
f 1341/1195/2700 1342/1198/2700 1345/1201/2700
f 876/1043/2701 974/1203/2701 1337/1194/2701
f 974/1203/2702 975/1204/2702 1338/1197/2702
f 975/1204/2703 976/1206/2703 1339/1205/2703
f 976/1206/2704 880/1655/2704 961/1207/2704
f 1339/1205/2705 961/1207/2705 960/1208/2705
f 1342/1198/2706 960/1208/2706 959/1209/2706
f 1345/1201/2707 959/1209/2707 878/1210/2707
f 1344/1199/2708 1345/1201/2708 970/1211/2708
f 1343/1200/2709 1344/1199/2709 969/1212/2709
f 971/1214/2710 1343/1200/2710 968/1213/2710
f 972/1216/2711 1340/1196/2711 1343/1200/2711
f 973/1202/2712 1337/1194/2712 1340/1196/2712
f 1346/1217/2713 1347/1220/2713 1350/1218/2713
f 1347/1220/2714 1348/1229/2714 1351/1221/2714
f 1349/1219/2715 1350/1218/2715 1353/1222/2715
f 1350/1218/2716 1351/1221/2716 1354/1224/2716
f 881/1225/2717 980/1227/2717 1346/1217/2717
f 980/1227/2718 981/1228/2718 1347/1220/2718
f 981/1228/2719 982/1230/2719 1348/1229/2719
f 982/1230/2720 884/1617/2720 983/1231/2720
f 1348/1229/2721 983/1231/2721 984/1232/2721
f 1351/1221/2722 984/1232/2722 985/1233/2722
f 1354/1224/2723 985/1233/2723 885/1234/2723
f 1353/1222/2724 1354/1224/2724 986/1235/2724
f 1352/1223/2725 1353/1222/2725 987/1236/2725
f 977/1238/2726 1352/1223/2726 988/1237/2726
f 978/1240/2727 1349/1219/2727 1352/1223/2727
f 979/1226/2728 1346/1217/2728 1349/1219/2728
f 1355/1241/2729 1356/1244/2729 1359/1242/2729
f 1356/1244/2730 1357/1252/2730 1360/1245/2730
f 1358/1243/2731 1359/1242/2731 1362/1246/2731
f 1359/1242/2732 1360/1245/2732 1363/1248/2732
f 882/1051/2733 992/1250/2733 1355/1241/2733
f 992/1250/2734 993/1251/2734 1356/1244/2734
f 993/1251/2735 994/1253/2735 1357/1252/2735
f 994/1253/2736 886/1285/2736 995/1254/2736
f 1357/1252/2737 995/1254/2737 996/1255/2737
f 1360/1245/2738 996/1255/2738 997/1256/2738
f 1363/1248/2739 997/1256/2739 885/1257/2739
f 1362/1246/2740 1363/1248/2740 985/1258/2740
f 1361/1247/2741 1362/1246/2741 984/1259/2741
f 989/1261/2742 1361/1247/2742 983/1260/2742
f 990/1263/2743 1358/1243/2743 1361/1247/2743
f 991/1249/2744 1355/1241/2744 1358/1243/2744
f 1364/1264/2745 1365/1267/2745 1368/1265/2745
f 1365/1267/2746 1366/1275/2746 1369/1268/2746
f 1367/1266/2747 1368/1265/2747 1371/1269/2747
f 1368/1265/2748 1369/1268/2748 1372/1271/2748
f 883/1062/2749 1001/1273/2749 1364/1264/2749
f 1001/1273/2750 1002/1274/2750 1365/1267/2750
f 1002/1274/2751 1003/1276/2751 1366/1275/2751
f 1003/1276/2752 887/1733/2752 988/1277/2752
f 1366/1275/2753 988/1277/2753 987/1278/2753
f 1369/1268/2754 987/1278/2754 986/1279/2754
f 1372/1271/2755 986/1279/2755 885/1280/2755
f 1371/1269/2756 1372/1271/2756 997/1281/2756
f 1370/1270/2757 1371/1269/2757 996/1282/2757
f 998/1284/2758 1370/1270/2758 995/1283/2758
f 999/1286/2759 1367/1266/2759 1370/1270/2759
f 1000/1272/2760 1364/1264/2760 1367/1266/2760
f 1373/1287/2761 1374/1290/2761 1377/1288/2761
f 1374/1290/2762 1375/1298/2762 1378/1291/2762
f 1376/1289/2763 1377/1288/2763 1380/1292/2763
f 1377/1288/2764 1378/1291/2764 1381/1294/2764
f 888/1019/2765 1007/1296/2765 1373/1287/2765
f 1007/1296/2766 1008/1297/2766 1374/1290/2766
f 1008/1297/2767 1009/1299/2767 1375/1298/2767
f 1009/1299/2768 891/1747/2768 1010/1300/2768
f 1375/1298/2769 1010/1300/2769 1011/1301/2769
f 1378/1291/2770 1011/1301/2770 1012/1302/2770
f 1381/1294/2771 1012/1302/2771 892/1303/2771
f 1380/1292/2772 1381/1294/2772 1013/1304/2772
f 1379/1293/2773 1380/1292/2773 1014/1305/2773
f 1004/1307/2774 1379/1293/2774 1015/1306/2774
f 1005/1309/2775 1376/1289/2775 1379/1293/2775
f 1006/1295/2776 1373/1287/2776 1376/1289/2776
f 1382/1310/2777 1383/1313/2777 1386/1311/2777
f 1383/1313/2778 1384/1321/2778 1387/1314/2778
f 1385/1312/2779 1386/1311/2779 1389/1315/2779
f 1386/1311/2780 1387/1314/2780 1390/1317/2780
f 889/1067/2781 1019/1319/2781 1382/1310/2781
f 1019/1319/2782 1020/1320/2782 1383/1313/2782
f 1020/1320/2783 1021/1322/2783 1384/1321/2783
f 1021/1322/2784 893/1354/2784 1022/1323/2784
f 1384/1321/2785 1022/1323/2785 1023/1324/2785
f 1387/1314/2786 1023/1324/2786 1024/1325/2786
f 1390/1317/2787 1024/1325/2787 892/1326/2787
f 1389/1315/2788 1390/1317/2788 1012/1327/2788
f 1388/1316/2789 1389/1315/2789 1011/1328/2789
f 1016/1330/2790 1388/1316/2790 1010/1329/2790
f 1017/1332/2791 1385/1312/2791 1388/1316/2791
f 1018/1318/2792 1382/1310/2792 1385/1312/2792
f 1391/1333/2793 1392/1336/2793 1395/1334/2793
f 1392/1336/2794 1393/1344/2794 1396/1337/2794
f 1394/1335/2795 1395/1334/2795 1398/1338/2795
f 1395/1334/2796 1396/1337/2796 1399/1340/2796
f 890/1047/2797 1028/1342/2797 1391/1333/2797
f 1028/1342/2798 1029/1343/2798 1392/1336/2798
f 1029/1343/2799 1030/1345/2799 1393/1344/2799
f 1030/1345/2800 894/1682/2800 1015/1346/2800
f 1393/1344/2801 1015/1346/2801 1014/1347/2801
f 1396/1337/2802 1014/1347/2802 1013/1348/2802
f 1399/1340/2803 1013/1348/2803 892/1349/2803
f 1398/1338/2804 1399/1340/2804 1024/1350/2804
f 1397/1339/2805 1398/1338/2805 1023/1351/2805
f 1025/1353/2806 1397/1339/2806 1022/1352/2806
f 1026/1355/2807 1394/1335/2807 1397/1339/2807
f 1027/1341/2808 1391/1333/2808 1394/1335/2808
f 1400/1356/2809 1401/1359/2809 1404/1357/2809
f 1401/1359/2810 1402/1368/2810 1405/1360/2810
f 1403/1358/2811 1404/1357/2811 1407/1361/2811
f 1404/1357/2812 1405/1360/2812 1408/1363/2812
f 895/1364/2813 1034/1366/2813 1400/1356/2813
f 1034/1366/2814 1035/1367/2814 1401/1359/2814
f 1035/1367/2815 1036/1369/2815 1402/1368/2815
f 1036/1369/2816 898/1397/2816 1037/1370/2816
f 1402/1368/2817 1037/1370/2817 1038/1371/2817
f 1405/1360/2818 1038/1371/2818 1039/1372/2818
f 1408/1363/2819 1039/1372/2819 899/1373/2819
f 1407/1361/2820 1408/1363/2820 1040/1374/2820
f 1406/1362/2821 1407/1361/2821 1041/1375/2821
f 1031/1377/2822 1406/1362/2822 1042/1376/2822
f 1032/1379/2823 1403/1358/2823 1406/1362/2823
f 1033/1365/2824 1400/1356/2824 1403/1358/2824
f 1409/1380/2825 1410/1383/2825 1413/1381/2825
f 1410/1383/2826 1411/1391/2826 1414/1384/2826
f 1412/1382/2827 1413/1381/2827 1416/1385/2827
f 1413/1381/2828 1414/1384/2828 1417/1387/2828
f 896/1003/2829 1046/1389/2829 1409/1380/2829
f 1046/1389/2830 1047/1390/2830 1410/1383/2830
f 1047/1390/2831 1048/1392/2831 1411/1391/2831
f 1048/1392/2832 900/1416/2832 1049/1393/2832
f 1411/1391/2833 1049/1393/2833 1050/1394/2833
f 1414/1384/2834 1050/1394/2834 1051/1395/2834
f 1417/1387/2835 1051/1395/2835 899/1373/2835
f 1416/1385/2836 1417/1387/2836 1039/1372/2836
f 1415/1386/2837 1416/1385/2837 1038/1371/2837
f 1043/1396/2838 1415/1386/2838 1037/1370/2838
f 1044/1398/2839 1412/1382/2839 1415/1386/2839
f 1045/1388/2840 1409/1380/2840 1412/1382/2840
f 1418/1399/2841 1419/1402/2841 1422/1400/2841
f 1419/1402/2842 1420/1410/2842 1423/1403/2842
f 1421/1401/2843 1422/1400/2843 1425/1404/2843
f 1422/1400/2844 1423/1403/2844 1426/1406/2844
f 897/966/2845 1055/1408/2845 1418/1399/2845
f 1055/1408/2846 1056/1409/2846 1419/1402/2846
f 1056/1409/2847 1057/1411/2847 1420/1410/2847
f 1057/1411/2848 901/1877/2848 1042/1412/2848
f 1420/1410/2849 1042/1412/2849 1041/1413/2849
f 1423/1403/2850 1041/1413/2850 1040/1414/2850
f 1426/1406/2851 1040/1414/2851 899/1373/2851
f 1425/1404/2852 1426/1406/2852 1051/1395/2852
f 1424/1405/2853 1425/1404/2853 1050/1394/2853
f 1052/1415/2854 1424/1405/2854 1049/1393/2854
f 1053/1417/2855 1421/1401/2855 1424/1405/2855
f 1054/1407/2856 1418/1399/2856 1421/1401/2856
f 1427/1418/2857 1428/1421/2857 1431/1419/2857
f 1428/1421/2858 1429/1429/2858 1432/1422/2858
f 1430/1420/2859 1431/1419/2859 1434/1423/2859
f 1431/1419/2860 1432/1422/2860 1435/1425/2860
f 902/1027/2861 1061/1427/2861 1427/1418/2861
f 1061/1427/2862 1062/1428/2862 1428/1421/2862
f 1062/1428/2863 1063/1430/2863 1429/1429/2863
f 1063/1430/2864 905/1891/2864 1064/1431/2864
f 1429/1429/2865 1064/1431/2865 1065/1432/2865
f 1432/1422/2866 1065/1432/2866 1066/1433/2866
f 1435/1425/2867 1066/1433/2867 906/1434/2867
f 1434/1423/2868 1435/1425/2868 1067/1435/2868
f 1433/1424/2869 1434/1423/2869 1068/1436/2869
f 1058/1438/2870 1433/1424/2870 1069/1437/2870
f 1059/1440/2871 1430/1420/2871 1433/1424/2871
f 1060/1426/2872 1427/1418/2872 1430/1420/2872
f 1436/1441/2873 1437/1444/2873 1440/1442/2873
f 1437/1444/2874 1438/1452/2874 1441/1445/2874
f 1439/1443/2875 1440/1442/2875 1443/1446/2875
f 1440/1442/2876 1441/1445/2876 1444/1448/2876
f 903/971/2877 1073/1450/2877 1436/1441/2877
f 1073/1450/2878 1074/1451/2878 1437/1444/2878
f 1074/1451/2879 1075/1453/2879 1438/1452/2879
f 1075/1453/2880 907/1477/2880 1076/1454/2880
f 1438/1452/2881 1076/1454/2881 1077/1455/2881
f 1441/1445/2882 1077/1455/2882 1078/1456/2882
f 1444/1448/2883 1078/1456/2883 906/1434/2883
f 1443/1446/2884 1444/1448/2884 1066/1457/2884
f 1442/1447/2885 1443/1446/2885 1065/1458/2885
f 1070/1460/2886 1442/1447/2886 1064/1459/2886
f 1071/1462/2887 1439/1443/2887 1442/1447/2887
f 1072/1449/2888 1436/1441/2888 1439/1443/2888
f 1445/1463/2889 1446/1466/2889 1449/1464/2889
f 1446/1466/2890 1447/1474/2890 1450/1467/2890
f 1448/1465/2891 1449/1464/2891 1452/1468/2891
f 1449/1464/2892 1450/1467/2892 1453/1470/2892
f 904/999/2893 1082/1472/2893 1445/1463/2893
f 1082/1472/2894 1083/1473/2894 1446/1466/2894
f 1083/1473/2895 1084/1475/2895 1447/1474/2895
f 1084/1475/2896 908/1439/2896 1069/1437/2896
f 1447/1474/2897 1069/1437/2897 1068/1436/2897
f 1450/1467/2898 1068/1436/2898 1067/1435/2898
f 1453/1470/2899 1067/1435/2899 906/1434/2899
f 1452/1468/2900 1453/1470/2900 1078/1456/2900
f 1451/1469/2901 1452/1468/2901 1077/1455/2901
f 1079/1476/2902 1451/1469/2902 1076/1454/2902
f 1080/1478/2903 1448/1465/2903 1451/1469/2903
f 1081/1471/2904 1445/1463/2904 1448/1465/2904
f 1454/1479/2905 1455/1482/2905 1458/1480/2905
f 1455/1482/2906 1456/1491/2906 1459/1483/2906
f 1457/1481/2907 1458/1480/2907 1461/1484/2907
f 1458/1480/2908 1459/1483/2908 1462/1486/2908
f 909/1487/2909 1088/1489/2909 1454/1479/2909
f 1088/1489/2910 1089/1490/2910 1455/1482/2910
f 1089/1490/2911 1090/1492/2911 1456/1491/2911
f 1090/1492/2912 912/1721/2912 1091/1493/2912
f 1456/1491/2913 1091/1493/2913 1092/1494/2913
f 1459/1483/2914 1092/1494/2914 1093/1495/2914
f 1462/1486/2915 1093/1495/2915 913/1496/2915
f 1461/1484/2916 1462/1486/2916 1094/1497/2916
f 1460/1485/2917 1461/1484/2917 1095/1498/2917
f 1085/1500/2918 1460/1485/2918 1096/1499/2918
f 1086/1502/2919 1457/1481/2919 1460/1485/2919
f 1087/1488/2920 1454/1479/2920 1457/1481/2920
f 1463/1503/2921 1464/1506/2921 1467/1504/2921
f 1464/1506/2922 1465/1514/2922 1468/1507/2922
f 1466/1505/2923 1467/1504/2923 1470/1508/2923
f 1467/1504/2924 1468/1507/2924 1471/1510/2924
f 910/1075/2925 1100/1512/2925 1463/1503/2925
f 1100/1512/2926 1101/1513/2926 1464/1506/2926
f 1101/1513/2927 1102/1515/2927 1465/1514/2927
f 1102/1515/2928 914/1539/2928 1103/1516/2928
f 1465/1514/2929 1103/1516/2929 1104/1517/2929
f 1468/1507/2930 1104/1517/2930 1105/1518/2930
f 1471/1510/2931 1105/1518/2931 913/1496/2931
f 1470/1508/2932 1471/1510/2932 1093/1519/2932
f 1469/1509/2933 1470/1508/2933 1092/1520/2933
f 1097/1522/2934 1469/1509/2934 1091/1521/2934
f 1098/1524/2935 1466/1505/2935 1469/1509/2935
f 1099/1511/2936 1463/1503/2936 1466/1505/2936
f 1472/1525/2937 1473/1528/2937 1476/1526/2937
f 1473/1528/2938 1474/1536/2938 1477/1529/2938
f 1475/1527/2939 1476/1526/2939 1479/1530/2939
f 1476/1526/2940 1477/1529/2940 1480/1532/2940
f 911/990/2941 1109/1534/2941 1472/1525/2941
f 1109/1534/2942 1110/1535/2942 1473/1528/2942
f 1110/1535/2943 1111/1537/2943 1474/1536/2943
f 1111/1537/2944 915/1501/2944 1096/1499/2944
f 1474/1536/2945 1096/1499/2945 1095/1498/2945
f 1477/1529/2946 1095/1498/2946 1094/1497/2946
f 1480/1532/2947 1094/1497/2947 913/1496/2947
f 1479/1530/2948 1480/1532/2948 1105/1518/2948
f 1478/1531/2949 1479/1530/2949 1104/1517/2949
f 1106/1538/2950 1478/1531/2950 1103/1516/2950
f 1107/1540/2951 1475/1527/2951 1478/1531/2951
f 1108/1533/2952 1472/1525/2952 1475/1527/2952
f 1481/1541/2953 1482/1544/2953 1485/1542/2953
f 1482/1544/2954 1483/1552/2954 1486/1545/2954
f 1484/1543/2955 1485/1542/2955 1488/1546/2955
f 1485/1542/2956 1486/1545/2956 1489/1548/2956
f 916/1014/2957 1115/1550/2957 1481/1541/2957
f 1115/1550/2958 1116/1551/2958 1482/1544/2958
f 1116/1551/2959 1117/1553/2959 1483/1552/2959
f 1117/1553/2960 919/1581/2960 1118/1554/2960
f 1483/1552/2961 1118/1554/2961 1119/1555/2961
f 1486/1545/2962 1119/1555/2962 1120/1556/2962
f 1489/1548/2963 1120/1556/2963 920/1557/2963
f 1488/1546/2964 1489/1548/2964 1121/1558/2964
f 1487/1547/2965 1488/1546/2965 1122/1559/2965
f 1112/1561/2966 1487/1547/2966 1123/1560/2966
f 1113/1563/2967 1484/1543/2967 1487/1547/2967
f 1114/1549/2968 1481/1541/2968 1484/1543/2968
f 1490/1564/2969 1491/1567/2969 1494/1565/2969
f 1491/1567/2970 1492/1575/2970 1495/1568/2970
f 1493/1566/2971 1494/1565/2971 1497/1569/2971
f 1494/1565/2972 1495/1568/2972 1498/1571/2972
f 917/995/2973 1127/1573/2973 1490/1564/2973
f 1127/1573/2974 1128/1574/2974 1491/1567/2974
f 1128/1574/2975 1129/1576/2975 1492/1575/2975
f 1129/1576/2976 921/1600/2976 1130/1577/2976
f 1492/1575/2977 1130/1577/2977 1131/1578/2977
f 1495/1568/2978 1131/1578/2978 1132/1579/2978
f 1498/1571/2979 1132/1579/2979 920/1557/2979
f 1497/1569/2980 1498/1571/2980 1120/1556/2980
f 1496/1570/2981 1497/1569/2981 1119/1555/2981
f 1124/1580/2982 1496/1570/2982 1118/1554/2982
f 1125/1582/2983 1493/1566/2983 1496/1570/2983
f 1126/1572/2984 1490/1564/2984 1493/1566/2984
f 1499/1583/2985 1500/1586/2985 1503/1584/2985
f 1500/1586/2986 1501/1594/2986 1504/1587/2986
f 1502/1585/2987 1503/1584/2987 1506/1588/2987
f 1503/1584/2988 1504/1587/2988 1507/1590/2988
f 918/1071/2989 1136/1592/2989 1499/1583/2989
f 1136/1592/2990 1137/1593/2990 1500/1586/2990
f 1137/1593/2991 1138/1595/2991 1501/1594/2991
f 1138/1595/2992 922/1759/2992 1123/1596/2992
f 1501/1594/2993 1123/1596/2993 1122/1597/2993
f 1504/1587/2994 1122/1597/2994 1121/1598/2994
f 1507/1590/2995 1121/1598/2995 920/1557/2995
f 1506/1588/2996 1507/1590/2996 1132/1579/2996
f 1505/1589/2997 1506/1588/2997 1131/1578/2997
f 1133/1599/2998 1505/1589/2998 1130/1577/2998
f 1134/1601/2999 1502/1585/2999 1505/1589/2999
f 1135/1591/3000 1499/1583/3000 1502/1585/3000
f 1509/1602/3001 1512/1606/3001 1511/1603/3001
f 1509/1602/3002 1510/1612/3002 1513/1605/3002
f 1512/1606/3003 1515/1609/3003 1514/1607/3003
f 1512/1606/3004 1513/1605/3004 1516/1608/3004
f 1139/1610/3005 1508/1604/3005 980/1227/3005
f 1140/1611/3006 1509/1602/3006 1508/1604/3006
f 1140/1611/3007 1141/1613/3007 1510/1612/3007
f 1141/1613/3008 867/1086/3008 925/1087/3008
f 1510/1612/3009 925/1087/3009 924/1101/3009
f 1513/1605/3010 924/1101/3010 923/1099/3010
f 1516/1608/3011 923/1099/3011 873/1100/3011
f 1515/1609/3012 1516/1608/3012 1142/1614/3012
f 1515/1609/3013 1143/1615/3013 1144/1616/3013
f 1514/1607/3014 1144/1616/3014 884/1617/3014
f 1511/1603/3015 1514/1607/3015 982/1230/3015
f 1508/1604/3016 1511/1603/3016 981/1228/3016
f 1517/1618/3017 1518/1622/3017 1521/1619/3017
f 1519/1621/3018 1522/1625/3018 1521/1619/3018
f 1520/1620/3019 1521/1619/3019 1524/1623/3019
f 1522/1625/3020 1525/1630/3020 1524/1623/3020
f 884/1262/3021 1144/1626/3021 1517/1618/3021
f 1144/1626/3022 1143/1628/3022 1518/1622/3022
f 1142/1627/3023 1519/1621/3023 1518/1622/3023
f 873/1629/3024 949/1137/3024 1519/1621/3024
f 949/1137/3025 948/1135/3025 1522/1625/3025
f 948/1135/3026 947/1134/3026 1525/1630/3026
f 947/1134/3027 869/1038/3027 1145/1039/3027
f 1525/1630/3028 1145/1039/3028 1146/1053/3028
f 1523/1624/3029 1524/1623/3029 1146/1053/3029
f 991/1249/3030 1523/1624/3030 1147/1052/3030
f 990/1263/3031 1520/1620/3031 1523/1624/3031
f 989/1261/3032 1517/1618/3032 1520/1620/3032
f 1527/1631/3033 1530/1635/3033 1529/1632/3033
f 1527/1631/3034 1528/1639/3034 1531/1634/3034
f 1530/1635/3035 1533/1638/3035 1532/1636/3035
f 1530/1635/3036 1531/1634/3036 1534/1637/3036
f 1148/978/3037 1526/1633/3037 938/1111/3037
f 1149/977/3038 1527/1631/3038 1526/1633/3038
f 1149/977/3039 1150/976/3039 1528/1639/3039
f 1150/976/3040 874/975/3040 952/1156/3040
f 1528/1639/3041 952/1156/3041 951/1170/3041
f 1531/1634/3042 951/1170/3042 950/1168/3042
f 1534/1637/3043 950/1168/3043 880/1169/3043
f 1533/1638/3044 1534/1637/3044 1151/1640/3044
f 1533/1638/3045 1152/1641/3045 1153/1642/3045
f 1532/1636/3046 1153/1642/3046 872/1643/3046
f 1529/1632/3047 1532/1636/3047 940/1114/3047
f 1526/1633/3048 1529/1632/3048 939/1112/3048
f 1535/1644/3049 1536/1648/3049 1539/1645/3049
f 1537/1647/3050 1540/1651/3050 1539/1645/3050
f 1538/1646/3051 1539/1645/3051 1542/1649/3051
f 1540/1651/3052 1543/1656/3052 1542/1649/3052
f 872/1146/3053 1153/1652/3053 1535/1644/3053
f 1153/1652/3054 1152/1654/3054 1536/1648/3054
f 1151/1653/3055 1537/1647/3055 1536/1648/3055
f 880/1655/3056 976/1206/3056 1537/1647/3056
f 976/1206/3057 975/1204/3057 1540/1651/3057
f 975/1204/3058 974/1203/3058 1543/1656/3058
f 974/1203/3059 876/1043/3059 1154/1041/3059
f 1543/1656/3060 1154/1041/3060 1155/1042/3060
f 1541/1650/3061 1542/1649/3061 1155/1042/3061
f 946/1133/3062 1541/1650/3062 1156/1040/3062
f 945/1147/3063 1538/1646/3063 1541/1650/3063
f 944/1145/3064 1535/1644/3064 1538/1646/3064
f 1545/1657/3065 1548/1661/3065 1547/1658/3065
f 1545/1657/3066 1546/1666/3066 1549/1660/3066
f 1548/1661/3067 1551/1664/3067 1550/1662/3067
f 1548/1661/3068 1549/1660/3068 1552/1663/3068
f 1157/1022/3069 1544/1659/3069 965/1180/3069
f 1158/1665/3070 1545/1657/3070 1544/1659/3070
f 1158/1665/3071 1159/1020/3071 1546/1666/3071
f 1159/1020/3072 888/1019/3072 1006/1295/3072
f 1546/1666/3073 1006/1295/3073 1005/1309/3073
f 1549/1660/3074 1005/1309/3074 1004/1307/3074
f 1552/1663/3075 1004/1307/3075 894/1308/3075
f 1551/1664/3076 1552/1663/3076 1160/1667/3076
f 1551/1664/3077 1161/1668/3077 1162/1669/3077
f 1550/1662/3078 1162/1669/3078 879/1670/3078
f 1547/1658/3079 1550/1662/3079 967/1183/3079
f 1544/1659/3080 1547/1658/3080 966/1181/3080
f 1553/1671/3081 1554/1675/3081 1557/1672/3081
f 1555/1674/3082 1558/1678/3082 1557/1672/3082
f 1556/1673/3083 1557/1672/3083 1560/1676/3083
f 1558/1678/3084 1561/1683/3084 1560/1676/3084
f 879/1215/3085 1162/1679/3085 1553/1671/3085
f 1162/1679/3086 1161/1681/3086 1554/1675/3086
f 1160/1680/3087 1555/1674/3087 1554/1675/3087
f 894/1682/3088 1030/1345/3088 1555/1674/3088
f 1030/1345/3089 1029/1343/3089 1558/1678/3089
f 1029/1343/3090 1028/1342/3090 1561/1683/3090
f 1028/1342/3091 890/1047/3091 1163/1046/3091
f 1561/1683/3092 1163/1046/3092 1164/1684/3092
f 1559/1677/3093 1560/1676/3093 1164/1684/3093
f 973/1202/3094 1559/1677/3094 1165/1044/3094
f 972/1216/3095 1556/1673/3095 1559/1677/3095
f 971/1214/3096 1553/1671/3096 1556/1673/3096
f 1563/1685/3097 1566/1689/3097 1565/1686/3097
f 1563/1685/3098 1564/1693/3098 1567/1688/3098
f 1566/1689/3099 1569/1692/3099 1568/1690/3099
f 1566/1689/3100 1567/1688/3100 1570/1691/3100
f 1166/1065/3101 1562/1687/3101 1019/1319/3101
f 1167/1066/3102 1563/1685/3102 1562/1687/3102
f 1167/1066/3103 1168/1064/3103 1564/1693/3103
f 1168/1064/3104 883/1062/3104 1000/1272/3104
f 1564/1693/3105 1000/1272/3105 999/1286/3105
f 1567/1688/3106 999/1286/3106 998/1284/3106
f 1570/1691/3107 998/1284/3107 886/1285/3107
f 1569/1692/3108 1570/1691/3108 1169/1694/3108
f 1569/1692/3109 1170/1695/3109 1171/1696/3109
f 1568/1690/3110 1171/1696/3110 893/1354/3110
f 1565/1686/3111 1568/1690/3111 1021/1322/3111
f 1562/1687/3112 1565/1686/3112 1020/1320/3112
f 1571/1697/3113 1572/1701/3113 1575/1698/3113
f 1573/1700/3114 1576/1704/3114 1575/1698/3114
f 1574/1699/3115 1575/1698/3115 1578/1702/3115
f 1576/1704/3116 1579/1705/3116 1578/1702/3116
f 893/1354/3117 1171/1696/3117 1571/1697/3117
f 1171/1696/3118 1170/1695/3118 1572/1701/3118
f 1169/1694/3119 1573/1700/3119 1572/1701/3119
f 886/1285/3120 994/1253/3120 1573/1700/3120
f 994/1253/3121 993/1251/3121 1576/1704/3121
f 993/1251/3122 992/1250/3122 1579/1705/3122
f 992/1250/3123 882/1051/3123 1172/1050/3123
f 1579/1705/3124 1172/1050/3124 1173/1049/3124
f 1577/1703/3125 1578/1702/3125 1173/1049/3125
f 1027/1341/3126 1577/1703/3126 1174/1048/3126
f 1026/1355/3127 1574/1699/3127 1577/1703/3127
f 1025/1353/3128 1571/1697/3128 1574/1699/3128
f 1581/1706/3129 1584/1710/3129 1583/1707/3129
f 1581/1706/3130 1582/1716/3130 1585/1709/3130
f 1584/1710/3131 1587/1713/3131 1586/1711/3131
f 1584/1710/3132 1585/1709/3132 1588/1712/3132
f 1175/1714/3133 1580/1708/3133 1088/1489/3133
f 1176/1715/3134 1581/1706/3134 1580/1708/3134
f 1176/1715/3135 1177/1717/3135 1582/1716/3135
f 1177/1717/3136 881/1225/3136 979/1226/3136
f 1582/1716/3137 979/1226/3137 978/1240/3137
f 1585/1709/3138 978/1240/3138 977/1238/3138
f 1588/1712/3139 977/1238/3139 887/1239/3139
f 1587/1713/3140 1588/1712/3140 1178/1718/3140
f 1587/1713/3141 1179/1719/3141 1180/1720/3141
f 1586/1711/3142 1180/1720/3142 912/1721/3142
f 1583/1707/3143 1586/1711/3143 1090/1492/3143
f 1580/1708/3144 1583/1707/3144 1089/1490/3144
f 1589/1722/3145 1590/1726/3145 1593/1723/3145
f 1591/1725/3146 1594/1729/3146 1593/1723/3146
f 1592/1724/3147 1593/1723/3147 1596/1727/3147
f 1594/1729/3148 1597/1734/3148 1596/1727/3148
f 912/1523/3149 1180/1730/3149 1589/1722/3149
f 1180/1730/3150 1179/1732/3150 1590/1726/3150
f 1178/1731/3151 1591/1725/3151 1590/1726/3151
f 887/1733/3152 1003/1276/3152 1591/1725/3152
f 1003/1276/3153 1002/1274/3153 1594/1729/3153
f 1002/1274/3154 1001/1273/3154 1597/1734/3154
f 1001/1273/3155 883/1062/3155 1181/1063/3155
f 1597/1734/3156 1181/1063/3156 1182/1077/3156
f 1595/1728/3157 1596/1727/3157 1182/1077/3157
f 1099/1511/3158 1595/1728/3158 1183/1076/3158
f 1098/1524/3159 1592/1724/3159 1595/1728/3159
f 1097/1522/3160 1589/1722/3160 1592/1724/3160
f 1599/1735/3161 1602/1739/3161 1601/1736/3161
f 1599/1735/3162 1600/1743/3162 1603/1738/3162
f 1602/1739/3163 1605/1742/3163 1604/1740/3163
f 1602/1739/3164 1603/1738/3164 1606/1741/3164
f 1184/1017/3165 1598/1737/3165 1007/1296/3165
f 1185/1018/3166 1599/1735/3166 1598/1737/3166
f 1185/1018/3167 1186/1016/3167 1600/1743/3167
f 1186/1016/3168 916/1014/3168 1114/1549/3168
f 1600/1743/3169 1114/1549/3169 1113/1563/3169
f 1603/1738/3170 1113/1563/3170 1112/1561/3170
f 1606/1741/3171 1112/1561/3171 922/1562/3171
f 1605/1742/3172 1606/1741/3172 1187/1744/3172
f 1605/1742/3173 1188/1745/3173 1189/1746/3173
f 1604/1740/3174 1189/1746/3174 891/1747/3174
f 1601/1736/3175 1604/1740/3175 1009/1299/3175
f 1598/1737/3176 1601/1736/3176 1008/1297/3176
f 1607/1748/3177 1608/1752/3177 1611/1749/3177
f 1609/1751/3178 1612/1755/3178 1611/1749/3178
f 1610/1750/3179 1611/1749/3179 1614/1753/3179
f 1612/1755/3180 1615/1760/3180 1614/1753/3180
f 891/1331/3181 1189/1756/3181 1607/1748/3181
f 1189/1756/3182 1188/1758/3182 1608/1752/3182
f 1187/1757/3183 1609/1751/3183 1608/1752/3183
f 922/1759/3184 1138/1595/3184 1609/1751/3184
f 1138/1595/3185 1137/1593/3185 1612/1755/3185
f 1137/1593/3186 1136/1592/3186 1615/1760/3186
f 1136/1592/3187 918/1071/3187 1190/1070/3187
f 1615/1760/3188 1190/1070/3188 1191/1761/3188
f 1613/1754/3189 1614/1753/3189 1191/1761/3189
f 1018/1318/3190 1613/1754/3190 1192/1068/3190
f 1017/1332/3191 1610/1750/3191 1613/1754/3191
f 1016/1330/3192 1607/1748/3192 1610/1750/3192
f 1617/1762/3193 1620/1766/3193 1619/1763/3193
f 1617/1762/3194 1618/1770/3194 1621/1765/3194
f 1620/1766/3195 1623/1769/3195 1622/1767/3195
f 1620/1766/3196 1621/1765/3196 1624/1768/3196
f 1193/993/3197 1616/1764/3197 1127/1573/3197
f 1194/994/3198 1617/1762/3198 1616/1764/3198
f 1194/994/3199 1195/992/3199 1618/1770/3199
f 1195/992/3200 911/990/3200 1108/1533/3200
f 1618/1770/3201 1108/1533/3201 1107/1540/3201
f 1621/1765/3202 1107/1540/3202 1106/1538/3202
f 1624/1768/3203 1106/1538/3203 914/1539/3203
f 1623/1769/3204 1624/1768/3204 1196/1771/3204
f 1623/1769/3205 1197/1772/3205 1198/1773/3205
f 1622/1767/3206 1198/1773/3206 921/1600/3206
f 1619/1763/3207 1622/1767/3207 1129/1576/3207
f 1616/1764/3208 1619/1763/3208 1128/1574/3208
f 1625/1774/3209 1626/1778/3209 1629/1775/3209
f 1627/1777/3210 1630/1781/3210 1629/1775/3210
f 1628/1776/3211 1629/1775/3211 1632/1779/3211
f 1630/1781/3212 1633/1782/3212 1632/1779/3212
f 921/1600/3213 1198/1773/3213 1625/1774/3213
f 1198/1773/3214 1197/1772/3214 1626/1778/3214
f 1196/1771/3215 1627/1777/3215 1626/1778/3215
f 914/1539/3216 1102/1515/3216 1627/1777/3216
f 1102/1515/3217 1101/1513/3217 1630/1781/3217
f 1101/1513/3218 1100/1512/3218 1633/1782/3218
f 1100/1512/3219 910/1075/3219 1199/1074/3219
f 1633/1782/3220 1199/1074/3220 1200/1073/3220
f 1631/1780/3221 1632/1779/3221 1200/1073/3221
f 1135/1591/3222 1631/1780/3222 1201/1072/3222
f 1134/1601/3223 1628/1776/3223 1631/1780/3223
f 1133/1599/3224 1625/1774/3224 1628/1776/3224
f 1635/1783/3225 1638/1787/3225 1637/1784/3225
f 1635/1783/3226 1636/1793/3226 1639/1786/3226
f 1638/1787/3227 1641/1790/3227 1640/1788/3227
f 1638/1787/3228 1639/1786/3228 1642/1789/3228
f 1202/1791/3229 1634/1785/3229 1034/1366/3229
f 1203/1792/3230 1635/1783/3230 1634/1785/3230
f 1203/1792/3231 1204/1794/3231 1636/1793/3231
f 1204/1794/3232 909/1487/3232 1087/1488/3232
f 1636/1793/3233 1087/1488/3233 1086/1502/3233
f 1639/1786/3234 1086/1502/3234 1085/1500/3234
f 1642/1789/3235 1085/1500/3235 915/1501/3235
f 1641/1790/3236 1642/1789/3236 1205/1795/3236
f 1641/1790/3237 1206/1796/3237 1207/1797/3237
f 1640/1788/3238 1207/1797/3238 898/1397/3238
f 1637/1784/3239 1640/1788/3239 1036/1369/3239
f 1634/1785/3240 1637/1784/3240 1035/1367/3240
f 1643/1798/3241 1644/1802/3241 1647/1799/3241
f 1645/1801/3242 1648/1805/3242 1647/1799/3242
f 1646/1800/3243 1647/1799/3243 1650/1803/3243
f 1648/1805/3244 1651/1806/3244 1650/1803/3244
f 898/1397/3245 1207/1797/3245 1643/1798/3245
f 1207/1797/3246 1206/1796/3246 1644/1802/3246
f 1205/1795/3247 1645/1801/3247 1644/1802/3247
f 915/1501/3248 1111/1537/3248 1645/1801/3248
f 1111/1537/3249 1110/1535/3249 1648/1805/3249
f 1110/1535/3250 1109/1534/3250 1651/1806/3250
f 1109/1534/3251 911/990/3251 1208/991/3251
f 1651/1806/3252 1208/991/3252 1209/1005/3252
f 1649/1804/3253 1650/1803/3253 1209/1005/3253
f 1045/1388/3254 1649/1804/3254 1210/1004/3254
f 1044/1398/3255 1646/1800/3255 1649/1804/3255
f 1043/1396/3256 1643/1798/3256 1646/1800/3256
f 1653/1807/3257 1656/1811/3257 1655/1808/3257
f 1653/1807/3258 1654/1815/3258 1657/1810/3258
f 1656/1811/3259 1659/1814/3259 1658/1812/3259
f 1656/1811/3260 1657/1810/3260 1660/1813/3260
f 1211/1015/3261 1652/1809/3261 1115/1550/3261
f 1212/1029/3262 1653/1807/3262 1652/1809/3262
f 1212/1029/3263 1213/1028/3263 1654/1815/3263
f 1213/1028/3264 902/1027/3264 1060/1426/3264
f 1654/1815/3265 1060/1426/3265 1059/1440/3265
f 1657/1810/3266 1059/1440/3266 1058/1438/3266
f 1660/1813/3267 1058/1438/3267 908/1439/3267
f 1659/1814/3268 1660/1813/3268 1214/1816/3268
f 1659/1814/3269 1215/1817/3269 1216/1818/3269
f 1658/1812/3270 1216/1818/3270 919/1581/3270
f 1655/1808/3271 1658/1812/3271 1117/1553/3271
f 1652/1809/3272 1655/1808/3272 1116/1551/3272
f 1661/1819/3273 1662/1823/3273 1665/1820/3273
f 1663/1822/3274 1666/1826/3274 1665/1820/3274
f 1664/1821/3275 1665/1820/3275 1668/1824/3275
f 1666/1826/3276 1669/1827/3276 1668/1824/3276
f 919/1581/3277 1216/1818/3277 1661/1819/3277
f 1216/1818/3278 1215/1817/3278 1662/1823/3278
f 1214/1816/3279 1663/1822/3279 1662/1823/3279
f 908/1439/3280 1084/1475/3280 1663/1822/3280
f 1084/1475/3281 1083/1473/3281 1666/1826/3281
f 1083/1473/3282 1082/1472/3282 1669/1827/3282
f 1082/1472/3283 904/999/3283 1217/998/3283
f 1669/1827/3284 1217/998/3284 1218/1828/3284
f 1667/1825/3285 1668/1824/3285 1218/1828/3285
f 1126/1572/3286 1667/1825/3286 1219/996/3286
f 1125/1582/3287 1664/1821/3287 1667/1825/3287
f 1124/1580/3288 1661/1819/3288 1664/1821/3288
f 1671/1829/3289 1674/1833/3289 1673/1830/3289
f 1671/1829/3290 1672/1837/3290 1675/1832/3290
f 1674/1833/3291 1677/1836/3291 1676/1834/3291
f 1674/1833/3292 1675/1832/3292 1678/1835/3292
f 1220/969/3293 1670/1831/3293 1073/1450/3293
f 1221/970/3294 1671/1829/3294 1670/1831/3294
f 1221/970/3295 1222/968/3295 1672/1837/3295
f 1222/968/3296 897/966/3296 1054/1407/3296
f 1672/1837/3297 1054/1407/3297 1053/1417/3297
f 1675/1832/3298 1053/1417/3298 1052/1415/3298
f 1678/1835/3299 1052/1415/3299 900/1416/3299
f 1677/1836/3300 1678/1835/3300 1223/1838/3300
f 1677/1836/3301 1224/1839/3301 1225/1840/3301
f 1676/1834/3302 1225/1840/3302 907/1477/3302
f 1673/1830/3303 1676/1834/3303 1075/1453/3303
f 1670/1831/3304 1673/1830/3304 1074/1451/3304
f 1679/1841/3305 1680/1845/3305 1683/1842/3305
f 1681/1844/3306 1684/1848/3306 1683/1842/3306
f 1682/1843/3307 1683/1842/3307 1686/1846/3307
f 1684/1848/3308 1687/1849/3308 1686/1846/3308
f 907/1477/3309 1225/1840/3309 1679/1841/3309
f 1225/1840/3310 1224/1839/3310 1680/1845/3310
f 1223/1838/3311 1681/1844/3311 1680/1845/3311
f 900/1416/3312 1048/1392/3312 1681/1844/3312
f 1048/1392/3313 1047/1390/3313 1684/1848/3313
f 1047/1390/3314 1046/1389/3314 1687/1849/3314
f 1046/1389/3315 896/1003/3315 1226/1002/3315
f 1687/1849/3316 1226/1002/3316 1227/1001/3316
f 1685/1847/3317 1686/1846/3317 1227/1001/3317
f 1081/1471/3318 1685/1847/3318 1228/1000/3318
f 1080/1478/3319 1682/1843/3319 1685/1847/3319
f 1079/1476/3320 1679/1841/3320 1682/1843/3320
f 1689/1850/3321 1692/1854/3321 1691/1851/3321
f 1689/1850/3322 1690/1860/3322 1693/1853/3322
f 1692/1854/3323 1695/1857/3323 1694/1855/3323
f 1692/1854/3324 1693/1853/3324 1696/1856/3324
f 1229/1858/3325 1688/1852/3325 926/1088/3325
f 1230/1859/3326 1689/1850/3326 1688/1852/3326
f 1230/1859/3327 1231/1861/3327 1690/1860/3327
f 1231/1861/3328 895/1364/3328 1033/1365/3328
f 1690/1860/3329 1033/1365/3329 1032/1379/3329
f 1693/1853/3330 1032/1379/3330 1031/1377/3330
f 1696/1856/3331 1031/1377/3331 901/1378/3331
f 1695/1857/3332 1696/1856/3332 1232/1862/3332
f 1695/1857/3333 1233/1863/3333 1234/1864/3333
f 1694/1855/3334 1234/1864/3334 870/1865/3334
f 1691/1851/3335 1694/1855/3335 928/1091/3335
f 1688/1852/3336 1691/1851/3336 927/1089/3336
f 1697/1866/3337 1698/1870/3337 1701/1867/3337
f 1699/1869/3338 1702/1873/3338 1701/1867/3338
f 1700/1868/3339 1701/1867/3339 1704/1871/3339
f 1702/1873/3340 1705/1878/3340 1704/1871/3340
f 870/1123/3341 1234/1874/3341 1697/1866/3341
f 1234/1874/3342 1233/1876/3342 1698/1870/3342
f 1232/1875/3343 1699/1869/3343 1698/1870/3343
f 901/1877/3344 1057/1411/3344 1699/1869/3344
f 1057/1411/3345 1056/1409/3345 1702/1873/3345
f 1056/1409/3346 1055/1408/3346 1705/1878/3346
f 1055/1408/3347 897/966/3347 1235/967/3347
f 1705/1878/3348 1235/967/3348 1236/981/3348
f 1703/1872/3349 1704/1871/3349 1236/981/3349
f 937/1110/3350 1703/1872/3350 1237/980/3350
f 936/1124/3351 1700/1868/3351 1703/1872/3351
f 935/1122/3352 1697/1866/3352 1700/1868/3352
f 1707/1879/3353 1710/1883/3353 1709/1880/3353
f 1707/1879/3354 1708/1887/3354 1711/1882/3354
f 1710/1883/3355 1713/1886/3355 1712/1884/3355
f 1710/1883/3356 1711/1882/3356 1714/1885/3356
f 1238/1026/3357 1706/1881/3357 1061/1427/3357
f 1239/1025/3358 1707/1879/3358 1706/1881/3358
f 1239/1025/3359 1240/1024/3359 1708/1887/3359
f 1240/1024/3360 875/1023/3360 964/1179/3360
f 1708/1887/3361 964/1179/3361 963/1193/3361
f 1711/1882/3362 963/1193/3362 962/1191/3362
f 1714/1885/3363 962/1191/3363 877/1192/3363
f 1713/1886/3364 1714/1885/3364 1241/1888/3364
f 1713/1886/3365 1242/1889/3365 1243/1890/3365
f 1712/1884/3366 1243/1890/3366 905/1891/3366
f 1709/1880/3367 1712/1884/3367 1063/1430/3367
f 1706/1881/3368 1709/1880/3368 1062/1428/3368
f 1715/1892/3369 1716/1896/3369 1719/1893/3369
f 1717/1895/3370 1720/1899/3370 1719/1893/3370
f 1718/1894/3371 1719/1893/3371 1722/1897/3371
f 1720/1899/3372 1723/1904/3372 1722/1897/3372
f 905/1461/3373 1243/1900/3373 1715/1892/3373
f 1243/1900/3374 1242/1902/3374 1716/1896/3374
f 1241/1901/3375 1717/1895/3375 1716/1896/3375
f 877/1903/3376 955/1160/3376 1717/1895/3376
f 955/1160/3377 954/1158/3377 1720/1899/3377
f 954/1158/3378 953/1157/3378 1723/1904/3378
f 953/1157/3379 874/975/3379 1244/974/3379
f 1723/1904/3380 1244/974/3380 1245/1905/3380
f 1721/1898/3381 1722/1897/3381 1245/1905/3381
f 1072/1449/3382 1721/1898/3382 1246/972/3382
f 1071/1462/3383 1718/1894/3383 1721/1898/3383
f 1070/1460/3384 1715/1892/3384 1718/1894/3384
f 1724/1906/3385 1725/1910/3385 1728/1907/3385
f 1726/1909/3386 1729/1914/3386 1728/1907/3386
f 1728/1907/3387 1731/1913/3387 1730/1911/3387
f 1728/1907/3388 1729/1914/3388 1732/1912/3388
f 881/1225/3389 1177/1717/3389 1724/1906/3389
f 1177/1717/3390 1176/1715/3390 1725/1910/3390
f 1175/1714/3391 1726/1909/3391 1725/1910/3391
f 909/1487/3392 1204/1794/3392 1726/1909/3392
f 1204/1794/3393 1203/1792/3393 1729/1914/3393
f 1729/1914/3394 1203/1792/3394 1202/1791/3394
f 1732/1912/3395 1202/1791/3395 895/1364/3395
f 1731/1913/3396 1732/1912/3396 1231/1861/3396
f 1731/1913/3397 1230/1859/3397 1229/1858/3397
f 1730/1911/3398 1229/1858/3398 867/1086/3398
f 1727/1908/3399 1730/1911/3399 1141/1613/3399
f 1139/1610/3400 1724/1906/3400 1727/1908/3400
o Cab_Handle_L
v -0.057648 0.547000 0.281606
v -0.057648 0.647000 0.281606
v -0.058695 0.547000 0.241619
v -0.058695 0.647000 0.241619
v -0.027658 0.547000 0.280820
v -0.027658 0.647000 0.280820
v -0.028706 0.547000 0.240834
v -0.028706 0.647000 0.240834
vn -0.9997 -0.0000 0.0262
vn -0.0262 -0.0000 -0.9997
vn 0.9997 -0.0000 -0.0262
vn 0.0262 -0.0000 0.9997
vn -0.0000 -1.0000 -0.0000
vn -0.0000 1.0000 -0.0000
vt 0.625000 0.000000
vt 0.375000 0.250000
vt 0.375000 0.000000
vt 0.625000 0.250000
vt 0.375000 0.500000
vt 0.625000 0.500000
vt 0.375000 0.750000
vt 0.625000 0.750000
vt 0.375000 1.000000
vt 0.125000 0.750000
vt 0.125000 0.500000
vt 0.875000 0.500000
vt 0.625000 1.000000
vt 0.875000 0.750000
s 0
usemtl HM_Chrome
f 1734/1915/3401 1735/1916/3401 1733/1917/3401
f 1736/1918/3402 1739/1919/3402 1735/1916/3402
f 1740/1920/3403 1737/1921/3403 1739/1919/3403
f 1738/1922/3404 1733/1923/3404 1737/1921/3404
f 1739/1919/3405 1733/1924/3405 1735/1925/3405
f 1736/1926/3406 1738/1922/3406 1740/1920/3406
f 1734/1915/3401 1736/1918/3401 1735/1916/3401
f 1736/1918/3402 1740/1920/3402 1739/1919/3402
f 1740/1920/3403 1738/1922/3403 1737/1921/3403
f 1738/1922/3404 1734/1927/3404 1733/1923/3404
f 1739/1919/3405 1737/1921/3405 1733/1924/3405
f 1736/1926/3406 1734/1928/3406 1738/1922/3406
o Cab_Lock_L
v -0.043570 0.732000 0.246225
v -0.043046 0.732000 0.266218
v -0.034756 0.729135 0.245994
v -0.034232 0.729135 0.265987
v -0.029309 0.721635 0.245851
v -0.028785 0.721635 0.265845
v -0.029309 0.712365 0.245851
v -0.028785 0.712365 0.265845
v -0.034756 0.704865 0.245994
v -0.034232 0.704865 0.265987
v -0.043570 0.702000 0.246225
v -0.043046 0.702000 0.266218
v -0.052383 0.704865 0.246456
v -0.051860 0.704865 0.266449
v -0.057830 0.712365 0.246598
v -0.057307 0.712365 0.266591
v -0.057830 0.721635 0.246598
v -0.057307 0.721635 0.266591
v -0.052383 0.729135 0.246456
v -0.051860 0.729135 0.266449
vn 0.3089 0.9511 -0.0081
vn 0.8087 0.5878 -0.0212
vn 0.9997 -0.0000 -0.0262
vn 0.8087 -0.5878 -0.0212
vn 0.3089 -0.9511 -0.0081
vn -0.3089 -0.9511 0.0081
vn -0.8087 -0.5878 0.0212
vn -0.9997 -0.0000 0.0262
vn 0.0262 -0.0000 0.9997
vn -0.8087 0.5878 0.0212
vn -0.3089 0.9511 0.0081
vn -0.0262 -0.0000 -0.9997
vt 1.000000 1.000000
vt 0.900000 0.500000
vt 1.000000 0.500000
vt 0.900000 1.000000
vt 0.800000 0.500000
vt 0.800000 1.000000
vt 0.700000 0.500000
vt 0.700000 1.000000
vt 0.600000 0.500000
vt 0.600000 1.000000
vt 0.500000 0.500000
vt 0.500000 1.000000
vt 0.400000 0.500000
vt 0.400000 1.000000
vt 0.300000 0.500000
vt 0.300000 1.000000
vt 0.200000 0.500000
vt 0.021746 0.324164
vt 0.391068 0.055836
vt 0.478254 0.324164
vt 0.200000 1.000000
vt 0.100000 0.500000
vt 0.100000 1.000000
vt -0.000000 0.500000
vt 0.978254 0.175836
vt 0.521746 0.175836
vt 0.608932 0.444164
vt 0.391068 0.444164
vt 0.250000 0.490000
vt 0.108932 0.444164
vt 0.021746 0.175836
vt 0.108932 0.055836
vt 0.250000 0.010000
vt 0.478254 0.175836
vt -0.000000 1.000000
vt 0.750000 0.490000
vt 0.891068 0.444164
vt 0.978254 0.324164
vt 0.891068 0.055836
vt 0.750000 0.010000
vt 0.608932 0.055836
vt 0.521746 0.324164
s 0
usemtl HM_Chrome
f 1742/1929/3407 1743/1930/3407 1741/1931/3407
f 1744/1932/3408 1745/1933/3408 1743/1930/3408
f 1746/1934/3409 1747/1935/3409 1745/1933/3409
f 1748/1936/3410 1749/1937/3410 1747/1935/3410
f 1750/1938/3411 1751/1939/3411 1749/1937/3411
f 1752/1940/3412 1753/1941/3412 1751/1939/3412
f 1754/1942/3413 1755/1943/3413 1753/1941/3413
f 1756/1944/3414 1757/1945/3414 1755/1943/3414
f 1758/1946/3415 1750/1947/3415 1746/1948/3415
f 1758/1949/3416 1759/1950/3416 1757/1945/3416
f 1760/1951/3417 1741/1952/3417 1759/1950/3417
f 1747/1953/3418 1755/1954/3418 1759/1955/3418
f 1742/1929/3407 1744/1932/3407 1743/1930/3407
f 1744/1932/3408 1746/1934/3408 1745/1933/3408
f 1746/1934/3409 1748/1936/3409 1747/1935/3409
f 1748/1936/3410 1750/1938/3410 1749/1937/3410
f 1750/1938/3411 1752/1940/3411 1751/1939/3411
f 1752/1940/3412 1754/1942/3412 1753/1941/3412
f 1754/1942/3413 1756/1944/3413 1755/1943/3413
f 1756/1944/3414 1758/1949/3414 1757/1945/3414
f 1746/1948/3415 1744/1956/3415 1742/1957/3415
f 1742/1957/3415 1760/1958/3415 1758/1946/3415
f 1758/1946/3415 1756/1959/3415 1754/1960/3415
f 1754/1960/3415 1752/1961/3415 1750/1947/3415
f 1750/1947/3415 1748/1962/3415 1746/1948/3415
f 1746/1948/3415 1742/1957/3415 1758/1946/3415
f 1758/1946/3415 1754/1960/3415 1750/1947/3415
f 1758/1949/3416 1760/1951/3416 1759/1950/3416
f 1760/1951/3417 1742/1963/3417 1741/1952/3417
f 1759/1955/3418 1741/1964/3418 1743/1965/3418
f 1743/1965/3418 1745/1966/3418 1747/1953/3418
f 1747/1953/3418 1749/1967/3418 1751/1968/3418
f 1751/1968/3418 1753/1969/3418 1755/1954/3418
f 1755/1954/3418 1757/1970/3418 1759/1955/3418
f 1759/1955/3418 1743/1965/3418 1747/1953/3418
f 1747/1953/3418 1751/1968/3418 1755/1954/3418
o Cab_Door_R
v 0.096146 0.092559 0.234249
v 0.096349 0.270314 0.242002
v 0.026747 0.270315 0.236066
v 0.096368 0.094307 0.240253
v 0.029363 0.095037 0.241277
v 0.028652 0.270379 0.242026
v 0.028493 0.094307 0.235956
v 0.096349 0.963686 0.242002
v 0.096146 1.141441 0.234249
v 0.026747 0.963685 0.236066
v 0.096368 1.139693 0.240253
v 0.029363 1.138963 0.241277
v 0.028493 1.139693 0.235956
v 0.028652 0.963621 0.242026
v 0.095796 0.092559 0.220883
v 0.026397 0.270314 0.222700
v 0.095593 0.270315 0.213129
v 0.028147 0.094307 0.222719
v 0.028736 0.095037 0.217359
v 0.027988 0.270379 0.216649
v 0.095704 0.094307 0.214875
v 0.095796 1.141441 0.220883
v 0.095593 0.963685 0.213129
v 0.026397 0.963686 0.222700
v 0.095704 1.139693 0.214875
v 0.028736 1.138963 0.217359
v 0.027988 0.963621 0.216649
v 0.028147 1.139693 0.222719
v 0.356095 0.092559 0.227442
v 0.425493 0.270314 0.225625
v 0.356298 0.270315 0.235195
v 0.423744 0.094307 0.225606
v 0.423154 0.095037 0.230966
v 0.423903 0.270379 0.231676
v 0.356187 0.094307 0.233449
v 0.356095 1.141441 0.227442
v 0.356298 0.963685 0.235195
v 0.425493 0.963686 0.225625
v 0.356187 1.139693 0.233449
v 0.423154 1.138963 0.230966
v 0.423903 0.963621 0.231676
v 0.423744 1.139693 0.225606
v 0.355745 0.092559 0.214076
v 0.355542 0.270314 0.206322
v 0.425143 0.270315 0.212258
v 0.355522 0.094307 0.208072
v 0.422528 0.095037 0.207047
v 0.423238 0.270379 0.206299
v 0.423397 0.094307 0.212369
v 0.355745 1.141441 0.214076
v 0.425143 0.963685 0.212258
v 0.355542 0.963686 0.206322
v 0.423397 1.139693 0.212369
v 0.422528 1.138963 0.207047
v 0.423238 0.963621 0.206299
v 0.355522 1.139693 0.208072
v 0.030278 0.093670 0.235916
v 0.038177 0.093176 0.235726
v 0.058148 0.092810 0.235225
v 0.096227 0.092810 0.236607
v 0.096292 0.093176 0.238276
v 0.096340 0.093670 0.239432
v 0.058431 0.094434 0.241119
v 0.038566 0.094612 0.241461
v 0.030839 0.094835 0.241441
v 0.029147 0.094835 0.240774
v 0.028899 0.094612 0.239802
v 0.028680 0.094434 0.238247
v 0.096378 0.097785 0.240890
v 0.096373 0.117535 0.241384
v 0.096362 0.169673 0.241750
v 0.058345 0.270334 0.242746
v 0.038365 0.270355 0.242903
v 0.030453 0.270372 0.242616
v 0.028776 0.169803 0.241896
v 0.028949 0.117774 0.241713
v 0.029166 0.098201 0.241485
v 0.027994 0.270372 0.241221
v 0.027470 0.270355 0.240078
v 0.027060 0.270334 0.238419
v 0.026998 0.169673 0.236040
v 0.027363 0.117535 0.236010
v 0.027857 0.097785 0.235979
v 0.030454 0.963628 0.242616
v 0.038365 0.963645 0.242903
v 0.058345 0.963666 0.242746
v 0.096362 1.064327 0.241750
v 0.096373 1.116465 0.241384
v 0.096378 1.136215 0.240890
v 0.058431 1.139566 0.241119
v 0.038566 1.139388 0.241461
v 0.030839 1.139165 0.241441
v 0.029166 1.135799 0.241485
v 0.028949 1.116226 0.241713
v 0.028776 1.064197 0.241896
v 0.096340 1.140330 0.239432
v 0.096292 1.140824 0.238276
v 0.096227 1.141190 0.236607
v 0.058148 1.141190 0.235225
v 0.038177 1.140824 0.235726
v 0.030278 1.140330 0.235916
v 0.028680 1.139566 0.238247
v 0.028899 1.139388 0.239802
v 0.029147 1.139165 0.240774
v 0.027857 1.136215 0.235979
v 0.027363 1.116465 0.236010
v 0.026998 1.064327 0.236040
v 0.027060 0.963666 0.238419
v 0.027470 0.963645 0.240078
v 0.027994 0.963628 0.241221
v 0.095718 0.093670 0.215697
v 0.095731 0.093176 0.216854
v 0.095754 0.092810 0.218523
v 0.057799 0.092810 0.221897
v 0.037829 0.093176 0.222441
v 0.029931 0.093670 0.222665
v 0.028213 0.094434 0.220421
v 0.028351 0.094612 0.218857
v 0.028548 0.094835 0.217873
v 0.030203 0.094835 0.217119
v 0.037918 0.094612 0.216694
v 0.057773 0.094434 0.215996
v 0.027510 0.097785 0.222729
v 0.027015 0.117535 0.222724
v 0.026649 0.169673 0.222713
v 0.026587 0.270334 0.220334
v 0.026909 0.270355 0.218656
v 0.027372 0.270372 0.217487
v 0.028118 0.169803 0.216772
v 0.028301 0.117774 0.216946
v 0.028529 0.098201 0.217162
v 0.029756 0.270372 0.215965
v 0.037641 0.270355 0.215264
v 0.057602 0.270334 0.214376
v 0.095619 0.169673 0.213380
v 0.095650 0.117535 0.213745
v 0.095680 0.097785 0.214239
v 0.029931 1.140330 0.222665
v 0.037829 1.140824 0.222441
v 0.057799 1.141190 0.221897
v 0.095754 1.141190 0.218523
v 0.095731 1.140824 0.216854
v 0.095718 1.140330 0.215697
v 0.057773 1.139566 0.215996
v 0.037918 1.139388 0.216694
v 0.030203 1.139165 0.217119
v 0.028548 1.139165 0.217873
v 0.028351 1.139388 0.218857
v 0.028213 1.139566 0.220421
v 0.095680 1.136215 0.214239
v 0.095650 1.116465 0.213745
v 0.095619 1.064327 0.213380
v 0.057602 0.963666 0.214376
v 0.037642 0.963645 0.215264
v 0.029756 0.963628 0.215965
v 0.028118 1.064197 0.216772
v 0.028301 1.116226 0.216946
v 0.028529 1.135799 0.217162
v 0.027372 0.963628 0.217487
v 0.026909 0.963645 0.218656
v 0.026587 0.963666 0.220334
v 0.026649 1.064327 0.222713
v 0.027015 1.116465 0.222724
v 0.027510 1.136215 0.222729
v 0.356173 0.093670 0.232628
v 0.356160 0.093176 0.231471
v 0.356137 0.092810 0.229801
v 0.394092 0.092810 0.226428
v 0.414061 0.093176 0.225883
v 0.421960 0.093670 0.225659
v 0.423677 0.094434 0.227904
v 0.423540 0.094612 0.229468
v 0.423343 0.094835 0.230452
v 0.421688 0.094835 0.231206
v 0.413973 0.094612 0.231631
v 0.394117 0.094434 0.232329
v 0.424381 0.097785 0.225596
v 0.424875 0.117535 0.225600
v 0.425241 0.169673 0.225612
v 0.425304 0.270334 0.227990
v 0.424982 0.270355 0.229669
v 0.424518 0.270372 0.230838
v 0.423773 0.169803 0.231552
v 0.423590 0.117774 0.231379
v 0.423362 0.098201 0.231162
v 0.422135 0.270372 0.232360
v 0.414249 0.270355 0.233060
v 0.394289 0.270334 0.233949
v 0.356272 0.169673 0.234944
v 0.356241 0.117535 0.234579
v 0.356211 0.097785 0.234086
v 0.421960 1.140330 0.225659
v 0.414061 1.140824 0.225883
v 0.394092 1.141190 0.226428
v 0.356137 1.141190 0.229801
v 0.356160 1.140824 0.231471
v 0.356173 1.140330 0.232628
v 0.394117 1.139566 0.232329
v 0.413973 1.139388 0.231631
v 0.421688 1.139165 0.231206
v 0.423343 1.139165 0.230452
v 0.423540 1.139388 0.229468
v 0.423677 1.139566 0.227904
v 0.356211 1.136215 0.234086
v 0.356241 1.116465 0.234579
v 0.356272 1.064327 0.234944
v 0.394289 0.963666 0.233949
v 0.414249 0.963645 0.233060
v 0.422135 0.963628 0.232360
v 0.423773 1.064197 0.231552
v 0.423590 1.116226 0.231379
v 0.423362 1.135799 0.231162
v 0.424518 0.963628 0.230838
v 0.424982 0.963645 0.229669
v 0.425304 0.963666 0.227990
v 0.425241 1.064327 0.225612
v 0.424875 1.116465 0.225600
v 0.424381 1.136215 0.225596
v 0.421613 0.093670 0.212409
v 0.413713 0.093176 0.212598
v 0.393743 0.092810 0.213100
v 0.355664 0.092810 0.211717
v 0.355599 0.093176 0.210049
v 0.355551 0.093670 0.208893
v 0.393459 0.094434 0.207205
v 0.413324 0.094612 0.206864
v 0.421051 0.094835 0.206884
v 0.422743 0.094835 0.207550
v 0.422991 0.094612 0.208523
v 0.423210 0.094434 0.210078
v 0.355513 0.097785 0.207435
v 0.355517 0.117535 0.206940
v 0.355529 0.169673 0.206574
v 0.393546 0.270334 0.205579
v 0.413525 0.270355 0.205421
v 0.421437 0.270372 0.205708
v 0.423115 0.169803 0.206429
v 0.422941 0.117774 0.206612
v 0.422725 0.098201 0.206840
v 0.423897 0.270372 0.207103
v 0.424421 0.270355 0.208247
v 0.424830 0.270334 0.209906
v 0.424892 0.169673 0.212284
v 0.424528 0.117535 0.212315
v 0.424034 0.097785 0.212345
v 0.355551 1.140330 0.208893
v 0.355599 1.140824 0.210049
v 0.355664 1.141190 0.211717
v 0.393743 1.141190 0.213100
v 0.413713 1.140824 0.212598
v 0.421613 1.140330 0.212409
v 0.423210 1.139566 0.210078
v 0.422991 1.139388 0.208523
v 0.422743 1.139165 0.207550
v 0.421051 1.139165 0.206884
v 0.413324 1.139388 0.206864
v 0.393459 1.139566 0.207205
v 0.424034 1.136215 0.212345
v 0.424528 1.116465 0.212315
v 0.424892 1.064327 0.212284
v 0.424830 0.963666 0.209906
v 0.424421 0.963645 0.208247
v 0.423897 0.963628 0.207103
v 0.423115 1.064197 0.206429
v 0.422941 1.116226 0.206612
v 0.422725 1.135799 0.206840
v 0.421437 0.963628 0.205708
v 0.413525 0.963645 0.205421
v 0.393546 0.963666 0.205579
v 0.355529 1.064327 0.206574
v 0.355517 1.116465 0.206940
v 0.355513 1.136215 0.207435
v 0.095866 0.092409 0.224008
v 0.095955 0.092359 0.227566
v 0.096052 0.092409 0.231125
v 0.028336 0.094231 0.232871
v 0.028218 0.094205 0.229340
v 0.028151 0.094231 0.225807
v 0.026516 0.270302 0.232945
v 0.026373 0.270298 0.229388
v 0.026330 0.270302 0.225828
v 0.096341 0.427503 0.242152
v 0.096338 0.617000 0.242202
v 0.096341 0.806497 0.242152
v 0.028578 0.806471 0.242104
v 0.028553 0.617000 0.242130
v 0.028578 0.427529 0.242104
v 0.026598 0.806497 0.236082
v 0.026548 0.617000 0.236088
v 0.026598 0.427503 0.236082
v 0.096052 1.141591 0.231125
v 0.095955 1.141641 0.227566
v 0.095866 1.141591 0.224008
v 0.028151 1.139769 0.225807
v 0.028218 1.139795 0.229340
v 0.028336 1.139769 0.232871
v 0.026330 0.963698 0.225828
v 0.026373 0.963702 0.229388
v 0.026516 0.963698 0.232945
v 0.095577 0.806497 0.212980
v 0.095572 0.617000 0.212931
v 0.095577 0.427503 0.212980
v 0.027910 0.427529 0.216574
v 0.027884 0.617000 0.216550
v 0.027910 0.806471 0.216574
v 0.026247 0.427503 0.222692
v 0.026198 0.617000 0.222689
v 0.026247 0.806497 0.222692
v 0.296753 0.092409 0.215608
v 0.225770 0.092359 0.217463
v 0.154787 0.092409 0.219326
v 0.154654 0.094231 0.213255
v 0.225610 0.094205 0.211372
v 0.296568 0.094231 0.209539
v 0.154580 0.270302 0.211435
v 0.225562 0.270298 0.209527
v 0.296547 0.270302 0.207718
v 0.154787 1.141591 0.219326
v 0.225770 1.141641 0.217463
v 0.296753 1.141591 0.215608
v 0.296568 1.139769 0.209539
v 0.225610 1.139795 0.211372
v 0.154654 1.139769 0.213255
v 0.296547 0.963698 0.207718
v 0.225562 0.963702 0.209527
v 0.154580 0.963698 0.211435
v 0.425292 0.806497 0.212242
v 0.425342 0.617000 0.212237
v 0.425292 0.427503 0.212242
v 0.423313 0.427529 0.206220
v 0.423337 0.617000 0.206194
v 0.423313 0.806471 0.206220
v 0.355550 0.427503 0.206173
v 0.355553 0.617000 0.206123
v 0.355550 0.806497 0.206173
v 0.356025 0.092409 0.224317
v 0.355936 0.092359 0.220758
v 0.355839 0.092409 0.217200
v 0.423554 0.094231 0.215453
v 0.423672 0.094205 0.218985
v 0.423739 0.094231 0.222517
v 0.425375 0.270302 0.215379
v 0.425518 0.270298 0.218936
v 0.425561 0.270302 0.222496
v 0.355839 1.141591 0.217200
v 0.355936 1.141641 0.220758
v 0.356025 1.141591 0.224317
v 0.423739 1.139769 0.222517
v 0.423672 1.139795 0.218985
v 0.423554 1.139769 0.215453
v 0.425561 0.963698 0.222496
v 0.425518 0.963702 0.218936
v 0.425375 0.963698 0.215379
v 0.356314 0.806497 0.235344
v 0.356319 0.617000 0.235394
v 0.356314 0.427503 0.235344
v 0.423981 0.427529 0.231750
v 0.424007 0.617000 0.231775
v 0.423981 0.806471 0.231750
v 0.425643 0.427503 0.225633
v 0.425693 0.617000 0.225636
v 0.425643 0.806497 0.225633
v 0.155137 0.092409 0.232716
v 0.226121 0.092359 0.230862
v 0.297104 0.092409 0.228999
v 0.297237 0.094231 0.235069
v 0.226280 0.094205 0.236952
v 0.155323 0.094231 0.238785
v 0.297311 0.270302 0.236889
v 0.226329 0.270298 0.238798
v 0.155344 0.270302 0.240607
v 0.297104 1.141591 0.228999
v 0.226121 1.141641 0.230862
v 0.155137 1.141591 0.232716
v 0.155323 1.139769 0.238785
v 0.226280 1.139795 0.236952
v 0.297237 1.139769 0.235069
v 0.155344 0.963698 0.240607
v 0.226329 0.963702 0.238798
v 0.297311 0.963698 0.236889
v 0.297320 0.427498 0.237047
v 0.297323 0.617000 0.237100
v 0.297320 0.806502 0.237047
v 0.226333 0.427496 0.238959
v 0.226334 0.617000 0.239012
v 0.226333 0.806504 0.238959
v 0.155343 0.427498 0.240765
v 0.155343 0.617000 0.240818
v 0.155343 0.806502 0.240765
v 0.425532 0.427498 0.215370
v 0.425585 0.617000 0.215367
v 0.425532 0.806502 0.215370
v 0.425678 0.427496 0.218932
v 0.425732 0.617000 0.218931
v 0.425678 0.806504 0.218932
v 0.425719 0.427498 0.222497
v 0.425772 0.617000 0.222497
v 0.425719 0.806502 0.222497
v 0.296840 1.141749 0.218740
v 0.225852 1.141802 0.220597
v 0.154864 1.141749 0.222458
v 0.296935 1.141802 0.222303
v 0.225945 1.141855 0.224162
v 0.154955 1.141802 0.226021
v 0.297027 1.141749 0.225867
v 0.226039 1.141802 0.227727
v 0.155050 1.141749 0.229585
v 0.026358 0.427498 0.232955
v 0.026306 0.617000 0.232958
v 0.026358 0.806502 0.232955
v 0.026212 0.427496 0.229392
v 0.026159 0.617000 0.229394
v 0.026212 0.806504 0.229392
v 0.026172 0.427498 0.225828
v 0.026119 0.617000 0.225827
v 0.026172 0.806502 0.225828
v 0.154571 0.427498 0.211277
v 0.154568 0.617000 0.211225
v 0.154571 0.806502 0.211277
v 0.225558 0.427496 0.209366
v 0.225556 0.617000 0.209312
v 0.225558 0.806504 0.209366
v 0.296547 0.427498 0.207559
v 0.296548 0.617000 0.207507
v 0.296547 0.806502 0.207559
v 0.058246 0.093038 0.237565
v 0.058331 0.093374 0.239208
v 0.058396 0.093833 0.240333
v 0.038300 0.093374 0.238045
v 0.038417 0.093666 0.239655
v 0.038515 0.094071 0.240732
v 0.030431 0.093833 0.238216
v 0.030594 0.094071 0.239789
v 0.030752 0.094396 0.240803
v 0.058376 0.169711 0.242516
v 0.038422 0.169753 0.242703
v 0.030542 0.169788 0.242450
v 0.058409 0.117597 0.242180
v 0.038489 0.117672 0.242409
v 0.030657 0.117742 0.242209
v 0.058432 0.097877 0.241720
v 0.038549 0.097999 0.242003
v 0.030781 0.098131 0.241881
v 0.027288 0.169711 0.238375
v 0.027622 0.117597 0.238325
v 0.028080 0.097877 0.238278
v 0.027666 0.169753 0.240011
v 0.027957 0.117672 0.239929
v 0.028359 0.097999 0.239848
v 0.028155 0.169788 0.241125
v 0.028389 0.117742 0.240997
v 0.028710 0.098131 0.240856
v 0.058376 1.064289 0.242516
v 0.058409 1.116403 0.242180
v 0.058432 1.136123 0.241720
v 0.038422 1.064247 0.242703
v 0.038489 1.116328 0.242409
v 0.038549 1.136001 0.242003
v 0.030542 1.064212 0.242450
v 0.030657 1.116258 0.242209
v 0.030781 1.135869 0.241881
v 0.058246 1.140961 0.237565
v 0.038300 1.140626 0.238045
v 0.030431 1.140167 0.238216
v 0.058331 1.140626 0.239208
v 0.038417 1.140334 0.239655
v 0.030594 1.139929 0.239789
v 0.058396 1.140167 0.240333
v 0.038515 1.139929 0.240732
v 0.030752 1.139604 0.240803
v 0.027288 1.064289 0.238375
v 0.027666 1.064247 0.240011
v 0.028155 1.064212 0.241125
v 0.027622 1.116403 0.238325
v 0.027957 1.116328 0.239929
v 0.028389 1.116258 0.240997
v 0.028080 1.136123 0.238278
v 0.028359 1.136001 0.239848
v 0.028710 1.135869 0.240856
v 0.057775 0.093038 0.219555
v 0.037831 0.093374 0.220119
v 0.029963 0.093833 0.220360
v 0.057774 0.093374 0.217910
v 0.037863 0.093666 0.218506
v 0.030043 0.094071 0.218781
v 0.057779 0.093833 0.216783
v 0.037905 0.094071 0.217425
v 0.030149 0.094396 0.217760
v 0.026816 0.169711 0.220366
v 0.027108 0.169753 0.218713
v 0.027538 0.169788 0.217575
v 0.027153 0.117597 0.220399
v 0.027403 0.117672 0.218779
v 0.027779 0.117742 0.217690
v 0.027613 0.097877 0.220422
v 0.027809 0.097999 0.218839
v 0.028107 0.098131 0.217814
v 0.057645 0.169711 0.214603
v 0.057696 0.117597 0.214937
v 0.057743 0.097877 0.215395
v 0.037709 0.169753 0.215461
v 0.037791 0.117672 0.215751
v 0.037872 0.097999 0.216154
v 0.029852 0.169788 0.216126
v 0.029980 0.117742 0.216361
v 0.030121 0.098131 0.216681
v 0.057775 1.140961 0.219555
v 0.057774 1.140626 0.217910
v 0.057779 1.140167 0.216783
v 0.037831 1.140626 0.220119
v 0.037863 1.140334 0.218506
v 0.037905 1.139929 0.217425
v 0.029963 1.140167 0.220360
v 0.030043 1.139929 0.218781
v 0.030149 1.139604 0.217760
v 0.057645 1.064289 0.214603
v 0.037709 1.064247 0.215461
v 0.029852 1.064212 0.216126
v 0.057696 1.116403 0.214937
v 0.037791 1.116328 0.215751
v 0.029980 1.116258 0.216361
v 0.057743 1.136123 0.215395
v 0.037872 1.136001 0.216154
v 0.030121 1.135869 0.216681
v 0.026816 1.064289 0.220366
v 0.027153 1.116403 0.220399
v 0.027613 1.136123 0.220422
v 0.027108 1.064247 0.218713
v 0.027403 1.116328 0.218779
v 0.027809 1.136001 0.218839
v 0.027538 1.064212 0.217575
v 0.027779 1.116258 0.217690
v 0.028107 1.135869 0.217814
v 0.394116 0.093038 0.228770
v 0.414060 0.093374 0.228205
v 0.421927 0.093833 0.227964
v 0.394117 0.093374 0.230415
v 0.414028 0.093666 0.229819
v 0.421847 0.094071 0.229544
v 0.394111 0.093833 0.231542
v 0.413986 0.094071 0.230900
v 0.421742 0.094396 0.230564
v 0.425074 0.169711 0.227959
v 0.424782 0.169753 0.229612
v 0.424353 0.169788 0.230750
v 0.424738 0.117597 0.227926
v 0.424488 0.117672 0.229545
v 0.424111 0.117742 0.230634
v 0.424278 0.097877 0.227903
v 0.424081 0.097999 0.229485
v 0.423784 0.098131 0.230511
v 0.394246 0.169711 0.233721
v 0.394195 0.117597 0.233387
v 0.394148 0.097877 0.232929
v 0.414182 0.169753 0.232864
v 0.414100 0.117672 0.232573
v 0.414019 0.097999 0.232171
v 0.422038 0.169788 0.232199
v 0.421910 0.117742 0.231964
v 0.421770 0.098131 0.231643
v 0.394116 1.140961 0.228770
v 0.394117 1.140626 0.230415
v 0.394111 1.140167 0.231542
v 0.414060 1.140626 0.228205
v 0.414028 1.140334 0.229819
v 0.413986 1.139929 0.230900
v 0.421927 1.140167 0.227964
v 0.421847 1.139929 0.229544
v 0.421742 1.139604 0.230564
v 0.394246 1.064289 0.233721
v 0.414182 1.064247 0.232864
v 0.422038 1.064212 0.232199
v 0.394195 1.116403 0.233387
v 0.414100 1.116328 0.232573
v 0.421910 1.116258 0.231964
v 0.394148 1.136123 0.232929
v 0.414019 1.136001 0.232171
v 0.421770 1.135869 0.231643
v 0.425074 1.064289 0.227959
v 0.424738 1.116403 0.227926
v 0.424278 1.136123 0.227903
v 0.424782 1.064247 0.229612
v 0.424488 1.116328 0.229545
v 0.424081 1.136001 0.229485
v 0.424353 1.064212 0.230750
v 0.424111 1.116258 0.230634
v 0.423784 1.135869 0.230511
v 0.393644 0.093038 0.210760
v 0.393559 0.093374 0.209117
v 0.393495 0.093833 0.207992
v 0.413591 0.093374 0.210279
v 0.413474 0.093666 0.208670
v 0.413375 0.094071 0.207593
v 0.421460 0.093833 0.210109
v 0.421297 0.094071 0.208535
v 0.421138 0.094396 0.207522
v 0.393515 0.169711 0.205808
v 0.413469 0.169753 0.205621
v 0.421349 0.169788 0.205874
v 0.393482 0.117597 0.206144
v 0.413402 0.117672 0.205915
v 0.421234 0.117742 0.206115
v 0.393458 0.097877 0.206604
v 0.413342 0.097999 0.206322
v 0.421110 0.098131 0.206443
v 0.424603 0.169711 0.209949
v 0.424269 0.117597 0.210000
v 0.423810 0.097877 0.210047
v 0.424224 0.169753 0.208314
v 0.423934 0.117672 0.208396
v 0.423531 0.097999 0.208477
v 0.423736 0.169788 0.207200
v 0.423501 0.117742 0.207328
v 0.423180 0.098131 0.207468
v 0.393644 1.140961 0.210760
v 0.413591 1.140626 0.210279
v 0.421460 1.140167 0.210109
v 0.393559 1.140626 0.209117
v 0.413474 1.140334 0.208670
v 0.421297 1.139929 0.208535
v 0.393495 1.140167 0.207992
v 0.413375 1.139929 0.207593
v 0.421138 1.139604 0.207522
v 0.424603 1.064289 0.209949
v 0.424224 1.064247 0.208314
v 0.423736 1.064212 0.207200
v 0.424269 1.116403 0.210000
v 0.423934 1.116328 0.208396
v 0.423501 1.116258 0.207328
v 0.423810 1.136123 0.210047
v 0.423531 1.136001 0.208477
v 0.423180 1.135869 0.207468
v 0.393515 1.064289 0.205808
v 0.393482 1.116403 0.206144
v 0.393458 1.136123 0.206604
v 0.413469 1.064247 0.205621
v 0.413402 1.116328 0.205916
v 0.413342 1.136001 0.206322
v 0.421349 1.064212 0.205874
v 0.421234 1.116258 0.206115
v 0.421110 1.135869 0.206443
v 0.057857 0.092675 0.225011
v 0.057942 0.092630 0.228562
v 0.058043 0.092675 0.232112
v 0.037872 0.093058 0.225543
v 0.037952 0.093019 0.229085
v 0.038058 0.093058 0.232627
v 0.029956 0.093573 0.225757
v 0.030030 0.093540 0.229292
v 0.030141 0.093573 0.232827
v 0.027494 0.097729 0.225821
v 0.027554 0.097710 0.229357
v 0.027679 0.097729 0.232892
v 0.026979 0.117497 0.225828
v 0.027033 0.117484 0.229371
v 0.027165 0.117497 0.232912
v 0.026595 0.169650 0.225829
v 0.026643 0.169642 0.229381
v 0.026781 0.169650 0.232931
v 0.058325 0.427511 0.242882
v 0.058318 0.617000 0.242927
v 0.058325 0.806489 0.242882
v 0.038330 0.427519 0.243022
v 0.038318 0.617000 0.243061
v 0.038330 0.806481 0.243022
v 0.030400 0.427526 0.242715
v 0.030382 0.617000 0.242747
v 0.030400 0.806474 0.242715
v 0.027898 0.427526 0.241280
v 0.027866 0.617000 0.241300
v 0.027898 0.806474 0.241280
v 0.027353 0.427519 0.240119
v 0.027314 0.617000 0.240133
v 0.027353 0.806481 0.240119
v 0.026926 0.427511 0.238446
v 0.026881 0.617000 0.238455
v 0.026926 0.806489 0.238446
v 0.058043 1.141325 0.232112
v 0.057942 1.141370 0.228562
v 0.057857 1.141325 0.225011
v 0.038058 1.140942 0.232627
v 0.037952 1.140981 0.229085
v 0.037872 1.140942 0.225543
v 0.030141 1.140427 0.232827
v 0.030030 1.140460 0.229292
v 0.029956 1.140427 0.225757
v 0.027679 1.136271 0.232892
v 0.027554 1.136290 0.229357
v 0.027493 1.136271 0.225821
v 0.027165 1.116503 0.232912
v 0.027033 1.116516 0.229371
v 0.026979 1.116503 0.225828
v 0.026781 1.064350 0.232931
v 0.026643 1.064358 0.229381
v 0.026595 1.064350 0.225829
v 0.057575 0.806489 0.214241
v 0.057566 0.617000 0.214196
v 0.057575 0.427511 0.214241
v 0.037600 0.806481 0.215148
v 0.037586 0.617000 0.215109
v 0.037600 0.427519 0.215148
v 0.029697 0.806474 0.215869
v 0.029677 0.617000 0.215838
v 0.029697 0.427526 0.215869
v 0.027274 0.806474 0.217433
v 0.027241 0.617000 0.217415
v 0.027274 0.427526 0.217433
v 0.026790 0.806481 0.218621
v 0.026751 0.617000 0.218609
v 0.026790 0.427519 0.218621
v 0.026451 0.806489 0.220314
v 0.026406 0.617000 0.220308
v 0.026451 0.427511 0.220314
v 0.296683 0.092675 0.213238
v 0.225708 0.092630 0.215089
v 0.154732 0.092675 0.216955
v 0.296631 0.093058 0.211555
v 0.225663 0.093019 0.213400
v 0.154697 0.093058 0.215271
v 0.296593 0.093573 0.210381
v 0.225633 0.093540 0.212220
v 0.154673 0.093573 0.214097
v 0.296554 0.097729 0.208882
v 0.225593 0.097710 0.210707
v 0.154634 0.097729 0.212598
v 0.296547 0.117497 0.208367
v 0.225579 0.117484 0.210186
v 0.154614 0.117497 0.212084
v 0.296546 0.169650 0.207983
v 0.225569 0.169642 0.209797
v 0.154595 0.169650 0.211700
v 0.154732 1.141325 0.216955
v 0.225708 1.141370 0.215089
v 0.296683 1.141325 0.213238
v 0.154697 1.140942 0.215271
v 0.225663 1.140981 0.213400
v 0.296631 1.140942 0.211555
v 0.154673 1.140427 0.214097
v 0.225633 1.140460 0.212220
v 0.296593 1.140427 0.210381
v 0.154634 1.136271 0.212598
v 0.225593 1.136290 0.210707
v 0.296554 1.136271 0.208882
v 0.154613 1.116503 0.212084
v 0.225579 1.116516 0.210186
v 0.296547 1.116503 0.208367
v 0.154595 1.064350 0.211700
v 0.225569 1.064358 0.209797
v 0.296546 1.064350 0.207983
v 0.424965 0.806489 0.209879
v 0.425010 0.617000 0.209870
v 0.424965 0.427511 0.209879
v 0.424537 0.806481 0.208205
v 0.424576 0.617000 0.208191
v 0.424537 0.427519 0.208205
v 0.423992 0.806474 0.207044
v 0.424024 0.617000 0.207025
v 0.423992 0.427526 0.207044
v 0.421491 0.806474 0.205610
v 0.421509 0.617000 0.205577
v 0.421491 0.427526 0.205610
v 0.413561 0.806481 0.205303
v 0.413572 0.617000 0.205264
v 0.413561 0.427519 0.205303
v 0.393566 0.806489 0.205443
v 0.393572 0.617000 0.205397
v 0.393566 0.427511 0.205443
v 0.394034 0.092675 0.223314
v 0.393949 0.092630 0.219763
v 0.393848 0.092675 0.216212
v 0.414018 0.093058 0.222782
v 0.413938 0.093019 0.219239
v 0.413833 0.093058 0.215698
v 0.421935 0.093573 0.222568
v 0.421861 0.093540 0.219032
v 0.421750 0.093573 0.215497
v 0.424397 0.097729 0.222503
v 0.424337 0.097710 0.218967
v 0.424212 0.097728 0.215433
v 0.424912 0.117497 0.222497
v 0.424858 0.117484 0.218954
v 0.424726 0.117497 0.215413
v 0.425295 0.169650 0.222495
v 0.425247 0.169642 0.218943
v 0.425109 0.169650 0.215394
v 0.393848 1.141325 0.216212
v 0.393949 1.141370 0.219763
v 0.394034 1.141325 0.223314
v 0.413833 1.140942 0.215698
v 0.413938 1.140981 0.219239
v 0.414018 1.140942 0.222782
v 0.421750 1.140427 0.215497
v 0.421861 1.140460 0.219032
v 0.421935 1.140427 0.222568
v 0.424212 1.136271 0.215433
v 0.424337 1.136290 0.218967
v 0.424397 1.136271 0.222503
v 0.424726 1.116503 0.215413
v 0.424858 1.116516 0.218954
v 0.424912 1.116503 0.222497
v 0.425109 1.064350 0.215394
v 0.425247 1.064358 0.218943
v 0.425295 1.064350 0.222495
v 0.394316 0.806489 0.234084
v 0.394325 0.617000 0.234128
v 0.394316 0.427511 0.234084
v 0.414291 0.806481 0.233177
v 0.414304 0.617000 0.233215
v 0.414291 0.427519 0.233177
v 0.422194 0.806474 0.232455
v 0.422213 0.617000 0.232487
v 0.422194 0.427526 0.232455
v 0.424617 0.806474 0.230892
v 0.424650 0.617000 0.230910
v 0.424617 0.427526 0.230892
v 0.425100 0.806481 0.229704
v 0.425140 0.617000 0.229716
v 0.425100 0.427519 0.229704
v 0.425440 0.806489 0.228010
v 0.425485 0.617000 0.228017
v 0.425440 0.427511 0.228010
v 0.155207 0.092675 0.235086
v 0.226183 0.092630 0.233236
v 0.297158 0.092675 0.231369
v 0.155260 0.093058 0.236770
v 0.226227 0.093019 0.234924
v 0.297194 0.093058 0.233053
v 0.155298 0.093573 0.237944
v 0.226258 0.093540 0.236105
v 0.297217 0.093573 0.234228
v 0.155337 0.097729 0.239443
v 0.226298 0.097710 0.237617
v 0.297257 0.097729 0.235727
v 0.155343 0.117497 0.239957
v 0.226311 0.117484 0.238138
v 0.297277 0.117497 0.236241
v 0.155345 0.169650 0.240341
v 0.226321 0.169642 0.238528
v 0.297296 0.169650 0.236624
v 0.297158 1.141325 0.231369
v 0.226183 1.141370 0.233236
v 0.155207 1.141325 0.235086
v 0.297194 1.140942 0.233053
v 0.226227 1.140981 0.234924
v 0.155260 1.140942 0.236770
v 0.297217 1.140427 0.234228
v 0.226258 1.140460 0.236105
v 0.155298 1.140427 0.237944
v 0.297257 1.136271 0.235727
v 0.226298 1.136290 0.237617
v 0.155337 1.136271 0.239443
v 0.297277 1.116503 0.236241
v 0.226311 1.116516 0.238138
v 0.155343 1.116503 0.239957
v 0.297296 1.064350 0.236624
v 0.226321 1.064358 0.238528
v 0.155345 1.064350 0.240341
v 0.154864 0.092251 0.222458
v 0.225852 0.092198 0.220597
v 0.296840 0.092251 0.218740
v 0.154955 0.092198 0.226021
v 0.225945 0.092145 0.224162
v 0.296935 0.092198 0.222303
v 0.155050 0.092251 0.229585
v 0.226039 0.092198 0.227727
v 0.297027 0.092251 0.225867
vn 0.0269 -0.0003 0.9996
vn 0.0269 0.0003 0.9996
vn 0.0254 -0.0003 0.9997
vn 0.0254 0.0003 0.9997
vn 0.0287 -0.0010 0.9996
vn 0.0289 -0.0003 0.9996
vn 0.0289 0.0003 0.9996
vn 0.0289 0.0010 0.9996
vn 0.0269 0.0010 0.9996
vn 0.0254 0.0010 0.9997
vn 0.0235 0.0010 0.9997
vn 0.0235 0.0003 0.9997
vn 0.0235 -0.0003 0.9997
vn 0.0236 -0.0010 0.9997
vn 0.0255 -0.0010 0.9997
vn 0.0269 -0.0010 0.9996
vn 0.9992 -0.0003 -0.0409
vn 0.9992 0.0003 -0.0412
vn 0.9999 -0.0003 -0.0114
vn 0.9999 0.0003 -0.0111
vn 0.9973 -0.0010 -0.0739
vn 0.9971 -0.0003 -0.0765
vn 0.9970 0.0003 -0.0774
vn 0.9971 0.0010 -0.0765
vn 0.9992 0.0010 -0.0410
vn 0.9999 0.0010 -0.0114
vn 0.9997 0.0010 0.0242
vn 0.9997 0.0003 0.0251
vn 0.9997 -0.0003 0.0242
vn 0.9998 -0.0010 0.0216
vn 0.9999 -0.0010 -0.0122
vn 0.9992 -0.0010 -0.0402
vn 0.0004 0.9999 -0.0148
vn -0.0011 0.9999 -0.0150
vn 0.0011 0.9999 0.0148
vn -0.0003 0.9999 0.0150
vn 0.0014 0.9989 -0.0478
vn -0.0006 0.9987 -0.0504
vn -0.0020 0.9987 -0.0512
vn -0.0039 0.9987 -0.0503
vn -0.0031 0.9999 -0.0147
vn -0.0023 0.9999 0.0149
vn -0.0012 0.9987 0.0504
vn 0.0006 0.9987 0.0513
vn 0.0021 0.9987 0.0504
vn 0.0039 0.9989 0.0477
vn 0.0031 0.9999 0.0139
vn 0.0024 0.9999 -0.0141
vn -0.9992 -0.0003 0.0409
vn -0.9992 0.0003 0.0412
vn -0.9999 -0.0003 0.0114
vn -0.9999 0.0003 0.0111
vn -0.9973 -0.0010 0.0739
vn -0.9971 -0.0003 0.0765
vn -0.9970 0.0003 0.0774
vn -0.9971 0.0010 0.0765
vn -0.9992 0.0010 0.0410
vn -0.9999 0.0010 0.0114
vn -0.9997 0.0010 -0.0242
vn -0.9997 0.0003 -0.0251
vn -0.9997 -0.0003 -0.0242
vn -0.9998 -0.0010 -0.0216
vn -0.9999 -0.0010 0.0122
vn -0.9992 -0.0010 0.0402
vn -0.0269 -0.0003 -0.9996
vn -0.0269 0.0003 -0.9996
vn -0.0254 -0.0003 -0.9997
vn -0.0254 0.0003 -0.9997
vn -0.0287 -0.0010 -0.9996
vn -0.0289 -0.0003 -0.9996
vn -0.0289 0.0003 -0.9996
vn -0.0289 0.0010 -0.9996
vn -0.0269 0.0010 -0.9996
vn -0.0254 0.0010 -0.9997
vn -0.0235 0.0010 -0.9997
vn -0.0235 0.0003 -0.9997
vn -0.0235 -0.0003 -0.9997
vn -0.0236 -0.0010 -0.9997
vn -0.0255 -0.0010 -0.9997
vn -0.0269 -0.0010 -0.9996
vn -0.0122 -0.9837 0.1797
vn -0.0058 -0.9359 0.3522
vn -0.0542 -0.9864 0.1548
vn -0.0438 -0.9495 0.3108
vn -0.0041 -0.9952 0.0974
vn -0.0008 -0.9798 0.2000
vn 0.0044 -0.9259 0.3777
vn 0.0110 -0.7949 0.6066
vn 0.0023 -0.8031 0.5958
vn -0.0291 -0.8216 0.5693
vn -0.2431 -0.8596 0.4494
vn -0.2900 -0.9142 0.2829
vn -0.3184 -0.9356 0.1523
vn -0.3336 -0.9394 0.0793
vn -0.0605 -0.9954 0.0747
vn -0.0161 -0.9962 0.0860
vn 0.0115 -0.0064 0.9999
vn -0.0255 -0.0057 0.9997
vn 0.0141 -0.0233 0.9996
vn -0.0159 -0.0207 0.9997
vn 0.0202 -0.0025 0.9998
vn 0.0094 -0.0023 1.0000
vn -0.0321 -0.0020 0.9995
vn -0.2997 -0.0018 0.9540
vn -0.2793 -0.0051 0.9602
vn -0.2394 -0.0177 0.9708
vn -0.1271 -0.1337 0.9828
vn -0.0071 -0.1580 0.9874
vn 0.0154 -0.1719 0.9850
vn 0.0219 -0.1802 0.9834
vn 0.0218 -0.0250 0.9994
vn 0.0209 -0.0070 0.9998
vn -0.9742 -0.0058 0.2255
vn -0.9785 -0.0209 0.2051
vn -0.9157 -0.0051 0.4018
vn -0.9263 -0.0179 0.3764
vn -0.9912 -0.0023 0.1320
vn -0.9924 -0.0065 0.1232
vn -0.9935 -0.0233 0.1117
vn -0.9798 -0.1717 0.1022
vn -0.9701 -0.1572 0.1847
vn -0.9307 -0.1319 0.3412
vn -0.8017 -0.0885 0.5912
vn -0.7872 -0.0159 0.6165
vn -0.7787 -0.0048 0.6274
vn -0.7740 -0.0018 0.6332
vn -0.9090 -0.0019 0.4168
vn -0.9709 -0.0021 0.2394
vn 0.0094 0.0056 0.9999
vn 0.0114 0.0206 0.9997
vn -0.0321 0.0047 0.9995
vn -0.0256 0.0169 0.9995
vn 0.0196 0.0023 0.9998
vn 0.0202 0.0064 0.9998
vn 0.0209 0.0233 0.9995
vn 0.0211 0.1719 0.9849
vn 0.0131 0.1579 0.9874
vn -0.0177 0.1328 0.9910
vn -0.2412 0.0783 0.9673
vn -0.2795 0.0143 0.9600
vn -0.2997 0.0044 0.9540
vn -0.3113 0.0016 0.9503
vn -0.0363 0.0017 0.9993
vn 0.0079 0.0020 1.0000
vn -0.0099 0.9796 0.2005
vn -0.0477 0.9821 0.1820
vn -0.0035 0.9257 0.3781
vn -0.0358 0.9344 0.3544
vn -0.0033 0.9944 0.1061
vn -0.0144 0.9951 0.0978
vn -0.0561 0.9945 0.0880
vn -0.3219 0.9426 0.0883
vn -0.2986 0.9386 0.1729
vn -0.2544 0.9088 0.3309
vn -0.1731 0.8002 0.5742
vn -0.0246 0.8020 0.5968
vn 0.0033 0.7948 0.6069
vn 0.0113 0.7902 0.6127
vn 0.0054 0.9196 0.3928
vn 0.0002 0.9768 0.2141
vn -0.9788 0.0065 0.2045
vn -0.9267 0.0058 0.3758
vn -0.9840 0.0233 0.1768
vn -0.9434 0.0207 0.3311
vn -0.9924 0.0025 0.1231
vn -0.9743 0.0023 0.2254
vn -0.9158 0.0021 0.4017
vn -0.7788 0.0018 0.6273
vn -0.7875 0.0051 0.6163
vn -0.8085 0.0174 0.5882
vn -0.8918 0.1290 0.4336
vn -0.9482 0.1550 0.2772
vn -0.9727 0.1709 0.1567
vn -0.9796 0.1799 0.0899
vn -0.9949 0.0250 0.0978
vn -0.9938 0.0070 0.1114
vn -0.0204 -0.9796 -0.1997
vn -0.0571 -0.9821 -0.1792
vn -0.0233 -0.9257 -0.3774
vn -0.0543 -0.9344 -0.3521
vn -0.0089 -0.9943 -0.1058
vn -0.0195 -0.9951 -0.0969
vn -0.0607 -0.9945 -0.0849
vn -0.3261 -0.9426 -0.0713
vn -0.3072 -0.9386 -0.1570
vn -0.2713 -0.9087 -0.3171
vn -0.2029 -0.8002 -0.5644
vn -0.0558 -0.8020 -0.5947
vn -0.0285 -0.7948 -0.6062
vn -0.0207 -0.7902 -0.6125
vn -0.0152 -0.9196 -0.3926
vn -0.0111 -0.9768 -0.2138
vn -0.9882 -0.0065 -0.1530
vn -0.9451 -0.0058 -0.3268
vn -0.9919 -0.0233 -0.1251
vn -0.9594 -0.0207 -0.2812
vn -0.9975 -0.0025 -0.0711
vn -0.9847 -0.0023 -0.1742
vn -0.9355 -0.0021 -0.3532
vn -0.8105 -0.0018 -0.5857
vn -0.8187 -0.0051 -0.5742
vn -0.8382 -0.0174 -0.5451
vn -0.9133 -0.1290 -0.3862
vn -0.9614 -0.1550 -0.2272
vn -0.9796 -0.1709 -0.1056
vn -0.9829 -0.1799 -0.0385
vn -0.9986 -0.0250 -0.0456
vn -0.9982 -0.0070 -0.0592
vn -0.0430 -0.0056 -0.9991
vn -0.0409 -0.0206 -0.9989
vn -0.0844 -0.0047 -0.9964
vn -0.0779 -0.0169 -0.9968
vn -0.0328 -0.0023 -0.9995
vn -0.0322 -0.0064 -0.9995
vn -0.0314 -0.0233 -0.9992
vn -0.0304 -0.1719 -0.9846
vn -0.0386 -0.1579 -0.9867
vn -0.0696 -0.1328 -0.9887
vn -0.2915 -0.0783 -0.9534
vn -0.3293 -0.0143 -0.9441
vn -0.3492 -0.0044 -0.9370
vn -0.3606 -0.0016 -0.9327
vn -0.0885 -0.0017 -0.9961
vn -0.0445 -0.0020 -0.9990
vn -0.0216 0.9837 -0.1788
vn -0.0243 0.9359 -0.3514
vn -0.0623 0.9864 -0.1518
vn -0.0600 0.9495 -0.3081
vn -0.0092 0.9952 -0.0970
vn -0.0113 0.9798 -0.1997
vn -0.0153 0.9259 -0.3774
vn -0.0208 0.7949 -0.6064
vn -0.0288 0.8031 -0.5951
vn -0.0589 0.8216 -0.5670
vn -0.2663 0.8596 -0.4360
vn -0.3044 0.9142 -0.2674
vn -0.3260 0.9356 -0.1354
vn -0.3373 0.9394 -0.0617
vn -0.0643 0.9954 -0.0715
vn -0.0206 0.9962 -0.0850
vn -0.0409 0.0064 -0.9991
vn -0.0778 0.0057 -0.9970
vn -0.0383 0.0233 -0.9990
vn -0.0682 0.0207 -0.9975
vn -0.0322 0.0025 -0.9995
vn -0.0430 0.0023 -0.9991
vn -0.0844 0.0020 -0.9964
vn -0.3492 0.0018 -0.9370
vn -0.3292 0.0051 -0.9442
vn -0.2899 0.0177 -0.9569
vn -0.1783 0.1337 -0.9748
vn -0.0588 0.1580 -0.9857
vn -0.0362 0.1719 -0.9845
vn -0.0296 0.1802 -0.9832
vn -0.0305 0.0250 -0.9992
vn -0.0314 0.0070 -0.9995
vn -0.9847 0.0058 -0.1742
vn -0.9879 0.0209 -0.1537
vn -0.9355 0.0051 -0.3533
vn -0.9447 0.0179 -0.3274
vn -0.9968 0.0023 -0.0799
vn -0.9974 0.0065 -0.0711
vn -0.9979 0.0233 -0.0596
vn -0.9838 0.1717 -0.0508
vn -0.9785 0.1572 -0.1337
vn -0.9473 0.1319 -0.2920
vn -0.8315 0.0885 -0.5484
vn -0.8184 0.0159 -0.5744
vn -0.8105 0.0048 -0.5857
vn -0.8061 0.0018 -0.5918
vn -0.9296 0.0019 -0.3687
vn -0.9821 0.0021 -0.1883
vn 0.0204 -0.9796 0.1997
vn 0.0571 -0.9821 0.1792
vn 0.0233 -0.9257 0.3774
vn 0.0543 -0.9344 0.3521
vn 0.0089 -0.9943 0.1058
vn 0.0195 -0.9951 0.0969
vn 0.0606 -0.9945 0.0849
vn 0.3261 -0.9426 0.0713
vn 0.3072 -0.9386 0.1570
vn 0.2713 -0.9087 0.3171
vn 0.2029 -0.8002 0.5644
vn 0.0558 -0.8020 0.5947
vn 0.0285 -0.7948 0.6062
vn 0.0207 -0.7902 0.6125
vn 0.0152 -0.9196 0.3926
vn 0.0111 -0.9768 0.2138
vn 0.9882 -0.0065 0.1530
vn 0.9451 -0.0058 0.3268
vn 0.9919 -0.0233 0.1250
vn 0.9594 -0.0207 0.2812
vn 0.9975 -0.0025 0.0711
vn 0.9847 -0.0023 0.1741
vn 0.9355 -0.0021 0.3533
vn 0.8105 -0.0018 0.5857
vn 0.8187 -0.0051 0.5742
vn 0.8382 -0.0174 0.5451
vn 0.9133 -0.1290 0.3862
vn 0.9614 -0.1550 0.2272
vn 0.9796 -0.1709 0.1056
vn 0.9829 -0.1799 0.0385
vn 0.9986 -0.0250 0.0456
vn 0.9982 -0.0070 0.0592
vn 0.0430 -0.0056 0.9991
vn 0.0409 -0.0206 0.9989
vn 0.0844 -0.0047 0.9964
vn 0.0779 -0.0169 0.9968
vn 0.0328 -0.0023 0.9995
vn 0.0322 -0.0064 0.9995
vn 0.0314 -0.0233 0.9992
vn 0.0304 -0.1719 0.9846
vn 0.0386 -0.1579 0.9867
vn 0.0696 -0.1328 0.9887
vn 0.2915 -0.0783 0.9534
vn 0.3293 -0.0143 0.9441
vn 0.3492 -0.0044 0.9370
vn 0.3606 -0.0016 0.9327
vn 0.0885 -0.0017 0.9961
vn 0.0445 -0.0020 0.9990
vn 0.0216 0.9837 0.1788
vn 0.0243 0.9359 0.3514
vn 0.0622 0.9864 0.1518
vn 0.0600 0.9495 0.3081
vn 0.0092 0.9952 0.0970
vn 0.0113 0.9798 0.1997
vn 0.0153 0.9259 0.3774
vn 0.0208 0.7949 0.6064
vn 0.0288 0.8031 0.5951
vn 0.0589 0.8216 0.5670
vn 0.2663 0.8596 0.4360
vn 0.3044 0.9142 0.2674
vn 0.3259 0.9356 0.1354
vn 0.3374 0.9394 0.0617
vn 0.0643 0.9954 0.0715
vn 0.0206 0.9962 0.0851
vn 0.0409 0.0064 0.9991
vn 0.0778 0.0057 0.9970
vn 0.0383 0.0233 0.9990
vn 0.0682 0.0207 0.9975
vn 0.0322 0.0025 0.9995
vn 0.0430 0.0023 0.9991
vn 0.0844 0.0020 0.9964
vn 0.3492 0.0018 0.9370
vn 0.3292 0.0051 0.9442
vn 0.2899 0.0177 0.9569
vn 0.1783 0.1337 0.9748
vn 0.0588 0.1580 0.9857
vn 0.0362 0.1719 0.9845
vn 0.0296 0.1802 0.9832
vn 0.0305 0.0250 0.9992
vn 0.0314 0.0070 0.9995
vn 0.9847 0.0058 0.1742
vn 0.9879 0.0209 0.1537
vn 0.9355 0.0051 0.3534
vn 0.9447 0.0179 0.3274
vn 0.9968 0.0023 0.0799
vn 0.9974 0.0065 0.0711
vn 0.9979 0.0233 0.0596
vn 0.9838 0.1717 0.0508
vn 0.9785 0.1572 0.1337
vn 0.9473 0.1319 0.2920
vn 0.8315 0.0885 0.5484
vn 0.8184 0.0159 0.5744
vn 0.8105 0.0048 0.5857
vn 0.8060 0.0018 0.5919
vn 0.9296 0.0019 0.3686
vn 0.9821 0.0021 0.1883
vn 0.0122 -0.9836 -0.1797
vn 0.0059 -0.9359 -0.3522
vn 0.0542 -0.9864 -0.1549
vn 0.0438 -0.9495 -0.3108
vn 0.0041 -0.9952 -0.0974
vn 0.0008 -0.9798 -0.2000
vn -0.0044 -0.9259 -0.3777
vn -0.0110 -0.7949 -0.6066
vn -0.0023 -0.8032 -0.5957
vn 0.0291 -0.8216 -0.5693
vn 0.2431 -0.8596 -0.4494
vn 0.2900 -0.9142 -0.2829
vn 0.3184 -0.9356 -0.1523
vn 0.3337 -0.9394 -0.0792
vn 0.0605 -0.9954 -0.0747
vn 0.0161 -0.9962 -0.0860
vn -0.0115 -0.0064 -0.9999
vn 0.0255 -0.0057 -0.9997
vn -0.0141 -0.0233 -0.9996
vn 0.0159 -0.0207 -0.9997
vn -0.0202 -0.0025 -0.9998
vn -0.0094 -0.0023 -1.0000
vn 0.0321 -0.0020 -0.9995
vn 0.2997 -0.0018 -0.9540
vn 0.2793 -0.0051 -0.9602
vn 0.2394 -0.0177 -0.9708
vn 0.1271 -0.1337 -0.9828
vn 0.0071 -0.1580 -0.9874
vn -0.0154 -0.1719 -0.9850
vn -0.0219 -0.1802 -0.9834
vn -0.0218 -0.0250 -0.9994
vn -0.0209 -0.0070 -0.9998
vn 0.9742 -0.0058 -0.2255
vn 0.9785 -0.0209 -0.2051
vn 0.9157 -0.0051 -0.4019
vn 0.9263 -0.0179 -0.3764
vn 0.9912 -0.0023 -0.1320
vn 0.9924 -0.0065 -0.1232
vn 0.9935 -0.0233 -0.1118
vn 0.9798 -0.1717 -0.1022
vn 0.9701 -0.1572 -0.1847
vn 0.9307 -0.1319 -0.3412
vn 0.8017 -0.0885 -0.5912
vn 0.7872 -0.0159 -0.6165
vn 0.7787 -0.0048 -0.6273
vn 0.7740 -0.0018 -0.6332
vn 0.9090 -0.0019 -0.4168
vn 0.9709 -0.0021 -0.2395
vn 0.0099 0.9796 -0.2005
vn 0.0477 0.9821 -0.1820
vn 0.0035 0.9257 -0.3781
vn 0.0358 0.9344 -0.3544
vn 0.0033 0.9944 -0.1061
vn 0.0144 0.9951 -0.0978
vn 0.0561 0.9945 -0.0880
vn 0.3219 0.9426 -0.0883
vn 0.2986 0.9386 -0.1729
vn 0.2544 0.9088 -0.3309
vn 0.1731 0.8002 -0.5742
vn 0.0246 0.8020 -0.5968
vn -0.0033 0.7948 -0.6069
vn -0.0113 0.7902 -0.6127
vn -0.0054 0.9196 -0.3928
vn -0.0002 0.9768 -0.2141
vn 0.9788 0.0065 -0.2045
vn 0.9267 0.0058 -0.3758
vn 0.9840 0.0233 -0.1768
vn 0.9434 0.0207 -0.3310
vn 0.9924 0.0025 -0.1231
vn 0.9743 0.0023 -0.2254
vn 0.9158 0.0021 -0.4017
vn 0.7788 0.0018 -0.6273
vn 0.7876 0.0051 -0.6162
vn 0.8085 0.0174 -0.5882
vn 0.8919 0.1290 -0.4335
vn 0.9482 0.1550 -0.2772
vn 0.9727 0.1709 -0.1568
vn 0.9796 0.1799 -0.0899
vn 0.9949 0.0250 -0.0978
vn 0.9938 0.0070 -0.1113
vn -0.0094 0.0056 -0.9999
vn -0.0114 0.0206 -0.9997
vn 0.0321 0.0047 -0.9995
vn 0.0256 0.0169 -0.9995
vn -0.0196 0.0023 -0.9998
vn -0.0202 0.0064 -0.9998
vn -0.0209 0.0233 -0.9995
vn -0.0211 0.1719 -0.9849
vn -0.0131 0.1579 -0.9874
vn 0.0177 0.1328 -0.9910
vn 0.2412 0.0783 -0.9673
vn 0.2795 0.0143 -0.9600
vn 0.2997 0.0044 -0.9540
vn 0.3113 0.0016 -0.9503
vn 0.0363 0.0017 -0.9993
vn -0.0079 0.0020 -1.0000
vn -0.0195 -0.9997 -0.0122
vn -0.0192 -0.9997 0.0116
vn -0.0651 -0.9978 -0.0095
vn -0.0654 -0.9978 0.0112
vn -0.0079 -0.9988 -0.0476
vn -0.0074 -0.9999 -0.0138
vn -0.0068 -0.9999 0.0129
vn -0.0058 -0.9990 0.0436
vn -0.0182 -0.9991 0.0385
vn -0.0640 -0.9974 0.0341
vn -0.3414 -0.9391 0.0405
vn -0.3442 -0.9387 0.0182
vn -0.3427 -0.9395 -0.0014
vn -0.3368 -0.9412 -0.0269
vn -0.0634 -0.9973 -0.0369
vn -0.0195 -0.9989 -0.0431
vn -0.9995 -0.0260 0.0150
vn -0.9990 -0.0264 0.0354
vn -0.9999 -0.0074 0.0135
vn -0.9993 -0.0075 0.0372
vn -0.9836 -0.1801 -0.0084
vn -0.9826 -0.1849 0.0158
vn -0.9819 -0.1864 0.0341
vn -0.9813 -0.1848 0.0545
vn -0.9980 -0.0260 0.0580
vn -0.9979 -0.0074 0.0640
vn -0.9976 -0.0026 0.0696
vn -0.9992 -0.0027 0.0389
vn -0.9999 -0.0026 0.0122
vn -0.9998 -0.0025 -0.0216
vn -0.9998 -0.0070 -0.0173
vn -0.9996 -0.0250 -0.0120
vn 0.0070 -0.0002 1.0000
vn 0.0067 0.0002 1.0000
vn -0.0387 -0.0002 0.9993
vn -0.0395 0.0002 0.9992
vn 0.0196 -0.0010 0.9998
vn 0.0192 -0.0003 0.9998
vn 0.0191 0.0002 0.9998
vn 0.0192 0.0009 0.9998
vn 0.0070 0.0008 1.0000
vn -0.0387 0.0006 0.9993
vn -0.3178 0.0006 0.9482
vn -0.3199 0.0002 0.9475
vn -0.3178 -0.0002 0.9482
vn -0.3113 -0.0007 0.9503
vn -0.0363 -0.0008 0.9993
vn 0.0079 -0.0009 1.0000
vn -0.9052 -0.0002 0.4250
vn -0.9039 0.0002 0.4277
vn -0.9689 -0.0002 0.2475
vn -0.9682 0.0002 0.2502
vn -0.7740 -0.0007 0.6332
vn -0.7714 -0.0002 0.6364
vn -0.7706 0.0002 0.6374
vn -0.7714 0.0007 0.6364
vn -0.9052 0.0007 0.4250
vn -0.9689 0.0008 0.2475
vn -0.9905 0.0009 0.1373
vn -0.9903 0.0002 0.1391
vn -0.9905 -0.0003 0.1373
vn -0.9913 -0.0010 0.1320
vn -0.9709 -0.0009 0.2394
vn -0.9090 -0.0008 0.4168
vn -0.0189 0.9997 0.0132
vn -0.0198 0.9997 -0.0106
vn -0.0645 0.9978 0.0130
vn -0.0659 0.9978 -0.0078
vn -0.0054 0.9988 0.0480
vn -0.0066 0.9999 0.0142
vn -0.0074 0.9999 -0.0125
vn -0.0081 0.9990 -0.0433
vn -0.0202 0.9991 -0.0375
vn -0.0656 0.9974 -0.0307
vn -0.3430 0.9391 -0.0226
vn -0.3447 0.9387 -0.0002
vn -0.3421 0.9395 0.0194
vn -0.3349 0.9412 0.0444
vn -0.0614 0.9973 0.0401
vn -0.0172 0.9989 0.0440
vn -0.9990 0.0260 0.0373
vn -0.9995 0.0264 0.0169
vn -0.9992 0.0074 0.0389
vn -0.9999 0.0075 0.0151
vn -0.9818 0.1801 0.0599
vn -0.9821 0.1849 0.0357
vn -0.9823 0.1864 0.0173
vn -0.9828 0.1848 -0.0030
vn -0.9996 0.0260 -0.0057
vn -0.9999 0.0074 -0.0117
vn -0.9998 0.0026 -0.0173
vn -0.9999 0.0027 0.0135
vn -0.9992 0.0026 0.0402
vn -0.9973 0.0025 0.0739
vn -0.9975 0.0070 0.0696
vn -0.9976 0.0250 0.0643
vn -0.0454 0.0002 -0.9990
vn -0.0456 -0.0002 -0.9990
vn -0.0909 0.0002 -0.9959
vn -0.0917 -0.0002 -0.9958
vn -0.0328 0.0010 -0.9995
vn -0.0332 0.0003 -0.9995
vn -0.0333 -0.0002 -0.9994
vn -0.0332 -0.0009 -0.9994
vn -0.0454 -0.0008 -0.9990
vn -0.0909 -0.0006 -0.9959
vn -0.3669 -0.0006 -0.9302
vn -0.3690 -0.0002 -0.9294
vn -0.3669 0.0002 -0.9302
vn -0.3606 0.0007 -0.9327
vn -0.0885 0.0008 -0.9961
vn -0.0445 0.0009 -0.9990
vn -0.9262 0.0002 -0.3771
vn -0.9251 -0.0002 -0.3798
vn -0.9805 0.0002 -0.1965
vn -0.9800 -0.0002 -0.1992
vn -0.8061 0.0007 -0.5918
vn -0.8036 0.0002 -0.5951
vn -0.8029 -0.0002 -0.5962
vn -0.8036 -0.0007 -0.5951
vn -0.9262 -0.0007 -0.3771
vn -0.9805 -0.0008 -0.1965
vn -0.9964 -0.0009 -0.0853
vn -0.9962 -0.0002 -0.0870
vn -0.9964 0.0003 -0.0853
vn -0.9968 0.0010 -0.0799
vn -0.9821 0.0009 -0.1883
vn -0.9296 0.0008 -0.3686
vn -0.0052 -0.9750 -0.2220
vn -0.0065 -0.9744 -0.2246
vn -0.0099 -0.9160 -0.4011
vn -0.0111 -0.9148 -0.4038
vn -0.0002 -0.9944 -0.1060
vn -0.0022 -0.9938 -0.1113
vn -0.0036 -0.9936 -0.1130
vn -0.0052 -0.9938 -0.1112
vn -0.0079 -0.9750 -0.2219
vn -0.0124 -0.9160 -0.4010
vn -0.0179 -0.7878 -0.6157
vn -0.0167 -0.7870 -0.6167
vn -0.0156 -0.7878 -0.6158
vn -0.0142 -0.7903 -0.6126
vn -0.0082 -0.9196 -0.3927
vn -0.0033 -0.9768 -0.2140
vn -0.0256 -0.0260 -0.9993
vn -0.0266 -0.0263 -0.9993
vn -0.0255 -0.0074 -0.9996
vn -0.0267 -0.0075 -0.9996
vn -0.0240 -0.1802 -0.9833
vn -0.0252 -0.1849 -0.9824
vn -0.0261 -0.1864 -0.9821
vn -0.0272 -0.1849 -0.9824
vn -0.0278 -0.0260 -0.9993
vn -0.0282 -0.0074 -0.9996
vn -0.0285 -0.0026 -0.9996
vn -0.0268 -0.0027 -0.9996
vn -0.0255 -0.0026 -0.9997
vn -0.0236 -0.0025 -0.9997
vn -0.0239 -0.0070 -0.9997
vn -0.0242 -0.0250 -0.9994
vn -0.0065 0.9750 -0.2220
vn -0.0053 0.9744 -0.2247
vn -0.0111 0.9160 -0.4010
vn -0.0101 0.9148 -0.4038
vn -0.0053 0.9944 -0.1059
vn -0.0036 0.9938 -0.1112
vn -0.0023 0.9936 -0.1130
vn -0.0006 0.9938 -0.1113
vn -0.0037 0.9750 -0.2221
vn -0.0086 0.9160 -0.4011
vn -0.0143 0.7878 -0.6158
vn -0.0156 0.7870 -0.6168
vn -0.0166 0.7878 -0.6157
vn -0.0179 0.7903 -0.6125
vn -0.0124 0.9196 -0.3926
vn -0.0079 0.9768 -0.2139
vn -0.0267 0.0260 -0.9993
vn -0.0257 0.0263 -0.9993
vn -0.0268 0.0074 -0.9996
vn -0.0256 0.0075 -0.9996
vn -0.0275 0.1802 -0.9832
vn -0.0262 0.1849 -0.9824
vn -0.0253 0.1864 -0.9821
vn -0.0242 0.1849 -0.9825
vn -0.0245 0.0260 -0.9994
vn -0.0242 0.0074 -0.9997
vn -0.0239 0.0026 -0.9997
vn -0.0255 0.0027 -0.9997
vn -0.0269 0.0026 -0.9996
vn -0.0287 0.0025 -0.9996
vn -0.0285 0.0070 -0.9996
vn -0.0282 0.0250 -0.9993
vn 0.9689 0.0002 -0.2475
vn 0.9682 -0.0002 -0.2501
vn 0.9052 0.0002 -0.4250
vn 0.9039 -0.0002 -0.4278
vn 0.9912 0.0010 -0.1320
vn 0.9905 0.0003 -0.1373
vn 0.9903 -0.0002 -0.1391
vn 0.9905 -0.0009 -0.1373
vn 0.9689 -0.0008 -0.2475
vn 0.9052 -0.0007 -0.4250
vn 0.7714 -0.0007 -0.6363
vn 0.7706 -0.0002 -0.6373
vn 0.7714 0.0002 -0.6363
vn 0.7740 0.0007 -0.6332
vn 0.9090 0.0008 -0.4168
vn 0.9709 0.0009 -0.2394
vn 0.0387 0.0002 -0.9993
vn 0.0395 -0.0002 -0.9992
vn -0.0070 0.0002 -1.0000
vn -0.0067 -0.0002 -1.0000
vn 0.3113 0.0007 -0.9503
vn 0.3178 0.0002 -0.9482
vn 0.3198 -0.0002 -0.9475
vn 0.3178 -0.0006 -0.9482
vn 0.0387 -0.0006 -0.9993
vn -0.0070 -0.0008 -1.0000
vn -0.0192 -0.0009 -0.9998
vn -0.0191 -0.0002 -0.9998
vn -0.0192 0.0003 -0.9998
vn -0.0196 0.0010 -0.9998
vn -0.0079 0.0009 -1.0000
vn 0.0363 0.0008 -0.9993
vn 0.0195 -0.9997 0.0122
vn 0.0192 -0.9997 -0.0116
vn 0.0651 -0.9978 0.0096
vn 0.0654 -0.9978 -0.0112
vn 0.0079 -0.9988 0.0476
vn 0.0074 -0.9999 0.0138
vn 0.0068 -0.9999 -0.0129
vn 0.0058 -0.9990 -0.0436
vn 0.0182 -0.9991 -0.0385
vn 0.0640 -0.9974 -0.0342
vn 0.3414 -0.9390 -0.0405
vn 0.3442 -0.9387 -0.0182
vn 0.3426 -0.9395 0.0014
vn 0.3369 -0.9412 0.0268
vn 0.0634 -0.9973 0.0368
vn 0.0195 -0.9989 0.0431
vn 0.9995 -0.0260 -0.0150
vn 0.9990 -0.0263 -0.0354
vn 0.9999 -0.0074 -0.0135
vn 0.9993 -0.0075 -0.0372
vn 0.9836 -0.1801 0.0084
vn 0.9826 -0.1849 -0.0157
vn 0.9819 -0.1864 -0.0341
vn 0.9813 -0.1848 -0.0545
vn 0.9980 -0.0260 -0.0580
vn 0.9979 -0.0074 -0.0640
vn 0.9976 -0.0026 -0.0696
vn 0.9992 -0.0027 -0.0389
vn 0.9999 -0.0026 -0.0122
vn 0.9998 -0.0025 0.0216
vn 0.9998 -0.0070 0.0173
vn 0.9996 -0.0250 0.0120
vn 0.0189 0.9997 -0.0132
vn 0.0198 0.9997 0.0106
vn 0.0645 0.9978 -0.0130
vn 0.0659 0.9978 0.0077
vn 0.0054 0.9988 -0.0480
vn 0.0066 0.9999 -0.0142
vn 0.0074 0.9999 0.0125
vn 0.0081 0.9990 0.0433
vn 0.0202 0.9991 0.0375
vn 0.0657 0.9974 0.0308
vn 0.3431 0.9390 0.0226
vn 0.3447 0.9387 0.0002
vn 0.3420 0.9395 -0.0194
vn 0.3350 0.9412 -0.0444
vn 0.0614 0.9973 -0.0401
vn 0.0172 0.9989 -0.0440
vn 0.9990 0.0260 -0.0373
vn 0.9995 0.0263 -0.0169
vn 0.9992 0.0074 -0.0389
vn 0.9999 0.0075 -0.0151
vn 0.9818 0.1801 -0.0598
vn 0.9821 0.1849 -0.0357
vn 0.9823 0.1864 -0.0173
vn 0.9828 0.1848 0.0030
vn 0.9996 0.0260 0.0057
vn 0.9999 0.0074 0.0117
vn 0.9998 0.0026 0.0173
vn 0.9999 0.0027 -0.0135
vn 0.9992 0.0026 -0.0402
vn 0.9973 0.0025 -0.0739
vn 0.9975 0.0070 -0.0696
vn 0.9976 0.0250 -0.0643
vn 0.0454 0.0002 0.9990
vn 0.0456 -0.0002 0.9990
vn 0.0909 0.0002 0.9959
vn 0.0917 -0.0002 0.9958
vn 0.0328 0.0010 0.9995
vn 0.0332 0.0003 0.9995
vn 0.0333 -0.0002 0.9994
vn 0.0332 -0.0009 0.9994
vn 0.0454 -0.0008 0.9990
vn 0.0909 -0.0006 0.9959
vn 0.3670 -0.0006 0.9302
vn 0.3690 -0.0002 0.9294
vn 0.3669 0.0002 0.9302
vn 0.3606 0.0007 0.9327
vn 0.0885 0.0008 0.9961
vn 0.0445 0.0009 0.9990
vn 0.9262 0.0002 0.3771
vn 0.9250 -0.0002 0.3799
vn 0.9805 0.0002 0.1965
vn 0.9800 -0.0002 0.1992
vn 0.8061 0.0007 0.5918
vn 0.8037 0.0002 0.5951
vn 0.8029 -0.0002 0.5961
vn 0.8036 -0.0007 0.5951
vn 0.9262 -0.0007 0.3771
vn 0.9805 -0.0008 0.1965
vn 0.9964 -0.0009 0.0853
vn 0.9962 -0.0002 0.0870
vn 0.9964 0.0003 0.0853
vn 0.9968 0.0010 0.0799
vn 0.9821 0.0009 0.1883
vn 0.9296 0.0008 0.3686
vn 0.0052 -0.9750 0.2220
vn 0.0065 -0.9744 0.2246
vn 0.0099 -0.9160 0.4011
vn 0.0111 -0.9148 0.4038
vn 0.0002 -0.9944 0.1060
vn 0.0022 -0.9938 0.1113
vn 0.0036 -0.9936 0.1130
vn 0.0052 -0.9938 0.1112
vn 0.0079 -0.9750 0.2219
vn 0.0124 -0.9160 0.4010
vn 0.0179 -0.7878 0.6157
vn 0.0167 -0.7870 0.6167
vn 0.0156 -0.7878 0.6158
vn 0.0142 -0.7903 0.6126
vn 0.0082 -0.9196 0.3927
vn 0.0033 -0.9768 0.2140
vn 0.0256 -0.0260 0.9993
vn 0.0266 -0.0263 0.9993
vn 0.0255 -0.0074 0.9996
vn 0.0267 -0.0075 0.9996
vn 0.0240 -0.1802 0.9833
vn 0.0252 -0.1849 0.9824
vn 0.0261 -0.1864 0.9821
vn 0.0272 -0.1849 0.9824
vn 0.0278 -0.0260 0.9993
vn 0.0282 -0.0074 0.9996
vn 0.0285 -0.0026 0.9996
vn 0.0268 -0.0027 0.9996
vn 0.0255 -0.0026 0.9997
vn 0.0236 -0.0025 0.9997
vn 0.0239 -0.0070 0.9997
vn 0.0242 -0.0250 0.9994
vn 0.0065 0.9750 0.2220
vn 0.0053 0.9744 0.2247
vn 0.0111 0.9160 0.4010
vn 0.0101 0.9148 0.4038
vn 0.0053 0.9944 0.1059
vn 0.0036 0.9938 0.1112
vn 0.0023 0.9936 0.1130
vn 0.0006 0.9938 0.1113
vn 0.0037 0.9750 0.2221
vn 0.0086 0.9160 0.4011
vn 0.0143 0.7878 0.6158
vn 0.0156 0.7870 0.6168
vn 0.0166 0.7878 0.6157
vn 0.0179 0.7903 0.6125
vn 0.0124 0.9196 0.3926
vn 0.0079 0.9768 0.2139
vn 0.0267 0.0260 0.9993
vn 0.0257 0.0263 0.9993
vn 0.0268 0.0074 0.9996
vn 0.0256 0.0075 0.9996
vn 0.0275 0.1802 0.9832
vn 0.0262 0.1849 0.9824
vn 0.0253 0.1864 0.9821
vn 0.0242 0.1849 0.9825
vn 0.0245 0.0260 0.9994
vn 0.0242 0.0074 0.9997
vn 0.0239 0.0026 0.9997
vn 0.0255 0.0027 0.9997
vn 0.0269 0.0026 0.9996
vn 0.0287 0.0025 0.9996
vn 0.0285 0.0070 0.9996
vn 0.0282 0.0250 0.9993
vn -0.0011 -0.9999 -0.0148
vn 0.0003 -0.9999 -0.0150
vn -0.0004 -0.9999 0.0148
vn 0.0011 -0.9999 0.0150
vn -0.0039 -0.9989 -0.0477
vn -0.0021 -0.9987 -0.0504
vn -0.0006 -0.9987 -0.0513
vn 0.0012 -0.9987 -0.0504
vn 0.0023 -0.9999 -0.0149
vn 0.0031 -0.9999 0.0147
vn 0.0039 -0.9987 0.0503
vn 0.0020 -0.9987 0.0512
vn 0.0006 -0.9987 0.0504
vn -0.0014 -0.9989 0.0478
vn -0.0024 -0.9999 0.0140
vn -0.0031 -0.9999 -0.0139
vn 0.0289 -0.0010 0.9996
vn 0.0287 0.0010 0.9996
vn 0.0255 0.0010 0.9997
vn 0.0236 0.0010 0.9997
vn 0.0235 -0.0010 0.9997
vn 0.0254 -0.0010 0.9997
vn 0.9992 -0.0003 -0.0412
vn 0.9992 0.0003 -0.0409
vn 0.9999 -0.0003 -0.0111
vn 0.9999 0.0003 -0.0114
vn 0.9971 -0.0010 -0.0765
vn 0.9970 -0.0003 -0.0774
vn 0.9971 0.0003 -0.0765
vn 0.9973 0.0010 -0.0739
vn 0.9992 0.0010 -0.0401
vn 0.9999 0.0010 -0.0122
vn 0.9998 0.0010 0.0216
vn 0.9997 0.0003 0.0242
vn 0.9997 -0.0003 0.0251
vn 0.9997 -0.0010 0.0242
vn 0.9999 -0.0010 -0.0114
vn 0.9992 -0.0010 -0.0409
vn 0.0003 0.9999 -0.0150
vn -0.0011 0.9999 -0.0148
vn 0.0011 0.9999 0.0150
vn -0.0004 0.9999 0.0148
vn 0.0012 0.9987 -0.0504
vn -0.0006 0.9987 -0.0513
vn -0.0021 0.9987 -0.0504
vn -0.0039 0.9989 -0.0477
vn -0.0031 0.9999 -0.0139
vn -0.0024 0.9999 0.0141
vn -0.0014 0.9989 0.0478
vn 0.0006 0.9987 0.0504
vn 0.0020 0.9987 0.0512
vn 0.0039 0.9987 0.0503
vn 0.0031 0.9999 0.0147
vn 0.0023 0.9999 -0.0149
vn -0.9992 -0.0003 0.0412
vn -0.9992 0.0003 0.0409
vn -0.9999 -0.0003 0.0111
vn -0.9999 0.0003 0.0114
vn -0.9971 -0.0010 0.0765
vn -0.9970 -0.0003 0.0774
vn -0.9971 0.0003 0.0765
vn -0.9973 0.0010 0.0739
vn -0.9992 0.0010 0.0401
vn -0.9999 0.0010 0.0122
vn -0.9998 0.0010 -0.0216
vn -0.9997 0.0003 -0.0242
vn -0.9997 -0.0003 -0.0251
vn -0.9997 -0.0010 -0.0242
vn -0.9999 -0.0010 0.0114
vn -0.9992 -0.0010 0.0409
vn -0.0289 -0.0010 -0.9996
vn -0.0287 0.0010 -0.9996
vn -0.0255 0.0010 -0.9997
vn -0.0236 0.0010 -0.9997
vn -0.0235 -0.0010 -0.9997
vn -0.0254 -0.0010 -0.9997
vn -0.0099 -0.9796 0.2005
vn -0.0035 -0.9258 0.3781
vn -0.0477 -0.9821 0.1820
vn -0.0358 -0.9344 0.3544
vn -0.0033 -0.9943 0.1061
vn 0.0002 -0.9768 0.2141
vn 0.0054 -0.9196 0.3928
vn 0.0113 -0.7902 0.6127
vn 0.0033 -0.7948 0.6069
vn -0.0246 -0.8020 0.5968
vn -0.1730 -0.8002 0.5743
vn -0.2544 -0.9088 0.3308
vn -0.2984 -0.9386 0.1729
vn -0.3219 -0.9426 0.0884
vn -0.0561 -0.9945 0.0880
vn -0.0144 -0.9951 0.0978
vn 0.0094 -0.0056 0.9999
vn -0.0321 -0.0047 0.9995
vn 0.0114 -0.0206 0.9997
vn -0.0256 -0.0169 0.9995
vn 0.0196 -0.0023 0.9998
vn 0.0079 -0.0020 1.0000
vn -0.0363 -0.0017 0.9993
vn -0.3113 -0.0016 0.9503
vn -0.2997 -0.0044 0.9540
vn -0.2795 -0.0143 0.9600
vn -0.2412 -0.0783 0.9673
vn -0.0177 -0.1328 0.9910
vn 0.0131 -0.1579 0.9874
vn 0.0211 -0.1719 0.9849
vn 0.0209 -0.0233 0.9995
vn 0.0202 -0.0064 0.9998
vn -0.9788 -0.0065 0.2046
vn -0.9840 -0.0233 0.1768
vn -0.9267 -0.0058 0.3758
vn -0.9434 -0.0207 0.3311
vn -0.9924 -0.0025 0.1232
vn -0.9938 -0.0070 0.1113
vn -0.9949 -0.0250 0.0978
vn -0.9796 -0.1799 0.0899
vn -0.9727 -0.1709 0.1568
vn -0.9482 -0.1550 0.2772
vn -0.8918 -0.1290 0.4336
vn -0.8085 -0.0174 0.5882
vn -0.7876 -0.0051 0.6162
vn -0.7788 -0.0018 0.6273
vn -0.9158 -0.0021 0.4017
vn -0.9743 -0.0023 0.2255
vn 0.0115 0.0064 0.9999
vn 0.0141 0.0233 0.9996
vn -0.0255 0.0057 0.9997
vn -0.0159 0.0207 0.9997
vn 0.0202 0.0025 0.9998
vn 0.0209 0.0070 0.9998
vn 0.0218 0.0250 0.9994
vn 0.0219 0.1802 0.9834
vn 0.0154 0.1719 0.9850
vn -0.0071 0.1580 0.9874
vn -0.1271 0.1337 0.9828
vn -0.2394 0.0177 0.9708
vn -0.2793 0.0051 0.9602
vn -0.2997 0.0018 0.9540
vn -0.0321 0.0020 0.9995
vn 0.0094 0.0023 1.0000
vn -0.0122 0.9837 0.1797
vn -0.0542 0.9865 0.1548
vn -0.0058 0.9359 0.3522
vn -0.0438 0.9494 0.3109
vn -0.0041 0.9952 0.0973
vn -0.0161 0.9962 0.0860
vn -0.0605 0.9954 0.0747
vn -0.3336 0.9394 0.0792
vn -0.3184 0.9356 0.1523
vn -0.2900 0.9142 0.2830
vn -0.2431 0.8596 0.4494
vn -0.0291 0.8217 0.5692
vn 0.0023 0.8032 0.5957
vn 0.0110 0.7949 0.6066
vn 0.0044 0.9259 0.3777
vn -0.0009 0.9798 0.2000
vn -0.9742 0.0058 0.2255
vn -0.9157 0.0051 0.4018
vn -0.9785 0.0209 0.2051
vn -0.9263 0.0179 0.3764
vn -0.9912 0.0023 0.1320
vn -0.9709 0.0021 0.2394
vn -0.9090 0.0019 0.4168
vn -0.7740 0.0018 0.6332
vn -0.7787 0.0048 0.6273
vn -0.7872 0.0159 0.6165
vn -0.8017 0.0885 0.5912
vn -0.9307 0.1319 0.3412
vn -0.9701 0.1572 0.1847
vn -0.9798 0.1717 0.1022
vn -0.9935 0.0233 0.1117
vn -0.9924 0.0065 0.1232
vn -0.0216 -0.9837 -0.1788
vn -0.0622 -0.9865 -0.1518
vn -0.0243 -0.9359 -0.3515
vn -0.0600 -0.9494 -0.3082
vn -0.0092 -0.9952 -0.0970
vn -0.0206 -0.9962 -0.0850
vn -0.0643 -0.9954 -0.0714
vn -0.3373 -0.9394 -0.0617
vn -0.3259 -0.9356 -0.1354
vn -0.3044 -0.9142 -0.2674
vn -0.2663 -0.8597 -0.4359
vn -0.0589 -0.8216 -0.5670
vn -0.0288 -0.8032 -0.5950
vn -0.0208 -0.7949 -0.6064
vn -0.0153 -0.9259 -0.3775
vn -0.0113 -0.9798 -0.1997
vn -0.9847 -0.0058 -0.1742
vn -0.9355 -0.0051 -0.3533
vn -0.9879 -0.0209 -0.1536
vn -0.9447 -0.0179 -0.3274
vn -0.9968 -0.0023 -0.0799
vn -0.9821 -0.0021 -0.1883
vn -0.9296 -0.0019 -0.3686
vn -0.8060 -0.0018 -0.5919
vn -0.8105 -0.0048 -0.5857
vn -0.8184 -0.0159 -0.5744
vn -0.8315 -0.0885 -0.5484
vn -0.9473 -0.1319 -0.2920
vn -0.9785 -0.1572 -0.1337
vn -0.9838 -0.1717 -0.0508
vn -0.9980 -0.0233 -0.0596
vn -0.9974 -0.0065 -0.0711
vn -0.0409 -0.0064 -0.9991
vn -0.0383 -0.0233 -0.9990
vn -0.0778 -0.0057 -0.9970
vn -0.0682 -0.0207 -0.9975
vn -0.0322 -0.0025 -0.9995
vn -0.0314 -0.0070 -0.9995
vn -0.0305 -0.0250 -0.9992
vn -0.0296 -0.1802 -0.9832
vn -0.0362 -0.1719 -0.9845
vn -0.0588 -0.1580 -0.9857
vn -0.1783 -0.1337 -0.9748
vn -0.2899 -0.0177 -0.9569
vn -0.3292 -0.0051 -0.9442
vn -0.3492 -0.0018 -0.9370
vn -0.0844 -0.0020 -0.9964
vn -0.0430 -0.0023 -0.9991
vn -0.0204 0.9796 -0.1997
vn -0.0233 0.9258 -0.3774
vn -0.0571 0.9821 -0.1792
vn -0.0543 0.9344 -0.3520
vn -0.0089 0.9943 -0.1058
vn -0.0110 0.9768 -0.2138
vn -0.0152 0.9196 -0.3926
vn -0.0207 0.7902 -0.6124
vn -0.0285 0.7948 -0.6062
vn -0.0558 0.8020 -0.5947
vn -0.2029 0.8002 -0.5644
vn -0.2713 0.9088 -0.3170
vn -0.3071 0.9386 -0.1571
vn -0.3261 0.9426 -0.0714
vn -0.0607 0.9945 -0.0849
vn -0.0195 0.9951 -0.0969
vn -0.0430 0.0056 -0.9991
vn -0.0844 0.0047 -0.9964
vn -0.0409 0.0206 -0.9989
vn -0.0779 0.0169 -0.9968
vn -0.0328 0.0023 -0.9995
vn -0.0445 0.0020 -0.9990
vn -0.0885 0.0017 -0.9961
vn -0.3606 0.0016 -0.9327
vn -0.3492 0.0044 -0.9370
vn -0.3293 0.0143 -0.9441
vn -0.2915 0.0783 -0.9534
vn -0.0696 0.1328 -0.9887
vn -0.0386 0.1579 -0.9867
vn -0.0304 0.1719 -0.9846
vn -0.0314 0.0233 -0.9992
vn -0.0322 0.0064 -0.9995
vn -0.9882 0.0065 -0.1530
vn -0.9919 0.0233 -0.1250
vn -0.9451 0.0058 -0.3268
vn -0.9594 0.0207 -0.2812
vn -0.9975 0.0025 -0.0710
vn -0.9982 0.0070 -0.0592
vn -0.9986 0.0250 -0.0456
vn -0.9829 0.1799 -0.0385
vn -0.9796 0.1709 -0.1056
vn -0.9614 0.1550 -0.2271
vn -0.9133 0.1290 -0.3863
vn -0.8382 0.0174 -0.5451
vn -0.8187 0.0051 -0.5742
vn -0.8105 0.0018 -0.5857
vn -0.9355 0.0021 -0.3532
vn -0.9847 0.0023 -0.1742
vn 0.0216 -0.9837 0.1788
vn 0.0622 -0.9865 0.1518
vn 0.0243 -0.9359 0.3515
vn 0.0600 -0.9494 0.3082
vn 0.0092 -0.9952 0.0970
vn 0.0206 -0.9962 0.0851
vn 0.0643 -0.9954 0.0714
vn 0.3373 -0.9394 0.0617
vn 0.3259 -0.9357 0.1354
vn 0.3044 -0.9142 0.2674
vn 0.2663 -0.8597 0.4359
vn 0.0589 -0.8216 0.5670
vn 0.0288 -0.8032 0.5950
vn 0.0208 -0.7949 0.6064
vn 0.0153 -0.9259 0.3775
vn 0.0113 -0.9798 0.1997
vn 0.9847 -0.0058 0.1742
vn 0.9355 -0.0051 0.3534
vn 0.9879 -0.0209 0.1537
vn 0.9447 -0.0179 0.3274
vn 0.9968 -0.0023 0.0799
vn 0.9821 -0.0021 0.1883
vn 0.9296 -0.0019 0.3686
vn 0.8060 -0.0018 0.5919
vn 0.8105 -0.0048 0.5857
vn 0.8184 -0.0159 0.5744
vn 0.8315 -0.0885 0.5484
vn 0.9473 -0.1319 0.2920
vn 0.9785 -0.1572 0.1337
vn 0.9838 -0.1717 0.0508
vn 0.9980 -0.0233 0.0596
vn 0.9974 -0.0065 0.0711
vn 0.0409 -0.0064 0.9991
vn 0.0383 -0.0233 0.9990
vn 0.0778 -0.0057 0.9970
vn 0.0682 -0.0207 0.9975
vn 0.0322 -0.0025 0.9995
vn 0.0314 -0.0070 0.9995
vn 0.0305 -0.0250 0.9992
vn 0.0296 -0.1802 0.9832
vn 0.0362 -0.1719 0.9845
vn 0.0588 -0.1580 0.9857
vn 0.1783 -0.1337 0.9748
vn 0.2899 -0.0177 0.9569
vn 0.3292 -0.0051 0.9442
vn 0.3492 -0.0018 0.9370
vn 0.0844 -0.0020 0.9964
vn 0.0430 -0.0023 0.9991
vn 0.0204 0.9796 0.1997
vn 0.0233 0.9258 0.3774
vn 0.0571 0.9821 0.1792
vn 0.0543 0.9344 0.3520
vn 0.0089 0.9943 0.1058
vn 0.0110 0.9768 0.2138
vn 0.0152 0.9196 0.3926
vn 0.0207 0.7902 0.6124
vn 0.0285 0.7948 0.6062
vn 0.0558 0.8020 0.5947
vn 0.2029 0.8002 0.5644
vn 0.2713 0.9088 0.3170
vn 0.3072 0.9386 0.1571
vn 0.3261 0.9427 0.0714
vn 0.0606 0.9945 0.0849
vn 0.0195 0.9951 0.0969
vn 0.0430 0.0056 0.9991
vn 0.0844 0.0047 0.9964
vn 0.0409 0.0206 0.9989
vn 0.0779 0.0169 0.9968
vn 0.0328 0.0023 0.9995
vn 0.0445 0.0020 0.9990
vn 0.0885 0.0017 0.9961
vn 0.3607 0.0016 0.9327
vn 0.3492 0.0044 0.9370
vn 0.3293 0.0143 0.9441
vn 0.2915 0.0783 0.9534
vn 0.0696 0.1328 0.9887
vn 0.0386 0.1579 0.9867
vn 0.0304 0.1719 0.9846
vn 0.0314 0.0233 0.9992
vn 0.0322 0.0064 0.9995
vn 0.9882 0.0065 0.1530
vn 0.9919 0.0233 0.1250
vn 0.9451 0.0058 0.3268
vn 0.9594 0.0207 0.2812
vn 0.9975 0.0025 0.0710
vn 0.9982 0.0070 0.0592
vn 0.9986 0.0250 0.0456
vn 0.9829 0.1799 0.0385
vn 0.9796 0.1709 0.1056
vn 0.9614 0.1550 0.2271
vn 0.9133 0.1290 0.3863
vn 0.8382 0.0174 0.5451
vn 0.8187 0.0051 0.5742
vn 0.8105 0.0018 0.5857
vn 0.9355 0.0021 0.3533
vn 0.9847 0.0023 0.1741
vn 0.0099 -0.9796 -0.2005
vn 0.0035 -0.9258 -0.3781
vn 0.0477 -0.9821 -0.1820
vn 0.0358 -0.9344 -0.3544
vn 0.0033 -0.9943 -0.1061
vn -0.0002 -0.9768 -0.2141
vn -0.0054 -0.9196 -0.3928
vn -0.0113 -0.7902 -0.6127
vn -0.0033 -0.7948 -0.6069
vn 0.0247 -0.8020 -0.5968
vn 0.1730 -0.8002 -0.5743
vn 0.2544 -0.9088 -0.3308
vn 0.2985 -0.9386 -0.1729
vn 0.3219 -0.9427 -0.0883
vn 0.0561 -0.9945 -0.0880
vn 0.0144 -0.9951 -0.0978
vn -0.0094 -0.0056 -0.9999
vn 0.0321 -0.0047 -0.9995
vn -0.0114 -0.0206 -0.9997
vn 0.0256 -0.0169 -0.9995
vn -0.0196 -0.0023 -0.9998
vn -0.0079 -0.0020 -1.0000
vn 0.0363 -0.0017 -0.9993
vn 0.3113 -0.0016 -0.9503
vn 0.2997 -0.0044 -0.9540
vn 0.2795 -0.0143 -0.9600
vn 0.2412 -0.0783 -0.9673
vn 0.0177 -0.1328 -0.9910
vn -0.0131 -0.1579 -0.9874
vn -0.0211 -0.1719 -0.9849
vn -0.0209 -0.0233 -0.9995
vn -0.0202 -0.0064 -0.9998
vn 0.9788 -0.0065 -0.2046
vn 0.9840 -0.0233 -0.1768
vn 0.9267 -0.0058 -0.3758
vn 0.9434 -0.0207 -0.3311
vn 0.9924 -0.0025 -0.1232
vn 0.9938 -0.0070 -0.1113
vn 0.9949 -0.0250 -0.0978
vn 0.9796 -0.1799 -0.0899
vn 0.9727 -0.1709 -0.1568
vn 0.9482 -0.1550 -0.2772
vn 0.8918 -0.1290 -0.4336
vn 0.8085 -0.0174 -0.5882
vn 0.7876 -0.0051 -0.6162
vn 0.7788 -0.0018 -0.6273
vn 0.9158 -0.0021 -0.4017
vn 0.9743 -0.0023 -0.2254
vn 0.0122 0.9837 -0.1797
vn 0.0542 0.9865 -0.1548
vn 0.0058 0.9359 -0.3522
vn 0.0438 0.9494 -0.3109
vn 0.0041 0.9952 -0.0973
vn 0.0161 0.9962 -0.0860
vn 0.0605 0.9954 -0.0747
vn 0.3336 0.9394 -0.0792
vn 0.3184 0.9357 -0.1523
vn 0.2900 0.9142 -0.2830
vn 0.2431 0.8597 -0.4493
vn 0.0291 0.8216 -0.5693
vn -0.0023 0.8032 -0.5957
vn -0.0110 0.7949 -0.6067
vn -0.0044 0.9259 -0.3777
vn 0.0009 0.9798 -0.2000
vn 0.9742 0.0058 -0.2255
vn 0.9157 0.0051 -0.4018
vn 0.9785 0.0209 -0.2052
vn 0.9263 0.0179 -0.3764
vn 0.9912 0.0023 -0.1320
vn 0.9709 0.0021 -0.2394
vn 0.9090 0.0019 -0.4168
vn 0.7740 0.0018 -0.6332
vn 0.7787 0.0048 -0.6273
vn 0.7872 0.0159 -0.6165
vn 0.8017 0.0885 -0.5912
vn 0.9307 0.1319 -0.3412
vn 0.9701 0.1572 -0.1847
vn 0.9798 0.1717 -0.1022
vn 0.9935 0.0233 -0.1117
vn 0.9924 0.0065 -0.1232
vn -0.0115 0.0064 -0.9999
vn -0.0141 0.0233 -0.9996
vn 0.0255 0.0057 -0.9997
vn 0.0159 0.0207 -0.9997
vn -0.0202 0.0025 -0.9998
vn -0.0209 0.0070 -0.9998
vn -0.0218 0.0250 -0.9994
vn -0.0219 0.1802 -0.9834
vn -0.0154 0.1719 -0.9850
vn 0.0071 0.1580 -0.9874
vn 0.1271 0.1337 -0.9828
vn 0.2394 0.0177 -0.9708
vn 0.2793 0.0051 -0.9602
vn 0.2997 0.0018 -0.9540
vn 0.0321 0.0020 -0.9995
vn -0.0094 0.0023 -1.0000
vn -0.0198 -0.9997 -0.0106
vn -0.0188 -0.9997 0.0132
vn -0.0659 -0.9978 -0.0077
vn -0.0645 -0.9978 0.0129
vn -0.0081 -0.9990 -0.0433
vn -0.0074 -0.9999 -0.0125
vn -0.0066 -0.9999 0.0142
vn -0.0054 -0.9988 0.0479
vn -0.0172 -0.9989 0.0440
vn -0.0614 -0.9973 0.0401
vn -0.3350 -0.9412 0.0444
vn -0.3420 -0.9395 0.0194
vn -0.3447 -0.9387 -0.0002
vn -0.3431 -0.9390 -0.0226
vn -0.0657 -0.9974 -0.0308
vn -0.0202 -0.9991 -0.0375
vn -0.9995 -0.0264 0.0169
vn -0.9990 -0.0260 0.0373
vn -0.9999 -0.0075 0.0151
vn -0.9992 -0.0074 0.0389
vn -0.9828 -0.1848 -0.0030
vn -0.9823 -0.1864 0.0173
vn -0.9821 -0.1849 0.0357
vn -0.9818 -0.1801 0.0599
vn -0.9976 -0.0250 0.0643
vn -0.9975 -0.0070 0.0696
vn -0.9973 -0.0025 0.0739
vn -0.9992 -0.0026 0.0402
vn -0.9999 -0.0027 0.0135
vn -0.9998 -0.0026 -0.0173
vn -0.9999 -0.0074 -0.0117
vn -0.9996 -0.0260 -0.0057
vn 0.0067 -0.0002 1.0000
vn 0.0070 0.0002 1.0000
vn -0.0395 -0.0002 0.9992
vn -0.0387 0.0002 0.9993
vn 0.0192 -0.0009 0.9998
vn 0.0191 -0.0002 0.9998
vn 0.0192 0.0003 0.9998
vn 0.0196 0.0010 0.9998
vn 0.0079 0.0009 1.0000
vn -0.0363 0.0008 0.9993
vn -0.3113 0.0007 0.9503
vn -0.3178 0.0002 0.9482
vn -0.3199 -0.0002 0.9475
vn -0.3178 -0.0006 0.9482
vn -0.0387 -0.0006 0.9993
vn 0.0070 -0.0008 1.0000
vn -0.9039 -0.0002 0.4277
vn -0.9052 0.0002 0.4250
vn -0.9682 -0.0002 0.2502
vn -0.9689 0.0002 0.2475
vn -0.7714 -0.0007 0.6363
vn -0.7706 -0.0002 0.6373
vn -0.7714 0.0002 0.6364
vn -0.7740 0.0007 0.6332
vn -0.9090 0.0008 0.4168
vn -0.9709 0.0009 0.2394
vn -0.9912 0.0010 0.1320
vn -0.9905 0.0003 0.1373
vn -0.9903 -0.0002 0.1390
vn -0.9905 -0.0009 0.1373
vn -0.9689 -0.0008 0.2475
vn -0.9052 -0.0007 0.4251
vn -0.0192 0.9997 0.0116
vn -0.0195 0.9997 -0.0122
vn -0.0654 0.9978 0.0112
vn -0.0651 0.9978 -0.0096
vn -0.0058 0.9990 0.0436
vn -0.0068 0.9999 0.0129
vn -0.0074 0.9999 -0.0138
vn -0.0079 0.9988 -0.0476
vn -0.0195 0.9989 -0.0430
vn -0.0634 0.9973 -0.0369
vn -0.3369 0.9412 -0.0268
vn -0.3426 0.9395 -0.0014
vn -0.3442 0.9387 0.0182
vn -0.3414 0.9390 0.0405
vn -0.0639 0.9974 0.0342
vn -0.0182 0.9991 0.0385
vn -0.9990 0.0264 0.0354
vn -0.9995 0.0260 0.0150
vn -0.9993 0.0075 0.0372
vn -0.9999 0.0074 0.0135
vn -0.9813 0.1848 0.0545
vn -0.9819 0.1864 0.0341
vn -0.9826 0.1849 0.0158
vn -0.9836 0.1801 -0.0084
vn -0.9996 0.0250 -0.0119
vn -0.9998 0.0070 -0.0173
vn -0.9998 0.0025 -0.0216
vn -0.9999 0.0026 0.0122
vn -0.9992 0.0027 0.0389
vn -0.9976 0.0026 0.0696
vn -0.9979 0.0074 0.0641
vn -0.9980 0.0260 0.0580
vn -0.0456 0.0002 -0.9990
vn -0.0454 -0.0002 -0.9990
vn -0.0917 0.0002 -0.9958
vn -0.0909 -0.0002 -0.9959
vn -0.0332 0.0009 -0.9994
vn -0.0333 0.0002 -0.9994
vn -0.0332 -0.0003 -0.9995
vn -0.0328 -0.0010 -0.9995
vn -0.0445 -0.0009 -0.9990
vn -0.0885 -0.0008 -0.9961
vn -0.3606 -0.0007 -0.9327
vn -0.3669 -0.0002 -0.9302
vn -0.3690 0.0002 -0.9294
vn -0.3669 0.0006 -0.9302
vn -0.0909 0.0006 -0.9959
vn -0.0454 0.0008 -0.9990
vn -0.9251 0.0002 -0.3798
vn -0.9262 -0.0002 -0.3771
vn -0.9800 0.0002 -0.1991
vn -0.9805 -0.0002 -0.1965
vn -0.8037 0.0007 -0.5951
vn -0.8029 0.0002 -0.5961
vn -0.8036 -0.0002 -0.5951
vn -0.8060 -0.0007 -0.5919
vn -0.9296 -0.0008 -0.3686
vn -0.9821 -0.0009 -0.1883
vn -0.9968 -0.0010 -0.0799
vn -0.9964 -0.0003 -0.0853
vn -0.9962 0.0002 -0.0870
vn -0.9964 0.0009 -0.0853
vn -0.9805 0.0008 -0.1965
vn -0.9262 0.0007 -0.3771
vn -0.0053 -0.9744 -0.2247
vn -0.0065 -0.9750 -0.2220
vn -0.0101 -0.9148 -0.4038
vn -0.0111 -0.9160 -0.4011
vn -0.0006 -0.9938 -0.1113
vn -0.0023 -0.9936 -0.1130
vn -0.0036 -0.9938 -0.1112
vn -0.0053 -0.9944 -0.1059
vn -0.0079 -0.9768 -0.2139
vn -0.0124 -0.9196 -0.3926
vn -0.0179 -0.7902 -0.6125
vn -0.0166 -0.7878 -0.6157
vn -0.0156 -0.7870 -0.6168
vn -0.0143 -0.7878 -0.6158
vn -0.0086 -0.9160 -0.4011
vn -0.0037 -0.9750 -0.2220
vn -0.0257 -0.0263 -0.9993
vn -0.0267 -0.0260 -0.9993
vn -0.0256 -0.0075 -0.9996
vn -0.0268 -0.0074 -0.9996
vn -0.0242 -0.1849 -0.9825
vn -0.0253 -0.1864 -0.9821
vn -0.0262 -0.1849 -0.9824
vn -0.0275 -0.1802 -0.9832
vn -0.0282 -0.0250 -0.9993
vn -0.0285 -0.0070 -0.9996
vn -0.0287 -0.0025 -0.9996
vn -0.0269 -0.0026 -0.9996
vn -0.0255 -0.0027 -0.9997
vn -0.0239 -0.0026 -0.9997
vn -0.0242 -0.0074 -0.9997
vn -0.0245 -0.0260 -0.9994
vn -0.0065 0.9744 -0.2246
vn -0.0052 0.9750 -0.2220
vn -0.0111 0.9148 -0.4038
vn -0.0099 0.9160 -0.4011
vn -0.0052 0.9938 -0.1112
vn -0.0036 0.9936 -0.1130
vn -0.0022 0.9938 -0.1113
vn -0.0002 0.9944 -0.1060
vn -0.0033 0.9768 -0.2140
vn -0.0082 0.9196 -0.3927
vn -0.0142 0.7902 -0.6126
vn -0.0156 0.7878 -0.6157
vn -0.0167 0.7870 -0.6167
vn -0.0179 0.7878 -0.6157
vn -0.0124 0.9160 -0.4010
vn -0.0079 0.9750 -0.2220
vn -0.0266 0.0264 -0.9993
vn -0.0256 0.0260 -0.9993
vn -0.0267 0.0075 -0.9996
vn -0.0255 0.0074 -0.9996
vn -0.0272 0.1849 -0.9824
vn -0.0261 0.1864 -0.9821
vn -0.0252 0.1849 -0.9824
vn -0.0240 0.1802 -0.9833
vn -0.0242 0.0250 -0.9994
vn -0.0239 0.0070 -0.9997
vn -0.0236 0.0025 -0.9997
vn -0.0255 0.0026 -0.9997
vn -0.0268 0.0027 -0.9996
vn -0.0285 0.0026 -0.9996
vn -0.0282 0.0074 -0.9996
vn -0.0278 0.0260 -0.9993
vn 0.9682 0.0002 -0.2502
vn 0.9689 -0.0002 -0.2475
vn 0.9039 0.0002 -0.4278
vn 0.9052 -0.0002 -0.4250
vn 0.9905 0.0009 -0.1373
vn 0.9903 0.0002 -0.1391
vn 0.9905 -0.0003 -0.1373
vn 0.9913 -0.0010 -0.1320
vn 0.9709 -0.0009 -0.2394
vn 0.9090 -0.0008 -0.4168
vn 0.7740 -0.0007 -0.6332
vn 0.7714 -0.0002 -0.6364
vn 0.7706 0.0002 -0.6373
vn 0.7714 0.0007 -0.6363
vn 0.9052 0.0007 -0.4251
vn 0.9689 0.0008 -0.2475
vn 0.0395 0.0002 -0.9992
vn 0.0387 -0.0002 -0.9993
vn -0.0067 0.0002 -1.0000
vn -0.0070 -0.0002 -1.0000
vn 0.3178 0.0006 -0.9482
vn 0.3199 0.0002 -0.9475
vn 0.3178 -0.0002 -0.9482
vn 0.3113 -0.0007 -0.9503
vn 0.0363 -0.0008 -0.9993
vn -0.0079 -0.0009 -1.0000
vn -0.0196 -0.0010 -0.9998
vn -0.0192 -0.0003 -0.9998
vn -0.0191 0.0002 -0.9998
vn -0.0192 0.0009 -0.9998
vn -0.0070 0.0008 -1.0000
vn 0.0387 0.0006 -0.9993
vn 0.0198 -0.9997 0.0106
vn 0.0189 -0.9997 -0.0132
vn 0.0659 -0.9978 0.0078
vn 0.0645 -0.9978 -0.0130
vn 0.0081 -0.9990 0.0433
vn 0.0074 -0.9999 0.0125
vn 0.0066 -0.9999 -0.0142
vn 0.0054 -0.9988 -0.0479
vn 0.0172 -0.9989 -0.0440
vn 0.0614 -0.9973 -0.0401
vn 0.3350 -0.9412 -0.0444
vn 0.3421 -0.9395 -0.0194
vn 0.3446 -0.9387 0.0002
vn 0.3430 -0.9390 0.0226
vn 0.0656 -0.9974 0.0308
vn 0.0202 -0.9991 0.0375
vn 0.9995 -0.0264 -0.0169
vn 0.9990 -0.0260 -0.0373
vn 0.9999 -0.0075 -0.0151
vn 0.9992 -0.0074 -0.0389
vn 0.9828 -0.1848 0.0030
vn 0.9823 -0.1864 -0.0173
vn 0.9821 -0.1849 -0.0357
vn 0.9818 -0.1802 -0.0599
vn 0.9976 -0.0250 -0.0642
vn 0.9975 -0.0070 -0.0696
vn 0.9973 -0.0025 -0.0739
vn 0.9992 -0.0026 -0.0402
vn 0.9999 -0.0027 -0.0135
vn 0.9998 -0.0026 0.0173
vn 0.9999 -0.0074 0.0117
vn 0.9996 -0.0260 0.0057
vn 0.0192 0.9997 -0.0116
vn 0.0195 0.9997 0.0122
vn 0.0654 0.9978 -0.0112
vn 0.0651 0.9978 0.0096
vn 0.0058 0.9990 -0.0436
vn 0.0068 0.9999 -0.0129
vn 0.0074 0.9999 0.0138
vn 0.0079 0.9988 0.0476
vn 0.0195 0.9989 0.0430
vn 0.0634 0.9973 0.0368
vn 0.3368 0.9412 0.0268
vn 0.3427 0.9395 0.0014
vn 0.3441 0.9387 -0.0182
vn 0.3414 0.9390 -0.0405
vn 0.0639 0.9974 -0.0342
vn 0.0182 0.9991 -0.0385
vn 0.9990 0.0264 -0.0355
vn 0.9995 0.0260 -0.0150
vn 0.9993 0.0075 -0.0372
vn 0.9999 0.0074 -0.0135
vn 0.9813 0.1848 -0.0545
vn 0.9819 0.1864 -0.0341
vn 0.9826 0.1849 -0.0158
vn 0.9836 0.1802 0.0084
vn 0.9996 0.0250 0.0119
vn 0.9998 0.0070 0.0173
vn 0.9998 0.0025 0.0216
vn 0.9999 0.0026 -0.0122
vn 0.9992 0.0027 -0.0389
vn 0.9976 0.0026 -0.0696
vn 0.9979 0.0074 -0.0640
vn 0.9980 0.0260 -0.0580
vn 0.0456 0.0002 0.9990
vn 0.0454 -0.0002 0.9990
vn 0.0917 0.0002 0.9958
vn 0.0909 -0.0002 0.9959
vn 0.0332 0.0009 0.9994
vn 0.0333 0.0002 0.9994
vn 0.0332 -0.0003 0.9995
vn 0.0328 -0.0010 0.9995
vn 0.0445 -0.0009 0.9990
vn 0.0885 -0.0008 0.9961
vn 0.3606 -0.0007 0.9327
vn 0.3669 -0.0002 0.9302
vn 0.3690 0.0002 0.9294
vn 0.3670 0.0006 0.9302
vn 0.0909 0.0006 0.9959
vn 0.0454 0.0008 0.9990
vn 0.9251 0.0002 0.3798
vn 0.9262 -0.0002 0.3771
vn 0.9800 0.0002 0.1991
vn 0.9805 -0.0002 0.1964
vn 0.8036 0.0007 0.5951
vn 0.8029 0.0002 0.5961
vn 0.8037 -0.0002 0.5951
vn 0.8061 -0.0007 0.5918
vn 0.9296 -0.0008 0.3686
vn 0.9821 -0.0009 0.1883
vn 0.9968 -0.0010 0.0799
vn 0.9964 -0.0003 0.0853
vn 0.9962 0.0002 0.0870
vn 0.9964 0.0009 0.0853
vn 0.9805 0.0008 0.1965
vn 0.9262 0.0007 0.3771
vn 0.0053 -0.9744 0.2247
vn 0.0065 -0.9750 0.2220
vn 0.0101 -0.9148 0.4038
vn 0.0111 -0.9160 0.4011
vn 0.0006 -0.9938 0.1113
vn 0.0023 -0.9936 0.1130
vn 0.0036 -0.9938 0.1112
vn 0.0053 -0.9944 0.1059
vn 0.0079 -0.9768 0.2139
vn 0.0124 -0.9196 0.3926
vn 0.0179 -0.7902 0.6125
vn 0.0166 -0.7878 0.6157
vn 0.0156 -0.7870 0.6168
vn 0.0143 -0.7878 0.6158
vn 0.0086 -0.9160 0.4011
vn 0.0037 -0.9750 0.2220
vn 0.0257 -0.0263 0.9993
vn 0.0267 -0.0260 0.9993
vn 0.0256 -0.0075 0.9996
vn 0.0268 -0.0074 0.9996
vn 0.0242 -0.1849 0.9825
vn 0.0253 -0.1864 0.9821
vn 0.0262 -0.1849 0.9824
vn 0.0275 -0.1802 0.9832
vn 0.0282 -0.0250 0.9993
vn 0.0285 -0.0070 0.9996
vn 0.0287 -0.0025 0.9996
vn 0.0269 -0.0026 0.9996
vn 0.0255 -0.0027 0.9997
vn 0.0239 -0.0026 0.9997
vn 0.0242 -0.0074 0.9997
vn 0.0245 -0.0260 0.9994
vn 0.0065 0.9744 0.2246
vn 0.0052 0.9750 0.2220
vn 0.0111 0.9148 0.4038
vn 0.0099 0.9160 0.4011
vn 0.0052 0.9938 0.1112
vn 0.0036 0.9936 0.1130
vn 0.0022 0.9938 0.1113
vn 0.0002 0.9944 0.1060
vn 0.0033 0.9768 0.2140
vn 0.0082 0.9196 0.3927
vn 0.0142 0.7902 0.6126
vn 0.0156 0.7878 0.6157
vn 0.0167 0.7870 0.6167
vn 0.0179 0.7878 0.6157
vn 0.0124 0.9160 0.4010
vn 0.0079 0.9750 0.2220
vn 0.0266 0.0264 0.9993
vn 0.0256 0.0260 0.9993
vn 0.0267 0.0075 0.9996
vn 0.0255 0.0074 0.9996
vn 0.0272 0.1849 0.9824
vn 0.0261 0.1864 0.9821
vn 0.0252 0.1849 0.9824
vn 0.0240 0.1802 0.9833
vn 0.0242 0.0250 0.9994
vn 0.0239 0.0070 0.9997
vn 0.0236 0.0025 0.9997
vn 0.0255 0.0026 0.9997
vn 0.0268 0.0027 0.9996
vn 0.0285 0.0026 0.9996
vn 0.0282 0.0074 0.9996
vn 0.0278 0.0260 0.9993
vn -0.0011 -0.9999 -0.0150
vn 0.0004 -0.9999 -0.0148
vn -0.0003 -0.9999 0.0150
vn 0.0011 -0.9999 0.0148
vn -0.0039 -0.9987 -0.0503
vn -0.0020 -0.9987 -0.0512
vn -0.0006 -0.9987 -0.0504
vn 0.0014 -0.9989 -0.0478
vn 0.0024 -0.9999 -0.0141
vn 0.0031 -0.9999 0.0139
vn 0.0039 -0.9989 0.0477
vn 0.0021 -0.9987 0.0504
vn 0.0006 -0.9987 0.0513
vn -0.0012 -0.9987 0.0505
vn -0.0023 -0.9999 0.0148
vn -0.0031 -0.9999 -0.0147
vt 0.454852 0.830507
vt 0.500001 0.874994
vt 0.454852 0.874990
vt 0.545150 0.830504
vt 0.500001 0.830521
vt 0.454854 0.919458
vt 0.545149 0.919451
vt 0.500001 0.919457
vt 0.417387 0.793361
vt 0.417384 0.830464
vt 0.454854 0.793462
vt 0.545153 0.793456
vt 0.500002 0.793495
vt 0.582628 0.793346
vt 0.582623 0.830457
vt 0.545149 0.874987
vt 0.582619 0.919438
vt 0.582619 0.956414
vt 0.545149 0.956440
vt 0.500002 0.956453
vt 0.454858 0.956458
vt 0.417398 0.956458
vt 0.417388 0.919457
vt 0.417384 0.874978
vt 0.454850 0.594306
vt 0.500000 0.625000
vt 0.454851 0.625001
vt 0.545148 0.594303
vt 0.499999 0.594290
vt 0.454852 0.655697
vt 0.545151 0.655694
vt 0.500001 0.655710
vt 0.417372 0.566862
vt 0.417377 0.594351
vt 0.454847 0.566752
vt 0.545146 0.566746
vt 0.499998 0.566714
vt 0.582613 0.566848
vt 0.582617 0.594344
vt 0.545149 0.624999
vt 0.582623 0.655649
vt 0.582628 0.683138
vt 0.545153 0.683248
vt 0.500002 0.683286
vt 0.454854 0.683254
vt 0.417387 0.683152
vt 0.417383 0.655656
vt 0.417381 0.625002
vt 0.705539 0.594302
vt 0.749999 0.624991
vt 0.705540 0.624998
vt 0.794452 0.594268
vt 0.749997 0.594279
vt 0.705542 0.655692
vt 0.794460 0.655623
vt 0.750000 0.655688
vt 0.668536 0.566848
vt 0.668539 0.594344
vt 0.705537 0.566743
vt 0.794441 0.566670
vt 0.749994 0.566689
vt 0.831414 0.566667
vt 0.831440 0.594262
vt 0.794457 0.624969
vt 0.831458 0.655482
vt 0.831458 0.682746
vt 0.794460 0.683083
vt 0.750001 0.683236
vt 0.705544 0.683242
vt 0.668551 0.683138
vt 0.668545 0.655650
vt 0.668542 0.624998
vt 0.454851 0.094375
vt 0.500000 0.125000
vt 0.454852 0.125030
vt 0.545146 0.094271
vt 0.499999 0.094301
vt 0.454854 0.155729
vt 0.545149 0.155625
vt 0.500001 0.155699
vt 0.417381 0.067254
vt 0.417381 0.094518
vt 0.454851 0.066914
vt 0.545142 0.066676
vt 0.499998 0.066740
vt 0.582602 0.066667
vt 0.582612 0.094262
vt 0.545148 0.124970
vt 0.582619 0.155482
vt 0.582619 0.182746
vt 0.545149 0.183086
vt 0.500002 0.183260
vt 0.454858 0.183324
vt 0.417398 0.183333
vt 0.417388 0.155738
vt 0.417383 0.125073
vt 0.454851 0.330550
vt 0.500000 0.375007
vt 0.454851 0.375013
vt 0.545146 0.330542
vt 0.499999 0.330543
vt 0.454850 0.419496
vt 0.545148 0.419493
vt 0.499999 0.419480
vt 0.417381 0.293586
vt 0.417381 0.330562
vt 0.454851 0.293560
vt 0.545142 0.293542
vt 0.499998 0.293547
vt 0.582602 0.293542
vt 0.582612 0.330543
vt 0.545148 0.375010
vt 0.582616 0.419536
vt 0.582613 0.456639
vt 0.545146 0.456538
vt 0.499998 0.456505
vt 0.454847 0.456544
vt 0.417372 0.456654
vt 0.417377 0.419543
vt 0.417380 0.375030
vt 0.144460 0.705594
vt 0.131439 0.723264
vt 0.131993 0.706467
vt 0.142464 0.722960
vt 0.129862 0.737283
vt 0.127059 0.724002
vt 0.126876 0.708762
vt 0.127129 0.737375
vt 0.168586 0.683333
vt 0.144681 0.683507
vt 0.168209 0.705469
vt 0.165341 0.722917
vt 0.137067 0.737245
vt 0.156640 0.737240
vt 0.128209 0.750000
vt 0.127668 0.750000
vt 0.127126 0.750000
vt 0.126585 0.750000
vt 0.126189 0.737500
vt 0.125792 0.725000
vt 0.125396 0.712500
vt 0.126678 0.688368
vt 0.125000 0.700000
vt 0.131965 0.684722
vt 0.393102 0.980699
vt 0.380140 0.993980
vt 0.380821 0.982784
vt 0.390990 0.993255
vt 0.378397 0.998545
vt 0.376120 0.995742
vt 0.376109 0.988263
vt 0.376004 0.998765
vt 0.393379 0.956873
vt 0.416986 0.980401
vt 0.414012 0.993151
vt 0.385382 0.998454
vt 0.405055 0.998441
vt 0.376222 1.000000
vt 0.376016 1.000000
vt 0.375810 1.000000
vt 0.375604 1.000000
vt 0.375453 0.999063
vt 0.375302 0.998125
vt 0.375151 0.997188
vt 0.376042 0.968479
vt 0.375000 0.996250
vt 0.380877 0.959774
vt 0.393042 0.046522
vt 0.379980 0.032322
vt 0.390895 0.030345
vt 0.380727 0.046838
vt 0.375890 0.034043
vt 0.378167 0.020762
vt 0.385256 0.017152
vt 0.375664 0.024537
vt 0.416954 0.045623
vt 0.393348 0.067585
vt 0.380833 0.066819
vt 0.375984 0.045635
vt 0.375997 0.063219
vt 0.375000 0.042783
vt 0.375000 0.035566
vt 0.375000 0.028349
vt 0.375000 0.021132
vt 0.375357 0.015849
vt 0.375714 0.010566
vt 0.376071 0.005283
vt 0.405010 0.014347
vt 0.376429 0.000000
vt 0.413968 0.028624
vt 0.606958 0.980540
vt 0.620020 0.993561
vt 0.609105 0.993007
vt 0.619273 0.982536
vt 0.624110 0.995138
vt 0.621833 0.997941
vt 0.614744 0.998124
vt 0.624336 0.997871
vt 0.583046 0.980319
vt 0.606652 0.956791
vt 0.619167 0.959659
vt 0.624016 0.987933
vt 0.624003 0.968360
vt 0.625000 0.996791
vt 0.625000 0.997333
vt 0.625000 0.997874
vt 0.625000 0.998415
vt 0.624643 0.998811
vt 0.624286 0.999208
vt 0.623929 0.999604
vt 0.594990 0.998322
vt 0.623571 1.000000
vt 0.586032 0.993036
vt 0.855698 0.703478
vt 0.868980 0.717678
vt 0.857784 0.719655
vt 0.868255 0.703162
vt 0.873544 0.715957
vt 0.870742 0.729238
vt 0.863263 0.732848
vt 0.873765 0.725463
vt 0.831873 0.704377
vt 0.855401 0.682416
vt 0.868151 0.683181
vt 0.873454 0.704365
vt 0.873441 0.686781
vt 0.875000 0.707217
vt 0.875000 0.714434
vt 0.875000 0.721651
vt 0.875000 0.728868
vt 0.874063 0.734151
vt 0.873125 0.739434
vt 0.872188 0.744717
vt 0.843479 0.735653
vt 0.871250 0.750000
vt 0.834774 0.721376
vt 0.606898 0.044406
vt 0.619860 0.026736
vt 0.619179 0.043533
vt 0.609010 0.027040
vt 0.621603 0.012717
vt 0.623880 0.025998
vt 0.623891 0.041238
vt 0.623996 0.012625
vt 0.606621 0.066493
vt 0.583015 0.044531
vt 0.585988 0.027083
vt 0.614618 0.012755
vt 0.594945 0.012760
vt 0.623778 0.000000
vt 0.623984 0.000000
vt 0.624190 0.000000
vt 0.624396 0.000000
vt 0.624547 0.012500
vt 0.624698 0.025000
vt 0.624849 0.037500
vt 0.623958 0.061632
vt 0.625000 0.050000
vt 0.619123 0.065278
vt 0.144302 0.546522
vt 0.131020 0.532322
vt 0.142216 0.530345
vt 0.131745 0.546838
vt 0.126456 0.534043
vt 0.129258 0.520762
vt 0.136737 0.517152
vt 0.126235 0.524537
vt 0.168542 0.567254
vt 0.168127 0.545623
vt 0.144600 0.567585
vt 0.131849 0.566819
vt 0.126546 0.545635
vt 0.126559 0.563219
vt 0.125000 0.542783
vt 0.125000 0.535566
vt 0.125000 0.528349
vt 0.125000 0.521133
vt 0.125938 0.515849
vt 0.126875 0.510566
vt 0.127813 0.505283
vt 0.156521 0.514347
vt 0.128750 0.500000
vt 0.165226 0.528624
vt 0.393102 0.205591
vt 0.380140 0.223264
vt 0.380821 0.206467
vt 0.390990 0.222940
vt 0.378397 0.237283
vt 0.376120 0.224002
vt 0.376109 0.208762
vt 0.376004 0.237375
vt 0.393379 0.183507
vt 0.416986 0.205449
vt 0.414012 0.222756
vt 0.385382 0.237202
vt 0.405162 0.236758
vt 0.376222 0.250000
vt 0.376016 0.250000
vt 0.375810 0.250000
vt 0.375604 0.250000
vt 0.375453 0.237500
vt 0.375302 0.225000
vt 0.375151 0.212500
vt 0.376042 0.188368
vt 0.375000 0.200000
vt 0.380877 0.184722
vt 0.393042 0.269458
vt 0.379980 0.256439
vt 0.390895 0.256973
vt 0.380727 0.267464
vt 0.375890 0.254862
vt 0.378167 0.252059
vt 0.385256 0.251833
vt 0.375664 0.252129
vt 0.416954 0.269661
vt 0.393348 0.293209
vt 0.380833 0.290341
vt 0.375984 0.262067
vt 0.375997 0.281640
vt 0.375000 0.253209
vt 0.375000 0.252668
vt 0.375000 0.252126
vt 0.375000 0.251585
vt 0.375357 0.251189
vt 0.375714 0.250793
vt 0.376071 0.250396
vt 0.405117 0.251197
vt 0.376429 0.250000
vt 0.413968 0.256804
vt 0.855540 0.544406
vt 0.868561 0.526736
vt 0.868007 0.543533
vt 0.857536 0.527040
vt 0.870138 0.512717
vt 0.872941 0.525998
vt 0.873124 0.541238
vt 0.872871 0.512625
vt 0.855319 0.566493
vt 0.831791 0.544531
vt 0.834659 0.527083
vt 0.862933 0.512755
vt 0.843360 0.512760
vt 0.871791 0.500000
vt 0.872333 0.500000
vt 0.872874 0.500000
vt 0.873415 0.500000
vt 0.873811 0.512500
vt 0.874208 0.525000
vt 0.874604 0.537500
vt 0.873322 0.561632
vt 0.875000 0.550000
vt 0.868036 0.565278
vt 0.606898 0.269299
vt 0.619860 0.256020
vt 0.619179 0.267216
vt 0.609010 0.256725
vt 0.621603 0.251456
vt 0.623880 0.254258
vt 0.623891 0.261737
vt 0.623996 0.251235
vt 0.606621 0.293127
vt 0.583015 0.269580
vt 0.585988 0.256688
vt 0.614618 0.251504
vt 0.594838 0.251075
vt 0.623778 0.250000
vt 0.623984 0.250000
vt 0.624190 0.250000
vt 0.624396 0.250000
vt 0.624547 0.250938
vt 0.624698 0.251875
vt 0.624849 0.252813
vt 0.623958 0.281521
vt 0.625000 0.253750
vt 0.619123 0.290226
vt 0.606958 0.203476
vt 0.620020 0.217678
vt 0.609105 0.219635
vt 0.619273 0.203162
vt 0.624110 0.215957
vt 0.621833 0.229238
vt 0.614744 0.232805
vt 0.624336 0.225463
vt 0.583046 0.204357
vt 0.606652 0.182416
vt 0.619167 0.183181
vt 0.624016 0.204365
vt 0.624003 0.186781
vt 0.625000 0.207217
vt 0.625000 0.214434
vt 0.625000 0.221651
vt 0.625000 0.228868
vt 0.624643 0.234151
vt 0.624286 0.239434
vt 0.623929 0.244717
vt 0.594883 0.235169
vt 0.623571 0.250000
vt 0.586032 0.221215
vt 0.355713 0.704819
vt 0.368991 0.721268
vt 0.357810 0.721907
vt 0.368238 0.704466
vt 0.373472 0.720695
vt 0.370793 0.734819
vt 0.363302 0.735891
vt 0.373783 0.733782
vt 0.331464 0.683152
vt 0.331883 0.705132
vt 0.355405 0.682991
vt 0.368119 0.682813
vt 0.373333 0.704174
vt 0.373298 0.682669
vt 0.374661 0.704038
vt 0.374720 0.720335
vt 0.374848 0.732907
vt 0.375201 0.743484
vt 0.374213 0.745113
vt 0.373226 0.746742
vt 0.372238 0.748371
vt 0.343494 0.736750
vt 0.371250 0.750000
vt 0.334789 0.722442
vt 0.393362 0.704703
vt 0.380842 0.720538
vt 0.380817 0.704375
vt 0.393374 0.720980
vt 0.380875 0.732308
vt 0.375923 0.720294
vt 0.375876 0.704123
vt 0.376006 0.732310
vt 0.393353 0.682991
vt 0.417392 0.705006
vt 0.417397 0.721433
vt 0.393385 0.732760
vt 0.417401 0.733323
vt 0.393391 0.740961
vt 0.380900 0.740513
vt 0.376092 0.740760
vt 0.375854 0.682669
vt 0.374635 0.682609
vt 0.380801 0.682813
vt 0.393368 0.768534
vt 0.380884 0.753568
vt 0.393379 0.754799
vt 0.380865 0.766106
vt 0.376072 0.751376
vt 0.380900 0.746464
vt 0.393388 0.747059
vt 0.376100 0.746091
vt 0.417392 0.769137
vt 0.393359 0.792791
vt 0.380848 0.789751
vt 0.376039 0.760331
vt 0.376012 0.781032
vt 0.375050 0.751184
vt 0.375101 0.748617
vt 0.375151 0.746051
vt 0.417401 0.747643
vt 0.417403 0.741568
vt 0.417397 0.755365
vt 0.644340 0.704766
vt 0.631143 0.721134
vt 0.631843 0.704385
vt 0.642272 0.721825
vt 0.629403 0.734623
vt 0.626706 0.720517
vt 0.626772 0.704069
vt 0.626494 0.733505
vt 0.644623 0.682963
vt 0.668144 0.705105
vt 0.665250 0.722403
vt 0.636808 0.735782
vt 0.656546 0.736711
vt 0.627894 0.748239
vt 0.627039 0.746478
vt 0.626183 0.744717
vt 0.625327 0.742956
vt 0.625464 0.732595
vt 0.625476 0.720139
vt 0.625454 0.703923
vt 0.626756 0.682615
vt 0.625423 0.682551
vt 0.631923 0.682771
vt 0.606685 0.768481
vt 0.619249 0.753435
vt 0.619217 0.766024
vt 0.606702 0.754718
vt 0.619278 0.746286
vt 0.624124 0.751180
vt 0.624071 0.760222
vt 0.624177 0.745814
vt 0.606669 0.792763
vt 0.582636 0.769109
vt 0.582645 0.755323
vt 0.606717 0.746955
vt 0.582652 0.747589
vt 0.606724 0.740846
vt 0.619296 0.740317
vt 0.624220 0.740448
vt 0.625245 0.745654
vt 0.625164 0.748353
vt 0.625082 0.751052
vt 0.624028 0.780992
vt 0.625000 0.753750
vt 0.619191 0.789712
vt 0.606690 0.704650
vt 0.619286 0.720411
vt 0.606707 0.720899
vt 0.619264 0.704294
vt 0.624251 0.720120
vt 0.619298 0.732135
vt 0.606719 0.732656
vt 0.624250 0.732054
vt 0.582636 0.704978
vt 0.606675 0.682963
vt 0.619241 0.682771
vt 0.624228 0.704019
vt 0.624200 0.682615
vt 0.582652 0.733269
vt 0.582655 0.741509
vt 0.582645 0.721391
vt 0.355660 0.545234
vt 0.368857 0.528866
vt 0.368157 0.545615
vt 0.357728 0.528175
vt 0.370597 0.515377
vt 0.373294 0.529483
vt 0.373229 0.545931
vt 0.373506 0.516495
vt 0.331449 0.566862
vt 0.355377 0.567037
vt 0.331856 0.544895
vt 0.334750 0.527597
vt 0.363192 0.514218
vt 0.343454 0.513289
vt 0.372106 0.501761
vt 0.372962 0.503522
vt 0.373817 0.505283
vt 0.374673 0.507044
vt 0.374536 0.517405
vt 0.374524 0.529861
vt 0.374546 0.546077
vt 0.373244 0.567385
vt 0.374577 0.567449
vt 0.368077 0.567229
vt 0.393316 0.481519
vt 0.380751 0.496565
vt 0.380783 0.483976
vt 0.393298 0.495282
vt 0.380722 0.503714
vt 0.375876 0.498820
vt 0.375929 0.489778
vt 0.375824 0.504186
vt 0.393331 0.457237
vt 0.417364 0.480891
vt 0.417355 0.494677
vt 0.393283 0.503046
vt 0.417348 0.502411
vt 0.393276 0.509154
vt 0.380704 0.509683
vt 0.375780 0.509552
vt 0.374755 0.504346
vt 0.374837 0.501647
vt 0.374918 0.498949
vt 0.375972 0.469008
vt 0.375000 0.496250
vt 0.380810 0.460288
vt 0.393310 0.545350
vt 0.380714 0.529589
vt 0.393293 0.529101
vt 0.380736 0.545706
vt 0.375750 0.529880
vt 0.380702 0.517866
vt 0.393281 0.517344
vt 0.375750 0.517946
vt 0.417364 0.545022
vt 0.393325 0.567037
vt 0.380759 0.567229
vt 0.375772 0.545981
vt 0.375800 0.567385
vt 0.417348 0.516731
vt 0.417345 0.508491
vt 0.417355 0.528610
vt 0.644288 0.545182
vt 0.631009 0.528732
vt 0.642190 0.528093
vt 0.631762 0.545534
vt 0.626528 0.529305
vt 0.629207 0.515181
vt 0.636698 0.514109
vt 0.626217 0.516218
vt 0.668117 0.544868
vt 0.644595 0.567009
vt 0.631881 0.567187
vt 0.626667 0.545827
vt 0.626702 0.567331
vt 0.625339 0.545963
vt 0.625280 0.529665
vt 0.625152 0.517093
vt 0.624799 0.506516
vt 0.625787 0.504887
vt 0.626774 0.503258
vt 0.627762 0.501629
vt 0.656506 0.513250
vt 0.628750 0.500000
vt 0.665211 0.527559
vt 0.606638 0.545297
vt 0.619158 0.529462
vt 0.619183 0.545625
vt 0.606626 0.529021
vt 0.619125 0.517692
vt 0.624077 0.529706
vt 0.624124 0.545877
vt 0.623994 0.517690
vt 0.606647 0.567009
vt 0.582609 0.544994
vt 0.582603 0.528567
vt 0.606615 0.517240
vt 0.582599 0.516677
vt 0.606609 0.509039
vt 0.619100 0.509487
vt 0.623908 0.509240
vt 0.624146 0.567331
vt 0.625365 0.567391
vt 0.619199 0.567187
vt 0.606632 0.481467
vt 0.619116 0.496432
vt 0.606621 0.495201
vt 0.619135 0.483894
vt 0.623928 0.498624
vt 0.619100 0.503536
vt 0.606612 0.502941
vt 0.623900 0.503909
vt 0.582608 0.480863
vt 0.606641 0.457209
vt 0.619152 0.460249
vt 0.623961 0.489669
vt 0.623988 0.468968
vt 0.624950 0.498817
vt 0.624899 0.501383
vt 0.624849 0.503949
vt 0.582599 0.502357
vt 0.582597 0.508432
vt 0.582603 0.494635
vt 0.144609 0.625132
vt 0.131850 0.593879
vt 0.144601 0.594601
vt 0.131891 0.656704
vt 0.131861 0.625156
vt 0.126560 0.591536
vt 0.126591 0.658899
vt 0.126567 0.625102
vt 0.168542 0.594519
vt 0.168547 0.625073
vt 0.144633 0.655865
vt 0.168560 0.655738
vt 0.125000 0.662500
vt 0.125000 0.625000
vt 0.125000 0.587500
vt 0.125000 0.550000
vt 0.376009 0.158899
vt 0.380838 0.125156
vt 0.380849 0.156704
vt 0.375997 0.091536
vt 0.376000 0.125102
vt 0.393352 0.125132
vt 0.393361 0.155865
vt 0.380834 0.093879
vt 0.375000 0.162500
vt 0.375000 0.087500
vt 0.375000 0.125000
vt 0.375000 0.050000
vt 0.393349 0.094601
vt 0.500004 0.980391
vt 0.452521 0.993150
vt 0.454571 0.980399
vt 0.547496 0.993109
vt 0.500005 0.993139
vt 0.447105 0.998440
vt 0.552908 0.998409
vt 0.500003 0.998433
vt 0.545443 0.980367
vt 0.561786 1.000000
vt 0.500000 1.000000
vt 0.438214 1.000000
vt 0.376429 1.000000
vt 0.447092 0.013183
vt 0.499996 0.027239
vt 0.452504 0.027646
vt 0.552895 0.012773
vt 0.499997 0.012862
vt 0.499996 0.044663
vt 0.454557 0.044981
vt 0.547479 0.027103
vt 0.438214 0.000000
vt 0.561786 0.000000
vt 0.500000 0.000000
vt 0.623571 0.000000
vt 0.545429 0.044548
vt 0.855391 0.624868
vt 0.868150 0.656121
vt 0.855399 0.655399
vt 0.868109 0.593297
vt 0.868139 0.624844
vt 0.873440 0.658464
vt 0.873409 0.591101
vt 0.873433 0.624898
vt 0.831453 0.624927
vt 0.855367 0.594135
vt 0.875000 0.587500
vt 0.875000 0.625000
vt 0.875000 0.662500
vt 0.875000 0.700000
vt 0.623991 0.091101
vt 0.619162 0.124844
vt 0.619151 0.093296
vt 0.624003 0.158464
vt 0.624000 0.124898
vt 0.606648 0.124868
vt 0.606639 0.094135
vt 0.619166 0.156121
vt 0.625000 0.087500
vt 0.625000 0.162500
vt 0.625000 0.125000
vt 0.625000 0.200000
vt 0.606651 0.155399
vt 0.582617 0.124927
vt 0.499996 0.269529
vt 0.547479 0.256389
vt 0.545429 0.269543
vt 0.452504 0.256429
vt 0.499996 0.256218
vt 0.552468 0.249837
vt 0.447519 0.249877
vt 0.499997 0.249234
vt 0.454557 0.269576
vt 0.443123 0.244685
vt 0.500000 0.243542
vt 0.556877 0.244562
vt 0.552481 0.235094
vt 0.500004 0.222118
vt 0.547496 0.221892
vt 0.447532 0.235513
vt 0.500003 0.234805
vt 0.500004 0.205257
vt 0.545443 0.204961
vt 0.452521 0.222436
vt 0.454571 0.205395
vt 0.249998 0.544707
vt 0.296731 0.527290
vt 0.294738 0.544698
vt 0.203260 0.527653
vt 0.249998 0.527291
vt 0.301992 0.512914
vt 0.198002 0.513187
vt 0.249998 0.512897
vt 0.294456 0.566758
vt 0.249999 0.566765
vt 0.205255 0.544986
vt 0.205540 0.566917
vt 0.189375 0.500000
vt 0.250000 0.500000
vt 0.310625 0.500000
vt 0.371250 0.500000
vt 0.375991 0.427140
vt 0.380831 0.375064
vt 0.380825 0.421929
vt 0.375997 0.323038
vt 0.375995 0.375042
vt 0.393346 0.375054
vt 0.393341 0.419896
vt 0.380833 0.328309
vt 0.375000 0.435625
vt 0.375000 0.314375
vt 0.375000 0.375000
vt 0.375000 0.253750
vt 0.393348 0.330295
vt 0.749989 0.544572
vt 0.796697 0.527089
vt 0.794711 0.544536
vt 0.703254 0.527257
vt 0.749987 0.527131
vt 0.801966 0.512764
vt 0.697997 0.512891
vt 0.749991 0.512792
vt 0.705250 0.544670
vt 0.689375 0.500000
vt 0.750000 0.500000
vt 0.810625 0.500000
vt 0.871250 0.500000
vt 0.623991 0.323006
vt 0.619161 0.375048
vt 0.619150 0.328267
vt 0.623999 0.427129
vt 0.623999 0.375031
vt 0.606647 0.375041
vt 0.606639 0.330260
vt 0.619161 0.421913
vt 0.625000 0.314375
vt 0.625000 0.435625
vt 0.625000 0.375000
vt 0.625000 0.496250
vt 0.606647 0.419883
vt 0.582616 0.375023
vt 0.499997 0.544741
vt 0.545142 0.528275
vt 0.545144 0.544802
vt 0.454840 0.528292
vt 0.499995 0.528182
vt 0.545140 0.516304
vt 0.454837 0.516326
vt 0.499993 0.516185
vt 0.454844 0.544813
vt 0.454836 0.508050
vt 0.499993 0.507897
vt 0.545139 0.508026
vt 0.545140 0.501984
vt 0.499995 0.494250
vt 0.545142 0.494343
vt 0.454837 0.502006
vt 0.499993 0.501866
vt 0.499997 0.480610
vt 0.545144 0.480671
vt 0.454840 0.494360
vt 0.454844 0.480682
vt 0.355394 0.625004
vt 0.368109 0.655519
vt 0.355399 0.655591
vt 0.368092 0.594500
vt 0.368101 0.625005
vt 0.373286 0.655460
vt 0.373264 0.594564
vt 0.373276 0.625007
vt 0.331461 0.655656
vt 0.331458 0.625002
vt 0.355387 0.594422
vt 0.331455 0.594351
vt 0.374598 0.594590
vt 0.374611 0.625007
vt 0.374622 0.655436
vt 0.375842 0.655460
vt 0.380784 0.625005
vt 0.380791 0.655519
vt 0.375820 0.594564
vt 0.375832 0.625007
vt 0.393341 0.625004
vt 0.393346 0.655591
vt 0.380774 0.594500
vt 0.393335 0.594422
vt 0.644607 0.624997
vt 0.631891 0.594482
vt 0.644602 0.594409
vt 0.631908 0.655500
vt 0.631899 0.624995
vt 0.626714 0.594540
vt 0.626736 0.655437
vt 0.626724 0.624993
vt 0.644613 0.655579
vt 0.625402 0.655410
vt 0.625389 0.624993
vt 0.625378 0.594564
vt 0.624158 0.594540
vt 0.619216 0.624995
vt 0.619209 0.594482
vt 0.624180 0.655436
vt 0.624168 0.624993
vt 0.606659 0.624997
vt 0.606654 0.594409
vt 0.619226 0.655500
vt 0.606665 0.655578
vt 0.582620 0.624998
vt 0.500003 0.769390
vt 0.545160 0.755640
vt 0.545156 0.769318
vt 0.454858 0.755657
vt 0.500005 0.755750
vt 0.545163 0.747994
vt 0.454860 0.748016
vt 0.500007 0.748134
vt 0.454856 0.769329
vt 0.454861 0.741974
vt 0.500007 0.742103
vt 0.545164 0.741950
vt 0.545163 0.733674
vt 0.500005 0.721818
vt 0.545160 0.721708
vt 0.454860 0.733696
vt 0.500007 0.733815
vt 0.500003 0.705259
vt 0.545156 0.705187
vt 0.454858 0.721725
vt 0.454856 0.705198
vt 0.250011 0.705428
vt 0.203303 0.722911
vt 0.205289 0.705464
vt 0.296746 0.722743
vt 0.250013 0.722869
vt 0.198034 0.737236
vt 0.302003 0.737109
vt 0.250009 0.737208
vt 0.205559 0.683331
vt 0.250006 0.683311
vt 0.294750 0.705330
vt 0.294463 0.683257
vt 0.310625 0.750000
vt 0.250000 0.750000
vt 0.189375 0.750000
vt 0.128750 0.750000
vt 0.376009 0.926994
vt 0.380839 0.874952
vt 0.380850 0.921733
vt 0.376001 0.822872
vt 0.376001 0.874969
vt 0.393353 0.874960
vt 0.393361 0.919740
vt 0.380839 0.828087
vt 0.375000 0.935625
vt 0.375000 0.814375
vt 0.375000 0.875000
vt 0.375000 0.753750
vt 0.393353 0.830117
vt 0.750002 0.705293
vt 0.703269 0.722710
vt 0.705262 0.705302
vt 0.796740 0.722347
vt 0.750002 0.722709
vt 0.698008 0.737086
vt 0.801999 0.736813
vt 0.750002 0.737104
vt 0.794745 0.705014
vt 0.810625 0.750000
vt 0.750000 0.750000
vt 0.689375 0.750000
vt 0.628750 0.750000
vt 0.624010 0.822860
vt 0.619169 0.874936
vt 0.619175 0.828072
vt 0.624003 0.926962
vt 0.624005 0.874958
vt 0.606654 0.874946
vt 0.606659 0.830104
vt 0.619167 0.921691
vt 0.625000 0.814375
vt 0.625000 0.935625
vt 0.625000 0.875000
vt 0.625000 0.996250
vt 0.606652 0.919705
vt 0.582620 0.874970
vt 0.205541 0.594377
vt 0.250001 0.625010
vt 0.205543 0.625031
vt 0.294458 0.594308
vt 0.250000 0.594312
vt 0.205548 0.655732
vt 0.294461 0.655698
vt 0.250003 0.655721
vt 0.294460 0.625002
s 0
usemtl HM_CabDoor
f 2141/1971/3419 2145/1972/3419 2144/1973/3419
f 2143/1974/3420 2145/1972/3420 2142/1975/3420
f 2145/1972/3421 2147/1976/3421 2144/1973/3421
f 2145/1972/3422 2149/1977/3422 2148/1978/3422
f 1791/1979/3423 2141/1971/3423 2129/1980/3423
f 2116/1981/3424 2142/1975/3424 2141/1971/3424
f 2114/1982/3425 2142/1975/3425 2115/1983/3425
f 1797/1984/3426 2143/1974/3426 2114/1982/3426
f 2140/1985/3427 2146/1986/3427 2143/1974/3427
f 2146/1986/3428 2138/1987/3428 2149/1977/3428
f 2149/1977/3429 1768/1988/3429 2044/1989/3429
f 2148/1978/3430 2044/1989/3430 2043/1990/3430
f 2148/1978/3431 2042/1991/3431 2147/1976/3431
f 2147/1976/3432 1762/1992/3432 2131/1993/3432
f 2144/1973/3433 2131/1993/3433 2130/1994/3433
f 2129/1980/3434 2144/1973/3434 2130/1994/3434
f 2150/1995/3435 2154/1996/3435 2153/1997/3435
f 2152/1998/3436 2154/1996/3436 2151/1999/3436
f 2154/1996/3437 2156/2000/3437 2153/1997/3437
f 2154/1996/3438 2158/2001/3438 2157/2002/3438
f 1805/2003/3439 2150/1995/3439 2102/2004/3439
f 2089/2005/3440 2151/1999/3440 2150/1995/3440
f 2087/2006/3441 2151/1999/3441 2088/2007/3441
f 1811/2008/3442 2152/1998/3442 2087/2006/3442
f 2113/2009/3443 2155/2010/3443 2152/1998/3443
f 2155/2010/3444 2111/2011/3444 2158/2001/3444
f 2158/2001/3445 1798/2012/3445 2122/2013/3445
f 2157/2002/3446 2122/2013/3446 2121/2014/3446
f 2157/2002/3447 2120/2015/3447 2156/2000/3447
f 2156/2000/3448 1790/2016/3448 2104/2017/3448
f 2153/1997/3449 2104/2017/3449 2103/2018/3449
f 2102/2004/3450 2153/1997/3450 2103/2018/3450
f 2159/2019/3451 2163/2020/3451 2162/2021/3451
f 2161/2022/3452 2163/2020/3452 2160/2023/3452
f 2163/2020/3453 2165/2024/3453 2162/2021/3453
f 2163/2020/3454 2167/2025/3454 2166/2026/3454
f 1810/2027/3455 2159/2019/3455 2105/2028/3455
f 2080/2029/3456 2160/2023/3456 2159/2019/3456
f 2078/2030/3457 2160/2023/3457 2079/2031/3457
f 1782/2032/3458 2161/2022/3458 2078/2030/3458
f 2053/2033/3459 2164/2034/3459 2161/2022/3459
f 2164/2034/3460 2051/2035/3460 2167/2025/3460
f 2167/2025/3461 1769/2036/3461 2134/2037/3461
f 2166/2026/3462 2134/2037/3462 2133/2038/3462
f 2166/2026/3463 2132/2039/3463 2165/2024/3463
f 2165/2024/3464 1796/2040/3464 2107/2041/3464
f 2162/2021/3465 2107/2041/3465 2106/2042/3465
f 2105/2028/3466 2162/2021/3466 2106/2042/3466
f 2168/2043/3467 2172/2044/3467 2171/2045/3467
f 2170/2046/3468 2172/2044/3468 2169/2047/3468
f 2172/2044/3469 2174/2048/3469 2171/2045/3469
f 2172/2044/3470 2176/2049/3470 2175/2050/3470
f 1763/2051/3471 2168/2043/3471 2039/2052/3471
f 2050/2053/3472 2169/2047/3472 2168/2043/3472
f 2048/2054/3473 2169/2047/3473 2049/2055/3473
f 1770/2056/3474 2170/2046/3474 2048/2054/3474
f 2059/2057/3475 2173/2058/3475 2170/2046/3475
f 2173/2058/3476 2057/2059/3476 2176/2049/3476
f 2176/2049/3477 1784/2060/3477 2068/2061/3477
f 2175/2050/3478 2068/2061/3478 2067/2062/3478
f 2175/2050/3479 2066/2063/3479 2174/2048/3479
f 2174/2048/3480 1776/2064/3480 2041/2065/3480
f 2171/2045/3481 2041/2065/3481 2040/2066/3481
f 2039/2052/3482 2171/2045/3482 2040/2066/3482
f 2177/2067/3483 2181/2068/3483 2180/2069/3483
f 2179/2070/3484 2181/2068/3484 2178/2071/3484
f 2181/2068/3485 2183/2072/3485 2180/2069/3485
f 2181/2068/3486 2185/2073/3486 2184/2074/3486
f 1777/2075/3487 2177/2067/3487 2075/2076/3487
f 2062/2077/3488 2178/2071/3488 2177/2067/3488
f 2060/2078/3489 2178/2071/3489 2061/2079/3489
f 1783/2080/3490 2179/2070/3490 2060/2078/3490
f 2086/2081/3491 2182/2082/3491 2179/2070/3491
f 2182/2082/3492 2084/2083/3492 2185/2073/3492
f 2185/2073/3493 1812/2084/3493 2095/2085/3493
f 2184/2074/3494 2095/2085/3494 2094/2086/3494
f 2184/2074/3495 2093/2087/3495 2183/2072/3495
f 2183/2072/3496 1804/2088/3496 2077/2089/3496
f 2180/2069/3497 2077/2089/3497 2076/2090/3497
f 2075/2076/3498 2180/2069/3498 2076/2090/3498
f 2186/2091/3499 2190/2092/3499 2189/2093/3499
f 2187/2094/3500 2191/2095/3500 2190/2092/3500
f 2189/2093/3501 2193/2096/3501 2192/2097/3501
f 2190/2092/3502 2194/2098/3502 2193/2096/3502
f 1761/2099/3503 2186/2091/3503 1819/2100/3503
f 1820/2101/3504 2187/2094/3504 2186/2091/3504
f 1821/2102/3505 2188/2103/3505 2187/2094/3505
f 1822/2104/3506 1823/2105/3506 2188/2103/3506
f 2188/2103/3507 1824/2106/3507 2191/2095/3507
f 2191/2095/3508 1825/2107/3508 2194/2098/3508
f 2194/2098/3509 1765/2108/3509 1826/2109/3509
f 2193/2096/3510 1826/2109/3510 1827/2110/3510
f 2192/2097/3511 1827/2110/3511 1828/2111/3511
f 1817/2112/3512 1828/2111/3512 1767/2113/3512
f 1818/2114/3513 2192/2097/3513 1817/2112/3513
f 1819/2100/3514 2189/2093/3514 1818/2114/3514
f 2195/2115/3515 2199/2116/3515 2198/2117/3515
f 2196/2118/3516 2200/2119/3516 2199/2116/3516
f 2198/2117/3517 2202/2120/3517 2201/2121/3517
f 2199/2116/3518 2203/2122/3518 2202/2120/3518
f 1762/1992/3519 2195/2115/3519 1831/2123/3519
f 1832/2124/3520 2196/2118/3520 2195/2115/3520
f 1833/2125/3521 2197/2126/3521 2196/2118/3521
f 1834/2127/3522 1835/2128/3522 2197/2126/3522
f 2197/2126/3523 1836/2129/3523 2200/2119/3523
f 2200/2119/3524 1837/2130/3524 2203/2122/3524
f 2203/2122/3525 1765/2131/3525 1825/2132/3525
f 2202/2120/3526 1825/2132/3526 1824/2133/3526
f 2201/2121/3527 1824/2133/3527 1823/2134/3527
f 1829/2135/3528 1823/2134/3528 1764/2136/3528
f 1830/2137/3529 2201/2121/3529 1829/2135/3529
f 1831/2123/3530 2198/2117/3530 1830/2137/3530
f 2204/2138/3531 2208/2139/3531 2207/2140/3531
f 2205/2141/3532 2209/2142/3532 2208/2139/3532
f 2207/2140/3533 2211/2143/3533 2210/2144/3533
f 2208/2139/3534 2212/2145/3534 2211/2143/3534
f 1763/2051/3535 2204/2138/3535 1840/2146/3535
f 1841/2147/3536 2205/2141/3536 2204/2138/3536
f 1842/2148/3537 2206/2149/3537 2205/2141/3537
f 1843/2150/3538 1828/2151/3538 2206/2149/3538
f 2206/2149/3539 1827/2152/3539 2209/2142/3539
f 2209/2142/3540 1826/2153/3540 2212/2145/3540
f 2212/2145/3541 1765/2154/3541 1837/2155/3541
f 2211/2143/3542 1837/2155/3542 1836/2156/3542
f 2210/2144/3543 1836/2156/3543 1835/2157/3543
f 1838/2158/3544 1835/2157/3544 1766/2159/3544
f 1839/2160/3545 2210/2144/3545 1838/2158/3545
f 1840/2146/3546 2207/2140/3546 1839/2160/3546
f 2213/2161/3547 2217/2162/3547 2216/2163/3547
f 2214/2164/3548 2218/2165/3548 2217/2162/3548
f 2216/2163/3549 2220/2166/3549 2219/2167/3549
f 2217/2162/3550 2221/2168/3550 2220/2166/3550
f 1768/1988/3551 2213/2161/3551 1846/2169/3551
f 1847/2170/3552 2214/2164/3552 2213/2161/3552
f 1848/2171/3553 2215/2172/3553 2214/2164/3553
f 1849/2173/3554 1850/2174/3554 2215/2172/3554
f 2215/2172/3555 1851/2175/3555 2218/2165/3555
f 2218/2165/3556 1852/2176/3556 2221/2168/3556
f 2221/2168/3557 1772/2177/3557 1853/2178/3557
f 2220/2166/3558 1853/2178/3558 1854/2179/3558
f 2219/2167/3559 1854/2179/3559 1855/2180/3559
f 1844/2181/3560 1855/2180/3560 1774/2182/3560
f 1845/2183/3561 2219/2167/3561 1844/2181/3561
f 1846/2169/3562 2216/2163/3562 1845/2183/3562
f 2222/2184/3563 2226/2185/3563 2225/2186/3563
f 2223/2187/3564 2227/2188/3564 2226/2185/3564
f 2225/2186/3565 2229/2189/3565 2228/2190/3565
f 2226/2185/3566 2230/2191/3566 2229/2189/3566
f 1769/2036/3567 2222/2184/3567 1858/2192/3567
f 1859/2193/3568 2223/2187/3568 2222/2184/3568
f 1860/2194/3569 2224/2195/3569 2223/2187/3569
f 1861/2196/3570 1862/2197/3570 2224/2195/3570
f 2224/2195/3571 1863/2198/3571 2227/2188/3571
f 2227/2188/3572 1864/2199/3572 2230/2191/3572
f 2230/2191/3573 1772/2200/3573 1852/2201/3573
f 2229/2189/3574 1852/2201/3574 1851/2202/3574
f 2228/2190/3575 1851/2202/3575 1850/2203/3575
f 1856/2204/3576 1850/2203/3576 1771/2205/3576
f 1857/2206/3577 2228/2190/3577 1856/2204/3577
f 1858/2192/3578 2225/2186/3578 1857/2206/3578
f 2231/2207/3579 2235/2208/3579 2234/2209/3579
f 2232/2210/3580 2236/2211/3580 2235/2208/3580
f 2234/2209/3581 2238/2212/3581 2237/2213/3581
f 2235/2208/3582 2239/2214/3582 2238/2212/3582
f 1770/2056/3583 2231/2207/3583 1867/2215/3583
f 1868/2216/3584 2232/2210/3584 2231/2207/3584
f 1869/2217/3585 2233/2218/3585 2232/2210/3585
f 1870/2219/3586 1855/2220/3586 2233/2218/3586
f 2233/2218/3587 1854/2221/3587 2236/2211/3587
f 2236/2211/3588 1853/2222/3588 2239/2214/3588
f 2239/2214/3589 1772/2223/3589 1864/2224/3589
f 2238/2212/3590 1864/2224/3590 1863/2225/3590
f 2237/2213/3591 1863/2225/3591 1862/2226/3591
f 1865/2227/3592 1862/2226/3592 1773/2228/3592
f 1866/2229/3593 2237/2213/3593 1865/2227/3593
f 1867/2215/3594 2234/2209/3594 1866/2229/3594
f 2240/2230/3595 2244/2231/3595 2243/2232/3595
f 2241/2233/3596 2245/2234/3596 2244/2231/3596
f 2243/2232/3597 2247/2235/3597 2246/2236/3597
f 2244/2231/3598 2248/2237/3598 2247/2235/3598
f 1775/2238/3599 2240/2230/3599 1873/2239/3599
f 1874/2240/3600 2241/2233/3600 2240/2230/3600
f 1875/2241/3601 2242/2242/3601 2241/2233/3601
f 1876/2243/3602 1877/2244/3602 2242/2242/3602
f 2242/2242/3603 1878/2245/3603 2245/2234/3603
f 2245/2234/3604 1879/2246/3604 2248/2237/3604
f 2248/2237/3605 1779/2247/3605 1880/2248/3605
f 2247/2235/3606 1880/2248/3606 1881/2249/3606
f 2246/2236/3607 1881/2249/3607 1882/2250/3607
f 1871/2251/3608 1882/2250/3608 1781/2252/3608
f 1872/2253/3609 2246/2236/3609 1871/2251/3609
f 1873/2239/3610 2243/2232/3610 1872/2253/3610
f 2249/2254/3611 2253/2255/3611 2252/2256/3611
f 2250/2257/3612 2254/2258/3612 2253/2255/3612
f 2252/2256/3613 2256/2259/3613 2255/2260/3613
f 2253/2255/3614 2257/2261/3614 2256/2259/3614
f 1776/2064/3615 2249/2254/3615 1885/2262/3615
f 1886/2263/3616 2250/2257/3616 2249/2254/3616
f 1887/2264/3617 2251/2265/3617 2250/2257/3617
f 1888/2266/3618 1889/2267/3618 2251/2265/3618
f 2251/2265/3619 1890/2268/3619 2254/2258/3619
f 2254/2258/3620 1891/2269/3620 2257/2261/3620
f 2257/2261/3621 1779/2270/3621 1879/2271/3621
f 2256/2259/3622 1879/2271/3622 1878/2272/3622
f 2255/2260/3623 1878/2272/3623 1877/2273/3623
f 1883/2274/3624 1877/2273/3624 1778/2275/3624
f 1884/2276/3625 2255/2260/3625 1883/2274/3625
f 1885/2262/3626 2252/2256/3626 1884/2276/3626
f 2258/2277/3627 2262/2278/3627 2261/2279/3627
f 2259/2280/3628 2263/2281/3628 2262/2278/3628
f 2261/2279/3629 2265/2282/3629 2264/2283/3629
f 2262/2278/3630 2266/2284/3630 2265/2282/3630
f 1777/2075/3631 2258/2277/3631 1894/2285/3631
f 1895/2286/3632 2259/2280/3632 2258/2277/3632
f 1896/2287/3633 2260/2288/3633 2259/2280/3633
f 1897/2289/3634 1882/2290/3634 2260/2288/3634
f 2260/2288/3635 1881/2291/3635 2263/2281/3635
f 2263/2281/3636 1880/2292/3636 2266/2284/3636
f 2266/2284/3637 1779/2293/3637 1891/2294/3637
f 2265/2282/3638 1891/2294/3638 1890/2295/3638
f 2264/2283/3639 1890/2295/3639 1889/2296/3639
f 1892/2297/3640 1889/2296/3640 1780/2298/3640
f 1893/2299/3641 2264/2283/3641 1892/2297/3641
f 1894/2285/3642 2261/2279/3642 1893/2299/3642
f 2267/2300/3643 2271/2301/3643 2270/2302/3643
f 2268/2303/3644 2272/2304/3644 2271/2301/3644
f 2270/2302/3645 2274/2305/3645 2273/2306/3645
f 2271/2301/3646 2275/2307/3646 2274/2305/3646
f 1782/2032/3647 2267/2300/3647 1900/2308/3647
f 1901/2309/3648 2268/2303/3648 2267/2300/3648
f 1902/2310/3649 2269/2311/3649 2268/2303/3649
f 1903/2312/3650 1904/2313/3650 2269/2311/3650
f 2269/2311/3651 1905/2314/3651 2272/2304/3651
f 2272/2304/3652 1906/2315/3652 2275/2307/3652
f 2275/2307/3653 1786/2316/3653 1907/2317/3653
f 2274/2305/3654 1907/2317/3654 1908/2318/3654
f 2273/2306/3655 1908/2318/3655 1909/2319/3655
f 1898/2320/3656 1909/2319/3656 1788/2321/3656
f 1899/2322/3657 2273/2306/3657 1898/2320/3657
f 1900/2308/3658 2270/2302/3658 1899/2322/3658
f 2276/2323/3659 2280/2324/3659 2279/2325/3659
f 2277/2326/3660 2281/2327/3660 2280/2324/3660
f 2279/2325/3661 2283/2328/3661 2282/2329/3661
f 2280/2324/3662 2284/2330/3662 2283/2328/3662
f 1783/2080/3663 2276/2323/3663 1912/2331/3663
f 1913/2332/3664 2277/2326/3664 2276/2323/3664
f 1914/2333/3665 2278/2334/3665 2277/2326/3665
f 1915/2335/3666 1916/2336/3666 2278/2334/3666
f 2278/2334/3667 1917/2337/3667 2281/2327/3667
f 2281/2327/3668 1918/2338/3668 2284/2330/3668
f 2284/2330/3669 1786/2339/3669 1906/2340/3669
f 2283/2328/3670 1906/2340/3670 1905/2341/3670
f 2282/2329/3671 1905/2341/3671 1904/2342/3671
f 1910/2343/3672 1904/2342/3672 1785/2344/3672
f 1911/2345/3673 2282/2329/3673 1910/2343/3673
f 1912/2331/3674 2279/2325/3674 1911/2345/3674
f 2285/2346/3675 2289/2347/3675 2288/2348/3675
f 2286/2349/3676 2290/2350/3676 2289/2347/3676
f 2288/2348/3677 2292/2351/3677 2291/2352/3677
f 2289/2347/3678 2293/2353/3678 2292/2351/3678
f 1784/2060/3679 2285/2346/3679 1921/2354/3679
f 1922/2355/3680 2286/2349/3680 2285/2346/3680
f 1923/2356/3681 2287/2357/3681 2286/2349/3681
f 1924/2358/3682 1909/2359/3682 2287/2357/3682
f 2287/2357/3683 1908/2360/3683 2290/2350/3683
f 2290/2350/3684 1907/2361/3684 2293/2353/3684
f 2293/2353/3685 1786/2362/3685 1918/2363/3685
f 2292/2351/3686 1918/2363/3686 1917/2364/3686
f 2291/2352/3687 1917/2364/3687 1916/2365/3687
f 1919/2366/3688 1916/2365/3688 1787/2367/3688
f 1920/2368/3689 2291/2352/3689 1919/2366/3689
f 1921/2354/3690 2288/2348/3690 1920/2368/3690
f 2294/2369/3691 2298/2370/3691 2297/2371/3691
f 2295/2372/3692 2299/2373/3692 2298/2370/3692
f 2297/2371/3693 2301/2374/3693 2300/2375/3693
f 2298/2370/3694 2302/2376/3694 2301/2374/3694
f 1789/2377/3695 2294/2369/3695 1927/2378/3695
f 1928/2379/3696 2295/2372/3696 2294/2369/3696
f 1929/2380/3697 2296/2381/3697 2295/2372/3697
f 1930/2382/3698 1931/2383/3698 2296/2381/3698
f 2296/2381/3699 1932/2384/3699 2299/2373/3699
f 2299/2373/3700 1933/2385/3700 2302/2376/3700
f 2302/2376/3701 1793/2386/3701 1934/2387/3701
f 2301/2374/3702 1934/2387/3702 1935/2388/3702
f 2300/2375/3703 1935/2388/3703 1936/2389/3703
f 1925/2390/3704 1936/2389/3704 1795/2391/3704
f 1926/2392/3705 2300/2375/3705 1925/2390/3705
f 1927/2378/3706 2297/2371/3706 1926/2392/3706
f 2303/2393/3707 2307/2394/3707 2306/2395/3707
f 2304/2396/3708 2308/2397/3708 2307/2394/3708
f 2306/2395/3709 2310/2398/3709 2309/2399/3709
f 2307/2394/3710 2311/2400/3710 2310/2398/3710
f 1790/2016/3711 2303/2393/3711 1939/2401/3711
f 1940/2402/3712 2304/2396/3712 2303/2393/3712
f 1941/2403/3713 2305/2404/3713 2304/2396/3713
f 1942/2405/3714 1943/2406/3714 2305/2404/3714
f 2305/2404/3715 1944/2407/3715 2308/2397/3715
f 2308/2397/3716 1945/2408/3716 2311/2400/3716
f 2311/2400/3717 1793/2386/3717 1933/2385/3717
f 2310/2398/3718 1933/2385/3718 1932/2384/3718
f 2309/2399/3719 1932/2384/3719 1931/2383/3719
f 1937/2409/3720 1931/2383/3720 1792/2410/3720
f 1938/2411/3721 2309/2399/3721 1937/2409/3721
f 1939/2401/3722 2306/2395/3722 1938/2411/3722
f 2312/2412/3723 2316/2413/3723 2315/2414/3723
f 2313/2415/3724 2317/2416/3724 2316/2413/3724
f 2315/2414/3725 2319/2417/3725 2318/2418/3725
f 2316/2413/3726 2320/2419/3726 2319/2417/3726
f 1791/1979/3727 2312/2412/3727 1948/2420/3727
f 1949/2421/3728 2313/2415/3728 2312/2412/3728
f 1950/2422/3729 2314/2423/3729 2313/2415/3729
f 1951/2424/3730 1936/2425/3730 2314/2423/3730
f 2314/2423/3731 1935/2426/3731 2317/2416/3731
f 2317/2416/3732 1934/2427/3732 2320/2419/3732
f 2320/2419/3733 1793/2386/3733 1945/2408/3733
f 2319/2417/3734 1945/2408/3734 1944/2407/3734
f 2318/2418/3735 1944/2407/3735 1943/2406/3735
f 1946/2428/3736 1943/2406/3736 1794/2429/3736
f 1947/2430/3737 2318/2418/3737 1946/2428/3737
f 1948/2420/3738 2315/2414/3738 1947/2430/3738
f 2321/2431/3739 2325/2432/3739 2324/2433/3739
f 2322/2434/3740 2326/2435/3740 2325/2432/3740
f 2324/2433/3741 2328/2436/3741 2327/2437/3741
f 2325/2432/3742 2329/2438/3742 2328/2436/3742
f 1796/2040/3743 2321/2431/3743 1954/2439/3743
f 1955/2440/3744 2322/2434/3744 2321/2431/3744
f 1956/2441/3745 2323/2442/3745 2322/2434/3745
f 1957/2443/3746 1958/2444/3746 2323/2442/3746
f 2323/2442/3747 1959/2445/3747 2326/2435/3747
f 2326/2435/3748 1960/2446/3748 2329/2438/3748
f 2329/2438/3749 1800/2447/3749 1961/2448/3749
f 2328/2436/3750 1961/2448/3750 1962/2449/3750
f 2327/2437/3751 1962/2449/3751 1963/2450/3751
f 1952/2451/3752 1963/2450/3752 1802/2452/3752
f 1953/2453/3753 2327/2437/3753 1952/2451/3753
f 1954/2439/3754 2324/2433/3754 1953/2453/3754
f 2330/2454/3755 2334/2455/3755 2333/2456/3755
f 2331/2457/3756 2335/2458/3756 2334/2455/3756
f 2333/2456/3757 2337/2459/3757 2336/2460/3757
f 2334/2455/3758 2338/2461/3758 2337/2459/3758
f 1797/1984/3759 2330/2454/3759 1966/2462/3759
f 1967/2463/3760 2331/2457/3760 2330/2454/3760
f 1968/2464/3761 2332/2465/3761 2331/2457/3761
f 1969/2466/3762 1970/2467/3762 2332/2465/3762
f 2332/2465/3763 1971/2468/3763 2335/2458/3763
f 2335/2458/3764 1972/2469/3764 2338/2461/3764
f 2338/2461/3765 1800/2447/3765 1960/2470/3765
f 2337/2459/3766 1960/2470/3766 1959/2471/3766
f 2336/2460/3767 1959/2471/3767 1958/2472/3767
f 1964/2473/3768 1958/2472/3768 1799/2474/3768
f 1965/2475/3769 2336/2460/3769 1964/2473/3769
f 1966/2462/3770 2333/2456/3770 1965/2475/3770
f 2339/2476/3771 2343/2477/3771 2342/2478/3771
f 2340/2479/3772 2344/2480/3772 2343/2477/3772
f 2342/2478/3773 2346/2481/3773 2345/2482/3773
f 2343/2477/3774 2347/2483/3774 2346/2481/3774
f 1798/2012/3775 2339/2476/3775 1975/2484/3775
f 1976/2485/3776 2340/2479/3776 2339/2476/3776
f 1977/2486/3777 2341/2487/3777 2340/2479/3777
f 1978/2488/3778 1963/2450/3778 2341/2487/3778
f 2341/2487/3779 1962/2449/3779 2344/2480/3779
f 2344/2480/3780 1961/2448/3780 2347/2483/3780
f 2347/2483/3781 1800/2447/3781 1972/2469/3781
f 2346/2481/3782 1972/2469/3782 1971/2468/3782
f 2345/2482/3783 1971/2468/3783 1970/2467/3783
f 1973/2489/3784 1970/2467/3784 1801/2490/3784
f 1974/2491/3785 2345/2482/3785 1973/2489/3785
f 1975/2484/3786 2342/2478/3786 1974/2491/3786
f 2348/2492/3787 2352/2493/3787 2351/2494/3787
f 2349/2495/3788 2353/2496/3788 2352/2493/3788
f 2351/2494/3789 2355/2497/3789 2354/2498/3789
f 2352/2493/3790 2356/2499/3790 2355/2497/3790
f 1803/2500/3791 2348/2492/3791 1981/2501/3791
f 1982/2502/3792 2349/2495/3792 2348/2492/3792
f 1983/2503/3793 2350/2504/3793 2349/2495/3793
f 1984/2505/3794 1985/2506/3794 2350/2504/3794
f 2350/2504/3795 1986/2507/3795 2353/2496/3795
f 2353/2496/3796 1987/2508/3796 2356/2499/3796
f 2356/2499/3797 1807/2509/3797 1988/2510/3797
f 2355/2497/3798 1988/2510/3798 1989/2511/3798
f 2354/2498/3799 1989/2511/3799 1990/2512/3799
f 1979/2513/3800 1990/2512/3800 1809/2514/3800
f 1980/2515/3801 2354/2498/3801 1979/2513/3801
f 1981/2501/3802 2351/2494/3802 1980/2515/3802
f 2357/2516/3803 2361/2517/3803 2360/2518/3803
f 2358/2519/3804 2362/2520/3804 2361/2517/3804
f 2360/2518/3805 2364/2521/3805 2363/2522/3805
f 2361/2517/3806 2365/2523/3806 2364/2521/3806
f 1804/2088/3807 2357/2516/3807 1993/2524/3807
f 1994/2525/3808 2358/2519/3808 2357/2516/3808
f 1995/2526/3809 2359/2527/3809 2358/2519/3809
f 1996/2528/3810 1997/2529/3810 2359/2527/3810
f 2359/2527/3811 1998/2530/3811 2362/2520/3811
f 2362/2520/3812 1999/2531/3812 2365/2523/3812
f 2365/2523/3813 1807/2509/3813 1987/2532/3813
f 2364/2521/3814 1987/2532/3814 1986/2533/3814
f 2363/2522/3815 1986/2533/3815 1985/2534/3815
f 1991/2535/3816 1985/2534/3816 1806/2536/3816
f 1992/2537/3817 2363/2522/3817 1991/2535/3817
f 1993/2524/3818 2360/2518/3818 1992/2537/3818
f 2366/2538/3819 2370/2539/3819 2369/2540/3819
f 2367/2541/3820 2371/2542/3820 2370/2539/3820
f 2369/2540/3821 2373/2543/3821 2372/2544/3821
f 2370/2539/3822 2374/2545/3822 2373/2543/3822
f 1805/2003/3823 2366/2538/3823 2002/2546/3823
f 2003/2547/3824 2367/2541/3824 2366/2538/3824
f 2004/2548/3825 2368/2549/3825 2367/2541/3825
f 2005/2550/3826 1990/2512/3826 2368/2549/3826
f 2368/2549/3827 1989/2511/3827 2371/2542/3827
f 2371/2542/3828 1988/2510/3828 2374/2545/3828
f 2374/2545/3829 1807/2509/3829 1999/2531/3829
f 2373/2543/3830 1999/2531/3830 1998/2530/3830
f 2372/2544/3831 1998/2530/3831 1997/2529/3831
f 2000/2551/3832 1997/2529/3832 1808/2552/3832
f 2001/2553/3833 2372/2544/3833 2000/2551/3833
f 2002/2546/3834 2369/2540/3834 2001/2553/3834
f 2375/2554/3835 2379/2555/3835 2378/2556/3835
f 2376/2557/3836 2380/2558/3836 2379/2555/3836
f 2378/2556/3837 2382/2559/3837 2381/2560/3837
f 2379/2555/3838 2383/2561/3838 2382/2559/3838
f 1810/2027/3839 2375/2554/3839 2008/2562/3839
f 2009/2563/3840 2376/2557/3840 2375/2554/3840
f 2010/2564/3841 2377/2565/3841 2376/2557/3841
f 2011/2566/3842 2012/2567/3842 2377/2565/3842
f 2377/2565/3843 2013/2568/3843 2380/2558/3843
f 2380/2558/3844 2014/2569/3844 2383/2561/3844
f 2383/2561/3845 1814/2570/3845 2015/2571/3845
f 2382/2559/3846 2015/2571/3846 2016/2572/3846
f 2381/2560/3847 2016/2572/3847 2017/2573/3847
f 2006/2574/3848 2017/2573/3848 1816/2575/3848
f 2007/2576/3849 2381/2560/3849 2006/2574/3849
f 2008/2562/3850 2378/2556/3850 2007/2576/3850
f 2384/2577/3851 2388/2578/3851 2387/2579/3851
f 2385/2580/3852 2389/2581/3852 2388/2578/3852
f 2387/2579/3853 2391/2582/3853 2390/2583/3853
f 2388/2578/3854 2392/2584/3854 2391/2582/3854
f 1811/2008/3855 2384/2577/3855 2020/2585/3855
f 2021/2586/3856 2385/2580/3856 2384/2577/3856
f 2022/2587/3857 2386/2588/3857 2385/2580/3857
f 2023/2589/3858 2024/2590/3858 2386/2588/3858
f 2386/2588/3859 2025/2591/3859 2389/2581/3859
f 2389/2581/3860 2026/2592/3860 2392/2584/3860
f 2392/2584/3861 1814/2570/3861 2014/2569/3861
f 2391/2582/3862 2014/2569/3862 2013/2568/3862
f 2390/2583/3863 2013/2568/3863 2012/2567/3863
f 2018/2593/3864 2012/2567/3864 1813/2594/3864
f 2019/2595/3865 2390/2583/3865 2018/2593/3865
f 2020/2585/3866 2387/2579/3866 2019/2595/3866
f 2393/2596/3867 2397/2597/3867 2396/2598/3867
f 2394/2599/3868 2398/2600/3868 2397/2597/3868
f 2396/2598/3869 2400/2601/3869 2399/2602/3869
f 2397/2597/3870 2401/2603/3870 2400/2601/3870
f 1812/2084/3871 2393/2596/3871 2029/2604/3871
f 2030/2605/3872 2394/2599/3872 2393/2596/3872
f 2031/2606/3873 2395/2607/3873 2394/2599/3873
f 2032/2608/3874 2017/2609/3874 2395/2607/3874
f 2395/2607/3875 2016/2610/3875 2398/2600/3875
f 2398/2600/3876 2015/2611/3876 2401/2603/3876
f 2401/2603/3877 1814/2570/3877 2026/2592/3877
f 2400/2601/3878 2026/2592/3878 2025/2591/3878
f 2399/2602/3879 2025/2591/3879 2024/2590/3879
f 2027/2612/3880 2024/2590/3880 1815/2613/3880
f 2028/2614/3881 2399/2602/3881 2027/2612/3881
f 2029/2604/3882 2396/2598/3882 2028/2614/3882
f 2403/2615/3883 2405/2616/3883 2402/2617/3883
f 2403/2615/3884 2407/2618/3884 2406/2619/3884
f 2406/2619/3885 2408/2620/3885 2405/2616/3885
f 2406/2619/3886 2410/2621/3886 2409/2622/3886
f 2033/2623/3887 1874/2240/3887 1775/2238/3887
f 2034/2624/3888 2402/2617/3888 2033/2623/3888
f 2034/2624/3889 2404/2625/3889 2403/2615/3889
f 2035/2626/3890 1819/2100/3890 2404/2625/3890
f 2404/2625/3891 1818/2114/3891 2407/2618/3891
f 2407/2618/3892 1817/2112/3892 2410/2621/3892
f 2410/2621/3893 1767/2113/3893 2036/2627/3893
f 2409/2622/3894 2036/2627/3894 2037/2628/3894
f 2409/2622/3895 2038/2629/3895 2408/2620/3895
f 2408/2620/3896 1778/2630/3896 1876/2243/3896
f 2405/2616/3897 1876/2243/3897 1875/2241/3897
f 2402/2617/3898 1875/2241/3898 1874/2240/3898
f 2411/2631/3899 2415/2632/3899 2414/2633/3899
f 2413/2634/3900 2415/2632/3900 2412/2635/3900
f 2414/2633/3901 2418/2636/3901 2417/2637/3901
f 2416/2638/3902 2418/2636/3902 2415/2632/3902
f 1778/2275/3903 2411/2631/3903 1883/2274/3903
f 2038/2639/3904 2412/2635/3904 2411/2631/3904
f 2036/2640/3905 2412/2635/3905 2037/2641/3905
f 1767/2642/3906 2413/2634/3906 2036/2640/3906
f 1843/2150/3907 2416/2638/3907 2413/2634/3907
f 1842/2148/3908 2419/2643/3908 2416/2638/3908
f 1841/2147/3909 2039/2052/3909 2419/2643/3909
f 2419/2643/3910 2040/2066/3910 2418/2636/3910
f 2417/2637/3911 2040/2066/3911 2041/2065/3911
f 1885/2262/3912 2041/2065/3912 1776/2064/3912
f 1884/2276/3913 2417/2637/3913 1885/2262/3913
f 1883/2274/3914 2414/2633/3914 1884/2276/3914
f 2421/2644/3915 2423/2645/3915 2420/2646/3915
f 2421/2644/3916 2425/2647/3916 2424/2648/3916
f 2424/2648/3917 2426/2649/3917 2423/2645/3917
f 2424/2648/3918 2428/2650/3918 2427/2651/3918
f 2042/1991/3919 1832/2124/3919 1762/1992/3919
f 2043/1990/3920 2420/2646/3920 2042/1991/3920
f 2043/1990/3921 2422/2652/3921 2421/2644/3921
f 2044/1989/3922 1846/2169/3922 2422/2652/3922
f 2422/2652/3923 1845/2183/3923 2425/2647/3923
f 2425/2647/3924 1844/2181/3924 2428/2650/3924
f 2428/2650/3925 1774/2182/3925 2045/2653/3925
f 2427/2651/3926 2045/2653/3926 2046/2654/3926
f 2427/2651/3927 2047/2655/3927 2426/2649/3927
f 2426/2649/3928 1766/2656/3928 1834/2127/3928
f 2423/2645/3929 1834/2127/3929 1833/2125/3929
f 2420/2646/3930 1833/2125/3930 1832/2124/3930
f 2429/2657/3931 2433/2658/3931 2432/2659/3931
f 2431/2660/3932 2433/2658/3932 2430/2661/3932
f 2432/2659/3933 2436/2662/3933 2435/2663/3933
f 2434/2664/3934 2436/2662/3934 2433/2658/3934
f 1766/2159/3935 2429/2657/3935 1838/2158/3935
f 2047/2665/3936 2430/2661/3936 2429/2657/3936
f 2045/2666/3937 2430/2661/3937 2046/2667/3937
f 1774/2668/3938 2431/2660/3938 2045/2666/3938
f 1870/2219/3939 2434/2664/3939 2431/2660/3939
f 1869/2217/3940 2437/2669/3940 2434/2664/3940
f 1868/2216/3941 2048/2054/3941 2437/2669/3941
f 2437/2669/3942 2049/2055/3942 2436/2662/3942
f 2435/2663/3943 2049/2055/3943 2050/2053/3943
f 1840/2146/3944 2050/2053/3944 1763/2051/3944
f 1839/2160/3945 2435/2663/3945 1840/2146/3945
f 1838/2158/3946 2432/2659/3946 1839/2160/3946
f 2439/2670/3947 2441/2671/3947 2438/2672/3947
f 2439/2670/3948 2443/2673/3948 2442/2674/3948
f 2442/2674/3949 2444/2675/3949 2441/2671/3949
f 2442/2674/3950 2446/2676/3950 2445/2677/3950
f 2051/2035/3951 1859/2193/3951 1769/2036/3951
f 2052/2678/3952 2438/2672/3952 2051/2035/3952
f 2052/2678/3953 2440/2679/3953 2439/2670/3953
f 2053/2033/3954 1900/2308/3954 2440/2679/3954
f 2440/2679/3955 1899/2322/3955 2443/2673/3955
f 2443/2673/3956 1898/2320/3956 2446/2676/3956
f 2446/2676/3957 1788/2321/3957 2054/2680/3957
f 2445/2677/3958 2054/2680/3958 2055/2681/3958
f 2445/2677/3959 2056/2682/3959 2444/2675/3959
f 2444/2675/3960 1773/2683/3960 1861/2196/3960
f 2441/2671/3961 1861/2196/3961 1860/2194/3961
f 2438/2672/3962 1860/2194/3962 1859/2193/3962
f 2447/2684/3963 2451/2685/3963 2450/2686/3963
f 2449/2687/3964 2451/2685/3964 2448/2688/3964
f 2450/2686/3965 2454/2689/3965 2453/2690/3965
f 2452/2691/3966 2454/2689/3966 2451/2685/3966
f 1773/2228/3967 2447/2684/3967 1865/2227/3967
f 2056/2692/3968 2448/2688/3968 2447/2684/3968
f 2054/2693/3969 2448/2688/3969 2055/2694/3969
f 1788/2695/3970 2449/2687/3970 2054/2693/3970
f 1924/2358/3971 2452/2691/3971 2449/2687/3971
f 1923/2356/3972 2455/2696/3972 2452/2691/3972
f 1922/2355/3973 2057/2059/3973 2455/2696/3973
f 2455/2696/3974 2058/2697/3974 2454/2689/3974
f 2453/2690/3975 2058/2697/3975 2059/2057/3975
f 1867/2215/3976 2059/2057/3976 1770/2056/3976
f 1866/2229/3977 2453/2690/3977 1867/2215/3977
f 1865/2227/3978 2450/2686/3978 1866/2229/3978
f 2457/2698/3979 2459/2699/3979 2456/2700/3979
f 2457/2698/3980 2461/2701/3980 2460/2702/3980
f 2460/2702/3981 2462/2703/3981 2459/2699/3981
f 2460/2702/3982 2464/2704/3982 2463/2705/3982
f 2060/2078/3983 1913/2332/3983 1783/2080/3983
f 2061/2079/3984 2456/2700/3984 2060/2078/3984
f 2061/2079/3985 2458/2706/3985 2457/2698/3985
f 2062/2077/3986 1894/2285/3986 2458/2706/3986
f 2458/2706/3987 1893/2299/3987 2461/2701/3987
f 2461/2701/3988 1892/2297/3988 2464/2704/3988
f 2464/2704/3989 1780/2298/3989 2063/2707/3989
f 2463/2705/3990 2063/2707/3990 2064/2708/3990
f 2463/2705/3991 2065/2709/3991 2462/2703/3991
f 2462/2703/3992 1787/2367/3992 1915/2335/3992
f 2459/2699/3993 1915/2335/3993 1914/2333/3993
f 2456/2700/3994 1914/2333/3994 1913/2332/3994
f 2465/2710/3995 2469/2711/3995 2468/2712/3995
f 2467/2713/3996 2469/2711/3996 2466/2714/3996
f 2468/2712/3997 2472/2715/3997 2471/2716/3997
f 2470/2717/3998 2472/2715/3998 2469/2711/3998
f 1787/2367/3999 2465/2710/3999 1919/2366/3999
f 2065/2709/4000 2466/2714/4000 2465/2710/4000
f 2063/2707/4001 2466/2714/4001 2064/2708/4001
f 1780/2298/4002 2467/2713/4002 2063/2707/4002
f 1888/2266/4003 2470/2717/4003 2467/2713/4003
f 1887/2264/4004 2473/2718/4004 2470/2717/4004
f 1886/2263/4005 2066/2063/4005 2473/2718/4005
f 2473/2718/4006 2067/2062/4006 2472/2715/4006
f 2471/2716/4007 2067/2062/4007 2068/2061/4007
f 1921/2354/4008 2068/2061/4008 1784/2060/4008
f 1920/2368/4009 2471/2716/4009 1921/2354/4009
f 1919/2366/4010 2468/2712/4010 1920/2368/4010
f 2475/2719/4011 2477/2720/4011 2474/2721/4011
f 2475/2719/4012 2479/2722/4012 2478/2723/4012
f 2478/2723/4013 2480/2724/4013 2477/2720/4013
f 2478/2723/4014 2482/2725/4014 2481/2726/4014
f 2069/2727/4015 1982/2502/4015 1803/2500/4015
f 2070/2728/4016 2474/2721/4016 2069/2727/4016
f 2070/2728/4017 2476/2729/4017 2475/2719/4017
f 2071/2730/4018 1873/2239/4018 2476/2729/4018
f 2476/2729/4019 1872/2253/4019 2479/2722/4019
f 2479/2722/4020 1871/2251/4020 2482/2725/4020
f 2482/2725/4021 1781/2252/4021 2072/2731/4021
f 2481/2726/4022 2072/2731/4022 2073/2732/4022
f 2481/2726/4023 2074/2733/4023 2480/2724/4023
f 2480/2724/4024 1806/2734/4024 1984/2505/4024
f 2477/2720/4025 1984/2505/4025 1983/2503/4025
f 2474/2721/4026 1983/2503/4026 1982/2502/4026
f 2483/2735/4027 2487/2736/4027 2486/2737/4027
f 2485/2738/4028 2487/2736/4028 2484/2739/4028
f 2486/2737/4029 2490/2740/4029 2489/2741/4029
f 2488/2742/4030 2490/2740/4030 2487/2736/4030
f 1806/2536/4031 2483/2735/4031 1991/2535/4031
f 2074/2743/4032 2484/2739/4032 2483/2735/4032
f 2072/2744/4033 2484/2739/4033 2073/2745/4033
f 1781/2746/4034 2485/2738/4034 2072/2744/4034
f 1897/2289/4035 2488/2742/4035 2485/2738/4035
f 1896/2287/4036 2491/2747/4036 2488/2742/4036
f 1895/2286/4037 2075/2076/4037 2491/2747/4037
f 2491/2747/4038 2076/2090/4038 2490/2740/4038
f 2489/2741/4039 2076/2090/4039 2077/2089/4039
f 1993/2524/4040 2077/2089/4040 1804/2088/4040
f 1992/2537/4041 2489/2741/4041 1993/2524/4041
f 1991/2535/4042 2486/2737/4042 1992/2537/4042
f 2493/2748/4043 2495/2749/4043 2492/2750/4043
f 2493/2748/4044 2497/2751/4044 2496/2752/4044
f 2496/2752/4045 2498/2753/4045 2495/2749/4045
f 2496/2752/4046 2500/2754/4046 2499/2755/4046
f 2078/2030/4047 1901/2309/4047 1782/2032/4047
f 2079/2031/4048 2492/2750/4048 2078/2030/4048
f 2079/2031/4049 2494/2756/4049 2493/2748/4049
f 2080/2029/4050 2008/2562/4050 2494/2756/4050
f 2494/2756/4051 2007/2576/4051 2497/2751/4051
f 2497/2751/4052 2006/2574/4052 2500/2754/4052
f 2500/2754/4053 1816/2575/4053 2081/2757/4053
f 2499/2755/4054 2081/2757/4054 2082/2758/4054
f 2499/2755/4055 2083/2759/4055 2498/2753/4055
f 2498/2753/4056 1785/2760/4056 1903/2312/4056
f 2495/2749/4057 1903/2312/4057 1902/2310/4057
f 2492/2750/4058 1902/2310/4058 1901/2309/4058
f 2501/2761/4059 2505/2762/4059 2504/2763/4059
f 2503/2764/4060 2505/2762/4060 2502/2765/4060
f 2504/2763/4061 2508/2766/4061 2507/2767/4061
f 2506/2768/4062 2508/2766/4062 2505/2762/4062
f 1785/2344/4063 2501/2761/4063 1910/2343/4063
f 2083/2769/4064 2502/2765/4064 2501/2761/4064
f 2081/2770/4065 2502/2765/4065 2082/2771/4065
f 1816/2772/4066 2503/2764/4066 2081/2770/4066
f 2032/2608/4067 2506/2768/4067 2503/2764/4067
f 2031/2606/4068 2509/2773/4068 2506/2768/4068
f 2030/2605/4069 2084/2083/4069 2509/2773/4069
f 2509/2773/4070 2085/2774/4070 2508/2766/4070
f 2507/2767/4071 2085/2774/4071 2086/2081/4071
f 1912/2331/4072 2086/2081/4072 1783/2080/4072
f 1911/2345/4073 2507/2767/4073 1912/2331/4073
f 1910/2343/4074 2504/2763/4074 1911/2345/4074
f 2511/2775/4075 2513/2776/4075 2510/2777/4075
f 2511/2775/4076 2515/2778/4076 2514/2779/4076
f 2514/2779/4077 2516/2780/4077 2513/2776/4077
f 2514/2779/4078 2518/2781/4078 2517/2782/4078
f 2087/2006/4079 2021/2586/4079 1811/2008/4079
f 2088/2007/4080 2510/2777/4080 2087/2006/4080
f 2088/2007/4081 2512/2783/4081 2511/2775/4081
f 2089/2005/4082 2002/2546/4082 2512/2783/4082
f 2512/2783/4083 2001/2553/4083 2515/2778/4083
f 2515/2778/4084 2000/2551/4084 2518/2781/4084
f 2518/2781/4085 1808/2552/4085 2090/2784/4085
f 2517/2782/4086 2090/2784/4086 2091/2785/4086
f 2517/2782/4087 2092/2786/4087 2516/2780/4087
f 2516/2780/4088 1815/2613/4088 2023/2589/4088
f 2513/2776/4089 2023/2589/4089 2022/2587/4089
f 2510/2777/4090 2022/2587/4090 2021/2586/4090
f 2519/2787/4091 2523/2788/4091 2522/2789/4091
f 2521/2790/4092 2523/2788/4092 2520/2791/4092
f 2522/2789/4093 2526/2792/4093 2525/2793/4093
f 2524/2794/4094 2526/2792/4094 2523/2788/4094
f 1815/2613/4095 2519/2787/4095 2027/2612/4095
f 2092/2786/4096 2520/2791/4096 2519/2787/4096
f 2090/2784/4097 2520/2791/4097 2091/2785/4097
f 1808/2552/4098 2521/2790/4098 2090/2784/4098
f 1996/2528/4099 2524/2794/4099 2521/2790/4099
f 1995/2526/4100 2527/2795/4100 2524/2794/4100
f 1994/2525/4101 2093/2087/4101 2527/2795/4101
f 2527/2795/4102 2094/2086/4102 2526/2792/4102
f 2525/2793/4103 2094/2086/4103 2095/2085/4103
f 2029/2604/4104 2095/2085/4104 1812/2084/4104
f 2028/2614/4105 2525/2793/4105 2029/2604/4105
f 2027/2612/4106 2522/2789/4106 2028/2614/4106
f 2529/2796/4107 2531/2797/4107 2528/2798/4107
f 2529/2796/4108 2533/2799/4108 2532/2800/4108
f 2532/2800/4109 2534/2801/4109 2531/2797/4109
f 2532/2800/4110 2536/2802/4110 2535/2803/4110
f 2096/2804/4111 1928/2379/4111 1789/2377/4111
f 2097/2805/4112 2528/2798/4112 2096/2804/4112
f 2097/2805/4113 2530/2806/4113 2529/2796/4113
f 2098/2807/4114 1981/2501/4114 2530/2806/4114
f 2530/2806/4115 1980/2515/4115 2533/2799/4115
f 2533/2799/4116 1979/2513/4116 2536/2802/4116
f 2536/2802/4117 1809/2514/4117 2099/2808/4117
f 2535/2803/4118 2099/2808/4118 2100/2809/4118
f 2535/2803/4119 2101/2810/4119 2534/2801/4119
f 2534/2801/4120 1792/2410/4120 1930/2382/4120
f 2531/2797/4121 1930/2382/4121 1929/2380/4121
f 2528/2798/4122 1929/2380/4122 1928/2379/4122
f 2537/2811/4123 2541/2812/4123 2540/2813/4123
f 2539/2814/4124 2541/2812/4124 2538/2815/4124
f 2540/2813/4125 2544/2816/4125 2543/2817/4125
f 2542/2818/4126 2544/2816/4126 2541/2812/4126
f 1792/2410/4127 2537/2811/4127 1937/2409/4127
f 2101/2810/4128 2538/2815/4128 2537/2811/4128
f 2099/2808/4129 2538/2815/4129 2100/2809/4129
f 1809/2514/4130 2539/2814/4130 2099/2808/4130
f 2005/2550/4131 2542/2818/4131 2539/2814/4131
f 2004/2548/4132 2545/2819/4132 2542/2818/4132
f 2003/2547/4133 2102/2004/4133 2545/2819/4133
f 2545/2819/4134 2103/2018/4134 2544/2816/4134
f 2543/2817/4135 2103/2018/4135 2104/2017/4135
f 1939/2401/4136 2104/2017/4136 1790/2016/4136
f 1938/2411/4137 2543/2817/4137 1939/2401/4137
f 1937/2409/4138 2540/2813/4138 1938/2411/4138
f 2547/2820/4139 2549/2821/4139 2546/2822/4139
f 2547/2820/4140 2551/2823/4140 2550/2824/4140
f 2550/2824/4141 2552/2825/4141 2549/2821/4141
f 2550/2824/4142 2554/2826/4142 2553/2827/4142
f 2105/2028/4143 2009/2563/4143 1810/2027/4143
f 2106/2042/4144 2546/2822/4144 2105/2028/4144
f 2106/2042/4145 2548/2828/4145 2547/2820/4145
f 2107/2041/4146 1954/2439/4146 2548/2828/4146
f 2548/2828/4147 1953/2453/4147 2551/2823/4147
f 2551/2823/4148 1952/2451/4148 2554/2826/4148
f 2554/2826/4149 1802/2452/4149 2108/2829/4149
f 2553/2827/4150 2108/2829/4150 2109/2830/4150
f 2553/2827/4151 2110/2831/4151 2552/2825/4151
f 2552/2825/4152 1813/2594/4152 2011/2566/4152
f 2549/2821/4153 2011/2566/4153 2010/2564/4153
f 2546/2822/4154 2010/2564/4154 2009/2563/4154
f 2555/2832/4155 2559/2833/4155 2558/2834/4155
f 2557/2835/4156 2559/2833/4156 2556/2836/4156
f 2558/2834/4157 2562/2837/4157 2561/2838/4157
f 2560/2839/4158 2562/2837/4158 2559/2833/4158
f 1813/2594/4159 2555/2832/4159 2018/2593/4159
f 2110/2831/4160 2556/2836/4160 2555/2832/4160
f 2108/2829/4161 2556/2836/4161 2109/2830/4161
f 1802/2452/4162 2557/2835/4162 2108/2829/4162
f 1978/2488/4163 2560/2839/4163 2557/2835/4163
f 1977/2486/4164 2563/2840/4164 2560/2839/4164
f 1976/2485/4165 2111/2011/4165 2563/2840/4165
f 2563/2840/4166 2112/2841/4166 2562/2837/4166
f 2561/2838/4167 2112/2841/4167 2113/2009/4167
f 2020/2585/4168 2113/2009/4168 1811/2008/4168
f 2019/2595/4169 2561/2838/4169 2020/2585/4169
f 2018/2593/4170 2558/2834/4170 2019/2595/4170
f 2565/2842/4171 2567/2843/4171 2564/2844/4171
f 2565/2842/4172 2569/2845/4172 2568/2846/4172
f 2568/2846/4173 2570/2847/4173 2567/2843/4173
f 2568/2846/4174 2572/2848/4174 2571/2849/4174
f 2114/1982/4175 1967/2463/4175 1797/1984/4175
f 2115/1983/4176 2564/2844/4176 2114/1982/4176
f 2115/1983/4177 2566/2850/4177 2565/2842/4177
f 2116/1981/4178 1948/2420/4178 2566/2850/4178
f 2566/2850/4179 1947/2430/4179 2569/2845/4179
f 2569/2845/4180 1946/2428/4180 2572/2848/4180
f 2572/2848/4181 1794/2429/4181 2117/2851/4181
f 2571/2849/4182 2117/2851/4182 2118/2852/4182
f 2571/2849/4183 2119/2853/4183 2570/2847/4183
f 2570/2847/4184 1801/2490/4184 1969/2466/4184
f 2567/2843/4185 1969/2466/4185 1968/2464/4185
f 2564/2844/4186 1968/2464/4186 1967/2463/4186
f 2573/2854/4187 2577/2855/4187 2576/2856/4187
f 2575/2857/4188 2577/2855/4188 2574/2858/4188
f 2576/2856/4189 2580/2859/4189 2579/2860/4189
f 2578/2861/4190 2580/2859/4190 2577/2855/4190
f 1801/2490/4191 2573/2854/4191 1973/2489/4191
f 2119/2853/4192 2574/2858/4192 2573/2854/4192
f 2117/2851/4193 2574/2858/4193 2118/2852/4193
f 1794/2429/4194 2575/2857/4194 2117/2851/4194
f 1942/2405/4195 2578/2861/4195 2575/2857/4195
f 1941/2403/4196 2581/2862/4196 2578/2861/4196
f 1940/2402/4197 2120/2015/4197 2581/2862/4197
f 2581/2862/4198 2121/2014/4198 2580/2859/4198
f 2579/2860/4199 2121/2014/4199 2122/2013/4199
f 1975/2484/4200 2122/2013/4200 1798/2012/4200
f 1974/2491/4201 2579/2860/4201 1975/2484/4201
f 1973/2489/4202 2576/2856/4202 1974/2491/4202
f 2583/2863/4203 2585/2864/4203 2582/2865/4203
f 2583/2863/4204 2587/2866/4204 2586/2867/4204
f 2586/2867/4205 2588/2868/4205 2585/2864/4205
f 2586/2867/4206 2590/2869/4206 2589/2870/4206
f 2123/2871/4207 1820/2101/4207 1761/2099/4207
f 2124/2872/4208 2582/2865/4208 2123/2871/4208
f 2124/2872/4209 2584/2873/4209 2583/2863/4209
f 2125/2874/4210 1927/2378/4210 2584/2873/4210
f 2584/2873/4211 1926/2392/4211 2587/2866/4211
f 2587/2866/4212 1925/2390/4212 2590/2869/4212
f 2590/2869/4213 1795/2391/4213 2126/2875/4213
f 2589/2870/4214 2126/2875/4214 2127/2876/4214
f 2589/2870/4215 2128/2877/4215 2588/2868/4215
f 2588/2868/4216 1764/2878/4216 1822/2104/4216
f 2585/2864/4217 1822/2104/4217 1821/2102/4217
f 2582/2865/4218 1821/2102/4218 1820/2101/4218
f 2591/2879/4219 2595/2880/4219 2594/2881/4219
f 2593/2882/4220 2595/2880/4220 2592/2883/4220
f 2594/2881/4221 2598/2884/4221 2597/2885/4221
f 2596/2886/4222 2598/2884/4222 2595/2880/4222
f 1764/2136/4223 2591/2879/4223 1829/2135/4223
f 2128/2887/4224 2592/2883/4224 2591/2879/4224
f 2126/2888/4225 2592/2883/4225 2127/2889/4225
f 1795/2890/4226 2593/2882/4226 2126/2888/4226
f 1951/2424/4227 2596/2886/4227 2593/2882/4227
f 1950/2422/4228 2599/2891/4228 2596/2886/4228
f 1949/2421/4229 2129/1980/4229 2599/2891/4229
f 2599/2891/4230 2130/1994/4230 2598/2884/4230
f 2597/2885/4231 2130/1994/4231 2131/1993/4231
f 1831/2123/4232 2131/1993/4232 1762/1992/4232
f 1830/2137/4233 2597/2885/4233 1831/2123/4233
f 1829/2135/4234 2594/2881/4234 1830/2137/4234
f 2601/2892/4235 2603/2893/4235 2600/2894/4235
f 2601/2892/4236 2605/2895/4236 2604/2896/4236
f 2604/2896/4237 2606/2897/4237 2603/2893/4237
f 2604/2896/4238 2608/2898/4238 2607/2899/4238
f 2132/2039/4239 1955/2440/4239 1796/2040/4239
f 2133/2038/4240 2600/2894/4240 2132/2039/4240
f 2133/2038/4241 2602/2900/4241 2601/2892/4241
f 2134/2037/4242 1858/2192/4242 2602/2900/4242
f 2602/2900/4243 1857/2206/4243 2605/2895/4243
f 2605/2895/4244 1856/2204/4244 2608/2898/4244
f 2608/2898/4245 1771/2205/4245 2135/2901/4245
f 2607/2899/4246 2135/2901/4246 2136/2902/4246
f 2607/2899/4247 2137/2903/4247 2606/2897/4247
f 2606/2897/4248 1799/2904/4248 1957/2443/4248
f 2603/2893/4249 1957/2443/4249 1956/2441/4249
f 2600/2894/4250 1956/2441/4250 1955/2440/4250
f 2609/2905/4251 2613/2906/4251 2612/2907/4251
f 2611/2908/4252 2613/2906/4252 2610/2909/4252
f 2612/2907/4253 2616/2910/4253 2615/2911/4253
f 2614/2912/4254 2616/2910/4254 2613/2906/4254
f 1799/2474/4255 2609/2905/4255 1964/2473/4255
f 2137/2913/4256 2610/2909/4256 2609/2905/4256
f 2135/2914/4257 2610/2909/4257 2136/2915/4257
f 1771/2916/4258 2611/2908/4258 2135/2914/4258
f 1849/2173/4259 2614/2912/4259 2611/2908/4259
f 1848/2171/4260 2617/2917/4260 2614/2912/4260
f 1847/2170/4261 2138/1987/4261 2617/2917/4261
f 2617/2917/4262 2139/2918/4262 2616/2910/4262
f 2615/2911/4263 2139/2918/4263 2140/1985/4263
f 1966/2462/4264 2140/1985/4264 1797/1984/4264
f 1965/2475/4265 2615/2911/4265 1966/2462/4265
f 1964/2473/4266 2612/2907/4266 1965/2475/4266
f 2618/2919/4267 2622/2920/4267 2621/2921/4267
f 2620/2922/4268 2622/2920/4268 2619/2923/4268
f 2622/2920/4269 2624/2924/4269 2621/2921/4269
f 2622/2920/4270 2626/2925/4270 2625/2926/4270
f 1775/2238/4271 2618/2919/4271 2033/2623/4271
f 2071/2730/4272 2619/2923/4272 2618/2919/4272
f 2069/2727/4273 2619/2923/4273 2070/2728/4273
f 1803/2500/4274 2620/2922/4274 2069/2727/4274
f 2098/2807/4275 2623/2927/4275 2620/2922/4275
f 2623/2927/4276 2096/2804/4276 2626/2925/4276
f 2626/2925/4277 1789/2377/4277 2125/2874/4277
f 2625/2926/4278 2125/2874/4278 2124/2872/4278
f 2625/2926/4279 2123/2871/4279 2624/2924/4279
f 2624/2924/4280 1761/2099/4280 2035/2626/4280
f 2621/2921/4281 2035/2626/4281 2034/2624/4281
f 2033/2623/4282 2621/2921/4282 2034/2624/4282
f 2141/1971/3419 2142/1975/3419 2145/1972/3419
f 2143/1974/3420 2146/1986/3420 2145/1972/3420
f 2145/1972/3421 2148/1978/3421 2147/1976/3421
f 2145/1972/3422 2146/1986/3422 2149/1977/3422
f 1791/1979/4283 2116/1981/4283 2141/1971/4283
f 2116/1981/3424 2115/1983/3424 2142/1975/3424
f 2114/1982/3425 2143/1974/3425 2142/1975/3425
f 1797/1984/4284 2140/1985/4284 2143/1974/4284
f 2140/1985/3427 2139/2918/3427 2146/1986/3427
f 2146/1986/4285 2139/2918/4285 2138/1987/4285
f 2149/1977/4286 2138/1987/4286 1768/1988/4286
f 2148/1978/3430 2149/1977/3430 2044/1989/3430
f 2148/1978/3431 2043/1990/3431 2042/1991/3431
f 2147/1976/4287 2042/1991/4287 1762/1992/4287
f 2144/1973/4288 2147/1976/4288 2131/1993/4288
f 2129/1980/3434 2141/1971/3434 2144/1973/3434
f 2150/1995/4289 2151/1999/4289 2154/1996/4289
f 2152/1998/4290 2155/2010/4290 2154/1996/4290
f 2154/1996/4291 2157/2002/4291 2156/2000/4291
f 2154/1996/4292 2155/2010/4292 2158/2001/4292
f 1805/2003/4293 2089/2005/4293 2150/1995/4293
f 2089/2005/4294 2088/2007/4294 2151/1999/4294
f 2087/2006/4295 2152/1998/4295 2151/1999/4295
f 1811/2008/4296 2113/2009/4296 2152/1998/4296
f 2113/2009/4297 2112/2841/4297 2155/2010/4297
f 2155/2010/4298 2112/2841/4298 2111/2011/4298
f 2158/2001/4299 2111/2011/4299 1798/2012/4299
f 2157/2002/4300 2158/2001/4300 2122/2013/4300
f 2157/2002/4301 2121/2014/4301 2120/2015/4301
f 2156/2000/4302 2120/2015/4302 1790/2016/4302
f 2153/1997/4303 2156/2000/4303 2104/2017/4303
f 2102/2004/4304 2150/1995/4304 2153/1997/4304
f 2159/2019/4305 2160/2023/4305 2163/2020/4305
f 2161/2022/4306 2164/2034/4306 2163/2020/4306
f 2163/2020/4307 2166/2026/4307 2165/2024/4307
f 2163/2020/4308 2164/2034/4308 2167/2025/4308
f 1810/2027/4309 2080/2029/4309 2159/2019/4309
f 2080/2029/4310 2079/2031/4310 2160/2023/4310
f 2078/2030/4311 2161/2022/4311 2160/2023/4311
f 1782/2032/4312 2053/2033/4312 2161/2022/4312
f 2053/2033/4313 2052/2678/4313 2164/2034/4313
f 2164/2034/4314 2052/2678/4314 2051/2035/4314
f 2167/2025/4315 2051/2035/4315 1769/2036/4315
f 2166/2026/4316 2167/2025/4316 2134/2037/4316
f 2166/2026/4317 2133/2038/4317 2132/2039/4317
f 2165/2024/4318 2132/2039/4318 1796/2040/4318
f 2162/2021/4319 2165/2024/4319 2107/2041/4319
f 2105/2028/4320 2159/2019/4320 2162/2021/4320
f 2168/2043/4321 2169/2047/4321 2172/2044/4321
f 2170/2046/4322 2173/2058/4322 2172/2044/4322
f 2172/2044/4323 2175/2050/4323 2174/2048/4323
f 2172/2044/4324 2173/2058/4324 2176/2049/4324
f 1763/2051/4325 2050/2053/4325 2168/2043/4325
f 2050/2053/4326 2049/2055/4326 2169/2047/4326
f 2048/2054/4327 2170/2046/4327 2169/2047/4327
f 1770/2056/4328 2059/2057/4328 2170/2046/4328
f 2059/2057/4329 2058/2697/4329 2173/2058/4329
f 2173/2058/4330 2058/2697/4330 2057/2059/4330
f 2176/2049/4331 2057/2059/4331 1784/2060/4331
f 2175/2050/4332 2176/2049/4332 2068/2061/4332
f 2175/2050/4333 2067/2062/4333 2066/2063/4333
f 2174/2048/4334 2066/2063/4334 1776/2064/4334
f 2171/2045/4335 2174/2048/4335 2041/2065/4335
f 2039/2052/4336 2168/2043/4336 2171/2045/4336
f 2177/2067/3483 2178/2071/3483 2181/2068/3483
f 2179/2070/3484 2182/2082/3484 2181/2068/3484
f 2181/2068/3485 2184/2074/3485 2183/2072/3485
f 2181/2068/3486 2182/2082/3486 2185/2073/3486
f 1777/2075/4337 2062/2077/4337 2177/2067/4337
f 2062/2077/3488 2061/2079/3488 2178/2071/3488
f 2060/2078/3489 2179/2070/3489 2178/2071/3489
f 1783/2080/4338 2086/2081/4338 2179/2070/4338
f 2086/2081/3491 2085/2774/3491 2182/2082/3491
f 2182/2082/4339 2085/2774/4339 2084/2083/4339
f 2185/2073/4340 2084/2083/4340 1812/2084/4340
f 2184/2074/3494 2185/2073/3494 2095/2085/3494
f 2184/2074/3495 2094/2086/3495 2093/2087/3495
f 2183/2072/4341 2093/2087/4341 1804/2088/4341
f 2180/2069/4342 2183/2072/4342 2077/2089/4342
f 2075/2076/3498 2177/2067/3498 2180/2069/3498
f 2186/2091/4343 2187/2094/4343 2190/2092/4343
f 2187/2094/4344 2188/2103/4344 2191/2095/4344
f 2189/2093/4345 2190/2092/4345 2193/2096/4345
f 2190/2092/4346 2191/2095/4346 2194/2098/4346
f 1761/2099/4347 1820/2101/4347 2186/2091/4347
f 1820/2101/4348 1821/2102/4348 2187/2094/4348
f 1821/2102/4349 1822/2104/4349 2188/2103/4349
f 1822/2104/4350 1764/2878/4350 1823/2105/4350
f 2188/2103/4351 1823/2105/4351 1824/2106/4351
f 2191/2095/4352 1824/2106/4352 1825/2107/4352
f 2194/2098/4353 1825/2107/4353 1765/2108/4353
f 2193/2096/4354 2194/2098/4354 1826/2109/4354
f 2192/2097/4355 2193/2096/4355 1827/2110/4355
f 1817/2112/4356 2192/2097/4356 1828/2111/4356
f 1818/2114/4357 2189/2093/4357 2192/2097/4357
f 1819/2100/4358 2186/2091/4358 2189/2093/4358
f 2195/2115/4359 2196/2118/4359 2199/2116/4359
f 2196/2118/4360 2197/2126/4360 2200/2119/4360
f 2198/2117/4361 2199/2116/4361 2202/2120/4361
f 2199/2116/4362 2200/2119/4362 2203/2122/4362
f 1762/1992/4363 1832/2124/4363 2195/2115/4363
f 1832/2124/4364 1833/2125/4364 2196/2118/4364
f 1833/2125/4365 1834/2127/4365 2197/2126/4365
f 1834/2127/4366 1766/2656/4366 1835/2128/4366
f 2197/2126/4367 1835/2128/4367 1836/2129/4367
f 2200/2119/4368 1836/2129/4368 1837/2130/4368
f 2203/2122/4369 1837/2130/4369 1765/2131/4369
f 2202/2120/4370 2203/2122/4370 1825/2132/4370
f 2201/2121/4371 2202/2120/4371 1824/2133/4371
f 1829/2135/4372 2201/2121/4372 1823/2134/4372
f 1830/2137/4373 2198/2117/4373 2201/2121/4373
f 1831/2123/4374 2195/2115/4374 2198/2117/4374
f 2204/2138/4375 2205/2141/4375 2208/2139/4375
f 2205/2141/4376 2206/2149/4376 2209/2142/4376
f 2207/2140/4377 2208/2139/4377 2211/2143/4377
f 2208/2139/4378 2209/2142/4378 2212/2145/4378
f 1763/2051/4379 1841/2147/4379 2204/2138/4379
f 1841/2147/4380 1842/2148/4380 2205/2141/4380
f 1842/2148/4381 1843/2150/4381 2206/2149/4381
f 1843/2150/4382 1767/2642/4382 1828/2151/4382
f 2206/2149/4383 1828/2151/4383 1827/2152/4383
f 2209/2142/4384 1827/2152/4384 1826/2153/4384
f 2212/2145/4385 1826/2153/4385 1765/2154/4385
f 2211/2143/4386 2212/2145/4386 1837/2155/4386
f 2210/2144/4387 2211/2143/4387 1836/2156/4387
f 1838/2158/4388 2210/2144/4388 1835/2157/4388
f 1839/2160/4389 2207/2140/4389 2210/2144/4389
f 1840/2146/4390 2204/2138/4390 2207/2140/4390
f 2213/2161/4391 2214/2164/4391 2217/2162/4391
f 2214/2164/4392 2215/2172/4392 2218/2165/4392
f 2216/2163/4393 2217/2162/4393 2220/2166/4393
f 2217/2162/4394 2218/2165/4394 2221/2168/4394
f 1768/1988/4395 1847/2170/4395 2213/2161/4395
f 1847/2170/4396 1848/2171/4396 2214/2164/4396
f 1848/2171/4397 1849/2173/4397 2215/2172/4397
f 1849/2173/4398 1771/2916/4398 1850/2174/4398
f 2215/2172/4399 1850/2174/4399 1851/2175/4399
f 2218/2165/4400 1851/2175/4400 1852/2176/4400
f 2221/2168/4401 1852/2176/4401 1772/2177/4401
f 2220/2166/4402 2221/2168/4402 1853/2178/4402
f 2219/2167/4403 2220/2166/4403 1854/2179/4403
f 1844/2181/4404 2219/2167/4404 1855/2180/4404
f 1845/2183/4405 2216/2163/4405 2219/2167/4405
f 1846/2169/4406 2213/2161/4406 2216/2163/4406
f 2222/2184/4407 2223/2187/4407 2226/2185/4407
f 2223/2187/4408 2224/2195/4408 2227/2188/4408
f 2225/2186/4409 2226/2185/4409 2229/2189/4409
f 2226/2185/4410 2227/2188/4410 2230/2191/4410
f 1769/2036/4411 1859/2193/4411 2222/2184/4411
f 1859/2193/4412 1860/2194/4412 2223/2187/4412
f 1860/2194/4413 1861/2196/4413 2224/2195/4413
f 1861/2196/4414 1773/2683/4414 1862/2197/4414
f 2224/2195/4415 1862/2197/4415 1863/2198/4415
f 2227/2188/4416 1863/2198/4416 1864/2199/4416
f 2230/2191/4417 1864/2199/4417 1772/2200/4417
f 2229/2189/4418 2230/2191/4418 1852/2201/4418
f 2228/2190/4419 2229/2189/4419 1851/2202/4419
f 1856/2204/4420 2228/2190/4420 1850/2203/4420
f 1857/2206/4421 2225/2186/4421 2228/2190/4421
f 1858/2192/4422 2222/2184/4422 2225/2186/4422
f 2231/2207/4423 2232/2210/4423 2235/2208/4423
f 2232/2210/4424 2233/2218/4424 2236/2211/4424
f 2234/2209/4425 2235/2208/4425 2238/2212/4425
f 2235/2208/4426 2236/2211/4426 2239/2214/4426
f 1770/2056/4427 1868/2216/4427 2231/2207/4427
f 1868/2216/4428 1869/2217/4428 2232/2210/4428
f 1869/2217/4429 1870/2219/4429 2233/2218/4429
f 1870/2219/4430 1774/2668/4430 1855/2220/4430
f 2233/2218/4431 1855/2220/4431 1854/2221/4431
f 2236/2211/4432 1854/2221/4432 1853/2222/4432
f 2239/2214/4433 1853/2222/4433 1772/2223/4433
f 2238/2212/4434 2239/2214/4434 1864/2224/4434
f 2237/2213/4435 2238/2212/4435 1863/2225/4435
f 1865/2227/4436 2237/2213/4436 1862/2226/4436
f 1866/2229/4437 2234/2209/4437 2237/2213/4437
f 1867/2215/4438 2231/2207/4438 2234/2209/4438
f 2240/2230/4439 2241/2233/4439 2244/2231/4439
f 2241/2233/4440 2242/2242/4440 2245/2234/4440
f 2243/2232/4441 2244/2231/4441 2247/2235/4441
f 2244/2231/4442 2245/2234/4442 2248/2237/4442
f 1775/2238/4443 1874/2240/4443 2240/2230/4443
f 1874/2240/4444 1875/2241/4444 2241/2233/4444
f 1875/2241/4445 1876/2243/4445 2242/2242/4445
f 1876/2243/4446 1778/2630/4446 1877/2244/4446
f 2242/2242/4447 1877/2244/4447 1878/2245/4447
f 2245/2234/4448 1878/2245/4448 1879/2246/4448
f 2248/2237/4449 1879/2246/4449 1779/2247/4449
f 2247/2235/4450 2248/2237/4450 1880/2248/4450
f 2246/2236/4451 2247/2235/4451 1881/2249/4451
f 1871/2251/4452 2246/2236/4452 1882/2250/4452
f 1872/2253/4453 2243/2232/4453 2246/2236/4453
f 1873/2239/4454 2240/2230/4454 2243/2232/4454
f 2249/2254/4455 2250/2257/4455 2253/2255/4455
f 2250/2257/4456 2251/2265/4456 2254/2258/4456
f 2252/2256/4457 2253/2255/4457 2256/2259/4457
f 2253/2255/4458 2254/2258/4458 2257/2261/4458
f 1776/2064/4459 1886/2263/4459 2249/2254/4459
f 1886/2263/4460 1887/2264/4460 2250/2257/4460
f 1887/2264/4461 1888/2266/4461 2251/2265/4461
f 1888/2266/4462 1780/2298/4462 1889/2267/4462
f 2251/2265/4463 1889/2267/4463 1890/2268/4463
f 2254/2258/4464 1890/2268/4464 1891/2269/4464
f 2257/2261/4465 1891/2269/4465 1779/2270/4465
f 2256/2259/4466 2257/2261/4466 1879/2271/4466
f 2255/2260/4467 2256/2259/4467 1878/2272/4467
f 1883/2274/4468 2255/2260/4468 1877/2273/4468
f 1884/2276/4469 2252/2256/4469 2255/2260/4469
f 1885/2262/4470 2249/2254/4470 2252/2256/4470
f 2258/2277/4471 2259/2280/4471 2262/2278/4471
f 2259/2280/4472 2260/2288/4472 2263/2281/4472
f 2261/2279/4473 2262/2278/4473 2265/2282/4473
f 2262/2278/4474 2263/2281/4474 2266/2284/4474
f 1777/2075/4475 1895/2286/4475 2258/2277/4475
f 1895/2286/4476 1896/2287/4476 2259/2280/4476
f 1896/2287/4477 1897/2289/4477 2260/2288/4477
f 1897/2289/4478 1781/2746/4478 1882/2290/4478
f 2260/2288/4479 1882/2290/4479 1881/2291/4479
f 2263/2281/4480 1881/2291/4480 1880/2292/4480
f 2266/2284/4481 1880/2292/4481 1779/2293/4481
f 2265/2282/4482 2266/2284/4482 1891/2294/4482
f 2264/2283/4483 2265/2282/4483 1890/2295/4483
f 1892/2297/4484 2264/2283/4484 1889/2296/4484
f 1893/2299/4485 2261/2279/4485 2264/2283/4485
f 1894/2285/4486 2258/2277/4486 2261/2279/4486
f 2267/2300/4487 2268/2303/4487 2271/2301/4487
f 2268/2303/4488 2269/2311/4488 2272/2304/4488
f 2270/2302/4489 2271/2301/4489 2274/2305/4489
f 2271/2301/4490 2272/2304/4490 2275/2307/4490
f 1782/2032/4491 1901/2309/4491 2267/2300/4491
f 1901/2309/4492 1902/2310/4492 2268/2303/4492
f 1902/2310/4493 1903/2312/4493 2269/2311/4493
f 1903/2312/4494 1785/2760/4494 1904/2313/4494
f 2269/2311/4495 1904/2313/4495 1905/2314/4495
f 2272/2304/4496 1905/2314/4496 1906/2315/4496
f 2275/2307/4497 1906/2315/4497 1786/2316/4497
f 2274/2305/4498 2275/2307/4498 1907/2317/4498
f 2273/2306/4499 2274/2305/4499 1908/2318/4499
f 1898/2320/4500 2273/2306/4500 1909/2319/4500
f 1899/2322/4501 2270/2302/4501 2273/2306/4501
f 1900/2308/4502 2267/2300/4502 2270/2302/4502
f 2276/2323/4503 2277/2326/4503 2280/2324/4503
f 2277/2326/4504 2278/2334/4504 2281/2327/4504
f 2279/2325/4505 2280/2324/4505 2283/2328/4505
f 2280/2324/4506 2281/2327/4506 2284/2330/4506
f 1783/2080/4507 1913/2332/4507 2276/2323/4507
f 1913/2332/4508 1914/2333/4508 2277/2326/4508
f 1914/2333/4509 1915/2335/4509 2278/2334/4509
f 1915/2335/4510 1787/2367/4510 1916/2336/4510
f 2278/2334/4511 1916/2336/4511 1917/2337/4511
f 2281/2327/4512 1917/2337/4512 1918/2338/4512
f 2284/2330/4513 1918/2338/4513 1786/2339/4513
f 2283/2328/4514 2284/2330/4514 1906/2340/4514
f 2282/2329/4515 2283/2328/4515 1905/2341/4515
f 1910/2343/4516 2282/2329/4516 1904/2342/4516
f 1911/2345/4517 2279/2325/4517 2282/2329/4517
f 1912/2331/4518 2276/2323/4518 2279/2325/4518
f 2285/2346/4519 2286/2349/4519 2289/2347/4519
f 2286/2349/4520 2287/2357/4520 2290/2350/4520
f 2288/2348/4521 2289/2347/4521 2292/2351/4521
f 2289/2347/4522 2290/2350/4522 2293/2353/4522
f 1784/2060/4523 1922/2355/4523 2285/2346/4523
f 1922/2355/4524 1923/2356/4524 2286/2349/4524
f 1923/2356/4525 1924/2358/4525 2287/2357/4525
f 1924/2358/4526 1788/2695/4526 1909/2359/4526
f 2287/2357/4527 1909/2359/4527 1908/2360/4527
f 2290/2350/4528 1908/2360/4528 1907/2361/4528
f 2293/2353/4529 1907/2361/4529 1786/2362/4529
f 2292/2351/4530 2293/2353/4530 1918/2363/4530
f 2291/2352/4531 2292/2351/4531 1917/2364/4531
f 1919/2366/4532 2291/2352/4532 1916/2365/4532
f 1920/2368/4533 2288/2348/4533 2291/2352/4533
f 1921/2354/4534 2285/2346/4534 2288/2348/4534
f 2294/2369/4535 2295/2372/4535 2298/2370/4535
f 2295/2372/4536 2296/2381/4536 2299/2373/4536
f 2297/2371/4537 2298/2370/4537 2301/2374/4537
f 2298/2370/4538 2299/2373/4538 2302/2376/4538
f 1789/2377/4539 1928/2379/4539 2294/2369/4539
f 1928/2379/4540 1929/2380/4540 2295/2372/4540
f 1929/2380/4541 1930/2382/4541 2296/2381/4541
f 1930/2382/4542 1792/2410/4542 1931/2383/4542
f 2296/2381/4543 1931/2383/4543 1932/2384/4543
f 2299/2373/4544 1932/2384/4544 1933/2385/4544
f 2302/2376/4545 1933/2385/4545 1793/2386/4545
f 2301/2374/4546 2302/2376/4546 1934/2387/4546
f 2300/2375/4547 2301/2374/4547 1935/2388/4547
f 1925/2390/4548 2300/2375/4548 1936/2389/4548
f 1926/2392/4549 2297/2371/4549 2300/2375/4549
f 1927/2378/4550 2294/2369/4550 2297/2371/4550
f 2303/2393/4551 2304/2396/4551 2307/2394/4551
f 2304/2396/4552 2305/2404/4552 2308/2397/4552
f 2306/2395/4553 2307/2394/4553 2310/2398/4553
f 2307/2394/4554 2308/2397/4554 2311/2400/4554
f 1790/2016/4555 1940/2402/4555 2303/2393/4555
f 1940/2402/4556 1941/2403/4556 2304/2396/4556
f 1941/2403/4557 1942/2405/4557 2305/2404/4557
f 1942/2405/4558 1794/2429/4558 1943/2406/4558
f 2305/2404/4559 1943/2406/4559 1944/2407/4559
f 2308/2397/4560 1944/2407/4560 1945/2408/4560
f 2311/2400/4561 1945/2408/4561 1793/2386/4561
f 2310/2398/4562 2311/2400/4562 1933/2385/4562
f 2309/2399/4563 2310/2398/4563 1932/2384/4563
f 1937/2409/4564 2309/2399/4564 1931/2383/4564
f 1938/2411/4565 2306/2395/4565 2309/2399/4565
f 1939/2401/4566 2303/2393/4566 2306/2395/4566
f 2312/2412/4567 2313/2415/4567 2316/2413/4567
f 2313/2415/4568 2314/2423/4568 2317/2416/4568
f 2315/2414/4569 2316/2413/4569 2319/2417/4569
f 2316/2413/4570 2317/2416/4570 2320/2419/4570
f 1791/1979/4571 1949/2421/4571 2312/2412/4571
f 1949/2421/4572 1950/2422/4572 2313/2415/4572
f 1950/2422/4573 1951/2424/4573 2314/2423/4573
f 1951/2424/4574 1795/2890/4574 1936/2425/4574
f 2314/2423/4575 1936/2425/4575 1935/2426/4575
f 2317/2416/4576 1935/2426/4576 1934/2427/4576
f 2320/2419/4577 1934/2427/4577 1793/2386/4577
f 2319/2417/4578 2320/2419/4578 1945/2408/4578
f 2318/2418/4579 2319/2417/4579 1944/2407/4579
f 1946/2428/4580 2318/2418/4580 1943/2406/4580
f 1947/2430/4581 2315/2414/4581 2318/2418/4581
f 1948/2420/4582 2312/2412/4582 2315/2414/4582
f 2321/2431/4583 2322/2434/4583 2325/2432/4583
f 2322/2434/4584 2323/2442/4584 2326/2435/4584
f 2324/2433/4585 2325/2432/4585 2328/2436/4585
f 2325/2432/4586 2326/2435/4586 2329/2438/4586
f 1796/2040/4587 1955/2440/4587 2321/2431/4587
f 1955/2440/4588 1956/2441/4588 2322/2434/4588
f 1956/2441/4589 1957/2443/4589 2323/2442/4589
f 1957/2443/4590 1799/2904/4590 1958/2444/4590
f 2323/2442/4591 1958/2444/4591 1959/2445/4591
f 2326/2435/4592 1959/2445/4592 1960/2446/4592
f 2329/2438/4593 1960/2446/4593 1800/2447/4593
f 2328/2436/4594 2329/2438/4594 1961/2448/4594
f 2327/2437/4595 2328/2436/4595 1962/2449/4595
f 1952/2451/4596 2327/2437/4596 1963/2450/4596
f 1953/2453/4597 2324/2433/4597 2327/2437/4597
f 1954/2439/4598 2321/2431/4598 2324/2433/4598
f 2330/2454/4599 2331/2457/4599 2334/2455/4599
f 2331/2457/4600 2332/2465/4600 2335/2458/4600
f 2333/2456/4601 2334/2455/4601 2337/2459/4601
f 2334/2455/4602 2335/2458/4602 2338/2461/4602
f 1797/1984/4603 1967/2463/4603 2330/2454/4603
f 1967/2463/4604 1968/2464/4604 2331/2457/4604
f 1968/2464/4605 1969/2466/4605 2332/2465/4605
f 1969/2466/4606 1801/2490/4606 1970/2467/4606
f 2332/2465/4607 1970/2467/4607 1971/2468/4607
f 2335/2458/4608 1971/2468/4608 1972/2469/4608
f 2338/2461/4609 1972/2469/4609 1800/2447/4609
f 2337/2459/4610 2338/2461/4610 1960/2470/4610
f 2336/2460/4611 2337/2459/4611 1959/2471/4611
f 1964/2473/4612 2336/2460/4612 1958/2472/4612
f 1965/2475/4613 2333/2456/4613 2336/2460/4613
f 1966/2462/4614 2330/2454/4614 2333/2456/4614
f 2339/2476/4615 2340/2479/4615 2343/2477/4615
f 2340/2479/4616 2341/2487/4616 2344/2480/4616
f 2342/2478/4617 2343/2477/4617 2346/2481/4617
f 2343/2477/4618 2344/2480/4618 2347/2483/4618
f 1798/2012/4619 1976/2485/4619 2339/2476/4619
f 1976/2485/4620 1977/2486/4620 2340/2479/4620
f 1977/2486/4621 1978/2488/4621 2341/2487/4621
f 1978/2488/4622 1802/2452/4622 1963/2450/4622
f 2341/2487/4623 1963/2450/4623 1962/2449/4623
f 2344/2480/4624 1962/2449/4624 1961/2448/4624
f 2347/2483/4625 1961/2448/4625 1800/2447/4625
f 2346/2481/4626 2347/2483/4626 1972/2469/4626
f 2345/2482/4627 2346/2481/4627 1971/2468/4627
f 1973/2489/4628 2345/2482/4628 1970/2467/4628
f 1974/2491/4629 2342/2478/4629 2345/2482/4629
f 1975/2484/4630 2339/2476/4630 2342/2478/4630
f 2348/2492/4631 2349/2495/4631 2352/2493/4631
f 2349/2495/4632 2350/2504/4632 2353/2496/4632
f 2351/2494/4633 2352/2493/4633 2355/2497/4633
f 2352/2493/4634 2353/2496/4634 2356/2499/4634
f 1803/2500/4635 1982/2502/4635 2348/2492/4635
f 1982/2502/4636 1983/2503/4636 2349/2495/4636
f 1983/2503/4637 1984/2505/4637 2350/2504/4637
f 1984/2505/4638 1806/2734/4638 1985/2506/4638
f 2350/2504/4639 1985/2506/4639 1986/2507/4639
f 2353/2496/4640 1986/2507/4640 1987/2508/4640
f 2356/2499/4641 1987/2508/4641 1807/2509/4641
f 2355/2497/4642 2356/2499/4642 1988/2510/4642
f 2354/2498/4643 2355/2497/4643 1989/2511/4643
f 1979/2513/4644 2354/2498/4644 1990/2512/4644
f 1980/2515/4645 2351/2494/4645 2354/2498/4645
f 1981/2501/4646 2348/2492/4646 2351/2494/4646
f 2357/2516/4647 2358/2519/4647 2361/2517/4647
f 2358/2519/4648 2359/2527/4648 2362/2520/4648
f 2360/2518/4649 2361/2517/4649 2364/2521/4649
f 2361/2517/4650 2362/2520/4650 2365/2523/4650
f 1804/2088/4651 1994/2525/4651 2357/2516/4651
f 1994/2525/4652 1995/2526/4652 2358/2519/4652
f 1995/2526/4653 1996/2528/4653 2359/2527/4653
f 1996/2528/4654 1808/2552/4654 1997/2529/4654
f 2359/2527/4655 1997/2529/4655 1998/2530/4655
f 2362/2520/4656 1998/2530/4656 1999/2531/4656
f 2365/2523/4657 1999/2531/4657 1807/2509/4657
f 2364/2521/4658 2365/2523/4658 1987/2532/4658
f 2363/2522/4659 2364/2521/4659 1986/2533/4659
f 1991/2535/4660 2363/2522/4660 1985/2534/4660
f 1992/2537/4661 2360/2518/4661 2363/2522/4661
f 1993/2524/4662 2357/2516/4662 2360/2518/4662
f 2366/2538/4663 2367/2541/4663 2370/2539/4663
f 2367/2541/4664 2368/2549/4664 2371/2542/4664
f 2369/2540/4665 2370/2539/4665 2373/2543/4665
f 2370/2539/4666 2371/2542/4666 2374/2545/4666
f 1805/2003/4667 2003/2547/4667 2366/2538/4667
f 2003/2547/4668 2004/2548/4668 2367/2541/4668
f 2004/2548/4669 2005/2550/4669 2368/2549/4669
f 2005/2550/4670 1809/2514/4670 1990/2512/4670
f 2368/2549/4671 1990/2512/4671 1989/2511/4671
f 2371/2542/4672 1989/2511/4672 1988/2510/4672
f 2374/2545/4673 1988/2510/4673 1807/2509/4673
f 2373/2543/4674 2374/2545/4674 1999/2531/4674
f 2372/2544/4675 2373/2543/4675 1998/2530/4675
f 2000/2551/4676 2372/2544/4676 1997/2529/4676
f 2001/2553/4677 2369/2540/4677 2372/2544/4677
f 2002/2546/4678 2366/2538/4678 2369/2540/4678
f 2375/2554/4679 2376/2557/4679 2379/2555/4679
f 2376/2557/4680 2377/2565/4680 2380/2558/4680
f 2378/2556/4681 2379/2555/4681 2382/2559/4681
f 2379/2555/4682 2380/2558/4682 2383/2561/4682
f 1810/2027/4683 2009/2563/4683 2375/2554/4683
f 2009/2563/4684 2010/2564/4684 2376/2557/4684
f 2010/2564/4685 2011/2566/4685 2377/2565/4685
f 2011/2566/4686 1813/2594/4686 2012/2567/4686
f 2377/2565/4687 2012/2567/4687 2013/2568/4687
f 2380/2558/4688 2013/2568/4688 2014/2569/4688
f 2383/2561/4689 2014/2569/4689 1814/2570/4689
f 2382/2559/4690 2383/2561/4690 2015/2571/4690
f 2381/2560/4691 2382/2559/4691 2016/2572/4691
f 2006/2574/4692 2381/2560/4692 2017/2573/4692
f 2007/2576/4693 2378/2556/4693 2381/2560/4693
f 2008/2562/4694 2375/2554/4694 2378/2556/4694
f 2384/2577/4695 2385/2580/4695 2388/2578/4695
f 2385/2580/4696 2386/2588/4696 2389/2581/4696
f 2387/2579/4697 2388/2578/4697 2391/2582/4697
f 2388/2578/4698 2389/2581/4698 2392/2584/4698
f 1811/2008/4699 2021/2586/4699 2384/2577/4699
f 2021/2586/4700 2022/2587/4700 2385/2580/4700
f 2022/2587/4701 2023/2589/4701 2386/2588/4701
f 2023/2589/4702 1815/2613/4702 2024/2590/4702
f 2386/2588/4703 2024/2590/4703 2025/2591/4703
f 2389/2581/4704 2025/2591/4704 2026/2592/4704
f 2392/2584/4705 2026/2592/4705 1814/2570/4705
f 2391/2582/4706 2392/2584/4706 2014/2569/4706
f 2390/2583/4707 2391/2582/4707 2013/2568/4707
f 2018/2593/4708 2390/2583/4708 2012/2567/4708
f 2019/2595/4709 2387/2579/4709 2390/2583/4709
f 2020/2585/4710 2384/2577/4710 2387/2579/4710
f 2393/2596/4711 2394/2599/4711 2397/2597/4711
f 2394/2599/4712 2395/2607/4712 2398/2600/4712
f 2396/2598/4713 2397/2597/4713 2400/2601/4713
f 2397/2597/4714 2398/2600/4714 2401/2603/4714
f 1812/2084/4715 2030/2605/4715 2393/2596/4715
f 2030/2605/4716 2031/2606/4716 2394/2599/4716
f 2031/2606/4717 2032/2608/4717 2395/2607/4717
f 2032/2608/4718 1816/2772/4718 2017/2609/4718
f 2395/2607/4719 2017/2609/4719 2016/2610/4719
f 2398/2600/4720 2016/2610/4720 2015/2611/4720
f 2401/2603/4721 2015/2611/4721 1814/2570/4721
f 2400/2601/4722 2401/2603/4722 2026/2592/4722
f 2399/2602/4723 2400/2601/4723 2025/2591/4723
f 2027/2612/4724 2399/2602/4724 2024/2590/4724
f 2028/2614/4725 2396/2598/4725 2399/2602/4725
f 2029/2604/4726 2393/2596/4726 2396/2598/4726
f 2403/2615/4727 2406/2619/4727 2405/2616/4727
f 2403/2615/4728 2404/2625/4728 2407/2618/4728
f 2406/2619/4729 2409/2622/4729 2408/2620/4729
f 2406/2619/4730 2407/2618/4730 2410/2621/4730
f 2033/2623/4731 2402/2617/4731 1874/2240/4731
f 2034/2624/4732 2403/2615/4732 2402/2617/4732
f 2034/2624/4733 2035/2626/4733 2404/2625/4733
f 2035/2626/4734 1761/2099/4734 1819/2100/4734
f 2404/2625/4735 1819/2100/4735 1818/2114/4735
f 2407/2618/4736 1818/2114/4736 1817/2112/4736
f 2410/2621/4737 1817/2112/4737 1767/2113/4737
f 2409/2622/4738 2410/2621/4738 2036/2627/4738
f 2409/2622/4739 2037/2628/4739 2038/2629/4739
f 2408/2620/4740 2038/2629/4740 1778/2630/4740
f 2405/2616/4741 2408/2620/4741 1876/2243/4741
f 2402/2617/4742 2405/2616/4742 1875/2241/4742
f 2411/2631/4743 2412/2635/4743 2415/2632/4743
f 2413/2634/4744 2416/2638/4744 2415/2632/4744
f 2414/2633/4745 2415/2632/4745 2418/2636/4745
f 2416/2638/4746 2419/2643/4746 2418/2636/4746
f 1778/2275/4747 2038/2639/4747 2411/2631/4747
f 2038/2639/4748 2037/2641/4748 2412/2635/4748
f 2036/2640/4749 2413/2634/4749 2412/2635/4749
f 1767/2642/4750 1843/2150/4750 2413/2634/4750
f 1843/2150/4751 1842/2148/4751 2416/2638/4751
f 1842/2148/4752 1841/2147/4752 2419/2643/4752
f 1841/2147/4753 1763/2051/4753 2039/2052/4753
f 2419/2643/4754 2039/2052/4754 2040/2066/4754
f 2417/2637/4755 2418/2636/4755 2040/2066/4755
f 1885/2262/4756 2417/2637/4756 2041/2065/4756
f 1884/2276/4757 2414/2633/4757 2417/2637/4757
f 1883/2274/4758 2411/2631/4758 2414/2633/4758
f 2421/2644/4759 2424/2648/4759 2423/2645/4759
f 2421/2644/4760 2422/2652/4760 2425/2647/4760
f 2424/2648/4761 2427/2651/4761 2426/2649/4761
f 2424/2648/4762 2425/2647/4762 2428/2650/4762
f 2042/1991/4763 2420/2646/4763 1832/2124/4763
f 2043/1990/4764 2421/2644/4764 2420/2646/4764
f 2043/1990/4765 2044/1989/4765 2422/2652/4765
f 2044/1989/4766 1768/1988/4766 1846/2169/4766
f 2422/2652/4767 1846/2169/4767 1845/2183/4767
f 2425/2647/4768 1845/2183/4768 1844/2181/4768
f 2428/2650/4769 1844/2181/4769 1774/2182/4769
f 2427/2651/4770 2428/2650/4770 2045/2653/4770
f 2427/2651/4771 2046/2654/4771 2047/2655/4771
f 2426/2649/4772 2047/2655/4772 1766/2656/4772
f 2423/2645/4773 2426/2649/4773 1834/2127/4773
f 2420/2646/4774 2423/2645/4774 1833/2125/4774
f 2429/2657/4775 2430/2661/4775 2433/2658/4775
f 2431/2660/4776 2434/2664/4776 2433/2658/4776
f 2432/2659/4777 2433/2658/4777 2436/2662/4777
f 2434/2664/4778 2437/2669/4778 2436/2662/4778
f 1766/2159/4779 2047/2665/4779 2429/2657/4779
f 2047/2665/4780 2046/2667/4780 2430/2661/4780
f 2045/2666/4781 2431/2660/4781 2430/2661/4781
f 1774/2668/4782 1870/2219/4782 2431/2660/4782
f 1870/2219/4783 1869/2217/4783 2434/2664/4783
f 1869/2217/4784 1868/2216/4784 2437/2669/4784
f 1868/2216/4785 1770/2056/4785 2048/2054/4785
f 2437/2669/4786 2048/2054/4786 2049/2055/4786
f 2435/2663/4787 2436/2662/4787 2049/2055/4787
f 1840/2146/4788 2435/2663/4788 2050/2053/4788
f 1839/2160/4789 2432/2659/4789 2435/2663/4789
f 1838/2158/4790 2429/2657/4790 2432/2659/4790
f 2439/2670/4791 2442/2674/4791 2441/2671/4791
f 2439/2670/4792 2440/2679/4792 2443/2673/4792
f 2442/2674/4793 2445/2677/4793 2444/2675/4793
f 2442/2674/4794 2443/2673/4794 2446/2676/4794
f 2051/2035/4795 2438/2672/4795 1859/2193/4795
f 2052/2678/4796 2439/2670/4796 2438/2672/4796
f 2052/2678/4797 2053/2033/4797 2440/2679/4797
f 2053/2033/4798 1782/2032/4798 1900/2308/4798
f 2440/2679/4799 1900/2308/4799 1899/2322/4799
f 2443/2673/4800 1899/2322/4800 1898/2320/4800
f 2446/2676/4801 1898/2320/4801 1788/2321/4801
f 2445/2677/4802 2446/2676/4802 2054/2680/4802
f 2445/2677/4803 2055/2681/4803 2056/2682/4803
f 2444/2675/4804 2056/2682/4804 1773/2683/4804
f 2441/2671/4805 2444/2675/4805 1861/2196/4805
f 2438/2672/4806 2441/2671/4806 1860/2194/4806
f 2447/2684/4807 2448/2688/4807 2451/2685/4807
f 2449/2687/4808 2452/2691/4808 2451/2685/4808
f 2450/2686/4809 2451/2685/4809 2454/2689/4809
f 2452/2691/4810 2455/2696/4810 2454/2689/4810
f 1773/2228/4811 2056/2692/4811 2447/2684/4811
f 2056/2692/4812 2055/2694/4812 2448/2688/4812
f 2054/2693/4813 2449/2687/4813 2448/2688/4813
f 1788/2695/4814 1924/2358/4814 2449/2687/4814
f 1924/2358/4815 1923/2356/4815 2452/2691/4815
f 1923/2356/4816 1922/2355/4816 2455/2696/4816
f 1922/2355/4817 1784/2060/4817 2057/2059/4817
f 2455/2696/4818 2057/2059/4818 2058/2697/4818
f 2453/2690/4819 2454/2689/4819 2058/2697/4819
f 1867/2215/4820 2453/2690/4820 2059/2057/4820
f 1866/2229/4821 2450/2686/4821 2453/2690/4821
f 1865/2227/4822 2447/2684/4822 2450/2686/4822
f 2457/2698/4823 2460/2702/4823 2459/2699/4823
f 2457/2698/4824 2458/2706/4824 2461/2701/4824
f 2460/2702/4825 2463/2705/4825 2462/2703/4825
f 2460/2702/4826 2461/2701/4826 2464/2704/4826
f 2060/2078/4827 2456/2700/4827 1913/2332/4827
f 2061/2079/4828 2457/2698/4828 2456/2700/4828
f 2061/2079/4829 2062/2077/4829 2458/2706/4829
f 2062/2077/4830 1777/2075/4830 1894/2285/4830
f 2458/2706/4831 1894/2285/4831 1893/2299/4831
f 2461/2701/4832 1893/2299/4832 1892/2297/4832
f 2464/2704/4833 1892/2297/4833 1780/2298/4833
f 2463/2705/4834 2464/2704/4834 2063/2707/4834
f 2463/2705/4835 2064/2708/4835 2065/2709/4835
f 2462/2703/4836 2065/2709/4836 1787/2367/4836
f 2459/2699/4837 2462/2703/4837 1915/2335/4837
f 2456/2700/4838 2459/2699/4838 1914/2333/4838
f 2465/2710/4839 2466/2714/4839 2469/2711/4839
f 2467/2713/4840 2470/2717/4840 2469/2711/4840
f 2468/2712/4841 2469/2711/4841 2472/2715/4841
f 2470/2717/4842 2473/2718/4842 2472/2715/4842
f 1787/2367/4843 2065/2709/4843 2465/2710/4843
f 2065/2709/4844 2064/2708/4844 2466/2714/4844
f 2063/2707/4845 2467/2713/4845 2466/2714/4845
f 1780/2298/4846 1888/2266/4846 2467/2713/4846
f 1888/2266/4847 1887/2264/4847 2470/2717/4847
f 1887/2264/4848 1886/2263/4848 2473/2718/4848
f 1886/2263/4849 1776/2064/4849 2066/2063/4849
f 2473/2718/4850 2066/2063/4850 2067/2062/4850
f 2471/2716/4851 2472/2715/4851 2067/2062/4851
f 1921/2354/4852 2471/2716/4852 2068/2061/4852
f 1920/2368/4853 2468/2712/4853 2471/2716/4853
f 1919/2366/4854 2465/2710/4854 2468/2712/4854
f 2475/2719/4855 2478/2723/4855 2477/2720/4855
f 2475/2719/4856 2476/2729/4856 2479/2722/4856
f 2478/2723/4857 2481/2726/4857 2480/2724/4857
f 2478/2723/4858 2479/2722/4858 2482/2725/4858
f 2069/2727/4859 2474/2721/4859 1982/2502/4859
f 2070/2728/4860 2475/2719/4860 2474/2721/4860
f 2070/2728/4861 2071/2730/4861 2476/2729/4861
f 2071/2730/4862 1775/2238/4862 1873/2239/4862
f 2476/2729/4863 1873/2239/4863 1872/2253/4863
f 2479/2722/4864 1872/2253/4864 1871/2251/4864
f 2482/2725/4865 1871/2251/4865 1781/2252/4865
f 2481/2726/4866 2482/2725/4866 2072/2731/4866
f 2481/2726/4867 2073/2732/4867 2074/2733/4867
f 2480/2724/4868 2074/2733/4868 1806/2734/4868
f 2477/2720/4869 2480/2724/4869 1984/2505/4869
f 2474/2721/4870 2477/2720/4870 1983/2503/4870
f 2483/2735/4871 2484/2739/4871 2487/2736/4871
f 2485/2738/4872 2488/2742/4872 2487/2736/4872
f 2486/2737/4873 2487/2736/4873 2490/2740/4873
f 2488/2742/4874 2491/2747/4874 2490/2740/4874
f 1806/2536/4875 2074/2743/4875 2483/2735/4875
f 2074/2743/4876 2073/2745/4876 2484/2739/4876
f 2072/2744/4877 2485/2738/4877 2484/2739/4877
f 1781/2746/4878 1897/2289/4878 2485/2738/4878
f 1897/2289/4879 1896/2287/4879 2488/2742/4879
f 1896/2287/4880 1895/2286/4880 2491/2747/4880
f 1895/2286/4881 1777/2075/4881 2075/2076/4881
f 2491/2747/4882 2075/2076/4882 2076/2090/4882
f 2489/2741/4883 2490/2740/4883 2076/2090/4883
f 1993/2524/4884 2489/2741/4884 2077/2089/4884
f 1992/2537/4885 2486/2737/4885 2489/2741/4885
f 1991/2535/4886 2483/2735/4886 2486/2737/4886
f 2493/2748/4887 2496/2752/4887 2495/2749/4887
f 2493/2748/4888 2494/2756/4888 2497/2751/4888
f 2496/2752/4889 2499/2755/4889 2498/2753/4889
f 2496/2752/4890 2497/2751/4890 2500/2754/4890
f 2078/2030/4891 2492/2750/4891 1901/2309/4891
f 2079/2031/4892 2493/2748/4892 2492/2750/4892
f 2079/2031/4893 2080/2029/4893 2494/2756/4893
f 2080/2029/4894 1810/2027/4894 2008/2562/4894
f 2494/2756/4895 2008/2562/4895 2007/2576/4895
f 2497/2751/4896 2007/2576/4896 2006/2574/4896
f 2500/2754/4897 2006/2574/4897 1816/2575/4897
f 2499/2755/4898 2500/2754/4898 2081/2757/4898
f 2499/2755/4899 2082/2758/4899 2083/2759/4899
f 2498/2753/4900 2083/2759/4900 1785/2760/4900
f 2495/2749/4901 2498/2753/4901 1903/2312/4901
f 2492/2750/4902 2495/2749/4902 1902/2310/4902
f 2501/2761/4903 2502/2765/4903 2505/2762/4903
f 2503/2764/4904 2506/2768/4904 2505/2762/4904
f 2504/2763/4905 2505/2762/4905 2508/2766/4905
f 2506/2768/4906 2509/2773/4906 2508/2766/4906
f 1785/2344/4907 2083/2769/4907 2501/2761/4907
f 2083/2769/4908 2082/2771/4908 2502/2765/4908
f 2081/2770/4909 2503/2764/4909 2502/2765/4909
f 1816/2772/4910 2032/2608/4910 2503/2764/4910
f 2032/2608/4911 2031/2606/4911 2506/2768/4911
f 2031/2606/4912 2030/2605/4912 2509/2773/4912
f 2030/2605/4913 1812/2084/4913 2084/2083/4913
f 2509/2773/4914 2084/2083/4914 2085/2774/4914
f 2507/2767/4915 2508/2766/4915 2085/2774/4915
f 1912/2331/4916 2507/2767/4916 2086/2081/4916
f 1911/2345/4917 2504/2763/4917 2507/2767/4917
f 1910/2343/4918 2501/2761/4918 2504/2763/4918
f 2511/2775/4919 2514/2779/4919 2513/2776/4919
f 2511/2775/4920 2512/2783/4920 2515/2778/4920
f 2514/2779/4921 2517/2782/4921 2516/2780/4921
f 2514/2779/4922 2515/2778/4922 2518/2781/4922
f 2087/2006/4923 2510/2777/4923 2021/2586/4923
f 2088/2007/4924 2511/2775/4924 2510/2777/4924
f 2088/2007/4925 2089/2005/4925 2512/2783/4925
f 2089/2005/4926 1805/2003/4926 2002/2546/4926
f 2512/2783/4927 2002/2546/4927 2001/2553/4927
f 2515/2778/4928 2001/2553/4928 2000/2551/4928
f 2518/2781/4929 2000/2551/4929 1808/2552/4929
f 2517/2782/4930 2518/2781/4930 2090/2784/4930
f 2517/2782/4931 2091/2785/4931 2092/2786/4931
f 2516/2780/4932 2092/2786/4932 1815/2613/4932
f 2513/2776/4933 2516/2780/4933 2023/2589/4933
f 2510/2777/4934 2513/2776/4934 2022/2587/4934
f 2519/2787/4935 2520/2791/4935 2523/2788/4935
f 2521/2790/4936 2524/2794/4936 2523/2788/4936
f 2522/2789/4937 2523/2788/4937 2526/2792/4937
f 2524/2794/4938 2527/2795/4938 2526/2792/4938
f 1815/2613/4939 2092/2786/4939 2519/2787/4939
f 2092/2786/4940 2091/2785/4940 2520/2791/4940
f 2090/2784/4941 2521/2790/4941 2520/2791/4941
f 1808/2552/4942 1996/2528/4942 2521/2790/4942
f 1996/2528/4943 1995/2526/4943 2524/2794/4943
f 1995/2526/4944 1994/2525/4944 2527/2795/4944
f 1994/2525/4945 1804/2088/4945 2093/2087/4945
f 2527/2795/4946 2093/2087/4946 2094/2086/4946
f 2525/2793/4947 2526/2792/4947 2094/2086/4947
f 2029/2604/4948 2525/2793/4948 2095/2085/4948
f 2028/2614/4949 2522/2789/4949 2525/2793/4949
f 2027/2612/4950 2519/2787/4950 2522/2789/4950
f 2529/2796/4951 2532/2800/4951 2531/2797/4951
f 2529/2796/4952 2530/2806/4952 2533/2799/4952
f 2532/2800/4953 2535/2803/4953 2534/2801/4953
f 2532/2800/4954 2533/2799/4954 2536/2802/4954
f 2096/2804/4955 2528/2798/4955 1928/2379/4955
f 2097/2805/4956 2529/2796/4956 2528/2798/4956
f 2097/2805/4957 2098/2807/4957 2530/2806/4957
f 2098/2807/4958 1803/2500/4958 1981/2501/4958
f 2530/2806/4959 1981/2501/4959 1980/2515/4959
f 2533/2799/4960 1980/2515/4960 1979/2513/4960
f 2536/2802/4961 1979/2513/4961 1809/2514/4961
f 2535/2803/4962 2536/2802/4962 2099/2808/4962
f 2535/2803/4963 2100/2809/4963 2101/2810/4963
f 2534/2801/4964 2101/2810/4964 1792/2410/4964
f 2531/2797/4965 2534/2801/4965 1930/2382/4965
f 2528/2798/4966 2531/2797/4966 1929/2380/4966
f 2537/2811/4967 2538/2815/4967 2541/2812/4967
f 2539/2814/4968 2542/2818/4968 2541/2812/4968
f 2540/2813/4969 2541/2812/4969 2544/2816/4969
f 2542/2818/4970 2545/2819/4970 2544/2816/4970
f 1792/2410/4971 2101/2810/4971 2537/2811/4971
f 2101/2810/4972 2100/2809/4972 2538/2815/4972
f 2099/2808/4973 2539/2814/4973 2538/2815/4973
f 1809/2514/4974 2005/2550/4974 2539/2814/4974
f 2005/2550/4975 2004/2548/4975 2542/2818/4975
f 2004/2548/4976 2003/2547/4976 2545/2819/4976
f 2003/2547/4977 1805/2003/4977 2102/2004/4977
f 2545/2819/4978 2102/2004/4978 2103/2018/4978
f 2543/2817/4979 2544/2816/4979 2103/2018/4979
f 1939/2401/4980 2543/2817/4980 2104/2017/4980
f 1938/2411/4981 2540/2813/4981 2543/2817/4981
f 1937/2409/4982 2537/2811/4982 2540/2813/4982
f 2547/2820/4983 2550/2824/4983 2549/2821/4983
f 2547/2820/4984 2548/2828/4984 2551/2823/4984
f 2550/2824/4985 2553/2827/4985 2552/2825/4985
f 2550/2824/4986 2551/2823/4986 2554/2826/4986
f 2105/2028/4987 2546/2822/4987 2009/2563/4987
f 2106/2042/4988 2547/2820/4988 2546/2822/4988
f 2106/2042/4989 2107/2041/4989 2548/2828/4989
f 2107/2041/4990 1796/2040/4990 1954/2439/4990
f 2548/2828/4991 1954/2439/4991 1953/2453/4991
f 2551/2823/4992 1953/2453/4992 1952/2451/4992
f 2554/2826/4993 1952/2451/4993 1802/2452/4993
f 2553/2827/4994 2554/2826/4994 2108/2829/4994
f 2553/2827/4995 2109/2830/4995 2110/2831/4995
f 2552/2825/4996 2110/2831/4996 1813/2594/4996
f 2549/2821/4997 2552/2825/4997 2011/2566/4997
f 2546/2822/4998 2549/2821/4998 2010/2564/4998
f 2555/2832/4999 2556/2836/4999 2559/2833/4999
f 2557/2835/5000 2560/2839/5000 2559/2833/5000
f 2558/2834/5001 2559/2833/5001 2562/2837/5001
f 2560/2839/5002 2563/2840/5002 2562/2837/5002
f 1813/2594/5003 2110/2831/5003 2555/2832/5003
f 2110/2831/5004 2109/2830/5004 2556/2836/5004
f 2108/2829/5005 2557/2835/5005 2556/2836/5005
f 1802/2452/5006 1978/2488/5006 2557/2835/5006
f 1978/2488/5007 1977/2486/5007 2560/2839/5007
f 1977/2486/5008 1976/2485/5008 2563/2840/5008
f 1976/2485/5009 1798/2012/5009 2111/2011/5009
f 2563/2840/5010 2111/2011/5010 2112/2841/5010
f 2561/2838/5011 2562/2837/5011 2112/2841/5011
f 2020/2585/5012 2561/2838/5012 2113/2009/5012
f 2019/2595/5013 2558/2834/5013 2561/2838/5013
f 2018/2593/5014 2555/2832/5014 2558/2834/5014
f 2565/2842/5015 2568/2846/5015 2567/2843/5015
f 2565/2842/5016 2566/2850/5016 2569/2845/5016
f 2568/2846/5017 2571/2849/5017 2570/2847/5017
f 2568/2846/5018 2569/2845/5018 2572/2848/5018
f 2114/1982/5019 2564/2844/5019 1967/2463/5019
f 2115/1983/5020 2565/2842/5020 2564/2844/5020
f 2115/1983/5021 2116/1981/5021 2566/2850/5021
f 2116/1981/5022 1791/1979/5022 1948/2420/5022
f 2566/2850/5023 1948/2420/5023 1947/2430/5023
f 2569/2845/5024 1947/2430/5024 1946/2428/5024
f 2572/2848/5025 1946/2428/5025 1794/2429/5025
f 2571/2849/5026 2572/2848/5026 2117/2851/5026
f 2571/2849/5027 2118/2852/5027 2119/2853/5027
f 2570/2847/5028 2119/2853/5028 1801/2490/5028
f 2567/2843/5029 2570/2847/5029 1969/2466/5029
f 2564/2844/5030 2567/2843/5030 1968/2464/5030
f 2573/2854/5031 2574/2858/5031 2577/2855/5031
f 2575/2857/5032 2578/2861/5032 2577/2855/5032
f 2576/2856/5033 2577/2855/5033 2580/2859/5033
f 2578/2861/5034 2581/2862/5034 2580/2859/5034
f 1801/2490/5035 2119/2853/5035 2573/2854/5035
f 2119/2853/5036 2118/2852/5036 2574/2858/5036
f 2117/2851/5037 2575/2857/5037 2574/2858/5037
f 1794/2429/5038 1942/2405/5038 2575/2857/5038
f 1942/2405/5039 1941/2403/5039 2578/2861/5039
f 1941/2403/5040 1940/2402/5040 2581/2862/5040
f 1940/2402/5041 1790/2016/5041 2120/2015/5041
f 2581/2862/5042 2120/2015/5042 2121/2014/5042
f 2579/2860/5043 2580/2859/5043 2121/2014/5043
f 1975/2484/5044 2579/2860/5044 2122/2013/5044
f 1974/2491/5045 2576/2856/5045 2579/2860/5045
f 1973/2489/5046 2573/2854/5046 2576/2856/5046
f 2583/2863/5047 2586/2867/5047 2585/2864/5047
f 2583/2863/5048 2584/2873/5048 2587/2866/5048
f 2586/2867/5049 2589/2870/5049 2588/2868/5049
f 2586/2867/5050 2587/2866/5050 2590/2869/5050
f 2123/2871/5051 2582/2865/5051 1820/2101/5051
f 2124/2872/5052 2583/2863/5052 2582/2865/5052
f 2124/2872/5053 2125/2874/5053 2584/2873/5053
f 2125/2874/5054 1789/2377/5054 1927/2378/5054
f 2584/2873/5055 1927/2378/5055 1926/2392/5055
f 2587/2866/5056 1926/2392/5056 1925/2390/5056
f 2590/2869/5057 1925/2390/5057 1795/2391/5057
f 2589/2870/5058 2590/2869/5058 2126/2875/5058
f 2589/2870/5059 2127/2876/5059 2128/2877/5059
f 2588/2868/5060 2128/2877/5060 1764/2878/5060
f 2585/2864/5061 2588/2868/5061 1822/2104/5061
f 2582/2865/5062 2585/2864/5062 1821/2102/5062
f 2591/2879/5063 2592/2883/5063 2595/2880/5063
f 2593/2882/5064 2596/2886/5064 2595/2880/5064
f 2594/2881/5065 2595/2880/5065 2598/2884/5065
f 2596/2886/5066 2599/2891/5066 2598/2884/5066
f 1764/2136/5067 2128/2887/5067 2591/2879/5067
f 2128/2887/5068 2127/2889/5068 2592/2883/5068
f 2126/2888/5069 2593/2882/5069 2592/2883/5069
f 1795/2890/5070 1951/2424/5070 2593/2882/5070
f 1951/2424/5071 1950/2422/5071 2596/2886/5071
f 1950/2422/5072 1949/2421/5072 2599/2891/5072
f 1949/2421/5073 1791/1979/5073 2129/1980/5073
f 2599/2891/5074 2129/1980/5074 2130/1994/5074
f 2597/2885/5075 2598/2884/5075 2130/1994/5075
f 1831/2123/5076 2597/2885/5076 2131/1993/5076
f 1830/2137/5077 2594/2881/5077 2597/2885/5077
f 1829/2135/5078 2591/2879/5078 2594/2881/5078
f 2601/2892/5079 2604/2896/5079 2603/2893/5079
f 2601/2892/5080 2602/2900/5080 2605/2895/5080
f 2604/2896/5081 2607/2899/5081 2606/2897/5081
f 2604/2896/5082 2605/2895/5082 2608/2898/5082
f 2132/2039/5083 2600/2894/5083 1955/2440/5083
f 2133/2038/5084 2601/2892/5084 2600/2894/5084
f 2133/2038/5085 2134/2037/5085 2602/2900/5085
f 2134/2037/5086 1769/2036/5086 1858/2192/5086
f 2602/2900/5087 1858/2192/5087 1857/2206/5087
f 2605/2895/5088 1857/2206/5088 1856/2204/5088
f 2608/2898/5089 1856/2204/5089 1771/2205/5089
f 2607/2899/5090 2608/2898/5090 2135/2901/5090
f 2607/2899/5091 2136/2902/5091 2137/2903/5091
f 2606/2897/5092 2137/2903/5092 1799/2904/5092
f 2603/2893/5093 2606/2897/5093 1957/2443/5093
f 2600/2894/5094 2603/2893/5094 1956/2441/5094
f 2609/2905/5095 2610/2909/5095 2613/2906/5095
f 2611/2908/5096 2614/2912/5096 2613/2906/5096
f 2612/2907/5097 2613/2906/5097 2616/2910/5097
f 2614/2912/5098 2617/2917/5098 2616/2910/5098
f 1799/2474/5099 2137/2913/5099 2609/2905/5099
f 2137/2913/5100 2136/2915/5100 2610/2909/5100
f 2135/2914/5101 2611/2908/5101 2610/2909/5101
f 1771/2916/5102 1849/2173/5102 2611/2908/5102
f 1849/2173/5103 1848/2171/5103 2614/2912/5103
f 1848/2171/5104 1847/2170/5104 2617/2917/5104
f 1847/2170/5105 1768/1988/5105 2138/1987/5105
f 2617/2917/5106 2138/1987/5106 2139/2918/5106
f 2615/2911/5107 2616/2910/5107 2139/2918/5107
f 1966/2462/5108 2615/2911/5108 2140/1985/5108
f 1965/2475/5109 2612/2907/5109 2615/2911/5109
f 1964/2473/5110 2609/2905/5110 2612/2907/5110
f 2618/2919/5111 2619/2923/5111 2622/2920/5111
f 2620/2922/5112 2623/2927/5112 2622/2920/5112
f 2622/2920/5113 2625/2926/5113 2624/2924/5113
f 2622/2920/5114 2623/2927/5114 2626/2925/5114
f 1775/2238/5115 2071/2730/5115 2618/2919/5115
f 2071/2730/5116 2070/2728/5116 2619/2923/5116
f 2069/2727/5117 2620/2922/5117 2619/2923/5117
f 1803/2500/5118 2098/2807/5118 2620/2922/5118
f 2098/2807/5119 2097/2805/5119 2623/2927/5119
f 2623/2927/5120 2097/2805/5120 2096/2804/5120
f 2626/2925/5121 2096/2804/5121 1789/2377/5121
f 2625/2926/5122 2626/2925/5122 2125/2874/5122
f 2625/2926/5123 2124/2872/5123 2123/2871/5123
f 2624/2924/5124 2123/2871/5124 1761/2099/5124
f 2621/2921/5125 2624/2924/5125 2035/2626/5125
f 2033/2623/5126 2618/2919/5126 2621/2921/5126
o Cab_Handle_R
v 0.042318 0.547000 0.278988
v 0.042318 0.647000 0.278988
v 0.041270 0.547000 0.239002
v 0.041270 0.647000 0.239002
v 0.072307 0.547000 0.278203
v 0.072307 0.647000 0.278203
v 0.071260 0.547000 0.238216
v 0.071260 0.647000 0.238216
vn -0.9997 -0.0000 0.0262
vn -0.0262 -0.0000 -0.9997
vn 0.9997 -0.0000 -0.0262
vn 0.0262 -0.0000 0.9997
vn -0.0000 -1.0000 -0.0000
vn -0.0000 1.0000 -0.0000
vt 0.625000 0.000000
vt 0.375000 0.250000
vt 0.375000 0.000000
vt 0.625000 0.250000
vt 0.375000 0.500000
vt 0.625000 0.500000
vt 0.375000 0.750000
vt 0.625000 0.750000
vt 0.375000 1.000000
vt 0.125000 0.750000
vt 0.125000 0.500000
vt 0.875000 0.500000
vt 0.625000 1.000000
vt 0.875000 0.750000
s 0
usemtl HM_Chrome
f 2628/2928/5127 2629/2929/5127 2627/2930/5127
f 2630/2931/5128 2633/2932/5128 2629/2929/5128
f 2634/2933/5129 2631/2934/5129 2633/2932/5129
f 2632/2935/5130 2627/2936/5130 2631/2934/5130
f 2633/2932/5131 2627/2937/5131 2629/2938/5131
f 2630/2939/5132 2632/2935/5132 2634/2933/5132
f 2628/2928/5127 2630/2931/5127 2629/2929/5127
f 2630/2931/5128 2634/2933/5128 2633/2932/5128
f 2634/2933/5129 2632/2935/5129 2631/2934/5129
f 2632/2935/5130 2628/2940/5130 2627/2936/5130
f 2633/2932/5131 2631/2934/5131 2627/2937/5131
f 2630/2939/5132 2628/2941/5132 2632/2935/5132
o Cab_Lock_R
v 0.056396 0.732000 0.243607
v 0.056920 0.732000 0.263600
v 0.065210 0.729135 0.243376
v 0.065734 0.729135 0.263370
v 0.070657 0.721635 0.243234
v 0.071181 0.721635 0.263227
v 0.070657 0.712365 0.243234
v 0.071181 0.712365 0.263227
v 0.065210 0.704865 0.243376
v 0.065734 0.704865 0.263370
v 0.056396 0.702000 0.243607
v 0.056920 0.702000 0.263600
v 0.047582 0.704865 0.243838
v 0.048106 0.704865 0.263831
v 0.042135 0.712365 0.243981
v 0.042659 0.712365 0.263974
v 0.042135 0.721635 0.243981
v 0.042659 0.721635 0.263974
v 0.047582 0.729135 0.243838
v 0.048106 0.729135 0.263831
vn 0.3089 0.9511 -0.0081
vn 0.8087 0.5878 -0.0212
vn 0.9997 -0.0000 -0.0262
vn 0.8087 -0.5878 -0.0212
vn 0.3089 -0.9511 -0.0081
vn -0.3089 -0.9511 0.0081
vn -0.8087 -0.5878 0.0212
vn -0.9997 -0.0000 0.0262
vn 0.0262 -0.0000 0.9997
vn -0.8087 0.5878 0.0212
vn -0.3089 0.9511 0.0081
vn -0.0262 -0.0000 -0.9997
vt 1.000000 1.000000
vt 0.900000 0.500000
vt 1.000000 0.500000
vt 0.900000 1.000000
vt 0.800000 0.500000
vt 0.800000 1.000000
vt 0.700000 0.500000
vt 0.700000 1.000000
vt 0.600000 0.500000
vt 0.600000 1.000000
vt 0.500000 0.500000
vt 0.500000 1.000000
vt 0.400000 0.500000
vt 0.400000 1.000000
vt 0.300000 0.500000
vt 0.300000 1.000000
vt 0.200000 0.500000
vt 0.021746 0.324164
vt 0.391068 0.055836
vt 0.478254 0.324164
vt 0.200000 1.000000
vt 0.100000 0.500000
vt 0.100000 1.000000
vt -0.000000 0.500000
vt 0.978254 0.175836
vt 0.521746 0.175836
vt 0.608932 0.444164
vt 0.391068 0.444164
vt 0.250000 0.490000
vt 0.108932 0.444164
vt 0.021746 0.175836
vt 0.108932 0.055836
vt 0.250000 0.010000
vt 0.478254 0.175836
vt -0.000000 1.000000
vt 0.750000 0.490000
vt 0.891068 0.444164
vt 0.978254 0.324164
vt 0.891068 0.055836
vt 0.750000 0.010000
vt 0.608932 0.055836
vt 0.521746 0.324164
s 0
usemtl HM_Chrome
f 2636/2942/5133 2637/2943/5133 2635/2944/5133
f 2638/2945/5134 2639/2946/5134 2637/2943/5134
f 2640/2947/5135 2641/2948/5135 2639/2946/5135
f 2642/2949/5136 2643/2950/5136 2641/2948/5136
f 2644/2951/5137 2645/2952/5137 2643/2950/5137
f 2646/2953/5138 2647/2954/5138 2645/2952/5138
f 2648/2955/5139 2649/2956/5139 2647/2954/5139
f 2650/2957/5140 2651/2958/5140 2649/2956/5140
f 2652/2959/5141 2644/2960/5141 2640/2961/5141
f 2652/2962/5142 2653/2963/5142 2651/2958/5142
f 2654/2964/5143 2635/2965/5143 2653/2963/5143
f 2641/2966/5144 2649/2967/5144 2653/2968/5144
f 2636/2942/5133 2638/2945/5133 2637/2943/5133
f 2638/2945/5134 2640/2947/5134 2639/2946/5134
f 2640/2947/5135 2642/2949/5135 2641/2948/5135
f 2642/2949/5136 2644/2951/5136 2643/2950/5136
f 2644/2951/5137 2646/2953/5137 2645/2952/5137
f 2646/2953/5138 2648/2955/5138 2647/2954/5138
f 2648/2955/5139 2650/2957/5139 2649/2956/5139
f 2650/2957/5140 2652/2962/5140 2651/2958/5140
f 2640/2961/5141 2638/2969/5141 2636/2970/5141
f 2636/2970/5141 2654/2971/5141 2652/2959/5141
f 2652/2959/5141 2650/2972/5141 2648/2973/5141
f 2648/2973/5141 2646/2974/5141 2644/2960/5141
f 2644/2960/5141 2642/2975/5141 2640/2961/5141
f 2640/2961/5141 2636/2970/5141 2652/2959/5141
f 2652/2959/5141 2648/2973/5141 2644/2960/5141
f 2652/2962/5142 2654/2964/5142 2653/2963/5142
f 2654/2964/5143 2636/2976/5143 2635/2965/5143
f 2653/2968/5144 2635/2977/5144 2637/2978/5144
f 2637/2978/5144 2639/2979/5144 2641/2966/5144
f 2641/2966/5144 2643/2980/5144 2645/2981/5144
f 2645/2981/5144 2647/2982/5144 2649/2967/5144
f 2649/2967/5144 2651/2983/5144 2653/2968/5144
f 2653/2968/5144 2637/2978/5144 2641/2966/5144
f 2641/2966/5144 2645/2981/5144 2649/2967/5144
o Cab_Vent_0
v 0.456676 0.340750 0.058066
v 0.456676 0.353250 0.058066
v 0.453012 0.340750 -0.081887
v 0.453012 0.353250 -0.081887
v 0.466673 0.340750 0.057804
v 0.466673 0.353250 0.057804
v 0.463008 0.340750 -0.082148
v 0.463008 0.353250 -0.082148
v 0.453028 0.339838 -0.053408
v 0.453749 0.339380 -0.011882
v 0.455202 0.339838 0.029625
v 0.456215 0.343292 0.068292
v 0.455983 0.347000 0.073428
v 0.456215 0.350708 0.068292
v 0.455202 0.354162 0.029625
v 0.453749 0.354620 -0.011882
v 0.453028 0.354162 -0.053408
v 0.452015 0.350708 -0.092075
v 0.451515 0.347000 -0.097192
v 0.452015 0.343292 -0.092075
v 0.460708 0.339838 -0.092302
v 0.457608 0.339380 -0.097352
v 0.454777 0.339838 -0.092147
v 0.454777 0.354162 -0.092147
v 0.457608 0.354620 -0.097352
v 0.460708 0.354162 -0.092302
v 0.463470 0.350708 -0.092374
v 0.463702 0.347000 -0.097511
v 0.463470 0.343292 -0.092374
v 0.466657 0.339838 0.029325
v 0.465936 0.339380 -0.012201
v 0.464483 0.339838 -0.053708
v 0.464483 0.354162 -0.053708
v 0.465936 0.354620 -0.012201
v 0.466657 0.354162 0.029325
v 0.467669 0.350708 0.067992
v 0.468170 0.347000 0.073109
v 0.467669 0.343292 0.067992
v 0.458977 0.339838 0.068219
v 0.462076 0.339380 0.073269
v 0.464908 0.339838 0.068064
v 0.464908 0.354162 0.068064
v 0.462076 0.354620 0.073269
v 0.458977 0.354162 0.068219
v 0.453714 0.343048 0.032396
v 0.453248 0.347000 0.034787
v 0.453714 0.350952 0.032396
v 0.452027 0.342836 -0.011837
v 0.451450 0.347000 -0.011822
v 0.452027 0.351164 -0.011837
v 0.451396 0.343048 -0.056097
v 0.450806 0.347000 -0.058460
v 0.451396 0.350952 -0.056097
v 0.454010 0.343048 -0.113982
v 0.453647 0.347000 -0.121373
v 0.454010 0.350952 -0.113982
v 0.456977 0.342836 -0.121460
v 0.456766 0.347000 -0.129532
v 0.456977 0.351164 -0.121460
v 0.460331 0.343048 -0.114148
v 0.460307 0.347000 -0.121547
v 0.460331 0.350952 -0.114148
v 0.465971 0.343048 -0.056479
v 0.466437 0.347000 -0.058870
v 0.465971 0.350952 -0.056479
v 0.467658 0.342836 -0.012246
v 0.468235 0.347000 -0.012261
v 0.467658 0.351164 -0.012246
v 0.468288 0.343048 0.032015
v 0.468879 0.347000 0.034378
v 0.468288 0.350952 0.032015
v 0.465674 0.343048 0.089899
v 0.466038 0.347000 0.097290
v 0.465674 0.350952 0.089899
v 0.462708 0.342836 0.097377
v 0.462919 0.347000 0.105449
v 0.462708 0.351164 0.097377
v 0.459353 0.343048 0.090065
v 0.459377 0.347000 0.097464
v 0.459353 0.350952 0.090065
v 0.455523 0.337888 -0.056205
v 0.458622 0.337227 -0.058665
v 0.461844 0.337888 -0.056371
v 0.456512 0.337227 -0.011954
v 0.459842 0.336506 -0.012041
v 0.463173 0.337227 -0.012129
v 0.457841 0.337888 0.032288
v 0.461063 0.337227 0.034582
v 0.464162 0.337888 0.032123
v 0.461844 0.356112 -0.056371
v 0.458622 0.356773 -0.058665
v 0.455523 0.356112 -0.056205
v 0.463173 0.356773 -0.012129
v 0.459842 0.357494 -0.012041
v 0.456512 0.356773 -0.011954
v 0.464162 0.356112 0.032123
v 0.461063 0.356773 0.034582
v 0.457841 0.356112 0.032288
vn -0.9898 -0.1372 0.0384
vn -0.9895 0.1397 0.0382
vn -0.9905 -0.1372 0.0134
vn -0.9901 0.1397 0.0137
vn -0.8845 -0.4626 0.0607
vn -0.9849 -0.1583 0.0697
vn -0.9849 0.1582 0.0697
vn -0.9013 0.4281 0.0657
vn -0.8943 0.4460 0.0362
vn -0.8950 0.4460 0.0106
vn -0.9035 0.4281 -0.0184
vn -0.9872 0.1582 -0.0181
vn -0.9872 -0.1583 -0.0181
vn -0.8865 -0.4626 -0.0143
vn -0.8949 -0.4461 0.0106
vn -0.8942 -0.4461 0.0362
vn -0.7522 -0.5957 -0.2816
vn -0.7510 0.5946 -0.2871
vn 0.7365 -0.5957 -0.3205
vn 0.7350 0.5946 -0.3260
vn -0.7793 -0.6216 -0.0789
vn -0.9651 -0.2477 -0.0851
vn -0.9650 0.2479 -0.0851
vn -0.7800 0.6225 -0.0641
vn -0.3734 0.9196 -0.1220
vn 0.3665 0.9196 -0.1414
vn 0.7756 0.6225 -0.1048
vn 0.9593 0.2479 -0.1355
vn 0.9593 -0.2477 -0.1355
vn 0.7741 -0.6216 -0.1196
vn 0.3663 -0.9197 -0.1414
vn -0.3732 -0.9197 -0.1221
vn 0.9898 -0.1372 -0.0384
vn 0.9895 0.1397 -0.0382
vn 0.9905 -0.1372 -0.0134
vn 0.9901 0.1397 -0.0137
vn 0.8845 -0.4626 -0.0607
vn 0.9849 -0.1583 -0.0697
vn 0.9849 0.1582 -0.0697
vn 0.9013 0.4281 -0.0657
vn 0.8943 0.4460 -0.0362
vn 0.8950 0.4460 -0.0106
vn 0.9035 0.4281 0.0184
vn 0.9872 0.1582 0.0181
vn 0.9872 -0.1583 0.0181
vn 0.8865 -0.4626 0.0143
vn 0.8949 -0.4461 -0.0106
vn 0.8942 -0.4461 -0.0362
vn 0.7522 -0.5957 0.2816
vn 0.7510 0.5946 0.2871
vn -0.7365 -0.5957 0.3205
vn -0.7350 0.5946 0.3260
vn 0.7793 -0.6216 0.0789
vn 0.9651 -0.2477 0.0851
vn 0.9650 0.2479 0.0851
vn 0.7800 0.6225 0.0641
vn 0.3734 0.9196 0.1220
vn -0.3665 0.9196 0.1414
vn -0.7756 0.6225 0.1048
vn -0.9593 0.2479 0.1355
vn -0.9593 -0.2477 0.1355
vn -0.7741 -0.6216 0.1196
vn -0.3663 -0.9197 0.1414
vn 0.3732 -0.9197 0.1221
vn -0.2118 -0.9773 -0.0099
vn 0.2149 -0.9764 -0.0207
vn -0.2110 -0.9773 0.0209
vn 0.2157 -0.9764 0.0095
vn -0.6325 -0.7741 -0.0244
vn -0.2442 -0.9686 -0.0475
vn 0.2412 -0.9686 -0.0602
vn 0.5933 -0.8026 -0.0623
vn 0.6138 -0.7889 -0.0302
vn 0.6145 -0.7889 -0.0020
vn 0.5957 -0.8026 0.0312
vn 0.2440 -0.9686 0.0475
vn -0.2414 -0.9686 0.0602
vn -0.6304 -0.7741 0.0575
vn -0.6139 -0.7888 0.0302
vn -0.6146 -0.7888 0.0020
vn 0.2110 0.9773 -0.0209
vn -0.2157 0.9764 -0.0095
vn 0.2118 0.9773 0.0099
vn -0.2149 0.9764 0.0207
vn 0.6304 0.7741 -0.0575
vn 0.2414 0.9686 -0.0602
vn -0.2440 0.9686 -0.0475
vn -0.5957 0.8026 -0.0312
vn -0.6145 0.7889 0.0020
vn -0.6138 0.7889 0.0302
vn -0.5933 0.8026 0.0623
vn -0.2412 0.9686 0.0602
vn 0.2442 0.9686 0.0475
vn 0.6325 0.7741 0.0244
vn 0.6146 0.7888 -0.0020
vn 0.6139 0.7888 -0.0302
vn -0.9895 -0.1397 0.0382
vn -0.9898 0.1372 0.0384
vn -0.9901 -0.1397 0.0137
vn -0.9905 0.1372 0.0134
vn -0.9013 -0.4281 0.0657
vn -0.9849 -0.1582 0.0697
vn -0.9849 0.1583 0.0697
vn -0.8845 0.4626 0.0607
vn -0.8942 0.4461 0.0362
vn -0.8949 0.4461 0.0106
vn -0.8865 0.4626 -0.0143
vn -0.9872 0.1583 -0.0181
vn -0.9872 -0.1582 -0.0181
vn -0.9035 -0.4281 -0.0184
vn -0.8950 -0.4460 0.0106
vn -0.8943 -0.4460 0.0362
vn -0.7510 -0.5946 -0.2871
vn -0.7522 0.5957 -0.2816
vn 0.7350 -0.5946 -0.3260
vn 0.7365 0.5957 -0.3205
vn -0.7800 -0.6225 -0.0641
vn -0.9650 -0.2479 -0.0851
vn -0.9651 0.2477 -0.0851
vn -0.7793 0.6216 -0.0789
vn -0.3732 0.9197 -0.1221
vn 0.3663 0.9197 -0.1414
vn 0.7741 0.6216 -0.1196
vn 0.9593 0.2477 -0.1355
vn 0.9593 -0.2479 -0.1355
vn 0.7756 -0.6225 -0.1048
vn 0.3665 -0.9196 -0.1414
vn -0.3734 -0.9196 -0.1220
vn 0.9895 -0.1397 -0.0382
vn 0.9898 0.1372 -0.0384
vn 0.9901 -0.1397 -0.0137
vn 0.9905 0.1372 -0.0134
vn 0.9013 -0.4281 -0.0657
vn 0.9849 -0.1582 -0.0697
vn 0.9849 0.1583 -0.0697
vn 0.8845 0.4626 -0.0607
vn 0.8942 0.4461 -0.0362
vn 0.8949 0.4461 -0.0106
vn 0.8865 0.4626 0.0143
vn 0.9872 0.1583 0.0181
vn 0.9872 -0.1582 0.0181
vn 0.9035 -0.4281 0.0184
vn 0.8950 -0.4460 -0.0106
vn 0.8943 -0.4460 -0.0362
vn 0.7510 -0.5946 0.2871
vn 0.7522 0.5957 0.2816
vn -0.7350 -0.5946 0.3260
vn -0.7365 0.5957 0.3205
vn 0.7800 -0.6225 0.0641
vn 0.9650 -0.2479 0.0851
vn 0.9651 0.2477 0.0851
vn 0.7793 0.6216 0.0789
vn 0.3732 0.9197 0.1221
vn -0.3663 0.9197 0.1414
vn -0.7741 0.6216 0.1196
vn -0.9593 0.2477 0.1355
vn -0.9593 -0.2479 0.1355
vn -0.7756 -0.6225 0.1048
vn -0.3665 -0.9196 0.1414
vn 0.3734 -0.9196 0.1220
vn -0.2157 -0.9764 -0.0095
vn 0.2110 -0.9773 -0.0209
vn -0.2149 -0.9764 0.0207
vn 0.2118 -0.9773 0.0099
vn -0.5957 -0.8026 -0.0312
vn -0.2440 -0.9686 -0.0475
vn 0.2414 -0.9686 -0.0602
vn 0.6304 -0.7741 -0.0575
vn 0.6139 -0.7888 -0.0302
vn 0.6146 -0.7888 -0.0020
vn 0.6325 -0.7741 0.0244
vn 0.2442 -0.9686 0.0475
vn -0.2412 -0.9686 0.0602
vn -0.5933 -0.8026 0.0623
vn -0.6138 -0.7889 0.0302
vn -0.6145 -0.7889 0.0020
vn 0.2149 0.9764 -0.0207
vn -0.2118 0.9773 -0.0099
vn 0.2157 0.9764 0.0095
vn -0.2110 0.9773 0.0209
vn 0.5933 0.8026 -0.0623
vn 0.2412 0.9686 -0.0602
vn -0.2442 0.9686 -0.0475
vn -0.6325 0.7741 -0.0244
vn -0.6146 0.7888 0.0020
vn -0.6139 0.7888 0.0302
vn -0.6304 0.7741 0.0575
vn -0.2414 0.9686 0.0602
vn 0.2440 0.9686 0.0475
vn 0.5957 0.8026 0.0312
vn 0.6145 0.7889 -0.0020
vn 0.6138 0.7889 -0.0302
vt 0.437500 0.062500
vt 0.500000 0.125000
vt 0.437500 0.125000
vt 0.562500 0.062500
vt 0.500000 0.062500
vt 0.437500 0.187500
vt 0.562500 0.187500
vt 0.500000 0.187500
vt 0.375000 0.000000
vt 0.375000 0.062500
vt 0.437500 0.000000
vt 0.562500 0.000000
vt 0.500000 0.000000
vt 0.625000 0.000000
vt 0.625000 0.062500
vt 0.562500 0.125000
vt 0.625000 0.187500
vt 0.625000 0.250000
vt 0.562500 0.250000
vt 0.500000 0.250000
vt 0.437500 0.250000
vt 0.375000 0.250000
vt 0.375000 0.187500
vt 0.375000 0.125000
vt 0.500000 0.312500
vt 0.437500 0.375000
vt 0.437500 0.312500
vt 0.562500 0.375000
vt 0.500000 0.375000
vt 0.500000 0.437500
vt 0.437500 0.437500
vt 0.375000 0.312500
vt 0.562500 0.312500
vt 0.625000 0.312500
vt 0.625000 0.375000
vt 0.562500 0.437500
vt 0.625000 0.437500
vt 0.562500 0.500000
vt 0.500000 0.500000
vt 0.437500 0.500000
vt 0.375000 0.437500
vt 0.375000 0.500000
vt 0.375000 0.375000
vt 0.437500 0.562500
vt 0.500000 0.625000
vt 0.437500 0.625000
vt 0.562500 0.562500
vt 0.500000 0.562500
vt 0.437500 0.687500
vt 0.562500 0.687500
vt 0.500000 0.687500
vt 0.375000 0.562500
vt 0.625000 0.500000
vt 0.625000 0.562500
vt 0.562500 0.625000
vt 0.625000 0.687500
vt 0.625000 0.750000
vt 0.562500 0.750000
vt 0.500000 0.750000
vt 0.437500 0.750000
vt 0.375000 0.750000
vt 0.375000 0.687500
vt 0.375000 0.625000
vt 0.500000 0.812500
vt 0.437500 0.875000
vt 0.437500 0.812500
vt 0.562500 0.875000
vt 0.500000 0.875000
vt 0.500000 0.937500
vt 0.437500 0.937500
vt 0.375000 0.812500
vt 0.562500 0.812500
vt 0.625000 0.812500
vt 0.625000 0.875000
vt 0.562500 0.937500
vt 0.625000 0.937500
vt 0.562500 1.000000
vt 0.500000 1.000000
vt 0.437500 1.000000
vt 0.375000 0.937500
vt 0.375000 1.000000
vt 0.375000 0.875000
vt 0.187500 0.562500
vt 0.250000 0.625000
vt 0.187500 0.625000
vt 0.312500 0.562500
vt 0.250000 0.562500
vt 0.187500 0.687500
vt 0.312500 0.687500
vt 0.250000 0.687500
vt 0.125000 0.500000
vt 0.125000 0.562500
vt 0.187500 0.500000
vt 0.312500 0.500000
vt 0.250000 0.500000
vt 0.312500 0.625000
vt 0.312500 0.750000
vt 0.250000 0.750000
vt 0.187500 0.750000
vt 0.125000 0.750000
vt 0.125000 0.687500
vt 0.125000 0.625000
vt 0.687500 0.562500
vt 0.750000 0.625000
vt 0.687500 0.625000
vt 0.812500 0.562500
vt 0.750000 0.562500
vt 0.687500 0.687500
vt 0.812500 0.687500
vt 0.750000 0.687500
vt 0.687500 0.500000
vt 0.812500 0.500000
vt 0.750000 0.500000
vt 0.875000 0.500000
vt 0.875000 0.562500
vt 0.812500 0.625000
vt 0.875000 0.687500
vt 0.875000 0.750000
vt 0.812500 0.750000
vt 0.750000 0.750000
vt 0.687500 0.750000
vt 0.625000 0.625000
vt 0.625000 0.125000
vt 0.625000 1.000000
vt 0.875000 0.625000
s 0
usemtl HM_CabVent
f 2699/2984/5145 2703/2985/5145 2702/2986/5145
f 2701/2987/5146 2703/2985/5146 2700/2988/5146
f 2703/2985/5147 2705/2989/5147 2702/2986/5147
f 2703/2985/5148 2707/2990/5148 2706/2991/5148
f 2655/2992/5149 2699/2984/5149 2665/2993/5149
f 2666/2994/5150 2700/2988/5150 2699/2984/5150
f 2668/2995/5151 2700/2988/5151 2667/2996/5151
f 2656/2997/5152 2701/2987/5152 2668/2995/5152
f 2669/2998/5153 2704/2999/5153 2701/2987/5153
f 2704/2999/5154 2671/3000/5154 2707/2990/5154
f 2707/2990/5155 2658/3001/5155 2672/3002/5155
f 2706/2991/5156 2672/3002/5156 2673/3003/5156
f 2706/2991/5157 2674/3004/5157 2705/2989/5157
f 2705/2989/5158 2657/3005/5158 2663/3006/5158
f 2702/2986/5159 2663/3006/5159 2664/3007/5159
f 2665/2993/5160 2702/2986/5160 2664/3007/5160
f 2709/3008/5161 2711/3009/5161 2708/3010/5161
f 2709/3008/5162 2713/3011/5162 2712/3012/5162
f 2711/3009/5163 2715/3013/5163 2714/3014/5163
f 2713/3011/5164 2715/3013/5164 2712/3012/5164
f 2674/3004/5165 2677/3015/5165 2657/3005/5165
f 2673/3003/5166 2708/3010/5166 2674/3004/5166
f 2673/3003/5167 2710/3016/5167 2709/3008/5167
f 2672/3002/5168 2678/3017/5168 2710/3016/5168
f 2710/3016/5169 2679/3018/5169 2713/3011/5169
f 2679/3018/5170 2716/3019/5170 2713/3011/5170
f 2680/3020/5171 2681/3021/5171 2716/3019/5171
f 2716/3019/5172 2682/3022/5172 2715/3013/5172
f 2714/3014/5173 2682/3022/5173 2683/3023/5173
f 2675/3024/5174 2683/3023/5174 2661/3025/5174
f 2676/3026/5175 2714/3014/5175 2675/3024/5175
f 2708/3010/5176 2676/3026/5176 2677/3015/5176
f 2717/3027/5177 2721/3028/5177 2720/3029/5177
f 2719/3030/5178 2721/3028/5178 2718/3031/5178
f 2721/3028/5179 2723/3032/5179 2720/3029/5179
f 2721/3028/5180 2725/3033/5180 2724/3034/5180
f 2661/3025/5181 2717/3027/5181 2686/3035/5181
f 2683/3023/5182 2718/3031/5182 2717/3027/5182
f 2681/3021/5183 2718/3031/5183 2682/3022/5183
f 2662/3036/5184 2719/3030/5184 2681/3021/5184
f 2687/3037/5185 2722/3038/5185 2719/3030/5185
f 2722/3038/5186 2689/3039/5186 2725/3033/5186
f 2725/3033/5187 2660/3040/5187 2690/3041/5187
f 2724/3034/5188 2690/3041/5188 2691/3042/5188
f 2724/3034/5189 2692/3043/5189 2723/3032/5189
f 2723/3032/5190 2659/3044/5190 2684/3045/5190
f 2720/3029/5191 2684/3045/5191 2685/3046/5191
f 2686/3035/5192 2720/3029/5192 2685/3046/5192
f 2727/3047/5193 2729/3048/5193 2726/3049/5193
f 2727/3047/5194 2731/3050/5194 2730/3051/5194
f 2729/3048/5195 2733/3052/5195 2732/3053/5195
f 2731/3050/5196 2733/3052/5196 2730/3051/5196
f 2692/3043/5197 2695/3054/5197 2659/3044/5197
f 2691/3042/5198 2726/3049/5198 2692/3043/5198
f 2691/3042/5199 2728/3055/5199 2727/3047/5199
f 2690/3041/5200 2696/3056/5200 2728/3055/5200
f 2728/3055/5201 2697/3057/5201 2731/3050/5201
f 2697/3057/5202 2734/3058/5202 2731/3050/5202
f 2698/3059/5203 2668/3060/5203 2734/3058/5203
f 2734/3058/5204 2667/3061/5204 2733/3052/5204
f 2732/3053/5205 2667/3061/5205 2666/3062/5205
f 2693/3063/5206 2666/3062/5206 2655/3064/5206
f 2694/3065/5207 2732/3053/5207 2693/3063/5207
f 2726/3049/5208 2694/3065/5208 2695/3054/5208
f 2735/3066/5209 2739/3067/5209 2738/3068/5209
f 2737/3069/5210 2739/3067/5210 2736/3070/5210
f 2739/3067/5211 2741/3071/5211 2738/3068/5211
f 2739/3067/5212 2743/3072/5212 2742/3073/5212
f 2657/3074/5213 2735/3066/5213 2663/3075/5213
f 2677/3076/5214 2736/3070/5214 2735/3066/5214
f 2675/3077/5215 2736/3070/5215 2676/3078/5215
f 2661/3025/5216 2737/3069/5216 2675/3077/5216
f 2686/3035/5217 2740/3079/5217 2737/3069/5217
f 2740/3079/5218 2684/3045/5218 2743/3072/5218
f 2743/3072/5219 2659/3044/5219 2695/3080/5219
f 2742/3073/5220 2695/3080/5220 2694/3081/5220
f 2742/3073/5221 2693/3082/5221 2741/3071/5221
f 2741/3071/5222 2655/3083/5222 2665/3084/5222
f 2738/3068/5223 2665/3084/5223 2664/3085/5223
f 2663/3075/5224 2738/3068/5224 2664/3085/5224
f 2744/3086/5225 2748/3087/5225 2747/3088/5225
f 2746/3089/5226 2748/3087/5226 2745/3090/5226
f 2748/3087/5227 2750/3091/5227 2747/3088/5227
f 2748/3087/5228 2752/3092/5228 2751/3093/5228
f 2662/3036/5229 2744/3086/5229 2687/3037/5229
f 2680/3094/5230 2745/3090/5230 2744/3086/5230
f 2678/3095/5231 2745/3090/5231 2679/3096/5231
f 2658/3097/5232 2746/3089/5232 2678/3095/5232
f 2671/3098/5233 2749/3099/5233 2746/3089/5233
f 2749/3099/5234 2669/3100/5234 2752/3092/5234
f 2752/3092/5235 2656/3101/5235 2698/3102/5235
f 2751/3093/5236 2698/3102/5236 2697/3103/5236
f 2751/3093/5237 2696/3104/5237 2750/3091/5237
f 2750/3091/5238 2660/3040/5238 2689/3039/5238
f 2747/3088/5239 2689/3039/5239 2688/3105/5239
f 2687/3037/5240 2747/3088/5240 2688/3105/5240
f 2699/2984/5241 2700/2988/5241 2703/2985/5241
f 2701/2987/5242 2704/2999/5242 2703/2985/5242
f 2703/2985/5243 2706/2991/5243 2705/2989/5243
f 2703/2985/5244 2704/2999/5244 2707/2990/5244
f 2655/2992/5245 2666/2994/5245 2699/2984/5245
f 2666/2994/5246 2667/2996/5246 2700/2988/5246
f 2668/2995/5247 2701/2987/5247 2700/2988/5247
f 2656/2997/5248 2669/2998/5248 2701/2987/5248
f 2669/2998/5249 2670/3106/5249 2704/2999/5249
f 2704/2999/5250 2670/3106/5250 2671/3000/5250
f 2707/2990/5251 2671/3000/5251 2658/3001/5251
f 2706/2991/5252 2707/2990/5252 2672/3002/5252
f 2706/2991/5253 2673/3003/5253 2674/3004/5253
f 2705/2989/5254 2674/3004/5254 2657/3005/5254
f 2702/2986/5255 2705/2989/5255 2663/3006/5255
f 2665/2993/5256 2699/2984/5256 2702/2986/5256
f 2709/3008/5257 2712/3012/5257 2711/3009/5257
f 2709/3008/5258 2710/3016/5258 2713/3011/5258
f 2711/3009/5259 2712/3012/5259 2715/3013/5259
f 2713/3011/5260 2716/3019/5260 2715/3013/5260
f 2674/3004/5261 2708/3010/5261 2677/3015/5261
f 2673/3003/5262 2709/3008/5262 2708/3010/5262
f 2673/3003/5263 2672/3002/5263 2710/3016/5263
f 2672/3002/5264 2658/3001/5264 2678/3017/5264
f 2710/3016/5265 2678/3017/5265 2679/3018/5265
f 2679/3018/5266 2680/3020/5266 2716/3019/5266
f 2680/3020/5267 2662/3036/5267 2681/3021/5267
f 2716/3019/5268 2681/3021/5268 2682/3022/5268
f 2714/3014/5269 2715/3013/5269 2682/3022/5269
f 2675/3024/5270 2714/3014/5270 2683/3023/5270
f 2676/3026/5271 2711/3009/5271 2714/3014/5271
f 2708/3010/5272 2711/3009/5272 2676/3026/5272
f 2717/3027/5273 2718/3031/5273 2721/3028/5273
f 2719/3030/5274 2722/3038/5274 2721/3028/5274
f 2721/3028/5275 2724/3034/5275 2723/3032/5275
f 2721/3028/5276 2722/3038/5276 2725/3033/5276
f 2661/3025/5277 2683/3023/5277 2717/3027/5277
f 2683/3023/5278 2682/3022/5278 2718/3031/5278
f 2681/3021/5279 2719/3030/5279 2718/3031/5279
f 2662/3036/5280 2687/3037/5280 2719/3030/5280
f 2687/3037/5281 2688/3105/5281 2722/3038/5281
f 2722/3038/5282 2688/3105/5282 2689/3039/5282
f 2725/3033/5283 2689/3039/5283 2660/3040/5283
f 2724/3034/5284 2725/3033/5284 2690/3041/5284
f 2724/3034/5285 2691/3042/5285 2692/3043/5285
f 2723/3032/5286 2692/3043/5286 2659/3044/5286
f 2720/3029/5287 2723/3032/5287 2684/3045/5287
f 2686/3035/5288 2717/3027/5288 2720/3029/5288
f 2727/3047/5289 2730/3051/5289 2729/3048/5289
f 2727/3047/5290 2728/3055/5290 2731/3050/5290
f 2729/3048/5291 2730/3051/5291 2733/3052/5291
f 2731/3050/5292 2734/3058/5292 2733/3052/5292
f 2692/3043/5293 2726/3049/5293 2695/3054/5293
f 2691/3042/5294 2727/3047/5294 2726/3049/5294
f 2691/3042/5295 2690/3041/5295 2728/3055/5295
f 2690/3041/5296 2660/3040/5296 2696/3056/5296
f 2728/3055/5297 2696/3056/5297 2697/3057/5297
f 2697/3057/5298 2698/3059/5298 2734/3058/5298
f 2698/3059/5299 2656/3107/5299 2668/3060/5299
f 2734/3058/5300 2668/3060/5300 2667/3061/5300
f 2732/3053/5301 2733/3052/5301 2667/3061/5301
f 2693/3063/5302 2732/3053/5302 2666/3062/5302
f 2694/3065/5303 2729/3048/5303 2732/3053/5303
f 2726/3049/5304 2729/3048/5304 2694/3065/5304
f 2735/3066/5305 2736/3070/5305 2739/3067/5305
f 2737/3069/5306 2740/3079/5306 2739/3067/5306
f 2739/3067/5307 2742/3073/5307 2741/3071/5307
f 2739/3067/5308 2740/3079/5308 2743/3072/5308
f 2657/3074/5309 2677/3076/5309 2735/3066/5309
f 2677/3076/5310 2676/3078/5310 2736/3070/5310
f 2675/3077/5311 2737/3069/5311 2736/3070/5311
f 2661/3025/5312 2686/3035/5312 2737/3069/5312
f 2686/3035/5313 2685/3046/5313 2740/3079/5313
f 2740/3079/5314 2685/3046/5314 2684/3045/5314
f 2743/3072/5315 2684/3045/5315 2659/3044/5315
f 2742/3073/5316 2743/3072/5316 2695/3080/5316
f 2742/3073/5317 2694/3081/5317 2693/3082/5317
f 2741/3071/5318 2693/3082/5318 2655/3083/5318
f 2738/3068/5319 2741/3071/5319 2665/3084/5319
f 2663/3075/5320 2735/3066/5320 2738/3068/5320
f 2744/3086/5321 2745/3090/5321 2748/3087/5321
f 2746/3089/5322 2749/3099/5322 2748/3087/5322
f 2748/3087/5323 2751/3093/5323 2750/3091/5323
f 2748/3087/5324 2749/3099/5324 2752/3092/5324
f 2662/3036/5325 2680/3094/5325 2744/3086/5325
f 2680/3094/5326 2679/3096/5326 2745/3090/5326
f 2678/3095/5327 2746/3089/5327 2745/3090/5327
f 2658/3097/5328 2671/3098/5328 2746/3089/5328
f 2671/3098/5329 2670/3108/5329 2749/3099/5329
f 2749/3099/5330 2670/3108/5330 2669/3100/5330
f 2752/3092/5331 2669/3100/5331 2656/3101/5331
f 2751/3093/5332 2752/3092/5332 2698/3102/5332
f 2751/3093/5333 2697/3103/5333 2696/3104/5333
f 2750/3091/5334 2696/3104/5334 2660/3040/5334
f 2747/3088/5335 2750/3091/5335 2689/3039/5335
f 2687/3037/5336 2744/3086/5336 2747/3088/5336
o Cab_Vent_1
v 0.456676 0.460750 0.058066
v 0.456676 0.473250 0.058066
v 0.453012 0.460750 -0.081887
v 0.453012 0.473250 -0.081887
v 0.466673 0.460750 0.057804
v 0.466673 0.473250 0.057804
v 0.463008 0.460750 -0.082148
v 0.463008 0.473250 -0.082148
v 0.453028 0.459838 -0.053408
v 0.453749 0.459380 -0.011882
v 0.455202 0.459838 0.029625
v 0.456215 0.463292 0.068292
v 0.455983 0.467000 0.073428
v 0.456215 0.470708 0.068292
v 0.455202 0.474162 0.029625
v 0.453749 0.474620 -0.011882
v 0.453028 0.474162 -0.053408
v 0.452015 0.470708 -0.092075
v 0.451515 0.467000 -0.097192
v 0.452015 0.463292 -0.092075
v 0.460708 0.459838 -0.092302
v 0.457608 0.459380 -0.097352
v 0.454777 0.459838 -0.092147
v 0.454777 0.474162 -0.092147
v 0.457608 0.474620 -0.097352
v 0.460708 0.474162 -0.092302
v 0.463470 0.470708 -0.092374
v 0.463702 0.467000 -0.097511
v 0.463470 0.463292 -0.092374
v 0.466657 0.459838 0.029325
v 0.465936 0.459380 -0.012201
v 0.464483 0.459838 -0.053708
v 0.464483 0.474162 -0.053708
v 0.465936 0.474620 -0.012201
v 0.466657 0.474162 0.029325
v 0.467669 0.470708 0.067992
v 0.468170 0.467000 0.073109
v 0.467669 0.463292 0.067992
v 0.458977 0.459838 0.068219
v 0.462076 0.459380 0.073269
v 0.464908 0.459838 0.068064
v 0.464908 0.474162 0.068064
v 0.462076 0.474620 0.073269
v 0.458977 0.474162 0.068219
v 0.453714 0.463048 0.032396
v 0.453248 0.467000 0.034787
v 0.453714 0.470952 0.032396
v 0.452027 0.462836 -0.011837
v 0.451450 0.467000 -0.011822
v 0.452027 0.471164 -0.011837
v 0.451396 0.463048 -0.056097
v 0.450806 0.467000 -0.058460
v 0.451396 0.470952 -0.056097
v 0.454010 0.463048 -0.113982
v 0.453647 0.467000 -0.121373
v 0.454010 0.470952 -0.113982
v 0.456977 0.462836 -0.121460
v 0.456766 0.467000 -0.129532
v 0.456977 0.471164 -0.121460
v 0.460331 0.463048 -0.114148
v 0.460307 0.467000 -0.121547
v 0.460331 0.470952 -0.114148
v 0.465971 0.463048 -0.056479
v 0.466437 0.467000 -0.058870
v 0.465971 0.470952 -0.056479
v 0.467658 0.462836 -0.012246
v 0.468235 0.467000 -0.012261
v 0.467658 0.471164 -0.012246
v 0.468288 0.463048 0.032015
v 0.468879 0.467000 0.034378
v 0.468288 0.470952 0.032015
v 0.465674 0.463048 0.089899
v 0.466038 0.467000 0.097290
v 0.465674 0.470952 0.089899
v 0.462708 0.462836 0.097377
v 0.462919 0.467000 0.105449
v 0.462708 0.471164 0.097377
v 0.459353 0.463048 0.090065
v 0.459377 0.467000 0.097464
v 0.459353 0.470952 0.090065
v 0.455523 0.457888 -0.056205
v 0.458622 0.457227 -0.058665
v 0.461844 0.457888 -0.056371
v 0.456512 0.457227 -0.011954
v 0.459842 0.456506 -0.012041
v 0.463173 0.457227 -0.012129
v 0.457841 0.457888 0.032288
v 0.461063 0.457227 0.034582
v 0.464162 0.457888 0.032123
v 0.461844 0.476112 -0.056371
v 0.458622 0.476773 -0.058665
v 0.455523 0.476112 -0.056205
v 0.463173 0.476773 -0.012129
v 0.459842 0.477494 -0.012041
v 0.456512 0.476773 -0.011954
v 0.464162 0.476112 0.032123
v 0.461063 0.476773 0.034582
v 0.457841 0.476112 0.032288
vn -0.9898 -0.1372 0.0384
vn -0.9895 0.1397 0.0382
vn -0.9905 -0.1372 0.0134
vn -0.9901 0.1397 0.0137
vn -0.8845 -0.4626 0.0607
vn -0.9849 -0.1583 0.0697
vn -0.9849 0.1582 0.0697
vn -0.9013 0.4281 0.0657
vn -0.8943 0.4460 0.0362
vn -0.8950 0.4460 0.0106
vn -0.9035 0.4281 -0.0184
vn -0.9872 0.1582 -0.0181
vn -0.9872 -0.1583 -0.0181
vn -0.8865 -0.4626 -0.0143
vn -0.8949 -0.4461 0.0106
vn -0.8942 -0.4461 0.0362
vn -0.7522 -0.5957 -0.2816
vn -0.7510 0.5946 -0.2871
vn 0.7365 -0.5957 -0.3205
vn 0.7350 0.5946 -0.3260
vn -0.7793 -0.6216 -0.0789
vn -0.9651 -0.2477 -0.0851
vn -0.9650 0.2479 -0.0851
vn -0.7800 0.6225 -0.0641
vn -0.3734 0.9196 -0.1220
vn 0.3665 0.9196 -0.1414
vn 0.7756 0.6225 -0.1048
vn 0.9593 0.2479 -0.1355
vn 0.9593 -0.2477 -0.1355
vn 0.7741 -0.6216 -0.1196
vn 0.3663 -0.9197 -0.1414
vn -0.3732 -0.9197 -0.1221
vn 0.9898 -0.1372 -0.0384
vn 0.9895 0.1397 -0.0382
vn 0.9905 -0.1372 -0.0134
vn 0.9901 0.1397 -0.0137
vn 0.8845 -0.4626 -0.0607
vn 0.9849 -0.1583 -0.0697
vn 0.9849 0.1582 -0.0697
vn 0.9013 0.4281 -0.0657
vn 0.8943 0.4460 -0.0362
vn 0.8950 0.4460 -0.0106
vn 0.9035 0.4281 0.0184
vn 0.9872 0.1582 0.0181
vn 0.9872 -0.1583 0.0181
vn 0.8865 -0.4626 0.0143
vn 0.8949 -0.4461 -0.0106
vn 0.8942 -0.4461 -0.0362
vn 0.7522 -0.5957 0.2816
vn 0.7510 0.5946 0.2871
vn -0.7365 -0.5957 0.3205
vn -0.7350 0.5946 0.3260
vn 0.7793 -0.6216 0.0789
vn 0.9651 -0.2477 0.0851
vn 0.9650 0.2479 0.0851
vn 0.7800 0.6225 0.0641
vn 0.3734 0.9196 0.1220
vn -0.3665 0.9196 0.1414
vn -0.7756 0.6225 0.1048
vn -0.9593 0.2479 0.1355
vn -0.9593 -0.2477 0.1355
vn -0.7741 -0.6216 0.1196
vn -0.3663 -0.9197 0.1414
vn 0.3732 -0.9197 0.1221
vn -0.2118 -0.9773 -0.0099
vn 0.2149 -0.9764 -0.0207
vn -0.2110 -0.9773 0.0209
vn 0.2157 -0.9764 0.0095
vn -0.6325 -0.7741 -0.0244
vn -0.2442 -0.9686 -0.0475
vn 0.2412 -0.9686 -0.0602
vn 0.5933 -0.8026 -0.0623
vn 0.6138 -0.7889 -0.0302
vn 0.6145 -0.7889 -0.0020
vn 0.5957 -0.8026 0.0312
vn 0.2440 -0.9686 0.0475
vn -0.2414 -0.9686 0.0602
vn -0.6304 -0.7741 0.0575
vn -0.6139 -0.7888 0.0302
vn -0.6146 -0.7888 0.0020
vn 0.2110 0.9773 -0.0209
vn -0.2157 0.9764 -0.0095
vn 0.2118 0.9773 0.0099
vn -0.2149 0.9764 0.0207
vn 0.6304 0.7741 -0.0575
vn 0.2414 0.9686 -0.0602
vn -0.2440 0.9686 -0.0475
vn -0.5957 0.8026 -0.0312
vn -0.6145 0.7889 0.0020
vn -0.6138 0.7889 0.0302
vn -0.5933 0.8026 0.0623
vn -0.2412 0.9686 0.0602
vn 0.2442 0.9686 0.0475
vn 0.6325 0.7741 0.0244
vn 0.6146 0.7888 -0.0020
vn 0.6139 0.7888 -0.0302
vn -0.9895 -0.1397 0.0382
vn -0.9898 0.1372 0.0384
vn -0.9901 -0.1397 0.0137
vn -0.9905 0.1372 0.0134
vn -0.9013 -0.4281 0.0657
vn -0.9849 -0.1582 0.0697
vn -0.9849 0.1583 0.0697
vn -0.8845 0.4626 0.0607
vn -0.8942 0.4461 0.0362
vn -0.8949 0.4461 0.0106
vn -0.8865 0.4626 -0.0143
vn -0.9872 0.1583 -0.0181
vn -0.9872 -0.1582 -0.0181
vn -0.9035 -0.4281 -0.0184
vn -0.8950 -0.4460 0.0106
vn -0.8943 -0.4460 0.0362
vn -0.7510 -0.5946 -0.2871
vn -0.7522 0.5957 -0.2816
vn 0.7350 -0.5946 -0.3260
vn 0.7365 0.5957 -0.3205
vn -0.7800 -0.6225 -0.0641
vn -0.9650 -0.2479 -0.0851
vn -0.9651 0.2477 -0.0851
vn -0.7793 0.6216 -0.0789
vn -0.3732 0.9197 -0.1221
vn 0.3663 0.9197 -0.1414
vn 0.7741 0.6216 -0.1196
vn 0.9593 0.2477 -0.1355
vn 0.9593 -0.2479 -0.1355
vn 0.7756 -0.6225 -0.1048
vn 0.3665 -0.9196 -0.1414
vn -0.3734 -0.9196 -0.1220
vn 0.9895 -0.1397 -0.0382
vn 0.9898 0.1372 -0.0384
vn 0.9901 -0.1397 -0.0137
vn 0.9905 0.1372 -0.0134
vn 0.9013 -0.4281 -0.0657
vn 0.9849 -0.1582 -0.0697
vn 0.9849 0.1583 -0.0697
vn 0.8845 0.4626 -0.0607
vn 0.8942 0.4461 -0.0362
vn 0.8949 0.4461 -0.0106
vn 0.8865 0.4626 0.0143
vn 0.9872 0.1583 0.0181
vn 0.9872 -0.1582 0.0181
vn 0.9035 -0.4281 0.0184
vn 0.8950 -0.4460 -0.0106
vn 0.8943 -0.4460 -0.0362
vn 0.7510 -0.5946 0.2871
vn 0.7522 0.5957 0.2816
vn -0.7350 -0.5946 0.3260
vn -0.7365 0.5957 0.3205
vn 0.7800 -0.6225 0.0641
vn 0.9650 -0.2479 0.0851
vn 0.9651 0.2477 0.0851
vn 0.7793 0.6216 0.0789
vn 0.3732 0.9197 0.1221
vn -0.3663 0.9197 0.1414
vn -0.7741 0.6216 0.1196
vn -0.9593 0.2477 0.1355
vn -0.9593 -0.2479 0.1355
vn -0.7756 -0.6225 0.1048
vn -0.3665 -0.9196 0.1414
vn 0.3734 -0.9196 0.1220
vn -0.2157 -0.9764 -0.0095
vn 0.2110 -0.9773 -0.0209
vn -0.2149 -0.9764 0.0207
vn 0.2118 -0.9773 0.0099
vn -0.5957 -0.8026 -0.0312
vn -0.2440 -0.9686 -0.0475
vn 0.2414 -0.9686 -0.0602
vn 0.6304 -0.7741 -0.0575
vn 0.6139 -0.7888 -0.0302
vn 0.6146 -0.7888 -0.0020
vn 0.6325 -0.7741 0.0244
vn 0.2442 -0.9686 0.0475
vn -0.2412 -0.9686 0.0602
vn -0.5933 -0.8026 0.0623
vn -0.6138 -0.7889 0.0302
vn -0.6145 -0.7889 0.0020
vn 0.2149 0.9764 -0.0207
vn -0.2118 0.9773 -0.0099
vn 0.2157 0.9764 0.0095
vn -0.2110 0.9773 0.0209
vn 0.5933 0.8026 -0.0623
vn 0.2412 0.9686 -0.0602
vn -0.2442 0.9686 -0.0475
vn -0.6325 0.7741 -0.0244
vn -0.6146 0.7888 0.0020
vn -0.6139 0.7888 0.0302
vn -0.6304 0.7741 0.0575
vn -0.2414 0.9686 0.0602
vn 0.2440 0.9686 0.0475
vn 0.5957 0.8026 0.0312
vn 0.6145 0.7889 -0.0020
vn 0.6138 0.7889 -0.0302
vt 0.437500 0.062500
vt 0.500000 0.125000
vt 0.437500 0.125000
vt 0.562500 0.062500
vt 0.500000 0.062500
vt 0.437500 0.187500
vt 0.562500 0.187500
vt 0.500000 0.187500
vt 0.375000 0.000000
vt 0.375000 0.062500
vt 0.437500 0.000000
vt 0.562500 0.000000
vt 0.500000 0.000000
vt 0.625000 0.000000
vt 0.625000 0.062500
vt 0.562500 0.125000
vt 0.625000 0.187500
vt 0.625000 0.250000
vt 0.562500 0.250000
vt 0.500000 0.250000
vt 0.437500 0.250000
vt 0.375000 0.250000
vt 0.375000 0.187500
vt 0.375000 0.125000
vt 0.500000 0.312500
vt 0.437500 0.375000
vt 0.437500 0.312500
vt 0.562500 0.375000
vt 0.500000 0.375000
vt 0.500000 0.437500
vt 0.437500 0.437500
vt 0.375000 0.312500
vt 0.562500 0.312500
vt 0.625000 0.312500
vt 0.625000 0.375000
vt 0.562500 0.437500
vt 0.625000 0.437500
vt 0.562500 0.500000
vt 0.500000 0.500000
vt 0.437500 0.500000
vt 0.375000 0.437500
vt 0.375000 0.500000
vt 0.375000 0.375000
vt 0.437500 0.562500
vt 0.500000 0.625000
vt 0.437500 0.625000
vt 0.562500 0.562500
vt 0.500000 0.562500
vt 0.437500 0.687500
vt 0.562500 0.687500
vt 0.500000 0.687500
vt 0.375000 0.562500
vt 0.625000 0.500000
vt 0.625000 0.562500
vt 0.562500 0.625000
vt 0.625000 0.687500
vt 0.625000 0.750000
vt 0.562500 0.750000
vt 0.500000 0.750000
vt 0.437500 0.750000
vt 0.375000 0.750000
vt 0.375000 0.687500
vt 0.375000 0.625000
vt 0.500000 0.812500
vt 0.437500 0.875000
vt 0.437500 0.812500
vt 0.562500 0.875000
vt 0.500000 0.875000
vt 0.500000 0.937500
vt 0.437500 0.937500
vt 0.375000 0.812500
vt 0.562500 0.812500
vt 0.625000 0.812500
vt 0.625000 0.875000
vt 0.562500 0.937500
vt 0.625000 0.937500
vt 0.562500 1.000000
vt 0.500000 1.000000
vt 0.437500 1.000000
vt 0.375000 0.937500
vt 0.375000 1.000000
vt 0.375000 0.875000
vt 0.187500 0.562500
vt 0.250000 0.625000
vt 0.187500 0.625000
vt 0.312500 0.562500
vt 0.250000 0.562500
vt 0.187500 0.687500
vt 0.312500 0.687500
vt 0.250000 0.687500
vt 0.125000 0.500000
vt 0.125000 0.562500
vt 0.187500 0.500000
vt 0.312500 0.500000
vt 0.250000 0.500000
vt 0.312500 0.625000
vt 0.312500 0.750000
vt 0.250000 0.750000
vt 0.187500 0.750000
vt 0.125000 0.750000
vt 0.125000 0.687500
vt 0.125000 0.625000
vt 0.687500 0.562500
vt 0.750000 0.625000
vt 0.687500 0.625000
vt 0.812500 0.562500
vt 0.750000 0.562500
vt 0.687500 0.687500
vt 0.812500 0.687500
vt 0.750000 0.687500
vt 0.687500 0.500000
vt 0.812500 0.500000
vt 0.750000 0.500000
vt 0.875000 0.500000
vt 0.875000 0.562500
vt 0.812500 0.625000
vt 0.875000 0.687500
vt 0.875000 0.750000
vt 0.812500 0.750000
vt 0.750000 0.750000
vt 0.687500 0.750000
vt 0.625000 0.625000
vt 0.625000 0.125000
vt 0.625000 1.000000
vt 0.875000 0.625000
s 0
usemtl HM_CabVent
f 2797/3109/5337 2801/3110/5337 2800/3111/5337
f 2799/3112/5338 2801/3110/5338 2798/3113/5338
f 2801/3110/5339 2803/3114/5339 2800/3111/5339
f 2801/3110/5340 2805/3115/5340 2804/3116/5340
f 2753/3117/5341 2797/3109/5341 2763/3118/5341
f 2764/3119/5342 2798/3113/5342 2797/3109/5342
f 2766/3120/5343 2798/3113/5343 2765/3121/5343
f 2754/3122/5344 2799/3112/5344 2766/3120/5344
f 2767/3123/5345 2802/3124/5345 2799/3112/5345
f 2802/3124/5346 2769/3125/5346 2805/3115/5346
f 2805/3115/5347 2756/3126/5347 2770/3127/5347
f 2804/3116/5348 2770/3127/5348 2771/3128/5348
f 2804/3116/5349 2772/3129/5349 2803/3114/5349
f 2803/3114/5350 2755/3130/5350 2761/3131/5350
f 2800/3111/5351 2761/3131/5351 2762/3132/5351
f 2763/3118/5352 2800/3111/5352 2762/3132/5352
f 2807/3133/5353 2809/3134/5353 2806/3135/5353
f 2807/3133/5354 2811/3136/5354 2810/3137/5354
f 2809/3134/5355 2813/3138/5355 2812/3139/5355
f 2811/3136/5356 2813/3138/5356 2810/3137/5356
f 2772/3129/5357 2775/3140/5357 2755/3130/5357
f 2771/3128/5358 2806/3135/5358 2772/3129/5358
f 2771/3128/5359 2808/3141/5359 2807/3133/5359
f 2770/3127/5360 2776/3142/5360 2808/3141/5360
f 2808/3141/5361 2777/3143/5361 2811/3136/5361
f 2777/3143/5362 2814/3144/5362 2811/3136/5362
f 2778/3145/5363 2779/3146/5363 2814/3144/5363
f 2814/3144/5364 2780/3147/5364 2813/3138/5364
f 2812/3139/5365 2780/3147/5365 2781/3148/5365
f 2773/3149/5366 2781/3148/5366 2759/3150/5366
f 2774/3151/5367 2812/3139/5367 2773/3149/5367
f 2806/3135/5368 2774/3151/5368 2775/3140/5368
f 2815/3152/5369 2819/3153/5369 2818/3154/5369
f 2817/3155/5370 2819/3153/5370 2816/3156/5370
f 2819/3153/5371 2821/3157/5371 2818/3154/5371
f 2819/3153/5372 2823/3158/5372 2822/3159/5372
f 2759/3150/5373 2815/3152/5373 2784/3160/5373
f 2781/3148/5374 2816/3156/5374 2815/3152/5374
f 2779/3146/5375 2816/3156/5375 2780/3147/5375
f 2760/3161/5376 2817/3155/5376 2779/3146/5376
f 2785/3162/5377 2820/3163/5377 2817/3155/5377
f 2820/3163/5378 2787/3164/5378 2823/3158/5378
f 2823/3158/5379 2758/3165/5379 2788/3166/5379
f 2822/3159/5380 2788/3166/5380 2789/3167/5380
f 2822/3159/5381 2790/3168/5381 2821/3157/5381
f 2821/3157/5382 2757/3169/5382 2782/3170/5382
f 2818/3154/5383 2782/3170/5383 2783/3171/5383
f 2784/3160/5384 2818/3154/5384 2783/3171/5384
f 2825/3172/5385 2827/3173/5385 2824/3174/5385
f 2825/3172/5386 2829/3175/5386 2828/3176/5386
f 2827/3173/5387 2831/3177/5387 2830/3178/5387
f 2829/3175/5388 2831/3177/5388 2828/3176/5388
f 2790/3168/5389 2793/3179/5389 2757/3169/5389
f 2789/3167/5390 2824/3174/5390 2790/3168/5390
f 2789/3167/5391 2826/3180/5391 2825/3172/5391
f 2788/3166/5392 2794/3181/5392 2826/3180/5392
f 2826/3180/5393 2795/3182/5393 2829/3175/5393
f 2795/3182/5394 2832/3183/5394 2829/3175/5394
f 2796/3184/5395 2766/3185/5395 2832/3183/5395
f 2832/3183/5396 2765/3186/5396 2831/3177/5396
f 2830/3178/5397 2765/3186/5397 2764/3187/5397
f 2791/3188/5398 2764/3187/5398 2753/3189/5398
f 2792/3190/5399 2830/3178/5399 2791/3188/5399
f 2824/3174/5400 2792/3190/5400 2793/3179/5400
f 2833/3191/5401 2837/3192/5401 2836/3193/5401
f 2835/3194/5402 2837/3192/5402 2834/3195/5402
f 2837/3192/5403 2839/3196/5403 2836/3193/5403
f 2837/3192/5404 2841/3197/5404 2840/3198/5404
f 2755/3199/5405 2833/3191/5405 2761/3200/5405
f 2775/3201/5406 2834/3195/5406 2833/3191/5406
f 2773/3202/5407 2834/3195/5407 2774/3203/5407
f 2759/3150/5408 2835/3194/5408 2773/3202/5408
f 2784/3160/5409 2838/3204/5409 2835/3194/5409
f 2838/3204/5410 2782/3170/5410 2841/3197/5410
f 2841/3197/5411 2757/3169/5411 2793/3205/5411
f 2840/3198/5412 2793/3205/5412 2792/3206/5412
f 2840/3198/5413 2791/3207/5413 2839/3196/5413
f 2839/3196/5414 2753/3208/5414 2763/3209/5414
f 2836/3193/5415 2763/3209/5415 2762/3210/5415
f 2761/3200/5416 2836/3193/5416 2762/3210/5416
f 2842/3211/5417 2846/3212/5417 2845/3213/5417
f 2844/3214/5418 2846/3212/5418 2843/3215/5418
f 2846/3212/5419 2848/3216/5419 2845/3213/5419
f 2846/3212/5420 2850/3217/5420 2849/3218/5420
f 2760/3161/5421 2842/3211/5421 2785/3162/5421
f 2778/3219/5422 2843/3215/5422 2842/3211/5422
f 2776/3220/5423 2843/3215/5423 2777/3221/5423
f 2756/3222/5424 2844/3214/5424 2776/3220/5424
f 2769/3223/5425 2847/3224/5425 2844/3214/5425
f 2847/3224/5426 2767/3225/5426 2850/3217/5426
f 2850/3217/5427 2754/3226/5427 2796/3227/5427
f 2849/3218/5428 2796/3227/5428 2795/3228/5428
f 2849/3218/5429 2794/3229/5429 2848/3216/5429
f 2848/3216/5430 2758/3165/5430 2787/3164/5430
f 2845/3213/5431 2787/3164/5431 2786/3230/5431
f 2785/3162/5432 2845/3213/5432 2786/3230/5432
f 2797/3109/5433 2798/3113/5433 2801/3110/5433
f 2799/3112/5434 2802/3124/5434 2801/3110/5434
f 2801/3110/5435 2804/3116/5435 2803/3114/5435
f 2801/3110/5436 2802/3124/5436 2805/3115/5436
f 2753/3117/5437 2764/3119/5437 2797/3109/5437
f 2764/3119/5438 2765/3121/5438 2798/3113/5438
f 2766/3120/5439 2799/3112/5439 2798/3113/5439
f 2754/3122/5440 2767/3123/5440 2799/3112/5440
f 2767/3123/5441 2768/3231/5441 2802/3124/5441
f 2802/3124/5442 2768/3231/5442 2769/3125/5442
f 2805/3115/5443 2769/3125/5443 2756/3126/5443
f 2804/3116/5444 2805/3115/5444 2770/3127/5444
f 2804/3116/5445 2771/3128/5445 2772/3129/5445
f 2803/3114/5446 2772/3129/5446 2755/3130/5446
f 2800/3111/5447 2803/3114/5447 2761/3131/5447
f 2763/3118/5448 2797/3109/5448 2800/3111/5448
f 2807/3133/5449 2810/3137/5449 2809/3134/5449
f 2807/3133/5450 2808/3141/5450 2811/3136/5450
f 2809/3134/5451 2810/3137/5451 2813/3138/5451
f 2811/3136/5452 2814/3144/5452 2813/3138/5452
f 2772/3129/5453 2806/3135/5453 2775/3140/5453
f 2771/3128/5454 2807/3133/5454 2806/3135/5454
f 2771/3128/5455 2770/3127/5455 2808/3141/5455
f 2770/3127/5456 2756/3126/5456 2776/3142/5456
f 2808/3141/5457 2776/3142/5457 2777/3143/5457
f 2777/3143/5458 2778/3145/5458 2814/3144/5458
f 2778/3145/5459 2760/3161/5459 2779/3146/5459
f 2814/3144/5460 2779/3146/5460 2780/3147/5460
f 2812/3139/5461 2813/3138/5461 2780/3147/5461
f 2773/3149/5462 2812/3139/5462 2781/3148/5462
f 2774/3151/5463 2809/3134/5463 2812/3139/5463
f 2806/3135/5464 2809/3134/5464 2774/3151/5464
f 2815/3152/5465 2816/3156/5465 2819/3153/5465
f 2817/3155/5466 2820/3163/5466 2819/3153/5466
f 2819/3153/5467 2822/3159/5467 2821/3157/5467
f 2819/3153/5468 2820/3163/5468 2823/3158/5468
f 2759/3150/5469 2781/3148/5469 2815/3152/5469
f 2781/3148/5470 2780/3147/5470 2816/3156/5470
f 2779/3146/5471 2817/3155/5471 2816/3156/5471
f 2760/3161/5472 2785/3162/5472 2817/3155/5472
f 2785/3162/5473 2786/3230/5473 2820/3163/5473
f 2820/3163/5474 2786/3230/5474 2787/3164/5474
f 2823/3158/5475 2787/3164/5475 2758/3165/5475
f 2822/3159/5476 2823/3158/5476 2788/3166/5476
f 2822/3159/5477 2789/3167/5477 2790/3168/5477
f 2821/3157/5478 2790/3168/5478 2757/3169/5478
f 2818/3154/5479 2821/3157/5479 2782/3170/5479
f 2784/3160/5480 2815/3152/5480 2818/3154/5480
f 2825/3172/5481 2828/3176/5481 2827/3173/5481
f 2825/3172/5482 2826/3180/5482 2829/3175/5482
f 2827/3173/5483 2828/3176/5483 2831/3177/5483
f 2829/3175/5484 2832/3183/5484 2831/3177/5484
f 2790/3168/5485 2824/3174/5485 2793/3179/5485
f 2789/3167/5486 2825/3172/5486 2824/3174/5486
f 2789/3167/5487 2788/3166/5487 2826/3180/5487
f 2788/3166/5488 2758/3165/5488 2794/3181/5488
f 2826/3180/5489 2794/3181/5489 2795/3182/5489
f 2795/3182/5490 2796/3184/5490 2832/3183/5490
f 2796/3184/5491 2754/3232/5491 2766/3185/5491
f 2832/3183/5492 2766/3185/5492 2765/3186/5492
f 2830/3178/5493 2831/3177/5493 2765/3186/5493
f 2791/3188/5494 2830/3178/5494 2764/3187/5494
f 2792/3190/5495 2827/3173/5495 2830/3178/5495
f 2824/3174/5496 2827/3173/5496 2792/3190/5496
f 2833/3191/5497 2834/3195/5497 2837/3192/5497
f 2835/3194/5498 2838/3204/5498 2837/3192/5498
f 2837/3192/5499 2840/3198/5499 2839/3196/5499
f 2837/3192/5500 2838/3204/5500 2841/3197/5500
f 2755/3199/5501 2775/3201/5501 2833/3191/5501
f 2775/3201/5502 2774/3203/5502 2834/3195/5502
f 2773/3202/5503 2835/3194/5503 2834/3195/5503
f 2759/3150/5504 2784/3160/5504 2835/3194/5504
f 2784/3160/5505 2783/3171/5505 2838/3204/5505
f 2838/3204/5506 2783/3171/5506 2782/3170/5506
f 2841/3197/5507 2782/3170/5507 2757/3169/5507
f 2840/3198/5508 2841/3197/5508 2793/3205/5508
f 2840/3198/5509 2792/3206/5509 2791/3207/5509
f 2839/3196/5510 2791/3207/5510 2753/3208/5510
f 2836/3193/5511 2839/3196/5511 2763/3209/5511
f 2761/3200/5512 2833/3191/5512 2836/3193/5512
f 2842/3211/5513 2843/3215/5513 2846/3212/5513
f 2844/3214/5514 2847/3224/5514 2846/3212/5514
f 2846/3212/5515 2849/3218/5515 2848/3216/5515
f 2846/3212/5516 2847/3224/5516 2850/3217/5516
f 2760/3161/5517 2778/3219/5517 2842/3211/5517
f 2778/3219/5518 2777/3221/5518 2843/3215/5518
f 2776/3220/5519 2844/3214/5519 2843/3215/5519
f 2756/3222/5520 2769/3223/5520 2844/3214/5520
f 2769/3223/5521 2768/3233/5521 2847/3224/5521
f 2847/3224/5522 2768/3233/5522 2767/3225/5522
f 2850/3217/5523 2767/3225/5523 2754/3226/5523
f 2849/3218/5524 2850/3217/5524 2796/3227/5524
f 2849/3218/5525 2795/3228/5525 2794/3229/5525
f 2848/3216/5526 2794/3229/5526 2758/3165/5526
f 2845/3213/5527 2848/3216/5527 2787/3164/5527
f 2785/3162/5528 2842/3211/5528 2845/3213/5528
o Cab_Vent_2
v 0.456676 0.580750 0.058066
v 0.456676 0.593250 0.058066
v 0.453012 0.580750 -0.081887
v 0.453012 0.593250 -0.081887
v 0.466673 0.580750 0.057804
v 0.466673 0.593250 0.057804
v 0.463008 0.580750 -0.082148
v 0.463008 0.593250 -0.082148
v 0.453028 0.579838 -0.053408
v 0.453749 0.579380 -0.011882
v 0.455202 0.579838 0.029625
v 0.456215 0.583292 0.068292
v 0.455983 0.587000 0.073428
v 0.456215 0.590708 0.068292
v 0.455202 0.594162 0.029625
v 0.453749 0.594620 -0.011882
v 0.453028 0.594162 -0.053408
v 0.452015 0.590708 -0.092075
v 0.451515 0.587000 -0.097192
v 0.452015 0.583292 -0.092075
v 0.460708 0.579838 -0.092302
v 0.457608 0.579380 -0.097352
v 0.454777 0.579838 -0.092147
v 0.454777 0.594162 -0.092147
v 0.457608 0.594620 -0.097352
v 0.460708 0.594162 -0.092302
v 0.463470 0.590708 -0.092374
v 0.463702 0.587000 -0.097511
v 0.463470 0.583292 -0.092374
v 0.466657 0.579838 0.029325
v 0.465936 0.579380 -0.012201
v 0.464483 0.579838 -0.053708
v 0.464483 0.594162 -0.053708
v 0.465936 0.594620 -0.012201
v 0.466657 0.594162 0.029325
v 0.467669 0.590708 0.067992
v 0.468170 0.587000 0.073109
v 0.467669 0.583292 0.067992
v 0.458977 0.579838 0.068219
v 0.462076 0.579380 0.073269
v 0.464908 0.579838 0.068064
v 0.464908 0.594162 0.068064
v 0.462076 0.594620 0.073269
v 0.458977 0.594162 0.068219
v 0.453714 0.583048 0.032396
v 0.453248 0.587000 0.034787
v 0.453714 0.590952 0.032396
v 0.452027 0.582836 -0.011837
v 0.451450 0.587000 -0.011822
v 0.452027 0.591164 -0.011837
v 0.451396 0.583048 -0.056097
v 0.450806 0.587000 -0.058460
v 0.451396 0.590952 -0.056097
v 0.454010 0.583048 -0.113982
v 0.453647 0.587000 -0.121373
v 0.454010 0.590952 -0.113982
v 0.456977 0.582836 -0.121460
v 0.456766 0.587000 -0.129532
v 0.456977 0.591164 -0.121460
v 0.460331 0.583048 -0.114148
v 0.460307 0.587000 -0.121547
v 0.460331 0.590952 -0.114148
v 0.465971 0.583048 -0.056479
v 0.466437 0.587000 -0.058870
v 0.465971 0.590952 -0.056479
v 0.467658 0.582836 -0.012246
v 0.468235 0.587000 -0.012261
v 0.467658 0.591164 -0.012246
v 0.468288 0.583048 0.032015
v 0.468879 0.587000 0.034378
v 0.468288 0.590952 0.032015
v 0.465674 0.583048 0.089899
v 0.466038 0.587000 0.097290
v 0.465674 0.590952 0.089899
v 0.462708 0.582836 0.097377
v 0.462919 0.587000 0.105449
v 0.462708 0.591164 0.097377
v 0.459353 0.583048 0.090065
v 0.459377 0.587000 0.097464
v 0.459353 0.590952 0.090065
v 0.455523 0.577888 -0.056205
v 0.458622 0.577227 -0.058665
v 0.461844 0.577888 -0.056371
v 0.456512 0.577227 -0.011954
v 0.459842 0.576506 -0.012041
v 0.463173 0.577227 -0.012129
v 0.457841 0.577888 0.032288
v 0.461063 0.577227 0.034582
v 0.464162 0.577888 0.032123
v 0.461844 0.596112 -0.056371
v 0.458622 0.596773 -0.058665
v 0.455523 0.596112 -0.056205
v 0.463173 0.596773 -0.012129
v 0.459842 0.597494 -0.012041
v 0.456512 0.596773 -0.011954
v 0.464162 0.596112 0.032123
v 0.461063 0.596773 0.034582
v 0.457841 0.596112 0.032288
vn -0.9898 -0.1372 0.0384
vn -0.9895 0.1397 0.0382
vn -0.9905 -0.1372 0.0134
vn -0.9901 0.1397 0.0137
vn -0.8845 -0.4626 0.0607
vn -0.9849 -0.1583 0.0697
vn -0.9849 0.1582 0.0697
vn -0.9013 0.4281 0.0657
vn -0.8943 0.4460 0.0362
vn -0.8950 0.4460 0.0106
vn -0.9035 0.4281 -0.0184
vn -0.9872 0.1582 -0.0181
vn -0.9872 -0.1583 -0.0181
vn -0.8865 -0.4626 -0.0143
vn -0.8949 -0.4461 0.0106
vn -0.8942 -0.4461 0.0362
vn -0.7522 -0.5957 -0.2816
vn -0.7510 0.5946 -0.2871
vn 0.7365 -0.5957 -0.3205
vn 0.7350 0.5946 -0.3260
vn -0.7793 -0.6216 -0.0789
vn -0.9651 -0.2477 -0.0851
vn -0.9650 0.2479 -0.0851
vn -0.7800 0.6225 -0.0641
vn -0.3734 0.9196 -0.1220
vn 0.3665 0.9196 -0.1414
vn 0.7756 0.6225 -0.1048
vn 0.9593 0.2479 -0.1355
vn 0.9593 -0.2477 -0.1355
vn 0.7741 -0.6216 -0.1196
vn 0.3663 -0.9197 -0.1414
vn -0.3732 -0.9197 -0.1221
vn 0.9898 -0.1372 -0.0384
vn 0.9895 0.1397 -0.0382
vn 0.9905 -0.1372 -0.0134
vn 0.9901 0.1397 -0.0137
vn 0.8845 -0.4626 -0.0607
vn 0.9849 -0.1583 -0.0697
vn 0.9849 0.1582 -0.0697
vn 0.9013 0.4281 -0.0657
vn 0.8943 0.4460 -0.0362
vn 0.8950 0.4460 -0.0106
vn 0.9035 0.4281 0.0184
vn 0.9872 0.1582 0.0181
vn 0.9872 -0.1583 0.0181
vn 0.8865 -0.4626 0.0143
vn 0.8949 -0.4461 -0.0106
vn 0.8942 -0.4461 -0.0362
vn 0.7522 -0.5957 0.2816
vn 0.7510 0.5946 0.2871
vn -0.7365 -0.5957 0.3205
vn -0.7350 0.5946 0.3260
vn 0.7793 -0.6216 0.0789
vn 0.9651 -0.2477 0.0851
vn 0.9650 0.2479 0.0851
vn 0.7800 0.6225 0.0641
vn 0.3734 0.9196 0.1220
vn -0.3665 0.9196 0.1414
vn -0.7756 0.6225 0.1048
vn -0.9593 0.2479 0.1355
vn -0.9593 -0.2477 0.1355
vn -0.7741 -0.6216 0.1196
vn -0.3663 -0.9197 0.1414
vn 0.3732 -0.9197 0.1221
vn -0.2118 -0.9773 -0.0099
vn 0.2149 -0.9764 -0.0207
vn -0.2110 -0.9773 0.0209
vn 0.2157 -0.9764 0.0095
vn -0.6325 -0.7741 -0.0244
vn -0.2442 -0.9686 -0.0475
vn 0.2412 -0.9686 -0.0602
vn 0.5933 -0.8026 -0.0623
vn 0.6138 -0.7889 -0.0302
vn 0.6145 -0.7889 -0.0020
vn 0.5957 -0.8026 0.0312
vn 0.2440 -0.9686 0.0475
vn -0.2414 -0.9686 0.0602
vn -0.6304 -0.7741 0.0575
vn -0.6139 -0.7888 0.0302
vn -0.6146 -0.7888 0.0020
vn 0.2110 0.9773 -0.0209
vn -0.2157 0.9764 -0.0095
vn 0.2118 0.9773 0.0099
vn -0.2149 0.9764 0.0207
vn 0.6304 0.7741 -0.0575
vn 0.2414 0.9686 -0.0602
vn -0.2440 0.9686 -0.0475
vn -0.5957 0.8026 -0.0312
vn -0.6145 0.7889 0.0020
vn -0.6138 0.7889 0.0302
vn -0.5933 0.8026 0.0623
vn -0.2412 0.9686 0.0602
vn 0.2442 0.9686 0.0475
vn 0.6325 0.7741 0.0244
vn 0.6146 0.7888 -0.0020
vn 0.6139 0.7888 -0.0302
vn -0.9895 -0.1397 0.0382
vn -0.9898 0.1372 0.0384
vn -0.9901 -0.1397 0.0137
vn -0.9905 0.1372 0.0134
vn -0.9013 -0.4281 0.0657
vn -0.9849 -0.1582 0.0697
vn -0.9849 0.1583 0.0697
vn -0.8845 0.4626 0.0607
vn -0.8942 0.4461 0.0362
vn -0.8949 0.4461 0.0106
vn -0.8865 0.4626 -0.0143
vn -0.9872 0.1583 -0.0181
vn -0.9872 -0.1582 -0.0181
vn -0.9035 -0.4281 -0.0184
vn -0.8950 -0.4460 0.0106
vn -0.8943 -0.4460 0.0362
vn -0.7510 -0.5946 -0.2871
vn -0.7522 0.5957 -0.2816
vn 0.7350 -0.5946 -0.3260
vn 0.7365 0.5957 -0.3205
vn -0.7800 -0.6225 -0.0641
vn -0.9650 -0.2479 -0.0851
vn -0.9651 0.2477 -0.0851
vn -0.7793 0.6216 -0.0789
vn -0.3732 0.9197 -0.1221
vn 0.3663 0.9197 -0.1414
vn 0.7741 0.6216 -0.1196
vn 0.9593 0.2477 -0.1355
vn 0.9593 -0.2479 -0.1355
vn 0.7756 -0.6225 -0.1048
vn 0.3665 -0.9196 -0.1414
vn -0.3734 -0.9196 -0.1220
vn 0.9895 -0.1397 -0.0382
vn 0.9898 0.1372 -0.0384
vn 0.9901 -0.1397 -0.0137
vn 0.9905 0.1372 -0.0134
vn 0.9013 -0.4281 -0.0657
vn 0.9849 -0.1582 -0.0697
vn 0.9849 0.1583 -0.0697
vn 0.8845 0.4626 -0.0607
vn 0.8942 0.4461 -0.0362
vn 0.8949 0.4461 -0.0106
vn 0.8865 0.4626 0.0143
vn 0.9872 0.1583 0.0181
vn 0.9872 -0.1582 0.0181
vn 0.9035 -0.4281 0.0184
vn 0.8950 -0.4460 -0.0106
vn 0.8943 -0.4460 -0.0362
vn 0.7510 -0.5946 0.2871
vn 0.7522 0.5957 0.2816
vn -0.7350 -0.5946 0.3260
vn -0.7365 0.5957 0.3205
vn 0.7800 -0.6225 0.0641
vn 0.9650 -0.2479 0.0851
vn 0.9651 0.2477 0.0851
vn 0.7793 0.6216 0.0789
vn 0.3732 0.9197 0.1221
vn -0.3663 0.9197 0.1414
vn -0.7741 0.6216 0.1196
vn -0.9593 0.2477 0.1355
vn -0.9593 -0.2479 0.1355
vn -0.7756 -0.6225 0.1048
vn -0.3665 -0.9196 0.1414
vn 0.3734 -0.9196 0.1220
vn -0.2157 -0.9764 -0.0095
vn 0.2110 -0.9773 -0.0209
vn -0.2149 -0.9764 0.0207
vn 0.2118 -0.9773 0.0099
vn -0.5957 -0.8026 -0.0312
vn -0.2440 -0.9686 -0.0475
vn 0.2414 -0.9686 -0.0602
vn 0.6304 -0.7741 -0.0575
vn 0.6139 -0.7888 -0.0302
vn 0.6146 -0.7888 -0.0020
vn 0.6325 -0.7741 0.0244
vn 0.2442 -0.9686 0.0475
vn -0.2412 -0.9686 0.0602
vn -0.5933 -0.8026 0.0623
vn -0.6138 -0.7889 0.0302
vn -0.6145 -0.7889 0.0020
vn 0.2149 0.9764 -0.0207
vn -0.2118 0.9773 -0.0099
vn 0.2157 0.9764 0.0095
vn -0.2110 0.9773 0.0209
vn 0.5933 0.8026 -0.0623
vn 0.2412 0.9686 -0.0602
vn -0.2442 0.9686 -0.0475
vn -0.6325 0.7741 -0.0244
vn -0.6146 0.7888 0.0020
vn -0.6139 0.7888 0.0302
vn -0.6304 0.7741 0.0575
vn -0.2414 0.9686 0.0602
vn 0.2440 0.9686 0.0475
vn 0.5957 0.8026 0.0312
vn 0.6145 0.7889 -0.0020
vn 0.6138 0.7889 -0.0302
vt 0.437500 0.062500
vt 0.500000 0.125000
vt 0.437500 0.125000
vt 0.562500 0.062500
vt 0.500000 0.062500
vt 0.437500 0.187500
vt 0.562500 0.187500
vt 0.500000 0.187500
vt 0.375000 0.000000
vt 0.375000 0.062500
vt 0.437500 0.000000
vt 0.562500 0.000000
vt 0.500000 0.000000
vt 0.625000 0.000000
vt 0.625000 0.062500
vt 0.562500 0.125000
vt 0.625000 0.187500
vt 0.625000 0.250000
vt 0.562500 0.250000
vt 0.500000 0.250000
vt 0.437500 0.250000
vt 0.375000 0.250000
vt 0.375000 0.187500
vt 0.375000 0.125000
vt 0.500000 0.312500
vt 0.437500 0.375000
vt 0.437500 0.312500
vt 0.562500 0.375000
vt 0.500000 0.375000
vt 0.500000 0.437500
vt 0.437500 0.437500
vt 0.375000 0.312500
vt 0.562500 0.312500
vt 0.625000 0.312500
vt 0.625000 0.375000
vt 0.562500 0.437500
vt 0.625000 0.437500
vt 0.562500 0.500000
vt 0.500000 0.500000
vt 0.437500 0.500000
vt 0.375000 0.437500
vt 0.375000 0.500000
vt 0.375000 0.375000
vt 0.437500 0.562500
vt 0.500000 0.625000
vt 0.437500 0.625000
vt 0.562500 0.562500
vt 0.500000 0.562500
vt 0.437500 0.687500
vt 0.562500 0.687500
vt 0.500000 0.687500
vt 0.375000 0.562500
vt 0.625000 0.500000
vt 0.625000 0.562500
vt 0.562500 0.625000
vt 0.625000 0.687500
vt 0.625000 0.750000
vt 0.562500 0.750000
vt 0.500000 0.750000
vt 0.437500 0.750000
vt 0.375000 0.750000
vt 0.375000 0.687500
vt 0.375000 0.625000
vt 0.500000 0.812500
vt 0.437500 0.875000
vt 0.437500 0.812500
vt 0.562500 0.875000
vt 0.500000 0.875000
vt 0.500000 0.937500
vt 0.437500 0.937500
vt 0.375000 0.812500
vt 0.562500 0.812500
vt 0.625000 0.812500
vt 0.625000 0.875000
vt 0.562500 0.937500
vt 0.625000 0.937500
vt 0.562500 1.000000
vt 0.500000 1.000000
vt 0.437500 1.000000
vt 0.375000 0.937500
vt 0.375000 1.000000
vt 0.375000 0.875000
vt 0.187500 0.562500
vt 0.250000 0.625000
vt 0.187500 0.625000
vt 0.312500 0.562500
vt 0.250000 0.562500
vt 0.187500 0.687500
vt 0.312500 0.687500
vt 0.250000 0.687500
vt 0.125000 0.500000
vt 0.125000 0.562500
vt 0.187500 0.500000
vt 0.312500 0.500000
vt 0.250000 0.500000
vt 0.312500 0.625000
vt 0.312500 0.750000
vt 0.250000 0.750000
vt 0.187500 0.750000
vt 0.125000 0.750000
vt 0.125000 0.687500
vt 0.125000 0.625000
vt 0.687500 0.562500
vt 0.750000 0.625000
vt 0.687500 0.625000
vt 0.812500 0.562500
vt 0.750000 0.562500
vt 0.687500 0.687500
vt 0.812500 0.687500
vt 0.750000 0.687500
vt 0.687500 0.500000
vt 0.812500 0.500000
vt 0.750000 0.500000
vt 0.875000 0.500000
vt 0.875000 0.562500
vt 0.812500 0.625000
vt 0.875000 0.687500
vt 0.875000 0.750000
vt 0.812500 0.750000
vt 0.750000 0.750000
vt 0.687500 0.750000
vt 0.625000 0.625000
vt 0.625000 0.125000
vt 0.625000 1.000000
vt 0.875000 0.625000
s 0
usemtl HM_CabVent
f 2895/3234/5529 2899/3235/5529 2898/3236/5529
f 2897/3237/5530 2899/3235/5530 2896/3238/5530
f 2899/3235/5531 2901/3239/5531 2898/3236/5531
f 2899/3235/5532 2903/3240/5532 2902/3241/5532
f 2851/3242/5533 2895/3234/5533 2861/3243/5533
f 2862/3244/5534 2896/3238/5534 2895/3234/5534
f 2864/3245/5535 2896/3238/5535 2863/3246/5535
f 2852/3247/5536 2897/3237/5536 2864/3245/5536
f 2865/3248/5537 2900/3249/5537 2897/3237/5537
f 2900/3249/5538 2867/3250/5538 2903/3240/5538
f 2903/3240/5539 2854/3251/5539 2868/3252/5539
f 2902/3241/5540 2868/3252/5540 2869/3253/5540
f 2902/3241/5541 2870/3254/5541 2901/3239/5541
f 2901/3239/5542 2853/3255/5542 2859/3256/5542
f 2898/3236/5543 2859/3256/5543 2860/3257/5543
f 2861/3243/5544 2898/3236/5544 2860/3257/5544
f 2905/3258/5545 2907/3259/5545 2904/3260/5545
f 2905/3258/5546 2909/3261/5546 2908/3262/5546
f 2907/3259/5547 2911/3263/5547 2910/3264/5547
f 2909/3261/5548 2911/3263/5548 2908/3262/5548
f 2870/3254/5549 2873/3265/5549 2853/3255/5549
f 2869/3253/5550 2904/3260/5550 2870/3254/5550
f 2869/3253/5551 2906/3266/5551 2905/3258/5551
f 2868/3252/5552 2874/3267/5552 2906/3266/5552
f 2906/3266/5553 2875/3268/5553 2909/3261/5553
f 2875/3268/5554 2912/3269/5554 2909/3261/5554
f 2876/3270/5555 2877/3271/5555 2912/3269/5555
f 2912/3269/5556 2878/3272/5556 2911/3263/5556
f 2910/3264/5557 2878/3272/5557 2879/3273/5557
f 2871/3274/5558 2879/3273/5558 2857/3275/5558
f 2872/3276/5559 2910/3264/5559 2871/3274/5559
f 2904/3260/5560 2872/3276/5560 2873/3265/5560
f 2913/3277/5561 2917/3278/5561 2916/3279/5561
f 2915/3280/5562 2917/3278/5562 2914/3281/5562
f 2917/3278/5563 2919/3282/5563 2916/3279/5563
f 2917/3278/5564 2921/3283/5564 2920/3284/5564
f 2857/3275/5565 2913/3277/5565 2882/3285/5565
f 2879/3273/5566 2914/3281/5566 2913/3277/5566
f 2877/3271/5567 2914/3281/5567 2878/3272/5567
f 2858/3286/5568 2915/3280/5568 2877/3271/5568
f 2883/3287/5569 2918/3288/5569 2915/3280/5569
f 2918/3288/5570 2885/3289/5570 2921/3283/5570
f 2921/3283/5571 2856/3290/5571 2886/3291/5571
f 2920/3284/5572 2886/3291/5572 2887/3292/5572
f 2920/3284/5573 2888/3293/5573 2919/3282/5573
f 2919/3282/5574 2855/3294/5574 2880/3295/5574
f 2916/3279/5575 2880/3295/5575 2881/3296/5575
f 2882/3285/5576 2916/3279/5576 2881/3296/5576
f 2923/3297/5577 2925/3298/5577 2922/3299/5577
f 2923/3297/5578 2927/3300/5578 2926/3301/5578
f 2925/3298/5579 2929/3302/5579 2928/3303/5579
f 2927/3300/5580 2929/3302/5580 2926/3301/5580
f 2888/3293/5581 2891/3304/5581 2855/3294/5581
f 2887/3292/5582 2922/3299/5582 2888/3293/5582
f 2887/3292/5583 2924/3305/5583 2923/3297/5583
f 2886/3291/5584 2892/3306/5584 2924/3305/5584
f 2924/3305/5585 2893/3307/5585 2927/3300/5585
f 2893/3307/5586 2930/3308/5586 2927/3300/5586
f 2894/3309/5587 2864/3310/5587 2930/3308/5587
f 2930/3308/5588 2863/3311/5588 2929/3302/5588
f 2928/3303/5589 2863/3311/5589 2862/3312/5589
f 2889/3313/5590 2862/3312/5590 2851/3314/5590
f 2890/3315/5591 2928/3303/5591 2889/3313/5591
f 2922/3299/5592 2890/3315/5592 2891/3304/5592
f 2931/3316/5593 2935/3317/5593 2934/3318/5593
f 2933/3319/5594 2935/3317/5594 2932/3320/5594
f 2935/3317/5595 2937/3321/5595 2934/3318/5595
f 2935/3317/5596 2939/3322/5596 2938/3323/5596
f 2853/3324/5597 2931/3316/5597 2859/3325/5597
f 2873/3326/5598 2932/3320/5598 2931/3316/5598
f 2871/3327/5599 2932/3320/5599 2872/3328/5599
f 2857/3275/5600 2933/3319/5600 2871/3327/5600
f 2882/3285/5601 2936/3329/5601 2933/3319/5601
f 2936/3329/5602 2880/3295/5602 2939/3322/5602
f 2939/3322/5603 2855/3294/5603 2891/3330/5603
f 2938/3323/5604 2891/3330/5604 2890/3331/5604
f 2938/3323/5605 2889/3332/5605 2937/3321/5605
f 2937/3321/5606 2851/3333/5606 2861/3334/5606
f 2934/3318/5607 2861/3334/5607 2860/3335/5607
f 2859/3325/5608 2934/3318/5608 2860/3335/5608
f 2940/3336/5609 2944/3337/5609 2943/3338/5609
f 2942/3339/5610 2944/3337/5610 2941/3340/5610
f 2944/3337/5611 2946/3341/5611 2943/3338/5611
f 2944/3337/5612 2948/3342/5612 2947/3343/5612
f 2858/3286/5613 2940/3336/5613 2883/3287/5613
f 2876/3344/5614 2941/3340/5614 2940/3336/5614
f 2874/3345/5615 2941/3340/5615 2875/3346/5615
f 2854/3347/5616 2942/3339/5616 2874/3345/5616
f 2867/3348/5617 2945/3349/5617 2942/3339/5617
f 2945/3349/5618 2865/3350/5618 2948/3342/5618
f 2948/3342/5619 2852/3351/5619 2894/3352/5619
f 2947/3343/5620 2894/3352/5620 2893/3353/5620
f 2947/3343/5621 2892/3354/5621 2946/3341/5621
f 2946/3341/5622 2856/3290/5622 2885/3289/5622
f 2943/3338/5623 2885/3289/5623 2884/3355/5623
f 2883/3287/5624 2943/3338/5624 2884/3355/5624
f 2895/3234/5625 2896/3238/5625 2899/3235/5625
f 2897/3237/5626 2900/3249/5626 2899/3235/5626
f 2899/3235/5627 2902/3241/5627 2901/3239/5627
f 2899/3235/5628 2900/3249/5628 2903/3240/5628
f 2851/3242/5629 2862/3244/5629 2895/3234/5629
f 2862/3244/5630 2863/3246/5630 2896/3238/5630
f 2864/3245/5631 2897/3237/5631 2896/3238/5631
f 2852/3247/5632 2865/3248/5632 2897/3237/5632
f 2865/3248/5633 2866/3356/5633 2900/3249/5633
f 2900/3249/5634 2866/3356/5634 2867/3250/5634
f 2903/3240/5635 2867/3250/5635 2854/3251/5635
f 2902/3241/5636 2903/3240/5636 2868/3252/5636
f 2902/3241/5637 2869/3253/5637 2870/3254/5637
f 2901/3239/5638 2870/3254/5638 2853/3255/5638
f 2898/3236/5639 2901/3239/5639 2859/3256/5639
f 2861/3243/5640 2895/3234/5640 2898/3236/5640
f 2905/3258/5641 2908/3262/5641 2907/3259/5641
f 2905/3258/5642 2906/3266/5642 2909/3261/5642
f 2907/3259/5643 2908/3262/5643 2911/3263/5643
f 2909/3261/5644 2912/3269/5644 2911/3263/5644
f 2870/3254/5645 2904/3260/5645 2873/3265/5645
f 2869/3253/5646 2905/3258/5646 2904/3260/5646
f 2869/3253/5647 2868/3252/5647 2906/3266/5647
f 2868/3252/5648 2854/3251/5648 2874/3267/5648
f 2906/3266/5649 2874/3267/5649 2875/3268/5649
f 2875/3268/5650 2876/3270/5650 2912/3269/5650
f 2876/3270/5651 2858/3286/5651 2877/3271/5651
f 2912/3269/5652 2877/3271/5652 2878/3272/5652
f 2910/3264/5653 2911/3263/5653 2878/3272/5653
f 2871/3274/5654 2910/3264/5654 2879/3273/5654
f 2872/3276/5655 2907/3259/5655 2910/3264/5655
f 2904/3260/5656 2907/3259/5656 2872/3276/5656
f 2913/3277/5657 2914/3281/5657 2917/3278/5657
f 2915/3280/5658 2918/3288/5658 2917/3278/5658
f 2917/3278/5659 2920/3284/5659 2919/3282/5659
f 2917/3278/5660 2918/3288/5660 2921/3283/5660
f 2857/3275/5661 2879/3273/5661 2913/3277/5661
f 2879/3273/5662 2878/3272/5662 2914/3281/5662
f 2877/3271/5663 2915/3280/5663 2914/3281/5663
f 2858/3286/5664 2883/3287/5664 2915/3280/5664
f 2883/3287/5665 2884/3355/5665 2918/3288/5665
f 2918/3288/5666 2884/3355/5666 2885/3289/5666
f 2921/3283/5667 2885/3289/5667 2856/3290/5667
f 2920/3284/5668 2921/3283/5668 2886/3291/5668
f 2920/3284/5669 2887/3292/5669 2888/3293/5669
f 2919/3282/5670 2888/3293/5670 2855/3294/5670
f 2916/3279/5671 2919/3282/5671 2880/3295/5671
f 2882/3285/5672 2913/3277/5672 2916/3279/5672
f 2923/3297/5673 2926/3301/5673 2925/3298/5673
f 2923/3297/5674 2924/3305/5674 2927/3300/5674
f 2925/3298/5675 2926/3301/5675 2929/3302/5675
f 2927/3300/5676 2930/3308/5676 2929/3302/5676
f 2888/3293/5677 2922/3299/5677 2891/3304/5677
f 2887/3292/5678 2923/3297/5678 2922/3299/5678
f 2887/3292/5679 2886/3291/5679 2924/3305/5679
f 2886/3291/5680 2856/3290/5680 2892/3306/5680
f 2924/3305/5681 2892/3306/5681 2893/3307/5681
f 2893/3307/5682 2894/3309/5682 2930/3308/5682
f 2894/3309/5683 2852/3357/5683 2864/3310/5683
f 2930/3308/5684 2864/3310/5684 2863/3311/5684
f 2928/3303/5685 2929/3302/5685 2863/3311/5685
f 2889/3313/5686 2928/3303/5686 2862/3312/5686
f 2890/3315/5687 2925/3298/5687 2928/3303/5687
f 2922/3299/5688 2925/3298/5688 2890/3315/5688
f 2931/3316/5689 2932/3320/5689 2935/3317/5689
f 2933/3319/5690 2936/3329/5690 2935/3317/5690
f 2935/3317/5691 2938/3323/5691 2937/3321/5691
f 2935/3317/5692 2936/3329/5692 2939/3322/5692
f 2853/3324/5693 2873/3326/5693 2931/3316/5693
f 2873/3326/5694 2872/3328/5694 2932/3320/5694
f 2871/3327/5695 2933/3319/5695 2932/3320/5695
f 2857/3275/5696 2882/3285/5696 2933/3319/5696
f 2882/3285/5697 2881/3296/5697 2936/3329/5697
f 2936/3329/5698 2881/3296/5698 2880/3295/5698
f 2939/3322/5699 2880/3295/5699 2855/3294/5699
f 2938/3323/5700 2939/3322/5700 2891/3330/5700
f 2938/3323/5701 2890/3331/5701 2889/3332/5701
f 2937/3321/5702 2889/3332/5702 2851/3333/5702
f 2934/3318/5703 2937/3321/5703 2861/3334/5703
f 2859/3325/5704 2931/3316/5704 2934/3318/5704
f 2940/3336/5705 2941/3340/5705 2944/3337/5705
f 2942/3339/5706 2945/3349/5706 2944/3337/5706
f 2944/3337/5707 2947/3343/5707 2946/3341/5707
f 2944/3337/5708 2945/3349/5708 2948/3342/5708
f 2858/3286/5709 2876/3344/5709 2940/3336/5709
f 2876/3344/5710 2875/3346/5710 2941/3340/5710
f 2874/3345/5711 2942/3339/5711 2941/3340/5711
f 2854/3347/5712 2867/3348/5712 2942/3339/5712
f 2867/3348/5713 2866/3358/5713 2945/3349/5713
f 2945/3349/5714 2866/3358/5714 2865/3350/5714
f 2948/3342/5715 2865/3350/5715 2852/3351/5715
f 2947/3343/5716 2948/3342/5716 2894/3352/5716
f 2947/3343/5717 2893/3353/5717 2892/3354/5717
f 2946/3341/5718 2892/3354/5718 2856/3290/5718
f 2943/3338/5719 2946/3341/5719 2885/3289/5719
f 2883/3287/5720 2940/3336/5720 2943/3338/5720
o Cab_Vent_3
v 0.456676 0.700750 0.058066
v 0.456676 0.713250 0.058066
v 0.453012 0.700750 -0.081887
v 0.453012 0.713250 -0.081887
v 0.466673 0.700750 0.057804
v 0.466673 0.713250 0.057804
v 0.463008 0.700750 -0.082148
v 0.463008 0.713250 -0.082148
v 0.453028 0.699838 -0.053408
v 0.453749 0.699380 -0.011882
v 0.455202 0.699838 0.029625
v 0.456215 0.703292 0.068292
v 0.455983 0.707000 0.073428
v 0.456215 0.710708 0.068292
v 0.455202 0.714162 0.029625
v 0.453749 0.714620 -0.011882
v 0.453028 0.714162 -0.053408
v 0.452015 0.710708 -0.092075
v 0.451515 0.707000 -0.097192
v 0.452015 0.703292 -0.092075
v 0.460708 0.699838 -0.092302
v 0.457608 0.699380 -0.097352
v 0.454777 0.699838 -0.092147
v 0.454777 0.714162 -0.092147
v 0.457608 0.714620 -0.097352
v 0.460708 0.714162 -0.092302
v 0.463470 0.710708 -0.092374
v 0.463702 0.707000 -0.097511
v 0.463470 0.703292 -0.092374
v 0.466657 0.699838 0.029325
v 0.465936 0.699380 -0.012201
v 0.464483 0.699838 -0.053708
v 0.464483 0.714162 -0.053708
v 0.465936 0.714620 -0.012201
v 0.466657 0.714162 0.029325
v 0.467669 0.710708 0.067992
v 0.468170 0.707000 0.073109
v 0.467669 0.703292 0.067992
v 0.458977 0.699838 0.068219
v 0.462076 0.699380 0.073269
v 0.464908 0.699838 0.068064
v 0.464908 0.714162 0.068064
v 0.462076 0.714620 0.073269
v 0.458977 0.714162 0.068219
v 0.453714 0.703048 0.032396
v 0.453248 0.707000 0.034787
v 0.453714 0.710952 0.032396
v 0.452027 0.702836 -0.011837
v 0.451450 0.707000 -0.011822
v 0.452027 0.711164 -0.011837
v 0.451396 0.703048 -0.056097
v 0.450806 0.707000 -0.058460
v 0.451396 0.710952 -0.056097
v 0.454010 0.703048 -0.113982
v 0.453647 0.707000 -0.121373
v 0.454010 0.710952 -0.113982
v 0.456977 0.702836 -0.121460
v 0.456766 0.707000 -0.129532
v 0.456977 0.711164 -0.121460
v 0.460331 0.703048 -0.114148
v 0.460307 0.707000 -0.121547
v 0.460331 0.710952 -0.114148
v 0.465971 0.703048 -0.056479
v 0.466437 0.707000 -0.058870
v 0.465971 0.710952 -0.056479
v 0.467658 0.702836 -0.012246
v 0.468235 0.707000 -0.012261
v 0.467658 0.711164 -0.012246
v 0.468288 0.703048 0.032015
v 0.468879 0.707000 0.034378
v 0.468288 0.710952 0.032015
v 0.465674 0.703048 0.089899
v 0.466038 0.707000 0.097290
v 0.465674 0.710952 0.089899
v 0.462708 0.702836 0.097377
v 0.462919 0.707000 0.105449
v 0.462708 0.711164 0.097377
v 0.459353 0.703048 0.090065
v 0.459377 0.707000 0.097464
v 0.459353 0.710952 0.090065
v 0.455523 0.697888 -0.056205
v 0.458622 0.697227 -0.058665
v 0.461844 0.697888 -0.056371
v 0.456512 0.697227 -0.011954
v 0.459842 0.696506 -0.012041
v 0.463173 0.697227 -0.012129
v 0.457841 0.697888 0.032288
v 0.461063 0.697227 0.034582
v 0.464162 0.697888 0.032123
v 0.461844 0.716112 -0.056371
v 0.458622 0.716773 -0.058665
v 0.455523 0.716112 -0.056205
v 0.463173 0.716773 -0.012129
v 0.459842 0.717494 -0.012041
v 0.456512 0.716773 -0.011954
v 0.464162 0.716112 0.032123
v 0.461063 0.716773 0.034582
v 0.457841 0.716112 0.032288
vn -0.9898 -0.1372 0.0384
vn -0.9895 0.1397 0.0382
vn -0.9905 -0.1372 0.0134
vn -0.9901 0.1397 0.0137
vn -0.8845 -0.4626 0.0607
vn -0.9849 -0.1583 0.0697
vn -0.9849 0.1582 0.0697
vn -0.9013 0.4281 0.0657
vn -0.8943 0.4460 0.0362
vn -0.8950 0.4460 0.0106
vn -0.9035 0.4281 -0.0184
vn -0.9872 0.1582 -0.0181
vn -0.9872 -0.1583 -0.0181
vn -0.8865 -0.4626 -0.0143
vn -0.8949 -0.4461 0.0106
vn -0.8942 -0.4461 0.0362
vn -0.7522 -0.5957 -0.2816
vn -0.7510 0.5946 -0.2871
vn 0.7365 -0.5957 -0.3205
vn 0.7350 0.5946 -0.3260
vn -0.7793 -0.6216 -0.0789
vn -0.9651 -0.2477 -0.0851
vn -0.9650 0.2479 -0.0851
vn -0.7800 0.6225 -0.0641
vn -0.3734 0.9196 -0.1220
vn 0.3665 0.9196 -0.1414
vn 0.7756 0.6225 -0.1048
vn 0.9593 0.2479 -0.1355
vn 0.9593 -0.2477 -0.1355
vn 0.7741 -0.6216 -0.1196
vn 0.3663 -0.9197 -0.1414
vn -0.3732 -0.9197 -0.1221
vn 0.9898 -0.1372 -0.0384
vn 0.9895 0.1397 -0.0382
vn 0.9905 -0.1372 -0.0134
vn 0.9901 0.1397 -0.0137
vn 0.8845 -0.4626 -0.0607
vn 0.9849 -0.1583 -0.0697
vn 0.9849 0.1582 -0.0697
vn 0.9013 0.4281 -0.0657
vn 0.8943 0.4460 -0.0362
vn 0.8950 0.4460 -0.0106
vn 0.9035 0.4281 0.0184
vn 0.9872 0.1582 0.0181
vn 0.9872 -0.1583 0.0181
vn 0.8865 -0.4626 0.0143
vn 0.8949 -0.4461 -0.0106
vn 0.8942 -0.4461 -0.0362
vn 0.7522 -0.5957 0.2816
vn 0.7510 0.5946 0.2871
vn -0.7365 -0.5957 0.3205
vn -0.7350 0.5946 0.3260
vn 0.7793 -0.6216 0.0789
vn 0.9651 -0.2477 0.0851
vn 0.9650 0.2479 0.0851
vn 0.7800 0.6225 0.0641
vn 0.3734 0.9196 0.1220
vn -0.3665 0.9196 0.1414
vn -0.7756 0.6225 0.1048
vn -0.9593 0.2479 0.1355
vn -0.9593 -0.2477 0.1355
vn -0.7741 -0.6216 0.1196
vn -0.3663 -0.9197 0.1414
vn 0.3732 -0.9197 0.1221
vn -0.2118 -0.9773 -0.0099
vn 0.2149 -0.9764 -0.0207
vn -0.2110 -0.9773 0.0209
vn 0.2157 -0.9764 0.0095
vn -0.6325 -0.7741 -0.0244
vn -0.2442 -0.9686 -0.0475
vn 0.2412 -0.9686 -0.0602
vn 0.5933 -0.8026 -0.0623
vn 0.6138 -0.7889 -0.0302
vn 0.6145 -0.7889 -0.0020
vn 0.5957 -0.8026 0.0312
vn 0.2440 -0.9686 0.0475
vn -0.2414 -0.9686 0.0602
vn -0.6304 -0.7741 0.0575
vn -0.6139 -0.7888 0.0302
vn -0.6146 -0.7888 0.0020
vn 0.2110 0.9773 -0.0209
vn -0.2157 0.9764 -0.0095
vn 0.2118 0.9773 0.0099
vn -0.2149 0.9764 0.0207
vn 0.6304 0.7741 -0.0575
vn 0.2414 0.9686 -0.0602
vn -0.2440 0.9686 -0.0475
vn -0.5957 0.8026 -0.0312
vn -0.6145 0.7889 0.0020
vn -0.6138 0.7889 0.0302
vn -0.5933 0.8026 0.0623
vn -0.2412 0.9686 0.0602
vn 0.2442 0.9686 0.0475
vn 0.6325 0.7741 0.0244
vn 0.6146 0.7888 -0.0020
vn 0.6139 0.7888 -0.0302
vn -0.9895 -0.1397 0.0382
vn -0.9898 0.1372 0.0384
vn -0.9901 -0.1397 0.0137
vn -0.9905 0.1372 0.0134
vn -0.9013 -0.4281 0.0657
vn -0.9849 -0.1582 0.0697
vn -0.9849 0.1583 0.0697
vn -0.8845 0.4626 0.0607
vn -0.8942 0.4461 0.0362
vn -0.8949 0.4461 0.0106
vn -0.8865 0.4626 -0.0143
vn -0.9872 0.1583 -0.0181
vn -0.9872 -0.1582 -0.0181
vn -0.9035 -0.4281 -0.0184
vn -0.8950 -0.4460 0.0106
vn -0.8943 -0.4460 0.0362
vn -0.7510 -0.5946 -0.2871
vn -0.7522 0.5957 -0.2816
vn 0.7350 -0.5946 -0.3260
vn 0.7365 0.5957 -0.3205
vn -0.7800 -0.6225 -0.0641
vn -0.9650 -0.2479 -0.0851
vn -0.9651 0.2477 -0.0851
vn -0.7793 0.6216 -0.0789
vn -0.3732 0.9197 -0.1221
vn 0.3663 0.9197 -0.1414
vn 0.7741 0.6216 -0.1196
vn 0.9593 0.2477 -0.1355
vn 0.9593 -0.2479 -0.1355
vn 0.7756 -0.6225 -0.1048
vn 0.3665 -0.9196 -0.1414
vn -0.3734 -0.9196 -0.1220
vn 0.9895 -0.1397 -0.0382
vn 0.9898 0.1372 -0.0384
vn 0.9901 -0.1397 -0.0137
vn 0.9905 0.1372 -0.0134
vn 0.9013 -0.4281 -0.0657
vn 0.9849 -0.1582 -0.0697
vn 0.9849 0.1583 -0.0697
vn 0.8845 0.4626 -0.0607
vn 0.8942 0.4461 -0.0362
vn 0.8949 0.4461 -0.0106
vn 0.8865 0.4626 0.0143
vn 0.9872 0.1583 0.0181
vn 0.9872 -0.1582 0.0181
vn 0.9035 -0.4281 0.0184
vn 0.8950 -0.4460 -0.0106
vn 0.8943 -0.4460 -0.0362
vn 0.7510 -0.5946 0.2871
vn 0.7522 0.5957 0.2816
vn -0.7350 -0.5946 0.3260
vn -0.7365 0.5957 0.3205
vn 0.7800 -0.6225 0.0641
vn 0.9650 -0.2479 0.0851
vn 0.9651 0.2477 0.0851
vn 0.7793 0.6216 0.0789
vn 0.3732 0.9197 0.1221
vn -0.3663 0.9197 0.1414
vn -0.7741 0.6216 0.1196
vn -0.9593 0.2477 0.1355
vn -0.9593 -0.2479 0.1355
vn -0.7756 -0.6225 0.1048
vn -0.3665 -0.9196 0.1414
vn 0.3734 -0.9196 0.1220
vn -0.2157 -0.9764 -0.0095
vn 0.2110 -0.9773 -0.0209
vn -0.2149 -0.9764 0.0207
vn 0.2118 -0.9773 0.0099
vn -0.5957 -0.8026 -0.0312
vn -0.2440 -0.9686 -0.0475
vn 0.2414 -0.9686 -0.0602
vn 0.6304 -0.7741 -0.0575
vn 0.6139 -0.7888 -0.0302
vn 0.6146 -0.7888 -0.0020
vn 0.6325 -0.7741 0.0244
vn 0.2442 -0.9686 0.0475
vn -0.2412 -0.9686 0.0602
vn -0.5933 -0.8026 0.0623
vn -0.6138 -0.7889 0.0302
vn -0.6145 -0.7889 0.0020
vn 0.2149 0.9764 -0.0207
vn -0.2118 0.9773 -0.0099
vn 0.2157 0.9764 0.0095
vn -0.2110 0.9773 0.0209
vn 0.5933 0.8026 -0.0623
vn 0.2412 0.9686 -0.0602
vn -0.2442 0.9686 -0.0475
vn -0.6325 0.7741 -0.0244
vn -0.6146 0.7888 0.0020
vn -0.6139 0.7888 0.0302
vn -0.6304 0.7741 0.0575
vn -0.2414 0.9686 0.0602
vn 0.2440 0.9686 0.0475
vn 0.5957 0.8026 0.0312
vn 0.6145 0.7889 -0.0020
vn 0.6138 0.7889 -0.0302
vt 0.437500 0.062500
vt 0.500000 0.125000
vt 0.437500 0.125000
vt 0.562500 0.062500
vt 0.500000 0.062500
vt 0.437500 0.187500
vt 0.562500 0.187500
vt 0.500000 0.187500
vt 0.375000 0.000000
vt 0.375000 0.062500
vt 0.437500 0.000000
vt 0.562500 0.000000
vt 0.500000 0.000000
vt 0.625000 0.000000
vt 0.625000 0.062500
vt 0.562500 0.125000
vt 0.625000 0.187500
vt 0.625000 0.250000
vt 0.562500 0.250000
vt 0.500000 0.250000
vt 0.437500 0.250000
vt 0.375000 0.250000
vt 0.375000 0.187500
vt 0.375000 0.125000
vt 0.500000 0.312500
vt 0.437500 0.375000
vt 0.437500 0.312500
vt 0.562500 0.375000
vt 0.500000 0.375000
vt 0.500000 0.437500
vt 0.437500 0.437500
vt 0.375000 0.312500
vt 0.562500 0.312500
vt 0.625000 0.312500
vt 0.625000 0.375000
vt 0.562500 0.437500
vt 0.625000 0.437500
vt 0.562500 0.500000
vt 0.500000 0.500000
vt 0.437500 0.500000
vt 0.375000 0.437500
vt 0.375000 0.500000
vt 0.375000 0.375000
vt 0.437500 0.562500
vt 0.500000 0.625000
vt 0.437500 0.625000
vt 0.562500 0.562500
vt 0.500000 0.562500
vt 0.437500 0.687500
vt 0.562500 0.687500
vt 0.500000 0.687500
vt 0.375000 0.562500
vt 0.625000 0.500000
vt 0.625000 0.562500
vt 0.562500 0.625000
vt 0.625000 0.687500
vt 0.625000 0.750000
vt 0.562500 0.750000
vt 0.500000 0.750000
vt 0.437500 0.750000
vt 0.375000 0.750000
vt 0.375000 0.687500
vt 0.375000 0.625000
vt 0.500000 0.812500
vt 0.437500 0.875000
vt 0.437500 0.812500
vt 0.562500 0.875000
vt 0.500000 0.875000
vt 0.500000 0.937500
vt 0.437500 0.937500
vt 0.375000 0.812500
vt 0.562500 0.812500
vt 0.625000 0.812500
vt 0.625000 0.875000
vt 0.562500 0.937500
vt 0.625000 0.937500
vt 0.562500 1.000000
vt 0.500000 1.000000
vt 0.437500 1.000000
vt 0.375000 0.937500
vt 0.375000 1.000000
vt 0.375000 0.875000
vt 0.187500 0.562500
vt 0.250000 0.625000
vt 0.187500 0.625000
vt 0.312500 0.562500
vt 0.250000 0.562500
vt 0.187500 0.687500
vt 0.312500 0.687500
vt 0.250000 0.687500
vt 0.125000 0.500000
vt 0.125000 0.562500
vt 0.187500 0.500000
vt 0.312500 0.500000
vt 0.250000 0.500000
vt 0.312500 0.625000
vt 0.312500 0.750000
vt 0.250000 0.750000
vt 0.187500 0.750000
vt 0.125000 0.750000
vt 0.125000 0.687500
vt 0.125000 0.625000
vt 0.687500 0.562500
vt 0.750000 0.625000
vt 0.687500 0.625000
vt 0.812500 0.562500
vt 0.750000 0.562500
vt 0.687500 0.687500
vt 0.812500 0.687500
vt 0.750000 0.687500
vt 0.687500 0.500000
vt 0.812500 0.500000
vt 0.750000 0.500000
vt 0.875000 0.500000
vt 0.875000 0.562500
vt 0.812500 0.625000
vt 0.875000 0.687500
vt 0.875000 0.750000
vt 0.812500 0.750000
vt 0.750000 0.750000
vt 0.687500 0.750000
vt 0.625000 0.625000
vt 0.625000 0.125000
vt 0.625000 1.000000
vt 0.875000 0.625000
s 0
usemtl HM_CabVent
f 2993/3359/5721 2997/3360/5721 2996/3361/5721
f 2995/3362/5722 2997/3360/5722 2994/3363/5722
f 2997/3360/5723 2999/3364/5723 2996/3361/5723
f 2997/3360/5724 3001/3365/5724 3000/3366/5724
f 2949/3367/5725 2993/3359/5725 2959/3368/5725
f 2960/3369/5726 2994/3363/5726 2993/3359/5726
f 2962/3370/5727 2994/3363/5727 2961/3371/5727
f 2950/3372/5728 2995/3362/5728 2962/3370/5728
f 2963/3373/5729 2998/3374/5729 2995/3362/5729
f 2998/3374/5730 2965/3375/5730 3001/3365/5730
f 3001/3365/5731 2952/3376/5731 2966/3377/5731
f 3000/3366/5732 2966/3377/5732 2967/3378/5732
f 3000/3366/5733 2968/3379/5733 2999/3364/5733
f 2999/3364/5734 2951/3380/5734 2957/3381/5734
f 2996/3361/5735 2957/3381/5735 2958/3382/5735
f 2959/3368/5736 2996/3361/5736 2958/3382/5736
f 3003/3383/5737 3005/3384/5737 3002/3385/5737
f 3003/3383/5738 3007/3386/5738 3006/3387/5738
f 3005/3384/5739 3009/3388/5739 3008/3389/5739
f 3007/3386/5740 3009/3388/5740 3006/3387/5740
f 2968/3379/5741 2971/3390/5741 2951/3380/5741
f 2967/3378/5742 3002/3385/5742 2968/3379/5742
f 2967/3378/5743 3004/3391/5743 3003/3383/5743
f 2966/3377/5744 2972/3392/5744 3004/3391/5744
f 3004/3391/5745 2973/3393/5745 3007/3386/5745
f 2973/3393/5746 3010/3394/5746 3007/3386/5746
f 2974/3395/5747 2975/3396/5747 3010/3394/5747
f 3010/3394/5748 2976/3397/5748 3009/3388/5748
f 3008/3389/5749 2976/3397/5749 2977/3398/5749
f 2969/3399/5750 2977/3398/5750 2955/3400/5750
f 2970/3401/5751 3008/3389/5751 2969/3399/5751
f 3002/3385/5752 2970/3401/5752 2971/3390/5752
f 3011/3402/5753 3015/3403/5753 3014/3404/5753
f 3013/3405/5754 3015/3403/5754 3012/3406/5754
f 3015/3403/5755 3017/3407/5755 3014/3404/5755
f 3015/3403/5756 3019/3408/5756 3018/3409/5756
f 2955/3400/5757 3011/3402/5757 2980/3410/5757
f 2977/3398/5758 3012/3406/5758 3011/3402/5758
f 2975/3396/5759 3012/3406/5759 2976/3397/5759
f 2956/3411/5760 3013/3405/5760 2975/3396/5760
f 2981/3412/5761 3016/3413/5761 3013/3405/5761
f 3016/3413/5762 2983/3414/5762 3019/3408/5762
f 3019/3408/5763 2954/3415/5763 2984/3416/5763
f 3018/3409/5764 2984/3416/5764 2985/3417/5764
f 3018/3409/5765 2986/3418/5765 3017/3407/5765
f 3017/3407/5766 2953/3419/5766 2978/3420/5766
f 3014/3404/5767 2978/3420/5767 2979/3421/5767
f 2980/3410/5768 3014/3404/5768 2979/3421/5768
f 3021/3422/5769 3023/3423/5769 3020/3424/5769
f 3021/3422/5770 3025/3425/5770 3024/3426/5770
f 3023/3423/5771 3027/3427/5771 3026/3428/5771
f 3025/3425/5772 3027/3427/5772 3024/3426/5772
f 2986/3418/5773 2989/3429/5773 2953/3419/5773
f 2985/3417/5774 3020/3424/5774 2986/3418/5774
f 2985/3417/5775 3022/3430/5775 3021/3422/5775
f 2984/3416/5776 2990/3431/5776 3022/3430/5776
f 3022/3430/5777 2991/3432/5777 3025/3425/5777
f 2991/3432/5778 3028/3433/5778 3025/3425/5778
f 2992/3434/5779 2962/3435/5779 3028/3433/5779
f 3028/3433/5780 2961/3436/5780 3027/3427/5780
f 3026/3428/5781 2961/3436/5781 2960/3437/5781
f 2987/3438/5782 2960/3437/5782 2949/3439/5782
f 2988/3440/5783 3026/3428/5783 2987/3438/5783
f 3020/3424/5784 2988/3440/5784 2989/3429/5784
f 3029/3441/5785 3033/3442/5785 3032/3443/5785
f 3031/3444/5786 3033/3442/5786 3030/3445/5786
f 3033/3442/5787 3035/3446/5787 3032/3443/5787
f 3033/3442/5788 3037/3447/5788 3036/3448/5788
f 2951/3449/5789 3029/3441/5789 2957/3450/5789
f 2971/3451/5790 3030/3445/5790 3029/3441/5790
f 2969/3452/5791 3030/3445/5791 2970/3453/5791
f 2955/3400/5792 3031/3444/5792 2969/3452/5792
f 2980/3410/5793 3034/3454/5793 3031/3444/5793
f 3034/3454/5794 2978/3420/5794 3037/3447/5794
f 3037/3447/5795 2953/3419/5795 2989/3455/5795
f 3036/3448/5796 2989/3455/5796 2988/3456/5796
f 3036/3448/5797 2987/3457/5797 3035/3446/5797
f 3035/3446/5798 2949/3458/5798 2959/3459/5798
f 3032/3443/5799 2959/3459/5799 2958/3460/5799
f 2957/3450/5800 3032/3443/5800 2958/3460/5800
f 3038/3461/5801 3042/3462/5801 3041/3463/5801
f 3040/3464/5802 3042/3462/5802 3039/3465/5802
f 3042/3462/5803 3044/3466/5803 3041/3463/5803
f 3042/3462/5804 3046/3467/5804 3045/3468/5804
f 2956/3411/5805 3038/3461/5805 2981/3412/5805
f 2974/3469/5806 3039/3465/5806 3038/3461/5806
f 2972/3470/5807 3039/3465/5807 2973/3471/5807
f 2952/3472/5808 3040/3464/5808 2972/3470/5808
f 2965/3473/5809 3043/3474/5809 3040/3464/5809
f 3043/3474/5810 2963/3475/5810 3046/3467/5810
f 3046/3467/5811 2950/3476/5811 2992/3477/5811
f 3045/3468/5812 2992/3477/5812 2991/3478/5812
f 3045/3468/5813 2990/3479/5813 3044/3466/5813
f 3044/3466/5814 2954/3415/5814 2983/3414/5814
f 3041/3463/5815 2983/3414/5815 2982/3480/5815
f 2981/3412/5816 3041/3463/5816 2982/3480/5816
f 2993/3359/5817 2994/3363/5817 2997/3360/5817
f 2995/3362/5818 2998/3374/5818 2997/3360/5818
f 2997/3360/5819 3000/3366/5819 2999/3364/5819
f 2997/3360/5820 2998/3374/5820 3001/3365/5820
f 2949/3367/5821 2960/3369/5821 2993/3359/5821
f 2960/3369/5822 2961/3371/5822 2994/3363/5822
f 2962/3370/5823 2995/3362/5823 2994/3363/5823
f 2950/3372/5824 2963/3373/5824 2995/3362/5824
f 2963/3373/5825 2964/3481/5825 2998/3374/5825
f 2998/3374/5826 2964/3481/5826 2965/3375/5826
f 3001/3365/5827 2965/3375/5827 2952/3376/5827
f 3000/3366/5828 3001/3365/5828 2966/3377/5828
f 3000/3366/5829 2967/3378/5829 2968/3379/5829
f 2999/3364/5830 2968/3379/5830 2951/3380/5830
f 2996/3361/5831 2999/3364/5831 2957/3381/5831
f 2959/3368/5832 2993/3359/5832 2996/3361/5832
f 3003/3383/5833 3006/3387/5833 3005/3384/5833
f 3003/3383/5834 3004/3391/5834 3007/3386/5834
f 3005/3384/5835 3006/3387/5835 3009/3388/5835
f 3007/3386/5836 3010/3394/5836 3009/3388/5836
f 2968/3379/5837 3002/3385/5837 2971/3390/5837
f 2967/3378/5838 3003/3383/5838 3002/3385/5838
f 2967/3378/5839 2966/3377/5839 3004/3391/5839
f 2966/3377/5840 2952/3376/5840 2972/3392/5840
f 3004/3391/5841 2972/3392/5841 2973/3393/5841
f 2973/3393/5842 2974/3395/5842 3010/3394/5842
f 2974/3395/5843 2956/3411/5843 2975/3396/5843
f 3010/3394/5844 2975/3396/5844 2976/3397/5844
f 3008/3389/5845 3009/3388/5845 2976/3397/5845
f 2969/3399/5846 3008/3389/5846 2977/3398/5846
f 2970/3401/5847 3005/3384/5847 3008/3389/5847
f 3002/3385/5848 3005/3384/5848 2970/3401/5848
f 3011/3402/5849 3012/3406/5849 3015/3403/5849
f 3013/3405/5850 3016/3413/5850 3015/3403/5850
f 3015/3403/5851 3018/3409/5851 3017/3407/5851
f 3015/3403/5852 3016/3413/5852 3019/3408/5852
f 2955/3400/5853 2977/3398/5853 3011/3402/5853
f 2977/3398/5854 2976/3397/5854 3012/3406/5854
f 2975/3396/5855 3013/3405/5855 3012/3406/5855
f 2956/3411/5856 2981/3412/5856 3013/3405/5856
f 2981/3412/5857 2982/3480/5857 3016/3413/5857
f 3016/3413/5858 2982/3480/5858 2983/3414/5858
f 3019/3408/5859 2983/3414/5859 2954/3415/5859
f 3018/3409/5860 3019/3408/5860 2984/3416/5860
f 3018/3409/5861 2985/3417/5861 2986/3418/5861
f 3017/3407/5862 2986/3418/5862 2953/3419/5862
f 3014/3404/5863 3017/3407/5863 2978/3420/5863
f 2980/3410/5864 3011/3402/5864 3014/3404/5864
f 3021/3422/5865 3024/3426/5865 3023/3423/5865
f 3021/3422/5866 3022/3430/5866 3025/3425/5866
f 3023/3423/5867 3024/3426/5867 3027/3427/5867
f 3025/3425/5868 3028/3433/5868 3027/3427/5868
f 2986/3418/5869 3020/3424/5869 2989/3429/5869
f 2985/3417/5870 3021/3422/5870 3020/3424/5870
f 2985/3417/5871 2984/3416/5871 3022/3430/5871
f 2984/3416/5872 2954/3415/5872 2990/3431/5872
f 3022/3430/5873 2990/3431/5873 2991/3432/5873
f 2991/3432/5874 2992/3434/5874 3028/3433/5874
f 2992/3434/5875 2950/3482/5875 2962/3435/5875
f 3028/3433/5876 2962/3435/5876 2961/3436/5876
f 3026/3428/5877 3027/3427/5877 2961/3436/5877
f 2987/3438/5878 3026/3428/5878 2960/3437/5878
f 2988/3440/5879 3023/3423/5879 3026/3428/5879
f 3020/3424/5880 3023/3423/5880 2988/3440/5880
f 3029/3441/5881 3030/3445/5881 3033/3442/5881
f 3031/3444/5882 3034/3454/5882 3033/3442/5882
f 3033/3442/5883 3036/3448/5883 3035/3446/5883
f 3033/3442/5884 3034/3454/5884 3037/3447/5884
f 2951/3449/5885 2971/3451/5885 3029/3441/5885
f 2971/3451/5886 2970/3453/5886 3030/3445/5886
f 2969/3452/5887 3031/3444/5887 3030/3445/5887
f 2955/3400/5888 2980/3410/5888 3031/3444/5888
f 2980/3410/5889 2979/3421/5889 3034/3454/5889
f 3034/3454/5890 2979/3421/5890 2978/3420/5890
f 3037/3447/5891 2978/3420/5891 2953/3419/5891
f 3036/3448/5892 3037/3447/5892 2989/3455/5892
f 3036/3448/5893 2988/3456/5893 2987/3457/5893
f 3035/3446/5894 2987/3457/5894 2949/3458/5894
f 3032/3443/5895 3035/3446/5895 2959/3459/5895
f 2957/3450/5896 3029/3441/5896 3032/3443/5896
f 3038/3461/5897 3039/3465/5897 3042/3462/5897
f 3040/3464/5898 3043/3474/5898 3042/3462/5898
f 3042/3462/5899 3045/3468/5899 3044/3466/5899
f 3042/3462/5900 3043/3474/5900 3046/3467/5900
f 2956/3411/5901 2974/3469/5901 3038/3461/5901
f 2974/3469/5902 2973/3471/5902 3039/3465/5902
f 2972/3470/5903 3040/3464/5903 3039/3465/5903
f 2952/3472/5904 2965/3473/5904 3040/3464/5904
f 2965/3473/5905 2964/3483/5905 3043/3474/5905
f 3043/3474/5906 2964/3483/5906 2963/3475/5906
f 3046/3467/5907 2963/3475/5907 2950/3476/5907
f 3045/3468/5908 3046/3467/5908 2992/3477/5908
f 3045/3468/5909 2991/3478/5909 2990/3479/5909
f 3044/3466/5910 2990/3479/5910 2954/3415/5910
f 3041/3463/5911 3044/3466/5911 2983/3414/5911
f 2981/3412/5912 3038/3461/5912 3041/3463/5912
o Cab_Vent_4
v 0.456676 0.820750 0.058066
v 0.456676 0.833250 0.058066
v 0.453012 0.820750 -0.081887
v 0.453012 0.833250 -0.081887
v 0.466673 0.820750 0.057804
v 0.466673 0.833250 0.057804
v 0.463008 0.820750 -0.082148
v 0.463008 0.833250 -0.082148
v 0.453028 0.819838 -0.053408
v 0.453749 0.819380 -0.011882
v 0.455202 0.819838 0.029625
v 0.456215 0.823292 0.068292
v 0.455983 0.827000 0.073428
v 0.456215 0.830708 0.068292
v 0.455202 0.834162 0.029625
v 0.453749 0.834620 -0.011882
v 0.453028 0.834162 -0.053408
v 0.452015 0.830708 -0.092075
v 0.451515 0.827000 -0.097192
v 0.452015 0.823292 -0.092075
v 0.460708 0.819838 -0.092302
v 0.457608 0.819380 -0.097352
v 0.454777 0.819838 -0.092147
v 0.454777 0.834162 -0.092147
v 0.457608 0.834620 -0.097352
v 0.460708 0.834162 -0.092302
v 0.463470 0.830708 -0.092374
v 0.463702 0.827000 -0.097511
v 0.463470 0.823292 -0.092374
v 0.466657 0.819838 0.029325
v 0.465936 0.819380 -0.012201
v 0.464483 0.819838 -0.053708
v 0.464483 0.834162 -0.053708
v 0.465936 0.834620 -0.012201
v 0.466657 0.834162 0.029325
v 0.467669 0.830708 0.067992
v 0.468170 0.827000 0.073109
v 0.467669 0.823292 0.067992
v 0.458977 0.819838 0.068219
v 0.462076 0.819380 0.073269
v 0.464908 0.819838 0.068064
v 0.464908 0.834162 0.068064
v 0.462076 0.834620 0.073269
v 0.458977 0.834162 0.068219
v 0.453714 0.823048 0.032396
v 0.453248 0.827000 0.034787
v 0.453714 0.830952 0.032396
v 0.452027 0.822836 -0.011837
v 0.451450 0.827000 -0.011822
v 0.452027 0.831164 -0.011837
v 0.451396 0.823048 -0.056097
v 0.450806 0.827000 -0.058460
v 0.451396 0.830952 -0.056097
v 0.454010 0.823048 -0.113982
v 0.453647 0.827000 -0.121373
v 0.454010 0.830952 -0.113982
v 0.456977 0.822836 -0.121460
v 0.456766 0.827000 -0.129532
v 0.456977 0.831164 -0.121460
v 0.460331 0.823048 -0.114148
v 0.460307 0.827000 -0.121547
v 0.460331 0.830952 -0.114148
v 0.465971 0.823048 -0.056479
v 0.466437 0.827000 -0.058870
v 0.465971 0.830952 -0.056479
v 0.467658 0.822836 -0.012246
v 0.468235 0.827000 -0.012261
v 0.467658 0.831164 -0.012246
v 0.468288 0.823048 0.032015
v 0.468879 0.827000 0.034378
v 0.468288 0.830952 0.032015
v 0.465674 0.823048 0.089899
v 0.466038 0.827000 0.097290
v 0.465674 0.830952 0.089899
v 0.462708 0.822836 0.097377
v 0.462919 0.827000 0.105449
v 0.462708 0.831164 0.097377
v 0.459353 0.823048 0.090065
v 0.459377 0.827000 0.097464
v 0.459353 0.830952 0.090065
v 0.455523 0.817888 -0.056205
v 0.458622 0.817227 -0.058665
v 0.461844 0.817888 -0.056371
v 0.456512 0.817227 -0.011954
v 0.459842 0.816506 -0.012041
v 0.463173 0.817227 -0.012129
v 0.457841 0.817888 0.032288
v 0.461063 0.817227 0.034582
v 0.464162 0.817888 0.032123
v 0.461844 0.836112 -0.056371
v 0.458622 0.836773 -0.058665
v 0.455523 0.836112 -0.056205
v 0.463173 0.836773 -0.012129
v 0.459842 0.837494 -0.012041
v 0.456512 0.836773 -0.011954
v 0.464162 0.836112 0.032123
v 0.461063 0.836773 0.034582
v 0.457841 0.836112 0.032288
vn -0.9898 -0.1372 0.0384
vn -0.9895 0.1397 0.0382
vn -0.9905 -0.1372 0.0134
vn -0.9901 0.1397 0.0137
vn -0.8845 -0.4626 0.0607
vn -0.9849 -0.1583 0.0697
vn -0.9849 0.1582 0.0697
vn -0.9013 0.4281 0.0657
vn -0.8943 0.4460 0.0362
vn -0.8950 0.4460 0.0106
vn -0.9035 0.4281 -0.0184
vn -0.9872 0.1582 -0.0181
vn -0.9872 -0.1583 -0.0181
vn -0.8865 -0.4626 -0.0143
vn -0.8949 -0.4461 0.0106
vn -0.8942 -0.4461 0.0362
vn -0.7522 -0.5957 -0.2816
vn -0.7510 0.5946 -0.2871
vn 0.7365 -0.5957 -0.3205
vn 0.7350 0.5946 -0.3260
vn -0.7793 -0.6216 -0.0789
vn -0.9651 -0.2477 -0.0851
vn -0.9650 0.2479 -0.0851
vn -0.7800 0.6225 -0.0641
vn -0.3734 0.9196 -0.1220
vn 0.3665 0.9196 -0.1414
vn 0.7756 0.6225 -0.1048
vn 0.9593 0.2479 -0.1355
vn 0.9593 -0.2477 -0.1355
vn 0.7741 -0.6216 -0.1196
vn 0.3663 -0.9197 -0.1414
vn -0.3732 -0.9197 -0.1221
vn 0.9898 -0.1372 -0.0384
vn 0.9895 0.1397 -0.0382
vn 0.9905 -0.1372 -0.0134
vn 0.9901 0.1397 -0.0137
vn 0.8845 -0.4626 -0.0607
vn 0.9849 -0.1583 -0.0697
vn 0.9849 0.1582 -0.0697
vn 0.9013 0.4281 -0.0657
vn 0.8943 0.4460 -0.0362
vn 0.8950 0.4460 -0.0106
vn 0.9035 0.4281 0.0184
vn 0.9872 0.1582 0.0181
vn 0.9872 -0.1583 0.0181
vn 0.8865 -0.4626 0.0143
vn 0.8949 -0.4461 -0.0106
vn 0.8942 -0.4461 -0.0362
vn 0.7522 -0.5957 0.2816
vn 0.7510 0.5946 0.2871
vn -0.7365 -0.5957 0.3205
vn -0.7350 0.5946 0.3260
vn 0.7793 -0.6216 0.0789
vn 0.9651 -0.2477 0.0851
vn 0.9650 0.2479 0.0851
vn 0.7800 0.6225 0.0641
vn 0.3734 0.9196 0.1220
vn -0.3665 0.9196 0.1414
vn -0.7756 0.6225 0.1048
vn -0.9593 0.2479 0.1355
vn -0.9593 -0.2477 0.1355
vn -0.7741 -0.6216 0.1196
vn -0.3663 -0.9197 0.1414
vn 0.3732 -0.9197 0.1221
vn -0.2118 -0.9773 -0.0099
vn 0.2149 -0.9764 -0.0207
vn -0.2110 -0.9773 0.0209
vn 0.2157 -0.9764 0.0095
vn -0.6325 -0.7741 -0.0244
vn -0.2442 -0.9686 -0.0475
vn 0.2412 -0.9686 -0.0602
vn 0.5933 -0.8026 -0.0623
vn 0.6138 -0.7889 -0.0302
vn 0.6145 -0.7889 -0.0020
vn 0.5957 -0.8026 0.0312
vn 0.2440 -0.9686 0.0475
vn -0.2414 -0.9686 0.0602
vn -0.6304 -0.7741 0.0575
vn -0.6139 -0.7888 0.0302
vn -0.6146 -0.7888 0.0020
vn 0.2110 0.9773 -0.0209
vn -0.2157 0.9764 -0.0095
vn 0.2118 0.9773 0.0099
vn -0.2149 0.9764 0.0207
vn 0.6304 0.7741 -0.0575
vn 0.2414 0.9686 -0.0602
vn -0.2440 0.9686 -0.0475
vn -0.5957 0.8026 -0.0312
vn -0.6145 0.7889 0.0020
vn -0.6138 0.7889 0.0302
vn -0.5933 0.8026 0.0623
vn -0.2412 0.9686 0.0602
vn 0.2442 0.9686 0.0475
vn 0.6325 0.7741 0.0244
vn 0.6146 0.7888 -0.0020
vn 0.6139 0.7888 -0.0302
vn -0.9895 -0.1397 0.0382
vn -0.9898 0.1372 0.0384
vn -0.9901 -0.1397 0.0137
vn -0.9905 0.1372 0.0134
vn -0.9013 -0.4281 0.0657
vn -0.9849 -0.1582 0.0697
vn -0.9849 0.1583 0.0697
vn -0.8845 0.4626 0.0607
vn -0.8942 0.4461 0.0362
vn -0.8949 0.4461 0.0106
vn -0.8865 0.4626 -0.0143
vn -0.9872 0.1583 -0.0181
vn -0.9872 -0.1582 -0.0181
vn -0.9035 -0.4281 -0.0184
vn -0.8950 -0.4460 0.0106
vn -0.8943 -0.4460 0.0362
vn -0.7510 -0.5946 -0.2871
vn -0.7522 0.5957 -0.2816
vn 0.7350 -0.5946 -0.3260
vn 0.7365 0.5957 -0.3205
vn -0.7800 -0.6225 -0.0641
vn -0.9650 -0.2479 -0.0851
vn -0.9651 0.2477 -0.0851
vn -0.7793 0.6216 -0.0789
vn -0.3732 0.9197 -0.1221
vn 0.3663 0.9197 -0.1414
vn 0.7741 0.6216 -0.1196
vn 0.9593 0.2477 -0.1355
vn 0.9593 -0.2479 -0.1355
vn 0.7756 -0.6225 -0.1048
vn 0.3665 -0.9196 -0.1414
vn -0.3734 -0.9196 -0.1220
vn 0.9895 -0.1397 -0.0382
vn 0.9898 0.1372 -0.0384
vn 0.9901 -0.1397 -0.0137
vn 0.9905 0.1372 -0.0134
vn 0.9013 -0.4281 -0.0657
vn 0.9849 -0.1582 -0.0697
vn 0.9849 0.1583 -0.0697
vn 0.8845 0.4626 -0.0607
vn 0.8942 0.4461 -0.0362
vn 0.8949 0.4461 -0.0106
vn 0.8865 0.4626 0.0143
vn 0.9872 0.1583 0.0181
vn 0.9872 -0.1582 0.0181
vn 0.9035 -0.4281 0.0184
vn 0.8950 -0.4460 -0.0106
vn 0.8943 -0.4460 -0.0362
vn 0.7510 -0.5946 0.2871
vn 0.7522 0.5957 0.2816
vn -0.7350 -0.5946 0.3260
vn -0.7365 0.5957 0.3205
vn 0.7800 -0.6225 0.0641
vn 0.9650 -0.2479 0.0851
vn 0.9651 0.2477 0.0851
vn 0.7793 0.6216 0.0789
vn 0.3732 0.9197 0.1221
vn -0.3663 0.9197 0.1414
vn -0.7741 0.6216 0.1196
vn -0.9593 0.2477 0.1355
vn -0.9593 -0.2479 0.1355
vn -0.7756 -0.6225 0.1048
vn -0.3665 -0.9196 0.1414
vn 0.3734 -0.9196 0.1220
vn -0.2157 -0.9764 -0.0095
vn 0.2110 -0.9773 -0.0209
vn -0.2149 -0.9764 0.0207
vn 0.2118 -0.9773 0.0099
vn -0.5957 -0.8026 -0.0312
vn -0.2440 -0.9686 -0.0475
vn 0.2414 -0.9686 -0.0602
vn 0.6304 -0.7741 -0.0575
vn 0.6139 -0.7888 -0.0302
vn 0.6146 -0.7888 -0.0020
vn 0.6325 -0.7741 0.0244
vn 0.2442 -0.9686 0.0475
vn -0.2412 -0.9686 0.0602
vn -0.5933 -0.8026 0.0623
vn -0.6138 -0.7889 0.0302
vn -0.6145 -0.7889 0.0020
vn 0.2149 0.9764 -0.0207
vn -0.2118 0.9773 -0.0099
vn 0.2157 0.9764 0.0095
vn -0.2110 0.9773 0.0209
vn 0.5933 0.8026 -0.0623
vn 0.2412 0.9686 -0.0602
vn -0.2442 0.9686 -0.0475
vn -0.6325 0.7741 -0.0244
vn -0.6146 0.7888 0.0020
vn -0.6139 0.7888 0.0302
vn -0.6304 0.7741 0.0575
vn -0.2414 0.9686 0.0602
vn 0.2440 0.9686 0.0475
vn 0.5957 0.8026 0.0312
vn 0.6145 0.7889 -0.0020
vn 0.6138 0.7889 -0.0302
vt 0.437500 0.062500
vt 0.500000 0.125000
vt 0.437500 0.125000
vt 0.562500 0.062500
vt 0.500000 0.062500
vt 0.437500 0.187500
vt 0.562500 0.187500
vt 0.500000 0.187500
vt 0.375000 0.000000
vt 0.375000 0.062500
vt 0.437500 0.000000
vt 0.562500 0.000000
vt 0.500000 0.000000
vt 0.625000 0.000000
vt 0.625000 0.062500
vt 0.562500 0.125000
vt 0.625000 0.187500
vt 0.625000 0.250000
vt 0.562500 0.250000
vt 0.500000 0.250000
vt 0.437500 0.250000
vt 0.375000 0.250000
vt 0.375000 0.187500
vt 0.375000 0.125000
vt 0.500000 0.312500
vt 0.437500 0.375000
vt 0.437500 0.312500
vt 0.562500 0.375000
vt 0.500000 0.375000
vt 0.500000 0.437500
vt 0.437500 0.437500
vt 0.375000 0.312500
vt 0.562500 0.312500
vt 0.625000 0.312500
vt 0.625000 0.375000
vt 0.562500 0.437500
vt 0.625000 0.437500
vt 0.562500 0.500000
vt 0.500000 0.500000
vt 0.437500 0.500000
vt 0.375000 0.437500
vt 0.375000 0.500000
vt 0.375000 0.375000
vt 0.437500 0.562500
vt 0.500000 0.625000
vt 0.437500 0.625000
vt 0.562500 0.562500
vt 0.500000 0.562500
vt 0.437500 0.687500
vt 0.562500 0.687500
vt 0.500000 0.687500
vt 0.375000 0.562500
vt 0.625000 0.500000
vt 0.625000 0.562500
vt 0.562500 0.625000
vt 0.625000 0.687500
vt 0.625000 0.750000
vt 0.562500 0.750000
vt 0.500000 0.750000
vt 0.437500 0.750000
vt 0.375000 0.750000
vt 0.375000 0.687500
vt 0.375000 0.625000
vt 0.500000 0.812500
vt 0.437500 0.875000
vt 0.437500 0.812500
vt 0.562500 0.875000
vt 0.500000 0.875000
vt 0.500000 0.937500
vt 0.437500 0.937500
vt 0.375000 0.812500
vt 0.562500 0.812500
vt 0.625000 0.812500
vt 0.625000 0.875000
vt 0.562500 0.937500
vt 0.625000 0.937500
vt 0.562500 1.000000
vt 0.500000 1.000000
vt 0.437500 1.000000
vt 0.375000 0.937500
vt 0.375000 1.000000
vt 0.375000 0.875000
vt 0.187500 0.562500
vt 0.250000 0.625000
vt 0.187500 0.625000
vt 0.312500 0.562500
vt 0.250000 0.562500
vt 0.187500 0.687500
vt 0.312500 0.687500
vt 0.250000 0.687500
vt 0.125000 0.500000
vt 0.125000 0.562500
vt 0.187500 0.500000
vt 0.312500 0.500000
vt 0.250000 0.500000
vt 0.312500 0.625000
vt 0.312500 0.750000
vt 0.250000 0.750000
vt 0.187500 0.750000
vt 0.125000 0.750000
vt 0.125000 0.687500
vt 0.125000 0.625000
vt 0.687500 0.562500
vt 0.750000 0.625000
vt 0.687500 0.625000
vt 0.812500 0.562500
vt 0.750000 0.562500
vt 0.687500 0.687500
vt 0.812500 0.687500
vt 0.750000 0.687500
vt 0.687500 0.500000
vt 0.812500 0.500000
vt 0.750000 0.500000
vt 0.875000 0.500000
vt 0.875000 0.562500
vt 0.812500 0.625000
vt 0.875000 0.687500
vt 0.875000 0.750000
vt 0.812500 0.750000
vt 0.750000 0.750000
vt 0.687500 0.750000
vt 0.625000 0.625000
vt 0.625000 0.125000
vt 0.625000 1.000000
vt 0.875000 0.625000
s 0
usemtl HM_CabVent
f 3091/3484/5913 3095/3485/5913 3094/3486/5913
f 3093/3487/5914 3095/3485/5914 3092/3488/5914
f 3095/3485/5915 3097/3489/5915 3094/3486/5915
f 3095/3485/5916 3099/3490/5916 3098/3491/5916
f 3047/3492/5917 3091/3484/5917 3057/3493/5917
f 3058/3494/5918 3092/3488/5918 3091/3484/5918
f 3060/3495/5919 3092/3488/5919 3059/3496/5919
f 3048/3497/5920 3093/3487/5920 3060/3495/5920
f 3061/3498/5921 3096/3499/5921 3093/3487/5921
f 3096/3499/5922 3063/3500/5922 3099/3490/5922
f 3099/3490/5923 3050/3501/5923 3064/3502/5923
f 3098/3491/5924 3064/3502/5924 3065/3503/5924
f 3098/3491/5925 3066/3504/5925 3097/3489/5925
f 3097/3489/5926 3049/3505/5926 3055/3506/5926
f 3094/3486/5927 3055/3506/5927 3056/3507/5927
f 3057/3493/5928 3094/3486/5928 3056/3507/5928
f 3101/3508/5929 3103/3509/5929 3100/3510/5929
f 3101/3508/5930 3105/3511/5930 3104/3512/5930
f 3103/3509/5931 3107/3513/5931 3106/3514/5931
f 3105/3511/5932 3107/3513/5932 3104/3512/5932
f 3066/3504/5933 3069/3515/5933 3049/3505/5933
f 3065/3503/5934 3100/3510/5934 3066/3504/5934
f 3065/3503/5935 3102/3516/5935 3101/3508/5935
f 3064/3502/5936 3070/3517/5936 3102/3516/5936
f 3102/3516/5937 3071/3518/5937 3105/3511/5937
f 3071/3518/5938 3108/3519/5938 3105/3511/5938
f 3072/3520/5939 3073/3521/5939 3108/3519/5939
f 3108/3519/5940 3074/3522/5940 3107/3513/5940
f 3106/3514/5941 3074/3522/5941 3075/3523/5941
f 3067/3524/5942 3075/3523/5942 3053/3525/5942
f 3068/3526/5943 3106/3514/5943 3067/3524/5943
f 3100/3510/5944 3068/3526/5944 3069/3515/5944
f 3109/3527/5945 3113/3528/5945 3112/3529/5945
f 3111/3530/5946 3113/3528/5946 3110/3531/5946
f 3113/3528/5947 3115/3532/5947 3112/3529/5947
f 3113/3528/5948 3117/3533/5948 3116/3534/5948
f 3053/3525/5949 3109/3527/5949 3078/3535/5949
f 3075/3523/5950 3110/3531/5950 3109/3527/5950
f 3073/3521/5951 3110/3531/5951 3074/3522/5951
f 3054/3536/5952 3111/3530/5952 3073/3521/5952
f 3079/3537/5953 3114/3538/5953 3111/3530/5953
f 3114/3538/5954 3081/3539/5954 3117/3533/5954
f 3117/3533/5955 3052/3540/5955 3082/3541/5955
f 3116/3534/5956 3082/3541/5956 3083/3542/5956
f 3116/3534/5957 3084/3543/5957 3115/3532/5957
f 3115/3532/5958 3051/3544/5958 3076/3545/5958
f 3112/3529/5959 3076/3545/5959 3077/3546/5959
f 3078/3535/5960 3112/3529/5960 3077/3546/5960
f 3119/3547/5961 3121/3548/5961 3118/3549/5961
f 3119/3547/5962 3123/3550/5962 3122/3551/5962
f 3121/3548/5963 3125/3552/5963 3124/3553/5963
f 3123/3550/5964 3125/3552/5964 3122/3551/5964
f 3084/3543/5965 3087/3554/5965 3051/3544/5965
f 3083/3542/5966 3118/3549/5966 3084/3543/5966
f 3083/3542/5967 3120/3555/5967 3119/3547/5967
f 3082/3541/5968 3088/3556/5968 3120/3555/5968
f 3120/3555/5969 3089/3557/5969 3123/3550/5969
f 3089/3557/5970 3126/3558/5970 3123/3550/5970
f 3090/3559/5971 3060/3560/5971 3126/3558/5971
f 3126/3558/5972 3059/3561/5972 3125/3552/5972
f 3124/3553/5973 3059/3561/5973 3058/3562/5973
f 3085/3563/5974 3058/3562/5974 3047/3564/5974
f 3086/3565/5975 3124/3553/5975 3085/3563/5975
f 3118/3549/5976 3086/3565/5976 3087/3554/5976
f 3127/3566/5977 3131/3567/5977 3130/3568/5977
f 3129/3569/5978 3131/3567/5978 3128/3570/5978
f 3131/3567/5979 3133/3571/5979 3130/3568/5979
f 3131/3567/5980 3135/3572/5980 3134/3573/5980
f 3049/3574/5981 3127/3566/5981 3055/3575/5981
f 3069/3576/5982 3128/3570/5982 3127/3566/5982
f 3067/3577/5983 3128/3570/5983 3068/3578/5983
f 3053/3525/5984 3129/3569/5984 3067/3577/5984
f 3078/3535/5985 3132/3579/5985 3129/3569/5985
f 3132/3579/5986 3076/3545/5986 3135/3572/5986
f 3135/3572/5987 3051/3544/5987 3087/3580/5987
f 3134/3573/5988 3087/3580/5988 3086/3581/5988
f 3134/3573/5989 3085/3582/5989 3133/3571/5989
f 3133/3571/5990 3047/3583/5990 3057/3584/5990
f 3130/3568/5991 3057/3584/5991 3056/3585/5991
f 3055/3575/5992 3130/3568/5992 3056/3585/5992
f 3136/3586/5993 3140/3587/5993 3139/3588/5993
f 3138/3589/5994 3140/3587/5994 3137/3590/5994
f 3140/3587/5995 3142/3591/5995 3139/3588/5995
f 3140/3587/5996 3144/3592/5996 3143/3593/5996
f 3054/3536/5997 3136/3586/5997 3079/3537/5997
f 3072/3594/5998 3137/3590/5998 3136/3586/5998
f 3070/3595/5999 3137/3590/5999 3071/3596/5999
f 3050/3597/6000 3138/3589/6000 3070/3595/6000
f 3063/3598/6001 3141/3599/6001 3138/3589/6001
f 3141/3599/6002 3061/3600/6002 3144/3592/6002
f 3144/3592/6003 3048/3601/6003 3090/3602/6003
f 3143/3593/6004 3090/3602/6004 3089/3603/6004
f 3143/3593/6005 3088/3604/6005 3142/3591/6005
f 3142/3591/6006 3052/3540/6006 3081/3539/6006
f 3139/3588/6007 3081/3539/6007 3080/3605/6007
f 3079/3537/6008 3139/3588/6008 3080/3605/6008
f 3091/3484/6009 3092/3488/6009 3095/3485/6009
f 3093/3487/6010 3096/3499/6010 3095/3485/6010
f 3095/3485/6011 3098/3491/6011 3097/3489/6011
f 3095/3485/6012 3096/3499/6012 3099/3490/6012
f 3047/3492/6013 3058/3494/6013 3091/3484/6013
f 3058/3494/6014 3059/3496/6014 3092/3488/6014
f 3060/3495/6015 3093/3487/6015 3092/3488/6015
f 3048/3497/6016 3061/3498/6016 3093/3487/6016
f 3061/3498/6017 3062/3606/6017 3096/3499/6017
f 3096/3499/6018 3062/3606/6018 3063/3500/6018
f 3099/3490/6019 3063/3500/6019 3050/3501/6019
f 3098/3491/6020 3099/3490/6020 3064/3502/6020
f 3098/3491/6021 3065/3503/6021 3066/3504/6021
f 3097/3489/6022 3066/3504/6022 3049/3505/6022
f 3094/3486/6023 3097/3489/6023 3055/3506/6023
f 3057/3493/6024 3091/3484/6024 3094/3486/6024
f 3101/3508/6025 3104/3512/6025 3103/3509/6025
f 3101/3508/6026 3102/3516/6026 3105/3511/6026
f 3103/3509/6027 3104/3512/6027 3107/3513/6027
f 3105/3511/6028 3108/3519/6028 3107/3513/6028
f 3066/3504/6029 3100/3510/6029 3069/3515/6029
f 3065/3503/6030 3101/3508/6030 3100/3510/6030
f 3065/3503/6031 3064/3502/6031 3102/3516/6031
f 3064/3502/6032 3050/3501/6032 3070/3517/6032
f 3102/3516/6033 3070/3517/6033 3071/3518/6033
f 3071/3518/6034 3072/3520/6034 3108/3519/6034
f 3072/3520/6035 3054/3536/6035 3073/3521/6035
f 3108/3519/6036 3073/3521/6036 3074/3522/6036
f 3106/3514/6037 3107/3513/6037 3074/3522/6037
f 3067/3524/6038 3106/3514/6038 3075/3523/6038
f 3068/3526/6039 3103/3509/6039 3106/3514/6039
f 3100/3510/6040 3103/3509/6040 3068/3526/6040
f 3109/3527/6041 3110/3531/6041 3113/3528/6041
f 3111/3530/6042 3114/3538/6042 3113/3528/6042
f 3113/3528/6043 3116/3534/6043 3115/3532/6043
f 3113/3528/6044 3114/3538/6044 3117/3533/6044
f 3053/3525/6045 3075/3523/6045 3109/3527/6045
f 3075/3523/6046 3074/3522/6046 3110/3531/6046
f 3073/3521/6047 3111/3530/6047 3110/3531/6047
f 3054/3536/6048 3079/3537/6048 3111/3530/6048
f 3079/3537/6049 3080/3605/6049 3114/3538/6049
f 3114/3538/6050 3080/3605/6050 3081/3539/6050
f 3117/3533/6051 3081/3539/6051 3052/3540/6051
f 3116/3534/6052 3117/3533/6052 3082/3541/6052
f 3116/3534/6053 3083/3542/6053 3084/3543/6053
f 3115/3532/6054 3084/3543/6054 3051/3544/6054
f 3112/3529/6055 3115/3532/6055 3076/3545/6055
f 3078/3535/6056 3109/3527/6056 3112/3529/6056
f 3119/3547/6057 3122/3551/6057 3121/3548/6057
f 3119/3547/6058 3120/3555/6058 3123/3550/6058
f 3121/3548/6059 3122/3551/6059 3125/3552/6059
f 3123/3550/6060 3126/3558/6060 3125/3552/6060
f 3084/3543/6061 3118/3549/6061 3087/3554/6061
f 3083/3542/6062 3119/3547/6062 3118/3549/6062
f 3083/3542/6063 3082/3541/6063 3120/3555/6063
f 3082/3541/6064 3052/3540/6064 3088/3556/6064
f 3120/3555/6065 3088/3556/6065 3089/3557/6065
f 3089/3557/6066 3090/3559/6066 3126/3558/6066
f 3090/3559/6067 3048/3607/6067 3060/3560/6067
f 3126/3558/6068 3060/3560/6068 3059/3561/6068
f 3124/3553/6069 3125/3552/6069 3059/3561/6069
f 3085/3563/6070 3124/3553/6070 3058/3562/6070
f 3086/3565/6071 3121/3548/6071 3124/3553/6071
f 3118/3549/6072 3121/3548/6072 3086/3565/6072
f 3127/3566/6073 3128/3570/6073 3131/3567/6073
f 3129/3569/6074 3132/3579/6074 3131/3567/6074
f 3131/3567/6075 3134/3573/6075 3133/3571/6075
f 3131/3567/6076 3132/3579/6076 3135/3572/6076
f 3049/3574/6077 3069/3576/6077 3127/3566/6077
f 3069/3576/6078 3068/3578/6078 3128/3570/6078
f 3067/3577/6079 3129/3569/6079 3128/3570/6079
f 3053/3525/6080 3078/3535/6080 3129/3569/6080
f 3078/3535/6081 3077/3546/6081 3132/3579/6081
f 3132/3579/6082 3077/3546/6082 3076/3545/6082
f 3135/3572/6083 3076/3545/6083 3051/3544/6083
f 3134/3573/6084 3135/3572/6084 3087/3580/6084
f 3134/3573/6085 3086/3581/6085 3085/3582/6085
f 3133/3571/6086 3085/3582/6086 3047/3583/6086
f 3130/3568/6087 3133/3571/6087 3057/3584/6087
f 3055/3575/6088 3127/3566/6088 3130/3568/6088
f 3136/3586/6089 3137/3590/6089 3140/3587/6089
f 3138/3589/6090 3141/3599/6090 3140/3587/6090
f 3140/3587/6091 3143/3593/6091 3142/3591/6091
f 3140/3587/6092 3141/3599/6092 3144/3592/6092
f 3054/3536/6093 3072/3594/6093 3136/3586/6093
f 3072/3594/6094 3071/3596/6094 3137/3590/6094
f 3070/3595/6095 3138/3589/6095 3137/3590/6095
f 3050/3597/6096 3063/3598/6096 3138/3589/6096
f 3063/3598/6097 3062/3608/6097 3141/3599/6097
f 3141/3599/6098 3062/3608/6098 3061/3600/6098
f 3144/3592/6099 3061/3600/6099 3048/3601/6099
f 3143/3593/6100 3144/3592/6100 3090/3602/6100
f 3143/3593/6101 3089/3603/6101 3088/3604/6101
f 3142/3591/6102 3088/3604/6102 3052/3540/6102
f 3139/3588/6103 3142/3591/6103 3081/3539/6103
f 3079/3537/6104 3136/3586/6104 3139/3588/6104
o Cab_Vent_5
v 0.456676 0.940750 0.058066
v 0.456676 0.953250 0.058066
v 0.453012 0.940750 -0.081887
v 0.453012 0.953250 -0.081887
v 0.466673 0.940750 0.057804
v 0.466673 0.953250 0.057804
v 0.463008 0.940750 -0.082148
v 0.463008 0.953250 -0.082148
v 0.453028 0.939838 -0.053408
v 0.453749 0.939380 -0.011882
v 0.455202 0.939838 0.029625
v 0.456215 0.943292 0.068292
v 0.455983 0.947000 0.073428
v 0.456215 0.950708 0.068292
v 0.455202 0.954162 0.029625
v 0.453749 0.954620 -0.011882
v 0.453028 0.954162 -0.053408
v 0.452015 0.950708 -0.092075
v 0.451515 0.947000 -0.097192
v 0.452015 0.943292 -0.092075
v 0.460708 0.939838 -0.092302
v 0.457608 0.939380 -0.097352
v 0.454777 0.939838 -0.092147
v 0.454777 0.954162 -0.092147
v 0.457608 0.954620 -0.097352
v 0.460708 0.954162 -0.092302
v 0.463470 0.950708 -0.092374
v 0.463702 0.947000 -0.097511
v 0.463470 0.943292 -0.092374
v 0.466657 0.939838 0.029325
v 0.465936 0.939380 -0.012201
v 0.464483 0.939838 -0.053708
v 0.464483 0.954162 -0.053708
v 0.465936 0.954620 -0.012201
v 0.466657 0.954162 0.029325
v 0.467669 0.950708 0.067992
v 0.468170 0.947000 0.073109
v 0.467669 0.943292 0.067992
v 0.458977 0.939838 0.068219
v 0.462076 0.939380 0.073269
v 0.464908 0.939838 0.068064
v 0.464908 0.954162 0.068064
v 0.462076 0.954620 0.073269
v 0.458977 0.954162 0.068219
v 0.453714 0.943048 0.032396
v 0.453248 0.947000 0.034787
v 0.453714 0.950952 0.032396
v 0.452027 0.942836 -0.011837
v 0.451450 0.947000 -0.011822
v 0.452027 0.951164 -0.011837
v 0.451396 0.943048 -0.056097
v 0.450806 0.947000 -0.058460
v 0.451396 0.950952 -0.056097
v 0.454010 0.943048 -0.113982
v 0.453647 0.947000 -0.121373
v 0.454010 0.950952 -0.113982
v 0.456977 0.942836 -0.121460
v 0.456766 0.947000 -0.129532
v 0.456977 0.951164 -0.121460
v 0.460331 0.943048 -0.114148
v 0.460307 0.947000 -0.121547
v 0.460331 0.950952 -0.114148
v 0.465971 0.943048 -0.056479
v 0.466437 0.947000 -0.058870
v 0.465971 0.950952 -0.056479
v 0.467658 0.942836 -0.012246
v 0.468235 0.947000 -0.012261
v 0.467658 0.951164 -0.012246
v 0.468288 0.943048 0.032015
v 0.468879 0.947000 0.034378
v 0.468288 0.950952 0.032015
v 0.465674 0.943048 0.089899
v 0.466038 0.947000 0.097290
v 0.465674 0.950952 0.089899
v 0.462708 0.942836 0.097377
v 0.462919 0.947000 0.105449
v 0.462708 0.951164 0.097377
v 0.459353 0.943048 0.090065
v 0.459377 0.947000 0.097464
v 0.459353 0.950952 0.090065
v 0.455523 0.937888 -0.056205
v 0.458622 0.937227 -0.058665
v 0.461844 0.937888 -0.056371
v 0.456512 0.937227 -0.011954
v 0.459842 0.936506 -0.012041
v 0.463173 0.937227 -0.012129
v 0.457841 0.937888 0.032288
v 0.461063 0.937227 0.034582
v 0.464162 0.937888 0.032123
v 0.461844 0.956112 -0.056371
v 0.458622 0.956773 -0.058665
v 0.455523 0.956112 -0.056205
v 0.463173 0.956773 -0.012129
v 0.459842 0.957494 -0.012041
v 0.456512 0.956773 -0.011954
v 0.464162 0.956112 0.032123
v 0.461063 0.956773 0.034582
v 0.457841 0.956112 0.032288
vn -0.9898 -0.1372 0.0384
vn -0.9895 0.1397 0.0382
vn -0.9905 -0.1372 0.0134
vn -0.9901 0.1397 0.0137
vn -0.8845 -0.4626 0.0607
vn -0.9849 -0.1583 0.0697
vn -0.9849 0.1582 0.0697
vn -0.9013 0.4281 0.0657
vn -0.8943 0.4460 0.0362
vn -0.8950 0.4460 0.0106
vn -0.9035 0.4281 -0.0184
vn -0.9872 0.1582 -0.0181
vn -0.9872 -0.1583 -0.0181
vn -0.8865 -0.4626 -0.0143
vn -0.8949 -0.4461 0.0106
vn -0.8942 -0.4461 0.0362
vn -0.7522 -0.5957 -0.2816
vn -0.7510 0.5946 -0.2871
vn 0.7365 -0.5957 -0.3205
vn 0.7350 0.5946 -0.3260
vn -0.7793 -0.6216 -0.0789
vn -0.9651 -0.2477 -0.0851
vn -0.9650 0.2479 -0.0851
vn -0.7800 0.6225 -0.0641
vn -0.3734 0.9196 -0.1220
vn 0.3665 0.9196 -0.1414
vn 0.7756 0.6225 -0.1048
vn 0.9593 0.2479 -0.1355
vn 0.9593 -0.2477 -0.1355
vn 0.7741 -0.6216 -0.1196
vn 0.3663 -0.9197 -0.1414
vn -0.3732 -0.9197 -0.1221
vn 0.9898 -0.1372 -0.0384
vn 0.9895 0.1397 -0.0382
vn 0.9905 -0.1372 -0.0134
vn 0.9901 0.1397 -0.0137
vn 0.8845 -0.4626 -0.0607
vn 0.9849 -0.1583 -0.0697
vn 0.9849 0.1582 -0.0697
vn 0.9013 0.4281 -0.0657
vn 0.8943 0.4460 -0.0362
vn 0.8950 0.4460 -0.0106
vn 0.9035 0.4281 0.0184
vn 0.9872 0.1582 0.0181
vn 0.9872 -0.1583 0.0181
vn 0.8865 -0.4626 0.0143
vn 0.8949 -0.4461 -0.0106
vn 0.8942 -0.4461 -0.0362
vn 0.7522 -0.5957 0.2816
vn 0.7510 0.5946 0.2871
vn -0.7365 -0.5957 0.3205
vn -0.7350 0.5946 0.3260
vn 0.7793 -0.6216 0.0789
vn 0.9651 -0.2477 0.0851
vn 0.9650 0.2479 0.0851
vn 0.7800 0.6225 0.0641
vn 0.3734 0.9196 0.1220
vn -0.3665 0.9196 0.1414
vn -0.7756 0.6225 0.1048
vn -0.9593 0.2479 0.1355
vn -0.9593 -0.2477 0.1355
vn -0.7741 -0.6216 0.1196
vn -0.3663 -0.9197 0.1414
vn 0.3732 -0.9197 0.1221
vn -0.2118 -0.9773 -0.0099
vn 0.2149 -0.9764 -0.0207
vn -0.2110 -0.9773 0.0209
vn 0.2157 -0.9764 0.0095
vn -0.6325 -0.7741 -0.0244
vn -0.2442 -0.9686 -0.0475
vn 0.2412 -0.9686 -0.0602
vn 0.5933 -0.8026 -0.0623
vn 0.6138 -0.7889 -0.0302
vn 0.6145 -0.7889 -0.0020
vn 0.5957 -0.8026 0.0312
vn 0.2440 -0.9686 0.0475
vn -0.2414 -0.9686 0.0602
vn -0.6304 -0.7741 0.0575
vn -0.6139 -0.7888 0.0302
vn -0.6146 -0.7888 0.0020
vn 0.2110 0.9773 -0.0209
vn -0.2157 0.9764 -0.0095
vn 0.2118 0.9773 0.0099
vn -0.2149 0.9764 0.0207
vn 0.6304 0.7741 -0.0575
vn 0.2414 0.9686 -0.0602
vn -0.2440 0.9686 -0.0475
vn -0.5957 0.8026 -0.0312
vn -0.6145 0.7889 0.0020
vn -0.6138 0.7889 0.0302
vn -0.5933 0.8026 0.0623
vn -0.2412 0.9686 0.0602
vn 0.2442 0.9686 0.0475
vn 0.6325 0.7741 0.0244
vn 0.6146 0.7888 -0.0020
vn 0.6139 0.7888 -0.0302
vn -0.9895 -0.1397 0.0382
vn -0.9898 0.1372 0.0384
vn -0.9901 -0.1397 0.0137
vn -0.9905 0.1372 0.0134
vn -0.9013 -0.4281 0.0657
vn -0.9849 -0.1582 0.0697
vn -0.9849 0.1583 0.0697
vn -0.8845 0.4626 0.0607
vn -0.8942 0.4461 0.0362
vn -0.8949 0.4461 0.0106
vn -0.8865 0.4626 -0.0143
vn -0.9872 0.1583 -0.0181
vn -0.9872 -0.1582 -0.0181
vn -0.9035 -0.4281 -0.0184
vn -0.8950 -0.4460 0.0106
vn -0.8943 -0.4460 0.0362
vn -0.7510 -0.5946 -0.2871
vn -0.7522 0.5957 -0.2816
vn 0.7350 -0.5946 -0.3260
vn 0.7365 0.5957 -0.3205
vn -0.7800 -0.6225 -0.0641
vn -0.9650 -0.2479 -0.0851
vn -0.9651 0.2477 -0.0851
vn -0.7793 0.6216 -0.0789
vn -0.3732 0.9197 -0.1221
vn 0.3663 0.9197 -0.1414
vn 0.7741 0.6216 -0.1196
vn 0.9593 0.2477 -0.1355
vn 0.9593 -0.2479 -0.1355
vn 0.7756 -0.6225 -0.1048
vn 0.3665 -0.9196 -0.1414
vn -0.3734 -0.9196 -0.1220
vn 0.9895 -0.1397 -0.0382
vn 0.9898 0.1372 -0.0384
vn 0.9901 -0.1397 -0.0137
vn 0.9905 0.1372 -0.0134
vn 0.9013 -0.4281 -0.0657
vn 0.9849 -0.1582 -0.0697
vn 0.9849 0.1583 -0.0697
vn 0.8845 0.4626 -0.0607
vn 0.8942 0.4461 -0.0362
vn 0.8949 0.4461 -0.0106
vn 0.8865 0.4626 0.0143
vn 0.9872 0.1583 0.0181
vn 0.9872 -0.1582 0.0181
vn 0.9035 -0.4281 0.0184
vn 0.8950 -0.4460 -0.0106
vn 0.8943 -0.4460 -0.0362
vn 0.7510 -0.5946 0.2871
vn 0.7522 0.5957 0.2816
vn -0.7350 -0.5946 0.3260
vn -0.7365 0.5957 0.3205
vn 0.7800 -0.6225 0.0641
vn 0.9650 -0.2479 0.0851
vn 0.9651 0.2477 0.0851
vn 0.7793 0.6216 0.0789
vn 0.3732 0.9197 0.1221
vn -0.3663 0.9197 0.1414
vn -0.7741 0.6216 0.1196
vn -0.9593 0.2477 0.1355
vn -0.9593 -0.2479 0.1355
vn -0.7756 -0.6225 0.1048
vn -0.3665 -0.9196 0.1414
vn 0.3734 -0.9196 0.1220
vn -0.2157 -0.9764 -0.0095
vn 0.2110 -0.9773 -0.0209
vn -0.2149 -0.9764 0.0207
vn 0.2118 -0.9773 0.0099
vn -0.5957 -0.8026 -0.0312
vn -0.2440 -0.9686 -0.0475
vn 0.2414 -0.9686 -0.0602
vn 0.6304 -0.7741 -0.0575
vn 0.6139 -0.7888 -0.0302
vn 0.6146 -0.7888 -0.0020
vn 0.6325 -0.7741 0.0244
vn 0.2442 -0.9686 0.0475
vn -0.2412 -0.9686 0.0602
vn -0.5933 -0.8026 0.0623
vn -0.6138 -0.7889 0.0302
vn -0.6145 -0.7889 0.0020
vn 0.2149 0.9764 -0.0207
vn -0.2118 0.9773 -0.0099
vn 0.2157 0.9764 0.0095
vn -0.2110 0.9773 0.0209
vn 0.5933 0.8026 -0.0623
vn 0.2412 0.9686 -0.0602
vn -0.2442 0.9686 -0.0475
vn -0.6325 0.7741 -0.0244
vn -0.6146 0.7888 0.0020
vn -0.6139 0.7888 0.0302
vn -0.6304 0.7741 0.0575
vn -0.2414 0.9686 0.0602
vn 0.2440 0.9686 0.0475
vn 0.5957 0.8026 0.0312
vn 0.6145 0.7889 -0.0020
vn 0.6138 0.7889 -0.0302
vt 0.437500 0.062500
vt 0.500000 0.125000
vt 0.437500 0.125000
vt 0.562500 0.062500
vt 0.500000 0.062500
vt 0.437500 0.187500
vt 0.562500 0.187500
vt 0.500000 0.187500
vt 0.375000 0.000000
vt 0.375000 0.062500
vt 0.437500 0.000000
vt 0.562500 0.000000
vt 0.500000 0.000000
vt 0.625000 0.000000
vt 0.625000 0.062500
vt 0.562500 0.125000
vt 0.625000 0.187500
vt 0.625000 0.250000
vt 0.562500 0.250000
vt 0.500000 0.250000
vt 0.437500 0.250000
vt 0.375000 0.250000
vt 0.375000 0.187500
vt 0.375000 0.125000
vt 0.500000 0.312500
vt 0.437500 0.375000
vt 0.437500 0.312500
vt 0.562500 0.375000
vt 0.500000 0.375000
vt 0.500000 0.437500
vt 0.437500 0.437500
vt 0.375000 0.312500
vt 0.562500 0.312500
vt 0.625000 0.312500
vt 0.625000 0.375000
vt 0.562500 0.437500
vt 0.625000 0.437500
vt 0.562500 0.500000
vt 0.500000 0.500000
vt 0.437500 0.500000
vt 0.375000 0.437500
vt 0.375000 0.500000
vt 0.375000 0.375000
vt 0.437500 0.562500
vt 0.500000 0.625000
vt 0.437500 0.625000
vt 0.562500 0.562500
vt 0.500000 0.562500
vt 0.437500 0.687500
vt 0.562500 0.687500
vt 0.500000 0.687500
vt 0.375000 0.562500
vt 0.625000 0.500000
vt 0.625000 0.562500
vt 0.562500 0.625000
vt 0.625000 0.687500
vt 0.625000 0.750000
vt 0.562500 0.750000
vt 0.500000 0.750000
vt 0.437500 0.750000
vt 0.375000 0.750000
vt 0.375000 0.687500
vt 0.375000 0.625000
vt 0.500000 0.812500
vt 0.437500 0.875000
vt 0.437500 0.812500
vt 0.562500 0.875000
vt 0.500000 0.875000
vt 0.500000 0.937500
vt 0.437500 0.937500
vt 0.375000 0.812500
vt 0.562500 0.812500
vt 0.625000 0.812500
vt 0.625000 0.875000
vt 0.562500 0.937500
vt 0.625000 0.937500
vt 0.562500 1.000000
vt 0.500000 1.000000
vt 0.437500 1.000000
vt 0.375000 0.937500
vt 0.375000 1.000000
vt 0.375000 0.875000
vt 0.187500 0.562500
vt 0.250000 0.625000
vt 0.187500 0.625000
vt 0.312500 0.562500
vt 0.250000 0.562500
vt 0.187500 0.687500
vt 0.312500 0.687500
vt 0.250000 0.687500
vt 0.125000 0.500000
vt 0.125000 0.562500
vt 0.187500 0.500000
vt 0.312500 0.500000
vt 0.250000 0.500000
vt 0.312500 0.625000
vt 0.312500 0.750000
vt 0.250000 0.750000
vt 0.187500 0.750000
vt 0.125000 0.750000
vt 0.125000 0.687500
vt 0.125000 0.625000
vt 0.687500 0.562500
vt 0.750000 0.625000
vt 0.687500 0.625000
vt 0.812500 0.562500
vt 0.750000 0.562500
vt 0.687500 0.687500
vt 0.812500 0.687500
vt 0.750000 0.687500
vt 0.687500 0.500000
vt 0.812500 0.500000
vt 0.750000 0.500000
vt 0.875000 0.500000
vt 0.875000 0.562500
vt 0.812500 0.625000
vt 0.875000 0.687500
vt 0.875000 0.750000
vt 0.812500 0.750000
vt 0.750000 0.750000
vt 0.687500 0.750000
vt 0.625000 0.625000
vt 0.625000 0.125000
vt 0.625000 1.000000
vt 0.875000 0.625000
s 0
usemtl HM_CabVent
f 3189/3609/6105 3193/3610/6105 3192/3611/6105
f 3191/3612/6106 3193/3610/6106 3190/3613/6106
f 3193/3610/6107 3195/3614/6107 3192/3611/6107
f 3193/3610/6108 3197/3615/6108 3196/3616/6108
f 3145/3617/6109 3189/3609/6109 3155/3618/6109
f 3156/3619/6110 3190/3613/6110 3189/3609/6110
f 3158/3620/6111 3190/3613/6111 3157/3621/6111
f 3146/3622/6112 3191/3612/6112 3158/3620/6112
f 3159/3623/6113 3194/3624/6113 3191/3612/6113
f 3194/3624/6114 3161/3625/6114 3197/3615/6114
f 3197/3615/6115 3148/3626/6115 3162/3627/6115
f 3196/3616/6116 3162/3627/6116 3163/3628/6116
f 3196/3616/6117 3164/3629/6117 3195/3614/6117
f 3195/3614/6118 3147/3630/6118 3153/3631/6118
f 3192/3611/6119 3153/3631/6119 3154/3632/6119
f 3155/3618/6120 3192/3611/6120 3154/3632/6120
f 3199/3633/6121 3201/3634/6121 3198/3635/6121
f 3199/3633/6122 3203/3636/6122 3202/3637/6122
f 3201/3634/6123 3205/3638/6123 3204/3639/6123
f 3203/3636/6124 3205/3638/6124 3202/3637/6124
f 3164/3629/6125 3167/3640/6125 3147/3630/6125
f 3163/3628/6126 3198/3635/6126 3164/3629/6126
f 3163/3628/6127 3200/3641/6127 3199/3633/6127
f 3162/3627/6128 3168/3642/6128 3200/3641/6128
f 3200/3641/6129 3169/3643/6129 3203/3636/6129
f 3169/3643/6130 3206/3644/6130 3203/3636/6130
f 3170/3645/6131 3171/3646/6131 3206/3644/6131
f 3206/3644/6132 3172/3647/6132 3205/3638/6132
f 3204/3639/6133 3172/3647/6133 3173/3648/6133
f 3165/3649/6134 3173/3648/6134 3151/3650/6134
f 3166/3651/6135 3204/3639/6135 3165/3649/6135
f 3198/3635/6136 3166/3651/6136 3167/3640/6136
f 3207/3652/6137 3211/3653/6137 3210/3654/6137
f 3209/3655/6138 3211/3653/6138 3208/3656/6138
f 3211/3653/6139 3213/3657/6139 3210/3654/6139
f 3211/3653/6140 3215/3658/6140 3214/3659/6140
f 3151/3650/6141 3207/3652/6141 3176/3660/6141
f 3173/3648/6142 3208/3656/6142 3207/3652/6142
f 3171/3646/6143 3208/3656/6143 3172/3647/6143
f 3152/3661/6144 3209/3655/6144 3171/3646/6144
f 3177/3662/6145 3212/3663/6145 3209/3655/6145
f 3212/3663/6146 3179/3664/6146 3215/3658/6146
f 3215/3658/6147 3150/3665/6147 3180/3666/6147
f 3214/3659/6148 3180/3666/6148 3181/3667/6148
f 3214/3659/6149 3182/3668/6149 3213/3657/6149
f 3213/3657/6150 3149/3669/6150 3174/3670/6150
f 3210/3654/6151 3174/3670/6151 3175/3671/6151
f 3176/3660/6152 3210/3654/6152 3175/3671/6152
f 3217/3672/6153 3219/3673/6153 3216/3674/6153
f 3217/3672/6154 3221/3675/6154 3220/3676/6154
f 3219/3673/6155 3223/3677/6155 3222/3678/6155
f 3221/3675/6156 3223/3677/6156 3220/3676/6156
f 3182/3668/6157 3185/3679/6157 3149/3669/6157
f 3181/3667/6158 3216/3674/6158 3182/3668/6158
f 3181/3667/6159 3218/3680/6159 3217/3672/6159
f 3180/3666/6160 3186/3681/6160 3218/3680/6160
f 3218/3680/6161 3187/3682/6161 3221/3675/6161
f 3187/3682/6162 3224/3683/6162 3221/3675/6162
f 3188/3684/6163 3158/3685/6163 3224/3683/6163
f 3224/3683/6164 3157/3686/6164 3223/3677/6164
f 3222/3678/6165 3157/3686/6165 3156/3687/6165
f 3183/3688/6166 3156/3687/6166 3145/3689/6166
f 3184/3690/6167 3222/3678/6167 3183/3688/6167
f 3216/3674/6168 3184/3690/6168 3185/3679/6168
f 3225/3691/6169 3229/3692/6169 3228/3693/6169
f 3227/3694/6170 3229/3692/6170 3226/3695/6170
f 3229/3692/6171 3231/3696/6171 3228/3693/6171
f 3229/3692/6172 3233/3697/6172 3232/3698/6172
f 3147/3699/6173 3225/3691/6173 3153/3700/6173
f 3167/3701/6174 3226/3695/6174 3225/3691/6174
f 3165/3702/6175 3226/3695/6175 3166/3703/6175
f 3151/3650/6176 3227/3694/6176 3165/3702/6176
f 3176/3660/6177 3230/3704/6177 3227/3694/6177
f 3230/3704/6178 3174/3670/6178 3233/3697/6178
f 3233/3697/6179 3149/3669/6179 3185/3705/6179
f 3232/3698/6180 3185/3705/6180 3184/3706/6180
f 3232/3698/6181 3183/3707/6181 3231/3696/6181
f 3231/3696/6182 3145/3708/6182 3155/3709/6182
f 3228/3693/6183 3155/3709/6183 3154/3710/6183
f 3153/3700/6184 3228/3693/6184 3154/3710/6184
f 3234/3711/6185 3238/3712/6185 3237/3713/6185
f 3236/3714/6186 3238/3712/6186 3235/3715/6186
f 3238/3712/6187 3240/3716/6187 3237/3713/6187
f 3238/3712/6188 3242/3717/6188 3241/3718/6188
f 3152/3661/6189 3234/3711/6189 3177/3662/6189
f 3170/3719/6190 3235/3715/6190 3234/3711/6190
f 3168/3720/6191 3235/3715/6191 3169/3721/6191
f 3148/3722/6192 3236/3714/6192 3168/3720/6192
f 3161/3723/6193 3239/3724/6193 3236/3714/6193
f 3239/3724/6194 3159/3725/6194 3242/3717/6194
f 3242/3717/6195 3146/3726/6195 3188/3727/6195
f 3241/3718/6196 3188/3727/6196 3187/3728/6196
f 3241/3718/6197 3186/3729/6197 3240/3716/6197
f 3240/3716/6198 3150/3665/6198 3179/3664/6198
f 3237/3713/6199 3179/3664/6199 3178/3730/6199
f 3177/3662/6200 3237/3713/6200 3178/3730/6200
f 3189/3609/6201 3190/3613/6201 3193/3610/6201
f 3191/3612/6202 3194/3624/6202 3193/3610/6202
f 3193/3610/6203 3196/3616/6203 3195/3614/6203
f 3193/3610/6204 3194/3624/6204 3197/3615/6204
f 3145/3617/6205 3156/3619/6205 3189/3609/6205
f 3156/3619/6206 3157/3621/6206 3190/3613/6206
f 3158/3620/6207 3191/3612/6207 3190/3613/6207
f 3146/3622/6208 3159/3623/6208 3191/3612/6208
f 3159/3623/6209 3160/3731/6209 3194/3624/6209
f 3194/3624/6210 3160/3731/6210 3161/3625/6210
f 3197/3615/6211 3161/3625/6211 3148/3626/6211
f 3196/3616/6212 3197/3615/6212 3162/3627/6212
f 3196/3616/6213 3163/3628/6213 3164/3629/6213
f 3195/3614/6214 3164/3629/6214 3147/3630/6214
f 3192/3611/6215 3195/3614/6215 3153/3631/6215
f 3155/3618/6216 3189/3609/6216 3192/3611/6216
f 3199/3633/6217 3202/3637/6217 3201/3634/6217
f 3199/3633/6218 3200/3641/6218 3203/3636/6218
f 3201/3634/6219 3202/3637/6219 3205/3638/6219
f 3203/3636/6220 3206/3644/6220 3205/3638/6220
f 3164/3629/6221 3198/3635/6221 3167/3640/6221
f 3163/3628/6222 3199/3633/6222 3198/3635/6222
f 3163/3628/6223 3162/3627/6223 3200/3641/6223
f 3162/3627/6224 3148/3626/6224 3168/3642/6224
f 3200/3641/6225 3168/3642/6225 3169/3643/6225
f 3169/3643/6226 3170/3645/6226 3206/3644/6226
f 3170/3645/6227 3152/3661/6227 3171/3646/6227
f 3206/3644/6228 3171/3646/6228 3172/3647/6228
f 3204/3639/6229 3205/3638/6229 3172/3647/6229
f 3165/3649/6230 3204/3639/6230 3173/3648/6230
f 3166/3651/6231 3201/3634/6231 3204/3639/6231
f 3198/3635/6232 3201/3634/6232 3166/3651/6232
f 3207/3652/6233 3208/3656/6233 3211/3653/6233
f 3209/3655/6234 3212/3663/6234 3211/3653/6234
f 3211/3653/6235 3214/3659/6235 3213/3657/6235
f 3211/3653/6236 3212/3663/6236 3215/3658/6236
f 3151/3650/6237 3173/3648/6237 3207/3652/6237
f 3173/3648/6238 3172/3647/6238 3208/3656/6238
f 3171/3646/6239 3209/3655/6239 3208/3656/6239
f 3152/3661/6240 3177/3662/6240 3209/3655/6240
f 3177/3662/6241 3178/3730/6241 3212/3663/6241
f 3212/3663/6242 3178/3730/6242 3179/3664/6242
f 3215/3658/6243 3179/3664/6243 3150/3665/6243
f 3214/3659/6244 3215/3658/6244 3180/3666/6244
f 3214/3659/6245 3181/3667/6245 3182/3668/6245
f 3213/3657/6246 3182/3668/6246 3149/3669/6246
f 3210/3654/6247 3213/3657/6247 3174/3670/6247
f 3176/3660/6248 3207/3652/6248 3210/3654/6248
f 3217/3672/6249 3220/3676/6249 3219/3673/6249
f 3217/3672/6250 3218/3680/6250 3221/3675/6250
f 3219/3673/6251 3220/3676/6251 3223/3677/6251
f 3221/3675/6252 3224/3683/6252 3223/3677/6252
f 3182/3668/6253 3216/3674/6253 3185/3679/6253
f 3181/3667/6254 3217/3672/6254 3216/3674/6254
f 3181/3667/6255 3180/3666/6255 3218/3680/6255
f 3180/3666/6256 3150/3665/6256 3186/3681/6256
f 3218/3680/6257 3186/3681/6257 3187/3682/6257
f 3187/3682/6258 3188/3684/6258 3224/3683/6258
f 3188/3684/6259 3146/3732/6259 3158/3685/6259
f 3224/3683/6260 3158/3685/6260 3157/3686/6260
f 3222/3678/6261 3223/3677/6261 3157/3686/6261
f 3183/3688/6262 3222/3678/6262 3156/3687/6262
f 3184/3690/6263 3219/3673/6263 3222/3678/6263
f 3216/3674/6264 3219/3673/6264 3184/3690/6264
f 3225/3691/6265 3226/3695/6265 3229/3692/6265
f 3227/3694/6266 3230/3704/6266 3229/3692/6266
f 3229/3692/6267 3232/3698/6267 3231/3696/6267
f 3229/3692/6268 3230/3704/6268 3233/3697/6268
f 3147/3699/6269 3167/3701/6269 3225/3691/6269
f 3167/3701/6270 3166/3703/6270 3226/3695/6270
f 3165/3702/6271 3227/3694/6271 3226/3695/6271
f 3151/3650/6272 3176/3660/6272 3227/3694/6272
f 3176/3660/6273 3175/3671/6273 3230/3704/6273
f 3230/3704/6274 3175/3671/6274 3174/3670/6274
f 3233/3697/6275 3174/3670/6275 3149/3669/6275
f 3232/3698/6276 3233/3697/6276 3185/3705/6276
f 3232/3698/6277 3184/3706/6277 3183/3707/6277
f 3231/3696/6278 3183/3707/6278 3145/3708/6278
f 3228/3693/6279 3231/3696/6279 3155/3709/6279
f 3153/3700/6280 3225/3691/6280 3228/3693/6280
f 3234/3711/6281 3235/3715/6281 3238/3712/6281
f 3236/3714/6282 3239/3724/6282 3238/3712/6282
f 3238/3712/6283 3241/3718/6283 3240/3716/6283
f 3238/3712/6284 3239/3724/6284 3242/3717/6284
f 3152/3661/6285 3170/3719/6285 3234/3711/6285
f 3170/3719/6286 3169/3721/6286 3235/3715/6286
f 3168/3720/6287 3236/3714/6287 3235/3715/6287
f 3148/3722/6288 3161/3723/6288 3236/3714/6288
f 3161/3723/6289 3160/3733/6289 3239/3724/6289
f 3239/3724/6290 3160/3733/6290 3159/3725/6290
f 3242/3717/6291 3159/3725/6291 3146/3726/6291
f 3241/3718/6292 3242/3717/6292 3188/3727/6292
f 3241/3718/6293 3187/3728/6293 3186/3729/6293
f 3240/3716/6294 3186/3729/6294 3150/3665/6294
f 3237/3713/6295 3240/3716/6295 3179/3664/6295
f 3177/3662/6296 3234/3711/6296 3237/3713/6296
o Cab_Warn
v -0.093317 0.987000 0.256531
v -0.093317 1.107000 0.256531
v -0.093526 0.987000 0.248533
v -0.093526 1.107000 0.248533
v 0.106615 0.987000 0.251295
v 0.106615 1.107000 0.251295
v 0.106405 0.987000 0.243298
v 0.106405 1.107000 0.243298
vn -0.9997 -0.0000 0.0262
vn -0.0262 -0.0000 -0.9997
vn 0.9997 -0.0000 -0.0262
vn 0.0262 -0.0000 0.9997
vn -0.0000 -1.0000 -0.0000
vn -0.0000 1.0000 -0.0000
vt 0.625000 0.000000
vt 0.375000 0.250000
vt 0.375000 0.000000
vt 0.625000 0.250000
vt 0.375000 0.500000
vt 0.625000 0.500000
vt 0.375000 0.750000
vt 0.625000 0.750000
vt 0.375000 1.000000
vt 0.125000 0.750000
vt 0.125000 0.500000
vt 0.875000 0.500000
vt 0.625000 1.000000
vt 0.875000 0.750000
s 0
usemtl HM_StickerWarn
f 3244/3734/6297 3245/3735/6297 3243/3736/6297
f 3246/3737/6298 3249/3738/6298 3245/3735/6298
f 3250/3739/6299 3247/3740/6299 3249/3738/6299
f 3248/3741/6300 3243/3742/6300 3247/3740/6300
f 3249/3738/6301 3243/3743/6301 3245/3744/6301
f 3246/3745/6302 3248/3741/6302 3250/3739/6302
f 3244/3734/6297 3246/3737/6297 3245/3735/6297
f 3246/3737/6298 3250/3739/6298 3249/3738/6298
f 3250/3739/6299 3248/3741/6299 3247/3740/6299
f 3248/3741/6300 3244/3746/6300 3243/3742/6300
f 3249/3738/6301 3247/3740/6301 3243/3743/6301
f 3246/3745/6302 3244/3747/6302 3248/3741/6302
o Cab_Tel
v -0.083320 0.217000 0.256269
v -0.083320 0.277000 0.256269
v -0.083530 0.217000 0.248272
v -0.083530 0.277000 0.248272
v 0.096618 0.217000 0.251557
v 0.096618 0.277000 0.251557
v 0.096409 0.217000 0.243560
v 0.096409 0.277000 0.243560
vn -0.9997 -0.0000 0.0262
vn -0.0262 -0.0000 -0.9997
vn 0.9997 -0.0000 -0.0262
vn 0.0262 -0.0000 0.9997
vn -0.0000 -1.0000 -0.0000
vn -0.0000 1.0000 -0.0000
vt 0.625000 0.000000
vt 0.375000 0.250000
vt 0.375000 0.000000
vt 0.625000 0.250000
vt 0.375000 0.500000
vt 0.625000 0.500000
vt 0.375000 0.750000
vt 0.625000 0.750000
vt 0.375000 1.000000
vt 0.125000 0.750000
vt 0.125000 0.500000
vt 0.875000 0.500000
vt 0.625000 1.000000
vt 0.875000 0.750000
s 0
usemtl HM_StickerTeal
f 3252/3748/6303 3253/3749/6303 3251/3750/6303
f 3254/3751/6304 3257/3752/6304 3253/3749/6304
f 3258/3753/6305 3255/3754/6305 3257/3752/6305
f 3256/3755/6306 3251/3756/6306 3255/3754/6306
f 3257/3752/6307 3251/3757/6307 3253/3758/6307
f 3254/3759/6308 3256/3755/6308 3258/3753/6308
f 3252/3748/6303 3254/3751/6303 3253/3749/6303
f 3254/3751/6304 3258/3753/6304 3257/3752/6304
f 3258/3753/6305 3256/3755/6305 3255/3754/6305
f 3256/3755/6306 3252/3760/6306 3251/3756/6306
f 3257/3752/6307 3255/3754/6307 3251/3757/6307
f 3254/3759/6308 3252/3761/6308 3256/3755/6308
o Cab_ID
v 0.186587 0.227000 0.249201
v 0.186587 0.267000 0.249201
v 0.186378 0.227000 0.241204
v 0.186378 0.267000 0.241204
v 0.326539 0.227000 0.245536
v 0.326539 0.267000 0.245536
v 0.326330 0.227000 0.237539
v 0.326330 0.267000 0.237539
vn -0.9997 -0.0000 0.0262
vn -0.0262 -0.0000 -0.9997
vn 0.9997 -0.0000 -0.0262
vn 0.0262 -0.0000 0.9997
vn -0.0000 -1.0000 -0.0000
vn -0.0000 1.0000 -0.0000
vt 0.625000 0.000000
vt 0.375000 0.250000
vt 0.375000 0.000000
vt 0.625000 0.250000
vt 0.375000 0.500000
vt 0.625000 0.500000
vt 0.375000 0.750000
vt 0.625000 0.750000
vt 0.375000 1.000000
vt 0.125000 0.750000
vt 0.125000 0.500000
vt 0.875000 0.500000
vt 0.625000 1.000000
vt 0.875000 0.750000
s 0
usemtl HM_Sticker
f 3260/3762/6309 3261/3763/6309 3259/3764/6309
f 3262/3765/6310 3265/3766/6310 3261/3763/6310
f 3266/3767/6311 3263/3768/6311 3265/3766/6311
f 3264/3769/6312 3259/3770/6312 3263/3768/6312
f 3265/3766/6313 3259/3771/6313 3261/3772/6313
f 3262/3773/6314 3264/3769/6314 3266/3767/6314
f 3260/3762/6309 3262/3765/6309 3261/3763/6309
f 3262/3765/6310 3266/3767/6310 3265/3766/6310
f 3266/3767/6311 3264/3769/6311 3263/3768/6311
f 3264/3769/6312 3260/3774/6312 3259/3770/6312
f 3265/3766/6313 3263/3768/6313 3259/3771/6313
f 3262/3773/6314 3260/3775/6314 3264/3769/6314
o Cab_Base
v -0.234147 0.012000 0.131174
v -0.234147 0.042000 0.131174
v -0.240691 0.012000 -0.118740
v -0.240691 0.042000 -0.118740
v 0.240691 0.012000 0.118740
v 0.240691 0.042000 0.118740
v 0.234147 0.012000 -0.131174
v 0.234147 0.042000 -0.131174
v -0.273991 0.009812 -0.067013
v -0.289446 0.008713 0.007579
v -0.270108 0.009812 0.081261
v -0.268300 0.018101 0.150308
v -0.285456 0.027000 0.159919
v -0.268300 0.035899 0.150308
v -0.270108 0.044188 0.081261
v -0.289446 0.045287 0.007579
v -0.273991 0.044188 -0.067013
v -0.275799 0.035899 -0.136060
v -0.293435 0.027000 -0.144760
v -0.275799 0.018101 -0.136060
v 0.137111 0.009812 -0.146873
v -0.003989 0.008713 -0.152340
v -0.144610 0.009812 -0.139496
v -0.144610 0.044188 -0.139496
v -0.003989 0.045287 -0.152340
v 0.137111 0.044188 -0.146873
v 0.268300 0.035899 -0.150308
v 0.285456 0.027000 -0.159919
v 0.268300 0.018101 -0.150308
v 0.273991 0.009812 0.067013
v 0.289446 0.008713 -0.007579
v 0.270108 0.009812 -0.081261
v 0.270108 0.044188 -0.081261
v 0.289446 0.045287 -0.007579
v 0.273991 0.044188 0.067013
v 0.275799 0.035899 0.136060
v 0.293435 0.027000 0.144760
v 0.275799 0.018101 0.136060
v -0.137111 0.009812 0.146873
v 0.003989 0.008713 0.152340
v 0.144610 0.009812 0.139496
v 0.144610 0.044188 0.139496
v 0.003989 0.045287 0.152340
v -0.137111 0.044188 0.146873
v -0.344083 0.017515 0.088077
v -0.369061 0.027000 0.092978
v -0.344083 0.036485 0.088076
v -0.371241 0.017006 0.009721
v -0.398629 0.027000 0.010438
v -0.371241 0.036994 0.009721
v -0.348221 0.017515 -0.069948
v -0.373422 0.027000 -0.073535
v -0.348221 0.036485 -0.069948
v -0.154894 0.017515 -0.178254
v -0.163304 0.027000 -0.191248
v -0.154894 0.036485 -0.178254
v -0.005116 0.017006 -0.195390
v -0.005494 0.027000 -0.209805
v -0.005116 0.036994 -0.195390
v 0.145352 0.017515 -0.186116
v 0.153071 0.027000 -0.199533
v 0.145352 0.036485 -0.186116
v 0.344083 0.017515 -0.088076
v 0.369061 0.027000 -0.092978
v 0.344083 0.036485 -0.088076
v 0.371241 0.017006 -0.009721
v 0.398629 0.027000 -0.010438
v 0.371241 0.036994 -0.009721
v 0.348221 0.017515 0.069948
v 0.373422 0.027000 0.073535
v 0.348221 0.036485 0.069948
v 0.154894 0.017515 0.178254
v 0.163304 0.027000 0.191248
v 0.154894 0.036485 0.178254
v 0.005116 0.017006 0.195390
v 0.005494 0.027000 0.209805
v 0.005116 0.036994 0.195390
v -0.145352 0.017515 0.186116
v -0.153071 0.027000 0.199533
v -0.145352 0.036485 0.186116
v -0.152192 0.005130 -0.075081
v -0.002180 0.003545 -0.083257
v 0.148054 0.005130 -0.082943
v -0.158187 0.003545 0.004142
v 0.000000 0.001815 0.000000
v 0.158187 0.003545 -0.004142
v -0.148054 0.005130 0.082943
v 0.002180 0.003545 0.083257
v 0.152192 0.005130 0.075081
v 0.148054 0.048870 -0.082943
v -0.002180 0.050455 -0.083257
v -0.152192 0.048870 -0.075081
v 0.158187 0.050455 -0.004142
v -0.000000 0.052185 0.000000
v -0.158187 0.050455 0.004142
v 0.152192 0.048870 0.075081
v 0.002180 0.050455 0.083257
v -0.148054 0.048870 0.082943
vn -0.3315 -0.9357 0.1210
vn -0.3375 0.9335 0.1209
vn -0.3374 -0.9357 -0.1035
vn -0.3434 0.9335 -0.1031
vn -0.1083 -0.9867 0.1213
vn -0.2743 -0.8986 0.3425
vn -0.2741 0.8987 0.3423
vn -0.0918 0.9884 0.1211
vn -0.0997 0.9942 0.0410
vn -0.1017 0.9942 -0.0358
vn -0.0980 0.9884 -0.1161
vn -0.2916 0.8987 -0.3275
vn -0.2918 -0.8986 -0.3276
vn -0.1145 -0.9867 -0.1154
vn -0.1018 -0.9942 -0.0357
vn -0.0997 -0.9942 0.0410
vn -0.0677 -0.8207 -0.5673
vn -0.0659 0.8258 -0.5601
vn 0.0379 -0.8207 -0.5700
vn 0.0365 0.8258 -0.5628
vn -0.0610 -0.9820 -0.1790
vn -0.1792 -0.8463 -0.5017
vn -0.1793 0.8461 -0.5020
vn -0.0732 0.9778 -0.1961
vn -0.0249 0.9818 -0.1885
vn 0.0150 0.9818 -0.1896
vn 0.0628 0.9778 -0.1997
vn 0.1528 0.8461 -0.5107
vn 0.1527 -0.8463 -0.5104
vn 0.0516 -0.9820 -0.1819
vn 0.0150 -0.9818 -0.1895
vn -0.0249 -0.9818 -0.1885
vn 0.3315 -0.9357 -0.1210
vn 0.3375 0.9335 -0.1209
vn 0.3374 -0.9357 0.1035
vn 0.3434 0.9335 0.1031
vn 0.1083 -0.9867 -0.1213
vn 0.2743 -0.8986 -0.3425
vn 0.2741 0.8987 -0.3423
vn 0.0918 0.9884 -0.1211
vn 0.0997 0.9942 -0.0410
vn 0.1017 0.9942 0.0358
vn 0.0980 0.9884 0.1161
vn 0.2916 0.8987 0.3275
vn 0.2918 -0.8986 0.3276
vn 0.1145 -0.9867 0.1154
vn 0.1018 -0.9942 0.0357
vn 0.0997 -0.9942 -0.0410
vn 0.0677 -0.8207 0.5673
vn 0.0659 0.8258 0.5601
vn -0.0379 -0.8207 0.5700
vn -0.0365 0.8258 0.5628
vn 0.0610 -0.9820 0.1790
vn 0.1792 -0.8463 0.5017
vn 0.1793 0.8461 0.5020
vn 0.0732 0.9778 0.1961
vn 0.0249 0.9818 0.1885
vn -0.0150 0.9818 0.1896
vn -0.0628 0.9778 0.1997
vn -0.1528 0.8461 0.5107
vn -0.1527 -0.8463 0.5104
vn -0.0516 -0.9820 0.1819
vn -0.0150 -0.9818 0.1895
vn 0.0249 -0.9818 0.1885
vn -0.0115 -0.9997 -0.0209
vn 0.0106 -0.9997 -0.0211
vn -0.0104 -0.9997 0.0214
vn 0.0117 -0.9997 0.0205
vn -0.0429 -0.9966 -0.0698
vn -0.0146 -0.9971 -0.0742
vn 0.0107 -0.9971 -0.0749
vn 0.0352 -0.9963 -0.0790
vn 0.0387 -0.9989 -0.0251
vn 0.0399 -0.9989 0.0230
vn 0.0393 -0.9963 0.0770
vn 0.0146 -0.9971 0.0742
vn -0.0107 -0.9971 0.0749
vn -0.0392 -0.9966 0.0719
vn -0.0387 -0.9989 0.0251
vn -0.0399 -0.9989 -0.0230
vn 0.0104 0.9997 -0.0214
vn -0.0117 0.9997 -0.0205
vn 0.0115 0.9997 0.0209
vn -0.0106 0.9997 0.0211
vn 0.0392 0.9966 -0.0719
vn 0.0107 0.9971 -0.0749
vn -0.0146 0.9971 -0.0742
vn -0.0393 0.9963 -0.0770
vn -0.0399 0.9989 -0.0230
vn -0.0387 0.9989 0.0251
vn -0.0352 0.9963 0.0790
vn -0.0107 0.9971 0.0749
vn 0.0146 0.9971 0.0742
vn 0.0429 0.9966 0.0698
vn 0.0399 0.9989 0.0230
vn 0.0387 0.9989 -0.0251
vn -0.3375 -0.9335 0.1209
vn -0.3315 0.9357 0.1210
vn -0.3434 -0.9335 -0.1031
vn -0.3374 0.9357 -0.1035
vn -0.0918 -0.9884 0.1211
vn -0.2741 -0.8987 0.3423
vn -0.2743 0.8986 0.3425
vn -0.1083 0.9867 0.1213
vn -0.1018 0.9942 -0.0357
vn -0.1145 0.9867 -0.1154
vn -0.2918 0.8986 -0.3276
vn -0.2916 -0.8987 -0.3275
vn -0.0980 -0.9884 -0.1161
vn -0.1017 -0.9942 -0.0358
vn -0.0659 -0.8258 -0.5601
vn -0.0677 0.8207 -0.5673
vn 0.0365 -0.8258 -0.5628
vn 0.0379 0.8207 -0.5700
vn -0.0732 -0.9778 -0.1961
vn -0.1793 -0.8461 -0.5020
vn -0.1792 0.8463 -0.5017
vn -0.0610 0.9820 -0.1790
vn 0.0150 0.9818 -0.1895
vn 0.0516 0.9820 -0.1819
vn 0.1527 0.8463 -0.5104
vn 0.1528 -0.8461 -0.5107
vn 0.0628 -0.9778 -0.1997
vn 0.0150 -0.9818 -0.1896
vn 0.3375 -0.9335 -0.1209
vn 0.3315 0.9357 -0.1210
vn 0.3434 -0.9335 0.1031
vn 0.3374 0.9357 0.1035
vn 0.0918 -0.9884 -0.1211
vn 0.2741 -0.8987 -0.3423
vn 0.2743 0.8986 -0.3425
vn 0.1083 0.9867 -0.1213
vn 0.1018 0.9942 0.0357
vn 0.1145 0.9867 0.1154
vn 0.2918 0.8986 0.3276
vn 0.2916 -0.8987 0.3275
vn 0.0980 -0.9884 0.1161
vn 0.1017 -0.9942 0.0358
vn 0.0659 -0.8258 0.5601
vn 0.0677 0.8207 0.5673
vn -0.0365 -0.8258 0.5628
vn -0.0379 0.8207 0.5700
vn 0.0732 -0.9778 0.1961
vn 0.1793 -0.8461 0.5020
vn 0.1792 0.8463 0.5017
vn 0.0610 0.9820 0.1790
vn -0.0150 0.9818 0.1895
vn -0.0516 0.9820 0.1819
vn -0.1527 0.8463 0.5104
vn -0.1528 -0.8461 0.5107
vn -0.0628 -0.9778 0.1997
vn -0.0150 -0.9818 0.1896
vn -0.0117 -0.9997 -0.0205
vn 0.0104 -0.9997 -0.0214
vn -0.0106 -0.9997 0.0211
vn 0.0115 -0.9997 0.0209
vn -0.0393 -0.9963 -0.0770
vn 0.0392 -0.9966 -0.0719
vn 0.0429 -0.9966 0.0698
vn -0.0352 -0.9963 0.0790
vn 0.0106 0.9997 -0.0211
vn -0.0115 0.9997 -0.0209
vn 0.0117 0.9997 0.0205
vn -0.0104 0.9997 0.0214
vn 0.0352 0.9963 -0.0790
vn -0.0429 0.9966 -0.0698
vn -0.0387 0.9989 0.0250
vn -0.0392 0.9966 0.0719
vn 0.0393 0.9963 0.0770
vt 0.500000 0.062500
vt 0.437500 0.125000
vt 0.437500 0.062500
vt 0.562500 0.125000
vt 0.500000 0.125000
vt 0.500000 0.187500
vt 0.437500 0.187500
vt 0.437500 0.000000
vt 0.375000 0.062500
vt 0.375000 0.000000
vt 0.500000 0.000000
vt 0.562500 0.062500
vt 0.562500 0.000000
vt 0.625000 0.062500
vt 0.625000 0.125000
vt 0.562500 0.187500
vt 0.625000 0.187500
vt 0.562500 0.250000
vt 0.500000 0.250000
vt 0.437500 0.250000
vt 0.375000 0.187500
vt 0.375000 0.250000
vt 0.375000 0.125000
vt 0.437500 0.312500
vt 0.500000 0.375000
vt 0.437500 0.375000
vt 0.562500 0.312500
vt 0.500000 0.312500
vt 0.437500 0.437500
vt 0.562500 0.437500
vt 0.500000 0.437500
vt 0.375000 0.312500
vt 0.625000 0.250000
vt 0.625000 0.312500
vt 0.562500 0.375000
vt 0.625000 0.437500
vt 0.625000 0.500000
vt 0.562500 0.500000
vt 0.500000 0.500000
vt 0.437500 0.500000
vt 0.375000 0.500000
vt 0.375000 0.437500
vt 0.375000 0.375000
vt 0.500000 0.562500
vt 0.437500 0.625000
vt 0.437500 0.562500
vt 0.562500 0.625000
vt 0.500000 0.625000
vt 0.500000 0.687500
vt 0.437500 0.687500
vt 0.375000 0.562500
vt 0.562500 0.562500
vt 0.625000 0.562500
vt 0.625000 0.625000
vt 0.562500 0.687500
vt 0.625000 0.687500
vt 0.562500 0.750000
vt 0.500000 0.750000
vt 0.437500 0.750000
vt 0.375000 0.687500
vt 0.375000 0.750000
vt 0.375000 0.625000
vt 0.437500 0.812500
vt 0.500000 0.875000
vt 0.437500 0.875000
vt 0.562500 0.812500
vt 0.500000 0.812500
vt 0.437500 0.937500
vt 0.562500 0.937500
vt 0.500000 0.937500
vt 0.375000 0.812500
vt 0.625000 0.750000
vt 0.625000 0.812500
vt 0.562500 0.875000
vt 0.625000 0.937500
vt 0.625000 1.000000
vt 0.562500 1.000000
vt 0.500000 1.000000
vt 0.437500 1.000000
vt 0.375000 1.000000
vt 0.375000 0.937500
vt 0.375000 0.875000
vt 0.187500 0.562500
vt 0.250000 0.625000
vt 0.187500 0.625000
vt 0.312500 0.562500
vt 0.250000 0.562500
vt 0.187500 0.687500
vt 0.312500 0.687500
vt 0.250000 0.687500
vt 0.125000 0.500000
vt 0.125000 0.562500
vt 0.187500 0.500000
vt 0.312500 0.500000
vt 0.250000 0.500000
vt 0.312500 0.625000
vt 0.312500 0.750000
vt 0.250000 0.750000
vt 0.187500 0.750000
vt 0.125000 0.750000
vt 0.125000 0.687500
vt 0.125000 0.625000
vt 0.687500 0.562500
vt 0.750000 0.625000
vt 0.687500 0.625000
vt 0.812500 0.562500
vt 0.750000 0.562500
vt 0.687500 0.687500
vt 0.812500 0.687500
vt 0.750000 0.687500
vt 0.687500 0.500000
vt 0.812500 0.500000
vt 0.750000 0.500000
vt 0.875000 0.500000
vt 0.875000 0.562500
vt 0.812500 0.625000
vt 0.875000 0.687500
vt 0.875000 0.750000
vt 0.812500 0.750000
vt 0.750000 0.750000
vt 0.687500 0.750000
vt 0.625000 0.000000
vt 0.625000 0.375000
vt 0.625000 0.875000
vt 0.875000 0.625000
s 0
usemtl HM_Concrete
f 3312/3776/6315 3314/3777/6315 3311/3778/6315
f 3312/3776/6316 3316/3779/6316 3315/3780/6316
f 3314/3777/6317 3318/3781/6317 3317/3782/6317
f 3316/3779/6318 3318/3781/6318 3315/3780/6318
f 3278/3783/6319 3277/3784/6319 3267/3785/6319
f 3279/3786/6320 3311/3778/6320 3278/3783/6320
f 3279/3786/6321 3313/3787/6321 3312/3776/6321
f 3280/3788/6322 3281/3789/6322 3313/3787/6322
f 3313/3787/6323 3282/3790/6323 3316/3779/6323
f 3282/3790/6324 3319/3791/6324 3316/3779/6324
f 3283/3792/6325 3284/3793/6325 3319/3791/6325
f 3319/3791/6326 3285/3794/6326 3318/3781/6326
f 3317/3782/6327 3285/3794/6327 3286/3795/6327
f 3275/3796/6328 3286/3795/6328 3269/3797/6328
f 3276/3798/6329 3317/3782/6329 3275/3796/6329
f 3311/3778/6330 3276/3798/6330 3277/3784/6330
f 3320/3799/6331 3324/3800/6331 3323/3801/6331
f 3322/3802/6332 3324/3800/6332 3321/3803/6332
f 3324/3800/6333 3326/3804/6333 3323/3801/6333
f 3324/3800/6334 3328/3805/6334 3327/3806/6334
f 3269/3797/6335 3320/3799/6335 3289/3807/6335
f 3286/3795/6336 3321/3803/6336 3320/3799/6336
f 3284/3793/6337 3321/3803/6337 3285/3794/6337
f 3270/3808/6338 3322/3802/6338 3284/3793/6338
f 3290/3809/6339 3325/3810/6339 3322/3802/6339
f 3325/3810/6340 3292/3811/6340 3328/3805/6340
f 3328/3805/6341 3274/3812/6341 3293/3813/6341
f 3327/3806/6342 3293/3813/6342 3294/3814/6342
f 3327/3806/6343 3295/3815/6343 3326/3804/6343
f 3326/3804/6344 3273/3816/6344 3287/3817/6344
f 3323/3801/6345 3287/3817/6345 3288/3818/6345
f 3289/3807/6346 3323/3801/6346 3288/3818/6346
f 3330/3819/6347 3332/3820/6347 3329/3821/6347
f 3330/3819/6348 3334/3822/6348 3333/3823/6348
f 3332/3820/6349 3336/3824/6349 3335/3825/6349
f 3334/3822/6350 3336/3824/6350 3333/3823/6350
f 3295/3815/6351 3298/3826/6351 3273/3816/6351
f 3294/3814/6352 3329/3821/6352 3295/3815/6352
f 3294/3814/6353 3331/3827/6353 3330/3819/6353
f 3293/3813/6354 3299/3828/6354 3331/3827/6354
f 3331/3827/6355 3300/3829/6355 3334/3822/6355
f 3300/3829/6356 3337/3830/6356 3334/3822/6356
f 3301/3831/6357 3302/3832/6357 3337/3830/6357
f 3337/3830/6358 3303/3833/6358 3336/3824/6358
f 3335/3825/6359 3303/3833/6359 3304/3834/6359
f 3296/3835/6360 3304/3834/6360 3271/3836/6360
f 3297/3837/6361 3335/3825/6361 3296/3835/6361
f 3329/3821/6362 3297/3837/6362 3298/3826/6362
f 3338/3838/6363 3342/3839/6363 3341/3840/6363
f 3340/3841/6364 3342/3839/6364 3339/3842/6364
f 3342/3839/6365 3344/3843/6365 3341/3840/6365
f 3342/3839/6366 3346/3844/6366 3345/3845/6366
f 3271/3836/6367 3338/3838/6367 3307/3846/6367
f 3304/3834/6368 3339/3842/6368 3338/3838/6368
f 3302/3832/6369 3339/3842/6369 3303/3833/6369
f 3272/3847/6370 3340/3841/6370 3302/3832/6370
f 3308/3848/6371 3343/3849/6371 3340/3841/6371
f 3343/3849/6372 3310/3850/6372 3346/3844/6372
f 3346/3844/6373 3268/3851/6373 3280/3852/6373
f 3345/3845/6374 3280/3852/6374 3279/3853/6374
f 3345/3845/6375 3278/3854/6375 3344/3843/6375
f 3344/3843/6376 3267/3855/6376 3305/3856/6376
f 3341/3840/6377 3305/3856/6377 3306/3857/6377
f 3307/3846/6378 3341/3840/6378 3306/3857/6378
f 3347/3858/6379 3351/3859/6379 3350/3860/6379
f 3349/3861/6380 3351/3859/6380 3348/3862/6380
f 3351/3859/6381 3353/3863/6381 3350/3860/6381
f 3351/3859/6382 3355/3864/6382 3354/3865/6382
f 3269/3866/6383 3347/3858/6383 3275/3867/6383
f 3289/3868/6384 3348/3862/6384 3347/3858/6384
f 3287/3869/6385 3348/3862/6385 3288/3870/6385
f 3273/3816/6386 3349/3861/6386 3287/3869/6386
f 3298/3826/6387 3352/3871/6387 3349/3861/6387
f 3352/3871/6388 3296/3835/6388 3355/3864/6388
f 3355/3864/6389 3271/3836/6389 3307/3872/6389
f 3354/3865/6390 3307/3872/6390 3306/3873/6390
f 3354/3865/6391 3305/3874/6391 3353/3863/6391
f 3353/3863/6392 3267/3875/6392 3277/3876/6392
f 3350/3860/6393 3277/3876/6393 3276/3877/6393
f 3275/3867/6394 3350/3860/6394 3276/3877/6394
f 3356/3878/6395 3360/3879/6395 3359/3880/6395
f 3358/3881/6396 3360/3879/6396 3357/3882/6396
f 3360/3879/6397 3362/3883/6397 3359/3880/6397
f 3360/3879/6398 3364/3884/6398 3363/3885/6398
f 3274/3812/6399 3356/3878/6399 3299/3828/6399
f 3292/3886/6400 3357/3882/6400 3356/3878/6400
f 3290/3887/6401 3357/3882/6401 3291/3888/6401
f 3270/3889/6402 3358/3881/6402 3290/3887/6402
f 3283/3890/6403 3361/3891/6403 3358/3881/6403
f 3361/3891/6404 3281/3892/6404 3364/3884/6404
f 3364/3884/6405 3268/3893/6405 3310/3894/6405
f 3363/3885/6406 3310/3894/6406 3309/3895/6406
f 3363/3885/6407 3308/3896/6407 3362/3883/6407
f 3362/3883/6408 3272/3847/6408 3301/3831/6408
f 3359/3880/6409 3301/3831/6409 3300/3829/6409
f 3299/3828/6410 3359/3880/6410 3300/3829/6410
f 3312/3776/6411 3315/3780/6411 3314/3777/6411
f 3312/3776/6412 3313/3787/6412 3316/3779/6412
f 3314/3777/6413 3315/3780/6413 3318/3781/6413
f 3316/3779/6414 3319/3791/6414 3318/3781/6414
f 3278/3783/6415 3311/3778/6415 3277/3784/6415
f 3279/3786/6416 3312/3776/6416 3311/3778/6416
f 3279/3786/6417 3280/3788/6417 3313/3787/6417
f 3280/3788/6418 3268/3897/6418 3281/3789/6418
f 3313/3787/6323 3281/3789/6323 3282/3790/6323
f 3282/3790/6419 3283/3792/6419 3319/3791/6419
f 3283/3792/6420 3270/3808/6420 3284/3793/6420
f 3319/3791/6421 3284/3793/6421 3285/3794/6421
f 3317/3782/6422 3318/3781/6422 3285/3794/6422
f 3275/3796/6423 3317/3782/6423 3286/3795/6423
f 3276/3798/6424 3314/3777/6424 3317/3782/6424
f 3311/3778/6330 3314/3777/6330 3276/3798/6330
f 3320/3799/6425 3321/3803/6425 3324/3800/6425
f 3322/3802/6426 3325/3810/6426 3324/3800/6426
f 3324/3800/6427 3327/3806/6427 3326/3804/6427
f 3324/3800/6428 3325/3810/6428 3328/3805/6428
f 3269/3797/6429 3286/3795/6429 3320/3799/6429
f 3286/3795/6430 3285/3794/6430 3321/3803/6430
f 3284/3793/6431 3322/3802/6431 3321/3803/6431
f 3270/3808/6432 3290/3809/6432 3322/3802/6432
f 3290/3809/6339 3291/3898/6339 3325/3810/6339
f 3325/3810/6433 3291/3898/6433 3292/3811/6433
f 3328/3805/6434 3292/3811/6434 3274/3812/6434
f 3327/3806/6435 3328/3805/6435 3293/3813/6435
f 3327/3806/6436 3294/3814/6436 3295/3815/6436
f 3326/3804/6437 3295/3815/6437 3273/3816/6437
f 3323/3801/6438 3326/3804/6438 3287/3817/6438
f 3289/3807/6346 3320/3799/6346 3323/3801/6346
f 3330/3819/6439 3333/3823/6439 3332/3820/6439
f 3330/3819/6440 3331/3827/6440 3334/3822/6440
f 3332/3820/6441 3333/3823/6441 3336/3824/6441
f 3334/3822/6442 3337/3830/6442 3336/3824/6442
f 3295/3815/6443 3329/3821/6443 3298/3826/6443
f 3294/3814/6444 3330/3819/6444 3329/3821/6444
f 3294/3814/6445 3293/3813/6445 3331/3827/6445
f 3293/3813/6446 3274/3812/6446 3299/3828/6446
f 3331/3827/6355 3299/3828/6355 3300/3829/6355
f 3300/3829/6447 3301/3831/6447 3337/3830/6447
f 3301/3831/6448 3272/3847/6448 3302/3832/6448
f 3337/3830/6449 3302/3832/6449 3303/3833/6449
f 3335/3825/6450 3336/3824/6450 3303/3833/6450
f 3296/3835/6451 3335/3825/6451 3304/3834/6451
f 3297/3837/6452 3332/3820/6452 3335/3825/6452
f 3329/3821/6362 3332/3820/6362 3297/3837/6362
f 3338/3838/6453 3339/3842/6453 3342/3839/6453
f 3340/3841/6454 3343/3849/6454 3342/3839/6454
f 3342/3839/6455 3345/3845/6455 3344/3843/6455
f 3342/3839/6456 3343/3849/6456 3346/3844/6456
f 3271/3836/6457 3304/3834/6457 3338/3838/6457
f 3304/3834/6458 3303/3833/6458 3339/3842/6458
f 3302/3832/6459 3340/3841/6459 3339/3842/6459
f 3272/3847/6460 3308/3848/6460 3340/3841/6460
f 3308/3848/6371 3309/3899/6371 3343/3849/6371
f 3343/3849/6461 3309/3899/6461 3310/3850/6461
f 3346/3844/6462 3310/3850/6462 3268/3851/6462
f 3345/3845/6463 3346/3844/6463 3280/3852/6463
f 3345/3845/6464 3279/3853/6464 3278/3854/6464
f 3344/3843/6465 3278/3854/6465 3267/3855/6465
f 3341/3840/6466 3344/3843/6466 3305/3856/6466
f 3307/3846/6378 3338/3838/6378 3341/3840/6378
f 3347/3858/6467 3348/3862/6467 3351/3859/6467
f 3349/3861/6468 3352/3871/6468 3351/3859/6468
f 3351/3859/6469 3354/3865/6469 3353/3863/6469
f 3351/3859/6470 3352/3871/6470 3355/3864/6470
f 3269/3866/6471 3289/3868/6471 3347/3858/6471
f 3289/3868/6384 3288/3870/6384 3348/3862/6384
f 3287/3869/6385 3349/3861/6385 3348/3862/6385
f 3273/3816/6472 3298/3826/6472 3349/3861/6472
f 3298/3826/6387 3297/3837/6387 3352/3871/6387
f 3352/3871/6388 3297/3837/6388 3296/3835/6388
f 3355/3864/6473 3296/3835/6473 3271/3836/6473
f 3354/3865/6390 3355/3864/6390 3307/3872/6390
f 3354/3865/6391 3306/3873/6391 3305/3874/6391
f 3353/3863/6474 3305/3874/6474 3267/3875/6474
f 3350/3860/6393 3353/3863/6393 3277/3876/6393
f 3275/3867/6394 3347/3858/6394 3350/3860/6394
f 3356/3878/6475 3357/3882/6475 3360/3879/6475
f 3358/3881/6476 3361/3891/6476 3360/3879/6476
f 3360/3879/6477 3363/3885/6477 3362/3883/6477
f 3360/3879/6478 3361/3891/6478 3364/3884/6478
f 3274/3812/6479 3292/3886/6479 3356/3878/6479
f 3292/3886/6400 3291/3888/6400 3357/3882/6400
f 3290/3887/6401 3358/3881/6401 3357/3882/6401
f 3270/3889/6480 3283/3890/6480 3358/3881/6480
f 3283/3890/6403 3282/3900/6403 3361/3891/6403
f 3361/3891/6481 3282/3900/6481 3281/3892/6481
f 3364/3884/6482 3281/3892/6482 3268/3893/6482
f 3363/3885/6406 3364/3884/6406 3310/3894/6406
f 3363/3885/6407 3309/3895/6407 3308/3896/6407
f 3362/3883/6483 3308/3896/6483 3272/3847/6483
f 3359/3880/6409 3362/3883/6409 3301/3831/6409
f 3299/3828/6410 3356/3878/6410 3359/3880/6410
o Cab_Salt
v -0.483026 -0.001000 0.272738
v -0.483026 0.011000 0.272738
v -0.496638 -0.001000 -0.247084
v -0.496638 0.011000 -0.247084
v 0.496638 -0.001000 0.247084
v 0.496638 0.011000 0.247084
v 0.483026 -0.001000 -0.272738
v 0.483026 0.011000 -0.272738
vn -0.9997 -0.0000 0.0262
vn -0.0262 -0.0000 -0.9997
vn 0.9997 -0.0000 -0.0262
vn 0.0262 -0.0000 0.9997
vn -0.0000 -1.0000 -0.0000
vn -0.0000 1.0000 -0.0000
vt 0.625000 0.000000
vt 0.375000 0.250000
vt 0.375000 0.000000
vt 0.625000 0.250000
vt 0.375000 0.500000
vt 0.625000 0.500000
vt 0.375000 0.750000
vt 0.625000 0.750000
vt 0.375000 1.000000
vt 0.125000 0.750000
vt 0.125000 0.500000
vt 0.875000 0.500000
vt 0.625000 1.000000
vt 0.875000 0.750000
s 0
usemtl HM_Salt
f 3366/3901/6484 3367/3902/6484 3365/3903/6484
f 3368/3904/6485 3371/3905/6485 3367/3902/6485
f 3372/3906/6486 3369/3907/6486 3371/3905/6486
f 3370/3908/6487 3365/3909/6487 3369/3907/6487
f 3371/3905/6488 3365/3910/6488 3367/3911/6488
f 3368/3912/6489 3370/3908/6489 3372/3906/6489
f 3366/3901/6484 3368/3904/6484 3367/3902/6484
f 3368/3904/6485 3372/3906/6485 3371/3905/6485
f 3372/3906/6486 3370/3908/6486 3369/3907/6486
f 3370/3908/6487 3366/3913/6487 3365/3909/6487
f 3371/3905/6488 3369/3907/6488 3365/3910/6488
f 3368/3912/6489 3366/3914/6489 3370/3908/6489
o Cab_Hinge_-1_0.25
v -0.439403 0.247000 0.219577
v -0.389420 0.247000 0.218269
v -0.439311 0.238515 0.223091
v -0.389328 0.238515 0.221782
v -0.439089 0.235000 0.231573
v -0.389106 0.235000 0.230264
v -0.438866 0.238515 0.240056
v -0.388884 0.238515 0.238747
v -0.438774 0.247000 0.243569
v -0.388792 0.247000 0.242260
v -0.438866 0.255485 0.240056
v -0.388884 0.255485 0.238747
v -0.439089 0.259000 0.231573
v -0.389106 0.259000 0.230264
v -0.439311 0.255485 0.223091
v -0.389328 0.255485 0.221782
vn -0.0242 -0.3827 -0.9236
vn -0.0100 -0.9239 -0.3826
vn 0.0100 -0.9239 0.3826
vn 0.0242 -0.3827 0.9236
vn 0.0242 0.3827 0.9236
vn 0.0100 0.9239 0.3826
vn 0.9997 -0.0000 -0.0262
vn -0.0100 0.9239 -0.3826
vn -0.0242 0.3827 -0.9236
vn -0.9997 -0.0000 0.0262
vt 1.000000 1.000000
vt 0.875000 0.500000
vt 1.000000 0.500000
vt 0.875000 1.000000
vt 0.750000 0.500000
vt 0.750000 1.000000
vt 0.625000 0.500000
vt 0.625000 1.000000
vt 0.500000 0.500000
vt 0.500000 1.000000
vt 0.375000 0.500000
vt 0.375000 1.000000
vt 0.250000 0.500000
vt 0.010000 0.250000
vt 0.250000 0.010000
vt 0.490000 0.250000
vt 0.250000 1.000000
vt 0.125000 0.500000
vt 0.125000 1.000000
vt 0.000000 0.500000
vt 0.919706 0.080294
vt 0.580294 0.080294
vt 0.580294 0.419706
vt 0.419706 0.419706
vt 0.250000 0.490000
vt 0.080294 0.419706
vt 0.080294 0.080294
vt 0.419706 0.080294
vt 0.000000 1.000000
vt 0.750000 0.490000
vt 0.919706 0.419706
vt 0.990000 0.250000
vt 0.750000 0.010000
vt 0.510000 0.250000
s 0
usemtl HM_Bolt
f 3374/3915/6490 3375/3916/6490 3373/3917/6490
f 3376/3918/6491 3377/3919/6491 3375/3916/6491
f 3378/3920/6492 3379/3921/6492 3377/3919/6492
f 3380/3922/6493 3381/3923/6493 3379/3921/6493
f 3382/3924/6494 3383/3925/6494 3381/3923/6494
f 3384/3926/6495 3385/3927/6495 3383/3925/6495
f 3386/3928/6496 3382/3929/6496 3378/3930/6496
f 3386/3931/6497 3387/3932/6497 3385/3927/6497
f 3388/3933/6498 3373/3934/6498 3387/3932/6498
f 3379/3935/6499 3383/3936/6499 3387/3937/6499
f 3374/3915/6490 3376/3918/6490 3375/3916/6490
f 3376/3918/6491 3378/3920/6491 3377/3919/6491
f 3378/3920/6492 3380/3922/6492 3379/3921/6492
f 3380/3922/6493 3382/3924/6493 3381/3923/6493
f 3382/3924/6494 3384/3926/6494 3383/3925/6494
f 3384/3926/6495 3386/3931/6495 3385/3927/6495
f 3378/3930/6496 3376/3938/6496 3374/3939/6496
f 3374/3939/6496 3388/3940/6496 3386/3928/6496
f 3386/3928/6496 3384/3941/6496 3382/3929/6496
f 3382/3929/6496 3380/3942/6496 3378/3930/6496
f 3378/3930/6496 3374/3939/6496 3386/3928/6496
f 3386/3931/6497 3388/3933/6497 3387/3932/6497
f 3388/3933/6498 3374/3943/6498 3373/3934/6498
f 3387/3937/6499 3373/3944/6499 3375/3945/6499
f 3375/3945/6499 3377/3946/6499 3379/3935/6499
f 3379/3935/6499 3381/3947/6499 3383/3936/6499
f 3383/3936/6499 3385/3948/6499 3387/3937/6499
f 3387/3937/6499 3375/3945/6499 3379/3935/6499
o Cab_Hinge_-1_0.95
v -0.439403 0.947000 0.219577
v -0.389420 0.947000 0.218269
v -0.439311 0.938515 0.223091
v -0.389328 0.938515 0.221782
v -0.439089 0.935000 0.231573
v -0.389106 0.935000 0.230264
v -0.438866 0.938515 0.240056
v -0.388884 0.938515 0.238747
v -0.438774 0.947000 0.243569
v -0.388792 0.947000 0.242260
v -0.438866 0.955485 0.240056
v -0.388884 0.955485 0.238747
v -0.439089 0.959000 0.231573
v -0.389106 0.959000 0.230264
v -0.439311 0.955485 0.223091
v -0.389328 0.955485 0.221782
vn -0.0242 -0.3827 -0.9236
vn -0.0100 -0.9239 -0.3826
vn 0.0100 -0.9239 0.3826
vn 0.0242 -0.3827 0.9236
vn 0.0242 0.3827 0.9236
vn 0.0100 0.9239 0.3826
vn 0.9997 -0.0000 -0.0262
vn -0.0100 0.9239 -0.3826
vn -0.0242 0.3827 -0.9236
vn -0.9997 -0.0000 0.0262
vt 1.000000 1.000000
vt 0.875000 0.500000
vt 1.000000 0.500000
vt 0.875000 1.000000
vt 0.750000 0.500000
vt 0.750000 1.000000
vt 0.625000 0.500000
vt 0.625000 1.000000
vt 0.500000 0.500000
vt 0.500000 1.000000
vt 0.375000 0.500000
vt 0.375000 1.000000
vt 0.250000 0.500000
vt 0.010000 0.250000
vt 0.250000 0.010000
vt 0.490000 0.250000
vt 0.250000 1.000000
vt 0.125000 0.500000
vt 0.125000 1.000000
vt 0.000000 0.500000
vt 0.919706 0.080294
vt 0.580294 0.080294
vt 0.580294 0.419706
vt 0.419706 0.419706
vt 0.250000 0.490000
vt 0.080294 0.419706
vt 0.080294 0.080294
vt 0.419706 0.080294
vt 0.000000 1.000000
vt 0.750000 0.490000
vt 0.919706 0.419706
vt 0.990000 0.250000
vt 0.750000 0.010000
vt 0.510000 0.250000
s 0
usemtl HM_Bolt
f 3390/3949/6500 3391/3950/6500 3389/3951/6500
f 3392/3952/6501 3393/3953/6501 3391/3950/6501
f 3394/3954/6502 3395/3955/6502 3393/3953/6502
f 3396/3956/6503 3397/3957/6503 3395/3955/6503
f 3398/3958/6504 3399/3959/6504 3397/3957/6504
f 3400/3960/6505 3401/3961/6505 3399/3959/6505
f 3402/3962/6506 3398/3963/6506 3394/3964/6506
f 3402/3965/6507 3403/3966/6507 3401/3961/6507
f 3404/3967/6508 3389/3968/6508 3403/3966/6508
f 3395/3969/6509 3399/3970/6509 3403/3971/6509
f 3390/3949/6500 3392/3952/6500 3391/3950/6500
f 3392/3952/6501 3394/3954/6501 3393/3953/6501
f 3394/3954/6502 3396/3956/6502 3395/3955/6502
f 3396/3956/6503 3398/3958/6503 3397/3957/6503
f 3398/3958/6504 3400/3960/6504 3399/3959/6504
f 3400/3960/6505 3402/3965/6505 3401/3961/6505
f 3394/3964/6506 3392/3972/6506 3390/3973/6506
f 3390/3973/6506 3404/3974/6506 3402/3962/6506
f 3402/3962/6506 3400/3975/6506 3398/3963/6506
f 3398/3963/6506 3396/3976/6506 3394/3964/6506
f 3394/3964/6506 3390/3973/6506 3402/3962/6506
f 3402/3965/6507 3404/3967/6507 3403/3966/6507
f 3404/3967/6508 3390/3977/6508 3389/3968/6508
f 3403/3971/6509 3389/3978/6509 3391/3979/6509
f 3391/3979/6509 3393/3980/6509 3395/3969/6509
f 3395/3969/6509 3397/3981/6509 3399/3970/6509
f 3399/3970/6509 3401/3982/6509 3403/3971/6509
f 3403/3971/6509 3391/3979/6509 3395/3969/6509
o Cab_Hinge_1_0.25
v 0.400309 0.247000 0.197589
v 0.450292 0.247000 0.196280
v 0.400401 0.238515 0.201102
v 0.450384 0.238515 0.199794
v 0.400624 0.235000 0.209585
v 0.450606 0.235000 0.208276
v 0.400846 0.238515 0.218067
v 0.450829 0.238515 0.216758
v 0.400938 0.247000 0.221581
v 0.450921 0.247000 0.220272
v 0.400846 0.255485 0.218067
v 0.450829 0.255485 0.216758
v 0.400624 0.259000 0.209585
v 0.450606 0.259000 0.208276
v 0.400401 0.255485 0.201102
v 0.450384 0.255485 0.199794
vn -0.0242 -0.3827 -0.9236
vn -0.0100 -0.9239 -0.3826
vn 0.0100 -0.9239 0.3826
vn 0.0242 -0.3827 0.9236
vn 0.0242 0.3827 0.9236
vn 0.0100 0.9239 0.3826
vn 0.9997 -0.0000 -0.0262
vn -0.0100 0.9239 -0.3826
vn -0.0242 0.3827 -0.9236
vn -0.9997 -0.0000 0.0262
vt 1.000000 1.000000
vt 0.875000 0.500000
vt 1.000000 0.500000
vt 0.875000 1.000000
vt 0.750000 0.500000
vt 0.750000 1.000000
vt 0.625000 0.500000
vt 0.625000 1.000000
vt 0.500000 0.500000
vt 0.500000 1.000000
vt 0.375000 0.500000
vt 0.375000 1.000000
vt 0.250000 0.500000
vt 0.010000 0.250000
vt 0.250000 0.010000
vt 0.490000 0.250000
vt 0.250000 1.000000
vt 0.125000 0.500000
vt 0.125000 1.000000
vt 0.000000 0.500000
vt 0.919706 0.080294
vt 0.580294 0.080294
vt 0.580294 0.419706
vt 0.419706 0.419706
vt 0.250000 0.490000
vt 0.080294 0.419706
vt 0.080294 0.080294
vt 0.419706 0.080294
vt 0.000000 1.000000
vt 0.750000 0.490000
vt 0.919706 0.419706
vt 0.990000 0.250000
vt 0.750000 0.010000
vt 0.510000 0.250000
s 0
usemtl HM_Bolt
f 3406/3983/6510 3407/3984/6510 3405/3985/6510
f 3408/3986/6511 3409/3987/6511 3407/3984/6511
f 3410/3988/6512 3411/3989/6512 3409/3987/6512
f 3412/3990/6513 3413/3991/6513 3411/3989/6513
f 3414/3992/6514 3415/3993/6514 3413/3991/6514
f 3416/3994/6515 3417/3995/6515 3415/3993/6515
f 3418/3996/6516 3414/3997/6516 3410/3998/6516
f 3418/3999/6517 3419/4000/6517 3417/3995/6517
f 3420/4001/6518 3405/4002/6518 3419/4000/6518
f 3411/4003/6519 3415/4004/6519 3419/4005/6519
f 3406/3983/6510 3408/3986/6510 3407/3984/6510
f 3408/3986/6511 3410/3988/6511 3409/3987/6511
f 3410/3988/6512 3412/3990/6512 3411/3989/6512
f 3412/3990/6513 3414/3992/6513 3413/3991/6513
f 3414/3992/6514 3416/3994/6514 3415/3993/6514
f 3416/3994/6515 3418/3999/6515 3417/3995/6515
f 3410/3998/6516 3408/4006/6516 3406/4007/6516
f 3406/4007/6516 3420/4008/6516 3418/3996/6516
f 3418/3996/6516 3416/4009/6516 3414/3997/6516
f 3414/3997/6516 3412/4010/6516 3410/3998/6516
f 3410/3998/6516 3406/4007/6516 3418/3996/6516
f 3418/3999/6517 3420/4001/6517 3419/4000/6517
f 3420/4001/6518 3406/4011/6518 3405/4002/6518
f 3419/4005/6519 3405/4012/6519 3407/4013/6519
f 3407/4013/6519 3409/4014/6519 3411/4003/6519
f 3411/4003/6519 3413/4015/6519 3415/4004/6519
f 3415/4004/6519 3417/4016/6519 3419/4005/6519
f 3419/4005/6519 3407/4013/6519 3411/4003/6519
o Cab_Hinge_1_0.95
v 0.400309 0.947000 0.197589
v 0.450292 0.947000 0.196280
v 0.400401 0.938515 0.201102
v 0.450384 0.938515 0.199794
v 0.400624 0.935000 0.209585
v 0.450606 0.935000 0.208276
v 0.400846 0.938515 0.218067
v 0.450829 0.938515 0.216758
v 0.400938 0.947000 0.221581
v 0.450921 0.947000 0.220272
v 0.400846 0.955485 0.218067
v 0.450829 0.955485 0.216758
v 0.400624 0.959000 0.209585
v 0.450606 0.959000 0.208276
v 0.400401 0.955485 0.201102
v 0.450384 0.955485 0.199794
vn -0.0242 -0.3827 -0.9236
vn -0.0100 -0.9239 -0.3826
vn 0.0100 -0.9239 0.3826
vn 0.0242 -0.3827 0.9236
vn 0.0242 0.3827 0.9236
vn 0.0100 0.9239 0.3826
vn 0.9997 -0.0000 -0.0262
vn -0.0100 0.9239 -0.3826
vn -0.0242 0.3827 -0.9236
vn -0.9997 -0.0000 0.0262
vt 1.000000 1.000000
vt 0.875000 0.500000
vt 1.000000 0.500000
vt 0.875000 1.000000
vt 0.750000 0.500000
vt 0.750000 1.000000
vt 0.625000 0.500000
vt 0.625000 1.000000
vt 0.500000 0.500000
vt 0.500000 1.000000
vt 0.375000 0.500000
vt 0.375000 1.000000
vt 0.250000 0.500000
vt 0.010000 0.250000
vt 0.250000 0.010000
vt 0.490000 0.250000
vt 0.250000 1.000000
vt 0.125000 0.500000
vt 0.125000 1.000000
vt 0.000000 0.500000
vt 0.919706 0.080294
vt 0.580294 0.080294
vt 0.580294 0.419706
vt 0.419706 0.419706
vt 0.250000 0.490000
vt 0.080294 0.419706
vt 0.080294 0.080294
vt 0.419706 0.080294
vt 0.000000 1.000000
vt 0.750000 0.490000
vt 0.919706 0.419706
vt 0.990000 0.250000
vt 0.750000 0.010000
vt 0.510000 0.250000
s 0
usemtl HM_Bolt
f 3422/4017/6520 3423/4018/6520 3421/4019/6520
f 3424/4020/6521 3425/4021/6521 3423/4018/6521
f 3426/4022/6522 3427/4023/6522 3425/4021/6522
f 3428/4024/6523 3429/4025/6523 3427/4023/6523
f 3430/4026/6524 3431/4027/6524 3429/4025/6524
f 3432/4028/6525 3433/4029/6525 3431/4027/6525
f 3434/4030/6526 3430/4031/6526 3426/4032/6526
f 3434/4033/6527 3435/4034/6527 3433/4029/6527
f 3436/4035/6528 3421/4036/6528 3435/4034/6528
f 3427/4037/6529 3431/4038/6529 3435/4039/6529
f 3422/4017/6520 3424/4020/6520 3423/4018/6520
f 3424/4020/6521 3426/4022/6521 3425/4021/6521
f 3426/4022/6522 3428/4024/6522 3427/4023/6522
f 3428/4024/6523 3430/4026/6523 3429/4025/6523
f 3430/4026/6524 3432/4028/6524 3431/4027/6524
f 3432/4028/6525 3434/4033/6525 3433/4029/6525
f 3426/4032/6526 3424/4040/6526 3422/4041/6526
f 3422/4041/6526 3436/4042/6526 3434/4030/6526
f 3434/4030/6526 3432/4043/6526 3430/4031/6526
f 3430/4031/6526 3428/4044/6526 3426/4032/6526
f 3426/4032/6526 3422/4041/6526 3434/4030/6526
f 3434/4033/6527 3436/4035/6527 3435/4034/6527
f 3436/4035/6528 3422/4045/6528 3421/4036/6528
f 3435/4039/6529 3421/4046/6529 3423/4047/6529
f 3423/4047/6529 3425/4048/6529 3427/4037/6529
f 3427/4037/6529 3429/4049/6529 3431/4038/6529
f 3431/4038/6529 3433/4050/6529 3435/4039/6529
f 3435/4039/6529 3423/4047/6529 3427/4037/6529
o Cab_Lip
v -0.305636 1.202559 0.171412
v -0.303383 1.210315 0.257471
v -0.465005 1.210315 0.175585
v -0.303364 1.204307 0.255722
v -0.460339 1.205037 0.259102
v -0.461049 1.210379 0.259851
v -0.463258 1.204307 0.175474
v -0.303383 1.223686 0.257471
v -0.305637 1.231441 0.171412
v -0.465005 1.223686 0.175585
v -0.303364 1.229693 0.255722
v -0.460339 1.228963 0.259102
v -0.463259 1.229693 0.175474
v -0.461049 1.223621 0.259851
v -0.314189 1.202559 -0.155181
v -0.473557 1.210315 -0.151008
v -0.316442 1.210315 -0.241241
v -0.471807 1.204307 -0.150989
v -0.473268 1.205037 -0.234655
v -0.474017 1.210379 -0.235365
v -0.316332 1.204307 -0.239495
v -0.314189 1.231441 -0.155181
v -0.316442 1.223686 -0.241241
v -0.473557 1.223686 -0.151008
v -0.316332 1.229693 -0.239495
v -0.473268 1.228963 -0.234655
v -0.474017 1.223621 -0.235365
v -0.471807 1.229693 -0.150989
v 0.314189 1.202559 0.155181
v 0.473557 1.210315 0.151008
v 0.316442 1.210315 0.241241
v 0.471807 1.204307 0.150989
v 0.473268 1.205037 0.234655
v 0.474017 1.210379 0.235365
v 0.316332 1.204307 0.239495
v 0.314189 1.231441 0.155181
v 0.316442 1.223686 0.241241
v 0.473557 1.223686 0.151008
v 0.316332 1.229693 0.239495
v 0.473268 1.228963 0.234655
v 0.474017 1.223621 0.235365
v 0.471807 1.229693 0.150989
v 0.305636 1.202559 -0.171412
v 0.303383 1.210315 -0.257471
v 0.465005 1.210315 -0.175585
v 0.303364 1.204307 -0.255722
v 0.460339 1.205037 -0.259102
v 0.461049 1.210379 -0.259851
v 0.463259 1.204307 -0.175474
v 0.305637 1.231441 -0.171412
v 0.465005 1.223686 -0.175585
v 0.303383 1.223686 -0.257471
v 0.463259 1.229693 -0.175474
v 0.460339 1.228963 -0.259102
v 0.461049 1.223621 -0.259851
v 0.303364 1.229693 -0.255722
v -0.460068 1.203670 0.175398
v -0.442328 1.203176 0.174950
v -0.395648 1.202810 0.173749
v -0.304370 1.202810 0.219041
v -0.303696 1.203176 0.243956
v -0.303425 1.203670 0.253677
v -0.393314 1.204434 0.257950
v -0.439889 1.204612 0.258991
v -0.457456 1.204835 0.259229
v -0.460586 1.204835 0.257376
v -0.461058 1.204612 0.247838
v -0.461886 1.204434 0.223036
v -0.303354 1.205129 0.256359
v -0.303359 1.206285 0.256853
v -0.303370 1.207955 0.257219
v -0.393401 1.210334 0.259577
v -0.440090 1.210355 0.260434
v -0.457842 1.210372 0.260404
v -0.460925 1.208084 0.259721
v -0.460752 1.206524 0.259538
v -0.460535 1.205545 0.259310
v -0.461739 1.210372 0.257823
v -0.462488 1.210355 0.248115
v -0.463506 1.210334 0.223208
v -0.464754 1.207955 0.175559
v -0.464389 1.206285 0.175528
v -0.463895 1.205129 0.175498
v -0.457842 1.223628 0.260404
v -0.440090 1.223645 0.260434
v -0.393401 1.223666 0.259577
v -0.303370 1.226045 0.257219
v -0.303359 1.227715 0.256853
v -0.303354 1.228871 0.256359
v -0.393314 1.229566 0.257950
v -0.439889 1.229388 0.258991
v -0.457456 1.229165 0.259229
v -0.460535 1.228455 0.259310
v -0.460752 1.227476 0.259538
v -0.460925 1.225916 0.259721
v -0.303425 1.230330 0.253677
v -0.303696 1.230824 0.243956
v -0.304370 1.231190 0.219041
v -0.395648 1.231190 0.173749
v -0.442328 1.230824 0.174950
v -0.460068 1.230330 0.175398
v -0.461886 1.229566 0.223036
v -0.461058 1.229388 0.247838
v -0.460586 1.229165 0.257376
v -0.463895 1.228871 0.175498
v -0.464389 1.227715 0.175528
v -0.464754 1.226045 0.175559
v -0.463506 1.223666 0.223208
v -0.462488 1.223645 0.248115
v -0.461739 1.223628 0.257823
v -0.316285 1.203670 -0.237449
v -0.316048 1.203176 -0.227728
v -0.315417 1.202810 -0.202811
v -0.404199 1.202810 -0.152805
v -0.450878 1.203176 -0.151561
v -0.468617 1.203670 -0.151079
v -0.472926 1.204434 -0.198557
v -0.473397 1.204612 -0.223369
v -0.473425 1.204835 -0.232918
v -0.470396 1.204835 -0.234932
v -0.452840 1.204612 -0.235615
v -0.406275 1.204434 -0.237012
v -0.472444 1.205129 -0.150979
v -0.472939 1.206285 -0.150983
v -0.473305 1.207955 -0.150995
v -0.474552 1.210334 -0.198644
v -0.474839 1.210355 -0.223570
v -0.474600 1.210372 -0.233304
v -0.473886 1.208084 -0.235242
v -0.473703 1.206524 -0.235068
v -0.473475 1.205545 -0.234852
v -0.470843 1.210372 -0.236086
v -0.453117 1.210355 -0.237044
v -0.406447 1.210334 -0.238632
v -0.316416 1.207955 -0.240990
v -0.316386 1.206285 -0.240625
v -0.316355 1.205129 -0.240131
v -0.468617 1.230330 -0.151079
v -0.450878 1.230824 -0.151561
v -0.404199 1.231190 -0.152805
v -0.315417 1.231190 -0.202811
v -0.316048 1.230824 -0.227728
v -0.316285 1.230330 -0.237449
v -0.406275 1.229566 -0.237012
v -0.452841 1.229388 -0.235615
v -0.470396 1.229165 -0.234932
v -0.473425 1.229165 -0.232918
v -0.473397 1.229388 -0.223369
v -0.472926 1.229566 -0.198557
v -0.316355 1.228871 -0.240131
v -0.316386 1.227715 -0.240625
v -0.316416 1.226045 -0.240990
v -0.406447 1.223666 -0.238632
v -0.453117 1.223645 -0.237044
v -0.470843 1.223628 -0.236086
v -0.473886 1.225916 -0.235242
v -0.473703 1.227476 -0.235068
v -0.473475 1.228455 -0.234852
v -0.474600 1.223628 -0.233304
v -0.474839 1.223645 -0.223570
v -0.474552 1.223666 -0.198644
v -0.473305 1.226045 -0.150995
v -0.472939 1.227715 -0.150983
v -0.472444 1.228871 -0.150979
v 0.316285 1.203670 0.237449
v 0.316048 1.203176 0.227728
v 0.315417 1.202810 0.202811
v 0.404199 1.202810 0.152805
v 0.450878 1.203176 0.151561
v 0.468617 1.203670 0.151079
v 0.472926 1.204434 0.198557
v 0.473397 1.204612 0.223369
v 0.473425 1.204835 0.232918
v 0.470396 1.204835 0.234932
v 0.452840 1.204612 0.235615
v 0.406275 1.204434 0.237012
v 0.472444 1.205129 0.150979
v 0.472939 1.206285 0.150983
v 0.473305 1.207955 0.150995
v 0.474552 1.210334 0.198644
v 0.474839 1.210355 0.223570
v 0.474600 1.210372 0.233304
v 0.473886 1.208084 0.235242
v 0.473703 1.206524 0.235068
v 0.473475 1.205545 0.234852
v 0.470843 1.210372 0.236086
v 0.453117 1.210355 0.237044
v 0.406447 1.210334 0.238632
v 0.316416 1.207955 0.240990
v 0.316386 1.206285 0.240625
v 0.316355 1.205129 0.240131
v 0.468617 1.230330 0.151079
v 0.450878 1.230824 0.151561
v 0.404199 1.231190 0.152805
v 0.315417 1.231190 0.202811
v 0.316048 1.230824 0.227728
v 0.316285 1.230330 0.237449
v 0.406275 1.229566 0.237012
v 0.452841 1.229388 0.235615
v 0.470396 1.229165 0.234932
v 0.473425 1.229165 0.232918
v 0.473397 1.229388 0.223369
v 0.472926 1.229566 0.198557
v 0.316355 1.228871 0.240131
v 0.316386 1.227715 0.240625
v 0.316416 1.226045 0.240990
v 0.406447 1.223666 0.238632
v 0.453117 1.223645 0.237044
v 0.470843 1.223628 0.236086
v 0.473886 1.225916 0.235242
v 0.473703 1.227476 0.235068
v 0.473475 1.228455 0.234852
v 0.474600 1.223628 0.233304
v 0.474839 1.223645 0.223570
v 0.474552 1.223666 0.198644
v 0.473305 1.226045 0.150995
v 0.472939 1.227715 0.150983
v 0.472444 1.228871 0.150979
v 0.460068 1.203670 -0.175398
v 0.442328 1.203176 -0.174950
v 0.395648 1.202810 -0.173749
v 0.304370 1.202810 -0.219041
v 0.303696 1.203176 -0.243956
v 0.303425 1.203670 -0.253677
v 0.393314 1.204434 -0.257950
v 0.439889 1.204612 -0.258991
v 0.457456 1.204835 -0.259229
v 0.460586 1.204835 -0.257376
v 0.461058 1.204612 -0.247838
v 0.461886 1.204434 -0.223036
v 0.303354 1.205129 -0.256359
v 0.303359 1.206285 -0.256853
v 0.303370 1.207955 -0.257219
v 0.393401 1.210334 -0.259577
v 0.440090 1.210355 -0.260434
v 0.457842 1.210372 -0.260404
v 0.460925 1.208084 -0.259721
v 0.460752 1.206524 -0.259538
v 0.460535 1.205545 -0.259310
v 0.461739 1.210372 -0.257823
v 0.462488 1.210355 -0.248115
v 0.463506 1.210334 -0.223208
v 0.464754 1.207955 -0.175559
v 0.464389 1.206285 -0.175528
v 0.463895 1.205129 -0.175498
v 0.303425 1.230330 -0.253677
v 0.303696 1.230824 -0.243956
v 0.304370 1.231190 -0.219041
v 0.395648 1.231190 -0.173749
v 0.442328 1.230824 -0.174950
v 0.460068 1.230330 -0.175398
v 0.461886 1.229566 -0.223036
v 0.461058 1.229388 -0.247838
v 0.460586 1.229165 -0.257376
v 0.457456 1.229165 -0.259229
v 0.439889 1.229388 -0.258991
v 0.393314 1.229566 -0.257950
v 0.463895 1.228871 -0.175498
v 0.464389 1.227715 -0.175528
v 0.464754 1.226045 -0.175559
v 0.463506 1.223666 -0.223208
v 0.462488 1.223645 -0.248115
v 0.461739 1.223628 -0.257823
v 0.460925 1.225916 -0.259721
v 0.460752 1.227476 -0.259538
v 0.460535 1.228455 -0.259310
v 0.457842 1.223628 -0.260404
v 0.440090 1.223645 -0.260434
v 0.393401 1.223666 -0.259577
v 0.303370 1.226045 -0.257219
v 0.303359 1.227715 -0.256853
v 0.303354 1.228871 -0.256359
v -0.312261 1.202409 -0.081091
v -0.309929 1.202359 0.008116
v -0.307589 1.202409 0.097322
v -0.465274 1.204231 0.101425
v -0.467634 1.204205 0.012245
v -0.469944 1.204231 -0.076935
v -0.467094 1.210302 0.101499
v -0.469480 1.210298 0.012294
v -0.471766 1.210302 -0.076914
v -0.303391 1.213440 0.257621
v -0.303394 1.217000 0.257671
v -0.303391 1.220560 0.257621
v -0.461123 1.220533 0.259929
v -0.461148 1.217000 0.259955
v -0.461123 1.213467 0.259929
v -0.465154 1.220560 0.175601
v -0.465203 1.217000 0.175606
v -0.465154 1.213440 0.175601
v -0.307589 1.231591 0.097322
v -0.309929 1.231641 0.008116
v -0.312261 1.231591 -0.081091
v -0.469944 1.229769 -0.076935
v -0.467634 1.229795 0.012245
v -0.465274 1.229769 0.101425
v -0.471766 1.223698 -0.076914
v -0.469480 1.223702 0.012294
v -0.467094 1.223698 0.101499
v -0.316458 1.220560 -0.241390
v -0.316464 1.217000 -0.241439
v -0.316458 1.213440 -0.241390
v -0.474095 1.213467 -0.235440
v -0.474121 1.217000 -0.235464
v -0.474095 1.220533 -0.235440
v -0.473706 1.213440 -0.151016
v -0.473756 1.217000 -0.151019
v -0.473706 1.220560 -0.151016
v 0.165111 1.202409 -0.167744
v -0.004276 1.202359 -0.163312
v -0.173663 1.202409 -0.158873
v -0.175847 1.204231 -0.243249
v -0.006487 1.204205 -0.247710
v 0.162875 1.204231 -0.252119
v -0.175921 1.210302 -0.245070
v -0.006535 1.210298 -0.249555
v 0.162854 1.210302 -0.253941
v -0.173663 1.231591 -0.158873
v -0.004276 1.231641 -0.163312
v 0.165111 1.231591 -0.167744
v 0.162875 1.229769 -0.252119
v -0.006487 1.229795 -0.247710
v -0.175847 1.229769 -0.243249
v 0.162854 1.223698 -0.253941
v -0.006535 1.223702 -0.249555
v -0.175921 1.223698 -0.245070
v 0.465154 1.220560 -0.175601
v 0.465203 1.217000 -0.175606
v 0.465154 1.213440 -0.175601
v 0.461123 1.213467 -0.259929
v 0.461148 1.217000 -0.259955
v 0.461123 1.220533 -0.259929
v 0.303391 1.213440 -0.257621
v 0.303394 1.217000 -0.257671
v 0.303391 1.220560 -0.257621
v 0.312261 1.202409 0.081091
v 0.309929 1.202359 -0.008116
v 0.307589 1.202409 -0.097322
v 0.465274 1.204231 -0.101425
v 0.467634 1.204205 -0.012245
v 0.469944 1.204231 0.076935
v 0.467094 1.210302 -0.101499
v 0.469480 1.210298 -0.012294
v 0.471766 1.210302 0.076914
v 0.307589 1.231591 -0.097322
v 0.309929 1.231641 -0.008116
v 0.312261 1.231591 0.081091
v 0.469944 1.229769 0.076935
v 0.467634 1.229795 -0.012245
v 0.465274 1.229769 -0.101425
v 0.471766 1.223698 0.076914
v 0.469480 1.223702 -0.012294
v 0.467094 1.223698 -0.101499
v 0.316458 1.220560 0.241390
v 0.316464 1.217000 0.241439
v 0.316458 1.213440 0.241390
v 0.474095 1.213467 0.235440
v 0.474121 1.217000 0.235464
v 0.474095 1.220533 0.235440
v 0.473706 1.213440 0.151016
v 0.473756 1.217000 0.151019
v 0.473706 1.220560 0.151016
v -0.165111 1.202409 0.167744
v 0.004276 1.202359 0.163312
v 0.173663 1.202409 0.158873
v 0.175847 1.204231 0.243249
v 0.006487 1.204205 0.247710
v -0.162875 1.204231 0.252119
v 0.175921 1.210302 0.245070
v 0.006535 1.210298 0.249555
v -0.162854 1.210302 0.253941
v 0.173663 1.231591 0.158873
v 0.004276 1.231641 0.163312
v -0.165111 1.231591 0.167744
v -0.162875 1.229769 0.252119
v 0.006487 1.229795 0.247710
v 0.175847 1.229769 0.243249
v -0.162854 1.223698 0.253941
v 0.006535 1.223702 0.249555
v 0.175921 1.223698 0.245070
v 0.175930 1.213435 0.245228
v 0.175933 1.217000 0.245280
v 0.175930 1.220565 0.245228
v 0.006539 1.213434 0.249716
v 0.006540 1.217000 0.249770
v 0.006539 1.220566 0.249716
v -0.162854 1.213435 0.254099
v -0.162855 1.217000 0.254152
v -0.162854 1.220565 0.254099
v 0.467252 1.213435 -0.101508
v 0.467305 1.217000 -0.101511
v 0.467252 1.220565 -0.101508
v 0.469641 1.213434 -0.012298
v 0.469694 1.217000 -0.012299
v 0.469641 1.220566 -0.012298
v 0.471924 1.213435 0.076915
v 0.471977 1.217000 0.076915
v 0.471924 1.220565 0.076915
v 0.167056 1.231749 -0.093647
v -0.002336 1.231802 -0.089213
v -0.171728 1.231749 -0.084775
v 0.169394 1.231802 -0.004436
v 0.000000 1.231855 -0.000000
v -0.169394 1.231802 0.004436
v 0.171728 1.231749 0.084775
v 0.002336 1.231802 0.089213
v -0.167056 1.231749 0.093647
v -0.467252 1.213435 0.101508
v -0.467305 1.217000 0.101511
v -0.467252 1.220565 0.101508
v -0.469641 1.213434 0.012298
v -0.469694 1.217000 0.012299
v -0.469641 1.220566 0.012298
v -0.471924 1.213435 -0.076915
v -0.471977 1.217000 -0.076915
v -0.471924 1.220565 -0.076915
v -0.175930 1.213435 -0.245228
v -0.175933 1.217000 -0.245280
v -0.175930 1.220565 -0.245228
v -0.006539 1.213434 -0.249716
v -0.006540 1.217000 -0.249770
v -0.006539 1.220566 -0.249716
v 0.162854 1.213435 -0.254099
v 0.162855 1.217000 -0.254152
v 0.162854 1.220565 -0.254099
v -0.394364 1.203039 0.221360
v -0.393671 1.203374 0.246251
v -0.393382 1.203833 0.255940
v -0.441020 1.203374 0.222540
v -0.440295 1.203667 0.247397
v -0.439972 1.204071 0.257039
v -0.458730 1.203833 0.222969
v -0.457958 1.204071 0.247789
v -0.457575 1.204396 0.257367
v -0.393370 1.207992 0.259348
v -0.440033 1.208034 0.260234
v -0.457754 1.208069 0.260239
v -0.393336 1.206347 0.259011
v -0.439966 1.206422 0.259940
v -0.457638 1.206492 0.259998
v -0.393313 1.205221 0.258551
v -0.439907 1.205343 0.259533
v -0.457515 1.205475 0.259670
v -0.463279 1.207992 0.223165
v -0.462944 1.206347 0.223114
v -0.462486 1.205221 0.223067
v -0.462291 1.208034 0.248048
v -0.462001 1.206422 0.247965
v -0.461598 1.205343 0.247884
v -0.461579 1.208069 0.257726
v -0.461344 1.206492 0.257598
v -0.461023 1.205475 0.257458
v -0.393370 1.226008 0.259348
v -0.393336 1.227653 0.259011
v -0.393313 1.228779 0.258551
v -0.440033 1.225966 0.260234
v -0.439966 1.227578 0.259940
v -0.439907 1.228657 0.259533
v -0.457754 1.225931 0.260239
v -0.457638 1.227508 0.259998
v -0.457515 1.228525 0.259670
v -0.394364 1.230961 0.221360
v -0.441020 1.230626 0.222540
v -0.458730 1.230167 0.222969
v -0.393671 1.230626 0.246251
v -0.440295 1.230333 0.247397
v -0.457958 1.229929 0.247789
v -0.393382 1.230167 0.255940
v -0.439972 1.229929 0.257039
v -0.457575 1.229604 0.257367
v -0.463279 1.226008 0.223165
v -0.462291 1.225966 0.248048
v -0.461579 1.225931 0.257726
v -0.462944 1.227653 0.223114
v -0.462001 1.227578 0.247965
v -0.461344 1.227508 0.257598
v -0.462486 1.228779 0.223067
v -0.461598 1.228657 0.247884
v -0.461023 1.228525 0.257458
v -0.405409 1.203039 -0.200417
v -0.452063 1.203374 -0.199154
v -0.469770 1.203833 -0.198655
v -0.406019 1.203374 -0.225310
v -0.452639 1.203667 -0.224015
v -0.470299 1.204071 -0.223482
v -0.406237 1.203833 -0.235002
v -0.452821 1.204071 -0.233660
v -0.470418 1.204396 -0.233067
v -0.474323 1.207992 -0.198613
v -0.474640 1.208034 -0.223513
v -0.474434 1.208069 -0.233216
v -0.473987 1.206347 -0.198580
v -0.474345 1.206422 -0.223446
v -0.474193 1.206492 -0.233100
v -0.473527 1.205221 -0.198557
v -0.473939 1.205343 -0.223387
v -0.473865 1.205475 -0.232977
v -0.406404 1.207992 -0.238405
v -0.406353 1.206347 -0.238071
v -0.406306 1.205221 -0.237612
v -0.453050 1.208034 -0.236848
v -0.452967 1.206422 -0.236557
v -0.452887 1.205343 -0.236155
v -0.470746 1.208069 -0.235925
v -0.470618 1.206492 -0.235690
v -0.470478 1.205475 -0.235369
v -0.405409 1.230961 -0.200417
v -0.406019 1.230626 -0.225310
v -0.406237 1.230167 -0.235002
v -0.452063 1.230626 -0.199154
v -0.452639 1.230333 -0.224015
v -0.452821 1.229929 -0.233660
v -0.469770 1.230167 -0.198655
v -0.470299 1.229929 -0.223482
v -0.470418 1.229604 -0.233067
v -0.406404 1.226008 -0.238405
v -0.453050 1.225966 -0.236848
v -0.470746 1.225931 -0.235925
v -0.406353 1.227653 -0.238071
v -0.452967 1.227578 -0.236557
v -0.470619 1.227508 -0.235690
v -0.406306 1.228779 -0.237612
v -0.452887 1.228657 -0.236155
v -0.470478 1.228525 -0.235369
v -0.474323 1.226008 -0.198613
v -0.473987 1.227653 -0.198580
v -0.473527 1.228779 -0.198557
v -0.474640 1.225966 -0.223513
v -0.474345 1.227578 -0.223446
v -0.473939 1.228657 -0.223386
v -0.474434 1.225931 -0.233216
v -0.474193 1.227508 -0.233100
v -0.473865 1.228525 -0.232977
v 0.405409 1.203039 0.200417
v 0.452063 1.203374 0.199154
v 0.469770 1.203833 0.198655
v 0.406019 1.203374 0.225310
v 0.452639 1.203667 0.224015
v 0.470299 1.204071 0.223482
v 0.406237 1.203833 0.235002
v 0.452821 1.204071 0.233660
v 0.470418 1.204396 0.233067
v 0.474323 1.207992 0.198613
v 0.474640 1.208034 0.223513
v 0.474434 1.208069 0.233216
v 0.473987 1.206347 0.198580
v 0.474345 1.206422 0.223446
v 0.474193 1.206492 0.233100
v 0.473527 1.205221 0.198557
v 0.473939 1.205343 0.223387
v 0.473865 1.205475 0.232977
v 0.406404 1.207992 0.238405
v 0.406353 1.206347 0.238071
v 0.406306 1.205221 0.237612
v 0.453050 1.208034 0.236848
v 0.452967 1.206422 0.236557
v 0.452887 1.205343 0.236155
v 0.470746 1.208069 0.235925
v 0.470618 1.206492 0.235690
v 0.470478 1.205475 0.235369
v 0.405409 1.230961 0.200417
v 0.406019 1.230626 0.225310
v 0.406237 1.230167 0.235002
v 0.452063 1.230626 0.199154
v 0.452639 1.230333 0.224015
v 0.452821 1.229929 0.233660
v 0.469770 1.230167 0.198655
v 0.470299 1.229929 0.223482
v 0.470418 1.229604 0.233067
v 0.406404 1.226008 0.238405
v 0.453050 1.225966 0.236848
v 0.470746 1.225931 0.235925
v 0.406353 1.227653 0.238071
v 0.452967 1.227578 0.236557
v 0.470619 1.227508 0.235690
v 0.406306 1.228779 0.237612
v 0.452887 1.228657 0.236155
v 0.470478 1.228525 0.235369
v 0.474323 1.226008 0.198613
v 0.473987 1.227653 0.198580
v 0.473527 1.228779 0.198557
v 0.474640 1.225966 0.223513
v 0.474345 1.227578 0.223446
v 0.473939 1.228657 0.223386
v 0.474434 1.225931 0.233216
v 0.474193 1.227508 0.233100
v 0.473865 1.228525 0.232977
v 0.394364 1.203039 -0.221360
v 0.393671 1.203374 -0.246251
v 0.393382 1.203833 -0.255940
v 0.441020 1.203374 -0.222540
v 0.440295 1.203667 -0.247397
v 0.439972 1.204071 -0.257039
v 0.458730 1.203833 -0.222969
v 0.457958 1.204071 -0.247789
v 0.457575 1.204396 -0.257367
v 0.393370 1.207992 -0.259348
v 0.440033 1.208034 -0.260234
v 0.457754 1.208069 -0.260239
v 0.393336 1.206347 -0.259011
v 0.439966 1.206422 -0.259940
v 0.457638 1.206492 -0.259998
v 0.393313 1.205221 -0.258551
v 0.439907 1.205343 -0.259533
v 0.457515 1.205475 -0.259670
v 0.463279 1.207992 -0.223165
v 0.462944 1.206347 -0.223114
v 0.462486 1.205221 -0.223067
v 0.462291 1.208034 -0.248048
v 0.462001 1.206422 -0.247965
v 0.461598 1.205343 -0.247884
v 0.461579 1.208069 -0.257726
v 0.461344 1.206492 -0.257598
v 0.461023 1.205475 -0.257458
v 0.394364 1.230961 -0.221360
v 0.441020 1.230626 -0.222540
v 0.458730 1.230167 -0.222969
v 0.393671 1.230626 -0.246251
v 0.440295 1.230333 -0.247397
v 0.457958 1.229929 -0.247789
v 0.393382 1.230167 -0.255940
v 0.439972 1.229929 -0.257039
v 0.457575 1.229604 -0.257367
v 0.463279 1.226008 -0.223165
v 0.462291 1.225966 -0.248048
v 0.461579 1.225931 -0.257726
v 0.462944 1.227653 -0.223114
v 0.462001 1.227578 -0.247965
v 0.461344 1.227508 -0.257598
v 0.462486 1.228779 -0.223067
v 0.461598 1.228657 -0.247884
v 0.461023 1.228525 -0.257458
v 0.393370 1.226008 -0.259348
v 0.393336 1.227653 -0.259011
v 0.393313 1.228779 -0.258551
v 0.440033 1.225966 -0.260234
v 0.439966 1.227578 -0.259940
v 0.439907 1.228657 -0.259533
v 0.457754 1.225931 -0.260239
v 0.457638 1.227508 -0.259998
v 0.457515 1.228525 -0.259670
v -0.402283 1.202675 -0.078725
v -0.399955 1.202630 0.010473
v -0.397611 1.202675 0.099671
v -0.448977 1.203058 -0.077494
v -0.446654 1.203019 0.011696
v -0.444306 1.203058 0.100886
v -0.466734 1.203573 -0.077022
v -0.464417 1.203540 0.012161
v -0.462063 1.203573 0.101343
v -0.470602 1.205072 -0.076921
v -0.468299 1.205054 0.012263
v -0.465931 1.205072 0.101445
v -0.471117 1.206247 -0.076914
v -0.468820 1.206234 0.012276
v -0.466446 1.206247 0.101465
v -0.471500 1.207931 -0.076913
v -0.469210 1.207924 0.012287
v -0.466829 1.207931 0.101484
v -0.393421 1.213448 0.259713
v -0.393427 1.217000 0.259758
v -0.393421 1.220552 0.259713
v -0.440125 1.213457 0.260552
v -0.440137 1.217000 0.260592
v -0.440125 1.220543 0.260552
v -0.457896 1.213464 0.260503
v -0.457914 1.217000 0.260536
v -0.457896 1.220536 0.260503
v -0.461835 1.213464 0.257882
v -0.461867 1.217000 0.257901
v -0.461835 1.220536 0.257882
v -0.462604 1.213457 0.248156
v -0.462643 1.217000 0.248170
v -0.462604 1.220543 0.248156
v -0.463641 1.213448 0.223235
v -0.463685 1.217000 0.223244
v -0.463641 1.220552 0.223235
v -0.397611 1.231325 0.099671
v -0.399955 1.231370 0.010473
v -0.402283 1.231325 -0.078725
v -0.444306 1.230942 0.100886
v -0.446654 1.230981 0.011696
v -0.448977 1.230942 -0.077494
v -0.462063 1.230427 0.101343
v -0.464417 1.230460 0.012161
v -0.466734 1.230427 -0.077022
v -0.465931 1.228928 0.101445
v -0.468299 1.228946 0.012263
v -0.470602 1.228928 -0.076921
v -0.466446 1.227753 0.101465
v -0.468820 1.227766 0.012276
v -0.471117 1.227753 -0.076914
v -0.466829 1.226069 0.101484
v -0.469210 1.226076 0.012287
v -0.471500 1.226069 -0.076913
v -0.406474 1.220552 -0.238767
v -0.406483 1.217000 -0.238812
v -0.406474 1.213448 -0.238767
v -0.453158 1.220543 -0.237161
v -0.453172 1.217000 -0.237199
v -0.453158 1.213457 -0.237161
v -0.470902 1.220536 -0.236181
v -0.470921 1.217000 -0.236213
v -0.470902 1.213464 -0.236181
v -0.474699 1.220536 -0.233358
v -0.474731 1.217000 -0.233375
v -0.474699 1.213464 -0.233358
v -0.474958 1.220543 -0.223605
v -0.474997 1.217000 -0.223617
v -0.474958 1.213457 -0.223605
v -0.474688 1.220552 -0.198664
v -0.474734 1.217000 -0.198671
v -0.474688 1.213448 -0.198664
v 0.163855 1.202675 -0.215385
v -0.005524 1.202630 -0.210957
v -0.174903 1.202675 -0.206514
v 0.163194 1.203058 -0.240316
v -0.006177 1.203019 -0.235893
v -0.175547 1.203058 -0.231445
v 0.162932 1.203573 -0.250054
v -0.006432 1.203540 -0.245638
v -0.175795 1.203573 -0.241185
v 0.162861 1.205072 -0.252777
v -0.006504 1.205054 -0.248374
v -0.175867 1.205072 -0.243907
v 0.162854 1.206247 -0.253292
v -0.006518 1.206234 -0.248895
v -0.175887 1.206247 -0.244421
v 0.162853 1.207931 -0.253675
v -0.006528 1.207924 -0.249285
v -0.175906 1.207931 -0.244805
v -0.174903 1.231325 -0.206514
v -0.005524 1.231370 -0.210957
v 0.163855 1.231325 -0.215385
v -0.175547 1.230942 -0.231445
v -0.006177 1.230981 -0.235893
v 0.163194 1.230942 -0.240316
v -0.175795 1.230427 -0.241185
v -0.006432 1.230460 -0.245638
v 0.162932 1.230427 -0.250054
v -0.175867 1.228928 -0.243907
v -0.006504 1.228946 -0.248374
v 0.162861 1.228928 -0.252777
v -0.175887 1.227753 -0.244421
v -0.006518 1.227766 -0.248895
v 0.162854 1.227753 -0.253292
v -0.175906 1.226069 -0.244805
v -0.006528 1.226076 -0.249285
v 0.162853 1.226069 -0.253675
v 0.463641 1.220552 -0.223235
v 0.463686 1.217000 -0.223244
v 0.463641 1.213448 -0.223235
v 0.462604 1.220543 -0.248156
v 0.462643 1.217000 -0.248170
v 0.462604 1.213457 -0.248156
v 0.461835 1.220536 -0.257882
v 0.461867 1.217000 -0.257901
v 0.461835 1.213464 -0.257882
v 0.457896 1.220536 -0.260503
v 0.457914 1.217000 -0.260536
v 0.457896 1.213464 -0.260503
v 0.440125 1.220543 -0.260552
v 0.440137 1.217000 -0.260592
v 0.440125 1.213457 -0.260552
v 0.393421 1.220552 -0.259713
v 0.393427 1.217000 -0.259758
v 0.393421 1.213448 -0.259713
v 0.402283 1.202675 0.078725
v 0.399955 1.202630 -0.010473
v 0.397611 1.202675 -0.099671
v 0.448977 1.203058 0.077494
v 0.446654 1.203019 -0.011696
v 0.444306 1.203058 -0.100886
v 0.466734 1.203573 0.077022
v 0.464417 1.203540 -0.012161
v 0.462063 1.203573 -0.101343
v 0.470602 1.205072 0.076921
v 0.468299 1.205054 -0.012263
v 0.465931 1.205072 -0.101445
v 0.471117 1.206247 0.076914
v 0.468820 1.206234 -0.012276
v 0.466445 1.206247 -0.101465
v 0.471500 1.207931 0.076913
v 0.469210 1.207924 -0.012287
v 0.466829 1.207931 -0.101484
v 0.397611 1.231325 -0.099671
v 0.399955 1.231370 -0.010473
v 0.402283 1.231325 0.078725
v 0.444306 1.230942 -0.100885
v 0.446654 1.230981 -0.011696
v 0.448977 1.230942 0.077494
v 0.462063 1.230427 -0.101343
v 0.464417 1.230460 -0.012161
v 0.466734 1.230427 0.077022
v 0.465931 1.228928 -0.101445
v 0.468299 1.228946 -0.012263
v 0.470602 1.228928 0.076921
v 0.466446 1.227753 -0.101465
v 0.468820 1.227766 -0.012276
v 0.471117 1.227753 0.076914
v 0.466829 1.226069 -0.101484
v 0.469210 1.226076 -0.012287
v 0.471500 1.226069 0.076913
v 0.406474 1.220552 0.238767
v 0.406483 1.217000 0.238812
v 0.406474 1.213448 0.238767
v 0.453158 1.220543 0.237161
v 0.453172 1.217000 0.237199
v 0.453158 1.213457 0.237161
v 0.470902 1.220536 0.236181
v 0.470921 1.217000 0.236213
v 0.470902 1.213464 0.236181
v 0.474699 1.220536 0.233358
v 0.474731 1.217000 0.233375
v 0.474699 1.213464 0.233358
v 0.474958 1.220543 0.223605
v 0.474997 1.217000 0.223617
v 0.474958 1.213457 0.223605
v 0.474688 1.220552 0.198664
v 0.474734 1.217000 0.198671
v 0.474688 1.213448 0.198664
v -0.163855 1.202675 0.215385
v 0.005524 1.202630 0.210957
v 0.174903 1.202675 0.206514
v -0.163194 1.203058 0.240316
v 0.006177 1.203019 0.235893
v 0.175547 1.203058 0.231445
v -0.162932 1.203573 0.250054
v 0.006432 1.203540 0.245638
v 0.175795 1.203573 0.241185
v -0.162861 1.205072 0.252777
v 0.006504 1.205054 0.248374
v 0.175867 1.205072 0.243907
v -0.162854 1.206247 0.253292
v 0.006518 1.206234 0.248895
v 0.175887 1.206247 0.244421
v -0.162853 1.207931 0.253675
v 0.006528 1.207924 0.249285
v 0.175906 1.207931 0.244805
v 0.174903 1.231325 0.206514
v 0.005524 1.231370 0.210957
v -0.163855 1.231325 0.215385
v 0.175547 1.230942 0.231445
v 0.006177 1.230981 0.235893
v -0.163194 1.230942 0.240316
v 0.175795 1.230427 0.241185
v 0.006432 1.230460 0.245638
v -0.162932 1.230427 0.250054
v 0.175867 1.228928 0.243907
v 0.006504 1.228946 0.248374
v -0.162861 1.228928 0.252777
v 0.175887 1.227753 0.244421
v 0.006518 1.227766 0.248895
v -0.162854 1.227753 0.253292
v 0.175906 1.226069 0.244805
v 0.006528 1.226076 0.249285
v -0.162853 1.226069 0.253675
v -0.171728 1.202251 -0.084775
v -0.002336 1.202198 -0.089213
v 0.167056 1.202251 -0.093647
v -0.169394 1.202198 0.004436
v -0.000000 1.202145 -0.000000
v 0.169394 1.202198 -0.004436
v -0.167056 1.202251 0.093647
v 0.002336 1.202198 0.089213
v 0.171728 1.202251 0.084775
vn 0.0265 -0.0150 0.9995
vn 0.0265 0.0148 0.9995
vn 0.0259 -0.0150 0.9996
vn 0.0259 0.0148 0.9996
vn 0.0272 -0.0504 0.9984
vn 0.0273 -0.0148 0.9995
vn 0.0273 0.0140 0.9995
vn 0.0273 0.0478 0.9985
vn 0.0265 0.0504 0.9984
vn 0.0258 0.0504 0.9984
vn 0.0250 0.0478 0.9985
vn 0.0250 0.0140 0.9996
vn 0.0250 -0.0148 0.9996
vn 0.0251 -0.0504 0.9984
vn 0.0258 -0.0513 0.9984
vn 0.0264 -0.0513 0.9983
vn 0.9995 -0.0150 -0.0268
vn 0.9995 0.0148 -0.0268
vn 0.9996 -0.0150 -0.0256
vn 0.9996 0.0148 -0.0256
vn 0.9983 -0.0504 -0.0282
vn 0.9995 -0.0148 -0.0283
vn 0.9995 0.0140 -0.0283
vn 0.9985 0.0478 -0.0283
vn 0.9984 0.0504 -0.0267
vn 0.9984 0.0504 -0.0256
vn 0.9986 0.0478 -0.0240
vn 0.9996 0.0140 -0.0240
vn 0.9996 -0.0148 -0.0240
vn 0.9984 -0.0504 -0.0241
vn 0.9984 -0.0513 -0.0256
vn 0.9983 -0.0513 -0.0267
vn 0.0003 1.0000 -0.0006
vn -0.0003 1.0000 -0.0006
vn 0.0003 1.0000 0.0006
vn -0.0003 1.0000 0.0006
vn 0.0011 1.0000 -0.0020
vn 0.0003 1.0000 -0.0021
vn -0.0004 1.0000 -0.0022
vn -0.0011 1.0000 -0.0021
vn -0.0011 1.0000 -0.0006
vn -0.0011 1.0000 0.0006
vn -0.0010 1.0000 0.0022
vn -0.0002 1.0000 0.0022
vn 0.0004 1.0000 0.0021
vn 0.0012 1.0000 0.0020
vn 0.0012 1.0000 0.0005
vn 0.0011 1.0000 -0.0006
vn -0.9995 -0.0150 0.0268
vn -0.9995 0.0148 0.0268
vn -0.9996 -0.0150 0.0256
vn -0.9996 0.0148 0.0256
vn -0.9983 -0.0504 0.0282
vn -0.9995 -0.0148 0.0283
vn -0.9995 0.0140 0.0283
vn -0.9985 0.0478 0.0283
vn -0.9984 0.0504 0.0267
vn -0.9984 0.0504 0.0256
vn -0.9986 0.0478 0.0240
vn -0.9996 0.0140 0.0240
vn -0.9996 -0.0148 0.0240
vn -0.9984 -0.0504 0.0241
vn -0.9984 -0.0513 0.0256
vn -0.9983 -0.0513 0.0267
vn -0.0265 -0.0150 -0.9995
vn -0.0265 0.0148 -0.9995
vn -0.0259 -0.0150 -0.9996
vn -0.0259 0.0148 -0.9996
vn -0.0272 -0.0504 -0.9984
vn -0.0273 -0.0148 -0.9995
vn -0.0273 0.0140 -0.9995
vn -0.0273 0.0478 -0.9985
vn -0.0265 0.0504 -0.9984
vn -0.0258 0.0504 -0.9984
vn -0.0250 0.0478 -0.9985
vn -0.0250 0.0140 -0.9996
vn -0.0250 -0.0148 -0.9996
vn -0.0251 -0.0504 -0.9984
vn -0.0258 -0.0513 -0.9984
vn -0.0264 -0.0513 -0.9983
vn -0.0069 -0.9999 0.0120
vn -0.0052 -0.9991 0.0421
vn -0.0257 -0.9996 0.0104
vn -0.0221 -0.9992 0.0347
vn -0.0027 -1.0000 0.0049
vn -0.0022 -0.9999 0.0135
vn -0.0010 -0.9989 0.0474
vn 0.0055 -0.9582 0.2862
vn 0.0014 -0.9637 0.2670
vn -0.0136 -0.9730 0.2303
vn -0.1426 -0.9805 0.1352
vn -0.1714 -0.9847 0.0314
vn -0.1867 -0.9823 0.0133
vn -0.1956 -0.9806 0.0083
vn -0.0277 -0.9996 0.0042
vn -0.0077 -1.0000 0.0044
vn 0.0192 -0.1999 0.9796
vn 0.0025 -0.1796 0.9837
vn 0.0185 -0.3777 0.9257
vn 0.0046 -0.3522 0.9359
vn 0.0235 -0.1060 0.9941
vn 0.0188 -0.0972 0.9951
vn 0.0001 -0.0858 0.9963
vn -0.1610 -0.0769 0.9839
vn -0.1458 -0.1599 0.9763
vn -0.1195 -0.3177 0.9406
vn -0.0759 -0.5702 0.8180
vn 0.0033 -0.5956 0.8032
vn 0.0154 -0.6068 0.7947
vn 0.0187 -0.6127 0.7901
vn 0.0220 -0.3929 0.9193
vn 0.0233 -0.2140 0.9766
vn -0.9830 -0.1792 0.0393
vn -0.9354 -0.3518 0.0366
vn -0.9856 -0.1526 0.0731
vn -0.9488 -0.3086 0.0670
vn -0.9948 -0.0972 0.0313
vn -0.9793 -0.1999 0.0305
vn -0.9255 -0.3777 0.0286
vn -0.7945 -0.6067 0.0247
vn -0.8027 -0.5956 0.0316
vn -0.8211 -0.5679 0.0572
vn -0.8666 -0.4350 0.2448
vn -0.9197 -0.2699 0.2852
vn -0.9406 -0.1410 0.3090
vn -0.9443 -0.0691 0.3217
vn -0.9944 -0.0727 0.0768
vn -0.9955 -0.0855 0.0408
vn 0.0185 0.1789 0.9837
vn 0.0181 0.3514 0.9360
vn -0.0000 0.1512 0.9885
vn 0.0019 0.3065 0.9519
vn 0.0233 0.0971 0.9950
vn 0.0231 0.1999 0.9796
vn 0.0219 0.3776 0.9257
vn 0.0187 0.6067 0.7947
vn 0.0154 0.5955 0.8032
vn 0.0021 0.5669 0.8238
vn -0.1173 0.4135 0.9029
vn -0.1438 0.2547 0.9563
vn -0.1603 0.1326 0.9781
vn -0.1698 0.0649 0.9833
vn -0.0017 0.0718 0.9974
vn 0.0182 0.0853 0.9962
vn -0.0059 0.9999 0.0136
vn -0.0226 0.9997 0.0124
vn -0.0040 0.9989 0.0475
vn -0.0176 0.9989 0.0425
vn -0.0024 1.0000 0.0053
vn -0.0071 1.0000 0.0050
vn -0.0258 0.9997 0.0049
vn -0.1868 0.9824 0.0086
vn -0.1717 0.9850 0.0148
vn -0.1441 0.9888 0.0393
vn -0.0782 0.9692 0.2336
vn -0.0086 0.9636 0.2674
vn 0.0027 0.9581 0.2863
vn 0.0060 0.9548 0.2973
vn -0.0005 0.9987 0.0508
vn -0.0018 0.9999 0.0147
vn -0.9791 0.2001 0.0378
vn -0.9812 0.1803 0.0682
vn -0.9252 0.3778 0.0350
vn -0.9337 0.3529 0.0610
vn -0.9939 0.1060 0.0309
vn -0.9945 0.0973 0.0396
vn -0.9936 0.0863 0.0735
vn -0.9472 0.0792 0.3107
vn -0.9427 0.1639 0.2905
vn -0.9122 0.3226 0.2525
vn -0.8012 0.5703 0.1815
vn -0.8013 0.5959 0.0536
vn -0.7943 0.6068 0.0309
vn -0.7899 0.6127 0.0244
vn -0.9192 0.3929 0.0280
vn -0.9764 0.2139 0.0299
vn -0.0066 -0.9999 -0.0133
vn -0.0232 -0.9997 -0.0112
vn -0.0065 -0.9989 -0.0472
vn -0.0198 -0.9989 -0.0415
vn -0.0027 -1.0000 -0.0052
vn -0.0073 -1.0000 -0.0046
vn -0.0260 -0.9997 -0.0035
vn -0.1870 -0.9824 0.0012
vn -0.1723 -0.9850 -0.0058
vn -0.1459 -0.9888 -0.0317
vn -0.0903 -0.9692 -0.2292
vn -0.0226 -0.9636 -0.2665
vn -0.0123 -0.9581 -0.2860
vn -0.0096 -0.9548 -0.2972
vn -0.0032 -0.9987 -0.0507
vn -0.0026 -0.9999 -0.0146
vn -0.9797 -0.2001 0.0135
vn -0.9835 -0.1803 -0.0168
vn -0.9258 -0.3778 0.0135
vn -0.9356 -0.3529 -0.0120
vn -0.9941 -0.1060 0.0212
vn -0.9952 -0.0973 0.0125
vn -0.9960 -0.0863 -0.0214
vn -0.9622 -0.0792 -0.2607
vn -0.9567 -0.1639 -0.2407
vn -0.9242 -0.3226 -0.2044
vn -0.8096 -0.5703 -0.1393
vn -0.8030 -0.5959 -0.0116
vn -0.7948 -0.6068 0.0107
vn -0.7901 -0.6127 0.0169
vn -0.9194 -0.3929 0.0202
vn -0.9766 -0.2139 0.0212
vn -0.0330 -0.1789 -0.9833
vn -0.0309 -0.3514 -0.9357
vn -0.0518 -0.1512 -0.9872
vn -0.0479 -0.3065 -0.9507
vn -0.0289 -0.0971 -0.9949
vn -0.0282 -0.1999 -0.9794
vn -0.0265 -0.3776 -0.9256
vn -0.0229 -0.6067 -0.7946
vn -0.0267 -0.5955 -0.8029
vn -0.0410 -0.5669 -0.8227
vn -0.1644 -0.4135 -0.8956
vn -0.1937 -0.2548 -0.9474
vn -0.2113 -0.1326 -0.9684
vn -0.2210 -0.0649 -0.9731
vn -0.0539 -0.0718 -0.9960
vn -0.0339 -0.0853 -0.9958
vn -0.0075 0.9999 -0.0116
vn -0.0074 0.9991 -0.0418
vn -0.0262 0.9996 -0.0090
vn -0.0239 0.9992 -0.0335
vn -0.0029 1.0000 -0.0047
vn -0.0029 0.9999 -0.0134
vn -0.0035 0.9989 -0.0473
vn -0.0095 0.9582 -0.2861
vn -0.0126 0.9637 -0.2667
vn -0.0257 0.9730 -0.2293
vn -0.1495 0.9805 -0.1275
vn -0.1728 0.9847 -0.0224
vn -0.1871 0.9823 -0.0035
vn -0.1958 0.9806 0.0020
vn -0.0279 0.9996 -0.0028
vn -0.0079 1.0000 -0.0040
vn -0.0321 0.1999 -0.9793
vn -0.0490 0.1796 -0.9825
vn -0.0300 0.3777 -0.9255
vn -0.0444 0.3522 -0.9349
vn -0.0286 0.1060 -0.9940
vn -0.0333 0.0972 -0.9947
vn -0.0521 0.0858 -0.9950
vn -0.2123 0.0769 -0.9742
vn -0.1967 0.1599 -0.9673
vn -0.1686 0.3177 -0.9331
vn -0.1186 0.5702 -0.8129
vn -0.0387 0.5956 -0.8023
vn -0.0262 0.6068 -0.7945
vn -0.0227 0.6127 -0.7900
vn -0.0261 0.3929 -0.9192
vn -0.0279 0.2140 -0.9764
vn -0.9837 0.1792 0.0122
vn -0.9360 0.3518 0.0124
vn -0.9880 0.1526 -0.0215
vn -0.9510 0.3086 -0.0172
vn -0.9951 0.0972 0.0208
vn -0.9796 0.1999 0.0208
vn -0.9257 0.3777 0.0199
vn -0.7948 0.6067 0.0169
vn -0.8032 0.5956 0.0104
vn -0.8229 0.5679 -0.0141
vn -0.8782 0.4350 -0.1991
vn -0.9334 0.2699 -0.2367
vn -0.9554 0.1410 -0.2594
vn -0.9599 0.0691 -0.2718
vn -0.9971 0.0727 -0.0246
vn -0.9963 0.0855 0.0114
vn 0.0066 -0.9999 0.0133
vn 0.0232 -0.9997 0.0112
vn 0.0065 -0.9989 0.0472
vn 0.0198 -0.9989 0.0415
vn 0.0027 -1.0000 0.0052
vn 0.0073 -1.0000 0.0046
vn 0.0260 -0.9997 0.0035
vn 0.1870 -0.9824 -0.0012
vn 0.1723 -0.9850 0.0058
vn 0.1459 -0.9888 0.0317
vn 0.0903 -0.9692 0.2292
vn 0.0226 -0.9636 0.2665
vn 0.0123 -0.9581 0.2860
vn 0.0096 -0.9548 0.2972
vn 0.0032 -0.9987 0.0507
vn 0.0026 -0.9999 0.0146
vn 0.9797 -0.2001 -0.0135
vn 0.9835 -0.1803 0.0168
vn 0.9258 -0.3778 -0.0135
vn 0.9356 -0.3529 0.0120
vn 0.9941 -0.1060 -0.0212
vn 0.9952 -0.0973 -0.0125
vn 0.9960 -0.0863 0.0214
vn 0.9622 -0.0792 0.2607
vn 0.9567 -0.1639 0.2407
vn 0.9242 -0.3226 0.2044
vn 0.8096 -0.5703 0.1393
vn 0.8030 -0.5959 0.0116
vn 0.7948 -0.6068 -0.0107
vn 0.7901 -0.6127 -0.0169
vn 0.9194 -0.3929 -0.0202
vn 0.9766 -0.2140 -0.0212
vn 0.0330 -0.1789 0.9833
vn 0.0309 -0.3514 0.9357
vn 0.0518 -0.1511 0.9872
vn 0.0479 -0.3065 0.9507
vn 0.0289 -0.0971 0.9949
vn 0.0282 -0.1999 0.9794
vn 0.0265 -0.3776 0.9256
vn 0.0229 -0.6067 0.7946
vn 0.0267 -0.5955 0.8029
vn 0.0410 -0.5669 0.8227
vn 0.1644 -0.4135 0.8956
vn 0.1937 -0.2548 0.9474
vn 0.2113 -0.1326 0.9684
vn 0.2210 -0.0649 0.9731
vn 0.0539 -0.0718 0.9960
vn 0.0339 -0.0853 0.9958
vn 0.0075 0.9999 0.0116
vn 0.0074 0.9991 0.0418
vn 0.0262 0.9996 0.0090
vn 0.0239 0.9992 0.0335
vn 0.0029 1.0000 0.0047
vn 0.0029 0.9999 0.0134
vn 0.0035 0.9989 0.0473
vn 0.0095 0.9582 0.2861
vn 0.0126 0.9637 0.2667
vn 0.0257 0.9730 0.2293
vn 0.1495 0.9805 0.1275
vn 0.1728 0.9847 0.0224
vn 0.1871 0.9823 0.0035
vn 0.1958 0.9806 -0.0020
vn 0.0279 0.9996 0.0028
vn 0.0079 1.0000 0.0040
vn 0.0321 0.1999 0.9793
vn 0.0490 0.1796 0.9825
vn 0.0300 0.3777 0.9254
vn 0.0444 0.3522 0.9349
vn 0.0286 0.1060 0.9940
vn 0.0333 0.0972 0.9947
vn 0.0521 0.0857 0.9950
vn 0.2123 0.0770 0.9742
vn 0.1967 0.1599 0.9673
vn 0.1686 0.3177 0.9331
vn 0.1186 0.5702 0.8129
vn 0.0387 0.5956 0.8023
vn 0.0262 0.6068 0.7945
vn 0.0227 0.6127 0.7900
vn 0.0261 0.3929 0.9192
vn 0.0279 0.2140 0.9764
vn 0.9837 0.1792 -0.0122
vn 0.9360 0.3518 -0.0124
vn 0.9881 0.1526 0.0215
vn 0.9510 0.3086 0.0172
vn 0.9951 0.0972 -0.0208
vn 0.9796 0.2000 -0.0208
vn 0.9257 0.3777 -0.0199
vn 0.7947 0.6067 -0.0169
vn 0.8032 0.5956 -0.0104
vn 0.8229 0.5679 0.0141
vn 0.8782 0.4350 0.1991
vn 0.9334 0.2699 0.2367
vn 0.9554 0.1410 0.2594
vn 0.9599 0.0691 0.2718
vn 0.9970 0.0727 0.0246
vn 0.9963 0.0855 -0.0114
vn 0.0069 -0.9999 -0.0120
vn 0.0052 -0.9991 -0.0421
vn 0.0257 -0.9996 -0.0104
vn 0.0221 -0.9992 -0.0347
vn 0.0027 -1.0000 -0.0049
vn 0.0022 -0.9999 -0.0135
vn 0.0010 -0.9989 -0.0474
vn -0.0055 -0.9582 -0.2862
vn -0.0014 -0.9637 -0.2670
vn 0.0136 -0.9730 -0.2303
vn 0.1426 -0.9805 -0.1352
vn 0.1714 -0.9847 -0.0314
vn 0.1867 -0.9823 -0.0133
vn 0.1956 -0.9806 -0.0083
vn 0.0277 -0.9996 -0.0042
vn 0.0077 -1.0000 -0.0044
vn -0.0192 -0.1999 -0.9796
vn -0.0025 -0.1796 -0.9837
vn -0.0185 -0.3777 -0.9257
vn -0.0046 -0.3522 -0.9359
vn -0.0235 -0.1060 -0.9941
vn -0.0188 -0.0972 -0.9951
vn -0.0001 -0.0857 -0.9963
vn 0.1610 -0.0770 -0.9839
vn 0.1458 -0.1599 -0.9763
vn 0.1195 -0.3177 -0.9406
vn 0.0759 -0.5702 -0.8180
vn -0.0033 -0.5956 -0.8032
vn -0.0154 -0.6068 -0.7947
vn -0.0187 -0.6127 -0.7901
vn -0.0220 -0.3929 -0.9193
vn -0.0233 -0.2140 -0.9766
vn 0.9830 -0.1792 -0.0393
vn 0.9354 -0.3518 -0.0366
vn 0.9856 -0.1526 -0.0731
vn 0.9488 -0.3086 -0.0670
vn 0.9948 -0.0972 -0.0313
vn 0.9793 -0.2000 -0.0305
vn 0.9255 -0.3777 -0.0286
vn 0.7945 -0.6067 -0.0247
vn 0.8027 -0.5956 -0.0316
vn 0.8211 -0.5679 -0.0572
vn 0.8666 -0.4350 -0.2448
vn 0.9197 -0.2699 -0.2852
vn 0.9405 -0.1410 -0.3090
vn 0.9443 -0.0691 -0.3217
vn 0.9944 -0.0727 -0.0768
vn 0.9955 -0.0855 -0.0408
vn 0.0059 0.9999 -0.0136
vn 0.0226 0.9997 -0.0124
vn 0.0040 0.9989 -0.0475
vn 0.0176 0.9989 -0.0425
vn 0.0024 1.0000 -0.0053
vn 0.0071 1.0000 -0.0050
vn 0.0258 0.9997 -0.0049
vn 0.1868 0.9824 -0.0086
vn 0.1717 0.9850 -0.0148
vn 0.1441 0.9888 -0.0393
vn 0.0782 0.9692 -0.2336
vn 0.0086 0.9636 -0.2674
vn -0.0027 0.9581 -0.2863
vn -0.0060 0.9548 -0.2973
vn 0.0005 0.9987 -0.0508
vn 0.0018 0.9999 -0.0147
vn 0.9790 0.2001 -0.0378
vn 0.9812 0.1803 -0.0682
vn 0.9252 0.3778 -0.0350
vn 0.9337 0.3529 -0.0610
vn 0.9939 0.1060 -0.0309
vn 0.9945 0.0973 -0.0396
vn 0.9936 0.0863 -0.0735
vn 0.9472 0.0792 -0.3107
vn 0.9427 0.1639 -0.2905
vn 0.9122 0.3226 -0.2525
vn 0.8012 0.5703 -0.1815
vn 0.8013 0.5959 -0.0536
vn 0.7943 0.6068 -0.0309
vn 0.7899 0.6127 -0.0244
vn 0.9192 0.3929 -0.0280
vn 0.9764 0.2140 -0.0299
vn -0.0185 0.1789 -0.9837
vn -0.0181 0.3514 -0.9360
vn -0.0000 0.1511 -0.9885
vn -0.0019 0.3065 -0.9519
vn -0.0233 0.0971 -0.9950
vn -0.0231 0.1999 -0.9796
vn -0.0219 0.3776 -0.9257
vn -0.0187 0.6067 -0.7947
vn -0.0154 0.5955 -0.8032
vn -0.0021 0.5669 -0.8238
vn 0.1173 0.4135 -0.9029
vn 0.1438 0.2548 -0.9563
vn 0.1603 0.1326 -0.9781
vn 0.1698 0.0649 -0.9833
vn 0.0017 0.0718 -0.9974
vn -0.0182 0.0853 -0.9962
vn -0.0082 -1.0000 -0.0003
vn -0.0083 -1.0000 0.0007
vn -0.0290 -0.9996 0.0003
vn -0.0293 -0.9996 0.0011
vn -0.0028 -1.0000 -0.0019
vn -0.0030 -1.0000 -0.0005
vn -0.0030 -1.0000 0.0006
vn -0.0029 -1.0000 0.0019
vn -0.0082 -1.0000 0.0018
vn -0.0289 -0.9996 0.0021
vn -0.2006 -0.9796 0.0065
vn -0.2023 -0.9793 0.0056
vn -0.2007 -0.9796 0.0049
vn -0.1957 -0.9807 0.0037
vn -0.0279 -0.9996 -0.0009
vn -0.0079 -1.0000 -0.0016
vn -0.9157 -0.4012 0.0235
vn -0.9145 -0.4039 0.0244
vn -0.9747 -0.2220 0.0250
vn -0.9741 -0.2247 0.0260
vn -0.7901 -0.6127 0.0192
vn -0.7875 -0.6159 0.0202
vn -0.7867 -0.6170 0.0210
vn -0.7875 -0.6160 0.0221
vn -0.9156 -0.4012 0.0255
vn -0.9747 -0.2221 0.0272
vn -0.9934 -0.1113 0.0279
vn -0.9932 -0.1131 0.0265
vn -0.9935 -0.1113 0.0255
vn -0.9941 -0.1060 0.0240
vn -0.9766 -0.2139 0.0237
vn -0.9193 -0.3929 0.0224
vn 0.0180 -0.0127 0.9998
vn 0.0178 0.0111 0.9998
vn -0.0028 -0.0111 0.9999
vn -0.0031 0.0093 1.0000
vn 0.0233 -0.0478 0.9986
vn 0.0232 -0.0140 0.9996
vn 0.0232 0.0127 0.9997
vn 0.0232 0.0435 0.9988
vn 0.0179 0.0379 0.9991
vn -0.0028 0.0319 0.9995
vn -0.1750 0.0291 0.9841
vn -0.1766 0.0085 0.9842
vn -0.1750 -0.0100 0.9845
vn -0.1700 -0.0343 0.9848
vn -0.0017 -0.0381 0.9993
vn 0.0183 -0.0435 0.9989
vn -0.9968 -0.0112 0.0789
vn -0.9968 0.0094 0.0795
vn -0.9991 -0.0127 0.0415
vn -0.9991 0.0111 0.0418
vn -0.9460 -0.0353 0.3221
vn -0.9445 -0.0103 0.3284
vn -0.9438 0.0090 0.3304
vn -0.9441 0.0310 0.3283
vn -0.9964 0.0323 0.0788
vn -0.9984 0.0380 0.0415
vn -0.9986 0.0435 0.0317
vn -0.9994 0.0127 0.0318
vn -0.9994 -0.0140 0.0317
vn -0.9984 -0.0478 0.0314
vn -0.9982 -0.0435 0.0408
vn -0.9963 -0.0384 0.0769
vn -0.0082 1.0000 0.0007
vn -0.0083 1.0000 -0.0002
vn -0.0289 0.9996 0.0012
vn -0.0293 0.9996 0.0004
vn -0.0027 1.0000 0.0021
vn -0.0029 1.0000 0.0006
vn -0.0030 1.0000 -0.0004
vn -0.0030 1.0000 -0.0018
vn -0.0083 1.0000 -0.0014
vn -0.0290 0.9996 -0.0006
vn -0.2007 0.9796 0.0040
vn -0.2023 0.9793 0.0050
vn -0.2006 0.9796 0.0057
vn -0.1957 0.9807 0.0066
vn -0.0278 0.9996 0.0023
vn -0.0078 1.0000 0.0020
vn -0.9157 0.4012 0.0244
vn -0.9145 0.4039 0.0235
vn -0.9747 0.2220 0.0260
vn -0.9741 0.2247 0.0250
vn -0.7900 0.6127 0.0222
vn -0.7875 0.6159 0.0210
vn -0.7867 0.6170 0.0202
vn -0.7875 0.6160 0.0192
vn -0.9157 0.4012 0.0225
vn -0.9747 0.2221 0.0239
vn -0.9935 0.1113 0.0242
vn -0.9933 0.1131 0.0255
vn -0.9934 0.1113 0.0266
vn -0.9940 0.1060 0.0281
vn -0.9765 0.2139 0.0274
vn -0.9192 0.3929 0.0257
vn -0.0344 0.0127 -0.9993
vn -0.0345 -0.0111 -0.9993
vn -0.0551 0.0111 -0.9984
vn -0.0555 -0.0093 -0.9984
vn -0.0289 0.0478 -0.9984
vn -0.0291 0.0140 -0.9995
vn -0.0292 -0.0127 -0.9995
vn -0.0291 -0.0435 -0.9986
vn -0.0344 -0.0379 -0.9987
vn -0.0551 -0.0319 -0.9980
vn -0.2262 -0.0291 -0.9736
vn -0.2279 -0.0085 -0.9736
vn -0.2263 0.0100 -0.9740
vn -0.2213 0.0343 -0.9746
vn -0.0540 0.0381 -0.9978
vn -0.0340 0.0435 -0.9985
vn -0.9996 0.0112 -0.0266
vn -0.9996 -0.0094 -0.0272
vn -0.9999 0.0127 0.0108
vn -0.9999 -0.0111 0.0106
vn -0.9616 0.0353 -0.2722
vn -0.9604 0.0103 -0.2785
vn -0.9598 -0.0090 -0.2806
vn -0.9600 -0.0309 -0.2784
vn -0.9991 -0.0323 -0.0266
vn -0.9992 -0.0380 0.0108
vn -0.9988 -0.0435 0.0206
vn -0.9997 -0.0127 0.0205
vn -0.9997 0.0140 0.0206
vn -0.9986 0.0478 0.0209
vn -0.9990 0.0435 0.0115
vn -0.9990 0.0384 -0.0246
vn -0.0001 -0.9999 -0.0154
vn -0.0006 -0.9999 -0.0156
vn -0.0011 -0.9986 -0.0527
vn -0.0016 -0.9986 -0.0534
vn 0.0009 -1.0000 -0.0053
vn 0.0001 -1.0000 -0.0056
vn -0.0004 -1.0000 -0.0057
vn -0.0011 -1.0000 -0.0055
vn -0.0012 -0.9999 -0.0154
vn -0.0021 -0.9986 -0.0527
vn -0.0086 -0.9528 -0.3034
vn -0.0082 -0.9522 -0.3054
vn -0.0077 -0.9528 -0.3034
vn -0.0070 -0.9548 -0.2973
vn -0.0005 -0.9987 -0.0508
vn 0.0006 -0.9999 -0.0147
vn -0.0237 -0.4012 -0.9157
vn -0.0242 -0.4039 -0.9145
vn -0.0253 -0.2221 -0.9747
vn -0.0257 -0.2247 -0.9741
vn -0.0199 -0.6127 -0.7900
vn -0.0204 -0.6159 -0.7875
vn -0.0208 -0.6170 -0.7867
vn -0.0214 -0.6159 -0.7875
vn -0.0248 -0.4012 -0.9157
vn -0.0264 -0.2221 -0.9747
vn -0.0270 -0.1113 -0.9934
vn -0.0263 -0.1131 -0.9932
vn -0.0257 -0.1113 -0.9935
vn -0.0250 -0.1060 -0.9941
vn -0.0246 -0.2139 -0.9765
vn -0.0232 -0.3929 -0.9193
vn -0.0007 0.9999 -0.0154
vn -0.0002 0.9999 -0.0156
vn -0.0016 0.9986 -0.0527
vn -0.0012 0.9986 -0.0534
vn -0.0012 1.0000 -0.0052
vn -0.0004 1.0000 -0.0056
vn 0.0001 1.0000 -0.0057
vn 0.0008 1.0000 -0.0056
vn 0.0004 0.9999 -0.0154
vn -0.0007 0.9986 -0.0527
vn -0.0073 0.9528 -0.3034
vn -0.0078 0.9522 -0.3055
vn -0.0082 0.9528 -0.3034
vn -0.0086 0.9548 -0.2972
vn -0.0022 0.9987 -0.0507
vn -0.0013 0.9999 -0.0146
vn -0.0242 0.4012 -0.9157
vn -0.0237 0.4039 -0.9145
vn -0.0258 0.2221 -0.9747
vn -0.0253 0.2247 -0.9741
vn -0.0215 0.6127 -0.7900
vn -0.0208 0.6159 -0.7875
vn -0.0204 0.6170 -0.7867
vn -0.0199 0.6159 -0.7876
vn -0.0232 0.4012 -0.9157
vn -0.0246 0.2221 -0.9747
vn -0.0250 0.1113 -0.9935
vn -0.0257 0.1131 -0.9933
vn -0.0263 0.1113 -0.9934
vn -0.0271 0.1060 -0.9940
vn -0.0265 0.2139 -0.9765
vn -0.0249 0.3929 -0.9193
vn 0.9991 0.0127 -0.0416
vn 0.9991 -0.0111 -0.0418
vn 0.9968 0.0112 -0.0789
vn 0.9968 -0.0094 -0.0795
vn 0.9984 0.0478 -0.0314
vn 0.9994 0.0140 -0.0317
vn 0.9994 -0.0127 -0.0318
vn 0.9985 -0.0435 -0.0317
vn 0.9984 -0.0380 -0.0415
vn 0.9964 -0.0323 -0.0788
vn 0.9441 -0.0309 -0.3283
vn 0.9438 -0.0090 -0.3304
vn 0.9445 0.0103 -0.3284
vn 0.9460 0.0353 -0.3221
vn 0.9963 0.0384 -0.0769
vn 0.9982 0.0436 -0.0408
vn 0.0028 0.0111 -0.9999
vn 0.0031 -0.0093 -1.0000
vn -0.0180 0.0127 -0.9998
vn -0.0178 -0.0111 -0.9998
vn 0.1700 0.0343 -0.9848
vn 0.1750 0.0100 -0.9845
vn 0.1767 -0.0085 -0.9842
vn 0.1750 -0.0291 -0.9841
vn 0.0028 -0.0319 -0.9995
vn -0.0179 -0.0379 -0.9991
vn -0.0232 -0.0434 -0.9988
vn -0.0232 -0.0127 -0.9997
vn -0.0232 0.0140 -0.9996
vn -0.0233 0.0478 -0.9986
vn -0.0183 0.0435 -0.9989
vn 0.0017 0.0381 -0.9993
vn 0.0082 -1.0000 0.0003
vn 0.0083 -1.0000 -0.0007
vn 0.0290 -0.9996 -0.0003
vn 0.0293 -0.9996 -0.0011
vn 0.0028 -1.0000 0.0019
vn 0.0030 -1.0000 0.0005
vn 0.0030 -1.0000 -0.0006
vn 0.0029 -1.0000 -0.0019
vn 0.0082 -1.0000 -0.0018
vn 0.0289 -0.9996 -0.0021
vn 0.2006 -0.9796 -0.0065
vn 0.2023 -0.9793 -0.0056
vn 0.2007 -0.9796 -0.0049
vn 0.1957 -0.9807 -0.0037
vn 0.0279 -0.9996 0.0009
vn 0.0079 -1.0000 0.0016
vn 0.9157 -0.4012 -0.0235
vn 0.9145 -0.4039 -0.0244
vn 0.9747 -0.2221 -0.0250
vn 0.9741 -0.2248 -0.0260
vn 0.7901 -0.6127 -0.0192
vn 0.7875 -0.6160 -0.0202
vn 0.7867 -0.6170 -0.0210
vn 0.7875 -0.6159 -0.0221
vn 0.9156 -0.4012 -0.0255
vn 0.9746 -0.2221 -0.0272
vn 0.9934 -0.1113 -0.0279
vn 0.9932 -0.1131 -0.0265
vn 0.9935 -0.1113 -0.0255
vn 0.9941 -0.1060 -0.0240
vn 0.9766 -0.2139 -0.0237
vn 0.9193 -0.3928 -0.0224
vn 0.0082 1.0000 -0.0007
vn 0.0083 1.0000 0.0002
vn 0.0289 0.9996 -0.0012
vn 0.0293 0.9996 -0.0004
vn 0.0027 1.0000 -0.0021
vn 0.0029 1.0000 -0.0006
vn 0.0030 1.0000 0.0004
vn 0.0030 1.0000 0.0018
vn 0.0083 1.0000 0.0014
vn 0.0290 0.9996 0.0006
vn 0.2007 0.9796 -0.0040
vn 0.2023 0.9793 -0.0050
vn 0.2006 0.9796 -0.0057
vn 0.1957 0.9807 -0.0066
vn 0.0278 0.9996 -0.0023
vn 0.0078 1.0000 -0.0020
vn 0.9157 0.4012 -0.0244
vn 0.9145 0.4039 -0.0235
vn 0.9747 0.2221 -0.0260
vn 0.9741 0.2248 -0.0250
vn 0.7900 0.6127 -0.0222
vn 0.7875 0.6160 -0.0210
vn 0.7867 0.6170 -0.0202
vn 0.7876 0.6159 -0.0192
vn 0.9157 0.4012 -0.0225
vn 0.9747 0.2221 -0.0239
vn 0.9935 0.1113 -0.0242
vn 0.9933 0.1131 -0.0255
vn 0.9934 0.1113 -0.0266
vn 0.9940 0.1060 -0.0281
vn 0.9765 0.2139 -0.0274
vn 0.9192 0.3928 -0.0257
vn 0.0344 0.0127 0.9993
vn 0.0345 -0.0111 0.9993
vn 0.0551 0.0111 0.9984
vn 0.0555 -0.0093 0.9984
vn 0.0289 0.0478 0.9984
vn 0.0291 0.0140 0.9995
vn 0.0292 -0.0127 0.9995
vn 0.0291 -0.0435 0.9986
vn 0.0344 -0.0379 0.9987
vn 0.0551 -0.0319 0.9980
vn 0.2262 -0.0291 0.9736
vn 0.2279 -0.0085 0.9736
vn 0.2263 0.0100 0.9740
vn 0.2213 0.0343 0.9746
vn 0.0540 0.0381 0.9978
vn 0.0340 0.0435 0.9985
vn 0.9996 0.0112 0.0266
vn 0.9996 -0.0094 0.0272
vn 0.9999 0.0127 -0.0108
vn 0.9999 -0.0111 -0.0106
vn 0.9616 0.0354 0.2722
vn 0.9604 0.0103 0.2785
vn 0.9598 -0.0090 0.2806
vn 0.9600 -0.0310 0.2784
vn 0.9991 -0.0323 0.0266
vn 0.9992 -0.0380 -0.0108
vn 0.9988 -0.0435 -0.0206
vn 0.9997 -0.0127 -0.0205
vn 0.9997 0.0140 -0.0206
vn 0.9986 0.0478 -0.0209
vn 0.9990 0.0436 -0.0115
vn 0.9990 0.0384 0.0246
vn 0.0001 -0.9999 0.0154
vn 0.0006 -0.9999 0.0156
vn 0.0011 -0.9986 0.0527
vn 0.0016 -0.9986 0.0534
vn -0.0009 -1.0000 0.0053
vn -0.0001 -1.0000 0.0056
vn 0.0004 -1.0000 0.0057
vn 0.0011 -1.0000 0.0055
vn 0.0012 -0.9999 0.0154
vn 0.0021 -0.9986 0.0527
vn 0.0086 -0.9528 0.3034
vn 0.0082 -0.9522 0.3054
vn 0.0077 -0.9528 0.3034
vn 0.0070 -0.9548 0.2973
vn 0.0005 -0.9987 0.0508
vn -0.0006 -0.9999 0.0147
vn 0.0237 -0.4012 0.9157
vn 0.0242 -0.4039 0.9145
vn 0.0253 -0.2221 0.9747
vn 0.0257 -0.2247 0.9741
vn 0.0199 -0.6127 0.7900
vn 0.0204 -0.6159 0.7875
vn 0.0208 -0.6170 0.7867
vn 0.0214 -0.6159 0.7875
vn 0.0248 -0.4012 0.9157
vn 0.0264 -0.2221 0.9747
vn 0.0270 -0.1113 0.9934
vn 0.0263 -0.1131 0.9932
vn 0.0257 -0.1113 0.9935
vn 0.0250 -0.1060 0.9941
vn 0.0246 -0.2139 0.9765
vn 0.0232 -0.3929 0.9193
vn 0.0007 0.9999 0.0154
vn 0.0002 0.9999 0.0156
vn 0.0016 0.9986 0.0527
vn 0.0012 0.9986 0.0534
vn 0.0012 1.0000 0.0052
vn 0.0004 1.0000 0.0056
vn -0.0001 1.0000 0.0057
vn -0.0008 1.0000 0.0056
vn -0.0004 0.9999 0.0154
vn 0.0007 0.9986 0.0527
vn 0.0073 0.9528 0.3034
vn 0.0078 0.9522 0.3055
vn 0.0082 0.9528 0.3034
vn 0.0086 0.9548 0.2972
vn 0.0022 0.9987 0.0507
vn 0.0013 0.9999 0.0146
vn 0.0242 0.4012 0.9157
vn 0.0237 0.4039 0.9145
vn 0.0258 0.2221 0.9747
vn 0.0253 0.2247 0.9741
vn 0.0215 0.6127 0.7900
vn 0.0208 0.6159 0.7875
vn 0.0204 0.6170 0.7867
vn 0.0199 0.6159 0.7876
vn 0.0232 0.4012 0.9157
vn 0.0246 0.2221 0.9747
vn 0.0250 0.1113 0.9935
vn 0.0257 0.1131 0.9933
vn 0.0263 0.1113 0.9934
vn 0.0271 0.1060 0.9940
vn 0.0265 0.2139 0.9765
vn 0.0249 0.3929 0.9193
vn -0.0003 -1.0000 -0.0006
vn 0.0003 -1.0000 -0.0006
vn -0.0003 -1.0000 0.0006
vn 0.0003 -1.0000 0.0006
vn -0.0012 -1.0000 -0.0020
vn -0.0004 -1.0000 -0.0021
vn 0.0002 -1.0000 -0.0022
vn 0.0010 -1.0000 -0.0022
vn 0.0011 -1.0000 -0.0006
vn 0.0011 -1.0000 0.0006
vn 0.0011 -1.0000 0.0021
vn 0.0004 -1.0000 0.0022
vn -0.0003 -1.0000 0.0021
vn -0.0011 -1.0000 0.0020
vn -0.0011 -1.0000 0.0006
vn -0.0012 -1.0000 -0.0005
vn 0.0265 -0.0148 0.9995
vn 0.0265 0.0150 0.9995
vn 0.0259 -0.0148 0.9996
vn 0.0259 0.0150 0.9996
vn 0.0273 -0.0478 0.9985
vn 0.0273 -0.0140 0.9995
vn 0.0273 0.0148 0.9995
vn 0.0272 0.0504 0.9984
vn 0.0264 0.0513 0.9983
vn 0.0258 0.0513 0.9984
vn 0.0251 0.0504 0.9984
vn 0.0250 0.0148 0.9996
vn 0.0250 -0.0140 0.9996
vn 0.0250 -0.0478 0.9985
vn 0.0258 -0.0504 0.9984
vn 0.0265 -0.0504 0.9984
vn 0.9995 -0.0148 -0.0268
vn 0.9995 0.0150 -0.0268
vn 0.9996 -0.0148 -0.0256
vn 0.9996 0.0150 -0.0256
vn 0.9985 -0.0478 -0.0283
vn 0.9995 -0.0140 -0.0283
vn 0.9995 0.0148 -0.0283
vn 0.9983 0.0504 -0.0282
vn 0.9983 0.0513 -0.0267
vn 0.9984 0.0513 -0.0256
vn 0.9984 0.0504 -0.0241
vn 0.9996 0.0148 -0.0240
vn 0.9996 -0.0140 -0.0240
vn 0.9986 -0.0478 -0.0240
vn 0.9984 -0.0504 -0.0256
vn 0.9984 -0.0504 -0.0267
vn 0.0010 1.0000 -0.0022
vn 0.0002 1.0000 -0.0022
vn -0.0004 1.0000 -0.0021
vn -0.0012 1.0000 -0.0020
vn -0.0012 1.0000 -0.0005
vn -0.0011 1.0000 0.0020
vn -0.0003 1.0000 0.0021
vn 0.0004 1.0000 0.0022
vn 0.0011 1.0000 0.0021
vn 0.0011 1.0000 0.0006
vn -0.9995 -0.0148 0.0268
vn -0.9995 0.0150 0.0268
vn -0.9996 -0.0148 0.0256
vn -0.9996 0.0150 0.0256
vn -0.9985 -0.0478 0.0283
vn -0.9995 -0.0140 0.0283
vn -0.9995 0.0148 0.0283
vn -0.9983 0.0504 0.0282
vn -0.9983 0.0513 0.0267
vn -0.9984 0.0513 0.0256
vn -0.9984 0.0504 0.0241
vn -0.9996 0.0148 0.0240
vn -0.9996 -0.0140 0.0240
vn -0.9986 -0.0478 0.0240
vn -0.9984 -0.0504 0.0256
vn -0.9984 -0.0504 0.0267
vn -0.0265 -0.0148 -0.9995
vn -0.0265 0.0150 -0.9995
vn -0.0259 -0.0148 -0.9996
vn -0.0259 0.0150 -0.9996
vn -0.0273 -0.0478 -0.9985
vn -0.0273 -0.0140 -0.9995
vn -0.0273 0.0148 -0.9995
vn -0.0272 0.0504 -0.9984
vn -0.0264 0.0513 -0.9983
vn -0.0258 0.0513 -0.9984
vn -0.0251 0.0504 -0.9984
vn -0.0250 0.0148 -0.9996
vn -0.0250 -0.0140 -0.9996
vn -0.0250 -0.0478 -0.9985
vn -0.0258 -0.0504 -0.9984
vn -0.0265 -0.0504 -0.9984
vn -0.0059 -0.9999 0.0136
vn -0.0040 -0.9989 0.0475
vn -0.0226 -0.9997 0.0124
vn -0.0176 -0.9989 0.0425
vn -0.0024 -1.0000 0.0053
vn -0.0018 -0.9999 0.0147
vn -0.0005 -0.9987 0.0508
vn 0.0060 -0.9548 0.2973
vn 0.0027 -0.9581 0.2863
vn -0.0086 -0.9636 0.2674
vn -0.0782 -0.9692 0.2336
vn -0.1441 -0.9888 0.0393
vn -0.1717 -0.9850 0.0148
vn -0.1868 -0.9824 0.0086
vn -0.0258 -0.9997 0.0049
vn -0.0071 -1.0000 0.0050
vn 0.0185 -0.1789 0.9837
vn -0.0000 -0.1511 0.9885
vn 0.0181 -0.3515 0.9360
vn 0.0019 -0.3065 0.9519
vn 0.0233 -0.0971 0.9950
vn 0.0182 -0.0853 0.9962
vn -0.0017 -0.0718 0.9974
vn -0.1698 -0.0649 0.9833
vn -0.1603 -0.1326 0.9781
vn -0.1438 -0.2547 0.9563
vn -0.1173 -0.4135 0.9029
vn 0.0021 -0.5670 0.8237
vn 0.0154 -0.5954 0.8033
vn 0.0187 -0.6067 0.7947
vn 0.0219 -0.3776 0.9257
vn 0.0231 -0.1999 0.9796
vn -0.9791 -0.2001 0.0378
vn -0.9252 -0.3779 0.0350
vn -0.9812 -0.1803 0.0682
vn -0.9337 -0.3530 0.0610
vn -0.9939 -0.1060 0.0309
vn -0.9764 -0.2140 0.0299
vn -0.9192 -0.3929 0.0280
vn -0.7899 -0.6127 0.0244
vn -0.7943 -0.6067 0.0309
vn -0.8013 -0.5959 0.0536
vn -0.8012 -0.5703 0.1815
vn -0.9122 -0.3226 0.2525
vn -0.9427 -0.1639 0.2905
vn -0.9472 -0.0792 0.3107
vn -0.9936 -0.0863 0.0735
vn -0.9945 -0.0973 0.0396
vn 0.0192 0.1999 0.9796
vn 0.0185 0.3777 0.9257
vn 0.0025 0.1795 0.9837
vn 0.0046 0.3522 0.9359
vn 0.0235 0.1060 0.9941
vn 0.0233 0.2140 0.9766
vn 0.0220 0.3929 0.9193
vn 0.0187 0.6127 0.7901
vn 0.0154 0.6068 0.7947
vn 0.0033 0.5957 0.8032
vn -0.0759 0.5702 0.8180
vn -0.1195 0.3177 0.9406
vn -0.1458 0.1599 0.9763
vn -0.1610 0.0769 0.9839
vn 0.0001 0.0858 0.9963
vn 0.0188 0.0972 0.9951
vn -0.0069 0.9999 0.0120
vn -0.0257 0.9996 0.0104
vn -0.0052 0.9991 0.0421
vn -0.0221 0.9992 0.0347
vn -0.0027 1.0000 0.0049
vn -0.0077 1.0000 0.0044
vn -0.0277 0.9996 0.0042
vn -0.1956 0.9806 0.0083
vn -0.1867 0.9823 0.0133
vn -0.1714 0.9847 0.0314
vn -0.1426 0.9805 0.1352
vn -0.0136 0.9730 0.2303
vn 0.0014 0.9637 0.2670
vn 0.0055 0.9582 0.2862
vn -0.0010 0.9989 0.0474
vn -0.0022 0.9999 0.0135
vn -0.9830 0.1792 0.0393
vn -0.9856 0.1526 0.0731
vn -0.9354 0.3517 0.0366
vn -0.9489 0.3085 0.0670
vn -0.9948 0.0972 0.0313
vn -0.9955 0.0855 0.0408
vn -0.9944 0.0727 0.0768
vn -0.9443 0.0691 0.3217
vn -0.9406 0.1410 0.3090
vn -0.9197 0.2699 0.2852
vn -0.8666 0.4350 0.2448
vn -0.8211 0.5679 0.0572
vn -0.8027 0.5956 0.0316
vn -0.7945 0.6067 0.0247
vn -0.9255 0.3777 0.0286
vn -0.9793 0.1999 0.0305
vn -0.0075 -0.9999 -0.0116
vn -0.0262 -0.9996 -0.0090
vn -0.0074 -0.9991 -0.0418
vn -0.0239 -0.9992 -0.0335
vn -0.0029 -1.0000 -0.0047
vn -0.0079 -1.0000 -0.0040
vn -0.0279 -0.9996 -0.0028
vn -0.1958 -0.9806 0.0020
vn -0.1871 -0.9823 -0.0035
vn -0.1728 -0.9847 -0.0224
vn -0.1495 -0.9805 -0.1275
vn -0.0257 -0.9730 -0.2293
vn -0.0126 -0.9637 -0.2667
vn -0.0095 -0.9582 -0.2861
vn -0.0035 -0.9989 -0.0472
vn -0.0029 -0.9999 -0.0134
vn -0.9837 -0.1792 0.0122
vn -0.9880 -0.1526 -0.0215
vn -0.9360 -0.3517 0.0124
vn -0.9511 -0.3085 -0.0172
vn -0.9951 -0.0972 0.0208
vn -0.9963 -0.0855 0.0114
vn -0.9971 -0.0727 -0.0247
vn -0.9599 -0.0691 -0.2718
vn -0.9554 -0.1410 -0.2594
vn -0.9334 -0.2699 -0.2367
vn -0.8781 -0.4350 -0.1991
vn -0.8229 -0.5679 -0.0141
vn -0.8032 -0.5956 0.0104
vn -0.7947 -0.6067 0.0169
vn -0.9257 -0.3777 0.0199
vn -0.9796 -0.1999 0.0208
vn -0.0321 -0.1999 -0.9793
vn -0.0300 -0.3777 -0.9255
vn -0.0490 -0.1795 -0.9825
vn -0.0444 -0.3522 -0.9349
vn -0.0286 -0.1060 -0.9940
vn -0.0279 -0.2140 -0.9764
vn -0.0261 -0.3929 -0.9192
vn -0.0227 -0.6127 -0.7900
vn -0.0262 -0.6067 -0.7945
vn -0.0387 -0.5957 -0.8023
vn -0.1186 -0.5702 -0.8129
vn -0.1686 -0.3176 -0.9331
vn -0.1967 -0.1599 -0.9673
vn -0.2123 -0.0769 -0.9742
vn -0.0521 -0.0858 -0.9950
vn -0.0333 -0.0972 -0.9947
vn -0.0066 0.9999 -0.0133
vn -0.0065 0.9989 -0.0472
vn -0.0232 0.9997 -0.0112
vn -0.0198 0.9989 -0.0415
vn -0.0027 1.0000 -0.0052
vn -0.0026 0.9999 -0.0146
vn -0.0032 0.9987 -0.0507
vn -0.0096 0.9548 -0.2972
vn -0.0123 0.9581 -0.2860
vn -0.0226 0.9636 -0.2665
vn -0.0903 0.9692 -0.2292
vn -0.1459 0.9888 -0.0317
vn -0.1723 0.9850 -0.0058
vn -0.1870 0.9824 0.0012
vn -0.0260 0.9997 -0.0035
vn -0.0073 1.0000 -0.0046
vn -0.0330 0.1789 -0.9833
vn -0.0518 0.1511 -0.9872
vn -0.0309 0.3515 -0.9357
vn -0.0479 0.3065 -0.9507
vn -0.0289 0.0971 -0.9949
vn -0.0339 0.0853 -0.9958
vn -0.0539 0.0718 -0.9960
vn -0.2210 0.0649 -0.9731
vn -0.2113 0.1326 -0.9684
vn -0.1937 0.2547 -0.9474
vn -0.1644 0.4135 -0.8956
vn -0.0410 0.5670 -0.8227
vn -0.0267 0.5954 -0.8030
vn -0.0229 0.6067 -0.7946
vn -0.0265 0.3776 -0.9256
vn -0.0282 0.1999 -0.9794
vn -0.9797 0.2001 0.0135
vn -0.9258 0.3779 0.0135
vn -0.9835 0.1803 -0.0168
vn -0.9356 0.3530 -0.0120
vn -0.9941 0.1060 0.0212
vn -0.9766 0.2140 0.0212
vn -0.9194 0.3929 0.0202
vn -0.7901 0.6127 0.0169
vn -0.7948 0.6067 0.0107
vn -0.8030 0.5959 -0.0116
vn -0.8096 0.5703 -0.1393
vn -0.9242 0.3226 -0.2044
vn -0.9566 0.1639 -0.2408
vn -0.9622 0.0792 -0.2607
vn -0.9960 0.0863 -0.0214
vn -0.9952 0.0973 0.0125
vn 0.0075 -0.9999 0.0116
vn 0.0262 -0.9996 0.0090
vn 0.0074 -0.9991 0.0418
vn 0.0239 -0.9992 0.0335
vn 0.0029 -1.0000 0.0047
vn 0.0079 -1.0000 0.0040
vn 0.0279 -0.9996 0.0028
vn 0.1958 -0.9806 -0.0020
vn 0.1871 -0.9823 0.0035
vn 0.1728 -0.9847 0.0224
vn 0.1495 -0.9805 0.1275
vn 0.0257 -0.9730 0.2293
vn 0.0126 -0.9637 0.2667
vn 0.0095 -0.9582 0.2861
vn 0.0035 -0.9989 0.0472
vn 0.0029 -0.9999 0.0134
vn 0.9837 -0.1791 -0.0122
vn 0.9880 -0.1526 0.0215
vn 0.9360 -0.3517 -0.0124
vn 0.9511 -0.3085 0.0172
vn 0.9951 -0.0972 -0.0208
vn 0.9963 -0.0855 -0.0114
vn 0.9970 -0.0727 0.0247
vn 0.9599 -0.0691 0.2718
vn 0.9554 -0.1410 0.2594
vn 0.9334 -0.2699 0.2367
vn 0.8781 -0.4350 0.1991
vn 0.8229 -0.5679 0.0141
vn 0.8032 -0.5956 -0.0104
vn 0.7947 -0.6067 -0.0169
vn 0.9257 -0.3777 -0.0199
vn 0.9796 -0.1999 -0.0208
vn 0.0321 -0.1999 0.9793
vn 0.0300 -0.3777 0.9254
vn 0.0490 -0.1796 0.9825
vn 0.0444 -0.3522 0.9349
vn 0.0286 -0.1060 0.9940
vn 0.0279 -0.2140 0.9764
vn 0.0261 -0.3929 0.9192
vn 0.0227 -0.6127 0.7900
vn 0.0262 -0.6067 0.7945
vn 0.0387 -0.5957 0.8023
vn 0.1186 -0.5702 0.8129
vn 0.1686 -0.3176 0.9331
vn 0.1967 -0.1600 0.9673
vn 0.2123 -0.0769 0.9742
vn 0.0521 -0.0858 0.9950
vn 0.0333 -0.0972 0.9947
vn 0.0066 0.9999 0.0133
vn 0.0065 0.9989 0.0472
vn 0.0232 0.9997 0.0112
vn 0.0198 0.9989 0.0415
vn 0.0027 1.0000 0.0052
vn 0.0026 0.9999 0.0146
vn 0.0032 0.9987 0.0507
vn 0.0096 0.9548 0.2972
vn 0.0123 0.9581 0.2860
vn 0.0226 0.9636 0.2665
vn 0.0903 0.9692 0.2292
vn 0.1459 0.9888 0.0317
vn 0.1723 0.9850 0.0058
vn 0.1870 0.9824 -0.0012
vn 0.0260 0.9997 0.0035
vn 0.0073 1.0000 0.0046
vn 0.0330 0.1789 0.9833
vn 0.0518 0.1511 0.9872
vn 0.0309 0.3515 0.9357
vn 0.0479 0.3065 0.9507
vn 0.0289 0.0971 0.9949
vn 0.0339 0.0853 0.9958
vn 0.0539 0.0718 0.9960
vn 0.2210 0.0649 0.9731
vn 0.2113 0.1326 0.9684
vn 0.1937 0.2547 0.9474
vn 0.1644 0.4135 0.8956
vn 0.0410 0.5670 0.8227
vn 0.0267 0.5954 0.8030
vn 0.0229 0.6067 0.7946
vn 0.0265 0.3776 0.9256
vn 0.0282 0.1999 0.9794
vn 0.9797 0.2001 -0.0135
vn 0.9258 0.3778 -0.0135
vn 0.9835 0.1803 0.0168
vn 0.9356 0.3530 0.0120
vn 0.9941 0.1060 -0.0212
vn 0.9766 0.2140 -0.0212
vn 0.9194 0.3929 -0.0202
vn 0.7901 0.6127 -0.0169
vn 0.7948 0.6068 -0.0107
vn 0.8030 0.5959 0.0116
vn 0.8096 0.5703 0.1393
vn 0.9242 0.3226 0.2044
vn 0.9567 0.1639 0.2407
vn 0.9621 0.0792 0.2608
vn 0.9960 0.0863 0.0214
vn 0.9952 0.0973 -0.0125
vn 0.0059 -0.9999 -0.0136
vn 0.0040 -0.9989 -0.0475
vn 0.0226 -0.9997 -0.0124
vn 0.0176 -0.9989 -0.0425
vn 0.0024 -1.0000 -0.0053
vn 0.0018 -0.9999 -0.0147
vn 0.0005 -0.9987 -0.0508
vn -0.0060 -0.9548 -0.2973
vn -0.0027 -0.9581 -0.2863
vn 0.0086 -0.9636 -0.2674
vn 0.0782 -0.9692 -0.2336
vn 0.1441 -0.9888 -0.0393
vn 0.1717 -0.9850 -0.0148
vn 0.1868 -0.9824 -0.0086
vn 0.0258 -0.9997 -0.0049
vn 0.0071 -1.0000 -0.0050
vn -0.0185 -0.1789 -0.9837
vn -0.0000 -0.1511 -0.9885
vn -0.0181 -0.3515 -0.9360
vn -0.0019 -0.3065 -0.9519
vn -0.0233 -0.0971 -0.9950
vn -0.0182 -0.0853 -0.9962
vn 0.0017 -0.0718 -0.9974
vn 0.1698 -0.0649 -0.9833
vn 0.1603 -0.1326 -0.9781
vn 0.1438 -0.2547 -0.9563
vn 0.1173 -0.4135 -0.9029
vn -0.0021 -0.5670 -0.8237
vn -0.0154 -0.5954 -0.8033
vn -0.0187 -0.6067 -0.7947
vn -0.0219 -0.3776 -0.9257
vn -0.0231 -0.1999 -0.9796
vn 0.9790 -0.2001 -0.0378
vn 0.9252 -0.3778 -0.0350
vn 0.9812 -0.1803 -0.0682
vn 0.9337 -0.3530 -0.0610
vn 0.9939 -0.1060 -0.0309
vn 0.9764 -0.2140 -0.0299
vn 0.9192 -0.3929 -0.0280
vn 0.7899 -0.6127 -0.0244
vn 0.7943 -0.6068 -0.0309
vn 0.8013 -0.5959 -0.0536
vn 0.8012 -0.5703 -0.1815
vn 0.9122 -0.3226 -0.2525
vn 0.9427 -0.1639 -0.2905
vn 0.9472 -0.0792 -0.3108
vn 0.9936 -0.0863 -0.0735
vn 0.9945 -0.0973 -0.0396
vn 0.0069 0.9999 -0.0120
vn 0.0257 0.9996 -0.0104
vn 0.0052 0.9991 -0.0421
vn 0.0221 0.9992 -0.0347
vn 0.0027 1.0000 -0.0049
vn 0.0077 1.0000 -0.0044
vn 0.0277 0.9996 -0.0042
vn 0.1956 0.9806 -0.0083
vn 0.1867 0.9823 -0.0133
vn 0.1714 0.9847 -0.0314
vn 0.1426 0.9805 -0.1352
vn 0.0136 0.9730 -0.2304
vn -0.0014 0.9637 -0.2670
vn -0.0055 0.9582 -0.2862
vn 0.0010 0.9989 -0.0474
vn 0.0022 0.9999 -0.0135
vn 0.9830 0.1791 -0.0393
vn 0.9856 0.1526 -0.0731
vn 0.9354 0.3517 -0.0366
vn 0.9489 0.3085 -0.0670
vn 0.9948 0.0972 -0.0313
vn 0.9955 0.0855 -0.0408
vn 0.9944 0.0727 -0.0768
vn 0.9443 0.0691 -0.3217
vn 0.9405 0.1410 -0.3090
vn 0.9197 0.2699 -0.2852
vn 0.8665 0.4350 -0.2447
vn 0.8211 0.5679 -0.0572
vn 0.8027 0.5956 -0.0316
vn 0.7945 0.6067 -0.0247
vn 0.9255 0.3777 -0.0286
vn 0.9793 0.1999 -0.0305
vn -0.0192 0.1999 -0.9796
vn -0.0185 0.3777 -0.9257
vn -0.0025 0.1796 -0.9837
vn -0.0046 0.3522 -0.9359
vn -0.0235 0.1060 -0.9941
vn -0.0233 0.2140 -0.9766
vn -0.0220 0.3929 -0.9193
vn -0.0187 0.6127 -0.7901
vn -0.0154 0.6067 -0.7948
vn -0.0033 0.5957 -0.8032
vn 0.0759 0.5702 -0.8180
vn 0.1196 0.3176 -0.9407
vn 0.1458 0.1600 -0.9763
vn 0.1610 0.0769 -0.9839
vn -0.0001 0.0858 -0.9963
vn -0.0188 0.0972 -0.9951
vn -0.0083 -1.0000 -0.0002
vn -0.0082 -1.0000 0.0007
vn -0.0293 -0.9996 0.0004
vn -0.0289 -0.9996 0.0012
vn -0.0030 -1.0000 -0.0018
vn -0.0030 -1.0000 -0.0004
vn -0.0029 -1.0000 0.0006
vn -0.0027 -1.0000 0.0021
vn -0.0078 -1.0000 0.0020
vn -0.0278 -0.9996 0.0023
vn -0.1957 -0.9807 0.0066
vn -0.2006 -0.9796 0.0057
vn -0.2023 -0.9793 0.0050
vn -0.2007 -0.9796 0.0040
vn -0.0290 -0.9996 -0.0006
vn -0.0083 -1.0000 -0.0014
vn -0.9145 -0.4039 0.0235
vn -0.9157 -0.4012 0.0244
vn -0.9741 -0.2247 0.0250
vn -0.9747 -0.2221 0.0260
vn -0.7876 -0.6159 0.0192
vn -0.7867 -0.6170 0.0202
vn -0.7875 -0.6160 0.0210
vn -0.7900 -0.6127 0.0222
vn -0.9192 -0.3929 0.0257
vn -0.9765 -0.2139 0.0274
vn -0.9940 -0.1060 0.0281
vn -0.9934 -0.1113 0.0266
vn -0.9933 -0.1131 0.0255
vn -0.9935 -0.1113 0.0242
vn -0.9747 -0.2221 0.0239
vn -0.9157 -0.4012 0.0225
vn 0.0178 -0.0111 0.9998
vn 0.0180 0.0127 0.9998
vn -0.0031 -0.0093 1.0000
vn -0.0028 0.0111 0.9999
vn 0.0232 -0.0435 0.9988
vn 0.0232 -0.0127 0.9997
vn 0.0232 0.0140 0.9996
vn 0.0233 0.0478 0.9986
vn 0.0183 0.0435 0.9989
vn -0.0017 0.0381 0.9993
vn -0.1700 0.0343 0.9848
vn -0.1750 0.0100 0.9845
vn -0.1766 -0.0085 0.9842
vn -0.1750 -0.0291 0.9841
vn -0.0028 -0.0319 0.9995
vn 0.0179 -0.0379 0.9991
vn -0.9968 -0.0094 0.0795
vn -0.9968 0.0112 0.0789
vn -0.9991 -0.0111 0.0418
vn -0.9991 0.0127 0.0415
vn -0.9441 -0.0310 0.3282
vn -0.9438 -0.0090 0.3304
vn -0.9445 0.0103 0.3284
vn -0.9460 0.0354 0.3221
vn -0.9963 0.0384 0.0769
vn -0.9982 0.0435 0.0408
vn -0.9984 0.0478 0.0314
vn -0.9994 0.0140 0.0317
vn -0.9994 -0.0127 0.0318
vn -0.9986 -0.0435 0.0317
vn -0.9984 -0.0380 0.0415
vn -0.9964 -0.0323 0.0788
vn -0.0083 1.0000 0.0007
vn -0.0082 1.0000 -0.0003
vn -0.0293 0.9996 0.0011
vn -0.0290 0.9996 0.0003
vn -0.0029 1.0000 0.0019
vn -0.0030 1.0000 0.0006
vn -0.0030 1.0000 -0.0005
vn -0.0028 1.0000 -0.0019
vn -0.0079 1.0000 -0.0016
vn -0.0279 0.9996 -0.0009
vn -0.1957 0.9807 0.0037
vn -0.2007 0.9796 0.0049
vn -0.2023 0.9793 0.0056
vn -0.2006 0.9796 0.0065
vn -0.0289 0.9996 0.0021
vn -0.0082 1.0000 0.0018
vn -0.9145 0.4039 0.0244
vn -0.9157 0.4012 0.0235
vn -0.9741 0.2247 0.0260
vn -0.9747 0.2221 0.0250
vn -0.7875 0.6159 0.0221
vn -0.7867 0.6170 0.0210
vn -0.7875 0.6160 0.0202
vn -0.7901 0.6127 0.0192
vn -0.9193 0.3929 0.0224
vn -0.9766 0.2139 0.0237
vn -0.9941 0.1060 0.0240
vn -0.9935 0.1113 0.0255
vn -0.9932 0.1131 0.0265
vn -0.9934 0.1113 0.0279
vn -0.9747 0.2220 0.0272
vn -0.9156 0.4012 0.0255
vn -0.0345 0.0111 -0.9993
vn -0.0344 -0.0127 -0.9993
vn -0.0555 0.0093 -0.9984
vn -0.0551 -0.0111 -0.9984
vn -0.0291 0.0435 -0.9986
vn -0.0292 0.0127 -0.9995
vn -0.0291 -0.0140 -0.9995
vn -0.0289 -0.0478 -0.9984
vn -0.0340 -0.0435 -0.9985
vn -0.0540 -0.0381 -0.9978
vn -0.2213 -0.0343 -0.9746
vn -0.2263 -0.0100 -0.9740
vn -0.2279 0.0085 -0.9736
vn -0.2262 0.0291 -0.9736
vn -0.0551 0.0319 -0.9980
vn -0.0344 0.0379 -0.9987
vn -0.9996 0.0094 -0.0272
vn -0.9996 -0.0112 -0.0266
vn -0.9999 0.0111 0.0106
vn -0.9999 -0.0127 0.0108
vn -0.9600 0.0310 -0.2784
vn -0.9598 0.0090 -0.2805
vn -0.9604 -0.0103 -0.2785
vn -0.9616 -0.0354 -0.2722
vn -0.9990 -0.0384 -0.0246
vn -0.9990 -0.0435 0.0115
vn -0.9986 -0.0478 0.0209
vn -0.9997 -0.0140 0.0206
vn -0.9997 0.0127 0.0205
vn -0.9988 0.0435 0.0206
vn -0.9992 0.0380 0.0108
vn -0.9991 0.0323 -0.0266
vn -0.0002 -0.9999 -0.0156
vn -0.0007 -0.9999 -0.0154
vn -0.0012 -0.9986 -0.0534
vn -0.0016 -0.9986 -0.0527
vn 0.0008 -1.0000 -0.0056
vn 0.0001 -1.0000 -0.0057
vn -0.0004 -1.0000 -0.0056
vn -0.0012 -1.0000 -0.0052
vn -0.0013 -0.9999 -0.0146
vn -0.0022 -0.9987 -0.0507
vn -0.0086 -0.9548 -0.2972
vn -0.0082 -0.9528 -0.3034
vn -0.0078 -0.9522 -0.3054
vn -0.0073 -0.9528 -0.3034
vn -0.0007 -0.9986 -0.0527
vn 0.0004 -0.9999 -0.0154
vn -0.0237 -0.4039 -0.9145
vn -0.0242 -0.4012 -0.9157
vn -0.0253 -0.2247 -0.9741
vn -0.0258 -0.2221 -0.9747
vn -0.0199 -0.6160 -0.7875
vn -0.0204 -0.6170 -0.7867
vn -0.0208 -0.6159 -0.7875
vn -0.0215 -0.6127 -0.7900
vn -0.0249 -0.3929 -0.9193
vn -0.0265 -0.2139 -0.9765
vn -0.0271 -0.1060 -0.9940
vn -0.0263 -0.1113 -0.9934
vn -0.0257 -0.1131 -0.9933
vn -0.0250 -0.1113 -0.9935
vn -0.0246 -0.2221 -0.9747
vn -0.0232 -0.4012 -0.9157
vn -0.0006 0.9999 -0.0156
vn -0.0001 0.9999 -0.0154
vn -0.0016 0.9986 -0.0534
vn -0.0011 0.9986 -0.0527
vn -0.0011 1.0000 -0.0055
vn -0.0004 1.0000 -0.0057
vn 0.0001 1.0000 -0.0056
vn 0.0009 1.0000 -0.0053
vn 0.0006 0.9999 -0.0147
vn -0.0005 0.9987 -0.0508
vn -0.0070 0.9548 -0.2973
vn -0.0077 0.9528 -0.3034
vn -0.0082 0.9522 -0.3054
vn -0.0086 0.9528 -0.3034
vn -0.0021 0.9986 -0.0527
vn -0.0012 0.9999 -0.0154
vn -0.0242 0.4039 -0.9145
vn -0.0237 0.4012 -0.9157
vn -0.0257 0.2247 -0.9741
vn -0.0253 0.2221 -0.9747
vn -0.0214 0.6160 -0.7875
vn -0.0208 0.6170 -0.7867
vn -0.0204 0.6159 -0.7876
vn -0.0199 0.6127 -0.7900
vn -0.0232 0.3929 -0.9193
vn -0.0246 0.2139 -0.9765
vn -0.0250 0.1060 -0.9941
vn -0.0257 0.1113 -0.9935
vn -0.0263 0.1131 -0.9932
vn -0.0270 0.1113 -0.9934
vn -0.0264 0.2221 -0.9747
vn -0.0248 0.4012 -0.9157
vn 0.9991 0.0111 -0.0418
vn 0.9991 -0.0127 -0.0416
vn 0.9968 0.0094 -0.0795
vn 0.9968 -0.0112 -0.0789
vn 0.9985 0.0435 -0.0317
vn 0.9994 0.0127 -0.0318
vn 0.9994 -0.0140 -0.0317
vn 0.9984 -0.0478 -0.0314
vn 0.9982 -0.0436 -0.0408
vn 0.9963 -0.0384 -0.0769
vn 0.9460 -0.0354 -0.3222
vn 0.9445 -0.0103 -0.3284
vn 0.9438 0.0090 -0.3304
vn 0.9441 0.0310 -0.3283
vn 0.9964 0.0323 -0.0788
vn 0.9984 0.0380 -0.0415
vn 0.0031 0.0093 -1.0000
vn 0.0028 -0.0111 -0.9999
vn -0.0178 0.0111 -0.9998
vn -0.0180 -0.0127 -0.9998
vn 0.1750 0.0291 -0.9841
vn 0.1767 0.0085 -0.9842
vn 0.1750 -0.0100 -0.9845
vn 0.1700 -0.0343 -0.9848
vn 0.0017 -0.0382 -0.9993
vn -0.0183 -0.0435 -0.9989
vn -0.0233 -0.0478 -0.9986
vn -0.0232 -0.0140 -0.9996
vn -0.0232 0.0127 -0.9997
vn -0.0232 0.0435 -0.9988
vn -0.0179 0.0379 -0.9991
vn 0.0028 0.0319 -0.9995
vn 0.0083 -1.0000 0.0002
vn 0.0082 -1.0000 -0.0007
vn 0.0293 -0.9996 -0.0004
vn 0.0289 -0.9996 -0.0012
vn 0.0030 -1.0000 0.0018
vn 0.0030 -1.0000 0.0004
vn 0.0029 -1.0000 -0.0006
vn 0.0027 -1.0000 -0.0021
vn 0.0078 -1.0000 -0.0020
vn 0.0278 -0.9996 -0.0023
vn 0.1957 -0.9807 -0.0066
vn 0.2006 -0.9796 -0.0057
vn 0.2023 -0.9793 -0.0050
vn 0.2007 -0.9796 -0.0040
vn 0.0290 -0.9996 0.0006
vn 0.0083 -1.0000 0.0014
vn 0.9145 -0.4039 -0.0235
vn 0.9157 -0.4012 -0.0244
vn 0.9741 -0.2248 -0.0250
vn 0.9747 -0.2221 -0.0260
vn 0.7875 -0.6160 -0.0192
vn 0.7867 -0.6170 -0.0202
vn 0.7875 -0.6159 -0.0210
vn 0.7900 -0.6127 -0.0222
vn 0.9192 -0.3929 -0.0257
vn 0.9765 -0.2139 -0.0274
vn 0.9940 -0.1060 -0.0281
vn 0.9934 -0.1113 -0.0266
vn 0.9933 -0.1131 -0.0255
vn 0.9935 -0.1113 -0.0242
vn 0.9747 -0.2221 -0.0239
vn 0.9157 -0.4012 -0.0225
vn 0.0083 1.0000 -0.0007
vn 0.0082 1.0000 0.0003
vn 0.0293 0.9996 -0.0011
vn 0.0290 0.9996 -0.0003
vn 0.0029 1.0000 -0.0019
vn 0.0030 1.0000 -0.0006
vn 0.0030 1.0000 0.0005
vn 0.0028 1.0000 0.0019
vn 0.0079 1.0000 0.0016
vn 0.0279 0.9996 0.0009
vn 0.1957 0.9807 -0.0037
vn 0.2007 0.9796 -0.0049
vn 0.2023 0.9793 -0.0056
vn 0.2006 0.9796 -0.0065
vn 0.0289 0.9996 -0.0021
vn 0.0082 1.0000 -0.0018
vn 0.9145 0.4039 -0.0244
vn 0.9157 0.4012 -0.0235
vn 0.9741 0.2248 -0.0260
vn 0.9747 0.2221 -0.0250
vn 0.7875 0.6160 -0.0221
vn 0.7867 0.6170 -0.0210
vn 0.7875 0.6159 -0.0202
vn 0.7901 0.6127 -0.0192
vn 0.9193 0.3929 -0.0224
vn 0.9766 0.2139 -0.0237
vn 0.9941 0.1060 -0.0240
vn 0.9935 0.1113 -0.0255
vn 0.9932 0.1131 -0.0265
vn 0.9934 0.1113 -0.0279
vn 0.9746 0.2221 -0.0272
vn 0.9156 0.4012 -0.0255
vn 0.0345 0.0111 0.9993
vn 0.0344 -0.0127 0.9993
vn 0.0555 0.0093 0.9984
vn 0.0551 -0.0111 0.9984
vn 0.0291 0.0435 0.9986
vn 0.0292 0.0127 0.9995
vn 0.0291 -0.0140 0.9995
vn 0.0289 -0.0478 0.9984
vn 0.0340 -0.0435 0.9985
vn 0.0540 -0.0381 0.9978
vn 0.2213 -0.0343 0.9746
vn 0.2263 -0.0100 0.9740
vn 0.2279 0.0085 0.9736
vn 0.2262 0.0291 0.9736
vn 0.0551 0.0319 0.9980
vn 0.0344 0.0379 0.9987
vn 0.9996 0.0094 0.0272
vn 0.9996 -0.0112 0.0266
vn 0.9999 0.0111 -0.0106
vn 0.9999 -0.0127 -0.0108
vn 0.9600 0.0310 0.2784
vn 0.9598 0.0090 0.2805
vn 0.9604 -0.0103 0.2785
vn 0.9616 -0.0354 0.2722
vn 0.9990 -0.0384 0.0246
vn 0.9990 -0.0436 -0.0115
vn 0.9986 -0.0478 -0.0209
vn 0.9997 -0.0140 -0.0206
vn 0.9997 0.0127 -0.0205
vn 0.9988 0.0435 -0.0206
vn 0.9992 0.0380 -0.0108
vn 0.9991 0.0323 0.0266
vn 0.0002 -0.9999 0.0156
vn 0.0007 -0.9999 0.0154
vn 0.0012 -0.9986 0.0534
vn 0.0016 -0.9986 0.0527
vn -0.0008 -1.0000 0.0056
vn -0.0001 -1.0000 0.0057
vn 0.0004 -1.0000 0.0056
vn 0.0012 -1.0000 0.0052
vn 0.0013 -0.9999 0.0146
vn 0.0022 -0.9987 0.0507
vn 0.0086 -0.9548 0.2972
vn 0.0082 -0.9528 0.3034
vn 0.0078 -0.9522 0.3054
vn 0.0073 -0.9528 0.3034
vn 0.0007 -0.9986 0.0527
vn -0.0004 -0.9999 0.0154
vn 0.0237 -0.4039 0.9145
vn 0.0242 -0.4012 0.9157
vn 0.0253 -0.2247 0.9741
vn 0.0258 -0.2221 0.9747
vn 0.0199 -0.6160 0.7875
vn 0.0204 -0.6170 0.7867
vn 0.0208 -0.6159 0.7875
vn 0.0215 -0.6127 0.7900
vn 0.0249 -0.3929 0.9193
vn 0.0265 -0.2139 0.9765
vn 0.0271 -0.1060 0.9940
vn 0.0263 -0.1113 0.9934
vn 0.0257 -0.1131 0.9933
vn 0.0250 -0.1113 0.9935
vn 0.0246 -0.2221 0.9747
vn 0.0232 -0.4012 0.9157
vn 0.0006 0.9999 0.0156
vn 0.0001 0.9999 0.0154
vn 0.0016 0.9986 0.0534
vn 0.0011 0.9986 0.0527
vn 0.0011 1.0000 0.0055
vn 0.0004 1.0000 0.0057
vn -0.0001 1.0000 0.0056
vn -0.0009 1.0000 0.0053
vn -0.0006 0.9999 0.0147
vn 0.0005 0.9987 0.0508
vn 0.0070 0.9548 0.2973
vn 0.0077 0.9528 0.3034
vn 0.0082 0.9522 0.3054
vn 0.0086 0.9528 0.3034
vn 0.0021 0.9986 0.0527
vn 0.0012 0.9999 0.0154
vn 0.0242 0.4039 0.9145
vn 0.0237 0.4012 0.9157
vn 0.0257 0.2247 0.9741
vn 0.0253 0.2221 0.9747
vn 0.0214 0.6160 0.7875
vn 0.0208 0.6170 0.7867
vn 0.0204 0.6159 0.7876
vn 0.0199 0.6127 0.7900
vn 0.0232 0.3929 0.9193
vn 0.0246 0.2139 0.9765
vn 0.0250 0.1060 0.9941
vn 0.0257 0.1113 0.9935
vn 0.0263 0.1131 0.9932
vn 0.0270 0.1113 0.9934
vn 0.0264 0.2221 0.9747
vn 0.0248 0.4012 0.9157
vn -0.0011 -1.0000 -0.0021
vn -0.0004 -1.0000 -0.0022
vn 0.0003 -1.0000 -0.0021
vn 0.0011 -1.0000 -0.0020
vn 0.0012 -1.0000 0.0005
vn 0.0012 -1.0000 0.0020
vn 0.0004 -1.0000 0.0021
vn -0.0002 -1.0000 0.0022
vn -0.0010 -1.0000 0.0022
vn -0.0011 -1.0000 -0.0006
vt 0.469308 0.829900
vt 0.500009 0.875000
vt 0.469312 0.875000
vt 0.530697 0.829899
vt 0.500001 0.829900
vt 0.469377 0.920099
vt 0.530732 0.920096
vt 0.500031 0.920098
vt 0.441862 0.792459
vt 0.441758 0.829899
vt 0.469350 0.792462
vt 0.530652 0.792459
vt 0.500001 0.792462
vt 0.558144 0.792453
vt 0.558253 0.829896
vt 0.530721 0.874998
vt 0.558330 0.920091
vt 0.558333 0.957517
vt 0.530738 0.957528
vt 0.500073 0.957533
vt 0.469519 0.957535
vt 0.442254 0.957536
vt 0.441917 0.920099
vt 0.441765 0.874999
vt 0.469305 0.580320
vt 0.500000 0.625000
vt 0.469290 0.625000
vt 0.530694 0.580319
vt 0.500000 0.580319
vt 0.469306 0.669681
vt 0.530695 0.669680
vt 0.500000 0.669681
vt 0.441856 0.543178
vt 0.441750 0.580323
vt 0.469348 0.543172
vt 0.530650 0.543169
vt 0.499999 0.543169
vt 0.558138 0.543172
vt 0.558248 0.580320
vt 0.530710 0.625000
vt 0.558250 0.669677
vt 0.558144 0.706822
vt 0.530652 0.706828
vt 0.500001 0.706831
vt 0.469350 0.706831
vt 0.441862 0.706828
vt 0.441752 0.669680
vt 0.441715 0.625001
vt 0.704865 0.580319
vt 0.749994 0.624999
vt 0.704880 0.625000
vt 0.795094 0.580318
vt 0.749988 0.580318
vt 0.704866 0.669680
vt 0.795098 0.669676
vt 0.749990 0.669680
vt 0.667269 0.543172
vt 0.667379 0.580320
vt 0.704818 0.543169
vt 0.795088 0.543167
vt 0.749973 0.543167
vt 0.832517 0.543167
vt 0.832528 0.580317
vt 0.795098 0.624998
vt 0.832535 0.669668
vt 0.832536 0.706798
vt 0.795096 0.706818
vt 0.749976 0.706828
vt 0.704821 0.706828
vt 0.667275 0.706822
vt 0.667382 0.669678
vt 0.667416 0.624999
vt 0.469271 0.080324
vt 0.500000 0.125000
vt 0.469301 0.125002
vt 0.530625 0.080318
vt 0.499970 0.080320
vt 0.469375 0.169682
vt 0.530729 0.169676
vt 0.500030 0.169681
vt 0.441667 0.043202
vt 0.441676 0.080333
vt 0.469262 0.043182
vt 0.530482 0.043167
vt 0.499927 0.043171
vt 0.557746 0.043167
vt 0.558086 0.080317
vt 0.530699 0.124998
vt 0.558324 0.169667
vt 0.558333 0.206798
vt 0.530738 0.206818
vt 0.500073 0.206829
vt 0.469519 0.206833
vt 0.442254 0.206833
vt 0.441914 0.169683
vt 0.441740 0.125004
vt 0.469268 0.329904
vt 0.499991 0.375001
vt 0.469279 0.375002
vt 0.530623 0.329901
vt 0.499969 0.329902
vt 0.469303 0.420101
vt 0.530692 0.420100
vt 0.499999 0.420100
vt 0.441667 0.292483
vt 0.441670 0.329909
vt 0.469262 0.292472
vt 0.530482 0.292465
vt 0.499927 0.292467
vt 0.557746 0.292465
vt 0.558083 0.329901
vt 0.530688 0.375000
vt 0.558242 0.420102
vt 0.558138 0.457541
vt 0.530650 0.457538
vt 0.499999 0.457538
vt 0.469348 0.457541
vt 0.441856 0.457547
vt 0.441747 0.420104
vt 0.441690 0.375004
vt 0.143200 0.731105
vt 0.130233 0.744316
vt 0.130906 0.733211
vt 0.141096 0.743584
vt 0.128503 0.748727
vt 0.126188 0.746094
vt 0.126165 0.738741
vt 0.126085 0.748949
vt 0.167483 0.706833
vt 0.143473 0.707252
vt 0.167074 0.730805
vt 0.164108 0.743479
vt 0.135503 0.748635
vt 0.155169 0.748622
vt 0.126365 0.750000
vt 0.126135 0.750000
vt 0.125905 0.750000
vt 0.125674 0.750000
vt 0.125506 0.749250
vt 0.125337 0.748500
vt 0.125169 0.747750
vt 0.126088 0.718967
vt 0.125000 0.747000
vt 0.130956 0.710181
vt 0.421522 0.981868
vt 0.407322 0.994945
vt 0.405345 0.984010
vt 0.421838 0.994200
vt 0.409043 0.999069
vt 0.395762 0.996754
vt 0.392152 0.989637
vt 0.399537 0.999295
vt 0.420623 0.957961
vt 0.442585 0.981562
vt 0.441819 0.994094
vt 0.420635 0.998976
vt 0.438219 0.998963
vt 0.417783 1.000000
vt 0.410566 1.000000
vt 0.403349 1.000000
vt 0.396133 1.000000
vt 0.390849 0.999601
vt 0.385566 0.999202
vt 0.380283 0.998803
vt 0.389347 0.969881
vt 0.375000 0.998404
vt 0.403624 0.960941
vt 0.419407 0.019022
vt 0.401736 0.006019
vt 0.418533 0.006615
vt 0.402040 0.016988
vt 0.387717 0.004389
vt 0.400998 0.001756
vt 0.416238 0.001628
vt 0.387625 0.001765
vt 0.441493 0.019261
vt 0.419531 0.042814
vt 0.402083 0.039912
vt 0.387755 0.011523
vt 0.387760 0.031128
vt 0.375000 0.002567
vt 0.375000 0.002134
vt 0.375000 0.001701
vt 0.375000 0.001268
vt 0.387500 0.000951
vt 0.400000 0.000634
vt 0.412500 0.000317
vt 0.436632 0.001473
vt 0.425000 0.000000
vt 0.440278 0.006613
vt 0.580594 0.981800
vt 0.598264 0.994767
vt 0.581467 0.994095
vt 0.597960 0.983904
vt 0.612283 0.996498
vt 0.599002 0.998812
vt 0.583762 0.998836
vt 0.612375 0.998915
vt 0.558507 0.981527
vt 0.580469 0.957926
vt 0.597917 0.960892
vt 0.612245 0.989497
vt 0.612240 0.969831
vt 0.625000 0.998635
vt 0.625000 0.998865
vt 0.625000 0.999095
vt 0.625000 0.999326
vt 0.612500 0.999494
vt 0.600000 0.999663
vt 0.587500 0.999831
vt 0.563368 0.998912
vt 0.575000 1.000000
vt 0.559722 0.994044
vt 0.856868 0.730978
vt 0.869945 0.743981
vt 0.859010 0.743385
vt 0.869200 0.733012
vt 0.874069 0.745612
vt 0.871754 0.748244
vt 0.864637 0.748372
vt 0.874295 0.748235
vt 0.832961 0.730739
vt 0.856562 0.707186
vt 0.869094 0.710088
vt 0.873976 0.738477
vt 0.873963 0.718872
vt 0.875000 0.747433
vt 0.875000 0.747866
vt 0.875000 0.748299
vt 0.875000 0.748732
vt 0.874601 0.749049
vt 0.874202 0.749366
vt 0.873803 0.749683
vt 0.844881 0.748527
vt 0.873404 0.750000
vt 0.835941 0.743387
vt 0.578478 0.018895
vt 0.592678 0.005684
vt 0.594655 0.016789
vt 0.578162 0.006416
vt 0.590957 0.001273
vt 0.604238 0.003906
vt 0.607848 0.011259
vt 0.600463 0.001051
vt 0.579377 0.042748
vt 0.557416 0.019195
vt 0.558181 0.006521
vt 0.579365 0.001365
vt 0.561781 0.001378
vt 0.582217 0.000000
vt 0.589434 0.000000
vt 0.596651 0.000000
vt 0.603868 0.000000
vt 0.609151 0.000750
vt 0.614434 0.001500
vt 0.619717 0.002250
vt 0.610653 0.031033
vt 0.625000 0.003000
vt 0.596376 0.039819
vt 0.143132 0.519022
vt 0.130055 0.506019
vt 0.140990 0.506615
vt 0.130800 0.516988
vt 0.125931 0.504389
vt 0.128246 0.501756
vt 0.135363 0.501628
vt 0.125705 0.501766
vt 0.167465 0.543202
vt 0.167039 0.519261
vt 0.143438 0.542814
vt 0.130907 0.539912
vt 0.126024 0.511523
vt 0.126038 0.531128
vt 0.125000 0.502567
vt 0.125000 0.502134
vt 0.125000 0.501701
vt 0.125000 0.501268
vt 0.125399 0.500951
vt 0.125798 0.500634
vt 0.126197 0.500317
vt 0.155119 0.501473
vt 0.126596 0.500000
vt 0.164059 0.506613
vt 0.421522 0.231105
vt 0.407322 0.244316
vt 0.405345 0.233211
vt 0.421838 0.243583
vt 0.409043 0.248727
vt 0.395762 0.246094
vt 0.392152 0.238741
vt 0.399537 0.248949
vt 0.420623 0.207252
vt 0.442585 0.230804
vt 0.441819 0.243474
vt 0.420635 0.248634
vt 0.438264 0.248608
vt 0.417783 0.250000
vt 0.410566 0.250000
vt 0.403349 0.250000
vt 0.396133 0.250000
vt 0.390849 0.249250
vt 0.385566 0.248500
vt 0.380283 0.247750
vt 0.389347 0.218967
vt 0.375000 0.247000
vt 0.403624 0.210181
vt 0.419407 0.268200
vt 0.401736 0.255233
vt 0.418533 0.255905
vt 0.402040 0.266096
vt 0.387717 0.253503
vt 0.400998 0.251188
vt 0.416238 0.251163
vt 0.387625 0.251085
vt 0.441493 0.268473
vt 0.419531 0.292074
vt 0.402083 0.289108
vt 0.387755 0.260503
vt 0.387760 0.280169
vt 0.375000 0.251365
vt 0.375000 0.251135
vt 0.375000 0.250905
vt 0.375000 0.250674
vt 0.387500 0.250506
vt 0.400000 0.250337
vt 0.412500 0.250169
vt 0.436678 0.251074
vt 0.425000 0.250000
vt 0.440278 0.255951
vt 0.856800 0.518895
vt 0.869767 0.505684
vt 0.869095 0.516790
vt 0.858904 0.506416
vt 0.871498 0.501273
vt 0.873812 0.503906
vt 0.873836 0.511259
vt 0.873915 0.501051
vt 0.856527 0.542748
vt 0.832926 0.519195
vt 0.835892 0.506521
vt 0.864497 0.501365
vt 0.844831 0.501378
vt 0.873635 0.500000
vt 0.873865 0.500000
vt 0.874095 0.500000
vt 0.874326 0.500000
vt 0.874494 0.500750
vt 0.874663 0.501500
vt 0.874831 0.502250
vt 0.873912 0.531033
vt 0.875000 0.503000
vt 0.869044 0.539820
vt 0.578478 0.268132
vt 0.592678 0.255055
vt 0.594655 0.265990
vt 0.578162 0.255799
vt 0.590957 0.250931
vt 0.604238 0.253246
vt 0.607848 0.260363
vt 0.600463 0.250705
vt 0.579377 0.292039
vt 0.557416 0.268438
vt 0.558181 0.255902
vt 0.579365 0.251023
vt 0.561736 0.251023
vt 0.582217 0.250000
vt 0.589434 0.250000
vt 0.596651 0.250000
vt 0.603868 0.250000
vt 0.609151 0.250399
vt 0.614434 0.250798
vt 0.619717 0.251197
vt 0.610653 0.280119
vt 0.625000 0.251596
vt 0.596376 0.289059
vt 0.580594 0.230978
vt 0.598264 0.243981
vt 0.581467 0.243385
vt 0.597960 0.233012
vt 0.612283 0.245612
vt 0.599002 0.248244
vt 0.583762 0.248370
vt 0.612375 0.248235
vt 0.558507 0.230739
vt 0.580469 0.207186
vt 0.597917 0.210088
vt 0.612245 0.238477
vt 0.612240 0.218872
vt 0.625000 0.247433
vt 0.625000 0.247866
vt 0.625000 0.248299
vt 0.625000 0.248732
vt 0.612500 0.249049
vt 0.600000 0.249366
vt 0.587500 0.249683
vt 0.563322 0.248512
vt 0.575000 0.250000
vt 0.559722 0.243382
vt 0.357694 0.730785
vt 0.372568 0.743429
vt 0.360206 0.743449
vt 0.371272 0.730774
vt 0.379369 0.743412
vt 0.374854 0.748549
vt 0.366155 0.748581
vt 0.379797 0.748517
vt 0.332731 0.706828
vt 0.333325 0.730795
vt 0.357058 0.706823
vt 0.370665 0.706818
vt 0.378716 0.730765
vt 0.378084 0.706813
vt 0.384509 0.730761
vt 0.385012 0.743401
vt 0.384804 0.748491
vt 0.382044 0.749802
vt 0.379884 0.749852
vt 0.377724 0.749901
vt 0.375564 0.749951
vt 0.345410 0.748608
vt 0.373404 0.750000
vt 0.336455 0.743465
vt 0.420355 0.730781
vt 0.404627 0.743407
vt 0.404145 0.730772
vt 0.420711 0.743420
vt 0.404902 0.748473
vt 0.392996 0.743400
vt 0.392493 0.730764
vt 0.393028 0.748473
vt 0.420027 0.706823
vt 0.442037 0.730791
vt 0.442229 0.743434
vt 0.420984 0.748486
vt 0.442385 0.748504
vt 0.421078 0.749726
vt 0.404869 0.749712
vt 0.392427 0.749720
vt 0.391882 0.706813
vt 0.383850 0.706811
vt 0.403654 0.706818
vt 0.420234 0.768109
vt 0.403866 0.754981
vt 0.420616 0.755741
vt 0.403175 0.765957
vt 0.390377 0.753158
vt 0.404484 0.750780
vt 0.420932 0.750888
vt 0.391497 0.750549
vt 0.442037 0.768424
vt 0.419895 0.792029
vt 0.402597 0.789044
vt 0.389218 0.760320
vt 0.388289 0.780104
vt 0.376761 0.751147
vt 0.378522 0.750699
vt 0.380283 0.750251
vt 0.442385 0.750919
vt 0.442449 0.749744
vt 0.442229 0.755862
vt 0.642328 0.730763
vt 0.627489 0.743372
vt 0.628763 0.730740
vt 0.639828 0.743414
vt 0.625229 0.748466
vt 0.620707 0.743336
vt 0.621328 0.730721
vt 0.620321 0.748400
vt 0.642954 0.706811
vt 0.666687 0.730783
vt 0.663562 0.743448
vt 0.633892 0.748535
vt 0.654607 0.748591
vt 0.624492 0.749894
vt 0.622388 0.749789
vt 0.620285 0.749683
vt 0.618181 0.749577
vt 0.615329 0.748358
vt 0.615071 0.743317
vt 0.615540 0.730713
vt 0.621939 0.706790
vt 0.616175 0.706786
vt 0.629353 0.706800
vt 0.579788 0.768087
vt 0.596191 0.754924
vt 0.596860 0.765922
vt 0.579419 0.755706
vt 0.595592 0.750704
vt 0.609706 0.753075
vt 0.610828 0.760274
vt 0.608620 0.750431
vt 0.580117 0.792017
vt 0.557975 0.768413
vt 0.557789 0.755843
vt 0.579113 0.750843
vt 0.557638 0.750896
vt 0.578971 0.749677
vt 0.595215 0.749628
vt 0.607706 0.749587
vt 0.619886 0.750082
vt 0.621590 0.750587
vt 0.623295 0.751091
vt 0.611728 0.780087
vt 0.625000 0.751596
vt 0.597419 0.789028
vt 0.579667 0.730759
vt 0.595428 0.743353
vt 0.579324 0.743386
vt 0.595889 0.730737
vt 0.607078 0.743326
vt 0.595172 0.748399
vt 0.579061 0.748442
vt 0.607081 0.748364
vt 0.557975 0.730779
vt 0.579985 0.706811
vt 0.596364 0.706800
vt 0.607551 0.730720
vt 0.608141 0.706790
vt 0.557638 0.748481
vt 0.557576 0.749719
vt 0.557789 0.743416
vt 0.357672 0.519238
vt 0.372511 0.506628
vt 0.371237 0.519260
vt 0.360172 0.506586
vt 0.374771 0.501535
vt 0.379293 0.506664
vt 0.378672 0.519279
vt 0.379679 0.501600
vt 0.332725 0.543178
vt 0.357046 0.543189
vt 0.333313 0.519217
vt 0.336438 0.506552
vt 0.366109 0.501465
vt 0.345393 0.501409
vt 0.375508 0.500106
vt 0.377612 0.500211
vt 0.379716 0.500317
vt 0.381819 0.500423
vt 0.384671 0.501642
vt 0.384929 0.506683
vt 0.384460 0.519288
vt 0.378062 0.543210
vt 0.383825 0.543214
vt 0.370647 0.543200
vt 0.420212 0.481913
vt 0.403809 0.495076
vt 0.403140 0.484078
vt 0.420581 0.494294
vt 0.404408 0.499296
vt 0.390294 0.496925
vt 0.389172 0.489726
vt 0.391380 0.499569
vt 0.419884 0.457983
vt 0.442025 0.481588
vt 0.442211 0.494157
vt 0.420887 0.499157
vt 0.442362 0.499104
vt 0.421029 0.500323
vt 0.404785 0.500372
vt 0.392294 0.500413
vt 0.380115 0.499918
vt 0.378410 0.499414
vt 0.376705 0.498909
vt 0.388272 0.469913
vt 0.375000 0.498404
vt 0.402581 0.460972
vt 0.420333 0.519241
vt 0.404572 0.506647
vt 0.420676 0.506614
vt 0.404111 0.519263
vt 0.392922 0.506674
vt 0.404828 0.501601
vt 0.420940 0.501558
vt 0.392919 0.501636
vt 0.442025 0.519221
vt 0.420015 0.543189
vt 0.403636 0.543200
vt 0.392449 0.519280
vt 0.391859 0.543210
vt 0.442362 0.501519
vt 0.442424 0.500281
vt 0.442211 0.506584
vt 0.642306 0.519215
vt 0.627432 0.506571
vt 0.639794 0.506552
vt 0.628729 0.519226
vt 0.620631 0.506588
vt 0.625146 0.501451
vt 0.633845 0.501419
vt 0.620203 0.501483
vt 0.666675 0.519206
vt 0.642942 0.543177
vt 0.629336 0.543183
vt 0.621284 0.519235
vt 0.621916 0.543187
vt 0.615491 0.519239
vt 0.614988 0.506599
vt 0.615197 0.501509
vt 0.617956 0.500198
vt 0.620116 0.500148
vt 0.622276 0.500099
vt 0.624436 0.500050
vt 0.654590 0.501392
vt 0.626596 0.500000
vt 0.663545 0.506535
vt 0.579645 0.519219
vt 0.595373 0.506593
vt 0.595855 0.519229
vt 0.579289 0.506580
vt 0.595098 0.501527
vt 0.607005 0.506600
vt 0.607507 0.519236
vt 0.606972 0.501527
vt 0.579973 0.543177
vt 0.557963 0.519209
vt 0.557771 0.506566
vt 0.579016 0.501514
vt 0.557615 0.501497
vt 0.578922 0.500274
vt 0.595132 0.500288
vt 0.607573 0.500281
vt 0.608118 0.543187
vt 0.616150 0.543189
vt 0.596346 0.543183
vt 0.579766 0.481891
vt 0.596134 0.495019
vt 0.579385 0.494259
vt 0.596825 0.484043
vt 0.609623 0.496842
vt 0.595516 0.499220
vt 0.579069 0.499112
vt 0.608503 0.499451
vt 0.557963 0.481576
vt 0.580105 0.457971
vt 0.597403 0.460956
vt 0.610782 0.489680
vt 0.611711 0.469896
vt 0.623239 0.498853
vt 0.621478 0.499301
vt 0.619717 0.499749
vt 0.557615 0.499081
vt 0.557551 0.500256
vt 0.557771 0.494139
vt 0.143443 0.625008
vt 0.130907 0.578050
vt 0.143439 0.580057
vt 0.130924 0.671985
vt 0.130911 0.625009
vt 0.126038 0.572733
vt 0.126051 0.677293
vt 0.126041 0.625006
vt 0.167465 0.580333
vt 0.167467 0.625004
vt 0.143453 0.669971
vt 0.167472 0.669683
vt 0.125000 0.686000
vt 0.125000 0.625000
vt 0.125000 0.564000
vt 0.125000 0.503000
vt 0.388183 0.177293
vt 0.402239 0.125009
vt 0.402646 0.171985
vt 0.387773 0.072733
vt 0.387862 0.125006
vt 0.419663 0.125008
vt 0.419981 0.169971
vt 0.402103 0.078050
vt 0.375000 0.186000
vt 0.375000 0.064000
vt 0.375000 0.125000
vt 0.375000 0.003000
vt 0.419548 0.080057
vt 0.500132 0.981558
vt 0.468879 0.994093
vt 0.469601 0.981561
vt 0.531704 0.994076
vt 0.500156 0.994089
vt 0.466536 0.998962
vt 0.533900 0.998949
vt 0.500102 0.998959
vt 0.530865 0.981547
vt 0.537500 1.000000
vt 0.500000 1.000000
vt 0.462500 1.000000
vt 0.425000 1.000000
vt 0.466101 0.001403
vt 0.499844 0.006530
vt 0.468296 0.006555
vt 0.533464 0.001378
vt 0.499898 0.001384
vt 0.499868 0.019203
vt 0.469135 0.019222
vt 0.531121 0.006522
vt 0.462500 0.000000
vt 0.537500 0.000000
vt 0.500000 0.000000
vt 0.575000 0.000000
vt 0.530399 0.019196
vt 0.856558 0.624992
vt 0.869093 0.671950
vt 0.856561 0.669943
vt 0.869076 0.578015
vt 0.869089 0.624991
vt 0.873962 0.677267
vt 0.873949 0.572707
vt 0.873959 0.624994
vt 0.832533 0.624996
vt 0.856547 0.580029
vt 0.875000 0.564000
vt 0.875000 0.625000
vt 0.875000 0.686000
vt 0.875000 0.747000
vt 0.611817 0.072707
vt 0.597761 0.124991
vt 0.597354 0.078015
vt 0.612227 0.177267
vt 0.612138 0.124994
vt 0.580337 0.124992
vt 0.580019 0.080029
vt 0.597897 0.171950
vt 0.625000 0.064000
vt 0.625000 0.186000
vt 0.625000 0.125000
vt 0.625000 0.247000
vt 0.580452 0.169943
vt 0.558260 0.124996
vt 0.499868 0.268440
vt 0.531121 0.255893
vt 0.530399 0.268437
vt 0.468297 0.255910
vt 0.499844 0.255892
vt 0.533282 0.250985
vt 0.466283 0.250999
vt 0.499898 0.250970
vt 0.469135 0.268451
vt 0.464611 0.249842
vt 0.500000 0.249804
vt 0.535389 0.249831
vt 0.533717 0.248544
vt 0.500156 0.243450
vt 0.531704 0.243431
vt 0.466718 0.248570
vt 0.500102 0.248545
vt 0.500132 0.230794
vt 0.530865 0.230776
vt 0.468879 0.243464
vt 0.469601 0.230802
vt 0.250043 0.519206
vt 0.297622 0.506533
vt 0.295537 0.519205
vt 0.202566 0.506555
vt 0.250050 0.506533
vt 0.302978 0.501387
vt 0.197162 0.501403
vt 0.250033 0.501386
vt 0.295179 0.543172
vt 0.250024 0.543173
vt 0.204613 0.519223
vt 0.204904 0.543182
vt 0.188298 0.500000
vt 0.250000 0.500000
vt 0.311702 0.500000
vt 0.373404 0.500000
vt 0.387897 0.427851
vt 0.402134 0.375008
vt 0.402265 0.422453
vt 0.387765 0.322172
vt 0.387793 0.375005
vt 0.419574 0.375007
vt 0.419676 0.420401
vt 0.402090 0.327578
vt 0.375000 0.436702
vt 0.375000 0.313298
vt 0.375000 0.375000
vt 0.375000 0.251596
vt 0.419537 0.329623
vt 0.749952 0.519197
vt 0.797416 0.506521
vt 0.795372 0.519195
vt 0.702371 0.506526
vt 0.749943 0.506522
vt 0.802824 0.501378
vt 0.697017 0.501382
vt 0.749963 0.501379
vt 0.704458 0.519200
vt 0.688298 0.500000
vt 0.750000 0.500000
vt 0.811702 0.500000
vt 0.873404 0.500000
vt 0.611813 0.322158
vt 0.597709 0.375002
vt 0.597347 0.327560
vt 0.612086 0.427846
vt 0.612104 0.375001
vt 0.580293 0.375001
vt 0.580014 0.329608
vt 0.597710 0.422446
vt 0.625000 0.313298
vt 0.625000 0.436702
vt 0.625000 0.375000
vt 0.625000 0.498404
vt 0.580302 0.420396
vt 0.558236 0.375001
vt 0.499999 0.519203
vt 0.530500 0.506557
vt 0.530579 0.519204
vt 0.469492 0.506565
vt 0.499998 0.506556
vt 0.530437 0.501486
vt 0.469553 0.501495
vt 0.499997 0.501484
vt 0.469416 0.519209
vt 0.469578 0.500254
vt 0.499997 0.500243
vt 0.530411 0.500244
vt 0.530437 0.499070
vt 0.499998 0.494129
vt 0.530500 0.494130
vt 0.469553 0.499080
vt 0.499997 0.499069
vt 0.499999 0.481569
vt 0.530579 0.481570
vt 0.469492 0.494137
vt 0.469416 0.481575
vt 0.356779 0.625002
vt 0.370348 0.669676
vt 0.356849 0.669678
vt 0.370341 0.580332
vt 0.370240 0.625002
vt 0.377680 0.669675
vt 0.377671 0.580336
vt 0.377543 0.625003
vt 0.332621 0.669680
vt 0.332584 0.625001
vt 0.356845 0.580327
vt 0.332618 0.580323
vt 0.383399 0.580337
vt 0.383260 0.625003
vt 0.383409 0.669674
vt 0.391478 0.669675
vt 0.403230 0.625002
vt 0.403338 0.669676
vt 0.391469 0.580336
vt 0.391341 0.625003
vt 0.419748 0.625001
vt 0.419819 0.669678
vt 0.403330 0.580332
vt 0.419814 0.580327
vt 0.643221 0.624999
vt 0.629652 0.580324
vt 0.643151 0.580322
vt 0.629660 0.669668
vt 0.629760 0.624998
vt 0.622320 0.580326
vt 0.622329 0.669665
vt 0.622457 0.624997
vt 0.643155 0.669673
vt 0.616601 0.669663
vt 0.616740 0.624997
vt 0.616591 0.580326
vt 0.608522 0.580326
vt 0.596770 0.624998
vt 0.596662 0.580324
vt 0.608532 0.669665
vt 0.608659 0.624997
vt 0.580252 0.624999
vt 0.580181 0.580322
vt 0.596670 0.669668
vt 0.580186 0.669673
vt 0.558285 0.624999
vt 0.500001 0.768431
vt 0.530508 0.755863
vt 0.530584 0.768425
vt 0.469500 0.755870
vt 0.500002 0.755871
vt 0.530447 0.750920
vt 0.469563 0.750930
vt 0.500003 0.750931
vt 0.469421 0.768430
vt 0.469589 0.749756
vt 0.500003 0.749757
vt 0.530422 0.749746
vt 0.530447 0.748505
vt 0.500002 0.743444
vt 0.530508 0.743436
vt 0.469563 0.748515
vt 0.500003 0.748516
vt 0.500002 0.730797
vt 0.530584 0.730792
vt 0.469500 0.743443
vt 0.469421 0.730796
vt 0.250048 0.730804
vt 0.202584 0.743479
vt 0.204628 0.730805
vt 0.297629 0.743474
vt 0.250057 0.743478
vt 0.197176 0.748622
vt 0.302983 0.748619
vt 0.250037 0.748621
vt 0.204912 0.706833
vt 0.250027 0.706833
vt 0.295542 0.730801
vt 0.295182 0.706831
vt 0.311702 0.750000
vt 0.250000 0.750000
vt 0.188298 0.750000
vt 0.126596 0.750000
vt 0.388187 0.927842
vt 0.402291 0.874999
vt 0.402653 0.922441
vt 0.387914 0.822154
vt 0.387897 0.874999
vt 0.419707 0.874999
vt 0.419986 0.920392
vt 0.402291 0.827554
vt 0.375000 0.936702
vt 0.375000 0.813298
vt 0.375000 0.875000
vt 0.375000 0.751596
vt 0.419698 0.829604
vt 0.749958 0.730794
vt 0.702378 0.743467
vt 0.704463 0.730795
vt 0.797434 0.743445
vt 0.749950 0.743467
vt 0.697022 0.748613
vt 0.802838 0.748597
vt 0.749967 0.748614
vt 0.795387 0.730777
vt 0.811702 0.750000
vt 0.750000 0.750000
vt 0.688298 0.750000
vt 0.626596 0.750000
vt 0.612103 0.822149
vt 0.597866 0.874992
vt 0.597735 0.827548
vt 0.612235 0.927828
vt 0.612207 0.874995
vt 0.580426 0.874993
vt 0.580324 0.829599
vt 0.597910 0.922422
vt 0.625000 0.813298
vt 0.625000 0.936702
vt 0.625000 0.875000
vt 0.625000 0.998404
vt 0.580463 0.920377
vt 0.558310 0.874996
vt 0.204902 0.580324
vt 0.250006 0.625001
vt 0.204903 0.625002
vt 0.295134 0.580320
vt 0.250010 0.580320
vt 0.204906 0.669683
vt 0.295135 0.669681
vt 0.250012 0.669682
vt 0.295120 0.625000
s 0
usemtl HM_CabBody
f 3817/4051/6530 3821/4052/6530 3820/4053/6530
f 3819/4054/6531 3821/4052/6531 3818/4055/6531
f 3821/4052/6532 3823/4056/6532 3820/4053/6532
f 3821/4052/6533 3825/4057/6533 3824/4058/6533
f 3467/4059/6534 3817/4051/6534 3805/4060/6534
f 3792/4061/6535 3818/4055/6535 3817/4051/6535
f 3790/4062/6536 3818/4055/6536 3791/4063/6536
f 3473/4064/6537 3819/4054/6537 3790/4062/6537
f 3816/4065/6538 3822/4066/6538 3819/4054/6538
f 3822/4066/6539 3814/4067/6539 3825/4057/6539
f 3825/4057/6540 3444/4068/6540 3720/4069/6540
f 3824/4058/6541 3720/4069/6541 3719/4070/6541
f 3824/4058/6542 3718/4071/6542 3823/4056/6542
f 3823/4056/6543 3438/4072/6543 3807/4073/6543
f 3820/4053/6544 3807/4073/6544 3806/4074/6544
f 3805/4060/6545 3820/4053/6545 3806/4074/6545
f 3826/4075/6546 3830/4076/6546 3829/4077/6546
f 3828/4078/6547 3830/4076/6547 3827/4079/6547
f 3830/4076/6548 3832/4080/6548 3829/4077/6548
f 3830/4076/6549 3834/4081/6549 3833/4082/6549
f 3481/4083/6550 3826/4075/6550 3778/4084/6550
f 3765/4085/6551 3827/4079/6551 3826/4075/6551
f 3763/4086/6552 3827/4079/6552 3764/4087/6552
f 3487/4088/6553 3828/4078/6553 3763/4086/6553
f 3789/4089/6554 3831/4090/6554 3828/4078/6554
f 3831/4090/6555 3787/4091/6555 3834/4081/6555
f 3834/4081/6556 3474/4092/6556 3798/4093/6556
f 3833/4082/6557 3798/4093/6557 3797/4094/6557
f 3833/4082/6558 3796/4095/6558 3832/4080/6558
f 3832/4080/6559 3466/4096/6559 3780/4097/6559
f 3829/4077/6560 3780/4097/6560 3779/4098/6560
f 3778/4084/6561 3829/4077/6561 3779/4098/6561
f 3835/4099/6562 3839/4100/6562 3838/4101/6562
f 3837/4102/6563 3839/4100/6563 3836/4103/6563
f 3839/4100/6564 3841/4104/6564 3838/4101/6564
f 3839/4100/6565 3843/4105/6565 3842/4106/6565
f 3486/4107/6566 3835/4099/6566 3781/4108/6566
f 3756/4109/6567 3836/4103/6567 3835/4099/6567
f 3754/4110/6568 3836/4103/6568 3755/4111/6568
f 3458/4112/6569 3837/4102/6569 3754/4110/6569
f 3729/4113/6570 3840/4114/6570 3837/4102/6570
f 3840/4114/6571 3727/4115/6571 3843/4105/6571
f 3843/4105/6572 3445/4116/6572 3810/4117/6572
f 3842/4106/6573 3810/4117/6573 3809/4118/6573
f 3842/4106/6574 3808/4119/6574 3841/4104/6574
f 3841/4104/6575 3472/4120/6575 3783/4121/6575
f 3838/4101/6576 3783/4121/6576 3782/4122/6576
f 3781/4108/6577 3838/4101/6577 3782/4122/6577
f 3844/4123/6578 3848/4124/6578 3847/4125/6578
f 3846/4126/6579 3848/4124/6579 3845/4127/6579
f 3848/4124/6580 3850/4128/6580 3847/4125/6580
f 3848/4124/6581 3852/4129/6581 3851/4130/6581
f 3439/4131/6582 3844/4123/6582 3715/4132/6582
f 3726/4133/6583 3845/4127/6583 3844/4123/6583
f 3724/4134/6584 3845/4127/6584 3725/4135/6584
f 3446/4136/6585 3846/4126/6585 3724/4134/6585
f 3735/4137/6586 3849/4138/6586 3846/4126/6586
f 3849/4138/6587 3733/4139/6587 3852/4129/6587
f 3852/4129/6588 3460/4140/6588 3744/4141/6588
f 3851/4130/6589 3744/4141/6589 3743/4142/6589
f 3851/4130/6590 3742/4143/6590 3850/4128/6590
f 3850/4128/6591 3452/4144/6591 3717/4145/6591
f 3847/4125/6592 3717/4145/6592 3716/4146/6592
f 3715/4132/6593 3847/4125/6593 3716/4146/6593
f 3853/4147/6594 3857/4148/6594 3856/4149/6594
f 3855/4150/6595 3857/4148/6595 3854/4151/6595
f 3857/4148/6596 3859/4152/6596 3856/4149/6596
f 3857/4148/6597 3861/4153/6597 3860/4154/6597
f 3453/4155/6598 3853/4147/6598 3751/4156/6598
f 3738/4157/6599 3854/4151/6599 3853/4147/6599
f 3736/4158/6600 3854/4151/6600 3737/4159/6600
f 3459/4160/6601 3855/4150/6601 3736/4158/6601
f 3762/4161/6602 3858/4162/6602 3855/4150/6602
f 3858/4162/6603 3760/4163/6603 3861/4153/6603
f 3861/4153/6604 3488/4164/6604 3771/4165/6604
f 3860/4154/6605 3771/4165/6605 3770/4166/6605
f 3860/4154/6606 3769/4167/6606 3859/4152/6606
f 3859/4152/6607 3480/4168/6607 3753/4169/6607
f 3856/4149/6608 3753/4169/6608 3752/4170/6608
f 3751/4156/6609 3856/4149/6609 3752/4170/6609
f 3862/4171/6610 3866/4172/6610 3865/4173/6610
f 3863/4174/6611 3867/4175/6611 3866/4172/6611
f 3865/4173/6612 3869/4176/6612 3868/4177/6612
f 3866/4172/6613 3870/4178/6613 3869/4176/6613
f 3437/4179/6614 3862/4171/6614 3495/4180/6614
f 3496/4181/6615 3863/4174/6615 3862/4171/6615
f 3497/4182/6616 3864/4183/6616 3863/4174/6616
f 3498/4184/6617 3499/4185/6617 3864/4183/6617
f 3864/4183/6618 3500/4186/6618 3867/4175/6618
f 3867/4175/6619 3501/4187/6619 3870/4178/6619
f 3870/4178/6620 3441/4188/6620 3502/4189/6620
f 3869/4176/6621 3502/4189/6621 3503/4190/6621
f 3868/4177/6622 3503/4190/6622 3504/4191/6622
f 3493/4192/6623 3504/4191/6623 3443/4193/6623
f 3494/4194/6624 3868/4177/6624 3493/4192/6624
f 3495/4180/6625 3865/4173/6625 3494/4194/6625
f 3871/4195/6626 3875/4196/6626 3874/4197/6626
f 3872/4198/6627 3876/4199/6627 3875/4196/6627
f 3874/4197/6628 3878/4200/6628 3877/4201/6628
f 3875/4196/6629 3879/4202/6629 3878/4200/6629
f 3438/4072/6630 3871/4195/6630 3507/4203/6630
f 3508/4204/6631 3872/4198/6631 3871/4195/6631
f 3509/4205/6632 3873/4206/6632 3872/4198/6632
f 3510/4207/6633 3511/4208/6633 3873/4206/6633
f 3873/4206/6634 3512/4209/6634 3876/4199/6634
f 3876/4199/6635 3513/4210/6635 3879/4202/6635
f 3879/4202/6636 3441/4211/6636 3501/4212/6636
f 3878/4200/6637 3501/4212/6637 3500/4213/6637
f 3877/4201/6638 3500/4213/6638 3499/4214/6638
f 3505/4215/6639 3499/4214/6639 3440/4216/6639
f 3506/4217/6640 3877/4201/6640 3505/4215/6640
f 3507/4203/6641 3874/4197/6641 3506/4217/6641
f 3880/4218/6642 3884/4219/6642 3883/4220/6642
f 3881/4221/6643 3885/4222/6643 3884/4219/6643
f 3883/4220/6644 3887/4223/6644 3886/4224/6644
f 3884/4219/6645 3888/4225/6645 3887/4223/6645
f 3439/4131/6646 3880/4218/6646 3516/4226/6646
f 3517/4227/6647 3881/4221/6647 3880/4218/6647
f 3518/4228/6648 3882/4229/6648 3881/4221/6648
f 3519/4230/6649 3504/4231/6649 3882/4229/6649
f 3882/4229/6650 3503/4232/6650 3885/4222/6650
f 3885/4222/6651 3502/4233/6651 3888/4225/6651
f 3888/4225/6652 3441/4234/6652 3513/4235/6652
f 3887/4223/6653 3513/4235/6653 3512/4236/6653
f 3886/4224/6654 3512/4236/6654 3511/4237/6654
f 3514/4238/6655 3511/4237/6655 3442/4239/6655
f 3515/4240/6656 3886/4224/6656 3514/4238/6656
f 3516/4226/6657 3883/4220/6657 3515/4240/6657
f 3889/4241/6658 3893/4242/6658 3892/4243/6658
f 3890/4244/6659 3894/4245/6659 3893/4242/6659
f 3892/4243/6660 3896/4246/6660 3895/4247/6660
f 3893/4242/6661 3897/4248/6661 3896/4246/6661
f 3444/4068/6662 3889/4241/6662 3522/4249/6662
f 3523/4250/6663 3890/4244/6663 3889/4241/6663
f 3524/4251/6664 3891/4252/6664 3890/4244/6664
f 3525/4253/6665 3526/4254/6665 3891/4252/6665
f 3891/4252/6666 3527/4255/6666 3894/4245/6666
f 3894/4245/6667 3528/4256/6667 3897/4248/6667
f 3897/4248/6668 3448/4257/6668 3529/4258/6668
f 3896/4246/6669 3529/4258/6669 3530/4259/6669
f 3895/4247/6670 3530/4259/6670 3531/4260/6670
f 3520/4261/6671 3531/4260/6671 3450/4262/6671
f 3521/4263/6672 3895/4247/6672 3520/4261/6672
f 3522/4249/6673 3892/4243/6673 3521/4263/6673
f 3898/4264/6674 3902/4265/6674 3901/4266/6674
f 3899/4267/6675 3903/4268/6675 3902/4265/6675
f 3901/4266/6676 3905/4269/6676 3904/4270/6676
f 3902/4265/6677 3906/4271/6677 3905/4269/6677
f 3445/4116/6678 3898/4264/6678 3534/4272/6678
f 3535/4273/6679 3899/4267/6679 3898/4264/6679
f 3536/4274/6680 3900/4275/6680 3899/4267/6680
f 3537/4276/6681 3538/4277/6681 3900/4275/6681
f 3900/4275/6682 3539/4278/6682 3903/4268/6682
f 3903/4268/6683 3540/4279/6683 3906/4271/6683
f 3906/4271/6684 3448/4280/6684 3528/4281/6684
f 3905/4269/6685 3528/4281/6685 3527/4282/6685
f 3904/4270/6686 3527/4282/6686 3526/4283/6686
f 3532/4284/6687 3526/4283/6687 3447/4285/6687
f 3533/4286/6688 3904/4270/6688 3532/4284/6688
f 3534/4272/6689 3901/4266/6689 3533/4286/6689
f 3907/4287/6690 3911/4288/6690 3910/4289/6690
f 3908/4290/6691 3912/4291/6691 3911/4288/6691
f 3910/4289/6692 3914/4292/6692 3913/4293/6692
f 3911/4288/6693 3915/4294/6693 3914/4292/6693
f 3446/4136/6694 3907/4287/6694 3543/4295/6694
f 3544/4296/6695 3908/4290/6695 3907/4287/6695
f 3545/4297/6696 3909/4298/6696 3908/4290/6696
f 3546/4299/6697 3531/4300/6697 3909/4298/6697
f 3909/4298/6698 3530/4301/6698 3912/4291/6698
f 3912/4291/6699 3529/4302/6699 3915/4294/6699
f 3915/4294/6700 3448/4303/6700 3540/4304/6700
f 3914/4292/6701 3540/4304/6701 3539/4305/6701
f 3913/4293/6702 3539/4305/6702 3538/4306/6702
f 3541/4307/6703 3538/4306/6703 3449/4308/6703
f 3542/4309/6704 3913/4293/6704 3541/4307/6704
f 3543/4295/6705 3910/4289/6705 3542/4309/6705
f 3916/4310/6706 3920/4311/6706 3919/4312/6706
f 3917/4313/6707 3921/4314/6707 3920/4311/6707
f 3919/4312/6708 3923/4315/6708 3922/4316/6708
f 3920/4311/6709 3924/4317/6709 3923/4315/6709
f 3451/4318/6710 3916/4310/6710 3549/4319/6710
f 3550/4320/6711 3917/4313/6711 3916/4310/6711
f 3551/4321/6712 3918/4322/6712 3917/4313/6712
f 3552/4323/6713 3553/4324/6713 3918/4322/6713
f 3918/4322/6714 3554/4325/6714 3921/4314/6714
f 3921/4314/6715 3555/4326/6715 3924/4317/6715
f 3924/4317/6716 3455/4327/6716 3556/4328/6716
f 3923/4315/6717 3556/4328/6717 3557/4329/6717
f 3922/4316/6718 3557/4329/6718 3558/4330/6718
f 3547/4331/6719 3558/4330/6719 3457/4332/6719
f 3548/4333/6720 3922/4316/6720 3547/4331/6720
f 3549/4319/6721 3919/4312/6721 3548/4333/6721
f 3925/4334/6722 3929/4335/6722 3928/4336/6722
f 3926/4337/6723 3930/4338/6723 3929/4335/6723
f 3928/4336/6724 3932/4339/6724 3931/4340/6724
f 3929/4335/6725 3933/4341/6725 3932/4339/6725
f 3452/4144/6726 3925/4334/6726 3561/4342/6726
f 3562/4343/6727 3926/4337/6727 3925/4334/6727
f 3563/4344/6728 3927/4345/6728 3926/4337/6728
f 3564/4346/6729 3565/4347/6729 3927/4345/6729
f 3927/4345/6730 3566/4348/6730 3930/4338/6730
f 3930/4338/6731 3567/4349/6731 3933/4341/6731
f 3933/4341/6732 3455/4350/6732 3555/4351/6732
f 3932/4339/6733 3555/4351/6733 3554/4352/6733
f 3931/4340/6734 3554/4352/6734 3553/4353/6734
f 3559/4354/6735 3553/4353/6735 3454/4355/6735
f 3560/4356/6736 3931/4340/6736 3559/4354/6736
f 3561/4342/6737 3928/4336/6737 3560/4356/6737
f 3934/4357/6738 3938/4358/6738 3937/4359/6738
f 3935/4360/6739 3939/4361/6739 3938/4358/6739
f 3937/4359/6740 3941/4362/6740 3940/4363/6740
f 3938/4358/6741 3942/4364/6741 3941/4362/6741
f 3453/4155/6742 3934/4357/6742 3570/4365/6742
f 3571/4366/6743 3935/4360/6743 3934/4357/6743
f 3572/4367/6744 3936/4368/6744 3935/4360/6744
f 3573/4369/6745 3558/4370/6745 3936/4368/6745
f 3936/4368/6746 3557/4371/6746 3939/4361/6746
f 3939/4361/6747 3556/4372/6747 3942/4364/6747
f 3942/4364/6748 3455/4373/6748 3567/4374/6748
f 3941/4362/6749 3567/4374/6749 3566/4375/6749
f 3940/4363/6750 3566/4375/6750 3565/4376/6750
f 3568/4377/6751 3565/4376/6751 3456/4378/6751
f 3569/4379/6752 3940/4363/6752 3568/4377/6752
f 3570/4365/6753 3937/4359/6753 3569/4379/6753
f 3943/4380/6754 3947/4381/6754 3946/4382/6754
f 3944/4383/6755 3948/4384/6755 3947/4381/6755
f 3946/4382/6756 3950/4385/6756 3949/4386/6756
f 3947/4381/6757 3951/4387/6757 3950/4385/6757
f 3458/4112/6758 3943/4380/6758 3576/4388/6758
f 3577/4389/6759 3944/4383/6759 3943/4380/6759
f 3578/4390/6760 3945/4391/6760 3944/4383/6760
f 3579/4392/6761 3580/4393/6761 3945/4391/6761
f 3945/4391/6762 3581/4394/6762 3948/4384/6762
f 3948/4384/6763 3582/4395/6763 3951/4387/6763
f 3951/4387/6764 3462/4396/6764 3583/4397/6764
f 3950/4385/6765 3583/4397/6765 3584/4398/6765
f 3949/4386/6766 3584/4398/6766 3585/4399/6766
f 3574/4400/6767 3585/4399/6767 3464/4401/6767
f 3575/4402/6768 3949/4386/6768 3574/4400/6768
f 3576/4388/6769 3946/4382/6769 3575/4402/6769
f 3952/4403/6770 3956/4404/6770 3955/4405/6770
f 3953/4406/6771 3957/4407/6771 3956/4404/6771
f 3955/4405/6772 3959/4408/6772 3958/4409/6772
f 3956/4404/6773 3960/4410/6773 3959/4408/6773
f 3459/4160/6774 3952/4403/6774 3588/4411/6774
f 3589/4412/6775 3953/4406/6775 3952/4403/6775
f 3590/4413/6776 3954/4414/6776 3953/4406/6776
f 3591/4415/6777 3592/4416/6777 3954/4414/6777
f 3954/4414/6778 3593/4417/6778 3957/4407/6778
f 3957/4407/6779 3594/4418/6779 3960/4410/6779
f 3960/4410/6780 3462/4419/6780 3582/4420/6780
f 3959/4408/6781 3582/4420/6781 3581/4421/6781
f 3958/4409/6782 3581/4421/6782 3580/4422/6782
f 3586/4423/6783 3580/4422/6783 3461/4424/6783
f 3587/4425/6784 3958/4409/6784 3586/4423/6784
f 3588/4411/6785 3955/4405/6785 3587/4425/6785
f 3961/4426/6786 3965/4427/6786 3964/4428/6786
f 3962/4429/6787 3966/4430/6787 3965/4427/6787
f 3964/4428/6788 3968/4431/6788 3967/4432/6788
f 3965/4427/6789 3969/4433/6789 3968/4431/6789
f 3460/4140/6790 3961/4426/6790 3597/4434/6790
f 3598/4435/6791 3962/4429/6791 3961/4426/6791
f 3599/4436/6792 3963/4437/6792 3962/4429/6792
f 3600/4438/6793 3585/4439/6793 3963/4437/6793
f 3963/4437/6794 3584/4440/6794 3966/4430/6794
f 3966/4430/6795 3583/4441/6795 3969/4433/6795
f 3969/4433/6796 3462/4442/6796 3594/4443/6796
f 3968/4431/6797 3594/4443/6797 3593/4444/6797
f 3967/4432/6798 3593/4444/6798 3592/4445/6798
f 3595/4446/6799 3592/4445/6799 3463/4447/6799
f 3596/4448/6800 3967/4432/6800 3595/4446/6800
f 3597/4434/6801 3964/4428/6801 3596/4448/6801
f 3970/4449/6802 3974/4450/6802 3973/4451/6802
f 3971/4452/6803 3975/4453/6803 3974/4450/6803
f 3973/4451/6804 3977/4454/6804 3976/4455/6804
f 3974/4450/6805 3978/4456/6805 3977/4454/6805
f 3465/4457/6806 3970/4449/6806 3603/4458/6806
f 3604/4459/6807 3971/4452/6807 3970/4449/6807
f 3605/4460/6808 3972/4461/6808 3971/4452/6808
f 3606/4462/6809 3607/4463/6809 3972/4461/6809
f 3972/4461/6810 3608/4464/6810 3975/4453/6810
f 3975/4453/6811 3609/4465/6811 3978/4456/6811
f 3978/4456/6812 3469/4466/6812 3610/4467/6812
f 3977/4454/6813 3610/4467/6813 3611/4468/6813
f 3976/4455/6814 3611/4468/6814 3612/4469/6814
f 3601/4470/6815 3612/4469/6815 3471/4471/6815
f 3602/4472/6816 3976/4455/6816 3601/4470/6816
f 3603/4458/6817 3973/4451/6817 3602/4472/6817
f 3979/4473/6818 3983/4474/6818 3982/4475/6818
f 3980/4476/6819 3984/4477/6819 3983/4474/6819
f 3982/4475/6820 3986/4478/6820 3985/4479/6820
f 3983/4474/6821 3987/4480/6821 3986/4478/6821
f 3466/4096/6822 3979/4473/6822 3615/4481/6822
f 3616/4482/6823 3980/4476/6823 3979/4473/6823
f 3617/4483/6824 3981/4484/6824 3980/4476/6824
f 3618/4485/6825 3619/4486/6825 3981/4484/6825
f 3981/4484/6826 3620/4487/6826 3984/4477/6826
f 3984/4477/6827 3621/4488/6827 3987/4480/6827
f 3987/4480/6828 3469/4466/6828 3609/4465/6828
f 3986/4478/6829 3609/4465/6829 3608/4464/6829
f 3985/4479/6830 3608/4464/6830 3607/4463/6830
f 3613/4489/6831 3607/4463/6831 3468/4490/6831
f 3614/4491/6832 3985/4479/6832 3613/4489/6832
f 3615/4481/6833 3982/4475/6833 3614/4491/6833
f 3988/4492/6834 3992/4493/6834 3991/4494/6834
f 3989/4495/6835 3993/4496/6835 3992/4493/6835
f 3991/4494/6836 3995/4497/6836 3994/4498/6836
f 3992/4493/6837 3996/4499/6837 3995/4497/6837
f 3467/4059/6838 3988/4492/6838 3624/4500/6838
f 3625/4501/6839 3989/4495/6839 3988/4492/6839
f 3626/4502/6840 3990/4503/6840 3989/4495/6840
f 3627/4504/6841 3612/4505/6841 3990/4503/6841
f 3990/4503/6842 3611/4506/6842 3993/4496/6842
f 3993/4496/6843 3610/4507/6843 3996/4499/6843
f 3996/4499/6844 3469/4466/6844 3621/4488/6844
f 3995/4497/6845 3621/4488/6845 3620/4487/6845
f 3994/4498/6846 3620/4487/6846 3619/4486/6846
f 3622/4508/6847 3619/4486/6847 3470/4509/6847
f 3623/4510/6848 3994/4498/6848 3622/4508/6848
f 3624/4500/6849 3991/4494/6849 3623/4510/6849
f 3997/4511/6850 4001/4512/6850 4000/4513/6850
f 3998/4514/6851 4002/4515/6851 4001/4512/6851
f 4000/4513/6852 4004/4516/6852 4003/4517/6852
f 4001/4512/6853 4005/4518/6853 4004/4516/6853
f 3472/4120/6854 3997/4511/6854 3630/4519/6854
f 3631/4520/6855 3998/4514/6855 3997/4511/6855
f 3632/4521/6856 3999/4522/6856 3998/4514/6856
f 3633/4523/6857 3634/4524/6857 3999/4522/6857
f 3999/4522/6858 3635/4525/6858 4002/4515/6858
f 4002/4515/6859 3636/4526/6859 4005/4518/6859
f 4005/4518/6860 3476/4527/6860 3637/4528/6860
f 4004/4516/6861 3637/4528/6861 3638/4529/6861
f 4003/4517/6862 3638/4529/6862 3639/4530/6862
f 3628/4531/6863 3639/4530/6863 3478/4532/6863
f 3629/4533/6864 4003/4517/6864 3628/4531/6864
f 3630/4519/6865 4000/4513/6865 3629/4533/6865
f 4006/4534/6866 4010/4535/6866 4009/4536/6866
f 4007/4537/6867 4011/4538/6867 4010/4535/6867
f 4009/4536/6868 4013/4539/6868 4012/4540/6868
f 4010/4535/6869 4014/4541/6869 4013/4539/6869
f 3473/4064/6870 4006/4534/6870 3642/4542/6870
f 3643/4543/6871 4007/4537/6871 4006/4534/6871
f 3644/4544/6872 4008/4545/6872 4007/4537/6872
f 3645/4546/6873 3646/4547/6873 4008/4545/6873
f 4008/4545/6874 3647/4548/6874 4011/4538/6874
f 4011/4538/6875 3648/4549/6875 4014/4541/6875
f 4014/4541/6876 3476/4527/6876 3636/4550/6876
f 4013/4539/6877 3636/4550/6877 3635/4551/6877
f 4012/4540/6878 3635/4551/6878 3634/4552/6878
f 3640/4553/6879 3634/4552/6879 3475/4554/6879
f 3641/4555/6880 4012/4540/6880 3640/4553/6880
f 3642/4542/6881 4009/4536/6881 3641/4555/6881
f 4015/4556/6882 4019/4557/6882 4018/4558/6882
f 4016/4559/6883 4020/4560/6883 4019/4557/6883
f 4018/4558/6884 4022/4561/6884 4021/4562/6884
f 4019/4557/6885 4023/4563/6885 4022/4561/6885
f 3474/4092/6886 4015/4556/6886 3651/4564/6886
f 3652/4565/6887 4016/4559/6887 4015/4556/6887
f 3653/4566/6888 4017/4567/6888 4016/4559/6888
f 3654/4568/6889 3639/4530/6889 4017/4567/6889
f 4017/4567/6890 3638/4529/6890 4020/4560/6890
f 4020/4560/6891 3637/4528/6891 4023/4563/6891
f 4023/4563/6892 3476/4527/6892 3648/4549/6892
f 4022/4561/6893 3648/4549/6893 3647/4548/6893
f 4021/4562/6894 3647/4548/6894 3646/4547/6894
f 3649/4569/6895 3646/4547/6895 3477/4570/6895
f 3650/4571/6896 4021/4562/6896 3649/4569/6896
f 3651/4564/6897 4018/4558/6897 3650/4571/6897
f 4024/4572/6898 4028/4573/6898 4027/4574/6898
f 4025/4575/6899 4029/4576/6899 4028/4573/6899
f 4027/4574/6900 4031/4577/6900 4030/4578/6900
f 4028/4573/6901 4032/4579/6901 4031/4577/6901
f 3479/4580/6902 4024/4572/6902 3657/4581/6902
f 3658/4582/6903 4025/4575/6903 4024/4572/6903
f 3659/4583/6904 4026/4584/6904 4025/4575/6904
f 3660/4585/6905 3661/4586/6905 4026/4584/6905
f 4026/4584/6906 3662/4587/6906 4029/4576/6906
f 4029/4576/6907 3663/4588/6907 4032/4579/6907
f 4032/4579/6908 3483/4589/6908 3664/4590/6908
f 4031/4577/6909 3664/4590/6909 3665/4591/6909
f 4030/4578/6910 3665/4591/6910 3666/4592/6910
f 3655/4593/6911 3666/4592/6911 3485/4594/6911
f 3656/4595/6912 4030/4578/6912 3655/4593/6912
f 3657/4581/6913 4027/4574/6913 3656/4595/6913
f 4033/4596/6914 4037/4597/6914 4036/4598/6914
f 4034/4599/6915 4038/4600/6915 4037/4597/6915
f 4036/4598/6916 4040/4601/6916 4039/4602/6916
f 4037/4597/6917 4041/4603/6917 4040/4601/6917
f 3480/4168/6918 4033/4596/6918 3669/4604/6918
f 3670/4605/6919 4034/4599/6919 4033/4596/6919
f 3671/4606/6920 4035/4607/6920 4034/4599/6920
f 3672/4608/6921 3673/4609/6921 4035/4607/6921
f 4035/4607/6922 3674/4610/6922 4038/4600/6922
f 4038/4600/6923 3675/4611/6923 4041/4603/6923
f 4041/4603/6924 3483/4589/6924 3663/4612/6924
f 4040/4601/6925 3663/4612/6925 3662/4613/6925
f 4039/4602/6926 3662/4613/6926 3661/4614/6926
f 3667/4615/6927 3661/4614/6927 3482/4616/6927
f 3668/4617/6928 4039/4602/6928 3667/4615/6928
f 3669/4604/6929 4036/4598/6929 3668/4617/6929
f 4042/4618/6930 4046/4619/6930 4045/4620/6930
f 4043/4621/6931 4047/4622/6931 4046/4619/6931
f 4045/4620/6932 4049/4623/6932 4048/4624/6932
f 4046/4619/6933 4050/4625/6933 4049/4623/6933
f 3481/4083/6934 4042/4618/6934 3678/4626/6934
f 3679/4627/6935 4043/4621/6935 4042/4618/6935
f 3680/4628/6936 4044/4629/6936 4043/4621/6936
f 3681/4630/6937 3666/4592/6937 4044/4629/6937
f 4044/4629/6938 3665/4591/6938 4047/4622/6938
f 4047/4622/6939 3664/4590/6939 4050/4625/6939
f 4050/4625/6940 3483/4589/6940 3675/4611/6940
f 4049/4623/6941 3675/4611/6941 3674/4610/6941
f 4048/4624/6942 3674/4610/6942 3673/4609/6942
f 3676/4631/6943 3673/4609/6943 3484/4632/6943
f 3677/4633/6944 4048/4624/6944 3676/4631/6944
f 3678/4626/6945 4045/4620/6945 3677/4633/6945
f 4051/4634/6946 4055/4635/6946 4054/4636/6946
f 4052/4637/6947 4056/4638/6947 4055/4635/6947
f 4054/4636/6948 4058/4639/6948 4057/4640/6948
f 4055/4635/6949 4059/4641/6949 4058/4639/6949
f 3486/4107/6950 4051/4634/6950 3684/4642/6950
f 3685/4643/6951 4052/4637/6951 4051/4634/6951
f 3686/4644/6952 4053/4645/6952 4052/4637/6952
f 3687/4646/6953 3688/4647/6953 4053/4645/6953
f 4053/4645/6954 3689/4648/6954 4056/4638/6954
f 4056/4638/6955 3690/4649/6955 4059/4641/6955
f 4059/4641/6956 3490/4650/6956 3691/4651/6956
f 4058/4639/6957 3691/4651/6957 3692/4652/6957
f 4057/4640/6958 3692/4652/6958 3693/4653/6958
f 3682/4654/6959 3693/4653/6959 3492/4655/6959
f 3683/4656/6960 4057/4640/6960 3682/4654/6960
f 3684/4642/6961 4054/4636/6961 3683/4656/6961
f 4060/4657/6962 4064/4658/6962 4063/4659/6962
f 4061/4660/6963 4065/4661/6963 4064/4658/6963
f 4063/4659/6964 4067/4662/6964 4066/4663/6964
f 4064/4658/6965 4068/4664/6965 4067/4662/6965
f 3487/4088/6966 4060/4657/6966 3696/4665/6966
f 3697/4666/6967 4061/4660/6967 4060/4657/6967
f 3698/4667/6968 4062/4668/6968 4061/4660/6968
f 3699/4669/6969 3700/4670/6969 4062/4668/6969
f 4062/4668/6970 3701/4671/6970 4065/4661/6970
f 4065/4661/6971 3702/4672/6971 4068/4664/6971
f 4068/4664/6972 3490/4650/6972 3690/4649/6972
f 4067/4662/6973 3690/4649/6973 3689/4648/6973
f 4066/4663/6974 3689/4648/6974 3688/4647/6974
f 3694/4673/6975 3688/4647/6975 3489/4674/6975
f 3695/4675/6976 4066/4663/6976 3694/4673/6976
f 3696/4665/6977 4063/4659/6977 3695/4675/6977
f 4069/4676/6978 4073/4677/6978 4072/4678/6978
f 4070/4679/6979 4074/4680/6979 4073/4677/6979
f 4072/4678/6980 4076/4681/6980 4075/4682/6980
f 4073/4677/6981 4077/4683/6981 4076/4681/6981
f 3488/4164/6982 4069/4676/6982 3705/4684/6982
f 3706/4685/6983 4070/4679/6983 4069/4676/6983
f 3707/4686/6984 4071/4687/6984 4070/4679/6984
f 3708/4688/6985 3693/4689/6985 4071/4687/6985
f 4071/4687/6986 3692/4690/6986 4074/4680/6986
f 4074/4680/6987 3691/4691/6987 4077/4683/6987
f 4077/4683/6988 3490/4650/6988 3702/4672/6988
f 4076/4681/6989 3702/4672/6989 3701/4671/6989
f 4075/4682/6990 3701/4671/6990 3700/4670/6990
f 3703/4692/6991 3700/4670/6991 3491/4693/6991
f 3704/4694/6992 4075/4682/6992 3703/4692/6992
f 3705/4684/6993 4072/4678/6993 3704/4694/6993
f 4079/4695/6994 4081/4696/6994 4078/4697/6994
f 4079/4695/6995 4083/4698/6995 4082/4699/6995
f 4082/4699/6996 4084/4700/6996 4081/4696/6996
f 4082/4699/6997 4086/4701/6997 4085/4702/6997
f 3709/4703/6998 3550/4320/6998 3451/4318/6998
f 3710/4704/6999 4078/4697/6999 3709/4703/6999
f 3710/4704/7000 4080/4705/7000 4079/4695/7000
f 3711/4706/7001 3495/4180/7001 4080/4705/7001
f 4080/4705/7002 3494/4194/7002 4083/4698/7002
f 4083/4698/7003 3493/4192/7003 4086/4701/7003
f 4086/4701/7004 3443/4193/7004 3712/4707/7004
f 4085/4702/7005 3712/4707/7005 3713/4708/7005
f 4085/4702/7006 3714/4709/7006 4084/4700/7006
f 4084/4700/7007 3454/4710/7007 3552/4323/7007
f 4081/4696/7008 3552/4323/7008 3551/4321/7008
f 4078/4697/7009 3551/4321/7009 3550/4320/7009
f 4087/4711/7010 4091/4712/7010 4090/4713/7010
f 4089/4714/7011 4091/4712/7011 4088/4715/7011
f 4090/4713/7012 4094/4716/7012 4093/4717/7012
f 4092/4718/7013 4094/4716/7013 4091/4712/7013
f 3454/4355/7014 4087/4711/7014 3559/4354/7014
f 3714/4719/7015 4088/4715/7015 4087/4711/7015
f 3712/4720/7016 4088/4715/7016 3713/4721/7016
f 3443/4722/7017 4089/4714/7017 3712/4720/7017
f 3519/4230/7018 4092/4718/7018 4089/4714/7018
f 3518/4228/7019 4095/4723/7019 4092/4718/7019
f 3517/4227/7020 3715/4132/7020 4095/4723/7020
f 4095/4723/7021 3716/4146/7021 4094/4716/7021
f 4093/4717/7022 3716/4146/7022 3717/4145/7022
f 3561/4342/7023 3717/4145/7023 3452/4144/7023
f 3560/4356/7024 4093/4717/7024 3561/4342/7024
f 3559/4354/7025 4090/4713/7025 3560/4356/7025
f 4097/4724/7026 4099/4725/7026 4096/4726/7026
f 4097/4724/7027 4101/4727/7027 4100/4728/7027
f 4100/4728/7028 4102/4729/7028 4099/4725/7028
f 4100/4728/7029 4104/4730/7029 4103/4731/7029
f 3718/4071/7030 3508/4204/7030 3438/4072/7030
f 3719/4070/7031 4096/4726/7031 3718/4071/7031
f 3719/4070/7032 4098/4732/7032 4097/4724/7032
f 3720/4069/7033 3522/4249/7033 4098/4732/7033
f 4098/4732/7034 3521/4263/7034 4101/4727/7034
f 4101/4727/7035 3520/4261/7035 4104/4730/7035
f 4104/4730/7036 3450/4262/7036 3721/4733/7036
f 4103/4731/7037 3721/4733/7037 3722/4734/7037
f 4103/4731/7038 3723/4735/7038 4102/4729/7038
f 4102/4729/7039 3442/4736/7039 3510/4207/7039
f 4099/4725/7040 3510/4207/7040 3509/4205/7040
f 4096/4726/7041 3509/4205/7041 3508/4204/7041
f 4105/4737/7042 4109/4738/7042 4108/4739/7042
f 4107/4740/7043 4109/4738/7043 4106/4741/7043
f 4108/4739/7044 4112/4742/7044 4111/4743/7044
f 4110/4744/7045 4112/4742/7045 4109/4738/7045
f 3442/4239/7046 4105/4737/7046 3514/4238/7046
f 3723/4745/7047 4106/4741/7047 4105/4737/7047
f 3721/4746/7048 4106/4741/7048 3722/4747/7048
f 3450/4748/7049 4107/4740/7049 3721/4746/7049
f 3546/4299/7050 4110/4744/7050 4107/4740/7050
f 3545/4297/7051 4113/4749/7051 4110/4744/7051
f 3544/4296/7052 3724/4134/7052 4113/4749/7052
f 4113/4749/7053 3725/4135/7053 4112/4742/7053
f 4111/4743/7054 3725/4135/7054 3726/4133/7054
f 3516/4226/7055 3726/4133/7055 3439/4131/7055
f 3515/4240/7056 4111/4743/7056 3516/4226/7056
f 3514/4238/7057 4108/4739/7057 3515/4240/7057
f 4115/4750/7058 4117/4751/7058 4114/4752/7058
f 4115/4750/7059 4119/4753/7059 4118/4754/7059
f 4118/4754/7060 4120/4755/7060 4117/4751/7060
f 4118/4754/7061 4122/4756/7061 4121/4757/7061
f 3727/4115/7062 3535/4273/7062 3445/4116/7062
f 3728/4758/7063 4114/4752/7063 3727/4115/7063
f 3728/4758/7064 4116/4759/7064 4115/4750/7064
f 3729/4113/7065 3576/4388/7065 4116/4759/7065
f 4116/4759/7066 3575/4402/7066 4119/4753/7066
f 4119/4753/7067 3574/4400/7067 4122/4756/7067
f 4122/4756/7068 3464/4401/7068 3730/4760/7068
f 4121/4757/7069 3730/4760/7069 3731/4761/7069
f 4121/4757/7070 3732/4762/7070 4120/4755/7070
f 4120/4755/7071 3449/4763/7071 3537/4276/7071
f 4117/4751/7072 3537/4276/7072 3536/4274/7072
f 4114/4752/7073 3536/4274/7073 3535/4273/7073
f 4123/4764/7074 4127/4765/7074 4126/4766/7074
f 4125/4767/7075 4127/4765/7075 4124/4768/7075
f 4126/4766/7076 4130/4769/7076 4129/4770/7076
f 4128/4771/7077 4130/4769/7077 4127/4765/7077
f 3449/4308/7078 4123/4764/7078 3541/4307/7078
f 3732/4772/7079 4124/4768/7079 4123/4764/7079
f 3730/4773/7080 4124/4768/7080 3731/4774/7080
f 3464/4775/7081 4125/4767/7081 3730/4773/7081
f 3600/4438/7082 4128/4771/7082 4125/4767/7082
f 3599/4436/7083 4131/4776/7083 4128/4771/7083
f 3598/4435/7084 3733/4139/7084 4131/4776/7084
f 4131/4776/7085 3734/4777/7085 4130/4769/7085
f 4129/4770/7086 3734/4777/7086 3735/4137/7086
f 3543/4295/7087 3735/4137/7087 3446/4136/7087
f 3542/4309/7088 4129/4770/7088 3543/4295/7088
f 3541/4307/7089 4126/4766/7089 3542/4309/7089
f 4133/4778/7090 4135/4779/7090 4132/4780/7090
f 4133/4778/7091 4137/4781/7091 4136/4782/7091
f 4136/4782/7092 4138/4783/7092 4135/4779/7092
f 4136/4782/7093 4140/4784/7093 4139/4785/7093
f 3736/4158/7094 3589/4412/7094 3459/4160/7094
f 3737/4159/7095 4132/4780/7095 3736/4158/7095
f 3737/4159/7096 4134/4786/7096 4133/4778/7096
f 3738/4157/7097 3570/4365/7097 4134/4786/7097
f 4134/4786/7098 3569/4379/7098 4137/4781/7098
f 4137/4781/7099 3568/4377/7099 4140/4784/7099
f 4140/4784/7100 3456/4378/7100 3739/4787/7100
f 4139/4785/7101 3739/4787/7101 3740/4788/7101
f 4139/4785/7102 3741/4789/7102 4138/4783/7102
f 4138/4783/7103 3463/4447/7103 3591/4415/7103
f 4135/4779/7104 3591/4415/7104 3590/4413/7104
f 4132/4780/7105 3590/4413/7105 3589/4412/7105
f 4141/4790/7106 4145/4791/7106 4144/4792/7106
f 4143/4793/7107 4145/4791/7107 4142/4794/7107
f 4144/4792/7108 4148/4795/7108 4147/4796/7108
f 4146/4797/7109 4148/4795/7109 4145/4791/7109
f 3463/4447/7110 4141/4790/7110 3595/4446/7110
f 3741/4789/7111 4142/4794/7111 4141/4790/7111
f 3739/4787/7112 4142/4794/7112 3740/4788/7112
f 3456/4378/7113 4143/4793/7113 3739/4787/7113
f 3564/4346/7114 4146/4797/7114 4143/4793/7114
f 3563/4344/7115 4149/4798/7115 4146/4797/7115
f 3562/4343/7116 3742/4143/7116 4149/4798/7116
f 4149/4798/7117 3743/4142/7117 4148/4795/7117
f 4147/4796/7118 3743/4142/7118 3744/4141/7118
f 3597/4434/7119 3744/4141/7119 3460/4140/7119
f 3596/4448/7120 4147/4796/7120 3597/4434/7120
f 3595/4446/7121 4144/4792/7121 3596/4448/7121
f 4151/4799/7122 4153/4800/7122 4150/4801/7122
f 4151/4799/7123 4155/4802/7123 4154/4803/7123
f 4154/4803/7124 4156/4804/7124 4153/4800/7124
f 4154/4803/7125 4158/4805/7125 4157/4806/7125
f 3745/4807/7126 3658/4582/7126 3479/4580/7126
f 3746/4808/7127 4150/4801/7127 3745/4807/7127
f 3746/4808/7128 4152/4809/7128 4151/4799/7128
f 3747/4810/7129 3549/4319/7129 4152/4809/7129
f 4152/4809/7130 3548/4333/7130 4155/4802/7130
f 4155/4802/7131 3547/4331/7131 4158/4805/7131
f 4158/4805/7132 3457/4332/7132 3748/4811/7132
f 4157/4806/7133 3748/4811/7133 3749/4812/7133
f 4157/4806/7134 3750/4813/7134 4156/4804/7134
f 4156/4804/7135 3482/4814/7135 3660/4585/7135
f 4153/4800/7136 3660/4585/7136 3659/4583/7136
f 4150/4801/7137 3659/4583/7137 3658/4582/7137
f 4159/4815/7138 4163/4816/7138 4162/4817/7138
f 4161/4818/7139 4163/4816/7139 4160/4819/7139
f 4162/4817/7140 4166/4820/7140 4165/4821/7140
f 4164/4822/7141 4166/4820/7141 4163/4816/7141
f 3482/4616/7142 4159/4815/7142 3667/4615/7142
f 3750/4823/7143 4160/4819/7143 4159/4815/7143
f 3748/4824/7144 4160/4819/7144 3749/4825/7144
f 3457/4826/7145 4161/4818/7145 3748/4824/7145
f 3573/4369/7146 4164/4822/7146 4161/4818/7146
f 3572/4367/7147 4167/4827/7147 4164/4822/7147
f 3571/4366/7148 3751/4156/7148 4167/4827/7148
f 4167/4827/7149 3752/4170/7149 4166/4820/7149
f 4165/4821/7150 3752/4170/7150 3753/4169/7150
f 3669/4604/7151 3753/4169/7151 3480/4168/7151
f 3668/4617/7152 4165/4821/7152 3669/4604/7152
f 3667/4615/7153 4162/4817/7153 3668/4617/7153
f 4169/4828/7154 4171/4829/7154 4168/4830/7154
f 4169/4828/7155 4173/4831/7155 4172/4832/7155
f 4172/4832/7156 4174/4833/7156 4171/4829/7156
f 4172/4832/7157 4176/4834/7157 4175/4835/7157
f 3754/4110/7158 3577/4389/7158 3458/4112/7158
f 3755/4111/7159 4168/4830/7159 3754/4110/7159
f 3755/4111/7160 4170/4836/7160 4169/4828/7160
f 3756/4109/7161 3684/4642/7161 4170/4836/7161
f 4170/4836/7162 3683/4656/7162 4173/4831/7162
f 4173/4831/7163 3682/4654/7163 4176/4834/7163
f 4176/4834/7164 3492/4655/7164 3757/4837/7164
f 4175/4835/7165 3757/4837/7165 3758/4838/7165
f 4175/4835/7166 3759/4839/7166 4174/4833/7166
f 4174/4833/7167 3461/4840/7167 3579/4392/7167
f 4171/4829/7168 3579/4392/7168 3578/4390/7168
f 4168/4830/7169 3578/4390/7169 3577/4389/7169
f 4177/4841/7170 4181/4842/7170 4180/4843/7170
f 4179/4844/7171 4181/4842/7171 4178/4845/7171
f 4180/4843/7172 4184/4846/7172 4183/4847/7172
f 4182/4848/7173 4184/4846/7173 4181/4842/7173
f 3461/4424/7174 4177/4841/7174 3586/4423/7174
f 3759/4849/7175 4178/4845/7175 4177/4841/7175
f 3757/4850/7176 4178/4845/7176 3758/4851/7176
f 3492/4852/7177 4179/4844/7177 3757/4850/7177
f 3708/4688/7178 4182/4848/7178 4179/4844/7178
f 3707/4686/7179 4185/4853/7179 4182/4848/7179
f 3706/4685/7180 3760/4163/7180 4185/4853/7180
f 4185/4853/7181 3761/4854/7181 4184/4846/7181
f 4183/4847/7182 3761/4854/7182 3762/4161/7182
f 3588/4411/7183 3762/4161/7183 3459/4160/7183
f 3587/4425/7184 4183/4847/7184 3588/4411/7184
f 3586/4423/7185 4180/4843/7185 3587/4425/7185
f 4187/4855/7186 4189/4856/7186 4186/4857/7186
f 4187/4855/7187 4191/4858/7187 4190/4859/7187
f 4190/4859/7188 4192/4860/7188 4189/4856/7188
f 4190/4859/7189 4194/4861/7189 4193/4862/7189
f 3763/4086/7190 3697/4666/7190 3487/4088/7190
f 3764/4087/7191 4186/4857/7191 3763/4086/7191
f 3764/4087/7192 4188/4863/7192 4187/4855/7192
f 3765/4085/7193 3678/4626/7193 4188/4863/7193
f 4188/4863/7194 3677/4633/7194 4191/4858/7194
f 4191/4858/7195 3676/4631/7195 4194/4861/7195
f 4194/4861/7196 3484/4632/7196 3766/4864/7196
f 4193/4862/7197 3766/4864/7197 3767/4865/7197
f 4193/4862/7198 3768/4866/7198 4192/4860/7198
f 4192/4860/7199 3491/4693/7199 3699/4669/7199
f 4189/4856/7200 3699/4669/7200 3698/4667/7200
f 4186/4857/7201 3698/4667/7201 3697/4666/7201
f 4195/4867/7202 4199/4868/7202 4198/4869/7202
f 4197/4870/7203 4199/4868/7203 4196/4871/7203
f 4198/4869/7204 4202/4872/7204 4201/4873/7204
f 4200/4874/7205 4202/4872/7205 4199/4868/7205
f 3491/4693/7206 4195/4867/7206 3703/4692/7206
f 3768/4866/7207 4196/4871/7207 4195/4867/7207
f 3766/4864/7208 4196/4871/7208 3767/4865/7208
f 3484/4632/7209 4197/4870/7209 3766/4864/7209
f 3672/4608/7210 4200/4874/7210 4197/4870/7210
f 3671/4606/7211 4203/4875/7211 4200/4874/7211
f 3670/4605/7212 3769/4167/7212 4203/4875/7212
f 4203/4875/7213 3770/4166/7213 4202/4872/7213
f 4201/4873/7214 3770/4166/7214 3771/4165/7214
f 3705/4684/7215 3771/4165/7215 3488/4164/7215
f 3704/4694/7216 4201/4873/7216 3705/4684/7216
f 3703/4692/7217 4198/4869/7217 3704/4694/7217
f 4205/4876/7218 4207/4877/7218 4204/4878/7218
f 4205/4876/7219 4209/4879/7219 4208/4880/7219
f 4208/4880/7220 4210/4881/7220 4207/4877/7220
f 4208/4880/7221 4212/4882/7221 4211/4883/7221
f 3772/4884/7222 3604/4459/7222 3465/4457/7222
f 3773/4885/7223 4204/4878/7223 3772/4884/7223
f 3773/4885/7224 4206/4886/7224 4205/4876/7224
f 3774/4887/7225 3657/4581/7225 4206/4886/7225
f 4206/4886/7226 3656/4595/7226 4209/4879/7226
f 4209/4879/7227 3655/4593/7227 4212/4882/7227
f 4212/4882/7228 3485/4594/7228 3775/4888/7228
f 4211/4883/7229 3775/4888/7229 3776/4889/7229
f 4211/4883/7230 3777/4890/7230 4210/4881/7230
f 4210/4881/7231 3468/4490/7231 3606/4462/7231
f 4207/4877/7232 3606/4462/7232 3605/4460/7232
f 4204/4878/7233 3605/4460/7233 3604/4459/7233
f 4213/4891/7234 4217/4892/7234 4216/4893/7234
f 4215/4894/7235 4217/4892/7235 4214/4895/7235
f 4216/4893/7236 4220/4896/7236 4219/4897/7236
f 4218/4898/7237 4220/4896/7237 4217/4892/7237
f 3468/4490/7238 4213/4891/7238 3613/4489/7238
f 3777/4890/7239 4214/4895/7239 4213/4891/7239
f 3775/4888/7240 4214/4895/7240 3776/4889/7240
f 3485/4594/7241 4215/4894/7241 3775/4888/7241
f 3681/4630/7242 4218/4898/7242 4215/4894/7242
f 3680/4628/7243 4221/4899/7243 4218/4898/7243
f 3679/4627/7244 3778/4084/7244 4221/4899/7244
f 4221/4899/7245 3779/4098/7245 4220/4896/7245
f 4219/4897/7246 3779/4098/7246 3780/4097/7246
f 3615/4481/7247 3780/4097/7247 3466/4096/7247
f 3614/4491/7248 4219/4897/7248 3615/4481/7248
f 3613/4489/7249 4216/4893/7249 3614/4491/7249
f 4223/4900/7250 4225/4901/7250 4222/4902/7250
f 4223/4900/7251 4227/4903/7251 4226/4904/7251
f 4226/4904/7252 4228/4905/7252 4225/4901/7252
f 4226/4904/7253 4230/4906/7253 4229/4907/7253
f 3781/4108/7254 3685/4643/7254 3486/4107/7254
f 3782/4122/7255 4222/4902/7255 3781/4108/7255
f 3782/4122/7256 4224/4908/7256 4223/4900/7256
f 3783/4121/7257 3630/4519/7257 4224/4908/7257
f 4224/4908/7258 3629/4533/7258 4227/4903/7258
f 4227/4903/7259 3628/4531/7259 4230/4906/7259
f 4230/4906/7260 3478/4532/7260 3784/4909/7260
f 4229/4907/7261 3784/4909/7261 3785/4910/7261
f 4229/4907/7262 3786/4911/7262 4228/4905/7262
f 4228/4905/7263 3489/4674/7263 3687/4646/7263
f 4225/4901/7264 3687/4646/7264 3686/4644/7264
f 4222/4902/7265 3686/4644/7265 3685/4643/7265
f 4231/4912/7266 4235/4913/7266 4234/4914/7266
f 4233/4915/7267 4235/4913/7267 4232/4916/7267
f 4234/4914/7268 4238/4917/7268 4237/4918/7268
f 4236/4919/7269 4238/4917/7269 4235/4913/7269
f 3489/4674/7270 4231/4912/7270 3694/4673/7270
f 3786/4911/7271 4232/4916/7271 4231/4912/7271
f 3784/4909/7272 4232/4916/7272 3785/4910/7272
f 3478/4532/7273 4233/4915/7273 3784/4909/7273
f 3654/4568/7274 4236/4919/7274 4233/4915/7274
f 3653/4566/7275 4239/4920/7275 4236/4919/7275
f 3652/4565/7276 3787/4091/7276 4239/4920/7276
f 4239/4920/7277 3788/4921/7277 4238/4917/7277
f 4237/4918/7278 3788/4921/7278 3789/4089/7278
f 3696/4665/7279 3789/4089/7279 3487/4088/7279
f 3695/4675/7280 4237/4918/7280 3696/4665/7280
f 3694/4673/7281 4234/4914/7281 3695/4675/7281
f 4241/4922/7282 4243/4923/7282 4240/4924/7282
f 4241/4922/7283 4245/4925/7283 4244/4926/7283
f 4244/4926/7284 4246/4927/7284 4243/4923/7284
f 4244/4926/7285 4248/4928/7285 4247/4929/7285
f 3790/4062/7286 3643/4543/7286 3473/4064/7286
f 3791/4063/7287 4240/4924/7287 3790/4062/7287
f 3791/4063/7288 4242/4930/7288 4241/4922/7288
f 3792/4061/7289 3624/4500/7289 4242/4930/7289
f 4242/4930/7290 3623/4510/7290 4245/4925/7290
f 4245/4925/7291 3622/4508/7291 4248/4928/7291
f 4248/4928/7292 3470/4509/7292 3793/4931/7292
f 4247/4929/7293 3793/4931/7293 3794/4932/7293
f 4247/4929/7294 3795/4933/7294 4246/4927/7294
f 4246/4927/7295 3477/4570/7295 3645/4546/7295
f 4243/4923/7296 3645/4546/7296 3644/4544/7296
f 4240/4924/7297 3644/4544/7297 3643/4543/7297
f 4249/4934/7298 4253/4935/7298 4252/4936/7298
f 4251/4937/7299 4253/4935/7299 4250/4938/7299
f 4252/4936/7300 4256/4939/7300 4255/4940/7300
f 4254/4941/7301 4256/4939/7301 4253/4935/7301
f 3477/4570/7302 4249/4934/7302 3649/4569/7302
f 3795/4933/7303 4250/4938/7303 4249/4934/7303
f 3793/4931/7304 4250/4938/7304 3794/4932/7304
f 3470/4509/7305 4251/4937/7305 3793/4931/7305
f 3618/4485/7306 4254/4941/7306 4251/4937/7306
f 3617/4483/7307 4257/4942/7307 4254/4941/7307
f 3616/4482/7308 3796/4095/7308 4257/4942/7308
f 4257/4942/7309 3797/4094/7309 4256/4939/7309
f 4255/4940/7310 3797/4094/7310 3798/4093/7310
f 3651/4564/7311 3798/4093/7311 3474/4092/7311
f 3650/4571/7312 4255/4940/7312 3651/4564/7312
f 3649/4569/7313 4252/4936/7313 3650/4571/7313
f 4259/4943/7314 4261/4944/7314 4258/4945/7314
f 4259/4943/7315 4263/4946/7315 4262/4947/7315
f 4262/4947/7316 4264/4948/7316 4261/4944/7316
f 4262/4947/7317 4266/4949/7317 4265/4950/7317
f 3799/4951/7318 3496/4181/7318 3437/4179/7318
f 3800/4952/7319 4258/4945/7319 3799/4951/7319
f 3800/4952/7320 4260/4953/7320 4259/4943/7320
f 3801/4954/7321 3603/4458/7321 4260/4953/7321
f 4260/4953/7322 3602/4472/7322 4263/4946/7322
f 4263/4946/7323 3601/4470/7323 4266/4949/7323
f 4266/4949/7324 3471/4471/7324 3802/4955/7324
f 4265/4950/7325 3802/4955/7325 3803/4956/7325
f 4265/4950/7326 3804/4957/7326 4264/4948/7326
f 4264/4948/7327 3440/4958/7327 3498/4184/7327
f 4261/4944/7328 3498/4184/7328 3497/4182/7328
f 4258/4945/7329 3497/4182/7329 3496/4181/7329
f 4267/4959/7330 4271/4960/7330 4270/4961/7330
f 4269/4962/7331 4271/4960/7331 4268/4963/7331
f 4270/4961/7332 4274/4964/7332 4273/4965/7332
f 4272/4966/7333 4274/4964/7333 4271/4960/7333
f 3440/4216/7334 4267/4959/7334 3505/4215/7334
f 3804/4967/7335 4268/4963/7335 4267/4959/7335
f 3802/4968/7336 4268/4963/7336 3803/4969/7336
f 3471/4970/7337 4269/4962/7337 3802/4968/7337
f 3627/4504/7338 4272/4966/7338 4269/4962/7338
f 3626/4502/7339 4275/4971/7339 4272/4966/7339
f 3625/4501/7340 3805/4060/7340 4275/4971/7340
f 4275/4971/7341 3806/4074/7341 4274/4964/7341
f 4273/4965/7342 3806/4074/7342 3807/4073/7342
f 3507/4203/7343 3807/4073/7343 3438/4072/7343
f 3506/4217/7344 4273/4965/7344 3507/4203/7344
f 3505/4215/7345 4270/4961/7345 3506/4217/7345
f 4277/4972/7346 4279/4973/7346 4276/4974/7346
f 4277/4972/7347 4281/4975/7347 4280/4976/7347
f 4280/4976/7348 4282/4977/7348 4279/4973/7348
f 4280/4976/7349 4284/4978/7349 4283/4979/7349
f 3808/4119/7350 3631/4520/7350 3472/4120/7350
f 3809/4118/7351 4276/4974/7351 3808/4119/7351
f 3809/4118/7352 4278/4980/7352 4277/4972/7352
f 3810/4117/7353 3534/4272/7353 4278/4980/7353
f 4278/4980/7354 3533/4286/7354 4281/4975/7354
f 4281/4975/7355 3532/4284/7355 4284/4978/7355
f 4284/4978/7356 3447/4285/7356 3811/4981/7356
f 4283/4979/7357 3811/4981/7357 3812/4982/7357
f 4283/4979/7358 3813/4983/7358 4282/4977/7358
f 4282/4977/7359 3475/4984/7359 3633/4523/7359
f 4279/4973/7360 3633/4523/7360 3632/4521/7360
f 4276/4974/7361 3632/4521/7361 3631/4520/7361
f 4285/4985/7362 4289/4986/7362 4288/4987/7362
f 4287/4988/7363 4289/4986/7363 4286/4989/7363
f 4288/4987/7364 4292/4990/7364 4291/4991/7364
f 4290/4992/7365 4292/4990/7365 4289/4986/7365
f 3475/4554/7366 4285/4985/7366 3640/4553/7366
f 3813/4993/7367 4286/4989/7367 4285/4985/7367
f 3811/4994/7368 4286/4989/7368 3812/4995/7368
f 3447/4996/7369 4287/4988/7369 3811/4994/7369
f 3525/4253/7370 4290/4992/7370 4287/4988/7370
f 3524/4251/7371 4293/4997/7371 4290/4992/7371
f 3523/4250/7372 3814/4067/7372 4293/4997/7372
f 4293/4997/7373 3815/4998/7373 4292/4990/7373
f 4291/4991/7374 3815/4998/7374 3816/4065/7374
f 3642/4542/7375 3816/4065/7375 3473/4064/7375
f 3641/4555/7376 4291/4991/7376 3642/4542/7376
f 3640/4553/7377 4288/4987/7377 3641/4555/7377
f 4294/4999/7378 4298/5000/7378 4297/5001/7378
f 4296/5002/7379 4298/5000/7379 4295/5003/7379
f 4298/5000/7380 4300/5004/7380 4297/5001/7380
f 4298/5000/7381 4302/5005/7381 4301/5006/7381
f 3451/4318/7382 4294/4999/7382 3709/4703/7382
f 3747/4810/7383 4295/5003/7383 4294/4999/7383
f 3745/4807/7384 4295/5003/7384 3746/4808/7384
f 3479/4580/7385 4296/5002/7385 3745/4807/7385
f 3774/4887/7386 4299/5007/7386 4296/5002/7386
f 4299/5007/7387 3772/4884/7387 4302/5005/7387
f 4302/5005/7388 3465/4457/7388 3801/4954/7388
f 4301/5006/7389 3801/4954/7389 3800/4952/7389
f 4301/5006/7390 3799/4951/7390 4300/5004/7390
f 4300/5004/7391 3437/4179/7391 3711/4706/7391
f 4297/5001/7392 3711/4706/7392 3710/4704/7392
f 3709/4703/7393 4297/5001/7393 3710/4704/7393
f 3817/4051/7394 3818/4055/7394 3821/4052/7394
f 3819/4054/7395 3822/4066/7395 3821/4052/7395
f 3821/4052/7396 3824/4058/7396 3823/4056/7396
f 3821/4052/7397 3822/4066/7397 3825/4057/7397
f 3467/4059/7398 3792/4061/7398 3817/4051/7398
f 3792/4061/7399 3791/4063/7399 3818/4055/7399
f 3790/4062/7400 3819/4054/7400 3818/4055/7400
f 3473/4064/7401 3816/4065/7401 3819/4054/7401
f 3816/4065/7402 3815/4998/7402 3822/4066/7402
f 3822/4066/7403 3815/4998/7403 3814/4067/7403
f 3825/4057/7404 3814/4067/7404 3444/4068/7404
f 3824/4058/7405 3825/4057/7405 3720/4069/7405
f 3824/4058/7406 3719/4070/7406 3718/4071/7406
f 3823/4056/7407 3718/4071/7407 3438/4072/7407
f 3820/4053/7408 3823/4056/7408 3807/4073/7408
f 3805/4060/7409 3817/4051/7409 3820/4053/7409
f 3826/4075/7410 3827/4079/7410 3830/4076/7410
f 3828/4078/7411 3831/4090/7411 3830/4076/7411
f 3830/4076/7412 3833/4082/7412 3832/4080/7412
f 3830/4076/7413 3831/4090/7413 3834/4081/7413
f 3481/4083/7414 3765/4085/7414 3826/4075/7414
f 3765/4085/7415 3764/4087/7415 3827/4079/7415
f 3763/4086/7416 3828/4078/7416 3827/4079/7416
f 3487/4088/7417 3789/4089/7417 3828/4078/7417
f 3789/4089/7418 3788/4921/7418 3831/4090/7418
f 3831/4090/7419 3788/4921/7419 3787/4091/7419
f 3834/4081/7420 3787/4091/7420 3474/4092/7420
f 3833/4082/7421 3834/4081/7421 3798/4093/7421
f 3833/4082/7422 3797/4094/7422 3796/4095/7422
f 3832/4080/7423 3796/4095/7423 3466/4096/7423
f 3829/4077/7424 3832/4080/7424 3780/4097/7424
f 3778/4084/7425 3826/4075/7425 3829/4077/7425
f 3835/4099/6562 3836/4103/6562 3839/4100/6562
f 3837/4102/6563 3840/4114/6563 3839/4100/6563
f 3839/4100/6564 3842/4106/6564 3841/4104/6564
f 3839/4100/6565 3840/4114/6565 3843/4105/6565
f 3486/4107/7426 3756/4109/7426 3835/4099/7426
f 3756/4109/7427 3755/4111/7427 3836/4103/7427
f 3754/4110/7428 3837/4102/7428 3836/4103/7428
f 3458/4112/7429 3729/4113/7429 3837/4102/7429
f 3729/4113/7430 3728/4758/7430 3840/4114/7430
f 3840/4114/6571 3728/4758/6571 3727/4115/6571
f 3843/4105/7431 3727/4115/7431 3445/4116/7431
f 3842/4106/7432 3843/4105/7432 3810/4117/7432
f 3842/4106/7433 3809/4118/7433 3808/4119/7433
f 3841/4104/7434 3808/4119/7434 3472/4120/7434
f 3838/4101/7435 3841/4104/7435 3783/4121/7435
f 3781/4108/6577 3835/4099/6577 3838/4101/6577
f 3844/4123/7436 3845/4127/7436 3848/4124/7436
f 3846/4126/7437 3849/4138/7437 3848/4124/7437
f 3848/4124/7438 3851/4130/7438 3850/4128/7438
f 3848/4124/7439 3849/4138/7439 3852/4129/7439
f 3439/4131/7440 3726/4133/7440 3844/4123/7440
f 3726/4133/7441 3725/4135/7441 3845/4127/7441
f 3724/4134/7442 3846/4126/7442 3845/4127/7442
f 3446/4136/7443 3735/4137/7443 3846/4126/7443
f 3735/4137/7444 3734/4777/7444 3849/4138/7444
f 3849/4138/7445 3734/4777/7445 3733/4139/7445
f 3852/4129/7446 3733/4139/7446 3460/4140/7446
f 3851/4130/7447 3852/4129/7447 3744/4141/7447
f 3851/4130/7448 3743/4142/7448 3742/4143/7448
f 3850/4128/7449 3742/4143/7449 3452/4144/7449
f 3847/4125/7450 3850/4128/7450 3717/4145/7450
f 3715/4132/7451 3844/4123/7451 3847/4125/7451
f 3853/4147/7452 3854/4151/7452 3857/4148/7452
f 3855/4150/7453 3858/4162/7453 3857/4148/7453
f 3857/4148/7454 3860/4154/7454 3859/4152/7454
f 3857/4148/7455 3858/4162/7455 3861/4153/7455
f 3453/4155/7456 3738/4157/7456 3853/4147/7456
f 3738/4157/7457 3737/4159/7457 3854/4151/7457
f 3736/4158/7458 3855/4150/7458 3854/4151/7458
f 3459/4160/7459 3762/4161/7459 3855/4150/7459
f 3762/4161/7460 3761/4854/7460 3858/4162/7460
f 3858/4162/7461 3761/4854/7461 3760/4163/7461
f 3861/4153/7462 3760/4163/7462 3488/4164/7462
f 3860/4154/7463 3861/4153/7463 3771/4165/7463
f 3860/4154/7464 3770/4166/7464 3769/4167/7464
f 3859/4152/7465 3769/4167/7465 3480/4168/7465
f 3856/4149/7466 3859/4152/7466 3753/4169/7466
f 3751/4156/7467 3853/4147/7467 3856/4149/7467
f 3862/4171/7468 3863/4174/7468 3866/4172/7468
f 3863/4174/7469 3864/4183/7469 3867/4175/7469
f 3865/4173/7470 3866/4172/7470 3869/4176/7470
f 3866/4172/7471 3867/4175/7471 3870/4178/7471
f 3437/4179/7472 3496/4181/7472 3862/4171/7472
f 3496/4181/7473 3497/4182/7473 3863/4174/7473
f 3497/4182/7474 3498/4184/7474 3864/4183/7474
f 3498/4184/7475 3440/4958/7475 3499/4185/7475
f 3864/4183/7476 3499/4185/7476 3500/4186/7476
f 3867/4175/7477 3500/4186/7477 3501/4187/7477
f 3870/4178/7478 3501/4187/7478 3441/4188/7478
f 3869/4176/7479 3870/4178/7479 3502/4189/7479
f 3868/4177/7480 3869/4176/7480 3503/4190/7480
f 3493/4192/7481 3868/4177/7481 3504/4191/7481
f 3494/4194/7482 3865/4173/7482 3868/4177/7482
f 3495/4180/7483 3862/4171/7483 3865/4173/7483
f 3871/4195/7484 3872/4198/7484 3875/4196/7484
f 3872/4198/7485 3873/4206/7485 3876/4199/7485
f 3874/4197/7486 3875/4196/7486 3878/4200/7486
f 3875/4196/7487 3876/4199/7487 3879/4202/7487
f 3438/4072/7488 3508/4204/7488 3871/4195/7488
f 3508/4204/7489 3509/4205/7489 3872/4198/7489
f 3509/4205/7490 3510/4207/7490 3873/4206/7490
f 3510/4207/7491 3442/4736/7491 3511/4208/7491
f 3873/4206/7492 3511/4208/7492 3512/4209/7492
f 3876/4199/7493 3512/4209/7493 3513/4210/7493
f 3879/4202/7494 3513/4210/7494 3441/4211/7494
f 3878/4200/7495 3879/4202/7495 3501/4212/7495
f 3877/4201/7496 3878/4200/7496 3500/4213/7496
f 3505/4215/7497 3877/4201/7497 3499/4214/7497
f 3506/4217/7498 3874/4197/7498 3877/4201/7498
f 3507/4203/7499 3871/4195/7499 3874/4197/7499
f 3880/4218/7500 3881/4221/7500 3884/4219/7500
f 3881/4221/7501 3882/4229/7501 3885/4222/7501
f 3883/4220/7502 3884/4219/7502 3887/4223/7502
f 3884/4219/7503 3885/4222/7503 3888/4225/7503
f 3439/4131/7504 3517/4227/7504 3880/4218/7504
f 3517/4227/7505 3518/4228/7505 3881/4221/7505
f 3518/4228/7506 3519/4230/7506 3882/4229/7506
f 3519/4230/7507 3443/4722/7507 3504/4231/7507
f 3882/4229/7508 3504/4231/7508 3503/4232/7508
f 3885/4222/7509 3503/4232/7509 3502/4233/7509
f 3888/4225/7510 3502/4233/7510 3441/4234/7510
f 3887/4223/7511 3888/4225/7511 3513/4235/7511
f 3886/4224/7512 3887/4223/7512 3512/4236/7512
f 3514/4238/7513 3886/4224/7513 3511/4237/7513
f 3515/4240/7514 3883/4220/7514 3886/4224/7514
f 3516/4226/7515 3880/4218/7515 3883/4220/7515
f 3889/4241/7516 3890/4244/7516 3893/4242/7516
f 3890/4244/7517 3891/4252/7517 3894/4245/7517
f 3892/4243/7518 3893/4242/7518 3896/4246/7518
f 3893/4242/7519 3894/4245/7519 3897/4248/7519
f 3444/4068/7520 3523/4250/7520 3889/4241/7520
f 3523/4250/7521 3524/4251/7521 3890/4244/7521
f 3524/4251/7522 3525/4253/7522 3891/4252/7522
f 3525/4253/7523 3447/4996/7523 3526/4254/7523
f 3891/4252/7524 3526/4254/7524 3527/4255/7524
f 3894/4245/7525 3527/4255/7525 3528/4256/7525
f 3897/4248/7526 3528/4256/7526 3448/4257/7526
f 3896/4246/7527 3897/4248/7527 3529/4258/7527
f 3895/4247/7528 3896/4246/7528 3530/4259/7528
f 3520/4261/7529 3895/4247/7529 3531/4260/7529
f 3521/4263/7530 3892/4243/7530 3895/4247/7530
f 3522/4249/7531 3889/4241/7531 3892/4243/7531
f 3898/4264/7532 3899/4267/7532 3902/4265/7532
f 3899/4267/7533 3900/4275/7533 3903/4268/7533
f 3901/4266/7534 3902/4265/7534 3905/4269/7534
f 3902/4265/7535 3903/4268/7535 3906/4271/7535
f 3445/4116/7536 3535/4273/7536 3898/4264/7536
f 3535/4273/7537 3536/4274/7537 3899/4267/7537
f 3536/4274/7538 3537/4276/7538 3900/4275/7538
f 3537/4276/7539 3449/4763/7539 3538/4277/7539
f 3900/4275/7540 3538/4277/7540 3539/4278/7540
f 3903/4268/7541 3539/4278/7541 3540/4279/7541
f 3906/4271/7542 3540/4279/7542 3448/4280/7542
f 3905/4269/7543 3906/4271/7543 3528/4281/7543
f 3904/4270/7544 3905/4269/7544 3527/4282/7544
f 3532/4284/7545 3904/4270/7545 3526/4283/7545
f 3533/4286/7546 3901/4266/7546 3904/4270/7546
f 3534/4272/7547 3898/4264/7547 3901/4266/7547
f 3907/4287/7548 3908/4290/7548 3911/4288/7548
f 3908/4290/7549 3909/4298/7549 3912/4291/7549
f 3910/4289/7550 3911/4288/7550 3914/4292/7550
f 3911/4288/7551 3912/4291/7551 3915/4294/7551
f 3446/4136/7552 3544/4296/7552 3907/4287/7552
f 3544/4296/7553 3545/4297/7553 3908/4290/7553
f 3545/4297/7554 3546/4299/7554 3909/4298/7554
f 3546/4299/7555 3450/4748/7555 3531/4300/7555
f 3909/4298/7556 3531/4300/7556 3530/4301/7556
f 3912/4291/7557 3530/4301/7557 3529/4302/7557
f 3915/4294/7558 3529/4302/7558 3448/4303/7558
f 3914/4292/7559 3915/4294/7559 3540/4304/7559
f 3913/4293/7560 3914/4292/7560 3539/4305/7560
f 3541/4307/7561 3913/4293/7561 3538/4306/7561
f 3542/4309/7562 3910/4289/7562 3913/4293/7562
f 3543/4295/7563 3907/4287/7563 3910/4289/7563
f 3916/4310/7564 3917/4313/7564 3920/4311/7564
f 3917/4313/7565 3918/4322/7565 3921/4314/7565
f 3919/4312/7566 3920/4311/7566 3923/4315/7566
f 3920/4311/7567 3921/4314/7567 3924/4317/7567
f 3451/4318/7568 3550/4320/7568 3916/4310/7568
f 3550/4320/7569 3551/4321/7569 3917/4313/7569
f 3551/4321/7570 3552/4323/7570 3918/4322/7570
f 3552/4323/7571 3454/4710/7571 3553/4324/7571
f 3918/4322/7572 3553/4324/7572 3554/4325/7572
f 3921/4314/7573 3554/4325/7573 3555/4326/7573
f 3924/4317/7574 3555/4326/7574 3455/4327/7574
f 3923/4315/7575 3924/4317/7575 3556/4328/7575
f 3922/4316/7576 3923/4315/7576 3557/4329/7576
f 3547/4331/7577 3922/4316/7577 3558/4330/7577
f 3548/4333/7578 3919/4312/7578 3922/4316/7578
f 3549/4319/7579 3916/4310/7579 3919/4312/7579
f 3925/4334/7580 3926/4337/7580 3929/4335/7580
f 3926/4337/7581 3927/4345/7581 3930/4338/7581
f 3928/4336/7582 3929/4335/7582 3932/4339/7582
f 3929/4335/7583 3930/4338/7583 3933/4341/7583
f 3452/4144/7584 3562/4343/7584 3925/4334/7584
f 3562/4343/7585 3563/4344/7585 3926/4337/7585
f 3563/4344/7586 3564/4346/7586 3927/4345/7586
f 3564/4346/7587 3456/4378/7587 3565/4347/7587
f 3927/4345/7588 3565/4347/7588 3566/4348/7588
f 3930/4338/7589 3566/4348/7589 3567/4349/7589
f 3933/4341/7590 3567/4349/7590 3455/4350/7590
f 3932/4339/7591 3933/4341/7591 3555/4351/7591
f 3931/4340/7592 3932/4339/7592 3554/4352/7592
f 3559/4354/7593 3931/4340/7593 3553/4353/7593
f 3560/4356/7594 3928/4336/7594 3931/4340/7594
f 3561/4342/7595 3925/4334/7595 3928/4336/7595
f 3934/4357/7596 3935/4360/7596 3938/4358/7596
f 3935/4360/7597 3936/4368/7597 3939/4361/7597
f 3937/4359/7598 3938/4358/7598 3941/4362/7598
f 3938/4358/7599 3939/4361/7599 3942/4364/7599
f 3453/4155/7600 3571/4366/7600 3934/4357/7600
f 3571/4366/7601 3572/4367/7601 3935/4360/7601
f 3572/4367/7602 3573/4369/7602 3936/4368/7602
f 3573/4369/7603 3457/4826/7603 3558/4370/7603
f 3936/4368/7604 3558/4370/7604 3557/4371/7604
f 3939/4361/7605 3557/4371/7605 3556/4372/7605
f 3942/4364/7606 3556/4372/7606 3455/4373/7606
f 3941/4362/7607 3942/4364/7607 3567/4374/7607
f 3940/4363/7608 3941/4362/7608 3566/4375/7608
f 3568/4377/7609 3940/4363/7609 3565/4376/7609
f 3569/4379/7610 3937/4359/7610 3940/4363/7610
f 3570/4365/7611 3934/4357/7611 3937/4359/7611
f 3943/4380/7612 3944/4383/7612 3947/4381/7612
f 3944/4383/7613 3945/4391/7613 3948/4384/7613
f 3946/4382/7614 3947/4381/7614 3950/4385/7614
f 3947/4381/7615 3948/4384/7615 3951/4387/7615
f 3458/4112/7616 3577/4389/7616 3943/4380/7616
f 3577/4389/7617 3578/4390/7617 3944/4383/7617
f 3578/4390/7618 3579/4392/7618 3945/4391/7618
f 3579/4392/7619 3461/4840/7619 3580/4393/7619
f 3945/4391/7620 3580/4393/7620 3581/4394/7620
f 3948/4384/7621 3581/4394/7621 3582/4395/7621
f 3951/4387/7622 3582/4395/7622 3462/4396/7622
f 3950/4385/7623 3951/4387/7623 3583/4397/7623
f 3949/4386/7624 3950/4385/7624 3584/4398/7624
f 3574/4400/7625 3949/4386/7625 3585/4399/7625
f 3575/4402/7626 3946/4382/7626 3949/4386/7626
f 3576/4388/7627 3943/4380/7627 3946/4382/7627
f 3952/4403/7628 3953/4406/7628 3956/4404/7628
f 3953/4406/7629 3954/4414/7629 3957/4407/7629
f 3955/4405/7630 3956/4404/7630 3959/4408/7630
f 3956/4404/7631 3957/4407/7631 3960/4410/7631
f 3459/4160/7632 3589/4412/7632 3952/4403/7632
f 3589/4412/7633 3590/4413/7633 3953/4406/7633
f 3590/4413/7634 3591/4415/7634 3954/4414/7634
f 3591/4415/7635 3463/4447/7635 3592/4416/7635
f 3954/4414/7636 3592/4416/7636 3593/4417/7636
f 3957/4407/7637 3593/4417/7637 3594/4418/7637
f 3960/4410/7638 3594/4418/7638 3462/4419/7638
f 3959/4408/7639 3960/4410/7639 3582/4420/7639
f 3958/4409/7640 3959/4408/7640 3581/4421/7640
f 3586/4423/7641 3958/4409/7641 3580/4422/7641
f 3587/4425/7642 3955/4405/7642 3958/4409/7642
f 3588/4411/7643 3952/4403/7643 3955/4405/7643
f 3961/4426/7644 3962/4429/7644 3965/4427/7644
f 3962/4429/7645 3963/4437/7645 3966/4430/7645
f 3964/4428/7646 3965/4427/7646 3968/4431/7646
f 3965/4427/7647 3966/4430/7647 3969/4433/7647
f 3460/4140/7648 3598/4435/7648 3961/4426/7648
f 3598/4435/7649 3599/4436/7649 3962/4429/7649
f 3599/4436/7650 3600/4438/7650 3963/4437/7650
f 3600/4438/7651 3464/4775/7651 3585/4439/7651
f 3963/4437/7652 3585/4439/7652 3584/4440/7652
f 3966/4430/7653 3584/4440/7653 3583/4441/7653
f 3969/4433/7654 3583/4441/7654 3462/4442/7654
f 3968/4431/7655 3969/4433/7655 3594/4443/7655
f 3967/4432/7656 3968/4431/7656 3593/4444/7656
f 3595/4446/7657 3967/4432/7657 3592/4445/7657
f 3596/4448/7658 3964/4428/7658 3967/4432/7658
f 3597/4434/7659 3961/4426/7659 3964/4428/7659
f 3970/4449/7660 3971/4452/7660 3974/4450/7660
f 3971/4452/7661 3972/4461/7661 3975/4453/7661
f 3973/4451/7662 3974/4450/7662 3977/4454/7662
f 3974/4450/7663 3975/4453/7663 3978/4456/7663
f 3465/4457/7664 3604/4459/7664 3970/4449/7664
f 3604/4459/7665 3605/4460/7665 3971/4452/7665
f 3605/4460/7666 3606/4462/7666 3972/4461/7666
f 3606/4462/7667 3468/4490/7667 3607/4463/7667
f 3972/4461/7668 3607/4463/7668 3608/4464/7668
f 3975/4453/7669 3608/4464/7669 3609/4465/7669
f 3978/4456/7670 3609/4465/7670 3469/4466/7670
f 3977/4454/7671 3978/4456/7671 3610/4467/7671
f 3976/4455/7672 3977/4454/7672 3611/4468/7672
f 3601/4470/7673 3976/4455/7673 3612/4469/7673
f 3602/4472/7674 3973/4451/7674 3976/4455/7674
f 3603/4458/7675 3970/4449/7675 3973/4451/7675
f 3979/4473/7676 3980/4476/7676 3983/4474/7676
f 3980/4476/7677 3981/4484/7677 3984/4477/7677
f 3982/4475/7678 3983/4474/7678 3986/4478/7678
f 3983/4474/7679 3984/4477/7679 3987/4480/7679
f 3466/4096/7680 3616/4482/7680 3979/4473/7680
f 3616/4482/7681 3617/4483/7681 3980/4476/7681
f 3617/4483/7682 3618/4485/7682 3981/4484/7682
f 3618/4485/7683 3470/4509/7683 3619/4486/7683
f 3981/4484/7684 3619/4486/7684 3620/4487/7684
f 3984/4477/7685 3620/4487/7685 3621/4488/7685
f 3987/4480/7686 3621/4488/7686 3469/4466/7686
f 3986/4478/7687 3987/4480/7687 3609/4465/7687
f 3985/4479/7688 3986/4478/7688 3608/4464/7688
f 3613/4489/7689 3985/4479/7689 3607/4463/7689
f 3614/4491/7690 3982/4475/7690 3985/4479/7690
f 3615/4481/7691 3979/4473/7691 3982/4475/7691
f 3988/4492/7692 3989/4495/7692 3992/4493/7692
f 3989/4495/7693 3990/4503/7693 3993/4496/7693
f 3991/4494/7694 3992/4493/7694 3995/4497/7694
f 3992/4493/7695 3993/4496/7695 3996/4499/7695
f 3467/4059/7696 3625/4501/7696 3988/4492/7696
f 3625/4501/7697 3626/4502/7697 3989/4495/7697
f 3626/4502/7698 3627/4504/7698 3990/4503/7698
f 3627/4504/7699 3471/4970/7699 3612/4505/7699
f 3990/4503/7700 3612/4505/7700 3611/4506/7700
f 3993/4496/7701 3611/4506/7701 3610/4507/7701
f 3996/4499/7702 3610/4507/7702 3469/4466/7702
f 3995/4497/7703 3996/4499/7703 3621/4488/7703
f 3994/4498/7704 3995/4497/7704 3620/4487/7704
f 3622/4508/7705 3994/4498/7705 3619/4486/7705
f 3623/4510/7706 3991/4494/7706 3994/4498/7706
f 3624/4500/7707 3988/4492/7707 3991/4494/7707
f 3997/4511/7708 3998/4514/7708 4001/4512/7708
f 3998/4514/7709 3999/4522/7709 4002/4515/7709
f 4000/4513/7710 4001/4512/7710 4004/4516/7710
f 4001/4512/7711 4002/4515/7711 4005/4518/7711
f 3472/4120/7712 3631/4520/7712 3997/4511/7712
f 3631/4520/7713 3632/4521/7713 3998/4514/7713
f 3632/4521/7714 3633/4523/7714 3999/4522/7714
f 3633/4523/7715 3475/4984/7715 3634/4524/7715
f 3999/4522/7716 3634/4524/7716 3635/4525/7716
f 4002/4515/7717 3635/4525/7717 3636/4526/7717
f 4005/4518/7718 3636/4526/7718 3476/4527/7718
f 4004/4516/7719 4005/4518/7719 3637/4528/7719
f 4003/4517/7720 4004/4516/7720 3638/4529/7720
f 3628/4531/7721 4003/4517/7721 3639/4530/7721
f 3629/4533/7722 4000/4513/7722 4003/4517/7722
f 3630/4519/7723 3997/4511/7723 4000/4513/7723
f 4006/4534/7724 4007/4537/7724 4010/4535/7724
f 4007/4537/7725 4008/4545/7725 4011/4538/7725
f 4009/4536/7726 4010/4535/7726 4013/4539/7726
f 4010/4535/7727 4011/4538/7727 4014/4541/7727
f 3473/4064/7728 3643/4543/7728 4006/4534/7728
f 3643/4543/7729 3644/4544/7729 4007/4537/7729
f 3644/4544/7730 3645/4546/7730 4008/4545/7730
f 3645/4546/7731 3477/4570/7731 3646/4547/7731
f 4008/4545/7732 3646/4547/7732 3647/4548/7732
f 4011/4538/7733 3647/4548/7733 3648/4549/7733
f 4014/4541/7734 3648/4549/7734 3476/4527/7734
f 4013/4539/7735 4014/4541/7735 3636/4550/7735
f 4012/4540/7736 4013/4539/7736 3635/4551/7736
f 3640/4553/7737 4012/4540/7737 3634/4552/7737
f 3641/4555/7738 4009/4536/7738 4012/4540/7738
f 3642/4542/7739 4006/4534/7739 4009/4536/7739
f 4015/4556/7740 4016/4559/7740 4019/4557/7740
f 4016/4559/7741 4017/4567/7741 4020/4560/7741
f 4018/4558/7742 4019/4557/7742 4022/4561/7742
f 4019/4557/7743 4020/4560/7743 4023/4563/7743
f 3474/4092/7744 3652/4565/7744 4015/4556/7744
f 3652/4565/7745 3653/4566/7745 4016/4559/7745
f 3653/4566/7746 3654/4568/7746 4017/4567/7746
f 3654/4568/7747 3478/4532/7747 3639/4530/7747
f 4017/4567/7748 3639/4530/7748 3638/4529/7748
f 4020/4560/7749 3638/4529/7749 3637/4528/7749
f 4023/4563/7750 3637/4528/7750 3476/4527/7750
f 4022/4561/7751 4023/4563/7751 3648/4549/7751
f 4021/4562/7752 4022/4561/7752 3647/4548/7752
f 3649/4569/7753 4021/4562/7753 3646/4547/7753
f 3650/4571/7754 4018/4558/7754 4021/4562/7754
f 3651/4564/7755 4015/4556/7755 4018/4558/7755
f 4024/4572/7756 4025/4575/7756 4028/4573/7756
f 4025/4575/7757 4026/4584/7757 4029/4576/7757
f 4027/4574/7758 4028/4573/7758 4031/4577/7758
f 4028/4573/7759 4029/4576/7759 4032/4579/7759
f 3479/4580/7760 3658/4582/7760 4024/4572/7760
f 3658/4582/7761 3659/4583/7761 4025/4575/7761
f 3659/4583/7762 3660/4585/7762 4026/4584/7762
f 3660/4585/7763 3482/4814/7763 3661/4586/7763
f 4026/4584/7764 3661/4586/7764 3662/4587/7764
f 4029/4576/7765 3662/4587/7765 3663/4588/7765
f 4032/4579/7766 3663/4588/7766 3483/4589/7766
f 4031/4577/7767 4032/4579/7767 3664/4590/7767
f 4030/4578/7768 4031/4577/7768 3665/4591/7768
f 3655/4593/7769 4030/4578/7769 3666/4592/7769
f 3656/4595/7770 4027/4574/7770 4030/4578/7770
f 3657/4581/7771 4024/4572/7771 4027/4574/7771
f 4033/4596/7772 4034/4599/7772 4037/4597/7772
f 4034/4599/7773 4035/4607/7773 4038/4600/7773
f 4036/4598/7774 4037/4597/7774 4040/4601/7774
f 4037/4597/7775 4038/4600/7775 4041/4603/7775
f 3480/4168/7776 3670/4605/7776 4033/4596/7776
f 3670/4605/7777 3671/4606/7777 4034/4599/7777
f 3671/4606/7778 3672/4608/7778 4035/4607/7778
f 3672/4608/7779 3484/4632/7779 3673/4609/7779
f 4035/4607/7780 3673/4609/7780 3674/4610/7780
f 4038/4600/7781 3674/4610/7781 3675/4611/7781
f 4041/4603/7782 3675/4611/7782 3483/4589/7782
f 4040/4601/7783 4041/4603/7783 3663/4612/7783
f 4039/4602/7784 4040/4601/7784 3662/4613/7784
f 3667/4615/7785 4039/4602/7785 3661/4614/7785
f 3668/4617/7786 4036/4598/7786 4039/4602/7786
f 3669/4604/7787 4033/4596/7787 4036/4598/7787
f 4042/4618/7788 4043/4621/7788 4046/4619/7788
f 4043/4621/7789 4044/4629/7789 4047/4622/7789
f 4045/4620/7790 4046/4619/7790 4049/4623/7790
f 4046/4619/7791 4047/4622/7791 4050/4625/7791
f 3481/4083/7792 3679/4627/7792 4042/4618/7792
f 3679/4627/7793 3680/4628/7793 4043/4621/7793
f 3680/4628/7794 3681/4630/7794 4044/4629/7794
f 3681/4630/7795 3485/4594/7795 3666/4592/7795
f 4044/4629/7796 3666/4592/7796 3665/4591/7796
f 4047/4622/7797 3665/4591/7797 3664/4590/7797
f 4050/4625/7798 3664/4590/7798 3483/4589/7798
f 4049/4623/7799 4050/4625/7799 3675/4611/7799
f 4048/4624/7800 4049/4623/7800 3674/4610/7800
f 3676/4631/7801 4048/4624/7801 3673/4609/7801
f 3677/4633/7802 4045/4620/7802 4048/4624/7802
f 3678/4626/7803 4042/4618/7803 4045/4620/7803
f 4051/4634/7804 4052/4637/7804 4055/4635/7804
f 4052/4637/7805 4053/4645/7805 4056/4638/7805
f 4054/4636/7806 4055/4635/7806 4058/4639/7806
f 4055/4635/7807 4056/4638/7807 4059/4641/7807
f 3486/4107/7808 3685/4643/7808 4051/4634/7808
f 3685/4643/7809 3686/4644/7809 4052/4637/7809
f 3686/4644/7810 3687/4646/7810 4053/4645/7810
f 3687/4646/7811 3489/4674/7811 3688/4647/7811
f 4053/4645/7812 3688/4647/7812 3689/4648/7812
f 4056/4638/7813 3689/4648/7813 3690/4649/7813
f 4059/4641/7814 3690/4649/7814 3490/4650/7814
f 4058/4639/7815 4059/4641/7815 3691/4651/7815
f 4057/4640/7816 4058/4639/7816 3692/4652/7816
f 3682/4654/7817 4057/4640/7817 3693/4653/7817
f 3683/4656/7818 4054/4636/7818 4057/4640/7818
f 3684/4642/7819 4051/4634/7819 4054/4636/7819
f 4060/4657/7820 4061/4660/7820 4064/4658/7820
f 4061/4660/7821 4062/4668/7821 4065/4661/7821
f 4063/4659/7822 4064/4658/7822 4067/4662/7822
f 4064/4658/7823 4065/4661/7823 4068/4664/7823
f 3487/4088/7824 3697/4666/7824 4060/4657/7824
f 3697/4666/7825 3698/4667/7825 4061/4660/7825
f 3698/4667/7826 3699/4669/7826 4062/4668/7826
f 3699/4669/7827 3491/4693/7827 3700/4670/7827
f 4062/4668/7828 3700/4670/7828 3701/4671/7828
f 4065/4661/7829 3701/4671/7829 3702/4672/7829
f 4068/4664/7830 3702/4672/7830 3490/4650/7830
f 4067/4662/7831 4068/4664/7831 3690/4649/7831
f 4066/4663/7832 4067/4662/7832 3689/4648/7832
f 3694/4673/7833 4066/4663/7833 3688/4647/7833
f 3695/4675/7834 4063/4659/7834 4066/4663/7834
f 3696/4665/7835 4060/4657/7835 4063/4659/7835
f 4069/4676/7836 4070/4679/7836 4073/4677/7836
f 4070/4679/7837 4071/4687/7837 4074/4680/7837
f 4072/4678/7838 4073/4677/7838 4076/4681/7838
f 4073/4677/7839 4074/4680/7839 4077/4683/7839
f 3488/4164/7840 3706/4685/7840 4069/4676/7840
f 3706/4685/7841 3707/4686/7841 4070/4679/7841
f 3707/4686/7842 3708/4688/7842 4071/4687/7842
f 3708/4688/7843 3492/4852/7843 3693/4689/7843
f 4071/4687/7844 3693/4689/7844 3692/4690/7844
f 4074/4680/7845 3692/4690/7845 3691/4691/7845
f 4077/4683/7846 3691/4691/7846 3490/4650/7846
f 4076/4681/7847 4077/4683/7847 3702/4672/7847
f 4075/4682/7848 4076/4681/7848 3701/4671/7848
f 3703/4692/7849 4075/4682/7849 3700/4670/7849
f 3704/4694/7850 4072/4678/7850 4075/4682/7850
f 3705/4684/7851 4069/4676/7851 4072/4678/7851
f 4079/4695/7852 4082/4699/7852 4081/4696/7852
f 4079/4695/7853 4080/4705/7853 4083/4698/7853
f 4082/4699/7854 4085/4702/7854 4084/4700/7854
f 4082/4699/7855 4083/4698/7855 4086/4701/7855
f 3709/4703/7856 4078/4697/7856 3550/4320/7856
f 3710/4704/7857 4079/4695/7857 4078/4697/7857
f 3710/4704/7858 3711/4706/7858 4080/4705/7858
f 3711/4706/7859 3437/4179/7859 3495/4180/7859
f 4080/4705/7860 3495/4180/7860 3494/4194/7860
f 4083/4698/7861 3494/4194/7861 3493/4192/7861
f 4086/4701/7862 3493/4192/7862 3443/4193/7862
f 4085/4702/7863 4086/4701/7863 3712/4707/7863
f 4085/4702/7864 3713/4708/7864 3714/4709/7864
f 4084/4700/7865 3714/4709/7865 3454/4710/7865
f 4081/4696/7866 4084/4700/7866 3552/4323/7866
f 4078/4697/7867 4081/4696/7867 3551/4321/7867
f 4087/4711/7868 4088/4715/7868 4091/4712/7868
f 4089/4714/7869 4092/4718/7869 4091/4712/7869
f 4090/4713/7870 4091/4712/7870 4094/4716/7870
f 4092/4718/7871 4095/4723/7871 4094/4716/7871
f 3454/4355/7872 3714/4719/7872 4087/4711/7872
f 3714/4719/7873 3713/4721/7873 4088/4715/7873
f 3712/4720/7874 4089/4714/7874 4088/4715/7874
f 3443/4722/7875 3519/4230/7875 4089/4714/7875
f 3519/4230/7876 3518/4228/7876 4092/4718/7876
f 3518/4228/7877 3517/4227/7877 4095/4723/7877
f 3517/4227/7878 3439/4131/7878 3715/4132/7878
f 4095/4723/7879 3715/4132/7879 3716/4146/7879
f 4093/4717/7880 4094/4716/7880 3716/4146/7880
f 3561/4342/7881 4093/4717/7881 3717/4145/7881
f 3560/4356/7882 4090/4713/7882 4093/4717/7882
f 3559/4354/7883 4087/4711/7883 4090/4713/7883
f 4097/4724/7884 4100/4728/7884 4099/4725/7884
f 4097/4724/7885 4098/4732/7885 4101/4727/7885
f 4100/4728/7886 4103/4731/7886 4102/4729/7886
f 4100/4728/7887 4101/4727/7887 4104/4730/7887
f 3718/4071/7888 4096/4726/7888 3508/4204/7888
f 3719/4070/7889 4097/4724/7889 4096/4726/7889
f 3719/4070/7890 3720/4069/7890 4098/4732/7890
f 3720/4069/7891 3444/4068/7891 3522/4249/7891
f 4098/4732/7892 3522/4249/7892 3521/4263/7892
f 4101/4727/7893 3521/4263/7893 3520/4261/7893
f 4104/4730/7894 3520/4261/7894 3450/4262/7894
f 4103/4731/7895 4104/4730/7895 3721/4733/7895
f 4103/4731/7896 3722/4734/7896 3723/4735/7896
f 4102/4729/7897 3723/4735/7897 3442/4736/7897
f 4099/4725/7898 4102/4729/7898 3510/4207/7898
f 4096/4726/7899 4099/4725/7899 3509/4205/7899
f 4105/4737/7900 4106/4741/7900 4109/4738/7900
f 4107/4740/7901 4110/4744/7901 4109/4738/7901
f 4108/4739/7902 4109/4738/7902 4112/4742/7902
f 4110/4744/7903 4113/4749/7903 4112/4742/7903
f 3442/4239/7904 3723/4745/7904 4105/4737/7904
f 3723/4745/7905 3722/4747/7905 4106/4741/7905
f 3721/4746/7906 4107/4740/7906 4106/4741/7906
f 3450/4748/7907 3546/4299/7907 4107/4740/7907
f 3546/4299/7908 3545/4297/7908 4110/4744/7908
f 3545/4297/7909 3544/4296/7909 4113/4749/7909
f 3544/4296/7910 3446/4136/7910 3724/4134/7910
f 4113/4749/7911 3724/4134/7911 3725/4135/7911
f 4111/4743/7912 4112/4742/7912 3725/4135/7912
f 3516/4226/7913 4111/4743/7913 3726/4133/7913
f 3515/4240/7914 4108/4739/7914 4111/4743/7914
f 3514/4238/7915 4105/4737/7915 4108/4739/7915
f 4115/4750/7916 4118/4754/7916 4117/4751/7916
f 4115/4750/7917 4116/4759/7917 4119/4753/7917
f 4118/4754/7918 4121/4757/7918 4120/4755/7918
f 4118/4754/7919 4119/4753/7919 4122/4756/7919
f 3727/4115/7920 4114/4752/7920 3535/4273/7920
f 3728/4758/7921 4115/4750/7921 4114/4752/7921
f 3728/4758/7922 3729/4113/7922 4116/4759/7922
f 3729/4113/7923 3458/4112/7923 3576/4388/7923
f 4116/4759/7924 3576/4388/7924 3575/4402/7924
f 4119/4753/7925 3575/4402/7925 3574/4400/7925
f 4122/4756/7926 3574/4400/7926 3464/4401/7926
f 4121/4757/7927 4122/4756/7927 3730/4760/7927
f 4121/4757/7928 3731/4761/7928 3732/4762/7928
f 4120/4755/7929 3732/4762/7929 3449/4763/7929
f 4117/4751/7930 4120/4755/7930 3537/4276/7930
f 4114/4752/7931 4117/4751/7931 3536/4274/7931
f 4123/4764/7932 4124/4768/7932 4127/4765/7932
f 4125/4767/7933 4128/4771/7933 4127/4765/7933
f 4126/4766/7934 4127/4765/7934 4130/4769/7934
f 4128/4771/7935 4131/4776/7935 4130/4769/7935
f 3449/4308/7936 3732/4772/7936 4123/4764/7936
f 3732/4772/7937 3731/4774/7937 4124/4768/7937
f 3730/4773/7938 4125/4767/7938 4124/4768/7938
f 3464/4775/7939 3600/4438/7939 4125/4767/7939
f 3600/4438/7940 3599/4436/7940 4128/4771/7940
f 3599/4436/7941 3598/4435/7941 4131/4776/7941
f 3598/4435/7942 3460/4140/7942 3733/4139/7942
f 4131/4776/7943 3733/4139/7943 3734/4777/7943
f 4129/4770/7944 4130/4769/7944 3734/4777/7944
f 3543/4295/7945 4129/4770/7945 3735/4137/7945
f 3542/4309/7946 4126/4766/7946 4129/4770/7946
f 3541/4307/7947 4123/4764/7947 4126/4766/7947
f 4133/4778/7948 4136/4782/7948 4135/4779/7948
f 4133/4778/7949 4134/4786/7949 4137/4781/7949
f 4136/4782/7950 4139/4785/7950 4138/4783/7950
f 4136/4782/7951 4137/4781/7951 4140/4784/7951
f 3736/4158/7952 4132/4780/7952 3589/4412/7952
f 3737/4159/7953 4133/4778/7953 4132/4780/7953
f 3737/4159/7954 3738/4157/7954 4134/4786/7954
f 3738/4157/7955 3453/4155/7955 3570/4365/7955
f 4134/4786/7956 3570/4365/7956 3569/4379/7956
f 4137/4781/7957 3569/4379/7957 3568/4377/7957
f 4140/4784/7958 3568/4377/7958 3456/4378/7958
f 4139/4785/7959 4140/4784/7959 3739/4787/7959
f 4139/4785/7960 3740/4788/7960 3741/4789/7960
f 4138/4783/7961 3741/4789/7961 3463/4447/7961
f 4135/4779/7962 4138/4783/7962 3591/4415/7962
f 4132/4780/7963 4135/4779/7963 3590/4413/7963
f 4141/4790/7964 4142/4794/7964 4145/4791/7964
f 4143/4793/7965 4146/4797/7965 4145/4791/7965
f 4144/4792/7966 4145/4791/7966 4148/4795/7966
f 4146/4797/7967 4149/4798/7967 4148/4795/7967
f 3463/4447/7968 3741/4789/7968 4141/4790/7968
f 3741/4789/7969 3740/4788/7969 4142/4794/7969
f 3739/4787/7970 4143/4793/7970 4142/4794/7970
f 3456/4378/7971 3564/4346/7971 4143/4793/7971
f 3564/4346/7972 3563/4344/7972 4146/4797/7972
f 3563/4344/7973 3562/4343/7973 4149/4798/7973
f 3562/4343/7974 3452/4144/7974 3742/4143/7974
f 4149/4798/7975 3742/4143/7975 3743/4142/7975
f 4147/4796/7976 4148/4795/7976 3743/4142/7976
f 3597/4434/7977 4147/4796/7977 3744/4141/7977
f 3596/4448/7978 4144/4792/7978 4147/4796/7978
f 3595/4446/7979 4141/4790/7979 4144/4792/7979
f 4151/4799/7980 4154/4803/7980 4153/4800/7980
f 4151/4799/7981 4152/4809/7981 4155/4802/7981
f 4154/4803/7982 4157/4806/7982 4156/4804/7982
f 4154/4803/7983 4155/4802/7983 4158/4805/7983
f 3745/4807/7984 4150/4801/7984 3658/4582/7984
f 3746/4808/7985 4151/4799/7985 4150/4801/7985
f 3746/4808/7986 3747/4810/7986 4152/4809/7986
f 3747/4810/7987 3451/4318/7987 3549/4319/7987
f 4152/4809/7988 3549/4319/7988 3548/4333/7988
f 4155/4802/7989 3548/4333/7989 3547/4331/7989
f 4158/4805/7990 3547/4331/7990 3457/4332/7990
f 4157/4806/7991 4158/4805/7991 3748/4811/7991
f 4157/4806/7992 3749/4812/7992 3750/4813/7992
f 4156/4804/7993 3750/4813/7993 3482/4814/7993
f 4153/4800/7994 4156/4804/7994 3660/4585/7994
f 4150/4801/7995 4153/4800/7995 3659/4583/7995
f 4159/4815/7996 4160/4819/7996 4163/4816/7996
f 4161/4818/7997 4164/4822/7997 4163/4816/7997
f 4162/4817/7998 4163/4816/7998 4166/4820/7998
f 4164/4822/7999 4167/4827/7999 4166/4820/7999
f 3482/4616/8000 3750/4823/8000 4159/4815/8000
f 3750/4823/8001 3749/4825/8001 4160/4819/8001
f 3748/4824/8002 4161/4818/8002 4160/4819/8002
f 3457/4826/8003 3573/4369/8003 4161/4818/8003
f 3573/4369/8004 3572/4367/8004 4164/4822/8004
f 3572/4367/8005 3571/4366/8005 4167/4827/8005
f 3571/4366/8006 3453/4155/8006 3751/4156/8006
f 4167/4827/8007 3751/4156/8007 3752/4170/8007
f 4165/4821/8008 4166/4820/8008 3752/4170/8008
f 3669/4604/8009 4165/4821/8009 3753/4169/8009
f 3668/4617/8010 4162/4817/8010 4165/4821/8010
f 3667/4615/8011 4159/4815/8011 4162/4817/8011
f 4169/4828/8012 4172/4832/8012 4171/4829/8012
f 4169/4828/8013 4170/4836/8013 4173/4831/8013
f 4172/4832/8014 4175/4835/8014 4174/4833/8014
f 4172/4832/8015 4173/4831/8015 4176/4834/8015
f 3754/4110/8016 4168/4830/8016 3577/4389/8016
f 3755/4111/8017 4169/4828/8017 4168/4830/8017
f 3755/4111/8018 3756/4109/8018 4170/4836/8018
f 3756/4109/8019 3486/4107/8019 3684/4642/8019
f 4170/4836/8020 3684/4642/8020 3683/4656/8020
f 4173/4831/8021 3683/4656/8021 3682/4654/8021
f 4176/4834/8022 3682/4654/8022 3492/4655/8022
f 4175/4835/8023 4176/4834/8023 3757/4837/8023
f 4175/4835/8024 3758/4838/8024 3759/4839/8024
f 4174/4833/8025 3759/4839/8025 3461/4840/8025
f 4171/4829/8026 4174/4833/8026 3579/4392/8026
f 4168/4830/8027 4171/4829/8027 3578/4390/8027
f 4177/4841/8028 4178/4845/8028 4181/4842/8028
f 4179/4844/8029 4182/4848/8029 4181/4842/8029
f 4180/4843/8030 4181/4842/8030 4184/4846/8030
f 4182/4848/8031 4185/4853/8031 4184/4846/8031
f 3461/4424/8032 3759/4849/8032 4177/4841/8032
f 3759/4849/8033 3758/4851/8033 4178/4845/8033
f 3757/4850/8034 4179/4844/8034 4178/4845/8034
f 3492/4852/8035 3708/4688/8035 4179/4844/8035
f 3708/4688/8036 3707/4686/8036 4182/4848/8036
f 3707/4686/8037 3706/4685/8037 4185/4853/8037
f 3706/4685/8038 3488/4164/8038 3760/4163/8038
f 4185/4853/8039 3760/4163/8039 3761/4854/8039
f 4183/4847/8040 4184/4846/8040 3761/4854/8040
f 3588/4411/8041 4183/4847/8041 3762/4161/8041
f 3587/4425/8042 4180/4843/8042 4183/4847/8042
f 3586/4423/8043 4177/4841/8043 4180/4843/8043
f 4187/4855/8044 4190/4859/8044 4189/4856/8044
f 4187/4855/8045 4188/4863/8045 4191/4858/8045
f 4190/4859/8046 4193/4862/8046 4192/4860/8046
f 4190/4859/8047 4191/4858/8047 4194/4861/8047
f 3763/4086/8048 4186/4857/8048 3697/4666/8048
f 3764/4087/8049 4187/4855/8049 4186/4857/8049
f 3764/4087/8050 3765/4085/8050 4188/4863/8050
f 3765/4085/8051 3481/4083/8051 3678/4626/8051
f 4188/4863/8052 3678/4626/8052 3677/4633/8052
f 4191/4858/8053 3677/4633/8053 3676/4631/8053
f 4194/4861/8054 3676/4631/8054 3484/4632/8054
f 4193/4862/8055 4194/4861/8055 3766/4864/8055
f 4193/4862/8056 3767/4865/8056 3768/4866/8056
f 4192/4860/8057 3768/4866/8057 3491/4693/8057
f 4189/4856/8058 4192/4860/8058 3699/4669/8058
f 4186/4857/8059 4189/4856/8059 3698/4667/8059
f 4195/4867/8060 4196/4871/8060 4199/4868/8060
f 4197/4870/8061 4200/4874/8061 4199/4868/8061
f 4198/4869/8062 4199/4868/8062 4202/4872/8062
f 4200/4874/8063 4203/4875/8063 4202/4872/8063
f 3491/4693/8064 3768/4866/8064 4195/4867/8064
f 3768/4866/8065 3767/4865/8065 4196/4871/8065
f 3766/4864/8066 4197/4870/8066 4196/4871/8066
f 3484/4632/8067 3672/4608/8067 4197/4870/8067
f 3672/4608/8068 3671/4606/8068 4200/4874/8068
f 3671/4606/8069 3670/4605/8069 4203/4875/8069
f 3670/4605/8070 3480/4168/8070 3769/4167/8070
f 4203/4875/8071 3769/4167/8071 3770/4166/8071
f 4201/4873/8072 4202/4872/8072 3770/4166/8072
f 3705/4684/8073 4201/4873/8073 3771/4165/8073
f 3704/4694/8074 4198/4869/8074 4201/4873/8074
f 3703/4692/8075 4195/4867/8075 4198/4869/8075
f 4205/4876/8076 4208/4880/8076 4207/4877/8076
f 4205/4876/8077 4206/4886/8077 4209/4879/8077
f 4208/4880/8078 4211/4883/8078 4210/4881/8078
f 4208/4880/8079 4209/4879/8079 4212/4882/8079
f 3772/4884/8080 4204/4878/8080 3604/4459/8080
f 3773/4885/8081 4205/4876/8081 4204/4878/8081
f 3773/4885/8082 3774/4887/8082 4206/4886/8082
f 3774/4887/8083 3479/4580/8083 3657/4581/8083
f 4206/4886/8084 3657/4581/8084 3656/4595/8084
f 4209/4879/8085 3656/4595/8085 3655/4593/8085
f 4212/4882/8086 3655/4593/8086 3485/4594/8086
f 4211/4883/8087 4212/4882/8087 3775/4888/8087
f 4211/4883/8088 3776/4889/8088 3777/4890/8088
f 4210/4881/8089 3777/4890/8089 3468/4490/8089
f 4207/4877/8090 4210/4881/8090 3606/4462/8090
f 4204/4878/8091 4207/4877/8091 3605/4460/8091
f 4213/4891/8092 4214/4895/8092 4217/4892/8092
f 4215/4894/8093 4218/4898/8093 4217/4892/8093
f 4216/4893/8094 4217/4892/8094 4220/4896/8094
f 4218/4898/8095 4221/4899/8095 4220/4896/8095
f 3468/4490/8096 3777/4890/8096 4213/4891/8096
f 3777/4890/8097 3776/4889/8097 4214/4895/8097
f 3775/4888/8098 4215/4894/8098 4214/4895/8098
f 3485/4594/8099 3681/4630/8099 4215/4894/8099
f 3681/4630/8100 3680/4628/8100 4218/4898/8100
f 3680/4628/8101 3679/4627/8101 4221/4899/8101
f 3679/4627/8102 3481/4083/8102 3778/4084/8102
f 4221/4899/8103 3778/4084/8103 3779/4098/8103
f 4219/4897/8104 4220/4896/8104 3779/4098/8104
f 3615/4481/8105 4219/4897/8105 3780/4097/8105
f 3614/4491/8106 4216/4893/8106 4219/4897/8106
f 3613/4489/8107 4213/4891/8107 4216/4893/8107
f 4223/4900/8108 4226/4904/8108 4225/4901/8108
f 4223/4900/8109 4224/4908/8109 4227/4903/8109
f 4226/4904/8110 4229/4907/8110 4228/4905/8110
f 4226/4904/8111 4227/4903/8111 4230/4906/8111
f 3781/4108/8112 4222/4902/8112 3685/4643/8112
f 3782/4122/8113 4223/4900/8113 4222/4902/8113
f 3782/4122/8114 3783/4121/8114 4224/4908/8114
f 3783/4121/8115 3472/4120/8115 3630/4519/8115
f 4224/4908/8116 3630/4519/8116 3629/4533/8116
f 4227/4903/8117 3629/4533/8117 3628/4531/8117
f 4230/4906/8118 3628/4531/8118 3478/4532/8118
f 4229/4907/8119 4230/4906/8119 3784/4909/8119
f 4229/4907/8120 3785/4910/8120 3786/4911/8120
f 4228/4905/8121 3786/4911/8121 3489/4674/8121
f 4225/4901/8122 4228/4905/8122 3687/4646/8122
f 4222/4902/8123 4225/4901/8123 3686/4644/8123
f 4231/4912/8124 4232/4916/8124 4235/4913/8124
f 4233/4915/8125 4236/4919/8125 4235/4913/8125
f 4234/4914/8126 4235/4913/8126 4238/4917/8126
f 4236/4919/8127 4239/4920/8127 4238/4917/8127
f 3489/4674/8128 3786/4911/8128 4231/4912/8128
f 3786/4911/8129 3785/4910/8129 4232/4916/8129
f 3784/4909/8130 4233/4915/8130 4232/4916/8130
f 3478/4532/8131 3654/4568/8131 4233/4915/8131
f 3654/4568/8132 3653/4566/8132 4236/4919/8132
f 3653/4566/8133 3652/4565/8133 4239/4920/8133
f 3652/4565/8134 3474/4092/8134 3787/4091/8134
f 4239/4920/8135 3787/4091/8135 3788/4921/8135
f 4237/4918/8136 4238/4917/8136 3788/4921/8136
f 3696/4665/8137 4237/4918/8137 3789/4089/8137
f 3695/4675/8138 4234/4914/8138 4237/4918/8138
f 3694/4673/8139 4231/4912/8139 4234/4914/8139
f 4241/4922/8140 4244/4926/8140 4243/4923/8140
f 4241/4922/8141 4242/4930/8141 4245/4925/8141
f 4244/4926/8142 4247/4929/8142 4246/4927/8142
f 4244/4926/8143 4245/4925/8143 4248/4928/8143
f 3790/4062/8144 4240/4924/8144 3643/4543/8144
f 3791/4063/8145 4241/4922/8145 4240/4924/8145
f 3791/4063/8146 3792/4061/8146 4242/4930/8146
f 3792/4061/8147 3467/4059/8147 3624/4500/8147
f 4242/4930/8148 3624/4500/8148 3623/4510/8148
f 4245/4925/8149 3623/4510/8149 3622/4508/8149
f 4248/4928/8150 3622/4508/8150 3470/4509/8150
f 4247/4929/8151 4248/4928/8151 3793/4931/8151
f 4247/4929/8152 3794/4932/8152 3795/4933/8152
f 4246/4927/8153 3795/4933/8153 3477/4570/8153
f 4243/4923/8154 4246/4927/8154 3645/4546/8154
f 4240/4924/8155 4243/4923/8155 3644/4544/8155
f 4249/4934/8156 4250/4938/8156 4253/4935/8156
f 4251/4937/8157 4254/4941/8157 4253/4935/8157
f 4252/4936/8158 4253/4935/8158 4256/4939/8158
f 4254/4941/8159 4257/4942/8159 4256/4939/8159
f 3477/4570/8160 3795/4933/8160 4249/4934/8160
f 3795/4933/8161 3794/4932/8161 4250/4938/8161
f 3793/4931/8162 4251/4937/8162 4250/4938/8162
f 3470/4509/8163 3618/4485/8163 4251/4937/8163
f 3618/4485/8164 3617/4483/8164 4254/4941/8164
f 3617/4483/8165 3616/4482/8165 4257/4942/8165
f 3616/4482/8166 3466/4096/8166 3796/4095/8166
f 4257/4942/8167 3796/4095/8167 3797/4094/8167
f 4255/4940/8168 4256/4939/8168 3797/4094/8168
f 3651/4564/8169 4255/4940/8169 3798/4093/8169
f 3650/4571/8170 4252/4936/8170 4255/4940/8170
f 3649/4569/8171 4249/4934/8171 4252/4936/8171
f 4259/4943/8172 4262/4947/8172 4261/4944/8172
f 4259/4943/8173 4260/4953/8173 4263/4946/8173
f 4262/4947/8174 4265/4950/8174 4264/4948/8174
f 4262/4947/8175 4263/4946/8175 4266/4949/8175
f 3799/4951/8176 4258/4945/8176 3496/4181/8176
f 3800/4952/8177 4259/4943/8177 4258/4945/8177
f 3800/4952/8178 3801/4954/8178 4260/4953/8178
f 3801/4954/8179 3465/4457/8179 3603/4458/8179
f 4260/4953/8180 3603/4458/8180 3602/4472/8180
f 4263/4946/8181 3602/4472/8181 3601/4470/8181
f 4266/4949/8182 3601/4470/8182 3471/4471/8182
f 4265/4950/8183 4266/4949/8183 3802/4955/8183
f 4265/4950/8184 3803/4956/8184 3804/4957/8184
f 4264/4948/8185 3804/4957/8185 3440/4958/8185
f 4261/4944/8186 4264/4948/8186 3498/4184/8186
f 4258/4945/8187 4261/4944/8187 3497/4182/8187
f 4267/4959/8188 4268/4963/8188 4271/4960/8188
f 4269/4962/8189 4272/4966/8189 4271/4960/8189
f 4270/4961/8190 4271/4960/8190 4274/4964/8190
f 4272/4966/8191 4275/4971/8191 4274/4964/8191
f 3440/4216/8192 3804/4967/8192 4267/4959/8192
f 3804/4967/8193 3803/4969/8193 4268/4963/8193
f 3802/4968/8194 4269/4962/8194 4268/4963/8194
f 3471/4970/8195 3627/4504/8195 4269/4962/8195
f 3627/4504/8196 3626/4502/8196 4272/4966/8196
f 3626/4502/8197 3625/4501/8197 4275/4971/8197
f 3625/4501/8198 3467/4059/8198 3805/4060/8198
f 4275/4971/8199 3805/4060/8199 3806/4074/8199
f 4273/4965/8200 4274/4964/8200 3806/4074/8200
f 3507/4203/8201 4273/4965/8201 3807/4073/8201
f 3506/4217/8202 4270/4961/8202 4273/4965/8202
f 3505/4215/8203 4267/4959/8203 4270/4961/8203
f 4277/4972/8204 4280/4976/8204 4279/4973/8204
f 4277/4972/8205 4278/4980/8205 4281/4975/8205
f 4280/4976/8206 4283/4979/8206 4282/4977/8206
f 4280/4976/8207 4281/4975/8207 4284/4978/8207
f 3808/4119/8208 4276/4974/8208 3631/4520/8208
f 3809/4118/8209 4277/4972/8209 4276/4974/8209
f 3809/4118/8210 3810/4117/8210 4278/4980/8210
f 3810/4117/8211 3445/4116/8211 3534/4272/8211
f 4278/4980/8212 3534/4272/8212 3533/4286/8212
f 4281/4975/8213 3533/4286/8213 3532/4284/8213
f 4284/4978/8214 3532/4284/8214 3447/4285/8214
f 4283/4979/8215 4284/4978/8215 3811/4981/8215
f 4283/4979/8216 3812/4982/8216 3813/4983/8216
f 4282/4977/8217 3813/4983/8217 3475/4984/8217
f 4279/4973/8218 4282/4977/8218 3633/4523/8218
f 4276/4974/8219 4279/4973/8219 3632/4521/8219
f 4285/4985/8220 4286/4989/8220 4289/4986/8220
f 4287/4988/8221 4290/4992/8221 4289/4986/8221
f 4288/4987/8222 4289/4986/8222 4292/4990/8222
f 4290/4992/8223 4293/4997/8223 4292/4990/8223
f 3475/4554/8224 3813/4993/8224 4285/4985/8224
f 3813/4993/8225 3812/4995/8225 4286/4989/8225
f 3811/4994/8226 4287/4988/8226 4286/4989/8226
f 3447/4996/8227 3525/4253/8227 4287/4988/8227
f 3525/4253/8228 3524/4251/8228 4290/4992/8228
f 3524/4251/8229 3523/4250/8229 4293/4997/8229
f 3523/4250/8230 3444/4068/8230 3814/4067/8230
f 4293/4997/8231 3814/4067/8231 3815/4998/8231
f 4291/4991/8232 4292/4990/8232 3815/4998/8232
f 3642/4542/8233 4291/4991/8233 3816/4065/8233
f 3641/4555/8234 4288/4987/8234 4291/4991/8234
f 3640/4553/8235 4285/4985/8235 4288/4987/8235
f 4294/4999/7378 4295/5003/7378 4298/5000/7378
f 4296/5002/7379 4299/5007/7379 4298/5000/7379
f 4298/5000/7380 4301/5006/7380 4300/5004/7380
f 4298/5000/7381 4299/5007/7381 4302/5005/7381
f 3451/4318/8236 3747/4810/8236 4294/4999/8236
f 3747/4810/8237 3746/4808/8237 4295/5003/8237
f 3745/4807/8238 4296/5002/8238 4295/5003/8238
f 3479/4580/8239 3774/4887/8239 4296/5002/8239
f 3774/4887/7386 3773/4885/7386 4299/5007/7386
f 4299/5007/8240 3773/4885/8240 3772/4884/8240
f 4302/5005/8241 3772/4884/8241 3465/4457/8241
f 4301/5006/8242 4302/5005/8242 3801/4954/8242
f 4301/5006/8243 3800/4952/8243 3799/4951/8243
f 4300/5004/8244 3799/4951/8244 3437/4179/8244
f 4297/5001/7392 4300/5004/7392 3711/4706/7392
f 3709/4703/8245 4294/4999/8245 4297/5001/8245
o hm_prop_utility_cabinet_v2_UtilWarn
v -0.073193 1.027000 0.261005
v -0.073193 1.127000 0.261005
v -0.073402 1.027000 0.253008
v -0.073402 1.127000 0.253008
v 0.086752 1.027000 0.256817
v 0.086752 1.127000 0.256817
v 0.086543 1.027000 0.248820
v 0.086543 1.127000 0.248820
vn -0.9997 -0.0000 0.0262
vn -0.0262 -0.0000 -0.9997
vn 0.9997 -0.0000 -0.0262
vn 0.0262 -0.0000 0.9997
vn -0.0000 -1.0000 -0.0000
vn -0.0000 1.0000 -0.0000
vt 0.625000 0.000000
vt 0.375000 0.250000
vt 0.375000 0.000000
vt 0.625000 0.250000
vt 0.375000 0.500000
vt 0.625000 0.500000
vt 0.375000 0.750000
vt 0.625000 0.750000
vt 0.375000 1.000000
vt 0.125000 0.750000
vt 0.125000 0.500000
vt 0.875000 0.500000
vt 0.625000 1.000000
vt 0.875000 0.750000
s 0
usemtl HM_DecalWarn
f 4304/5008/8246 4305/5009/8246 4303/5010/8246
f 4306/5011/8247 4309/5012/8247 4305/5009/8247
f 4310/5013/8248 4307/5014/8248 4309/5012/8248
f 4308/5015/8249 4303/5016/8249 4307/5014/8249
f 4309/5012/8250 4303/5017/8250 4305/5018/8250
f 4306/5019/8251 4308/5015/8251 4310/5013/8251
f 4304/5008/8246 4306/5011/8246 4305/5009/8246
f 4306/5011/8247 4310/5013/8247 4309/5012/8247
f 4310/5013/8248 4308/5015/8248 4307/5014/8248
f 4308/5015/8249 4304/5020/8249 4303/5016/8249
f 4309/5012/8250 4307/5014/8250 4303/5017/8250
f 4306/5019/8251 4304/5021/8251 4308/5015/8251
o hm_prop_utility_cabinet_v2_UtilWarnIcon
v -0.023131 1.062000 0.262696
v -0.023131 1.112000 0.262696
v -0.023288 1.062000 0.256698
v -0.023288 1.112000 0.256698
v 0.036848 1.062000 0.261125
v 0.036848 1.112000 0.261125
v 0.036691 1.062000 0.255127
v 0.036691 1.112000 0.255127
vn -0.9997 -0.0000 0.0262
vn -0.0262 -0.0000 -0.9997
vn 0.9997 -0.0000 -0.0262
vn 0.0262 -0.0000 0.9997
vn -0.0000 -1.0000 -0.0000
vn -0.0000 1.0000 -0.0000
vt 0.625000 0.000000
vt 0.375000 0.250000
vt 0.375000 0.000000
vt 0.625000 0.250000
vt 0.375000 0.500000
vt 0.625000 0.500000
vt 0.375000 0.750000
vt 0.625000 0.750000
vt 0.375000 1.000000
vt 0.125000 0.750000
vt 0.125000 0.500000
vt 0.875000 0.500000
vt 0.625000 1.000000
vt 0.875000 0.750000
s 0
usemtl HM_StickerWarn
f 4312/5022/8252 4313/5023/8252 4311/5024/8252
f 4314/5025/8253 4317/5026/8253 4313/5023/8253
f 4318/5027/8254 4315/5028/8254 4317/5026/8254
f 4316/5029/8255 4311/5030/8255 4315/5028/8255
f 4317/5026/8256 4311/5031/8256 4313/5032/8256
f 4314/5033/8257 4316/5029/8257 4318/5027/8257
f 4312/5022/8252 4314/5025/8252 4313/5023/8252
f 4314/5025/8253 4318/5027/8253 4317/5026/8253
f 4318/5027/8254 4316/5029/8254 4315/5028/8254
f 4316/5029/8255 4312/5034/8255 4311/5030/8255
f 4317/5026/8256 4315/5028/8256 4311/5031/8256
f 4314/5033/8257 4312/5035/8257 4316/5029/8257
o hm_prop_utility_cabinet_v2_AssetPlate
v -0.313111 0.169500 0.267288
v -0.313111 0.224500 0.267288
v -0.313320 0.169500 0.259291
v -0.313320 0.224500 0.259291
v -0.173158 0.169500 0.263623
v -0.173158 0.224500 0.263623
v -0.173368 0.169500 0.255626
v -0.173368 0.224500 0.255626
vn -0.9997 -0.0000 0.0262
vn -0.0262 -0.0000 -0.9997
vn 0.9997 -0.0000 -0.0262
vn 0.0262 -0.0000 0.9997
vn -0.0000 -1.0000 -0.0000
vn -0.0000 1.0000 -0.0000
vt 0.625000 0.000000
vt 0.375000 0.250000
vt 0.375000 0.000000
vt 0.625000 0.250000
vt 0.375000 0.500000
vt 0.625000 0.500000
vt 0.375000 0.750000
vt 0.625000 0.750000
vt 0.375000 1.000000
vt 0.125000 0.750000
vt 0.125000 0.500000
vt 0.875000 0.500000
vt 0.625000 1.000000
vt 0.875000 0.750000
s 0
usemtl HM_DecalPW
f 4320/5036/8258 4321/5037/8258 4319/5038/8258
f 4322/5039/8259 4325/5040/8259 4321/5037/8259
f 4326/5041/8260 4323/5042/8260 4325/5040/8260
f 4324/5043/8261 4319/5044/8261 4323/5042/8261
f 4325/5040/8262 4319/5045/8262 4321/5046/8262
f 4322/5047/8263 4324/5043/8263 4326/5041/8263
f 4320/5036/8258 4322/5039/8258 4321/5037/8258
f 4322/5039/8259 4326/5041/8259 4325/5040/8259
f 4326/5041/8260 4324/5043/8260 4323/5042/8260
f 4324/5043/8261 4320/5048/8261 4319/5044/8261
f 4325/5040/8262 4323/5042/8262 4319/5045/8262
f 4322/5047/8263 4320/5049/8263 4324/5043/8263
o hm_prop_utility_cabinet_v2_AssetBar
v -0.303035 0.200000 0.270025
v -0.303035 0.218000 0.270025
v -0.303192 0.200000 0.264027
v -0.303192 0.218000 0.264027
v -0.183077 0.200000 0.266884
v -0.183077 0.218000 0.266884
v -0.183234 0.200000 0.260886
v -0.183234 0.218000 0.260886
vn -0.9997 -0.0000 0.0262
vn -0.0262 -0.0000 -0.9997
vn 0.9997 -0.0000 -0.0262
vn 0.0262 -0.0000 0.9997
vn -0.0000 -1.0000 -0.0000
vn -0.0000 1.0000 -0.0000
vt 0.625000 0.000000
vt 0.375000 0.250000
vt 0.375000 0.000000
vt 0.625000 0.250000
vt 0.375000 0.500000
vt 0.625000 0.500000
vt 0.375000 0.750000
vt 0.625000 0.750000
vt 0.375000 1.000000
vt 0.125000 0.750000
vt 0.125000 0.500000
vt 0.875000 0.500000
vt 0.625000 1.000000
vt 0.875000 0.750000
s 0
usemtl HM_DecalHM
f 4328/5050/8264 4329/5051/8264 4327/5052/8264
f 4330/5053/8265 4333/5054/8265 4329/5051/8265
f 4334/5055/8266 4331/5056/8266 4333/5054/8266
f 4332/5057/8267 4327/5058/8267 4331/5056/8267
f 4333/5054/8268 4327/5059/8268 4329/5060/8268
f 4330/5061/8269 4332/5057/8269 4334/5055/8269
f 4328/5050/8264 4330/5053/8264 4329/5051/8264
f 4330/5053/8265 4334/5055/8265 4333/5054/8265
f 4334/5055/8266 4332/5057/8266 4331/5056/8266
f 4332/5057/8267 4328/5062/8267 4327/5058/8267
f 4333/5054/8268 4331/5056/8268 4327/5059/8268
f 4330/5061/8269 4328/5063/8269 4332/5057/8269
o hm_prop_utility_cabinet_v2_Seam
v 0.005110 0.434500 0.252453
v 0.005110 0.859500 0.252453
v 0.004979 0.434500 0.247454
v 0.004979 0.859500 0.247454
v 0.008109 0.434500 0.252374
v 0.008109 0.859500 0.252374
v 0.007978 0.434500 0.247376
v 0.007978 0.859500 0.247376
v 0.004787 0.403503 0.248477
v 0.004716 0.387934 0.249962
v 0.004865 0.403504 0.251442
v 0.004901 0.520924 0.252823
v 0.004796 0.647000 0.253009
v 0.004901 0.773076 0.252823
v 0.004865 0.890496 0.251442
v 0.004716 0.906066 0.249962
v 0.004787 0.890496 0.248477
v 0.004751 0.773076 0.247096
v 0.004636 0.647000 0.246915
v 0.004751 0.520924 0.247096
v 0.007359 0.403503 0.247027
v 0.006464 0.387934 0.246868
v 0.005580 0.403504 0.247074
v 0.005580 0.890496 0.247074
v 0.006464 0.906066 0.246868
v 0.007359 0.890496 0.247027
v 0.008187 0.773076 0.247006
v 0.008293 0.647000 0.246820
v 0.008187 0.520924 0.247006
v 0.008301 0.403504 0.251352
v 0.008372 0.387934 0.249866
v 0.008224 0.403504 0.248387
v 0.008224 0.890496 0.248387
v 0.008372 0.906066 0.249866
v 0.008301 0.890496 0.251352
v 0.008337 0.773076 0.252733
v 0.008452 0.647000 0.252913
v 0.008337 0.520924 0.252733
v 0.005730 0.403503 0.252801
v 0.006624 0.387934 0.252961
v 0.007509 0.403504 0.252755
v 0.007509 0.890496 0.252755
v 0.006624 0.906066 0.252961
v 0.005730 0.890496 0.252801
v 0.004399 0.512633 0.251552
v 0.004243 0.647000 0.251641
v 0.004399 0.781367 0.251552
v 0.004200 0.505415 0.249976
v 0.004027 0.647000 0.249980
v 0.004200 0.788585 0.249976
v 0.004317 0.512633 0.248391
v 0.004156 0.647000 0.248311
v 0.004317 0.781367 0.248391
v 0.005501 0.512633 0.246295
v 0.005443 0.647000 0.246033
v 0.005501 0.781367 0.246295
v 0.006442 0.505415 0.246007
v 0.006434 0.647000 0.245718
v 0.006442 0.788585 0.246007
v 0.007397 0.512633 0.246246
v 0.007441 0.647000 0.245980
v 0.007397 0.781367 0.246246
v 0.008689 0.512633 0.248277
v 0.008845 0.647000 0.248188
v 0.008689 0.781367 0.248277
v 0.008889 0.505415 0.249853
v 0.009062 0.647000 0.249848
v 0.008889 0.788585 0.249853
v 0.008772 0.512633 0.251437
v 0.008933 0.647000 0.251518
v 0.008772 0.781367 0.251437
v 0.007588 0.512633 0.253533
v 0.007646 0.647000 0.253796
v 0.007588 0.781367 0.253533
v 0.006647 0.505415 0.253822
v 0.006654 0.647000 0.254110
v 0.006647 0.788585 0.253822
v 0.005692 0.512633 0.253583
v 0.005647 0.647000 0.253848
v 0.005692 0.781367 0.253583
v 0.005555 0.337179 0.248359
v 0.006501 0.314723 0.248249
v 0.007451 0.337179 0.248309
v 0.005545 0.314723 0.249940
v 0.006544 0.290210 0.249914
v 0.007543 0.314723 0.249888
v 0.005637 0.337179 0.251519
v 0.006588 0.314723 0.251579
v 0.007534 0.337179 0.251470
v 0.007451 0.956821 0.248309
v 0.006501 0.979277 0.248249
v 0.005555 0.956821 0.248359
v 0.007543 0.979277 0.249888
v 0.006544 1.003790 0.249914
v 0.005545 0.979277 0.249940
v 0.007534 0.956821 0.251470
v 0.006588 0.979277 0.251579
v 0.005637 0.956821 0.251519
vn -0.9913 -0.0012 0.1313
vn -0.9916 0.0012 0.1293
vn -0.9969 -0.0012 -0.0792
vn -0.9970 0.0012 -0.0773
vn -0.9331 -0.0043 0.3597
vn -0.9272 -0.0013 0.3745
vn -0.9272 0.0013 0.3746
vn -0.9213 0.0039 0.3889
vn -0.9894 0.0044 0.1454
vn -0.9956 0.0044 -0.0935
vn -0.9403 0.0039 -0.3402
vn -0.9455 0.0013 -0.3256
vn -0.9455 -0.0013 -0.3255
vn -0.9506 -0.0043 -0.3103
vn -0.9956 -0.0044 -0.0934
vn -0.9894 -0.0044 0.1454
vn -0.3071 -0.0020 -0.9517
vn -0.3023 0.0020 -0.9532
vn 0.2569 -0.0020 -0.9664
vn 0.2520 0.0020 -0.9677
vn -0.7212 -0.0055 -0.6927
vn -0.7382 -0.0016 -0.6746
vn -0.7383 0.0016 -0.6745
vn -0.7537 0.0047 -0.6572
vn -0.3418 0.0070 -0.9398
vn 0.2921 0.0070 -0.9564
vn 0.7183 0.0047 -0.6957
vn 0.7020 0.0016 -0.7122
vn 0.7019 -0.0016 -0.7123
vn 0.6839 -0.0055 -0.7295
vn 0.2919 -0.0070 -0.9564
vn -0.3416 -0.0070 -0.9398
vn 0.9913 -0.0012 -0.1313
vn 0.9916 0.0012 -0.1293
vn 0.9969 -0.0012 0.0792
vn 0.9970 0.0012 0.0773
vn 0.9331 -0.0043 -0.3597
vn 0.9272 -0.0013 -0.3745
vn 0.9272 0.0013 -0.3746
vn 0.9213 0.0039 -0.3889
vn 0.9894 0.0044 -0.1454
vn 0.9956 0.0044 0.0935
vn 0.9403 0.0039 0.3402
vn 0.9455 0.0013 0.3256
vn 0.9455 -0.0013 0.3255
vn 0.9506 -0.0043 0.3103
vn 0.9956 -0.0044 0.0934
vn 0.9894 -0.0044 -0.1454
vn 0.3071 -0.0020 0.9517
vn 0.3023 0.0020 0.9532
vn -0.2569 -0.0020 0.9664
vn -0.2520 0.0020 0.9677
vn 0.7212 -0.0055 0.6927
vn 0.7382 -0.0016 0.6746
vn 0.7383 0.0016 0.6745
vn 0.7537 0.0047 0.6572
vn 0.3418 0.0070 0.9398
vn -0.2921 0.0070 0.9564
vn -0.7183 0.0047 0.6957
vn -0.7020 0.0016 0.7122
vn -0.7019 -0.0016 0.7123
vn -0.6839 -0.0055 0.7295
vn -0.2919 -0.0070 0.9564
vn 0.3416 -0.0070 0.9398
vn -0.8702 -0.0343 -0.4916
vn 0.8432 -0.0349 -0.5364
vn -0.8432 -0.0343 0.5365
vn 0.8701 -0.0349 0.4916
vn -0.8706 -0.0108 -0.4918
vn -0.4954 -0.0166 -0.8685
vn 0.4495 -0.0166 -0.8931
vn 0.8437 -0.0092 -0.5367
vn 0.9765 -0.0111 -0.2153
vn 0.9864 -0.0111 0.1639
vn 0.8706 -0.0092 0.4919
vn 0.4956 -0.0166 0.8684
vn -0.4493 -0.0166 0.8932
vn -0.8437 -0.0108 0.5367
vn -0.9765 -0.0111 0.2152
vn -0.9864 -0.0111 -0.1638
vn 0.8432 0.0343 -0.5365
vn -0.8701 0.0349 -0.4916
vn 0.8702 0.0343 0.4916
vn -0.8432 0.0349 0.5364
vn 0.8437 0.0108 -0.5367
vn 0.4493 0.0166 -0.8932
vn -0.4956 0.0166 -0.8684
vn -0.8706 0.0092 -0.4919
vn -0.9864 0.0111 -0.1639
vn -0.9765 0.0111 0.2153
vn -0.8437 0.0092 0.5367
vn -0.4495 0.0166 0.8931
vn 0.4954 0.0166 0.8685
vn 0.8706 0.0108 0.4918
vn 0.9864 0.0111 0.1638
vn 0.9765 0.0111 -0.2152
vn -0.9916 -0.0012 0.1293
vn -0.9913 0.0012 0.1313
vn -0.9970 -0.0012 -0.0773
vn -0.9969 0.0012 -0.0792
vn -0.9213 -0.0039 0.3889
vn -0.9272 -0.0013 0.3746
vn -0.9272 0.0013 0.3745
vn -0.9331 0.0043 0.3597
vn -0.9956 0.0044 -0.0934
vn -0.9506 0.0043 -0.3103
vn -0.9455 0.0013 -0.3255
vn -0.9455 -0.0013 -0.3256
vn -0.9403 -0.0039 -0.3402
vn -0.9956 -0.0044 -0.0935
vn -0.3023 -0.0020 -0.9532
vn -0.3071 0.0020 -0.9517
vn 0.2520 -0.0020 -0.9677
vn 0.2569 0.0020 -0.9664
vn -0.7537 -0.0047 -0.6572
vn -0.7383 -0.0016 -0.6745
vn -0.7382 0.0016 -0.6746
vn -0.7212 0.0055 -0.6927
vn -0.3416 0.0070 -0.9398
vn 0.2919 0.0070 -0.9564
vn 0.6839 0.0055 -0.7295
vn 0.7019 0.0016 -0.7123
vn 0.7020 -0.0016 -0.7122
vn 0.7183 -0.0047 -0.6957
vn 0.2921 -0.0070 -0.9564
vn -0.3418 -0.0070 -0.9398
vn 0.9916 -0.0012 -0.1293
vn 0.9913 0.0012 -0.1313
vn 0.9970 -0.0012 0.0773
vn 0.9969 0.0012 0.0792
vn 0.9213 -0.0039 -0.3889
vn 0.9272 -0.0013 -0.3746
vn 0.9272 0.0013 -0.3745
vn 0.9331 0.0043 -0.3597
vn 0.9956 0.0044 0.0934
vn 0.9506 0.0043 0.3103
vn 0.9455 0.0013 0.3255
vn 0.9455 -0.0013 0.3256
vn 0.9403 -0.0039 0.3402
vn 0.9956 -0.0044 0.0935
vn 0.3023 -0.0020 0.9532
vn 0.3071 0.0020 0.9517
vn -0.2520 -0.0020 0.9677
vn -0.2569 0.0020 0.9664
vn 0.7537 -0.0047 0.6572
vn 0.7383 -0.0016 0.6745
vn 0.7382 0.0016 0.6746
vn 0.7212 0.0055 0.6927
vn 0.3416 0.0070 0.9398
vn -0.2919 0.0070 0.9564
vn -0.6839 0.0055 0.7295
vn -0.7019 0.0016 0.7123
vn -0.7020 -0.0016 0.7122
vn -0.7183 -0.0047 0.6957
vn -0.2921 -0.0070 0.9564
vn 0.3418 -0.0070 0.9398
vn -0.8701 -0.0349 -0.4916
vn 0.8432 -0.0343 -0.5365
vn -0.8432 -0.0349 0.5364
vn 0.8702 -0.0343 0.4916
vn -0.8706 -0.0092 -0.4919
vn -0.4956 -0.0166 -0.8684
vn 0.4493 -0.0166 -0.8932
vn 0.8437 -0.0108 -0.5367
vn 0.9765 -0.0111 -0.2152
vn 0.9864 -0.0111 0.1638
vn 0.8706 -0.0108 0.4918
vn 0.4954 -0.0166 0.8685
vn -0.4495 -0.0166 0.8931
vn -0.8437 -0.0092 0.5367
vn -0.9765 -0.0111 0.2153
vn -0.9864 -0.0111 -0.1639
vn 0.8432 0.0349 -0.5364
vn -0.8702 0.0343 -0.4916
vn 0.8701 0.0349 0.4916
vn -0.8432 0.0343 0.5365
vn 0.8437 0.0092 -0.5367
vn 0.4495 0.0166 -0.8931
vn -0.4954 0.0166 -0.8685
vn -0.8706 0.0108 -0.4918
vn -0.9864 0.0111 -0.1638
vn -0.9765 0.0111 0.2152
vn -0.8437 0.0108 0.5367
vn -0.4493 0.0166 0.8932
vn 0.4956 0.0166 0.8684
vn 0.8706 0.0092 0.4919
vn 0.9864 0.0111 0.1639
vn 0.9765 0.0111 -0.2153
vt 0.437500 0.062500
vt 0.500000 0.125000
vt 0.437500 0.125000
vt 0.562500 0.062500
vt 0.500000 0.062500
vt 0.437500 0.187500
vt 0.562500 0.187500
vt 0.500000 0.187500
vt 0.375000 0.000000
vt 0.375000 0.062500
vt 0.437500 0.000000
vt 0.562500 0.000000
vt 0.500000 0.000000
vt 0.625000 0.000000
vt 0.625000 0.062500
vt 0.562500 0.125000
vt 0.625000 0.187500
vt 0.625000 0.250000
vt 0.562500 0.250000
vt 0.500000 0.250000
vt 0.437500 0.250000
vt 0.375000 0.250000
vt 0.375000 0.187500
vt 0.375000 0.125000
vt 0.437500 0.312500
vt 0.500000 0.375000
vt 0.437500 0.375000
vt 0.562500 0.312500
vt 0.500000 0.312500
vt 0.437500 0.437500
vt 0.562500 0.437500
vt 0.500000 0.437500
vt 0.375000 0.312500
vt 0.625000 0.312500
vt 0.562500 0.375000
vt 0.625000 0.437500
vt 0.625000 0.500000
vt 0.562500 0.500000
vt 0.500000 0.500000
vt 0.437500 0.500000
vt 0.375000 0.500000
vt 0.375000 0.437500
vt 0.375000 0.375000
vt 0.437500 0.562500
vt 0.500000 0.625000
vt 0.437500 0.625000
vt 0.562500 0.562500
vt 0.500000 0.562500
vt 0.437500 0.687500
vt 0.562500 0.687500
vt 0.500000 0.687500
vt 0.375000 0.562500
vt 0.625000 0.562500
vt 0.562500 0.625000
vt 0.625000 0.687500
vt 0.625000 0.750000
vt 0.562500 0.750000
vt 0.500000 0.750000
vt 0.437500 0.750000
vt 0.375000 0.750000
vt 0.375000 0.687500
vt 0.375000 0.625000
vt 0.437500 0.812500
vt 0.500000 0.875000
vt 0.437500 0.875000
vt 0.562500 0.812500
vt 0.500000 0.812500
vt 0.437500 0.937500
vt 0.562500 0.937500
vt 0.500000 0.937500
vt 0.375000 0.812500
vt 0.625000 0.812500
vt 0.562500 0.875000
vt 0.625000 0.937500
vt 0.625000 1.000000
vt 0.562500 1.000000
vt 0.500000 1.000000
vt 0.437500 1.000000
vt 0.375000 1.000000
vt 0.375000 0.937500
vt 0.375000 0.875000
vt 0.250000 0.562500
vt 0.187500 0.625000
vt 0.187500 0.562500
vt 0.312500 0.625000
vt 0.250000 0.625000
vt 0.250000 0.687500
vt 0.187500 0.687500
vt 0.187500 0.500000
vt 0.125000 0.562500
vt 0.125000 0.500000
vt 0.250000 0.500000
vt 0.312500 0.562500
vt 0.312500 0.500000
vt 0.312500 0.687500
vt 0.312500 0.750000
vt 0.250000 0.750000
vt 0.187500 0.750000
vt 0.125000 0.687500
vt 0.125000 0.750000
vt 0.125000 0.625000
vt 0.750000 0.562500
vt 0.687500 0.625000
vt 0.687500 0.562500
vt 0.812500 0.625000
vt 0.750000 0.625000
vt 0.750000 0.687500
vt 0.687500 0.687500
vt 0.687500 0.500000
vt 0.750000 0.500000
vt 0.812500 0.562500
vt 0.812500 0.500000
vt 0.875000 0.562500
vt 0.875000 0.625000
vt 0.812500 0.687500
vt 0.875000 0.687500
vt 0.812500 0.750000
vt 0.750000 0.750000
vt 0.687500 0.750000
vt 0.625000 0.625000
vt 0.625000 0.125000
vt 0.625000 0.375000
vt 0.625000 0.875000
vt 0.875000 0.500000
vt 0.875000 0.750000
s 0
usemtl HM_PlasticBlk
f 4379/5064/8270 4383/5065/8270 4382/5066/8270
f 4381/5067/8271 4383/5065/8271 4380/5068/8271
f 4383/5065/8272 4385/5069/8272 4382/5066/8272
f 4383/5065/8273 4387/5070/8273 4386/5071/8273
f 4335/5072/8274 4379/5064/8274 4345/5073/8274
f 4346/5074/8275 4380/5068/8275 4379/5064/8275
f 4348/5075/8276 4380/5068/8276 4347/5076/8276
f 4336/5077/8277 4381/5067/8277 4348/5075/8277
f 4349/5078/8278 4384/5079/8278 4381/5067/8278
f 4384/5079/8279 4351/5080/8279 4387/5070/8279
f 4387/5070/8280 4338/5081/8280 4352/5082/8280
f 4386/5071/8281 4352/5082/8281 4353/5083/8281
f 4386/5071/8282 4354/5084/8282 4385/5069/8282
f 4385/5069/8283 4337/5085/8283 4343/5086/8283
f 4382/5066/8284 4343/5086/8284 4344/5087/8284
f 4345/5073/8285 4382/5066/8285 4344/5087/8285
f 4388/5088/8286 4392/5089/8286 4391/5090/8286
f 4390/5091/8287 4392/5089/8287 4389/5092/8287
f 4392/5089/8288 4394/5093/8288 4391/5090/8288
f 4392/5089/8289 4396/5094/8289 4395/5095/8289
f 4337/5085/8290 4388/5088/8290 4357/5096/8290
f 4354/5084/8291 4389/5092/8291 4388/5088/8291
f 4352/5082/8292 4389/5092/8292 4353/5083/8292
f 4338/5081/8293 4390/5091/8293 4352/5082/8293
f 4358/5097/8294 4393/5098/8294 4390/5091/8294
f 4393/5098/8295 4360/5099/8295 4396/5094/8295
f 4396/5094/8296 4342/5100/8296 4361/5101/8296
f 4395/5095/8297 4361/5101/8297 4362/5102/8297
f 4395/5095/8298 4363/5103/8298 4394/5093/8298
f 4394/5093/8299 4341/5104/8299 4355/5105/8299
f 4391/5090/8300 4355/5105/8300 4356/5106/8300
f 4357/5096/8301 4391/5090/8301 4356/5106/8301
f 4397/5107/8302 4401/5108/8302 4400/5109/8302
f 4399/5110/8303 4401/5108/8303 4398/5111/8303
f 4401/5108/8304 4403/5112/8304 4400/5109/8304
f 4401/5108/8305 4405/5113/8305 4404/5114/8305
f 4341/5104/8306 4397/5107/8306 4366/5115/8306
f 4363/5103/8307 4398/5111/8307 4397/5107/8307
f 4361/5101/8308 4398/5111/8308 4362/5102/8308
f 4342/5100/8309 4399/5110/8309 4361/5101/8309
f 4367/5116/8310 4402/5117/8310 4399/5110/8310
f 4402/5117/8311 4369/5118/8311 4405/5113/8311
f 4405/5113/8312 4340/5119/8312 4370/5120/8312
f 4404/5114/8313 4370/5120/8313 4371/5121/8313
f 4404/5114/8314 4372/5122/8314 4403/5112/8314
f 4403/5112/8315 4339/5123/8315 4364/5124/8315
f 4400/5109/8316 4364/5124/8316 4365/5125/8316
f 4366/5115/8317 4400/5109/8317 4365/5125/8317
f 4406/5126/8318 4410/5127/8318 4409/5128/8318
f 4408/5129/8319 4410/5127/8319 4407/5130/8319
f 4410/5127/8320 4412/5131/8320 4409/5128/8320
f 4410/5127/8321 4414/5132/8321 4413/5133/8321
f 4339/5123/8322 4406/5126/8322 4375/5134/8322
f 4372/5122/8323 4407/5130/8323 4406/5126/8323
f 4370/5120/8324 4407/5130/8324 4371/5121/8324
f 4340/5119/8325 4408/5129/8325 4370/5120/8325
f 4376/5135/8326 4411/5136/8326 4408/5129/8326
f 4411/5136/8327 4378/5137/8327 4414/5132/8327
f 4414/5132/8328 4336/5138/8328 4348/5139/8328
f 4413/5133/8329 4348/5139/8329 4347/5140/8329
f 4413/5133/8330 4346/5141/8330 4412/5131/8330
f 4412/5131/8331 4335/5142/8331 4373/5143/8331
f 4409/5128/8332 4373/5143/8332 4374/5144/8332
f 4375/5134/8333 4409/5128/8333 4374/5144/8333
f 4416/5145/8334 4418/5146/8334 4415/5147/8334
f 4416/5145/8335 4420/5148/8335 4419/5149/8335
f 4418/5146/8336 4422/5150/8336 4421/5151/8336
f 4420/5148/8337 4422/5150/8337 4419/5149/8337
f 4357/5152/8338 4343/5153/8338 4337/5154/8338
f 4356/5155/8339 4415/5147/8339 4357/5152/8339
f 4356/5155/8340 4417/5156/8340 4416/5145/8340
f 4355/5157/8341 4366/5115/8341 4417/5156/8341
f 4417/5156/8342 4365/5125/8342 4420/5148/8342
f 4365/5125/8343 4423/5158/8343 4420/5148/8343
f 4364/5124/8344 4375/5159/8344 4423/5158/8344
f 4423/5158/8345 4374/5160/8345 4422/5150/8345
f 4421/5151/8346 4374/5160/8346 4373/5161/8346
f 4345/5162/8347 4373/5161/8347 4335/5163/8347
f 4344/5164/8348 4421/5151/8348 4345/5162/8348
f 4415/5147/8349 4344/5164/8349 4343/5153/8349
f 4425/5165/8350 4427/5166/8350 4424/5167/8350
f 4425/5165/8351 4429/5168/8351 4428/5169/8351
f 4427/5166/8352 4431/5170/8352 4430/5171/8352
f 4429/5168/8353 4431/5170/8353 4428/5169/8353
f 4360/5172/8354 4367/5116/8354 4342/5100/8354
f 4359/5173/8355 4424/5167/8355 4360/5172/8355
f 4359/5173/8356 4426/5174/8356 4425/5165/8356
f 4358/5175/8357 4351/5176/8357 4426/5174/8357
f 4426/5174/8358 4350/5177/8358 4429/5168/8358
f 4350/5177/8359 4432/5178/8359 4429/5168/8359
f 4349/5179/8360 4378/5180/8360 4432/5178/8360
f 4432/5178/8361 4377/5181/8361 4431/5170/8361
f 4430/5171/8362 4377/5181/8362 4376/5182/8362
f 4369/5118/8363 4376/5182/8363 4340/5119/8363
f 4368/5183/8364 4430/5171/8364 4369/5118/8364
f 4424/5167/8365 4368/5183/8365 4367/5116/8365
f 4379/5064/8366 4380/5068/8366 4383/5065/8366
f 4381/5067/8367 4384/5079/8367 4383/5065/8367
f 4383/5065/8368 4386/5071/8368 4385/5069/8368
f 4383/5065/8369 4384/5079/8369 4387/5070/8369
f 4335/5072/8370 4346/5074/8370 4379/5064/8370
f 4346/5074/8371 4347/5076/8371 4380/5068/8371
f 4348/5075/8372 4381/5067/8372 4380/5068/8372
f 4336/5077/8373 4349/5078/8373 4381/5067/8373
f 4349/5078/8278 4350/5184/8278 4384/5079/8278
f 4384/5079/8374 4350/5184/8374 4351/5080/8374
f 4387/5070/8375 4351/5080/8375 4338/5081/8375
f 4386/5071/8376 4387/5070/8376 4352/5082/8376
f 4386/5071/8377 4353/5083/8377 4354/5084/8377
f 4385/5069/8378 4354/5084/8378 4337/5085/8378
f 4382/5066/8379 4385/5069/8379 4343/5086/8379
f 4345/5073/8285 4379/5064/8285 4382/5066/8285
f 4388/5088/8380 4389/5092/8380 4392/5089/8380
f 4390/5091/8381 4393/5098/8381 4392/5089/8381
f 4392/5089/8382 4395/5095/8382 4394/5093/8382
f 4392/5089/8383 4393/5098/8383 4396/5094/8383
f 4337/5085/8384 4354/5084/8384 4388/5088/8384
f 4354/5084/8385 4353/5083/8385 4389/5092/8385
f 4352/5082/8386 4390/5091/8386 4389/5092/8386
f 4338/5081/8387 4358/5097/8387 4390/5091/8387
f 4358/5097/8388 4359/5185/8388 4393/5098/8388
f 4393/5098/8389 4359/5185/8389 4360/5099/8389
f 4396/5094/8390 4360/5099/8390 4342/5100/8390
f 4395/5095/8391 4396/5094/8391 4361/5101/8391
f 4395/5095/8392 4362/5102/8392 4363/5103/8392
f 4394/5093/8393 4363/5103/8393 4341/5104/8393
f 4391/5090/8394 4394/5093/8394 4355/5105/8394
f 4357/5096/8395 4388/5088/8395 4391/5090/8395
f 4397/5107/8396 4398/5111/8396 4401/5108/8396
f 4399/5110/8397 4402/5117/8397 4401/5108/8397
f 4401/5108/8398 4404/5114/8398 4403/5112/8398
f 4401/5108/8399 4402/5117/8399 4405/5113/8399
f 4341/5104/8400 4363/5103/8400 4397/5107/8400
f 4363/5103/8401 4362/5102/8401 4398/5111/8401
f 4361/5101/8402 4399/5110/8402 4398/5111/8402
f 4342/5100/8403 4367/5116/8403 4399/5110/8403
f 4367/5116/8310 4368/5183/8310 4402/5117/8310
f 4402/5117/8404 4368/5183/8404 4369/5118/8404
f 4405/5113/8405 4369/5118/8405 4340/5119/8405
f 4404/5114/8406 4405/5113/8406 4370/5120/8406
f 4404/5114/8407 4371/5121/8407 4372/5122/8407
f 4403/5112/8408 4372/5122/8408 4339/5123/8408
f 4400/5109/8409 4403/5112/8409 4364/5124/8409
f 4366/5115/8317 4397/5107/8317 4400/5109/8317
f 4406/5126/8410 4407/5130/8410 4410/5127/8410
f 4408/5129/8411 4411/5136/8411 4410/5127/8411
f 4410/5127/8412 4413/5133/8412 4412/5131/8412
f 4410/5127/8413 4411/5136/8413 4414/5132/8413
f 4339/5123/8414 4372/5122/8414 4406/5126/8414
f 4372/5122/8415 4371/5121/8415 4407/5130/8415
f 4370/5120/8416 4408/5129/8416 4407/5130/8416
f 4340/5119/8417 4376/5135/8417 4408/5129/8417
f 4376/5135/8418 4377/5186/8418 4411/5136/8418
f 4411/5136/8419 4377/5186/8419 4378/5137/8419
f 4414/5132/8420 4378/5137/8420 4336/5138/8420
f 4413/5133/8421 4414/5132/8421 4348/5139/8421
f 4413/5133/8422 4347/5140/8422 4346/5141/8422
f 4412/5131/8423 4346/5141/8423 4335/5142/8423
f 4409/5128/8424 4412/5131/8424 4373/5143/8424
f 4375/5134/8425 4406/5126/8425 4409/5128/8425
f 4416/5145/8426 4419/5149/8426 4418/5146/8426
f 4416/5145/8427 4417/5156/8427 4420/5148/8427
f 4418/5146/8428 4419/5149/8428 4422/5150/8428
f 4420/5148/8429 4423/5158/8429 4422/5150/8429
f 4357/5152/8430 4415/5147/8430 4343/5153/8430
f 4356/5155/8431 4416/5145/8431 4415/5147/8431
f 4356/5155/8432 4355/5157/8432 4417/5156/8432
f 4355/5157/8433 4341/5104/8433 4366/5115/8433
f 4417/5156/8434 4366/5115/8434 4365/5125/8434
f 4365/5125/8435 4364/5124/8435 4423/5158/8435
f 4364/5124/8436 4339/5123/8436 4375/5159/8436
f 4423/5158/8437 4375/5159/8437 4374/5160/8437
f 4421/5151/8438 4422/5150/8438 4374/5160/8438
f 4345/5162/8439 4421/5151/8439 4373/5161/8439
f 4344/5164/8440 4418/5146/8440 4421/5151/8440
f 4415/5147/8441 4418/5146/8441 4344/5164/8441
f 4425/5165/8442 4428/5169/8442 4427/5166/8442
f 4425/5165/8443 4426/5174/8443 4429/5168/8443
f 4427/5166/8444 4428/5169/8444 4431/5170/8444
f 4429/5168/8445 4432/5178/8445 4431/5170/8445
f 4360/5172/8446 4424/5167/8446 4367/5116/8446
f 4359/5173/8447 4425/5165/8447 4424/5167/8447
f 4359/5173/8448 4358/5175/8448 4426/5174/8448
f 4358/5175/8449 4338/5187/8449 4351/5176/8449
f 4426/5174/8450 4351/5176/8450 4350/5177/8450
f 4350/5177/8451 4349/5179/8451 4432/5178/8451
f 4349/5179/8452 4336/5188/8452 4378/5180/8452
f 4432/5178/8453 4378/5180/8453 4377/5181/8453
f 4430/5171/8454 4431/5170/8454 4377/5181/8454
f 4369/5118/8455 4430/5171/8455 4376/5182/8455
f 4368/5183/8456 4427/5166/8456 4430/5171/8456
f 4424/5167/8457 4427/5166/8457 4368/5183/8457
o hm_prop_utility_cabinet_v2_HSeam
v -0.218353 0.645750 0.256804
v -0.218353 0.648250 0.256804
v -0.218457 0.645750 0.252805
v -0.218457 0.648250 0.252805
v 0.231493 0.645750 0.245024
v 0.231493 0.648250 0.245024
v 0.231389 0.645750 0.241026
v 0.231389 0.648250 0.241026
v -0.251244 0.645568 0.254477
v -0.267693 0.645476 0.256095
v -0.251182 0.645568 0.256850
v -0.251153 0.646258 0.257955
v -0.267630 0.647000 0.258533
v -0.251153 0.647742 0.257955
v -0.251182 0.648432 0.256850
v -0.267693 0.648524 0.256095
v -0.251244 0.648432 0.254477
v -0.251273 0.647742 0.253373
v -0.267757 0.647000 0.253658
v -0.251273 0.646258 0.253373
v 0.139905 0.645568 0.243129
v 0.006454 0.645476 0.246477
v -0.126989 0.645568 0.250118
v -0.126989 0.648432 0.250118
v 0.006454 0.648524 0.246477
v 0.139905 0.648432 0.243129
v 0.264189 0.647742 0.239875
v 0.280666 0.647000 0.239297
v 0.264190 0.646258 0.239875
v 0.264281 0.645568 0.243352
v 0.280730 0.645476 0.241734
v 0.264218 0.645568 0.240980
v 0.264218 0.648432 0.240980
v 0.280730 0.648524 0.241734
v 0.264281 0.648432 0.243352
v 0.264309 0.647742 0.244457
v 0.280793 0.647000 0.244172
v 0.264309 0.646258 0.244457
v -0.126869 0.645568 0.254700
v 0.006582 0.645476 0.251352
v 0.140025 0.645568 0.247711
v 0.140025 0.648432 0.247711
v 0.006582 0.648524 0.251352
v -0.126869 0.648432 0.254700
v -0.321382 0.646210 0.258766
v -0.345149 0.647000 0.259456
v -0.321382 0.647790 0.258766
v -0.345184 0.646167 0.258124
v -0.371130 0.647000 0.258804
v -0.345184 0.647833 0.258124
v -0.321448 0.646210 0.256238
v -0.345219 0.647000 0.256792
v -0.321448 0.647790 0.256238
v -0.135780 0.646210 0.249724
v -0.143426 0.647000 0.249713
v -0.135780 0.647790 0.249724
v 0.006436 0.646167 0.245788
v 0.006430 0.647000 0.245558
v 0.006436 0.647833 0.245788
v 0.148664 0.646210 0.242276
v 0.156298 0.647000 0.241864
v 0.148664 0.647790 0.242276
v 0.334418 0.646210 0.239063
v 0.358186 0.647000 0.238373
v 0.334418 0.647790 0.239063
v 0.358220 0.646167 0.239705
v 0.384166 0.647000 0.239026
v 0.358220 0.647833 0.239705
v 0.334484 0.646210 0.241592
v 0.358255 0.647000 0.241037
v 0.334484 0.647790 0.241592
v 0.148816 0.646210 0.248105
v 0.156462 0.647000 0.248117
v 0.148816 0.647790 0.248105
v 0.006600 0.646167 0.252041
v 0.006606 0.647000 0.252272
v 0.006600 0.647833 0.252041
v -0.135628 0.646210 0.255554
v -0.143262 0.647000 0.255965
v -0.135628 0.647790 0.255554
v -0.135737 0.645177 0.251375
v 0.006483 0.645045 0.247583
v 0.148707 0.645177 0.243926
v -0.143344 0.645045 0.252839
v 0.006518 0.644901 0.248915
v 0.156380 0.645045 0.244990
v -0.135671 0.645177 0.253903
v 0.006553 0.645045 0.250247
v 0.148773 0.645177 0.246455
v 0.148707 0.648822 0.243926
v 0.006483 0.648955 0.247583
v -0.135737 0.648822 0.251375
v 0.156380 0.648955 0.244990
v 0.006518 0.649099 0.248915
v -0.143344 0.648955 0.252839
v 0.148773 0.648822 0.246455
v 0.006553 0.648955 0.250247
v -0.135671 0.648822 0.253903
vn -0.0128 -0.8477 0.5303
vn -0.0133 0.8477 0.5303
vn -0.0405 -0.8477 -0.5289
vn -0.0411 0.8477 -0.5289
vn 0.0055 -0.8480 0.5300
vn 0.0106 -0.4577 0.8891
vn 0.0106 0.4579 0.8890
vn 0.0067 0.8480 0.5300
vn -0.0036 0.9803 0.1974
vn -0.0139 0.9803 -0.1969
vn -0.0210 0.8480 -0.5296
vn -0.0359 0.4579 -0.8883
vn -0.0360 -0.4577 -0.8884
vn -0.0223 -0.8480 -0.5296
vn -0.0139 -0.9803 -0.1968
vn -0.0036 -0.9803 0.1973
vn -0.0267 -0.2670 -0.9633
vn -0.0267 0.2717 -0.9620
vn -0.0237 -0.2670 -0.9634
vn -0.0237 0.2717 -0.9621
vn -0.0217 -0.7223 -0.6912
vn -0.0302 -0.3056 -0.9517
vn -0.0302 0.3054 -0.9517
vn -0.0232 0.6882 -0.7252
vn -0.0198 0.7060 -0.7080
vn -0.0173 0.7060 -0.7080
vn -0.0148 0.6882 -0.7254
vn -0.0197 0.3054 -0.9520
vn -0.0197 -0.3056 -0.9520
vn -0.0145 -0.7223 -0.6914
vn -0.0173 -0.7061 -0.7079
vn -0.0198 -0.7061 -0.7079
vn 0.0128 -0.8477 -0.5303
vn 0.0133 0.8477 -0.5303
vn 0.0405 -0.8477 0.5289
vn 0.0411 0.8477 0.5289
vn -0.0055 -0.8480 -0.5300
vn -0.0106 -0.4577 -0.8891
vn -0.0106 0.4579 -0.8890
vn -0.0067 0.8480 -0.5300
vn 0.0036 0.9803 -0.1974
vn 0.0139 0.9803 0.1969
vn 0.0210 0.8480 0.5296
vn 0.0359 0.4579 0.8883
vn 0.0360 -0.4577 0.8884
vn 0.0223 -0.8480 0.5296
vn 0.0139 -0.9803 0.1968
vn 0.0036 -0.9803 -0.1973
vn 0.0267 -0.2670 0.9633
vn 0.0267 0.2717 0.9620
vn 0.0237 -0.2670 0.9634
vn 0.0237 0.2717 0.9621
vn 0.0217 -0.7223 0.6912
vn 0.0302 -0.3056 0.9517
vn 0.0302 0.3054 0.9517
vn 0.0232 0.6882 0.7252
vn 0.0198 0.7060 0.7080
vn 0.0173 0.7060 0.7080
vn 0.0148 0.6882 0.7254
vn 0.0197 0.3054 0.9520
vn 0.0197 -0.3056 0.9520
vn 0.0145 -0.7223 0.6914
vn 0.0173 -0.7061 0.7079
vn 0.0198 -0.7061 0.7079
vn -0.0038 -0.9940 -0.1095
vn -0.0018 -0.9942 -0.1076
vn 0.0019 -0.9940 0.1096
vn 0.0038 -0.9942 0.1075
vn -0.0125 -0.9377 -0.3472
vn -0.0105 -0.9319 -0.3627
vn -0.0085 -0.9318 -0.3628
vn -0.0068 -0.9259 -0.3777
vn 0.0002 -0.9922 -0.1244
vn 0.0067 -0.9922 0.1243
vn 0.0129 -0.9259 0.3776
vn 0.0105 -0.9318 0.3628
vn 0.0085 -0.9319 0.3627
vn 0.0057 -0.9377 0.3474
vn -0.0002 -0.9922 0.1244
vn -0.0067 -0.9922 -0.1242
vn -0.0019 0.9940 -0.1096
vn -0.0038 0.9942 -0.1075
vn 0.0038 0.9940 0.1095
vn 0.0018 0.9942 0.1076
vn -0.0057 0.9377 -0.3474
vn -0.0085 0.9319 -0.3627
vn -0.0105 0.9318 -0.3628
vn -0.0129 0.9259 -0.3776
vn -0.0067 0.9922 -0.1243
vn -0.0002 0.9922 0.1244
vn 0.0068 0.9259 0.3777
vn 0.0085 0.9318 0.3628
vn 0.0105 0.9319 0.3627
vn 0.0125 0.9377 0.3472
vn 0.0067 0.9922 0.1242
vn 0.0002 0.9922 -0.1244
vn -0.0133 -0.8477 0.5303
vn -0.0128 0.8477 0.5303
vn -0.0411 -0.8477 -0.5289
vn -0.0405 0.8477 -0.5289
vn 0.0067 -0.8480 0.5300
vn 0.0106 -0.4579 0.8890
vn 0.0106 0.4577 0.8891
vn 0.0055 0.8480 0.5300
vn -0.0036 0.9803 0.1973
vn -0.0139 0.9803 -0.1968
vn -0.0223 0.8480 -0.5296
vn -0.0360 0.4576 -0.8884
vn -0.0359 -0.4579 -0.8883
vn -0.0210 -0.8480 -0.5296
vn -0.0139 -0.9803 -0.1969
vn -0.0036 -0.9803 0.1974
vn -0.0267 -0.2717 -0.9620
vn -0.0267 0.2670 -0.9633
vn -0.0237 -0.2717 -0.9621
vn -0.0237 0.2670 -0.9634
vn -0.0232 -0.6882 -0.7252
vn -0.0302 -0.3054 -0.9517
vn -0.0302 0.3056 -0.9517
vn -0.0217 0.7223 -0.6912
vn -0.0198 0.7061 -0.7079
vn -0.0173 0.7061 -0.7079
vn -0.0145 0.7223 -0.6914
vn -0.0197 0.3056 -0.9520
vn -0.0197 -0.3054 -0.9520
vn -0.0148 -0.6882 -0.7254
vn -0.0173 -0.7060 -0.7080
vn -0.0198 -0.7060 -0.7080
vn 0.0133 -0.8477 -0.5303
vn 0.0128 0.8477 -0.5303
vn 0.0411 -0.8477 0.5289
vn 0.0405 0.8477 0.5289
vn -0.0067 -0.8480 -0.5300
vn -0.0106 -0.4579 -0.8890
vn -0.0106 0.4577 -0.8891
vn -0.0055 0.8480 -0.5300
vn 0.0036 0.9803 -0.1973
vn 0.0139 0.9803 0.1968
vn 0.0223 0.8480 0.5296
vn 0.0360 0.4576 0.8884
vn 0.0359 -0.4579 0.8883
vn 0.0210 -0.8480 0.5296
vn 0.0139 -0.9803 0.1969
vn 0.0036 -0.9803 -0.1974
vn 0.0267 -0.2717 0.9620
vn 0.0267 0.2670 0.9633
vn 0.0237 -0.2717 0.9621
vn 0.0237 0.2670 0.9634
vn 0.0232 -0.6882 0.7252
vn 0.0302 -0.3054 0.9517
vn 0.0302 0.3056 0.9517
vn 0.0217 0.7223 0.6912
vn 0.0198 0.7061 0.7079
vn 0.0173 0.7061 0.7079
vn 0.0145 0.7223 0.6914
vn 0.0197 0.3056 0.9520
vn 0.0197 -0.3054 0.9520
vn 0.0148 -0.6882 0.7254
vn 0.0173 -0.7060 0.7080
vn 0.0198 -0.7060 0.7080
vn -0.0038 -0.9942 -0.1075
vn -0.0019 -0.9940 -0.1096
vn 0.0018 -0.9942 0.1076
vn 0.0038 -0.9940 0.1095
vn -0.0129 -0.9259 -0.3776
vn -0.0105 -0.9318 -0.3628
vn -0.0085 -0.9319 -0.3627
vn -0.0057 -0.9377 -0.3474
vn 0.0067 -0.9922 0.1242
vn 0.0125 -0.9377 0.3472
vn 0.0105 -0.9319 0.3627
vn 0.0085 -0.9318 0.3628
vn 0.0068 -0.9259 0.3777
vn -0.0067 -0.9922 -0.1243
vn -0.0018 0.9942 -0.1076
vn -0.0038 0.9940 -0.1095
vn 0.0038 0.9942 0.1075
vn 0.0019 0.9940 0.1096
vn -0.0068 0.9259 -0.3777
vn -0.0085 0.9318 -0.3628
vn -0.0105 0.9319 -0.3627
vn -0.0125 0.9377 -0.3472
vn -0.0067 0.9922 -0.1242
vn 0.0057 0.9377 0.3474
vn 0.0085 0.9319 0.3627
vn 0.0105 0.9318 0.3628
vn 0.0129 0.9259 0.3776
vn 0.0067 0.9922 0.1243
vt 0.500000 0.062500
vt 0.437500 0.125000
vt 0.437500 0.062500
vt 0.562500 0.125000
vt 0.500000 0.125000
vt 0.500000 0.187500
vt 0.437500 0.187500
vt 0.437500 0.000000
vt 0.375000 0.062500
vt 0.375000 0.000000
vt 0.500000 0.000000
vt 0.562500 0.062500
vt 0.562500 0.000000
vt 0.625000 0.062500
vt 0.625000 0.125000
vt 0.562500 0.187500
vt 0.625000 0.187500
vt 0.562500 0.250000
vt 0.500000 0.250000
vt 0.437500 0.250000
vt 0.375000 0.187500
vt 0.375000 0.250000
vt 0.375000 0.125000
vt 0.437500 0.312500
vt 0.500000 0.375000
vt 0.437500 0.375000
vt 0.562500 0.312500
vt 0.500000 0.312500
vt 0.437500 0.437500
vt 0.562500 0.437500
vt 0.500000 0.437500
vt 0.375000 0.312500
vt 0.625000 0.250000
vt 0.625000 0.312500
vt 0.562500 0.375000
vt 0.625000 0.437500
vt 0.625000 0.500000
vt 0.562500 0.500000
vt 0.500000 0.500000
vt 0.437500 0.500000
vt 0.375000 0.500000
vt 0.375000 0.437500
vt 0.375000 0.375000
vt 0.500000 0.562500
vt 0.437500 0.625000
vt 0.437500 0.562500
vt 0.562500 0.625000
vt 0.500000 0.625000
vt 0.500000 0.687500
vt 0.437500 0.687500
vt 0.375000 0.562500
vt 0.562500 0.562500
vt 0.625000 0.562500
vt 0.625000 0.625000
vt 0.562500 0.687500
vt 0.625000 0.687500
vt 0.562500 0.750000
vt 0.500000 0.750000
vt 0.437500 0.750000
vt 0.375000 0.687500
vt 0.375000 0.750000
vt 0.375000 0.625000
vt 0.437500 0.812500
vt 0.500000 0.875000
vt 0.437500 0.875000
vt 0.562500 0.812500
vt 0.500000 0.812500
vt 0.437500 0.937500
vt 0.562500 0.937500
vt 0.500000 0.937500
vt 0.375000 0.812500
vt 0.625000 0.750000
vt 0.625000 0.812500
vt 0.562500 0.875000
vt 0.625000 0.937500
vt 0.625000 1.000000
vt 0.562500 1.000000
vt 0.500000 1.000000
vt 0.437500 1.000000
vt 0.375000 1.000000
vt 0.375000 0.937500
vt 0.375000 0.875000
vt 0.187500 0.562500
vt 0.250000 0.625000
vt 0.187500 0.625000
vt 0.312500 0.562500
vt 0.250000 0.562500
vt 0.187500 0.687500
vt 0.312500 0.687500
vt 0.250000 0.687500
vt 0.125000 0.500000
vt 0.125000 0.562500
vt 0.187500 0.500000
vt 0.312500 0.500000
vt 0.250000 0.500000
vt 0.312500 0.625000
vt 0.312500 0.750000
vt 0.250000 0.750000
vt 0.187500 0.750000
vt 0.125000 0.750000
vt 0.125000 0.687500
vt 0.125000 0.625000
vt 0.687500 0.562500
vt 0.750000 0.625000
vt 0.687500 0.625000
vt 0.812500 0.562500
vt 0.750000 0.562500
vt 0.687500 0.687500
vt 0.812500 0.687500
vt 0.750000 0.687500
vt 0.687500 0.500000
vt 0.812500 0.500000
vt 0.750000 0.500000
vt 0.875000 0.500000
vt 0.875000 0.562500
vt 0.812500 0.625000
vt 0.875000 0.687500
vt 0.875000 0.750000
vt 0.812500 0.750000
vt 0.750000 0.750000
vt 0.687500 0.750000
vt 0.625000 0.000000
vt 0.625000 0.375000
vt 0.625000 0.875000
vt 0.875000 0.625000
s 0
usemtl HM_PlasticBlk
f 4478/5189/8458 4480/5190/8458 4477/5191/8458
f 4478/5189/8459 4482/5192/8459 4481/5193/8459
f 4480/5190/8460 4484/5194/8460 4483/5195/8460
f 4482/5192/8461 4484/5194/8461 4481/5193/8461
f 4444/5196/8462 4443/5197/8462 4433/5198/8462
f 4445/5199/8463 4477/5191/8463 4444/5196/8463
f 4445/5199/8464 4479/5200/8464 4478/5189/8464
f 4446/5201/8465 4447/5202/8465 4479/5200/8465
f 4479/5200/8466 4448/5203/8466 4482/5192/8466
f 4448/5203/8467 4485/5204/8467 4482/5192/8467
f 4449/5205/8468 4450/5206/8468 4485/5204/8468
f 4485/5204/8469 4451/5207/8469 4484/5194/8469
f 4483/5195/8470 4451/5207/8470 4452/5208/8470
f 4441/5209/8471 4452/5208/8471 4435/5210/8471
f 4442/5211/8472 4483/5195/8472 4441/5209/8472
f 4477/5191/8473 4442/5211/8473 4443/5197/8473
f 4486/5212/8474 4490/5213/8474 4489/5214/8474
f 4488/5215/8475 4490/5213/8475 4487/5216/8475
f 4490/5213/8476 4492/5217/8476 4489/5214/8476
f 4490/5213/8477 4494/5218/8477 4493/5219/8477
f 4435/5210/8478 4486/5212/8478 4455/5220/8478
f 4452/5208/8479 4487/5216/8479 4486/5212/8479
f 4450/5206/8480 4487/5216/8480 4451/5207/8480
f 4436/5221/8481 4488/5215/8481 4450/5206/8481
f 4456/5222/8482 4491/5223/8482 4488/5215/8482
f 4491/5223/8483 4458/5224/8483 4494/5218/8483
f 4494/5218/8484 4440/5225/8484 4459/5226/8484
f 4493/5219/8485 4459/5226/8485 4460/5227/8485
f 4493/5219/8486 4461/5228/8486 4492/5217/8486
f 4492/5217/8487 4439/5229/8487 4453/5230/8487
f 4489/5214/8488 4453/5230/8488 4454/5231/8488
f 4455/5220/8489 4489/5214/8489 4454/5231/8489
f 4496/5232/8490 4498/5233/8490 4495/5234/8490
f 4496/5232/8491 4500/5235/8491 4499/5236/8491
f 4498/5233/8492 4502/5237/8492 4501/5238/8492
f 4500/5235/8493 4502/5237/8493 4499/5236/8493
f 4461/5228/8494 4464/5239/8494 4439/5229/8494
f 4460/5227/8495 4495/5234/8495 4461/5228/8495
f 4460/5227/8496 4497/5240/8496 4496/5232/8496
f 4459/5226/8497 4465/5241/8497 4497/5240/8497
f 4497/5240/8498 4466/5242/8498 4500/5235/8498
f 4466/5242/8499 4503/5243/8499 4500/5235/8499
f 4467/5244/8500 4468/5245/8500 4503/5243/8500
f 4503/5243/8501 4469/5246/8501 4502/5237/8501
f 4501/5238/8502 4469/5246/8502 4470/5247/8502
f 4462/5248/8503 4470/5247/8503 4437/5249/8503
f 4463/5250/8504 4501/5238/8504 4462/5248/8504
f 4495/5234/8505 4463/5250/8505 4464/5239/8505
f 4504/5251/8506 4508/5252/8506 4507/5253/8506
f 4506/5254/8507 4508/5252/8507 4505/5255/8507
f 4508/5252/8508 4510/5256/8508 4507/5253/8508
f 4508/5252/8509 4512/5257/8509 4511/5258/8509
f 4437/5249/8510 4504/5251/8510 4473/5259/8510
f 4470/5247/8511 4505/5255/8511 4504/5251/8511
f 4468/5245/8512 4505/5255/8512 4469/5246/8512
f 4438/5260/8513 4506/5254/8513 4468/5245/8513
f 4474/5261/8514 4509/5262/8514 4506/5254/8514
f 4509/5262/8515 4476/5263/8515 4512/5257/8515
f 4512/5257/8516 4434/5264/8516 4446/5265/8516
f 4511/5258/8517 4446/5265/8517 4445/5266/8517
f 4511/5258/8518 4444/5267/8518 4510/5256/8518
f 4510/5256/8519 4433/5268/8519 4471/5269/8519
f 4507/5253/8520 4471/5269/8520 4472/5270/8520
f 4473/5259/8521 4507/5253/8521 4472/5270/8521
f 4513/5271/8522 4517/5272/8522 4516/5273/8522
f 4515/5274/8523 4517/5272/8523 4514/5275/8523
f 4517/5272/8524 4519/5276/8524 4516/5273/8524
f 4517/5272/8525 4521/5277/8525 4520/5278/8525
f 4435/5279/8526 4513/5271/8526 4441/5280/8526
f 4455/5281/8527 4514/5275/8527 4513/5271/8527
f 4453/5282/8528 4514/5275/8528 4454/5283/8528
f 4439/5229/8529 4515/5274/8529 4453/5282/8529
f 4464/5239/8530 4518/5284/8530 4515/5274/8530
f 4518/5284/8531 4462/5248/8531 4521/5277/8531
f 4521/5277/8532 4437/5249/8532 4473/5285/8532
f 4520/5278/8533 4473/5285/8533 4472/5286/8533
f 4520/5278/8534 4471/5287/8534 4519/5276/8534
f 4519/5276/8535 4433/5288/8535 4443/5289/8535
f 4516/5273/8536 4443/5289/8536 4442/5290/8536
f 4441/5280/8537 4516/5273/8537 4442/5290/8537
f 4522/5291/8538 4526/5292/8538 4525/5293/8538
f 4524/5294/8539 4526/5292/8539 4523/5295/8539
f 4526/5292/8540 4528/5296/8540 4525/5293/8540
f 4526/5292/8541 4530/5297/8541 4529/5298/8541
f 4440/5225/8542 4522/5291/8542 4465/5241/8542
f 4458/5299/8543 4523/5295/8543 4522/5291/8543
f 4456/5300/8544 4523/5295/8544 4457/5301/8544
f 4436/5302/8545 4524/5294/8545 4456/5300/8545
f 4449/5303/8546 4527/5304/8546 4524/5294/8546
f 4527/5304/8547 4447/5305/8547 4530/5297/8547
f 4530/5297/8548 4434/5306/8548 4476/5307/8548
f 4529/5298/8549 4476/5307/8549 4475/5308/8549
f 4529/5298/8550 4474/5309/8550 4528/5296/8550
f 4528/5296/8551 4438/5260/8551 4467/5244/8551
f 4525/5293/8552 4467/5244/8552 4466/5242/8552
f 4465/5241/8553 4525/5293/8553 4466/5242/8553
f 4478/5189/8554 4481/5193/8554 4480/5190/8554
f 4478/5189/8555 4479/5200/8555 4482/5192/8555
f 4480/5190/8556 4481/5193/8556 4484/5194/8556
f 4482/5192/8557 4485/5204/8557 4484/5194/8557
f 4444/5196/8558 4477/5191/8558 4443/5197/8558
f 4445/5199/8559 4478/5189/8559 4477/5191/8559
f 4445/5199/8560 4446/5201/8560 4479/5200/8560
f 4446/5201/8561 4434/5310/8561 4447/5202/8561
f 4479/5200/8562 4447/5202/8562 4448/5203/8562
f 4448/5203/8563 4449/5205/8563 4485/5204/8563
f 4449/5205/8564 4436/5221/8564 4450/5206/8564
f 4485/5204/8565 4450/5206/8565 4451/5207/8565
f 4483/5195/8566 4484/5194/8566 4451/5207/8566
f 4441/5209/8567 4483/5195/8567 4452/5208/8567
f 4442/5211/8568 4480/5190/8568 4483/5195/8568
f 4477/5191/8569 4480/5190/8569 4442/5211/8569
f 4486/5212/8570 4487/5216/8570 4490/5213/8570
f 4488/5215/8571 4491/5223/8571 4490/5213/8571
f 4490/5213/8572 4493/5219/8572 4492/5217/8572
f 4490/5213/8573 4491/5223/8573 4494/5218/8573
f 4435/5210/8574 4452/5208/8574 4486/5212/8574
f 4452/5208/8575 4451/5207/8575 4487/5216/8575
f 4450/5206/8576 4488/5215/8576 4487/5216/8576
f 4436/5221/8577 4456/5222/8577 4488/5215/8577
f 4456/5222/8578 4457/5311/8578 4491/5223/8578
f 4491/5223/8579 4457/5311/8579 4458/5224/8579
f 4494/5218/8580 4458/5224/8580 4440/5225/8580
f 4493/5219/8581 4494/5218/8581 4459/5226/8581
f 4493/5219/8582 4460/5227/8582 4461/5228/8582
f 4492/5217/8583 4461/5228/8583 4439/5229/8583
f 4489/5214/8584 4492/5217/8584 4453/5230/8584
f 4455/5220/8585 4486/5212/8585 4489/5214/8585
f 4496/5232/8586 4499/5236/8586 4498/5233/8586
f 4496/5232/8587 4497/5240/8587 4500/5235/8587
f 4498/5233/8588 4499/5236/8588 4502/5237/8588
f 4500/5235/8589 4503/5243/8589 4502/5237/8589
f 4461/5228/8590 4495/5234/8590 4464/5239/8590
f 4460/5227/8591 4496/5232/8591 4495/5234/8591
f 4460/5227/8592 4459/5226/8592 4497/5240/8592
f 4459/5226/8593 4440/5225/8593 4465/5241/8593
f 4497/5240/8594 4465/5241/8594 4466/5242/8594
f 4466/5242/8595 4467/5244/8595 4503/5243/8595
f 4467/5244/8596 4438/5260/8596 4468/5245/8596
f 4503/5243/8597 4468/5245/8597 4469/5246/8597
f 4501/5238/8598 4502/5237/8598 4469/5246/8598
f 4462/5248/8599 4501/5238/8599 4470/5247/8599
f 4463/5250/8600 4498/5233/8600 4501/5238/8600
f 4495/5234/8601 4498/5233/8601 4463/5250/8601
f 4504/5251/8602 4505/5255/8602 4508/5252/8602
f 4506/5254/8603 4509/5262/8603 4508/5252/8603
f 4508/5252/8604 4511/5258/8604 4510/5256/8604
f 4508/5252/8605 4509/5262/8605 4512/5257/8605
f 4437/5249/8606 4470/5247/8606 4504/5251/8606
f 4470/5247/8607 4469/5246/8607 4505/5255/8607
f 4468/5245/8608 4506/5254/8608 4505/5255/8608
f 4438/5260/8609 4474/5261/8609 4506/5254/8609
f 4474/5261/8610 4475/5312/8610 4509/5262/8610
f 4509/5262/8611 4475/5312/8611 4476/5263/8611
f 4512/5257/8612 4476/5263/8612 4434/5264/8612
f 4511/5258/8613 4512/5257/8613 4446/5265/8613
f 4511/5258/8614 4445/5266/8614 4444/5267/8614
f 4510/5256/8615 4444/5267/8615 4433/5268/8615
f 4507/5253/8616 4510/5256/8616 4471/5269/8616
f 4473/5259/8617 4504/5251/8617 4507/5253/8617
f 4513/5271/8618 4514/5275/8618 4517/5272/8618
f 4515/5274/8619 4518/5284/8619 4517/5272/8619
f 4517/5272/8620 4520/5278/8620 4519/5276/8620
f 4517/5272/8621 4518/5284/8621 4521/5277/8621
f 4435/5279/8622 4455/5281/8622 4513/5271/8622
f 4455/5281/8623 4454/5283/8623 4514/5275/8623
f 4453/5282/8624 4515/5274/8624 4514/5275/8624
f 4439/5229/8625 4464/5239/8625 4515/5274/8625
f 4464/5239/8530 4463/5250/8530 4518/5284/8530
f 4518/5284/8626 4463/5250/8626 4462/5248/8626
f 4521/5277/8627 4462/5248/8627 4437/5249/8627
f 4520/5278/8628 4521/5277/8628 4473/5285/8628
f 4520/5278/8629 4472/5286/8629 4471/5287/8629
f 4519/5276/8630 4471/5287/8630 4433/5288/8630
f 4516/5273/8536 4519/5276/8536 4443/5289/8536
f 4441/5280/8631 4513/5271/8631 4516/5273/8631
f 4522/5291/8632 4523/5295/8632 4526/5292/8632
f 4524/5294/8633 4527/5304/8633 4526/5292/8633
f 4526/5292/8634 4529/5298/8634 4528/5296/8634
f 4526/5292/8635 4527/5304/8635 4530/5297/8635
f 4440/5225/8636 4458/5299/8636 4522/5291/8636
f 4458/5299/8637 4457/5301/8637 4523/5295/8637
f 4456/5300/8638 4524/5294/8638 4523/5295/8638
f 4436/5302/8639 4449/5303/8639 4524/5294/8639
f 4449/5303/8640 4448/5313/8640 4527/5304/8640
f 4527/5304/8547 4448/5313/8547 4447/5305/8547
f 4530/5297/8641 4447/5305/8641 4434/5306/8641
f 4529/5298/8642 4530/5297/8642 4476/5307/8642
f 4529/5298/8643 4475/5308/8643 4474/5309/8643
f 4528/5296/8644 4474/5309/8644 4438/5260/8644
f 4525/5293/8645 4528/5296/8645 4467/5244/8645
f 4465/5241/8553 4522/5291/8553 4525/5293/8553
o hm_prop_utility_cabinet_v2_Hinge_-0.4_0.3
v -0.413705 0.297000 0.245914
v -0.373718 0.297000 0.244867
v -0.413628 0.289929 0.248842
v -0.373642 0.289929 0.247795
v -0.413443 0.287000 0.255910
v -0.373456 0.287000 0.254863
v -0.413258 0.289929 0.262979
v -0.373271 0.289929 0.261932
v -0.413181 0.297000 0.265907
v -0.373195 0.297000 0.264860
v -0.413258 0.304071 0.262979
v -0.373271 0.304071 0.261932
v -0.413443 0.307000 0.255910
v -0.373456 0.307000 0.254863
v -0.413628 0.304071 0.248842
v -0.373642 0.304071 0.247795
vn -0.0242 -0.3827 -0.9236
vn -0.0100 -0.9239 -0.3826
vn 0.0100 -0.9239 0.3826
vn 0.0242 -0.3827 0.9236
vn 0.0242 0.3827 0.9236
vn 0.0100 0.9239 0.3826
vn 0.9997 -0.0000 -0.0262
vn -0.0100 0.9239 -0.3826
vn -0.0242 0.3827 -0.9236
vn -0.9997 -0.0000 0.0262
vt 1.000000 1.000000
vt 0.875000 0.500000
vt 1.000000 0.500000
vt 0.875000 1.000000
vt 0.750000 0.500000
vt 0.750000 1.000000
vt 0.625000 0.500000
vt 0.625000 1.000000
vt 0.500000 0.500000
vt 0.500000 1.000000
vt 0.375000 0.500000
vt 0.375000 1.000000
vt 0.250000 0.500000
vt 0.010000 0.250000
vt 0.250000 0.010000
vt 0.490000 0.250000
vt 0.250000 1.000000
vt 0.125000 0.500000
vt 0.125000 1.000000
vt 0.000000 0.500000
vt 0.919706 0.080294
vt 0.580294 0.080294
vt 0.580294 0.419706
vt 0.419706 0.419706
vt 0.250000 0.490000
vt 0.080294 0.419706
vt 0.080294 0.080294
vt 0.419706 0.080294
vt 0.000000 1.000000
vt 0.750000 0.490000
vt 0.919706 0.419706
vt 0.990000 0.250000
vt 0.750000 0.010000
vt 0.510000 0.250000
s 0
usemtl HM_Bolt
f 4532/5314/8646 4533/5315/8646 4531/5316/8646
f 4534/5317/8647 4535/5318/8647 4533/5315/8647
f 4536/5319/8648 4537/5320/8648 4535/5318/8648
f 4538/5321/8649 4539/5322/8649 4537/5320/8649
f 4540/5323/8650 4541/5324/8650 4539/5322/8650
f 4542/5325/8651 4543/5326/8651 4541/5324/8651
f 4544/5327/8652 4540/5328/8652 4536/5329/8652
f 4544/5330/8653 4545/5331/8653 4543/5326/8653
f 4546/5332/8654 4531/5333/8654 4545/5331/8654
f 4537/5334/8655 4541/5335/8655 4545/5336/8655
f 4532/5314/8646 4534/5317/8646 4533/5315/8646
f 4534/5317/8647 4536/5319/8647 4535/5318/8647
f 4536/5319/8648 4538/5321/8648 4537/5320/8648
f 4538/5321/8649 4540/5323/8649 4539/5322/8649
f 4540/5323/8650 4542/5325/8650 4541/5324/8650
f 4542/5325/8651 4544/5330/8651 4543/5326/8651
f 4536/5329/8652 4534/5337/8652 4532/5338/8652
f 4532/5338/8652 4546/5339/8652 4544/5327/8652
f 4544/5327/8652 4542/5340/8652 4540/5328/8652
f 4540/5328/8652 4538/5341/8652 4536/5329/8652
f 4536/5329/8652 4532/5338/8652 4544/5327/8652
f 4544/5330/8653 4546/5332/8653 4545/5331/8653
f 4546/5332/8654 4532/5342/8654 4531/5333/8654
f 4545/5336/8655 4531/5343/8655 4533/5344/8655
f 4533/5344/8655 4535/5345/8655 4537/5334/8655
f 4537/5334/8655 4539/5346/8655 4541/5335/8655
f 4541/5335/8655 4543/5347/8655 4545/5336/8655
f 4545/5336/8655 4533/5344/8655 4537/5334/8655
o hm_prop_utility_cabinet_v2_Bolt_-0.4_0.3
v -0.333889 0.291000 0.237822
v -0.333889 0.303000 0.237822
v -0.329602 0.291000 0.239467
v -0.329602 0.303000 0.239467
v -0.327734 0.291000 0.243663
v -0.327734 0.303000 0.243663
v -0.329380 0.291000 0.247950
v -0.329380 0.303000 0.247950
v -0.333575 0.291000 0.249818
v -0.333575 0.303000 0.249818
v -0.337862 0.291000 0.248172
v -0.337862 0.303000 0.248172
v -0.339730 0.291000 0.243977
v -0.339730 0.303000 0.243977
v -0.338084 0.291000 0.239690
v -0.338084 0.303000 0.239690
vn 0.3584 -0.0000 -0.9336
vn 0.9135 -0.0000 -0.4067
vn 0.9336 -0.0000 0.3584
vn 0.4067 -0.0000 0.9135
vn -0.3584 -0.0000 0.9336
vn -0.9135 -0.0000 0.4067
vn -0.0000 1.0000 -0.0000
vn -0.9336 -0.0000 -0.3584
vn -0.4067 -0.0000 -0.9135
vn -0.0000 -1.0000 -0.0000
vt 1.000000 1.000000
vt 0.875000 0.500000
vt 1.000000 0.500000
vt 0.875000 1.000000
vt 0.750000 0.500000
vt 0.750000 1.000000
vt 0.625000 0.500000
vt 0.625000 1.000000
vt 0.500000 0.500000
vt 0.500000 1.000000
vt 0.375000 0.500000
vt 0.375000 1.000000
vt 0.250000 0.500000
vt 0.010000 0.250000
vt 0.250000 0.010000
vt 0.490000 0.250000
vt 0.250000 1.000000
vt 0.125000 0.500000
vt 0.125000 1.000000
vt 0.000000 0.500000
vt 0.919706 0.080294
vt 0.580294 0.080294
vt 0.580294 0.419706
vt 0.419706 0.419706
vt 0.250000 0.490000
vt 0.080294 0.419706
vt 0.080294 0.080294
vt 0.419706 0.080294
vt 0.000000 1.000000
vt 0.750000 0.490000
vt 0.919706 0.419706
vt 0.990000 0.250000
vt 0.750000 0.010000
vt 0.510000 0.250000
s 0
usemtl HM_Bolt
f 4548/5348/8656 4549/5349/8656 4547/5350/8656
f 4550/5351/8657 4551/5352/8657 4549/5349/8657
f 4552/5353/8658 4553/5354/8658 4551/5352/8658
f 4554/5355/8659 4555/5356/8659 4553/5354/8659
f 4556/5357/8660 4557/5358/8660 4555/5356/8660
f 4558/5359/8661 4559/5360/8661 4557/5358/8661
f 4560/5361/8662 4556/5362/8662 4552/5363/8662
f 4560/5364/8663 4561/5365/8663 4559/5360/8663
f 4562/5366/8664 4547/5367/8664 4561/5365/8664
f 4553/5368/8665 4557/5369/8665 4561/5370/8665
f 4548/5348/8656 4550/5351/8656 4549/5349/8656
f 4550/5351/8657 4552/5353/8657 4551/5352/8657
f 4552/5353/8658 4554/5355/8658 4553/5354/8658
f 4554/5355/8659 4556/5357/8659 4555/5356/8659
f 4556/5357/8660 4558/5359/8660 4557/5358/8660
f 4558/5359/8661 4560/5364/8661 4559/5360/8661
f 4552/5363/8662 4550/5371/8662 4548/5372/8662
f 4548/5372/8662 4562/5373/8662 4560/5361/8662
f 4560/5361/8662 4558/5374/8662 4556/5362/8662
f 4556/5362/8662 4554/5375/8662 4552/5363/8662
f 4552/5363/8662 4548/5372/8662 4560/5361/8662
f 4560/5364/8663 4562/5366/8663 4561/5365/8663
f 4562/5366/8664 4548/5376/8664 4547/5367/8664
f 4561/5370/8665 4547/5377/8665 4549/5378/8665
f 4549/5378/8665 4551/5379/8665 4553/5368/8665
f 4553/5368/8665 4555/5380/8665 4557/5369/8665
f 4557/5369/8665 4559/5381/8665 4561/5370/8665
f 4561/5370/8665 4549/5378/8665 4553/5368/8665
o hm_prop_utility_cabinet_v2_Hinge_-0.4_1.0
v -0.413705 0.997000 0.245914
v -0.373718 0.997000 0.244867
v -0.413628 0.989929 0.248842
v -0.373642 0.989929 0.247795
v -0.413443 0.987000 0.255910
v -0.373456 0.987000 0.254863
v -0.413258 0.989929 0.262979
v -0.373271 0.989929 0.261932
v -0.413181 0.997000 0.265907
v -0.373195 0.997000 0.264860
v -0.413258 1.004071 0.262979
v -0.373271 1.004071 0.261932
v -0.413443 1.007000 0.255910
v -0.373456 1.007000 0.254863
v -0.413628 1.004071 0.248842
v -0.373642 1.004071 0.247795
vn -0.0242 -0.3827 -0.9236
vn -0.0100 -0.9239 -0.3826
vn 0.0100 -0.9239 0.3826
vn 0.0242 -0.3827 0.9236
vn 0.0242 0.3827 0.9236
vn 0.0100 0.9239 0.3826
vn 0.9997 -0.0000 -0.0262
vn -0.0100 0.9239 -0.3826
vn -0.0242 0.3827 -0.9236
vn -0.9997 -0.0000 0.0262
vt 1.000000 1.000000
vt 0.875000 0.500000
vt 1.000000 0.500000
vt 0.875000 1.000000
vt 0.750000 0.500000
vt 0.750000 1.000000
vt 0.625000 0.500000
vt 0.625000 1.000000
vt 0.500000 0.500000
vt 0.500000 1.000000
vt 0.375000 0.500000
vt 0.375000 1.000000
vt 0.250000 0.500000
vt 0.010000 0.250000
vt 0.250000 0.010000
vt 0.490000 0.250000
vt 0.250000 1.000000
vt 0.125000 0.500000
vt 0.125000 1.000000
vt 0.000000 0.500000
vt 0.919706 0.080294
vt 0.580294 0.080294
vt 0.580294 0.419706
vt 0.419706 0.419706
vt 0.250000 0.490000
vt 0.080294 0.419706
vt 0.080294 0.080294
vt 0.419706 0.080294
vt 0.000000 1.000000
vt 0.750000 0.490000
vt 0.919706 0.419706
vt 0.990000 0.250000
vt 0.750000 0.010000
vt 0.510000 0.250000
s 0
usemtl HM_Bolt
f 4564/5382/8666 4565/5383/8666 4563/5384/8666
f 4566/5385/8667 4567/5386/8667 4565/5383/8667
f 4568/5387/8668 4569/5388/8668 4567/5386/8668
f 4570/5389/8669 4571/5390/8669 4569/5388/8669
f 4572/5391/8670 4573/5392/8670 4571/5390/8670
f 4574/5393/8671 4575/5394/8671 4573/5392/8671
f 4576/5395/8672 4572/5396/8672 4568/5397/8672
f 4576/5398/8673 4577/5399/8673 4575/5394/8673
f 4578/5400/8674 4563/5401/8674 4577/5399/8674
f 4569/5402/8675 4573/5403/8675 4577/5404/8675
f 4564/5382/8666 4566/5385/8666 4565/5383/8666
f 4566/5385/8667 4568/5387/8667 4567/5386/8667
f 4568/5387/8668 4570/5389/8668 4569/5388/8668
f 4570/5389/8669 4572/5391/8669 4571/5390/8669
f 4572/5391/8670 4574/5393/8670 4573/5392/8670
f 4574/5393/8671 4576/5398/8671 4575/5394/8671
f 4568/5397/8672 4566/5405/8672 4564/5406/8672
f 4564/5406/8672 4578/5407/8672 4576/5395/8672
f 4576/5395/8672 4574/5408/8672 4572/5396/8672
f 4572/5396/8672 4570/5409/8672 4568/5397/8672
f 4568/5397/8672 4564/5406/8672 4576/5395/8672
f 4576/5398/8673 4578/5400/8673 4577/5399/8673
f 4578/5400/8674 4564/5410/8674 4563/5401/8674
f 4577/5404/8675 4563/5411/8675 4565/5412/8675
f 4565/5412/8675 4567/5413/8675 4569/5402/8675
f 4569/5402/8675 4571/5414/8675 4573/5403/8675
f 4573/5403/8675 4575/5415/8675 4577/5404/8675
f 4577/5404/8675 4565/5412/8675 4569/5402/8675
o hm_prop_utility_cabinet_v2_Bolt_-0.4_1.0
v -0.333889 0.991000 0.237822
v -0.333889 1.003000 0.237822
v -0.329602 0.991000 0.239467
v -0.329602 1.003000 0.239467
v -0.327734 0.991000 0.243663
v -0.327734 1.003000 0.243663
v -0.329380 0.991000 0.247950
v -0.329380 1.003000 0.247950
v -0.333575 0.991000 0.249818
v -0.333575 1.003000 0.249818
v -0.337862 0.991000 0.248172
v -0.337862 1.003000 0.248172
v -0.339730 0.991000 0.243977
v -0.339730 1.003000 0.243977
v -0.338084 0.991000 0.239690
v -0.338084 1.003000 0.239690
vn 0.3584 -0.0000 -0.9336
vn 0.9135 -0.0000 -0.4067
vn 0.9336 -0.0000 0.3584
vn 0.4067 -0.0000 0.9135
vn -0.3584 -0.0000 0.9336
vn -0.9135 -0.0000 0.4067
vn -0.0000 1.0000 -0.0000
vn -0.9336 -0.0000 -0.3584
vn -0.4067 -0.0000 -0.9135
vn -0.0000 -1.0000 -0.0000
vt 1.000000 1.000000
vt 0.875000 0.500000
vt 1.000000 0.500000
vt 0.875000 1.000000
vt 0.750000 0.500000
vt 0.750000 1.000000
vt 0.625000 0.500000
vt 0.625000 1.000000
vt 0.500000 0.500000
vt 0.500000 1.000000
vt 0.375000 0.500000
vt 0.375000 1.000000
vt 0.250000 0.500000
vt 0.010000 0.250000
vt 0.250000 0.010000
vt 0.490000 0.250000
vt 0.250000 1.000000
vt 0.125000 0.500000
vt 0.125000 1.000000
vt 0.000000 0.500000
vt 0.919706 0.080294
vt 0.580294 0.080294
vt 0.580294 0.419706
vt 0.419706 0.419706
vt 0.250000 0.490000
vt 0.080294 0.419706
vt 0.080294 0.080294
vt 0.419706 0.080294
vt 0.000000 1.000000
vt 0.750000 0.490000
vt 0.919706 0.419706
vt 0.990000 0.250000
vt 0.750000 0.010000
vt 0.510000 0.250000
s 0
usemtl HM_Bolt
f 4580/5416/8676 4581/5417/8676 4579/5418/8676
f 4582/5419/8677 4583/5420/8677 4581/5417/8677
f 4584/5421/8678 4585/5422/8678 4583/5420/8678
f 4586/5423/8679 4587/5424/8679 4585/5422/8679
f 4588/5425/8680 4589/5426/8680 4587/5424/8680
f 4590/5427/8681 4591/5428/8681 4589/5426/8681
f 4592/5429/8682 4588/5430/8682 4584/5431/8682
f 4592/5432/8683 4593/5433/8683 4591/5428/8683
f 4594/5434/8684 4579/5435/8684 4593/5433/8684
f 4585/5436/8685 4589/5437/8685 4593/5438/8685
f 4580/5416/8676 4582/5419/8676 4581/5417/8676
f 4582/5419/8677 4584/5421/8677 4583/5420/8677
f 4584/5421/8678 4586/5423/8678 4585/5422/8678
f 4586/5423/8679 4588/5425/8679 4587/5424/8679
f 4588/5425/8680 4590/5427/8680 4589/5426/8680
f 4590/5427/8681 4592/5432/8681 4591/5428/8681
f 4584/5431/8682 4582/5439/8682 4580/5440/8682
f 4580/5440/8682 4594/5441/8682 4592/5429/8682
f 4592/5429/8682 4590/5442/8682 4588/5430/8682
f 4588/5430/8682 4586/5443/8682 4584/5431/8682
f 4584/5431/8682 4580/5440/8682 4592/5429/8682
f 4592/5432/8683 4594/5434/8683 4593/5433/8683
f 4594/5434/8684 4580/5444/8684 4579/5435/8684
f 4593/5438/8685 4579/5445/8685 4581/5446/8685
f 4581/5446/8685 4583/5447/8685 4585/5436/8685
f 4585/5436/8685 4587/5448/8685 4589/5437/8685
f 4589/5437/8685 4591/5449/8685 4593/5438/8685
f 4593/5438/8685 4581/5446/8685 4585/5436/8685
o hm_prop_utility_cabinet_v2_Hinge_0.4_0.3
v 0.386021 0.297000 0.224972
v 0.426008 0.297000 0.223925
v 0.386098 0.289929 0.227900
v 0.426084 0.289929 0.226853
v 0.386283 0.287000 0.234969
v 0.426269 0.287000 0.233922
v 0.386468 0.289929 0.242037
v 0.426455 0.289929 0.240990
v 0.386545 0.297000 0.244965
v 0.426531 0.297000 0.243918
v 0.386468 0.304071 0.242037
v 0.426455 0.304071 0.240990
v 0.386283 0.307000 0.234969
v 0.426269 0.307000 0.233922
v 0.386098 0.304071 0.227900
v 0.426084 0.304071 0.226853
vn -0.0242 -0.3827 -0.9236
vn -0.0100 -0.9239 -0.3826
vn 0.0100 -0.9239 0.3826
vn 0.0242 -0.3827 0.9236
vn 0.0242 0.3827 0.9236
vn 0.0100 0.9239 0.3826
vn 0.9997 -0.0000 -0.0262
vn -0.0100 0.9239 -0.3826
vn -0.0242 0.3827 -0.9236
vn -0.9997 -0.0000 0.0262
vt 1.000000 1.000000
vt 0.875000 0.500000
vt 1.000000 0.500000
vt 0.875000 1.000000
vt 0.750000 0.500000
vt 0.750000 1.000000
vt 0.625000 0.500000
vt 0.625000 1.000000
vt 0.500000 0.500000
vt 0.500000 1.000000
vt 0.375000 0.500000
vt 0.375000 1.000000
vt 0.250000 0.500000
vt 0.010000 0.250000
vt 0.250000 0.010000
vt 0.490000 0.250000
vt 0.250000 1.000000
vt 0.125000 0.500000
vt 0.125000 1.000000
vt 0.000000 0.500000
vt 0.919706 0.080294
vt 0.580294 0.080294
vt 0.580294 0.419706
vt 0.419706 0.419706
vt 0.250000 0.490000
vt 0.080294 0.419706
vt 0.080294 0.080294
vt 0.419706 0.080294
vt 0.000000 1.000000
vt 0.750000 0.490000
vt 0.919706 0.419706
vt 0.990000 0.250000
vt 0.750000 0.010000
vt 0.510000 0.250000
s 0
usemtl HM_Bolt
f 4596/5450/8686 4597/5451/8686 4595/5452/8686
f 4598/5453/8687 4599/5454/8687 4597/5451/8687
f 4600/5455/8688 4601/5456/8688 4599/5454/8688
f 4602/5457/8689 4603/5458/8689 4601/5456/8689
f 4604/5459/8690 4605/5460/8690 4603/5458/8690
f 4606/5461/8691 4607/5462/8691 4605/5460/8691
f 4608/5463/8692 4604/5464/8692 4600/5465/8692
f 4608/5466/8693 4609/5467/8693 4607/5462/8693
f 4610/5468/8694 4595/5469/8694 4609/5467/8694
f 4601/5470/8695 4605/5471/8695 4609/5472/8695
f 4596/5450/8686 4598/5453/8686 4597/5451/8686
f 4598/5453/8687 4600/5455/8687 4599/5454/8687
f 4600/5455/8688 4602/5457/8688 4601/5456/8688
f 4602/5457/8689 4604/5459/8689 4603/5458/8689
f 4604/5459/8690 4606/5461/8690 4605/5460/8690
f 4606/5461/8691 4608/5466/8691 4607/5462/8691
f 4600/5465/8692 4598/5473/8692 4596/5474/8692
f 4596/5474/8692 4610/5475/8692 4608/5463/8692
f 4608/5463/8692 4606/5476/8692 4604/5464/8692
f 4604/5464/8692 4602/5477/8692 4600/5465/8692
f 4600/5465/8692 4596/5474/8692 4608/5463/8692
f 4608/5466/8693 4610/5468/8693 4609/5467/8693
f 4610/5468/8694 4596/5478/8694 4595/5469/8694
f 4609/5472/8695 4595/5479/8695 4597/5480/8695
f 4597/5480/8695 4599/5481/8695 4601/5470/8695
f 4601/5470/8695 4603/5482/8695 4605/5471/8695
f 4605/5471/8695 4607/5483/8695 4609/5472/8695
f 4609/5472/8695 4597/5480/8695 4601/5470/8695
o hm_prop_utility_cabinet_v2_Bolt_0.4_0.3
v 0.345878 0.291000 0.220021
v 0.345878 0.303000 0.220021
v 0.350165 0.291000 0.221667
v 0.350165 0.303000 0.221667
v 0.352033 0.291000 0.225862
v 0.352033 0.303000 0.225862
v 0.350387 0.291000 0.230149
v 0.350387 0.303000 0.230149
v 0.346192 0.291000 0.232017
v 0.346192 0.303000 0.232017
v 0.341905 0.291000 0.230372
v 0.341905 0.303000 0.230372
v 0.340037 0.291000 0.226176
v 0.340037 0.303000 0.226176
v 0.341683 0.291000 0.221889
v 0.341683 0.303000 0.221889
vn 0.3584 -0.0000 -0.9336
vn 0.9135 -0.0000 -0.4067
vn 0.9336 -0.0000 0.3584
vn 0.4067 -0.0000 0.9135
vn -0.3584 -0.0000 0.9336
vn -0.9135 -0.0000 0.4067
vn -0.0000 1.0000 -0.0000
vn -0.9336 -0.0000 -0.3584
vn -0.4067 -0.0000 -0.9135
vn -0.0000 -1.0000 -0.0000
vt 1.000000 1.000000
vt 0.875000 0.500000
vt 1.000000 0.500000
vt 0.875000 1.000000
vt 0.750000 0.500000
vt 0.750000 1.000000
vt 0.625000 0.500000
vt 0.625000 1.000000
vt 0.500000 0.500000
vt 0.500000 1.000000
vt 0.375000 0.500000
vt 0.375000 1.000000
vt 0.250000 0.500000
vt 0.010000 0.250000
vt 0.250000 0.010000
vt 0.490000 0.250000
vt 0.250000 1.000000
vt 0.125000 0.500000
vt 0.125000 1.000000
vt 0.000000 0.500000
vt 0.919706 0.080294
vt 0.580294 0.080294
vt 0.580294 0.419706
vt 0.419706 0.419706
vt 0.250000 0.490000
vt 0.080294 0.419706
vt 0.080294 0.080294
vt 0.419706 0.080294
vt 0.000000 1.000000
vt 0.750000 0.490000
vt 0.919706 0.419706
vt 0.990000 0.250000
vt 0.750000 0.010000
vt 0.510000 0.250000
s 0
usemtl HM_Bolt
f 4612/5484/8696 4613/5485/8696 4611/5486/8696
f 4614/5487/8697 4615/5488/8697 4613/5485/8697
f 4616/5489/8698 4617/5490/8698 4615/5488/8698
f 4618/5491/8699 4619/5492/8699 4617/5490/8699
f 4620/5493/8700 4621/5494/8700 4619/5492/8700
f 4622/5495/8701 4623/5496/8701 4621/5494/8701
f 4624/5497/8702 4620/5498/8702 4616/5499/8702
f 4624/5500/8703 4625/5501/8703 4623/5496/8703
f 4626/5502/8704 4611/5503/8704 4625/5501/8704
f 4617/5504/8705 4621/5505/8705 4625/5506/8705
f 4612/5484/8696 4614/5487/8696 4613/5485/8696
f 4614/5487/8697 4616/5489/8697 4615/5488/8697
f 4616/5489/8698 4618/5491/8698 4617/5490/8698
f 4618/5491/8699 4620/5493/8699 4619/5492/8699
f 4620/5493/8700 4622/5495/8700 4621/5494/8700
f 4622/5495/8701 4624/5500/8701 4623/5496/8701
f 4616/5499/8702 4614/5507/8702 4612/5508/8702
f 4612/5508/8702 4626/5509/8702 4624/5497/8702
f 4624/5497/8702 4622/5510/8702 4620/5498/8702
f 4620/5498/8702 4618/5511/8702 4616/5499/8702
f 4616/5499/8702 4612/5508/8702 4624/5497/8702
f 4624/5500/8703 4626/5502/8703 4625/5501/8703
f 4626/5502/8704 4612/5512/8704 4611/5503/8704
f 4625/5506/8705 4611/5513/8705 4613/5514/8705
f 4613/5514/8705 4615/5515/8705 4617/5504/8705
f 4617/5504/8705 4619/5516/8705 4621/5505/8705
f 4621/5505/8705 4623/5517/8705 4625/5506/8705
f 4625/5506/8705 4613/5514/8705 4617/5504/8705
o hm_prop_utility_cabinet_v2_Hinge_0.4_1.0
v 0.386021 0.997000 0.224972
v 0.426008 0.997000 0.223925
v 0.386098 0.989929 0.227900
v 0.426084 0.989929 0.226853
v 0.386283 0.987000 0.234969
v 0.426269 0.987000 0.233922
v 0.386468 0.989929 0.242037
v 0.426455 0.989929 0.240990
v 0.386545 0.997000 0.244965
v 0.426531 0.997000 0.243918
v 0.386468 1.004071 0.242037
v 0.426455 1.004071 0.240990
v 0.386283 1.007000 0.234969
v 0.426269 1.007000 0.233922
v 0.386098 1.004071 0.227900
v 0.426084 1.004071 0.226853
vn -0.0242 -0.3827 -0.9236
vn -0.0100 -0.9239 -0.3826
vn 0.0100 -0.9239 0.3826
vn 0.0242 -0.3827 0.9236
vn 0.0242 0.3827 0.9236
vn 0.0100 0.9239 0.3826
vn 0.9997 -0.0000 -0.0262
vn -0.0100 0.9239 -0.3826
vn -0.0242 0.3827 -0.9236
vn -0.9997 -0.0000 0.0262
vt 1.000000 1.000000
vt 0.875000 0.500000
vt 1.000000 0.500000
vt 0.875000 1.000000
vt 0.750000 0.500000
vt 0.750000 1.000000
vt 0.625000 0.500000
vt 0.625000 1.000000
vt 0.500000 0.500000
vt 0.500000 1.000000
vt 0.375000 0.500000
vt 0.375000 1.000000
vt 0.250000 0.500000
vt 0.010000 0.250000
vt 0.250000 0.010000
vt 0.490000 0.250000
vt 0.250000 1.000000
vt 0.125000 0.500000
vt 0.125000 1.000000
vt 0.000000 0.500000
vt 0.919706 0.080294
vt 0.580294 0.080294
vt 0.580294 0.419706
vt 0.419706 0.419706
vt 0.250000 0.490000
vt 0.080294 0.419706
vt 0.080294 0.080294
vt 0.419706 0.080294
vt 0.000000 1.000000
vt 0.750000 0.490000
vt 0.919706 0.419706
vt 0.990000 0.250000
vt 0.750000 0.010000
vt 0.510000 0.250000
s 0
usemtl HM_Bolt
f 4628/5518/8706 4629/5519/8706 4627/5520/8706
f 4630/5521/8707 4631/5522/8707 4629/5519/8707
f 4632/5523/8708 4633/5524/8708 4631/5522/8708
f 4634/5525/8709 4635/5526/8709 4633/5524/8709
f 4636/5527/8710 4637/5528/8710 4635/5526/8710
f 4638/5529/8711 4639/5530/8711 4637/5528/8711
f 4640/5531/8712 4636/5532/8712 4632/5533/8712
f 4640/5534/8713 4641/5535/8713 4639/5530/8713
f 4642/5536/8714 4627/5537/8714 4641/5535/8714
f 4633/5538/8715 4637/5539/8715 4641/5540/8715
f 4628/5518/8706 4630/5521/8706 4629/5519/8706
f 4630/5521/8707 4632/5523/8707 4631/5522/8707
f 4632/5523/8708 4634/5525/8708 4633/5524/8708
f 4634/5525/8709 4636/5527/8709 4635/5526/8709
f 4636/5527/8710 4638/5529/8710 4637/5528/8710
f 4638/5529/8711 4640/5534/8711 4639/5530/8711
f 4632/5533/8712 4630/5541/8712 4628/5542/8712
f 4628/5542/8712 4642/5543/8712 4640/5531/8712
f 4640/5531/8712 4638/5544/8712 4636/5532/8712
f 4636/5532/8712 4634/5545/8712 4632/5533/8712
f 4632/5533/8712 4628/5542/8712 4640/5531/8712
f 4640/5534/8713 4642/5536/8713 4641/5535/8713
f 4642/5536/8714 4628/5546/8714 4627/5537/8714
f 4641/5540/8715 4627/5547/8715 4629/5548/8715
f 4629/5548/8715 4631/5549/8715 4633/5538/8715
f 4633/5538/8715 4635/5550/8715 4637/5539/8715
f 4637/5539/8715 4639/5551/8715 4641/5540/8715
f 4641/5540/8715 4629/5548/8715 4633/5538/8715
o hm_prop_utility_cabinet_v2_Bolt_0.4_1.0
v 0.345878 0.991000 0.220021
v 0.345878 1.003000 0.220021
v 0.350165 0.991000 0.221667
v 0.350165 1.003000 0.221667
v 0.352033 0.991000 0.225862
v 0.352033 1.003000 0.225862
v 0.350387 0.991000 0.230149
v 0.350387 1.003000 0.230149
v 0.346192 0.991000 0.232017
v 0.346192 1.003000 0.232017
v 0.341905 0.991000 0.230372
v 0.341905 1.003000 0.230372
v 0.340037 0.991000 0.226176
v 0.340037 1.003000 0.226176
v 0.341683 0.991000 0.221889
v 0.341683 1.003000 0.221889
vn 0.3584 -0.0000 -0.9336
vn 0.9135 -0.0000 -0.4067
vn 0.9336 -0.0000 0.3584
vn 0.4067 -0.0000 0.9135
vn -0.3584 -0.0000 0.9336
vn -0.9135 -0.0000 0.4067
vn -0.0000 1.0000 -0.0000
vn -0.9336 -0.0000 -0.3584
vn -0.4067 -0.0000 -0.9135
vn -0.0000 -1.0000 -0.0000
vt 1.000000 1.000000
vt 0.875000 0.500000
vt 1.000000 0.500000
vt 0.875000 1.000000
vt 0.750000 0.500000
vt 0.750000 1.000000
vt 0.625000 0.500000
vt 0.625000 1.000000
vt 0.500000 0.500000
vt 0.500000 1.000000
vt 0.375000 0.500000
vt 0.375000 1.000000
vt 0.250000 0.500000
vt 0.010000 0.250000
vt 0.250000 0.010000
vt 0.490000 0.250000
vt 0.250000 1.000000
vt 0.125000 0.500000
vt 0.125000 1.000000
vt 0.000000 0.500000
vt 0.919706 0.080294
vt 0.580294 0.080294
vt 0.580294 0.419706
vt 0.419706 0.419706
vt 0.250000 0.490000
vt 0.080294 0.419706
vt 0.080294 0.080294
vt 0.419706 0.080294
vt 0.000000 1.000000
vt 0.750000 0.490000
vt 0.919706 0.419706
vt 0.990000 0.250000
vt 0.750000 0.010000
vt 0.510000 0.250000
s 0
usemtl HM_Bolt
f 4644/5552/8716 4645/5553/8716 4643/5554/8716
f 4646/5555/8717 4647/5556/8717 4645/5553/8717
f 4648/5557/8718 4649/5558/8718 4647/5556/8718
f 4650/5559/8719 4651/5560/8719 4649/5558/8719
f 4652/5561/8720 4653/5562/8720 4651/5560/8720
f 4654/5563/8721 4655/5564/8721 4653/5562/8721
f 4656/5565/8722 4652/5566/8722 4648/5567/8722
f 4656/5568/8723 4657/5569/8723 4655/5564/8723
f 4658/5570/8724 4643/5571/8724 4657/5569/8724
f 4649/5572/8725 4653/5573/8725 4657/5574/8725
f 4644/5552/8716 4646/5555/8716 4645/5553/8716
f 4646/5555/8717 4648/5557/8717 4647/5556/8717
f 4648/5557/8718 4650/5559/8718 4649/5558/8718
f 4650/5559/8719 4652/5561/8719 4651/5560/8719
f 4652/5561/8720 4654/5563/8720 4653/5562/8720
f 4654/5563/8721 4656/5568/8721 4655/5564/8721
f 4648/5567/8722 4646/5575/8722 4644/5576/8722
f 4644/5576/8722 4658/5577/8722 4656/5565/8722
f 4656/5565/8722 4654/5578/8722 4652/5566/8722
f 4652/5566/8722 4650/5579/8722 4648/5567/8722
f 4648/5567/8722 4644/5576/8722 4656/5565/8722
f 4656/5568/8723 4658/5570/8723 4657/5569/8723
f 4658/5570/8724 4644/5580/8724 4643/5571/8724
f 4657/5574/8725 4643/5581/8725 4645/5582/8725
f 4645/5582/8725 4647/5583/8725 4649/5572/8725
f 4649/5572/8725 4651/5584/8725 4653/5573/8725
f 4653/5573/8725 4655/5585/8725 4657/5574/8725
f 4657/5574/8725 4645/5582/8725 4649/5572/8725
o Cab_TopBolt_-0.35
v -0.343755 1.191000 0.243082
v -0.343755 1.203000 0.243082
v -0.339467 1.191000 0.244727
v -0.339467 1.203000 0.244727
v -0.337600 1.191000 0.248923
v -0.337600 1.203000 0.248923
v -0.339245 1.191000 0.253210
v -0.339245 1.203000 0.253210
v -0.343441 1.191000 0.255078
v -0.343441 1.203000 0.255078
v -0.347728 1.191000 0.253432
v -0.347728 1.203000 0.253432
v -0.349596 1.191000 0.249237
v -0.349596 1.203000 0.249237
v -0.347950 1.191000 0.244950
v -0.347950 1.203000 0.244950
vn 0.3584 -0.0000 -0.9336
vn 0.9135 -0.0000 -0.4067
vn 0.9336 -0.0000 0.3584
vn 0.4067 -0.0000 0.9135
vn -0.3584 -0.0000 0.9336
vn -0.9135 -0.0000 0.4067
vn -0.0000 1.0000 -0.0000
vn -0.9336 -0.0000 -0.3584
vn -0.4067 -0.0000 -0.9135
vn -0.0000 -1.0000 -0.0000
vt 1.000000 1.000000
vt 0.875000 0.500000
vt 1.000000 0.500000
vt 0.875000 1.000000
vt 0.750000 0.500000
vt 0.750000 1.000000
vt 0.625000 0.500000
vt 0.625000 1.000000
vt 0.500000 0.500000
vt 0.500000 1.000000
vt 0.375000 0.500000
vt 0.375000 1.000000
vt 0.250000 0.500000
vt 0.010000 0.250000
vt 0.250000 0.010000
vt 0.490000 0.250000
vt 0.250000 1.000000
vt 0.125000 0.500000
vt 0.125000 1.000000
vt 0.000000 0.500000
vt 0.919706 0.080294
vt 0.580294 0.080294
vt 0.580294 0.419706
vt 0.419706 0.419706
vt 0.250000 0.490000
vt 0.080294 0.419706
vt 0.080294 0.080294
vt 0.419706 0.080294
vt 0.000000 1.000000
vt 0.750000 0.490000
vt 0.919706 0.419706
vt 0.990000 0.250000
vt 0.750000 0.010000
vt 0.510000 0.250000
s 0
usemtl HM_Bolt
f 4660/5586/8726 4661/5587/8726 4659/5588/8726
f 4662/5589/8727 4663/5590/8727 4661/5587/8727
f 4664/5591/8728 4665/5592/8728 4663/5590/8728
f 4666/5593/8729 4667/5594/8729 4665/5592/8729
f 4668/5595/8730 4669/5596/8730 4667/5594/8730
f 4670/5597/8731 4671/5598/8731 4669/5596/8731
f 4672/5599/8732 4668/5600/8732 4664/5601/8732
f 4672/5602/8733 4673/5603/8733 4671/5598/8733
f 4674/5604/8734 4659/5605/8734 4673/5603/8734
f 4665/5606/8735 4669/5607/8735 4673/5608/8735
f 4660/5586/8726 4662/5589/8726 4661/5587/8726
f 4662/5589/8727 4664/5591/8727 4663/5590/8727
f 4664/5591/8728 4666/5593/8728 4665/5592/8728
f 4666/5593/8729 4668/5595/8729 4667/5594/8729
f 4668/5595/8730 4670/5597/8730 4669/5596/8730
f 4670/5597/8731 4672/5602/8731 4671/5598/8731
f 4664/5601/8732 4662/5609/8732 4660/5610/8732
f 4660/5610/8732 4674/5611/8732 4672/5599/8732
f 4672/5599/8732 4670/5612/8732 4668/5600/8732
f 4668/5600/8732 4666/5613/8732 4664/5601/8732
f 4664/5601/8732 4660/5610/8732 4672/5599/8732
f 4672/5602/8733 4674/5604/8733 4673/5603/8733
f 4674/5604/8734 4660/5614/8734 4659/5605/8734
f 4673/5608/8735 4659/5615/8735 4661/5616/8735
f 4661/5616/8735 4663/5617/8735 4665/5606/8735
f 4665/5606/8735 4667/5618/8735 4669/5607/8735
f 4669/5607/8735 4671/5619/8735 4673/5608/8735
f 4673/5608/8735 4661/5616/8735 4665/5606/8735
o Cab_TopBolt_-0.1
v -0.093840 1.191000 0.236538
v -0.093840 1.203000 0.236538
v -0.089553 1.191000 0.238183
v -0.089553 1.203000 0.238183
v -0.087685 1.191000 0.242378
v -0.087685 1.203000 0.242378
v -0.089331 1.191000 0.246666
v -0.089331 1.203000 0.246666
v -0.093526 1.191000 0.248533
v -0.093526 1.203000 0.248533
v -0.097813 1.191000 0.246888
v -0.097813 1.203000 0.246888
v -0.099681 1.191000 0.242693
v -0.099681 1.203000 0.242693
v -0.098036 1.191000 0.238405
v -0.098036 1.203000 0.238405
vn 0.3584 -0.0000 -0.9336
vn 0.9135 -0.0000 -0.4067
vn 0.9336 -0.0000 0.3584
vn 0.4067 -0.0000 0.9135
vn -0.3584 -0.0000 0.9336
vn -0.9135 -0.0000 0.4067
vn -0.0000 1.0000 -0.0000
vn -0.9336 -0.0000 -0.3584
vn -0.4067 -0.0000 -0.9135
vn -0.0000 -1.0000 -0.0000
vt 1.000000 1.000000
vt 0.875000 0.500000
vt 1.000000 0.500000
vt 0.875000 1.000000
vt 0.750000 0.500000
vt 0.750000 1.000000
vt 0.625000 0.500000
vt 0.625000 1.000000
vt 0.500000 0.500000
vt 0.500000 1.000000
vt 0.375000 0.500000
vt 0.375000 1.000000
vt 0.250000 0.500000
vt 0.010000 0.250000
vt 0.250000 0.010000
vt 0.490000 0.250000
vt 0.250000 1.000000
vt 0.125000 0.500000
vt 0.125000 1.000000
vt 0.000000 0.500000
vt 0.919706 0.080294
vt 0.580294 0.080294
vt 0.580294 0.419706
vt 0.419706 0.419706
vt 0.250000 0.490000
vt 0.080294 0.419706
vt 0.080294 0.080294
vt 0.419706 0.080294
vt 0.000000 1.000000
vt 0.750000 0.490000
vt 0.919706 0.419706
vt 0.990000 0.250000
vt 0.750000 0.010000
vt 0.510000 0.250000
s 0
usemtl HM_Bolt
f 4676/5620/8736 4677/5621/8736 4675/5622/8736
f 4678/5623/8737 4679/5624/8737 4677/5621/8737
f 4680/5625/8738 4681/5626/8738 4679/5624/8738
f 4682/5627/8739 4683/5628/8739 4681/5626/8739
f 4684/5629/8740 4685/5630/8740 4683/5628/8740
f 4686/5631/8741 4687/5632/8741 4685/5630/8741
f 4688/5633/8742 4684/5634/8742 4680/5635/8742
f 4688/5636/8743 4689/5637/8743 4687/5632/8743
f 4690/5638/8744 4675/5639/8744 4689/5637/8744
f 4681/5640/8745 4685/5641/8745 4689/5642/8745
f 4676/5620/8736 4678/5623/8736 4677/5621/8736
f 4678/5623/8737 4680/5625/8737 4679/5624/8737
f 4680/5625/8738 4682/5627/8738 4681/5626/8738
f 4682/5627/8739 4684/5629/8739 4683/5628/8739
f 4684/5629/8740 4686/5631/8740 4685/5630/8740
f 4686/5631/8741 4688/5636/8741 4687/5632/8741
f 4680/5635/8742 4678/5643/8742 4676/5644/8742
f 4676/5644/8742 4690/5645/8742 4688/5633/8742
f 4688/5633/8742 4686/5646/8742 4684/5634/8742
f 4684/5634/8742 4682/5647/8742 4680/5635/8742
f 4680/5635/8742 4676/5644/8742 4688/5633/8742
f 4688/5636/8743 4690/5638/8743 4689/5637/8743
f 4690/5638/8744 4676/5648/8744 4675/5639/8744
f 4689/5642/8745 4675/5649/8745 4677/5650/8745
f 4677/5650/8745 4679/5651/8745 4681/5640/8745
f 4681/5640/8745 4683/5652/8745 4685/5641/8745
f 4685/5641/8745 4687/5653/8745 4689/5642/8745
f 4689/5642/8745 4677/5650/8745 4681/5640/8745
o Cab_TopBolt_0.1
v 0.106091 1.191000 0.231302
v 0.106091 1.203000 0.231302
v 0.110378 1.191000 0.232948
v 0.110378 1.203000 0.232948
v 0.112246 1.191000 0.237143
v 0.112246 1.203000 0.237143
v 0.110600 1.191000 0.241430
v 0.110600 1.203000 0.241430
v 0.106405 1.191000 0.243298
v 0.106405 1.203000 0.243298
v 0.102118 1.191000 0.241652
v 0.102118 1.203000 0.241652
v 0.100250 1.191000 0.237457
v 0.100250 1.203000 0.237457
v 0.101896 1.191000 0.233170
v 0.101896 1.203000 0.233170
vn 0.3584 -0.0000 -0.9336
vn 0.9135 -0.0000 -0.4067
vn 0.9336 -0.0000 0.3584
vn 0.4067 -0.0000 0.9135
vn -0.3584 -0.0000 0.9336
vn -0.9135 -0.0000 0.4067
vn -0.0000 1.0000 -0.0000
vn -0.9336 -0.0000 -0.3584
vn -0.4067 -0.0000 -0.9135
vn -0.0000 -1.0000 -0.0000
vt 1.000000 1.000000
vt 0.875000 0.500000
vt 1.000000 0.500000
vt 0.875000 1.000000
vt 0.750000 0.500000
vt 0.750000 1.000000
vt 0.625000 0.500000
vt 0.625000 1.000000
vt 0.500000 0.500000
vt 0.500000 1.000000
vt 0.375000 0.500000
vt 0.375000 1.000000
vt 0.250000 0.500000
vt 0.010000 0.250000
vt 0.250000 0.010000
vt 0.490000 0.250000
vt 0.250000 1.000000
vt 0.125000 0.500000
vt 0.125000 1.000000
vt 0.000000 0.500000
vt 0.919706 0.080294
vt 0.580294 0.080294
vt 0.580294 0.419706
vt 0.419706 0.419706
vt 0.250000 0.490000
vt 0.080294 0.419706
vt 0.080294 0.080294
vt 0.419706 0.080294
vt 0.000000 1.000000
vt 0.750000 0.490000
vt 0.919706 0.419706
vt 0.990000 0.250000
vt 0.750000 0.010000
vt 0.510000 0.250000
s 0
usemtl HM_Bolt
f 4692/5654/8746 4693/5655/8746 4691/5656/8746
f 4694/5657/8747 4695/5658/8747 4693/5655/8747
f 4696/5659/8748 4697/5660/8748 4695/5658/8748
f 4698/5661/8749 4699/5662/8749 4697/5660/8749
f 4700/5663/8750 4701/5664/8750 4699/5662/8750
f 4702/5665/8751 4703/5666/8751 4701/5664/8751
f 4704/5667/8752 4700/5668/8752 4696/5669/8752
f 4704/5670/8753 4705/5671/8753 4703/5666/8753
f 4706/5672/8754 4691/5673/8754 4705/5671/8754
f 4697/5674/8755 4701/5675/8755 4705/5676/8755
f 4692/5654/8746 4694/5657/8746 4693/5655/8746
f 4694/5657/8747 4696/5659/8747 4695/5658/8747
f 4696/5659/8748 4698/5661/8748 4697/5660/8748
f 4698/5661/8749 4700/5663/8749 4699/5662/8749
f 4700/5663/8750 4702/5665/8750 4701/5664/8750
f 4702/5665/8751 4704/5670/8751 4703/5666/8751
f 4696/5669/8752 4694/5677/8752 4692/5678/8752
f 4692/5678/8752 4706/5679/8752 4704/5667/8752
f 4704/5667/8752 4702/5680/8752 4700/5668/8752
f 4700/5668/8752 4698/5681/8752 4696/5669/8752
f 4696/5669/8752 4692/5678/8752 4704/5667/8752
f 4704/5670/8753 4706/5672/8753 4705/5671/8753
f 4706/5672/8754 4692/5682/8754 4691/5673/8754
f 4705/5676/8755 4691/5683/8755 4693/5684/8755
f 4693/5684/8755 4695/5685/8755 4697/5674/8755
f 4697/5674/8755 4699/5686/8755 4701/5675/8755
f 4701/5675/8755 4703/5687/8755 4705/5676/8755
f 4705/5676/8755 4693/5684/8755 4697/5674/8755
o Cab_TopBolt_0.35
v 0.356005 1.191000 0.224758
v 0.356005 1.203000 0.224758
v 0.360293 1.191000 0.226404
v 0.360293 1.203000 0.226404
v 0.362161 1.191000 0.230599
v 0.362161 1.203000 0.230599
v 0.360515 1.191000 0.234886
v 0.360515 1.203000 0.234886
v 0.356320 1.191000 0.236754
v 0.356320 1.203000 0.236754
v 0.352032 1.191000 0.235108
v 0.352032 1.203000 0.235108
v 0.350165 1.191000 0.230913
v 0.350165 1.203000 0.230913
v 0.351810 1.191000 0.226626
v 0.351810 1.203000 0.226626
vn 0.3584 -0.0000 -0.9336
vn 0.9135 -0.0000 -0.4067
vn 0.9336 -0.0000 0.3584
vn 0.4067 -0.0000 0.9135
vn -0.3584 -0.0000 0.9336
vn -0.9135 -0.0000 0.4067
vn -0.0000 1.0000 -0.0000
vn -0.9336 -0.0000 -0.3584
vn -0.4067 -0.0000 -0.9135
vn -0.0000 -1.0000 -0.0000
vt 1.000000 1.000000
vt 0.875000 0.500000
vt 1.000000 0.500000
vt 0.875000 1.000000
vt 0.750000 0.500000
vt 0.750000 1.000000
vt 0.625000 0.500000
vt 0.625000 1.000000
vt 0.500000 0.500000
vt 0.500000 1.000000
vt 0.375000 0.500000
vt 0.375000 1.000000
vt 0.250000 0.500000
vt 0.010000 0.250000
vt 0.250000 0.010000
vt 0.490000 0.250000
vt 0.250000 1.000000
vt 0.125000 0.500000
vt 0.125000 1.000000
vt 0.000000 0.500000
vt 0.919706 0.080294
vt 0.580294 0.080294
vt 0.580294 0.419706
vt 0.419706 0.419706
vt 0.250000 0.490000
vt 0.080294 0.419706
vt 0.080294 0.080294
vt 0.419706 0.080294
vt 0.000000 1.000000
vt 0.750000 0.490000
vt 0.919706 0.419706
vt 0.990000 0.250000
vt 0.750000 0.010000
vt 0.510000 0.250000
s 0
usemtl HM_Bolt
f 4708/5688/8756 4709/5689/8756 4707/5690/8756
f 4710/5691/8757 4711/5692/8757 4709/5689/8757
f 4712/5693/8758 4713/5694/8758 4711/5692/8758
f 4714/5695/8759 4715/5696/8759 4713/5694/8759
f 4716/5697/8760 4717/5698/8760 4715/5696/8760
f 4718/5699/8761 4719/5700/8761 4717/5698/8761
f 4720/5701/8762 4716/5702/8762 4712/5703/8762
f 4720/5704/8763 4721/5705/8763 4719/5700/8763
f 4722/5706/8764 4707/5707/8764 4721/5705/8764
f 4713/5708/8765 4717/5709/8765 4721/5710/8765
f 4708/5688/8756 4710/5691/8756 4709/5689/8756
f 4710/5691/8757 4712/5693/8757 4711/5692/8757
f 4712/5693/8758 4714/5695/8758 4713/5694/8758
f 4714/5695/8759 4716/5697/8759 4715/5696/8759
f 4716/5697/8760 4718/5699/8760 4717/5698/8760
f 4718/5699/8761 4720/5704/8761 4719/5700/8761
f 4712/5703/8762 4710/5711/8762 4708/5712/8762
f 4708/5712/8762 4722/5713/8762 4720/5701/8762
f 4720/5701/8762 4718/5714/8762 4716/5702/8762
f 4716/5702/8762 4714/5715/8762 4712/5703/8762
f 4712/5703/8762 4708/5712/8762 4720/5701/8762
f 4720/5704/8763 4722/5706/8763 4721/5705/8763
f 4722/5706/8764 4708/5716/8764 4707/5707/8764
f 4721/5710/8765 4707/5717/8765 4709/5718/8765
f 4709/5718/8765 4711/5719/8765 4713/5708/8765
f 4713/5708/8765 4715/5720/8765 4717/5709/8765
f 4717/5709/8765 4719/5721/8765 4721/5710/8765
f 4721/5710/8765 4709/5718/8765 4713/5708/8765
o Cab_Scuff
v 0.231467 0.337000 0.244025
v 0.231467 0.457000 0.244025
v 0.230944 0.337000 0.224031
v 0.230944 0.457000 0.224031
v 0.481381 0.337000 0.237480
v 0.481381 0.457000 0.237480
v 0.480858 0.337000 0.217487
v 0.480858 0.457000 0.217487
vn -0.9997 -0.0000 0.0262
vn -0.0262 -0.0000 -0.9997
vn 0.9997 -0.0000 -0.0262
vn 0.0262 -0.0000 0.9997
vn -0.0000 -1.0000 -0.0000
vn -0.0000 1.0000 -0.0000
vt 0.625000 0.000000
vt 0.375000 0.250000
vt 0.375000 0.000000
vt 0.625000 0.250000
vt 0.375000 0.500000
vt 0.625000 0.500000
vt 0.375000 0.750000
vt 0.625000 0.750000
vt 0.375000 1.000000
vt 0.125000 0.750000
vt 0.125000 0.500000
vt 0.875000 0.500000
vt 0.625000 1.000000
vt 0.875000 0.750000
s 0
usemtl HM_Scuff
f 4724/5722/8766 4725/5723/8766 4723/5724/8766
f 4726/5725/8767 4729/5726/8767 4725/5723/8767
f 4730/5727/8768 4727/5728/8768 4729/5726/8768
f 4728/5729/8769 4723/5730/8769 4727/5728/8769
f 4729/5726/8770 4723/5731/8770 4725/5732/8770
f 4726/5733/8771 4728/5729/8771 4730/5727/8771
f 4724/5722/8766 4726/5725/8766 4725/5723/8766
f 4726/5725/8767 4730/5727/8767 4729/5726/8767
f 4730/5727/8768 4728/5729/8768 4727/5728/8768
f 4728/5729/8769 4724/5734/8769 4723/5730/8769
f 4729/5726/8770 4727/5728/8770 4723/5731/8770
f 4726/5733/8771 4724/5735/8771 4728/5729/8771
o hm_prop_utility_cabinet_v2_Shadow
v -0.566524 -0.007000 0.331193
v -0.566524 -0.003000 0.331193
v -0.583081 -0.007000 -0.301090
v -0.583081 -0.003000 -0.301090
v 0.583081 -0.007000 0.301090
v 0.583081 -0.003000 0.301090
v 0.566524 -0.007000 -0.331193
v 0.566524 -0.003000 -0.331193
vn -0.9997 -0.0000 0.0262
vn -0.0262 -0.0000 -0.9997
vn 0.9997 -0.0000 -0.0262
vn 0.0262 -0.0000 0.9997
vn -0.0000 -1.0000 -0.0000
vn -0.0000 1.0000 -0.0000
vt 0.625000 0.000000
vt 0.375000 0.250000
vt 0.375000 0.000000
vt 0.625000 0.250000
vt 0.375000 0.500000
vt 0.625000 0.500000
vt 0.375000 0.750000
vt 0.625000 0.750000
vt 0.375000 1.000000
vt 0.125000 0.750000
vt 0.125000 0.500000
vt 0.875000 0.500000
vt 0.625000 1.000000
vt 0.875000 0.750000
s 0
usemtl HM_ShadowCard
f 4732/5736/8772 4733/5737/8772 4731/5738/8772
f 4734/5739/8773 4737/5740/8773 4733/5737/8773
f 4738/5741/8774 4735/5742/8774 4737/5740/8774
f 4736/5743/8775 4731/5744/8775 4735/5742/8775
f 4737/5740/8776 4731/5745/8776 4733/5746/8776
f 4734/5747/8777 4736/5743/8777 4738/5741/8777
f 4732/5736/8772 4734/5739/8772 4733/5737/8772
f 4734/5739/8773 4738/5741/8773 4737/5740/8773
f 4738/5741/8774 4736/5743/8774 4735/5742/8774
f 4736/5743/8775 4732/5748/8775 4731/5744/8775
f 4737/5740/8776 4735/5742/8776 4731/5745/8776
f 4734/5747/8777 4732/5749/8777 4736/5743/8777
o hm_prop_utility_cabinet_v2_Dirt
v -0.517262 -0.006000 0.302394
v -0.517262 0.000000 0.302394
v -0.532379 -0.006000 -0.274908
v -0.532379 0.000000 -0.274908
v 0.532379 -0.006000 0.274908
v 0.532379 0.000000 0.274908
v 0.517262 -0.006000 -0.302394
v 0.517262 0.000000 -0.302394
vn -0.9997 -0.0000 0.0262
vn -0.0262 -0.0000 -0.9997
vn 0.9997 -0.0000 -0.0262
vn 0.0262 -0.0000 0.9997
vn -0.0000 -1.0000 -0.0000
vn -0.0000 1.0000 -0.0000
vt 0.625000 0.000000
vt 0.375000 0.250000
vt 0.375000 0.000000
vt 0.625000 0.250000
vt 0.375000 0.500000
vt 0.625000 0.500000
vt 0.375000 0.750000
vt 0.625000 0.750000
vt 0.375000 1.000000
vt 0.125000 0.750000
vt 0.125000 0.500000
vt 0.875000 0.500000
vt 0.625000 1.000000
vt 0.875000 0.750000
s 0
usemtl HM_DirtHalo
f 4740/5750/8778 4741/5751/8778 4739/5752/8778
f 4742/5753/8779 4745/5754/8779 4741/5751/8779
f 4746/5755/8780 4743/5756/8780 4745/5754/8780
f 4744/5757/8781 4739/5758/8781 4743/5756/8781
f 4745/5754/8782 4739/5759/8782 4741/5760/8782
f 4742/5761/8783 4744/5757/8783 4746/5755/8783
f 4740/5750/8778 4742/5753/8778 4741/5751/8778
f 4742/5753/8779 4746/5755/8779 4745/5754/8779
f 4746/5755/8780 4744/5757/8780 4743/5756/8780
f 4744/5757/8781 4740/5762/8781 4739/5758/8781
f 4745/5754/8782 4743/5756/8782 4739/5759/8782
f 4742/5761/8783 4740/5763/8783 4744/5757/8783
o hm_prop_utility_cabinet_v2_SaltRing
v -0.551746 -0.006000 0.322554
v -0.551746 -0.002000 0.322554
v -0.567871 -0.006000 -0.293235
v -0.567871 -0.002000 -0.293235
v 0.567871 -0.006000 0.293235
v 0.567871 -0.002000 0.293235
v 0.551746 -0.006000 -0.322554
v 0.551746 -0.002000 -0.322554
vn -0.9997 -0.0000 0.0262
vn -0.0262 -0.0000 -0.9997
vn 0.9997 -0.0000 -0.0262
vn 0.0262 -0.0000 0.9997
vn -0.0000 -1.0000 -0.0000
vn -0.0000 1.0000 -0.0000
vt 0.625000 0.000000
vt 0.375000 0.250000
vt 0.375000 0.000000
vt 0.625000 0.250000
vt 0.375000 0.500000
vt 0.625000 0.500000
vt 0.375000 0.750000
vt 0.625000 0.750000
vt 0.375000 1.000000
vt 0.125000 0.750000
vt 0.125000 0.500000
vt 0.875000 0.500000
vt 0.625000 1.000000
vt 0.875000 0.750000
s 0
usemtl HM_Salt
f 4748/5764/8784 4749/5765/8784 4747/5766/8784
f 4750/5767/8785 4753/5768/8785 4749/5765/8785
f 4754/5769/8786 4751/5770/8786 4753/5768/8786
f 4752/5771/8787 4747/5772/8787 4751/5770/8787
f 4753/5768/8788 4747/5773/8788 4749/5774/8788
f 4750/5775/8789 4752/5771/8789 4754/5769/8789
f 4748/5764/8784 4750/5767/8784 4749/5765/8784
f 4750/5767/8785 4754/5769/8785 4753/5768/8785
f 4754/5769/8786 4752/5771/8786 4751/5770/8786
f 4752/5771/8787 4748/5776/8787 4747/5772/8787
f 4753/5768/8788 4751/5770/8788 4747/5773/8788
f 4750/5775/8789 4748/5777/8789 4752/5771/8789
o hm_prop_utility_cabinet_v2_Scuff_0
v 0.231546 -0.003500 0.247023
v 0.231546 -0.000500 0.247023
v 0.229818 -0.003500 0.181046
v 0.229818 -0.000500 0.181046
v 0.481460 -0.003500 0.240479
v 0.481460 -0.000500 0.240479
v 0.479732 -0.003500 0.174502
v 0.479732 -0.000500 0.174502
vn -0.9997 -0.0000 0.0262
vn -0.0262 -0.0000 -0.9997
vn 0.9997 -0.0000 -0.0262
vn 0.0262 -0.0000 0.9997
vn -0.0000 -1.0000 -0.0000
vn -0.0000 1.0000 -0.0000
vt 0.625000 0.000000
vt 0.375000 0.250000
vt 0.375000 0.000000
vt 0.625000 0.250000
vt 0.375000 0.500000
vt 0.625000 0.500000
vt 0.375000 0.750000
vt 0.625000 0.750000
vt 0.375000 1.000000
vt 0.125000 0.750000
vt 0.125000 0.500000
vt 0.875000 0.500000
vt 0.625000 1.000000
vt 0.875000 0.750000
s 0
usemtl HM_Scuff
f 4756/5778/8790 4757/5779/8790 4755/5780/8790
f 4758/5781/8791 4761/5782/8791 4757/5779/8791
f 4762/5783/8792 4759/5784/8792 4761/5782/8792
f 4760/5785/8793 4755/5786/8793 4759/5784/8793
f 4761/5782/8794 4755/5787/8794 4757/5788/8794
f 4758/5789/8795 4760/5785/8795 4762/5783/8795
f 4756/5778/8790 4758/5781/8790 4757/5779/8790
f 4758/5781/8791 4762/5783/8791 4761/5782/8791
f 4762/5783/8792 4760/5785/8792 4759/5784/8792
f 4760/5785/8793 4756/5790/8793 4755/5786/8793
f 4761/5782/8794 4759/5784/8794 4755/5787/8794
f 4758/5789/8795 4756/5791/8795 4760/5785/8795
o hm_prop_utility_cabinet_v2_Scuff_1
v -0.404182 -0.003500 -0.154473
v -0.404182 -0.000500 -0.154473
v -0.405622 -0.003500 -0.209454
v -0.405622 -0.000500 -0.209454
v -0.204251 -0.003500 -0.159708
v -0.204251 -0.000500 -0.159708
v -0.205690 -0.003500 -0.214689
v -0.205690 -0.000500 -0.214689
vn -0.9997 -0.0000 0.0262
vn -0.0262 -0.0000 -0.9997
vn 0.9997 -0.0000 -0.0262
vn 0.0262 -0.0000 0.9997
vn -0.0000 -1.0000 -0.0000
vn -0.0000 1.0000 -0.0000
vt 0.625000 0.000000
vt 0.375000 0.250000
vt 0.375000 0.000000
vt 0.625000 0.250000
vt 0.375000 0.500000
vt 0.625000 0.500000
vt 0.375000 0.750000
vt 0.625000 0.750000
vt 0.375000 1.000000
vt 0.125000 0.750000
vt 0.125000 0.500000
vt 0.875000 0.500000
vt 0.625000 1.000000
vt 0.875000 0.750000
s 0
usemtl HM_Scuff
f 4764/5792/8796 4765/5793/8796 4763/5794/8796
f 4766/5795/8797 4769/5796/8797 4765/5793/8797
f 4770/5797/8798 4767/5798/8798 4769/5796/8798
f 4768/5799/8799 4763/5800/8799 4767/5798/8799
f 4769/5796/8800 4763/5801/8800 4765/5802/8800
f 4766/5803/8801 4768/5799/8801 4770/5797/8801
f 4764/5792/8796 4766/5795/8796 4765/5793/8796
f 4766/5795/8797 4770/5797/8797 4769/5796/8797
f 4770/5797/8798 4768/5799/8798 4767/5798/8798
f 4768/5799/8799 4764/5804/8799 4763/5800/8799
f 4769/5796/8800 4767/5798/8800 4763/5801/8800
f 4766/5803/8801 4764/5805/8801 4768/5799/8801
o hm_prop_utility_cabinet_v2_Scuff_2
v -0.167453 -0.003500 0.290483
v -0.167453 -0.000500 0.290483
v -0.168605 -0.003500 0.246498
v -0.168605 -0.000500 0.246498
v 0.182427 -0.003500 0.281321
v 0.182427 -0.000500 0.281321
v 0.181275 -0.003500 0.237336
v 0.181275 -0.000500 0.237336
vn -0.9997 -0.0000 0.0262
vn -0.0262 -0.0000 -0.9997
vn 0.9997 -0.0000 -0.0262
vn 0.0262 -0.0000 0.9997
vn -0.0000 -1.0000 -0.0000
vn -0.0000 1.0000 -0.0000
vt 0.625000 0.000000
vt 0.375000 0.250000
vt 0.375000 0.000000
vt 0.625000 0.250000
vt 0.375000 0.500000
vt 0.625000 0.500000
vt 0.375000 0.750000
vt 0.625000 0.750000
vt 0.375000 1.000000
vt 0.125000 0.750000
vt 0.125000 0.500000
vt 0.875000 0.500000
vt 0.625000 1.000000
vt 0.875000 0.750000
s 0
usemtl HM_Scuff
f 4772/5806/8802 4773/5807/8802 4771/5808/8802
f 4774/5809/8803 4777/5810/8803 4773/5807/8803
f 4778/5811/8804 4775/5812/8804 4777/5810/8804
f 4776/5813/8805 4771/5814/8805 4775/5812/8805
f 4777/5810/8806 4771/5815/8806 4773/5816/8806
f 4774/5817/8807 4776/5813/8807 4778/5811/8807
f 4772/5806/8802 4774/5809/8802 4773/5807/8802
f 4774/5809/8803 4778/5811/8803 4777/5810/8803
f 4778/5811/8804 4776/5813/8804 4775/5812/8804
f 4776/5813/8805 4772/5818/8805 4771/5814/8805
f 4777/5810/8806 4775/5812/8806 4771/5815/8806
f 4774/5817/8807 4772/5819/8807 4776/5813/8807
